animal_id,record_date,daily_feed_g,daily_weight_g,age_day,visits_n,visits_n_valid,total_duration_sec,location,n_outlier_wt,n_outlier_feed,has_feed_out_of_range_today,is_imputed_wt,is_imputed_feed
ID002,2025-12-02,3390,,74,7,7,6756,Location001,7,0,FALSE,TRUE,FALSE
ID002,2025-12-04,3099.5,,76,8,0,0,Location001,8,8,TRUE,TRUE,TRUE
ID002,2025-12-06,2809,30681,78,14,14,6870,Location001,5,0,FALSE,FALSE,FALSE
ID002,2025-12-07,1622,30791.3333333333,79,19,19,7099,Location001,19,0,FALSE,TRUE,FALSE
ID002,2025-12-08,1930,30901.6666666667,80,22,22,11580,Location001,22,0,FALSE,TRUE,FALSE
ID002,2025-12-09,2878,31012,81,39,39,12491,Location001,0,0,FALSE,FALSE,FALSE
ID002,2025-12-12,1405,33953,84,25,25,9029,Location001,0,0,FALSE,FALSE,FALSE
ID002,2025-12-15,1242,35006,87,21,21,8422,Location001,0,0,FALSE,FALSE,FALSE
ID002,2025-12-16,745,36342,88,20,0,0,Location001,0,20,FALSE,FALSE,FALSE
ID002,2025-12-18,1375,38520,90,29,29,8481,Location001,0,0,FALSE,FALSE,FALSE
ID002,2025-12-19,2196,38950.5,91,34,34,9920,Location001,0,0,FALSE,FALSE,FALSE
ID002,2025-12-20,1572,41007,92,31,31,8816,Location001,0,0,FALSE,FALSE,FALSE
ID002,2025-12-21,1777,41592.5,93,22,22,8789,Location001,0,0,FALSE,FALSE,FALSE
ID002,2025-12-22,1590,42719,94,16,16,8055,Location001,0,0,FALSE,FALSE,FALSE
ID002,2025-12-23,1784,43390,95,16,16,7466,Location001,0,0,FALSE,FALSE,FALSE
ID002,2025-12-24,2040,44098,96,12,12,8342,Location001,0,0,FALSE,FALSE,FALSE
ID002,2025-12-25,1966,43932,97,10,10,7122,Location001,0,0,FALSE,FALSE,FALSE
ID002,2025-12-26,1791,45540,98,14,14,6211,Location001,0,0,FALSE,FALSE,FALSE
ID002,2025-12-27,2224,47637,99,15,15,7503,Location001,0,0,FALSE,FALSE,FALSE
ID002,2025-12-28,2680,48243,100,14,14,8203,Location001,0,0,FALSE,FALSE,FALSE
ID002,2025-12-29,1355,49341,101,11,11,4699,Location001,0,0,FALSE,FALSE,FALSE
ID002,2025-12-30,2325,48771,102,13,13,5881,Location001,0,0,FALSE,FALSE,FALSE
ID002,2025-12-31,2621,51039,103,13,13,8677,Location001,0,0,FALSE,FALSE,FALSE
ID002,2026-01-01,2388,52640.5,104,12,12,8342,Location001,0,0,FALSE,FALSE,FALSE
ID002,2026-01-02,2406,53916,105,14,14,8158,Location001,0,0,FALSE,FALSE,FALSE
ID002,2026-01-03,2618,55158,106,19,19,9196,Location001,0,0,FALSE,FALSE,FALSE
ID002,2026-01-04,1980,55521,107,20,20,7347,Location001,0,0,FALSE,FALSE,FALSE
ID002,2026-01-05,2322,57914,108,21,21,10329,Location001,0,0,FALSE,FALSE,FALSE
ID002,2026-01-06,3012,58576,109,38,38,11802,Location001,0,0,FALSE,FALSE,FALSE
ID002,2026-01-07,2866,60564,110,32,32,11317,Location001,0,0,FALSE,FALSE,FALSE
ID002,2026-01-08,2278,60281,111,15,15,6762,Location001,0,0,FALSE,FALSE,FALSE
ID002,2026-01-09,2024,62048,112,11,11,6279,Location001,0,0,FALSE,FALSE,FALSE
ID002,2026-01-10,2494,63081,113,20,20,7086,Location001,0,0,FALSE,FALSE,FALSE
ID002,2026-01-11,3401,64166,114,18,18,10668,Location001,0,0,FALSE,FALSE,FALSE
ID002,2026-01-12,639,66233,115,4,0,0,Location001,0,4,FALSE,FALSE,FALSE
ID002,2026-01-13,2324,66049,116,17,17,7405,Location001,0,0,FALSE,FALSE,FALSE
ID002,2026-01-14,2597.5,67632,117,16,0,0,Location001,0,16,FALSE,FALSE,TRUE
ID002,2026-01-15,2871,68648,118,15,15,7835,Location001,0,0,FALSE,FALSE,FALSE
ID002,2026-01-16,2688,70371,119,15,15,8494,Location001,0,0,FALSE,FALSE,FALSE
ID002,2026-01-17,3500,71486,120,19,19,7023,Location001,0,0,FALSE,FALSE,FALSE
ID002,2026-01-18,1821,72152,121,14,14,4893,Location001,0,0,FALSE,FALSE,FALSE
ID002,2026-01-19,2287,71974,122,15,15,6617,Location001,0,0,FALSE,FALSE,FALSE
ID002,2026-01-20,2018,72138,123,10,10,8296,Location001,0,0,FALSE,FALSE,FALSE
ID002,2026-01-21,2926,75339,124,13,13,8227,Location001,0,0,FALSE,FALSE,FALSE
ID002,2026-01-22,2412,74369,125,11,11,6348,Location001,0,0,FALSE,FALSE,FALSE
ID002,2026-01-23,3314,75614,126,21,21,9678,Location001,0,0,FALSE,FALSE,FALSE
ID002,2026-01-24,3173,77891,127,14,14,6877,Location001,0,0,FALSE,FALSE,FALSE
ID002,2026-01-25,3468,77633,128,17,17,9734,Location001,0,0,FALSE,FALSE,FALSE
ID002,2026-01-26,2485,80683.5,129,14,14,7330,Location001,0,0,FALSE,FALSE,FALSE
ID002,2026-01-27,1771,80080,130,7,7,6325,Location001,0,0,FALSE,FALSE,FALSE
ID002,2026-01-28,3293,80683,131,17,17,9198,Location001,0,0,FALSE,FALSE,FALSE
ID002,2026-01-29,4080,82309.5,132,16,16,7988,Location001,0,0,FALSE,FALSE,FALSE
ID002,2026-01-30,2064,84645.5,133,8,8,4975,Location001,0,0,FALSE,FALSE,FALSE
ID002,2026-01-31,2178,84124,134,14,14,6552,Location001,0,0,FALSE,FALSE,FALSE
ID002,2026-02-01,2756,85108,135,9,9,8464,Location001,0,0,FALSE,FALSE,FALSE
ID002,2026-02-02,2112,86254,136,10,10,6573,Location001,0,0,FALSE,FALSE,FALSE
ID002,2026-02-03,3052,87352,137,16,16,8949,Location001,0,0,FALSE,FALSE,FALSE
ID002,2026-02-04,2511,87546,138,10,10,7057,Location001,0,0,FALSE,FALSE,FALSE
ID002,2026-02-05,3191,91052.5,139,18,18,10142,Location001,0,0,FALSE,FALSE,FALSE
ID002,2026-02-06,2234,91463,140,9,9,7346,Location001,0,0,FALSE,FALSE,FALSE
ID002,2026-02-07,2753,93589,141,10,10,7117,Location001,0,0,FALSE,FALSE,FALSE
ID002,2026-02-08,4021,93699,142,15,15,10176,Location001,0,0,FALSE,FALSE,FALSE
ID002,2026-02-09,3001,93806,143,11,11,5939,Location001,0,0,FALSE,FALSE,FALSE
ID002,2026-02-10,2498,95533,144,10,10,6504,Location001,0,0,FALSE,FALSE,FALSE
ID002,2026-02-11,4597,95570,145,20,20,9293,Location001,0,0,FALSE,FALSE,FALSE
ID002,2026-02-12,2850,98333,146,11,11,7725,Location001,0,0,FALSE,FALSE,FALSE
ID002,2026-02-13,2681,98532,147,13,13,7516,Location001,0,0,FALSE,FALSE,FALSE
ID002,2026-02-14,2665,100598,148,14,14,8392,Location001,0,0,FALSE,FALSE,FALSE
ID002,2026-02-15,2081,100703,149,8,8,6730,Location001,0,0,FALSE,FALSE,FALSE
ID002,2026-02-16,1776,99405.5,150,8,8,5034,Location001,0,0,FALSE,FALSE,FALSE
ID002,2026-02-17,3045,101261,151,16,16,7668,Location001,0,0,FALSE,FALSE,FALSE
ID002,2026-02-18,3504,104315,152,18,18,7473,Location001,0,0,FALSE,FALSE,FALSE
ID002,2026-02-19,3026,104638,153,15,15,8572,Location001,0,0,FALSE,FALSE,FALSE
ID002,2026-02-20,3693,105884,154,16,16,7343,Location001,0,0,FALSE,FALSE,FALSE
ID002,2026-02-21,4420,107226,155,18,18,8519,Location001,0,0,FALSE,FALSE,FALSE
ID002,2026-02-22,2334,108185,156,10,10,4993,Location001,0,0,FALSE,FALSE,FALSE
ID002,2026-02-23,3406,108563,157,16,16,5875,Location001,0,0,FALSE,FALSE,FALSE
ID002,2026-02-24,2631,110608,158,13,13,6371,Location001,0,0,FALSE,FALSE,FALSE
ID002,2026-02-25,2633,111405,159,12,12,5154,Location001,0,0,FALSE,FALSE,FALSE
ID002,2026-02-26,2296,111216,160,9,9,3854,Location001,0,0,FALSE,FALSE,FALSE
ID002,2026-02-27,3957,112004,161,12,12,6328,Location001,0,0,FALSE,FALSE,FALSE
ID002,2026-02-28,3394,113132,162,13,13,5600,Location001,0,0,FALSE,FALSE,FALSE
ID002,2026-03-01,2991,117501,163,12,12,5726,Location001,0,0,FALSE,FALSE,FALSE
ID002,2026-03-02,2673,113006.5,164,10,10,5853,Location001,0,0,FALSE,FALSE,FALSE
ID002,2026-03-03,4010,117401,165,15,15,7216,Location001,0,0,FALSE,FALSE,FALSE
ID002,2026-03-04,3055,117914,166,12,12,5487,Location001,0,0,FALSE,FALSE,FALSE
ID002,2026-03-05,2943,118290,167,12,12,6108,Location001,0,0,FALSE,FALSE,FALSE
ID002,2026-03-06,2534,118235,168,13,13,6361,Location001,0,0,FALSE,FALSE,FALSE
ID002,2026-03-07,3134,118247,169,15,15,5332,Location001,0,0,FALSE,FALSE,FALSE
ID002,2026-03-08,2902,114501,170,13,13,5258,Location001,0,0,FALSE,FALSE,FALSE
ID002,2026-03-09,2463,117734,171,11,11,3493,Location001,0,0,FALSE,FALSE,FALSE
ID002,2026-03-10,3619,117467,172,15,15,8186,Location001,0,0,FALSE,FALSE,FALSE
ID002,2026-03-11,3008,120411,173,10,10,6172,Location001,0,0,FALSE,FALSE,FALSE
ID002,2026-03-12,1900,120005,174,8,8,4556,Location001,0,0,FALSE,FALSE,FALSE
ID002,2026-03-13,2498,120495,175,12,12,5942,Location001,0,0,FALSE,FALSE,FALSE
ID002,2026-03-14,1466,122160,176,7,7,4219,Location001,0,0,FALSE,FALSE,FALSE
ID002,2026-03-15,1246,117508,177,6,6,3059,Location001,0,0,FALSE,FALSE,FALSE
ID002,2026-03-16,2224,117665.5,178,8,8,3610,Location001,0,0,FALSE,FALSE,FALSE
ID002,2026-03-17,2020,119073,179,12,12,5160,Location001,0,0,FALSE,FALSE,FALSE
ID002,2026-03-18,2710,120460,180,10,10,5585,Location001,0,0,FALSE,FALSE,FALSE
ID002,2026-03-19,3579,122629.5,181,10,10,5427,Location001,0,0,FALSE,FALSE,FALSE
ID002,2026-03-20,3420,125853,182,14,14,6581,Location001,0,0,FALSE,FALSE,FALSE
ID002,2026-03-21,1861,124472,183,9,9,4489,Location001,0,0,FALSE,FALSE,FALSE
ID002,2026-03-22,3502,125902,184,10,10,5791,Location001,0,0,FALSE,FALSE,FALSE
ID002,2026-03-23,3352,125951,185,13,13,6536,Location001,0,0,FALSE,FALSE,FALSE
ID002,2026-03-24,1606,125902,186,6,6,2960,Location001,0,0,FALSE,FALSE,FALSE
ID002,2026-03-25,1105,124425,187,7,0,0,Location001,0,7,FALSE,FALSE,FALSE
ID002,2026-03-26,3329,125998,188,14,14,7390,Location001,0,0,FALSE,FALSE,FALSE
ID002,2026-03-27,2442,127167,189,12,12,5017,Location001,0,0,FALSE,FALSE,FALSE
ID002,2026-03-28,1158,130203,190,5,5,2404,Location001,0,0,FALSE,FALSE,FALSE
ID002,2026-03-29,1729,127167,191,8,8,4042,Location001,0,0,FALSE,FALSE,FALSE
ID003,2025-12-02,991,27722,73,26,0,0,Location002,0,26,FALSE,FALSE,FALSE
ID003,2025-12-06,995,30864,77,39,39,6524,Location002,0,0,FALSE,FALSE,FALSE
ID003,2025-12-07,1288,31421,78,40,40,8302,Location002,0,0,FALSE,FALSE,FALSE
ID003,2025-12-08,1509,30320,79,53,53,9120,Location002,0,0,FALSE,FALSE,FALSE
ID003,2025-12-09,1320,33515,80,44,44,8095,Location002,0,0,FALSE,FALSE,FALSE
ID003,2025-12-14,1661,38401,85,58,58,7086,Location002,0,0,FALSE,FALSE,FALSE
ID003,2025-12-16,1565,39700,87,85,85,7628,Location002,0,0,FALSE,FALSE,FALSE
ID003,2025-12-18,1712,41367,89,39,39,7761,Location002,0,0,FALSE,FALSE,FALSE
ID003,2025-12-19,2450,43528,90,51,51,9863,Location002,0,0,FALSE,FALSE,FALSE
ID003,2025-12-20,2498,44560,91,50,50,8886,Location002,0,0,FALSE,FALSE,FALSE
ID003,2025-12-21,2275,46873,92,44,44,7761,Location002,0,0,FALSE,FALSE,FALSE
ID003,2025-12-22,2050,46651,93,51,51,7673,Location002,0,0,FALSE,FALSE,FALSE
ID003,2025-12-23,2753,47291,94,67,67,9748,Location002,0,0,FALSE,FALSE,FALSE
ID003,2025-12-24,2417,49130,95,54,54,8345,Location002,0,0,FALSE,FALSE,FALSE
ID003,2025-12-25,2329,50453,96,56,56,7885,Location002,0,0,FALSE,FALSE,FALSE
ID003,2025-12-26,2608,51191,97,53,53,8561,Location002,0,0,FALSE,FALSE,FALSE
ID003,2025-12-27,2269,51842,98,45,45,7754,Location002,0,0,FALSE,FALSE,FALSE
ID003,2025-12-28,2986,52766,99,55,55,9242,Location002,0,0,FALSE,FALSE,FALSE
ID003,2025-12-29,2613,53891,100,56,56,8080,Location002,0,0,FALSE,FALSE,FALSE
ID003,2025-12-30,3697,55472,101,54,54,8904,Location002,0,0,FALSE,FALSE,FALSE
ID003,2025-12-31,3130,57722,102,57,57,8638,Location002,0,0,FALSE,FALSE,FALSE
ID003,2026-01-01,3281,57623,103,53,53,7507,Location002,0,0,FALSE,FALSE,FALSE
ID003,2026-01-02,2651,58705,104,51,51,7438,Location002,0,0,FALSE,FALSE,FALSE
ID003,2026-01-03,2335,60008,105,36,36,7537,Location002,0,0,FALSE,FALSE,FALSE
ID003,2026-01-04,2845,59485,106,18,18,6985,Location002,0,0,FALSE,FALSE,FALSE
ID003,2026-01-05,3276,62069,107,28,28,10039,Location002,0,0,FALSE,FALSE,FALSE
ID003,2026-01-06,4467,64413.5,108,22,22,8201,Location002,0,0,FALSE,FALSE,FALSE
ID003,2026-01-07,4249,64351,109,46,46,11084,Location002,0,0,FALSE,FALSE,FALSE
ID003,2026-01-08,4795,66154,110,62,0,0,Location002,0,62,FALSE,FALSE,FALSE
ID003,2026-01-09,2456,66845,111,26,26,5991,Location002,0,0,FALSE,FALSE,FALSE
ID003,2026-01-10,2480,68314,112,44,44,5874,Location002,0,0,FALSE,FALSE,FALSE
ID003,2026-01-11,2837,68306,113,43,43,6564,Location002,0,0,FALSE,FALSE,FALSE
ID003,2026-01-12,3188,68587,114,28,28,7771,Location002,0,0,FALSE,FALSE,FALSE
ID003,2026-01-13,2892,69517,115,56,56,7293,Location002,0,0,FALSE,FALSE,FALSE
ID003,2026-01-14,2902,70304,116,30,30,6184,Location002,0,0,FALSE,FALSE,FALSE
ID003,2026-01-15,2489,70262,117,22,22,4478,Location002,0,0,FALSE,FALSE,FALSE
ID003,2026-01-16,1149,72884,118,19,0,0,Location002,0,19,FALSE,FALSE,FALSE
ID003,2026-01-17,3367,73538,119,31,31,5507,Location002,0,0,FALSE,FALSE,FALSE
ID003,2026-01-18,2369,74784,120,21,21,4423,Location002,0,0,FALSE,FALSE,FALSE
ID003,2026-01-19,3698,75157,121,29,29,4448,Location002,0,0,FALSE,FALSE,FALSE
ID003,2026-01-20,3895,75672,122,23,23,5643,Location002,0,0,FALSE,FALSE,FALSE
ID003,2026-01-21,3047,78677,123,29,29,4816,Location002,0,0,FALSE,FALSE,FALSE
ID003,2026-01-22,3983,79338,124,26,26,6046,Location002,0,0,FALSE,FALSE,FALSE
ID003,2026-01-23,3166,79477,125,30,30,4615,Location002,0,0,FALSE,FALSE,FALSE
ID003,2026-01-24,3190,79606,126,19,19,3905,Location002,0,0,FALSE,FALSE,FALSE
ID003,2026-01-25,2364,80595,127,23,23,4529,Location002,0,0,FALSE,FALSE,FALSE
ID003,2026-01-26,2533,83152,128,32,32,3912,Location002,0,0,FALSE,FALSE,FALSE
ID003,2026-01-27,2677,83638,129,25,25,3810,Location002,0,0,FALSE,FALSE,FALSE
ID003,2026-01-28,2569,84504,130,27,27,4662,Location002,0,0,FALSE,FALSE,FALSE
ID003,2026-01-29,3807,86297,131,35,35,6258,Location002,0,0,FALSE,FALSE,FALSE
ID003,2026-01-30,3145,87698,132,29,29,4435,Location002,0,0,FALSE,FALSE,FALSE
ID003,2026-01-31,2321,88322,133,20,20,4587,Location002,0,0,FALSE,FALSE,FALSE
ID003,2026-02-01,3213,89236,134,17,17,5257,Location002,0,0,FALSE,FALSE,FALSE
ID003,2026-02-02,2270,89753,135,16,16,3205,Location002,0,0,FALSE,FALSE,FALSE
ID003,2026-02-03,3300,91450,136,34,34,4616,Location002,0,0,FALSE,FALSE,FALSE
ID003,2026-02-04,1757,94210,137,21,21,2751,Location002,0,0,FALSE,FALSE,FALSE
ID003,2026-02-05,3499,94068,138,34,34,7109,Location002,0,0,FALSE,FALSE,FALSE
ID003,2026-02-06,3593,94533,139,19,19,4249,Location002,0,0,FALSE,FALSE,FALSE
ID003,2026-02-07,2459,93269,140,18,18,3778,Location002,0,0,FALSE,FALSE,FALSE
ID003,2026-02-08,3504,95957,141,20,20,4888,Location002,0,0,FALSE,FALSE,FALSE
ID003,2026-02-09,4107,95526,142,18,18,5662,Location002,0,0,FALSE,FALSE,FALSE
ID003,2026-02-10,3173,98662,143,20,20,5524,Location002,0,0,FALSE,FALSE,FALSE
ID003,2026-02-11,3776,100039,144,21,21,6247,Location002,0,0,FALSE,FALSE,FALSE
ID003,2026-02-12,4011,101007,145,26,26,6331,Location002,0,0,FALSE,FALSE,FALSE
ID003,2026-02-13,3157,102391,146,26,26,5822,Location002,0,0,FALSE,FALSE,FALSE
ID003,2026-02-14,3148,102675,147,18,18,5082,Location002,0,0,FALSE,FALSE,FALSE
ID003,2026-02-15,2998,105773,148,27,27,4733,Location002,0,0,FALSE,FALSE,FALSE
ID003,2026-02-16,4516,105209,149,27,27,5122,Location002,0,0,FALSE,FALSE,FALSE
ID003,2026-02-17,3333,107156,150,21,21,4055,Location002,0,0,FALSE,FALSE,FALSE
ID003,2026-02-18,4976,107490,151,40,0,0,Location002,0,40,FALSE,FALSE,FALSE
ID003,2026-02-19,3541,109309,152,28,28,4635,Location002,0,0,FALSE,FALSE,FALSE
ID003,2026-02-20,2892,111016,153,20,20,4233,Location002,0,0,FALSE,FALSE,FALSE
ID003,2026-02-21,4153,110644.5,154,32,32,5345,Location002,0,0,FALSE,FALSE,FALSE
ID003,2026-02-22,3082,111143,155,23,23,4538,Location002,0,0,FALSE,FALSE,FALSE
ID003,2026-02-23,4204,113952,156,32,32,4915,Location002,0,0,FALSE,FALSE,FALSE
ID003,2026-02-24,2905,113361,157,31,31,4176,Location002,0,0,FALSE,FALSE,FALSE
ID003,2026-02-25,3592,113196,158,27,27,3598,Location002,0,0,FALSE,FALSE,FALSE
ID003,2026-02-26,3389,115338,159,19,19,3624,Location002,0,0,FALSE,FALSE,FALSE
ID003,2026-02-27,3502,115634,160,25,25,4723,Location002,0,0,FALSE,FALSE,FALSE
ID003,2026-02-28,2002,114110,161,11,11,3765,Location002,0,0,FALSE,FALSE,FALSE
ID003,2026-03-01,3263,117363,162,26,26,3495,Location002,0,0,FALSE,FALSE,FALSE
ID003,2026-03-02,1554,116351,163,10,10,2139,Location002,0,0,FALSE,FALSE,FALSE
ID003,2026-03-03,3263,117478,164,15,15,5253,Location002,0,0,FALSE,FALSE,FALSE
ID003,2026-03-04,2487,119516,165,31,31,3945,Location002,0,0,FALSE,FALSE,FALSE
ID003,2026-03-05,3265,120119,166,23,23,4188,Location002,0,0,FALSE,FALSE,FALSE
ID003,2026-03-06,2527,121638,167,28,28,3958,Location002,0,0,FALSE,FALSE,FALSE
ID003,2026-03-07,2954,120857,168,28,28,3887,Location002,0,0,FALSE,FALSE,FALSE
ID003,2026-03-08,3733,123322,169,36,36,5455,Location002,0,0,FALSE,FALSE,FALSE
ID003,2026-03-09,1255,121399,170,8,0,0,Location002,0,8,FALSE,FALSE,FALSE
ID003,2026-03-10,3204,121234.5,171,26,26,5492,Location002,0,0,FALSE,FALSE,FALSE
ID003,2026-03-11,2960,124163,172,17,17,5274,Location002,0,0,FALSE,FALSE,FALSE
ID003,2026-03-12,3106,125317,173,23,23,3121,Location002,0,0,FALSE,FALSE,FALSE
ID003,2026-03-13,2880,127210,174,20,20,3227,Location002,0,0,FALSE,FALSE,FALSE
ID003,2026-03-14,4164,126913,175,46,0,0,Location002,0,46,FALSE,FALSE,FALSE
ID003,2026-03-15,2334,124621,176,43,43,4944,Location002,0,0,FALSE,FALSE,FALSE
ID003,2026-03-16,1360,121468,177,24,24,3023,Location002,0,0,FALSE,FALSE,FALSE
ID003,2026-03-17,526,124515,178,14,0,0,Location002,0,14,FALSE,FALSE,FALSE
ID003,2026-03-18,1535,125623.5,179,18,18,4004,Location002,18,0,FALSE,TRUE,FALSE
ID003,2026-03-19,2554,126732,180,29,29,4957,Location002,29,0,FALSE,TRUE,FALSE
ID003,2026-03-20,2929,127840.5,181,29,29,5425,Location002,29,0,FALSE,TRUE,FALSE
ID003,2026-03-21,2700,128949,182,13,13,4164,Location002,0,0,FALSE,FALSE,FALSE
ID003,2026-03-22,3275,129984,183,30,30,5830,Location002,0,0,FALSE,FALSE,FALSE
ID003,2026-03-23,2637,129547,184,28,28,4503,Location002,0,0,FALSE,FALSE,FALSE
ID003,2026-03-24,3657,129876,185,24,24,5979,Location002,0,0,FALSE,FALSE,FALSE
ID003,2026-03-25,2899,132249,186,24,24,5469,Location002,0,0,FALSE,FALSE,FALSE
ID003,2026-03-26,3762,133150,187,31,31,6007,Location002,0,0,FALSE,FALSE,FALSE
ID003,2026-03-27,3891,135133,188,25,25,5708,Location002,0,0,FALSE,FALSE,FALSE
ID003,2026-03-28,2971,133194,189,17,17,3324,Location002,0,0,FALSE,FALSE,FALSE
ID003,2026-03-29,3103,133387,190,13,13,3613,Location002,0,0,FALSE,FALSE,FALSE
ID003,2026-03-30,3110,134724,191,15,15,5149,Location002,0,0,FALSE,FALSE,FALSE
ID003,2026-03-31,2928,138015,192,31,31,5103,Location002,0,0,FALSE,FALSE,FALSE
ID003,2026-04-01,488,137557,193,1,0,0,Location002,0,1,FALSE,FALSE,FALSE
ID004,2025-12-02,2927,,66,7,0,0,Location002,7,7,FALSE,TRUE,FALSE
ID004,2025-12-05,582,25940,69,3,0,0,Location002,1,3,FALSE,FALSE,FALSE
ID004,2025-12-07,3944,42608,71,6,0,0,Location002,1,6,FALSE,FALSE,FALSE
ID004,2025-12-08,807,28825,72,7,7,1798,Location002,0,0,FALSE,FALSE,FALSE
ID004,2025-12-09,615,30655,73,5,0,0,Location002,0,5,FALSE,FALSE,FALSE
ID004,2025-12-10,2738,29967,74,5,0,0,Location002,1,5,FALSE,FALSE,FALSE
ID004,2025-12-11,1551,30345,75,8,8,2736,Location002,0,0,FALSE,FALSE,FALSE
ID004,2025-12-12,1035,31181,76,4,4,2350,Location002,0,0,FALSE,FALSE,FALSE
ID004,2025-12-14,2727,32462,78,13,13,4545,Location002,0,0,FALSE,FALSE,FALSE
ID004,2025-12-15,2605,33768,79,10,10,2925,Location002,0,0,FALSE,FALSE,FALSE
ID004,2025-12-16,1845,34318.5,80,6,6,2563,Location002,0,0,FALSE,FALSE,FALSE
ID004,2025-12-18,3542,35721.5,82,6,0,0,Location002,0,6,FALSE,FALSE,FALSE
ID004,2025-12-19,1807,36023.5,83,8,8,2991,Location002,0,0,FALSE,FALSE,FALSE
ID004,2025-12-20,1497,36584,84,15,15,4082,Location002,0,0,FALSE,FALSE,FALSE
ID004,2025-12-21,5307,37494,85,19,0,0,Location002,0,19,FALSE,FALSE,FALSE
ID004,2025-12-22,2806,37982,86,14,14,3604,Location002,0,0,FALSE,FALSE,FALSE
ID004,2025-12-23,4450,38173,87,16,0,0,Location002,0,16,FALSE,FALSE,FALSE
ID004,2025-12-24,1273,39486,88,16,16,2322,Location002,0,0,FALSE,FALSE,FALSE
ID004,2025-12-25,2243,40250,89,23,23,5039,Location002,0,0,FALSE,FALSE,FALSE
ID004,2025-12-26,1975,40980,90,11,11,3534,Location002,0,0,FALSE,FALSE,FALSE
ID004,2025-12-27,3562,42378,91,13,13,4158,Location002,0,0,FALSE,FALSE,FALSE
ID004,2025-12-28,4281,42444.5,92,16,0,0,Location002,0,16,FALSE,FALSE,FALSE
ID004,2025-12-29,1856,43954,93,14,14,4451,Location002,0,0,FALSE,FALSE,FALSE
ID004,2025-12-30,2325,45287,94,13,13,3773,Location002,0,0,FALSE,FALSE,FALSE
ID004,2025-12-31,2390,47128,95,15,15,7202,Location002,0,0,FALSE,FALSE,FALSE
ID004,2026-01-01,1953,47109,96,11,11,5692,Location002,0,0,FALSE,FALSE,FALSE
ID004,2026-01-02,3859,49225.5,97,20,0,0,Location002,0,20,FALSE,FALSE,FALSE
ID004,2026-01-03,2444,49232.5,98,14,14,5045,Location002,0,0,FALSE,FALSE,FALSE
ID004,2026-01-04,2460,50264,99,15,15,4504,Location002,0,0,FALSE,FALSE,FALSE
ID004,2026-01-05,1948,51300,100,12,12,3421,Location002,0,0,FALSE,FALSE,FALSE
ID004,2026-01-06,2923,52338,101,14,14,3795,Location002,0,0,FALSE,FALSE,FALSE
ID004,2026-01-07,3049,54197,102,20,20,5991,Location002,0,0,FALSE,FALSE,FALSE
ID004,2026-01-08,2776,54845,103,18,18,6242,Location002,0,0,FALSE,FALSE,FALSE
ID004,2026-01-09,2574,56338.5,104,14,14,4962,Location002,0,0,FALSE,FALSE,FALSE
ID004,2026-01-10,3977,58076,105,22,22,6324,Location002,0,0,FALSE,FALSE,FALSE
ID004,2026-01-11,2704,58107,106,18,18,5144,Location002,0,0,FALSE,FALSE,FALSE
ID004,2026-01-12,2625,60101,107,17,17,5317,Location002,0,0,FALSE,FALSE,FALSE
ID004,2026-01-13,2004,59822,108,13,13,3575,Location002,0,0,FALSE,FALSE,FALSE
ID004,2026-01-14,1994,62571,109,19,19,3522,Location002,0,0,FALSE,FALSE,FALSE
ID004,2026-01-15,1835,61242,110,9,9,2620,Location002,0,0,FALSE,FALSE,FALSE
ID004,2026-01-16,3816,62945,111,22,0,0,Location002,0,22,FALSE,FALSE,FALSE
ID004,2026-01-17,1997,64434,112,11,11,3578,Location002,0,0,FALSE,FALSE,FALSE
ID004,2026-01-18,2457,66282,113,15,15,3488,Location002,0,0,FALSE,FALSE,FALSE
ID004,2026-01-19,2190,66970,114,13,13,3977,Location002,0,0,FALSE,FALSE,FALSE
ID004,2026-01-20,1137,66117.5,115,6,6,2697,Location002,0,0,FALSE,FALSE,FALSE
ID004,2026-01-21,2817,68372,116,17,17,4569,Location002,0,0,FALSE,FALSE,FALSE
ID004,2026-01-22,1517,69448,117,7,7,3059,Location002,0,0,FALSE,FALSE,FALSE
ID004,2026-01-23,2726,69412,118,15,15,4650,Location002,0,0,FALSE,FALSE,FALSE
ID004,2026-01-24,2598,70612,119,16,16,4782,Location002,0,0,FALSE,FALSE,FALSE
ID004,2026-01-25,1869,71683,120,10,10,3343,Location002,0,0,FALSE,FALSE,FALSE
ID004,2026-01-26,1885,73845,121,8,8,2532,Location002,0,0,FALSE,FALSE,FALSE
ID004,2026-01-27,2200,74221,122,9,9,3034,Location002,0,0,FALSE,FALSE,FALSE
ID004,2026-01-28,1726,75595,123,12,12,3324,Location002,0,0,FALSE,FALSE,FALSE
ID004,2026-01-29,1748,76573,124,9,9,3164,Location002,0,0,FALSE,FALSE,FALSE
ID004,2026-01-30,2489,77338,125,13,13,3321,Location002,0,0,FALSE,FALSE,FALSE
ID004,2026-01-31,3028,76974,126,22,22,3533,Location002,0,0,FALSE,FALSE,FALSE
ID004,2026-02-01,1907,77333,127,16,16,2211,Location002,0,0,FALSE,FALSE,FALSE
ID004,2026-02-02,3653,80411,128,16,16,5007,Location002,0,0,FALSE,FALSE,FALSE
ID004,2026-02-03,4594,81875,129,16,0,0,Location002,0,16,FALSE,FALSE,FALSE
ID004,2026-02-04,1831,82309,130,10,10,3147,Location002,0,0,FALSE,FALSE,FALSE
ID004,2026-02-05,1774,82513,131,14,14,3368,Location002,0,0,FALSE,FALSE,FALSE
ID004,2026-02-06,2106,85903,132,13,13,3652,Location002,0,0,FALSE,FALSE,FALSE
ID004,2026-02-07,2896,87043,133,18,18,3947,Location002,0,0,FALSE,FALSE,FALSE
ID004,2026-02-08,3419,86796,134,18,18,5051,Location002,0,0,FALSE,FALSE,FALSE
ID004,2026-02-09,2712,88085,135,13,13,3510,Location002,0,0,FALSE,FALSE,FALSE
ID004,2026-02-10,2952,87315.5,136,10,10,2995,Location002,0,0,FALSE,FALSE,FALSE
ID004,2026-02-11,4313,89496,137,17,17,4583,Location002,0,0,FALSE,FALSE,FALSE
ID004,2026-02-12,2333,92122.5,138,8,8,2619,Location002,0,0,FALSE,FALSE,FALSE
ID004,2026-02-13,2834,91981.5,139,10,10,3944,Location002,0,0,FALSE,FALSE,FALSE
ID004,2026-02-14,2908,93735,140,15,15,3576,Location002,0,0,FALSE,FALSE,FALSE
ID004,2026-02-15,2350,94148,141,12,12,3053,Location002,0,0,FALSE,FALSE,FALSE
ID004,2026-02-16,2088,94281,142,10,10,2885,Location002,0,0,FALSE,FALSE,FALSE
ID004,2026-02-17,3565,95657,143,16,16,3440,Location002,0,0,FALSE,FALSE,FALSE
ID004,2026-02-18,2600,96897,144,13,13,3437,Location002,0,0,FALSE,FALSE,FALSE
ID004,2026-02-19,2174,96018,145,13,13,3769,Location002,0,0,FALSE,FALSE,FALSE
ID004,2026-02-20,1512,99200,146,7,7,3256,Location002,0,0,FALSE,FALSE,FALSE
ID004,2026-02-21,3602,100200,147,17,17,4648,Location002,0,0,FALSE,FALSE,FALSE
ID004,2026-02-22,2735,100578,148,11,11,3014,Location002,0,0,FALSE,FALSE,FALSE
ID004,2026-02-23,3067,101626,149,17,17,3578,Location002,0,0,FALSE,FALSE,FALSE
ID004,2026-02-24,1681,104042,150,13,13,3059,Location002,0,0,FALSE,FALSE,FALSE
ID004,2026-02-25,3262,104612,151,14,14,4541,Location002,0,0,FALSE,FALSE,FALSE
ID004,2026-02-26,2943,105253,152,11,11,3457,Location002,0,0,FALSE,FALSE,FALSE
ID004,2026-02-27,2778,106597,153,5,5,1545,Location002,0,0,FALSE,FALSE,FALSE
ID004,2026-02-28,2890,106544.5,154,8,8,3725,Location002,0,0,FALSE,FALSE,FALSE
ID004,2026-03-01,1718,107552,155,11,11,2844,Location002,0,0,FALSE,FALSE,FALSE
ID004,2026-03-02,2655,108299,156,10,10,3363,Location002,0,0,FALSE,FALSE,FALSE
ID004,2026-03-03,2686,109202,157,17,17,3184,Location002,0,0,FALSE,FALSE,FALSE
ID004,2026-03-04,2827,110147.5,158,14,14,2518,Location002,0,0,FALSE,FALSE,FALSE
ID004,2026-03-05,2036,111294,159,14,14,2771,Location002,0,0,FALSE,FALSE,FALSE
ID004,2026-03-06,2852,110093,160,15,15,3153,Location002,0,0,FALSE,FALSE,FALSE
ID004,2026-03-07,3404,110818,161,7,7,3105,Location002,0,0,FALSE,FALSE,FALSE
ID004,2026-03-08,2080,112293,162,6,6,2001,Location002,0,0,FALSE,FALSE,FALSE
ID004,2026-03-09,2705,113865,163,10,10,3758,Location002,0,0,FALSE,FALSE,FALSE
ID004,2026-03-10,1422,113899,164,8,8,1670,Location002,0,0,FALSE,FALSE,FALSE
ID004,2026-03-11,2865,110914,165,11,11,2763,Location002,0,0,FALSE,FALSE,FALSE
ID004,2026-03-12,3780,112934,166,16,0,0,Location002,0,16,FALSE,FALSE,FALSE
ID004,2026-03-13,2583,116687,167,12,12,3076,Location002,0,0,FALSE,FALSE,FALSE
ID004,2026-03-14,3205,117426,168,14,14,3636,Location002,0,0,FALSE,FALSE,FALSE
ID004,2026-03-15,988,116597,169,13,13,2341,Location002,0,0,FALSE,FALSE,FALSE
ID004,2026-03-16,1083,118033,170,16,16,2628,Location002,0,0,FALSE,FALSE,FALSE
ID004,2026-03-17,792,113873,171,6,6,987,Location002,0,0,FALSE,FALSE,FALSE
ID004,2026-03-18,936,109457.5,172,4,4,1427,Location002,0,0,FALSE,FALSE,FALSE
ID004,2026-03-19,2769,110594,173,11,0,0,Location002,0,11,FALSE,FALSE,FALSE
ID004,2026-03-20,1241,110594,174,14,14,1023,Location002,0,0,FALSE,FALSE,FALSE
ID004,2026-03-22,2259,112259.5,176,4,4,2263,Location002,0,0,FALSE,FALSE,FALSE
ID004,2026-03-23,2826,116871,177,10,10,3375,Location002,0,0,FALSE,FALSE,FALSE
ID004,2026-03-24,3888,121351,178,16,0,0,Location002,0,16,FALSE,FALSE,FALSE
ID004,2026-03-25,1126,123241,179,7,7,2232,Location002,0,0,FALSE,FALSE,FALSE
ID004,2026-03-26,2443,120423,180,11,11,2231,Location002,0,0,FALSE,FALSE,FALSE
ID004,2026-03-27,1534,121340,181,5,5,2366,Location002,0,0,FALSE,FALSE,FALSE
ID004,2026-03-28,1402,122916,182,6,6,1864,Location002,0,0,FALSE,FALSE,FALSE
ID004,2026-03-29,369,119303,183,5,0,0,Location002,0,5,FALSE,FALSE,FALSE
ID004,2026-03-30,3394,121775,184,9,9,3081,Location002,0,0,FALSE,FALSE,FALSE
ID004,2026-03-31,2616,123330,185,9,9,3486,Location002,0,0,FALSE,FALSE,FALSE
ID004,2026-04-01,2147,127444,186,14,14,3702,Location002,0,0,FALSE,FALSE,FALSE
ID004,2026-04-02,2698,127116,187,8,8,2530,Location002,0,0,FALSE,FALSE,FALSE
ID004,2026-04-03,2753,124521,188,18,18,2281,Location002,0,0,FALSE,FALSE,FALSE
ID004,2026-04-04,2411,126434.5,189,10,10,2342,Location002,0,0,FALSE,FALSE,FALSE
ID004,2026-04-05,1971,127232,190,9,9,2233,Location002,0,0,FALSE,FALSE,FALSE
ID004,2026-04-06,2823,128756,191,13,13,2735,Location002,0,0,FALSE,FALSE,FALSE
ID004,2026-04-07,2240,127537,192,12,12,2137,Location002,0,0,FALSE,FALSE,FALSE
ID004,2026-04-08,2007,129775,193,7,7,1595,Location002,0,0,FALSE,FALSE,FALSE
ID004,2026-04-09,1017,129861,194,9,9,1070,Location002,0,0,FALSE,FALSE,FALSE
ID004,2026-04-10,1678,130047.5,195,12,12,1771,Location002,0,0,FALSE,FALSE,FALSE
ID004,2026-04-11,1464,131461,196,8,8,1749,Location002,0,0,FALSE,FALSE,FALSE
ID004,2026-04-12,713,131088.5,197,2,0,0,Location002,0,2,FALSE,FALSE,FALSE
ID004,2026-04-13,913,131560,198,3,3,1327,Location002,0,0,FALSE,FALSE,FALSE
ID004,2026-04-14,1758,129593.5,199,2,2,1390,Location002,0,0,FALSE,FALSE,FALSE
ID004,2026-04-15,2047,129012,200,6,6,2717,Location002,0,0,FALSE,FALSE,FALSE
ID004,2026-04-16,1794,129032,201,6,6,2105,Location002,0,0,FALSE,FALSE,FALSE
ID004,2026-04-17,3289,131722.5,202,12,0,0,Location002,0,12,FALSE,FALSE,FALSE
ID004,2026-04-18,1678,132135,203,10,10,1967,Location002,0,0,FALSE,FALSE,FALSE
ID004,2026-04-19,2194,133238,204,5,5,1930,Location002,0,0,FALSE,FALSE,FALSE
ID004,2026-04-20,1405,131024,205,5,5,1186,Location002,0,0,FALSE,FALSE,FALSE
ID004,2026-04-21,2486,134920,206,10,10,2938,Location002,0,0,FALSE,FALSE,FALSE
ID004,2026-04-22,2753,131233,207,6,6,3271,Location002,0,0,FALSE,FALSE,FALSE
ID004,2026-04-23,3530,134312,208,15,15,3555,Location002,0,0,FALSE,FALSE,FALSE
ID004,2026-04-24,2929,,209,13,13,3498,Location002,0,0,FALSE,TRUE,FALSE
ID005,2025-12-02,1314,,74,18,18,7514,Location002,18,0,FALSE,TRUE,FALSE
ID005,2025-12-05,2943,33663,77,60,60,8557,Location002,0,0,FALSE,FALSE,FALSE
ID005,2025-12-06,1552,34206,78,28,28,6210,Location002,0,0,FALSE,FALSE,FALSE
ID005,2025-12-08,2000,36428,80,49,49,6720,Location002,0,0,FALSE,FALSE,FALSE
ID005,2025-12-10,3328,38522,82,57,57,7268,Location002,0,0,FALSE,FALSE,FALSE
ID005,2025-12-13,2455,43117.5,85,52,52,6767,Location002,0,0,FALSE,FALSE,FALSE
ID005,2025-12-14,2680,43995,86,44,44,7051,Location002,0,0,FALSE,FALSE,FALSE
ID005,2025-12-18,2055,47178,90,29,29,6550,Location002,0,0,FALSE,FALSE,FALSE
ID005,2025-12-19,3122,48932,91,32,32,7514,Location002,0,0,FALSE,FALSE,FALSE
ID005,2025-12-20,2640,49198,92,32,32,7453,Location002,0,0,FALSE,FALSE,FALSE
ID005,2025-12-21,2338,51007,93,46,46,7413,Location002,0,0,FALSE,FALSE,FALSE
ID005,2025-12-22,2542,51910,94,34,34,6768,Location002,0,0,FALSE,FALSE,FALSE
ID005,2025-12-23,4199,52411,95,40,40,7657,Location002,0,0,FALSE,FALSE,FALSE
ID005,2025-12-24,3068,53762,96,38,38,9047,Location002,0,0,FALSE,FALSE,FALSE
ID005,2025-12-25,2563,54143,97,24,24,5722,Location002,0,0,FALSE,FALSE,FALSE
ID005,2025-12-26,2638,55284,98,33,33,7227,Location002,0,0,FALSE,FALSE,FALSE
ID005,2025-12-27,2960,56797,99,52,52,8148,Location002,0,0,FALSE,FALSE,FALSE
ID005,2025-12-28,3358,57633,100,47,47,8147,Location002,0,0,FALSE,FALSE,FALSE
ID005,2025-12-29,2677,58509,101,33,33,6268,Location002,0,0,FALSE,FALSE,FALSE
ID005,2025-12-30,3018,59835,102,30,30,7899,Location002,0,0,FALSE,FALSE,FALSE
ID005,2025-12-31,2741,60443,103,21,21,6389,Location002,0,0,FALSE,FALSE,FALSE
ID005,2026-01-01,3123,61014,104,35,35,7192,Location002,0,0,FALSE,FALSE,FALSE
ID005,2026-01-02,3212,62456,105,27,27,6157,Location002,0,0,FALSE,FALSE,FALSE
ID005,2026-01-03,1738,63669,106,27,27,4606,Location002,0,0,FALSE,FALSE,FALSE
ID005,2026-01-04,1788,65087,107,17,17,4405,Location002,0,0,FALSE,FALSE,FALSE
ID005,2026-01-05,2734,64010,108,26,26,7517,Location002,0,0,FALSE,FALSE,FALSE
ID005,2026-01-06,3940,67041,109,24,24,8351,Location002,0,0,FALSE,FALSE,FALSE
ID005,2026-01-07,3022,68900,110,39,39,6602,Location002,0,0,FALSE,FALSE,FALSE
ID005,2026-01-08,3384,70129,111,86,86,8392,Location002,0,0,FALSE,FALSE,FALSE
ID005,2026-01-09,3218,71558,112,34,34,6959,Location002,0,0,FALSE,FALSE,FALSE
ID005,2026-01-10,3507,72683,113,58,58,8217,Location002,0,0,FALSE,FALSE,FALSE
ID005,2026-01-11,2581,72235,114,48,48,7534,Location002,0,0,FALSE,FALSE,FALSE
ID005,2026-01-12,3039,73243,115,38,38,7313,Location002,0,0,FALSE,FALSE,FALSE
ID005,2026-01-13,3952,74611,116,95,95,11852,Location002,0,0,FALSE,FALSE,FALSE
ID005,2026-01-14,5894,76022,117,37,0,0,Location002,0,37,FALSE,FALSE,FALSE
ID005,2026-01-15,1748,77324,118,19,19,3282,Location002,0,0,FALSE,FALSE,FALSE
ID005,2026-01-16,2802,77442,119,33,33,5273,Location002,0,0,FALSE,FALSE,FALSE
ID005,2026-01-17,2246,79435,120,17,17,3619,Location002,0,0,FALSE,FALSE,FALSE
ID005,2026-01-18,3305,80724,121,30,30,4140,Location002,0,0,FALSE,FALSE,FALSE
ID005,2026-01-19,2626,81012,122,29,29,3208,Location002,0,0,FALSE,FALSE,FALSE
ID005,2026-01-20,3282,82342,123,22,22,4436,Location002,0,0,FALSE,FALSE,FALSE
ID005,2026-01-21,4654,84438,124,37,37,7500,Location002,0,0,FALSE,FALSE,FALSE
ID005,2026-01-22,2602,86262,125,32,32,4726,Location002,0,0,FALSE,FALSE,FALSE
ID005,2026-01-23,4775,86165,126,36,36,6659,Location002,0,0,FALSE,FALSE,FALSE
ID005,2026-01-24,2230,87140,127,21,21,3982,Location002,0,0,FALSE,FALSE,FALSE
ID005,2026-01-25,2591,87381,128,29,29,3857,Location002,0,0,FALSE,FALSE,FALSE
ID005,2026-01-26,2241,88686,129,43,43,3606,Location002,0,0,FALSE,FALSE,FALSE
ID005,2026-01-27,3406,90273,130,38,38,5234,Location002,0,0,FALSE,FALSE,FALSE
ID005,2026-01-28,3913,89349,131,37,37,5767,Location002,0,0,FALSE,FALSE,FALSE
ID005,2026-01-29,2645,92897,132,32,32,3929,Location002,0,0,FALSE,FALSE,FALSE
ID005,2026-01-30,4039,94407,133,31,31,5643,Location002,0,0,FALSE,FALSE,FALSE
ID005,2026-01-31,2879,95083,134,22,22,5440,Location002,0,0,FALSE,FALSE,FALSE
ID005,2026-02-01,3692,94633,135,19,19,5185,Location002,0,0,FALSE,FALSE,FALSE
ID005,2026-02-02,5344,97338,136,42,42,6963,Location002,0,0,FALSE,FALSE,FALSE
ID005,2026-02-03,3715,98578,137,31,31,5189,Location002,0,0,FALSE,FALSE,FALSE
ID005,2026-02-04,4575,100273,138,37,37,6559,Location002,0,0,FALSE,FALSE,FALSE
ID005,2026-02-05,3209,100289,139,24,24,5056,Location002,0,0,FALSE,FALSE,FALSE
ID005,2026-02-06,5120,100742,140,29,29,7022,Location002,0,0,FALSE,FALSE,FALSE
ID005,2026-02-07,396,98697,141,1,0,0,Location002,0,1,FALSE,FALSE,FALSE
ID005,2026-02-08,2076,98008,142,21,21,4077,Location002,0,0,FALSE,FALSE,FALSE
ID005,2026-02-09,4154,99889,143,14,14,4905,Location002,0,0,FALSE,FALSE,FALSE
ID005,2026-02-10,4425,103183,144,22,22,5750,Location002,0,0,FALSE,FALSE,FALSE
ID005,2026-02-11,2911,103154,145,15,15,3562,Location002,0,0,FALSE,FALSE,FALSE
ID005,2026-02-12,3610,103723,146,23,23,5065,Location002,0,0,FALSE,FALSE,FALSE
ID005,2026-02-13,4563,105392,147,30,30,5865,Location002,0,0,FALSE,FALSE,FALSE
ID005,2026-02-14,3385,106650.5,148,18,18,5040,Location002,0,0,FALSE,FALSE,FALSE
ID005,2026-02-15,1718,107400,149,18,18,2737,Location002,0,0,FALSE,FALSE,FALSE
ID005,2026-02-16,2171,105830,150,17,17,3782,Location002,0,0,FALSE,FALSE,FALSE
ID005,2026-02-17,3237,107389,151,29,29,4997,Location002,0,0,FALSE,FALSE,FALSE
ID005,2026-02-18,2373,108095,152,18,18,3006,Location002,0,0,FALSE,FALSE,FALSE
ID005,2026-02-19,3906,109809,153,40,40,5757,Location002,0,0,FALSE,FALSE,FALSE
ID005,2026-02-20,2909,110222,154,32,32,3704,Location002,0,0,FALSE,FALSE,FALSE
ID005,2026-02-21,3082,112494,155,30,30,4317,Location002,0,0,FALSE,FALSE,FALSE
ID005,2026-02-22,2432,112015,156,20,20,3647,Location002,0,0,FALSE,FALSE,FALSE
ID005,2026-02-23,3712,113576,157,37,37,4743,Location002,0,0,FALSE,FALSE,FALSE
ID005,2026-02-24,3307,113995,158,36,36,4123,Location002,0,0,FALSE,FALSE,FALSE
ID005,2026-02-25,4088,115652,159,27,27,4002,Location002,0,0,FALSE,FALSE,FALSE
ID005,2026-02-26,2341,115867,160,19,19,3633,Location002,0,0,FALSE,FALSE,FALSE
ID005,2026-02-27,2978,114011,161,27,27,3030,Location002,0,0,FALSE,FALSE,FALSE
ID005,2026-02-28,1060,115691,162,13,0,0,Location002,0,13,FALSE,FALSE,FALSE
ID005,2026-03-01,2872,118624,163,27,27,4285,Location002,0,0,FALSE,FALSE,FALSE
ID005,2026-03-02,3689,119922,164,26,26,2959,Location002,0,0,FALSE,FALSE,FALSE
ID005,2026-03-03,3813,119315,165,23,23,4140,Location002,0,0,FALSE,FALSE,FALSE
ID005,2026-03-04,3575,120670,166,39,39,5730,Location002,0,0,FALSE,FALSE,FALSE
ID005,2026-03-05,4116,121700,167,37,37,5378,Location002,0,0,FALSE,FALSE,FALSE
ID005,2026-03-06,2927,123872,168,25,25,3686,Location002,0,0,FALSE,FALSE,FALSE
ID005,2026-03-07,3984,122948,169,26,26,4414,Location002,0,0,FALSE,FALSE,FALSE
ID005,2026-03-08,3360,122322,170,23,23,5268,Location002,0,0,FALSE,FALSE,FALSE
ID005,2026-03-09,3214,124045,171,15,15,3623,Location002,0,0,FALSE,FALSE,FALSE
ID005,2026-03-10,2329,123660,172,11,11,3566,Location002,0,0,FALSE,FALSE,FALSE
ID005,2026-03-11,3894,125584,173,23,23,4315,Location002,0,0,FALSE,FALSE,FALSE
ID005,2026-03-12,3374,125179,174,36,36,4615,Location002,0,0,FALSE,FALSE,FALSE
ID005,2026-03-13,2148,127793,175,22,22,3891,Location002,0,0,FALSE,FALSE,FALSE
ID005,2026-03-14,3823,129593,176,42,42,5181,Location002,0,0,FALSE,FALSE,FALSE
ID005,2026-03-15,2547,128011,177,41,41,5695,Location002,0,0,FALSE,FALSE,FALSE
ID005,2026-03-16,1207,125540,178,39,39,3532,Location002,0,0,FALSE,FALSE,FALSE
ID005,2026-03-17,677,127732,179,22,0,0,Location002,0,22,FALSE,FALSE,FALSE
ID005,2026-03-18,1781,127732,180,32,32,4209,Location002,0,0,FALSE,FALSE,FALSE
ID005,2026-03-19,4137,130030,181,43,43,7906,Location002,43,0,FALSE,TRUE,FALSE
ID005,2026-03-20,3425,132328,182,40,40,6380,Location002,0,0,FALSE,FALSE,FALSE
ID005,2026-03-21,3616,133612,183,23,23,6353,Location002,0,0,FALSE,FALSE,FALSE
ID005,2026-03-22,2124,134635.5,184,12,12,3641,Location002,0,0,FALSE,FALSE,FALSE
ID005,2026-03-23,3860,132738,185,24,24,6278,Location002,0,0,FALSE,FALSE,FALSE
ID005,2026-03-24,5502,133649,186,45,0,0,Location002,0,45,FALSE,FALSE,FALSE
ID005,2026-03-25,3011,137356,187,33,33,5445,Location002,0,0,FALSE,FALSE,FALSE
ID005,2026-03-26,3995,138328,188,41,41,6430,Location002,0,0,FALSE,FALSE,FALSE
ID005,2026-03-27,4401,139028,189,35,35,7112,Location002,8,0,FALSE,FALSE,FALSE
ID005,2026-03-28,3163,139109,190,25,25,4764,Location002,0,0,FALSE,FALSE,FALSE
ID005,2026-03-29,5393,136522,191,26,26,6180,Location002,12,0,FALSE,FALSE,FALSE
ID005,2026-03-30,4101,138994,192,29,29,6460,Location002,23,0,FALSE,FALSE,FALSE
ID005,2026-03-31,4674,,193,59,59,7536,Location002,59,0,FALSE,TRUE,FALSE
ID005,2026-04-01,1203,,194,7,0,0,Location002,7,7,FALSE,TRUE,FALSE
ID006,2025-12-02,2128,25336,73,18,18,7055,Location002,11,0,FALSE,FALSE,FALSE
ID006,2025-12-04,1249,25399,75,33,33,8033,Location002,30,0,FALSE,FALSE,FALSE
ID006,2025-12-06,1298,27255,77,37,37,7502,Location002,3,0,FALSE,FALSE,FALSE
ID006,2025-12-07,2661,28858,78,32,32,6796,Location002,6,0,FALSE,FALSE,FALSE
ID006,2025-12-08,1200,30638,79,32,0,0,Location002,18,32,FALSE,FALSE,FALSE
ID006,2025-12-09,1375,30294,80,42,42,5448,Location002,0,0,FALSE,FALSE,FALSE
ID006,2025-12-10,1677,33426.5,81,29,29,6334,Location002,5,0,FALSE,FALSE,FALSE
ID006,2025-12-11,2018,32720,82,39,39,6164,Location002,0,0,FALSE,FALSE,FALSE
ID006,2025-12-12,1695,34021,83,31,31,5660,Location002,0,0,FALSE,FALSE,FALSE
ID006,2025-12-13,1812,35489,84,27,27,6292,Location002,0,0,FALSE,FALSE,FALSE
ID006,2025-12-14,1335,36119,85,26,26,6004,Location002,0,0,FALSE,FALSE,FALSE
ID006,2025-12-15,1510,36298,86,31,31,5527,Location002,0,0,FALSE,FALSE,FALSE
ID006,2025-12-18,2546,39367,89,18,18,5308,Location002,0,0,FALSE,FALSE,FALSE
ID006,2025-12-19,2390,40883,90,26,26,6603,Location002,0,0,FALSE,FALSE,FALSE
ID006,2025-12-20,2378,42799,91,25,25,6123,Location002,0,0,FALSE,FALSE,FALSE
ID006,2025-12-21,2095,44401,92,25,25,6629,Location002,0,0,FALSE,FALSE,FALSE
ID006,2025-12-22,2472,45154,93,27,27,6087,Location002,0,0,FALSE,FALSE,FALSE
ID006,2025-12-23,2156,46055,94,31,31,6656,Location002,0,0,FALSE,FALSE,FALSE
ID006,2025-12-24,2379,46708,95,42,42,6879,Location002,0,0,FALSE,FALSE,FALSE
ID006,2025-12-25,2180,47506.5,96,52,52,7329,Location002,0,0,FALSE,FALSE,FALSE
ID006,2025-12-26,2784,48636,97,57,57,8919,Location002,0,0,FALSE,FALSE,FALSE
ID006,2025-12-27,2407,49769,98,52,52,8014,Location002,0,0,FALSE,FALSE,FALSE
ID006,2025-12-28,2690,50549,99,70,70,9001,Location002,0,0,FALSE,FALSE,FALSE
ID006,2025-12-29,2505,51005,100,71,71,8750,Location002,0,0,FALSE,FALSE,FALSE
ID006,2025-12-30,2753,52711,101,41,41,7978,Location002,0,0,FALSE,FALSE,FALSE
ID006,2025-12-31,2904,53948,102,52,52,7686,Location002,0,0,FALSE,FALSE,FALSE
ID006,2026-01-01,2805,55149,103,53,53,7123,Location002,0,0,FALSE,FALSE,FALSE
ID006,2026-01-02,2714,55730,104,51,51,6939,Location002,0,0,FALSE,FALSE,FALSE
ID006,2026-01-03,2859,57519,105,54,54,7530,Location002,0,0,FALSE,FALSE,FALSE
ID006,2026-01-04,3285,57083,106,26,26,6413,Location002,0,0,FALSE,FALSE,FALSE
ID006,2026-01-05,1916,60036,107,20,20,4069,Location002,0,0,FALSE,FALSE,FALSE
ID006,2026-01-06,3297,59391,108,33,33,5949,Location002,0,0,FALSE,FALSE,FALSE
ID006,2026-01-07,2929,60950,109,58,58,7423,Location002,0,0,FALSE,FALSE,FALSE
ID006,2026-01-08,2691,63172,110,54,54,6443,Location002,0,0,FALSE,FALSE,FALSE
ID006,2026-01-09,2370,63288,111,40,40,5575,Location002,0,0,FALSE,FALSE,FALSE
ID006,2026-01-10,3051,64270,112,52,52,6299,Location002,0,0,FALSE,FALSE,FALSE
ID006,2026-01-11,2976,66138,113,56,56,7053,Location002,0,0,FALSE,FALSE,FALSE
ID006,2026-01-12,3124,66869,114,45,45,7565,Location002,0,0,FALSE,FALSE,FALSE
ID006,2026-01-13,2399,67700,115,43,43,6320,Location002,0,0,FALSE,FALSE,FALSE
ID006,2026-01-14,4421,70247,116,29,0,0,Location002,0,29,FALSE,FALSE,FALSE
ID006,2026-01-15,1960,69458,117,28,28,3363,Location002,0,0,FALSE,FALSE,FALSE
ID006,2026-01-16,1793,71655,118,21,21,3862,Location002,0,0,FALSE,FALSE,FALSE
ID006,2026-01-17,2112,70930,119,18,18,3254,Location002,0,0,FALSE,FALSE,FALSE
ID006,2026-01-18,2149,74240,120,19,19,2662,Location002,0,0,FALSE,FALSE,FALSE
ID006,2026-01-19,1932,73826,121,25,25,3547,Location002,0,0,FALSE,FALSE,FALSE
ID006,2026-01-20,3138,74789.5,122,22,22,4113,Location002,0,0,FALSE,FALSE,FALSE
ID006,2026-01-21,2910,76424,123,31,31,4745,Location002,0,0,FALSE,FALSE,FALSE
ID006,2026-01-22,3131,77363,124,28,28,4432,Location002,0,0,FALSE,FALSE,FALSE
ID006,2026-01-23,2311,77422,125,17,17,3055,Location002,0,0,FALSE,FALSE,FALSE
ID006,2026-01-24,2656,77189,126,25,25,3969,Location002,0,0,FALSE,FALSE,FALSE
ID006,2026-01-25,2736,80068,127,26,26,4191,Location002,0,0,FALSE,FALSE,FALSE
ID006,2026-01-26,2442,81288,128,25,25,3583,Location002,0,0,FALSE,FALSE,FALSE
ID006,2026-01-27,2778,81789.5,129,26,26,4256,Location002,0,0,FALSE,FALSE,FALSE
ID006,2026-01-28,4543,82651,130,30,30,5395,Location002,0,0,FALSE,FALSE,FALSE
ID006,2026-01-29,4601,85772,131,40,40,6107,Location002,0,0,FALSE,FALSE,FALSE
ID006,2026-01-30,3807,85970,132,31,31,3599,Location002,0,0,FALSE,FALSE,FALSE
ID006,2026-01-31,2822,86131,133,33,0,0,Location002,0,33,FALSE,FALSE,FALSE
ID006,2026-02-01,5923,86882,134,31,0,0,Location002,0,31,FALSE,FALSE,FALSE
ID006,2026-02-02,4828,87773,135,24,24,5014,Location002,0,0,FALSE,FALSE,FALSE
ID006,2026-02-03,3465,88742,136,27,27,3911,Location002,0,0,FALSE,FALSE,FALSE
ID006,2026-02-04,5008,89956,137,27,27,5034,Location002,0,0,FALSE,FALSE,FALSE
ID006,2026-02-05,4166,91186,138,19,19,3825,Location002,0,0,FALSE,FALSE,FALSE
ID006,2026-02-06,3990,93424,139,28,28,4278,Location002,0,0,FALSE,FALSE,FALSE
ID006,2026-02-07,3748,92670,140,17,17,4251,Location002,0,0,FALSE,FALSE,FALSE
ID006,2026-02-08,4620,92112,141,25,25,5078,Location002,0,0,FALSE,FALSE,FALSE
ID006,2026-02-09,2119,94616,142,19,19,3272,Location002,0,0,FALSE,FALSE,FALSE
ID006,2026-02-10,2402,96603,143,14,14,3377,Location002,0,0,FALSE,FALSE,FALSE
ID006,2026-02-11,5140,96842,144,18,0,0,Location002,0,18,FALSE,FALSE,FALSE
ID006,2026-02-12,2699,97526,145,20,20,3004,Location002,0,0,FALSE,FALSE,FALSE
ID006,2026-02-13,4488,100082,146,23,23,4879,Location002,0,0,FALSE,FALSE,FALSE
ID006,2026-02-14,3962,101854,147,26,26,4587,Location002,0,0,FALSE,FALSE,FALSE
ID006,2026-02-15,4747,103132,148,26,26,5012,Location002,0,0,FALSE,FALSE,FALSE
ID006,2026-02-16,3176,103035,149,26,26,4121,Location002,0,0,FALSE,FALSE,FALSE
ID006,2026-02-17,3553,104615,150,23,23,5116,Location002,0,0,FALSE,FALSE,FALSE
ID006,2026-02-18,3553,106519,151,31,31,4841,Location002,0,0,FALSE,FALSE,FALSE
ID006,2026-02-19,3605,106586,152,29,29,4946,Location002,0,0,FALSE,FALSE,FALSE
ID006,2026-02-20,1726,107938,153,17,0,0,Location002,0,17,FALSE,FALSE,FALSE
ID006,2026-02-21,3525,107552.5,154,32,32,4228,Location002,0,0,FALSE,FALSE,FALSE
ID006,2026-02-22,2969,110767.5,155,24,24,3324,Location002,0,0,FALSE,FALSE,FALSE
ID006,2026-02-23,4357,111920,156,25,25,3951,Location002,0,0,FALSE,FALSE,FALSE
ID006,2026-02-24,3482,111962,157,30,30,4472,Location002,0,0,FALSE,FALSE,FALSE
ID006,2026-02-25,3059,114019,158,27,27,3530,Location002,0,0,FALSE,FALSE,FALSE
ID006,2026-02-26,4656,113622,159,29,29,3930,Location002,0,0,FALSE,FALSE,FALSE
ID006,2026-02-27,3447,116026,160,22,22,3353,Location002,0,0,FALSE,FALSE,FALSE
ID006,2026-02-28,3583.5,117252,161,18,0,0,Location002,0,18,FALSE,FALSE,TRUE
ID006,2026-03-01,3720,120559,162,26,26,3897,Location002,0,0,FALSE,FALSE,FALSE
ID006,2026-03-02,5141,120970,163,22,22,4566,Location002,0,0,FALSE,FALSE,FALSE
ID006,2026-03-03,3971,121092.5,164,20,20,3306,Location002,0,0,FALSE,FALSE,FALSE
ID006,2026-03-04,4634,121980,165,28,28,5412,Location002,0,0,FALSE,FALSE,FALSE
ID006,2026-03-05,5064,121317,166,32,32,3884,Location002,0,0,FALSE,FALSE,FALSE
ID006,2026-03-06,3296,124277,167,24,24,2987,Location002,0,0,FALSE,FALSE,FALSE
ID006,2026-03-07,4109,123192,168,27,27,4032,Location002,0,0,FALSE,FALSE,FALSE
ID006,2026-03-08,2798,121737,169,19,19,3343,Location002,0,0,FALSE,FALSE,FALSE
ID006,2026-03-09,2245,126111,170,19,19,3416,Location002,0,0,FALSE,FALSE,FALSE
ID006,2026-03-10,3682,125467,171,22,22,5525,Location002,0,0,FALSE,FALSE,FALSE
ID006,2026-03-11,3474,127853,172,24,24,3811,Location002,0,0,FALSE,FALSE,FALSE
ID006,2026-03-12,4005,128605,173,20,20,3343,Location002,0,0,FALSE,FALSE,FALSE
ID006,2026-03-13,3136,128735,174,19,19,2695,Location002,0,0,FALSE,FALSE,FALSE
ID006,2026-03-14,2769,131124,175,36,36,4469,Location002,0,0,FALSE,FALSE,FALSE
ID006,2026-03-15,2774,128045,176,38,38,5075,Location002,0,0,FALSE,FALSE,FALSE
ID006,2026-03-16,1990,131338,177,21,21,3257,Location002,0,0,FALSE,FALSE,FALSE
ID006,2026-03-17,1242,132163.4,178,18,0,0,Location002,18,18,FALSE,TRUE,FALSE
ID006,2026-03-18,3025,132988.8,179,27,27,5399,Location002,27,0,FALSE,TRUE,FALSE
ID006,2026-03-19,3621,133814.2,180,36,36,6173,Location002,36,0,FALSE,TRUE,FALSE
ID006,2026-03-20,2899,134639.6,181,35,35,5264,Location002,35,0,FALSE,TRUE,FALSE
ID006,2026-03-21,3401,135465,182,23,23,5781,Location002,23,0,FALSE,TRUE,FALSE
ID006,2026-03-22,3951,136290.4,183,21,21,4498,Location002,21,0,FALSE,TRUE,FALSE
ID006,2026-03-23,2866,137115.8,184,18,18,4414,Location002,18,0,FALSE,TRUE,FALSE
ID006,2026-03-24,3412,137941.2,185,18,18,3954,Location002,18,0,FALSE,TRUE,FALSE
ID006,2026-03-25,3453,138766.6,186,32,32,5387,Location002,32,0,FALSE,TRUE,FALSE
ID006,2026-03-26,4566,139592,187,45,45,6846,Location002,42,0,FALSE,FALSE,FALSE
ID006,2026-03-27,4245,139704.666666667,188,39,39,6651,Location002,39,0,FALSE,TRUE,FALSE
ID006,2026-03-28,4142,139817.333333333,189,36,36,5733,Location002,36,0,FALSE,TRUE,FALSE
ID006,2026-03-29,5772,139930,190,28,0,0,Location002,15,28,FALSE,FALSE,FALSE
ID006,2026-03-30,5554,,191,31,0,0,Location002,31,31,FALSE,TRUE,FALSE
ID006,2026-03-31,3401,,192,31,31,4531,Location002,31,0,FALSE,TRUE,FALSE
ID006,2026-04-01,1103,,193,8,0,0,Location002,8,8,FALSE,TRUE,FALSE
ID006,2026-04-02,2272,,194,19,19,3766,Location002,19,0,FALSE,TRUE,FALSE
ID006,2026-04-03,4041,,195,20,0,0,Location002,20,20,FALSE,TRUE,FALSE
ID006,2026-04-04,4819,,196,42,0,0,Location002,42,42,FALSE,TRUE,FALSE
ID006,2026-04-05,70,,197,1,0,0,Location002,1,1,FALSE,TRUE,FALSE
ID007,2025-12-02,1092,,73,17,17,5559,Location001,17,0,FALSE,TRUE,FALSE
ID007,2025-12-04,2955,35267.5,75,10,10,8088,Location001,2,0,FALSE,FALSE,FALSE
ID007,2025-12-05,2014,33799.75,76,6,6,3789,Location001,6,0,FALSE,TRUE,FALSE
ID007,2025-12-06,1267,32332,77,12,12,4522,Location001,0,0,FALSE,FALSE,FALSE
ID007,2025-12-07,275,34033,78,12,12,1270,Location001,0,0,FALSE,FALSE,FALSE
ID007,2025-12-08,1750,33817,79,14,14,5303,Location001,0,0,FALSE,FALSE,FALSE
ID007,2025-12-09,2080,33685,80,11,11,6214,Location001,0,0,FALSE,FALSE,FALSE
ID007,2025-12-10,1717,37311,81,10,10,4869,Location001,0,0,FALSE,FALSE,FALSE
ID007,2025-12-11,1405,37822.5,82,14,14,4988,Location001,0,0,FALSE,FALSE,FALSE
ID007,2025-12-12,1490,37721.25,83,10,10,3824,Location001,10,0,FALSE,TRUE,FALSE
ID007,2025-12-13,3500,37620,84,9,0,0,Location001,0,9,FALSE,FALSE,FALSE
ID007,2025-12-14,1525,41576,85,16,16,3878,Location001,0,0,FALSE,FALSE,FALSE
ID007,2025-12-15,1755,41123,86,13,13,4328,Location001,0,0,FALSE,FALSE,FALSE
ID007,2025-12-16,1020,42779,87,16,16,2681,Location001,0,0,FALSE,FALSE,FALSE
ID007,2025-12-18,1635,46307,89,9,9,3446,Location001,0,0,FALSE,FALSE,FALSE
ID007,2025-12-19,1035,47774,90,7,7,2368,Location001,0,0,FALSE,FALSE,FALSE
ID007,2025-12-20,1565,48538,91,11,11,3777,Location001,0,0,FALSE,FALSE,FALSE
ID007,2025-12-21,2020,50433,92,11,11,4465,Location001,0,0,FALSE,FALSE,FALSE
ID007,2025-12-22,2623,50538,93,15,15,5119,Location001,0,0,FALSE,FALSE,FALSE
ID007,2025-12-23,2263,51896,94,11,11,4740,Location001,0,0,FALSE,FALSE,FALSE
ID007,2025-12-24,2188,53531,95,13,13,4718,Location001,0,0,FALSE,FALSE,FALSE
ID007,2025-12-25,1515,52365,96,6,6,2915,Location001,0,0,FALSE,FALSE,FALSE
ID007,2025-12-26,540,53703,97,4,4,900,Location001,0,0,FALSE,FALSE,FALSE
ID007,2025-12-27,2092,52984,98,8,8,5301,Location001,0,0,FALSE,FALSE,FALSE
ID007,2025-12-28,2006,54111,99,11,11,4653,Location001,0,0,FALSE,FALSE,FALSE
ID007,2025-12-29,1976,54518,100,4,4,3841,Location001,0,0,FALSE,FALSE,FALSE
ID007,2025-12-30,1697,55732.5,101,12,12,3677,Location001,0,0,FALSE,FALSE,FALSE
ID007,2025-12-31,1226,56006,102,13,13,3199,Location001,0,0,FALSE,FALSE,FALSE
ID007,2026-01-01,3258,57827,103,15,15,8499,Location001,0,0,FALSE,FALSE,FALSE
ID007,2026-01-02,3536,60865,104,16,16,7039,Location001,0,0,FALSE,FALSE,FALSE
ID007,2026-01-03,3169,61229,105,11,11,5744,Location001,0,0,FALSE,FALSE,FALSE
ID007,2026-01-04,2736,63716,106,14,14,6175,Location001,0,0,FALSE,FALSE,FALSE
ID007,2026-01-05,2760,63761,107,18,18,5881,Location001,0,0,FALSE,FALSE,FALSE
ID007,2026-01-06,3064,65057,108,20,20,6239,Location001,0,0,FALSE,FALSE,FALSE
ID007,2026-01-07,2899,65668,109,20,20,5513,Location001,0,0,FALSE,FALSE,FALSE
ID007,2026-01-08,3174,67723,110,17,17,5988,Location001,0,0,FALSE,FALSE,FALSE
ID007,2026-01-09,3185,68919,111,16,16,4585,Location001,0,0,FALSE,FALSE,FALSE
ID007,2026-01-10,2482,70654,112,12,12,4788,Location001,0,0,FALSE,FALSE,FALSE
ID007,2026-01-11,2426,69681,113,12,12,4324,Location001,0,0,FALSE,FALSE,FALSE
ID007,2026-01-12,864,71800,114,6,6,1385,Location001,0,0,FALSE,FALSE,FALSE
ID007,2026-01-13,2090,73715,115,14,14,4689,Location001,0,0,FALSE,FALSE,FALSE
ID007,2026-01-14,4796,74504,116,11,0,0,Location001,0,11,FALSE,FALSE,FALSE
ID007,2026-01-15,2566,76008,117,8,8,3978,Location001,0,0,FALSE,FALSE,FALSE
ID007,2026-01-16,3079,77794,118,11,11,4193,Location001,0,0,FALSE,FALSE,FALSE
ID007,2026-01-17,2312,77112,119,7,7,3156,Location001,0,0,FALSE,FALSE,FALSE
ID007,2026-01-18,2285,79898,120,9,9,3405,Location001,0,0,FALSE,FALSE,FALSE
ID007,2026-01-19,3717,80705,121,13,13,5007,Location001,0,0,FALSE,FALSE,FALSE
ID007,2026-01-20,2324,80851,122,8,8,3501,Location001,0,0,FALSE,FALSE,FALSE
ID007,2026-01-21,2612,80310,123,10,10,4160,Location001,0,0,FALSE,FALSE,FALSE
ID007,2026-01-22,3650,82998,124,16,16,4670,Location001,0,0,FALSE,FALSE,FALSE
ID007,2026-01-23,3292,83417,125,17,17,5896,Location001,0,0,FALSE,FALSE,FALSE
ID007,2026-01-24,2619,85740,126,11,11,4040,Location001,0,0,FALSE,FALSE,FALSE
ID007,2026-01-25,3487,86863.5,127,12,12,4356,Location001,0,0,FALSE,FALSE,FALSE
ID007,2026-01-26,2445,87550,128,10,10,3408,Location001,0,0,FALSE,FALSE,FALSE
ID007,2026-01-27,3664,87947,129,17,17,4844,Location001,0,0,FALSE,FALSE,FALSE
ID007,2026-01-28,3550,90402,130,12,12,4436,Location001,0,0,FALSE,FALSE,FALSE
ID007,2026-01-29,2699,90931,131,11,11,4321,Location001,0,0,FALSE,FALSE,FALSE
ID007,2026-01-30,3229,92278,132,13,13,3888,Location001,0,0,FALSE,FALSE,FALSE
ID007,2026-01-31,3761,93765,133,13,13,3719,Location001,0,0,FALSE,FALSE,FALSE
ID007,2026-02-01,1644,90900,134,8,8,2095,Location001,0,0,FALSE,FALSE,FALSE
ID007,2026-02-02,2477,90335,135,9,9,3565,Location001,0,0,FALSE,FALSE,FALSE
ID007,2026-02-03,3926,95441,136,14,14,5400,Location001,0,0,FALSE,FALSE,FALSE
ID007,2026-02-04,4384,97448,137,20,20,6249,Location001,0,0,FALSE,FALSE,FALSE
ID007,2026-02-05,4137,99919,138,15,15,4928,Location001,0,0,FALSE,FALSE,FALSE
ID007,2026-02-06,3584,100093,139,14,14,4570,Location001,0,0,FALSE,FALSE,FALSE
ID007,2026-02-07,4920,99247,140,11,0,0,Location001,0,11,FALSE,FALSE,FALSE
ID007,2026-02-08,3565,101538,141,15,15,5897,Location001,0,0,FALSE,FALSE,FALSE
ID007,2026-02-09,3737,103567,142,15,15,4762,Location001,0,0,FALSE,FALSE,FALSE
ID007,2026-02-10,3013,103154,143,12,12,3814,Location001,0,0,FALSE,FALSE,FALSE
ID007,2026-02-11,3436,105243,144,15,15,5498,Location001,0,0,FALSE,FALSE,FALSE
ID007,2026-02-12,4871,102252,145,22,0,0,Location001,0,22,FALSE,FALSE,FALSE
ID007,2026-02-13,3628,106399,146,14,14,4050,Location001,0,0,FALSE,FALSE,FALSE
ID007,2026-02-14,3068,108922.5,147,12,12,3692,Location001,0,0,FALSE,FALSE,FALSE
ID007,2026-02-15,4184,108773,148,17,17,4709,Location001,0,0,FALSE,FALSE,FALSE
ID007,2026-02-16,2730,109579,149,10,10,3273,Location001,0,0,FALSE,FALSE,FALSE
ID007,2026-02-17,2735,109528,150,9,9,3274,Location001,0,0,FALSE,FALSE,FALSE
ID007,2026-02-18,4024,109553,151,14,14,4985,Location001,0,0,FALSE,FALSE,FALSE
ID007,2026-02-19,4813,111620,152,18,18,5820,Location001,0,0,FALSE,FALSE,FALSE
ID007,2026-02-20,2238,112000,153,11,11,3962,Location001,0,0,FALSE,FALSE,FALSE
ID007,2026-02-21,4483,114858,154,16,16,4704,Location001,0,0,FALSE,FALSE,FALSE
ID007,2026-02-22,2792,115860,155,12,12,3168,Location001,0,0,FALSE,FALSE,FALSE
ID007,2026-02-23,2795,117326,156,11,11,3607,Location001,0,0,FALSE,FALSE,FALSE
ID007,2026-02-24,3061,116085,157,13,13,4100,Location001,0,0,FALSE,FALSE,FALSE
ID007,2026-02-25,3446,118219,158,11,11,4617,Location001,0,0,FALSE,FALSE,FALSE
ID007,2026-02-26,3961,120095,159,15,15,4893,Location001,0,0,FALSE,FALSE,FALSE
ID007,2026-02-27,2340,120318,160,8,8,3065,Location001,0,0,FALSE,FALSE,FALSE
ID007,2026-02-28,3931,120641,161,18,18,4696,Location001,0,0,FALSE,FALSE,FALSE
ID007,2026-03-01,3014,122990,162,12,12,4103,Location001,0,0,FALSE,FALSE,FALSE
ID007,2026-03-02,3767,122837.5,163,16,16,4848,Location001,0,0,FALSE,FALSE,FALSE
ID007,2026-03-03,2720,124322,164,11,11,3285,Location001,0,0,FALSE,FALSE,FALSE
ID007,2026-03-04,2989,123078,165,12,12,3920,Location001,0,0,FALSE,FALSE,FALSE
ID007,2026-03-05,4276,128897,166,14,14,5338,Location001,0,0,FALSE,FALSE,FALSE
ID007,2026-03-06,3744,128744,167,15,15,5318,Location001,0,0,FALSE,FALSE,FALSE
ID007,2026-03-07,3630,132603,168,14,14,3007,Location001,0,0,FALSE,FALSE,FALSE
ID007,2026-03-08,2234,129584,169,14,14,3027,Location001,0,0,FALSE,FALSE,FALSE
ID007,2026-03-09,629,128630,170,4,4,649,Location001,0,0,FALSE,FALSE,FALSE
ID007,2026-03-10,1547,130399,171,6,6,2667,Location001,0,0,FALSE,FALSE,FALSE
ID007,2026-03-11,931,124860,172,6,6,1796,Location001,0,0,FALSE,FALSE,FALSE
ID007,2026-03-12,2776,126235,173,12,12,2633,Location001,0,0,FALSE,FALSE,FALSE
ID007,2026-03-13,1361,126675,174,9,9,1739,Location001,0,0,FALSE,FALSE,FALSE
ID007,2026-03-14,1586,130609,175,7,7,1790,Location001,0,0,FALSE,FALSE,FALSE
ID007,2026-03-15,2806,129273,176,11,11,3560,Location001,0,0,FALSE,FALSE,FALSE
ID007,2026-03-16,2865,129063,177,13,13,2828,Location001,0,0,FALSE,FALSE,FALSE
ID007,2026-03-17,2465,131652,178,18,18,2738,Location001,0,0,FALSE,FALSE,FALSE
ID007,2026-03-18,2461,131652,179,7,7,1885,Location001,0,0,FALSE,FALSE,FALSE
ID007,2026-03-19,328,130748,180,3,3,338,Location001,0,0,FALSE,FALSE,FALSE
ID007,2026-03-20,60,125856,181,1,0,0,Location001,0,1,FALSE,FALSE,FALSE
ID007,2026-03-22,1197,125905,183,9,9,2027,Location001,0,0,FALSE,FALSE,FALSE
ID007,2026-03-24,182,,185,4,0,0,Location001,4,4,FALSE,TRUE,FALSE
ID007,2026-03-25,45,,186,3,0,0,Location001,3,3,FALSE,TRUE,FALSE
ID007,2026-03-27,2091,,188,10,10,1998,Location001,10,0,FALSE,TRUE,FALSE
ID007,2026-03-28,1289,,189,7,7,2313,Location001,7,0,FALSE,TRUE,FALSE
ID008,2025-12-02,1422,30114,73,17,17,8777,Location001,0,0,FALSE,FALSE,FALSE
ID008,2025-12-04,2952,34251.5,75,14,14,7286,Location001,0,0,FALSE,FALSE,FALSE
ID008,2025-12-06,1979,34918,77,18,18,6466,Location001,0,0,FALSE,FALSE,FALSE
ID008,2025-12-07,2466,37424,78,20,20,6739,Location001,0,0,FALSE,FALSE,FALSE
ID008,2025-12-08,1677,38307,79,21,21,5904,Location001,0,0,FALSE,FALSE,FALSE
ID008,2025-12-09,1840,39074,80,26,26,6430,Location001,0,0,FALSE,FALSE,FALSE
ID008,2025-12-11,1698,42412,82,21,21,5419,Location001,0,0,FALSE,FALSE,FALSE
ID008,2025-12-12,1290,42854,83,13,13,4166,Location001,0,0,FALSE,FALSE,FALSE
ID008,2025-12-13,2107,43638,84,31,31,7646,Location001,0,0,FALSE,FALSE,FALSE
ID008,2025-12-15,1753,45837,86,22,22,4850,Location001,0,0,FALSE,FALSE,FALSE
ID008,2025-12-16,1972,45970,87,32,32,5323,Location001,0,0,FALSE,FALSE,FALSE
ID008,2025-12-18,1974,48903,89,18,18,5305,Location001,0,0,FALSE,FALSE,FALSE
ID008,2025-12-19,1884,49855,90,18,18,5387,Location001,0,0,FALSE,FALSE,FALSE
ID008,2025-12-20,2492,51060,91,19,19,6348,Location001,0,0,FALSE,FALSE,FALSE
ID008,2025-12-21,2159,52722,92,18,18,5266,Location001,0,0,FALSE,FALSE,FALSE
ID008,2025-12-22,2335,53577,93,20,20,5197,Location001,0,0,FALSE,FALSE,FALSE
ID008,2025-12-23,1335,53957,94,20,20,4237,Location001,0,0,FALSE,FALSE,FALSE
ID008,2025-12-24,3503,55287,95,19,19,7429,Location001,0,0,FALSE,FALSE,FALSE
ID008,2025-12-25,3678,56911,96,17,17,8142,Location001,0,0,FALSE,FALSE,FALSE
ID008,2025-12-26,2461,57087,97,18,18,6100,Location001,0,0,FALSE,FALSE,FALSE
ID008,2025-12-27,3328,58276,98,21,21,8235,Location001,0,0,FALSE,FALSE,FALSE
ID008,2025-12-28,3856,59729,99,24,24,8294,Location001,0,0,FALSE,FALSE,FALSE
ID008,2025-12-29,2530,60565,100,14,14,6729,Location001,0,0,FALSE,FALSE,FALSE
ID008,2025-12-30,2978,63336,101,16,16,7455,Location001,0,0,FALSE,FALSE,FALSE
ID008,2025-12-31,3513,65437,102,19,19,8946,Location001,0,0,FALSE,FALSE,FALSE
ID008,2026-01-01,3661,65486,103,29,29,8462,Location001,0,0,FALSE,FALSE,FALSE
ID008,2026-01-02,3619,66967,104,34,34,8890,Location001,0,0,FALSE,FALSE,FALSE
ID008,2026-01-03,3205,68349,105,30,30,8063,Location001,0,0,FALSE,FALSE,FALSE
ID008,2026-01-04,3331,69365,106,35,35,7542,Location001,0,0,FALSE,FALSE,FALSE
ID008,2026-01-05,3452,70830.5,107,42,42,9727,Location001,0,0,FALSE,FALSE,FALSE
ID008,2026-01-06,3882,71415,108,29,29,9793,Location001,0,0,FALSE,FALSE,FALSE
ID008,2026-01-07,3409,72767.5,109,32,32,8932,Location001,0,0,FALSE,FALSE,FALSE
ID008,2026-01-08,3238,74467,110,20,20,7207,Location001,0,0,FALSE,FALSE,FALSE
ID008,2026-01-09,1448,74939,111,6,6,2648,Location001,0,0,FALSE,FALSE,FALSE
ID008,2026-01-10,2318,77235,112,17,17,6231,Location001,0,0,FALSE,FALSE,FALSE
ID008,2026-01-11,3424,78678.5,113,16,16,6945,Location001,0,0,FALSE,FALSE,FALSE
ID008,2026-01-12,3214,80152,114,21,21,5925,Location001,0,0,FALSE,FALSE,FALSE
ID008,2026-01-13,3503,81136,115,16,16,5608,Location001,0,0,FALSE,FALSE,FALSE
ID008,2026-01-14,5427,81702,116,25,25,7112,Location001,0,0,FALSE,FALSE,FALSE
ID008,2026-01-15,2943,84383,117,11,11,6208,Location001,0,0,FALSE,FALSE,FALSE
ID008,2026-01-16,3507,85418,118,19,19,6392,Location001,0,0,FALSE,FALSE,FALSE
ID008,2026-01-17,3955,88284,119,14,14,6781,Location001,0,0,FALSE,FALSE,FALSE
ID008,2026-01-18,3451,89024,120,16,16,6109,Location001,0,0,FALSE,FALSE,FALSE
ID008,2026-01-19,3205,88822,121,16,16,6929,Location001,0,0,FALSE,FALSE,FALSE
ID008,2026-01-20,3138,90684,122,11,11,6458,Location001,0,0,FALSE,FALSE,FALSE
ID008,2026-01-21,3329,93369,123,16,16,6862,Location001,0,0,FALSE,FALSE,FALSE
ID008,2026-01-22,3477,92778,124,19,19,6915,Location001,0,0,FALSE,FALSE,FALSE
ID008,2026-01-23,3393,93815,125,19,19,6036,Location001,0,0,FALSE,FALSE,FALSE
ID008,2026-01-24,3051,94530,126,15,15,5222,Location001,0,0,FALSE,FALSE,FALSE
ID008,2026-01-25,3491,94962,127,15,15,5732,Location001,0,0,FALSE,FALSE,FALSE
ID008,2026-01-26,4158,98218,128,20,20,6553,Location001,0,0,FALSE,FALSE,FALSE
ID008,2026-01-27,2919,98492,129,16,16,5770,Location001,0,0,FALSE,FALSE,FALSE
ID008,2026-01-28,2672,99103,130,12,12,4488,Location001,0,0,FALSE,FALSE,FALSE
ID008,2026-01-29,3677,99902,131,17,17,6329,Location001,0,0,FALSE,FALSE,FALSE
ID008,2026-01-30,1860,98478,132,7,7,3136,Location001,0,0,FALSE,FALSE,FALSE
ID008,2026-01-31,3098,100247,133,14,14,5394,Location001,0,0,FALSE,FALSE,FALSE
ID008,2026-02-01,4286,101700,134,10,10,4938,Location001,0,0,FALSE,FALSE,FALSE
ID008,2026-02-02,2589,102415,135,13,13,4898,Location001,0,0,FALSE,FALSE,FALSE
ID008,2026-02-03,1656,101762,136,9,9,4561,Location001,0,0,FALSE,FALSE,FALSE
ID008,2026-02-04,2533,104802,137,8,8,2839,Location001,0,0,FALSE,FALSE,FALSE
ID008,2026-02-05,4846,103867,138,17,17,6697,Location001,0,0,FALSE,FALSE,FALSE
ID008,2026-02-06,3509,105303,139,14,14,5510,Location001,0,0,FALSE,FALSE,FALSE
ID008,2026-02-07,4561,109230,140,17,17,7321,Location001,0,0,FALSE,FALSE,FALSE
ID008,2026-02-08,3933,109893,141,20,20,8208,Location001,0,0,FALSE,FALSE,FALSE
ID008,2026-02-09,2848,111626,142,14,14,5231,Location001,0,0,FALSE,FALSE,FALSE
ID008,2026-02-10,4527,110730.5,143,16,16,6044,Location001,0,0,FALSE,FALSE,FALSE
ID008,2026-02-11,4169,111871,144,15,15,4727,Location001,0,0,FALSE,FALSE,FALSE
ID008,2026-02-12,4215,111516,145,14,0,0,Location001,0,14,FALSE,FALSE,TRUE
ID008,2026-02-13,4261,115631,146,15,15,6774,Location001,0,0,FALSE,FALSE,FALSE
ID008,2026-02-14,3327,118358,147,17,17,5555,Location001,0,0,FALSE,FALSE,FALSE
ID008,2026-02-15,3875.5,120222,148,18,0,0,Location001,0,18,FALSE,FALSE,TRUE
ID008,2026-02-16,4424,121739,149,16,16,7866,Location001,0,0,FALSE,FALSE,FALSE
ID008,2026-02-17,4541,120736,150,17,17,6862,Location001,0,0,FALSE,FALSE,FALSE
ID008,2026-02-18,4161,120663,151,15,15,7018,Location001,0,0,FALSE,FALSE,FALSE
ID008,2026-02-19,3546,121777,152,16,16,6002,Location001,0,0,FALSE,FALSE,FALSE
ID008,2026-02-20,4905,123080,153,20,20,8337,Location001,0,0,FALSE,FALSE,FALSE
ID008,2026-02-21,2766,125312,154,8,8,5148,Location001,0,0,FALSE,FALSE,FALSE
ID008,2026-02-22,4145,126315,155,13,13,8247,Location001,0,0,FALSE,FALSE,FALSE
ID008,2026-02-23,1958,125392,156,10,0,0,Location001,0,10,FALSE,FALSE,FALSE
ID008,2026-02-24,4083,127913,157,18,18,6169,Location001,0,0,FALSE,FALSE,FALSE
ID008,2026-02-25,2487,126392,158,9,0,0,Location001,0,9,FALSE,FALSE,FALSE
ID008,2026-02-26,3766,128894,159,13,13,5154,Location001,0,0,FALSE,FALSE,FALSE
ID008,2026-02-27,4532,129505,160,15,15,6007,Location001,0,0,FALSE,FALSE,FALSE
ID008,2026-02-28,3412,126895,161,14,14,6665,Location001,0,0,FALSE,FALSE,FALSE
ID008,2026-03-01,3460,126895,162,11,11,5568,Location001,0,0,FALSE,FALSE,FALSE
ID008,2026-03-02,1858,133278,163,9,0,0,Location001,0,9,FALSE,FALSE,FALSE
ID008,2026-03-03,4026,132941,164,13,13,6211,Location001,0,0,FALSE,FALSE,FALSE
ID008,2026-03-04,4698,134748,165,16,16,5316,Location001,0,0,FALSE,FALSE,FALSE
ID008,2026-03-05,3565,136634,166,18,18,5855,Location001,0,0,FALSE,FALSE,FALSE
ID008,2026-03-06,2844,134161,167,13,13,4036,Location001,0,0,FALSE,FALSE,FALSE
ID008,2026-03-07,1943,136556,168,12,12,3993,Location001,2,0,FALSE,FALSE,FALSE
ID008,2026-03-08,2354,136044,169,13,13,3681,Location001,0,0,FALSE,FALSE,FALSE
ID008,2026-03-09,3426,136044,170,13,13,4311,Location001,0,0,FALSE,FALSE,FALSE
ID008,2026-03-10,3640,134106,171,14,14,4881,Location001,0,0,FALSE,FALSE,FALSE
ID008,2026-03-11,4172,136638,172,16,16,5842,Location001,6,0,FALSE,FALSE,FALSE
ID008,2026-03-12,2802,137243.25,173,12,12,3731,Location001,12,0,FALSE,TRUE,FALSE
ID008,2026-03-13,4566,137848.5,174,18,18,5555,Location001,18,0,FALSE,TRUE,FALSE
ID008,2026-03-14,2133,138453.75,175,11,11,4331,Location001,11,0,FALSE,TRUE,FALSE
ID008,2026-03-15,2561,139059,176,13,13,3646,Location001,8,0,FALSE,FALSE,FALSE
ID008,2026-03-16,3373,139059,177,23,23,5393,Location001,21,0,FALSE,FALSE,FALSE
ID008,2026-03-17,3002,,178,16,16,3837,Location001,16,0,FALSE,TRUE,FALSE
ID008,2026-03-18,3701,,179,16,16,5507,Location001,16,0,FALSE,TRUE,FALSE
ID008,2026-03-19,4549,,180,9,9,3914,Location001,9,0,FALSE,TRUE,FALSE
ID008,2026-03-20,1098,,181,5,0,0,Location001,5,5,FALSE,TRUE,FALSE
ID008,2026-03-21,2130,,182,10,10,3531,Location001,10,0,FALSE,TRUE,FALSE
ID008,2026-03-22,2790,,183,9,9,2862,Location001,9,0,FALSE,TRUE,FALSE
ID008,2026-03-23,1853,,184,9,9,3483,Location001,9,0,FALSE,TRUE,FALSE
ID008,2026-03-24,2227,,185,7,7,2369,Location001,7,0,FALSE,TRUE,FALSE
ID008,2026-03-25,3554,,186,11,11,5206,Location001,11,0,FALSE,TRUE,FALSE
ID008,2026-03-26,1282,,187,6,0,0,Location001,6,6,FALSE,TRUE,FALSE
ID008,2026-03-27,2278,,188,11,11,4032,Location001,11,0,FALSE,TRUE,FALSE
ID008,2026-03-28,2465,,189,8,8,2927,Location001,8,0,FALSE,TRUE,FALSE
ID008,2026-03-29,1021,,190,4,0,0,Location001,4,4,FALSE,TRUE,FALSE
ID009,2025-12-02,1362,,74,23,0,0,Location002,23,23,FALSE,TRUE,FALSE
ID009,2025-12-04,2400,,76,60,60,16466,Location002,60,0,FALSE,TRUE,FALSE
ID009,2025-12-06,2047,33530,78,76,76,13903,Location002,0,0,FALSE,FALSE,FALSE
ID009,2025-12-08,3096,35674,80,56,56,10998,Location002,0,0,FALSE,FALSE,FALSE
ID009,2025-12-09,3337,36693,81,41,41,12716,Location002,0,0,FALSE,FALSE,FALSE
ID009,2025-12-10,2215,36774,82,37,37,11077,Location002,0,0,FALSE,FALSE,FALSE
ID009,2025-12-11,4075,38199,83,55,55,10109,Location002,0,0,FALSE,FALSE,FALSE
ID009,2025-12-12,2139,39421,84,51,51,10187,Location002,0,0,FALSE,FALSE,FALSE
ID009,2025-12-13,3446,40733,85,56,56,11561,Location002,0,0,FALSE,FALSE,FALSE
ID009,2025-12-14,2919,41290,86,44,44,9534,Location002,0,0,FALSE,FALSE,FALSE
ID009,2025-12-18,1969,45432,90,26,26,6567,Location002,0,0,FALSE,FALSE,FALSE
ID009,2025-12-19,2761,46476,91,28,28,9899,Location002,0,0,FALSE,FALSE,FALSE
ID009,2025-12-20,4057,48287,92,28,28,8468,Location002,0,0,FALSE,FALSE,FALSE
ID009,2025-12-21,2438,49769,93,39,39,9457,Location002,0,0,FALSE,FALSE,FALSE
ID009,2025-12-22,2467,50263,94,39,39,9093,Location002,0,0,FALSE,FALSE,FALSE
ID009,2025-12-23,2329,51373,95,25,25,7588,Location002,0,0,FALSE,FALSE,FALSE
ID009,2025-12-24,3089,51730,96,53,53,10254,Location002,0,0,FALSE,FALSE,FALSE
ID009,2025-12-25,2713,53658,97,40,40,8714,Location002,0,0,FALSE,FALSE,FALSE
ID009,2025-12-26,3619,54141,98,42,42,9343,Location002,0,0,FALSE,FALSE,FALSE
ID009,2025-12-27,3267,56176,99,68,68,10848,Location002,0,0,FALSE,FALSE,FALSE
ID009,2025-12-28,2811,56327,100,65,65,10272,Location002,0,0,FALSE,FALSE,FALSE
ID009,2025-12-29,2902,57201,101,53,53,9081,Location002,0,0,FALSE,FALSE,FALSE
ID009,2025-12-30,2495,58612,102,40,40,8614,Location002,0,0,FALSE,FALSE,FALSE
ID009,2025-12-31,2331,59178,103,32,32,7517,Location002,0,0,FALSE,FALSE,FALSE
ID009,2026-01-01,3389,60323,104,63,63,10404,Location002,0,0,FALSE,FALSE,FALSE
ID009,2026-01-02,2912,61683,105,70,70,10014,Location002,0,0,FALSE,FALSE,FALSE
ID009,2026-01-03,1991,62971,106,18,18,5759,Location002,0,0,FALSE,FALSE,FALSE
ID009,2026-01-04,2743,62071,107,26,26,9196,Location002,0,0,FALSE,FALSE,FALSE
ID009,2026-01-05,2713,64236,108,30,30,7464,Location002,0,0,FALSE,FALSE,FALSE
ID009,2026-01-06,2945,65037,109,40,40,8836,Location002,0,0,FALSE,FALSE,FALSE
ID009,2026-01-07,3943,65273,110,27,27,7753,Location002,0,0,FALSE,FALSE,FALSE
ID009,2026-01-08,3247,67248,111,64,64,9730,Location002,0,0,FALSE,FALSE,FALSE
ID009,2026-01-09,3213,68813,112,71,71,9635,Location002,0,0,FALSE,FALSE,FALSE
ID009,2026-01-10,3433,70569,113,63,63,10179,Location002,0,0,FALSE,FALSE,FALSE
ID009,2026-01-11,3637,72103,114,77,77,11185,Location002,0,0,FALSE,FALSE,FALSE
ID009,2026-01-12,3036,73220,115,27,27,9096,Location002,0,0,FALSE,FALSE,FALSE
ID009,2026-01-13,3297,73725,116,78,78,10180,Location002,0,0,FALSE,FALSE,FALSE
ID009,2026-01-14,2417.5,74510,117,50,0,0,Location002,0,50,FALSE,FALSE,TRUE
ID009,2026-01-15,1538,75554,118,14,14,2683,Location002,0,0,FALSE,FALSE,FALSE
ID009,2026-01-16,2585,77410,119,40,40,5090,Location002,0,0,FALSE,FALSE,FALSE
ID009,2026-01-17,1790,77907,120,15,15,3954,Location002,0,0,FALSE,FALSE,FALSE
ID009,2026-01-18,3400,79555,121,39,39,4455,Location002,0,0,FALSE,FALSE,FALSE
ID009,2026-01-19,2952,79216,122,37,37,4505,Location002,0,0,FALSE,FALSE,FALSE
ID009,2026-01-20,2506,81298,123,23,23,5571,Location002,0,0,FALSE,FALSE,FALSE
ID009,2026-01-21,3976,82388,124,26,26,6842,Location002,0,0,FALSE,FALSE,FALSE
ID009,2026-01-22,4402,82757,125,29,29,5788,Location002,0,0,FALSE,FALSE,FALSE
ID009,2026-01-23,3750,85671,126,48,48,6496,Location002,0,0,FALSE,FALSE,FALSE
ID009,2026-01-24,4810,85735,127,27,27,6999,Location002,0,0,FALSE,FALSE,FALSE
ID009,2026-01-25,3573,84944,128,33,33,5614,Location002,0,0,FALSE,FALSE,FALSE
ID009,2026-01-26,3924,87181.5,129,44,44,5300,Location002,0,0,FALSE,FALSE,FALSE
ID009,2026-01-27,4017,87333,130,29,29,4655,Location002,0,0,FALSE,FALSE,FALSE
ID009,2026-01-28,3445,89507,131,33,33,4709,Location002,0,0,FALSE,FALSE,FALSE
ID009,2026-01-29,2696,89912,132,29,29,5246,Location002,0,0,FALSE,FALSE,FALSE
ID009,2026-01-30,4168,91352,133,32,32,6882,Location002,0,0,FALSE,FALSE,FALSE
ID009,2026-01-31,3640,93595,134,17,17,4728,Location002,0,0,FALSE,FALSE,FALSE
ID009,2026-02-01,3264,92785,135,15,15,5872,Location002,0,0,FALSE,FALSE,FALSE
ID009,2026-02-02,4269,95020,136,20,20,7349,Location002,0,0,FALSE,FALSE,FALSE
ID009,2026-02-03,3906,96395,137,32,32,7154,Location002,0,0,FALSE,FALSE,FALSE
ID009,2026-02-04,2625,98772,138,16,16,4285,Location002,0,0,FALSE,FALSE,FALSE
ID009,2026-02-05,4971,96936,139,17,17,5493,Location002,0,0,FALSE,FALSE,FALSE
ID009,2026-02-06,4017,96794,140,15,15,5595,Location002,0,0,FALSE,FALSE,FALSE
ID009,2026-02-07,3392,95566,141,11,11,5287,Location002,0,0,FALSE,FALSE,FALSE
ID009,2026-02-08,3464,101051,142,26,26,5769,Location002,0,0,FALSE,FALSE,FALSE
ID009,2026-02-09,4690,100239,143,13,13,5734,Location002,0,0,FALSE,FALSE,FALSE
ID009,2026-02-10,3728,100557,144,17,17,7133,Location002,0,0,FALSE,FALSE,FALSE
ID009,2026-02-11,4375,100945,145,16,16,5995,Location002,0,0,FALSE,FALSE,FALSE
ID009,2026-02-12,4717,103801,146,24,24,7144,Location002,0,0,FALSE,FALSE,FALSE
ID009,2026-02-13,4112.5,105425.5,147,14,0,0,Location002,0,14,FALSE,FALSE,TRUE
ID009,2026-02-14,3508,105882,148,22,22,5200,Location002,0,0,FALSE,FALSE,FALSE
ID009,2026-02-15,3106,106891,149,20,20,4673,Location002,0,0,FALSE,FALSE,FALSE
ID009,2026-02-16,5018,107898,150,25,25,7517,Location002,0,0,FALSE,FALSE,FALSE
ID009,2026-02-17,3337,108126,151,26,26,5318,Location002,0,0,FALSE,FALSE,FALSE
ID009,2026-02-18,3645,110352,152,32,32,5252,Location002,0,0,FALSE,FALSE,FALSE
ID009,2026-02-19,3911,110628,153,22,22,6140,Location002,0,0,FALSE,FALSE,FALSE
ID009,2026-02-20,2879,111017,154,28,28,4720,Location002,0,0,FALSE,FALSE,FALSE
ID009,2026-02-21,3609,112143,155,26,26,4828,Location002,0,0,FALSE,FALSE,FALSE
ID009,2026-02-22,3941,113146,156,24,24,5246,Location002,0,0,FALSE,FALSE,FALSE
ID009,2026-02-23,3160,114153,157,19,19,3904,Location002,0,0,FALSE,FALSE,FALSE
ID009,2026-02-24,3779,114188,158,26,26,3849,Location002,0,0,FALSE,FALSE,FALSE
ID009,2026-02-25,3384,115038,159,22,22,4171,Location002,0,0,FALSE,FALSE,FALSE
ID009,2026-02-26,3629,114171,160,13,13,3288,Location002,0,0,FALSE,FALSE,FALSE
ID009,2026-02-27,2053,115172,161,25,0,0,Location002,0,25,FALSE,FALSE,FALSE
ID009,2026-02-28,4031,116933,162,15,15,5673,Location002,0,0,FALSE,FALSE,FALSE
ID009,2026-03-01,4707,119967,163,16,16,5226,Location002,0,0,FALSE,FALSE,FALSE
ID009,2026-03-02,3441,120677,164,14,14,5402,Location002,0,0,FALSE,FALSE,FALSE
ID009,2026-03-03,3760,122113,165,17,17,5494,Location002,0,0,FALSE,FALSE,FALSE
ID009,2026-03-04,2534,121815,166,23,23,3620,Location002,0,0,FALSE,FALSE,FALSE
ID009,2026-03-05,2842,121869,167,24,24,5903,Location002,0,0,FALSE,FALSE,FALSE
ID009,2026-03-06,4311,123426.5,168,22,22,5557,Location002,0,0,FALSE,FALSE,FALSE
ID009,2026-03-07,3551,125140,169,14,14,5321,Location002,0,0,FALSE,FALSE,FALSE
ID009,2026-03-08,3373,126378,170,16,16,4633,Location002,0,0,FALSE,FALSE,FALSE
ID009,2026-03-09,1512,126669,171,8,0,0,Location002,0,8,FALSE,FALSE,FALSE
ID009,2026-03-10,4609,128602,172,23,23,6969,Location002,0,0,FALSE,FALSE,FALSE
ID009,2026-03-11,2814,129911,173,14,14,4763,Location002,0,0,FALSE,FALSE,FALSE
ID009,2026-03-12,3257,129040,174,24,24,4233,Location002,0,0,FALSE,FALSE,FALSE
ID009,2026-03-13,4034,131605,175,24,24,4296,Location002,0,0,FALSE,FALSE,FALSE
ID009,2026-03-14,2777,132567,176,22,22,4636,Location002,0,0,FALSE,FALSE,FALSE
ID009,2026-03-15,3151,131065,177,36,36,5918,Location002,0,0,FALSE,FALSE,FALSE
ID009,2026-03-16,1772,128021,178,34,34,4221,Location002,0,0,FALSE,FALSE,FALSE
ID009,2026-03-17,745,130848,179,20,0,0,Location002,0,20,FALSE,FALSE,FALSE
ID009,2026-03-18,2853,132856,180,17,17,4682,Location002,17,0,FALSE,TRUE,FALSE
ID009,2026-03-19,3200,134864,181,27,27,5511,Location002,27,0,FALSE,TRUE,FALSE
ID009,2026-03-20,4203,136872,182,25,25,4980,Location002,0,0,FALSE,FALSE,FALSE
ID009,2026-03-21,4546,135952,183,19,19,7016,Location002,0,0,FALSE,FALSE,FALSE
ID009,2026-03-22,3147,136656,184,22,22,5267,Location002,0,0,FALSE,FALSE,FALSE
ID009,2026-03-23,4334,136149,185,22,22,5572,Location002,0,0,FALSE,FALSE,FALSE
ID009,2026-03-24,4134,137479.5,186,18,18,5802,Location002,0,0,FALSE,FALSE,FALSE
ID009,2026-03-25,4326,138246,187,30,30,5405,Location002,22,0,FALSE,FALSE,FALSE
ID009,2026-03-26,3869,139719,188,27,27,5810,Location002,15,0,FALSE,FALSE,FALSE
ID009,2026-03-27,2399,139972,189,14,0,0,Location002,7,14,FALSE,FALSE,FALSE
ID009,2026-03-28,2961,138996.5,190,14,14,4153,Location002,0,0,FALSE,FALSE,FALSE
ID009,2026-03-29,5128,139488,191,12,12,4625,Location002,0,0,FALSE,FALSE,FALSE
ID009,2026-03-30,4459,139340,192,19,19,6491,Location002,9,0,FALSE,FALSE,FALSE
ID009,2026-03-31,5143,,193,32,32,7868,Location002,32,0,FALSE,TRUE,FALSE
ID009,2026-04-01,688,,194,2,0,0,Location002,2,2,FALSE,TRUE,FALSE
ID010,2025-12-02,944,,73,13,13,4841,Location001,13,0,FALSE,TRUE,FALSE
ID010,2025-12-04,2593,,75,8,8,4806,Location001,8,0,FALSE,TRUE,FALSE
ID010,2025-12-08,1597,25908,79,48,48,6126,Location001,11,0,FALSE,FALSE,FALSE
ID010,2025-12-09,1379,25864,80,61,61,4932,Location001,11,0,FALSE,FALSE,FALSE
ID010,2025-12-10,1465,26645,81,60,60,5392,Location001,3,0,FALSE,FALSE,FALSE
ID010,2025-12-12,1272,27990,83,62,62,4920,Location001,0,0,FALSE,FALSE,FALSE
ID010,2025-12-13,851,29147,84,40,0,0,Location001,3,40,FALSE,FALSE,FALSE
ID010,2025-12-16,892,30481,87,48,0,0,Location001,0,48,FALSE,FALSE,FALSE
ID010,2025-12-18,913,32938,89,32,32,3000,Location001,0,0,FALSE,FALSE,FALSE
ID010,2025-12-19,3211,33692,90,52,0,0,Location001,0,52,FALSE,FALSE,FALSE
ID010,2025-12-20,1629,34616,91,59,59,5418,Location001,0,0,FALSE,FALSE,FALSE
ID010,2025-12-21,1449,35557,92,46,46,4201,Location001,0,0,FALSE,FALSE,FALSE
ID010,2025-12-22,3199,36111,93,64,64,6202,Location001,0,0,FALSE,FALSE,FALSE
ID010,2025-12-23,2097,37379,94,75,75,6190,Location001,0,0,FALSE,FALSE,FALSE
ID010,2025-12-24,2559,38853,95,78,78,6128,Location001,0,0,FALSE,FALSE,FALSE
ID010,2025-12-25,2109,39620,96,57,57,6079,Location001,0,0,FALSE,FALSE,FALSE
ID010,2025-12-26,1876,39943,97,63,63,6193,Location001,0,0,FALSE,FALSE,FALSE
ID010,2025-12-27,2683,41331,98,73,73,6777,Location001,0,0,FALSE,FALSE,FALSE
ID010,2025-12-28,2105,41489,99,82,82,7175,Location001,0,0,FALSE,FALSE,FALSE
ID010,2025-12-29,2371,42567,100,84,84,6614,Location001,0,0,FALSE,FALSE,FALSE
ID010,2025-12-30,2397,44048,101,71,71,6907,Location001,0,0,FALSE,FALSE,FALSE
ID010,2025-12-31,2144,44796,102,64,64,5961,Location001,0,0,FALSE,FALSE,FALSE
ID010,2026-01-01,1902,45601,103,57,57,4962,Location001,0,0,FALSE,FALSE,FALSE
ID010,2026-01-02,2322,46319,104,52,52,5819,Location001,0,0,FALSE,FALSE,FALSE
ID010,2026-01-03,2508,47224,105,58,58,5326,Location001,0,0,FALSE,FALSE,FALSE
ID010,2026-01-04,2676,47708,106,47,47,5940,Location001,0,0,FALSE,FALSE,FALSE
ID010,2026-01-05,2235,49051,107,73,73,5822,Location001,0,0,FALSE,FALSE,FALSE
ID010,2026-01-06,2259,49414,108,83,83,6565,Location001,0,0,FALSE,FALSE,FALSE
ID010,2026-01-07,2471,50840,109,77,77,6800,Location001,0,0,FALSE,FALSE,FALSE
ID010,2026-01-08,2333,51995,110,56,56,6094,Location001,0,0,FALSE,FALSE,FALSE
ID010,2026-01-09,1786,52090,111,49,49,5579,Location001,0,0,FALSE,FALSE,FALSE
ID010,2026-01-10,2185,52827,112,54,54,5799,Location001,0,0,FALSE,FALSE,FALSE
ID010,2026-01-11,2884,53697,113,58,58,5502,Location001,0,0,FALSE,FALSE,FALSE
ID010,2026-01-12,1056,53790,114,9,9,1831,Location001,0,0,FALSE,FALSE,FALSE
ID010,2026-01-13,2871,55574,115,58,58,6392,Location001,0,0,FALSE,FALSE,FALSE
ID010,2026-01-14,2512.5,57798,116,57,0,0,Location001,0,57,FALSE,FALSE,TRUE
ID010,2026-01-15,2154,58478,117,19,19,2647,Location001,0,0,FALSE,FALSE,FALSE
ID010,2026-01-16,2901,59547,118,32,32,3831,Location001,0,0,FALSE,FALSE,FALSE
ID010,2026-01-17,3416,61357,119,33,33,3611,Location001,0,0,FALSE,FALSE,FALSE
ID010,2026-01-18,4910,61267,120,34,0,0,Location001,0,34,FALSE,FALSE,FALSE
ID010,2026-01-19,2654,63002,121,23,23,3206,Location001,0,0,FALSE,FALSE,FALSE
ID010,2026-01-20,2505,63110,122,15,15,3427,Location001,0,0,FALSE,FALSE,FALSE
ID010,2026-01-21,2483,65087,123,18,18,3592,Location001,0,0,FALSE,FALSE,FALSE
ID010,2026-01-22,2635,65020,124,29,29,4667,Location001,0,0,FALSE,FALSE,FALSE
ID010,2026-01-23,2385,66645,125,20,20,3347,Location001,0,0,FALSE,FALSE,FALSE
ID010,2026-01-24,1935,66657,126,14,14,2180,Location001,0,0,FALSE,FALSE,FALSE
ID010,2026-01-25,3730,67181,127,38,38,4090,Location001,0,0,FALSE,FALSE,FALSE
ID010,2026-01-26,3406,68962,128,40,40,3742,Location001,0,0,FALSE,FALSE,FALSE
ID010,2026-01-27,2300,71006,129,29,29,2803,Location001,0,0,FALSE,FALSE,FALSE
ID010,2026-01-28,2701,70914,130,29,29,3748,Location001,0,0,FALSE,FALSE,FALSE
ID010,2026-01-29,2526,71276,131,26,26,3532,Location001,0,0,FALSE,FALSE,FALSE
ID010,2026-01-30,3300,73213,132,20,20,4084,Location001,0,0,FALSE,FALSE,FALSE
ID010,2026-01-31,4157,73457,133,25,25,3768,Location001,0,0,FALSE,FALSE,FALSE
ID010,2026-02-01,3417,73754,134,17,17,3993,Location001,0,0,FALSE,FALSE,FALSE
ID010,2026-02-02,4751,75895,135,57,57,5593,Location001,0,0,FALSE,FALSE,FALSE
ID010,2026-02-03,3572,75869,136,25,25,4412,Location001,0,0,FALSE,FALSE,FALSE
ID010,2026-02-04,5362,79034.5,137,38,38,6175,Location001,0,0,FALSE,FALSE,FALSE
ID010,2026-02-05,4150,79445,138,42,42,4171,Location001,0,0,FALSE,FALSE,FALSE
ID010,2026-02-06,3031,78439,139,27,27,3403,Location001,0,0,FALSE,FALSE,FALSE
ID010,2026-02-07,3540,81680,140,27,27,3841,Location001,0,0,FALSE,FALSE,FALSE
ID010,2026-02-08,5358,81977,141,27,0,0,Location001,0,27,FALSE,FALSE,FALSE
ID010,2026-02-09,2397,81071,142,12,12,3116,Location001,0,0,FALSE,FALSE,FALSE
ID010,2026-02-10,3817,81629,143,20,20,3267,Location001,0,0,FALSE,FALSE,FALSE
ID010,2026-02-11,2729,84154,144,15,15,4465,Location001,0,0,FALSE,FALSE,FALSE
ID010,2026-02-12,3856,83976.5,145,18,18,4037,Location001,0,0,FALSE,FALSE,FALSE
ID010,2026-02-13,2603,84753,146,14,14,3372,Location001,0,0,FALSE,FALSE,FALSE
ID010,2026-02-14,2796,86664,147,17,17,3947,Location001,0,0,FALSE,FALSE,FALSE
ID010,2026-02-15,2528,86716,148,28,28,4957,Location001,0,0,FALSE,FALSE,FALSE
ID010,2026-02-16,3150,88027,149,35,35,4316,Location001,0,0,FALSE,FALSE,FALSE
ID010,2026-02-17,2384,88457,150,39,39,3158,Location001,0,0,FALSE,FALSE,FALSE
ID010,2026-02-18,3503,89704,151,27,27,3889,Location001,0,0,FALSE,FALSE,FALSE
ID010,2026-02-19,1983,90045,152,31,31,2594,Location001,0,0,FALSE,FALSE,FALSE
ID010,2026-02-20,3376,90153,153,34,34,4274,Location001,0,0,FALSE,FALSE,FALSE
ID010,2026-02-21,4403,90874.5,154,34,34,4027,Location001,0,0,FALSE,FALSE,FALSE
ID010,2026-02-22,3488,90772,155,37,37,3592,Location001,0,0,FALSE,FALSE,FALSE
ID010,2026-02-23,3009,91710,156,37,37,3296,Location001,0,0,FALSE,FALSE,FALSE
ID010,2026-02-24,2920,93400,157,31,31,2781,Location001,0,0,FALSE,FALSE,FALSE
ID010,2026-02-25,3932,93124,158,35,35,3086,Location001,0,0,FALSE,FALSE,FALSE
ID010,2026-02-26,3572,94080,159,26,26,4981,Location001,0,0,FALSE,FALSE,FALSE
ID010,2026-02-27,5387,98276,160,25,0,0,Location001,0,25,FALSE,FALSE,FALSE
ID010,2026-02-28,4502,98129.5,161,28,28,5122,Location001,0,0,FALSE,FALSE,FALSE
ID010,2026-03-01,3586,99581,162,40,40,3975,Location001,0,0,FALSE,FALSE,FALSE
ID010,2026-03-02,3440,99909,163,33,33,3867,Location001,0,0,FALSE,FALSE,FALSE
ID010,2026-03-03,3663,100043,164,22,22,3772,Location001,0,0,FALSE,FALSE,FALSE
ID010,2026-03-04,4259,101866,165,29,29,4298,Location001,0,0,FALSE,FALSE,FALSE
ID010,2026-03-05,2637,103422,166,21,21,4390,Location001,0,0,FALSE,FALSE,FALSE
ID010,2026-03-06,5323,103267,167,37,0,0,Location001,0,37,FALSE,FALSE,FALSE
ID010,2026-03-07,3143,103004,168,19,19,3799,Location001,0,0,FALSE,FALSE,FALSE
ID010,2026-03-08,2547,103176.5,169,14,14,4014,Location001,0,0,FALSE,FALSE,FALSE
ID010,2026-03-09,3630,103722,170,15,15,4254,Location001,0,0,FALSE,FALSE,FALSE
ID010,2026-03-10,5420,105455,171,14,0,0,Location001,0,14,FALSE,FALSE,FALSE
ID010,2026-03-11,4673,106710,172,21,21,5530,Location001,0,0,FALSE,FALSE,FALSE
ID010,2026-03-12,3197,108529,173,28,28,4216,Location001,0,0,FALSE,FALSE,FALSE
ID010,2026-03-13,3644,109540,174,27,27,4953,Location001,0,0,FALSE,FALSE,FALSE
ID010,2026-03-14,2087,109612,175,16,16,3111,Location001,0,0,FALSE,FALSE,FALSE
ID010,2026-03-15,2878,108984,176,26,26,3849,Location001,0,0,FALSE,FALSE,FALSE
ID010,2026-03-16,3331,110848,177,21,21,4232,Location001,0,0,FALSE,FALSE,FALSE
ID010,2026-03-17,3811,114205,178,24,24,4696,Location001,0,0,FALSE,FALSE,FALSE
ID010,2026-03-18,1807,113658,179,12,0,0,Location001,0,12,FALSE,FALSE,FALSE
ID010,2026-03-19,3120,112783,180,16,16,3510,Location001,0,0,FALSE,FALSE,FALSE
ID010,2026-03-20,4448,114442,181,11,0,0,Location001,0,11,FALSE,FALSE,FALSE
ID010,2026-03-21,2313,115085,182,9,9,3339,Location001,0,0,FALSE,FALSE,FALSE
ID010,2026-03-22,3084,115427,183,12,12,3893,Location001,0,0,FALSE,FALSE,FALSE
ID010,2026-03-23,1895,116073,184,13,13,2759,Location001,0,0,FALSE,FALSE,FALSE
ID010,2026-03-24,3082,116950.5,185,14,14,4885,Location001,0,0,FALSE,FALSE,FALSE
ID010,2026-03-25,3898,120977,186,11,11,4389,Location001,0,0,FALSE,FALSE,FALSE
ID010,2026-03-26,2470,120312,187,8,8,3755,Location001,0,0,FALSE,FALSE,FALSE
ID010,2026-03-27,1195,120667,188,7,7,1842,Location001,0,0,FALSE,FALSE,FALSE
ID010,2026-03-28,3351,120587,189,20,0,0,Location001,0,20,FALSE,FALSE,FALSE
ID010,2026-03-29,302,120697.5,190,4,0,0,Location001,0,4,FALSE,FALSE,FALSE
ID011,2025-12-02,1945,,74,19,19,3882,Location002,19,0,FALSE,TRUE,FALSE
ID011,2025-12-04,4844,,76,16,0,0,Location002,16,16,FALSE,TRUE,FALSE
ID011,2025-12-05,725,,77,7,7,5122,Location002,7,0,FALSE,TRUE,FALSE
ID011,2025-12-06,815,,78,12,12,5290,Location002,12,0,FALSE,TRUE,FALSE
ID011,2025-12-08,1587,29267,80,13,13,5592,Location002,0,0,FALSE,FALSE,FALSE
ID011,2025-12-09,1625,34317,81,25,25,7831,Location002,0,0,FALSE,FALSE,FALSE
ID011,2025-12-10,1957,30960,82,21,21,7736,Location002,0,0,FALSE,FALSE,FALSE
ID011,2025-12-11,1264,30557.5,83,14,14,2974,Location002,0,0,FALSE,FALSE,FALSE
ID011,2025-12-12,1540,30557,84,15,15,6195,Location002,0,0,FALSE,FALSE,FALSE
ID011,2025-12-13,1830,30534,85,20,20,7364,Location002,0,0,FALSE,FALSE,FALSE
ID011,2025-12-14,1903,34074,86,17,17,6686,Location002,0,0,FALSE,FALSE,FALSE
ID011,2025-12-15,1900,35378,87,16,16,6972,Location002,0,0,FALSE,FALSE,FALSE
ID011,2025-12-16,1870,35673,88,21,21,8065,Location002,0,0,FALSE,FALSE,FALSE
ID011,2025-12-18,2107,37232,90,27,27,6520,Location002,0,0,FALSE,FALSE,FALSE
ID011,2025-12-19,1920,38535,91,39,39,7392,Location002,0,0,FALSE,FALSE,FALSE
ID011,2025-12-20,2079,39139,92,15,15,6135,Location002,0,0,FALSE,FALSE,FALSE
ID011,2025-12-21,2778,41042,93,34,34,7337,Location002,0,0,FALSE,FALSE,FALSE
ID011,2025-12-22,1871,41552,94,35,35,6969,Location002,0,0,FALSE,FALSE,FALSE
ID011,2025-12-23,1884,42002,95,28,28,7080,Location002,0,0,FALSE,FALSE,FALSE
ID011,2025-12-24,2206,43065.5,96,12,12,6707,Location002,0,0,FALSE,FALSE,FALSE
ID011,2025-12-25,2767,42967,97,25,25,9448,Location002,0,0,FALSE,FALSE,FALSE
ID011,2025-12-26,2683,46680,98,17,17,8530,Location002,0,0,FALSE,FALSE,FALSE
ID011,2025-12-27,3326,47496,99,21,21,8854,Location002,0,0,FALSE,FALSE,FALSE
ID011,2025-12-28,1049,46134,100,7,7,2869,Location002,0,0,FALSE,FALSE,FALSE
ID011,2025-12-29,2159,46470,101,17,17,5904,Location002,0,0,FALSE,FALSE,FALSE
ID011,2025-12-30,1735,46377,102,15,15,3774,Location002,0,0,FALSE,FALSE,FALSE
ID011,2025-12-31,2555,47877,103,15,15,5499,Location002,0,0,FALSE,FALSE,FALSE
ID011,2026-01-01,2576,48977,104,17,17,5697,Location002,0,0,FALSE,FALSE,FALSE
ID011,2026-01-02,2881,51825,105,21,21,8016,Location002,0,0,FALSE,FALSE,FALSE
ID011,2026-01-03,2462,52760,106,19,19,7271,Location002,0,0,FALSE,FALSE,FALSE
ID011,2026-01-04,2851,54446,107,27,27,8850,Location002,0,0,FALSE,FALSE,FALSE
ID011,2026-01-05,5432,55060.5,108,44,0,0,Location002,0,44,FALSE,FALSE,FALSE
ID011,2026-01-06,3215,56032,109,34,34,9674,Location002,0,0,FALSE,FALSE,FALSE
ID011,2026-01-07,4431,58338,110,39,39,9347,Location002,0,0,FALSE,FALSE,FALSE
ID011,2026-01-08,4186,59200,111,30,30,9832,Location002,0,0,FALSE,FALSE,FALSE
ID011,2026-01-09,3596,60559,112,38,38,9616,Location002,0,0,FALSE,FALSE,FALSE
ID011,2026-01-10,3358,60923,113,41,41,8392,Location002,0,0,FALSE,FALSE,FALSE
ID011,2026-01-11,2919,61291,114,20,20,6438,Location002,0,0,FALSE,FALSE,FALSE
ID011,2026-01-12,5083,63158,115,16,16,7306,Location002,0,0,FALSE,FALSE,FALSE
ID011,2026-01-13,3716,63520.5,116,20,20,8307,Location002,0,0,FALSE,FALSE,FALSE
ID011,2026-01-14,4204,67479.5,117,18,18,5644,Location002,0,0,FALSE,FALSE,FALSE
ID011,2026-01-15,2692,67641,118,16,16,4978,Location002,0,0,FALSE,FALSE,FALSE
ID011,2026-01-16,2617,69755,119,15,15,3906,Location002,0,0,FALSE,FALSE,FALSE
ID011,2026-01-17,1751,70130,120,13,13,3639,Location002,0,0,FALSE,FALSE,FALSE
ID011,2026-01-18,2346,71595,121,24,24,4308,Location002,0,0,FALSE,FALSE,FALSE
ID011,2026-01-19,2482,71042,122,27,27,5592,Location002,0,0,FALSE,FALSE,FALSE
ID011,2026-01-20,3493,72020,123,18,18,6794,Location002,0,0,FALSE,FALSE,FALSE
ID011,2026-01-21,2718,70835,124,16,16,5410,Location002,0,0,FALSE,FALSE,FALSE
ID011,2026-01-22,3041,74608,125,16,16,6442,Location002,0,0,FALSE,FALSE,FALSE
ID011,2026-01-23,4198,77122,126,26,26,9138,Location002,0,0,FALSE,FALSE,FALSE
ID011,2026-01-24,2961,75990,127,17,17,5804,Location002,0,0,FALSE,FALSE,FALSE
ID011,2026-01-25,4617,77631,128,22,22,8919,Location002,0,0,FALSE,FALSE,FALSE
ID011,2026-01-26,3365,79865,129,20,20,6752,Location002,0,0,FALSE,FALSE,FALSE
ID011,2026-01-27,3342,78463,130,17,17,6898,Location002,0,0,FALSE,FALSE,FALSE
ID011,2026-01-28,3468,82708.5,131,20,20,7169,Location002,0,0,FALSE,FALSE,FALSE
ID011,2026-01-29,3999,84371,132,16,16,4835,Location002,0,0,FALSE,FALSE,FALSE
ID011,2026-01-30,4447,83177,133,19,19,5637,Location002,0,0,FALSE,FALSE,FALSE
ID011,2026-01-31,3397,83282,134,17,17,5404,Location002,0,0,FALSE,FALSE,FALSE
ID011,2026-02-01,3981,86318,135,21,21,7095,Location002,0,0,FALSE,FALSE,FALSE
ID011,2026-02-02,2101,85416,136,9,9,3102,Location002,0,0,FALSE,FALSE,FALSE
ID011,2026-02-03,3823,84628,137,18,18,7370,Location002,0,0,FALSE,FALSE,FALSE
ID011,2026-02-04,1964,83788,138,9,9,2747,Location002,0,0,FALSE,FALSE,FALSE
ID011,2026-02-05,3513,85777,139,14,14,6392,Location002,0,0,FALSE,FALSE,FALSE
ID011,2026-02-06,3505,87600,140,15,15,6185,Location002,0,0,FALSE,FALSE,FALSE
ID011,2026-02-07,3762,88592,141,15,15,6386,Location002,0,0,FALSE,FALSE,FALSE
ID011,2026-02-08,2449,90369,142,14,14,5613,Location002,0,0,FALSE,FALSE,FALSE
ID011,2026-02-09,4469,93036,143,23,23,7401,Location002,0,0,FALSE,FALSE,FALSE
ID011,2026-02-10,2597,93474,144,11,11,5082,Location002,0,0,FALSE,FALSE,FALSE
ID011,2026-02-11,4269,94013,145,20,20,7067,Location002,0,0,FALSE,FALSE,FALSE
ID011,2026-02-12,3696,93859,146,21,21,6564,Location002,0,0,FALSE,FALSE,FALSE
ID011,2026-02-13,3327,95913.5,147,16,16,6698,Location002,0,0,FALSE,FALSE,FALSE
ID011,2026-02-14,1941,94903,148,11,11,4709,Location002,0,0,FALSE,FALSE,FALSE
ID011,2026-02-15,4014,95761,149,15,15,6907,Location002,0,0,FALSE,FALSE,FALSE
ID011,2026-02-16,1785,96338,150,9,9,2739,Location002,0,0,FALSE,FALSE,FALSE
ID011,2026-02-17,4370,97082,151,23,23,7135,Location002,0,0,FALSE,FALSE,FALSE
ID011,2026-02-18,2378,95555,152,11,11,5667,Location002,0,0,FALSE,FALSE,FALSE
ID011,2026-02-19,5,95198,153,1,0,0,Location002,0,1,FALSE,FALSE,FALSE
ID011,2026-02-20,3940,97042,154,18,18,7514,Location002,0,0,FALSE,FALSE,FALSE
ID011,2026-02-21,2982,100641,155,14,14,6622,Location002,0,0,FALSE,FALSE,FALSE
ID011,2026-02-22,3051,99483,156,12,12,5735,Location002,0,0,FALSE,FALSE,FALSE
ID011,2026-02-23,2771,100254,157,12,12,5370,Location002,0,0,FALSE,FALSE,FALSE
ID011,2026-02-24,3452,104256,158,15,15,6607,Location002,0,0,FALSE,FALSE,FALSE
ID011,2026-02-25,5267,104571,159,18,0,0,Location002,0,18,FALSE,FALSE,FALSE
ID011,2026-02-26,2985,104319,160,22,22,5062,Location002,0,0,FALSE,FALSE,FALSE
ID011,2026-02-27,3603,106803.5,161,14,14,6469,Location002,0,0,FALSE,FALSE,FALSE
ID011,2026-02-28,2856,106301,162,16,16,3552,Location002,0,0,FALSE,FALSE,FALSE
ID011,2026-03-01,3729,108919,163,23,23,5425,Location002,0,0,FALSE,FALSE,FALSE
ID011,2026-03-02,726,107035,164,7,7,1430,Location002,0,0,FALSE,FALSE,FALSE
ID011,2026-03-03,1677,109704,165,8,8,2122,Location002,0,0,FALSE,FALSE,FALSE
ID011,2026-03-04,2491,109704,166,14,14,4636,Location002,0,0,FALSE,FALSE,FALSE
ID011,2026-03-05,3893,104551,167,24,24,6060,Location002,0,0,FALSE,FALSE,FALSE
ID011,2026-03-06,3293,103016,168,24,24,6548,Location002,0,0,FALSE,FALSE,FALSE
ID011,2026-03-07,2963,109849,169,24,24,4754,Location002,0,0,FALSE,FALSE,FALSE
ID011,2026-03-08,753,110870,170,4,0,0,Location002,0,4,FALSE,FALSE,FALSE
ID011,2026-03-09,2840,109553,171,14,14,5086,Location002,0,0,FALSE,FALSE,FALSE
ID011,2026-03-10,3108,109203,172,12,12,6326,Location002,0,0,FALSE,FALSE,FALSE
ID011,2026-03-11,3017,110829,173,16,16,5371,Location002,0,0,FALSE,FALSE,FALSE
ID011,2026-03-12,2740,110433,174,17,17,4530,Location002,0,0,FALSE,FALSE,FALSE
ID011,2026-03-13,2340,113366,175,20,20,4172,Location002,0,0,FALSE,FALSE,FALSE
ID011,2026-03-14,3497,112233,176,20,20,5466,Location002,0,0,FALSE,FALSE,FALSE
ID011,2026-03-15,2536,112213,177,15,15,3400,Location002,0,0,FALSE,FALSE,FALSE
ID011,2026-03-16,1453,108986,178,11,11,2395,Location002,0,0,FALSE,FALSE,FALSE
ID011,2026-03-17,935,106000,179,8,8,1856,Location002,0,0,FALSE,FALSE,FALSE
ID011,2026-03-18,304,104573,180,5,5,1538,Location002,0,0,FALSE,FALSE,FALSE
ID011,2026-03-19,3418,104198,181,13,0,0,Location002,0,13,FALSE,FALSE,FALSE
ID011,2026-03-20,1256,104198,182,7,7,2158,Location002,0,0,FALSE,FALSE,FALSE
ID011,2026-03-21,10,111310,183,1,0,0,Location002,0,1,FALSE,FALSE,FALSE
ID011,2026-03-22,818,114276,184,5,5,1572,Location002,0,0,FALSE,FALSE,FALSE
ID011,2026-03-23,2378,110790,185,13,13,5532,Location002,0,0,FALSE,FALSE,FALSE
ID011,2026-03-24,2652,113385,186,14,14,4227,Location002,0,0,FALSE,FALSE,FALSE
ID011,2026-03-25,2665,115669,187,24,24,6244,Location002,0,0,FALSE,FALSE,FALSE
ID011,2026-03-26,3023,113855,188,12,12,5903,Location002,0,0,FALSE,FALSE,FALSE
ID011,2026-03-27,1642,119015,189,11,11,2245,Location002,0,0,FALSE,FALSE,FALSE
ID011,2026-03-28,1116,118223,190,7,7,1685,Location002,0,0,FALSE,FALSE,FALSE
ID011,2026-03-29,193,116441,191,2,0,0,Location002,0,2,FALSE,FALSE,FALSE
ID011,2026-03-30,1502,116776,192,6,6,4006,Location002,0,0,FALSE,FALSE,FALSE
ID011,2026-03-31,3214,113809,193,16,16,5981,Location002,0,0,FALSE,FALSE,FALSE
ID011,2026-04-01,909,117945,194,4,4,2038,Location002,0,0,FALSE,FALSE,FALSE
ID011,2026-04-05,2927,118600.5,198,18,18,5417,Location002,0,0,FALSE,FALSE,FALSE
ID011,2026-04-06,3911,118927,199,20,20,3993,Location002,0,0,FALSE,FALSE,FALSE
ID011,2026-04-07,3324,120881,200,26,26,5707,Location002,0,0,FALSE,FALSE,FALSE
ID011,2026-04-08,4507,118833,201,31,31,5758,Location002,0,0,FALSE,FALSE,FALSE
ID011,2026-04-09,3025,126539,202,34,34,5227,Location002,0,0,FALSE,FALSE,FALSE
ID011,2026-04-10,3135,126895,203,36,36,5230,Location002,0,0,FALSE,FALSE,FALSE
ID011,2026-04-11,2990,125712,204,23,23,4567,Location002,0,0,FALSE,FALSE,FALSE
ID011,2026-04-12,500,123745,205,12,0,0,Location002,0,12,FALSE,FALSE,FALSE
ID011,2026-04-13,2839,125182,206,19,19,4747,Location002,0,0,FALSE,FALSE,FALSE
ID011,2026-04-14,4074,126976,207,30,30,5908,Location002,0,0,FALSE,FALSE,FALSE
ID011,2026-04-15,545,124752,208,7,0,0,Location002,0,7,FALSE,FALSE,FALSE
ID011,2026-04-16,4273,124038,209,16,16,5626,Location002,0,0,FALSE,FALSE,FALSE
ID011,2026-04-17,3454,128066,210,21,21,6189,Location002,0,0,FALSE,FALSE,FALSE
ID011,2026-04-18,55,129578,211,1,0,0,Location002,0,1,FALSE,FALSE,FALSE
ID011,2026-04-20,3230,122198,213,22,22,4917,Location002,0,0,FALSE,FALSE,FALSE
ID011,2026-04-21,4393,123509,214,17,17,5615,Location002,0,0,FALSE,FALSE,FALSE
ID011,2026-04-22,5803,127698,215,24,0,0,Location002,0,24,FALSE,FALSE,FALSE
ID011,2026-04-23,3392,125034,216,25,25,4827,Location002,0,0,FALSE,FALSE,FALSE
ID011,2026-04-24,3508,,217,27,27,5270,Location002,0,0,FALSE,TRUE,FALSE
ID012,2025-12-02,667,38924,66,9,0,0,Location002,4,9,FALSE,FALSE,FALSE
ID012,2025-12-04,2556,42076,68,14,14,7736,Location002,7,0,FALSE,FALSE,FALSE
ID012,2025-12-05,2209,39143,69,23,23,7373,Location002,23,0,FALSE,TRUE,FALSE
ID012,2025-12-06,1253,36210,70,39,39,5881,Location002,39,0,FALSE,TRUE,FALSE
ID012,2025-12-07,3282,33277,71,21,21,5013,Location002,0,0,FALSE,FALSE,FALSE
ID012,2025-12-08,3675,30148,72,22,22,5010,Location002,0,0,FALSE,FALSE,FALSE
ID012,2025-12-09,3814,30762.5,73,19,0,0,Location002,1,19,FALSE,FALSE,TRUE
ID012,2025-12-10,3953,32307,74,24,24,8171,Location002,0,0,FALSE,FALSE,FALSE
ID012,2025-12-11,5454,32320,75,16,16,6686,Location002,0,0,FALSE,FALSE,FALSE
ID012,2025-12-12,1856,33664,76,16,16,4102,Location002,0,0,FALSE,FALSE,FALSE
ID012,2025-12-13,1611,34128,77,31,31,5870,Location002,0,0,FALSE,FALSE,FALSE
ID012,2025-12-14,1556,35156,78,20,20,4785,Location002,0,0,FALSE,FALSE,FALSE
ID012,2025-12-15,3112,36216.5,79,28,28,7126,Location002,0,0,FALSE,FALSE,FALSE
ID012,2025-12-18,5000,38500,82,34,34,9275,Location002,0,0,FALSE,FALSE,FALSE
ID012,2025-12-19,3768,38104,83,57,57,9198,Location002,0,0,FALSE,FALSE,FALSE
ID012,2025-12-20,3261.5,42332,84,25,0,0,Location002,0,25,FALSE,FALSE,TRUE
ID012,2025-12-21,2755,43504,85,51,51,9108,Location002,0,0,FALSE,FALSE,FALSE
ID012,2025-12-22,2554,43857,86,61,61,8009,Location002,0,0,FALSE,FALSE,FALSE
ID012,2025-12-23,2582,43913,87,60,60,9308,Location002,0,0,FALSE,FALSE,FALSE
ID012,2025-12-24,3787,45755,88,24,24,9391,Location002,0,0,FALSE,FALSE,FALSE
ID012,2025-12-25,2499,44101,89,50,50,7817,Location002,0,0,FALSE,FALSE,FALSE
ID012,2025-12-26,3436,48562,90,38,38,10541,Location002,0,0,FALSE,FALSE,FALSE
ID012,2025-12-27,5723,49520,91,31,31,10836,Location002,0,0,FALSE,FALSE,FALSE
ID012,2025-12-28,2987,50272,92,18,18,7231,Location002,0,0,FALSE,FALSE,FALSE
ID012,2025-12-29,4402,50485,93,23,23,9010,Location002,0,0,FALSE,FALSE,FALSE
ID012,2025-12-30,3258,52200.5,94,22,22,7758,Location002,0,0,FALSE,FALSE,FALSE
ID012,2025-12-31,3122,53522,95,17,17,7699,Location002,0,0,FALSE,FALSE,FALSE
ID012,2026-01-01,4366,54871,96,25,25,7485,Location002,0,0,FALSE,FALSE,FALSE
ID012,2026-01-02,3557,56611,97,26,26,8713,Location002,0,0,FALSE,FALSE,FALSE
ID012,2026-01-03,3655.5,57876,98,34,34,9957,Location002,0,0,FALSE,FALSE,TRUE
ID012,2026-01-04,3754,59178,99,34,34,9083,Location002,0,0,FALSE,FALSE,FALSE
ID012,2026-01-05,3736,59867,100,51,51,8826,Location002,0,0,FALSE,FALSE,FALSE
ID012,2026-01-06,3535,61237,101,42,42,8412,Location002,0,0,FALSE,FALSE,FALSE
ID012,2026-01-07,3407,63338,102,38,38,7676,Location002,0,0,FALSE,FALSE,FALSE
ID012,2026-01-08,3463,64704,103,33,33,7000,Location002,0,0,FALSE,FALSE,FALSE
ID012,2026-01-09,3724,64370,104,43,43,7945,Location002,0,0,FALSE,FALSE,FALSE
ID012,2026-01-10,3227,66550,105,51,51,7150,Location002,0,0,FALSE,FALSE,FALSE
ID012,2026-01-11,3163,67267,106,26,26,5796,Location002,0,0,FALSE,FALSE,FALSE
ID012,2026-01-12,3728,68253,107,27,0,0,Location002,0,27,FALSE,FALSE,TRUE
ID012,2026-01-13,4293,70430,108,25,25,7907,Location002,0,0,FALSE,FALSE,FALSE
ID012,2026-01-14,4054.5,72266,109,33,0,0,Location002,0,33,FALSE,FALSE,TRUE
ID012,2026-01-15,3816,73138,110,25,25,5109,Location002,0,0,FALSE,FALSE,FALSE
ID012,2026-01-16,3379,74591,111,28,28,4489,Location002,0,0,FALSE,FALSE,FALSE
ID012,2026-01-17,3084,74197,112,27,27,4921,Location002,0,0,FALSE,FALSE,FALSE
ID012,2026-01-18,3352,76331,113,31,31,4453,Location002,0,0,FALSE,FALSE,FALSE
ID012,2026-01-19,3948,76439,114,28,28,5088,Location002,0,0,FALSE,FALSE,FALSE
ID012,2026-01-20,3790,77450,115,17,17,6129,Location002,0,0,FALSE,FALSE,FALSE
ID012,2026-01-21,4704,78915,116,19,19,7475,Location002,0,0,FALSE,FALSE,FALSE
ID012,2026-01-22,4543,79427,117,20,20,6726,Location002,0,0,FALSE,FALSE,FALSE
ID012,2026-01-23,2947,81239,118,24,24,5597,Location002,0,0,FALSE,FALSE,FALSE
ID012,2026-01-24,3355,82419,119,19,19,5331,Location002,0,0,FALSE,FALSE,FALSE
ID012,2026-01-25,3684,82603,120,19,19,5733,Location002,0,0,FALSE,FALSE,FALSE
ID012,2026-01-26,4869,84631.5,121,22,22,6544,Location002,0,0,FALSE,FALSE,FALSE
ID012,2026-01-27,5054,84775,122,25,25,5815,Location002,0,0,FALSE,FALSE,FALSE
ID012,2026-01-28,4920,87415,123,24,24,5619,Location002,0,0,FALSE,FALSE,FALSE
ID012,2026-01-29,4402,87275,124,25,25,6313,Location002,0,0,FALSE,FALSE,FALSE
ID012,2026-01-30,5384,88500,125,25,25,6148,Location002,0,0,FALSE,FALSE,FALSE
ID012,2026-01-31,6000,89813,126,28,28,5796,Location002,0,0,FALSE,FALSE,FALSE
ID012,2026-02-01,3259,90801,127,14,14,4605,Location002,0,0,FALSE,FALSE,FALSE
ID012,2026-02-02,3937,92138,128,26,26,7218,Location002,0,0,FALSE,FALSE,FALSE
ID012,2026-02-03,3615,94089,129,14,14,5199,Location002,0,0,FALSE,FALSE,FALSE
ID012,2026-02-04,3040,93937,130,20,20,4675,Location002,0,0,FALSE,FALSE,FALSE
ID012,2026-02-05,5231,96666,131,21,21,6495,Location002,0,0,FALSE,FALSE,FALSE
ID012,2026-02-06,4306,97432,132,26,26,6231,Location002,0,0,FALSE,FALSE,FALSE
ID012,2026-02-07,5450,97372,133,30,30,5488,Location002,0,0,FALSE,FALSE,FALSE
ID012,2026-02-08,3929,98265,134,26,26,5836,Location002,0,0,FALSE,FALSE,FALSE
ID012,2026-02-09,3743,99992,135,24,24,4223,Location002,0,0,FALSE,FALSE,FALSE
ID012,2026-02-10,4355,101020,136,16,16,6268,Location002,0,0,FALSE,FALSE,FALSE
ID012,2026-02-11,3792,102991,137,17,17,4675,Location002,0,0,FALSE,FALSE,FALSE
ID012,2026-02-12,3854,102770,138,18,18,5288,Location002,0,0,FALSE,FALSE,FALSE
ID012,2026-02-13,4212,103778,139,18,18,4566,Location002,0,0,FALSE,FALSE,FALSE
ID012,2026-02-14,4154,103903,140,19,19,5246,Location002,0,0,FALSE,FALSE,FALSE
ID012,2026-02-15,4680,104544,141,19,19,5703,Location002,0,0,FALSE,FALSE,FALSE
ID012,2026-02-16,3809,106163.5,142,20,20,4966,Location002,0,0,FALSE,FALSE,FALSE
ID012,2026-02-17,4507,107374.5,143,24,24,6850,Location002,0,0,FALSE,FALSE,FALSE
ID012,2026-02-18,4736,109182,144,17,17,5236,Location002,0,0,FALSE,FALSE,FALSE
ID012,2026-02-19,2185,108492,145,9,9,3224,Location002,0,0,FALSE,FALSE,FALSE
ID012,2026-02-20,4627,108316,146,20,20,6434,Location002,0,0,FALSE,FALSE,FALSE
ID012,2026-02-21,4829,105832,147,18,18,6670,Location002,0,0,FALSE,FALSE,FALSE
ID012,2026-02-22,2539,109097,148,12,12,3999,Location002,12,0,FALSE,TRUE,FALSE
ID012,2026-02-23,2884,112362,149,30,0,0,Location002,30,30,FALSE,TRUE,TRUE
ID012,2026-02-24,3229,115627,150,22,22,5785,Location002,0,0,FALSE,FALSE,FALSE
ID012,2026-02-25,3572,116280,151,21,21,4032,Location002,0,0,FALSE,FALSE,FALSE
ID012,2026-02-26,4444,116175,152,22,22,3773,Location002,0,0,FALSE,FALSE,FALSE
ID012,2026-02-27,4766,117504,153,31,31,5283,Location002,0,0,FALSE,FALSE,FALSE
ID012,2026-02-28,4050,117263,154,19,19,4573,Location002,0,0,FALSE,FALSE,FALSE
ID012,2026-03-01,4212,119556,155,23,23,4136,Location002,0,0,FALSE,FALSE,FALSE
ID012,2026-03-02,3866,120063,156,28,28,5098,Location002,0,0,FALSE,FALSE,FALSE
ID012,2026-03-03,4040,120489,157,21,21,5451,Location002,0,0,FALSE,FALSE,FALSE
ID012,2026-03-04,3818,121957,158,18,18,4848,Location002,0,0,FALSE,FALSE,FALSE
ID012,2026-03-05,3617,122880.5,159,28,28,5154,Location002,0,0,FALSE,FALSE,FALSE
ID012,2026-03-06,3361,123187,160,17,17,3648,Location002,0,0,FALSE,FALSE,FALSE
ID012,2026-03-07,4828,123303,161,21,21,4894,Location002,0,0,FALSE,FALSE,FALSE
ID012,2026-03-08,3581,124018,162,18,18,4911,Location002,0,0,FALSE,FALSE,FALSE
ID012,2026-03-09,4628,125048,163,26,26,5681,Location002,0,0,FALSE,FALSE,FALSE
ID012,2026-03-10,3570,128550,164,18,18,4233,Location002,0,0,FALSE,FALSE,FALSE
ID012,2026-03-11,4488,129011,165,27,27,6752,Location002,0,0,FALSE,FALSE,FALSE
ID012,2026-03-12,3226,128655,166,20,20,3324,Location002,0,0,FALSE,FALSE,FALSE
ID012,2026-03-13,4201,129852,167,22,22,5491,Location002,0,0,FALSE,FALSE,FALSE
ID012,2026-03-14,5023,130467,168,27,27,6325,Location002,0,0,FALSE,FALSE,FALSE
ID012,2026-03-15,2116,128369,169,12,12,3352,Location002,0,0,FALSE,FALSE,FALSE
ID012,2026-03-16,1631,127048,170,12,12,1268,Location002,0,0,FALSE,FALSE,FALSE
ID012,2026-03-17,1211,130072,171,11,0,0,Location002,0,11,FALSE,FALSE,FALSE
ID012,2026-03-18,2065,130767.125,172,16,16,3063,Location002,16,0,FALSE,TRUE,FALSE
ID012,2026-03-19,3614,131462.25,173,16,16,6224,Location002,16,0,FALSE,TRUE,FALSE
ID012,2026-03-20,4635,132157.375,174,16,16,5809,Location002,16,0,FALSE,TRUE,FALSE
ID012,2026-03-21,3485,132852.5,175,16,16,5831,Location002,0,0,FALSE,FALSE,FALSE
ID012,2026-03-22,5929,133339,176,12,0,0,Location002,0,12,FALSE,FALSE,FALSE
ID012,2026-03-23,4730,136552,177,17,17,6632,Location002,0,0,FALSE,FALSE,FALSE
ID012,2026-03-24,3822,134574,178,17,17,6371,Location002,0,0,FALSE,FALSE,FALSE
ID012,2026-03-25,4293,136008,179,21,21,6982,Location002,12,0,FALSE,FALSE,FALSE
ID012,2026-03-26,4117,137775,180,17,17,6306,Location002,17,0,FALSE,TRUE,FALSE
ID012,2026-03-27,3867,139542,181,16,16,5890,Location002,7,0,FALSE,FALSE,FALSE
ID012,2026-03-28,1670,139281.75,182,9,0,0,Location002,9,9,FALSE,TRUE,FALSE
ID012,2026-03-29,3754,139021.5,183,18,18,5127,Location002,14,0,FALSE,FALSE,FALSE
ID012,2026-03-30,3435,,184,16,16,4224,Location002,16,0,FALSE,TRUE,FALSE
ID012,2026-03-31,5185,,185,17,0,0,Location002,17,17,FALSE,TRUE,FALSE
ID012,2026-04-01,1065,,186,5,0,0,Location002,5,5,FALSE,TRUE,FALSE
ID013,2025-12-02,2085,25364,67,22,22,8475,Location001,17,0,FALSE,FALSE,FALSE
ID013,2025-12-04,1850,25752.5,69,16,0,0,Location001,0,16,TRUE,FALSE,TRUE
ID013,2025-12-05,1615,26536,70,25,0,0,Location001,0,25,TRUE,FALSE,TRUE
ID013,2025-12-06,1380,26591,71,23,23,6234,Location001,4,0,FALSE,FALSE,FALSE
ID013,2025-12-07,978,29513,72,19,0,0,Location001,1,19,FALSE,FALSE,FALSE
ID013,2025-12-08,2374,29820,73,43,43,7589,Location001,0,0,FALSE,FALSE,FALSE
ID013,2025-12-09,2040,31779,74,49,49,8178,Location001,11,0,FALSE,FALSE,FALSE
ID013,2025-12-10,4560,31857,75,35,0,0,Location001,0,35,FALSE,FALSE,FALSE
ID013,2025-12-13,2759,34707,78,47,47,5695,Location001,0,0,FALSE,FALSE,FALSE
ID013,2025-12-14,1976,35903,79,34,34,4854,Location001,0,0,FALSE,FALSE,FALSE
ID013,2025-12-15,1675,36282,80,32,32,5226,Location001,0,0,FALSE,FALSE,FALSE
ID013,2025-12-16,2558,38082,81,21,21,5292,Location001,0,0,FALSE,FALSE,FALSE
ID013,2025-12-18,2749,40880,83,32,32,5568,Location001,0,0,FALSE,FALSE,FALSE
ID013,2025-12-19,4502,42027,84,42,0,0,Location001,0,42,FALSE,FALSE,FALSE
ID013,2025-12-20,1945,44002,85,45,45,5619,Location001,0,0,FALSE,FALSE,FALSE
ID013,2025-12-21,1814,44771,86,41,41,5592,Location001,0,0,FALSE,FALSE,FALSE
ID013,2025-12-22,2475,45377,87,50,50,6749,Location001,0,0,FALSE,FALSE,FALSE
ID013,2025-12-23,2198,46292,88,32,32,5497,Location001,0,0,FALSE,FALSE,FALSE
ID013,2025-12-24,2155,46522,89,33,33,5633,Location001,0,0,FALSE,FALSE,FALSE
ID013,2025-12-25,2468,48988,90,28,28,5619,Location001,0,0,FALSE,FALSE,FALSE
ID013,2025-12-26,2069,48683,91,22,22,6699,Location001,0,0,FALSE,FALSE,FALSE
ID013,2025-12-27,2221,49851,92,20,20,5333,Location001,0,0,FALSE,FALSE,FALSE
ID013,2025-12-28,3338,51921,93,20,20,6121,Location001,0,0,FALSE,FALSE,FALSE
ID013,2025-12-29,2748,53160,94,14,14,6457,Location001,0,0,FALSE,FALSE,FALSE
ID013,2025-12-30,2161,53843,95,23,23,5624,Location001,0,0,FALSE,FALSE,FALSE
ID013,2025-12-31,2195,54498,96,17,17,5754,Location001,0,0,FALSE,FALSE,FALSE
ID013,2026-01-01,2590,55634,97,36,36,6608,Location001,0,0,FALSE,FALSE,FALSE
ID013,2026-01-02,2143,57065,98,19,19,5485,Location001,0,0,FALSE,FALSE,FALSE
ID013,2026-01-03,2840,57758,99,31,31,6252,Location001,0,0,FALSE,FALSE,FALSE
ID013,2026-01-04,2804,58629.5,100,20,20,5546,Location001,0,0,FALSE,FALSE,FALSE
ID013,2026-01-05,2594,58704,101,22,22,6320,Location001,0,0,FALSE,FALSE,FALSE
ID013,2026-01-06,2232,60096,102,19,19,5120,Location001,0,0,FALSE,FALSE,FALSE
ID013,2026-01-07,2384,62263,103,21,21,5773,Location001,0,0,FALSE,FALSE,FALSE
ID013,2026-01-08,1731,63540,104,18,18,4612,Location001,0,0,FALSE,FALSE,FALSE
ID013,2026-01-09,2475,63117,105,34,34,6419,Location001,0,0,FALSE,FALSE,FALSE
ID013,2026-01-10,2509,64291,106,31,31,5592,Location001,0,0,FALSE,FALSE,FALSE
ID013,2026-01-11,2607,65087,107,27,27,6062,Location001,0,0,FALSE,FALSE,FALSE
ID013,2026-01-12,1432,67143.5,108,14,14,2859,Location001,0,0,FALSE,FALSE,FALSE
ID013,2026-01-13,2687,68241,109,25,25,5287,Location001,0,0,FALSE,FALSE,FALSE
ID013,2026-01-14,5933,69737,110,25,0,0,Location001,0,25,FALSE,FALSE,FALSE
ID013,2026-01-15,2136,70923,111,11,11,4477,Location001,0,0,FALSE,FALSE,FALSE
ID013,2026-01-16,2600,73213,112,22,22,4832,Location001,0,0,FALSE,FALSE,FALSE
ID013,2026-01-17,2769,73545,113,25,25,4398,Location001,0,0,FALSE,FALSE,FALSE
ID013,2026-01-18,2587,74508,114,20,20,2836,Location001,0,0,FALSE,FALSE,FALSE
ID013,2026-01-19,2183,75640,115,19,19,3424,Location001,0,0,FALSE,FALSE,FALSE
ID013,2026-01-20,2497,76071,116,16,16,5609,Location001,0,0,FALSE,FALSE,FALSE
ID013,2026-01-21,2343,77489,117,16,16,4819,Location001,0,0,FALSE,FALSE,FALSE
ID013,2026-01-22,2870,78944,118,11,11,5186,Location001,0,0,FALSE,FALSE,FALSE
ID013,2026-01-23,3338,80686,119,12,12,5880,Location001,0,0,FALSE,FALSE,FALSE
ID013,2026-01-24,1734,81098,120,9,9,2648,Location001,0,0,FALSE,FALSE,FALSE
ID013,2026-01-25,2983,81400,121,13,13,4772,Location001,0,0,FALSE,FALSE,FALSE
ID013,2026-01-26,2882,83507,122,10,10,4091,Location001,0,0,FALSE,FALSE,FALSE
ID013,2026-01-27,2035,85993,123,13,13,3738,Location001,0,0,FALSE,FALSE,FALSE
ID013,2026-01-28,2830,84999,124,16,16,4472,Location001,0,0,FALSE,FALSE,FALSE
ID013,2026-01-29,2036,86642.5,125,10,10,4032,Location001,0,0,FALSE,FALSE,FALSE
ID013,2026-01-30,3001,87734.5,126,10,10,4683,Location001,0,0,FALSE,FALSE,FALSE
ID013,2026-01-31,3877,89376,127,18,18,5724,Location001,0,0,FALSE,FALSE,FALSE
ID013,2026-02-01,2468,89425,128,11,11,4317,Location001,0,0,FALSE,FALSE,FALSE
ID013,2026-02-02,3685,89558,129,15,15,6116,Location001,0,0,FALSE,FALSE,FALSE
ID013,2026-02-03,2719,90947,130,13,13,4430,Location001,0,0,FALSE,FALSE,FALSE
ID013,2026-02-04,1837,92349,131,15,15,3956,Location001,0,0,FALSE,FALSE,FALSE
ID013,2026-02-05,4212,93906.5,132,12,12,5768,Location001,0,0,FALSE,FALSE,FALSE
ID013,2026-02-06,2524,94387,133,8,8,3440,Location001,0,0,FALSE,FALSE,FALSE
ID013,2026-02-07,3040,94510,134,15,15,4260,Location001,0,0,FALSE,FALSE,FALSE
ID013,2026-02-08,2635,94708,135,11,11,5003,Location001,0,0,FALSE,FALSE,FALSE
ID013,2026-02-09,3785,97813,136,15,15,5230,Location001,0,0,FALSE,FALSE,FALSE
ID013,2026-02-10,3014,97586,137,10,10,4506,Location001,0,0,FALSE,FALSE,FALSE
ID013,2026-02-11,3791,98390,138,12,12,4578,Location001,0,0,FALSE,FALSE,FALSE
ID013,2026-02-12,3735,98481,139,17,17,4339,Location001,0,0,FALSE,FALSE,FALSE
ID013,2026-02-13,1585,99718,140,8,8,2647,Location001,0,0,FALSE,FALSE,FALSE
ID013,2026-02-14,2350,97966,141,9,9,3379,Location001,0,0,FALSE,FALSE,FALSE
ID013,2026-02-15,2078,99340,142,8,8,3919,Location001,0,0,FALSE,FALSE,FALSE
ID013,2026-02-16,4575,100730,143,15,0,0,Location001,0,15,FALSE,FALSE,FALSE
ID013,2026-02-17,3081,101453,144,12,12,4543,Location001,0,0,FALSE,FALSE,FALSE
ID013,2026-02-18,2125,102881,145,8,8,4182,Location001,0,0,FALSE,FALSE,FALSE
ID013,2026-02-19,1671,102624,146,13,13,4780,Location001,0,0,FALSE,FALSE,FALSE
ID013,2026-02-20,5486,103341,147,21,0,0,Location001,0,21,FALSE,FALSE,FALSE
ID013,2026-02-21,3075,103887,148,13,13,4259,Location001,0,0,FALSE,FALSE,FALSE
ID013,2026-02-22,3383,105566,149,17,17,5582,Location001,0,0,FALSE,FALSE,FALSE
ID013,2026-02-23,2832,107380,150,14,14,5389,Location001,0,0,FALSE,FALSE,FALSE
ID013,2026-02-24,2633,109038,151,13,13,3997,Location001,0,0,FALSE,FALSE,FALSE
ID013,2026-02-25,2363,108577,152,15,15,3415,Location001,0,0,FALSE,FALSE,FALSE
ID013,2026-02-26,2564,107854,153,12,12,4351,Location001,0,0,FALSE,FALSE,FALSE
ID013,2026-02-27,1037,110798,154,11,0,0,Location001,0,11,FALSE,FALSE,FALSE
ID013,2026-02-28,2616,111891,155,11,11,5199,Location001,0,0,FALSE,FALSE,FALSE
ID013,2026-03-01,2182,110663,156,8,8,3793,Location001,0,0,FALSE,FALSE,FALSE
ID013,2026-03-02,2916,113299,157,17,17,4849,Location001,0,0,FALSE,FALSE,FALSE
ID013,2026-03-03,1920,115699,158,15,15,4018,Location001,0,0,FALSE,FALSE,FALSE
ID013,2026-03-04,2992,114240,159,13,13,6373,Location001,0,0,FALSE,FALSE,FALSE
ID013,2026-03-05,1864,117713,160,12,12,4667,Location001,0,0,FALSE,FALSE,FALSE
ID013,2026-03-06,4152,116705.5,161,10,10,4776,Location001,0,0,FALSE,FALSE,FALSE
ID013,2026-03-07,2877,117454,162,15,15,3632,Location001,0,0,FALSE,FALSE,FALSE
ID013,2026-03-08,3026,117270,163,13,13,5671,Location001,0,0,FALSE,FALSE,FALSE
ID013,2026-03-09,3276,119034,164,16,16,3832,Location001,0,0,FALSE,FALSE,FALSE
ID013,2026-03-10,3807,118168,165,11,11,6439,Location001,0,0,FALSE,FALSE,FALSE
ID013,2026-03-11,2406,120878.5,166,14,14,4437,Location001,0,0,FALSE,FALSE,FALSE
ID013,2026-03-12,2103,121147,167,12,12,4071,Location001,0,0,FALSE,FALSE,FALSE
ID013,2026-03-13,3790,121382,168,14,14,4583,Location001,0,0,FALSE,FALSE,FALSE
ID013,2026-03-14,15,122641,169,1,0,0,Location001,0,1,FALSE,FALSE,FALSE
ID013,2026-03-15,2271,118815,170,12,12,4852,Location001,0,0,FALSE,FALSE,FALSE
ID013,2026-03-16,2864,121332,171,9,9,2994,Location001,0,0,FALSE,FALSE,FALSE
ID013,2026-03-17,2975,118841,172,16,16,3302,Location001,0,0,FALSE,FALSE,FALSE
ID013,2026-03-18,3356,124244,173,10,10,3394,Location001,0,0,FALSE,FALSE,FALSE
ID013,2026-03-19,3074,124870,174,17,17,4160,Location001,0,0,FALSE,FALSE,FALSE
ID013,2026-03-20,1721,125460,175,11,11,3449,Location001,0,0,FALSE,FALSE,FALSE
ID013,2026-03-21,1723,124294,176,14,14,2809,Location001,0,0,FALSE,FALSE,FALSE
ID013,2026-03-22,2205,125812,177,13,13,3540,Location001,0,0,FALSE,FALSE,FALSE
ID013,2026-03-23,3702,126202,178,14,14,4363,Location001,0,0,FALSE,FALSE,FALSE
ID013,2026-03-24,2452,128781,179,20,20,3150,Location001,0,0,FALSE,FALSE,FALSE
ID013,2026-03-25,2656,129488,180,9,9,2884,Location001,0,0,FALSE,FALSE,FALSE
ID013,2026-03-26,2519,129628,181,9,9,5002,Location001,0,0,FALSE,FALSE,FALSE
ID013,2026-03-27,2053,131012,182,12,12,4410,Location001,0,0,FALSE,FALSE,FALSE
ID013,2026-03-28,1640,132172.5,183,8,8,2326,Location001,0,0,FALSE,FALSE,FALSE
ID013,2026-03-29,2607,129465,184,8,8,2466,Location001,0,0,FALSE,FALSE,FALSE
ID014,2025-12-02,2097,,73,12,12,6334,Location001,12,0,FALSE,TRUE,FALSE
ID014,2025-12-04,1105,33279,75,13,13,3471,Location001,6,0,FALSE,FALSE,FALSE
ID014,2025-12-06,994,37251,77,15,15,4258,Location001,0,0,FALSE,FALSE,FALSE
ID014,2025-12-08,1825,36338,79,14,14,4183,Location001,14,0,FALSE,TRUE,FALSE
ID014,2025-12-09,1645,35425,80,15,15,5466,Location001,15,0,FALSE,TRUE,FALSE
ID014,2025-12-10,2756,34512,81,15,15,4688,Location001,15,0,FALSE,TRUE,FALSE
ID014,2025-12-15,1325,33599,86,30,30,3711,Location001,0,0,FALSE,FALSE,FALSE
ID014,2025-12-18,685,39790,89,11,11,1864,Location001,0,0,FALSE,FALSE,FALSE
ID014,2025-12-19,1015,39790,90,12,12,2684,Location001,0,0,FALSE,FALSE,FALSE
ID014,2025-12-20,2376,43460,91,19,19,4535,Location001,0,0,FALSE,FALSE,FALSE
ID014,2025-12-21,1589,43411,92,18,18,4551,Location001,0,0,FALSE,FALSE,FALSE
ID014,2025-12-22,2096,44994,93,24,24,5799,Location001,0,0,FALSE,FALSE,FALSE
ID014,2025-12-23,1813,45013,94,18,18,4865,Location001,0,0,FALSE,FALSE,FALSE
ID014,2025-12-24,2395,47119,95,23,23,5818,Location001,0,0,FALSE,FALSE,FALSE
ID014,2025-12-25,2373,48134,96,23,23,5694,Location001,0,0,FALSE,FALSE,FALSE
ID014,2025-12-26,3503,49072,97,23,23,6035,Location001,0,0,FALSE,FALSE,FALSE
ID014,2025-12-27,2834,50361,98,19,19,5746,Location001,0,0,FALSE,FALSE,FALSE
ID014,2025-12-28,3036,50958,99,23,23,6180,Location001,0,0,FALSE,FALSE,FALSE
ID014,2025-12-29,2602,51653,100,16,16,4497,Location001,0,0,FALSE,FALSE,FALSE
ID014,2025-12-30,3221,53315,101,27,27,5735,Location001,0,0,FALSE,FALSE,FALSE
ID014,2025-12-31,2756,55035,102,25,25,5838,Location001,0,0,FALSE,FALSE,FALSE
ID014,2026-01-01,2971,55893,103,27,27,6068,Location001,0,0,FALSE,FALSE,FALSE
ID014,2026-01-02,3119,57216,104,31,31,5845,Location001,0,0,FALSE,FALSE,FALSE
ID014,2026-01-03,2639,59098,105,31,31,5312,Location001,0,0,FALSE,FALSE,FALSE
ID014,2026-01-04,2976,59460,106,36,36,6449,Location001,0,0,FALSE,FALSE,FALSE
ID014,2026-01-05,2656,61687.5,107,24,24,5261,Location001,0,0,FALSE,FALSE,FALSE
ID014,2026-01-06,2361,61658,108,16,16,5304,Location001,0,0,FALSE,FALSE,FALSE
ID014,2026-01-07,2746,62590,109,20,20,5201,Location001,0,0,FALSE,FALSE,FALSE
ID014,2026-01-08,2955,64157,110,12,12,4274,Location001,0,0,FALSE,FALSE,FALSE
ID014,2026-01-09,2067,64366,111,11,11,2170,Location001,0,0,FALSE,FALSE,FALSE
ID014,2026-01-10,2904,66003,112,21,21,4194,Location001,0,0,FALSE,FALSE,FALSE
ID014,2026-01-11,3894,67309,113,18,18,5421,Location001,0,0,FALSE,FALSE,FALSE
ID014,2026-01-12,3265,68436.5,114,20,20,4104,Location001,0,0,FALSE,FALSE,FALSE
ID014,2026-01-13,2958,69700,115,13,13,4051,Location001,0,0,FALSE,FALSE,FALSE
ID014,2026-01-14,5695,69456,116,23,0,0,Location001,0,23,FALSE,FALSE,FALSE
ID014,2026-01-15,2283,70703,117,11,11,3038,Location001,0,0,FALSE,FALSE,FALSE
ID014,2026-01-16,2930,72792,118,17,17,4376,Location001,0,0,FALSE,FALSE,FALSE
ID014,2026-01-17,1928,72701,119,12,12,4167,Location001,0,0,FALSE,FALSE,FALSE
ID014,2026-01-18,824,72185,120,6,0,0,Location001,0,6,FALSE,FALSE,FALSE
ID014,2026-01-19,2938,73662,121,18,18,4541,Location001,0,0,FALSE,FALSE,FALSE
ID014,2026-01-20,2694,75659,122,21,21,4955,Location001,0,0,FALSE,FALSE,FALSE
ID014,2026-01-21,3163,76482,123,22,22,4542,Location001,0,0,FALSE,FALSE,FALSE
ID014,2026-01-22,3305,77390,124,15,15,4786,Location001,0,0,FALSE,FALSE,FALSE
ID014,2026-01-23,2889,79911,125,11,11,4857,Location001,0,0,FALSE,FALSE,FALSE
ID014,2026-01-24,2507,80398,126,19,19,3968,Location001,0,0,FALSE,FALSE,FALSE
ID014,2026-01-25,3430,80547,127,17,17,5477,Location001,0,0,FALSE,FALSE,FALSE
ID014,2026-01-26,3523,80622,128,19,19,3849,Location001,0,0,FALSE,FALSE,FALSE
ID014,2026-01-27,3429,83482,129,18,18,4891,Location001,0,0,FALSE,FALSE,FALSE
ID014,2026-01-28,2940,85681,130,14,14,4375,Location001,0,0,FALSE,FALSE,FALSE
ID014,2026-01-29,2928,85745,131,16,16,4139,Location001,0,0,FALSE,FALSE,FALSE
ID014,2026-01-30,2229,85902,132,13,13,3664,Location001,0,0,FALSE,FALSE,FALSE
ID014,2026-01-31,1952,86515.5,133,10,10,2628,Location001,0,0,FALSE,FALSE,FALSE
ID014,2026-02-01,2160,85525,134,9,9,3166,Location001,0,0,FALSE,FALSE,FALSE
ID014,2026-02-02,1686,88381,135,5,5,1446,Location001,0,0,FALSE,FALSE,FALSE
ID014,2026-02-03,3005,88839,136,8,8,4314,Location001,0,0,FALSE,FALSE,FALSE
ID014,2026-02-04,2951,89813,137,9,9,4192,Location001,0,0,FALSE,FALSE,FALSE
ID014,2026-02-05,2081,90749,138,5,5,3189,Location001,0,0,FALSE,FALSE,FALSE
ID014,2026-02-06,3801,92036,139,17,17,5875,Location001,0,0,FALSE,FALSE,FALSE
ID014,2026-02-07,3665,95695,140,9,9,5152,Location001,0,0,FALSE,FALSE,FALSE
ID014,2026-02-08,3879,95179,141,16,16,4355,Location001,0,0,FALSE,FALSE,FALSE
ID014,2026-02-09,1813,96127,142,12,0,0,Location001,0,12,FALSE,FALSE,FALSE
ID014,2026-02-10,1994,105171,143,7,7,2781,Location001,0,0,FALSE,FALSE,FALSE
ID014,2026-02-11,3600,99866,144,15,15,4570,Location001,0,0,FALSE,FALSE,FALSE
ID014,2026-02-12,2976,101283,145,13,13,3957,Location001,0,0,FALSE,FALSE,FALSE
ID014,2026-02-13,2168,100626,146,9,9,3454,Location001,0,0,FALSE,FALSE,FALSE
ID014,2026-02-14,4098,103229,147,13,13,5012,Location001,0,0,FALSE,FALSE,FALSE
ID014,2026-02-15,3488,104139,148,14,14,4683,Location001,0,0,FALSE,FALSE,FALSE
ID014,2026-02-16,3531,100788,149,15,15,4687,Location001,0,0,FALSE,FALSE,FALSE
ID014,2026-02-17,3302,106807,150,17,17,5509,Location001,0,0,FALSE,FALSE,FALSE
ID014,2026-02-18,4116,106825,151,22,22,5039,Location001,0,0,FALSE,FALSE,FALSE
ID014,2026-02-19,2569,111009,152,14,14,3722,Location001,0,0,FALSE,FALSE,FALSE
ID014,2026-02-20,3961,111168,153,18,18,5152,Location001,0,0,FALSE,FALSE,FALSE
ID014,2026-02-21,3801,110029,154,17,17,4319,Location001,0,0,FALSE,FALSE,FALSE
ID014,2026-02-22,4019,111185,155,15,15,5283,Location001,0,0,FALSE,FALSE,FALSE
ID014,2026-02-23,2199,112652.5,156,12,12,3951,Location001,0,0,FALSE,TRUE,FALSE
ID014,2026-02-24,3050,114120,157,21,21,4403,Location001,0,0,FALSE,FALSE,FALSE
ID014,2026-02-25,934,110724,158,6,0,0,Location001,0,6,FALSE,FALSE,FALSE
ID014,2026-02-26,2700,111485,159,13,13,3569,Location001,0,0,FALSE,FALSE,FALSE
ID014,2026-02-27,3307,113586,160,14,14,4202,Location001,0,0,FALSE,FALSE,FALSE
ID014,2026-02-28,3953,116731,161,22,22,4591,Location001,0,0,FALSE,FALSE,FALSE
ID014,2026-03-01,2670,114120,162,13,13,3911,Location001,0,0,FALSE,FALSE,FALSE
ID014,2026-03-02,4301,118684,163,11,0,0,Location001,0,11,FALSE,FALSE,FALSE
ID014,2026-03-03,2827,118586,164,10,10,4594,Location001,0,0,FALSE,FALSE,FALSE
ID014,2026-03-04,1587,117892,165,10,10,2254,Location001,0,0,FALSE,FALSE,FALSE
ID014,2026-03-05,2969,118550,166,14,14,4031,Location001,0,0,FALSE,FALSE,FALSE
ID014,2026-03-06,4090,119999,167,14,0,0,Location001,0,14,FALSE,FALSE,FALSE
ID014,2026-03-07,1833,120415.75,168,17,17,2239,Location001,17,0,FALSE,TRUE,FALSE
ID014,2026-03-08,1271,120832.5,169,6,6,1973,Location001,0,0,FALSE,FALSE,FALSE
ID014,2026-03-10,2727,116083,171,11,11,3672,Location001,0,0,FALSE,FALSE,FALSE
ID014,2026-03-11,1692,117724,172,10,10,1829,Location001,0,0,FALSE,FALSE,FALSE
ID014,2026-03-12,2178,118271,173,14,14,3552,Location001,0,0,FALSE,FALSE,FALSE
ID014,2026-03-13,1969,122732,174,14,14,4019,Location001,0,0,FALSE,FALSE,FALSE
ID014,2026-03-14,2789,122925,175,18,18,5525,Location001,0,0,FALSE,FALSE,FALSE
ID014,2026-03-15,1785,120917,176,8,8,2749,Location001,0,0,FALSE,FALSE,FALSE
ID014,2026-03-16,1196,120426,177,7,7,2145,Location001,0,0,FALSE,FALSE,FALSE
ID014,2026-03-17,2036,121983,178,12,12,2394,Location001,0,0,FALSE,FALSE,FALSE
ID014,2026-03-18,2047,121043.5,179,8,8,2445,Location001,0,0,FALSE,FALSE,FALSE
ID014,2026-03-19,417,120679,180,2,2,409,Location001,0,0,FALSE,FALSE,FALSE
ID014,2026-03-20,918,119191,181,5,5,1451,Location001,0,0,FALSE,FALSE,FALSE
ID014,2026-03-22,317,117212,183,4,0,0,Location001,0,4,FALSE,FALSE,FALSE
ID014,2026-03-23,3645,116143,184,8,0,0,Location001,0,8,FALSE,FALSE,FALSE
ID014,2026-03-24,107,115888,185,1,0,0,Location001,0,1,FALSE,FALSE,FALSE
ID014,2026-03-25,3533,120803,186,8,0,0,Location001,0,8,FALSE,FALSE,FALSE
ID014,2026-03-26,55,120088,187,3,0,0,Location001,0,3,FALSE,FALSE,FALSE
ID014,2026-03-27,327,118704,188,2,2,692,Location001,0,0,FALSE,FALSE,FALSE
ID014,2026-03-28,1626,117036,189,7,7,3313,Location001,0,0,FALSE,FALSE,FALSE
ID016,2025-12-02,3079,35547,73,14,14,6813,Location001,3,0,FALSE,FALSE,FALSE
ID016,2025-12-04,2747,37090,75,14,14,4673,Location001,14,0,FALSE,TRUE,FALSE
ID016,2025-12-05,964,38633,76,11,11,3811,Location001,11,0,FALSE,TRUE,FALSE
ID016,2025-12-10,1180,40176,81,15,15,4094,Location001,15,0,FALSE,TRUE,FALSE
ID016,2025-12-13,1717,41719,84,24,24,4975,Location001,24,0,FALSE,TRUE,FALSE
ID016,2025-12-15,1398,43262,86,30,30,4279,Location001,0,0,FALSE,FALSE,FALSE
ID016,2025-12-18,1383,45536,89,15,15,3785,Location001,0,0,FALSE,FALSE,FALSE
ID016,2025-12-19,2145,46595,90,28,28,5596,Location001,0,0,FALSE,FALSE,FALSE
ID016,2025-12-20,3286,46762,91,19,19,5273,Location001,0,0,FALSE,FALSE,FALSE
ID016,2025-12-21,2095,48765,92,23,23,5860,Location001,0,0,FALSE,FALSE,FALSE
ID016,2025-12-22,2873,50680,93,20,20,6930,Location001,0,0,FALSE,FALSE,FALSE
ID016,2025-12-23,2062,48683,94,17,17,5451,Location001,0,0,FALSE,FALSE,FALSE
ID016,2025-12-24,2432,51805,95,23,23,6197,Location001,0,0,FALSE,FALSE,FALSE
ID016,2025-12-25,2862,52471,96,21,21,6973,Location001,0,0,FALSE,FALSE,FALSE
ID016,2025-12-26,3115,52694,97,20,20,6646,Location001,0,0,FALSE,FALSE,FALSE
ID016,2025-12-27,3642,54900.5,98,14,14,6488,Location001,0,0,FALSE,FALSE,FALSE
ID016,2025-12-28,2927,54861,99,17,17,6693,Location001,0,0,FALSE,FALSE,FALSE
ID016,2025-12-29,2623,56504,100,15,15,6643,Location001,0,0,FALSE,FALSE,FALSE
ID016,2025-12-30,3361,57683,101,15,15,7170,Location001,0,0,FALSE,FALSE,FALSE
ID016,2025-12-31,2538,57652,102,24,24,5937,Location001,0,0,FALSE,FALSE,FALSE
ID016,2026-01-01,2050,59702,103,27,27,4895,Location001,0,0,FALSE,FALSE,FALSE
ID016,2026-01-02,2555,60825,104,19,19,6125,Location001,0,0,FALSE,FALSE,FALSE
ID016,2026-01-03,2786,61072,105,22,22,6223,Location001,0,0,FALSE,FALSE,FALSE
ID016,2026-01-04,2459,62279,106,18,18,5129,Location001,0,0,FALSE,FALSE,FALSE
ID016,2026-01-05,2567,63480,107,19,19,5517,Location001,0,0,FALSE,FALSE,FALSE
ID016,2026-01-06,2624,65844,108,18,18,5483,Location001,0,0,FALSE,FALSE,FALSE
ID016,2026-01-07,2719,66105,109,19,19,5757,Location001,0,0,FALSE,FALSE,FALSE
ID016,2026-01-08,3771,68187,110,19,19,6570,Location001,0,0,FALSE,FALSE,FALSE
ID016,2026-01-09,1914,68776.5,111,10,10,3053,Location001,0,0,FALSE,FALSE,FALSE
ID016,2026-01-10,3361,69732,112,15,15,4621,Location001,0,0,FALSE,FALSE,FALSE
ID016,2026-01-11,2339,69992,113,14,14,3943,Location001,0,0,FALSE,FALSE,FALSE
ID016,2026-01-12,3530,71048,114,19,19,5032,Location001,0,0,FALSE,FALSE,FALSE
ID016,2026-01-13,1928,71095,115,8,8,3076,Location001,0,0,FALSE,FALSE,FALSE
ID016,2026-01-14,4785,72192,116,14,0,0,Location001,0,14,FALSE,FALSE,FALSE
ID016,2026-01-15,961,73081,117,7,7,1590,Location001,0,0,FALSE,FALSE,FALSE
ID016,2026-01-16,2744,73938,118,13,13,4272,Location001,0,0,FALSE,FALSE,FALSE
ID016,2026-01-17,2604,75199,119,13,13,3454,Location001,0,0,FALSE,FALSE,FALSE
ID016,2026-01-18,1803,75639,120,9,9,2779,Location001,0,0,FALSE,FALSE,FALSE
ID016,2026-01-19,2739,76869,121,17,17,4716,Location001,0,0,FALSE,FALSE,FALSE
ID016,2026-01-20,2429,79484,122,15,15,3805,Location001,0,0,FALSE,FALSE,FALSE
ID016,2026-01-21,3297,79173.5,123,16,16,5032,Location001,0,0,FALSE,FALSE,FALSE
ID016,2026-01-22,4024,79691,124,21,21,5815,Location001,0,0,FALSE,FALSE,FALSE
ID016,2026-01-23,3106,81975.5,125,16,16,5629,Location001,0,0,FALSE,FALSE,FALSE
ID016,2026-01-24,3139,81573,126,15,15,4089,Location001,0,0,FALSE,FALSE,FALSE
ID016,2026-01-25,4112,83441,127,18,18,4388,Location001,0,0,FALSE,FALSE,FALSE
ID016,2026-01-26,2587,83523,128,12,12,4290,Location001,0,0,FALSE,FALSE,FALSE
ID016,2026-01-27,3443,85332,129,22,22,5478,Location001,0,0,FALSE,FALSE,FALSE
ID016,2026-01-28,2546,85668,130,16,16,4222,Location001,0,0,FALSE,FALSE,FALSE
ID016,2026-01-29,1601,86286.5,131,8,8,2458,Location001,0,0,FALSE,FALSE,FALSE
ID016,2026-01-30,1600,88361,132,10,10,2863,Location001,0,0,FALSE,FALSE,FALSE
ID016,2026-01-31,2897,87084,133,15,15,4065,Location001,0,0,FALSE,FALSE,FALSE
ID016,2026-02-01,3217,86608,134,11,11,3642,Location001,0,0,FALSE,FALSE,FALSE
ID016,2026-02-02,3201,87449,135,13,13,4060,Location001,0,0,FALSE,FALSE,FALSE
ID016,2026-02-03,3721,91687,136,14,14,5150,Location001,0,0,FALSE,FALSE,FALSE
ID016,2026-02-04,2255,88063,137,10,0,0,Location001,0,10,FALSE,FALSE,FALSE
ID016,2026-02-05,3435,88063,138,9,9,4648,Location001,0,0,FALSE,FALSE,FALSE
ID016,2026-02-06,5454,94187,139,13,0,0,Location001,0,13,FALSE,FALSE,FALSE
ID016,2026-02-07,4565,96920,140,13,13,5605,Location001,0,0,FALSE,FALSE,FALSE
ID016,2026-02-08,4731,100491,141,20,20,6359,Location001,0,0,FALSE,FALSE,FALSE
ID016,2026-02-09,2635,95862,142,13,13,4435,Location001,0,0,FALSE,FALSE,FALSE
ID016,2026-02-10,2637,95862,143,9,9,3610,Location001,0,0,FALSE,FALSE,FALSE
ID016,2026-02-11,3692,95309,144,17,17,5097,Location001,0,0,FALSE,FALSE,FALSE
ID016,2026-02-12,4797,99997,145,14,14,4767,Location001,0,0,FALSE,FALSE,FALSE
ID016,2026-02-13,3997,91425,146,14,14,4721,Location001,0,0,FALSE,FALSE,FALSE
ID016,2026-02-14,2906,91425,147,15,15,4211,Location001,0,0,FALSE,FALSE,FALSE
ID016,2026-02-15,4461,102228,148,13,13,5401,Location001,0,0,FALSE,FALSE,FALSE
ID016,2026-02-16,4875,103132,149,18,0,0,Location001,0,18,FALSE,FALSE,FALSE
ID016,2026-02-17,3137,105023,150,15,15,4078,Location001,0,0,FALSE,FALSE,FALSE
ID016,2026-02-18,4183,104668,151,18,18,4687,Location001,0,0,FALSE,FALSE,FALSE
ID016,2026-02-19,2961,105731,152,12,12,3959,Location001,0,0,FALSE,FALSE,FALSE
ID016,2026-02-20,3201,106183,153,13,13,5069,Location001,0,0,FALSE,FALSE,FALSE
ID016,2026-02-21,3649,106742,154,20,20,4597,Location001,0,0,FALSE,FALSE,FALSE
ID016,2026-02-22,4023,107930,155,23,23,5359,Location001,0,0,FALSE,FALSE,FALSE
ID016,2026-02-23,2191,107873,156,11,11,3530,Location001,0,0,FALSE,FALSE,FALSE
ID016,2026-02-24,2615,110158,157,13,13,4204,Location001,0,0,FALSE,FALSE,FALSE
ID016,2026-02-25,4224,110618.5,158,12,12,4333,Location001,0,0,FALSE,FALSE,FALSE
ID016,2026-02-26,2873,110080,159,20,20,4181,Location001,0,0,FALSE,FALSE,FALSE
ID016,2026-02-27,3697,112630,160,16,16,5412,Location001,0,0,FALSE,FALSE,FALSE
ID016,2026-02-28,3519,112851,161,9,9,4768,Location001,0,0,FALSE,FALSE,FALSE
ID016,2026-03-01,3511,114166,162,16,16,5606,Location001,0,0,FALSE,FALSE,FALSE
ID016,2026-03-02,2823,114107,163,11,11,4350,Location001,0,0,FALSE,FALSE,FALSE
ID016,2026-03-03,2085,117158,164,11,11,4159,Location001,0,0,FALSE,FALSE,FALSE
ID016,2026-03-04,2791,115048,165,12,12,4103,Location001,0,0,FALSE,FALSE,FALSE
ID016,2026-03-05,2378,113989,166,13,13,3678,Location001,0,0,FALSE,FALSE,FALSE
ID016,2026-03-06,1416,111781,167,7,7,2296,Location001,0,0,FALSE,FALSE,FALSE
ID016,2026-03-07,2120,113272,168,18,18,2784,Location001,18,0,FALSE,TRUE,FALSE
ID016,2026-03-08,1445,114763,169,12,12,1360,Location001,0,0,FALSE,FALSE,FALSE
ID016,2026-03-09,1123,114514,170,11,11,1279,Location001,0,0,FALSE,FALSE,FALSE
ID016,2026-03-10,2707,114060,171,14,14,2951,Location001,0,0,FALSE,FALSE,FALSE
ID016,2026-03-11,2881,115106,172,15,15,3784,Location001,0,0,FALSE,FALSE,FALSE
ID016,2026-03-12,2327,116272,173,14,14,3358,Location001,0,0,FALSE,FALSE,FALSE
ID016,2026-03-13,2217,119857,174,16,16,3201,Location001,0,0,FALSE,FALSE,FALSE
ID016,2026-03-14,2836,119446,175,14,14,3365,Location001,0,0,FALSE,FALSE,FALSE
ID016,2026-03-15,1852,119104,176,8,8,2919,Location001,0,0,FALSE,FALSE,FALSE
ID016,2026-03-16,3688,119422,177,18,0,0,Location001,0,18,FALSE,FALSE,FALSE
ID016,2026-03-17,1705,119118,178,8,8,2149,Location001,0,0,FALSE,FALSE,FALSE
ID016,2026-03-18,1749,119032,179,9,9,1839,Location001,0,0,FALSE,FALSE,FALSE
ID016,2026-03-19,497,119113,180,4,0,0,Location001,0,4,FALSE,FALSE,FALSE
ID016,2026-03-20,1304,118792,181,8,8,1711,Location001,0,0,FALSE,FALSE,FALSE
ID016,2026-03-21,1966,117771,182,9,9,2269,Location001,0,0,FALSE,FALSE,FALSE
ID016,2026-03-22,2193,116720,183,18,18,2106,Location001,0,0,FALSE,FALSE,FALSE
ID016,2026-03-23,2104,116995,184,15,15,2623,Location001,0,0,FALSE,FALSE,FALSE
ID016,2026-03-24,1504,120459.5,185,12,12,1791,Location001,0,0,FALSE,FALSE,FALSE
ID016,2026-03-25,2746,121943,186,12,12,3357,Location001,0,0,FALSE,FALSE,FALSE
ID016,2026-03-26,1678,122071,187,10,10,2394,Location001,0,0,FALSE,FALSE,FALSE
ID016,2026-03-27,1009,121319,188,8,8,2640,Location001,0,0,FALSE,FALSE,FALSE
ID016,2026-03-28,2363,120289,189,11,11,2022,Location001,0,0,FALSE,FALSE,FALSE
ID016,2026-03-29,3897,120289,190,17,0,0,Location001,0,17,FALSE,FALSE,FALSE
ID016,2026-03-30,2073,123283,191,9,9,2560,Location001,0,0,FALSE,FALSE,FALSE
ID016,2026-03-31,2626,123265,192,9,9,3596,Location001,0,0,FALSE,FALSE,FALSE
ID016,2026-04-01,2616,122586,193,13,13,2892,Location001,0,0,FALSE,FALSE,FALSE
ID016,2026-04-02,2096,122604,194,11,11,2818,Location001,0,0,FALSE,FALSE,FALSE
ID016,2026-04-03,70,124725,195,2,0,0,Location001,0,2,FALSE,FALSE,FALSE
ID016,2026-04-04,2397,117145,196,13,13,3587,Location001,0,0,FALSE,FALSE,FALSE
ID016,2026-04-05,2721,121369,197,12,12,3137,Location001,0,0,FALSE,FALSE,FALSE
ID016,2026-04-06,1616,122547,198,13,13,2458,Location001,0,0,FALSE,FALSE,FALSE
ID016,2026-04-07,4316,125397,199,17,0,0,Location001,0,17,FALSE,FALSE,FALSE
ID016,2026-04-08,1880,124279,200,10,10,2248,Location001,0,0,FALSE,FALSE,FALSE
ID016,2026-04-09,2179,122935,201,12,12,1833,Location001,0,0,FALSE,FALSE,FALSE
ID016,2026-04-10,2321,122568,202,8,8,2474,Location001,0,0,FALSE,FALSE,FALSE
ID016,2026-04-11,1300,121661,203,6,6,1203,Location001,0,0,FALSE,FALSE,FALSE
ID016,2026-04-12,231,119179,204,4,0,0,Location001,0,4,FALSE,FALSE,FALSE
ID016,2026-04-13,1136,121908,205,9,9,1714,Location001,0,0,FALSE,FALSE,FALSE
ID016,2026-04-14,916,119651,206,4,4,1183,Location001,0,0,FALSE,FALSE,FALSE
ID016,2026-04-15,1282,119860,207,5,5,1171,Location001,0,0,FALSE,FALSE,FALSE
ID016,2026-04-16,511,120250.5,208,4,4,139,Location001,0,0,FALSE,FALSE,FALSE
ID016,2026-04-17,997,116618,209,5,5,1108,Location001,0,0,FALSE,FALSE,FALSE
ID016,2026-04-18,88,117695,210,4,0,0,Location001,0,4,FALSE,FALSE,FALSE
ID016,2026-04-19,1570,115974,211,9,9,1645,Location001,0,0,FALSE,FALSE,FALSE
ID016,2026-04-20,2743,118358,212,14,14,2490,Location001,0,0,FALSE,FALSE,FALSE
ID016,2026-04-21,1916,120958.5,213,14,14,2389,Location001,0,0,FALSE,FALSE,FALSE
ID016,2026-04-22,3133,125555,214,11,11,3550,Location001,0,0,FALSE,FALSE,FALSE
ID016,2026-04-23,1752,125271,215,9,9,2457,Location001,0,0,FALSE,FALSE,FALSE
ID016,2026-04-24,1011,,216,6,6,1162,Location001,0,0,FALSE,TRUE,FALSE
ID017,2025-12-02,1411,,74,10,10,5593,Location001,10,0,FALSE,TRUE,FALSE
ID017,2025-12-04,1340,,76,11,11,6293,Location001,11,0,FALSE,TRUE,FALSE
ID017,2025-12-05,2111,,77,10,10,4567,Location001,10,0,FALSE,TRUE,FALSE
ID017,2025-12-08,1076,,80,14,14,4865,Location001,14,0,FALSE,TRUE,FALSE
ID017,2025-12-10,2180,30302,82,20,20,6898,Location001,0,0,FALSE,FALSE,FALSE
ID017,2025-12-12,1345,32861,84,15,15,5885,Location001,0,0,FALSE,FALSE,FALSE
ID017,2025-12-14,1360,33071,86,18,18,5963,Location001,0,0,FALSE,FALSE,FALSE
ID017,2025-12-15,1455,34285,87,7,7,2797,Location001,0,0,FALSE,FALSE,FALSE
ID017,2025-12-16,932,34675,88,10,10,3621,Location001,0,0,FALSE,FALSE,FALSE
ID017,2025-12-18,953,37114,90,5,5,2357,Location001,0,0,FALSE,FALSE,FALSE
ID017,2025-12-19,1397,36756,91,13,13,4604,Location001,0,0,FALSE,FALSE,FALSE
ID017,2025-12-20,1560,37462,92,15,15,5515,Location001,0,0,FALSE,FALSE,FALSE
ID017,2025-12-21,2269,41147,93,13,13,6332,Location001,0,0,FALSE,FALSE,FALSE
ID017,2025-12-22,2213,40747,94,16,16,4888,Location001,0,0,FALSE,FALSE,FALSE
ID017,2025-12-23,1889,42227,95,8,8,5418,Location001,0,0,FALSE,FALSE,FALSE
ID017,2025-12-24,2102,41200,96,7,7,6222,Location001,0,0,FALSE,FALSE,FALSE
ID017,2025-12-25,1735,43137,97,5,5,3942,Location001,0,0,FALSE,FALSE,FALSE
ID017,2025-12-26,2379,44510,98,12,12,5234,Location001,0,0,FALSE,FALSE,FALSE
ID017,2025-12-27,2744,45270,99,9,9,6218,Location001,0,0,FALSE,FALSE,FALSE
ID017,2025-12-28,2895,47738,100,13,13,3970,Location001,0,0,FALSE,FALSE,FALSE
ID017,2025-12-29,2190,47257,101,7,7,3873,Location001,0,0,FALSE,FALSE,FALSE
ID017,2025-12-30,3161,48327.5,102,16,16,4817,Location001,0,0,FALSE,FALSE,FALSE
ID017,2025-12-31,3516,48682,103,15,15,6163,Location001,0,0,FALSE,FALSE,FALSE
ID017,2026-01-01,2608,51039,104,10,10,5424,Location001,0,0,FALSE,FALSE,FALSE
ID017,2026-01-02,2119,52198,105,12,12,4461,Location001,0,0,FALSE,FALSE,FALSE
ID017,2026-01-03,2415,53601,106,15,15,5303,Location001,0,0,FALSE,FALSE,FALSE
ID017,2026-01-04,2600,54881,107,13,13,5236,Location001,0,0,FALSE,FALSE,FALSE
ID017,2026-01-05,2216,55653,108,17,17,5595,Location001,0,0,FALSE,FALSE,FALSE
ID017,2026-01-06,2798,56827,109,20,20,6055,Location001,0,0,FALSE,FALSE,FALSE
ID017,2026-01-07,2326,57424,110,15,15,4822,Location001,0,0,FALSE,FALSE,FALSE
ID017,2026-01-08,1414,58029,111,13,13,3888,Location001,0,0,FALSE,FALSE,FALSE
ID017,2026-01-09,3323,59946,112,16,16,4666,Location001,0,0,FALSE,FALSE,FALSE
ID017,2026-01-10,2222,60830,113,10,10,4300,Location001,0,0,FALSE,FALSE,FALSE
ID017,2026-01-11,2276,62103,114,12,12,5093,Location001,0,0,FALSE,FALSE,FALSE
ID017,2026-01-12,1693,63288,115,11,11,3212,Location001,0,0,FALSE,FALSE,FALSE
ID017,2026-01-13,1739,63726,116,11,11,3371,Location001,0,0,FALSE,FALSE,FALSE
ID017,2026-01-14,4055,64978,117,12,0,0,Location001,0,12,FALSE,FALSE,FALSE
ID017,2026-01-15,2493,66525,118,15,15,4644,Location001,0,0,FALSE,FALSE,FALSE
ID017,2026-01-16,2202,66552,119,13,13,4478,Location001,0,0,FALSE,FALSE,FALSE
ID017,2026-01-17,2412,68592.5,120,12,12,4402,Location001,0,0,FALSE,FALSE,FALSE
ID017,2026-01-18,2606,69762,121,17,17,5006,Location001,0,0,FALSE,FALSE,FALSE
ID017,2026-01-19,3363,70984,122,17,17,5001,Location001,0,0,FALSE,FALSE,FALSE
ID017,2026-01-20,2604,72461,123,18,18,4678,Location001,0,0,FALSE,FALSE,FALSE
ID017,2026-01-21,3007,72265,124,15,15,5216,Location001,0,0,FALSE,FALSE,FALSE
ID017,2026-01-22,2599,74494,125,13,13,4479,Location001,0,0,FALSE,FALSE,FALSE
ID017,2026-01-23,3181,75002,126,13,13,5184,Location001,0,0,FALSE,FALSE,FALSE
ID017,2026-01-24,3144,76711,127,17,17,5085,Location001,0,0,FALSE,FALSE,FALSE
ID017,2026-01-25,2324,75119,128,11,11,3060,Location001,0,0,FALSE,FALSE,FALSE
ID017,2026-01-26,2947,78409,129,19,19,6177,Location001,0,0,FALSE,FALSE,FALSE
ID017,2026-01-27,1784,78383,130,11,11,3880,Location001,0,0,FALSE,FALSE,FALSE
ID017,2026-01-28,2180,79658,131,17,17,4868,Location001,0,0,FALSE,FALSE,FALSE
ID017,2026-01-29,2834,81043,132,13,13,3675,Location001,0,0,FALSE,FALSE,FALSE
ID017,2026-01-30,1603,82374,133,13,13,3601,Location001,0,0,FALSE,FALSE,FALSE
ID017,2026-01-31,3566,82783,134,17,17,7062,Location001,0,0,FALSE,FALSE,FALSE
ID017,2026-02-01,1873,82503,135,10,10,2465,Location001,0,0,FALSE,FALSE,FALSE
ID017,2026-02-02,2076,84706,136,7,7,3195,Location001,0,0,FALSE,FALSE,FALSE
ID017,2026-02-03,3202,84837,137,19,19,7039,Location001,0,0,FALSE,FALSE,FALSE
ID017,2026-02-04,3041,88854,138,18,18,5477,Location001,0,0,FALSE,FALSE,FALSE
ID017,2026-02-05,3032,89829.5,139,16,16,5192,Location001,0,0,FALSE,FALSE,FALSE
ID017,2026-02-06,3550,89550,140,14,14,5419,Location001,0,0,FALSE,FALSE,FALSE
ID017,2026-02-07,3389,91127,141,16,16,6852,Location001,0,0,FALSE,FALSE,FALSE
ID017,2026-02-08,1268,92703,142,6,0,0,Location001,0,6,FALSE,FALSE,FALSE
ID017,2026-02-09,3013,91539,143,12,12,3764,Location001,0,0,FALSE,FALSE,FALSE
ID017,2026-02-10,3365,92555,144,14,14,5343,Location001,0,0,FALSE,FALSE,FALSE
ID017,2026-02-11,3738,96002,145,15,15,5716,Location001,0,0,FALSE,FALSE,FALSE
ID017,2026-02-12,2779,97835,146,12,12,4931,Location001,0,0,FALSE,FALSE,FALSE
ID017,2026-02-13,1814,98589,147,8,8,3138,Location001,0,0,FALSE,FALSE,FALSE
ID017,2026-02-14,3741,97684,148,17,17,5819,Location001,0,0,FALSE,FALSE,FALSE
ID017,2026-02-15,3094,99707,149,11,11,3550,Location001,0,0,FALSE,FALSE,FALSE
ID017,2026-02-16,2991,98391,150,12,12,4524,Location001,0,0,FALSE,FALSE,FALSE
ID017,2026-02-17,3487,102262,151,13,13,5400,Location001,0,0,FALSE,FALSE,FALSE
ID017,2026-02-18,3151,100896,152,14,14,5009,Location001,0,0,FALSE,FALSE,FALSE
ID017,2026-02-19,2931,101915,153,11,11,4230,Location001,0,0,FALSE,FALSE,FALSE
ID017,2026-02-20,3012,103220,154,13,13,4188,Location001,0,0,FALSE,FALSE,FALSE
ID017,2026-02-21,2823,105070,155,11,11,4243,Location001,0,0,FALSE,FALSE,FALSE
ID017,2026-02-22,2872,106150,156,14,14,4582,Location001,0,0,FALSE,FALSE,FALSE
ID017,2026-02-23,4267,106454.5,157,14,0,0,Location001,0,14,FALSE,FALSE,FALSE
ID017,2026-02-24,3159,107849,158,11,11,4195,Location001,0,0,FALSE,FALSE,FALSE
ID017,2026-02-25,3841,108180,159,19,19,4543,Location001,0,0,FALSE,FALSE,FALSE
ID017,2026-02-26,4397,111754,160,16,0,0,Location001,0,16,FALSE,FALSE,FALSE
ID017,2026-02-27,1941,108995.5,161,8,8,2582,Location001,0,0,FALSE,FALSE,FALSE
ID017,2026-02-28,2406,110895,162,9,9,3679,Location001,0,0,FALSE,FALSE,FALSE
ID017,2026-03-01,3009,113460.5,163,14,14,4182,Location001,0,0,FALSE,FALSE,FALSE
ID017,2026-03-02,1375,111624,164,9,0,0,Location001,0,9,FALSE,FALSE,FALSE
ID017,2026-03-03,3741,112890,165,13,13,4828,Location001,0,0,FALSE,FALSE,FALSE
ID017,2026-03-04,3623,114143,166,8,8,3262,Location001,0,0,FALSE,FALSE,FALSE
ID017,2026-03-05,4168,115023,167,19,19,5970,Location001,0,0,FALSE,FALSE,FALSE
ID017,2026-03-06,2740,117490,168,8,8,3653,Location001,0,0,FALSE,FALSE,FALSE
ID017,2026-03-07,3473,116961,169,15,15,4429,Location001,0,0,FALSE,FALSE,FALSE
ID017,2026-03-08,2610,116977,170,11,11,3711,Location001,0,0,FALSE,FALSE,FALSE
ID017,2026-03-09,953,117187.5,171,4,0,0,Location001,0,4,FALSE,FALSE,FALSE
ID017,2026-03-10,2741,117694.5,172,10,10,3601,Location001,0,0,FALSE,FALSE,FALSE
ID017,2026-03-11,3623,118707,173,14,14,4351,Location001,0,0,FALSE,FALSE,FALSE
ID017,2026-03-12,2850,118970,174,14,14,4033,Location001,0,0,FALSE,FALSE,FALSE
ID017,2026-03-13,1709,119028,175,11,11,2801,Location001,0,0,FALSE,FALSE,FALSE
ID017,2026-03-14,573,117951,176,4,0,0,Location001,0,4,FALSE,FALSE,FALSE
ID017,2026-03-15,1951,115032,177,4,4,1355,Location001,0,0,FALSE,FALSE,FALSE
ID017,2026-03-16,2786,115675,178,11,11,3093,Location001,0,0,FALSE,FALSE,FALSE
ID017,2026-03-17,2804,116575,179,13,13,3641,Location001,0,0,FALSE,FALSE,FALSE
ID017,2026-03-18,2332,120367,180,9,9,3698,Location001,0,0,FALSE,FALSE,FALSE
ID017,2026-03-19,1537,119379,181,6,6,1979,Location001,0,0,FALSE,FALSE,FALSE
ID017,2026-03-20,2689,119834,182,11,11,3551,Location001,0,0,FALSE,FALSE,FALSE
ID017,2026-03-21,1149,119470,183,5,5,1441,Location001,0,0,FALSE,FALSE,FALSE
ID017,2026-03-22,853,118593,184,4,4,1577,Location001,0,0,FALSE,FALSE,FALSE
ID017,2026-03-23,3422,121505,185,12,12,3941,Location001,0,0,FALSE,FALSE,FALSE
ID017,2026-03-24,642,123413,186,7,0,0,Location001,0,7,FALSE,FALSE,FALSE
ID017,2026-03-25,3574,123056,187,14,14,4761,Location001,0,0,FALSE,FALSE,FALSE
ID017,2026-03-26,2698,122438,188,10,10,2953,Location001,0,0,FALSE,FALSE,FALSE
ID017,2026-03-27,3131,124062,189,8,8,2608,Location001,0,0,FALSE,FALSE,FALSE
ID017,2026-03-28,2389,125137.5,190,10,10,3145,Location001,0,0,FALSE,FALSE,FALSE
ID017,2026-03-29,302,124776,191,1,0,0,Location001,0,1,FALSE,FALSE,FALSE
ID017,2026-03-30,2572,123338,192,14,14,2821,Location001,0,0,FALSE,FALSE,FALSE
ID017,2026-03-31,1299,123838,193,5,5,1550,Location001,0,0,FALSE,FALSE,FALSE
ID017,2026-04-01,651,124107,194,4,4,609,Location001,0,0,FALSE,FALSE,FALSE
ID017,2026-04-04,1083,,197,6,6,2263,Location001,6,0,FALSE,TRUE,FALSE
ID018,2025-12-11,510,,75,7,0,0,Location002,7,7,FALSE,TRUE,FALSE
ID018,2025-12-12,3976,,76,11,0,0,Location002,11,11,FALSE,TRUE,FALSE
ID018,2025-12-13,540,,77,12,12,3504,Location002,12,0,FALSE,TRUE,FALSE
ID018,2025-12-15,3594,26201.5,79,10,0,0,Location002,0,10,FALSE,FALSE,FALSE
ID018,2025-12-16,990,27111,80,13,13,4960,Location002,0,0,FALSE,FALSE,FALSE
ID018,2025-12-18,1545,27714,82,5,5,3282,Location002,0,0,FALSE,FALSE,FALSE
ID018,2025-12-19,2438,28473.6666666667,83,11,11,3211,Location002,11,0,FALSE,TRUE,FALSE
ID018,2025-12-20,1210,29233.3333333333,84,13,13,5409,Location002,13,0,FALSE,TRUE,FALSE
ID018,2025-12-21,515,29993,85,9,9,2126,Location002,0,0,FALSE,FALSE,FALSE
ID018,2025-12-22,577,27960,86,9,9,1918,Location002,0,0,FALSE,FALSE,FALSE
ID018,2025-12-23,2779,29547,87,12,0,0,Location002,0,12,FALSE,FALSE,FALSE
ID018,2025-12-24,455,31144.5,88,10,0,0,Location002,0,10,FALSE,FALSE,FALSE
ID018,2025-12-25,2194,32465,89,23,23,8276,Location002,0,0,FALSE,FALSE,FALSE
ID018,2025-12-26,1718,33412,90,12,12,4691,Location002,0,0,FALSE,FALSE,FALSE
ID018,2025-12-27,2691,33412,91,18,18,8994,Location002,0,0,FALSE,FALSE,FALSE
ID018,2025-12-28,1856,33970,92,12,12,3652,Location002,0,0,FALSE,FALSE,FALSE
ID018,2025-12-29,1837,35853,93,12,12,5059,Location002,0,0,FALSE,FALSE,FALSE
ID018,2025-12-30,2134,37125,94,21,21,6438,Location002,0,0,FALSE,FALSE,FALSE
ID018,2025-12-31,2279,38336,95,16,16,7148,Location002,0,0,FALSE,FALSE,FALSE
ID018,2026-01-01,1883,39489,96,15,15,6108,Location002,0,0,FALSE,FALSE,FALSE
ID018,2026-01-02,2943,39976,97,24,24,6514,Location002,0,0,FALSE,FALSE,FALSE
ID018,2026-01-03,1907,41097,98,22,22,5983,Location002,0,0,FALSE,FALSE,FALSE
ID018,2026-01-04,1900,42094,99,16,16,4523,Location002,0,0,FALSE,FALSE,FALSE
ID018,2026-01-05,3155,40353,100,6,6,2160,Location002,0,0,FALSE,FALSE,FALSE
ID018,2026-01-06,1669,40875,101,8,8,3412,Location002,0,0,FALSE,FALSE,FALSE
ID018,2026-01-07,2657,41747,102,17,17,6067,Location002,0,0,FALSE,FALSE,FALSE
ID018,2026-01-08,1706,44616,103,15,15,3692,Location002,0,0,FALSE,FALSE,FALSE
ID018,2026-01-09,1806,45079,104,15,15,4399,Location002,0,0,FALSE,FALSE,FALSE
ID018,2026-01-10,2148,46030,105,25,25,5493,Location002,0,0,FALSE,FALSE,FALSE
ID018,2026-01-11,2135,47556,106,21,21,4852,Location002,0,0,FALSE,FALSE,FALSE
ID018,2026-01-12,1526,48620,107,22,22,3911,Location002,0,0,FALSE,FALSE,FALSE
ID018,2026-01-13,2937,48797,108,26,26,5927,Location002,0,0,FALSE,FALSE,FALSE
ID018,2026-01-14,1672,50203,109,17,17,3123,Location002,0,0,FALSE,FALSE,FALSE
ID018,2026-01-15,1797,48760.5,110,10,10,3353,Location002,0,0,FALSE,FALSE,FALSE
ID018,2026-01-16,2480,53583,111,15,15,3912,Location002,0,0,FALSE,FALSE,FALSE
ID018,2026-01-17,1856,54358.5,112,22,22,4808,Location002,0,0,FALSE,FALSE,FALSE
ID018,2026-01-18,1764,53668,113,26,26,3207,Location002,0,0,FALSE,FALSE,FALSE
ID018,2026-01-19,3174,55097,114,26,26,5654,Location002,0,0,FALSE,FALSE,FALSE
ID018,2026-01-20,2097,56040,115,14,14,2715,Location002,0,0,FALSE,FALSE,FALSE
ID018,2026-01-21,2267,57953,116,15,15,4109,Location002,0,0,FALSE,FALSE,FALSE
ID018,2026-01-22,2328,58670,117,16,16,4010,Location002,0,0,FALSE,FALSE,FALSE
ID018,2026-01-23,2451,58809,118,13,13,5027,Location002,0,0,FALSE,FALSE,FALSE
ID018,2026-01-24,2387,60261,119,17,17,4050,Location002,0,0,FALSE,FALSE,FALSE
ID018,2026-01-25,2326,58937,120,19,19,3113,Location002,0,0,FALSE,FALSE,FALSE
ID018,2026-01-26,2342,61257,121,14,14,4022,Location002,0,0,FALSE,FALSE,FALSE
ID018,2026-01-27,1892,63006.5,122,12,12,3796,Location002,0,0,FALSE,FALSE,FALSE
ID018,2026-01-28,2084,64119,123,11,11,2625,Location002,0,0,FALSE,FALSE,FALSE
ID018,2026-01-29,2915,64144,124,16,16,4539,Location002,0,0,FALSE,FALSE,FALSE
ID018,2026-01-30,2713,65108,125,12,12,2561,Location002,0,0,FALSE,FALSE,FALSE
ID018,2026-01-31,4058,65762,126,16,0,0,Location002,0,16,FALSE,FALSE,FALSE
ID018,2026-02-01,1784,67904,127,11,11,3732,Location002,0,0,FALSE,FALSE,FALSE
ID018,2026-02-02,3251,68309,128,16,16,4529,Location002,0,0,FALSE,FALSE,FALSE
ID018,2026-02-03,2040,70992,129,14,14,2647,Location002,0,0,FALSE,FALSE,FALSE
ID018,2026-02-04,1715,70517,130,12,12,3037,Location002,0,0,FALSE,FALSE,FALSE
ID018,2026-02-05,2804,71443,131,14,14,3404,Location002,0,0,FALSE,FALSE,FALSE
ID018,2026-02-06,1264,74346,132,9,9,2914,Location002,0,0,FALSE,FALSE,FALSE
ID018,2026-02-07,3908,75855.5,133,18,18,4350,Location002,0,0,FALSE,FALSE,FALSE
ID018,2026-02-08,2819,76203,134,16,16,3735,Location002,0,0,FALSE,FALSE,FALSE
ID018,2026-02-09,2738,78208.5,135,16,16,3051,Location002,0,0,FALSE,FALSE,FALSE
ID018,2026-02-10,2983,78354,136,18,18,3467,Location002,0,0,FALSE,FALSE,FALSE
ID018,2026-02-11,2699,78550,137,15,15,3677,Location002,0,0,FALSE,FALSE,FALSE
ID018,2026-02-12,3422,81167.5,138,20,20,3951,Location002,0,0,FALSE,FALSE,FALSE
ID018,2026-02-13,2789,81996,139,17,17,2952,Location002,0,0,FALSE,FALSE,FALSE
ID018,2026-02-14,2835,82322.5,140,34,34,2971,Location002,0,0,FALSE,FALSE,FALSE
ID018,2026-02-15,3909,81043,141,31,31,4272,Location002,0,0,FALSE,FALSE,FALSE
ID018,2026-02-16,3462,82936,142,14,14,2790,Location002,0,0,FALSE,FALSE,FALSE
ID018,2026-02-17,2110,85530,143,10,10,2908,Location002,0,0,FALSE,FALSE,FALSE
ID018,2026-02-18,2328,85387,144,17,17,2461,Location002,0,0,FALSE,FALSE,FALSE
ID018,2026-02-19,2158,85013,145,15,15,2439,Location002,0,0,FALSE,FALSE,FALSE
ID018,2026-02-20,3035,85880.5,146,20,20,3779,Location002,0,0,FALSE,FALSE,FALSE
ID018,2026-02-21,2832,86856,147,23,23,3807,Location002,0,0,FALSE,FALSE,FALSE
ID018,2026-02-22,2937,90434,148,17,17,3204,Location002,0,0,FALSE,FALSE,FALSE
ID018,2026-02-23,3163,91302.5,149,18,18,3065,Location002,0,0,FALSE,FALSE,FALSE
ID018,2026-02-24,3013,91544,150,14,14,3370,Location002,0,0,FALSE,FALSE,FALSE
ID018,2026-02-25,1100,90207.5,151,6,6,1802,Location002,0,0,FALSE,FALSE,FALSE
ID018,2026-02-26,1530,92766.5,152,14,14,1923,Location002,0,0,FALSE,FALSE,FALSE
ID018,2026-02-27,3081,94480,153,14,14,3863,Location002,0,0,FALSE,FALSE,FALSE
ID018,2026-02-28,1844,93835,154,14,14,2243,Location002,0,0,FALSE,FALSE,FALSE
ID018,2026-03-01,2068,93059,155,14,14,2936,Location002,0,0,FALSE,FALSE,FALSE
ID018,2026-03-02,2256,97410,156,17,17,3339,Location002,0,0,FALSE,FALSE,FALSE
ID018,2026-03-03,2180,96161,157,15,15,2807,Location002,0,0,FALSE,FALSE,FALSE
ID018,2026-03-04,2729,98492,158,22,22,3191,Location002,0,0,FALSE,FALSE,FALSE
ID018,2026-03-05,2334,98760,159,17,17,3273,Location002,0,0,FALSE,FALSE,FALSE
ID018,2026-03-06,2159,97743,160,15,15,3596,Location002,0,0,FALSE,FALSE,FALSE
ID018,2026-03-07,2661,99054,161,21,21,3052,Location002,0,0,FALSE,FALSE,FALSE
ID018,2026-03-08,2619,99847,162,17,17,3294,Location002,0,0,FALSE,FALSE,FALSE
ID018,2026-03-09,3908,100432,163,17,17,3645,Location002,0,0,FALSE,FALSE,FALSE
ID018,2026-03-10,1891,103137.5,164,16,16,1639,Location002,0,0,FALSE,FALSE,FALSE
ID018,2026-03-11,3484,100223,165,21,21,2736,Location002,0,0,FALSE,FALSE,FALSE
ID018,2026-03-12,2531,101799,166,24,24,4468,Location002,0,0,FALSE,FALSE,FALSE
ID018,2026-03-13,1829,106906.5,167,14,14,3747,Location002,0,0,FALSE,FALSE,FALSE
ID018,2026-03-14,3358,106112,168,15,15,4377,Location002,0,0,FALSE,FALSE,FALSE
ID018,2026-03-15,1954,105908,169,9,9,3400,Location002,0,0,FALSE,FALSE,FALSE
ID018,2026-03-16,1409,107883,170,11,11,1965,Location002,0,0,FALSE,FALSE,FALSE
ID018,2026-03-17,731,98794,171,13,13,1539,Location002,0,0,FALSE,FALSE,FALSE
ID018,2026-03-18,1107,97338,172,5,5,1881,Location002,0,0,FALSE,FALSE,FALSE
ID018,2026-03-19,2808,105768,173,14,14,3864,Location002,0,0,FALSE,FALSE,FALSE
ID018,2026-03-20,496,106330,174,10,0,0,Location002,0,10,FALSE,FALSE,FALSE
ID018,2026-03-21,1934,106064,175,3,3,1873,Location002,0,0,FALSE,FALSE,FALSE
ID018,2026-03-22,1264,101313,176,8,8,1149,Location002,0,0,FALSE,FALSE,FALSE
ID018,2026-03-23,1943,104902,177,6,6,2276,Location002,0,0,FALSE,FALSE,FALSE
ID018,2026-03-24,2890,109302,178,16,16,3973,Location002,0,0,FALSE,FALSE,FALSE
ID018,2026-03-25,2721,110961,179,11,11,3075,Location002,0,0,FALSE,FALSE,FALSE
ID018,2026-03-26,3373,110681.5,180,18,18,3928,Location002,0,0,FALSE,FALSE,FALSE
ID018,2026-03-27,680,110494,181,6,0,0,Location002,0,6,FALSE,FALSE,FALSE
ID018,2026-03-28,1947,107381,182,9,9,2547,Location002,0,0,FALSE,FALSE,FALSE
ID018,2026-03-29,866,108885,183,12,0,0,Location002,0,12,FALSE,FALSE,FALSE
ID018,2026-03-30,3772,110489,184,9,9,4312,Location002,0,0,FALSE,FALSE,FALSE
ID018,2026-03-31,2756,114012.5,185,8,8,2689,Location002,0,0,FALSE,FALSE,FALSE
ID018,2026-04-01,2618,115846.5,186,14,14,3264,Location002,0,0,FALSE,FALSE,FALSE
ID018,2026-04-02,3219,116200,187,17,17,3689,Location002,0,0,FALSE,FALSE,FALSE
ID018,2026-04-03,3316,114123,188,15,15,2509,Location002,0,0,FALSE,FALSE,FALSE
ID018,2026-04-04,2051,115309,189,13,13,2676,Location002,0,0,FALSE,FALSE,FALSE
ID018,2026-04-05,2691,116659,190,16,16,2689,Location002,0,0,FALSE,FALSE,FALSE
ID018,2026-04-06,1749,118485,191,9,9,2317,Location002,0,0,FALSE,FALSE,FALSE
ID018,2026-04-07,2239,117188,192,7,7,2169,Location002,0,0,FALSE,FALSE,FALSE
ID018,2026-04-08,2905,116532,193,16,16,2955,Location002,0,0,FALSE,FALSE,FALSE
ID018,2026-04-09,2312,119306,194,11,11,1869,Location002,0,0,FALSE,FALSE,FALSE
ID018,2026-04-10,1357,117833,195,10,10,1584,Location002,0,0,FALSE,FALSE,FALSE
ID018,2026-04-11,1548,118936,196,5,5,1302,Location002,0,0,FALSE,FALSE,FALSE
ID018,2026-04-12,880,117031,197,8,8,1014,Location002,0,0,FALSE,FALSE,FALSE
ID018,2026-04-13,1237,119192,198,5,5,1193,Location002,0,0,FALSE,FALSE,FALSE
ID018,2026-04-14,289,117986,199,4,0,0,Location002,0,4,FALSE,FALSE,FALSE
ID018,2026-04-15,1519,116661,200,7,7,1590,Location002,0,0,FALSE,FALSE,FALSE
ID018,2026-04-16,2090,113011,201,6,6,1499,Location002,0,0,FALSE,FALSE,FALSE
ID018,2026-04-17,4132,117757,202,19,0,0,Location002,0,19,FALSE,FALSE,FALSE
ID018,2026-04-18,1713,120168,203,9,9,1369,Location002,0,0,FALSE,FALSE,FALSE
ID018,2026-04-19,1791,119524.5,204,6,6,2491,Location002,0,0,FALSE,FALSE,FALSE
ID018,2026-04-20,2307,120210,205,5,5,1531,Location002,0,0,FALSE,FALSE,FALSE
ID018,2026-04-21,1911,117193,206,8,8,2555,Location002,0,0,FALSE,FALSE,FALSE
ID018,2026-04-22,1591,119292,207,6,6,1957,Location002,0,0,FALSE,FALSE,FALSE
ID018,2026-04-23,2903,120290,208,14,14,4018,Location002,0,0,FALSE,FALSE,FALSE
ID018,2026-04-24,2298,,209,10,10,2508,Location002,0,0,FALSE,TRUE,FALSE
ID019,2025-12-02,832,37306.5,73,5,5,4172,Location002,1,0,FALSE,FALSE,FALSE
ID019,2025-12-05,1876,28220,76,9,9,4971,Location002,0,0,FALSE,FALSE,FALSE
ID019,2025-12-06,2169,40121,77,14,0,0,Location002,6,14,FALSE,FALSE,TRUE
ID019,2025-12-07,2462,68281,78,11,11,5093,Location002,6,0,FALSE,FALSE,FALSE
ID019,2025-12-08,1407,49309.5,79,10,10,4287,Location002,10,0,FALSE,TRUE,FALSE
ID019,2025-12-09,1020,30338,80,9,9,4283,Location002,0,0,FALSE,FALSE,FALSE
ID019,2025-12-10,1442.5,30338,81,13,0,0,Location002,0,13,FALSE,FALSE,TRUE
ID019,2025-12-11,1865,31384,82,10,10,4896,Location002,0,0,FALSE,FALSE,FALSE
ID019,2025-12-12,1380,32898,83,10,10,4314,Location002,0,0,FALSE,FALSE,FALSE
ID019,2025-12-13,2520,35386,84,11,11,4320,Location002,0,0,FALSE,FALSE,FALSE
ID019,2025-12-14,2460,35471.5,85,14,14,4674,Location002,0,0,FALSE,FALSE,FALSE
ID019,2025-12-15,1215,35386,86,18,18,4295,Location002,0,0,FALSE,FALSE,FALSE
ID019,2025-12-16,1160,36633,87,12,12,3492,Location002,0,0,FALSE,FALSE,FALSE
ID019,2025-12-18,1634,38482,89,11,11,3643,Location002,0,0,FALSE,FALSE,FALSE
ID019,2025-12-19,1783,38806,90,20,20,4990,Location002,0,0,FALSE,FALSE,FALSE
ID019,2025-12-20,3534,39222,91,22,22,5697,Location002,0,0,FALSE,FALSE,FALSE
ID019,2025-12-21,1983,40685,92,22,22,5204,Location002,0,0,FALSE,FALSE,FALSE
ID019,2025-12-22,2092,42425.5,93,20,20,7307,Location002,0,0,FALSE,FALSE,FALSE
ID019,2025-12-23,2055,42892,94,23,23,7026,Location002,0,0,FALSE,FALSE,FALSE
ID019,2025-12-24,2161,43883,95,23,23,5697,Location002,0,0,FALSE,FALSE,FALSE
ID019,2025-12-25,2658,44813,96,27,27,7181,Location002,0,0,FALSE,FALSE,FALSE
ID019,2025-12-26,1839,45348,97,17,17,5530,Location002,0,0,FALSE,FALSE,FALSE
ID019,2025-12-27,2013,46394,98,19,19,5712,Location002,0,0,FALSE,FALSE,FALSE
ID019,2025-12-28,2618,46048,99,20,20,6169,Location002,0,0,FALSE,FALSE,FALSE
ID019,2025-12-29,2598,47641,100,20,20,6963,Location002,0,0,FALSE,FALSE,FALSE
ID019,2025-12-30,2792,48923.5,101,22,22,5513,Location002,0,0,FALSE,FALSE,FALSE
ID019,2025-12-31,2696,50006,102,17,17,5904,Location002,0,0,FALSE,FALSE,FALSE
ID019,2026-01-01,3274,50603,103,25,25,7155,Location002,0,0,FALSE,FALSE,FALSE
ID019,2026-01-02,2509,53140,104,30,30,6689,Location002,0,0,FALSE,FALSE,FALSE
ID019,2026-01-03,2222,53475,105,16,16,6107,Location002,0,0,FALSE,FALSE,FALSE
ID019,2026-01-04,2643,55185,106,38,38,6782,Location002,0,0,FALSE,FALSE,FALSE
ID019,2026-01-05,1957,55988.5,107,30,30,5085,Location002,0,0,FALSE,FALSE,FALSE
ID019,2026-01-06,3270,56960,108,32,32,7062,Location002,0,0,FALSE,FALSE,FALSE
ID019,2026-01-07,2931,57799,109,28,28,6753,Location002,0,0,FALSE,FALSE,FALSE
ID019,2026-01-08,2727,60001,110,34,34,6821,Location002,0,0,FALSE,FALSE,FALSE
ID019,2026-01-09,2590,61352,111,31,31,6152,Location002,0,0,FALSE,FALSE,FALSE
ID019,2026-01-10,3540,61554,112,32,32,7628,Location002,0,0,FALSE,FALSE,FALSE
ID019,2026-01-11,3138,62152,113,18,18,5848,Location002,0,0,FALSE,FALSE,FALSE
ID019,2026-01-12,3020,64138,114,19,19,5920,Location002,0,0,FALSE,FALSE,FALSE
ID019,2026-01-13,5203,65201,115,26,0,0,Location002,0,26,FALSE,FALSE,FALSE
ID019,2026-01-14,5324,67370,116,21,0,0,Location002,0,21,FALSE,FALSE,FALSE
ID019,2026-01-15,2960,67632,117,15,15,4644,Location002,0,0,FALSE,FALSE,FALSE
ID019,2026-01-16,1710,69201,118,16,16,3226,Location002,0,0,FALSE,FALSE,FALSE
ID019,2026-01-17,2012,69287,119,13,13,3089,Location002,0,0,FALSE,FALSE,FALSE
ID019,2026-01-18,3822,70759,120,24,24,4500,Location002,0,0,FALSE,FALSE,FALSE
ID019,2026-01-19,3356,71346,121,17,17,4602,Location002,0,0,FALSE,FALSE,FALSE
ID019,2026-01-20,4268,73070.5,122,22,22,5665,Location002,0,0,FALSE,FALSE,FALSE
ID019,2026-01-21,4077,74104,123,18,18,5460,Location002,0,0,FALSE,FALSE,FALSE
ID019,2026-01-22,4784,74894,124,24,24,7047,Location002,0,0,FALSE,FALSE,FALSE
ID019,2026-01-23,4158,75591,125,19,19,5143,Location002,0,0,FALSE,FALSE,FALSE
ID019,2026-01-24,4480,76453,126,23,23,5036,Location002,0,0,FALSE,FALSE,FALSE
ID019,2026-01-25,3369,76678,127,15,15,4958,Location002,0,0,FALSE,FALSE,FALSE
ID019,2026-01-26,4116,77926,128,17,17,5255,Location002,0,0,FALSE,FALSE,FALSE
ID019,2026-01-27,3627,80281,129,19,19,4596,Location002,0,0,FALSE,FALSE,FALSE
ID019,2026-01-28,4834,80301.5,130,18,18,4990,Location002,0,0,FALSE,FALSE,FALSE
ID019,2026-01-29,2304,82429,131,14,14,5034,Location002,0,0,FALSE,FALSE,FALSE
ID019,2026-01-30,3795,82716,132,19,19,6203,Location002,0,0,FALSE,FALSE,FALSE
ID019,2026-01-31,4138,83458,133,15,15,6033,Location002,0,0,FALSE,FALSE,FALSE
ID019,2026-02-01,3665,84184,134,21,21,5758,Location002,0,0,FALSE,FALSE,FALSE
ID019,2026-02-02,4215,85620,135,18,18,6292,Location002,0,0,FALSE,FALSE,FALSE
ID019,2026-02-03,4414,85406.5,136,18,18,5757,Location002,0,0,FALSE,FALSE,FALSE
ID019,2026-02-04,2678,86805,137,14,14,5026,Location002,0,0,FALSE,FALSE,FALSE
ID019,2026-02-05,3338,88171,138,15,15,5323,Location002,0,0,FALSE,FALSE,FALSE
ID019,2026-02-06,4690,89219,139,29,29,7631,Location002,0,0,FALSE,FALSE,FALSE
ID019,2026-02-07,4544,90244,140,21,21,6041,Location002,0,0,FALSE,FALSE,FALSE
ID019,2026-02-08,2755,91452,141,12,12,3985,Location002,0,0,FALSE,FALSE,FALSE
ID019,2026-02-09,5792,91855,142,20,20,5801,Location002,0,0,FALSE,FALSE,FALSE
ID019,2026-02-10,1901,91604,143,10,0,0,Location002,0,10,FALSE,FALSE,FALSE
ID019,2026-02-11,4377,93015.5,144,20,20,5493,Location002,0,0,FALSE,FALSE,FALSE
ID019,2026-02-12,3445,93142,145,16,16,5391,Location002,0,0,FALSE,FALSE,FALSE
ID019,2026-02-13,3210,95228,146,23,23,5537,Location002,0,0,FALSE,FALSE,FALSE
ID019,2026-02-14,3808,95706,147,28,28,4991,Location002,0,0,FALSE,FALSE,FALSE
ID019,2026-02-15,3832,96933,148,21,21,4457,Location002,0,0,FALSE,FALSE,FALSE
ID019,2026-02-16,3425,97801,149,16,16,4730,Location002,0,0,FALSE,FALSE,FALSE
ID019,2026-02-17,3707,97794,150,17,17,5029,Location002,0,0,FALSE,FALSE,FALSE
ID019,2026-02-18,3108,100113,151,13,13,4866,Location002,0,0,FALSE,FALSE,FALSE
ID019,2026-02-19,2862,99617,152,13,13,4027,Location002,0,0,FALSE,FALSE,FALSE
ID019,2026-02-20,4124,103224,153,21,21,6813,Location002,0,0,FALSE,FALSE,FALSE
ID019,2026-02-21,3566,103854,154,17,17,5128,Location002,0,0,FALSE,FALSE,FALSE
ID019,2026-02-22,3776,100810,155,18,18,5612,Location002,0,0,FALSE,FALSE,FALSE
ID019,2026-02-23,4884,105582,156,22,22,6747,Location002,0,0,FALSE,FALSE,FALSE
ID019,2026-02-24,3233,106330,157,13,13,4253,Location002,0,0,FALSE,FALSE,FALSE
ID019,2026-02-25,4782,107301,158,21,21,5529,Location002,0,0,FALSE,FALSE,FALSE
ID019,2026-02-26,3000,108891,159,24,24,5363,Location002,0,0,FALSE,FALSE,FALSE
ID019,2026-02-27,3573,109191,160,16,16,4610,Location002,0,0,FALSE,FALSE,FALSE
ID019,2026-02-28,3934,111690.5,161,24,24,6127,Location002,0,0,FALSE,FALSE,FALSE
ID019,2026-03-01,3958,112245,162,25,25,5912,Location002,0,0,FALSE,FALSE,FALSE
ID019,2026-03-02,4573,112267.5,163,24,24,6365,Location002,0,0,FALSE,FALSE,FALSE
ID019,2026-03-03,5617,112822,164,21,21,7348,Location002,0,0,FALSE,FALSE,FALSE
ID019,2026-03-04,4452,115410,165,18,18,6053,Location002,0,0,FALSE,FALSE,FALSE
ID019,2026-03-05,3550,115982,166,19,19,4879,Location002,0,0,FALSE,FALSE,FALSE
ID019,2026-03-06,4550,118557,167,19,19,6382,Location002,0,0,FALSE,FALSE,FALSE
ID019,2026-03-07,3887,118035,168,15,15,5781,Location002,0,0,FALSE,FALSE,FALSE
ID019,2026-03-08,3891,117367,169,13,13,4784,Location002,0,0,FALSE,FALSE,FALSE
ID019,2026-03-09,4285,121127,170,17,17,5922,Location002,0,0,FALSE,FALSE,FALSE
ID019,2026-03-10,4769,119862,171,18,18,7328,Location002,0,0,FALSE,FALSE,FALSE
ID019,2026-03-11,5005,122984,172,25,25,8417,Location002,0,0,FALSE,FALSE,FALSE
ID019,2026-03-12,5288,124149,173,26,26,7255,Location002,0,0,FALSE,FALSE,FALSE
ID019,2026-03-13,4860,123759,174,22,22,5476,Location002,0,0,FALSE,FALSE,FALSE
ID019,2026-03-14,4435,125101,175,16,16,6190,Location002,0,0,FALSE,FALSE,FALSE
ID019,2026-03-15,3003,126051,176,18,18,5507,Location002,0,0,FALSE,FALSE,FALSE
ID019,2026-03-16,1337,126937,177,12,0,0,Location002,0,12,FALSE,FALSE,FALSE
ID019,2026-03-17,651,126937,178,8,0,0,Location002,0,8,FALSE,FALSE,FALSE
ID019,2026-03-18,2441,127846.333333333,179,15,15,4842,Location002,15,0,FALSE,TRUE,FALSE
ID019,2026-03-19,4258,128755.666666667,180,17,17,7446,Location002,17,0,FALSE,TRUE,FALSE
ID019,2026-03-20,3456,129665,181,16,16,5380,Location002,0,0,FALSE,FALSE,FALSE
ID019,2026-03-21,3990,129084,182,14,14,5264,Location002,0,0,FALSE,FALSE,FALSE
ID019,2026-03-22,2957,127639,183,13,13,4327,Location002,0,0,FALSE,FALSE,FALSE
ID019,2026-03-23,3443,127535,184,16,16,6565,Location002,0,0,FALSE,FALSE,FALSE
ID019,2026-03-24,5140,129383,185,16,16,6554,Location002,0,0,FALSE,FALSE,FALSE
ID019,2026-03-25,3071,130617.5,186,12,12,5874,Location002,0,0,FALSE,FALSE,FALSE
ID019,2026-03-26,3663,132210,187,13,13,5547,Location002,0,0,FALSE,FALSE,FALSE
ID019,2026-03-27,3212,133883,188,12,12,4983,Location002,0,0,FALSE,FALSE,FALSE
ID019,2026-03-28,3027,132694,189,11,11,4565,Location002,0,0,FALSE,FALSE,FALSE
ID019,2026-03-29,4504,134379,190,19,19,6147,Location002,0,0,FALSE,FALSE,FALSE
ID019,2026-03-30,3102,137502,191,14,14,5349,Location002,0,0,FALSE,FALSE,FALSE
ID019,2026-03-31,3553,137184,192,15,15,5872,Location002,6,0,FALSE,FALSE,FALSE
ID019,2026-04-01,958,136920.5,193,1,0,0,Location002,1,1,FALSE,TRUE,FALSE
ID019,2026-04-05,347,136657,197,2,0,0,Location002,0,2,FALSE,FALSE,FALSE
ID019,2026-04-06,2589,133063,198,12,12,3646,Location002,0,0,FALSE,FALSE,FALSE
ID019,2026-04-07,5500,135096,199,27,0,0,Location002,12,27,FALSE,FALSE,FALSE
ID019,2026-04-08,3063,,200,14,14,4238,Location002,14,0,FALSE,TRUE,FALSE
ID019,2026-04-09,4885,,201,19,19,4949,Location002,19,0,FALSE,TRUE,FALSE
ID019,2026-04-10,3695,,202,16,16,4687,Location002,16,0,FALSE,TRUE,FALSE
ID019,2026-04-11,5672,,203,23,0,0,Location002,23,23,FALSE,TRUE,FALSE
ID019,2026-04-12,2714,,204,13,13,1625,Location002,13,0,FALSE,TRUE,FALSE
ID019,2026-04-13,4422,,205,22,0,0,Location002,22,22,FALSE,TRUE,FALSE
ID019,2026-04-14,764,,206,7,7,1277,Location002,7,0,FALSE,TRUE,FALSE
ID019,2026-04-15,45,,207,1,0,0,Location002,1,1,FALSE,TRUE,FALSE
ID019,2026-04-16,70,,208,4,0,0,Location002,4,4,FALSE,TRUE,FALSE
ID019,2026-04-17,160,,209,4,0,0,Location002,4,4,FALSE,TRUE,FALSE
ID019,2026-04-18,455,,210,2,2,150,Location002,2,0,FALSE,TRUE,FALSE
ID019,2026-04-19,415,,211,5,5,364,Location002,5,0,FALSE,TRUE,FALSE
ID019,2026-04-20,205,,212,3,0,0,Location002,3,3,FALSE,TRUE,FALSE
ID019,2026-04-22,1011.5,,214,30,0,0,Location002,30,30,FALSE,TRUE,TRUE
ID019,2026-04-23,1818,,215,11,11,3221,Location002,11,0,FALSE,TRUE,FALSE
ID019,2026-04-24,4138,,216,26,26,6401,Location002,0,0,FALSE,TRUE,FALSE
ID020,2025-12-02,972,,74,18,18,8302,Location002,18,0,FALSE,TRUE,FALSE
ID020,2025-12-04,1777,26694,76,22,22,10969,Location002,13,0,FALSE,FALSE,FALSE
ID020,2025-12-05,1218,25782,77,26,26,8774,Location002,1,0,FALSE,FALSE,FALSE
ID020,2025-12-06,1210,28201,78,38,38,8461,Location002,6,0,FALSE,FALSE,FALSE
ID020,2025-12-07,1280,28383,79,21,21,7206,Location002,0,0,FALSE,FALSE,FALSE
ID020,2025-12-08,1296,29579,80,34,34,8765,Location002,4,0,FALSE,FALSE,FALSE
ID020,2025-12-09,1250,30558,81,24,24,8173,Location002,0,0,FALSE,FALSE,FALSE
ID020,2025-12-10,995,31343,82,18,18,5676,Location002,2,0,FALSE,FALSE,FALSE
ID020,2025-12-11,2021,32027,83,22,22,6892,Location002,0,0,FALSE,FALSE,FALSE
ID020,2025-12-12,1992,32969,84,22,22,7960,Location002,0,0,FALSE,FALSE,FALSE
ID020,2025-12-13,1482,34335,85,27,27,7886,Location002,0,0,FALSE,FALSE,FALSE
ID020,2025-12-14,1600,34311,86,30,30,8345,Location002,0,0,FALSE,FALSE,FALSE
ID020,2025-12-18,1355,37046.5,90,20,20,7590,Location002,0,0,FALSE,FALSE,FALSE
ID020,2025-12-19,1790,39324,91,24,24,7732,Location002,0,0,FALSE,FALSE,FALSE
ID020,2025-12-20,2497,40153,92,27,27,8731,Location002,0,0,FALSE,FALSE,FALSE
ID020,2025-12-21,2002,41067,93,19,19,7635,Location002,0,0,FALSE,FALSE,FALSE
ID020,2025-12-22,3015,42368,94,33,33,8217,Location002,0,0,FALSE,FALSE,FALSE
ID020,2025-12-23,1464,42496,95,20,20,5346,Location002,0,0,FALSE,FALSE,FALSE
ID020,2025-12-24,1711,43040,96,18,18,6143,Location002,0,0,FALSE,FALSE,FALSE
ID020,2025-12-25,1956,44139,97,21,21,6740,Location002,0,0,FALSE,FALSE,FALSE
ID020,2025-12-26,2520,44937.5,98,28,28,8913,Location002,0,0,FALSE,FALSE,FALSE
ID020,2025-12-27,2109,46195,99,38,38,7458,Location002,0,0,FALSE,FALSE,FALSE
ID020,2025-12-28,2437,46398,100,36,36,8616,Location002,0,0,FALSE,FALSE,FALSE
ID020,2025-12-29,2032,47594,101,29,29,6988,Location002,0,0,FALSE,FALSE,FALSE
ID020,2025-12-30,2538,48387,102,14,14,8410,Location002,0,0,FALSE,FALSE,FALSE
ID020,2025-12-31,2654,50397,103,28,28,8532,Location002,0,0,FALSE,FALSE,FALSE
ID020,2026-01-01,2429,51122,104,36,36,7273,Location002,0,0,FALSE,FALSE,FALSE
ID020,2026-01-02,2067,51964,105,33,33,5975,Location002,0,0,FALSE,FALSE,FALSE
ID020,2026-01-03,2909,53480,106,34,34,9150,Location002,0,0,FALSE,FALSE,FALSE
ID020,2026-01-04,2632,54634,107,18,18,7280,Location002,0,0,FALSE,FALSE,FALSE
ID020,2026-01-05,2439,56546,108,21,21,7051,Location002,0,0,FALSE,FALSE,FALSE
ID020,2026-01-06,3363,56814,109,33,33,8917,Location002,0,0,FALSE,FALSE,FALSE
ID020,2026-01-07,3129,58320,110,32,32,7918,Location002,0,0,FALSE,FALSE,FALSE
ID020,2026-01-08,3030,59939,111,37,37,7320,Location002,0,0,FALSE,FALSE,FALSE
ID020,2026-01-09,2419,60563,112,40,40,6094,Location002,0,0,FALSE,FALSE,FALSE
ID020,2026-01-10,2901,61903,113,47,47,7406,Location002,0,0,FALSE,FALSE,FALSE
ID020,2026-01-11,2808,61813,114,44,44,6797,Location002,0,0,FALSE,FALSE,FALSE
ID020,2026-01-12,2939,63476,115,28,28,6810,Location002,0,0,FALSE,FALSE,FALSE
ID020,2026-01-13,3199,63637,116,29,29,6982,Location002,0,0,FALSE,FALSE,FALSE
ID020,2026-01-14,3929,65527,117,17,17,4169,Location002,0,0,FALSE,FALSE,FALSE
ID020,2026-01-15,3179,66981,118,19,19,5259,Location002,0,0,FALSE,FALSE,FALSE
ID020,2026-01-16,1899,68207,119,10,10,3450,Location002,0,0,FALSE,FALSE,FALSE
ID020,2026-01-17,3315,68655,120,18,18,4747,Location002,0,0,FALSE,FALSE,FALSE
ID020,2026-01-18,2535,70275,121,14,14,3324,Location002,0,0,FALSE,FALSE,FALSE
ID020,2026-01-19,2207,70375,122,14,14,3771,Location002,0,0,FALSE,FALSE,FALSE
ID020,2026-01-20,3285,71326,123,16,16,5669,Location002,0,0,FALSE,FALSE,FALSE
ID020,2026-01-21,736,72650,124,9,0,0,Location002,0,9,FALSE,FALSE,FALSE
ID020,2026-01-22,2744,73466,125,16,16,4886,Location002,0,0,FALSE,FALSE,FALSE
ID020,2026-01-23,2187,73853,126,11,11,4270,Location002,0,0,FALSE,FALSE,FALSE
ID020,2026-01-24,2898,75253,127,17,17,4348,Location002,0,0,FALSE,FALSE,FALSE
ID020,2026-01-25,2606,75502,128,16,16,4788,Location002,0,0,FALSE,FALSE,FALSE
ID020,2026-01-26,1898,76663,129,13,13,2797,Location002,0,0,FALSE,FALSE,FALSE
ID020,2026-01-27,2944,78405,130,21,21,5376,Location002,0,0,FALSE,FALSE,FALSE
ID020,2026-01-28,2714,79086,131,17,17,5552,Location002,0,0,FALSE,FALSE,FALSE
ID020,2026-01-29,2479,80581.5,132,12,12,4159,Location002,0,0,FALSE,FALSE,FALSE
ID020,2026-01-30,2423,79784,133,14,14,3677,Location002,0,0,FALSE,FALSE,FALSE
ID020,2026-01-31,3197,82383,134,19,19,4777,Location002,0,0,FALSE,FALSE,FALSE
ID020,2026-02-01,2566,82370,135,23,23,4014,Location002,0,0,FALSE,FALSE,FALSE
ID020,2026-02-02,3477,85211,136,15,15,6365,Location002,0,0,FALSE,FALSE,FALSE
ID020,2026-02-03,4784,85135,137,17,0,0,Location002,0,17,FALSE,FALSE,FALSE
ID020,2026-02-04,1783,87006,138,9,0,0,Location002,0,9,FALSE,FALSE,FALSE
ID020,2026-02-05,3309,87089,139,22,22,5611,Location002,0,0,FALSE,FALSE,FALSE
ID020,2026-02-06,4238,88143,140,19,19,5702,Location002,0,0,FALSE,FALSE,FALSE
ID020,2026-02-07,3084,90197,141,15,15,4425,Location002,0,0,FALSE,FALSE,FALSE
ID020,2026-02-08,4398,89806,142,10,10,3235,Location002,0,0,FALSE,FALSE,FALSE
ID020,2026-02-09,2709,89030,143,14,14,4034,Location002,0,0,FALSE,FALSE,FALSE
ID020,2026-02-10,1672,90788.5,144,10,10,2602,Location002,0,0,FALSE,FALSE,FALSE
ID020,2026-02-11,2130,91584.75,145,16,16,3411,Location002,16,0,FALSE,TRUE,FALSE
ID020,2026-02-12,3579,92381,146,11,11,5222,Location002,0,0,FALSE,FALSE,FALSE
ID020,2026-02-13,2866,92944,147,11,11,3603,Location002,0,0,FALSE,FALSE,FALSE
ID020,2026-02-14,1673,94280,148,9,9,2885,Location002,0,0,FALSE,FALSE,FALSE
ID020,2026-02-15,2220,94013,149,15,15,3677,Location002,0,0,FALSE,FALSE,FALSE
ID020,2026-02-16,3955,94571,150,17,17,6122,Location002,0,0,FALSE,FALSE,FALSE
ID020,2026-02-17,2997,96477,151,14,14,4461,Location002,0,0,FALSE,FALSE,FALSE
ID020,2026-02-18,3084,97482,152,22,22,5185,Location002,0,0,FALSE,FALSE,FALSE
ID020,2026-02-19,3799,99996,153,20,20,4684,Location002,0,0,FALSE,FALSE,FALSE
ID020,2026-02-20,1741,100799,154,17,17,3778,Location002,0,0,FALSE,FALSE,FALSE
ID020,2026-02-21,2488,101959,155,14,14,3816,Location002,0,0,FALSE,FALSE,FALSE
ID020,2026-02-22,3080,101274,156,18,18,4758,Location002,0,0,FALSE,FALSE,FALSE
ID020,2026-02-23,2316,102123,157,15,15,3135,Location002,0,0,FALSE,FALSE,FALSE
ID020,2026-02-24,3465,103350,158,18,18,3975,Location002,0,0,FALSE,FALSE,FALSE
ID020,2026-02-25,2339,104579,159,13,13,3764,Location002,0,0,FALSE,FALSE,FALSE
ID020,2026-02-26,3330,104918,160,19,19,4846,Location002,0,0,FALSE,FALSE,FALSE
ID020,2026-02-27,2633,106833,161,11,11,3797,Location002,0,0,FALSE,FALSE,FALSE
ID020,2026-02-28,1421,108456,162,13,13,2755,Location002,0,0,FALSE,FALSE,FALSE
ID020,2026-03-01,4164,106883,163,23,0,0,Location002,0,23,FALSE,FALSE,FALSE
ID020,2026-03-02,1494,108588,164,20,20,2870,Location002,0,0,FALSE,FALSE,FALSE
ID020,2026-03-03,1817,106389,165,12,12,2785,Location002,0,0,FALSE,FALSE,FALSE
ID020,2026-03-04,3205,108524,166,15,15,5090,Location002,0,0,FALSE,FALSE,FALSE
ID020,2026-03-05,3522,110390,167,20,20,5453,Location002,0,0,FALSE,FALSE,FALSE
ID020,2026-03-06,3249,110307,168,22,22,4860,Location002,0,0,FALSE,FALSE,FALSE
ID020,2026-03-07,3079,112677,169,21,21,4078,Location002,0,0,FALSE,FALSE,FALSE
ID020,2026-03-08,2325,112900,170,20,20,4568,Location002,0,0,FALSE,FALSE,FALSE
ID020,2026-03-09,2636,114732,171,22,22,4359,Location002,0,0,FALSE,FALSE,FALSE
ID020,2026-03-10,3235,113604,172,17,17,3747,Location002,0,0,FALSE,FALSE,FALSE
ID020,2026-03-11,3678,113779,173,20,20,4431,Location002,0,0,FALSE,FALSE,FALSE
ID020,2026-03-12,3383,114236,174,23,23,4407,Location002,0,0,FALSE,FALSE,FALSE
ID020,2026-03-13,3203,116028,175,21,21,3827,Location002,0,0,FALSE,FALSE,FALSE
ID020,2026-03-14,3163,117076,176,20,20,4700,Location002,0,0,FALSE,FALSE,FALSE
ID020,2026-03-15,2501,116780,177,20,20,3412,Location002,0,0,FALSE,FALSE,FALSE
ID020,2026-03-16,801,113120,178,12,12,1396,Location002,0,0,FALSE,FALSE,FALSE
ID020,2026-03-17,330,114464.6,179,3,0,0,Location002,3,3,FALSE,TRUE,FALSE
ID020,2026-03-18,1424,115809.2,180,9,9,2017,Location002,9,0,FALSE,TRUE,FALSE
ID020,2026-03-19,3607,117153.8,181,19,19,4706,Location002,19,0,FALSE,TRUE,FALSE
ID020,2026-03-20,2117,118498.4,182,13,13,2788,Location002,13,0,FALSE,TRUE,FALSE
ID020,2026-03-21,2737,119843,183,13,13,3418,Location002,0,0,FALSE,FALSE,FALSE
ID020,2026-03-22,3117,120035,184,13,13,3703,Location002,0,0,FALSE,FALSE,FALSE
ID020,2026-03-23,3153,122492,185,14,14,4495,Location002,0,0,FALSE,FALSE,FALSE
ID020,2026-03-24,1737,123233,186,11,11,1814,Location002,0,0,FALSE,FALSE,FALSE
ID020,2026-03-25,4415,124829,187,20,0,0,Location002,0,20,FALSE,FALSE,FALSE
ID020,2026-03-26,2477,126773,188,15,15,3731,Location002,0,0,FALSE,FALSE,FALSE
ID020,2026-03-27,3469,126792,189,17,17,4163,Location002,0,0,FALSE,FALSE,FALSE
ID020,2026-03-28,3401,127112,190,22,22,4507,Location002,0,0,FALSE,FALSE,FALSE
ID020,2026-03-29,1645,125942,191,8,0,0,Location002,0,8,FALSE,FALSE,FALSE
ID020,2026-03-30,4081,128236,192,16,16,4068,Location002,0,0,FALSE,FALSE,FALSE
ID020,2026-03-31,3107,129177,193,12,12,4036,Location002,0,0,FALSE,FALSE,FALSE
ID020,2026-04-01,412,128694,194,3,0,0,Location002,0,3,FALSE,FALSE,FALSE
ID021,2025-12-02,153,,74,7,0,0,Location001,7,7,FALSE,TRUE,FALSE
ID021,2025-12-04,1924,,76,5,0,0,Location001,5,5,FALSE,TRUE,FALSE
ID021,2025-12-05,258,,77,2,0,0,Location001,2,2,FALSE,TRUE,FALSE
ID021,2025-12-10,1139,,82,11,11,3931,Location001,11,0,FALSE,TRUE,FALSE
ID021,2025-12-11,822,,83,8,8,2830,Location001,8,0,FALSE,TRUE,FALSE
ID021,2025-12-12,1102,,84,6,6,3645,Location001,6,0,FALSE,TRUE,FALSE
ID021,2025-12-13,1297,,85,11,11,3640,Location001,11,0,FALSE,TRUE,FALSE
ID021,2025-12-14,1070,,86,8,8,3157,Location001,8,0,FALSE,TRUE,FALSE
ID021,2025-12-16,600,31056,88,9,0,0,Location001,0,9,FALSE,FALSE,FALSE
ID021,2025-12-18,620,32918,90,5,5,1521,Location001,0,0,FALSE,FALSE,FALSE
ID021,2025-12-19,1114,33679,91,8,8,2295,Location001,0,0,FALSE,FALSE,FALSE
ID021,2025-12-20,1269,34657,92,10,10,2694,Location001,0,0,FALSE,FALSE,FALSE
ID021,2025-12-21,1390,36431.5,93,14,14,2985,Location001,0,0,FALSE,FALSE,FALSE
ID021,2025-12-22,1847,37007.5,94,14,14,3109,Location001,0,0,FALSE,FALSE,FALSE
ID021,2025-12-23,1682,37957,95,11,11,3513,Location001,0,0,FALSE,FALSE,FALSE
ID021,2025-12-24,1686,38713.5,96,18,18,3389,Location001,0,0,FALSE,FALSE,FALSE
ID021,2025-12-25,2398,39282.5,97,14,14,4595,Location001,0,0,FALSE,FALSE,FALSE
ID021,2025-12-26,1364,40227,98,12,12,2673,Location001,0,0,FALSE,FALSE,FALSE
ID021,2025-12-27,1788,41464.5,99,16,16,3779,Location001,0,0,FALSE,FALSE,FALSE
ID021,2025-12-28,2153,42489.5,100,18,18,3955,Location001,0,0,FALSE,FALSE,FALSE
ID021,2025-12-29,3436,42842,101,17,17,4720,Location001,0,0,FALSE,FALSE,FALSE
ID021,2025-12-30,2413,44354,102,18,18,4606,Location001,0,0,FALSE,FALSE,FALSE
ID021,2025-12-31,2049,45074,103,20,20,4410,Location001,0,0,FALSE,FALSE,FALSE
ID021,2026-01-01,2720,46709,104,15,15,4992,Location001,0,0,FALSE,FALSE,FALSE
ID021,2026-01-02,2588,47788,105,21,21,4365,Location001,0,0,FALSE,FALSE,FALSE
ID021,2026-01-03,2319,47642,106,19,19,4169,Location001,0,0,FALSE,FALSE,FALSE
ID021,2026-01-04,1960,49461,107,23,23,3818,Location001,0,0,FALSE,FALSE,FALSE
ID021,2026-01-05,2244,51019,108,23,23,4277,Location001,0,0,FALSE,FALSE,FALSE
ID021,2026-01-06,2706,51483,109,25,25,4488,Location001,0,0,FALSE,FALSE,FALSE
ID021,2026-01-07,2429,52796,110,26,26,4661,Location001,0,0,FALSE,FALSE,FALSE
ID021,2026-01-08,1644,53618,111,18,18,2724,Location001,0,0,FALSE,FALSE,FALSE
ID021,2026-01-09,2376,54494.5,112,10,10,2102,Location001,0,0,FALSE,FALSE,FALSE
ID021,2026-01-10,2634,55809,113,15,15,3696,Location001,0,0,FALSE,FALSE,FALSE
ID021,2026-01-11,2055,56213,114,13,13,2395,Location001,0,0,FALSE,FALSE,FALSE
ID021,2026-01-12,2809,57614,115,13,13,2695,Location001,0,0,FALSE,FALSE,FALSE
ID021,2026-01-13,2384,58653.5,116,10,10,3112,Location001,0,0,FALSE,FALSE,FALSE
ID021,2026-01-14,5142,60234,117,20,0,0,Location001,0,20,FALSE,FALSE,FALSE
ID021,2026-01-15,1946,61353,118,11,11,2340,Location001,0,0,FALSE,FALSE,FALSE
ID021,2026-01-16,2380,61977,119,13,13,3177,Location001,0,0,FALSE,FALSE,FALSE
ID021,2026-01-17,2355,63010,120,14,14,3140,Location001,0,0,FALSE,FALSE,FALSE
ID021,2026-01-18,2508,63569,121,18,18,3016,Location001,0,0,FALSE,FALSE,FALSE
ID021,2026-01-19,2706,64151,122,15,15,3764,Location001,0,0,FALSE,FALSE,FALSE
ID021,2026-01-20,2692,64657,123,9,9,3084,Location001,0,0,FALSE,FALSE,FALSE
ID021,2026-01-21,2339,64993,124,18,18,3073,Location001,0,0,FALSE,FALSE,FALSE
ID021,2026-01-22,2316,67973,125,11,11,3339,Location001,0,0,FALSE,FALSE,FALSE
ID021,2026-01-23,3898,68276,126,14,14,4573,Location001,0,0,FALSE,FALSE,FALSE
ID021,2026-01-24,2605,69290,127,10,10,3318,Location001,0,0,FALSE,FALSE,FALSE
ID021,2026-01-25,1462,68966,128,9,9,2932,Location001,0,0,FALSE,FALSE,FALSE
ID021,2026-01-26,2628,70689,129,10,10,2556,Location001,0,0,FALSE,FALSE,FALSE
ID021,2026-01-27,3004,71807,130,18,18,3274,Location001,0,0,FALSE,FALSE,FALSE
ID021,2026-01-28,3355,71274,131,23,23,3393,Location001,0,0,FALSE,FALSE,FALSE
ID021,2026-01-29,4202,74200,132,20,20,4684,Location001,0,0,FALSE,FALSE,FALSE
ID021,2026-01-30,1878,74544,133,6,0,0,Location001,0,6,FALSE,FALSE,FALSE
ID021,2026-01-31,3216,74833.5,134,10,10,3580,Location001,0,0,FALSE,FALSE,FALSE
ID021,2026-02-01,1942,75215,135,11,0,0,Location001,0,11,FALSE,FALSE,FALSE
ID021,2026-02-02,3745,77498,136,13,13,4425,Location001,0,0,FALSE,FALSE,FALSE
ID021,2026-02-03,3583,78820,137,10,10,4618,Location001,0,0,FALSE,FALSE,FALSE
ID021,2026-02-04,2147,79353,138,8,0,0,Location001,0,8,FALSE,FALSE,FALSE
ID021,2026-02-05,3941,76714,139,12,12,4819,Location001,0,0,FALSE,FALSE,FALSE
ID021,2026-02-06,5782,80379,140,16,0,0,Location001,0,16,FALSE,FALSE,FALSE
ID021,2026-02-07,3799,81723.5,141,20,20,4441,Location001,0,0,FALSE,FALSE,FALSE
ID021,2026-02-08,3545,84776,142,10,10,5107,Location001,0,0,FALSE,FALSE,FALSE
ID021,2026-02-09,3329,85511,143,14,14,4787,Location001,0,0,FALSE,FALSE,FALSE
ID021,2026-02-10,1786,79559,144,7,0,0,Location001,0,7,FALSE,FALSE,FALSE
ID021,2026-02-11,5637,88527,145,23,0,0,Location001,0,23,FALSE,FALSE,FALSE
ID021,2026-02-12,2093,86609,146,11,11,2725,Location001,0,0,FALSE,FALSE,FALSE
ID021,2026-02-13,3972,87691,147,14,14,4650,Location001,0,0,FALSE,FALSE,FALSE
ID021,2026-02-14,2967,91205,148,14,14,3867,Location001,0,0,FALSE,FALSE,FALSE
ID021,2026-02-15,3773,91333,149,21,21,5066,Location001,0,0,FALSE,FALSE,FALSE
ID021,2026-02-16,3764,91333,150,15,15,4752,Location001,0,0,FALSE,FALSE,FALSE
ID021,2026-02-17,4017,92133.5,151,16,16,5092,Location001,0,0,FALSE,FALSE,FALSE
ID021,2026-02-18,3354,93595,152,17,17,4695,Location001,0,0,FALSE,FALSE,FALSE
ID021,2026-02-19,2659,93467,153,7,7,2651,Location001,0,0,FALSE,FALSE,FALSE
ID021,2026-02-20,3730,94498,154,17,17,4672,Location001,0,0,FALSE,FALSE,FALSE
ID021,2026-02-21,3091,93240,155,15,15,3775,Location001,0,0,FALSE,FALSE,FALSE
ID021,2026-02-22,3816,95904,156,15,15,4296,Location001,0,0,FALSE,FALSE,FALSE
ID021,2026-02-23,2910,97608,157,13,13,3316,Location001,0,0,FALSE,FALSE,FALSE
ID021,2026-02-24,3511,96882,158,13,13,3459,Location001,0,0,FALSE,FALSE,FALSE
ID021,2026-02-25,2651,96882,159,10,10,3276,Location001,0,0,FALSE,FALSE,FALSE
ID021,2026-02-26,3475,98675,160,16,16,4393,Location001,0,0,FALSE,FALSE,FALSE
ID021,2026-02-27,2840,98905,161,10,10,2538,Location001,0,0,FALSE,FALSE,FALSE
ID021,2026-02-28,3513,100701,162,16,16,4245,Location001,0,0,FALSE,FALSE,FALSE
ID021,2026-03-01,2457,100525,163,13,13,3233,Location001,0,0,FALSE,FALSE,FALSE
ID021,2026-03-02,2260,102237,164,14,14,3178,Location001,0,0,FALSE,FALSE,FALSE
ID021,2026-03-03,2719,98122,165,10,10,3855,Location001,0,0,FALSE,FALSE,FALSE
ID021,2026-03-04,2935,101878,166,12,12,3635,Location001,0,0,FALSE,FALSE,FALSE
ID021,2026-03-05,2397,102293,167,10,10,3167,Location001,0,0,FALSE,FALSE,FALSE
ID021,2026-03-06,2938,103845,168,12,12,3797,Location001,0,0,FALSE,FALSE,FALSE
ID021,2026-03-07,1603,102788,169,7,0,0,Location001,0,7,FALSE,FALSE,FALSE
ID021,2026-03-08,2940,103883,170,9,9,3308,Location001,0,0,FALSE,FALSE,FALSE
ID021,2026-03-09,3991,105948,171,13,13,4462,Location001,0,0,FALSE,FALSE,FALSE
ID021,2026-03-10,2865,105520,172,12,12,4570,Location001,0,0,FALSE,FALSE,FALSE
ID021,2026-03-11,2763,106896,173,14,14,4163,Location001,0,0,FALSE,FALSE,FALSE
ID021,2026-03-12,4221,108173,174,18,18,5949,Location001,0,0,FALSE,FALSE,FALSE
ID021,2026-03-13,4087,109181,175,16,16,4348,Location001,0,0,FALSE,FALSE,FALSE
ID021,2026-03-14,1193,107777,176,7,0,0,Location001,0,7,FALSE,FALSE,FALSE
ID021,2026-03-15,2864,109548,177,20,20,3988,Location001,0,0,FALSE,FALSE,FALSE
ID021,2026-03-16,3679,112751,178,15,15,4083,Location001,0,0,FALSE,FALSE,FALSE
ID021,2026-03-17,2859,113071,179,9,9,3444,Location001,0,0,FALSE,FALSE,FALSE
ID021,2026-03-18,2870,115463,180,12,12,4411,Location001,0,0,FALSE,FALSE,FALSE
ID021,2026-03-19,2118,114655.5,181,10,10,3048,Location001,0,0,FALSE,FALSE,FALSE
ID021,2026-03-20,4695,116449,182,16,0,0,Location001,0,16,FALSE,FALSE,FALSE
ID021,2026-03-21,874,112281,183,2,0,0,Location001,0,2,FALSE,FALSE,FALSE
ID021,2026-03-22,1803,116449,184,5,5,2166,Location001,0,0,FALSE,FALSE,FALSE
ID021,2026-03-23,2355,112198,185,10,10,3505,Location001,0,0,FALSE,FALSE,FALSE
ID021,2026-03-24,1679,112797,186,6,6,2343,Location001,0,0,FALSE,FALSE,FALSE
ID021,2026-03-25,2074,113472,187,8,8,2860,Location001,0,0,FALSE,FALSE,FALSE
ID021,2026-03-26,3264,113832,188,13,0,0,Location001,0,13,FALSE,FALSE,FALSE
ID021,2026-03-27,2421,114915,189,4,4,1674,Location001,0,0,FALSE,FALSE,FALSE
ID021,2026-03-28,2267,114917,190,7,7,3066,Location001,0,0,FALSE,FALSE,FALSE
ID021,2026-03-29,1542,115978,191,4,4,1486,Location001,0,0,FALSE,FALSE,FALSE
ID022,2025-12-02,1077,40411,74,9,9,4174,Location001,4,0,FALSE,FALSE,FALSE
ID022,2025-12-04,1056,31845,76,9,9,3583,Location001,0,0,FALSE,FALSE,FALSE
ID022,2025-12-05,4062,32682,77,17,0,0,Location001,0,17,FALSE,FALSE,FALSE
ID022,2025-12-06,1385,33176,78,18,18,5379,Location001,0,0,FALSE,FALSE,FALSE
ID022,2025-12-08,2442,35709,80,16,16,5602,Location001,0,0,FALSE,FALSE,FALSE
ID022,2025-12-10,2045,39541,82,15,15,6417,Location001,0,0,FALSE,FALSE,FALSE
ID022,2025-12-11,1530,39021,83,15,15,4755,Location001,0,0,FALSE,FALSE,FALSE
ID022,2025-12-12,1759,40303,84,17,17,5065,Location001,0,0,FALSE,FALSE,FALSE
ID022,2025-12-13,1950,41841,85,13,13,5307,Location001,0,0,FALSE,FALSE,FALSE
ID022,2025-12-15,920,42976.5,87,6,6,2941,Location001,0,0,FALSE,FALSE,FALSE
ID022,2025-12-18,2272,46948,90,11,11,4766,Location001,0,0,FALSE,FALSE,FALSE
ID022,2025-12-19,1770,47880,91,14,14,3890,Location001,0,0,FALSE,FALSE,FALSE
ID022,2025-12-20,2748,49178.5,92,14,14,5198,Location001,0,0,FALSE,FALSE,FALSE
ID022,2025-12-21,2003,49663,93,14,14,4830,Location001,0,0,FALSE,FALSE,FALSE
ID022,2025-12-22,2523,51190,94,16,16,5841,Location001,0,0,FALSE,FALSE,FALSE
ID022,2025-12-23,2390,52886,95,19,19,5512,Location001,0,0,FALSE,FALSE,FALSE
ID022,2025-12-24,2084,54419,96,15,15,4389,Location001,0,0,FALSE,FALSE,FALSE
ID022,2025-12-25,2788,54561,97,15,15,5403,Location001,0,0,FALSE,FALSE,FALSE
ID022,2025-12-26,3882,55704,98,14,14,6820,Location001,0,0,FALSE,FALSE,FALSE
ID022,2025-12-27,3119,58849,99,16,16,5720,Location001,0,0,FALSE,FALSE,FALSE
ID022,2025-12-28,3042,59103,100,14,14,4801,Location001,0,0,FALSE,FALSE,FALSE
ID022,2025-12-29,2614,58904,101,10,10,4397,Location001,0,0,FALSE,FALSE,FALSE
ID022,2025-12-30,2398,60521,102,11,11,3818,Location001,0,0,FALSE,FALSE,FALSE
ID022,2025-12-31,2578,61547,103,19,19,4885,Location001,0,0,FALSE,FALSE,FALSE
ID022,2026-01-01,2630,62779,104,11,11,4407,Location001,0,0,FALSE,FALSE,FALSE
ID022,2026-01-02,2069,63938,105,15,15,3915,Location001,0,0,FALSE,FALSE,FALSE
ID022,2026-01-03,2251,65220,106,20,20,4429,Location001,0,0,FALSE,FALSE,FALSE
ID022,2026-01-04,2235,66013.5,107,14,14,3659,Location001,0,0,FALSE,FALSE,FALSE
ID022,2026-01-05,2611,66727,108,16,16,3834,Location001,0,0,FALSE,FALSE,FALSE
ID022,2026-01-06,3001,68226.5,109,18,18,4809,Location001,0,0,FALSE,FALSE,FALSE
ID022,2026-01-07,3294,68684,110,12,12,3556,Location001,0,0,FALSE,FALSE,FALSE
ID022,2026-01-08,1181,69354.5,111,6,6,3749,Location001,0,0,FALSE,FALSE,FALSE
ID022,2026-01-09,2184,71887,112,6,6,3168,Location001,0,0,FALSE,FALSE,FALSE
ID022,2026-01-10,3126,72035,113,16,16,4693,Location001,0,0,FALSE,FALSE,FALSE
ID022,2026-01-11,2692,73973,114,13,13,3823,Location001,0,0,FALSE,FALSE,FALSE
ID022,2026-01-12,1014,74230,115,8,8,1250,Location001,0,0,FALSE,FALSE,FALSE
ID022,2026-01-13,2256,73105.5,116,12,12,3645,Location001,0,0,FALSE,FALSE,FALSE
ID022,2026-01-14,5042,75722.5,117,14,0,0,Location001,0,14,FALSE,FALSE,FALSE
ID022,2026-01-15,2319,78144,118,9,9,3742,Location001,0,0,FALSE,FALSE,FALSE
ID022,2026-01-16,2426,80524,119,14,14,3477,Location001,0,0,FALSE,FALSE,FALSE
ID022,2026-01-17,2231,80832,120,8,8,2802,Location001,0,0,FALSE,FALSE,FALSE
ID022,2026-01-18,2439,80248,121,11,11,3164,Location001,0,0,FALSE,FALSE,FALSE
ID022,2026-01-19,2626,82360,122,8,8,3746,Location001,0,0,FALSE,FALSE,FALSE
ID022,2026-01-20,2152,84717,123,8,8,3835,Location001,0,0,FALSE,FALSE,FALSE
ID022,2026-01-21,2289,84144,124,8,8,4026,Location001,0,0,FALSE,FALSE,FALSE
ID022,2026-01-22,1644,85640.5,125,6,6,3593,Location001,0,0,FALSE,FALSE,FALSE
ID022,2026-01-23,2397,86995,126,7,7,3849,Location001,0,0,FALSE,FALSE,FALSE
ID022,2026-01-24,2090,88117,127,6,6,3719,Location001,0,0,FALSE,FALSE,FALSE
ID022,2026-01-25,1232,89077,128,5,5,4029,Location001,0,0,FALSE,FALSE,FALSE
ID022,2026-01-26,3027,90797.5,129,10,10,4102,Location001,0,0,FALSE,FALSE,FALSE
ID022,2026-01-27,3088,92575,130,8,8,3904,Location001,0,0,FALSE,FALSE,FALSE
ID022,2026-01-28,1584,94040,131,8,8,2887,Location001,0,0,FALSE,FALSE,FALSE
ID022,2026-01-29,2099,93966,132,8,8,3793,Location001,0,0,FALSE,FALSE,FALSE
ID022,2026-01-30,3368,95109,133,12,12,4785,Location001,0,0,FALSE,FALSE,FALSE
ID022,2026-01-31,3647,96654,134,12,12,3879,Location001,0,0,FALSE,FALSE,FALSE
ID022,2026-02-01,4804,97651,135,7,7,5273,Location001,0,0,FALSE,FALSE,FALSE
ID022,2026-02-02,2614,98676.5,136,4,4,3516,Location001,0,0,FALSE,FALSE,FALSE
ID022,2026-02-03,3773,100917,137,8,8,4639,Location001,0,0,FALSE,FALSE,FALSE
ID022,2026-02-04,2400,102778.5,138,6,6,3745,Location001,0,0,FALSE,FALSE,FALSE
ID022,2026-02-05,3300,105478,139,8,8,5364,Location001,0,0,FALSE,FALSE,FALSE
ID022,2026-02-06,2921,105936,140,10,10,4017,Location001,0,0,FALSE,FALSE,FALSE
ID022,2026-02-07,3389,106203,141,8,8,4451,Location001,0,0,FALSE,FALSE,FALSE
ID022,2026-02-08,3040,107690,142,7,7,4408,Location001,0,0,FALSE,FALSE,FALSE
ID022,2026-02-09,3412,107895,143,8,8,4011,Location001,0,0,FALSE,FALSE,FALSE
ID022,2026-02-10,2370,111124,144,14,14,3161,Location001,0,0,FALSE,FALSE,FALSE
ID022,2026-02-11,3137,109600,145,8,8,4106,Location001,0,0,FALSE,FALSE,FALSE
ID022,2026-02-12,4039.5,111239,146,8,0,0,Location001,0,8,FALSE,FALSE,TRUE
ID022,2026-02-13,4942,112068,147,9,9,4274,Location001,0,0,FALSE,FALSE,FALSE
ID022,2026-02-14,3975,114846.5,148,10,10,4128,Location001,0,0,FALSE,FALSE,FALSE
ID022,2026-02-15,4321,118450,149,6,6,4789,Location001,0,0,FALSE,FALSE,FALSE
ID022,2026-02-16,4392,118333,150,7,7,4510,Location001,0,0,FALSE,FALSE,FALSE
ID022,2026-02-17,2433,119195,151,7,7,3706,Location001,0,0,FALSE,FALSE,FALSE
ID022,2026-02-18,4249,122645,152,15,15,4925,Location001,0,0,FALSE,FALSE,FALSE
ID022,2026-02-19,3417,124025,153,9,9,3895,Location001,0,0,FALSE,FALSE,FALSE
ID022,2026-02-20,3184,123044,154,7,7,4601,Location001,0,0,FALSE,FALSE,FALSE
ID022,2026-02-21,3762,124314,155,9,9,3531,Location001,0,0,FALSE,FALSE,FALSE
ID022,2026-02-22,3896,125757,156,11,11,4322,Location001,0,0,FALSE,FALSE,FALSE
ID022,2026-02-23,5112,125972,157,7,0,0,Location001,0,7,FALSE,FALSE,FALSE
ID022,2026-02-24,2661,127316,158,7,7,3636,Location001,0,0,FALSE,FALSE,FALSE
ID022,2026-02-25,3636,125932,159,11,11,2802,Location001,0,0,FALSE,FALSE,FALSE
ID022,2026-02-26,3035,131801.5,160,10,10,3602,Location001,0,0,FALSE,FALSE,FALSE
ID022,2026-02-27,2195,128385.5,161,6,6,2697,Location001,0,0,FALSE,FALSE,FALSE
ID022,2026-02-28,2897,130583,162,8,8,3328,Location001,0,0,FALSE,FALSE,FALSE
ID022,2026-03-01,2900,132036,163,9,9,3923,Location001,0,0,FALSE,FALSE,FALSE
ID022,2026-03-02,2381,131256,164,8,8,2753,Location001,0,0,FALSE,FALSE,FALSE
ID022,2026-03-03,3144,134851,165,7,7,3777,Location001,0,0,FALSE,FALSE,FALSE
ID022,2026-03-04,3566,136846,166,12,12,3547,Location001,0,0,FALSE,FALSE,FALSE
ID022,2026-03-05,1916,136664.5,167,6,6,2409,Location001,0,0,FALSE,FALSE,FALSE
ID022,2026-03-06,3198,136028.5,168,4,4,3400,Location001,0,0,FALSE,FALSE,FALSE
ID022,2026-03-07,4104,135630,169,13,13,3446,Location001,0,0,FALSE,FALSE,FALSE
ID022,2026-03-08,1030,133522,170,2,2,1479,Location001,0,0,FALSE,FALSE,FALSE
ID022,2026-03-09,2097,135262,171,10,10,2330,Location001,0,0,FALSE,FALSE,FALSE
ID022,2026-03-10,1674,133257,172,4,4,1474,Location001,0,0,FALSE,FALSE,FALSE
ID022,2026-03-11,2033,134436.5,173,4,4,2363,Location001,0,0,FALSE,FALSE,FALSE
ID022,2026-03-12,2248,136007,174,10,10,2345,Location001,0,0,FALSE,FALSE,FALSE
ID022,2026-03-13,1654,136732,175,4,4,1808,Location001,0,0,FALSE,FALSE,FALSE
ID022,2026-03-14,1784,136507,176,5,5,1993,Location001,0,0,FALSE,FALSE,FALSE
ID022,2026-03-15,2843,137079,177,7,7,1964,Location001,0,0,FALSE,FALSE,FALSE
ID022,2026-03-16,2791,138446,178,9,9,2243,Location001,0,0,FALSE,FALSE,FALSE
ID022,2026-03-17,882,136776,179,3,3,871,Location001,0,0,FALSE,FALSE,FALSE
ID022,2026-03-18,125,135579,180,1,0,0,Location001,0,1,FALSE,FALSE,FALSE
ID022,2026-03-19,370,133455,181,2,2,307,Location001,0,0,FALSE,FALSE,FALSE
ID022,2026-03-20,2024,133998,182,5,5,1393,Location001,0,0,FALSE,FALSE,FALSE
ID022,2026-03-21,1721,133236,183,4,4,2185,Location001,0,0,FALSE,FALSE,FALSE
ID022,2026-03-22,2865,135526,184,8,8,2064,Location001,0,0,FALSE,FALSE,FALSE
ID022,2026-03-23,2662,137228,185,6,6,2014,Location001,0,0,FALSE,FALSE,FALSE
ID022,2026-03-24,1971,139028,186,4,4,1962,Location001,0,0,FALSE,FALSE,FALSE
ID022,2026-03-25,3016,139822,187,5,5,2334,Location001,0,0,FALSE,FALSE,FALSE
ID022,2026-03-26,2603,139469,188,9,9,2692,Location001,8,0,FALSE,FALSE,FALSE
ID022,2026-03-27,2558,,189,6,6,1906,Location001,6,0,FALSE,TRUE,FALSE
ID022,2026-03-28,227,,190,6,0,0,Location001,6,6,FALSE,TRUE,FALSE
ID022,2026-03-29,108,,191,5,0,0,Location001,5,5,FALSE,TRUE,FALSE
ID023,2025-12-02,1661,,72,17,17,8748,Location001,17,0,FALSE,TRUE,FALSE
ID023,2025-12-06,1646,,76,18,18,5502,Location001,18,0,FALSE,TRUE,FALSE
ID023,2025-12-09,1576,34931,79,29,29,5004,Location001,0,0,FALSE,FALSE,FALSE
ID023,2025-12-10,1579,35881,80,43,43,5237,Location001,0,0,FALSE,FALSE,FALSE
ID023,2025-12-12,1525,38299,82,25,0,0,Location001,0,25,FALSE,FALSE,FALSE
ID023,2025-12-15,1580,42201,85,15,15,4408,Location001,0,0,FALSE,FALSE,FALSE
ID023,2025-12-16,2066,43331,86,12,12,3352,Location001,0,0,FALSE,FALSE,FALSE
ID023,2025-12-18,1485,46215,88,12,0,0,Location001,0,12,FALSE,FALSE,FALSE
ID023,2025-12-19,1652,45593,89,19,19,3963,Location001,0,0,FALSE,FALSE,FALSE
ID023,2025-12-20,2508,46920.5,90,26,26,6211,Location001,0,0,FALSE,FALSE,FALSE
ID023,2025-12-21,2505,48286,91,30,30,5555,Location001,0,0,FALSE,FALSE,FALSE
ID023,2025-12-22,3379,48636,92,25,25,6268,Location001,0,0,FALSE,FALSE,FALSE
ID023,2025-12-23,2345,49377,93,18,18,5393,Location001,0,0,FALSE,FALSE,FALSE
ID023,2025-12-24,2188,51163,94,15,15,5897,Location001,0,0,FALSE,FALSE,FALSE
ID023,2025-12-25,2996,52983,95,25,25,6584,Location001,0,0,FALSE,FALSE,FALSE
ID023,2025-12-26,2541,53399,96,16,16,6083,Location001,0,0,FALSE,FALSE,FALSE
ID023,2025-12-27,2982,53194.5,97,24,24,6271,Location001,0,0,FALSE,FALSE,FALSE
ID023,2025-12-28,3157,54246,98,32,32,6912,Location001,0,0,FALSE,FALSE,FALSE
ID023,2025-12-29,3535,56549,99,30,30,7521,Location001,0,0,FALSE,FALSE,FALSE
ID023,2025-12-30,3180,56729,100,24,24,8069,Location001,0,0,FALSE,FALSE,FALSE
ID023,2025-12-31,2837,59581,101,21,21,6712,Location001,0,0,FALSE,FALSE,FALSE
ID023,2026-01-01,2817,60209,102,20,20,6259,Location001,0,0,FALSE,FALSE,FALSE
ID023,2026-01-02,4229,60273,103,30,30,7553,Location001,0,0,FALSE,FALSE,FALSE
ID023,2026-01-03,2740,62977,104,25,25,6780,Location001,0,0,FALSE,FALSE,FALSE
ID023,2026-01-04,3489,62736,105,28,28,7813,Location001,0,0,FALSE,FALSE,FALSE
ID023,2026-01-05,3234,64330,106,35,35,7241,Location001,0,0,FALSE,FALSE,FALSE
ID023,2026-01-06,2875,65808,107,22,22,6704,Location001,0,0,FALSE,FALSE,FALSE
ID023,2026-01-07,2235,66028,108,20,20,5067,Location001,0,0,FALSE,FALSE,FALSE
ID023,2026-01-08,3369,68067,109,26,26,8291,Location001,0,0,FALSE,FALSE,FALSE
ID023,2026-01-09,3210,69974,110,36,36,7162,Location001,0,0,FALSE,FALSE,FALSE
ID023,2026-01-10,3887,69661,111,43,43,8475,Location001,0,0,FALSE,FALSE,FALSE
ID023,2026-01-11,2535,71421,112,19,19,5068,Location001,0,0,FALSE,FALSE,FALSE
ID023,2026-01-12,1716,72213,113,15,0,0,Location001,0,15,FALSE,FALSE,FALSE
ID023,2026-01-13,3078,73790,114,23,23,6067,Location001,0,0,FALSE,FALSE,FALSE
ID023,2026-01-14,5620,74113,115,20,0,0,Location001,0,20,FALSE,FALSE,FALSE
ID023,2026-01-15,3704,76339,116,19,19,6097,Location001,0,0,FALSE,FALSE,FALSE
ID023,2026-01-16,2005,78044,117,13,13,4090,Location001,0,0,FALSE,FALSE,FALSE
ID023,2026-01-17,1847,78304,118,18,18,5059,Location001,0,0,FALSE,FALSE,FALSE
ID023,2026-01-18,3093,79709,119,12,12,4924,Location001,0,0,FALSE,FALSE,FALSE
ID023,2026-01-19,2890,80205,120,14,14,4349,Location001,0,0,FALSE,FALSE,FALSE
ID023,2026-01-20,2739,81449,121,15,15,6166,Location001,0,0,FALSE,FALSE,FALSE
ID023,2026-01-21,1891,81086,122,9,9,3662,Location001,0,0,FALSE,FALSE,FALSE
ID023,2026-01-22,2343,83980,123,14,14,6942,Location001,0,0,FALSE,FALSE,FALSE
ID023,2026-01-23,2877,86054,124,14,14,6528,Location001,0,0,FALSE,FALSE,FALSE
ID023,2026-01-24,3532,85168,125,16,16,4846,Location001,0,0,FALSE,FALSE,FALSE
ID023,2026-01-25,2324,85953,126,10,10,5048,Location001,0,0,FALSE,FALSE,FALSE
ID023,2026-01-26,3103,87739,127,14,14,5681,Location001,0,0,FALSE,FALSE,FALSE
ID023,2026-01-27,2106,89546.5,128,12,12,4219,Location001,0,0,FALSE,FALSE,FALSE
ID023,2026-01-28,3504,89546,129,21,21,6109,Location001,0,0,FALSE,FALSE,FALSE
ID023,2026-01-29,2969,90446,130,15,15,5348,Location001,0,0,FALSE,FALSE,FALSE
ID023,2026-01-30,3488,92239,131,12,12,6558,Location001,0,0,FALSE,FALSE,FALSE
ID023,2026-01-31,3917,92619,132,17,17,6129,Location001,0,0,FALSE,FALSE,FALSE
ID023,2026-02-01,3918,94928,133,19,19,5821,Location001,0,0,FALSE,FALSE,FALSE
ID023,2026-02-02,2233,94239,134,14,0,0,Location001,0,14,FALSE,FALSE,FALSE
ID023,2026-02-03,4877,96378,135,12,12,5751,Location001,0,0,FALSE,FALSE,FALSE
ID023,2026-02-04,3803,95609,136,14,14,5616,Location001,0,0,FALSE,FALSE,FALSE
ID023,2026-02-05,1260,97905,137,11,0,0,Location001,0,11,FALSE,FALSE,FALSE
ID023,2026-02-06,3259,99771,138,17,17,6102,Location001,0,0,FALSE,FALSE,FALSE
ID023,2026-02-07,2430,97745,139,11,11,4367,Location001,0,0,FALSE,FALSE,FALSE
ID023,2026-02-08,4278,98504,140,17,17,5726,Location001,0,0,FALSE,FALSE,FALSE
ID023,2026-02-09,3015,101011,141,15,15,3997,Location001,0,0,FALSE,FALSE,FALSE
ID023,2026-02-10,2001,100753,142,12,12,3413,Location001,0,0,FALSE,FALSE,FALSE
ID023,2026-02-11,2851,101814,143,13,13,4661,Location001,0,0,FALSE,FALSE,FALSE
ID023,2026-02-12,2826,101864,144,11,11,4210,Location001,0,0,FALSE,FALSE,FALSE
ID023,2026-02-13,2472,103734,145,17,17,4315,Location001,0,0,FALSE,FALSE,FALSE
ID023,2026-02-14,3794,102620,146,12,12,3216,Location001,0,0,FALSE,FALSE,FALSE
ID023,2026-02-15,3210,105226,147,17,17,4625,Location001,0,0,FALSE,FALSE,FALSE
ID023,2026-02-16,4132,105039,148,16,16,5227,Location001,0,0,FALSE,FALSE,FALSE
ID023,2026-02-17,2930,107075,149,16,16,4316,Location001,0,0,FALSE,FALSE,FALSE
ID023,2026-02-18,2633,107685,150,15,15,4260,Location001,0,0,FALSE,FALSE,FALSE
ID023,2026-02-19,4527,108775,151,24,24,6303,Location001,0,0,FALSE,FALSE,FALSE
ID023,2026-02-20,3212,111746,152,16,16,5165,Location001,0,0,FALSE,FALSE,FALSE
ID023,2026-02-21,2933,108711,153,16,16,3929,Location001,0,0,FALSE,FALSE,FALSE
ID023,2026-02-22,3341,112805,154,18,18,5100,Location001,0,0,FALSE,FALSE,FALSE
ID023,2026-02-23,3498,113723,155,15,15,4564,Location001,0,0,FALSE,FALSE,FALSE
ID023,2026-02-24,3268,115123,156,15,15,5304,Location001,0,0,FALSE,FALSE,FALSE
ID023,2026-02-25,4012,113927,157,21,21,5824,Location001,0,0,FALSE,FALSE,FALSE
ID023,2026-02-26,2648,114903,158,11,11,4236,Location001,0,0,FALSE,FALSE,FALSE
ID023,2026-02-27,3685,117665,159,14,14,5133,Location001,0,0,FALSE,FALSE,FALSE
ID023,2026-02-28,3717,119292,160,15,15,5554,Location001,0,0,FALSE,FALSE,FALSE
ID023,2026-03-01,3098,119445,161,13,13,4809,Location001,0,0,FALSE,FALSE,FALSE
ID023,2026-03-02,3108,123199,162,13,13,4282,Location001,0,0,FALSE,FALSE,FALSE
ID023,2026-03-03,3592,121537,163,12,12,5444,Location001,0,0,FALSE,FALSE,FALSE
ID023,2026-03-04,3491,121817,164,15,15,5357,Location001,0,0,FALSE,FALSE,FALSE
ID023,2026-03-05,2725,125233,165,14,14,3942,Location001,0,0,FALSE,FALSE,FALSE
ID023,2026-03-06,2982,126635,166,15,15,3721,Location001,0,0,FALSE,FALSE,FALSE
ID023,2026-03-07,2102,128543,167,12,12,2749,Location001,0,0,FALSE,FALSE,FALSE
ID023,2026-03-08,2500,126885,168,14,14,4841,Location001,0,0,FALSE,FALSE,FALSE
ID023,2026-03-09,3531,126407,169,14,14,4733,Location001,0,0,FALSE,FALSE,FALSE
ID023,2026-03-10,4390,126890,170,17,17,5789,Location001,0,0,FALSE,FALSE,FALSE
ID023,2026-03-11,3237,130742,171,13,13,4736,Location001,0,0,FALSE,FALSE,FALSE
ID023,2026-03-12,3876,130746,172,11,11,3367,Location001,0,0,FALSE,FALSE,FALSE
ID023,2026-03-13,4142,131255,173,16,16,4611,Location001,0,0,FALSE,FALSE,FALSE
ID023,2026-03-14,4455,130253,174,21,21,6010,Location001,0,0,FALSE,FALSE,FALSE
ID023,2026-03-15,3689,130270,175,16,16,4298,Location001,0,0,FALSE,FALSE,FALSE
ID023,2026-03-16,2681,133873,176,14,14,4243,Location001,0,0,FALSE,FALSE,FALSE
ID023,2026-03-17,3119,134625,177,14,14,4509,Location001,0,0,FALSE,FALSE,FALSE
ID023,2026-03-18,4429,133463,178,18,18,5212,Location001,0,0,FALSE,FALSE,FALSE
ID023,2026-03-19,4270,137132,179,15,15,5694,Location001,0,0,FALSE,FALSE,FALSE
ID023,2026-03-20,3154,135239,180,14,14,4068,Location001,7,0,FALSE,FALSE,FALSE
ID023,2026-03-21,5282,135333,181,14,0,0,Location001,0,14,FALSE,FALSE,FALSE
ID023,2026-03-22,3625,135490,182,17,17,5277,Location001,0,0,FALSE,FALSE,FALSE
ID023,2026-03-23,3419,135604,183,12,12,4704,Location001,0,0,FALSE,FALSE,FALSE
ID023,2026-03-24,3490,135604,184,14,14,4874,Location001,0,0,FALSE,FALSE,FALSE
ID023,2026-03-25,2322,135604,185,8,8,4123,Location001,0,0,FALSE,FALSE,FALSE
ID023,2026-03-26,4877,,186,13,0,0,Location001,13,13,FALSE,TRUE,FALSE
ID023,2026-03-27,2236,,187,9,9,4244,Location001,9,0,FALSE,TRUE,FALSE
ID023,2026-03-28,3749,,188,11,11,4311,Location001,11,0,FALSE,TRUE,FALSE
ID023,2026-03-29,2452,,189,4,4,1189,Location001,4,0,FALSE,TRUE,FALSE
ID026,2025-12-02,2754,,74,9,9,5253,Location001,9,0,FALSE,TRUE,FALSE
ID026,2025-12-04,2410.5,45716,76,4,0,0,Location001,3,4,TRUE,FALSE,TRUE
ID026,2025-12-06,2067,63766,78,7,7,3214,Location001,3,0,FALSE,FALSE,FALSE
ID026,2025-12-07,819,30012,79,11,11,2291,Location001,0,0,FALSE,FALSE,FALSE
ID026,2025-12-08,2199,30012,80,10,10,4046,Location001,0,0,FALSE,FALSE,FALSE
ID026,2025-12-09,3289,30428,81,8,8,3586,Location001,0,0,FALSE,FALSE,FALSE
ID026,2025-12-10,2225,30745,82,10,10,4184,Location001,4,0,FALSE,FALSE,FALSE
ID026,2025-12-11,1661,32712,83,8,8,3298,Location001,0,0,FALSE,FALSE,FALSE
ID026,2025-12-12,1050,30040,84,6,6,2282,Location001,0,0,FALSE,FALSE,FALSE
ID026,2025-12-14,1155,34613,86,7,7,2291,Location001,0,0,FALSE,FALSE,FALSE
ID026,2025-12-15,1782,36268,87,7,7,2798,Location001,0,0,FALSE,FALSE,FALSE
ID026,2025-12-16,3057,38657,88,17,17,5148,Location001,0,0,FALSE,FALSE,FALSE
ID026,2025-12-18,1360,39636,90,6,6,2511,Location001,0,0,FALSE,FALSE,FALSE
ID026,2025-12-19,2022,42349,91,13,13,4232,Location001,0,0,FALSE,FALSE,FALSE
ID026,2025-12-20,3730,42647,92,14,14,4338,Location001,0,0,FALSE,FALSE,FALSE
ID026,2025-12-21,2460,43159,93,14,14,3960,Location001,0,0,FALSE,FALSE,FALSE
ID026,2025-12-22,2778,45124,94,14,14,5190,Location001,0,0,FALSE,FALSE,FALSE
ID026,2025-12-23,3612,45768,95,11,11,4650,Location001,0,0,FALSE,FALSE,FALSE
ID026,2025-12-24,2573,46749,96,14,14,5413,Location001,0,0,FALSE,FALSE,FALSE
ID026,2025-12-25,2471,48253,97,15,15,4920,Location001,0,0,FALSE,FALSE,FALSE
ID026,2025-12-26,2154,49045,98,12,12,4590,Location001,0,0,FALSE,FALSE,FALSE
ID026,2025-12-27,2970,50661,99,8,8,5139,Location001,0,0,FALSE,FALSE,FALSE
ID026,2025-12-28,3818,50157,100,7,7,3638,Location001,0,0,FALSE,FALSE,FALSE
ID026,2025-12-29,1948,50161,101,8,8,3388,Location001,0,0,FALSE,FALSE,FALSE
ID026,2025-12-30,2472,51951,102,9,9,4666,Location001,0,0,FALSE,FALSE,FALSE
ID026,2025-12-31,1872,53462,103,12,12,5020,Location001,0,0,FALSE,FALSE,FALSE
ID026,2026-01-01,3651,54393,104,18,18,5049,Location001,0,0,FALSE,FALSE,FALSE
ID026,2026-01-02,3197,55746,105,14,14,5513,Location001,0,0,FALSE,FALSE,FALSE
ID026,2026-01-03,3549,58011.5,106,18,18,6120,Location001,0,0,FALSE,FALSE,FALSE
ID026,2026-01-04,2852,58333,107,23,23,5179,Location001,0,0,FALSE,FALSE,FALSE
ID026,2026-01-05,3761,58661,108,18,18,5192,Location001,0,0,FALSE,FALSE,FALSE
ID026,2026-01-06,3214,60426,109,5,5,4326,Location001,0,0,FALSE,FALSE,FALSE
ID026,2026-01-07,2914,60894,110,19,19,4372,Location001,0,0,FALSE,FALSE,FALSE
ID026,2026-01-08,1882,62031,111,10,10,3691,Location001,0,0,FALSE,FALSE,FALSE
ID026,2026-01-09,3344,62594,112,16,16,4099,Location001,0,0,FALSE,FALSE,FALSE
ID026,2026-01-10,2386,63953,113,9,9,3672,Location001,0,0,FALSE,FALSE,FALSE
ID026,2026-01-11,2560,65796,114,11,11,3822,Location001,0,0,FALSE,FALSE,FALSE
ID026,2026-01-12,422,67528,115,3,0,0,Location001,0,3,FALSE,FALSE,FALSE
ID026,2026-01-13,3497,64671,116,27,27,4868,Location001,0,0,FALSE,FALSE,FALSE
ID026,2026-01-14,5910,66908,117,11,0,0,Location001,0,11,FALSE,FALSE,FALSE
ID026,2026-01-15,2761,70174.5,118,10,10,3474,Location001,0,0,FALSE,FALSE,FALSE
ID026,2026-01-16,1961,71962,119,8,8,3958,Location001,0,0,FALSE,FALSE,FALSE
ID026,2026-01-17,3074,71845,120,11,11,4019,Location001,0,0,FALSE,FALSE,FALSE
ID026,2026-01-18,2666,72629,121,11,11,4021,Location001,0,0,FALSE,FALSE,FALSE
ID026,2026-01-19,2384,73188,122,11,11,4176,Location001,0,0,FALSE,FALSE,FALSE
ID026,2026-01-20,2335,75096,123,11,11,4546,Location001,0,0,FALSE,FALSE,FALSE
ID026,2026-01-21,2739,74577,124,5,5,3832,Location001,0,0,FALSE,FALSE,FALSE
ID026,2026-01-22,3069,76680,125,8,8,4826,Location001,0,0,FALSE,FALSE,FALSE
ID026,2026-01-23,1933,76741,126,9,9,2891,Location001,0,0,FALSE,FALSE,FALSE
ID026,2026-01-24,1843,75636,127,7,7,2900,Location001,0,0,FALSE,FALSE,FALSE
ID026,2026-01-25,2751,78286.5,128,4,4,3827,Location001,0,0,FALSE,FALSE,FALSE
ID026,2026-01-26,3093,80634,129,9,9,4335,Location001,0,0,FALSE,FALSE,FALSE
ID026,2026-01-27,2277,82569,130,9,9,4490,Location001,0,0,FALSE,FALSE,FALSE
ID026,2026-01-28,2199,81774,131,9,9,3995,Location001,0,0,FALSE,FALSE,FALSE
ID026,2026-01-29,2988,83610.5,132,6,6,4844,Location001,0,0,FALSE,FALSE,FALSE
ID026,2026-01-30,1181,83103,133,5,5,1769,Location001,0,0,FALSE,FALSE,FALSE
ID026,2026-01-31,299,82987,134,5,0,0,Location001,0,5,FALSE,FALSE,FALSE
ID026,2026-02-01,3151,81866.5,135,12,12,4684,Location001,0,0,FALSE,FALSE,FALSE
ID026,2026-02-02,2320,83893,136,8,8,3620,Location001,0,0,FALSE,FALSE,FALSE
ID026,2026-02-03,1945,85731,137,8,8,2115,Location001,0,0,FALSE,FALSE,FALSE
ID026,2026-02-04,2466,87912,138,5,5,4840,Location001,0,0,FALSE,FALSE,FALSE
ID026,2026-02-05,3956,90322,139,10,10,5213,Location001,0,0,FALSE,FALSE,FALSE
ID026,2026-02-06,3525,92394,140,11,11,4045,Location001,0,0,FALSE,FALSE,FALSE
ID026,2026-02-07,2945,92837,141,9,9,4421,Location001,0,0,FALSE,FALSE,FALSE
ID026,2026-02-08,2825,92982.5,142,14,14,5089,Location001,0,0,FALSE,FALSE,FALSE
ID026,2026-02-09,2291,91182.5,143,10,10,4109,Location001,0,0,FALSE,FALSE,FALSE
ID026,2026-02-10,3307,92874,144,8,8,4318,Location001,0,0,FALSE,FALSE,FALSE
ID026,2026-02-11,3259,92432,145,4,4,3606,Location001,0,0,FALSE,FALSE,FALSE
ID026,2026-02-12,3830,95187,146,3,3,2689,Location001,0,0,FALSE,FALSE,FALSE
ID026,2026-02-13,3410.5,95474,147,8,0,0,Location001,0,8,FALSE,FALSE,TRUE
ID026,2026-02-14,2991,96598,148,13,13,2471,Location001,0,0,FALSE,FALSE,FALSE
ID026,2026-02-15,4386,95585,149,11,11,4429,Location001,0,0,FALSE,FALSE,FALSE
ID026,2026-02-16,4045,98490,150,9,9,4058,Location001,0,0,FALSE,FALSE,FALSE
ID026,2026-02-17,4517,101203,151,14,14,6230,Location001,0,0,FALSE,FALSE,FALSE
ID026,2026-02-18,2305,100922.5,152,10,10,4437,Location001,0,0,FALSE,FALSE,FALSE
ID026,2026-02-19,2767,99824,153,6,6,3158,Location001,0,0,FALSE,FALSE,FALSE
ID026,2026-02-20,3114.5,104611,154,11,0,0,Location001,0,11,FALSE,FALSE,TRUE
ID026,2026-02-21,3462,106225,155,11,11,3707,Location001,0,0,FALSE,FALSE,FALSE
ID026,2026-02-22,2333,105531,156,10,10,3007,Location001,0,0,FALSE,FALSE,FALSE
ID026,2026-02-23,3259,106091,157,8,8,5137,Location001,0,0,FALSE,FALSE,FALSE
ID026,2026-02-24,1321,106440,158,5,5,2248,Location001,0,0,FALSE,FALSE,FALSE
ID026,2026-02-25,2608,105336,159,10,10,3193,Location001,0,0,FALSE,FALSE,FALSE
ID026,2026-02-26,2053,107602,160,8,8,2786,Location001,0,0,FALSE,FALSE,FALSE
ID026,2026-02-27,4795,108657,161,12,12,4427,Location001,0,0,FALSE,FALSE,FALSE
ID026,2026-02-28,3522,110893,162,9,9,4127,Location001,0,0,FALSE,FALSE,FALSE
ID026,2026-03-01,2740,111245.5,163,11,11,3632,Location001,11,0,FALSE,TRUE,FALSE
ID026,2026-03-02,3626,111598,164,11,11,3740,Location001,0,0,FALSE,FALSE,FALSE
ID026,2026-03-03,3125,110150,165,10,10,3632,Location001,0,0,FALSE,FALSE,FALSE
ID026,2026-03-04,1645,112698,166,8,8,3116,Location001,0,0,FALSE,FALSE,FALSE
ID026,2026-03-05,1554,112312,167,8,8,2005,Location001,0,0,FALSE,FALSE,FALSE
ID026,2026-03-06,2084,111745,168,10,10,2266,Location001,0,0,FALSE,FALSE,FALSE
ID026,2026-03-08,247,102532,170,2,0,0,Location001,0,2,FALSE,FALSE,FALSE
ID026,2026-03-10,5,103070.25,172,1,0,0,Location001,1,1,FALSE,TRUE,FALSE
ID026,2026-03-11,276,103608.5,173,2,0,0,Location001,2,2,FALSE,TRUE,FALSE
ID026,2026-03-12,991,104146.75,174,2,2,1475,Location001,2,0,FALSE,TRUE,FALSE
ID026,2026-03-13,3497,104685,175,11,0,0,Location001,0,11,FALSE,FALSE,FALSE
ID026,2026-03-14,725,104135,176,6,6,2374,Location001,6,0,FALSE,TRUE,FALSE
ID026,2026-03-15,1529,103585,177,8,8,2515,Location001,0,0,FALSE,FALSE,FALSE
ID026,2026-03-16,2114,105500,178,7,7,2724,Location001,0,0,FALSE,FALSE,FALSE
ID026,2026-03-17,2263,109929,179,8,8,3526,Location001,0,0,FALSE,FALSE,FALSE
ID026,2026-03-18,2169,110652,180,12,12,2591,Location001,0,0,FALSE,FALSE,FALSE
ID026,2026-03-19,1290,110124,181,8,8,2011,Location001,0,0,FALSE,FALSE,FALSE
ID026,2026-03-20,2078,113238,182,8,8,1900,Location001,0,0,FALSE,FALSE,FALSE
ID026,2026-03-21,2625,109620.5,183,8,8,2570,Location001,0,0,FALSE,FALSE,FALSE
ID026,2026-03-22,1471,113238,184,5,5,1854,Location001,0,0,FALSE,FALSE,FALSE
ID026,2026-03-23,3005,111437,185,16,16,3475,Location001,0,0,FALSE,FALSE,FALSE
ID026,2026-03-24,1476,113238,186,7,7,1400,Location001,0,0,FALSE,FALSE,FALSE
ID026,2026-03-25,1154,110380.5,187,6,6,2144,Location001,0,0,FALSE,FALSE,FALSE
ID026,2026-03-26,1878,112057,188,8,8,959,Location001,0,0,FALSE,FALSE,FALSE
ID027,2025-12-02,1659,,66,7,7,4891,Location002,7,0,FALSE,TRUE,FALSE
ID027,2025-12-04,630,,68,8,8,3371,Location002,8,0,FALSE,TRUE,FALSE
ID027,2025-12-05,2474,34848.5,69,9,9,3581,Location002,7,0,FALSE,FALSE,FALSE
ID027,2025-12-07,1105,25794,71,9,9,4421,Location002,3,0,FALSE,FALSE,FALSE
ID027,2025-12-08,2775,27084.5,72,10,10,4278,Location002,10,0,FALSE,TRUE,FALSE
ID027,2025-12-10,1647,28375,74,24,24,6061,Location002,0,0,FALSE,FALSE,FALSE
ID027,2025-12-11,3851,29100,75,23,23,7285,Location002,0,0,FALSE,FALSE,FALSE
ID027,2025-12-12,2507,29567,76,15,15,3942,Location002,15,0,FALSE,TRUE,FALSE
ID027,2025-12-13,3681,30034,77,27,27,5679,Location002,0,0,FALSE,FALSE,FALSE
ID027,2025-12-14,1170,31127,78,13,13,5229,Location002,0,0,FALSE,FALSE,FALSE
ID027,2025-12-15,1025,31816,79,23,23,4649,Location002,0,0,FALSE,FALSE,FALSE
ID027,2025-12-18,2395,34516,82,19,19,5311,Location002,0,0,FALSE,FALSE,FALSE
ID027,2025-12-19,2236,34805,83,31,31,5061,Location002,0,0,FALSE,FALSE,FALSE
ID027,2025-12-20,2505,36663,84,26,26,5646,Location002,0,0,FALSE,FALSE,FALSE
ID027,2025-12-21,3021,36836,85,15,15,4809,Location002,0,0,FALSE,FALSE,FALSE
ID027,2025-12-22,2988,36850,86,17,17,5780,Location002,0,0,FALSE,FALSE,FALSE
ID027,2025-12-23,2029,38404,87,24,24,6226,Location002,0,0,FALSE,FALSE,FALSE
ID027,2025-12-24,1527,37721,88,17,17,4541,Location002,0,0,FALSE,FALSE,FALSE
ID027,2025-12-25,1907,39225,89,17,17,6123,Location002,0,0,FALSE,FALSE,FALSE
ID027,2025-12-26,1917,39473.5,90,16,16,4006,Location002,0,0,FALSE,FALSE,FALSE
ID027,2025-12-27,2513,40569,91,28,28,7221,Location002,0,0,FALSE,FALSE,FALSE
ID027,2025-12-28,1730,41697.5,92,14,14,4082,Location002,0,0,FALSE,FALSE,FALSE
ID027,2025-12-29,3702,42288,93,14,14,5556,Location002,0,0,FALSE,FALSE,FALSE
ID027,2025-12-30,2857,44069,94,18,18,5145,Location002,0,0,FALSE,FALSE,FALSE
ID027,2025-12-31,3102,46319,95,23,23,7482,Location002,0,0,FALSE,FALSE,FALSE
ID027,2026-01-01,2786,47436,96,33,33,8284,Location002,0,0,FALSE,FALSE,FALSE
ID027,2026-01-02,3713,48784,97,36,36,8341,Location002,0,0,FALSE,FALSE,FALSE
ID027,2026-01-03,2950,49796,98,25,25,6914,Location002,0,0,FALSE,FALSE,FALSE
ID027,2026-01-04,3055,50567,99,35,35,7254,Location002,0,0,FALSE,FALSE,FALSE
ID027,2026-01-05,2618,51364,100,19,19,4556,Location002,0,0,FALSE,FALSE,FALSE
ID027,2026-01-06,3378,53139,101,22,22,6632,Location002,0,0,FALSE,FALSE,FALSE
ID027,2026-01-07,2918,54554,102,28,28,6524,Location002,0,0,FALSE,FALSE,FALSE
ID027,2026-01-08,3433,55344,103,30,30,7209,Location002,0,0,FALSE,FALSE,FALSE
ID027,2026-01-09,2951,57098,104,28,28,7184,Location002,0,0,FALSE,FALSE,FALSE
ID027,2026-01-10,3736,58707,105,41,41,7661,Location002,0,0,FALSE,FALSE,FALSE
ID027,2026-01-11,3490,59397,106,33,33,6379,Location002,0,0,FALSE,FALSE,FALSE
ID027,2026-01-12,3801,60524,107,31,31,8119,Location002,0,0,FALSE,FALSE,FALSE
ID027,2026-01-13,4115,63054.5,108,34,34,8008,Location002,0,0,FALSE,FALSE,FALSE
ID027,2026-01-14,4777.5,63921,109,41,0,0,Location002,0,41,FALSE,FALSE,TRUE
ID027,2026-01-15,5440,62484,110,27,0,0,Location002,0,27,FALSE,FALSE,FALSE
ID027,2026-01-16,3509,66835,111,39,39,5595,Location002,0,0,FALSE,FALSE,FALSE
ID027,2026-01-17,3336,67853,112,40,40,5927,Location002,0,0,FALSE,FALSE,FALSE
ID027,2026-01-18,3829,69073,113,35,35,5508,Location002,0,0,FALSE,FALSE,FALSE
ID027,2026-01-19,5213,69221,114,40,40,6530,Location002,0,0,FALSE,FALSE,FALSE
ID027,2026-01-20,4714,71387.5,115,26,26,6014,Location002,0,0,FALSE,FALSE,FALSE
ID027,2026-01-21,3333,71923,116,28,28,4972,Location002,0,0,FALSE,FALSE,FALSE
ID027,2026-01-22,4246,72776,117,30,30,5068,Location002,0,0,FALSE,FALSE,FALSE
ID027,2026-01-23,3831,73515,118,28,28,4592,Location002,0,0,FALSE,FALSE,FALSE
ID027,2026-01-24,2344,73693,119,13,13,3534,Location002,0,0,FALSE,FALSE,FALSE
ID027,2026-01-25,2957,73616,120,23,23,4337,Location002,0,0,FALSE,FALSE,FALSE
ID027,2026-01-26,3117,76117.5,121,34,34,4563,Location002,0,0,FALSE,FALSE,FALSE
ID027,2026-01-27,2925,77394,122,20,20,3806,Location002,0,0,FALSE,FALSE,FALSE
ID027,2026-01-28,2449,79301,123,21,21,3503,Location002,0,0,FALSE,FALSE,FALSE
ID027,2026-01-29,2824,78997,124,22,22,3416,Location002,0,0,FALSE,FALSE,FALSE
ID027,2026-01-30,3003,80589,125,20,20,3955,Location002,0,0,FALSE,FALSE,FALSE
ID027,2026-01-31,4804,81346,126,19,0,0,Location002,0,19,FALSE,FALSE,FALSE
ID027,2026-02-01,3095,82368,127,15,15,4825,Location002,0,0,FALSE,FALSE,FALSE
ID027,2026-02-02,2426,84009.5,128,12,12,3741,Location002,0,0,FALSE,FALSE,FALSE
ID027,2026-02-03,3693,85470.5,129,20,20,5103,Location002,0,0,FALSE,FALSE,FALSE
ID027,2026-02-04,3791,86553,130,19,19,4550,Location002,0,0,FALSE,FALSE,FALSE
ID027,2026-02-05,3663,87237,131,21,21,4819,Location002,0,0,FALSE,FALSE,FALSE
ID027,2026-02-06,3654,90196,132,15,15,4069,Location002,0,0,FALSE,FALSE,FALSE
ID027,2026-02-07,4561,90753,133,23,23,5577,Location002,0,0,FALSE,FALSE,FALSE
ID027,2026-02-08,3460,91291.5,134,20,20,5767,Location002,0,0,FALSE,FALSE,FALSE
ID027,2026-02-09,4186,92644,135,25,25,5799,Location002,0,0,FALSE,FALSE,FALSE
ID027,2026-02-10,5098,93380,136,15,15,3889,Location002,0,0,FALSE,FALSE,FALSE
ID027,2026-02-11,4140,93614.5,137,20,20,5313,Location002,0,0,FALSE,FALSE,FALSE
ID027,2026-02-12,3989,96468.5,138,22,22,4371,Location002,0,0,FALSE,FALSE,FALSE
ID027,2026-02-13,3992,97085,139,19,19,4777,Location002,0,0,FALSE,FALSE,FALSE
ID027,2026-02-14,2634,99163.5,140,18,18,4229,Location002,0,0,FALSE,FALSE,FALSE
ID027,2026-02-15,2024,98487,141,17,17,3443,Location002,0,0,FALSE,FALSE,FALSE
ID027,2026-02-16,3057,99495,142,21,21,4389,Location002,0,0,FALSE,FALSE,FALSE
ID027,2026-02-17,2703,101307,143,15,15,3303,Location002,0,0,FALSE,FALSE,FALSE
ID027,2026-02-18,2122,101165,144,15,15,3357,Location002,0,0,FALSE,FALSE,FALSE
ID027,2026-02-19,3202,100689,145,18,18,4246,Location002,0,0,FALSE,FALSE,FALSE
ID027,2026-02-20,2096,100461,146,13,13,2492,Location002,0,0,FALSE,FALSE,FALSE
ID027,2026-02-21,3504,104177,147,20,20,3463,Location002,0,0,FALSE,FALSE,FALSE
ID027,2026-02-22,3061,105505,148,22,22,3999,Location002,0,0,FALSE,FALSE,FALSE
ID027,2026-02-23,3331,106602,149,15,15,4632,Location002,0,0,FALSE,FALSE,FALSE
ID027,2026-02-24,3120,107073,150,22,22,3993,Location002,0,0,FALSE,FALSE,FALSE
ID027,2026-02-25,2080,105782,151,9,9,2103,Location002,0,0,FALSE,FALSE,FALSE
ID027,2026-02-26,2191,109091.5,152,10,10,2636,Location002,0,0,FALSE,FALSE,FALSE
ID027,2026-02-27,1876,106852,153,13,13,3028,Location002,0,0,FALSE,FALSE,FALSE
ID027,2026-02-28,2804,110434,154,17,17,3666,Location002,0,0,FALSE,FALSE,FALSE
ID027,2026-03-01,3168,111764,155,26,26,3721,Location002,0,0,FALSE,FALSE,FALSE
ID027,2026-03-02,4063,112865,156,18,18,4371,Location002,0,0,FALSE,FALSE,FALSE
ID027,2026-03-03,4021,112996,157,16,16,4061,Location002,0,0,FALSE,FALSE,FALSE
ID027,2026-03-04,2568,114091,158,15,15,3583,Location002,0,0,FALSE,FALSE,FALSE
ID027,2026-03-05,3534,114735,159,21,21,4341,Location002,0,0,FALSE,FALSE,FALSE
ID027,2026-03-06,1767,116047,160,15,15,3448,Location002,0,0,FALSE,FALSE,FALSE
ID027,2026-03-07,2276,114205,161,20,20,3009,Location002,0,0,FALSE,FALSE,FALSE
ID027,2026-03-08,3108,116505,162,22,22,4206,Location002,0,0,FALSE,FALSE,FALSE
ID027,2026-03-09,4091,119645.5,163,16,16,4530,Location002,0,0,FALSE,FALSE,FALSE
ID027,2026-03-10,3281,120850,164,11,11,2622,Location002,0,0,FALSE,FALSE,FALSE
ID027,2026-03-11,3735,120917,165,15,15,5178,Location002,0,0,FALSE,FALSE,FALSE
ID027,2026-03-12,2516,122629,166,17,17,4372,Location002,0,0,FALSE,FALSE,FALSE
ID027,2026-03-13,4131,125105,167,27,27,5427,Location002,0,0,FALSE,FALSE,FALSE
ID027,2026-03-14,2620,124264,168,14,14,3373,Location002,0,0,FALSE,FALSE,FALSE
ID027,2026-03-15,2122,122082,169,11,11,2334,Location002,0,0,FALSE,FALSE,FALSE
ID027,2026-03-16,1053,126004,170,13,0,0,Location002,0,13,FALSE,FALSE,FALSE
ID027,2026-03-17,937,114258,171,19,0,0,Location002,0,19,FALSE,FALSE,FALSE
ID027,2026-03-18,2197,119993,172,12,12,3058,Location002,0,0,FALSE,FALSE,FALSE
ID027,2026-03-19,2487,112665,173,10,10,4140,Location002,0,0,FALSE,FALSE,FALSE
ID027,2026-03-20,3871,124448,174,12,12,2421,Location002,0,0,FALSE,FALSE,FALSE
ID027,2026-03-21,2354,124979,175,12,12,2673,Location002,0,0,FALSE,FALSE,FALSE
ID027,2026-03-22,1167,121495,176,6,6,1847,Location002,0,0,FALSE,FALSE,FALSE
ID027,2026-03-23,3104,123842,177,9,9,4217,Location002,0,0,FALSE,FALSE,FALSE
ID027,2026-03-24,3376,124663,178,13,13,4041,Location002,0,0,FALSE,FALSE,FALSE
ID027,2026-03-25,2145,131086,179,11,11,3333,Location002,0,0,FALSE,FALSE,FALSE
ID027,2026-03-26,1892,129434,180,17,17,3570,Location002,0,0,FALSE,FALSE,FALSE
ID027,2026-03-27,3214,127453.5,181,18,18,3521,Location002,0,0,FALSE,FALSE,FALSE
ID027,2026-03-28,1859,132574,182,7,7,2587,Location002,0,0,FALSE,FALSE,FALSE
ID027,2026-03-29,2133,127341,183,6,6,2085,Location002,0,0,FALSE,FALSE,FALSE
ID027,2026-03-30,2371,131600,184,9,9,3505,Location002,0,0,FALSE,FALSE,FALSE
ID027,2026-03-31,4364,135089,185,14,14,4296,Location002,0,0,FALSE,FALSE,FALSE
ID027,2026-04-01,2002,134641,186,8,8,2522,Location002,0,0,FALSE,FALSE,FALSE
ID027,2026-04-06,3354,127236,191,14,14,3180,Location002,0,0,FALSE,FALSE,FALSE
ID027,2026-04-07,3475,133535,192,23,23,4518,Location002,0,0,FALSE,FALSE,FALSE
ID027,2026-04-08,3275,135861,193,20,20,3613,Location002,0,0,FALSE,FALSE,FALSE
ID027,2026-04-09,3981,138345,194,22,22,3959,Location002,6,0,FALSE,FALSE,FALSE
ID027,2026-04-10,3829,138330,195,20,20,4535,Location002,11,0,FALSE,FALSE,FALSE
ID027,2026-04-11,3805,138259,196,18,18,3864,Location002,11,0,FALSE,FALSE,FALSE
ID027,2026-04-12,585,137967.5,197,10,0,0,Location002,2,10,FALSE,FALSE,FALSE
ID027,2026-04-13,4802,138522,198,18,0,0,Location002,11,18,FALSE,FALSE,FALSE
ID027,2026-04-14,2795,138516.5,199,14,14,1877,Location002,14,0,FALSE,TRUE,FALSE
ID027,2026-04-15,240,138511,200,7,0,0,Location002,0,7,FALSE,FALSE,FALSE
ID027,2026-04-18,702,136925.6,203,5,5,1090,Location002,5,0,FALSE,TRUE,FALSE
ID027,2026-04-19,195,135340.2,204,4,0,0,Location002,4,4,FALSE,TRUE,FALSE
ID027,2026-04-20,145,133754.8,205,2,0,0,Location002,2,2,FALSE,TRUE,FALSE
ID027,2026-04-22,2932,132169.4,207,11,11,3588,Location002,11,0,FALSE,TRUE,FALSE
ID027,2026-04-23,3882,130584,208,21,21,4768,Location002,0,0,FALSE,FALSE,FALSE
ID027,2026-04-24,2420,,209,16,16,3066,Location002,0,0,FALSE,TRUE,FALSE
ID028,2025-12-04,2075,25971,75,15,15,10957,Location001,8,0,FALSE,FALSE,FALSE
ID028,2025-12-05,1215,25785.5,76,21,21,7461,Location001,21,0,FALSE,TRUE,FALSE
ID028,2025-12-06,1807,25600,77,24,24,5057,Location001,10,0,FALSE,FALSE,FALSE
ID028,2025-12-07,725,26429,78,23,0,0,Location001,6,23,FALSE,FALSE,FALSE
ID028,2025-12-08,1336,28246,79,22,22,6149,Location001,0,0,FALSE,FALSE,FALSE
ID028,2025-12-10,1165,30097,81,33,33,5505,Location001,0,0,FALSE,FALSE,FALSE
ID028,2025-12-15,766,31310,86,20,20,3612,Location001,0,0,FALSE,FALSE,FALSE
ID028,2025-12-16,1010,32915,87,31,31,4649,Location001,0,0,FALSE,FALSE,FALSE
ID028,2025-12-18,760,34291,89,21,21,3437,Location001,0,0,FALSE,FALSE,FALSE
ID028,2025-12-19,1332,35842,90,41,41,5344,Location001,0,0,FALSE,FALSE,FALSE
ID028,2025-12-20,1357,37081,91,41,41,6148,Location001,0,0,FALSE,FALSE,FALSE
ID028,2025-12-21,1577,38281,92,42,42,6182,Location001,0,0,FALSE,FALSE,FALSE
ID028,2025-12-22,1851,40070,93,52,52,6555,Location001,0,0,FALSE,FALSE,FALSE
ID028,2025-12-23,3362,40842,94,42,42,5569,Location001,0,0,FALSE,FALSE,FALSE
ID028,2025-12-24,1680,42265,95,41,41,5168,Location001,0,0,FALSE,FALSE,FALSE
ID028,2025-12-25,3079,43742,96,38,38,8582,Location001,0,0,FALSE,FALSE,FALSE
ID028,2025-12-26,2323,44496.5,97,30,30,6034,Location001,0,0,FALSE,FALSE,FALSE
ID028,2025-12-27,2707,45849,98,43,43,8072,Location001,0,0,FALSE,FALSE,FALSE
ID028,2025-12-28,2642,47068,99,38,38,7096,Location001,0,0,FALSE,FALSE,FALSE
ID028,2025-12-29,2637,47042,100,41,41,6449,Location001,0,0,FALSE,FALSE,FALSE
ID028,2025-12-30,2434,48406,101,25,25,6021,Location001,0,0,FALSE,FALSE,FALSE
ID028,2025-12-31,2504,49418.5,102,14,14,5872,Location001,0,0,FALSE,FALSE,FALSE
ID028,2026-01-01,2692,50198.5,103,20,20,6803,Location001,0,0,FALSE,FALSE,FALSE
ID028,2026-01-02,2565,51266,104,26,26,6861,Location001,0,0,FALSE,FALSE,FALSE
ID028,2026-01-03,2763,52977,105,38,38,7089,Location001,0,0,FALSE,FALSE,FALSE
ID028,2026-01-04,2408,53066,106,19,19,6065,Location001,0,0,FALSE,FALSE,FALSE
ID028,2026-01-05,2979,55641,107,35,35,7266,Location001,0,0,FALSE,FALSE,FALSE
ID028,2026-01-06,2725,56502,108,42,42,7036,Location001,0,0,FALSE,FALSE,FALSE
ID028,2026-01-07,3043,58512,109,38,38,7981,Location001,0,0,FALSE,FALSE,FALSE
ID028,2026-01-08,5340,59012.5,110,46,0,0,Location001,0,46,FALSE,FALSE,FALSE
ID028,2026-01-09,2896,59719,111,37,37,6839,Location001,0,0,FALSE,FALSE,FALSE
ID028,2026-01-10,2928,60054,112,54,54,8221,Location001,0,0,FALSE,FALSE,FALSE
ID028,2026-01-11,2762,62084,113,50,50,7216,Location001,0,0,FALSE,FALSE,FALSE
ID028,2026-01-12,2282,61237.5,114,12,12,4461,Location001,0,0,FALSE,FALSE,FALSE
ID028,2026-01-13,3283,64440,115,35,35,8223,Location001,0,0,FALSE,FALSE,FALSE
ID028,2026-01-14,4345,64873,116,18,18,4088,Location001,0,0,FALSE,FALSE,FALSE
ID028,2026-01-15,2991,66277,117,16,16,4269,Location001,0,0,FALSE,FALSE,FALSE
ID028,2026-01-16,3248,67857,118,28,28,5564,Location001,0,0,FALSE,FALSE,FALSE
ID028,2026-01-17,3212,69822,119,26,26,3839,Location001,0,0,FALSE,FALSE,FALSE
ID028,2026-01-18,3058,69666,120,17,17,4757,Location001,0,0,FALSE,FALSE,FALSE
ID028,2026-01-19,2163,71355,121,18,18,3292,Location001,0,0,FALSE,FALSE,FALSE
ID028,2026-01-20,3547,71916,122,22,22,5320,Location001,0,0,FALSE,FALSE,FALSE
ID028,2026-01-21,3603,74229,123,22,22,6133,Location001,0,0,FALSE,FALSE,FALSE
ID028,2026-01-22,2989,74414,124,14,14,4545,Location001,0,0,FALSE,FALSE,FALSE
ID028,2026-01-23,2694,75431,125,16,16,5135,Location001,0,0,FALSE,FALSE,FALSE
ID028,2026-01-24,1737,74939,126,11,11,4070,Location001,0,0,FALSE,FALSE,FALSE
ID028,2026-01-25,1422,75585,127,6,6,3169,Location001,0,0,FALSE,FALSE,FALSE
ID028,2026-01-26,3628,77304,128,18,18,6181,Location001,0,0,FALSE,FALSE,FALSE
ID028,2026-01-27,1931,79737,129,10,10,2792,Location001,0,0,FALSE,FALSE,FALSE
ID028,2026-01-28,3048,80254,130,21,21,5277,Location001,0,0,FALSE,FALSE,FALSE
ID028,2026-01-29,4391,82512.5,131,20,20,7355,Location001,0,0,FALSE,FALSE,FALSE
ID028,2026-01-30,3375,82799,132,18,18,3821,Location001,0,0,FALSE,FALSE,FALSE
ID028,2026-01-31,3185,82018,133,14,14,5107,Location001,0,0,FALSE,FALSE,FALSE
ID028,2026-02-01,3134,81772,134,20,20,5146,Location001,0,0,FALSE,FALSE,FALSE
ID028,2026-02-02,2378,85744,135,15,15,4346,Location001,0,0,FALSE,FALSE,FALSE
ID028,2026-02-03,1506,84266,136,11,11,2860,Location001,0,0,FALSE,FALSE,FALSE
ID028,2026-02-04,5113,86318,137,18,0,0,Location001,0,18,FALSE,FALSE,FALSE
ID028,2026-02-05,2877,88076,138,20,20,5065,Location001,0,0,FALSE,FALSE,FALSE
ID028,2026-02-06,505,88052,139,3,0,0,Location001,0,3,FALSE,FALSE,FALSE
ID028,2026-02-07,3543,85475,140,15,15,5487,Location001,0,0,FALSE,FALSE,FALSE
ID028,2026-02-08,2781,86187,141,17,17,5136,Location001,0,0,FALSE,FALSE,FALSE
ID028,2026-02-09,5115,89843,142,29,0,0,Location001,0,29,FALSE,FALSE,FALSE
ID028,2026-02-10,2162,86962,143,10,10,2806,Location001,0,0,FALSE,FALSE,FALSE
ID028,2026-02-11,2131,89263,144,8,8,2931,Location001,0,0,FALSE,FALSE,FALSE
ID028,2026-02-12,3222.5,92855,145,19,0,0,Location001,0,19,FALSE,FALSE,TRUE
ID028,2026-02-13,4314,94336,146,27,0,0,Location001,0,27,FALSE,FALSE,FALSE
ID028,2026-02-14,1949,91854,147,10,10,3885,Location001,0,0,FALSE,FALSE,FALSE
ID028,2026-02-15,2892,91952,148,18,18,5306,Location001,0,0,FALSE,FALSE,FALSE
ID028,2026-02-16,5606,98669,149,32,0,0,Location001,0,32,FALSE,FALSE,FALSE
ID028,2026-02-17,3190,98833,150,24,24,4873,Location001,0,0,FALSE,FALSE,FALSE
ID028,2026-02-18,4537,99209,151,20,20,5620,Location001,0,0,FALSE,FALSE,FALSE
ID028,2026-02-19,2622,98615,152,13,13,3996,Location001,0,0,FALSE,FALSE,FALSE
ID028,2026-02-20,2991,101952,153,27,27,5351,Location001,0,0,FALSE,FALSE,FALSE
ID028,2026-02-21,3514,103744,154,31,31,4491,Location001,0,0,FALSE,FALSE,FALSE
ID028,2026-02-22,2763,103468,155,19,19,4846,Location001,0,0,FALSE,FALSE,FALSE
ID028,2026-02-23,4499,105302,156,20,20,4113,Location001,0,0,FALSE,FALSE,FALSE
ID028,2026-02-24,3876,105908,157,23,23,4959,Location001,0,0,FALSE,FALSE,FALSE
ID028,2026-02-25,1156,106819,158,4,0,0,Location001,0,4,FALSE,FALSE,FALSE
ID028,2026-02-26,2863,105107,159,13,13,4623,Location001,0,0,FALSE,FALSE,FALSE
ID028,2026-02-27,1179,108569,160,6,6,1641,Location001,0,0,FALSE,FALSE,FALSE
ID028,2026-02-28,4703,106869,161,29,0,0,Location001,0,29,FALSE,FALSE,FALSE
ID028,2026-03-01,2094,106884,162,10,10,3983,Location001,0,0,FALSE,FALSE,FALSE
ID028,2026-03-02,3943,111815,163,24,0,0,Location001,0,24,FALSE,FALSE,FALSE
ID028,2026-03-03,1302,111826,164,5,5,2766,Location001,0,0,FALSE,FALSE,FALSE
ID028,2026-03-04,1837,109905,165,10,10,3890,Location001,0,0,FALSE,FALSE,FALSE
ID028,2026-03-05,2387,114381,166,17,17,4685,Location001,0,0,FALSE,FALSE,FALSE
ID028,2026-03-06,2839,109963,167,21,21,3423,Location001,0,0,FALSE,FALSE,FALSE
ID028,2026-03-07,4364,110876,168,30,0,0,Location001,0,30,FALSE,FALSE,FALSE
ID028,2026-03-08,2489,113588,169,13,13,3851,Location001,0,0,FALSE,FALSE,FALSE
ID028,2026-03-09,2553,114202,170,15,15,2900,Location001,0,0,FALSE,FALSE,FALSE
ID028,2026-03-10,3217,113772,171,15,15,4545,Location001,0,0,FALSE,FALSE,FALSE
ID028,2026-03-11,4636,115024,172,25,25,5351,Location001,0,0,FALSE,FALSE,FALSE
ID028,2026-03-12,3872,113949,173,34,34,5338,Location001,0,0,FALSE,FALSE,FALSE
ID028,2026-03-13,3021,116603,174,17,17,3850,Location001,0,0,FALSE,FALSE,FALSE
ID028,2026-03-14,784,118385,175,3,0,0,Location001,0,3,FALSE,FALSE,FALSE
ID028,2026-03-15,2786,118551,176,15,15,3827,Location001,0,0,FALSE,FALSE,FALSE
ID028,2026-03-16,3241,119116,177,29,29,5815,Location001,0,0,FALSE,FALSE,FALSE
ID028,2026-03-17,3861,118145,178,20,20,4848,Location001,0,0,FALSE,FALSE,FALSE
ID028,2026-03-18,1906,121454,179,12,0,0,Location001,0,12,FALSE,FALSE,FALSE
ID028,2026-03-19,3848,121460,180,12,12,4383,Location001,0,0,FALSE,FALSE,FALSE
ID028,2026-03-20,376,121460,181,7,0,0,Location001,0,7,FALSE,FALSE,FALSE
ID028,2026-03-21,3213,119174,182,14,14,4207,Location001,0,0,FALSE,FALSE,FALSE
ID028,2026-03-22,2975,121776,183,10,10,3450,Location001,0,0,FALSE,FALSE,FALSE
ID028,2026-03-23,2960,121992,184,15,15,5129,Location001,0,0,FALSE,FALSE,FALSE
ID028,2026-03-24,1547,125290,185,10,10,2010,Location001,0,0,FALSE,FALSE,FALSE
ID028,2026-03-25,4751,123789,186,19,0,0,Location001,0,19,FALSE,FALSE,FALSE
ID028,2026-03-26,2152,124344,187,10,10,2358,Location001,0,0,FALSE,FALSE,FALSE
ID028,2026-03-27,4645,123246,188,17,0,0,Location001,0,17,FALSE,FALSE,FALSE
ID028,2026-03-28,1096,126944,189,8,8,1434,Location001,0,0,FALSE,FALSE,FALSE
ID028,2026-03-29,982,123848,190,4,4,1762,Location001,0,0,FALSE,FALSE,FALSE
ID028,2026-03-30,1573,123848,191,7,7,3892,Location001,0,0,FALSE,FALSE,FALSE
ID028,2026-03-31,3589,127721,192,15,0,0,Location001,0,15,FALSE,FALSE,FALSE
ID028,2026-04-01,4445,128694,193,21,0,0,Location001,0,21,FALSE,FALSE,FALSE
ID028,2026-04-02,1948,127179,194,9,9,3058,Location001,0,0,FALSE,FALSE,FALSE
ID028,2026-04-04,1420,,196,7,7,1747,Location001,7,0,FALSE,TRUE,FALSE
ID029,2025-12-14,1415,38112,86,23,23,2681,Location001,0,0,FALSE,FALSE,FALSE
ID029,2025-12-16,1759,39218,88,17,17,2972,Location001,0,0,FALSE,FALSE,FALSE
ID029,2025-12-18,1844,41749,90,15,15,2866,Location001,0,0,FALSE,FALSE,FALSE
ID029,2025-12-19,2134,41359,91,17,17,3006,Location001,0,0,FALSE,FALSE,FALSE
ID029,2025-12-20,1844,42816,92,23,23,2858,Location001,0,0,FALSE,FALSE,FALSE
ID029,2025-12-21,2290,44371,93,27,27,3682,Location001,0,0,FALSE,FALSE,FALSE
ID029,2025-12-22,2670,45068,94,19,19,3851,Location001,0,0,FALSE,FALSE,FALSE
ID029,2025-12-23,2250,46427,95,16,16,3299,Location001,0,0,FALSE,FALSE,FALSE
ID029,2025-12-24,2401,47911,96,24,24,3309,Location001,0,0,FALSE,FALSE,FALSE
ID029,2025-12-25,1690,49337,97,16,16,2618,Location001,0,0,FALSE,FALSE,FALSE
ID029,2025-12-26,2324,49750,98,17,17,3655,Location001,0,0,FALSE,FALSE,FALSE
ID029,2025-12-27,2591,50967,99,17,17,4220,Location001,0,0,FALSE,FALSE,FALSE
ID029,2025-12-28,2717,52128,100,13,13,3892,Location001,0,0,FALSE,FALSE,FALSE
ID029,2025-12-29,2756,52909,101,26,26,3688,Location001,0,0,FALSE,FALSE,FALSE
ID029,2025-12-30,3172,55156,102,17,17,4861,Location001,0,0,FALSE,FALSE,FALSE
ID029,2025-12-31,2563,56849,103,15,15,4003,Location001,0,0,FALSE,FALSE,FALSE
ID029,2026-01-01,2772,57799,104,20,20,4272,Location001,0,0,FALSE,FALSE,FALSE
ID029,2026-01-02,3636,58541,105,20,20,4254,Location001,0,0,FALSE,FALSE,FALSE
ID029,2026-01-03,1954,59787,106,13,13,2944,Location001,0,0,FALSE,FALSE,FALSE
ID029,2026-01-04,2468,59748.5,107,24,24,3729,Location001,0,0,FALSE,FALSE,FALSE
ID029,2026-01-05,2895,60251,108,20,20,4169,Location001,0,0,FALSE,FALSE,FALSE
ID029,2026-01-06,3197,62787,109,22,22,4612,Location001,0,0,FALSE,FALSE,FALSE
ID029,2026-01-07,3079,63154.5,110,16,16,3957,Location001,0,0,FALSE,FALSE,FALSE
ID029,2026-01-08,3195,65434,111,25,25,4883,Location001,0,0,FALSE,FALSE,FALSE
ID029,2026-01-09,2532,65764,112,15,15,3497,Location001,0,0,FALSE,FALSE,FALSE
ID029,2026-01-10,2731,66701,113,22,22,3920,Location001,0,0,FALSE,FALSE,FALSE
ID029,2026-01-11,2590,68099,114,26,26,3313,Location001,0,0,FALSE,FALSE,FALSE
ID029,2026-01-12,2003,69743,115,8,8,2710,Location001,0,0,FALSE,FALSE,FALSE
ID029,2026-01-13,2554,70562,116,18,18,3103,Location001,0,0,FALSE,FALSE,FALSE
ID029,2026-01-14,4167,71867,117,13,0,0,Location001,0,13,FALSE,FALSE,FALSE
ID029,2026-01-15,2463,71961,118,10,10,3208,Location001,0,0,FALSE,FALSE,FALSE
ID029,2026-01-16,3081,73621,119,15,15,3805,Location001,0,0,FALSE,FALSE,FALSE
ID029,2026-01-17,2339,74635,120,5,5,2759,Location001,0,0,FALSE,FALSE,FALSE
ID029,2026-01-18,1997,76441,121,11,11,3279,Location001,0,0,FALSE,FALSE,FALSE
ID029,2026-01-19,2375,77226,122,10,10,2100,Location001,0,0,FALSE,FALSE,FALSE
ID029,2026-01-20,2953,76539,123,15,15,2639,Location001,0,0,FALSE,FALSE,FALSE
ID029,2026-01-21,3078,76701,124,11,11,2952,Location001,0,0,FALSE,FALSE,FALSE
ID029,2026-01-22,3953,79664,125,16,16,4141,Location001,0,0,FALSE,FALSE,FALSE
ID029,2026-01-23,2129,80864,126,10,10,2050,Location001,0,0,FALSE,FALSE,FALSE
ID029,2026-01-24,2283,78641,127,6,6,1972,Location001,0,0,FALSE,FALSE,FALSE
ID029,2026-01-25,3124,79915,128,11,11,3238,Location001,0,0,FALSE,FALSE,FALSE
ID029,2026-01-26,2275,82902.5,129,12,12,3092,Location001,0,0,FALSE,FALSE,FALSE
ID029,2026-01-27,2161,85652,130,13,13,3789,Location001,0,0,FALSE,FALSE,FALSE
ID029,2026-01-28,2231,86106,131,17,17,1672,Location001,0,0,FALSE,FALSE,FALSE
ID029,2026-01-29,2619,84741,132,11,11,3004,Location001,0,0,FALSE,FALSE,FALSE
ID029,2026-01-30,3157,87203.5,133,12,12,3391,Location001,0,0,FALSE,FALSE,FALSE
ID029,2026-01-31,3210,88410,134,19,19,3061,Location001,0,0,FALSE,FALSE,FALSE
ID029,2026-02-01,2436,89241,135,10,10,3019,Location001,0,0,FALSE,FALSE,FALSE
ID029,2026-02-02,3095,89989,136,22,22,3661,Location001,0,0,FALSE,FALSE,FALSE
ID029,2026-02-03,4185,92326,137,18,18,3448,Location001,0,0,FALSE,FALSE,FALSE
ID029,2026-02-04,2591,93502,138,14,14,2392,Location001,0,0,FALSE,FALSE,FALSE
ID029,2026-02-05,2471,91000,139,7,7,3461,Location001,0,0,FALSE,FALSE,FALSE
ID029,2026-02-06,1787,93464,140,12,12,1799,Location001,0,0,FALSE,FALSE,FALSE
ID029,2026-02-07,1804,90076,141,12,12,1778,Location001,0,0,FALSE,FALSE,FALSE
ID029,2026-02-08,3094,91728,142,13,13,3525,Location001,0,0,FALSE,FALSE,FALSE
ID029,2026-02-09,3354,95358,143,18,18,2696,Location001,0,0,FALSE,FALSE,FALSE
ID029,2026-02-10,2730,95579,144,14,14,2045,Location001,0,0,FALSE,FALSE,FALSE
ID029,2026-02-11,3214,96567,145,10,10,3204,Location001,0,0,FALSE,FALSE,FALSE
ID029,2026-02-12,4778,96945,146,17,0,0,Location001,0,17,FALSE,FALSE,FALSE
ID029,2026-02-13,2103,97790,147,8,8,2973,Location001,0,0,FALSE,FALSE,FALSE
ID029,2026-02-14,1817,101898,148,13,13,1282,Location001,0,0,FALSE,FALSE,FALSE
ID029,2026-02-15,4610,102928,149,34,0,0,Location001,0,34,FALSE,FALSE,FALSE
ID029,2026-02-16,2515,103251,150,18,18,3613,Location001,0,0,FALSE,FALSE,FALSE
ID029,2026-02-17,2536,103496,151,20,20,2886,Location001,0,0,FALSE,FALSE,FALSE
ID029,2026-02-18,4705,105656,152,20,0,0,Location001,0,20,FALSE,FALSE,FALSE
ID029,2026-02-19,2779,104593,153,17,17,3103,Location001,0,0,FALSE,FALSE,FALSE
ID029,2026-02-20,4386,107613,154,20,20,4792,Location001,0,0,FALSE,FALSE,FALSE
ID029,2026-02-21,2790,110095,155,14,14,2798,Location001,0,0,FALSE,FALSE,FALSE
ID029,2026-02-22,2389,109534.5,156,12,12,3738,Location001,0,0,FALSE,FALSE,FALSE
ID029,2026-02-23,3704,111079,157,15,15,4209,Location001,0,0,FALSE,FALSE,FALSE
ID029,2026-02-24,794,110640,158,11,0,0,Location001,0,11,FALSE,FALSE,FALSE
ID029,2026-02-25,1867,109429,159,11,11,2593,Location001,0,0,FALSE,FALSE,FALSE
ID029,2026-02-26,2113,113342,160,10,10,2347,Location001,0,0,FALSE,FALSE,FALSE
ID029,2026-02-27,3459,113086,161,13,13,3457,Location001,0,0,FALSE,FALSE,FALSE
ID029,2026-02-28,2753,113437,162,9,9,3392,Location001,0,0,FALSE,FALSE,FALSE
ID029,2026-03-01,2220,114230,163,6,6,1792,Location001,0,0,FALSE,FALSE,FALSE
ID029,2026-03-02,2424,116198,164,12,12,2937,Location001,0,0,FALSE,FALSE,FALSE
ID029,2026-03-03,2739,116139,165,7,7,2463,Location001,0,0,FALSE,FALSE,FALSE
ID029,2026-03-04,4449,115478,166,19,0,0,Location001,0,19,FALSE,FALSE,FALSE
ID029,2026-03-05,3654,118838,167,15,15,3260,Location001,0,0,FALSE,FALSE,FALSE
ID029,2026-03-06,1945,118876,168,13,13,1857,Location001,0,0,FALSE,FALSE,FALSE
ID029,2026-03-07,2048,118017,169,9,9,2488,Location001,0,0,FALSE,FALSE,FALSE
ID029,2026-03-08,2214,115236,170,8,8,1820,Location001,0,0,FALSE,FALSE,FALSE
ID029,2026-03-09,1216,118115.5,171,8,8,871,Location001,0,0,FALSE,FALSE,FALSE
ID029,2026-03-10,1427,115387,172,9,9,2103,Location001,0,0,FALSE,FALSE,FALSE
ID029,2026-03-11,5036,121677,173,17,0,0,Location001,0,17,FALSE,FALSE,FALSE
ID029,2026-03-12,2553,123826,174,8,8,2776,Location001,0,0,FALSE,FALSE,FALSE
ID029,2026-03-13,3257,122977,175,7,7,3499,Location001,0,0,FALSE,FALSE,FALSE
ID029,2026-03-14,2588,121955,176,7,7,3032,Location001,0,0,FALSE,FALSE,FALSE
ID029,2026-03-15,2200,120176,177,11,11,2503,Location001,0,0,FALSE,FALSE,FALSE
ID029,2026-03-16,2853,121894,178,5,5,2567,Location001,0,0,FALSE,FALSE,FALSE
ID029,2026-03-17,2868,127247,179,8,8,2902,Location001,0,0,FALSE,FALSE,FALSE
ID029,2026-03-18,4333,128145,180,18,0,0,Location001,0,18,FALSE,FALSE,FALSE
ID029,2026-03-19,1532,127339,181,10,10,1620,Location001,0,0,FALSE,FALSE,FALSE
ID029,2026-03-20,2161,125508,182,10,10,2424,Location001,0,0,FALSE,FALSE,FALSE
ID029,2026-03-21,2287,127422,183,11,11,1777,Location001,0,0,FALSE,FALSE,FALSE
ID029,2026-03-22,2103,124823,184,4,4,2307,Location001,0,0,FALSE,FALSE,FALSE
ID029,2026-03-23,2265,125305,185,7,7,2468,Location001,0,0,FALSE,FALSE,FALSE
ID029,2026-03-24,2736,125090,186,12,12,3062,Location001,0,0,FALSE,FALSE,FALSE
ID029,2026-03-25,629,126531,187,3,0,0,Location001,0,3,FALSE,FALSE,FALSE
ID029,2026-03-26,3866,128392,188,7,7,3397,Location001,0,0,FALSE,FALSE,FALSE
ID029,2026-03-27,3896,129152,189,7,7,2378,Location001,0,0,FALSE,FALSE,FALSE
ID029,2026-03-28,2632,128874.5,190,8,8,2583,Location001,0,0,FALSE,FALSE,FALSE
ID029,2026-03-29,20,131332,191,1,0,0,Location001,0,1,FALSE,FALSE,FALSE
ID030,2025-12-04,,,75,8,0,0,Location001,8,8,TRUE,TRUE,TRUE
ID030,2025-12-05,1158,,76,9,0,0,Location001,9,9,FALSE,TRUE,FALSE
ID030,2025-12-09,2437,,80,14,0,0,Location001,14,14,FALSE,TRUE,FALSE
ID030,2025-12-10,1898,30226,81,16,16,5914,Location001,1,0,FALSE,FALSE,FALSE
ID030,2025-12-11,1977,30368,82,17,17,5374,Location001,0,0,FALSE,FALSE,FALSE
ID030,2025-12-15,1434,34756,86,19,19,4392,Location001,0,0,FALSE,FALSE,FALSE
ID030,2025-12-16,2358,35482,87,25,25,4765,Location001,0,0,FALSE,FALSE,FALSE
ID030,2025-12-18,3320,36299.5,89,20,20,4921,Location001,0,0,FALSE,FALSE,FALSE
ID030,2025-12-19,4543,37043,90,23,0,0,Location001,0,23,FALSE,FALSE,FALSE
ID030,2025-12-20,1517,39033.5,91,26,26,4028,Location001,0,0,FALSE,FALSE,FALSE
ID030,2025-12-21,2240,39864,92,23,23,5041,Location001,0,0,FALSE,FALSE,FALSE
ID030,2025-12-22,1964,40586,93,20,20,4565,Location001,0,0,FALSE,FALSE,FALSE
ID030,2025-12-23,2326,41080,94,24,24,4801,Location001,0,0,FALSE,FALSE,FALSE
ID030,2025-12-24,1821,41764,95,25,25,5253,Location001,0,0,FALSE,FALSE,FALSE
ID030,2025-12-25,1762,42782,96,16,16,5465,Location001,0,0,FALSE,FALSE,FALSE
ID030,2025-12-26,1813,43840,97,12,12,3924,Location001,0,0,FALSE,FALSE,FALSE
ID030,2025-12-27,3436,44253,98,9,0,0,Location001,0,9,FALSE,FALSE,FALSE
ID030,2025-12-28,1815,44737,99,11,11,4024,Location001,0,0,FALSE,FALSE,FALSE
ID030,2025-12-29,2213,44897,100,11,11,3408,Location001,0,0,FALSE,FALSE,FALSE
ID030,2025-12-30,2081,46699,101,15,15,4171,Location001,0,0,FALSE,FALSE,FALSE
ID030,2025-12-31,2869,49799.5,102,28,28,5354,Location001,0,0,FALSE,FALSE,FALSE
ID030,2026-01-01,2311,50413,103,25,25,5097,Location001,0,0,FALSE,FALSE,FALSE
ID030,2026-01-02,2519,51981,104,33,33,6292,Location001,0,0,FALSE,FALSE,FALSE
ID030,2026-01-03,2203,52711,105,21,21,5085,Location001,0,0,FALSE,FALSE,FALSE
ID030,2026-01-04,1989,53400,106,29,29,4574,Location001,0,0,FALSE,FALSE,FALSE
ID030,2026-01-05,2151,54905,107,21,21,4395,Location001,0,0,FALSE,FALSE,FALSE
ID030,2026-01-06,1906,54897.5,108,18,18,4101,Location001,0,0,FALSE,FALSE,FALSE
ID030,2026-01-07,2042,56097,109,20,20,5937,Location001,0,0,FALSE,FALSE,FALSE
ID030,2026-01-08,2774,56784,110,18,18,4340,Location001,0,0,FALSE,FALSE,FALSE
ID030,2026-01-09,1898,58231,111,15,15,3555,Location001,0,0,FALSE,FALSE,FALSE
ID030,2026-01-10,1679,59199,112,11,11,3000,Location001,0,0,FALSE,FALSE,FALSE
ID030,2026-01-11,2137,58510,113,12,12,4207,Location001,0,0,FALSE,FALSE,FALSE
ID030,2026-01-12,1674,62216,114,8,8,1806,Location001,0,0,FALSE,FALSE,FALSE
ID030,2026-01-13,2224,61710,115,16,16,4170,Location001,0,0,FALSE,FALSE,FALSE
ID030,2026-01-14,2771.5,64546,116,18,0,0,Location001,0,18,FALSE,FALSE,TRUE
ID030,2026-01-15,3319,65289,117,17,17,4283,Location001,0,0,FALSE,FALSE,FALSE
ID030,2026-01-16,3197,66939,118,18,18,4407,Location001,0,0,FALSE,FALSE,FALSE
ID030,2026-01-17,1764,68330,119,14,14,3685,Location001,0,0,FALSE,FALSE,FALSE
ID030,2026-01-18,2871,68494,120,16,16,4756,Location001,0,0,FALSE,FALSE,FALSE
ID030,2026-01-19,2439,68980,121,11,11,3429,Location001,0,0,FALSE,FALSE,FALSE
ID030,2026-01-20,3054,69583,122,18,18,3685,Location001,0,0,FALSE,FALSE,FALSE
ID030,2026-01-21,2607,70558,123,16,16,2935,Location001,0,0,FALSE,FALSE,FALSE
ID030,2026-01-22,3102,71538,124,16,16,4580,Location001,0,0,FALSE,FALSE,FALSE
ID030,2026-01-23,3138,72390,125,13,13,4324,Location001,0,0,FALSE,FALSE,FALSE
ID030,2026-01-24,2236,74151,126,9,9,3940,Location001,0,0,FALSE,FALSE,FALSE
ID030,2026-01-25,2686,75156,127,19,19,4392,Location001,0,0,FALSE,FALSE,FALSE
ID030,2026-01-26,2338,77396,128,11,11,3738,Location001,0,0,FALSE,FALSE,FALSE
ID030,2026-01-27,2735,78003,129,10,10,4153,Location001,0,0,FALSE,FALSE,FALSE
ID030,2026-01-28,1952,77723,130,9,9,3126,Location001,0,0,FALSE,FALSE,FALSE
ID030,2026-01-29,2456,78564,131,11,11,3126,Location001,0,0,FALSE,FALSE,FALSE
ID030,2026-01-30,1986,79938,132,15,15,2799,Location001,0,0,FALSE,FALSE,FALSE
ID030,2026-01-31,2683,80051,133,14,14,3606,Location001,0,0,FALSE,FALSE,FALSE
ID030,2026-02-01,2128,81401.5,134,6,6,3131,Location001,0,0,FALSE,FALSE,FALSE
ID030,2026-02-02,2291,82629,135,7,7,3131,Location001,0,0,FALSE,FALSE,FALSE
ID030,2026-02-03,2611,83778,136,7,7,4303,Location001,0,0,FALSE,FALSE,FALSE
ID030,2026-02-04,3115,86681,137,12,12,4030,Location001,0,0,FALSE,FALSE,FALSE
ID030,2026-02-05,3105,88184,138,9,9,3703,Location001,0,0,FALSE,FALSE,FALSE
ID030,2026-02-06,2303,89948,139,7,7,3174,Location001,0,0,FALSE,FALSE,FALSE
ID030,2026-02-07,3688,89670,140,17,0,0,Location001,0,17,FALSE,FALSE,FALSE
ID030,2026-02-08,3130,91067,141,11,11,4594,Location001,0,0,FALSE,FALSE,FALSE
ID030,2026-02-09,2163,91481,142,12,12,4355,Location001,0,0,FALSE,FALSE,FALSE
ID030,2026-02-10,3173,93945,143,14,14,3804,Location001,0,0,FALSE,FALSE,FALSE
ID030,2026-02-11,2392,94070.5,144,4,4,3347,Location001,0,0,FALSE,FALSE,FALSE
ID030,2026-02-12,3520,93079,145,11,11,3339,Location001,0,0,FALSE,FALSE,FALSE
ID030,2026-02-13,3521,96562,146,5,5,3503,Location001,0,0,FALSE,FALSE,FALSE
ID030,2026-02-14,3981,98196,147,8,0,0,Location001,0,8,FALSE,FALSE,FALSE
ID030,2026-02-15,3015,99496,148,5,5,3690,Location001,0,0,FALSE,FALSE,FALSE
ID030,2026-02-16,3132,100656,149,12,12,4240,Location001,0,0,FALSE,FALSE,FALSE
ID030,2026-02-17,2739,101813,150,10,10,3796,Location001,0,0,FALSE,FALSE,FALSE
ID030,2026-02-18,3163,104296,151,14,14,4261,Location001,0,0,FALSE,FALSE,FALSE
ID030,2026-02-19,3364,103714,152,6,6,3331,Location001,0,0,FALSE,FALSE,FALSE
ID030,2026-02-20,3584,103807,153,19,19,4016,Location001,0,0,FALSE,FALSE,FALSE
ID030,2026-02-21,1454,104731,154,6,6,2844,Location001,0,0,FALSE,FALSE,FALSE
ID030,2026-02-22,3259,105910,155,7,7,3236,Location001,0,0,FALSE,FALSE,FALSE
ID030,2026-02-23,2590,105846,156,5,5,3004,Location001,0,0,FALSE,FALSE,FALSE
ID030,2026-02-24,2304,109278,157,9,9,3130,Location001,0,0,FALSE,FALSE,FALSE
ID030,2026-02-25,2293,105183,158,4,4,1823,Location001,0,0,FALSE,FALSE,FALSE
ID030,2026-02-26,2787,112049,159,9,9,3353,Location001,0,0,FALSE,FALSE,FALSE
ID030,2026-02-27,3381,110504.5,160,6,6,2925,Location001,0,0,FALSE,FALSE,FALSE
ID030,2026-02-28,3769,112269,161,6,0,0,Location001,0,6,FALSE,FALSE,FALSE
ID030,2026-03-01,1785,114743,162,10,10,3514,Location001,0,0,FALSE,FALSE,FALSE
ID030,2026-03-02,2149,112674,163,6,6,2822,Location001,0,0,FALSE,FALSE,FALSE
ID030,2026-03-03,2163,113365,164,7,7,2659,Location001,0,0,FALSE,FALSE,FALSE
ID030,2026-03-04,3270,114780,165,9,9,3807,Location001,0,0,FALSE,FALSE,FALSE
ID030,2026-03-05,2308,116542,166,7,7,2634,Location001,0,0,FALSE,FALSE,FALSE
ID030,2026-03-06,2348,115197,167,7,7,1944,Location001,0,0,FALSE,FALSE,FALSE
ID030,2026-03-07,2074,116063,168,3,3,1755,Location001,0,0,FALSE,FALSE,FALSE
ID030,2026-03-08,2659,115085,169,7,7,2680,Location001,0,0,FALSE,FALSE,FALSE
ID030,2026-03-09,2849,118665,170,6,6,2429,Location001,0,0,FALSE,FALSE,FALSE
ID030,2026-03-10,3672,118141,171,11,11,3664,Location001,0,0,FALSE,FALSE,FALSE
ID030,2026-03-11,2864,120399,172,11,11,2997,Location001,0,0,FALSE,FALSE,FALSE
ID030,2026-03-12,2712,122580,173,5,5,2969,Location001,0,0,FALSE,FALSE,FALSE
ID030,2026-03-13,3098,122476,174,6,6,3213,Location001,0,0,FALSE,FALSE,FALSE
ID030,2026-03-14,1023,122038,175,8,0,0,Location001,0,8,FALSE,FALSE,FALSE
ID030,2026-03-15,1586,120378.5,176,12,12,2030,Location001,0,0,FALSE,FALSE,FALSE
ID030,2026-03-16,1175,119926.5,177,8,0,0,Location001,0,8,FALSE,FALSE,FALSE
ID030,2026-03-17,1780,123048,178,6,6,2664,Location001,0,0,FALSE,FALSE,FALSE
ID030,2026-03-18,2823,124997,179,6,6,2303,Location001,0,0,FALSE,FALSE,FALSE
ID030,2026-03-19,2695,124328,180,5,5,3203,Location001,0,0,FALSE,FALSE,FALSE
ID030,2026-03-20,3273,126164,181,5,5,2650,Location001,0,0,FALSE,FALSE,FALSE
ID030,2026-03-21,2280,126889,182,5,5,3066,Location001,0,0,FALSE,FALSE,FALSE
ID030,2026-03-22,3037,127198,183,4,4,3019,Location001,0,0,FALSE,FALSE,FALSE
ID030,2026-03-23,2307.5,127375,184,5,0,0,Location001,0,5,FALSE,FALSE,TRUE
ID030,2026-03-24,1578,130076,185,6,0,0,Location001,0,6,FALSE,FALSE,FALSE
ID030,2026-03-25,3522,129975,186,7,7,3357,Location001,0,0,FALSE,FALSE,FALSE
ID030,2026-03-26,4202,131919,187,5,5,3228,Location001,0,0,FALSE,FALSE,FALSE
ID030,2026-03-27,2862,131591,188,7,7,3256,Location001,0,0,FALSE,FALSE,FALSE
ID030,2026-03-28,2293,133630.5,189,8,8,3727,Location001,0,0,FALSE,FALSE,FALSE
ID030,2026-03-29,2640,132384,190,5,5,2153,Location001,0,0,FALSE,FALSE,FALSE
ID033,2025-12-04,875,,75,6,0,0,Location001,6,6,FALSE,TRUE,FALSE
ID033,2025-12-05,1252,,76,17,17,5366,Location001,17,0,FALSE,TRUE,FALSE
ID033,2025-12-09,2093,33022,80,24,24,6131,Location001,0,0,FALSE,FALSE,FALSE
ID033,2025-12-10,2418,33002,81,22,22,5083,Location001,0,0,FALSE,FALSE,FALSE
ID033,2025-12-12,2482,36417,83,26,26,5515,Location001,0,0,FALSE,FALSE,FALSE
ID033,2025-12-14,2284,38204,85,23,23,4746,Location001,0,0,FALSE,FALSE,FALSE
ID033,2025-12-15,1639,38781,86,16,16,4032,Location001,0,0,FALSE,FALSE,FALSE
ID033,2025-12-16,2302,40083,87,20,20,5172,Location001,0,0,FALSE,FALSE,FALSE
ID033,2025-12-18,1633,41649,89,17,17,3793,Location001,0,0,FALSE,FALSE,FALSE
ID033,2025-12-19,1675,42222,90,28,28,4828,Location001,0,0,FALSE,FALSE,FALSE
ID033,2025-12-20,2043,43484,91,34,34,6060,Location001,0,0,FALSE,FALSE,FALSE
ID033,2025-12-21,2303,45219,92,30,30,5379,Location001,0,0,FALSE,FALSE,FALSE
ID033,2025-12-22,2958,45499,93,21,21,4941,Location001,0,0,FALSE,FALSE,FALSE
ID033,2025-12-23,3331.5,46424,94,22,0,0,Location001,0,22,FALSE,FALSE,TRUE
ID033,2025-12-24,3705,47829,95,26,26,7157,Location001,0,0,FALSE,FALSE,FALSE
ID033,2025-12-25,3563,48435,96,17,17,5439,Location001,0,0,FALSE,FALSE,FALSE
ID033,2025-12-26,3568,49617,97,17,17,6263,Location001,0,0,FALSE,FALSE,FALSE
ID033,2025-12-27,5219,50838,98,22,0,0,Location001,0,22,FALSE,FALSE,FALSE
ID033,2025-12-28,5467,51728,99,26,0,0,Location001,0,26,FALSE,FALSE,FALSE
ID033,2025-12-29,5022,52854,100,17,0,0,Location001,0,17,FALSE,FALSE,FALSE
ID033,2025-12-30,3098,53954,101,22,22,6902,Location001,0,0,FALSE,FALSE,FALSE
ID033,2025-12-31,2843,54977,102,27,27,6779,Location001,0,0,FALSE,FALSE,FALSE
ID033,2026-01-01,2584,54858,103,23,23,5787,Location001,0,0,FALSE,FALSE,FALSE
ID033,2026-01-02,2751,56923,104,31,31,7010,Location001,0,0,FALSE,FALSE,FALSE
ID033,2026-01-03,2374,58415.5,105,26,26,5416,Location001,0,0,FALSE,FALSE,FALSE
ID033,2026-01-04,2353,58988,106,28,28,5532,Location001,0,0,FALSE,FALSE,FALSE
ID033,2026-01-05,2756,60910,107,33,33,6535,Location001,0,0,FALSE,FALSE,FALSE
ID033,2026-01-06,2692,60468,108,33,33,6488,Location001,0,0,FALSE,FALSE,FALSE
ID033,2026-01-07,3385,62142,109,27,27,6598,Location001,0,0,FALSE,FALSE,FALSE
ID033,2026-01-08,3182,64378,110,25,25,3909,Location001,0,0,FALSE,FALSE,FALSE
ID033,2026-01-09,3065,64031,111,17,17,4282,Location001,0,0,FALSE,FALSE,FALSE
ID033,2026-01-10,3086,64553,112,24,24,5261,Location001,0,0,FALSE,FALSE,FALSE
ID033,2026-01-11,3606,65881,113,26,26,5440,Location001,0,0,FALSE,FALSE,FALSE
ID033,2026-01-12,639,67642,114,6,0,0,Location001,0,6,FALSE,FALSE,FALSE
ID033,2026-01-13,3209,66939,115,20,20,4552,Location001,0,0,FALSE,FALSE,FALSE
ID033,2026-01-14,5947,69404,116,20,0,0,Location001,0,20,FALSE,FALSE,FALSE
ID033,2026-01-15,2626,70297,117,18,18,5636,Location001,0,0,FALSE,FALSE,FALSE
ID033,2026-01-16,3044,72089,118,27,27,4497,Location001,0,0,FALSE,FALSE,FALSE
ID033,2026-01-17,2398,72104,119,22,22,3713,Location001,0,0,FALSE,FALSE,FALSE
ID033,2026-01-18,2316,72668,120,17,17,3000,Location001,0,0,FALSE,FALSE,FALSE
ID033,2026-01-19,4045,72505,121,28,28,4537,Location001,0,0,FALSE,FALSE,FALSE
ID033,2026-01-20,2912,74306,122,18,18,4325,Location001,0,0,FALSE,FALSE,FALSE
ID033,2026-01-21,2208,75610,123,15,15,3646,Location001,0,0,FALSE,FALSE,FALSE
ID033,2026-01-22,2955,75904,124,16,16,4386,Location001,0,0,FALSE,FALSE,FALSE
ID033,2026-01-23,2957,77168,125,15,15,4872,Location001,0,0,FALSE,FALSE,FALSE
ID033,2026-01-24,2786,77045,126,17,17,3944,Location001,0,0,FALSE,FALSE,FALSE
ID033,2026-01-25,2920,77153,127,15,15,4393,Location001,0,0,FALSE,FALSE,FALSE
ID033,2026-01-26,2831,79741,128,19,19,4326,Location001,0,0,FALSE,FALSE,FALSE
ID033,2026-01-27,3797,79770,129,14,14,4606,Location001,0,0,FALSE,FALSE,FALSE
ID033,2026-01-28,3580,81525,130,18,18,3894,Location001,0,0,FALSE,FALSE,FALSE
ID033,2026-01-29,4023,82540,131,23,23,4600,Location001,0,0,FALSE,FALSE,FALSE
ID033,2026-01-30,4212,82216.5,132,16,16,4545,Location001,0,0,FALSE,FALSE,FALSE
ID033,2026-01-31,2654,82591,133,13,13,3665,Location001,0,0,FALSE,FALSE,FALSE
ID033,2026-02-01,3644,83661,134,11,11,4362,Location001,0,0,FALSE,FALSE,FALSE
ID033,2026-02-02,3811,85266,135,10,10,4160,Location001,0,0,FALSE,FALSE,FALSE
ID033,2026-02-03,3494,85956,136,18,18,5685,Location001,0,0,FALSE,FALSE,FALSE
ID033,2026-02-04,2187,86555,137,8,0,0,Location001,0,8,FALSE,FALSE,FALSE
ID033,2026-02-05,3717,86803,138,16,16,4171,Location001,0,0,FALSE,FALSE,FALSE
ID033,2026-02-06,3262,88498,139,26,26,4420,Location001,0,0,FALSE,FALSE,FALSE
ID033,2026-02-07,3853,89179,140,19,19,5375,Location001,0,0,FALSE,FALSE,FALSE
ID033,2026-02-08,3753,90137,141,18,18,5223,Location001,0,0,FALSE,FALSE,FALSE
ID033,2026-02-09,4624,90730.5,142,18,18,5198,Location001,0,0,FALSE,FALSE,FALSE
ID033,2026-02-10,3092,91479,143,19,19,4782,Location001,0,0,FALSE,FALSE,FALSE
ID033,2026-02-11,3249,92791,144,13,13,5450,Location001,0,0,FALSE,FALSE,FALSE
ID033,2026-02-12,2979,92900,145,16,16,3476,Location001,0,0,FALSE,FALSE,FALSE
ID033,2026-02-13,3605,94678,146,13,13,6255,Location001,0,0,FALSE,FALSE,FALSE
ID033,2026-02-14,5182,95567,147,13,0,0,Location001,0,13,FALSE,FALSE,FALSE
ID033,2026-02-15,3145,96750,148,12,12,4457,Location001,0,0,FALSE,FALSE,FALSE
ID033,2026-02-16,3349,97190,149,13,13,4170,Location001,0,0,FALSE,FALSE,FALSE
ID033,2026-02-17,4030,98843,150,19,19,5518,Location001,0,0,FALSE,FALSE,FALSE
ID033,2026-02-18,3551,99770,151,19,19,5636,Location001,0,0,FALSE,FALSE,FALSE
ID033,2026-02-19,4069,100767,152,19,19,6001,Location001,0,0,FALSE,FALSE,FALSE
ID033,2026-02-20,3402,102373,153,19,19,4861,Location001,0,0,FALSE,FALSE,FALSE
ID033,2026-02-21,3854,103806,154,15,15,4323,Location001,0,0,FALSE,FALSE,FALSE
ID033,2026-02-22,3676,104124,155,15,15,5157,Location001,0,0,FALSE,FALSE,FALSE
ID033,2026-02-23,2498,101937.5,156,12,0,0,Location001,0,12,FALSE,FALSE,FALSE
ID033,2026-02-24,4084,104503.5,157,16,16,5631,Location001,0,0,FALSE,FALSE,FALSE
ID033,2026-02-25,2156,104339,158,9,0,0,Location001,0,9,FALSE,FALSE,FALSE
ID033,2026-02-26,3536,105975,159,15,15,5204,Location001,0,0,FALSE,FALSE,FALSE
ID033,2026-02-27,3108,107293.5,160,12,12,4972,Location001,0,0,FALSE,FALSE,FALSE
ID033,2026-02-28,3112,107812,161,32,32,5179,Location001,0,0,FALSE,FALSE,FALSE
ID033,2026-03-01,3128,108226,162,16,16,3961,Location001,0,0,FALSE,FALSE,FALSE
ID033,2026-03-02,4786,109106,163,15,15,4902,Location001,0,0,FALSE,FALSE,FALSE
ID033,2026-03-03,4437,110292,164,18,18,4228,Location001,0,0,FALSE,FALSE,FALSE
ID033,2026-03-04,3866,111284,165,19,19,3860,Location001,0,0,FALSE,FALSE,FALSE
ID033,2026-03-05,4071,112247,166,15,15,4890,Location001,0,0,FALSE,FALSE,FALSE
ID033,2026-03-06,2809,112970,167,12,12,3200,Location001,0,0,FALSE,FALSE,FALSE
ID033,2026-03-07,1710,112573,168,14,0,0,Location001,0,14,FALSE,FALSE,FALSE
ID033,2026-03-08,2368,110325,169,11,11,3824,Location001,0,0,FALSE,FALSE,FALSE
ID033,2026-03-09,3331,110902,170,12,12,4614,Location001,0,0,FALSE,FALSE,FALSE
ID033,2026-03-10,3012,112320.5,171,12,12,4714,Location001,0,0,FALSE,FALSE,FALSE
ID033,2026-03-11,3136,114775,172,14,14,5220,Location001,0,0,FALSE,FALSE,FALSE
ID033,2026-03-12,3691,115331,173,13,13,4361,Location001,0,0,FALSE,FALSE,FALSE
ID033,2026-03-13,5115,115618.5,174,18,0,0,Location001,0,18,FALSE,FALSE,FALSE
ID033,2026-03-14,4182,116413.5,175,14,14,4854,Location001,0,0,FALSE,FALSE,FALSE
ID033,2026-03-15,3160,117417,176,13,13,4707,Location001,0,0,FALSE,FALSE,FALSE
ID033,2026-03-16,2430,117367,177,10,0,0,Location001,0,10,FALSE,FALSE,FALSE
ID033,2026-03-17,3732,118510,178,16,16,4621,Location001,0,0,FALSE,FALSE,FALSE
ID033,2026-03-18,3436,121023,179,16,16,5910,Location001,0,0,FALSE,FALSE,FALSE
ID033,2026-03-19,3520,120860,180,15,15,4386,Location001,0,0,FALSE,FALSE,FALSE
ID033,2026-03-20,3508,120827,181,11,11,4240,Location001,0,0,FALSE,FALSE,FALSE
ID033,2026-03-21,3334,120784,182,17,17,4712,Location001,0,0,FALSE,FALSE,FALSE
ID033,2026-03-22,3271,121749,183,16,16,3985,Location001,0,0,FALSE,FALSE,FALSE
ID033,2026-03-23,3468,122481,184,13,13,5037,Location001,0,0,FALSE,FALSE,FALSE
ID033,2026-03-24,4008,124620,185,19,19,5245,Location001,0,0,FALSE,FALSE,FALSE
ID033,2026-03-25,2251,124362,186,10,10,2870,Location001,0,0,FALSE,FALSE,FALSE
ID033,2026-03-26,2712,126469.5,187,10,10,4685,Location001,0,0,FALSE,FALSE,FALSE
ID033,2026-03-27,3238,126161,188,11,11,5373,Location001,0,0,FALSE,FALSE,FALSE
ID033,2026-03-28,2964,127726,189,11,11,3723,Location001,0,0,FALSE,FALSE,FALSE
ID033,2026-03-29,568,124712,190,3,0,0,Location001,0,3,FALSE,FALSE,FALSE
ID034,2025-12-04,3097,40498,75,17,17,5635,Location001,13,0,FALSE,FALSE,FALSE
ID034,2025-12-05,1694,31998,76,27,27,7191,Location001,0,0,FALSE,FALSE,FALSE
ID034,2025-12-08,3196,45860,79,27,27,5899,Location001,10,0,FALSE,FALSE,FALSE
ID034,2025-12-09,2231,30980,80,31,31,8654,Location001,0,0,FALSE,FALSE,FALSE
ID034,2025-12-10,2418,30972,81,37,37,6366,Location001,0,0,FALSE,FALSE,FALSE
ID034,2025-12-11,1930,31576,82,32,32,6445,Location001,1,0,FALSE,FALSE,FALSE
ID034,2025-12-14,1705,34188,85,35,35,6601,Location001,0,0,FALSE,FALSE,FALSE
ID034,2025-12-15,2550,36870,86,30,30,6684,Location001,0,0,FALSE,FALSE,FALSE
ID034,2025-12-18,1109,38901,89,21,21,3165,Location001,0,0,FALSE,FALSE,FALSE
ID034,2025-12-19,1698,39988.5,90,36,36,4817,Location001,0,0,FALSE,FALSE,FALSE
ID034,2025-12-20,2234,41647,91,48,48,6839,Location001,0,0,FALSE,FALSE,FALSE
ID034,2025-12-21,2559,42988,92,18,18,5975,Location001,0,0,FALSE,FALSE,FALSE
ID034,2025-12-22,3427,43334,93,30,30,6664,Location001,0,0,FALSE,FALSE,FALSE
ID034,2025-12-23,2235,43778,94,24,24,6230,Location001,0,0,FALSE,FALSE,FALSE
ID034,2025-12-24,2479,45628,95,39,39,6891,Location001,0,0,FALSE,FALSE,FALSE
ID034,2025-12-25,3049,46698,96,29,29,7658,Location001,0,0,FALSE,FALSE,FALSE
ID034,2025-12-26,3820,47993,97,21,21,7071,Location001,0,0,FALSE,FALSE,FALSE
ID034,2025-12-27,2984,48394,98,24,24,7073,Location001,0,0,FALSE,FALSE,FALSE
ID034,2025-12-28,3251,49966,99,24,24,5396,Location001,0,0,FALSE,FALSE,FALSE
ID034,2025-12-29,3140,49685,100,20,20,5454,Location001,0,0,FALSE,FALSE,FALSE
ID034,2025-12-30,2488,52108,101,17,17,5648,Location001,0,0,FALSE,FALSE,FALSE
ID034,2025-12-31,1827,53587,102,43,43,6949,Location001,0,0,FALSE,FALSE,FALSE
ID034,2026-01-01,2849,54455,103,29,29,7111,Location001,0,0,FALSE,FALSE,FALSE
ID034,2026-01-02,2236,55319,104,39,39,5771,Location001,0,0,FALSE,FALSE,FALSE
ID034,2026-01-03,2467,56062,105,48,48,6934,Location001,0,0,FALSE,FALSE,FALSE
ID034,2026-01-04,2968,57573,106,30,30,6724,Location001,0,0,FALSE,FALSE,FALSE
ID034,2026-01-05,4168,59166,107,34,34,6391,Location001,0,0,FALSE,FALSE,FALSE
ID034,2026-01-06,2847,60610,108,27,27,6550,Location001,0,0,FALSE,FALSE,FALSE
ID034,2026-01-07,4114,61421,109,31,31,6247,Location001,0,0,FALSE,FALSE,FALSE
ID034,2026-01-08,3650,61971,110,30,30,5898,Location001,0,0,FALSE,FALSE,FALSE
ID034,2026-01-09,2351,63305,111,16,16,4824,Location001,0,0,FALSE,FALSE,FALSE
ID034,2026-01-10,3209,63732,112,20,20,4499,Location001,0,0,FALSE,FALSE,FALSE
ID034,2026-01-11,1500,65346,113,12,12,2867,Location001,0,0,FALSE,FALSE,FALSE
ID034,2026-01-12,457,64848,114,2,0,0,Location001,0,2,FALSE,FALSE,FALSE
ID034,2026-01-13,2148,67034,115,18,18,2697,Location001,0,0,FALSE,FALSE,FALSE
ID034,2026-01-14,2821.5,67209,116,24,0,0,Location001,0,24,FALSE,FALSE,TRUE
ID034,2026-01-15,3495,69421,117,14,14,4553,Location001,0,0,FALSE,FALSE,FALSE
ID034,2026-01-16,1565,70623,118,17,17,2354,Location001,0,0,FALSE,FALSE,FALSE
ID034,2026-01-17,3059,69957,119,21,21,4840,Location001,0,0,FALSE,FALSE,FALSE
ID034,2026-01-18,3375,72063,120,25,25,5268,Location001,0,0,FALSE,FALSE,FALSE
ID034,2026-01-19,2053,72597,121,15,15,3193,Location001,0,0,FALSE,FALSE,FALSE
ID034,2026-01-20,3829,73601,122,18,18,4482,Location001,0,0,FALSE,FALSE,FALSE
ID034,2026-01-21,2311,74282,123,28,28,3987,Location001,0,0,FALSE,FALSE,FALSE
ID034,2026-01-22,3130,76034,124,17,17,4963,Location001,0,0,FALSE,FALSE,FALSE
ID034,2026-01-23,4217,76059.5,125,24,24,5828,Location001,0,0,FALSE,FALSE,FALSE
ID034,2026-01-24,2989,77643,126,19,19,4903,Location001,0,0,FALSE,FALSE,FALSE
ID034,2026-01-25,3102,78120,127,22,22,4688,Location001,0,0,FALSE,FALSE,FALSE
ID034,2026-01-26,4371,80520,128,19,19,4657,Location001,0,0,FALSE,FALSE,FALSE
ID034,2026-01-27,3072,81736,129,21,21,3771,Location001,0,0,FALSE,FALSE,FALSE
ID034,2026-01-28,2966,83183,130,21,21,4143,Location001,0,0,FALSE,FALSE,FALSE
ID034,2026-01-29,3258,83260,131,18,18,5135,Location001,0,0,FALSE,FALSE,FALSE
ID034,2026-01-30,3171,84170,132,18,18,4141,Location001,0,0,FALSE,FALSE,FALSE
ID034,2026-01-31,2081,85302.5,133,8,8,3251,Location001,0,0,FALSE,FALSE,FALSE
ID034,2026-02-01,2391,87108,134,9,9,3927,Location001,0,0,FALSE,FALSE,FALSE
ID034,2026-02-02,2760,86746.5,135,12,12,4612,Location001,0,0,FALSE,FALSE,FALSE
ID034,2026-02-03,2829,88767,136,11,11,5668,Location001,0,0,FALSE,FALSE,FALSE
ID034,2026-02-04,3121,90245,137,17,17,6284,Location001,0,0,FALSE,FALSE,FALSE
ID034,2026-02-05,4296,92238,138,22,22,5323,Location001,0,0,FALSE,FALSE,FALSE
ID034,2026-02-06,3064,93496,139,21,21,4605,Location001,0,0,FALSE,FALSE,FALSE
ID034,2026-02-07,4313,93659,140,26,26,5984,Location001,0,0,FALSE,FALSE,FALSE
ID034,2026-02-08,3821,93958,141,20,20,5305,Location001,0,0,FALSE,FALSE,FALSE
ID034,2026-02-09,5205,96136,142,17,17,6221,Location001,0,0,FALSE,FALSE,FALSE
ID034,2026-02-10,4213,96789,143,25,25,5738,Location001,0,0,FALSE,FALSE,FALSE
ID034,2026-02-11,4385.5,97345,144,19,0,0,Location001,0,19,FALSE,FALSE,TRUE
ID034,2026-02-12,4558,98539,145,17,17,5242,Location001,0,0,FALSE,FALSE,FALSE
ID034,2026-02-13,5153,101217,146,12,12,4437,Location001,0,0,FALSE,FALSE,FALSE
ID034,2026-02-14,2954,101509,147,14,14,5873,Location001,0,0,FALSE,FALSE,FALSE
ID034,2026-02-15,3977,101217,148,14,14,5144,Location001,0,0,FALSE,FALSE,FALSE
ID034,2026-02-16,3119,102936,149,16,16,4712,Location001,0,0,FALSE,FALSE,FALSE
ID034,2026-02-17,5242,104004,150,28,28,6017,Location001,0,0,FALSE,FALSE,FALSE
ID034,2026-02-18,4223,106132,151,24,24,5796,Location001,0,0,FALSE,FALSE,FALSE
ID034,2026-02-19,2845,105572,152,18,18,3964,Location001,0,0,FALSE,FALSE,FALSE
ID034,2026-02-20,5159,109141,153,29,29,6028,Location001,0,0,FALSE,FALSE,FALSE
ID034,2026-02-21,2915,109470.5,154,12,12,3858,Location001,0,0,FALSE,FALSE,FALSE
ID034,2026-02-22,3316,109617,155,19,19,4970,Location001,0,0,FALSE,FALSE,FALSE
ID034,2026-02-23,3828,107657,156,17,17,4969,Location001,0,0,FALSE,FALSE,FALSE
ID034,2026-02-24,1917,111110,157,14,14,4878,Location001,0,0,FALSE,FALSE,FALSE
ID034,2026-02-25,2157,109566,158,8,8,2427,Location001,0,0,FALSE,FALSE,FALSE
ID034,2026-02-26,4776,112086,159,20,20,7114,Location001,0,0,FALSE,FALSE,FALSE
ID034,2026-02-27,3845,114352.5,160,14,14,5207,Location001,0,0,FALSE,FALSE,FALSE
ID034,2026-02-28,3874,113677,161,28,28,5135,Location001,0,0,FALSE,FALSE,FALSE
ID034,2026-03-01,4098,115696,162,17,17,5080,Location001,0,0,FALSE,FALSE,FALSE
ID034,2026-03-02,3627,115221,163,11,11,4068,Location001,0,0,FALSE,FALSE,FALSE
ID034,2026-03-03,3807,117433,164,15,15,4620,Location001,0,0,FALSE,FALSE,FALSE
ID034,2026-03-04,3584,118527,165,18,18,5660,Location001,0,0,FALSE,FALSE,FALSE
ID034,2026-03-05,2918,118997,166,15,15,3540,Location001,0,0,FALSE,FALSE,FALSE
ID034,2026-03-06,3606,120633,167,22,22,4187,Location001,0,0,FALSE,FALSE,FALSE
ID034,2026-03-07,1050,117286,168,8,0,0,Location001,0,8,FALSE,FALSE,FALSE
ID034,2026-03-08,2853,117890,169,10,10,3396,Location001,0,0,FALSE,FALSE,FALSE
ID034,2026-03-09,1662,118357,170,9,9,2259,Location001,0,0,FALSE,FALSE,FALSE
ID034,2026-03-10,1056,114440,171,4,4,1340,Location001,0,0,FALSE,FALSE,FALSE
ID034,2026-03-11,936,114737,172,6,0,0,Location001,0,6,FALSE,FALSE,FALSE
ID034,2026-03-12,1828,114317,173,10,10,2521,Location001,0,0,FALSE,FALSE,FALSE
ID034,2026-03-13,1481,115208,174,7,7,1731,Location001,0,0,FALSE,FALSE,FALSE
ID034,2026-03-14,2151,114315,175,10,10,3754,Location001,0,0,FALSE,FALSE,FALSE
ID034,2026-03-15,2887,116492,176,12,12,4492,Location001,0,0,FALSE,FALSE,FALSE
ID034,2026-03-16,1597,116687,177,9,9,3086,Location001,0,0,FALSE,FALSE,FALSE
ID034,2026-03-17,1487,118449,178,7,7,2119,Location001,0,0,FALSE,FALSE,FALSE
ID034,2026-03-18,2406,117129,179,9,9,2360,Location001,0,0,FALSE,FALSE,FALSE
ID034,2026-03-19,1967,117384,180,7,7,2883,Location001,0,0,FALSE,FALSE,FALSE
ID034,2026-03-20,1715,117780,181,6,6,2695,Location001,0,0,FALSE,FALSE,FALSE
ID034,2026-03-21,2094,119051,182,8,8,2783,Location001,0,0,FALSE,FALSE,FALSE
ID034,2026-03-22,1582,118944,183,4,4,1665,Location001,0,0,FALSE,FALSE,FALSE
ID034,2026-03-23,2640,118681,184,10,10,3439,Location001,0,0,FALSE,FALSE,FALSE
ID034,2026-03-24,3037,119878,185,10,10,3491,Location001,0,0,FALSE,FALSE,FALSE
ID034,2026-03-25,2019,120847,186,10,10,3248,Location001,0,0,FALSE,FALSE,FALSE
ID034,2026-03-26,1906,123117,187,7,7,3501,Location001,0,0,FALSE,FALSE,FALSE
ID034,2026-03-27,2564,123172,188,11,11,3471,Location001,0,0,FALSE,FALSE,FALSE
ID034,2026-03-28,1862,123426,189,8,8,2668,Location001,0,0,FALSE,FALSE,FALSE
ID034,2026-03-29,1546,122964,190,6,6,2231,Location001,0,0,FALSE,FALSE,FALSE
ID035,2025-12-05,820,28040,75,6,0,0,Location002,1,6,FALSE,FALSE,FALSE
ID035,2025-12-07,1125,29083,77,8,8,3204,Location002,0,0,FALSE,FALSE,FALSE
ID035,2025-12-08,2061,37375,78,8,8,2412,Location002,2,0,FALSE,FALSE,FALSE
ID035,2025-12-09,905,30835,79,7,7,2597,Location002,0,0,FALSE,FALSE,FALSE
ID035,2025-12-10,1288,31066,80,8,8,3027,Location002,0,0,FALSE,FALSE,FALSE
ID035,2025-12-11,1145,30950,81,8,8,2117,Location002,1,0,FALSE,FALSE,FALSE
ID035,2025-12-12,1846,32394,82,13,13,3216,Location002,0,0,FALSE,FALSE,FALSE
ID035,2025-12-13,1692,33472,83,12,12,2871,Location002,0,0,FALSE,FALSE,FALSE
ID035,2025-12-14,1850,35034,84,11,11,3458,Location002,0,0,FALSE,FALSE,FALSE
ID035,2025-12-15,1755,35469,85,10,10,3469,Location002,0,0,FALSE,FALSE,FALSE
ID035,2025-12-16,1791,36951,86,16,16,2829,Location002,0,0,FALSE,FALSE,FALSE
ID035,2025-12-18,1710,38154,88,11,11,2792,Location002,0,0,FALSE,FALSE,FALSE
ID035,2025-12-19,2210,42572,89,22,22,3603,Location002,0,0,FALSE,FALSE,FALSE
ID035,2025-12-20,1817,40266.5,90,10,10,3215,Location002,0,0,FALSE,FALSE,FALSE
ID035,2025-12-21,2396,42137,91,15,15,4535,Location002,0,0,FALSE,FALSE,FALSE
ID035,2025-12-22,2241,42674,92,19,19,4590,Location002,0,0,FALSE,FALSE,FALSE
ID035,2025-12-23,2617,44252,93,15,15,5155,Location002,0,0,FALSE,FALSE,FALSE
ID035,2025-12-24,1844,45548,94,19,19,4282,Location002,0,0,FALSE,FALSE,FALSE
ID035,2025-12-25,2794,45971,95,22,22,6501,Location002,0,0,FALSE,FALSE,FALSE
ID035,2025-12-26,2823,45964,96,10,10,4060,Location002,0,0,FALSE,FALSE,FALSE
ID035,2025-12-27,2922,47806,97,15,15,5486,Location002,0,0,FALSE,FALSE,FALSE
ID035,2025-12-28,4008,47985.5,98,18,18,5601,Location002,0,0,FALSE,FALSE,FALSE
ID035,2025-12-29,2156,50085,99,9,9,3207,Location002,0,0,FALSE,FALSE,FALSE
ID035,2025-12-30,2179,49985,100,20,20,4003,Location002,0,0,FALSE,FALSE,FALSE
ID035,2025-12-31,3201,51923,101,15,15,5009,Location002,0,0,FALSE,FALSE,FALSE
ID035,2026-01-01,2954,52126,102,10,10,4145,Location002,0,0,FALSE,FALSE,FALSE
ID035,2026-01-02,3115,54221,103,14,14,3419,Location002,0,0,FALSE,FALSE,FALSE
ID035,2026-01-03,2923,55050,104,15,15,4151,Location002,0,0,FALSE,FALSE,FALSE
ID035,2026-01-04,3374,55567,105,23,23,5581,Location002,0,0,FALSE,FALSE,FALSE
ID035,2026-01-05,2591,56591,106,25,25,4405,Location002,0,0,FALSE,FALSE,FALSE
ID035,2026-01-06,4169,58241.5,107,22,22,5288,Location002,0,0,FALSE,FALSE,FALSE
ID035,2026-01-07,2856,56423,108,19,19,4301,Location002,0,0,FALSE,FALSE,FALSE
ID035,2026-01-08,3155,59303,109,27,27,6033,Location002,0,0,FALSE,FALSE,FALSE
ID035,2026-01-09,2884,61045,110,29,29,4773,Location002,0,0,FALSE,FALSE,FALSE
ID035,2026-01-10,3297,61894,111,22,22,4908,Location002,0,0,FALSE,FALSE,FALSE
ID035,2026-01-11,3648,61719,112,10,10,3355,Location002,0,0,FALSE,FALSE,FALSE
ID035,2026-01-12,4361,63115,113,11,0,0,Location002,0,11,FALSE,FALSE,FALSE
ID035,2026-01-13,3313,65527,114,10,10,3446,Location002,0,0,FALSE,FALSE,FALSE
ID035,2026-01-14,5501,65597,115,20,0,0,Location002,0,20,FALSE,FALSE,FALSE
ID035,2026-01-15,3273,68247,116,16,16,3944,Location002,0,0,FALSE,FALSE,FALSE
ID035,2026-01-16,2846,69038,117,16,16,3096,Location002,0,0,FALSE,FALSE,FALSE
ID035,2026-01-17,2811,69267,118,19,19,3589,Location002,0,0,FALSE,FALSE,FALSE
ID035,2026-01-18,1346,69981,119,16,0,0,Location002,0,16,FALSE,FALSE,FALSE
ID035,2026-01-19,3188,71901,120,14,14,2798,Location002,0,0,FALSE,FALSE,FALSE
ID035,2026-01-20,2314,72071,121,13,13,3979,Location002,0,0,FALSE,FALSE,FALSE
ID035,2026-01-21,2374,72602,122,20,20,3491,Location002,0,0,FALSE,FALSE,FALSE
ID035,2026-01-22,2275,74051,123,16,16,3933,Location002,0,0,FALSE,FALSE,FALSE
ID035,2026-01-23,3216,74091,124,18,18,4093,Location002,0,0,FALSE,FALSE,FALSE
ID035,2026-01-24,1084,74300.5,125,6,0,0,Location002,0,6,FALSE,FALSE,FALSE
ID035,2026-01-25,3604,74404,126,16,16,4133,Location002,0,0,FALSE,FALSE,FALSE
ID035,2026-01-26,2568,77342,127,10,10,2772,Location002,0,0,FALSE,FALSE,FALSE
ID035,2026-01-27,2716,77897,128,12,12,3971,Location002,0,0,FALSE,FALSE,FALSE
ID035,2026-01-28,1875,79970,129,4,4,2634,Location002,0,0,FALSE,FALSE,FALSE
ID035,2026-01-29,2459,79154.5,130,6,6,2462,Location002,0,0,FALSE,FALSE,FALSE
ID035,2026-01-30,2542,80382,131,10,10,2016,Location002,0,0,FALSE,FALSE,FALSE
ID035,2026-01-31,1459,80490,132,3,3,1536,Location002,0,0,FALSE,FALSE,FALSE
ID035,2026-02-01,2612,80908,133,4,4,3297,Location002,0,0,FALSE,FALSE,FALSE
ID035,2026-02-02,1782,81963,134,5,5,2164,Location002,0,0,FALSE,FALSE,FALSE
ID035,2026-02-03,1994,80297,135,4,4,2662,Location002,0,0,FALSE,FALSE,FALSE
ID035,2026-02-04,2488,82274,136,8,8,3287,Location002,0,0,FALSE,FALSE,FALSE
ID035,2026-02-05,5261,86299.5,137,8,0,0,Location002,0,8,FALSE,FALSE,FALSE
ID035,2026-02-06,2524,88902,138,16,16,3878,Location002,0,0,FALSE,FALSE,FALSE
ID035,2026-02-07,2906,88525,139,16,16,3857,Location002,0,0,FALSE,FALSE,FALSE
ID035,2026-02-08,4090,88393,140,13,13,3855,Location002,0,0,FALSE,FALSE,FALSE
ID035,2026-02-09,2011,87719,141,7,7,2629,Location002,0,0,FALSE,FALSE,FALSE
ID035,2026-02-10,4141,88300,142,5,5,3052,Location002,0,0,FALSE,FALSE,FALSE
ID035,2026-02-11,4015,91199,143,11,11,4600,Location002,0,0,FALSE,FALSE,FALSE
ID035,2026-02-12,3496,92741.5,144,8,8,3600,Location002,0,0,FALSE,FALSE,FALSE
ID035,2026-02-13,3351.5,92670,145,29,0,0,Location002,0,29,FALSE,FALSE,TRUE
ID035,2026-02-14,3207,95602,146,19,19,2860,Location002,0,0,FALSE,FALSE,FALSE
ID035,2026-02-15,3427,94395,147,21,21,3476,Location002,0,0,FALSE,FALSE,FALSE
ID035,2026-02-16,2019,95936.5,148,12,12,2104,Location002,0,0,FALSE,FALSE,FALSE
ID035,2026-02-17,2455,93226.5,149,12,12,2538,Location002,0,0,FALSE,FALSE,FALSE
ID035,2026-02-18,2735,94391.5,150,12,12,3428,Location002,0,0,FALSE,FALSE,FALSE
ID035,2026-02-19,2015,96501.5,151,8,8,2234,Location002,0,0,FALSE,FALSE,FALSE
ID035,2026-02-20,2254,97553,152,13,13,3332,Location002,0,0,FALSE,FALSE,FALSE
ID035,2026-02-21,2163,99570,153,8,8,2022,Location002,0,0,FALSE,FALSE,FALSE
ID035,2026-02-22,2428,97694.5,154,10,10,3027,Location002,0,0,FALSE,FALSE,FALSE
ID035,2026-02-23,5003,99864,155,15,0,0,Location002,0,15,FALSE,FALSE,FALSE
ID035,2026-02-24,2360,101316,156,8,8,3194,Location002,0,0,FALSE,FALSE,FALSE
ID035,2026-02-25,2555,101597,157,14,14,2712,Location002,0,0,FALSE,FALSE,FALSE
ID035,2026-02-26,2540,101810,158,14,14,3309,Location002,0,0,FALSE,FALSE,FALSE
ID035,2026-02-27,2843,100349.5,159,14,14,3016,Location002,0,0,FALSE,FALSE,FALSE
ID035,2026-02-28,2791,103242.5,160,8,8,2458,Location002,0,0,FALSE,FALSE,FALSE
ID035,2026-03-01,2727,105282,161,15,15,3390,Location002,0,0,FALSE,FALSE,FALSE
ID035,2026-03-02,2060,103964,162,9,9,2611,Location002,0,0,FALSE,FALSE,FALSE
ID035,2026-03-03,3279,105347,163,15,15,4444,Location002,0,0,FALSE,FALSE,FALSE
ID035,2026-03-04,1960,105461.5,164,4,4,2595,Location002,0,0,FALSE,FALSE,FALSE
ID035,2026-03-05,2625,107053.5,165,12,12,3208,Location002,0,0,FALSE,FALSE,FALSE
ID035,2026-03-06,1442,108965,166,7,7,2916,Location002,0,0,FALSE,FALSE,FALSE
ID035,2026-03-07,2637,110392,167,12,12,3619,Location002,0,0,FALSE,FALSE,FALSE
ID035,2026-03-08,1709,106549,168,2,2,2094,Location002,0,0,FALSE,FALSE,FALSE
ID035,2026-03-09,2349,107410,169,2,2,1947,Location002,0,0,FALSE,FALSE,FALSE
ID035,2026-03-10,3373,108960,170,11,11,3192,Location002,0,0,FALSE,FALSE,FALSE
ID035,2026-03-11,3377,110859.5,171,16,16,3335,Location002,0,0,FALSE,FALSE,FALSE
ID035,2026-03-12,2701,112210,172,13,13,3197,Location002,0,0,FALSE,FALSE,FALSE
ID035,2026-03-13,2143,112678,173,9,9,2915,Location002,0,0,FALSE,FALSE,FALSE
ID035,2026-03-14,3208,114103,174,21,21,4060,Location002,0,0,FALSE,FALSE,FALSE
ID035,2026-03-15,1988,115121,175,12,12,3044,Location002,0,0,FALSE,FALSE,FALSE
ID035,2026-03-16,855,115738,176,8,0,0,Location002,0,8,FALSE,FALSE,FALSE
ID035,2026-03-17,782,115662,177,6,0,0,Location002,6,6,FALSE,TRUE,FALSE
ID035,2026-03-19,3379,115586,179,15,0,0,Location002,15,15,FALSE,TRUE,FALSE
ID035,2026-03-20,2374,115510,180,6,6,1993,Location002,0,0,FALSE,FALSE,FALSE
ID035,2026-03-21,2106,115034,181,3,3,2175,Location002,0,0,FALSE,FALSE,FALSE
ID035,2026-03-22,1466,114722.5,182,2,2,1404,Location002,0,0,FALSE,FALSE,FALSE
ID035,2026-03-23,3260,116955,183,9,9,3249,Location002,0,0,FALSE,FALSE,FALSE
ID035,2026-03-24,4567,117664,184,7,0,0,Location002,0,7,FALSE,FALSE,FALSE
ID035,2026-03-25,3659,120279,185,8,8,3496,Location002,0,0,FALSE,FALSE,FALSE
ID035,2026-03-26,3480,120194,186,3,3,2655,Location002,0,0,FALSE,FALSE,FALSE
ID035,2026-03-27,3376,120067,187,11,11,3453,Location002,0,0,FALSE,FALSE,FALSE
ID035,2026-03-28,1948,122800,188,7,7,2187,Location002,0,0,FALSE,FALSE,FALSE
ID035,2026-03-29,1794,123337,189,5,5,1522,Location002,0,0,FALSE,FALSE,FALSE
ID035,2026-03-30,2727,119630.5,190,6,6,2721,Location002,0,0,FALSE,FALSE,FALSE
ID035,2026-03-31,2857,124835,191,9,9,3242,Location002,0,0,FALSE,FALSE,FALSE
ID036,2025-12-05,1188,25164,77,16,16,5096,Location002,0,0,FALSE,FALSE,FALSE
ID036,2025-12-06,1175,26221,78,18,18,4476,Location002,7,0,FALSE,FALSE,FALSE
ID036,2025-12-07,1156,25715,79,34,0,0,Location002,6,34,FALSE,FALSE,FALSE
ID036,2025-12-08,1821,27320,80,36,36,5435,Location002,26,0,FALSE,FALSE,FALSE
ID036,2025-12-09,1267,27987,81,26,26,5062,Location002,5,0,FALSE,FALSE,FALSE
ID036,2025-12-10,2190,29834,82,26,26,4380,Location002,0,0,FALSE,FALSE,FALSE
ID036,2025-12-11,1650,30162.5,83,24,24,4651,Location002,0,0,FALSE,FALSE,FALSE
ID036,2025-12-13,1305,33166,85,27,27,4171,Location002,0,0,FALSE,FALSE,FALSE
ID036,2025-12-15,1891,33589,87,19,19,3513,Location002,0,0,FALSE,FALSE,FALSE
ID036,2025-12-16,1452,33890,88,26,26,3682,Location002,0,0,FALSE,FALSE,FALSE
ID036,2025-12-18,1405,36150,90,13,13,3193,Location002,0,0,FALSE,FALSE,FALSE
ID036,2025-12-19,2220,36764,91,21,21,4408,Location002,0,0,FALSE,FALSE,FALSE
ID036,2025-12-20,2450,38270,92,23,23,4406,Location002,0,0,FALSE,FALSE,FALSE
ID036,2025-12-21,2532,40014,93,22,22,4041,Location002,0,0,FALSE,FALSE,FALSE
ID036,2025-12-22,2062,41057,94,22,22,4367,Location002,0,0,FALSE,FALSE,FALSE
ID036,2025-12-23,1957,41649,95,18,18,4144,Location002,0,0,FALSE,FALSE,FALSE
ID036,2025-12-24,1902,41448,96,15,15,4075,Location002,0,0,FALSE,FALSE,FALSE
ID036,2025-12-25,1947,42386,97,14,14,4068,Location002,0,0,FALSE,FALSE,FALSE
ID036,2025-12-26,2200,43801,98,17,17,4766,Location002,0,0,FALSE,FALSE,FALSE
ID036,2025-12-27,2038,45079,99,17,17,4199,Location002,0,0,FALSE,FALSE,FALSE
ID036,2025-12-28,2058,46104,100,13,13,4121,Location002,0,0,FALSE,FALSE,FALSE
ID036,2025-12-29,2248,47232,101,14,14,4632,Location002,0,0,FALSE,FALSE,FALSE
ID036,2025-12-30,2229,48943,102,15,15,4376,Location002,0,0,FALSE,FALSE,FALSE
ID036,2025-12-31,2202,48746,103,16,16,3848,Location002,0,0,FALSE,FALSE,FALSE
ID036,2026-01-01,2451,50575,104,22,22,4643,Location002,0,0,FALSE,FALSE,FALSE
ID036,2026-01-02,2576,52094,105,21,21,4896,Location002,0,0,FALSE,FALSE,FALSE
ID036,2026-01-03,2397,53336,106,19,19,4541,Location002,0,0,FALSE,FALSE,FALSE
ID036,2026-01-04,2442,54182,107,12,12,4367,Location002,0,0,FALSE,FALSE,FALSE
ID036,2026-01-05,2146,55715,108,15,15,3762,Location002,0,0,FALSE,FALSE,FALSE
ID036,2026-01-06,2303,56996,109,27,27,4094,Location002,0,0,FALSE,FALSE,FALSE
ID036,2026-01-07,3908,56840,110,23,0,0,Location002,0,23,FALSE,FALSE,FALSE
ID036,2026-01-08,2323,59059,111,19,19,4166,Location002,0,0,FALSE,FALSE,FALSE
ID036,2026-01-09,2507,60134,112,10,10,4271,Location002,0,0,FALSE,FALSE,FALSE
ID036,2026-01-10,2349,61389,113,17,17,3998,Location002,0,0,FALSE,FALSE,FALSE
ID036,2026-01-11,2355,62386,114,17,17,3922,Location002,0,0,FALSE,FALSE,FALSE
ID036,2026-01-12,2305,62698,115,15,15,4083,Location002,0,0,FALSE,FALSE,FALSE
ID036,2026-01-13,2878,64350,116,11,11,3922,Location002,0,0,FALSE,FALSE,FALSE
ID036,2026-01-14,4164,64835,117,9,0,0,Location002,0,9,FALSE,FALSE,FALSE
ID036,2026-01-15,2868,66245,118,14,14,3911,Location002,0,0,FALSE,FALSE,FALSE
ID036,2026-01-16,2491,67721.5,119,10,10,3240,Location002,0,0,FALSE,FALSE,FALSE
ID036,2026-01-17,3129,68391,120,11,11,3470,Location002,0,0,FALSE,FALSE,FALSE
ID036,2026-01-18,2967,70290.5,121,14,14,3703,Location002,0,0,FALSE,FALSE,FALSE
ID036,2026-01-19,2141,71296.5,122,16,16,3169,Location002,0,0,FALSE,FALSE,FALSE
ID036,2026-01-20,2719,72026,123,12,12,3330,Location002,0,0,FALSE,FALSE,FALSE
ID036,2026-01-21,2996,72760,124,14,14,3643,Location002,0,0,FALSE,FALSE,FALSE
ID036,2026-01-22,2706,74072,125,11,11,3977,Location002,0,0,FALSE,FALSE,FALSE
ID036,2026-01-23,2019,75083,126,9,9,2700,Location002,0,0,FALSE,FALSE,FALSE
ID036,2026-01-24,2958,74663,127,15,15,3281,Location002,0,0,FALSE,FALSE,FALSE
ID036,2026-01-25,2495,74066,128,13,13,3251,Location002,0,0,FALSE,FALSE,FALSE
ID036,2026-01-26,1745,75897,129,9,9,2802,Location002,0,0,FALSE,FALSE,FALSE
ID036,2026-01-27,3389,77719,130,17,17,4158,Location002,0,0,FALSE,FALSE,FALSE
ID036,2026-01-28,1489,77138,131,11,11,3788,Location002,0,0,FALSE,FALSE,FALSE
ID036,2026-01-29,1984,78405.5,132,8,8,2877,Location002,0,0,FALSE,FALSE,FALSE
ID036,2026-01-30,2770,78956,133,11,11,3150,Location002,0,0,FALSE,FALSE,FALSE
ID036,2026-01-31,2677,81670.5,134,20,20,4041,Location002,0,0,FALSE,FALSE,FALSE
ID036,2026-02-01,2091,83470,135,12,12,2809,Location002,0,0,FALSE,FALSE,FALSE
ID036,2026-02-02,2036,84270,136,13,13,3217,Location002,0,0,FALSE,FALSE,FALSE
ID036,2026-02-03,2549,85266,137,19,19,4326,Location002,0,0,FALSE,FALSE,FALSE
ID036,2026-02-04,2534,84462,138,13,13,3516,Location002,0,0,FALSE,FALSE,FALSE
ID036,2026-02-05,2316,85266,139,10,10,3793,Location002,0,0,FALSE,FALSE,FALSE
ID036,2026-02-06,2799,86287,140,11,11,2887,Location002,0,0,FALSE,FALSE,FALSE
ID036,2026-02-07,2363,86970,141,16,16,3971,Location002,0,0,FALSE,FALSE,FALSE
ID036,2026-02-08,2037,89319,142,10,10,2876,Location002,0,0,FALSE,FALSE,FALSE
ID036,2026-02-09,3008,87213,143,18,18,4452,Location002,0,0,FALSE,FALSE,FALSE
ID036,2026-02-10,2555,89247,144,11,11,2395,Location002,0,0,FALSE,FALSE,FALSE
ID036,2026-02-11,3713,91701,145,14,0,0,Location002,0,14,FALSE,FALSE,FALSE
ID036,2026-02-12,3404,94714,146,20,20,4244,Location002,0,0,FALSE,FALSE,FALSE
ID036,2026-02-13,2567,94537,147,7,7,3068,Location002,0,0,FALSE,FALSE,FALSE
ID036,2026-02-14,2450,92864,148,11,11,3264,Location002,0,0,FALSE,FALSE,FALSE
ID036,2026-02-15,2550,95221,149,14,14,3583,Location002,0,0,FALSE,FALSE,FALSE
ID036,2026-02-16,2897,97014,150,12,12,2891,Location002,0,0,FALSE,FALSE,FALSE
ID036,2026-02-17,3506,98444,151,14,14,4239,Location002,0,0,FALSE,FALSE,FALSE
ID036,2026-02-18,2035,100062,152,12,12,3055,Location002,0,0,FALSE,FALSE,FALSE
ID036,2026-02-19,3220,99612,153,18,18,4138,Location002,0,0,FALSE,FALSE,FALSE
ID036,2026-02-20,1982,100812,154,14,14,3222,Location002,0,0,FALSE,FALSE,FALSE
ID036,2026-02-21,2137,102548,155,12,12,3566,Location002,0,0,FALSE,FALSE,FALSE
ID036,2026-02-22,3971,102824,156,18,0,0,Location002,0,18,FALSE,FALSE,FALSE
ID036,2026-02-23,1923,105197,157,10,10,2964,Location002,0,0,FALSE,FALSE,FALSE
ID036,2026-02-24,2089,105126,158,11,11,3171,Location002,0,0,FALSE,FALSE,FALSE
ID036,2026-02-25,3376,105904.5,159,16,0,0,Location002,0,16,FALSE,FALSE,FALSE
ID036,2026-02-26,1991,106456,160,8,8,2970,Location002,0,0,FALSE,FALSE,FALSE
ID036,2026-02-27,1920,106436,161,9,9,2415,Location002,0,0,FALSE,FALSE,FALSE
ID036,2026-02-28,1850,106999,162,11,11,2134,Location002,0,0,FALSE,FALSE,FALSE
ID036,2026-03-01,3091,108596,163,14,14,3752,Location002,0,0,FALSE,FALSE,FALSE
ID036,2026-03-02,3087,109935,164,12,12,3671,Location002,0,0,FALSE,FALSE,FALSE
ID036,2026-03-03,2608,109742,165,14,14,3112,Location002,0,0,FALSE,FALSE,FALSE
ID036,2026-03-04,1701,112524,166,7,7,2146,Location002,0,0,FALSE,FALSE,FALSE
ID036,2026-03-05,3215,110818,167,11,11,3376,Location002,0,0,FALSE,FALSE,FALSE
ID036,2026-03-06,3722,114261,168,15,15,3962,Location002,0,0,FALSE,FALSE,FALSE
ID036,2026-03-07,4383,116487,169,12,12,4293,Location002,0,0,FALSE,FALSE,FALSE
ID036,2026-03-08,2854,114257,170,16,16,3357,Location002,0,0,FALSE,FALSE,FALSE
ID036,2026-03-09,2879,115657,171,12,12,3297,Location002,0,0,FALSE,FALSE,FALSE
ID036,2026-03-10,3420,117158,172,15,15,3851,Location002,0,0,FALSE,FALSE,FALSE
ID036,2026-03-11,2804,119393,173,9,9,3608,Location002,0,0,FALSE,FALSE,FALSE
ID036,2026-03-12,2649,120112,174,13,13,2745,Location002,0,0,FALSE,FALSE,FALSE
ID036,2026-03-13,2846,120787,175,12,12,3578,Location002,0,0,FALSE,FALSE,FALSE
ID036,2026-03-14,3424,122220,176,18,18,3507,Location002,0,0,FALSE,FALSE,FALSE
ID036,2026-03-15,2836,121393,177,15,15,3388,Location002,0,0,FALSE,FALSE,FALSE
ID036,2026-03-16,1296,117716.5,178,8,0,0,Location002,0,8,FALSE,FALSE,FALSE
ID036,2026-03-17,1117,121300,179,14,0,0,Location002,0,14,FALSE,FALSE,FALSE
ID036,2026-03-18,1031,120260,180,7,0,0,Location002,0,7,FALSE,FALSE,FALSE
ID036,2026-03-19,4064,122017.666666667,181,10,10,3942,Location002,10,0,FALSE,TRUE,FALSE
ID036,2026-03-20,3068,123775.333333333,182,13,13,3393,Location002,13,0,FALSE,TRUE,FALSE
ID036,2026-03-21,3438,125533,183,13,13,3297,Location002,0,0,FALSE,FALSE,FALSE
ID036,2026-03-22,2029,127581,184,10,0,0,Location002,0,10,FALSE,FALSE,FALSE
ID036,2026-03-23,3859,128640,185,15,15,4174,Location002,15,0,FALSE,TRUE,FALSE
ID036,2026-03-24,4581,129699,186,11,11,2870,Location002,0,0,FALSE,FALSE,FALSE
ID036,2026-03-25,4041,130836,187,17,17,4037,Location002,0,0,FALSE,FALSE,FALSE
ID036,2026-03-26,4517,131003.5,188,20,20,4323,Location002,0,0,FALSE,FALSE,FALSE
ID036,2026-03-27,4961,134249,189,15,0,0,Location002,0,15,FALSE,FALSE,FALSE
ID036,2026-03-28,4070,135159,190,22,22,3526,Location002,0,0,FALSE,FALSE,FALSE
ID036,2026-03-29,3326,134733,191,13,13,2635,Location002,0,0,FALSE,FALSE,FALSE
ID036,2026-03-30,3972,136193,192,20,0,0,Location002,4,20,FALSE,FALSE,TRUE
ID036,2026-03-31,4618,137846,193,25,25,4340,Location002,25,0,FALSE,TRUE,FALSE
ID036,2026-04-01,1215,139499,194,4,0,0,Location002,0,4,FALSE,FALSE,FALSE
ID038,2025-12-13,1570,35610,85,26,26,5189,Location001,0,0,FALSE,FALSE,FALSE
ID038,2025-12-14,1669,36558,86,30,30,5708,Location001,0,0,FALSE,FALSE,FALSE
ID038,2025-12-15,1700,36772,87,34,34,5800,Location001,0,0,FALSE,FALSE,FALSE
ID038,2025-12-16,1857,37592,88,28,28,6215,Location001,0,0,FALSE,FALSE,FALSE
ID038,2025-12-18,1609,40408,90,27,27,4530,Location001,0,0,FALSE,FALSE,FALSE
ID038,2025-12-19,2460,41691,91,33,33,7616,Location001,0,0,FALSE,FALSE,FALSE
ID038,2025-12-20,2025,42392,92,24,24,5526,Location001,0,0,FALSE,FALSE,FALSE
ID038,2025-12-21,1459,44534,93,26,26,5008,Location001,0,0,FALSE,FALSE,FALSE
ID038,2025-12-22,2897,44297,94,26,26,7273,Location001,0,0,FALSE,FALSE,FALSE
ID038,2025-12-23,2374,46165,95,21,21,6097,Location001,0,0,FALSE,FALSE,FALSE
ID038,2025-12-24,2577,46093,96,32,32,7136,Location001,0,0,FALSE,FALSE,FALSE
ID038,2025-12-25,2364,48963,97,33,33,6799,Location001,0,0,FALSE,FALSE,FALSE
ID038,2025-12-26,3018,49788,98,17,17,7006,Location001,0,0,FALSE,FALSE,FALSE
ID038,2025-12-27,2655,51058,99,23,23,6618,Location001,0,0,FALSE,FALSE,FALSE
ID038,2025-12-28,3284,51631,100,23,23,7421,Location001,0,0,FALSE,FALSE,FALSE
ID038,2025-12-29,2471,52181.5,101,20,20,6031,Location001,0,0,FALSE,FALSE,FALSE
ID038,2025-12-30,2766,53554,102,19,19,6647,Location001,0,0,FALSE,FALSE,FALSE
ID038,2025-12-31,3095,54066,103,24,24,6632,Location001,0,0,FALSE,FALSE,FALSE
ID038,2026-01-01,3079,56015,104,30,30,7869,Location001,0,0,FALSE,FALSE,FALSE
ID038,2026-01-02,3950,56427,105,30,30,7425,Location001,0,0,FALSE,FALSE,FALSE
ID038,2026-01-03,2702,57579,106,19,19,5653,Location001,0,0,FALSE,FALSE,FALSE
ID038,2026-01-04,2692,58528,107,17,17,5438,Location001,0,0,FALSE,FALSE,FALSE
ID038,2026-01-05,2383,59799,108,12,12,5381,Location001,0,0,FALSE,FALSE,FALSE
ID038,2026-01-06,3426,59913,109,29,29,7008,Location001,0,0,FALSE,FALSE,FALSE
ID038,2026-01-07,2980,62854,110,22,22,5638,Location001,0,0,FALSE,FALSE,FALSE
ID038,2026-01-08,3252,62877,111,15,15,6200,Location001,0,0,FALSE,FALSE,FALSE
ID038,2026-01-09,2458,63193.5,112,24,24,4665,Location001,0,0,FALSE,FALSE,FALSE
ID038,2026-01-10,3488,64339,113,27,27,6457,Location001,0,0,FALSE,FALSE,FALSE
ID038,2026-01-11,2653,66421,114,26,26,4591,Location001,0,0,FALSE,FALSE,FALSE
ID038,2026-01-12,1168,68035,115,6,0,0,Location001,0,6,FALSE,FALSE,FALSE
ID038,2026-01-13,3863,67107,116,28,28,5296,Location001,0,0,FALSE,FALSE,FALSE
ID038,2026-01-14,4766,70064,117,17,0,0,Location001,0,17,FALSE,FALSE,FALSE
ID038,2026-01-15,2709,71265.5,118,16,16,3532,Location001,0,0,FALSE,FALSE,FALSE
ID038,2026-01-16,2372,71692.5,119,18,18,4222,Location001,0,0,FALSE,FALSE,FALSE
ID038,2026-01-17,3049,72899,120,16,16,3857,Location001,0,0,FALSE,FALSE,FALSE
ID038,2026-01-18,2566,73548,121,14,14,3365,Location001,0,0,FALSE,FALSE,FALSE
ID038,2026-01-19,2991,75752,122,15,15,3445,Location001,0,0,FALSE,FALSE,FALSE
ID038,2026-01-20,2507,75861,123,14,14,3356,Location001,0,0,FALSE,FALSE,FALSE
ID038,2026-01-21,3508,74299,124,21,21,4109,Location001,0,0,FALSE,FALSE,FALSE
ID038,2026-01-22,3360,75702,125,15,15,5305,Location001,0,0,FALSE,FALSE,FALSE
ID038,2026-01-23,3819,77541,126,16,16,5572,Location001,0,0,FALSE,FALSE,FALSE
ID038,2026-01-24,1771,79375,127,7,0,0,Location001,0,7,FALSE,FALSE,FALSE
ID038,2026-01-25,3901,77218,128,14,14,5748,Location001,0,0,FALSE,FALSE,FALSE
ID038,2026-01-26,4942,80607,129,19,0,0,Location001,0,19,FALSE,FALSE,FALSE
ID038,2026-01-27,3283,82094,130,19,19,4257,Location001,0,0,FALSE,FALSE,FALSE
ID038,2026-01-28,2245,84659,131,12,12,3722,Location001,0,0,FALSE,FALSE,FALSE
ID038,2026-01-29,4204,84918,132,20,20,4437,Location001,0,0,FALSE,FALSE,FALSE
ID038,2026-01-30,3092,85223,133,18,18,4317,Location001,0,0,FALSE,FALSE,FALSE
ID038,2026-01-31,3796,84583,134,17,17,3891,Location001,0,0,FALSE,FALSE,FALSE
ID038,2026-02-01,2303,85567,135,11,11,3279,Location001,0,0,FALSE,FALSE,FALSE
ID038,2026-02-02,2364,86483,136,12,12,2707,Location001,0,0,FALSE,FALSE,FALSE
ID038,2026-02-03,2264,88224,137,13,13,3589,Location001,0,0,FALSE,FALSE,FALSE
ID038,2026-02-04,3938,88344.5,138,16,16,3913,Location001,0,0,FALSE,FALSE,FALSE
ID038,2026-02-05,2900,87222,139,13,13,4211,Location001,0,0,FALSE,FALSE,FALSE
ID038,2026-02-06,592,91857,140,5,0,0,Location001,0,5,FALSE,FALSE,FALSE
ID038,2026-02-07,1651,90851,141,7,7,3081,Location001,0,0,FALSE,FALSE,FALSE
ID038,2026-02-08,2901,90425,142,13,13,3818,Location001,0,0,FALSE,FALSE,FALSE
ID038,2026-02-09,2360,92440,143,11,11,2938,Location001,0,0,FALSE,FALSE,FALSE
ID038,2026-02-10,3249,93574,144,13,13,3927,Location001,0,0,FALSE,FALSE,FALSE
ID038,2026-02-11,222,91085,145,3,0,0,Location001,0,3,FALSE,FALSE,FALSE
ID038,2026-02-12,3562,94281,146,15,15,5443,Location001,0,0,FALSE,FALSE,FALSE
ID038,2026-02-13,3216,96870,147,13,13,4064,Location001,0,0,FALSE,FALSE,FALSE
ID038,2026-02-14,3473,97112,148,11,11,4489,Location001,0,0,FALSE,FALSE,FALSE
ID038,2026-02-15,1767,97517,149,11,0,0,Location001,0,11,FALSE,FALSE,FALSE
ID038,2026-02-16,3885,99749,150,15,15,4582,Location001,0,0,FALSE,FALSE,FALSE
ID038,2026-02-17,3042,100629,151,11,11,3448,Location001,0,0,FALSE,FALSE,FALSE
ID038,2026-02-18,3631,102047,152,15,15,4648,Location001,0,0,FALSE,FALSE,FALSE
ID038,2026-02-19,2965,104041,153,19,19,4005,Location001,0,0,FALSE,FALSE,FALSE
ID038,2026-02-20,3159,103238,154,18,18,4236,Location001,0,0,FALSE,FALSE,FALSE
ID038,2026-02-21,2873,102492,155,16,16,4028,Location001,0,0,FALSE,FALSE,FALSE
ID038,2026-02-22,2690,102600,156,17,17,3462,Location001,0,0,FALSE,FALSE,FALSE
ID038,2026-02-23,2247,102520,157,13,13,2990,Location001,0,0,FALSE,FALSE,FALSE
ID038,2026-02-24,2560,103664,158,12,12,3391,Location001,0,0,FALSE,FALSE,FALSE
ID038,2026-02-25,1945,104232.5,159,6,6,1898,Location001,0,0,FALSE,FALSE,FALSE
ID038,2026-02-26,1689,104525,160,6,6,1522,Location001,0,0,FALSE,FALSE,FALSE
ID038,2026-02-27,1860,103634,161,7,7,2530,Location001,0,0,FALSE,FALSE,FALSE
ID038,2026-02-28,1537,105798,162,7,7,2730,Location001,0,0,FALSE,FALSE,FALSE
ID038,2026-03-01,3300,107285,163,17,17,3893,Location001,0,0,FALSE,FALSE,FALSE
ID038,2026-03-02,2532,108511,164,12,12,2638,Location001,0,0,FALSE,FALSE,FALSE
ID038,2026-03-03,2532,111102,165,5,5,1786,Location001,0,0,FALSE,FALSE,FALSE
ID038,2026-03-04,2043,108666,166,6,6,3019,Location001,0,0,FALSE,FALSE,FALSE
ID038,2026-03-05,960,109083,167,8,0,0,Location001,0,8,FALSE,FALSE,FALSE
ID038,2026-03-06,2870,107971,168,14,14,3991,Location001,0,0,FALSE,FALSE,FALSE
ID038,2026-03-07,2445,109914,169,14,14,3294,Location001,0,0,FALSE,FALSE,FALSE
ID038,2026-03-08,3209,113731,170,14,14,3851,Location001,0,0,FALSE,FALSE,FALSE
ID038,2026-03-09,3329,112439,171,17,17,3925,Location001,0,0,FALSE,FALSE,FALSE
ID038,2026-03-10,2057,112962,172,9,9,3228,Location001,0,0,FALSE,FALSE,FALSE
ID038,2026-03-11,2254,113930,173,9,9,3406,Location001,0,0,FALSE,FALSE,FALSE
ID038,2026-03-12,1791,115475,174,17,17,2949,Location001,0,0,FALSE,FALSE,FALSE
ID038,2026-03-13,2172,116166,175,10,10,2754,Location001,0,0,FALSE,FALSE,FALSE
ID038,2026-03-14,1808,116194,176,12,12,3005,Location001,0,0,FALSE,FALSE,FALSE
ID038,2026-03-15,2407,116674,177,13,13,3848,Location001,0,0,FALSE,FALSE,FALSE
ID038,2026-03-16,4050,119948,178,18,0,0,Location001,0,18,FALSE,FALSE,FALSE
ID038,2026-03-17,3598,120823,179,18,18,3653,Location001,0,0,FALSE,FALSE,FALSE
ID038,2026-03-18,2731,120963,180,15,15,2250,Location001,0,0,FALSE,FALSE,FALSE
ID038,2026-03-19,1821,118431,181,8,8,1609,Location001,0,0,FALSE,FALSE,FALSE
ID038,2026-03-20,2182,119955,182,15,15,2508,Location001,0,0,FALSE,FALSE,FALSE
ID038,2026-03-21,1623,117789,183,12,12,2618,Location001,0,0,FALSE,FALSE,FALSE
ID038,2026-03-22,2370,119056,184,15,15,2773,Location001,0,0,FALSE,FALSE,FALSE
ID038,2026-03-23,751,121105,185,5,0,0,Location001,0,5,FALSE,FALSE,FALSE
ID038,2026-03-24,1304,121340,186,12,12,2693,Location001,0,0,FALSE,FALSE,FALSE
ID038,2026-03-25,2219,122328,187,8,8,2645,Location001,0,0,FALSE,FALSE,FALSE
ID038,2026-03-26,2752,123933,188,7,7,2562,Location001,0,0,FALSE,FALSE,FALSE
ID038,2026-03-27,3402,124269,189,12,12,4754,Location001,0,0,FALSE,FALSE,FALSE
ID038,2026-03-28,1579,125832,190,11,11,2279,Location001,0,0,FALSE,FALSE,FALSE
ID044,2025-12-23,975,,80,6,6,4500,Location003,6,0,FALSE,TRUE,FALSE
ID044,2025-12-25,500,,82,4,0,0,Location003,4,4,FALSE,TRUE,FALSE
ID044,2025-12-26,2251,,83,8,8,3727,Location003,8,0,FALSE,TRUE,FALSE
ID044,2025-12-27,472,,84,5,0,0,Location003,5,5,FALSE,TRUE,FALSE
ID044,2025-12-28,2426,,85,8,8,2789,Location003,8,0,FALSE,TRUE,FALSE
ID044,2025-12-30,1301,30847,87,8,8,4125,Location003,0,0,FALSE,FALSE,FALSE
ID044,2025-12-31,1259,31824,88,6,6,4141,Location003,0,0,FALSE,FALSE,FALSE
ID044,2026-01-01,671,32050,89,5,5,1719,Location003,0,0,FALSE,FALSE,FALSE
ID044,2026-01-02,2003,31525,90,19,19,6909,Location003,0,0,FALSE,FALSE,FALSE
ID044,2026-01-03,1232,32323,91,7,7,3745,Location003,0,0,FALSE,FALSE,FALSE
ID044,2026-01-04,1114,33784,92,8,8,3735,Location003,0,0,FALSE,FALSE,FALSE
ID044,2026-01-05,1711,34839,93,14,14,5558,Location003,0,0,FALSE,FALSE,FALSE
ID044,2026-01-06,1505,35071.5,94,8,8,4496,Location003,0,0,FALSE,FALSE,FALSE
ID044,2026-01-07,1458,35817,95,9,9,4800,Location003,0,0,FALSE,FALSE,FALSE
ID044,2026-01-08,1666,37228,96,13,13,5960,Location003,0,0,FALSE,FALSE,FALSE
ID044,2026-01-09,1742,36882,97,9,9,6186,Location003,0,0,FALSE,FALSE,FALSE
ID044,2026-01-10,2344,37261.5,98,20,20,7055,Location003,0,0,FALSE,FALSE,FALSE
ID044,2026-01-11,2136,40189.5,99,10,10,6245,Location003,0,0,FALSE,FALSE,FALSE
ID044,2026-01-12,1711,40852,100,8,8,4844,Location003,0,0,FALSE,FALSE,FALSE
ID044,2026-01-13,2008,40905,101,8,8,4744,Location003,0,0,FALSE,FALSE,FALSE
ID044,2026-01-14,2987,41583,102,5,5,4815,Location003,0,0,FALSE,FALSE,FALSE
ID044,2026-01-15,2293,43753.5,103,12,12,6147,Location003,0,0,FALSE,FALSE,FALSE
ID044,2026-01-16,3001,44817,104,13,13,7264,Location003,0,0,FALSE,FALSE,FALSE
ID044,2026-01-17,2540,46781.5,105,12,12,6420,Location003,0,0,FALSE,FALSE,FALSE
ID044,2026-01-18,1469,47708,106,7,7,4318,Location003,0,0,FALSE,FALSE,FALSE
ID044,2026-01-19,1693,48612,107,9,9,4933,Location003,0,0,FALSE,FALSE,FALSE
ID044,2026-01-20,1931,49904,108,9,9,6235,Location003,0,0,FALSE,FALSE,FALSE
ID044,2026-01-21,2457,50461,109,9,9,6256,Location003,0,0,FALSE,FALSE,FALSE
ID044,2026-01-22,1445,51082,110,5,5,5964,Location003,0,0,FALSE,FALSE,FALSE
ID044,2026-01-23,1359,53163.5,111,8,8,3769,Location003,0,0,FALSE,FALSE,FALSE
ID044,2026-01-24,1981,52279.5,112,12,12,4753,Location003,0,0,FALSE,FALSE,FALSE
ID044,2026-01-25,1909,53562,113,9,9,4606,Location003,0,0,FALSE,FALSE,FALSE
ID044,2026-01-26,1515,54061,114,8,8,5448,Location003,0,0,FALSE,FALSE,FALSE
ID044,2026-01-27,1220,54591,115,13,13,3791,Location003,0,0,FALSE,FALSE,FALSE
ID044,2026-01-28,2377,56372,116,15,15,5938,Location003,0,0,FALSE,FALSE,FALSE
ID044,2026-01-29,2639,58122,117,14,14,7021,Location003,0,0,FALSE,FALSE,FALSE
ID044,2026-01-30,5486,57749,118,18,0,0,Location003,0,18,FALSE,FALSE,FALSE
ID044,2026-01-31,2906,58737,119,17,17,5137,Location003,0,0,FALSE,FALSE,FALSE
ID044,2026-02-01,1132,59147,120,9,9,4104,Location003,0,0,FALSE,FALSE,FALSE
ID044,2026-02-02,2640,60143,121,12,12,8374,Location003,0,0,FALSE,FALSE,FALSE
ID044,2026-02-03,2353,62056,122,13,13,8121,Location003,0,0,FALSE,FALSE,FALSE
ID044,2026-02-04,1919,63356.5,123,14,14,6985,Location003,0,0,FALSE,FALSE,FALSE
ID044,2026-02-05,2605,64682,124,16,16,5627,Location003,0,0,FALSE,FALSE,FALSE
ID044,2026-02-06,2400,65305,125,13,13,7119,Location003,0,0,FALSE,FALSE,FALSE
ID044,2026-02-07,2363,67226,126,15,15,6662,Location003,0,0,FALSE,FALSE,FALSE
ID044,2026-02-08,2754,67182,127,17,17,6637,Location003,0,0,FALSE,FALSE,FALSE
ID044,2026-02-09,2173,68186,128,10,10,7546,Location003,0,0,FALSE,FALSE,FALSE
ID044,2026-02-10,3245,69314,129,12,12,7257,Location003,0,0,FALSE,FALSE,FALSE
ID044,2026-02-11,1475,71881.5,130,12,12,6945,Location003,0,0,FALSE,FALSE,FALSE
ID044,2026-02-12,2537,72600,131,14,14,7720,Location003,0,0,FALSE,FALSE,FALSE
ID044,2026-02-13,1651,73326,132,12,12,4606,Location003,0,0,FALSE,FALSE,FALSE
ID044,2026-02-14,1850,72525,133,7,7,5561,Location003,0,0,FALSE,FALSE,FALSE
ID044,2026-02-15,2595,71958,134,14,14,7607,Location003,0,0,FALSE,FALSE,FALSE
ID044,2026-02-16,1781,73719,135,10,10,3795,Location003,0,0,FALSE,FALSE,FALSE
ID044,2026-02-17,2203,74874,136,7,7,6424,Location003,0,0,FALSE,FALSE,FALSE
ID044,2026-02-18,3261,76096,137,19,19,8063,Location003,0,0,FALSE,FALSE,FALSE
ID044,2026-02-19,2271,78765,138,16,16,6317,Location003,0,0,FALSE,FALSE,FALSE
ID044,2026-02-20,2967,79958,139,16,16,6740,Location003,0,0,FALSE,FALSE,FALSE
ID044,2026-02-21,3382,79523,140,17,17,5530,Location003,0,0,FALSE,FALSE,FALSE
ID044,2026-02-22,2179,78504,141,12,12,5019,Location003,0,0,FALSE,FALSE,FALSE
ID044,2026-02-23,2083,79641,142,15,15,4595,Location003,0,0,FALSE,FALSE,FALSE
ID044,2026-02-24,2013,77905,143,10,10,4132,Location003,0,0,FALSE,FALSE,FALSE
ID044,2026-02-25,1389,77084,144,7,7,3326,Location003,0,0,FALSE,FALSE,FALSE
ID044,2026-02-26,2033,79747,145,8,8,5311,Location003,0,0,FALSE,FALSE,FALSE
ID044,2026-02-27,979,79688,146,6,6,2478,Location003,0,0,FALSE,FALSE,FALSE
ID044,2026-02-28,1684,80420,147,9,9,3895,Location003,0,0,FALSE,FALSE,FALSE
ID044,2026-03-01,2703,82229,148,33,33,6009,Location012,0,0,FALSE,FALSE,FALSE
ID044,2026-03-02,4624,84789,149,35,0,0,Location012,0,35,FALSE,FALSE,FALSE
ID044,2026-03-03,4275.5,86657,150,29,0,0,Location012,0,29,FALSE,FALSE,TRUE
ID044,2026-03-04,3927,88254,151,41,41,9212,Location012,0,0,FALSE,FALSE,FALSE
ID044,2026-03-05,4595,90748,152,33,33,9579,Location012,0,0,FALSE,FALSE,FALSE
ID044,2026-03-06,3641,91800,153,24,24,8215,Location012,0,0,FALSE,FALSE,FALSE
ID044,2026-03-07,4089,93097,154,26,26,9132,Location012,0,0,FALSE,FALSE,FALSE
ID044,2026-03-08,2471,94133,155,21,21,5305,Location012,0,0,FALSE,FALSE,FALSE
ID044,2026-03-09,3855,93562.5,156,16,16,7509,Location012,0,0,FALSE,FALSE,FALSE
ID044,2026-03-10,4446,97954,157,28,28,9829,Location012,0,0,FALSE,FALSE,FALSE
ID044,2026-03-11,3994,97187,158,24,24,8738,Location012,0,0,FALSE,FALSE,FALSE
ID044,2026-03-12,4654,99128,159,27,27,10124,Location012,0,0,FALSE,FALSE,FALSE
ID044,2026-03-13,3762,99851,160,16,16,7650,Location012,0,0,FALSE,FALSE,FALSE
ID044,2026-03-14,4029,101699,161,21,21,8640,Location012,0,0,FALSE,FALSE,FALSE
ID044,2026-03-15,3755,101779,162,23,23,7641,Location012,0,0,FALSE,FALSE,FALSE
ID044,2026-03-16,3206,101350,163,19,19,6441,Location012,0,0,FALSE,FALSE,FALSE
ID044,2026-03-17,4749,104037,164,24,24,8079,Location012,0,0,FALSE,FALSE,FALSE
ID044,2026-03-18,4841,106745,165,34,34,10106,Location012,0,0,FALSE,FALSE,FALSE
ID044,2026-03-19,3557,107574,166,32,32,8864,Location012,0,0,FALSE,FALSE,FALSE
ID044,2026-03-20,2871,108769,167,26,26,7081,Location012,0,0,FALSE,FALSE,FALSE
ID044,2026-03-21,2021,106427,168,9,9,4592,Location012,0,0,FALSE,FALSE,FALSE
ID044,2026-03-22,2321,105903,169,24,24,5227,Location012,0,0,FALSE,FALSE,FALSE
ID044,2026-03-23,4017,108567,170,29,29,8201,Location012,0,0,FALSE,FALSE,FALSE
ID044,2026-03-24,3131,109747,171,27,27,6456,Location012,0,0,FALSE,FALSE,FALSE
ID044,2026-03-25,2787,108393,172,16,16,5741,Location012,0,0,FALSE,FALSE,FALSE
ID044,2026-03-26,3382,106731,173,34,34,6698,Location012,0,0,FALSE,FALSE,FALSE
ID044,2026-03-27,3132,112003,174,31,31,6781,Location012,0,0,FALSE,FALSE,FALSE
ID044,2026-03-28,3260,112316,175,23,23,6928,Location012,0,0,FALSE,FALSE,FALSE
ID044,2026-03-29,2631,110919,176,23,23,5478,Location012,0,0,FALSE,FALSE,FALSE
ID044,2026-03-30,3211,112224,177,29,29,6256,Location012,0,0,FALSE,FALSE,FALSE
ID044,2026-03-31,2831,113542,178,22,22,5358,Location012,0,0,FALSE,FALSE,FALSE
ID044,2026-04-01,2113,112480,179,19,19,4559,Location012,0,0,FALSE,FALSE,FALSE
ID044,2026-04-02,2058,111065,180,26,26,5034,Location012,0,0,FALSE,FALSE,FALSE
ID044,2026-04-03,2434,112218,181,30,30,5585,Location012,0,0,FALSE,FALSE,FALSE
ID044,2026-04-04,2786,113958,182,36,36,5690,Location012,0,0,FALSE,FALSE,FALSE
ID044,2026-04-05,3307,115969,183,22,22,7167,Location012,0,0,FALSE,FALSE,FALSE
ID044,2026-04-06,1287,114352,184,5,5,2625,Location012,0,0,FALSE,FALSE,FALSE
ID044,2026-04-07,436,113606,185,8,0,0,Location012,0,8,FALSE,FALSE,FALSE
ID044,2026-04-08,5163,114099,186,28,0,0,Location012,0,28,FALSE,FALSE,FALSE
ID044,2026-04-09,2066,115276,187,14,14,3875,Location012,0,0,FALSE,FALSE,FALSE
ID044,2026-04-10,2670,119337,188,18,18,3866,Location012,0,0,FALSE,FALSE,FALSE
ID044,2026-04-11,2433,118940,189,27,27,4904,Location012,0,0,FALSE,FALSE,FALSE
ID044,2026-04-12,3369,120295,190,17,17,2931,Location012,0,0,FALSE,FALSE,FALSE
ID044,2026-04-13,2045,120845,191,17,17,2238,Location012,0,0,FALSE,FALSE,FALSE
ID044,2026-04-14,2863,121207,192,24,24,3762,Location012,0,0,FALSE,FALSE,FALSE
ID044,2026-04-15,3163,122957,193,24,24,4189,Location012,0,0,FALSE,FALSE,FALSE
ID044,2026-04-16,3237,125028,194,31,31,3909,Location012,0,0,FALSE,FALSE,FALSE
ID044,2026-04-17,3530,126773,195,30,30,5908,Location012,0,0,FALSE,FALSE,FALSE
ID044,2026-04-18,4870,126938,196,28,28,5685,Location012,0,0,FALSE,FALSE,FALSE
ID044,2026-04-19,2905,128456,197,27,27,4725,Location012,0,0,FALSE,FALSE,FALSE
ID044,2026-04-20,3949,128871,198,26,26,4332,Location012,0,0,FALSE,FALSE,FALSE
ID044,2026-04-21,2696,127638,199,19,19,4262,Location012,0,0,FALSE,FALSE,FALSE
ID044,2026-04-22,3428,128757,200,25,25,5264,Location012,0,0,FALSE,FALSE,FALSE
ID044,2026-04-23,2594,129849,201,12,12,3116,Location012,0,0,FALSE,FALSE,FALSE
ID044,2026-04-24,1859,,202,11,11,3194,Location012,0,0,FALSE,TRUE,FALSE
ID048,2025-12-23,1780,35885,85,6,6,5561,Location003,0,0,FALSE,FALSE,FALSE
ID048,2025-12-24,1124,35885,86,5,5,3575,Location003,0,0,FALSE,FALSE,FALSE
ID048,2025-12-25,1426,36845,87,8,8,3380,Location003,0,0,FALSE,FALSE,FALSE
ID048,2025-12-26,1706.5,36845,88,6,0,0,Location003,0,6,FALSE,FALSE,TRUE
ID048,2025-12-27,1987,37739,89,3,3,5238,Location003,0,0,FALSE,FALSE,FALSE
ID048,2025-12-28,1952,37739,90,3,3,3995,Location003,0,0,FALSE,FALSE,FALSE
ID048,2025-12-30,2243,43480,92,7,7,2855,Location003,0,0,FALSE,FALSE,FALSE
ID048,2025-12-31,1169,43492,93,4,4,2926,Location003,0,0,FALSE,FALSE,FALSE
ID048,2026-01-01,1582,43489,94,4,4,3827,Location003,0,0,FALSE,FALSE,FALSE
ID048,2026-01-02,1984,44674,95,9,9,4758,Location003,9,0,FALSE,TRUE,FALSE
ID048,2026-01-03,1782,45859,96,6,6,4302,Location003,0,0,FALSE,FALSE,FALSE
ID048,2026-01-04,2269,45835,97,11,11,4747,Location003,0,0,FALSE,FALSE,FALSE
ID048,2026-01-05,1848,47226,98,13,13,4178,Location003,0,0,FALSE,FALSE,FALSE
ID048,2026-01-06,1615,47722,99,5,5,3367,Location003,0,0,FALSE,FALSE,FALSE
ID048,2026-01-07,2369,50925,100,14,14,5153,Location003,0,0,FALSE,FALSE,FALSE
ID048,2026-01-08,2167,51101,101,10,10,3561,Location003,0,0,FALSE,FALSE,FALSE
ID048,2026-01-09,1492,51136,102,10,10,3812,Location003,0,0,FALSE,FALSE,FALSE
ID048,2026-01-10,1894,50829,103,7,7,3956,Location003,0,0,FALSE,FALSE,FALSE
ID048,2026-01-11,1823,52822,104,6,6,4209,Location003,0,0,FALSE,FALSE,FALSE
ID048,2026-01-12,1962,53765,105,9,9,4220,Location003,0,0,FALSE,FALSE,FALSE
ID048,2026-01-13,1919,53449,106,5,5,3500,Location003,0,0,FALSE,FALSE,FALSE
ID048,2026-01-14,3605,55160,107,10,10,3906,Location003,0,0,FALSE,FALSE,FALSE
ID048,2026-01-15,1568,56263,108,6,6,4026,Location003,0,0,FALSE,FALSE,FALSE
ID048,2026-01-16,2835,58171,109,13,13,5519,Location003,0,0,FALSE,FALSE,FALSE
ID048,2026-01-17,1956,59081,110,7,7,3630,Location003,0,0,FALSE,FALSE,FALSE
ID048,2026-01-18,1897,59812,111,7,7,3344,Location003,0,0,FALSE,FALSE,FALSE
ID048,2026-01-19,941,60656,112,5,5,3432,Location003,0,0,FALSE,FALSE,FALSE
ID048,2026-01-20,2190,61645,113,7,7,4043,Location003,0,0,FALSE,FALSE,FALSE
ID048,2026-01-21,2476,62427,114,7,7,3683,Location003,0,0,FALSE,FALSE,FALSE
ID048,2026-01-22,2834,64511,115,12,12,4620,Location003,0,0,FALSE,FALSE,FALSE
ID048,2026-01-23,1795,64523,116,14,14,3470,Location003,0,0,FALSE,FALSE,FALSE
ID048,2026-01-24,1577,66058,117,11,11,4226,Location003,0,0,FALSE,FALSE,FALSE
ID048,2026-01-25,1939,66314,118,9,9,3316,Location003,0,0,FALSE,FALSE,FALSE
ID048,2026-01-26,724,66325,119,1,0,0,Location003,0,1,FALSE,FALSE,FALSE
ID048,2026-01-27,730,67267.5,120,4,4,1076,Location003,0,0,FALSE,FALSE,FALSE
ID048,2026-01-28,1567,67546,121,6,6,3887,Location003,0,0,FALSE,FALSE,FALSE
ID048,2026-01-29,2354,68826,122,4,4,4590,Location003,0,0,FALSE,FALSE,FALSE
ID048,2026-01-30,1626,70083,123,7,7,4360,Location003,0,0,FALSE,FALSE,FALSE
ID048,2026-01-31,2353,71387.5,124,12,12,4219,Location003,0,0,FALSE,FALSE,FALSE
ID048,2026-02-01,2429,70847,125,8,8,4022,Location003,0,0,FALSE,FALSE,FALSE
ID048,2026-02-02,3092,71738,126,14,14,4160,Location003,0,0,FALSE,FALSE,FALSE
ID048,2026-02-03,2873,75426,127,12,12,6246,Location003,0,0,FALSE,FALSE,FALSE
ID048,2026-02-04,2157,76707,128,14,14,4239,Location003,0,0,FALSE,FALSE,FALSE
ID048,2026-02-05,1679,75849,129,6,6,3159,Location003,0,0,FALSE,FALSE,FALSE
ID048,2026-02-06,2055,76412.5,130,10,10,4065,Location003,0,0,FALSE,FALSE,FALSE
ID048,2026-02-07,2932,77148,131,11,11,4440,Location003,0,0,FALSE,FALSE,FALSE
ID048,2026-02-08,2247,78427,132,13,13,4139,Location003,0,0,FALSE,FALSE,FALSE
ID048,2026-02-09,1485,78057,133,8,8,2251,Location003,0,0,FALSE,FALSE,FALSE
ID048,2026-02-10,2343,78029,134,5,5,3992,Location003,0,0,FALSE,FALSE,FALSE
ID048,2026-02-11,4473,81229,135,13,0,0,Location003,0,13,FALSE,FALSE,FALSE
ID048,2026-02-12,2928,81814,136,13,13,5030,Location003,0,0,FALSE,FALSE,FALSE
ID048,2026-02-13,1142,82094,137,6,6,1892,Location003,0,0,FALSE,FALSE,FALSE
ID048,2026-02-14,3026,82235,138,19,19,5479,Location003,0,0,FALSE,FALSE,FALSE
ID048,2026-02-15,3423,82842,139,11,11,4646,Location003,0,0,FALSE,FALSE,FALSE
ID048,2026-02-16,2313,85348,140,13,13,4165,Location003,0,0,FALSE,FALSE,FALSE
ID048,2026-02-17,4064,86780,141,11,11,6147,Location003,0,0,FALSE,FALSE,FALSE
ID048,2026-02-18,2629,88860.5,142,8,8,5147,Location003,0,0,FALSE,FALSE,FALSE
ID048,2026-02-19,3159,89163,143,7,7,5353,Location003,0,0,FALSE,FALSE,FALSE
ID048,2026-02-20,3063,88581,144,14,14,4330,Location003,0,0,FALSE,FALSE,FALSE
ID048,2026-02-21,1895,90074,145,12,12,3504,Location003,0,0,FALSE,FALSE,FALSE
ID048,2026-02-22,1016,88654.5,146,4,4,1784,Location003,0,0,FALSE,FALSE,FALSE
ID048,2026-02-23,1569,86867.5,147,4,4,3112,Location003,0,0,FALSE,FALSE,FALSE
ID048,2026-02-24,1067,85988,148,6,6,2537,Location003,0,0,FALSE,FALSE,FALSE
ID048,2026-02-25,1831,86998,149,8,8,3899,Location003,0,0,FALSE,FALSE,FALSE
ID048,2026-02-26,3428,92732,150,14,14,4030,Location003,0,0,FALSE,FALSE,FALSE
ID048,2026-02-27,844,93748,151,4,0,0,Location003,0,4,FALSE,FALSE,FALSE
ID048,2026-02-28,2323,90205,152,7,7,4570,Location003,0,0,FALSE,FALSE,FALSE
ID048,2026-03-01,4228,92956,153,12,12,5237,Location012,0,0,FALSE,FALSE,FALSE
ID048,2026-03-02,4676,92956,154,17,17,5346,Location012,0,0,FALSE,FALSE,FALSE
ID048,2026-03-03,4712,95637.5,155,17,17,6785,Location012,0,0,FALSE,TRUE,FALSE
ID048,2026-03-04,4219,98319,156,13,13,6648,Location012,0,0,FALSE,FALSE,FALSE
ID048,2026-03-05,3292,96571,157,16,16,4433,Location012,0,0,FALSE,FALSE,FALSE
ID048,2026-03-06,3096,95818,158,10,10,4818,Location012,0,0,FALSE,FALSE,FALSE
ID048,2026-03-07,2822,97149,159,6,6,3993,Location012,0,0,FALSE,FALSE,FALSE
ID048,2026-03-08,3452,96556,160,12,12,4674,Location012,0,0,FALSE,FALSE,FALSE
ID048,2026-03-09,3203,98608,161,9,9,5178,Location012,0,0,FALSE,FALSE,FALSE
ID048,2026-03-10,3111,99547,162,14,14,4801,Location012,0,0,FALSE,FALSE,FALSE
ID048,2026-03-11,1108,99183,163,6,0,0,Location012,0,6,FALSE,FALSE,FALSE
ID048,2026-03-12,2715,96168,164,12,12,3327,Location012,0,0,FALSE,FALSE,FALSE
ID048,2026-03-13,3292,100617,165,27,27,4383,Location012,0,0,FALSE,FALSE,FALSE
ID048,2026-03-14,3907,103239,166,23,23,6943,Location012,0,0,FALSE,FALSE,FALSE
ID048,2026-03-15,4265,104770,167,14,14,6918,Location012,0,0,FALSE,FALSE,FALSE
ID048,2026-03-16,2777,103160,168,13,13,4520,Location012,0,0,FALSE,FALSE,FALSE
ID048,2026-03-17,2000,103723,169,8,8,3836,Location012,0,0,FALSE,FALSE,FALSE
ID048,2026-03-18,3104,105821,170,22,22,5307,Location012,0,0,FALSE,FALSE,FALSE
ID048,2026-03-19,3635,105921,171,25,25,7980,Location012,0,0,FALSE,FALSE,FALSE
ID048,2026-03-20,2243,107903,172,18,18,5073,Location012,0,0,FALSE,FALSE,FALSE
ID048,2026-03-21,5,103748,173,1,0,0,Location012,0,1,FALSE,FALSE,FALSE
ID048,2026-03-23,2753,105854.5,175,24,24,4364,Location012,24,0,FALSE,TRUE,FALSE
ID048,2026-03-24,2819,107961,176,23,23,5104,Location012,0,0,FALSE,FALSE,FALSE
ID048,2026-03-25,3523,111233,177,26,26,6449,Location012,0,0,FALSE,FALSE,FALSE
ID048,2026-03-26,3994,111968,178,27,27,4500,Location012,0,0,FALSE,FALSE,FALSE
ID048,2026-03-27,2554,106729,179,11,11,5601,Location012,0,0,FALSE,FALSE,FALSE
ID048,2026-03-28,2733,110944,180,18,18,6605,Location012,0,0,FALSE,FALSE,FALSE
ID048,2026-03-29,4981,114383,181,29,0,0,Location012,0,29,FALSE,FALSE,FALSE
ID048,2026-03-30,170,116851,182,2,0,0,Location012,0,2,FALSE,FALSE,FALSE
ID048,2026-03-31,1885,115412.5,183,4,4,2636,Location012,4,0,FALSE,TRUE,FALSE
ID048,2026-04-01,3938,113974,184,25,25,9288,Location012,0,0,FALSE,FALSE,FALSE
ID048,2026-04-02,3137,115356,185,17,17,7310,Location012,0,0,FALSE,FALSE,FALSE
ID048,2026-04-03,2857,116357,186,13,13,4706,Location012,0,0,FALSE,FALSE,FALSE
ID048,2026-04-04,4863,116691.5,187,8,0,0,Location012,0,8,FALSE,FALSE,FALSE
ID048,2026-04-05,2621,116562,188,9,9,8118,Location012,0,0,FALSE,FALSE,FALSE
ID048,2026-04-06,3372,116828,189,11,11,6884,Location012,0,0,FALSE,FALSE,FALSE
ID048,2026-04-07,3509,119661,190,14,14,6656,Location012,0,0,FALSE,FALSE,FALSE
ID048,2026-04-08,3072,119336,191,19,19,3523,Location012,0,0,FALSE,FALSE,FALSE
ID048,2026-04-09,2717,121078,192,15,15,3761,Location012,0,0,FALSE,FALSE,FALSE
ID048,2026-04-10,2469,122592,193,22,22,3492,Location012,0,0,FALSE,FALSE,FALSE
ID048,2026-04-11,2308,118045,194,13,13,3088,Location012,0,0,FALSE,FALSE,FALSE
ID048,2026-04-12,1742,122237,195,9,9,2291,Location012,0,0,FALSE,FALSE,FALSE
ID048,2026-04-13,2658,123382,196,13,13,3670,Location012,0,0,FALSE,FALSE,FALSE
ID048,2026-04-14,3913,125677,197,21,0,0,Location012,0,21,FALSE,FALSE,FALSE
ID048,2026-04-15,2263,126414,198,12,12,3396,Location012,0,0,FALSE,FALSE,FALSE
ID049,2025-12-23,1802,37269,88,8,8,5210,Location003,0,0,FALSE,FALSE,FALSE
ID049,2025-12-24,1582,37269,89,7,7,4550,Location003,0,0,FALSE,FALSE,FALSE
ID049,2025-12-25,3516,37269,90,10,10,6405,Location003,0,0,FALSE,FALSE,FALSE
ID049,2025-12-26,2415,39363,91,5,5,6617,Location003,0,0,FALSE,FALSE,FALSE
ID049,2025-12-27,1973,40269,92,7,7,5344,Location003,0,0,FALSE,FALSE,FALSE
ID049,2025-12-28,2297,40269,93,5,5,6037,Location003,0,0,FALSE,FALSE,FALSE
ID049,2025-12-30,2413,43313,95,5,5,5579,Location003,0,0,FALSE,FALSE,FALSE
ID049,2025-12-31,4733,43313,96,5,0,0,Location003,0,5,FALSE,FALSE,FALSE
ID049,2026-01-01,1240,43313,97,4,0,0,Location003,0,4,FALSE,FALSE,FALSE
ID049,2026-01-02,2688,43867,98,7,7,6694,Location003,0,0,FALSE,FALSE,FALSE
ID049,2026-01-03,1773,44334,99,8,8,4402,Location003,0,0,FALSE,FALSE,FALSE
ID049,2026-01-04,2626,48103,100,15,15,6519,Location003,0,0,FALSE,FALSE,FALSE
ID049,2026-01-05,1894,49326,101,9,9,4671,Location003,0,0,FALSE,FALSE,FALSE
ID049,2026-01-06,2506,51309.5,102,12,12,5153,Location003,0,0,FALSE,FALSE,FALSE
ID049,2026-01-07,2457,51624,103,11,11,5286,Location003,0,0,FALSE,FALSE,FALSE
ID049,2026-01-08,2606,52806,104,17,17,5350,Location003,0,0,FALSE,FALSE,FALSE
ID049,2026-01-09,2477,53240,105,9,9,5284,Location003,0,0,FALSE,FALSE,FALSE
ID049,2026-01-10,3548,53973.5,106,18,18,5219,Location003,0,0,FALSE,FALSE,FALSE
ID049,2026-01-11,3019,56146,107,29,29,5931,Location003,0,0,FALSE,FALSE,FALSE
ID049,2026-01-12,2473,56668.5,108,8,8,4577,Location003,0,0,FALSE,FALSE,FALSE
ID049,2026-01-13,3265,57096,109,9,9,5221,Location003,0,0,FALSE,FALSE,FALSE
ID049,2026-01-14,3069,60021,110,10,10,4810,Location003,0,0,FALSE,FALSE,FALSE
ID049,2026-01-15,3940,61710,111,20,20,5731,Location003,0,0,FALSE,FALSE,FALSE
ID049,2026-01-16,3933,62915,112,16,0,0,Location003,0,16,FALSE,FALSE,TRUE
ID049,2026-01-17,3926,62917,113,19,19,4513,Location003,0,0,FALSE,FALSE,FALSE
ID049,2026-01-18,2359,64493,114,16,16,3352,Location003,0,0,FALSE,FALSE,FALSE
ID049,2026-01-19,3129,65466,115,25,25,3450,Location003,0,0,FALSE,FALSE,FALSE
ID049,2026-01-20,3324,67331,116,19,19,5460,Location003,0,0,FALSE,FALSE,FALSE
ID049,2026-01-21,2983,68177,117,26,26,5123,Location003,0,0,FALSE,FALSE,FALSE
ID049,2026-01-22,3351,68616,118,17,17,4381,Location003,0,0,FALSE,FALSE,FALSE
ID049,2026-01-23,2477,69497,119,13,13,3539,Location003,0,0,FALSE,FALSE,FALSE
ID049,2026-01-24,5252,70984,120,15,0,0,Location003,0,15,FALSE,FALSE,FALSE
ID049,2026-01-25,3325,71155,121,13,13,4049,Location003,0,0,FALSE,FALSE,FALSE
ID049,2026-01-26,1548,71468,122,8,8,2200,Location003,0,0,FALSE,FALSE,FALSE
ID049,2026-01-27,3026,70576,123,14,14,5088,Location003,0,0,FALSE,FALSE,FALSE
ID049,2026-01-28,1962,73600,124,11,11,4885,Location003,0,0,FALSE,FALSE,FALSE
ID049,2026-01-29,2325,76331,125,10,10,3863,Location003,0,0,FALSE,FALSE,FALSE
ID049,2026-01-30,4220,77879,126,23,23,6094,Location003,0,0,FALSE,FALSE,FALSE
ID049,2026-01-31,3689,78257,127,18,18,5631,Location003,0,0,FALSE,FALSE,FALSE
ID049,2026-02-01,2851,77829,128,12,12,4749,Location003,0,0,FALSE,FALSE,FALSE
ID049,2026-02-02,4152,80022,129,14,14,6169,Location003,0,0,FALSE,FALSE,FALSE
ID049,2026-02-03,3819,82152,130,19,19,5760,Location003,0,0,FALSE,FALSE,FALSE
ID049,2026-02-04,3801,83659,131,14,14,5639,Location003,0,0,FALSE,FALSE,FALSE
ID049,2026-02-05,3259,83270,132,14,14,4486,Location003,0,0,FALSE,FALSE,FALSE
ID049,2026-02-06,2430,84256,133,8,8,4192,Location003,0,0,FALSE,FALSE,FALSE
ID049,2026-02-07,3648,84775.5,134,14,14,4518,Location003,0,0,FALSE,FALSE,FALSE
ID049,2026-02-08,3017,85728,135,9,9,4888,Location003,0,0,FALSE,FALSE,FALSE
ID049,2026-02-09,4513,86896,136,13,13,5349,Location003,0,0,FALSE,FALSE,FALSE
ID049,2026-02-10,2982,88652,137,10,10,4744,Location003,0,0,FALSE,FALSE,FALSE
ID049,2026-02-11,3920,88189,138,17,17,6430,Location003,0,0,FALSE,FALSE,FALSE
ID049,2026-02-12,3582,90907,139,13,13,4863,Location003,0,0,FALSE,FALSE,FALSE
ID049,2026-02-13,3772,90953,140,13,13,5660,Location003,0,0,FALSE,FALSE,FALSE
ID049,2026-02-14,3447,92150,141,12,12,5620,Location003,0,0,FALSE,FALSE,FALSE
ID049,2026-02-15,3632,93633,142,21,21,5046,Location003,0,0,FALSE,FALSE,FALSE
ID049,2026-02-16,3410,94608,143,15,15,4519,Location003,0,0,FALSE,FALSE,FALSE
ID049,2026-02-17,4103,95445,144,21,21,6589,Location003,0,0,FALSE,FALSE,FALSE
ID049,2026-02-18,4836,95542,145,13,13,5760,Location003,0,0,FALSE,FALSE,FALSE
ID049,2026-02-19,3569,96981,146,25,25,5733,Location003,0,0,FALSE,FALSE,FALSE
ID049,2026-02-20,2863,95808,147,12,12,5091,Location003,0,0,FALSE,FALSE,FALSE
ID049,2026-02-21,3597,96869,148,17,17,6050,Location003,0,0,FALSE,FALSE,FALSE
ID049,2026-02-22,3031,99013,149,11,11,4914,Location003,0,0,FALSE,FALSE,FALSE
ID049,2026-02-23,2363,100554,150,10,10,5613,Location003,0,0,FALSE,FALSE,FALSE
ID049,2026-02-24,2190,101421,151,10,10,5004,Location003,0,0,FALSE,FALSE,FALSE
ID049,2026-02-25,3045,101102,152,6,6,4185,Location003,0,0,FALSE,FALSE,FALSE
ID049,2026-02-26,3209,102538,153,12,12,5266,Location003,0,0,FALSE,FALSE,FALSE
ID049,2026-02-27,2160,104121,154,10,10,1995,Location003,0,0,FALSE,FALSE,FALSE
ID049,2026-02-28,3969,104121,155,12,12,4583,Location003,0,0,FALSE,FALSE,FALSE
ID049,2026-03-01,5585,103739,156,26,26,6023,Location012,0,0,FALSE,FALSE,FALSE
ID049,2026-03-02,5223.5,109393,157,18,0,0,Location012,0,18,FALSE,FALSE,TRUE
ID049,2026-03-03,4862,108763,158,16,16,6165,Location012,0,0,FALSE,FALSE,FALSE
ID049,2026-03-04,5502,109590,159,27,27,6105,Location012,0,0,FALSE,FALSE,FALSE
ID049,2026-03-05,3487,109942,160,16,16,5319,Location012,0,0,FALSE,FALSE,FALSE
ID049,2026-03-06,5454,111649,161,15,15,5665,Location012,0,0,FALSE,FALSE,FALSE
ID049,2026-03-07,3322,109532,162,10,10,3993,Location012,0,0,FALSE,FALSE,FALSE
ID049,2026-03-08,3601,109179,163,18,18,5321,Location012,0,0,FALSE,FALSE,FALSE
ID049,2026-03-09,3216,113375.5,164,16,16,4475,Location012,0,0,FALSE,FALSE,FALSE
ID049,2026-03-10,4100,111691,165,25,25,6247,Location012,0,0,FALSE,FALSE,FALSE
ID049,2026-03-11,3130,111848,166,16,16,4726,Location012,0,0,FALSE,FALSE,FALSE
ID049,2026-03-12,3474,115659,167,11,11,5422,Location012,0,0,FALSE,FALSE,FALSE
ID049,2026-03-13,4490,118593,168,23,23,7772,Location012,0,0,FALSE,FALSE,FALSE
ID049,2026-03-14,3734,118834,169,26,26,6649,Location012,0,0,FALSE,FALSE,FALSE
ID049,2026-03-15,3782,121565,170,20,20,5500,Location012,0,0,FALSE,FALSE,FALSE
ID049,2026-03-16,3194,119070,171,16,16,5478,Location012,0,0,FALSE,FALSE,FALSE
ID049,2026-03-17,3322,122246,172,18,18,4697,Location012,0,0,FALSE,FALSE,FALSE
ID049,2026-03-18,3502,121612,173,12,12,5073,Location012,0,0,FALSE,FALSE,FALSE
ID049,2026-03-19,4322,122518,174,13,13,6658,Location012,0,0,FALSE,FALSE,FALSE
ID049,2026-03-20,3553,124810,175,21,21,5307,Location012,0,0,FALSE,FALSE,FALSE
ID049,2026-03-21,3605,125185,176,13,13,5108,Location012,0,0,FALSE,FALSE,FALSE
ID049,2026-03-22,1879,125185,177,16,0,0,Location012,0,16,FALSE,FALSE,FALSE
ID049,2026-03-23,3849,123986,178,10,10,5381,Location012,0,0,FALSE,FALSE,FALSE
ID049,2026-03-24,5117,128445,179,24,24,6607,Location012,0,0,FALSE,FALSE,FALSE
ID049,2026-03-25,4906,128719,180,20,20,6670,Location012,0,0,FALSE,FALSE,FALSE
ID049,2026-03-26,3667,124426,181,27,27,5158,Location012,0,0,FALSE,FALSE,FALSE
ID049,2026-03-27,4573,124426,182,21,21,5242,Location012,0,0,FALSE,FALSE,FALSE
ID049,2026-03-28,4097,125426,183,26,26,6020,Location012,0,0,FALSE,TRUE,FALSE
ID049,2026-03-29,4196,126426,184,25,25,6185,Location012,0,0,FALSE,TRUE,FALSE
ID049,2026-03-30,4624,127426,185,16,16,5154,Location012,0,0,FALSE,TRUE,FALSE
ID049,2026-03-31,3274,128426,186,9,9,4186,Location012,0,0,FALSE,FALSE,FALSE
ID049,2026-04-01,4209,133741,187,26,26,6590,Location012,0,0,FALSE,FALSE,FALSE
ID049,2026-04-02,2289,132921,188,8,8,3586,Location012,0,0,FALSE,FALSE,FALSE
ID049,2026-04-03,3175,135001,189,14,14,4714,Location012,0,0,FALSE,FALSE,FALSE
ID049,2026-04-04,4035,137005,190,15,15,5580,Location012,0,0,FALSE,FALSE,FALSE
ID049,2026-04-05,3962,139003,191,20,20,5117,Location012,4,0,FALSE,FALSE,FALSE
ID049,2026-04-06,4427,138391,192,18,18,6633,Location012,15,0,FALSE,FALSE,FALSE
ID049,2026-04-07,3255,137427,193,11,11,3993,Location012,5,0,FALSE,FALSE,FALSE
ID049,2026-04-08,4753,138595,194,25,25,5658,Location001,14,0,FALSE,FALSE,FALSE
ID049,2026-04-09,3236,138711.4,195,11,11,3030,Location001,11,0,FALSE,TRUE,FALSE
ID049,2026-04-10,3693,138827.8,196,16,16,4499,Location001,16,0,FALSE,TRUE,FALSE
ID049,2026-04-11,2562,138944.2,197,10,10,3409,Location001,10,0,FALSE,TRUE,FALSE
ID049,2026-04-12,1472,139060.6,198,5,5,1936,Location001,5,0,FALSE,TRUE,FALSE
ID049,2026-04-13,3246,139177,199,11,11,3201,Location001,9,0,FALSE,FALSE,FALSE
ID049,2026-04-14,2574,139285.833333333,200,13,13,2608,Location001,13,0,FALSE,TRUE,FALSE
ID049,2026-04-15,5,139394.666666667,201,1,0,0,Location001,1,1,FALSE,TRUE,FALSE
ID049,2026-04-16,40,139503.5,202,1,0,0,Location001,1,1,FALSE,TRUE,FALSE
ID049,2026-04-17,1011,139612.333333333,203,5,0,0,Location001,5,5,FALSE,TRUE,FALSE
ID049,2026-04-18,2088,139721.166666667,204,18,18,1633,Location001,18,0,FALSE,TRUE,FALSE
ID049,2026-04-19,2541,139830,205,16,16,2284,Location001,15,0,FALSE,FALSE,FALSE
ID049,2026-04-20,2796,,206,19,19,3959,Location001,19,0,FALSE,TRUE,FALSE
ID049,2026-04-21,4789,,207,24,24,3589,Location001,24,0,FALSE,TRUE,FALSE
ID049,2026-04-22,4151,,208,19,19,3372,Location001,19,0,FALSE,TRUE,FALSE
ID049,2026-04-23,3210,,209,15,15,1753,Location001,15,0,FALSE,TRUE,FALSE
ID049,2026-04-24,5455,,210,18,18,4685,Location001,0,0,FALSE,TRUE,FALSE
ID055,2025-12-23,1296,36807,88,4,4,4589,Location003,1,0,FALSE,FALSE,FALSE
ID055,2025-12-25,2093,37759,90,7,7,6492,Location003,7,0,FALSE,TRUE,FALSE
ID055,2025-12-26,1945,38711,91,6,6,6149,Location003,0,0,FALSE,FALSE,FALSE
ID055,2025-12-27,2202,38849,92,9,9,6574,Location003,0,0,FALSE,FALSE,FALSE
ID055,2025-12-30,1978,39144,95,4,4,5747,Location003,1,0,FALSE,FALSE,FALSE
ID055,2025-12-31,1887,37147,96,4,4,5423,Location003,1,0,FALSE,FALSE,FALSE
ID055,2026-01-01,1570,54426.5,97,5,5,4232,Location003,1,0,FALSE,FALSE,FALSE
ID055,2026-01-04,1685,46142.5,100,3,3,4373,Location003,1,0,FALSE,FALSE,FALSE
ID055,2026-01-05,1604,48923,101,3,3,4339,Location003,0,0,FALSE,FALSE,FALSE
ID055,2026-01-06,2185,49113.5,102,4,4,5876,Location003,0,0,FALSE,FALSE,FALSE
ID055,2026-01-07,2057,50363,103,5,5,5241,Location003,0,0,FALSE,FALSE,FALSE
ID055,2026-01-08,1860,48520,104,6,6,3845,Location003,0,0,FALSE,FALSE,FALSE
ID055,2026-01-09,846,49458,105,4,0,0,Location003,0,4,FALSE,FALSE,FALSE
ID055,2026-01-10,2199,51229,106,10,10,6473,Location003,0,0,FALSE,FALSE,FALSE
ID055,2026-01-11,5464,52077,107,9,0,0,Location003,0,9,FALSE,FALSE,FALSE
ID055,2026-01-12,5684,54173,108,4,0,0,Location003,0,4,FALSE,FALSE,FALSE
ID055,2026-01-13,1505,54124,109,7,7,5626,Location003,0,0,FALSE,FALSE,FALSE
ID055,2026-01-14,5078,56115,110,8,0,0,Location003,0,8,FALSE,FALSE,FALSE
ID055,2026-01-15,1175,57628,111,6,6,5229,Location003,0,0,FALSE,FALSE,FALSE
ID055,2026-01-16,2477,58222,112,8,8,5325,Location003,0,0,FALSE,FALSE,FALSE
ID055,2026-01-17,1642,60375,113,6,6,7576,Location003,0,0,FALSE,FALSE,FALSE
ID055,2026-01-18,2204,59793,114,7,7,5874,Location003,0,0,FALSE,FALSE,FALSE
ID055,2026-01-19,2430,61163,115,6,6,6369,Location003,0,0,FALSE,FALSE,FALSE
ID055,2026-01-20,2461,62754,116,9,9,7957,Location003,0,0,FALSE,FALSE,FALSE
ID055,2026-01-21,2000,62727,117,5,5,5697,Location003,0,0,FALSE,FALSE,FALSE
ID055,2026-01-22,1860,64209,118,7,7,4439,Location003,0,0,FALSE,FALSE,FALSE
ID055,2026-01-23,1798,65107,119,5,5,5390,Location003,0,0,FALSE,FALSE,FALSE
ID055,2026-01-24,1345,67197,120,6,6,3388,Location003,0,0,FALSE,FALSE,FALSE
ID055,2026-01-25,1319,63186,121,5,5,3995,Location003,0,0,FALSE,FALSE,FALSE
ID055,2026-01-26,1952,64310,122,4,4,5178,Location003,0,0,FALSE,FALSE,FALSE
ID055,2026-01-27,1823,64258,123,5,5,3438,Location003,0,0,FALSE,FALSE,FALSE
ID055,2026-01-28,2618,65884,124,7,7,5710,Location003,0,0,FALSE,FALSE,FALSE
ID055,2026-01-29,3044,69099.5,125,10,10,5210,Location003,0,0,FALSE,FALSE,FALSE
ID055,2026-01-30,1387,67840,126,7,7,3451,Location003,0,0,FALSE,FALSE,FALSE
ID055,2026-01-31,2911,69601,127,11,11,5582,Location003,0,0,FALSE,FALSE,FALSE
ID055,2026-02-01,1694,68914,128,9,9,4364,Location003,0,0,FALSE,FALSE,FALSE
ID055,2026-02-02,2433,70984,129,12,12,5100,Location003,0,0,FALSE,FALSE,FALSE
ID055,2026-02-03,2541,72375,130,13,13,6151,Location003,0,0,FALSE,FALSE,FALSE
ID055,2026-02-04,3182,74739,131,13,13,6595,Location003,0,0,FALSE,FALSE,FALSE
ID055,2026-02-05,4474,75406,132,14,0,0,Location003,0,14,FALSE,FALSE,FALSE
ID055,2026-02-06,3172,74838,133,14,14,6994,Location003,0,0,FALSE,FALSE,FALSE
ID055,2026-02-07,2366,77407,134,11,11,4711,Location003,0,0,FALSE,FALSE,FALSE
ID055,2026-02-08,2651,77248,135,11,11,5104,Location003,0,0,FALSE,FALSE,FALSE
ID055,2026-02-09,2949,78054,136,12,12,5569,Location003,0,0,FALSE,FALSE,FALSE
ID055,2026-02-10,2411,78307,137,10,10,4188,Location003,0,0,FALSE,FALSE,FALSE
ID055,2026-02-11,2548,78275,138,9,9,4357,Location003,0,0,FALSE,FALSE,FALSE
ID055,2026-02-12,2368,80183,139,11,11,3741,Location003,0,0,FALSE,FALSE,FALSE
ID055,2026-02-13,1687,78624,140,7,7,3601,Location003,0,0,FALSE,FALSE,FALSE
ID055,2026-02-14,2225,80330,141,13,13,5277,Location003,0,0,FALSE,FALSE,FALSE
ID055,2026-02-15,1605,81268,142,7,7,2798,Location003,0,0,FALSE,FALSE,FALSE
ID055,2026-02-16,2223,81746,143,11,11,4687,Location003,0,0,FALSE,FALSE,FALSE
ID055,2026-02-17,2770,82689,144,11,11,5810,Location003,0,0,FALSE,FALSE,FALSE
ID055,2026-02-18,3311,85124,145,14,14,5500,Location003,0,0,FALSE,FALSE,FALSE
ID055,2026-02-19,3614,86774,146,18,18,5422,Location003,0,0,FALSE,FALSE,FALSE
ID055,2026-02-20,1929,86714,147,10,10,3653,Location003,0,0,FALSE,FALSE,FALSE
ID055,2026-02-21,2932,87563,148,17,17,4805,Location003,0,0,FALSE,FALSE,FALSE
ID055,2026-02-22,2214,89093.5,149,10,10,3610,Location003,0,0,FALSE,FALSE,FALSE
ID055,2026-02-23,2874,90326.5,150,10,10,4639,Location003,0,0,FALSE,FALSE,FALSE
ID055,2026-02-24,1781,90675,151,8,8,3262,Location003,0,0,FALSE,FALSE,FALSE
ID055,2026-02-25,2700,90021,152,11,11,4692,Location003,0,0,FALSE,FALSE,FALSE
ID055,2026-02-26,1212,90501,153,6,6,3601,Location003,0,0,FALSE,FALSE,FALSE
ID055,2026-02-27,489,92403,154,4,0,0,Location003,0,4,FALSE,FALSE,FALSE
ID055,2026-02-28,1301,89105,155,5,5,2844,Location003,0,0,FALSE,FALSE,FALSE
ID055,2026-03-01,2346,92421,156,8,8,4084,Location003,0,0,FALSE,FALSE,FALSE
ID055,2026-03-02,3536,94368,157,13,13,5673,Location003,0,0,FALSE,FALSE,FALSE
ID055,2026-03-03,2918,96077,158,11,11,6189,Location003,0,0,FALSE,FALSE,FALSE
ID055,2026-03-04,1229,95382,159,4,0,0,Location003,0,4,FALSE,FALSE,FALSE
ID055,2026-03-05,2256,97654,160,13,13,5470,Location003,0,0,FALSE,FALSE,FALSE
ID055,2026-03-06,3805,99885,161,18,0,0,Location003,0,18,FALSE,FALSE,FALSE
ID055,2026-03-07,2979,100394,162,12,12,4680,Location003,0,0,FALSE,FALSE,FALSE
ID055,2026-03-08,2038,100705,163,9,9,3756,Location003,0,0,FALSE,FALSE,FALSE
ID055,2026-03-09,2564,99288,164,11,11,4572,Location003,0,0,FALSE,FALSE,FALSE
ID055,2026-03-10,3070,101881,165,13,13,5164,Location003,0,0,FALSE,FALSE,FALSE
ID055,2026-03-11,2837,103881,166,13,13,6148,Location003,0,0,FALSE,FALSE,FALSE
ID055,2026-03-12,4304,106624,167,15,15,6186,Location003,0,0,FALSE,FALSE,FALSE
ID055,2026-03-13,3118,106825,168,12,12,5097,Location003,0,0,FALSE,FALSE,FALSE
ID055,2026-03-14,3655,107449,169,16,16,6057,Location003,0,0,FALSE,FALSE,FALSE
ID055,2026-03-15,2649,108479,170,10,10,4266,Location003,0,0,FALSE,FALSE,FALSE
ID055,2026-03-16,2214,108197,171,9,9,3989,Location003,0,0,FALSE,FALSE,FALSE
ID055,2026-03-17,2390,108181,172,10,10,4341,Location003,0,0,FALSE,FALSE,FALSE
ID055,2026-03-18,3315,109345,173,13,13,4469,Location003,0,0,FALSE,FALSE,FALSE
ID055,2026-03-19,3475,111576,174,14,14,6186,Location003,0,0,FALSE,FALSE,FALSE
ID055,2026-03-20,3214,112680,175,16,16,5479,Location003,0,0,FALSE,FALSE,FALSE
ID055,2026-03-21,2789,113171,176,13,13,5943,Location003,0,0,FALSE,FALSE,FALSE
ID055,2026-03-22,2707,112924,177,12,12,5252,Location003,0,0,FALSE,FALSE,FALSE
ID055,2026-03-23,4243,116899,178,17,17,6780,Location003,0,0,FALSE,FALSE,FALSE
ID055,2026-03-24,4129,118182,179,15,15,5425,Location003,0,0,FALSE,FALSE,FALSE
ID055,2026-03-25,2616,117323,180,14,14,4176,Location003,0,0,FALSE,FALSE,FALSE
ID055,2026-03-26,2678,118791,181,10,10,4898,Location003,0,0,FALSE,FALSE,FALSE
ID055,2026-03-27,4362,119704,182,17,0,0,Location003,0,17,FALSE,FALSE,FALSE
ID055,2026-03-28,5686,120115,183,14,0,0,Location003,0,14,FALSE,FALSE,FALSE
ID055,2026-03-29,2845,121336,184,13,13,4933,Location003,0,0,FALSE,FALSE,FALSE
ID055,2026-03-30,3126,123006,185,9,9,4727,Location003,0,0,FALSE,FALSE,FALSE
ID055,2026-03-31,4119,123903,186,13,13,6180,Location003,0,0,FALSE,FALSE,FALSE
ID055,2026-04-01,3051,123477,187,18,18,5067,Location003,0,0,FALSE,FALSE,FALSE
ID055,2026-04-02,3503,124921,188,14,14,5501,Location003,0,0,FALSE,FALSE,FALSE
ID055,2026-04-03,3017,125848,189,19,19,5551,Location003,0,0,FALSE,FALSE,FALSE
ID055,2026-04-04,3754,126165.5,190,12,12,4297,Location003,0,0,FALSE,FALSE,FALSE
ID055,2026-04-05,3224,127503,191,13,13,4570,Location003,0,0,FALSE,FALSE,FALSE
ID055,2026-04-06,3730,129486,192,13,13,4794,Location003,0,0,FALSE,FALSE,FALSE
ID055,2026-04-07,3178,127918,193,11,11,3662,Location003,0,0,FALSE,FALSE,FALSE
ID055,2026-04-08,3968,129373,194,21,21,5072,Location003,0,0,FALSE,FALSE,FALSE
ID055,2026-04-09,3498,132190.5,195,14,14,4702,Location003,0,0,FALSE,FALSE,FALSE
ID055,2026-04-10,2921,132398,196,12,12,4168,Location003,0,0,FALSE,FALSE,FALSE
ID055,2026-04-11,4396,133794,197,22,22,5353,Location003,0,0,FALSE,FALSE,FALSE
ID055,2026-04-12,2942,133831.5,198,12,12,3617,Location003,0,0,FALSE,FALSE,FALSE
ID055,2026-04-13,3449,136533.5,199,14,14,4001,Location003,0,0,FALSE,FALSE,FALSE
ID055,2026-04-14,2065,131525.5,200,8,8,3079,Location003,0,0,FALSE,FALSE,FALSE
ID055,2026-04-15,1138,134274,201,5,0,0,Location003,0,5,FALSE,FALSE,FALSE
ID055,2026-04-16,1441,134274,202,11,11,2489,Location003,0,0,FALSE,FALSE,FALSE
ID055,2026-04-17,1874,135229.5,203,9,9,3587,Location003,9,0,FALSE,TRUE,FALSE
ID055,2026-04-18,2999,136185,204,13,13,4144,Location003,13,0,FALSE,TRUE,FALSE
ID055,2026-04-19,2836,137140.5,205,13,13,4040,Location003,13,0,FALSE,TRUE,FALSE
ID055,2026-04-20,3968,138096,206,19,19,5843,Location003,2,0,FALSE,FALSE,FALSE
ID055,2026-04-21,3723,136954,207,17,17,4910,Location003,10,0,FALSE,FALSE,FALSE
ID055,2026-04-22,3733,139149,208,14,14,4934,Location003,7,0,FALSE,FALSE,FALSE
ID055,2026-04-23,4488,138857,209,23,23,6940,Location003,15,0,FALSE,FALSE,FALSE
ID055,2026-04-24,3762,,210,15,15,5400,Location003,0,0,FALSE,TRUE,FALSE
ID057,2026-01-10,1846,,105,16,0,0,Location003,16,16,FALSE,TRUE,FALSE
ID057,2026-01-11,2505,61808,106,18,18,5171,Location003,2,0,FALSE,FALSE,FALSE
ID057,2026-01-12,2460,63062,107,23,23,5152,Location003,0,0,FALSE,FALSE,FALSE
ID057,2026-01-13,2693,63179,108,17,17,5227,Location003,0,0,FALSE,FALSE,FALSE
ID057,2026-01-14,5034,65378,109,14,0,0,Location003,0,14,FALSE,FALSE,FALSE
ID057,2026-01-15,2902,65882,110,9,9,5720,Location003,0,0,FALSE,FALSE,FALSE
ID057,2026-01-16,3328,67773,111,18,18,5934,Location003,0,0,FALSE,FALSE,FALSE
ID057,2026-01-17,1982,69532,112,13,13,4715,Location003,0,0,FALSE,FALSE,FALSE
ID057,2026-01-18,2578,68044.5,113,18,18,4874,Location003,0,0,FALSE,FALSE,FALSE
ID057,2026-01-19,1747,71578,114,13,0,0,Location003,0,13,FALSE,FALSE,FALSE
ID057,2026-01-20,3304,71966,115,21,21,5290,Location003,0,0,FALSE,FALSE,FALSE
ID057,2026-01-21,3414,74078,116,16,16,5023,Location003,0,0,FALSE,FALSE,FALSE
ID057,2026-01-22,4201,77298,117,20,20,6706,Location003,0,0,FALSE,FALSE,FALSE
ID057,2026-01-23,3400,77298,118,17,17,6472,Location003,0,0,FALSE,FALSE,FALSE
ID057,2026-01-24,3392,77120,119,26,26,7032,Location003,0,0,FALSE,FALSE,FALSE
ID057,2026-01-25,3229,78049,120,24,24,5635,Location003,0,0,FALSE,FALSE,FALSE
ID057,2026-01-26,2812,80023,121,15,15,3930,Location003,0,0,FALSE,FALSE,FALSE
ID057,2026-01-27,2718,80098,122,11,11,5550,Location003,0,0,FALSE,FALSE,FALSE
ID057,2026-01-28,4874,80098,123,12,12,6417,Location003,0,0,FALSE,FALSE,FALSE
ID057,2026-01-29,3794,85034,124,24,24,5809,Location003,0,0,FALSE,FALSE,FALSE
ID057,2026-01-30,3480,85034,125,27,27,5637,Location003,0,0,FALSE,FALSE,FALSE
ID057,2026-01-31,4551,86032,126,28,28,6840,Location003,0,0,FALSE,FALSE,FALSE
ID057,2026-02-01,3715,86675,127,17,17,5320,Location003,0,0,FALSE,FALSE,FALSE
ID057,2026-02-02,3660,86968,128,19,19,5868,Location003,0,0,FALSE,FALSE,FALSE
ID057,2026-02-03,3281,90293,129,31,31,4841,Location003,0,0,FALSE,FALSE,FALSE
ID057,2026-02-04,4277,90371,130,53,53,6184,Location003,0,0,FALSE,FALSE,FALSE
ID057,2026-02-05,3914,91777,131,27,27,3172,Location003,0,0,FALSE,FALSE,FALSE
ID057,2026-02-06,5216,92043,132,48,0,0,Location003,0,48,FALSE,FALSE,FALSE
ID057,2026-02-07,3708,93887,133,39,39,6119,Location003,0,0,FALSE,FALSE,FALSE
ID057,2026-02-08,3055,93970,134,37,37,5832,Location003,0,0,FALSE,FALSE,FALSE
ID057,2026-02-09,1847,94072,135,26,0,0,Location003,0,26,FALSE,FALSE,FALSE
ID057,2026-02-10,3436,94820,136,33,33,4982,Location003,0,0,FALSE,FALSE,FALSE
ID057,2026-02-11,3551,95683,137,37,37,4399,Location003,0,0,FALSE,FALSE,FALSE
ID057,2026-02-12,3916,98024,138,40,40,5000,Location003,0,0,FALSE,FALSE,FALSE
ID057,2026-02-13,4570,98846,139,30,30,6501,Location003,0,0,FALSE,FALSE,FALSE
ID057,2026-02-14,4086,100913,140,37,37,4522,Location003,0,0,FALSE,FALSE,FALSE
ID057,2026-02-15,4237,101296,141,40,40,4913,Location003,0,0,FALSE,FALSE,FALSE
ID057,2026-02-16,4200,102972,142,52,52,6083,Location003,0,0,FALSE,FALSE,FALSE
ID057,2026-02-17,4193,103896,143,41,41,4604,Location003,0,0,FALSE,FALSE,FALSE
ID057,2026-02-18,3483,104018,144,40,40,5334,Location003,0,0,FALSE,FALSE,FALSE
ID057,2026-02-19,3908,104176,145,51,51,4877,Location003,0,0,FALSE,FALSE,FALSE
ID057,2026-02-20,2642,106027.5,146,38,38,4519,Location003,0,0,FALSE,FALSE,FALSE
ID057,2026-02-21,4670,106494,147,52,52,4840,Location003,0,0,FALSE,FALSE,FALSE
ID057,2026-02-22,4043,107914,148,29,29,3830,Location003,0,0,FALSE,FALSE,FALSE
ID057,2026-02-23,3167,108419,149,19,19,4439,Location003,0,0,FALSE,FALSE,FALSE
ID057,2026-02-24,2588,107324.5,150,20,20,3844,Location003,0,0,FALSE,FALSE,FALSE
ID057,2026-02-25,3003,107482,151,19,19,4038,Location003,0,0,FALSE,FALSE,FALSE
ID057,2026-02-26,2513,108702,152,19,19,4671,Location003,0,0,FALSE,FALSE,FALSE
ID057,2026-02-27,4192,109152,153,18,18,5813,Location003,0,0,FALSE,FALSE,FALSE
ID057,2026-02-28,4269,113004,154,19,19,6252,Location003,0,0,FALSE,FALSE,FALSE
ID057,2026-03-01,4952,112962,155,56,56,5603,Location012,0,0,FALSE,FALSE,FALSE
ID057,2026-03-02,4736.5,111791,156,48,0,0,Location012,0,48,FALSE,FALSE,TRUE
ID057,2026-03-03,4521,112776,157,22,22,6114,Location012,0,0,FALSE,FALSE,FALSE
ID057,2026-03-04,4958,115080,158,59,59,8160,Location012,0,0,FALSE,FALSE,FALSE
ID057,2026-03-05,4289,115217.5,159,72,72,7756,Location012,0,0,FALSE,FALSE,FALSE
ID057,2026-03-06,4396,115861,160,25,25,7305,Location012,0,0,FALSE,FALSE,FALSE
ID057,2026-03-07,3285,116491,161,7,7,5761,Location012,0,0,FALSE,FALSE,FALSE
ID057,2026-03-08,4006,116894,162,34,34,6564,Location012,0,0,FALSE,FALSE,FALSE
ID057,2026-03-09,4432,119269,163,58,58,7548,Location012,0,0,FALSE,FALSE,FALSE
ID057,2026-03-10,4102,120464,164,56,56,7563,Location012,0,0,FALSE,FALSE,FALSE
ID057,2026-03-11,4081,121650,165,39,39,7081,Location012,0,0,FALSE,FALSE,FALSE
ID057,2026-03-12,4176,121632,166,48,48,7200,Location012,0,0,FALSE,FALSE,FALSE
ID057,2026-03-13,4301,123046,167,37,37,8032,Location012,0,0,FALSE,FALSE,FALSE
ID057,2026-03-14,4502,126389,168,34,34,6954,Location012,0,0,FALSE,FALSE,FALSE
ID057,2026-03-15,2979,126070,169,28,28,5309,Location012,0,0,FALSE,FALSE,FALSE
ID057,2026-03-16,3486,125135,170,32,32,5927,Location012,0,0,FALSE,FALSE,FALSE
ID057,2026-03-17,3918,126317,171,54,54,6633,Location012,0,0,FALSE,FALSE,FALSE
ID057,2026-03-18,3167,126445,172,14,14,5169,Location012,0,0,FALSE,FALSE,FALSE
ID057,2026-03-19,3998,127003,173,39,39,8292,Location012,0,0,FALSE,FALSE,FALSE
ID057,2026-03-20,3079,128827,174,26,26,5496,Location012,0,0,FALSE,FALSE,FALSE
ID057,2026-03-21,4010,129729,175,15,15,7133,Location012,0,0,FALSE,FALSE,FALSE
ID057,2026-03-22,3410,130706,176,23,23,6530,Location012,0,0,FALSE,FALSE,FALSE
ID057,2026-03-23,3866,130069,177,30,30,6984,Location012,0,0,FALSE,FALSE,FALSE
ID057,2026-03-24,4162,133856,178,49,49,8250,Location012,0,0,FALSE,FALSE,FALSE
ID057,2026-03-25,5138,135348,179,65,65,9477,Location012,0,0,FALSE,FALSE,FALSE
ID057,2026-03-26,4354,135379,180,62,62,8310,Location012,0,0,FALSE,FALSE,FALSE
ID057,2026-03-27,4607,136829,181,63,63,8488,Location012,0,0,FALSE,FALSE,FALSE
ID057,2026-03-28,3383,136947,182,42,42,7036,Location012,0,0,FALSE,FALSE,FALSE
ID057,2026-03-29,4495,137724,183,66,66,9601,Location012,16,0,FALSE,FALSE,FALSE
ID057,2026-03-30,4740,139099,184,31,31,8444,Location012,21,0,FALSE,FALSE,FALSE
ID057,2026-03-31,3605,139814,185,24,24,6001,Location012,17,0,FALSE,FALSE,FALSE
ID057,2026-04-01,4173,138855,186,35,35,5923,Location012,10,0,FALSE,FALSE,FALSE
ID057,2026-04-02,5922,138534,187,22,22,5576,Location012,4,0,FALSE,FALSE,FALSE
ID057,2026-04-03,4038,139532,188,28,28,6781,Location012,10,0,FALSE,FALSE,FALSE
ID057,2026-04-04,4490.5,,189,23,0,0,Location012,23,23,FALSE,TRUE,TRUE
ID057,2026-04-05,4943,,190,29,29,7265,Location012,29,0,FALSE,TRUE,FALSE
ID057,2026-04-06,4930.5,,191,34,34,8488,Location012,34,0,FALSE,TRUE,TRUE
ID057,2026-04-07,4918,,192,13,13,7535,Location012,13,0,FALSE,TRUE,FALSE
ID057,2026-04-08,3814,,193,19,19,7548,Location012,19,0,FALSE,TRUE,FALSE
ID057,2026-04-09,5544,,194,37,37,7362,Location012,37,0,FALSE,TRUE,FALSE
ID057,2026-04-10,5602,,195,26,26,7097,Location012,26,0,FALSE,TRUE,FALSE
ID057,2026-04-11,5285,,196,34,34,7485,Location012,34,0,FALSE,TRUE,TRUE
ID057,2026-04-12,4968,,197,26,26,5884,Location012,26,0,FALSE,TRUE,FALSE
ID057,2026-04-13,3943,,198,25,25,5269,Location012,25,0,FALSE,TRUE,FALSE
ID057,2026-04-14,4078,,199,32,32,5564,Location012,32,0,FALSE,TRUE,FALSE
ID057,2026-04-15,4330,,200,34,34,5845,Location012,34,0,FALSE,TRUE,FALSE
ID057,2026-04-16,5133,,201,28,28,6540,Location012,28,0,FALSE,TRUE,FALSE
ID057,2026-04-17,4524,,202,22,22,6879,Location012,22,0,FALSE,TRUE,FALSE
ID057,2026-04-18,4443,,203,30,30,5172,Location012,30,0,FALSE,TRUE,FALSE
ID057,2026-04-19,4089,,204,24,24,6011,Location012,24,0,FALSE,TRUE,FALSE
ID057,2026-04-20,3568,,205,27,27,5524,Location012,27,0,FALSE,TRUE,FALSE
ID057,2026-04-21,3693,,206,25,25,5859,Location012,25,0,FALSE,TRUE,FALSE
ID057,2026-04-22,3865,,207,13,13,4665,Location012,13,0,FALSE,TRUE,FALSE
ID057,2026-04-23,3958,,208,23,23,5589,Location012,23,0,FALSE,TRUE,FALSE
ID057,2026-04-24,2220,,209,12,12,4619,Location012,0,0,FALSE,TRUE,FALSE
ID063,2025-12-23,1422,,87,8,8,6108,Location003,8,0,FALSE,TRUE,FALSE
ID063,2025-12-24,1758,,88,13,13,7746,Location003,0,0,FALSE,TRUE,FALSE
ID063,2025-12-26,2172,32755,90,14,14,6405,Location003,0,0,FALSE,FALSE,FALSE
ID063,2025-12-27,3252,33055,91,16,16,8554,Location003,16,0,FALSE,TRUE,FALSE
ID063,2025-12-28,2360,33355,92,20,20,6088,Location003,0,0,FALSE,FALSE,FALSE
ID063,2025-12-30,1746,37167,94,9,9,5733,Location003,0,0,FALSE,FALSE,FALSE
ID063,2025-12-31,2377,37218,95,6,6,6416,Location003,0,0,FALSE,FALSE,FALSE
ID063,2026-01-01,2672,37218,96,12,12,5513,Location003,0,0,FALSE,FALSE,FALSE
ID063,2026-01-02,1853,41900,97,11,11,5055,Location003,0,0,FALSE,FALSE,FALSE
ID063,2026-01-04,2368,41829,99,19,19,6775,Location003,0,0,FALSE,FALSE,FALSE
ID063,2026-01-05,2124,42623,100,11,11,4976,Location003,0,0,FALSE,FALSE,FALSE
ID063,2026-01-07,2654,44296,102,14,14,6044,Location003,0,0,FALSE,FALSE,FALSE
ID063,2026-01-08,2145,45883,103,26,26,5981,Location003,0,0,FALSE,FALSE,FALSE
ID063,2026-01-09,2884,46287,104,31,31,6563,Location003,0,0,FALSE,FALSE,FALSE
ID063,2026-01-10,3374,47589,105,21,21,6571,Location003,0,0,FALSE,FALSE,FALSE
ID063,2026-01-11,3005,48551,106,22,22,6531,Location003,0,0,FALSE,FALSE,FALSE
ID063,2026-01-12,2378,50108,107,16,16,5110,Location003,0,0,FALSE,FALSE,FALSE
ID063,2026-01-13,2353,49145,108,13,13,5090,Location003,0,0,FALSE,FALSE,FALSE
ID063,2026-01-14,5250,50830,109,24,0,0,Location003,0,24,FALSE,FALSE,FALSE
ID063,2026-01-15,2699,52242.5,110,12,12,5810,Location003,0,0,FALSE,FALSE,FALSE
ID063,2026-01-16,1601,54508,111,18,18,3879,Location003,0,0,FALSE,FALSE,FALSE
ID063,2026-01-17,2292,54694,112,17,17,5367,Location003,0,0,FALSE,FALSE,FALSE
ID063,2026-01-18,3197,55649,113,23,23,7250,Location003,0,0,FALSE,FALSE,FALSE
ID063,2026-01-19,3442,57298.5,114,20,20,5709,Location003,0,0,FALSE,FALSE,FALSE
ID063,2026-01-20,2061,58427.5,115,8,8,5158,Location003,0,0,FALSE,FALSE,FALSE
ID063,2026-01-21,2815,58497,116,19,19,5486,Location003,0,0,FALSE,FALSE,FALSE
ID063,2026-01-22,1544,61129,117,10,10,5443,Location003,0,0,FALSE,FALSE,FALSE
ID063,2026-01-23,2601,60856,118,13,13,6419,Location003,0,0,FALSE,FALSE,FALSE
ID063,2026-01-24,1703,61744,119,9,9,3998,Location003,0,0,FALSE,FALSE,FALSE
ID063,2026-01-25,2741,63344.5,120,18,18,5115,Location003,0,0,FALSE,FALSE,FALSE
ID063,2026-01-26,2100,62957.5,121,14,14,3636,Location003,0,0,FALSE,FALSE,FALSE
ID063,2026-01-27,2734,63400,122,13,13,5095,Location003,0,0,FALSE,FALSE,FALSE
ID063,2026-01-28,2361,66425.5,123,18,18,5835,Location003,0,0,FALSE,FALSE,FALSE
ID063,2026-01-29,2800,66795,124,13,13,4695,Location003,0,0,FALSE,FALSE,FALSE
ID063,2026-01-30,2893,68189,125,17,17,4853,Location003,0,0,FALSE,FALSE,FALSE
ID063,2026-01-31,2993,67797.5,126,22,22,5580,Location003,0,0,FALSE,FALSE,FALSE
ID063,2026-02-01,3305,69040,127,15,15,6416,Location003,0,0,FALSE,FALSE,FALSE
ID063,2026-02-02,3177,69938,128,11,11,4905,Location003,0,0,FALSE,FALSE,FALSE
ID063,2026-02-03,1911,69133,129,10,10,3829,Location003,0,0,FALSE,FALSE,FALSE
ID063,2026-02-04,2711,69804,130,25,25,4340,Location003,0,0,FALSE,FALSE,FALSE
ID063,2026-02-05,2663,71943,131,12,12,4851,Location003,0,0,FALSE,FALSE,FALSE
ID063,2026-02-06,1443,72475,132,12,12,3946,Location003,0,0,FALSE,FALSE,FALSE
ID063,2026-02-07,3417,73557,133,24,24,5015,Location003,0,0,FALSE,FALSE,FALSE
ID063,2026-02-08,2005,74840,134,5,5,4503,Location003,0,0,FALSE,FALSE,FALSE
ID063,2026-02-09,3005,76228,135,12,12,6027,Location003,0,0,FALSE,FALSE,FALSE
ID063,2026-02-10,3540,78041.5,136,20,20,5210,Location003,0,0,FALSE,FALSE,FALSE
ID063,2026-02-11,3273,77158,137,21,21,4988,Location003,0,0,FALSE,FALSE,FALSE
ID063,2026-02-12,2511,79020,138,13,13,4900,Location003,0,0,FALSE,FALSE,FALSE
ID063,2026-02-13,3900,79986,139,23,23,5983,Location003,0,0,FALSE,FALSE,FALSE
ID063,2026-02-14,2495,80970,140,23,23,4247,Location003,0,0,FALSE,FALSE,FALSE
ID063,2026-02-15,2796,81454,141,17,17,4994,Location003,0,0,FALSE,FALSE,FALSE
ID063,2026-02-16,3125,83448,142,26,26,4494,Location003,0,0,FALSE,FALSE,FALSE
ID063,2026-02-17,2030,84503,143,11,11,2978,Location003,0,0,FALSE,FALSE,FALSE
ID063,2026-02-18,4062,82879,144,20,20,6154,Location003,0,0,FALSE,FALSE,FALSE
ID063,2026-02-19,2247,85720,145,22,22,3580,Location003,0,0,FALSE,FALSE,FALSE
ID063,2026-02-20,4170,87749,146,37,37,5475,Location003,0,0,FALSE,FALSE,FALSE
ID063,2026-02-21,2944,88783,147,32,32,4580,Location003,0,0,FALSE,FALSE,FALSE
ID063,2026-02-22,2205,89860,148,24,24,3812,Location003,0,0,FALSE,FALSE,FALSE
ID063,2026-02-23,2018,88869,149,22,22,2862,Location003,0,0,FALSE,FALSE,FALSE
ID063,2026-02-24,2727,89291,150,21,21,3444,Location003,0,0,FALSE,FALSE,FALSE
ID063,2026-02-25,2311,90528,151,9,9,4011,Location003,0,0,FALSE,FALSE,FALSE
ID063,2026-02-26,3475,92506,152,28,28,5965,Location003,0,0,FALSE,FALSE,FALSE
ID063,2026-02-27,1131,93761.5,153,10,0,0,Location003,0,10,FALSE,FALSE,FALSE
ID063,2026-02-28,2809,93409,154,15,15,5042,Location003,0,0,FALSE,FALSE,FALSE
ID063,2026-03-01,3930,94675,155,53,0,0,Location012,0,53,FALSE,FALSE,TRUE
ID063,2026-03-02,5051,95524,156,31,31,6189,Location012,0,0,FALSE,FALSE,FALSE
ID063,2026-03-03,5708,96797.5,157,28,28,6738,Location012,0,0,FALSE,FALSE,FALSE
ID063,2026-03-04,4032,97280,158,33,33,6339,Location012,0,0,FALSE,FALSE,FALSE
ID063,2026-03-05,3090,99355,159,77,77,5257,Location012,0,0,FALSE,FALSE,FALSE
ID063,2026-03-06,4122,99424,160,33,33,5974,Location012,0,0,FALSE,FALSE,FALSE
ID063,2026-03-07,3660,101725,161,22,22,5565,Location012,0,0,FALSE,FALSE,FALSE
ID063,2026-03-08,3217,101707,162,35,35,4784,Location012,0,0,FALSE,FALSE,FALSE
ID063,2026-03-09,3250,103182,163,24,24,4982,Location012,0,0,FALSE,FALSE,FALSE
ID063,2026-03-10,4455,102991,164,43,43,7420,Location012,0,0,FALSE,FALSE,FALSE
ID063,2026-03-11,5110,104921,165,50,50,6027,Location012,0,0,FALSE,FALSE,FALSE
ID063,2026-03-12,3522,105109,166,29,29,5871,Location012,0,0,FALSE,FALSE,FALSE
ID063,2026-03-13,3777,106895,167,63,63,6646,Location012,0,0,FALSE,FALSE,FALSE
ID063,2026-03-14,3628,107641,168,28,28,5698,Location012,0,0,FALSE,FALSE,FALSE
ID063,2026-03-15,3599,108756,169,36,36,5615,Location012,0,0,FALSE,FALSE,FALSE
ID063,2026-03-16,3199,109875,170,31,31,5057,Location012,0,0,FALSE,FALSE,FALSE
ID063,2026-03-17,3212,110505,171,26,26,4797,Location012,0,0,FALSE,FALSE,FALSE
ID063,2026-03-18,3038,109745,172,19,19,4217,Location012,0,0,FALSE,FALSE,FALSE
ID063,2026-03-19,3386,109759,173,30,30,6474,Location012,0,0,FALSE,FALSE,FALSE
ID063,2026-03-20,3258,111283,174,22,22,5564,Location012,0,0,FALSE,FALSE,FALSE
ID063,2026-03-21,2096,107429,175,14,14,3091,Location012,0,0,FALSE,FALSE,FALSE
ID063,2026-03-22,2456,110991,176,23,23,3506,Location012,0,0,FALSE,FALSE,FALSE
ID063,2026-03-23,3225,110925,177,23,23,4633,Location012,0,0,FALSE,FALSE,FALSE
ID063,2026-03-24,3461,114731,178,34,34,5500,Location012,0,0,FALSE,FALSE,FALSE
ID063,2026-03-25,2372,113171,179,23,23,3753,Location012,0,0,FALSE,FALSE,FALSE
ID063,2026-03-26,3964,116142,180,30,30,6546,Location012,0,0,FALSE,FALSE,FALSE
ID063,2026-03-27,3115,115954,181,27,27,5058,Location012,0,0,FALSE,FALSE,FALSE
ID063,2026-03-28,3730,118652,182,33,33,6788,Location012,0,0,FALSE,FALSE,FALSE
ID063,2026-03-29,3853,119640,183,36,36,5510,Location012,0,0,FALSE,FALSE,FALSE
ID063,2026-03-30,5422,122278,184,36,36,7615,Location012,0,0,FALSE,FALSE,FALSE
ID063,2026-03-31,4347.5,123052.5,185,27,0,0,Location012,27,27,FALSE,TRUE,TRUE
ID063,2026-04-01,3273,123827,186,26,26,4835,Location012,0,0,FALSE,FALSE,FALSE
ID063,2026-04-02,3091,123250,187,11,11,4338,Location012,0,0,FALSE,FALSE,FALSE
ID063,2026-04-03,5749,122007,188,28,0,0,Location012,0,28,FALSE,FALSE,FALSE
ID063,2026-04-04,2977,124412,189,14,14,3858,Location012,0,0,FALSE,FALSE,FALSE
ID063,2026-04-05,3989,123362,190,7,7,3144,Location012,0,0,FALSE,FALSE,FALSE
ID063,2026-04-06,1160,122817,191,5,0,0,Location012,0,5,FALSE,FALSE,FALSE
ID063,2026-04-07,2174,120840,192,7,7,2912,Location012,0,0,FALSE,FALSE,FALSE
ID063,2026-04-08,2778,123583,193,14,14,3358,Location012,0,0,FALSE,FALSE,FALSE
ID063,2026-04-09,2610,124872,194,15,15,4667,Location012,0,0,FALSE,FALSE,FALSE
ID063,2026-04-10,3671,125358,195,19,19,4222,Location012,0,0,FALSE,FALSE,FALSE
ID063,2026-04-11,625,124624,196,4,0,0,Location012,0,4,FALSE,FALSE,FALSE
ID063,2026-04-12,2228,124810,197,14,14,3550,Location012,0,0,FALSE,FALSE,FALSE
ID063,2026-04-13,2591,125751,198,15,15,3273,Location012,0,0,FALSE,FALSE,FALSE
ID063,2026-04-14,3730,127909,199,16,16,4356,Location012,0,0,FALSE,FALSE,FALSE
ID063,2026-04-15,4404,129966,200,23,23,4841,Location012,0,0,FALSE,FALSE,FALSE
ID063,2026-04-16,1652,131183,201,8,8,2161,Location012,0,0,FALSE,FALSE,FALSE
ID063,2026-04-17,3474,131616,202,24,24,5373,Location012,0,0,FALSE,FALSE,FALSE
ID063,2026-04-18,4852,133242,203,25,25,5017,Location012,0,0,FALSE,FALSE,FALSE
ID063,2026-04-19,2728,133437.5,204,28,28,3574,Location012,0,0,FALSE,FALSE,FALSE
ID063,2026-04-20,4303,134129,205,27,27,4797,Location012,0,0,FALSE,FALSE,FALSE
ID063,2026-04-21,3268,135220,206,18,18,4440,Location012,0,0,FALSE,FALSE,FALSE
ID063,2026-04-22,4277,134940,207,32,32,5816,Location012,0,0,FALSE,FALSE,FALSE
ID063,2026-04-23,4050,136152,208,16,16,5691,Location012,0,0,FALSE,FALSE,FALSE
ID063,2026-04-24,4270,,209,23,23,5207,Location012,0,0,FALSE,TRUE,FALSE
ID067,2025-12-23,985,,80,8,0,0,Location003,8,8,FALSE,TRUE,FALSE
ID067,2025-12-24,1455,,81,14,14,5876,Location003,14,0,FALSE,TRUE,FALSE
ID067,2025-12-25,1446,,82,10,10,5184,Location003,10,0,FALSE,TRUE,FALSE
ID067,2025-12-27,2805,,84,13,13,6822,Location003,13,0,FALSE,TRUE,FALSE
ID067,2025-12-28,2890,33940,85,11,11,5663,Location003,0,0,FALSE,FALSE,FALSE
ID067,2025-12-30,1832,35009,87,7,7,5371,Location003,0,0,FALSE,TRUE,FALSE
ID067,2025-12-31,2099,36078,88,8,8,6559,Location003,0,0,FALSE,FALSE,FALSE
ID067,2026-01-01,2015,37965.5,89,10,10,5119,Location003,0,0,FALSE,FALSE,FALSE
ID067,2026-01-02,2169,37965,90,7,7,6211,Location003,0,0,FALSE,FALSE,FALSE
ID067,2026-01-03,2563,38651,91,9,9,6345,Location003,0,0,FALSE,FALSE,FALSE
ID067,2026-01-04,2213,39741,92,7,7,5796,Location003,0,0,FALSE,FALSE,FALSE
ID067,2026-01-05,1901,43055,93,11,11,4959,Location003,0,0,FALSE,FALSE,FALSE
ID067,2026-01-06,2332,42739,94,14,14,5540,Location003,0,0,FALSE,FALSE,FALSE
ID067,2026-01-07,2328,42897,95,9,9,5415,Location003,0,0,FALSE,FALSE,FALSE
ID067,2026-01-08,1826,44427,96,7,7,5213,Location003,0,0,FALSE,FALSE,FALSE
ID067,2026-01-09,2518,46051,97,11,11,6227,Location003,0,0,FALSE,FALSE,FALSE
ID067,2026-01-10,2219,46226,98,12,12,5156,Location003,0,0,FALSE,FALSE,FALSE
ID067,2026-01-11,2245,47921,99,8,8,5028,Location003,0,0,FALSE,FALSE,FALSE
ID067,2026-01-12,2498,48571,100,19,19,5992,Location003,0,0,FALSE,FALSE,FALSE
ID067,2026-01-13,2484,49817,101,12,12,5824,Location003,0,0,FALSE,FALSE,FALSE
ID067,2026-01-14,5427,50787,102,16,0,0,Location003,0,16,FALSE,FALSE,FALSE
ID067,2026-01-15,2894,51880,103,11,11,4406,Location003,0,0,FALSE,FALSE,FALSE
ID067,2026-01-16,2119,54285,104,8,8,3692,Location003,0,0,FALSE,FALSE,FALSE
ID067,2026-01-17,2350,54390,105,19,19,4721,Location003,0,0,FALSE,FALSE,FALSE
ID067,2026-01-18,2092,55814,106,14,14,3841,Location003,0,0,FALSE,FALSE,FALSE
ID067,2026-01-19,2564,56808,107,29,29,5124,Location003,0,0,FALSE,FALSE,FALSE
ID067,2026-01-20,3228,58893,108,20,20,4671,Location003,0,0,FALSE,FALSE,FALSE
ID067,2026-01-21,2212,59480,109,11,11,5055,Location003,0,0,FALSE,FALSE,FALSE
ID067,2026-01-22,3584,60879,110,19,19,6396,Location003,0,0,FALSE,FALSE,FALSE
ID067,2026-01-23,2439,61834,111,16,16,5153,Location003,0,0,FALSE,FALSE,FALSE
ID067,2026-01-24,2245,62394,112,14,14,3917,Location003,0,0,FALSE,FALSE,FALSE
ID067,2026-01-25,2170,63276,113,24,24,4119,Location003,0,0,FALSE,FALSE,FALSE
ID067,2026-01-26,609,63792,114,5,0,0,Location003,0,5,FALSE,FALSE,FALSE
ID067,2026-01-27,2976,63442,115,27,27,4530,Location003,0,0,FALSE,FALSE,FALSE
ID067,2026-01-28,2581,66696,116,28,28,5370,Location003,0,0,FALSE,FALSE,FALSE
ID067,2026-01-29,2293,68996.5,117,18,18,3637,Location003,0,0,FALSE,FALSE,FALSE
ID067,2026-01-30,1991,68570,118,33,33,4449,Location003,0,0,FALSE,FALSE,FALSE
ID067,2026-01-31,2772,70726,119,35,35,4825,Location003,0,0,FALSE,FALSE,FALSE
ID067,2026-02-01,3805,71115,120,37,37,6990,Location003,0,0,FALSE,FALSE,FALSE
ID067,2026-02-02,1648,72120,121,17,17,2877,Location003,0,0,FALSE,FALSE,FALSE
ID067,2026-02-03,2427,73157,122,31,31,4440,Location003,0,0,FALSE,FALSE,FALSE
ID067,2026-02-04,2878,73794,123,33,33,4139,Location003,0,0,FALSE,FALSE,FALSE
ID067,2026-02-05,1971,75573,124,19,19,3310,Location003,0,0,FALSE,FALSE,FALSE
ID067,2026-02-06,3211,74971,125,31,31,5657,Location003,0,0,FALSE,FALSE,FALSE
ID067,2026-02-07,3520,77620.5,126,24,24,5218,Location003,0,0,FALSE,FALSE,FALSE
ID067,2026-02-08,3112,78393,127,30,30,5931,Location003,0,0,FALSE,FALSE,FALSE
ID067,2026-02-09,2703,78378,128,22,22,4020,Location003,0,0,FALSE,FALSE,FALSE
ID067,2026-02-10,2925,80028,129,18,18,4329,Location003,0,0,FALSE,FALSE,FALSE
ID067,2026-02-11,4605,80911,130,42,0,0,Location003,0,42,FALSE,FALSE,FALSE
ID067,2026-02-12,2353,83264,131,19,19,3768,Location003,0,0,FALSE,FALSE,FALSE
ID067,2026-02-13,3044,83088,132,27,27,4859,Location003,0,0,FALSE,FALSE,FALSE
ID067,2026-02-14,3650,83860,133,34,34,5886,Location003,0,0,FALSE,FALSE,FALSE
ID067,2026-02-15,2948,81949,134,15,15,4442,Location003,0,0,FALSE,FALSE,FALSE
ID067,2026-02-16,3954,87903,135,43,43,5879,Location003,0,0,FALSE,FALSE,FALSE
ID067,2026-02-17,2534,87204,136,14,14,4190,Location003,0,0,FALSE,FALSE,FALSE
ID067,2026-02-18,3422,88875,137,26,26,4749,Location003,0,0,FALSE,FALSE,FALSE
ID067,2026-02-19,2832,89798,138,27,27,4325,Location003,0,0,FALSE,FALSE,FALSE
ID067,2026-02-20,2365,90285,139,23,23,3884,Location003,0,0,FALSE,FALSE,FALSE
ID067,2026-02-21,2885,90211,140,34,34,4045,Location003,0,0,FALSE,FALSE,FALSE
ID067,2026-02-22,2550,89880,141,17,17,2852,Location003,0,0,FALSE,FALSE,FALSE
ID067,2026-02-23,4045,92638,142,37,37,4816,Location003,0,0,FALSE,FALSE,FALSE
ID067,2026-02-24,1472,92889,143,10,0,0,Location003,0,10,FALSE,FALSE,FALSE
ID067,2026-02-25,2802,94008,144,32,32,3984,Location003,0,0,FALSE,FALSE,FALSE
ID067,2026-02-26,2930,94165,145,25,25,4495,Location003,0,0,FALSE,FALSE,FALSE
ID067,2026-02-27,394,94242,146,2,0,0,Location003,0,2,FALSE,FALSE,FALSE
ID067,2026-02-28,3766,93823.5,147,18,18,6062,Location003,0,0,FALSE,FALSE,FALSE
ID067,2026-03-01,3541,97181,148,27,27,3993,Location003,0,0,FALSE,FALSE,FALSE
ID067,2026-03-02,4350,101842,149,43,43,5750,Location003,0,0,FALSE,FALSE,FALSE
ID067,2026-03-03,3885,102097,150,46,46,6027,Location003,0,0,FALSE,FALSE,FALSE
ID067,2026-03-04,4260,101140,151,43,43,6105,Location003,0,0,FALSE,FALSE,FALSE
ID067,2026-03-05,3467,103131,152,22,22,4617,Location003,0,0,FALSE,FALSE,FALSE
ID067,2026-03-06,3682,103857,153,25,25,5754,Location003,0,0,FALSE,FALSE,FALSE
ID067,2026-03-07,2757,104283,154,32,32,4316,Location003,0,0,FALSE,FALSE,FALSE
ID067,2026-03-08,2499,104138,155,21,21,2885,Location003,0,0,FALSE,FALSE,FALSE
ID067,2026-03-09,3102,106103,156,14,14,5246,Location003,0,0,FALSE,FALSE,FALSE
ID067,2026-03-10,3746,106519,157,16,16,5557,Location003,0,0,FALSE,FALSE,FALSE
ID067,2026-03-11,3398,110132,158,19,19,5728,Location003,0,0,FALSE,FALSE,FALSE
ID067,2026-03-12,3055,109000,159,25,25,3953,Location003,0,0,FALSE,FALSE,FALSE
ID067,2026-03-13,3003,110342,160,16,16,3014,Location003,0,0,FALSE,FALSE,FALSE
ID067,2026-03-14,4932,111801,161,44,44,5956,Location003,0,0,FALSE,FALSE,FALSE
ID067,2026-03-15,3692,111409,162,14,14,3873,Location003,0,0,FALSE,FALSE,FALSE
ID067,2026-03-16,1659,109986,163,12,0,0,Location003,0,12,FALSE,FALSE,FALSE
ID067,2026-03-17,4096,112108,164,18,18,5089,Location003,0,0,FALSE,FALSE,FALSE
ID067,2026-03-18,3677,112575,165,31,31,4997,Location003,0,0,FALSE,FALSE,FALSE
ID067,2026-03-19,3463,112636,166,19,19,5389,Location003,0,0,FALSE,FALSE,FALSE
ID067,2026-03-20,2128,114058,167,8,8,3380,Location003,0,0,FALSE,FALSE,FALSE
ID067,2026-03-21,4196,115188,168,19,19,6036,Location003,0,0,FALSE,FALSE,FALSE
ID067,2026-03-22,4294,115716,169,26,26,5294,Location003,0,0,FALSE,FALSE,FALSE
ID067,2026-03-23,3336,114337.5,170,24,24,4623,Location003,0,0,FALSE,FALSE,FALSE
ID067,2026-03-24,3797,117611,171,17,17,4696,Location003,0,0,FALSE,FALSE,FALSE
ID067,2026-03-25,2612,118050,172,16,16,3416,Location003,0,0,FALSE,FALSE,FALSE
ID067,2026-03-26,3913,120714,173,23,23,5901,Location003,0,0,FALSE,FALSE,FALSE
ID067,2026-03-27,2869,121329,174,30,30,4281,Location003,0,0,FALSE,FALSE,FALSE
ID067,2026-03-28,2844,122247,175,36,36,3968,Location003,0,0,FALSE,FALSE,FALSE
ID067,2026-03-29,3659,126092,176,31,31,5271,Location003,0,0,FALSE,FALSE,FALSE
ID067,2026-03-30,2301,125946,177,21,21,3033,Location003,0,0,FALSE,FALSE,FALSE
ID067,2026-03-31,4462,125946,178,34,34,5310,Location003,0,0,FALSE,FALSE,FALSE
ID067,2026-04-01,2244,126702,179,15,15,4572,Location003,0,0,FALSE,FALSE,FALSE
ID067,2026-04-02,3432,127867,180,33,33,4445,Location003,0,0,FALSE,FALSE,FALSE
ID067,2026-04-03,2634,126555,181,12,12,4081,Location003,0,0,FALSE,FALSE,FALSE
ID067,2026-04-04,4983,128726,182,31,0,0,Location003,0,31,FALSE,FALSE,FALSE
ID067,2026-04-05,3202,128986,183,30,30,5034,Location003,0,0,FALSE,FALSE,FALSE
ID067,2026-04-06,2802,131805.5,184,22,22,3890,Location003,0,0,FALSE,FALSE,FALSE
ID067,2026-04-07,3371,131829,185,41,41,4177,Location003,0,0,FALSE,FALSE,FALSE
ID067,2026-04-08,2144,132502.5,186,17,17,2277,Location003,0,0,FALSE,TRUE,FALSE
ID067,2026-04-09,2549,133176,187,42,42,3394,Location003,0,0,FALSE,FALSE,FALSE
ID067,2026-04-10,3915,131805,188,47,47,4658,Location003,0,0,FALSE,FALSE,FALSE
ID067,2026-04-11,2176,137589,189,32,32,2909,Location003,0,0,FALSE,FALSE,FALSE
ID067,2026-04-12,3612,137589,190,38,38,4420,Location003,0,0,FALSE,FALSE,FALSE
ID067,2026-04-13,2450,135671,191,33,33,2392,Location003,0,0,FALSE,TRUE,FALSE
ID067,2026-04-14,2735,133753,192,31,31,1841,Location003,0,0,FALSE,FALSE,FALSE
ID067,2026-04-15,1373,130242,193,44,44,3476,Location003,0,0,FALSE,FALSE,FALSE
ID067,2026-04-16,1388,132061.75,194,27,27,3985,Location003,27,0,FALSE,TRUE,FALSE
ID067,2026-04-17,2402,133881.5,195,15,15,4368,Location003,15,0,FALSE,TRUE,FALSE
ID067,2026-04-18,2610,135701.25,196,15,15,4364,Location003,15,0,FALSE,TRUE,FALSE
ID067,2026-04-19,3035,137521,197,27,27,4341,Location003,0,0,FALSE,FALSE,FALSE
ID067,2026-04-20,2643,137782.5,198,22,22,3517,Location003,0,0,FALSE,FALSE,FALSE
ID067,2026-04-21,2016,139003,199,21,21,3874,Location003,3,0,FALSE,FALSE,FALSE
ID067,2026-04-22,1893,138463,200,23,23,3210,Location003,9,0,FALSE,FALSE,FALSE
ID067,2026-04-23,2924,139597,201,36,36,4459,Location003,30,0,FALSE,FALSE,FALSE
ID067,2026-04-24,2605,,202,21,21,3218,Location003,0,0,FALSE,TRUE,FALSE
ID068,2025-12-23,880,61848,83,3,3,3303,Location003,2,0,FALSE,FALSE,FALSE
ID068,2025-12-24,1095,26144,84,11,11,4185,Location003,8,0,FALSE,FALSE,FALSE
ID068,2025-12-25,878,26144,85,7,7,3604,Location003,6,0,FALSE,FALSE,FALSE
ID068,2025-12-27,1927,28306,87,19,19,4922,Location003,13,0,FALSE,FALSE,FALSE
ID068,2025-12-30,5840,28714,90,7,0,0,Location003,0,7,FALSE,FALSE,FALSE
ID068,2025-12-31,3323,28714,91,8,8,5961,Location003,1,0,FALSE,FALSE,FALSE
ID068,2026-01-01,1686,27869,92,6,6,4625,Location003,0,0,FALSE,FALSE,FALSE
ID068,2026-01-03,1812,31383,94,11,11,4922,Location003,0,0,FALSE,FALSE,FALSE
ID068,2026-01-04,1682,33822,95,19,19,5295,Location003,0,0,FALSE,FALSE,FALSE
ID068,2026-01-05,1469,33680,96,31,31,4309,Location003,0,0,FALSE,FALSE,FALSE
ID068,2026-01-06,1741,35565.5,97,16,16,4846,Location003,0,0,FALSE,FALSE,FALSE
ID068,2026-01-07,2294,36272,98,41,41,6690,Location003,0,0,FALSE,FALSE,FALSE
ID068,2026-01-08,1615,36666,99,20,20,4787,Location003,0,0,FALSE,FALSE,FALSE
ID068,2026-01-09,2223,37967,100,25,25,6780,Location003,0,0,FALSE,FALSE,FALSE
ID068,2026-01-10,2681,38466,101,28,28,7567,Location003,0,0,FALSE,FALSE,FALSE
ID068,2026-01-11,1833,40133,102,24,24,4459,Location003,0,0,FALSE,FALSE,FALSE
ID068,2026-01-12,2208,40843,103,27,27,5704,Location003,0,0,FALSE,FALSE,FALSE
ID068,2026-01-13,1825,40719,104,9,9,3757,Location003,0,0,FALSE,FALSE,FALSE
ID068,2026-01-14,2486.5,43403,105,31,0,0,Location003,0,31,FALSE,FALSE,TRUE
ID068,2026-01-15,3148,43863,106,15,15,4293,Location003,0,0,FALSE,FALSE,FALSE
ID068,2026-01-16,2028,45170,107,17,17,3444,Location003,0,0,FALSE,FALSE,FALSE
ID068,2026-01-17,2629,46836,108,22,22,4223,Location003,0,0,FALSE,FALSE,FALSE
ID068,2026-01-18,2768,47159,109,17,17,4489,Location003,0,0,FALSE,FALSE,FALSE
ID068,2026-01-19,2071,47569,110,14,14,3459,Location003,0,0,FALSE,FALSE,FALSE
ID068,2026-01-20,2096,49542,111,13,13,4232,Location003,0,0,FALSE,FALSE,FALSE
ID068,2026-01-21,1080,49558,112,10,10,4052,Location003,0,0,FALSE,FALSE,FALSE
ID068,2026-01-22,1482,51037,113,10,10,3398,Location003,0,0,FALSE,FALSE,FALSE
ID068,2026-01-23,2756,51689,114,13,13,4957,Location003,0,0,FALSE,FALSE,FALSE
ID068,2026-01-24,2275,52986,115,11,11,3948,Location003,0,0,FALSE,FALSE,FALSE
ID068,2026-01-25,1712,53511.5,116,14,14,3346,Location003,0,0,FALSE,FALSE,FALSE
ID068,2026-01-26,1488,53645,117,19,19,2357,Location003,0,0,FALSE,FALSE,FALSE
ID068,2026-01-27,1580,50703.5,118,8,8,3415,Location003,0,0,FALSE,FALSE,FALSE
ID068,2026-01-28,2072,54384,119,11,11,4324,Location003,0,0,FALSE,FALSE,FALSE
ID068,2026-01-29,2150,56585,120,12,12,4700,Location003,0,0,FALSE,FALSE,FALSE
ID068,2026-01-30,2071,56845,121,10,10,4618,Location003,0,0,FALSE,FALSE,FALSE
ID068,2026-01-31,1340,57539,122,6,6,3724,Location003,0,0,FALSE,FALSE,FALSE
ID068,2026-02-01,2389,57486,123,10,10,4160,Location003,0,0,FALSE,FALSE,FALSE
ID068,2026-02-02,1986,58336,124,11,11,5265,Location003,0,0,FALSE,FALSE,FALSE
ID068,2026-02-03,1634,59188,125,11,11,4748,Location003,0,0,FALSE,FALSE,FALSE
ID068,2026-02-04,1660,61058,126,12,12,3568,Location003,0,0,FALSE,FALSE,FALSE
ID068,2026-02-05,2259,61876,127,15,15,3471,Location003,0,0,FALSE,FALSE,FALSE
ID068,2026-02-06,2336,63080,128,15,15,3836,Location003,0,0,FALSE,FALSE,FALSE
ID068,2026-02-07,1940,63908,129,16,16,3404,Location003,0,0,FALSE,FALSE,FALSE
ID068,2026-02-08,1886,64439.5,130,8,8,4044,Location003,0,0,FALSE,FALSE,FALSE
ID068,2026-02-09,2164,64999,131,7,7,3624,Location003,0,0,FALSE,FALSE,FALSE
ID068,2026-02-10,1969,66992,132,10,10,4121,Location003,0,0,FALSE,FALSE,FALSE
ID068,2026-02-11,3033,66992,133,17,17,4591,Location003,0,0,FALSE,FALSE,FALSE
ID068,2026-02-12,2545,68476,134,15,15,4613,Location003,0,0,FALSE,FALSE,FALSE
ID068,2026-02-13,2258,68444,135,12,12,3746,Location003,0,0,FALSE,FALSE,FALSE
ID068,2026-02-14,2514,68386,136,11,11,4832,Location003,0,0,FALSE,FALSE,FALSE
ID068,2026-02-15,1799,69916,137,19,19,2707,Location003,0,0,FALSE,FALSE,FALSE
ID068,2026-02-16,1199,70565,138,8,8,4646,Location003,0,0,FALSE,FALSE,FALSE
ID068,2026-02-17,1160,72651,139,5,5,2598,Location003,0,0,FALSE,FALSE,FALSE
ID068,2026-02-18,1468,70547,140,7,7,3030,Location003,0,0,FALSE,FALSE,FALSE
ID068,2026-02-19,1353,68622,141,9,9,2043,Location003,0,0,FALSE,FALSE,FALSE
ID068,2026-02-20,1631,70850,142,11,11,2617,Location003,0,0,FALSE,FALSE,FALSE
ID068,2026-02-21,1028,68073,143,7,7,1980,Location003,0,0,FALSE,FALSE,FALSE
ID068,2026-02-22,2100,70941.5,144,12,12,2915,Location003,0,0,FALSE,FALSE,FALSE
ID068,2026-02-23,1755,70970,145,10,10,3015,Location003,0,0,FALSE,FALSE,FALSE
ID068,2026-02-24,1724,72659,146,13,13,2577,Location003,0,0,FALSE,FALSE,FALSE
ID068,2026-02-25,1853,74265.5,147,10,10,3075,Location003,0,0,FALSE,FALSE,FALSE
ID068,2026-02-26,2333,75640,148,18,18,3370,Location003,0,0,FALSE,FALSE,FALSE
ID068,2026-02-27,861,76453,149,8,8,1402,Location003,0,0,FALSE,FALSE,FALSE
ID068,2026-02-28,2604,77564,150,12,12,5469,Location003,0,0,FALSE,FALSE,FALSE
ID068,2026-03-01,2399,78316,151,24,24,3915,Location003,0,0,FALSE,FALSE,FALSE
ID068,2026-03-02,2729,80007,152,21,21,4582,Location003,0,0,FALSE,FALSE,FALSE
ID068,2026-03-03,2403,82351,153,19,19,3864,Location003,0,0,FALSE,FALSE,FALSE
ID068,2026-03-04,2665,82361,154,31,31,3375,Location003,0,0,FALSE,FALSE,FALSE
ID068,2026-03-05,3706,83086,155,34,34,4253,Location003,0,0,FALSE,FALSE,FALSE
ID068,2026-03-06,2679,84911,156,30,30,3364,Location003,0,0,FALSE,FALSE,FALSE
ID068,2026-03-07,2680,85222,157,41,41,3751,Location003,0,0,FALSE,FALSE,FALSE
ID068,2026-03-08,2449,86196,158,18,18,2820,Location003,0,0,FALSE,FALSE,FALSE
ID068,2026-03-09,2577,87947,159,15,15,4257,Location003,0,0,FALSE,FALSE,FALSE
ID068,2026-03-10,3096,88530,160,38,38,3954,Location003,0,0,FALSE,FALSE,FALSE
ID068,2026-03-11,3953,88555,161,38,38,4679,Location003,0,0,FALSE,FALSE,FALSE
ID068,2026-03-12,3917,89729,162,56,56,4775,Location003,0,0,FALSE,FALSE,FALSE
ID068,2026-03-13,3735,91487.5,163,44,44,3784,Location003,0,0,FALSE,FALSE,FALSE
ID068,2026-03-14,2557,91297,164,57,57,3425,Location003,0,0,FALSE,FALSE,FALSE
ID068,2026-03-15,3350,92901.5,165,60,60,4366,Location003,0,0,FALSE,FALSE,FALSE
ID068,2026-03-16,3259,92944,166,44,44,4224,Location003,0,0,FALSE,FALSE,FALSE
ID068,2026-03-17,3232,94267,167,53,53,4326,Location003,0,0,FALSE,FALSE,FALSE
ID068,2026-03-18,2072,95268,168,40,40,2695,Location003,0,0,FALSE,FALSE,FALSE
ID068,2026-03-19,3238,95054,169,17,17,3803,Location003,0,0,FALSE,FALSE,FALSE
ID068,2026-03-20,2505,96117,170,10,10,2977,Location003,0,0,FALSE,FALSE,FALSE
ID068,2026-03-21,2796,99021,171,9,9,3117,Location003,0,0,FALSE,FALSE,FALSE
ID068,2026-03-22,3076,100548,172,20,20,4331,Location003,0,0,FALSE,FALSE,FALSE
ID068,2026-03-23,2571,101262,173,13,13,2439,Location003,0,0,FALSE,FALSE,FALSE
ID068,2026-03-24,3647,100354,174,12,12,5907,Location003,0,0,FALSE,FALSE,FALSE
ID068,2026-03-25,3222,103342,175,11,11,3686,Location003,0,0,FALSE,FALSE,FALSE
ID068,2026-03-26,2857,104675,176,19,19,3615,Location003,0,0,FALSE,FALSE,FALSE
ID068,2026-03-27,1722,104905,177,14,14,3024,Location003,0,0,FALSE,FALSE,FALSE
ID068,2026-03-28,2561,105827,178,11,11,1890,Location003,0,0,FALSE,FALSE,FALSE
ID068,2026-03-29,3314,105337,179,19,19,3983,Location003,0,0,FALSE,FALSE,FALSE
ID068,2026-03-30,2477,106676,180,19,19,2975,Location003,0,0,FALSE,FALSE,FALSE
ID068,2026-03-31,3293,106676,181,20,20,4787,Location003,0,0,FALSE,FALSE,FALSE
ID068,2026-04-01,1625,104827,182,11,11,2351,Location003,0,0,FALSE,FALSE,FALSE
ID068,2026-04-02,4010,107098,183,30,30,4020,Location003,0,0,FALSE,FALSE,FALSE
ID068,2026-04-03,2395,107611,184,11,11,2814,Location003,0,0,FALSE,FALSE,FALSE
ID068,2026-04-04,2339,110292,185,15,15,3565,Location003,0,0,FALSE,FALSE,FALSE
ID068,2026-04-05,2102,111038,186,20,20,3370,Location003,0,0,FALSE,FALSE,FALSE
ID068,2026-04-06,3394,112343,187,20,20,3772,Location003,0,0,FALSE,FALSE,FALSE
ID068,2026-04-07,699,110648,188,19,0,0,Location001,0,19,FALSE,FALSE,FALSE
ID068,2026-04-08,3032,109303,189,23,23,3304,Location001,0,0,FALSE,FALSE,FALSE
ID068,2026-04-09,3945,109280,190,27,27,4047,Location001,0,0,FALSE,FALSE,FALSE
ID068,2026-04-10,1793,109280,191,20,20,2117,Location001,0,0,FALSE,FALSE,FALSE
ID068,2026-04-11,2524,115294,192,15,15,2798,Location001,0,0,FALSE,FALSE,FALSE
ID068,2026-04-12,1794,115113,193,16,16,1561,Location001,0,0,FALSE,FALSE,FALSE
ID068,2026-04-13,4078,116901,194,23,23,4815,Location001,0,0,FALSE,FALSE,FALSE
ID068,2026-04-14,3468,120010,195,21,21,3764,Location001,0,0,FALSE,FALSE,FALSE
ID068,2026-04-15,3157,120834,196,23,23,3208,Location001,0,0,FALSE,FALSE,FALSE
ID068,2026-04-16,2515,118131,197,34,34,2793,Location001,0,0,FALSE,FALSE,FALSE
ID068,2026-04-17,3183,118464,198,17,17,4770,Location001,0,0,FALSE,FALSE,FALSE
ID068,2026-04-18,2700,121368.5,199,20,20,3780,Location001,0,0,FALSE,FALSE,FALSE
ID068,2026-04-19,1016,117801,200,6,0,0,Location001,0,6,FALSE,FALSE,FALSE
ID068,2026-04-20,3544,121776,201,27,27,5163,Location001,0,0,FALSE,FALSE,FALSE
ID068,2026-04-21,528,121452,202,4,0,0,Location001,0,4,FALSE,FALSE,FALSE
ID068,2026-04-22,539,119217,203,6,0,0,Location001,0,6,FALSE,FALSE,FALSE
ID068,2026-04-23,3661,124902,204,28,28,5204,Location001,0,0,FALSE,FALSE,FALSE
ID068,2026-04-24,2389,,205,11,11,3130,Location001,0,0,FALSE,TRUE,FALSE
ID069,2025-12-23,1610,33792,87,11,11,6056,Location003,0,0,FALSE,FALSE,FALSE
ID069,2025-12-25,1261,35688,89,3,3,4130,Location003,0,0,FALSE,FALSE,FALSE
ID069,2025-12-26,1273,35688,90,6,6,3495,Location003,0,0,FALSE,FALSE,FALSE
ID069,2025-12-27,2246,35688,91,5,5,4981,Location003,0,0,FALSE,FALSE,FALSE
ID069,2025-12-28,1808,35688,92,5,5,4787,Location003,0,0,FALSE,FALSE,FALSE
ID069,2025-12-30,1598,37421,94,9,9,4789,Location003,0,0,FALSE,FALSE,FALSE
ID069,2025-12-31,1564,39960,95,14,14,4547,Location003,0,0,FALSE,FALSE,FALSE
ID069,2026-01-01,462,39131,96,4,0,0,Location003,4,4,FALSE,TRUE,FALSE
ID069,2026-01-02,1473,38302,97,3,3,3634,Location003,3,0,FALSE,TRUE,FALSE
ID069,2026-01-03,1405,37473,98,4,4,3104,Location003,0,0,FALSE,FALSE,FALSE
ID069,2026-01-04,2810,37758,99,18,18,7174,Location003,0,0,FALSE,FALSE,FALSE
ID069,2026-01-05,2136,45039.5,100,18,18,5325,Location003,0,0,FALSE,FALSE,FALSE
ID069,2026-01-06,2507,46345,101,19,19,6422,Location003,0,0,FALSE,FALSE,FALSE
ID069,2026-01-07,2411,46491,102,11,11,6128,Location003,0,0,FALSE,FALSE,FALSE
ID069,2026-01-08,2040,46836,103,11,11,5451,Location003,0,0,FALSE,FALSE,FALSE
ID069,2026-01-09,1899,48310,104,11,11,4517,Location003,0,0,FALSE,FALSE,FALSE
ID069,2026-01-10,2090,49804,105,8,8,5312,Location003,0,0,FALSE,FALSE,FALSE
ID069,2026-01-11,2134,48915,106,10,10,5180,Location003,0,0,FALSE,FALSE,FALSE
ID069,2026-01-12,1965,50236,107,13,13,3873,Location003,0,0,FALSE,FALSE,FALSE
ID069,2026-01-13,3094,50166,108,9,9,4795,Location003,0,0,FALSE,FALSE,FALSE
ID069,2026-01-14,3677,51784,109,19,19,4258,Location003,0,0,FALSE,FALSE,FALSE
ID069,2026-01-15,3178,53408,110,11,11,4959,Location003,0,0,FALSE,FALSE,FALSE
ID069,2026-01-16,2670,54950,111,18,18,6153,Location003,0,0,FALSE,FALSE,FALSE
ID069,2026-01-17,1454,55872,112,11,11,4219,Location003,0,0,FALSE,FALSE,FALSE
ID069,2026-01-18,2477,56255,113,12,12,6155,Location003,0,0,FALSE,FALSE,FALSE
ID069,2026-01-19,1628,57644,114,17,17,3405,Location003,0,0,FALSE,FALSE,FALSE
ID069,2026-01-20,3038,58843,115,18,18,6165,Location003,0,0,FALSE,FALSE,FALSE
ID069,2026-01-21,2679,60204,116,14,14,5259,Location003,0,0,FALSE,FALSE,FALSE
ID069,2026-01-22,2530,61311,117,16,16,3738,Location003,0,0,FALSE,FALSE,FALSE
ID069,2026-01-23,1669,61360,118,7,7,4272,Location003,0,0,FALSE,FALSE,FALSE
ID069,2026-01-24,3225,63528,119,12,12,5326,Location003,0,0,FALSE,FALSE,FALSE
ID069,2026-01-25,2091,64192,120,20,20,5128,Location003,0,0,FALSE,FALSE,FALSE
ID069,2026-01-26,1258,63029.5,121,8,8,1686,Location003,0,0,FALSE,FALSE,FALSE
ID069,2026-01-27,2487,60427,122,6,6,4536,Location003,0,0,FALSE,FALSE,FALSE
ID069,2026-01-28,1028,64350,123,5,0,0,Location003,0,5,FALSE,FALSE,FALSE
ID069,2026-01-29,3120,66607,124,11,11,5392,Location003,0,0,FALSE,FALSE,FALSE
ID069,2026-01-30,2406,69357,125,17,17,4842,Location003,0,0,FALSE,FALSE,FALSE
ID069,2026-01-31,2191,68466,126,11,11,5024,Location003,0,0,FALSE,FALSE,FALSE
ID069,2026-02-01,3153,68534,127,16,16,5590,Location003,0,0,FALSE,FALSE,FALSE
ID069,2026-02-02,2075,69952,128,10,10,5111,Location003,0,0,FALSE,FALSE,FALSE
ID069,2026-02-03,1441,71121,129,17,17,6243,Location003,0,0,FALSE,FALSE,FALSE
ID069,2026-02-04,2673,72039,130,21,21,4792,Location003,0,0,FALSE,FALSE,FALSE
ID069,2026-02-05,1784,72778,131,17,17,5135,Location003,0,0,FALSE,FALSE,FALSE
ID069,2026-02-06,2336,71949,132,11,11,4123,Location003,0,0,FALSE,FALSE,FALSE
ID069,2026-02-07,2995,73176,133,16,16,5673,Location003,0,0,FALSE,FALSE,FALSE
ID069,2026-02-08,2068,73668,134,6,6,4629,Location003,0,0,FALSE,FALSE,FALSE
ID069,2026-02-09,1677,75292.5,135,8,8,5135,Location003,0,0,FALSE,FALSE,FALSE
ID069,2026-02-10,1864,75476.5,136,8,8,4866,Location003,0,0,FALSE,FALSE,FALSE
ID069,2026-02-11,2281,76386,137,19,19,4566,Location003,0,0,FALSE,FALSE,FALSE
ID069,2026-02-12,2696,76601.5,138,10,10,6016,Location003,0,0,FALSE,FALSE,FALSE
ID069,2026-02-13,2272,77832.5,139,8,8,4953,Location003,0,0,FALSE,FALSE,FALSE
ID069,2026-02-14,2094,78597,140,9,9,5308,Location003,0,0,FALSE,FALSE,FALSE
ID069,2026-02-15,3768,80055,141,17,0,0,Location003,0,17,FALSE,FALSE,FALSE
ID069,2026-02-16,1871,79019,142,6,6,3712,Location003,0,0,FALSE,FALSE,FALSE
ID069,2026-02-17,3343,81093,143,7,7,5271,Location003,0,0,FALSE,FALSE,FALSE
ID069,2026-02-18,2362,82142,144,8,8,4899,Location003,0,0,FALSE,FALSE,FALSE
ID069,2026-02-19,3026,83236,145,21,21,4663,Location003,0,0,FALSE,FALSE,FALSE
ID069,2026-02-20,2241,83150,146,9,9,3022,Location003,0,0,FALSE,FALSE,FALSE
ID069,2026-02-21,1991,82880,147,23,23,4740,Location003,0,0,FALSE,FALSE,FALSE
ID069,2026-02-22,1115,80724,148,5,5,1715,Location003,0,0,FALSE,FALSE,FALSE
ID069,2026-02-23,1205,80864,149,7,7,3063,Location003,0,0,FALSE,FALSE,FALSE
ID069,2026-02-24,1102,81187.5,150,4,4,2709,Location003,0,0,FALSE,FALSE,FALSE
ID069,2026-02-25,1793,82688,151,7,7,4872,Location003,0,0,FALSE,FALSE,FALSE
ID069,2026-02-26,1562,85735,152,7,7,4642,Location003,0,0,FALSE,FALSE,FALSE
ID069,2026-02-27,809,85070,153,5,0,0,Location003,0,5,FALSE,FALSE,FALSE
ID069,2026-02-28,2320,84676,154,13,13,4966,Location003,0,0,FALSE,FALSE,FALSE
ID069,2026-03-01,2748,87432,155,10,10,3885,Location012,0,0,FALSE,FALSE,FALSE
ID069,2026-03-02,4359,88587,156,38,0,0,Location012,0,38,FALSE,FALSE,FALSE
ID069,2026-03-03,5187,89285,157,26,0,0,Location012,0,26,FALSE,FALSE,FALSE
ID069,2026-03-04,2693,90481,158,31,31,4927,Location012,0,0,FALSE,FALSE,FALSE
ID069,2026-03-05,3482,91434,159,32,32,5467,Location012,0,0,FALSE,FALSE,FALSE
ID069,2026-03-06,2596,91745,160,20,20,5032,Location012,0,0,FALSE,FALSE,FALSE
ID069,2026-03-07,4042,91923,161,15,15,4229,Location012,0,0,FALSE,FALSE,FALSE
ID069,2026-03-08,2856,92892,162,16,16,4734,Location012,0,0,FALSE,FALSE,FALSE
ID069,2026-03-09,3456,95555,163,17,17,5288,Location012,0,0,FALSE,FALSE,FALSE
ID069,2026-03-10,3376,97589,164,21,21,6050,Location012,0,0,FALSE,FALSE,FALSE
ID069,2026-03-11,3457,97095,165,22,22,5563,Location012,0,0,FALSE,FALSE,FALSE
ID069,2026-03-12,3338,96355,166,12,12,4604,Location012,0,0,FALSE,FALSE,FALSE
ID069,2026-03-13,4464,98352,167,19,0,0,Location012,0,19,FALSE,FALSE,FALSE
ID069,2026-03-14,3380,101747,168,15,15,6183,Location012,0,0,FALSE,FALSE,FALSE
ID069,2026-03-15,2532,101747,169,9,9,4295,Location012,0,0,FALSE,FALSE,FALSE
ID069,2026-03-16,2574,101917,170,9,9,4765,Location012,0,0,FALSE,FALSE,FALSE
ID069,2026-03-17,2965,102708,171,15,15,5038,Location012,0,0,FALSE,FALSE,FALSE
ID069,2026-03-18,3366,103713,172,26,26,5800,Location012,0,0,FALSE,FALSE,FALSE
ID069,2026-03-19,2745,103756,173,16,16,4971,Location012,0,0,FALSE,FALSE,FALSE
ID069,2026-03-20,3539,105756,174,22,22,6166,Location012,0,0,FALSE,FALSE,FALSE
ID069,2026-03-21,3579,107279,175,12,12,4726,Location012,0,0,FALSE,FALSE,FALSE
ID069,2026-03-22,1218,107437,176,10,0,0,Location012,0,10,FALSE,FALSE,FALSE
ID069,2026-03-23,3108,107576,177,9,9,5101,Location012,0,0,FALSE,FALSE,FALSE
ID069,2026-03-24,3256,112079,178,20,20,5069,Location012,0,0,FALSE,FALSE,FALSE
ID069,2026-03-25,3511,107437,179,16,16,5083,Location012,0,0,FALSE,FALSE,FALSE
ID069,2026-03-26,3230,107437,180,17,17,5230,Location012,0,0,FALSE,FALSE,FALSE
ID069,2026-03-27,3271,113416,181,22,22,5123,Location012,0,0,FALSE,FALSE,FALSE
ID069,2026-03-28,3054,112847,182,33,33,5442,Location012,0,0,FALSE,FALSE,FALSE
ID069,2026-03-29,3386,112847,183,25,25,5170,Location012,0,0,FALSE,FALSE,FALSE
ID069,2026-03-30,3422,119520,184,17,17,5256,Location012,0,0,FALSE,FALSE,FALSE
ID069,2026-03-31,3509,115174,185,12,12,3223,Location012,0,0,FALSE,FALSE,FALSE
ID069,2026-04-01,4461,114523,186,17,17,4784,Location012,0,0,FALSE,FALSE,FALSE
ID069,2026-04-02,2365,114756.5,187,14,14,3624,Location012,0,0,FALSE,FALSE,FALSE
ID069,2026-04-03,3166,115264,188,13,13,5170,Location012,0,0,FALSE,FALSE,FALSE
ID069,2026-04-04,2960,115974.5,189,14,14,4760,Location012,0,0,FALSE,FALSE,FALSE
ID069,2026-04-05,2832,119071,190,13,13,4651,Location012,0,0,FALSE,FALSE,FALSE
ID069,2026-04-06,1876,117970,191,5,5,2650,Location012,0,0,FALSE,FALSE,FALSE
ID069,2026-04-07,2686,118970,192,6,6,3929,Location012,0,0,FALSE,FALSE,FALSE
ID069,2026-04-08,4713,117754,193,21,0,0,Location012,0,21,FALSE,FALSE,FALSE
ID069,2026-04-09,2602,119930,194,11,11,2790,Location012,0,0,FALSE,FALSE,FALSE
ID069,2026-04-10,2508,122338,195,19,19,5151,Location012,0,0,FALSE,FALSE,FALSE
ID069,2026-04-11,2682,120353,196,13,13,3631,Location012,0,0,FALSE,FALSE,FALSE
ID069,2026-04-12,2103,122216,197,10,10,2845,Location012,0,0,FALSE,FALSE,FALSE
ID069,2026-04-13,2144,120578,198,12,12,2665,Location012,0,0,FALSE,FALSE,FALSE
ID069,2026-04-14,2008,121192,199,14,14,1932,Location012,0,0,FALSE,FALSE,FALSE
ID069,2026-04-15,2283,122149,200,14,14,2225,Location012,0,0,FALSE,FALSE,FALSE
ID069,2026-04-16,2800,122958,201,16,16,3556,Location012,0,0,FALSE,FALSE,FALSE
ID069,2026-04-17,3259,124114,202,18,18,3483,Location012,0,0,FALSE,FALSE,FALSE
ID069,2026-04-18,2448,122871,203,22,22,2970,Location012,0,0,FALSE,FALSE,FALSE
ID069,2026-04-19,4071,124339,204,21,0,0,Location012,0,21,FALSE,FALSE,FALSE
ID069,2026-04-20,2343,125034,205,14,14,2733,Location012,0,0,FALSE,FALSE,FALSE
ID069,2026-04-21,1651,125284,206,7,7,2952,Location012,0,0,FALSE,FALSE,FALSE
ID069,2026-04-22,1994,125365,207,11,11,3808,Location012,0,0,FALSE,FALSE,FALSE
ID069,2026-04-23,3241,127346,208,14,14,5319,Location012,0,0,FALSE,FALSE,FALSE
ID069,2026-04-24,2303,,209,14,14,2719,Location012,0,0,FALSE,TRUE,FALSE
ID072,2025-12-23,1160,,74,8,8,5859,Location003,8,0,FALSE,TRUE,FALSE
ID072,2025-12-25,1761,27213,76,11,11,6324,Location003,0,0,FALSE,FALSE,FALSE
ID072,2025-12-30,2032,28950,81,12,12,8048,Location003,0,0,FALSE,FALSE,FALSE
ID072,2026-01-01,1700,29484.5,83,10,10,6692,Location003,0,0,FALSE,FALSE,FALSE
ID072,2026-01-02,1966,34063,84,13,13,7839,Location003,0,0,FALSE,FALSE,FALSE
ID072,2026-01-03,1574,33419,85,6,6,5282,Location003,0,0,FALSE,FALSE,FALSE
ID072,2026-01-06,2518,38271,88,22,22,9534,Location003,0,0,FALSE,FALSE,FALSE
ID072,2026-01-07,1925,38023,89,11,11,6741,Location003,0,0,FALSE,FALSE,FALSE
ID072,2026-01-08,2261,40089.5,90,18,18,6780,Location003,0,0,FALSE,FALSE,FALSE
ID072,2026-01-09,2225,40248,91,12,12,7819,Location003,0,0,FALSE,FALSE,FALSE
ID072,2026-01-10,1930,40654,92,10,10,7195,Location003,0,0,FALSE,FALSE,FALSE
ID072,2026-01-11,2673,42502,93,29,29,10037,Location003,0,0,FALSE,FALSE,FALSE
ID072,2026-01-12,1962,42861,94,13,13,7078,Location003,0,0,FALSE,FALSE,FALSE
ID072,2026-01-13,1830,43733,95,7,7,5819,Location003,0,0,FALSE,FALSE,FALSE
ID072,2026-01-14,5062,45782,96,15,0,0,Location003,0,15,FALSE,FALSE,FALSE
ID072,2026-01-15,2400,46528.5,97,12,12,7680,Location003,0,0,FALSE,FALSE,FALSE
ID072,2026-01-16,2490,47948,98,19,19,6780,Location003,0,0,FALSE,FALSE,FALSE
ID072,2026-01-17,1917,49101,99,14,14,6826,Location003,0,0,FALSE,FALSE,FALSE
ID072,2026-01-18,2872,50908,100,15,15,7987,Location003,0,0,FALSE,FALSE,FALSE
ID072,2026-01-19,2889,51768,101,15,15,7184,Location003,0,0,FALSE,FALSE,FALSE
ID072,2026-01-20,2365,52761,102,15,15,7876,Location003,0,0,FALSE,FALSE,FALSE
ID072,2026-01-21,1963,52330,103,9,9,5804,Location003,0,0,FALSE,FALSE,FALSE
ID072,2026-01-22,1938,52884,104,9,9,6989,Location003,0,0,FALSE,FALSE,FALSE
ID072,2026-01-23,3033,54129,105,13,13,9361,Location003,0,0,FALSE,FALSE,FALSE
ID072,2026-01-24,1310,56175.5,106,12,12,7190,Location003,0,0,FALSE,FALSE,FALSE
ID072,2026-01-25,1565,56621,107,9,9,5947,Location003,0,0,FALSE,FALSE,FALSE
ID072,2026-01-26,1427,56141,108,9,9,4917,Location003,0,0,FALSE,FALSE,FALSE
ID072,2026-01-27,2275,55496,109,11,11,4467,Location003,0,0,FALSE,FALSE,FALSE
ID072,2026-01-28,3461,59813,110,24,24,7976,Location003,0,0,FALSE,FALSE,FALSE
ID072,2026-01-29,2871,61123,111,15,15,8402,Location003,0,0,FALSE,FALSE,FALSE
ID072,2026-01-30,1838,61144,112,15,15,7289,Location003,0,0,FALSE,FALSE,FALSE
ID072,2026-01-31,3643,62549,113,14,14,7998,Location003,0,0,FALSE,FALSE,FALSE
ID072,2026-02-01,2711,64311,114,19,19,7593,Location003,0,0,FALSE,FALSE,FALSE
ID072,2026-02-02,2549,64047.5,115,16,16,9184,Location003,0,0,FALSE,FALSE,FALSE
ID072,2026-02-03,3301,66228,116,27,27,9358,Location003,0,0,FALSE,FALSE,FALSE
ID072,2026-02-04,2487,66695,117,22,22,5503,Location003,0,0,FALSE,FALSE,FALSE
ID072,2026-02-05,2708,67758,118,21,21,6723,Location003,0,0,FALSE,FALSE,FALSE
ID072,2026-02-06,3049,68764,119,20,20,7207,Location003,0,0,FALSE,FALSE,FALSE
ID072,2026-02-07,3193,70992,120,33,33,7096,Location003,0,0,FALSE,FALSE,FALSE
ID072,2026-02-08,2591,71309,121,23,23,8487,Location003,0,0,FALSE,FALSE,FALSE
ID072,2026-02-09,2511,71300,122,11,11,5325,Location003,0,0,FALSE,FALSE,FALSE
ID072,2026-02-10,2741,72137,123,21,21,7782,Location003,0,0,FALSE,FALSE,FALSE
ID072,2026-02-11,2686,74151,124,30,30,8153,Location003,0,0,FALSE,FALSE,FALSE
ID072,2026-02-12,4023,74427,125,21,21,7582,Location003,0,0,FALSE,FALSE,FALSE
ID072,2026-02-13,2298,74732,126,8,8,5274,Location003,0,0,FALSE,FALSE,FALSE
ID072,2026-02-14,3436,76856,127,18,18,7958,Location003,0,0,FALSE,FALSE,FALSE
ID072,2026-02-15,2054,75804,128,10,10,3354,Location003,0,0,FALSE,FALSE,FALSE
ID072,2026-02-16,1067,75835,129,6,0,0,Location003,0,6,FALSE,FALSE,FALSE
ID072,2026-02-17,1229,76311,130,5,5,3403,Location003,0,0,FALSE,FALSE,FALSE
ID072,2026-02-18,2333,78185,131,21,21,5795,Location003,0,0,FALSE,FALSE,FALSE
ID072,2026-02-19,3076,78628,132,21,21,5590,Location003,0,0,FALSE,FALSE,FALSE
ID072,2026-02-20,3001,81043,133,14,14,6539,Location003,0,0,FALSE,FALSE,FALSE
ID072,2026-02-21,1919,81150,134,25,25,5342,Location003,0,0,FALSE,FALSE,FALSE
ID072,2026-02-22,3316,84545,135,20,20,3957,Location003,0,0,FALSE,FALSE,FALSE
ID072,2026-02-23,2976,83437,136,18,18,5725,Location003,0,0,FALSE,FALSE,FALSE
ID072,2026-02-24,4988,85046,137,29,0,0,Location003,0,29,FALSE,FALSE,FALSE
ID072,2026-02-25,2263,84454.5,138,10,10,3766,Location003,0,0,FALSE,FALSE,FALSE
ID072,2026-02-26,4920,85978,139,24,24,8173,Location003,0,0,FALSE,FALSE,FALSE
ID072,2026-02-27,1174,87796,140,10,0,0,Location003,0,10,FALSE,FALSE,FALSE
ID072,2026-02-28,3039,85919,141,13,13,5960,Location003,0,0,FALSE,FALSE,FALSE
ID072,2026-03-01,4642,88910,142,26,26,7736,Location003,0,0,FALSE,FALSE,FALSE
ID072,2026-03-02,3074,92083,143,13,13,6173,Location003,0,0,FALSE,FALSE,FALSE
ID072,2026-03-03,5335,92930,144,34,0,0,Location003,0,34,FALSE,FALSE,FALSE
ID072,2026-03-04,2030,92397,145,19,19,4700,Location003,0,0,FALSE,FALSE,FALSE
ID072,2026-03-05,3285,93676,146,16,16,7098,Location003,0,0,FALSE,FALSE,FALSE
ID072,2026-03-06,3401,94409.5,147,14,14,6490,Location003,0,0,FALSE,FALSE,FALSE
ID072,2026-03-07,3827,96687,148,34,34,6148,Location003,0,0,FALSE,FALSE,FALSE
ID072,2026-03-08,2642,95464,149,11,11,2796,Location003,0,0,FALSE,FALSE,FALSE
ID072,2026-03-09,3113,97325,150,13,13,6377,Location003,0,0,FALSE,FALSE,FALSE
ID072,2026-03-10,3033,99265,151,17,17,7003,Location003,0,0,FALSE,FALSE,FALSE
ID072,2026-03-11,2718,100723,152,22,22,6709,Location003,0,0,FALSE,FALSE,FALSE
ID072,2026-03-12,3142,101230,153,15,15,5918,Location003,0,0,FALSE,FALSE,FALSE
ID072,2026-03-13,4618,103171,154,36,36,6789,Location003,0,0,FALSE,FALSE,FALSE
ID072,2026-03-14,4047,103831,155,21,21,5924,Location003,0,0,FALSE,FALSE,FALSE
ID072,2026-03-15,2648,103887,156,23,23,5128,Location003,0,0,FALSE,FALSE,FALSE
ID072,2026-03-16,3229,105282,157,27,27,5221,Location003,0,0,FALSE,FALSE,FALSE
ID072,2026-03-17,3092,105873,158,19,19,5457,Location003,0,0,FALSE,FALSE,FALSE
ID072,2026-03-18,2920,106971,159,20,20,4626,Location003,0,0,FALSE,FALSE,FALSE
ID072,2026-03-19,3269,106134,160,16,16,5262,Location003,0,0,FALSE,FALSE,FALSE
ID072,2026-03-20,2236,107581,161,11,11,5979,Location003,0,0,FALSE,FALSE,FALSE
ID072,2026-03-21,4119,109632,162,32,32,5789,Location003,0,0,FALSE,FALSE,FALSE
ID072,2026-03-22,4263,111153,163,33,33,6769,Location003,0,0,FALSE,FALSE,FALSE
ID072,2026-03-23,3878,113389,164,19,19,5938,Location003,0,0,FALSE,FALSE,FALSE
ID072,2026-03-24,3401,109440,165,11,11,6168,Location003,0,0,FALSE,FALSE,FALSE
ID072,2026-03-25,3471,114922,166,21,21,6523,Location003,0,0,FALSE,FALSE,FALSE
ID072,2026-03-26,3734,114078,167,16,16,5260,Location003,0,0,FALSE,FALSE,FALSE
ID072,2026-03-27,2378,116248,168,19,19,3898,Location003,0,0,FALSE,FALSE,FALSE
ID072,2026-03-28,2320,114618,169,18,18,3891,Location003,0,0,FALSE,FALSE,FALSE
ID072,2026-03-29,2681,116252,170,21,21,3404,Location003,0,0,FALSE,FALSE,FALSE
ID072,2026-03-30,3249,115952,171,21,21,5569,Location003,0,0,FALSE,FALSE,FALSE
ID072,2026-03-31,3421,115591,172,22,22,5422,Location003,0,0,FALSE,FALSE,FALSE
ID072,2026-04-01,2628,117757,173,15,15,3080,Location003,0,0,FALSE,FALSE,FALSE
ID072,2026-04-02,3714,118300,174,17,17,5188,Location003,0,0,FALSE,FALSE,FALSE
ID072,2026-04-03,3969,118720,175,21,21,6344,Location003,0,0,FALSE,FALSE,FALSE
ID072,2026-04-04,2801,120920,176,22,22,5120,Location003,0,0,FALSE,FALSE,FALSE
ID072,2026-04-05,3583,120616.5,177,20,20,5500,Location003,0,0,FALSE,FALSE,FALSE
ID072,2026-04-06,1774,120555,178,14,14,3021,Location003,0,0,FALSE,FALSE,FALSE
ID072,2026-04-07,2100,120963,179,27,27,3178,Location003,0,0,FALSE,FALSE,FALSE
ID072,2026-04-08,3538,121650,180,20,20,3863,Location003,0,0,FALSE,FALSE,FALSE
ID072,2026-04-09,3372,123829,181,24,24,4160,Location003,0,0,FALSE,FALSE,FALSE
ID072,2026-04-10,2016,124973,182,26,26,3544,Location003,0,0,FALSE,FALSE,FALSE
ID072,2026-04-11,1901,123461,183,16,16,1961,Location003,0,0,FALSE,FALSE,FALSE
ID072,2026-04-12,1686,124612,184,19,19,3151,Location003,0,0,FALSE,FALSE,FALSE
ID072,2026-04-13,909,123725,185,5,0,0,Location003,0,5,FALSE,FALSE,FALSE
ID072,2026-04-14,1933,125454,186,16,16,2550,Location003,0,0,FALSE,FALSE,FALSE
ID072,2026-04-15,618,125454,187,10,0,0,Location003,0,10,FALSE,FALSE,FALSE
ID072,2026-04-16,1121,126728.5,188,5,0,0,Location003,5,5,FALSE,TRUE,FALSE
ID072,2026-04-17,3298,128003,189,23,23,6483,Location003,23,0,FALSE,TRUE,FALSE
ID072,2026-04-18,3608,129277.5,190,24,24,5590,Location003,24,0,FALSE,TRUE,FALSE
ID072,2026-04-19,4240,130552,191,22,22,5863,Location003,22,0,FALSE,TRUE,FALSE
ID072,2026-04-20,3548,131826.5,192,21,21,5522,Location003,21,0,FALSE,TRUE,FALSE
ID072,2026-04-21,4079,133101,193,20,20,4759,Location003,0,0,FALSE,FALSE,FALSE
ID072,2026-04-22,4491,131493,194,19,19,3597,Location003,0,0,FALSE,FALSE,FALSE
ID072,2026-04-23,4226,133136,195,20,20,5801,Location003,0,0,FALSE,FALSE,FALSE
ID072,2026-04-24,3290,,196,22,22,5511,Location003,0,0,FALSE,TRUE,FALSE
ID074,2025-12-24,1517,41236,81,12,12,5171,Location003,0,0,FALSE,FALSE,FALSE
ID074,2025-12-25,1626,29571,82,15,15,6186,Location003,0,0,FALSE,FALSE,FALSE
ID074,2025-12-26,1075,29571,83,13,13,1969,Location003,0,0,FALSE,FALSE,FALSE
ID074,2025-12-27,2537,29571,84,13,13,5980,Location003,0,0,FALSE,FALSE,FALSE
ID074,2025-12-28,2585,29571,85,13,13,6419,Location003,0,0,FALSE,FALSE,FALSE
ID074,2025-12-30,1807,34934,87,11,11,6253,Location003,0,0,FALSE,FALSE,FALSE
ID074,2025-12-31,1796,34934,88,9,9,6602,Location003,0,0,FALSE,FALSE,FALSE
ID074,2026-01-01,1516,35895,89,13,13,4410,Location003,0,0,FALSE,FALSE,FALSE
ID074,2026-01-02,4662,38259,90,13,0,0,Location003,0,13,FALSE,FALSE,FALSE
ID074,2026-01-05,1857,40554,93,11,11,5905,Location003,0,0,FALSE,FALSE,FALSE
ID074,2026-01-06,2169,41415,94,14,14,6240,Location003,0,0,FALSE,FALSE,FALSE
ID074,2026-01-07,2465,41924,95,8,8,5931,Location003,0,0,FALSE,FALSE,FALSE
ID074,2026-01-08,1526,42847,96,9,9,5178,Location003,0,0,FALSE,FALSE,FALSE
ID074,2026-01-09,1595,42781,97,11,11,4739,Location003,0,0,FALSE,FALSE,FALSE
ID074,2026-01-10,2374,42779,98,8,8,5915,Location003,0,0,FALSE,FALSE,FALSE
ID074,2026-01-11,1943,45131.5,99,10,10,5445,Location003,0,0,FALSE,FALSE,FALSE
ID074,2026-01-12,3751,45561.5,100,8,8,5682,Location003,0,0,FALSE,FALSE,FALSE
ID074,2026-01-13,2230,46905,101,11,11,4715,Location003,0,0,FALSE,FALSE,FALSE
ID074,2026-01-14,3715,48809,102,10,10,5904,Location003,0,0,FALSE,FALSE,FALSE
ID074,2026-01-15,4303,50174,103,11,11,6364,Location003,0,0,FALSE,FALSE,FALSE
ID074,2026-01-16,2503,52041,104,11,11,7814,Location003,0,0,FALSE,FALSE,FALSE
ID074,2026-01-17,1076,52117,105,7,7,5950,Location003,0,0,FALSE,FALSE,FALSE
ID074,2026-01-18,2923,53716.5,106,14,14,7682,Location003,0,0,FALSE,FALSE,FALSE
ID074,2026-01-19,2087,55088,107,10,10,6195,Location003,0,0,FALSE,FALSE,FALSE
ID074,2026-01-20,3213,57346.5,108,10,10,7341,Location003,0,0,FALSE,FALSE,FALSE
ID074,2026-01-21,1738,56846,109,7,7,4905,Location003,0,0,FALSE,FALSE,FALSE
ID074,2026-01-22,2118,59256.5,110,10,10,5221,Location003,0,0,FALSE,FALSE,FALSE
ID074,2026-01-23,2380,59862,111,9,0,0,Location003,0,9,FALSE,FALSE,TRUE
ID074,2026-01-24,2642,61037.5,112,12,12,6877,Location003,0,0,FALSE,FALSE,FALSE
ID074,2026-01-25,1985,61998.5,113,12,12,4740,Location003,0,0,FALSE,FALSE,FALSE
ID074,2026-01-26,1331,63506,114,8,8,3994,Location003,0,0,FALSE,FALSE,FALSE
ID074,2026-01-27,1250,59458,115,4,4,2427,Location003,0,0,FALSE,FALSE,FALSE
ID074,2026-01-28,2188,64161,116,9,9,5349,Location003,0,0,FALSE,FALSE,FALSE
ID074,2026-01-29,2255,65913,117,11,11,5536,Location003,0,0,FALSE,FALSE,FALSE
ID074,2026-01-30,3264,67090,118,15,15,5206,Location003,0,0,FALSE,FALSE,FALSE
ID074,2026-01-31,2513,67052,119,9,9,5720,Location003,0,0,FALSE,FALSE,FALSE
ID074,2026-02-01,1247,67002,120,4,4,4036,Location003,0,0,FALSE,FALSE,FALSE
ID074,2026-02-02,1979,69298.5,121,8,8,6232,Location003,0,0,FALSE,FALSE,FALSE
ID074,2026-02-03,2216,70264,122,10,10,6849,Location003,0,0,FALSE,FALSE,FALSE
ID074,2026-02-04,2571,72209,123,8,8,5573,Location003,0,0,FALSE,FALSE,FALSE
ID074,2026-02-05,2223,72892.5,124,12,12,5293,Location003,0,0,FALSE,FALSE,FALSE
ID074,2026-02-06,2529,74059,125,8,8,5122,Location003,0,0,FALSE,FALSE,FALSE
ID074,2026-02-07,3315,75759.5,126,8,8,6496,Location003,0,0,FALSE,FALSE,FALSE
ID074,2026-02-08,3659,75498.5,127,12,12,6084,Location003,0,0,FALSE,FALSE,FALSE
ID074,2026-02-09,2290,77215,128,6,6,4880,Location003,0,0,FALSE,FALSE,FALSE
ID074,2026-02-10,3637,78552,129,12,12,5429,Location003,0,0,FALSE,FALSE,FALSE
ID074,2026-02-11,3239,80360,130,9,9,5603,Location003,0,0,FALSE,FALSE,FALSE
ID074,2026-02-12,2448,80717,131,10,10,5508,Location003,0,0,FALSE,FALSE,FALSE
ID074,2026-02-13,1510,79504,132,7,7,3252,Location003,0,0,FALSE,FALSE,FALSE
ID074,2026-02-14,1328,78367,133,5,5,2682,Location003,0,0,FALSE,FALSE,FALSE
ID074,2026-02-15,1419,79846,134,4,4,3178,Location003,0,0,FALSE,FALSE,FALSE
ID074,2026-02-16,658,78388.5,135,4,4,2413,Location003,0,0,FALSE,FALSE,FALSE
ID074,2026-02-17,1615,80872,136,4,4,3211,Location003,0,0,FALSE,FALSE,FALSE
ID074,2026-02-18,2728,79578,137,7,7,5006,Location003,0,0,FALSE,FALSE,FALSE
ID074,2026-02-19,1435,82848,138,4,4,3587,Location003,0,0,FALSE,FALSE,FALSE
ID074,2026-02-20,1962,80917,139,10,10,3687,Location003,0,0,FALSE,FALSE,FALSE
ID074,2026-02-21,864,81276,140,4,4,2283,Location003,0,0,FALSE,FALSE,FALSE
ID074,2026-02-22,604,80519,141,2,0,0,Location003,0,2,FALSE,FALSE,FALSE
ID074,2026-02-23,1117,78488,142,5,5,2744,Location003,0,0,FALSE,FALSE,FALSE
ID074,2026-02-24,1019,78011,143,4,4,2001,Location003,0,0,FALSE,FALSE,FALSE
ID074,2026-02-25,962,78857,144,3,3,1356,Location003,0,0,FALSE,FALSE,FALSE
ID074,2026-02-26,2747,80361,145,9,9,4850,Location003,0,0,FALSE,FALSE,FALSE
ID074,2026-02-27,604,81165.5,146,4,0,0,Location003,0,4,FALSE,FALSE,FALSE
ID074,2026-02-28,1136,80863,147,8,8,3102,Location003,0,0,FALSE,FALSE,FALSE
ID074,2026-03-01,2140,83288.5,148,10,10,5677,Location003,0,0,FALSE,FALSE,FALSE
ID074,2026-03-02,1919,86395,149,9,9,5275,Location003,0,0,FALSE,FALSE,FALSE
ID074,2026-03-03,2770,87587,150,9,9,6909,Location003,0,0,FALSE,FALSE,FALSE
ID074,2026-03-04,2186,90739,151,12,12,5865,Location003,0,0,FALSE,FALSE,FALSE
ID074,2026-03-05,3433,93017,152,20,20,8581,Location003,0,0,FALSE,FALSE,FALSE
ID074,2026-03-06,2757,92513,153,7,7,5391,Location003,0,0,FALSE,FALSE,FALSE
ID074,2026-03-07,3725,95503,154,18,18,7617,Location003,0,0,FALSE,FALSE,FALSE
ID074,2026-03-08,1786,95317,155,10,10,3415,Location003,0,0,FALSE,FALSE,FALSE
ID074,2026-03-09,3088,92819,156,10,10,3778,Location003,0,0,FALSE,FALSE,FALSE
ID074,2026-03-10,2857,98074,157,9,9,5084,Location003,0,0,FALSE,FALSE,FALSE
ID074,2026-03-11,4369,98072,158,8,8,6584,Location003,0,0,FALSE,FALSE,FALSE
ID074,2026-03-12,4615,100288,159,11,11,7136,Location003,0,0,FALSE,FALSE,FALSE
ID074,2026-03-13,2373,103506,160,11,11,7058,Location003,0,0,FALSE,FALSE,FALSE
ID074,2026-03-14,3802,104256,161,12,12,6593,Location003,0,0,FALSE,FALSE,FALSE
ID074,2026-03-15,2193,105329.5,162,8,8,6174,Location003,0,0,FALSE,FALSE,FALSE
ID074,2026-03-16,2969,106289.5,163,6,6,6649,Location003,0,0,FALSE,FALSE,FALSE
ID074,2026-03-17,3726,106462,164,11,11,5907,Location003,0,0,FALSE,FALSE,FALSE
ID074,2026-03-18,3775,109275,165,15,0,0,Location003,0,15,FALSE,FALSE,TRUE
ID074,2026-03-19,3824,109891,166,7,7,5874,Location003,0,0,FALSE,FALSE,FALSE
ID074,2026-03-20,2287,109962,167,9,9,2761,Location003,0,0,FALSE,FALSE,FALSE
ID074,2026-03-21,4179,107866,168,10,10,3816,Location003,0,0,FALSE,FALSE,FALSE
ID074,2026-03-22,2829,112082,169,16,16,6167,Location003,0,0,FALSE,FALSE,FALSE
ID074,2026-03-23,4101,114718,170,17,17,6329,Location003,0,0,FALSE,FALSE,FALSE
ID074,2026-03-24,3543,115256,171,12,12,5299,Location003,0,0,FALSE,FALSE,FALSE
ID074,2026-03-25,3741,115775,172,16,16,5572,Location003,0,0,FALSE,FALSE,FALSE
ID074,2026-03-26,3342,116948,173,14,14,6015,Location003,0,0,FALSE,FALSE,FALSE
ID074,2026-03-27,2249,116408,174,9,9,3623,Location003,0,0,FALSE,FALSE,FALSE
ID074,2026-03-28,2166,117605,175,12,12,6034,Location003,0,0,FALSE,FALSE,FALSE
ID074,2026-03-29,2744,120200,176,11,11,5754,Location003,0,0,FALSE,FALSE,FALSE
ID074,2026-03-30,2623,121141,177,10,10,5530,Location003,0,0,FALSE,FALSE,FALSE
ID074,2026-03-31,1145,121320,178,8,8,3377,Location003,0,0,FALSE,FALSE,FALSE
ID074,2026-04-01,1126,121432,179,9,9,1756,Location003,0,0,FALSE,FALSE,FALSE
ID074,2026-04-02,1796,117378,180,5,5,3869,Location003,0,0,FALSE,FALSE,FALSE
ID074,2026-04-03,1630,118340,181,7,7,3045,Location003,0,0,FALSE,FALSE,FALSE
ID074,2026-04-04,2306,118293,182,6,6,4020,Location003,0,0,FALSE,FALSE,FALSE
ID074,2026-04-05,649,117649,183,7,0,0,Location003,0,7,FALSE,FALSE,FALSE
ID074,2026-04-06,1915,118775,184,12,12,4739,Location003,0,0,FALSE,FALSE,FALSE
ID074,2026-04-07,2799,118665,185,9,9,5550,Location003,0,0,FALSE,FALSE,FALSE
ID074,2026-04-08,3548,125162,186,20,20,5100,Location003,0,0,FALSE,FALSE,FALSE
ID074,2026-04-09,3340,127449,187,17,17,5570,Location003,0,0,FALSE,FALSE,FALSE
ID074,2026-04-10,3241,127425,188,14,14,5556,Location003,0,0,FALSE,FALSE,FALSE
ID074,2026-04-11,2807,128292,189,14,14,5936,Location003,0,0,FALSE,FALSE,FALSE
ID074,2026-04-12,3385,129198,190,14,14,5384,Location003,0,0,FALSE,FALSE,FALSE
ID074,2026-04-13,2450,130036,191,11,11,3765,Location003,0,0,FALSE,FALSE,FALSE
ID074,2026-04-14,1878,126526,192,7,7,3062,Location003,0,0,FALSE,FALSE,FALSE
ID074,2026-04-15,2195,129778,193,12,12,3127,Location003,0,0,FALSE,FALSE,FALSE
ID074,2026-04-16,2109,129778,194,11,11,3842,Location003,0,0,FALSE,FALSE,FALSE
ID074,2026-04-17,2879,121343,195,17,17,4876,Location003,0,0,FALSE,FALSE,FALSE
ID074,2026-04-18,2563,121343,196,11,11,3040,Location003,0,0,FALSE,FALSE,FALSE
ID074,2026-04-19,2409,121343,197,12,12,4374,Location003,0,0,FALSE,FALSE,FALSE
ID074,2026-04-20,3511,121343,198,12,12,4155,Location003,0,0,FALSE,FALSE,FALSE
ID074,2026-04-21,4026,134083,199,18,18,5172,Location003,0,0,FALSE,FALSE,FALSE
ID074,2026-04-22,2425,133418,200,11,11,3682,Location003,0,0,FALSE,FALSE,FALSE
ID074,2026-04-23,3930,136259,201,15,15,5756,Location003,0,0,FALSE,FALSE,FALSE
ID074,2026-04-24,3075,,202,14,14,5689,Location003,0,0,FALSE,TRUE,FALSE
ID075,2025-12-24,1326,39681,86,6,6,2746,Location003,0,0,FALSE,FALSE,FALSE
ID075,2025-12-25,1607,40477,87,5,5,3221,Location003,0,0,FALSE,FALSE,FALSE
ID075,2025-12-26,1815,40477,88,4,4,2940,Location003,0,0,FALSE,FALSE,FALSE
ID075,2025-12-27,1945,40477,89,10,10,3885,Location003,0,0,FALSE,FALSE,FALSE
ID075,2025-12-28,2439,42096.5,90,6,6,3637,Location003,0,0,FALSE,FALSE,FALSE
ID075,2025-12-30,1934,43716,92,6,6,3902,Location003,0,0,FALSE,FALSE,FALSE
ID075,2025-12-31,2147,43716,93,5,5,4215,Location003,0,0,FALSE,FALSE,FALSE
ID075,2026-01-01,1916,46945,94,7,7,3555,Location003,0,0,FALSE,FALSE,FALSE
ID075,2026-01-02,1722,46945,95,5,5,3071,Location003,0,0,FALSE,FALSE,FALSE
ID075,2026-01-03,2036,48124,96,3,3,3327,Location003,0,0,FALSE,FALSE,FALSE
ID075,2026-01-04,2604,50290,97,8,8,4183,Location003,0,0,FALSE,FALSE,FALSE
ID075,2026-01-05,1803,53464,98,9,9,3246,Location003,0,0,FALSE,FALSE,FALSE
ID075,2026-01-06,2210,54700,99,8,8,3588,Location003,0,0,FALSE,FALSE,FALSE
ID075,2026-01-07,2398,54259,100,9,9,3572,Location003,0,0,FALSE,FALSE,FALSE
ID075,2026-01-08,1463,55752,101,5,5,2445,Location003,0,0,FALSE,FALSE,FALSE
ID075,2026-01-09,2832,55810,102,11,11,4406,Location003,0,0,FALSE,FALSE,FALSE
ID075,2026-01-10,2653,57131,103,7,7,3544,Location003,0,0,FALSE,FALSE,FALSE
ID075,2026-01-11,2846,59210,104,5,5,3831,Location003,0,0,FALSE,FALSE,FALSE
ID075,2026-01-12,1765,61178.5,105,6,6,2924,Location003,0,0,FALSE,FALSE,FALSE
ID075,2026-01-13,2196,60120,106,5,5,2793,Location003,0,0,FALSE,FALSE,FALSE
ID075,2026-01-14,2136,61726,107,7,7,3217,Location003,0,0,FALSE,FALSE,FALSE
ID075,2026-01-15,1402,64139,108,3,3,2740,Location003,0,0,FALSE,FALSE,FALSE
ID075,2026-01-16,2289,65675,109,12,12,3252,Location003,0,0,FALSE,FALSE,FALSE
ID075,2026-01-17,1708,66241,110,6,6,3400,Location003,0,0,FALSE,FALSE,FALSE
ID075,2026-01-18,1427,67735,111,6,6,2826,Location003,0,0,FALSE,FALSE,FALSE
ID075,2026-01-19,1348,67922,112,13,13,2861,Location003,0,0,FALSE,FALSE,FALSE
ID075,2026-01-20,2912,70691.5,113,10,10,4488,Location003,0,0,FALSE,FALSE,FALSE
ID075,2026-01-21,3359,70810,114,12,12,4140,Location003,0,0,FALSE,FALSE,FALSE
ID075,2026-01-22,2603,72103,115,7,7,3581,Location003,0,0,FALSE,FALSE,FALSE
ID075,2026-01-23,2643,71891,116,7,7,3306,Location003,0,0,FALSE,FALSE,FALSE
ID075,2026-01-24,1137,73488,117,3,3,2966,Location003,0,0,FALSE,FALSE,FALSE
ID075,2026-01-25,2672,74109,118,12,12,3333,Location003,0,0,FALSE,FALSE,FALSE
ID075,2026-01-26,595,74848,119,5,5,1007,Location003,0,0,FALSE,FALSE,FALSE
ID075,2026-01-27,2722,71246,120,9,9,2905,Location003,0,0,FALSE,FALSE,FALSE
ID075,2026-01-28,1759,75616,121,8,8,3874,Location003,0,0,FALSE,FALSE,FALSE
ID075,2026-01-29,1516,78250,122,5,5,3402,Location003,0,0,FALSE,FALSE,FALSE
ID075,2026-01-30,1599,79299,123,7,7,2562,Location003,0,0,FALSE,FALSE,FALSE
ID075,2026-01-31,1397,79950,124,9,9,3002,Location003,0,0,FALSE,FALSE,FALSE
ID075,2026-02-01,2528,79956.5,125,6,6,2846,Location003,0,0,FALSE,FALSE,FALSE
ID075,2026-02-02,2289,75870,126,6,6,3217,Location003,0,0,FALSE,FALSE,FALSE
ID075,2026-02-03,2598,83118,127,10,10,4077,Location003,0,0,FALSE,FALSE,FALSE
ID075,2026-02-04,2001,85448,128,12,12,3823,Location003,0,0,FALSE,FALSE,FALSE
ID075,2026-02-05,3867,86147.5,129,8,8,3779,Location003,0,0,FALSE,FALSE,FALSE
ID075,2026-02-06,1824,87808,130,9,9,2850,Location003,0,0,FALSE,FALSE,FALSE
ID075,2026-02-07,2515,87831,131,6,6,3313,Location003,0,0,FALSE,FALSE,FALSE
ID075,2026-02-08,4370,88909,132,9,0,0,Location003,0,9,FALSE,FALSE,FALSE
ID075,2026-02-09,3277,88597,133,9,9,3485,Location003,0,0,FALSE,FALSE,FALSE
ID075,2026-02-10,2845,89801,134,9,9,2300,Location003,0,0,FALSE,FALSE,FALSE
ID075,2026-02-11,3303,91884.5,135,6,6,4681,Location003,0,0,FALSE,FALSE,FALSE
ID075,2026-02-12,3144,93510,136,7,7,3161,Location003,0,0,FALSE,FALSE,FALSE
ID075,2026-02-13,3163,94816,137,8,8,3196,Location003,0,0,FALSE,FALSE,FALSE
ID075,2026-02-14,2627,96055,138,7,7,3399,Location003,0,0,FALSE,FALSE,FALSE
ID075,2026-02-15,3709,96961,139,6,6,3662,Location003,0,0,FALSE,FALSE,FALSE
ID075,2026-02-16,2587,96274,140,6,6,3019,Location003,0,0,FALSE,FALSE,FALSE
ID075,2026-02-17,2321,99652,141,7,7,3597,Location003,0,0,FALSE,FALSE,FALSE
ID075,2026-02-18,4130,100504,142,12,12,3881,Location003,0,0,FALSE,FALSE,FALSE
ID075,2026-02-19,4053,100638,143,12,12,3004,Location003,0,0,FALSE,FALSE,FALSE
ID075,2026-02-20,1831,99729,144,5,5,2297,Location003,0,0,FALSE,FALSE,FALSE
ID075,2026-02-21,2145,101927,145,10,10,2719,Location003,0,0,FALSE,FALSE,FALSE
ID075,2026-02-22,2471,104295,146,9,9,2475,Location003,0,0,FALSE,FALSE,FALSE
ID075,2026-02-23,2230,101780,147,3,3,2785,Location003,0,0,FALSE,FALSE,FALSE
ID075,2026-02-24,1551,103392,148,7,7,2178,Location003,0,0,FALSE,FALSE,FALSE
ID075,2026-02-25,1426,101452,149,4,4,2046,Location003,0,0,FALSE,FALSE,FALSE
ID075,2026-02-26,2315,103934,150,3,3,2542,Location003,0,0,FALSE,FALSE,FALSE
ID075,2026-02-27,561,105625,151,2,2,895,Location003,0,0,FALSE,FALSE,FALSE
ID075,2026-02-28,1710,104978,152,3,3,1426,Location003,0,0,FALSE,FALSE,FALSE
ID075,2026-03-01,2743,101955.5,153,2,2,2445,Location003,0,0,FALSE,FALSE,FALSE
ID075,2026-03-02,2719,106592,154,12,12,2888,Location003,0,0,FALSE,FALSE,FALSE
ID075,2026-03-03,3516,109677,155,6,6,4052,Location003,0,0,FALSE,FALSE,FALSE
ID075,2026-03-04,2232,110349,156,6,6,2397,Location003,0,0,FALSE,FALSE,FALSE
ID075,2026-03-05,2660,111118.5,157,6,6,2499,Location003,0,0,FALSE,FALSE,FALSE
ID075,2026-03-06,3561,112189,158,9,9,3771,Location003,0,0,FALSE,FALSE,FALSE
ID075,2026-03-07,3275,114985,159,9,9,3974,Location003,0,0,FALSE,FALSE,FALSE
ID075,2026-03-08,5,111432,160,1,0,0,Location003,0,1,FALSE,FALSE,FALSE
ID075,2026-03-09,1327,111525,161,6,6,1735,Location003,0,0,FALSE,FALSE,FALSE
ID075,2026-03-10,1586,112799,162,9,9,1513,Location003,0,0,FALSE,FALSE,FALSE
ID075,2026-03-11,3068,112696,163,5,5,2418,Location003,0,0,FALSE,FALSE,FALSE
ID075,2026-03-12,3860,115939,164,8,8,3731,Location003,0,0,FALSE,FALSE,FALSE
ID075,2026-03-13,2390,117665,165,8,8,2595,Location003,0,0,FALSE,FALSE,FALSE
ID075,2026-03-14,2427,116693,166,5,5,2960,Location003,0,0,FALSE,FALSE,FALSE
ID075,2026-03-15,1490,117017,167,5,5,2818,Location003,0,0,FALSE,FALSE,FALSE
ID075,2026-03-16,2915,121541,168,7,7,2728,Location003,0,0,FALSE,FALSE,FALSE
ID075,2026-03-17,2454,121558.5,169,4,4,2400,Location003,0,0,FALSE,FALSE,FALSE
ID075,2026-03-18,1688,121109.5,170,2,2,1229,Location003,0,0,FALSE,FALSE,FALSE
ID075,2026-03-19,2335,121500,171,4,4,1690,Location003,0,0,FALSE,FALSE,FALSE
ID075,2026-03-20,5,116601,172,1,0,0,Location003,0,1,FALSE,FALSE,FALSE
ID075,2026-03-21,2372,116025,173,3,3,1936,Location003,0,0,FALSE,FALSE,FALSE
ID075,2026-03-22,2727,120390,174,3,3,2337,Location003,0,0,FALSE,FALSE,FALSE
ID075,2026-03-23,3129,123452.5,175,4,4,2942,Location003,0,0,FALSE,FALSE,FALSE
ID075,2026-03-24,3870,123781,176,3,3,3419,Location003,0,0,FALSE,FALSE,FALSE
ID075,2026-03-25,3060,126801,177,2,2,2500,Location003,0,0,FALSE,FALSE,FALSE
ID075,2026-03-26,1951,125744,178,5,5,2960,Location003,0,0,FALSE,FALSE,FALSE
ID075,2026-03-27,4186,127542,179,5,5,3032,Location003,0,0,FALSE,FALSE,FALSE
ID075,2026-03-28,2873,127964,180,7,7,2399,Location003,0,0,FALSE,FALSE,FALSE
ID075,2026-03-29,2407,129851,181,9,9,2693,Location003,0,0,FALSE,FALSE,FALSE
ID075,2026-03-30,2418,131392,182,3,3,3023,Location003,0,0,FALSE,FALSE,FALSE
ID075,2026-03-31,2308,132810,183,9,9,3135,Location003,0,0,FALSE,FALSE,FALSE
ID075,2026-04-01,2341,130985,184,7,7,1870,Location003,0,0,FALSE,FALSE,FALSE
ID075,2026-04-02,2393,128833.5,185,8,8,2094,Location003,0,0,FALSE,FALSE,FALSE
ID075,2026-04-03,2082,131532,186,5,5,2117,Location003,0,0,FALSE,FALSE,FALSE
ID075,2026-04-04,3200,132997,187,6,6,3010,Location003,0,0,FALSE,FALSE,FALSE
ID075,2026-04-05,3323,136680,188,4,4,3198,Location003,0,0,FALSE,FALSE,FALSE
ID075,2026-04-06,1925,132997,189,3,3,2397,Location003,0,0,FALSE,FALSE,FALSE
ID075,2026-04-07,2335,138348,190,11,11,2260,Location001,0,0,FALSE,FALSE,FALSE
ID075,2026-04-08,3259,135107,191,14,14,2572,Location001,0,0,FALSE,FALSE,FALSE
ID075,2026-04-09,3014,135547,192,13,13,1915,Location001,0,0,FALSE,FALSE,FALSE
ID075,2026-04-10,3832,139548,193,13,13,2612,Location001,1,0,FALSE,FALSE,FALSE
ID075,2026-04-11,1655,138572,194,2,2,1121,Location001,1,0,FALSE,FALSE,FALSE
ID075,2026-04-13,2109,133353,196,7,7,1623,Location001,0,0,FALSE,FALSE,FALSE
ID075,2026-04-14,768,136466,197,4,4,829,Location001,0,0,FALSE,FALSE,FALSE
ID075,2026-04-15,5,135040,198,1,1,13,Location001,0,0,FALSE,FALSE,FALSE
ID075,2026-04-16,80,132576,199,1,1,20,Location001,0,0,FALSE,FALSE,FALSE
ID075,2026-04-17,406,130016.5,200,4,4,822,Location001,0,0,FALSE,FALSE,FALSE
ID075,2026-04-19,5,132221.333333333,202,1,1,29,Location001,1,0,FALSE,TRUE,FALSE
ID075,2026-04-20,3212,134426.166666667,203,8,0,0,Location001,8,8,FALSE,TRUE,FALSE
ID075,2026-04-22,1626,136631,205,7,7,1823,Location001,0,0,FALSE,FALSE,FALSE
ID075,2026-04-23,355,132974,206,1,1,231,Location001,0,0,FALSE,FALSE,FALSE
ID075,2026-04-24,4538,,207,12,0,0,Location001,0,12,FALSE,TRUE,FALSE
ID077,2025-12-24,820,,82,8,0,0,Location003,8,8,FALSE,TRUE,FALSE
ID077,2025-12-27,1815,,85,8,8,3608,Location003,8,0,FALSE,TRUE,FALSE
ID077,2025-12-30,1686,33301,88,6,6,5267,Location003,0,0,FALSE,FALSE,FALSE
ID077,2025-12-31,1998,34257,89,9,9,6498,Location003,0,0,FALSE,FALSE,FALSE
ID077,2026-01-01,1816,34825,90,7,7,5477,Location003,0,0,FALSE,FALSE,FALSE
ID077,2026-01-02,1680,34864.5,91,10,10,5387,Location003,0,0,FALSE,FALSE,FALSE
ID077,2026-01-03,1727,36813,92,7,7,5137,Location003,0,0,FALSE,FALSE,FALSE
ID077,2026-01-04,1426,37484.5,93,4,4,4872,Location003,0,0,FALSE,FALSE,FALSE
ID077,2026-01-07,1193,40122,96,7,7,3009,Location003,0,0,FALSE,FALSE,FALSE
ID077,2026-01-08,2122,42042,97,10,10,5849,Location003,0,0,FALSE,FALSE,FALSE
ID077,2026-01-09,1765,43614,98,4,4,3909,Location003,0,0,FALSE,FALSE,FALSE
ID077,2026-01-10,2278,42224,99,12,12,4823,Location003,0,0,FALSE,FALSE,FALSE
ID077,2026-01-11,1738,44753,100,5,5,4100,Location003,0,0,FALSE,FALSE,FALSE
ID077,2026-01-12,2254,45520,101,12,12,5791,Location003,0,0,FALSE,FALSE,FALSE
ID077,2026-01-13,1803,45289,102,3,3,3443,Location003,0,0,FALSE,FALSE,FALSE
ID077,2026-01-14,1720,47956.5,103,4,4,3422,Location003,0,0,FALSE,FALSE,FALSE
ID077,2026-01-15,1973,48622,104,5,5,4133,Location003,0,0,FALSE,FALSE,FALSE
ID077,2026-01-16,1065,50027,105,8,8,3651,Location003,0,0,FALSE,FALSE,FALSE
ID077,2026-01-17,2116,51216.5,106,8,8,3820,Location003,0,0,FALSE,FALSE,FALSE
ID077,2026-01-18,1397,49899,107,6,6,4360,Location003,0,0,FALSE,FALSE,FALSE
ID077,2026-01-19,1523,53737,108,9,9,3771,Location003,0,0,FALSE,FALSE,FALSE
ID077,2026-01-20,1633,55366,109,9,9,4197,Location003,0,0,FALSE,FALSE,FALSE
ID077,2026-01-21,2108,56873,110,9,9,3944,Location003,0,0,FALSE,FALSE,FALSE
ID077,2026-01-22,1736,56481,111,5,5,3935,Location003,0,0,FALSE,FALSE,FALSE
ID077,2026-01-23,1986,58185,112,8,8,4203,Location003,0,0,FALSE,FALSE,FALSE
ID077,2026-01-24,2990,59004,113,8,8,4345,Location003,0,0,FALSE,FALSE,FALSE
ID077,2026-01-25,1827,61022,114,12,12,2727,Location003,0,0,FALSE,FALSE,FALSE
ID077,2026-01-26,842,60142,115,10,0,0,Location003,0,10,FALSE,FALSE,FALSE
ID077,2026-01-27,1709,59460,116,7,7,4318,Location003,0,0,FALSE,FALSE,FALSE
ID077,2026-01-28,1501,62138,117,8,8,3975,Location003,0,0,FALSE,FALSE,FALSE
ID077,2026-01-29,773,63635,118,8,0,0,Location003,0,8,FALSE,FALSE,FALSE
ID077,2026-01-30,2339,63795,119,9,9,3866,Location003,0,0,FALSE,FALSE,FALSE
ID077,2026-01-31,1131,64401,120,5,0,0,Location003,0,5,FALSE,FALSE,FALSE
ID077,2026-02-01,1596,64856,121,6,6,3700,Location003,0,0,FALSE,FALSE,FALSE
ID077,2026-02-02,2689,67823,122,8,8,3846,Location003,0,0,FALSE,FALSE,FALSE
ID077,2026-02-03,1607,65919,123,5,5,2701,Location003,0,0,FALSE,FALSE,FALSE
ID077,2026-02-04,1745,66571,124,5,5,2452,Location003,0,0,FALSE,FALSE,FALSE
ID077,2026-02-05,2220,68044,125,5,5,3232,Location003,0,0,FALSE,FALSE,FALSE
ID077,2026-02-06,2276,68112,126,9,9,3612,Location003,0,0,FALSE,FALSE,FALSE
ID077,2026-02-07,2420,69245,127,9,9,3205,Location003,0,0,FALSE,FALSE,FALSE
ID077,2026-02-08,1520,69458,128,3,3,2389,Location003,0,0,FALSE,FALSE,FALSE
ID077,2026-02-09,2245,70885,129,5,5,2987,Location003,0,0,FALSE,FALSE,FALSE
ID077,2026-02-10,1435,72316.5,130,8,8,2414,Location003,0,0,FALSE,FALSE,FALSE
ID077,2026-02-11,2024,71189,131,4,4,3381,Location003,0,0,FALSE,FALSE,FALSE
ID077,2026-02-12,2026,72415,132,9,9,3899,Location003,0,0,FALSE,FALSE,FALSE
ID077,2026-02-13,2159,71786.5,133,10,10,2217,Location003,0,0,FALSE,FALSE,FALSE
ID077,2026-02-14,2121,72413,134,18,18,3812,Location003,0,0,FALSE,FALSE,FALSE
ID077,2026-02-15,1586,74941,135,10,10,2786,Location003,0,0,FALSE,FALSE,FALSE
ID077,2026-02-16,2840,74674,136,10,10,3739,Location003,0,0,FALSE,FALSE,FALSE
ID077,2026-02-17,2075,76372,137,9,9,3229,Location003,0,0,FALSE,FALSE,FALSE
ID077,2026-02-18,2194,78154,138,4,4,3435,Location003,0,0,FALSE,FALSE,FALSE
ID077,2026-02-19,2323,78273,139,6,6,2970,Location003,0,0,FALSE,FALSE,FALSE
ID077,2026-02-20,2472,79512,140,9,9,4121,Location003,0,0,FALSE,FALSE,FALSE
ID077,2026-02-21,2051,81530,141,10,10,4300,Location003,0,0,FALSE,FALSE,FALSE
ID077,2026-02-22,1083,82530,142,3,3,2194,Location003,0,0,FALSE,FALSE,FALSE
ID077,2026-02-23,2284,82105.5,143,8,8,3724,Location003,0,0,FALSE,FALSE,FALSE
ID077,2026-02-24,1644,80076,144,4,4,2082,Location003,0,0,FALSE,FALSE,FALSE
ID077,2026-02-25,1847,82982,145,6,6,2615,Location003,0,0,FALSE,FALSE,FALSE
ID077,2026-02-26,1346,82235,146,4,4,2562,Location003,0,0,FALSE,FALSE,FALSE
ID077,2026-02-27,319,81546,147,4,0,0,Location003,0,4,FALSE,FALSE,FALSE
ID077,2026-02-28,1586,82490.5,148,4,4,1884,Location003,0,0,FALSE,FALSE,FALSE
ID077,2026-03-01,3980,83357,149,13,0,0,Location012,0,13,FALSE,FALSE,FALSE
ID077,2026-03-02,4253,85592,150,25,0,0,Location012,0,25,FALSE,FALSE,FALSE
ID077,2026-03-03,3294,87495,151,15,0,0,Location012,0,15,FALSE,FALSE,FALSE
ID077,2026-03-04,2730,87481,152,6,6,3285,Location012,0,0,FALSE,FALSE,FALSE
ID077,2026-03-05,2904,89051.5,153,18,18,3633,Location012,0,0,FALSE,FALSE,FALSE
ID077,2026-03-06,3042,89066,154,14,14,3584,Location012,0,0,FALSE,FALSE,FALSE
ID077,2026-03-07,3701,90905,155,9,9,4180,Location012,0,0,FALSE,FALSE,FALSE
ID077,2026-03-08,2256,92062,156,9,9,2551,Location012,0,0,FALSE,FALSE,FALSE
ID077,2026-03-09,3149,90624.5,157,16,16,3129,Location012,0,0,FALSE,FALSE,FALSE
ID077,2026-03-10,3130,92041,158,10,10,3809,Location012,0,0,FALSE,FALSE,FALSE
ID077,2026-03-11,3339,96327,159,18,18,3978,Location012,0,0,FALSE,FALSE,FALSE
ID077,2026-03-12,3580,95134,160,14,14,4296,Location012,0,0,FALSE,FALSE,FALSE
ID077,2026-03-13,2329,97225,161,19,0,0,Location012,0,19,FALSE,FALSE,FALSE
ID077,2026-03-14,3538,96428,162,12,12,4159,Location012,0,0,FALSE,FALSE,FALSE
ID077,2026-03-15,2790,98888,163,18,18,3283,Location012,0,0,FALSE,FALSE,FALSE
ID077,2026-03-16,3391,99077,164,9,9,3051,Location012,0,0,FALSE,FALSE,FALSE
ID077,2026-03-17,3279,102693,165,16,16,4269,Location012,0,0,FALSE,FALSE,FALSE
ID077,2026-03-18,3239,100799,166,25,25,4260,Location012,0,0,FALSE,FALSE,FALSE
ID077,2026-03-19,3026,102818,167,26,26,3905,Location012,0,0,FALSE,FALSE,FALSE
ID077,2026-03-20,2895,104588,168,18,18,2804,Location012,0,0,FALSE,FALSE,FALSE
ID077,2026-03-21,2528,102669,169,15,15,3269,Location012,0,0,FALSE,FALSE,FALSE
ID077,2026-03-22,1527,102669,170,14,14,1755,Location012,0,0,FALSE,FALSE,FALSE
ID077,2026-03-23,2737,100307,171,14,14,2722,Location012,0,0,FALSE,FALSE,FALSE
ID077,2026-03-24,2588,100307,172,13,13,3371,Location012,0,0,FALSE,FALSE,FALSE
ID077,2026-03-25,3504,105498,173,14,14,4062,Location012,0,0,FALSE,FALSE,FALSE
ID077,2026-03-26,2866,107122,174,15,15,3381,Location012,0,0,FALSE,FALSE,FALSE
ID077,2026-03-27,2765,108133.2,175,28,28,3518,Location012,0,0,FALSE,TRUE,FALSE
ID077,2026-03-28,3520,109144.4,176,23,23,4265,Location012,0,0,FALSE,TRUE,FALSE
ID077,2026-03-29,2949,110155.6,177,22,22,3553,Location012,0,0,FALSE,TRUE,FALSE
ID077,2026-03-30,2838,111166.8,178,26,26,3468,Location012,0,0,FALSE,TRUE,FALSE
ID077,2026-03-31,3906,112178,179,22,0,0,Location012,0,22,FALSE,FALSE,FALSE
ID077,2026-04-01,2521,112825,180,16,16,2921,Location012,0,0,FALSE,FALSE,FALSE
ID077,2026-04-02,2335,112199,181,16,16,2849,Location012,0,0,FALSE,FALSE,FALSE
ID077,2026-04-03,2714,112223,182,23,23,3146,Location012,0,0,FALSE,FALSE,FALSE
ID077,2026-04-04,2608,112881,183,18,18,2845,Location012,0,0,FALSE,FALSE,FALSE
ID077,2026-04-05,2931,115770,184,17,17,3261,Location012,0,0,FALSE,FALSE,FALSE
ID077,2026-04-06,880,116118,185,12,0,0,Location012,0,12,FALSE,FALSE,FALSE
ID077,2026-04-07,1104,112496,186,8,0,0,Location012,0,8,FALSE,FALSE,FALSE
ID077,2026-04-08,1809,111076,187,14,0,0,Location012,0,14,FALSE,FALSE,FALSE
ID077,2026-04-09,3124,112757,188,14,14,2908,Location012,0,0,FALSE,FALSE,FALSE
ID077,2026-04-10,3400,120322,189,20,20,4197,Location012,0,0,FALSE,FALSE,FALSE
ID077,2026-04-11,3283,124193,190,15,15,2529,Location012,0,0,FALSE,FALSE,FALSE
ID077,2026-04-12,3185,122812.5,191,12,12,3258,Location012,0,0,FALSE,FALSE,FALSE
ID077,2026-04-13,2320,123774,192,18,18,2791,Location012,0,0,FALSE,FALSE,FALSE
ID077,2026-04-14,3083,124882,193,19,19,3608,Location012,0,0,FALSE,FALSE,FALSE
ID077,2026-04-15,2309,125601,194,15,15,3060,Location012,0,0,FALSE,FALSE,FALSE
ID077,2026-04-16,3045,127502,195,16,16,3376,Location012,0,0,FALSE,FALSE,FALSE
ID077,2026-04-17,4441,127763,196,30,0,0,Location012,0,30,FALSE,FALSE,FALSE
ID077,2026-04-18,3699,127532,197,19,19,3101,Location012,0,0,FALSE,FALSE,FALSE
ID077,2026-04-19,2750,128533,198,20,20,2848,Location012,0,0,FALSE,FALSE,FALSE
ID077,2026-04-20,2883,130070,199,21,21,3328,Location012,0,0,FALSE,FALSE,FALSE
ID077,2026-04-21,3758,132121,200,21,0,0,Location012,0,21,FALSE,FALSE,FALSE
ID077,2026-04-22,3249,131405,201,22,22,3442,Location012,0,0,FALSE,FALSE,FALSE
ID077,2026-04-23,2516,130610,202,29,29,2258,Location012,0,0,FALSE,FALSE,FALSE
ID078,2025-12-24,923,,75,6,0,0,Location003,6,6,FALSE,TRUE,FALSE
ID078,2025-12-25,992,,76,8,8,3223,Location003,8,0,FALSE,TRUE,FALSE
ID078,2025-12-26,1878,,77,13,13,4168,Location003,13,0,FALSE,TRUE,FALSE
ID078,2025-12-27,3925,,78,9,0,0,Location003,9,9,FALSE,TRUE,FALSE
ID078,2025-12-28,1132,27447,79,8,8,5600,Location003,4,0,FALSE,FALSE,FALSE
ID078,2025-12-30,1111,29216,81,10,10,4332,Location003,0,0,FALSE,FALSE,FALSE
ID078,2025-12-31,1340,29216,82,13,13,5092,Location003,0,0,FALSE,FALSE,FALSE
ID078,2026-01-01,1405,29884,83,11,11,3799,Location003,0,0,FALSE,FALSE,FALSE
ID078,2026-01-02,1558,30952,84,13,13,5741,Location003,0,0,FALSE,FALSE,FALSE
ID078,2026-01-03,1339,28877,85,9,9,3802,Location003,3,0,FALSE,FALSE,FALSE
ID078,2026-01-04,1826,31442,86,9,9,5083,Location003,0,0,FALSE,FALSE,FALSE
ID078,2026-01-05,1588,32937,87,8,8,4918,Location003,0,0,FALSE,FALSE,FALSE
ID078,2026-01-06,1507,33997,88,8,8,4205,Location003,0,0,FALSE,FALSE,FALSE
ID078,2026-01-08,1609,36243,90,7,7,4193,Location003,0,0,FALSE,FALSE,FALSE
ID078,2026-01-09,1783,35884,91,9,9,4522,Location003,0,0,FALSE,FALSE,FALSE
ID078,2026-01-10,1618,37392,92,6,6,3746,Location003,0,0,FALSE,FALSE,FALSE
ID078,2026-01-11,2430,39620,93,12,12,5808,Location003,0,0,FALSE,FALSE,FALSE
ID078,2026-01-12,3222,40768,94,8,0,0,Location003,0,8,FALSE,FALSE,FALSE
ID078,2026-01-13,1539,40671,95,6,6,2978,Location003,0,0,FALSE,FALSE,FALSE
ID078,2026-01-14,3603,41562,96,13,0,0,Location003,0,13,FALSE,FALSE,FALSE
ID078,2026-01-15,1466,43336,97,11,11,4102,Location003,0,0,FALSE,FALSE,FALSE
ID078,2026-01-16,2440,45356,98,7,7,4418,Location003,0,0,FALSE,FALSE,FALSE
ID078,2026-01-17,2323,46215,99,9,9,4241,Location003,0,0,FALSE,FALSE,FALSE
ID078,2026-01-18,2108,47767,100,11,11,4692,Location003,0,0,FALSE,FALSE,FALSE
ID078,2026-01-19,2266,48292,101,11,11,3421,Location003,0,0,FALSE,FALSE,FALSE
ID078,2026-01-20,2353,50104.5,102,12,12,4485,Location003,0,0,FALSE,FALSE,FALSE
ID078,2026-01-21,2195,51062,103,8,8,3241,Location003,0,0,FALSE,FALSE,FALSE
ID078,2026-01-22,1628,51671.5,104,6,6,2879,Location003,0,0,FALSE,FALSE,FALSE
ID078,2026-01-23,2552,51456,105,9,9,3570,Location003,0,0,FALSE,FALSE,FALSE
ID078,2026-01-24,2086,53342,106,9,9,3746,Location003,0,0,FALSE,FALSE,FALSE
ID078,2026-01-25,2227,54151.5,107,10,10,4115,Location003,0,0,FALSE,FALSE,FALSE
ID078,2026-01-26,965,54442,108,18,18,2098,Location003,0,0,FALSE,FALSE,FALSE
ID078,2026-01-27,1230,51873,109,9,9,2788,Location003,0,0,FALSE,FALSE,FALSE
ID078,2026-01-28,2343,56880,110,8,8,4043,Location003,0,0,FALSE,FALSE,FALSE
ID078,2026-01-29,924,57551.5,111,4,4,3476,Location003,0,0,FALSE,FALSE,FALSE
ID078,2026-01-30,2351,58433,112,6,6,4131,Location003,0,0,FALSE,FALSE,FALSE
ID078,2026-01-31,2387,59337,113,8,8,4778,Location003,0,0,FALSE,FALSE,FALSE
ID078,2026-02-01,2077,58841.5,114,8,8,4022,Location003,0,0,FALSE,FALSE,FALSE
ID078,2026-02-02,2475,60842,115,7,7,4437,Location003,0,0,FALSE,FALSE,FALSE
ID078,2026-02-03,2604,62677,116,9,9,4305,Location003,0,0,FALSE,FALSE,FALSE
ID078,2026-02-04,1959,63379.5,117,6,6,3633,Location003,0,0,FALSE,FALSE,FALSE
ID078,2026-02-05,2088,63515,118,9,9,3907,Location003,0,0,FALSE,FALSE,FALSE
ID078,2026-02-06,1680,64365,119,7,7,2935,Location003,0,0,FALSE,FALSE,FALSE
ID078,2026-02-07,2345,66003.5,120,8,8,3660,Location003,0,0,FALSE,FALSE,FALSE
ID078,2026-02-08,1460,65528,121,9,9,2808,Location003,0,0,FALSE,FALSE,FALSE
ID078,2026-02-09,1635,65572,122,5,5,3064,Location003,0,0,FALSE,FALSE,FALSE
ID078,2026-02-10,2589,67405,123,8,8,4599,Location003,0,0,FALSE,FALSE,FALSE
ID078,2026-02-11,2068,69823,124,7,7,3502,Location003,0,0,FALSE,FALSE,FALSE
ID078,2026-02-12,2475,70717,125,8,8,3869,Location003,0,0,FALSE,FALSE,FALSE
ID078,2026-02-13,1755,70278,126,7,7,3347,Location003,0,0,FALSE,FALSE,FALSE
ID078,2026-02-14,1381,70915,127,7,7,2839,Location003,0,0,FALSE,FALSE,FALSE
ID078,2026-02-15,992,71427,128,6,6,2488,Location003,0,0,FALSE,FALSE,FALSE
ID078,2026-02-16,1743,71168,129,13,13,3424,Location003,0,0,FALSE,FALSE,FALSE
ID078,2026-02-17,2456,72298,130,7,7,3870,Location003,0,0,FALSE,FALSE,FALSE
ID078,2026-02-18,2094,74995.5,131,6,6,3215,Location003,0,0,FALSE,FALSE,FALSE
ID078,2026-02-19,3092,75576,132,11,11,4672,Location003,0,0,FALSE,FALSE,FALSE
ID078,2026-02-20,2866,77527,133,10,10,4015,Location003,0,0,FALSE,FALSE,FALSE
ID078,2026-02-21,2882,77971,134,12,12,3490,Location003,0,0,FALSE,FALSE,FALSE
ID078,2026-02-22,2297,78618,135,8,8,3736,Location003,0,0,FALSE,FALSE,FALSE
ID078,2026-02-23,2501,79361,136,15,15,4030,Location003,0,0,FALSE,FALSE,FALSE
ID078,2026-02-24,2341,80800,137,10,10,3631,Location003,0,0,FALSE,FALSE,FALSE
ID078,2026-02-25,2057,82097.5,138,8,8,3354,Location003,0,0,FALSE,FALSE,FALSE
ID078,2026-02-26,1869,82414,139,12,12,3787,Location003,0,0,FALSE,FALSE,FALSE
ID078,2026-02-27,823,80567,140,11,0,0,Location003,0,11,FALSE,FALSE,FALSE
ID078,2026-02-28,2526,80903,141,8,8,4423,Location003,0,0,FALSE,FALSE,FALSE
ID078,2026-03-01,3609,86923,142,11,11,4719,Location003,0,0,FALSE,FALSE,FALSE
ID078,2026-03-02,2652,87788,143,16,16,4687,Location003,0,0,FALSE,FALSE,FALSE
ID078,2026-03-03,2590,89505,144,9,9,5273,Location003,0,0,FALSE,FALSE,FALSE
ID078,2026-03-04,2335,90458,145,13,13,3832,Location003,0,0,FALSE,FALSE,FALSE
ID078,2026-03-05,2717,90349,146,11,11,3666,Location003,0,0,FALSE,FALSE,FALSE
ID078,2026-03-06,3221,93208,147,15,15,4640,Location003,0,0,FALSE,FALSE,FALSE
ID078,2026-03-07,2793,92675.5,148,16,16,4483,Location003,0,0,FALSE,FALSE,FALSE
ID078,2026-03-08,1746,93034,149,10,0,0,Location003,0,10,FALSE,FALSE,FALSE
ID078,2026-03-09,3127,93296,150,9,9,4476,Location003,0,0,FALSE,FALSE,FALSE
ID078,2026-03-10,2869,94843,151,11,11,4227,Location003,0,0,FALSE,FALSE,FALSE
ID078,2026-03-11,3802,96627,152,18,18,4781,Location003,0,0,FALSE,FALSE,FALSE
ID078,2026-03-12,2566,97982,153,11,11,3955,Location003,0,0,FALSE,FALSE,FALSE
ID078,2026-03-13,2384,98174,154,9,9,3542,Location003,0,0,FALSE,FALSE,FALSE
ID078,2026-03-14,2743,99609,155,21,21,4523,Location003,0,0,FALSE,FALSE,FALSE
ID078,2026-03-15,2784,100776,156,15,15,3844,Location003,0,0,FALSE,FALSE,FALSE
ID078,2026-03-16,1712,100010,157,13,13,4076,Location003,0,0,FALSE,FALSE,FALSE
ID078,2026-03-17,2135,101065,158,15,15,3796,Location003,0,0,FALSE,FALSE,FALSE
ID078,2026-03-18,2967,101395,159,16,16,3153,Location003,0,0,FALSE,FALSE,FALSE
ID078,2026-03-19,1818,102458,160,9,9,3050,Location003,0,0,FALSE,FALSE,FALSE
ID078,2026-03-20,1327,102480,161,7,7,1603,Location003,0,0,FALSE,FALSE,FALSE
ID078,2026-03-21,2813,100483,162,14,14,3807,Location003,0,0,FALSE,FALSE,FALSE
ID078,2026-03-22,3079,101288.5,163,12,12,4658,Location003,0,0,FALSE,FALSE,FALSE
ID078,2026-03-23,2033,107141,164,8,8,3057,Location003,0,0,FALSE,FALSE,FALSE
ID078,2026-03-24,2136,105147,165,7,7,1738,Location003,0,0,FALSE,FALSE,FALSE
ID078,2026-03-25,3347,105559,166,15,15,4800,Location003,0,0,FALSE,FALSE,FALSE
ID078,2026-03-26,3289,108168,167,13,13,3482,Location003,0,0,FALSE,FALSE,FALSE
ID078,2026-03-27,1891,108304,168,12,12,3270,Location003,0,0,FALSE,FALSE,FALSE
ID078,2026-03-28,2544,108207,169,15,15,3225,Location003,0,0,FALSE,FALSE,FALSE
ID078,2026-03-29,2243,108068,170,9,9,2068,Location003,0,0,FALSE,FALSE,FALSE
ID078,2026-03-30,2150,108105.5,171,10,10,2608,Location003,0,0,FALSE,FALSE,FALSE
ID078,2026-03-31,1453,109810,172,6,6,2127,Location003,0,0,FALSE,FALSE,FALSE
ID078,2026-04-01,2454,108214,173,14,14,3471,Location003,0,0,FALSE,FALSE,FALSE
ID078,2026-04-02,2137,111261,174,9,9,4938,Location003,0,0,FALSE,FALSE,FALSE
ID078,2026-04-03,2821,107698,175,10,10,3307,Location003,0,0,FALSE,FALSE,FALSE
ID078,2026-04-04,2602,114417,176,12,12,4216,Location003,0,0,FALSE,FALSE,FALSE
ID078,2026-04-05,3592,115635,177,17,17,4513,Location003,0,0,FALSE,FALSE,FALSE
ID078,2026-04-06,1876,115610,178,9,9,3194,Location003,0,0,FALSE,FALSE,FALSE
ID078,2026-04-07,2101,117503,179,13,13,3375,Location003,0,0,FALSE,FALSE,FALSE
ID078,2026-04-08,2513,118708,180,14,14,2910,Location003,0,0,FALSE,FALSE,FALSE
ID078,2026-04-09,3182,120339,181,18,18,3250,Location003,0,0,FALSE,FALSE,FALSE
ID078,2026-04-10,2648,120685,182,13,13,3743,Location003,0,0,FALSE,FALSE,FALSE
ID078,2026-04-11,2785,120513,183,16,16,3460,Location003,0,0,FALSE,FALSE,FALSE
ID078,2026-04-12,2759,123264,184,11,11,3399,Location003,0,0,FALSE,FALSE,FALSE
ID078,2026-04-13,1948,121825.5,185,6,6,1816,Location003,0,0,FALSE,FALSE,FALSE
ID078,2026-04-14,1982,120509,186,11,11,2757,Location003,0,0,FALSE,FALSE,FALSE
ID078,2026-04-15,963,123030,187,6,0,0,Location003,0,6,FALSE,FALSE,FALSE
ID078,2026-04-16,608,120252.75,188,3,0,0,Location003,3,3,FALSE,TRUE,FALSE
ID078,2026-04-17,2890,117475.5,189,14,14,3886,Location003,0,0,FALSE,FALSE,FALSE
ID078,2026-04-18,2776,124690,190,13,13,3330,Location003,0,0,FALSE,FALSE,FALSE
ID078,2026-04-19,3709,127487,191,19,19,4900,Location003,0,0,FALSE,FALSE,FALSE
ID078,2026-04-20,2054,128419,192,8,8,2477,Location003,0,0,FALSE,FALSE,FALSE
ID078,2026-04-21,3313,128237,193,15,15,4386,Location003,0,0,FALSE,FALSE,FALSE
ID078,2026-04-22,3870,129775.5,194,20,0,0,Location003,0,20,FALSE,FALSE,FALSE
ID078,2026-04-23,3085,131146,195,16,16,4748,Location003,0,0,FALSE,FALSE,FALSE
ID078,2026-04-24,3740,,196,20,20,4573,Location003,0,0,FALSE,TRUE,FALSE
ID080,2025-12-27,,,84,14,0,0,Location003,14,14,TRUE,TRUE,TRUE
ID080,2025-12-28,1075,,85,13,13,4400,Location003,13,0,FALSE,TRUE,FALSE
ID080,2025-12-30,1300,27948.5,87,8,8,6656,Location003,6,0,FALSE,FALSE,FALSE
ID080,2026-01-01,1785,26581.5,89,6,6,2224,Location003,0,0,FALSE,FALSE,FALSE
ID080,2026-01-02,1992,28165,90,18,18,7870,Location003,0,0,FALSE,FALSE,FALSE
ID080,2026-01-04,1670,30297,92,14,14,7295,Location003,0,0,FALSE,FALSE,FALSE
ID080,2026-01-05,1130,31826,93,15,15,5554,Location003,0,0,FALSE,FALSE,FALSE
ID080,2026-01-07,1633,33034,95,13,13,5955,Location003,0,0,FALSE,FALSE,FALSE
ID080,2026-01-08,1516,33992,96,24,24,7260,Location003,0,0,FALSE,FALSE,FALSE
ID080,2026-01-09,1826,34572,97,29,29,6896,Location003,0,0,FALSE,FALSE,FALSE
ID080,2026-01-10,2284,35002,98,20,20,7912,Location003,0,0,FALSE,FALSE,FALSE
ID080,2026-01-11,1470,36864,99,15,15,5318,Location003,0,0,FALSE,FALSE,FALSE
ID080,2026-01-12,1373,37693,100,18,18,5470,Location003,0,0,FALSE,FALSE,FALSE
ID080,2026-01-13,1829,37409,101,11,11,6493,Location003,0,0,FALSE,FALSE,FALSE
ID080,2026-01-14,2499,40170,102,8,8,4968,Location003,0,0,FALSE,FALSE,FALSE
ID080,2026-01-15,1509,40105,103,12,12,5770,Location003,0,0,FALSE,FALSE,FALSE
ID080,2026-01-16,1856,41290.5,104,14,14,4964,Location003,0,0,FALSE,FALSE,FALSE
ID080,2026-01-17,1441,42488,105,19,19,5167,Location003,0,0,FALSE,FALSE,FALSE
ID080,2026-01-18,2048,42615,106,19,19,5807,Location003,0,0,FALSE,FALSE,FALSE
ID080,2026-01-19,1662,44943,107,14,14,4641,Location003,0,0,FALSE,FALSE,FALSE
ID080,2026-01-20,1597,45924,108,10,10,4230,Location003,0,0,FALSE,FALSE,FALSE
ID080,2026-01-21,2174,46424,109,20,20,5325,Location003,0,0,FALSE,FALSE,FALSE
ID080,2026-01-22,1817,47116,110,23,23,5412,Location003,0,0,FALSE,FALSE,FALSE
ID080,2026-01-23,2027,46991,111,19,19,5168,Location003,0,0,FALSE,FALSE,FALSE
ID080,2026-01-24,1757,48590,112,12,12,3991,Location003,0,0,FALSE,FALSE,FALSE
ID080,2026-01-25,1797,49223,113,19,19,4626,Location003,0,0,FALSE,FALSE,FALSE
ID080,2026-01-26,817,49290,114,10,0,0,Location003,0,10,FALSE,FALSE,FALSE
ID080,2026-01-27,1076,46494,115,4,4,3005,Location003,0,0,FALSE,FALSE,FALSE
ID080,2026-01-28,1254,48550.5,116,10,10,6555,Location003,0,0,FALSE,FALSE,FALSE
ID080,2026-01-29,1359,50494,117,10,10,4767,Location003,0,0,FALSE,FALSE,FALSE
ID080,2026-01-30,2536,51917,118,13,13,6165,Location003,0,0,FALSE,FALSE,FALSE
ID080,2026-01-31,2039,52776,119,11,11,5960,Location003,0,0,FALSE,FALSE,FALSE
ID080,2026-02-01,1860,51121,120,7,7,4717,Location003,0,0,FALSE,FALSE,FALSE
ID080,2026-02-02,2613,54450,121,19,19,7639,Location003,0,0,FALSE,FALSE,FALSE
ID080,2026-02-03,1862,55438,122,19,19,5474,Location003,0,0,FALSE,FALSE,FALSE
ID080,2026-02-04,2764,55770,123,22,22,5330,Location003,0,0,FALSE,FALSE,FALSE
ID080,2026-02-05,1782,56995,124,11,11,5469,Location003,0,0,FALSE,FALSE,FALSE
ID080,2026-02-06,1916,56793,125,15,15,5206,Location003,0,0,FALSE,FALSE,FALSE
ID080,2026-02-07,1767,57992,126,11,11,3821,Location003,0,0,FALSE,FALSE,FALSE
ID080,2026-02-08,1877,57488,127,9,9,4043,Location003,0,0,FALSE,FALSE,FALSE
ID080,2026-02-09,1430,58208,128,9,9,3852,Location003,0,0,FALSE,FALSE,FALSE
ID080,2026-02-10,2210,59385,129,14,14,6261,Location003,0,0,FALSE,FALSE,FALSE
ID080,2026-02-11,2405,60385,130,13,13,4797,Location003,0,0,FALSE,FALSE,FALSE
ID080,2026-02-12,2368,61078,131,8,8,6497,Location003,0,0,FALSE,FALSE,FALSE
ID080,2026-02-13,1619,62283.5,132,6,6,5531,Location003,0,0,FALSE,FALSE,FALSE
ID080,2026-02-14,2249,63681,133,9,9,5370,Location003,0,0,FALSE,FALSE,FALSE
ID080,2026-02-15,1977,65077,134,9,9,4151,Location003,0,0,FALSE,FALSE,FALSE
ID080,2026-02-16,1336,63618,135,9,9,5270,Location003,0,0,FALSE,FALSE,FALSE
ID080,2026-02-17,2298,66709,136,11,11,5139,Location003,0,0,FALSE,FALSE,FALSE
ID080,2026-02-18,1816,67462,137,13,13,6790,Location003,0,0,FALSE,FALSE,FALSE
ID080,2026-02-19,1987,68395,138,13,13,4554,Location003,0,0,FALSE,FALSE,FALSE
ID080,2026-02-20,2247,69335,139,11,11,5153,Location003,0,0,FALSE,FALSE,FALSE
ID080,2026-02-21,926,67968.5,140,8,8,2162,Location003,0,0,FALSE,FALSE,FALSE
ID080,2026-02-22,1529,66596,141,15,15,3024,Location003,0,0,FALSE,FALSE,FALSE
ID080,2026-02-23,1913,68027,142,15,15,3554,Location003,0,0,FALSE,FALSE,FALSE
ID080,2026-02-24,753,68011,143,6,0,0,Location003,0,6,FALSE,FALSE,FALSE
ID080,2026-02-25,1273,68666,144,5,5,2818,Location003,0,0,FALSE,FALSE,FALSE
ID080,2026-02-26,2020,71439,145,19,19,5857,Location003,0,0,FALSE,FALSE,FALSE
ID080,2026-02-27,877,71835,146,11,11,2339,Location003,0,0,FALSE,FALSE,FALSE
ID080,2026-02-28,1567,69325.5,147,4,4,4629,Location003,0,0,FALSE,FALSE,FALSE
ID080,2026-03-01,1844,72664,148,15,15,4963,Location003,0,0,FALSE,FALSE,FALSE
ID080,2026-03-02,1732,74359,149,15,15,5604,Location003,0,0,FALSE,FALSE,FALSE
ID080,2026-03-03,2243,74314.5,150,16,16,4603,Location003,0,0,FALSE,FALSE,FALSE
ID080,2026-03-04,1751,75434,151,11,11,4095,Location003,0,0,FALSE,FALSE,FALSE
ID080,2026-03-05,2425,75689,152,13,13,5119,Location003,0,0,FALSE,FALSE,FALSE
ID080,2026-03-06,3035,77252,153,25,25,5538,Location003,0,0,FALSE,FALSE,FALSE
ID080,2026-03-07,1547,78193,154,25,25,2787,Location003,0,0,FALSE,FALSE,FALSE
ID080,2026-03-08,1941.5,78234,155,18,0,0,Location003,0,18,FALSE,FALSE,TRUE
ID080,2026-03-09,2336,76020,156,14,14,5609,Location003,0,0,FALSE,FALSE,FALSE
ID080,2026-03-10,2636,80979,157,22,22,5370,Location003,0,0,FALSE,FALSE,FALSE
ID080,2026-03-11,2728,82027,158,21,21,5755,Location003,0,0,FALSE,FALSE,FALSE
ID080,2026-03-12,2354,82615,159,27,27,4611,Location003,0,0,FALSE,FALSE,FALSE
ID080,2026-03-13,2236,83884,160,29,29,4747,Location003,0,0,FALSE,FALSE,FALSE
ID080,2026-03-14,2285,84144,161,40,40,5130,Location003,0,0,FALSE,FALSE,FALSE
ID080,2026-03-15,1864,85291,162,37,37,4141,Location003,0,0,FALSE,FALSE,FALSE
ID080,2026-03-16,1653,85282,163,30,30,3932,Location003,0,0,FALSE,FALSE,FALSE
ID080,2026-03-17,3286,87848,164,39,0,0,Location003,0,39,FALSE,FALSE,FALSE
ID080,2026-03-18,2083,88454,165,17,17,4801,Location003,0,0,FALSE,FALSE,FALSE
ID080,2026-03-19,1887,88842,166,10,10,3595,Location003,0,0,FALSE,FALSE,FALSE
ID080,2026-03-20,2106,89959,167,24,24,4764,Location003,0,0,FALSE,FALSE,FALSE
ID080,2026-03-21,2152,92526,168,23,23,4995,Location003,0,0,FALSE,FALSE,FALSE
ID080,2026-03-22,1992,93543,169,18,18,3826,Location003,0,0,FALSE,FALSE,FALSE
ID080,2026-03-23,3093,93488,170,16,16,5440,Location003,0,0,FALSE,FALSE,FALSE
ID080,2026-03-24,1465,92903,171,8,8,3131,Location003,0,0,FALSE,FALSE,FALSE
ID080,2026-03-25,2749,94274,172,16,16,6216,Location003,0,0,FALSE,FALSE,FALSE
ID080,2026-03-26,1780,97700,173,9,9,3347,Location003,0,0,FALSE,FALSE,FALSE
ID080,2026-03-27,2060,96266,174,15,15,4433,Location003,0,0,FALSE,FALSE,FALSE
ID080,2026-03-28,2096,99021,175,20,20,3749,Location003,0,0,FALSE,FALSE,FALSE
ID080,2026-03-29,2263,98603,176,22,22,4232,Location003,0,0,FALSE,FALSE,FALSE
ID080,2026-03-30,2479,99225,177,15,15,5291,Location003,0,0,FALSE,FALSE,FALSE
ID080,2026-03-31,1086,99202,178,10,10,2442,Location003,0,0,FALSE,FALSE,FALSE
ID080,2026-04-01,758,99638,179,2,0,0,Location003,0,2,FALSE,FALSE,FALSE
ID080,2026-04-02,1916,94177,180,20,20,4521,Location003,0,0,FALSE,FALSE,FALSE
ID080,2026-04-03,2382,97187,181,15,15,3507,Location003,0,0,FALSE,FALSE,FALSE
ID080,2026-04-04,2231,100155,182,11,11,3961,Location003,0,0,FALSE,FALSE,FALSE
ID080,2026-04-05,1915,100958,183,18,18,5291,Location003,0,0,FALSE,FALSE,FALSE
ID080,2026-04-06,2949,101869,184,20,20,4831,Location003,0,0,FALSE,FALSE,FALSE
ID080,2026-04-07,2553,101982,185,20,20,4224,Location003,0,0,FALSE,FALSE,FALSE
ID080,2026-04-08,2375,101982,186,22,22,3089,Location003,0,0,FALSE,FALSE,FALSE
ID080,2026-04-09,2054,105449,187,16,16,2540,Location003,0,0,FALSE,FALSE,FALSE
ID080,2026-04-10,2045,104963,188,19,19,2385,Location003,0,0,FALSE,FALSE,FALSE
ID080,2026-04-11,1813,104963,189,17,17,2456,Location003,0,0,FALSE,FALSE,FALSE
ID080,2026-04-12,1149,107613,190,9,9,2729,Location003,0,0,FALSE,FALSE,FALSE
ID080,2026-04-13,2264,108854,191,16,16,3648,Location003,0,0,FALSE,FALSE,FALSE
ID080,2026-04-14,1556,105240,192,14,14,2581,Location003,0,0,FALSE,FALSE,FALSE
ID080,2026-04-15,2041,105240,193,13,13,2949,Location003,0,0,FALSE,FALSE,FALSE
ID080,2026-04-16,1119,102183,194,11,11,2098,Location003,0,0,FALSE,FALSE,FALSE
ID080,2026-04-17,1492,104752,195,16,16,2835,Location003,0,0,FALSE,FALSE,FALSE
ID080,2026-04-18,2947,107766.333333333,196,14,14,3596,Location003,14,0,FALSE,TRUE,FALSE
ID080,2026-04-19,2695,110780.666666667,197,15,15,3871,Location003,15,0,FALSE,TRUE,FALSE
ID080,2026-04-20,3381,113795,198,24,24,4455,Location003,0,0,FALSE,FALSE,FALSE
ID080,2026-04-21,3443,114638.5,199,22,22,5647,Location003,0,0,FALSE,FALSE,FALSE
ID080,2026-04-22,2972,116039,200,18,18,4211,Location003,0,0,FALSE,FALSE,FALSE
ID080,2026-04-23,3309,117103,201,22,22,5075,Location003,0,0,FALSE,FALSE,FALSE
ID080,2026-04-24,1831,,202,12,0,0,Location003,0,12,FALSE,TRUE,FALSE
ID081,2025-12-30,,44616,81,3,0,0,Location004,2,3,TRUE,FALSE,TRUE
ID081,2025-12-31,,40724,82,17,0,0,Location004,17,17,TRUE,TRUE,TRUE
ID081,2026-01-01,1418,36832,83,9,9,4430,Location004,9,0,FALSE,TRUE,FALSE
ID081,2026-01-02,2704,32940,84,11,11,5129,Location004,11,0,FALSE,TRUE,FALSE
ID081,2026-01-03,1893,29048,85,10,10,3564,Location004,4,0,FALSE,FALSE,FALSE
ID081,2026-01-04,2885,31617.5,86,14,14,6680,Location004,0,0,FALSE,FALSE,FALSE
ID081,2026-01-05,1654,33750,87,10,10,5108,Location004,0,0,FALSE,FALSE,FALSE
ID081,2026-01-06,1466,34083,88,6,6,5382,Location004,0,0,FALSE,FALSE,FALSE
ID081,2026-01-07,2954,34083,89,13,13,5115,Location004,2,0,FALSE,FALSE,FALSE
ID081,2026-01-08,1821,35434,90,6,6,4823,Location004,1,0,FALSE,FALSE,FALSE
ID081,2026-01-10,1401,36703,92,6,6,3228,Location004,0,0,FALSE,FALSE,FALSE
ID081,2026-01-11,1373,37828,93,9,9,3156,Location004,0,0,FALSE,FALSE,FALSE
ID081,2026-01-13,2156,38580,95,13,13,4918,Location004,0,0,FALSE,FALSE,FALSE
ID081,2026-01-14,1150,39583,96,5,5,2955,Location004,0,0,FALSE,FALSE,FALSE
ID081,2026-01-15,1982,41639,97,17,17,3214,Location004,0,0,FALSE,FALSE,FALSE
ID081,2026-01-17,3265,43593,99,27,27,5069,Location004,0,0,FALSE,FALSE,FALSE
ID081,2026-01-18,2075,44068,100,9,9,3923,Location004,0,0,FALSE,FALSE,FALSE
ID081,2026-01-19,1650,45958,101,20,20,5519,Location004,0,0,FALSE,FALSE,FALSE
ID081,2026-01-20,1753,47840,102,12,12,4134,Location004,0,0,FALSE,FALSE,FALSE
ID081,2026-01-21,2435,48967,103,14,14,6179,Location004,0,0,FALSE,FALSE,FALSE
ID081,2026-01-22,2871,49627,104,18,18,5381,Location004,0,0,FALSE,FALSE,FALSE
ID081,2026-01-23,2147,50177,105,21,21,4812,Location004,0,0,FALSE,FALSE,FALSE
ID081,2026-01-24,2074,51280,106,14,14,5488,Location004,0,0,FALSE,FALSE,FALSE
ID081,2026-01-25,1567,50947,107,9,9,3642,Location004,0,0,FALSE,FALSE,FALSE
ID081,2026-01-26,2890,52551,108,14,14,6595,Location004,0,0,FALSE,FALSE,FALSE
ID081,2026-01-27,1380,52933,109,8,8,3238,Location004,0,0,FALSE,FALSE,FALSE
ID081,2026-01-28,1703,52888,110,11,11,3232,Location004,0,0,FALSE,FALSE,FALSE
ID081,2026-01-29,2662,55238,111,21,21,4775,Location004,0,0,FALSE,FALSE,FALSE
ID081,2026-01-30,2003,57261,112,17,17,4865,Location004,0,0,FALSE,FALSE,FALSE
ID081,2026-01-31,2420,57707,113,15,15,4122,Location004,0,0,FALSE,FALSE,FALSE
ID081,2026-02-01,3520,57682,114,18,18,4973,Location004,0,0,FALSE,FALSE,FALSE
ID081,2026-02-02,2853,60026,115,19,19,4649,Location004,0,0,FALSE,FALSE,FALSE
ID081,2026-02-03,1825,60373.5,116,8,8,2877,Location004,0,0,FALSE,FALSE,FALSE
ID081,2026-02-04,2921,59087,117,11,11,4070,Location004,0,0,FALSE,FALSE,FALSE
ID081,2026-02-05,2496,61065,118,9,9,4421,Location004,0,0,FALSE,FALSE,FALSE
ID081,2026-02-06,3580,64680,119,16,16,5667,Location004,0,0,FALSE,FALSE,FALSE
ID081,2026-02-07,3894,65869,120,24,24,4721,Location004,0,0,FALSE,FALSE,FALSE
ID081,2026-02-08,3414,66654,121,16,16,5812,Location004,0,0,FALSE,FALSE,FALSE
ID081,2026-02-09,2737,66743,122,15,15,5024,Location004,0,0,FALSE,FALSE,FALSE
ID081,2026-02-10,1829,69037,123,9,9,3341,Location004,0,0,FALSE,FALSE,FALSE
ID081,2026-02-11,2037,69662,124,19,19,5104,Location004,0,0,FALSE,FALSE,FALSE
ID081,2026-02-12,3489,69486.5,125,14,14,4988,Location004,0,0,FALSE,FALSE,FALSE
ID081,2026-02-13,3628,71796.5,126,14,14,6561,Location004,0,0,FALSE,FALSE,FALSE
ID081,2026-02-14,3643,73133,127,19,19,5349,Location004,0,0,FALSE,FALSE,FALSE
ID081,2026-02-15,1952,74432.5,128,12,12,3468,Location004,0,0,FALSE,FALSE,FALSE
ID081,2026-02-16,338,74709,129,3,0,0,Location004,0,3,FALSE,FALSE,FALSE
ID081,2026-02-18,2090,73264,131,10,10,3862,Location004,0,0,FALSE,FALSE,FALSE
ID081,2026-02-19,1921,77478,132,13,13,3182,Location004,0,0,FALSE,FALSE,FALSE
ID081,2026-02-20,4070,79009,133,29,29,6349,Location004,0,0,FALSE,FALSE,FALSE
ID081,2026-02-21,2108,77676,134,17,17,2959,Location004,0,0,FALSE,FALSE,FALSE
ID081,2026-02-22,3615,79547,135,22,22,5035,Location004,0,0,FALSE,FALSE,FALSE
ID081,2026-02-23,2942,80080,136,17,17,5886,Location004,0,0,FALSE,FALSE,FALSE
ID081,2026-02-24,3153,81496,137,15,15,4130,Location004,0,0,FALSE,FALSE,FALSE
ID081,2026-02-25,2289,81830,138,14,14,3675,Location004,0,0,FALSE,FALSE,FALSE
ID081,2026-02-26,1939,84433,139,14,14,3705,Location004,0,0,FALSE,FALSE,FALSE
ID081,2026-02-27,4517,81897.5,140,14,14,5945,Location004,0,0,FALSE,FALSE,FALSE
ID081,2026-02-28,3219,82232,141,13,13,5344,Location004,0,0,FALSE,FALSE,FALSE
ID081,2026-03-01,2967,85436,142,15,15,4657,Location004,0,0,FALSE,FALSE,FALSE
ID081,2026-03-02,2695,87524,143,15,15,4244,Location004,0,0,FALSE,FALSE,FALSE
ID081,2026-03-03,3462,88490,144,22,22,5555,Location004,0,0,FALSE,FALSE,FALSE
ID081,2026-03-04,2846,88844,145,18,18,4167,Location004,0,0,FALSE,FALSE,FALSE
ID081,2026-03-05,1997,89206,146,17,17,4284,Location004,0,0,FALSE,FALSE,FALSE
ID081,2026-03-06,2363,90435,147,21,21,4361,Location004,0,0,FALSE,FALSE,FALSE
ID081,2026-03-07,2230,91256.5,148,20,20,4446,Location004,0,0,FALSE,FALSE,FALSE
ID081,2026-03-08,3338,90627,149,22,22,4283,Location004,0,0,FALSE,FALSE,FALSE
ID081,2026-03-09,2319,91253.5,150,12,12,3596,Location004,0,0,FALSE,FALSE,FALSE
ID081,2026-03-10,2563,92102,151,22,22,4265,Location004,0,0,FALSE,FALSE,FALSE
ID081,2026-03-11,3215,94757,152,24,24,5719,Location004,0,0,FALSE,FALSE,FALSE
ID081,2026-03-12,3267,93822,153,22,22,5580,Location004,0,0,FALSE,FALSE,FALSE
ID081,2026-03-13,3497,94188,154,19,19,6080,Location004,0,0,FALSE,FALSE,FALSE
ID081,2026-03-14,2722,97541.5,155,12,12,5417,Location004,0,0,FALSE,FALSE,FALSE
ID081,2026-03-15,4332,98491,156,20,20,6785,Location004,0,0,FALSE,FALSE,FALSE
ID081,2026-03-16,3233,98732,157,19,19,5535,Location004,0,0,FALSE,FALSE,FALSE
ID081,2026-03-17,3673,99452,158,18,18,6547,Location004,0,0,FALSE,FALSE,FALSE
ID081,2026-03-18,2727,98754,159,14,14,4127,Location004,0,0,FALSE,FALSE,FALSE
ID081,2026-03-19,4854,103468,160,23,23,6899,Location004,0,0,FALSE,FALSE,FALSE
ID081,2026-03-20,4159,103289,161,14,14,4430,Location004,0,0,FALSE,FALSE,FALSE
ID081,2026-03-21,2906,101290,162,7,7,2942,Location004,0,0,FALSE,FALSE,FALSE
ID081,2026-03-22,5138,104364,163,13,13,5954,Location004,0,0,FALSE,FALSE,FALSE
ID081,2026-03-23,5166,105809,164,19,19,7288,Location004,0,0,FALSE,FALSE,FALSE
ID081,2026-03-24,3751,107754,165,19,19,4628,Location004,0,0,FALSE,FALSE,FALSE
ID081,2026-03-25,4264,108755,166,20,20,6049,Location004,0,0,FALSE,FALSE,FALSE
ID081,2026-03-26,3295,110201,167,14,14,5245,Location004,0,0,FALSE,FALSE,FALSE
ID081,2026-03-27,2586,109113,168,19,19,4543,Location004,0,0,FALSE,FALSE,FALSE
ID081,2026-03-28,2031,110559,169,18,18,3637,Location004,0,0,FALSE,FALSE,FALSE
ID081,2026-03-29,3918,110945,170,14,14,5216,Location004,0,0,FALSE,FALSE,FALSE
ID081,2026-03-30,3510,109991,171,24,24,6711,Location004,0,0,FALSE,FALSE,FALSE
ID081,2026-03-31,3205,113303,172,12,12,5151,Location004,0,0,FALSE,FALSE,FALSE
ID081,2026-04-01,3168,113854,173,18,18,5555,Location004,0,0,FALSE,FALSE,FALSE
ID081,2026-04-02,3347,113254.5,174,16,16,5916,Location004,0,0,FALSE,FALSE,FALSE
ID081,2026-04-03,2902,115754,175,15,15,4414,Location004,0,0,FALSE,FALSE,FALSE
ID081,2026-04-04,2989,115449,176,19,19,5114,Location004,0,0,FALSE,FALSE,FALSE
ID081,2026-04-05,4242,113839.5,177,14,14,3994,Location004,0,0,FALSE,FALSE,FALSE
ID081,2026-04-06,3081,118066,178,17,17,4803,Location002,0,0,FALSE,FALSE,FALSE
ID081,2026-04-07,3233,118414,179,19,19,5748,Location002,0,0,FALSE,FALSE,FALSE
ID081,2026-04-08,3166,116877,180,21,21,4885,Location002,0,0,FALSE,FALSE,FALSE
ID081,2026-04-09,2388,118466,181,20,20,4343,Location002,0,0,FALSE,FALSE,FALSE
ID081,2026-04-10,1704,123670,182,13,13,3698,Location002,0,0,FALSE,FALSE,FALSE
ID081,2026-04-11,1055,121117,183,15,0,0,Location002,0,15,FALSE,FALSE,FALSE
ID081,2026-04-12,1583,117253,184,6,6,2635,Location002,0,0,FALSE,FALSE,FALSE
ID081,2026-04-13,3468,118525,185,15,15,4214,Location002,0,0,FALSE,FALSE,FALSE
ID081,2026-04-14,1832,120843,186,11,11,2866,Location002,0,0,FALSE,FALSE,FALSE
ID081,2026-04-15,3852,117579,187,26,26,5236,Location002,0,0,FALSE,FALSE,FALSE
ID081,2026-04-16,4923,121486,188,20,0,0,Location002,0,20,FALSE,FALSE,FALSE
ID081,2026-04-17,3936,125432,189,16,16,5242,Location002,0,0,FALSE,FALSE,FALSE
ID081,2026-04-18,2019,124512,190,17,17,3754,Location002,0,0,FALSE,FALSE,FALSE
ID081,2026-04-19,3149,120071,191,13,13,2537,Location002,0,0,FALSE,FALSE,FALSE
ID081,2026-04-20,2326,120864,192,12,12,2174,Location002,0,0,FALSE,FALSE,FALSE
ID081,2026-04-21,831,118968,193,10,0,0,Location002,0,10,FALSE,FALSE,FALSE
ID081,2026-04-22,3005,,194,13,13,3529,Location002,13,0,FALSE,TRUE,FALSE
ID081,2026-04-23,2363,,195,13,13,2764,Location002,13,0,FALSE,TRUE,FALSE
ID081,2026-04-24,4643,,196,17,17,5486,Location002,0,0,FALSE,TRUE,FALSE
ID084,2025-12-30,1335,25541,83,28,28,4074,Location005,0,0,FALSE,FALSE,FALSE
ID084,2026-01-01,1642,31015,85,10,10,4482,Location005,0,0,FALSE,FALSE,FALSE
ID084,2026-01-03,3420,27278,87,11,0,0,Location005,0,11,FALSE,FALSE,FALSE
ID084,2026-01-04,1991,38502,88,17,17,5825,Location005,0,0,FALSE,FALSE,FALSE
ID084,2026-01-05,4181,35302,89,9,0,0,Location005,0,9,FALSE,FALSE,FALSE
ID084,2026-01-06,1726,35819,90,19,19,4520,Location005,0,0,FALSE,FALSE,FALSE
ID084,2026-01-08,2334,36170,92,16,16,3752,Location005,0,0,FALSE,FALSE,FALSE
ID084,2026-01-09,3005,37180,93,19,19,5217,Location005,0,0,FALSE,FALSE,FALSE
ID084,2026-01-10,1708,38252,94,24,24,4105,Location005,0,0,FALSE,FALSE,FALSE
ID084,2026-01-11,2269,40147,95,23,23,5058,Location005,0,0,FALSE,FALSE,FALSE
ID084,2026-01-12,2106,41411,96,22,22,5135,Location005,0,0,FALSE,FALSE,FALSE
ID084,2026-01-13,2237,41374,97,16,16,4937,Location005,0,0,FALSE,FALSE,FALSE
ID084,2026-01-14,2521,40301,98,17,17,3564,Location005,0,0,FALSE,FALSE,FALSE
ID084,2026-01-17,2637,44224,101,18,18,3635,Location005,0,0,FALSE,FALSE,FALSE
ID084,2026-01-18,1478,46419.5,102,16,16,3060,Location005,0,0,FALSE,FALSE,FALSE
ID084,2026-01-19,1560,48348.5,103,22,22,3302,Location005,0,0,FALSE,FALSE,FALSE
ID084,2026-01-20,1676,47590,104,25,25,2550,Location005,0,0,FALSE,FALSE,FALSE
ID084,2026-01-21,1725,50362,105,29,29,3218,Location005,0,0,FALSE,FALSE,FALSE
ID084,2026-01-22,1568,51203,106,14,14,3982,Location005,0,0,FALSE,FALSE,FALSE
ID084,2026-01-23,1630,51716.5,107,10,10,3945,Location005,0,0,FALSE,FALSE,FALSE
ID084,2026-01-24,1898,52802,108,18,18,3796,Location005,0,0,FALSE,FALSE,FALSE
ID084,2026-01-25,2428,54552,109,8,8,4671,Location005,0,0,FALSE,FALSE,FALSE
ID084,2026-01-26,2222,54288,110,25,25,3685,Location005,0,0,FALSE,FALSE,FALSE
ID084,2026-01-27,2446,55434,111,24,24,3544,Location005,0,0,FALSE,FALSE,FALSE
ID084,2026-01-28,2990,56248,112,18,18,4561,Location005,0,0,FALSE,FALSE,FALSE
ID084,2026-01-29,1646,58897,113,14,14,3759,Location005,0,0,FALSE,FALSE,FALSE
ID084,2026-01-30,1654,58566,114,19,19,2470,Location005,0,0,FALSE,FALSE,FALSE
ID084,2026-01-31,2744,58802,115,22,22,4412,Location005,0,0,FALSE,FALSE,FALSE
ID084,2026-02-01,2783,61009.5,116,12,12,4065,Location005,0,0,FALSE,FALSE,FALSE
ID084,2026-02-02,1702,62192,117,8,8,3783,Location005,0,0,FALSE,FALSE,FALSE
ID084,2026-02-03,2941,63017,118,27,27,3632,Location005,0,0,FALSE,FALSE,FALSE
ID084,2026-02-04,1998,64779,119,18,18,2664,Location005,0,0,FALSE,FALSE,FALSE
ID084,2026-02-05,3366,65616.5,120,16,16,5013,Location005,0,0,FALSE,FALSE,FALSE
ID084,2026-02-06,3886,67136.5,121,24,24,4126,Location005,0,0,FALSE,FALSE,FALSE
ID084,2026-02-07,1993,66520.5,122,12,12,2404,Location005,0,0,FALSE,FALSE,FALSE
ID084,2026-02-08,3168,67896,123,19,19,4024,Location005,0,0,FALSE,FALSE,FALSE
ID084,2026-02-09,3610,68858,124,18,18,4985,Location005,0,0,FALSE,FALSE,FALSE
ID084,2026-02-10,3181,70722,125,11,11,4349,Location005,0,0,FALSE,FALSE,FALSE
ID084,2026-02-11,2187,71405,126,15,15,3316,Location005,0,0,FALSE,FALSE,FALSE
ID084,2026-02-12,3527,71549,127,29,29,4024,Location005,0,0,FALSE,FALSE,FALSE
ID084,2026-02-13,2128,72689,128,16,16,2946,Location005,0,0,FALSE,FALSE,FALSE
ID084,2026-02-14,1990,72400,129,11,11,2375,Location005,0,0,FALSE,FALSE,FALSE
ID084,2026-02-15,1055,73046,130,9,0,0,Location005,0,9,FALSE,FALSE,FALSE
ID084,2026-02-16,2567,73825,131,23,23,2767,Location005,0,0,FALSE,FALSE,FALSE
ID084,2026-02-17,1665,75645,132,16,16,2578,Location005,0,0,FALSE,FALSE,FALSE
ID084,2026-02-18,1493,74803,133,17,17,2469,Location005,0,0,FALSE,FALSE,FALSE
ID084,2026-02-19,1720,75420,134,13,13,1802,Location005,0,0,FALSE,FALSE,FALSE
ID084,2026-02-20,1308,75319,135,14,14,2134,Location005,0,0,FALSE,FALSE,FALSE
ID084,2026-02-21,1830,76306,136,19,19,2672,Location005,0,0,FALSE,FALSE,FALSE
ID084,2026-02-22,1312,78415,137,19,19,1945,Location005,0,0,FALSE,FALSE,FALSE
ID084,2026-02-23,1261,76923,138,16,16,2445,Location005,0,0,FALSE,FALSE,FALSE
ID084,2026-02-24,1267,77834,139,24,24,1740,Location005,0,0,FALSE,FALSE,FALSE
ID084,2026-02-25,1821,76903,140,21,21,3087,Location005,0,0,FALSE,FALSE,FALSE
ID084,2026-02-26,1267,77505,141,19,19,2190,Location005,0,0,FALSE,FALSE,FALSE
ID084,2026-02-27,1040,77698,142,6,0,0,Location005,0,6,FALSE,FALSE,FALSE
ID084,2026-02-28,2580,78326,143,13,13,3938,Location005,0,0,FALSE,FALSE,FALSE
ID084,2026-03-01,2003,80138,144,12,12,3222,Location005,0,0,FALSE,FALSE,FALSE
ID084,2026-03-02,2556,82030,145,14,14,3779,Location005,0,0,FALSE,FALSE,FALSE
ID084,2026-03-03,3257,83659,146,16,16,4727,Location005,0,0,FALSE,FALSE,FALSE
ID084,2026-03-04,2049,83949,147,11,11,3939,Location005,0,0,FALSE,FALSE,FALSE
ID084,2026-03-05,2181,84307,148,9,9,4317,Location005,0,0,FALSE,FALSE,FALSE
ID084,2026-03-06,1729,85485,149,11,11,3967,Location005,0,0,FALSE,FALSE,FALSE
ID084,2026-03-07,1642,85726.5,150,16,16,3134,Location005,0,0,FALSE,FALSE,FALSE
ID084,2026-03-08,2445,87750,151,23,23,4353,Location005,0,0,FALSE,FALSE,FALSE
ID084,2026-03-09,3029,89002,152,20,20,5441,Location005,0,0,FALSE,FALSE,FALSE
ID084,2026-03-10,2858,89959,153,13,13,3943,Location005,0,0,FALSE,FALSE,FALSE
ID084,2026-03-11,2466,92225,154,24,24,3535,Location005,0,0,FALSE,FALSE,FALSE
ID084,2026-03-12,2106,93666,155,16,16,3096,Location005,0,0,FALSE,FALSE,FALSE
ID084,2026-03-13,2625,94471,156,13,13,3289,Location005,0,0,FALSE,FALSE,FALSE
ID084,2026-03-14,2255,94393,157,11,11,2873,Location005,0,0,FALSE,FALSE,FALSE
ID084,2026-03-15,2175,96159,158,11,11,2783,Location005,0,0,FALSE,FALSE,FALSE
ID084,2026-03-16,2711,97001,159,18,18,2955,Location005,0,0,FALSE,FALSE,FALSE
ID084,2026-03-17,1907,96617,160,9,9,3149,Location005,0,0,FALSE,FALSE,FALSE
ID084,2026-03-18,2584,97766,161,11,11,3746,Location005,0,0,FALSE,FALSE,FALSE
ID084,2026-03-19,2447,100411,162,12,12,4670,Location005,0,0,FALSE,FALSE,FALSE
ID084,2026-03-20,2799,100287,163,17,17,4854,Location005,0,0,FALSE,FALSE,FALSE
ID084,2026-03-21,2555,101306.5,164,6,6,3970,Location005,0,0,FALSE,FALSE,FALSE
ID084,2026-03-22,2799,103793.5,165,10,10,3453,Location005,0,0,FALSE,FALSE,FALSE
ID084,2026-03-23,2733,104668,166,9,9,3131,Location005,0,0,FALSE,FALSE,FALSE
ID084,2026-03-24,2157,102679,167,12,12,3558,Location005,0,0,FALSE,FALSE,FALSE
ID084,2026-03-25,3132,105374,168,11,11,3841,Location005,0,0,FALSE,FALSE,FALSE
ID084,2026-03-26,3290,107797,169,17,17,3284,Location005,0,0,FALSE,FALSE,FALSE
ID084,2026-03-27,2318,108217,170,15,15,3583,Location005,0,0,FALSE,FALSE,FALSE
ID084,2026-03-28,2165,108170,171,12,12,2161,Location005,0,0,FALSE,FALSE,FALSE
ID084,2026-03-29,3811,108687,172,24,24,3571,Location005,0,0,FALSE,FALSE,FALSE
ID084,2026-03-30,3098,111198,173,14,14,3515,Location005,0,0,FALSE,FALSE,FALSE
ID084,2026-03-31,2716,110383,174,14,14,2883,Location005,0,0,FALSE,FALSE,FALSE
ID084,2026-04-01,2587,109017,175,16,16,2652,Location005,0,0,FALSE,FALSE,FALSE
ID084,2026-04-02,3162,112348,176,13,13,2956,Location005,0,0,FALSE,FALSE,FALSE
ID084,2026-04-03,3551,112376,177,13,13,3783,Location005,0,0,FALSE,FALSE,FALSE
ID084,2026-04-04,3493,115409,178,14,14,2957,Location005,0,0,FALSE,FALSE,FALSE
ID084,2026-04-05,3114,116881,179,17,17,3233,Location005,0,0,FALSE,FALSE,FALSE
ID084,2026-04-06,2346,116047,180,14,14,2048,Location005,0,0,FALSE,FALSE,FALSE
ID084,2026-04-07,3090,114602.5,181,12,12,3771,Location002,0,0,FALSE,FALSE,FALSE
ID084,2026-04-08,1466,115841,182,8,8,1808,Location002,0,0,FALSE,FALSE,FALSE
ID084,2026-04-09,3950,117353,183,14,14,3789,Location002,0,0,FALSE,FALSE,FALSE
ID084,2026-04-10,2860,118461,184,12,12,3083,Location002,0,0,FALSE,FALSE,FALSE
ID084,2026-04-11,2784,119413,185,12,12,2572,Location002,0,0,FALSE,FALSE,FALSE
ID084,2026-04-12,607,119413,186,12,0,0,Location002,0,12,FALSE,FALSE,FALSE
ID084,2026-04-13,2810,119877,187,14,14,3136,Location002,0,0,FALSE,FALSE,FALSE
ID084,2026-04-14,1739,118339,188,14,14,1739,Location002,0,0,FALSE,FALSE,FALSE
ID084,2026-04-15,2923,116461,189,25,25,3778,Location002,0,0,FALSE,FALSE,FALSE
ID084,2026-04-16,4656,119564,190,25,0,0,Location002,0,25,FALSE,FALSE,FALSE
ID084,2026-04-17,3960,117622,191,17,17,4087,Location002,0,0,FALSE,FALSE,FALSE
ID084,2026-04-18,3794,127691,192,19,19,2974,Location002,0,0,FALSE,FALSE,FALSE
ID084,2026-04-19,2663,128194,193,14,14,2018,Location002,0,0,FALSE,FALSE,FALSE
ID084,2026-04-20,4463,128194,194,13,13,3005,Location002,0,0,FALSE,FALSE,FALSE
ID084,2026-04-21,3198,130312,195,20,20,2545,Location002,0,0,FALSE,FALSE,FALSE
ID084,2026-04-22,3881,125959,196,18,18,3447,Location002,0,0,FALSE,FALSE,FALSE
ID084,2026-04-23,2635,124700,197,12,0,0,Location002,0,12,FALSE,FALSE,FALSE
ID084,2026-04-24,5218,,198,19,0,0,Location002,0,19,FALSE,TRUE,FALSE
ID086,2025-12-30,401,40122,88,3,3,665,Location005,0,0,FALSE,FALSE,FALSE
ID086,2025-12-31,5,36764,89,1,0,0,Location005,0,1,FALSE,FALSE,FALSE
ID086,2026-01-01,230,38527.6666666667,90,2,0,0,Location005,2,2,FALSE,TRUE,FALSE
ID086,2026-01-04,1822,40291.3333333333,93,8,8,4592,Location005,8,0,FALSE,TRUE,FALSE
ID086,2026-01-05,1709,42055,94,6,6,4526,Location005,0,0,FALSE,FALSE,FALSE
ID086,2026-01-07,3482,44236,96,12,12,3690,Location005,0,0,FALSE,FALSE,FALSE
ID086,2026-01-08,2134,43903,97,9,9,5426,Location005,1,0,FALSE,FALSE,FALSE
ID086,2026-01-09,1636,44899,98,7,7,3591,Location005,7,0,FALSE,TRUE,FALSE
ID086,2026-01-10,1170,45895,99,7,7,1848,Location005,2,0,FALSE,FALSE,FALSE
ID086,2026-01-12,1042.5,46978.5,101,6,0,0,Location005,0,6,FALSE,FALSE,TRUE
ID086,2026-01-13,915,47104.75,102,8,8,1344,Location005,8,0,FALSE,TRUE,FALSE
ID086,2026-01-14,3585,47231,103,12,12,3183,Location005,0,0,FALSE,FALSE,FALSE
ID086,2026-01-15,2082,50184,104,7,7,3444,Location005,0,0,FALSE,FALSE,FALSE
ID086,2026-01-17,1745,52698,106,7,7,3119,Location005,0,0,FALSE,FALSE,FALSE
ID086,2026-01-18,2766,53184,107,10,10,3502,Location005,0,0,FALSE,FALSE,FALSE
ID086,2026-01-19,1307,53559,108,7,7,2984,Location005,0,0,FALSE,FALSE,FALSE
ID086,2026-01-20,1387,54384.5,109,6,6,3016,Location005,0,0,FALSE,FALSE,FALSE
ID086,2026-01-21,2748,56389,110,9,9,4086,Location005,0,0,FALSE,FALSE,FALSE
ID086,2026-01-22,2424,57061,111,9,9,4424,Location005,0,0,FALSE,FALSE,FALSE
ID086,2026-01-23,2275,57964,112,12,12,4772,Location005,0,0,FALSE,FALSE,FALSE
ID086,2026-01-24,2105,59339,113,7,7,3834,Location005,0,0,FALSE,FALSE,FALSE
ID086,2026-01-25,2531,60518,114,9,9,3894,Location005,0,0,FALSE,FALSE,FALSE
ID086,2026-01-26,1324,61082,115,6,6,2394,Location005,0,0,FALSE,FALSE,FALSE
ID086,2026-01-27,1105,59440,116,7,7,2814,Location005,0,0,FALSE,FALSE,FALSE
ID086,2026-01-28,1891,60940,117,3,3,3355,Location005,0,0,FALSE,FALSE,FALSE
ID086,2026-01-29,1500,62812.5,118,8,8,3306,Location005,0,0,FALSE,FALSE,FALSE
ID086,2026-01-30,2784,64113,119,6,6,4348,Location005,0,0,FALSE,FALSE,FALSE
ID086,2026-01-31,2441,65540.5,120,6,6,4326,Location005,0,0,FALSE,FALSE,FALSE
ID086,2026-02-01,1496,65786.5,121,2,2,2657,Location005,0,0,FALSE,FALSE,FALSE
ID086,2026-02-02,4598,67103,122,5,0,0,Location005,0,5,FALSE,FALSE,FALSE
ID086,2026-02-03,3715,66249,123,4,4,3190,Location005,0,0,FALSE,FALSE,FALSE
ID086,2026-02-04,2510,68275,124,5,5,3173,Location005,0,0,FALSE,FALSE,FALSE
ID086,2026-02-05,968,68261,125,3,3,2341,Location005,0,0,FALSE,FALSE,FALSE
ID086,2026-02-06,2757,70117.5,126,6,6,4260,Location005,0,0,FALSE,FALSE,FALSE
ID086,2026-02-07,3598,72270.5,127,10,10,5687,Location005,0,0,FALSE,FALSE,FALSE
ID086,2026-02-08,2009,73293,128,10,10,3956,Location005,0,0,FALSE,FALSE,FALSE
ID086,2026-02-09,1280,72912,129,2,2,2354,Location005,0,0,FALSE,FALSE,FALSE
ID086,2026-02-10,4871,73488,130,6,0,0,Location005,0,6,FALSE,FALSE,FALSE
ID086,2026-02-11,2074,76930,131,9,9,4567,Location005,0,0,FALSE,FALSE,FALSE
ID086,2026-02-12,1738,78529,132,6,6,4600,Location005,0,0,FALSE,FALSE,FALSE
ID086,2026-02-13,3437,78935,133,11,11,5646,Location005,0,0,FALSE,FALSE,FALSE
ID086,2026-02-14,2434,79770,134,5,5,4184,Location005,0,0,FALSE,FALSE,FALSE
ID086,2026-02-15,3490,80111,135,10,10,4029,Location005,0,0,FALSE,FALSE,FALSE
ID086,2026-02-16,3001,80806,136,9,9,5007,Location005,0,0,FALSE,FALSE,FALSE
ID086,2026-02-17,3301,82289,137,7,7,5110,Location005,0,0,FALSE,FALSE,FALSE
ID086,2026-02-18,2346,83419,138,7,7,4196,Location005,0,0,FALSE,FALSE,FALSE
ID086,2026-02-19,2778,84351,139,8,8,3874,Location005,0,0,FALSE,FALSE,FALSE
ID086,2026-02-20,3294,84788.5,140,10,10,4355,Location005,0,0,FALSE,FALSE,FALSE
ID086,2026-02-21,2654,85900.5,141,8,8,3659,Location005,0,0,FALSE,FALSE,FALSE
ID086,2026-02-22,1754,84865,142,8,8,2116,Location005,0,0,FALSE,FALSE,FALSE
ID086,2026-02-23,2831,86049,143,7,7,3699,Location005,0,0,FALSE,FALSE,FALSE
ID086,2026-02-24,1729,87219,144,8,8,2247,Location005,0,0,FALSE,FALSE,FALSE
ID086,2026-02-25,2214,86991.5,145,4,4,3074,Location005,0,0,FALSE,FALSE,FALSE
ID086,2026-02-26,1682,86955,146,3,3,2983,Location005,0,0,FALSE,FALSE,FALSE
ID086,2026-02-27,1412,87176,147,2,2,1495,Location005,0,0,FALSE,FALSE,FALSE
ID086,2026-02-28,1372,85412.5,148,6,6,1842,Location005,0,0,FALSE,FALSE,FALSE
ID086,2026-03-01,2741,84058,149,3,3,2702,Location005,0,0,FALSE,FALSE,FALSE
ID086,2026-03-02,4068,88519,150,8,0,0,Location005,0,8,FALSE,FALSE,FALSE
ID086,2026-03-03,1130,91739,151,5,5,2620,Location005,0,0,FALSE,FALSE,FALSE
ID086,2026-03-04,1025,88372,152,5,5,1972,Location005,0,0,FALSE,FALSE,FALSE
ID086,2026-03-05,2946,90237,153,4,4,4327,Location005,0,0,FALSE,FALSE,FALSE
ID086,2026-03-06,1702,89488,154,10,10,2598,Location005,0,0,FALSE,FALSE,FALSE
ID086,2026-03-07,3465,90873,155,3,3,3961,Location005,0,0,FALSE,FALSE,FALSE
ID086,2026-03-08,3304,95368.5,156,4,4,4596,Location005,0,0,FALSE,FALSE,FALSE
ID086,2026-03-09,3292,96674,157,8,8,4625,Location005,0,0,FALSE,FALSE,FALSE
ID086,2026-03-10,2654,96684,158,4,4,3892,Location005,0,0,FALSE,FALSE,FALSE
ID086,2026-03-11,2180,97712,159,4,4,3361,Location005,0,0,FALSE,FALSE,FALSE
ID086,2026-03-12,2744,96907,160,5,5,3589,Location005,0,0,FALSE,FALSE,FALSE
ID086,2026-03-13,2655,97782,161,5,5,2786,Location005,0,0,FALSE,FALSE,FALSE
ID086,2026-03-14,1981,97319,162,8,8,2474,Location005,0,0,FALSE,FALSE,FALSE
ID086,2026-03-15,3214,99010,163,5,5,4226,Location005,0,0,FALSE,FALSE,FALSE
ID086,2026-03-16,2373,101222,164,2,2,2869,Location005,0,0,FALSE,FALSE,FALSE
ID086,2026-03-17,849,100501,165,3,3,951,Location005,0,0,FALSE,FALSE,FALSE
ID086,2026-03-18,2666,99750,166,5,5,4113,Location005,0,0,FALSE,FALSE,FALSE
ID086,2026-03-19,2994,103131,167,6,6,3969,Location005,0,0,FALSE,FALSE,FALSE
ID086,2026-03-20,2045,103726,168,5,5,3317,Location005,0,0,FALSE,FALSE,FALSE
ID086,2026-03-21,1672,103970,169,5,5,2927,Location005,0,0,FALSE,FALSE,FALSE
ID086,2026-03-22,3897,105373.5,170,4,4,4629,Location005,0,0,FALSE,FALSE,FALSE
ID086,2026-03-23,2182,106525,171,2,2,2984,Location005,0,0,FALSE,FALSE,FALSE
ID086,2026-03-24,4739,107349.5,172,6,0,0,Location005,0,6,FALSE,FALSE,FALSE
ID086,2026-03-25,3923,110143,173,9,9,4748,Location005,0,0,FALSE,FALSE,FALSE
ID086,2026-03-26,2635,109329.5,174,8,8,3797,Location005,0,0,FALSE,FALSE,FALSE
ID086,2026-03-27,3249,111090.5,175,12,12,4513,Location005,0,0,FALSE,FALSE,FALSE
ID086,2026-03-28,2338,111979,176,7,7,2710,Location005,0,0,FALSE,FALSE,FALSE
ID086,2026-03-29,2509,111927,177,5,5,3690,Location005,0,0,FALSE,FALSE,FALSE
ID086,2026-03-30,2954,112091,178,8,8,3907,Location005,0,0,FALSE,FALSE,FALSE
ID086,2026-03-31,3266,114173.5,179,6,6,3711,Location005,0,0,FALSE,FALSE,FALSE
ID086,2026-04-01,5090,112439.5,180,2,0,0,Location005,0,2,FALSE,FALSE,FALSE
ID086,2026-04-02,4763,112290.5,181,4,0,0,Location005,0,4,FALSE,FALSE,FALSE
ID086,2026-04-03,1501,115323,182,6,6,2758,Location005,0,0,FALSE,FALSE,FALSE
ID086,2026-04-04,1120,113586.5,183,2,2,2155,Location005,0,0,FALSE,FALSE,FALSE
ID086,2026-04-05,1872,111920,184,1,1,2263,Location005,0,0,FALSE,FALSE,FALSE
ID086,2026-04-06,4025,115031,185,4,0,0,Location005,0,4,FALSE,FALSE,FALSE
ID086,2026-04-07,1655,116559,186,3,3,1756,Location005,0,0,FALSE,FALSE,FALSE
ID086,2026-04-09,5,109941,188,1,0,0,Location005,0,1,FALSE,FALSE,FALSE
ID086,2026-04-10,1947,114620,189,1,1,2646,Location005,0,0,FALSE,FALSE,FALSE
ID086,2026-04-11,2178,111047,190,1,1,2481,Location005,0,0,FALSE,FALSE,FALSE
ID086,2026-04-12,2333,114561,191,2,2,2509,Location005,0,0,FALSE,FALSE,FALSE
ID086,2026-04-13,3155,117683,192,2,2,3375,Location005,0,0,FALSE,FALSE,FALSE
ID086,2026-04-14,1397,119606.5,193,2,2,2068,Location005,0,0,FALSE,FALSE,FALSE
ID086,2026-04-15,2073,120013,194,3,3,1993,Location005,0,0,FALSE,FALSE,FALSE
ID086,2026-04-16,2714,114233,195,1,1,2700,Location005,0,0,FALSE,FALSE,FALSE
ID086,2026-04-17,2111,115397,196,2,2,2110,Location005,0,0,FALSE,FALSE,FALSE
ID086,2026-04-18,2790,115016,197,2,2,2869,Location005,0,0,FALSE,FALSE,FALSE
ID086,2026-04-19,2614,116442,198,2,2,2400,Location005,0,0,FALSE,FALSE,FALSE
ID086,2026-04-20,2018,118788,199,4,4,2037,Location005,0,0,FALSE,FALSE,FALSE
ID086,2026-04-21,2829,112461,200,2,2,2490,Location005,0,0,FALSE,FALSE,FALSE
ID086,2026-04-22,1754,119526,201,4,4,2356,Location005,0,0,FALSE,FALSE,FALSE
ID086,2026-04-23,2198,120208,202,3,3,2575,Location005,0,0,FALSE,FALSE,FALSE
ID086,2026-04-24,1801,,203,5,5,2423,Location005,0,0,FALSE,TRUE,FALSE
ID087,2025-12-30,785,37412.5,65,8,0,0,Location007,0,8,FALSE,FALSE,FALSE
ID087,2025-12-31,1904,39772.375,66,11,11,4190,Location007,11,0,FALSE,TRUE,FALSE
ID087,2026-01-01,1234,42132.25,67,8,8,4268,Location007,8,0,FALSE,TRUE,FALSE
ID087,2026-01-02,1018,44492.125,68,6,0,0,Location007,6,6,FALSE,TRUE,FALSE
ID087,2026-01-03,3816,46852,69,20,0,0,Location007,5,20,FALSE,FALSE,FALSE
ID087,2026-01-04,3067,32959,70,19,19,7927,Location007,1,0,FALSE,FALSE,FALSE
ID087,2026-01-05,2415,42119.5,71,14,14,4449,Location007,0,0,FALSE,FALSE,FALSE
ID087,2026-01-06,2526,34421,72,16,16,3444,Location007,2,0,FALSE,FALSE,FALSE
ID087,2026-01-07,2196,33938,73,9,9,1724,Location007,0,0,FALSE,FALSE,FALSE
ID087,2026-01-08,1772,38095,74,13,13,1865,Location007,0,0,FALSE,FALSE,FALSE
ID087,2026-01-09,3633,38129.5,75,12,12,5268,Location007,12,0,FALSE,TRUE,FALSE
ID087,2026-01-10,2256,38164,76,12,12,5438,Location007,5,0,FALSE,FALSE,FALSE
ID087,2026-01-11,3286,38871,77,11,11,1643,Location007,0,0,FALSE,FALSE,FALSE
ID087,2026-01-12,2565,40797,78,20,20,5518,Location007,1,0,FALSE,FALSE,FALSE
ID087,2026-01-13,3584,41970,79,25,0,0,Location007,0,25,FALSE,FALSE,TRUE
ID087,2026-01-14,4603,44449,80,29,0,0,Location007,0,29,FALSE,FALSE,FALSE
ID087,2026-01-15,2163,47116,81,16,16,3582,Location007,0,0,FALSE,FALSE,FALSE
ID087,2026-01-17,2248,48231,83,10,0,0,Location007,0,10,FALSE,FALSE,TRUE
ID087,2026-01-18,2333,49566,84,20,20,5542,Location007,0,0,FALSE,FALSE,FALSE
ID087,2026-01-19,1649,50684,85,15,15,2943,Location007,0,0,FALSE,FALSE,FALSE
ID087,2026-01-20,1828,49442,86,14,14,6143,Location007,0,0,FALSE,FALSE,FALSE
ID087,2026-01-21,2257,50700,87,7,7,5972,Location007,0,0,FALSE,FALSE,FALSE
ID087,2026-01-22,2398,52245,88,13,13,5403,Location007,0,0,FALSE,FALSE,FALSE
ID087,2026-01-23,1380,55154,89,14,14,5884,Location007,0,0,FALSE,FALSE,FALSE
ID087,2026-01-24,3405,55058,90,15,15,6512,Location007,0,0,FALSE,FALSE,FALSE
ID087,2026-01-25,2664,55507,91,17,17,7695,Location007,0,0,FALSE,FALSE,FALSE
ID087,2026-01-26,2076,56371.6666666667,92,17,17,6580,Location007,0,0,FALSE,TRUE,FALSE
ID087,2026-01-27,2498,57236.3333333333,93,13,13,6552,Location007,0,0,FALSE,TRUE,FALSE
ID087,2026-01-28,2184,58101,94,10,10,5574,Location007,0,0,FALSE,FALSE,FALSE
ID087,2026-01-29,2151,58101,95,9,9,5794,Location007,0,0,FALSE,FALSE,FALSE
ID087,2026-01-30,2192,59061,96,8,8,3609,Location007,0,0,FALSE,FALSE,FALSE
ID087,2026-01-31,3467,59114,97,19,19,4898,Location007,0,0,FALSE,FALSE,FALSE
ID087,2026-02-01,3703,61658,98,16,16,5848,Location007,0,0,FALSE,FALSE,FALSE
ID087,2026-02-02,3087,62419,99,19,19,5049,Location007,0,0,FALSE,FALSE,FALSE
ID087,2026-02-03,5606,63932,100,11,0,0,Location007,0,11,FALSE,FALSE,FALSE
ID087,2026-02-04,4456,65981,101,13,13,4520,Location007,0,0,FALSE,FALSE,FALSE
ID087,2026-02-05,3729,65981,102,17,17,5168,Location007,0,0,FALSE,FALSE,FALSE
ID087,2026-02-06,2438,65134,103,14,14,5372,Location007,0,0,FALSE,FALSE,FALSE
ID087,2026-02-07,3294,68263,104,20,20,4623,Location007,0,0,FALSE,FALSE,FALSE
ID087,2026-02-08,3237,66374,105,20,20,5645,Location007,0,0,FALSE,FALSE,FALSE
ID087,2026-02-09,3501,70227.5,106,24,24,5577,Location007,0,0,FALSE,FALSE,FALSE
ID087,2026-02-10,3024,70830,107,18,18,4873,Location007,0,0,FALSE,FALSE,FALSE
ID087,2026-02-11,2166,70899,108,12,12,4616,Location007,0,0,FALSE,FALSE,FALSE
ID087,2026-02-12,2117,73351,109,12,12,4549,Location007,0,0,FALSE,FALSE,FALSE
ID087,2026-02-13,3695,72623.5,110,16,16,6276,Location007,0,0,FALSE,FALSE,FALSE
ID087,2026-02-14,2207,71896,111,11,11,2603,Location007,0,0,FALSE,FALSE,FALSE
ID087,2026-02-15,3141,73867,112,21,21,5341,Location007,0,0,FALSE,TRUE,FALSE
ID087,2026-02-16,1966,75838,113,15,15,3950,Location007,0,0,FALSE,FALSE,FALSE
ID087,2026-02-17,2413,78214,114,15,15,6121,Location007,0,0,FALSE,FALSE,FALSE
ID087,2026-02-18,2679,78246,115,12,12,3537,Location007,0,0,FALSE,FALSE,FALSE
ID087,2026-02-19,3330,79537,116,20,20,6973,Location007,0,0,FALSE,FALSE,FALSE
ID087,2026-02-20,2545,78632,117,13,13,4581,Location007,0,0,FALSE,FALSE,FALSE
ID087,2026-02-21,2907,78632,118,17,17,4702,Location007,0,0,FALSE,FALSE,FALSE
ID087,2026-02-22,3079,79347,119,18,18,5126,Location007,0,0,FALSE,FALSE,FALSE
ID087,2026-02-23,3225,79537,120,18,18,5285,Location007,0,0,FALSE,FALSE,FALSE
ID087,2026-02-24,3207,79537,121,14,14,5014,Location007,0,0,FALSE,FALSE,FALSE
ID087,2026-02-25,2935,86981,122,18,18,4779,Location007,0,0,FALSE,FALSE,FALSE
ID087,2026-02-26,3425,87374,123,16,16,4577,Location007,0,0,FALSE,FALSE,FALSE
ID087,2026-02-27,3255,88237,124,24,24,4716,Location007,0,0,FALSE,FALSE,FALSE
ID087,2026-02-28,2594,87374,125,19,19,5140,Location007,0,0,FALSE,FALSE,FALSE
ID087,2026-03-01,3335,88657,126,19,19,4573,Location007,0,0,FALSE,FALSE,FALSE
ID087,2026-03-02,3512,89866.5,127,28,28,5207,Location007,28,0,FALSE,TRUE,FALSE
ID087,2026-03-03,3011,91076,128,14,14,5187,Location007,0,0,FALSE,FALSE,FALSE
ID087,2026-03-04,3308,93174,129,25,25,4749,Location007,25,0,FALSE,TRUE,FALSE
ID087,2026-03-05,2724,95272,130,15,15,3782,Location007,0,0,FALSE,FALSE,FALSE
ID087,2026-03-06,2967,95848.5,131,15,15,4677,Location007,0,0,FALSE,TRUE,FALSE
ID087,2026-03-07,3179,96425,132,23,23,5451,Location007,23,0,FALSE,TRUE,FALSE
ID087,2026-03-08,1925,97001.5,133,21,21,2986,Location007,21,0,FALSE,TRUE,FALSE
ID087,2026-03-09,2988,97578,134,23,23,4231,Location007,0,0,FALSE,FALSE,FALSE
ID087,2026-03-10,2419,99467,135,23,23,3839,Location007,0,0,FALSE,FALSE,FALSE
ID087,2026-03-11,3447,103810,136,16,16,5268,Location007,0,0,FALSE,FALSE,FALSE
ID087,2026-03-12,1107,98286,137,9,0,0,Location007,0,9,FALSE,FALSE,FALSE
ID087,2026-03-13,3322,97769,138,20,20,5457,Location007,0,0,FALSE,FALSE,FALSE
ID087,2026-03-14,2933,103368,139,20,20,4839,Location007,0,0,FALSE,FALSE,FALSE
ID087,2026-03-15,5351,103368,140,23,0,0,Location007,0,23,FALSE,FALSE,FALSE
ID087,2026-03-16,3448,106827,141,19,19,5010,Location007,0,0,FALSE,FALSE,FALSE
ID087,2026-03-17,4211,106260,142,27,27,5513,Location007,0,0,FALSE,FALSE,FALSE
ID087,2026-03-18,3045,107219,143,17,17,4415,Location007,0,0,FALSE,FALSE,FALSE
ID087,2026-03-19,3961,110139,144,14,14,4902,Location007,0,0,FALSE,FALSE,FALSE
ID087,2026-03-20,2059,108461,145,14,14,3522,Location007,0,0,FALSE,FALSE,FALSE
ID087,2026-03-21,3521,106425,146,28,28,4593,Location007,0,0,FALSE,FALSE,FALSE
ID087,2026-03-22,2603,108095.5,147,10,10,3203,Location007,0,0,FALSE,FALSE,FALSE
ID087,2026-03-23,4245,108465,148,16,16,5756,Location007,0,0,FALSE,FALSE,FALSE
ID087,2026-03-24,3961,108324,149,14,14,4618,Location007,0,0,FALSE,FALSE,FALSE
ID087,2026-03-25,3442,107954,150,20,20,4374,Location007,0,0,FALSE,FALSE,FALSE
ID087,2026-03-26,4121,107954,151,18,18,5247,Location007,0,0,FALSE,FALSE,FALSE
ID087,2026-03-27,3283,107954,152,18,18,4108,Location007,0,0,FALSE,FALSE,FALSE
ID087,2026-03-28,3348,117676,153,17,17,4621,Location007,0,0,FALSE,FALSE,FALSE
ID087,2026-03-29,3256,117760,154,15,15,4110,Location007,0,0,FALSE,FALSE,FALSE
ID087,2026-03-30,1869,114692,155,11,11,2494,Location007,0,0,FALSE,FALSE,FALSE
ID087,2026-03-31,842,114464,156,11,0,0,Location007,0,11,FALSE,FALSE,FALSE
ID087,2026-04-01,2723,117202,157,17,17,4453,Location007,0,0,FALSE,FALSE,FALSE
ID087,2026-04-02,2157,117267,158,12,12,3590,Location007,0,0,FALSE,FALSE,FALSE
ID087,2026-04-03,2544,118482,159,13,13,3836,Location007,0,0,FALSE,FALSE,FALSE
ID087,2026-04-04,2035,116310,160,15,15,1757,Location007,0,0,FALSE,FALSE,FALSE
ID087,2026-04-05,2498,115791,161,13,13,2450,Location007,0,0,FALSE,FALSE,FALSE
ID087,2026-04-06,3551,118522,162,12,12,3487,Location007,0,0,FALSE,FALSE,FALSE
ID087,2026-04-07,1755,119934,163,9,9,2018,Location007,0,0,FALSE,FALSE,FALSE
ID087,2026-04-08,3842,119934,164,16,16,5016,Location007,0,0,FALSE,FALSE,FALSE
ID087,2026-04-09,2653,123054,165,15,15,3678,Location007,0,0,FALSE,FALSE,FALSE
ID087,2026-04-10,4118,123535,166,14,14,3258,Location007,0,0,FALSE,FALSE,FALSE
ID087,2026-04-11,3388,124362,167,13,13,3069,Location007,0,0,FALSE,FALSE,FALSE
ID087,2026-04-12,3543,124150,168,15,15,4396,Location007,0,0,FALSE,FALSE,FALSE
ID087,2026-04-13,3340,129526,169,19,19,4071,Location007,0,0,FALSE,FALSE,FALSE
ID087,2026-04-14,4482,129526,170,22,22,4397,Location007,0,0,FALSE,FALSE,FALSE
ID087,2026-04-15,1994,129943,171,11,11,2092,Location007,0,0,FALSE,FALSE,FALSE
ID087,2026-04-16,3035,128491,172,14,14,2749,Location007,0,0,FALSE,FALSE,FALSE
ID087,2026-04-17,2727,126577,173,14,14,3313,Location007,0,0,FALSE,FALSE,FALSE
ID087,2026-04-18,3347,126577,174,12,12,3435,Location007,0,0,FALSE,FALSE,FALSE
ID087,2026-04-19,1646,130868,175,9,9,1614,Location007,0,0,FALSE,FALSE,FALSE
ID087,2026-04-20,1602,128300,176,4,4,1196,Location007,0,0,FALSE,FALSE,FALSE
ID087,2026-04-21,2074,128247,177,11,11,2490,Location007,0,0,FALSE,FALSE,FALSE
ID087,2026-04-22,2256,126798,178,8,8,2918,Location007,0,0,FALSE,FALSE,FALSE
ID087,2026-04-23,1728,128743,179,8,8,3166,Location007,0,0,FALSE,FALSE,FALSE
ID087,2026-04-24,1988,,180,10,10,3409,Location007,0,0,FALSE,TRUE,FALSE
ID090,2025-12-30,764,,66,8,8,4104,Location006,8,0,FALSE,TRUE,FALSE
ID090,2026-01-02,1388,,69,14,14,5387,Location006,14,0,FALSE,TRUE,FALSE
ID090,2026-01-03,1767,,70,12,12,6684,Location006,12,0,FALSE,TRUE,FALSE
ID090,2026-01-04,2732,,71,12,12,6814,Location006,12,0,FALSE,TRUE,FALSE
ID090,2026-01-05,1986,,72,14,14,7805,Location006,14,0,FALSE,TRUE,FALSE
ID090,2026-01-06,1367,,73,17,17,6685,Location006,17,0,FALSE,TRUE,FALSE
ID090,2026-01-07,1055,29856,74,11,11,5614,Location006,10,0,FALSE,FALSE,FALSE
ID090,2026-01-08,1458,29735,75,11,11,6330,Location006,11,0,FALSE,TRUE,FALSE
ID090,2026-01-09,1066,29614,76,9,9,5093,Location006,4,0,FALSE,FALSE,FALSE
ID090,2026-01-11,759,27035,78,8,0,0,Location006,7,8,FALSE,FALSE,FALSE
ID090,2026-01-12,1581,25192,79,4,4,3105,Location006,3,0,FALSE,FALSE,FALSE
ID090,2026-01-15,3133,28529,82,12,12,4047,Location006,0,0,FALSE,FALSE,FALSE
ID090,2026-01-17,1659,30748,84,13,13,4824,Location006,0,0,FALSE,FALSE,FALSE
ID090,2026-01-18,2094,30719,85,11,11,4876,Location006,0,0,FALSE,FALSE,FALSE
ID090,2026-01-19,561,31107,86,9,0,0,Location006,0,9,FALSE,FALSE,FALSE
ID090,2026-01-20,1558,32443,87,15,15,4813,Location006,0,0,FALSE,FALSE,FALSE
ID090,2026-01-21,1464,33949,88,10,10,3389,Location006,0,0,FALSE,FALSE,FALSE
ID090,2026-01-22,1337,34415,89,9,9,3701,Location006,0,0,FALSE,FALSE,FALSE
ID090,2026-01-23,1446,35058,90,10,10,2400,Location006,0,0,FALSE,FALSE,FALSE
ID090,2026-01-24,1633,36248,91,13,13,4244,Location006,0,0,FALSE,FALSE,FALSE
ID090,2026-01-25,1916,36910,92,18,18,5494,Location006,0,0,FALSE,FALSE,FALSE
ID090,2026-01-26,1729,37539,93,13,13,3976,Location006,0,0,FALSE,FALSE,FALSE
ID090,2026-01-27,1415,38510,94,13,13,2870,Location006,0,0,FALSE,FALSE,FALSE
ID090,2026-01-28,1058,39602.5,95,8,8,3348,Location006,0,0,FALSE,FALSE,FALSE
ID090,2026-01-29,1451,40507,96,7,7,2576,Location006,0,0,FALSE,FALSE,FALSE
ID090,2026-01-30,1134,41497,97,11,11,2254,Location006,0,0,FALSE,FALSE,FALSE
ID090,2026-01-31,2043,42020,98,15,15,4738,Location006,0,0,FALSE,FALSE,FALSE
ID090,2026-02-01,1290,43653,99,8,8,2914,Location006,0,0,FALSE,FALSE,FALSE
ID090,2026-02-02,2300,44541,100,13,13,4530,Location006,0,0,FALSE,FALSE,FALSE
ID090,2026-02-03,2030,45123,101,14,14,4079,Location006,0,0,FALSE,FALSE,FALSE
ID090,2026-02-04,1857,46904,102,8,8,3378,Location006,0,0,FALSE,FALSE,FALSE
ID090,2026-02-05,1871,47607,103,15,15,4279,Location006,0,0,FALSE,FALSE,FALSE
ID090,2026-02-06,1814,48286.5,104,16,16,3845,Location006,0,0,FALSE,FALSE,FALSE
ID090,2026-02-07,1383,48426,105,6,6,2834,Location006,0,0,FALSE,FALSE,FALSE
ID090,2026-02-08,2089,49195,106,17,17,4504,Location006,0,0,FALSE,FALSE,FALSE
ID090,2026-02-09,1486,51361,107,10,10,3461,Location006,0,0,FALSE,FALSE,FALSE
ID090,2026-02-10,2033,51689.5,108,14,14,4507,Location006,0,0,FALSE,FALSE,FALSE
ID090,2026-02-11,2811,52277,109,29,29,5003,Location006,0,0,FALSE,FALSE,FALSE
ID090,2026-02-12,3211,53149,110,20,20,4708,Location006,0,0,FALSE,FALSE,FALSE
ID090,2026-02-13,1744,55293,111,13,13,3912,Location006,0,0,FALSE,FALSE,FALSE
ID090,2026-02-14,2651,56789,112,14,14,3632,Location006,0,0,FALSE,FALSE,FALSE
ID090,2026-02-15,1862,57186,113,12,12,3763,Location006,0,0,FALSE,FALSE,FALSE
ID090,2026-02-16,1680,59020.5,114,18,18,3701,Location006,0,0,FALSE,FALSE,FALSE
ID090,2026-02-17,412,62120,115,7,0,0,Location006,0,7,FALSE,FALSE,FALSE
ID090,2026-02-18,2066,61446,116,16,16,4505,Location006,0,0,FALSE,FALSE,FALSE
ID090,2026-02-19,2046,61949,117,16,16,3538,Location006,0,0,FALSE,FALSE,FALSE
ID090,2026-02-20,2858,63258,118,12,12,4054,Location006,0,0,FALSE,FALSE,FALSE
ID090,2026-02-21,2661,63618.5,119,18,18,3930,Location006,0,0,FALSE,FALSE,FALSE
ID090,2026-02-22,2228,65306,120,18,18,5026,Location006,0,0,FALSE,FALSE,FALSE
ID090,2026-02-23,2723,66563,121,19,19,4206,Location006,0,0,FALSE,FALSE,FALSE
ID090,2026-02-24,2404,67740,122,15,15,3969,Location006,0,0,FALSE,FALSE,FALSE
ID090,2026-02-25,2641,68313,123,11,11,4135,Location006,0,0,FALSE,FALSE,FALSE
ID090,2026-02-26,2492,69851,124,15,15,3964,Location006,0,0,FALSE,FALSE,FALSE
ID090,2026-02-27,2022,70254,125,13,13,3704,Location006,0,0,FALSE,FALSE,FALSE
ID090,2026-02-28,2427,71191,126,17,17,3929,Location006,0,0,FALSE,FALSE,FALSE
ID090,2026-03-01,3823,72218,127,25,25,3502,Location006,0,0,FALSE,FALSE,FALSE
ID090,2026-03-02,2656,73649,128,21,21,4627,Location006,0,0,FALSE,FALSE,FALSE
ID090,2026-03-03,3208,72748,129,15,15,4669,Location006,0,0,FALSE,FALSE,FALSE
ID090,2026-03-04,2238,75647,130,10,10,4091,Location006,0,0,FALSE,FALSE,FALSE
ID090,2026-03-05,3735,76374,131,20,20,4307,Location006,0,0,FALSE,FALSE,FALSE
ID090,2026-03-06,3648,77170,132,14,14,4929,Location006,0,0,FALSE,FALSE,FALSE
ID090,2026-03-07,3350,78883,133,19,19,5649,Location006,0,0,FALSE,FALSE,FALSE
ID090,2026-03-08,3122,79464,134,13,13,4055,Location006,0,0,FALSE,FALSE,FALSE
ID090,2026-03-09,1957,78093,135,9,9,3299,Location006,0,0,FALSE,FALSE,FALSE
ID090,2026-03-10,3234,79676,136,11,11,4030,Location006,0,0,FALSE,FALSE,FALSE
ID090,2026-03-11,3528,81605,137,14,14,5685,Location006,0,0,FALSE,FALSE,FALSE
ID090,2026-03-12,2682,81601,138,12,12,3190,Location006,0,0,FALSE,FALSE,FALSE
ID090,2026-03-13,2147,82757,139,10,10,3813,Location006,0,0,FALSE,FALSE,FALSE
ID090,2026-03-14,2578,83727.5,140,12,12,3465,Location006,0,0,FALSE,FALSE,FALSE
ID090,2026-03-15,2245,82967,141,13,13,4062,Location006,0,0,FALSE,FALSE,FALSE
ID090,2026-03-16,3535,85200,142,15,15,4263,Location006,0,0,FALSE,FALSE,FALSE
ID090,2026-03-17,1828,83007,143,11,11,3419,Location006,0,0,FALSE,FALSE,FALSE
ID090,2026-03-18,2896,86950,144,11,11,3710,Location006,0,0,FALSE,FALSE,FALSE
ID090,2026-03-19,2644,86558,145,13,13,3664,Location006,0,0,FALSE,FALSE,FALSE
ID090,2026-03-20,3348,88815,146,15,15,5044,Location006,0,0,FALSE,FALSE,FALSE
ID090,2026-03-21,3395,88606,147,17,17,5193,Location006,0,0,FALSE,FALSE,FALSE
ID090,2026-03-22,3911,89676,148,21,21,4118,Location006,0,0,FALSE,FALSE,FALSE
ID090,2026-03-23,4045,91824,149,17,17,5913,Location006,0,0,FALSE,FALSE,FALSE
ID090,2026-03-24,2351,91872,150,10,10,3620,Location006,0,0,FALSE,FALSE,FALSE
ID090,2026-03-25,2884,92695,151,12,12,4378,Location006,0,0,FALSE,FALSE,FALSE
ID090,2026-03-26,3132,93440,152,13,13,4058,Location006,0,0,FALSE,FALSE,FALSE
ID090,2026-03-27,3666,96528,153,11,11,3993,Location006,0,0,FALSE,FALSE,FALSE
ID090,2026-03-28,2748,97225,154,12,12,3546,Location006,0,0,FALSE,FALSE,FALSE
ID090,2026-03-29,3575,98251.5,155,14,14,5195,Location006,0,0,FALSE,FALSE,FALSE
ID090,2026-03-30,4115,97042,156,14,14,4392,Location006,0,0,FALSE,FALSE,FALSE
ID090,2026-03-31,2871,101318.5,157,10,10,3536,Location006,0,0,FALSE,FALSE,FALSE
ID090,2026-04-01,3533,100303,158,17,17,4009,Location006,0,0,FALSE,FALSE,FALSE
ID090,2026-04-02,2953,100560,159,14,14,3557,Location006,0,0,FALSE,FALSE,FALSE
ID090,2026-04-03,2872,101347.5,160,16,16,4667,Location006,0,0,FALSE,FALSE,FALSE
ID090,2026-04-04,3728,101050.5,161,14,14,4775,Location006,0,0,FALSE,FALSE,FALSE
ID090,2026-04-05,2987,103043,162,11,11,4051,Location006,0,0,FALSE,FALSE,FALSE
ID090,2026-04-06,1958,101171,163,8,8,3098,Location006,0,0,FALSE,FALSE,FALSE
ID090,2026-04-07,2550,101160,164,15,15,4071,Location006,0,0,FALSE,FALSE,FALSE
ID090,2026-04-08,1401,100293,165,5,5,2170,Location006,0,0,FALSE,FALSE,FALSE
ID090,2026-04-10,4067,106350,167,13,13,3420,Location006,0,0,FALSE,FALSE,FALSE
ID090,2026-04-11,5798,107837,168,25,0,0,Location006,0,25,FALSE,FALSE,FALSE
ID090,2026-04-12,2823,108220,169,14,14,2501,Location006,0,0,FALSE,FALSE,FALSE
ID090,2026-04-13,2783,105713,170,16,16,2428,Location006,0,0,FALSE,FALSE,FALSE
ID090,2026-04-14,2032,107701,171,13,13,1554,Location006,0,0,FALSE,FALSE,FALSE
ID090,2026-04-15,3858,107701,172,19,19,4239,Location006,0,0,FALSE,FALSE,FALSE
ID090,2026-04-16,4804,109828,173,15,15,4478,Location006,0,0,FALSE,FALSE,FALSE
ID090,2026-04-17,3229,109828,174,16,16,4484,Location006,0,0,FALSE,FALSE,FALSE
ID090,2026-04-18,5827,111633,175,25,0,0,Location006,0,25,FALSE,FALSE,FALSE
ID090,2026-04-19,1875,110679,176,9,0,0,Location006,0,9,FALSE,FALSE,FALSE
ID090,2026-04-20,4967,110932.5,177,20,20,5102,Location006,0,0,FALSE,FALSE,FALSE
ID090,2026-04-21,2733,111358,178,11,11,2851,Location006,0,0,FALSE,FALSE,FALSE
ID090,2026-04-22,4145,111358,179,16,16,4175,Location006,0,0,FALSE,FALSE,FALSE
ID090,2026-04-23,3543,116729,180,16,16,4656,Location006,0,0,FALSE,FALSE,FALSE
ID090,2026-04-24,2594,,181,16,16,3081,Location006,0,0,FALSE,TRUE,FALSE
ID091,2025-12-30,865,,79,18,0,0,Location005,18,18,FALSE,TRUE,FALSE
ID091,2025-12-31,1470,35093,80,13,13,6721,Location005,0,0,FALSE,FALSE,FALSE
ID091,2026-01-01,1744,31385,81,10,10,7506,Location005,0,0,FALSE,FALSE,FALSE
ID091,2026-01-02,1735,30906,82,12,12,6787,Location005,0,0,FALSE,FALSE,FALSE
ID091,2026-01-04,3235,33653,84,10,10,7311,Location005,0,0,FALSE,FALSE,FALSE
ID091,2026-01-05,2707,35289,85,19,19,8263,Location005,0,0,FALSE,FALSE,FALSE
ID091,2026-01-06,2513,37064,86,13,13,7608,Location005,0,0,FALSE,FALSE,FALSE
ID091,2026-01-07,2137,37669,87,23,23,7278,Location005,0,0,FALSE,FALSE,FALSE
ID091,2026-01-08,2092,37724,88,9,9,6802,Location005,0,0,FALSE,FALSE,FALSE
ID091,2026-01-09,2280,40301,89,20,20,7820,Location005,0,0,FALSE,FALSE,FALSE
ID091,2026-01-10,2093,41145,90,22,22,7587,Location005,0,0,FALSE,FALSE,FALSE
ID091,2026-01-12,2249,41283,92,25,25,7628,Location005,0,0,FALSE,FALSE,FALSE
ID091,2026-01-13,2475,42547,93,17,17,7537,Location005,0,0,FALSE,FALSE,FALSE
ID091,2026-01-17,2501,49287,97,12,12,6738,Location005,0,0,FALSE,FALSE,FALSE
ID091,2026-01-18,3785,49966,98,17,17,6524,Location005,0,0,FALSE,FALSE,FALSE
ID091,2026-01-19,3495,51727,99,22,22,7840,Location005,0,0,FALSE,FALSE,FALSE
ID091,2026-01-20,2389,53018,100,8,8,6345,Location005,0,0,FALSE,FALSE,FALSE
ID091,2026-01-21,2501,54581,101,14,14,7471,Location005,0,0,FALSE,FALSE,FALSE
ID091,2026-01-22,2654,55245,102,12,12,6820,Location005,0,0,FALSE,FALSE,FALSE
ID091,2026-01-23,2166,56286,103,11,11,7149,Location005,0,0,FALSE,FALSE,FALSE
ID091,2026-01-24,1940,57461,104,9,9,5881,Location005,0,0,FALSE,FALSE,FALSE
ID091,2026-01-25,2562,57864,105,10,10,6406,Location005,0,0,FALSE,FALSE,FALSE
ID091,2026-01-26,2198,59202,106,13,13,5435,Location005,0,0,FALSE,FALSE,FALSE
ID091,2026-01-27,2416,59619,107,12,12,6640,Location005,0,0,FALSE,FALSE,FALSE
ID091,2026-01-28,2529,61461.5,108,10,10,6586,Location005,0,0,FALSE,FALSE,FALSE
ID091,2026-01-29,3191,63076,109,11,11,6716,Location005,0,0,FALSE,FALSE,FALSE
ID091,2026-01-30,2270,63489.5,110,14,14,5565,Location005,0,0,FALSE,FALSE,FALSE
ID091,2026-01-31,1759,65396,111,9,9,5856,Location005,0,0,FALSE,FALSE,FALSE
ID091,2026-02-01,2885,65652,112,9,9,5815,Location005,0,0,FALSE,FALSE,FALSE
ID091,2026-02-02,3477,66979,113,19,19,6063,Location005,0,0,FALSE,FALSE,FALSE
ID091,2026-02-03,1255,67237,114,6,6,4422,Location005,0,0,FALSE,FALSE,FALSE
ID091,2026-02-04,1967,66376,115,7,7,5711,Location005,0,0,FALSE,FALSE,FALSE
ID091,2026-02-05,1452,67864,116,7,7,3930,Location005,0,0,FALSE,FALSE,FALSE
ID091,2026-02-06,2181,69911.5,117,10,10,6178,Location005,0,0,FALSE,FALSE,FALSE
ID091,2026-02-07,2938,69711,118,9,9,6620,Location005,0,0,FALSE,FALSE,FALSE
ID091,2026-02-08,2347.5,71838,119,8,0,0,Location005,0,8,FALSE,FALSE,TRUE
ID091,2026-02-09,1757,70764,120,17,17,3672,Location005,0,0,FALSE,FALSE,FALSE
ID091,2026-02-10,3178,74233,121,12,12,5415,Location005,0,0,FALSE,FALSE,FALSE
ID091,2026-02-11,2350,74491,122,10,10,4930,Location005,0,0,FALSE,FALSE,FALSE
ID091,2026-02-12,4131,73296,123,14,14,6596,Location005,0,0,FALSE,FALSE,FALSE
ID091,2026-02-13,3715,75241,124,11,11,6019,Location005,0,0,FALSE,FALSE,FALSE
ID091,2026-02-14,2315,77793,125,4,4,4874,Location005,0,0,FALSE,FALSE,FALSE
ID091,2026-02-15,2405,75994,126,11,11,5274,Location005,0,0,FALSE,FALSE,FALSE
ID091,2026-02-16,2926,79541,127,15,15,5560,Location005,0,0,FALSE,FALSE,FALSE
ID091,2026-02-17,2468,79848,128,10,10,6081,Location005,0,0,FALSE,FALSE,FALSE
ID091,2026-02-18,3433,80075,129,20,20,6935,Location005,0,0,FALSE,FALSE,FALSE
ID091,2026-02-19,2864,83994,130,15,15,5768,Location005,0,0,FALSE,FALSE,FALSE
ID091,2026-02-20,3664,83876,131,20,20,6897,Location005,0,0,FALSE,FALSE,FALSE
ID091,2026-02-21,1095,81790,132,5,0,0,Location005,0,5,FALSE,FALSE,FALSE
ID091,2026-02-22,1259,80057,133,9,9,2831,Location005,0,0,FALSE,FALSE,FALSE
ID091,2026-02-23,2364,83248,134,13,13,5225,Location005,0,0,FALSE,FALSE,FALSE
ID091,2026-02-24,2832,85523,135,16,16,5961,Location005,0,0,FALSE,FALSE,FALSE
ID091,2026-02-25,2923,87160.5,136,12,12,6889,Location005,0,0,FALSE,FALSE,FALSE
ID091,2026-02-26,2234,88959,137,11,11,6605,Location005,0,0,FALSE,FALSE,FALSE
ID091,2026-02-27,2582,89955,138,5,5,5933,Location005,0,0,FALSE,FALSE,FALSE
ID091,2026-02-28,3084,90211,139,13,13,6322,Location005,0,0,FALSE,FALSE,FALSE
ID091,2026-03-01,3136,91880,140,12,12,7963,Location005,0,0,FALSE,FALSE,FALSE
ID091,2026-03-02,3958,93737,141,17,17,8738,Location005,0,0,FALSE,FALSE,FALSE
ID091,2026-03-03,3185,94964,142,17,17,7334,Location005,0,0,FALSE,FALSE,FALSE
ID091,2026-03-04,3873,95848,143,15,0,0,Location005,0,15,FALSE,FALSE,TRUE
ID091,2026-03-05,4561,96652.5,144,16,16,6877,Location005,0,0,FALSE,FALSE,FALSE
ID091,2026-03-06,4153,97839.5,145,12,12,6553,Location005,0,0,FALSE,FALSE,FALSE
ID091,2026-03-07,3934,97997,146,17,17,7731,Location005,0,0,FALSE,FALSE,FALSE
ID091,2026-03-08,3127,101175,147,13,13,5727,Location005,0,0,FALSE,FALSE,FALSE
ID091,2026-03-09,3816,103374,148,15,15,7076,Location005,0,0,FALSE,FALSE,FALSE
ID091,2026-03-10,3331,103896,149,17,17,6934,Location005,0,0,FALSE,FALSE,FALSE
ID091,2026-03-11,2482,102845,150,7,7,6503,Location005,0,0,FALSE,FALSE,FALSE
ID091,2026-03-12,2631,106106,151,14,14,5524,Location005,0,0,FALSE,FALSE,FALSE
ID091,2026-03-13,2149,103045,152,11,11,6115,Location005,0,0,FALSE,FALSE,FALSE
ID091,2026-03-14,2781,107013,153,10,10,5258,Location005,0,0,FALSE,FALSE,FALSE
ID091,2026-03-15,3115,107557,154,10,10,4948,Location005,0,0,FALSE,FALSE,FALSE
ID091,2026-03-16,1948,106927,155,5,5,4659,Location005,0,0,FALSE,FALSE,FALSE
ID091,2026-03-17,2782,110236,156,17,17,5450,Location005,0,0,FALSE,FALSE,FALSE
ID091,2026-03-18,3757,109190,157,17,17,5449,Location005,0,0,FALSE,FALSE,FALSE
ID091,2026-03-19,2214,110495,158,9,9,4477,Location005,0,0,FALSE,FALSE,FALSE
ID091,2026-03-20,2415,109605,159,6,6,2987,Location005,0,0,FALSE,FALSE,FALSE
ID091,2026-03-21,3705,106994,160,8,8,4219,Location005,0,0,FALSE,FALSE,FALSE
ID091,2026-03-22,2567,111684,161,5,5,6069,Location005,0,0,FALSE,FALSE,FALSE
ID091,2026-03-23,2069,113221,162,8,8,3844,Location005,0,0,FALSE,FALSE,FALSE
ID091,2026-03-24,4867,114986,163,16,0,0,Location005,0,16,FALSE,FALSE,FALSE
ID091,2026-03-25,2290,116871,164,10,10,5618,Location005,0,0,FALSE,FALSE,FALSE
ID091,2026-03-26,2655,116091.5,165,10,10,3775,Location005,0,0,FALSE,FALSE,FALSE
ID091,2026-03-27,1982,115656,166,8,8,3467,Location005,0,0,FALSE,FALSE,FALSE
ID091,2026-03-28,3246,117255,167,22,22,4333,Location005,0,0,FALSE,FALSE,FALSE
ID091,2026-03-29,3537,122003,168,21,21,4478,Location005,0,0,FALSE,FALSE,FALSE
ID091,2026-03-30,4462,121374,169,22,22,5549,Location005,0,0,FALSE,FALSE,FALSE
ID091,2026-03-31,3211,121993,170,13,13,4337,Location005,0,0,FALSE,FALSE,FALSE
ID091,2026-04-01,2762,121509,171,17,17,3351,Location005,0,0,FALSE,FALSE,FALSE
ID091,2026-04-02,3727,122967,172,16,16,6205,Location005,0,0,FALSE,FALSE,FALSE
ID091,2026-04-03,3510,125674,173,17,17,4132,Location005,0,0,FALSE,FALSE,FALSE
ID091,2026-04-04,3657,126850,174,19,19,5580,Location005,0,0,FALSE,FALSE,FALSE
ID091,2026-04-05,2189,125844,175,20,20,2695,Location005,0,0,FALSE,FALSE,FALSE
ID091,2026-04-06,4670,126849,176,17,17,5046,Location005,0,0,FALSE,FALSE,FALSE
ID091,2026-04-07,3622,127446,177,19,19,4713,Location005,0,0,FALSE,FALSE,FALSE
ID091,2026-04-08,2742,129455,178,13,13,3705,Location005,0,0,FALSE,FALSE,FALSE
ID091,2026-04-09,788,131195,179,7,0,0,Location005,0,7,FALSE,FALSE,FALSE
ID091,2026-04-10,4038,129819,180,18,18,5371,Location005,0,0,FALSE,FALSE,FALSE
ID091,2026-04-11,3597,130038,181,15,15,3719,Location005,0,0,FALSE,FALSE,FALSE
ID091,2026-04-12,3465,130457,182,18,18,4754,Location005,0,0,FALSE,FALSE,FALSE
ID091,2026-04-13,3533,131008,183,16,16,3525,Location005,0,0,FALSE,FALSE,FALSE
ID091,2026-04-14,3826,132661,184,16,16,5400,Location005,0,0,FALSE,FALSE,FALSE
ID091,2026-04-15,2772,134016.5,185,12,12,3958,Location005,0,0,FALSE,FALSE,FALSE
ID091,2026-04-16,3300,135135,186,20,20,5066,Location005,0,0,FALSE,FALSE,FALSE
ID091,2026-04-17,3084,135878,187,17,17,3701,Location005,0,0,FALSE,FALSE,FALSE
ID091,2026-04-18,3962,135230,188,18,18,4991,Location005,0,0,FALSE,FALSE,FALSE
ID091,2026-04-19,3842,135275,189,19,19,4389,Location005,0,0,FALSE,FALSE,FALSE
ID091,2026-04-20,3558,137529,190,15,15,6509,Location005,0,0,FALSE,FALSE,FALSE
ID091,2026-04-21,2368,137080,191,12,12,4542,Location005,2,0,FALSE,FALSE,FALSE
ID091,2026-04-22,3895,138765,192,23,23,5804,Location005,11,0,FALSE,FALSE,FALSE
ID091,2026-04-23,3314,138576,193,17,17,6032,Location005,9,0,FALSE,FALSE,FALSE
ID091,2026-04-24,4115,,194,22,22,6695,Location005,0,0,FALSE,TRUE,FALSE
ID096,2025-12-30,1040,40228,81,34,34,4820,Location005,23,0,FALSE,FALSE,FALSE
ID096,2026-01-01,1045,26104.5,83,16,16,5350,Location005,12,0,FALSE,FALSE,FALSE
ID096,2026-01-02,1824,25044,84,24,24,5487,Location005,3,0,FALSE,FALSE,FALSE
ID096,2026-01-03,3571,25643,85,21,0,0,Location005,0,21,FALSE,FALSE,FALSE
ID096,2026-01-05,1854,25551,87,25,25,8320,Location005,0,0,FALSE,FALSE,FALSE
ID096,2026-01-06,1727,29454,88,41,41,6616,Location005,0,0,FALSE,FALSE,FALSE
ID096,2026-01-07,1276,29485,89,30,30,5517,Location005,0,0,FALSE,FALSE,FALSE
ID096,2026-01-08,1301,28934,90,34,34,6552,Location005,0,0,FALSE,FALSE,FALSE
ID096,2026-01-09,1738,29720,91,36,36,7675,Location005,4,0,FALSE,FALSE,FALSE
ID096,2026-01-11,1880,31349,93,42,42,8490,Location005,0,0,FALSE,FALSE,FALSE
ID096,2026-01-12,1710,32720,94,45,45,7346,Location005,0,0,FALSE,FALSE,FALSE
ID096,2026-01-13,1486,32588,95,46,46,6797,Location005,0,0,FALSE,FALSE,FALSE
ID096,2026-01-14,5828,34114,96,65,0,0,Location005,0,65,FALSE,FALSE,FALSE
ID096,2026-01-15,938,36300,97,15,0,0,Location005,0,15,FALSE,FALSE,FALSE
ID096,2026-01-17,1351,38084,99,48,48,3546,Location005,0,0,FALSE,FALSE,FALSE
ID096,2026-01-18,1764,38292,100,50,50,5185,Location005,0,0,FALSE,FALSE,FALSE
ID096,2026-01-19,2355,39870,101,35,35,4806,Location005,0,0,FALSE,FALSE,FALSE
ID096,2026-01-20,1677,41389,102,36,36,4154,Location005,0,0,FALSE,FALSE,FALSE
ID096,2026-01-21,2423,41472,103,52,52,4909,Location005,0,0,FALSE,FALSE,FALSE
ID096,2026-01-22,1694,42569,104,36,36,3989,Location005,0,0,FALSE,FALSE,FALSE
ID096,2026-01-23,2059,43487,105,34,34,5198,Location005,0,0,FALSE,FALSE,FALSE
ID096,2026-01-24,1770,45162,106,32,32,5488,Location005,0,0,FALSE,FALSE,FALSE
ID096,2026-01-25,2087,45812.5,107,22,22,3977,Location005,0,0,FALSE,FALSE,FALSE
ID096,2026-01-26,2237,47250,108,39,39,4012,Location005,0,0,FALSE,FALSE,FALSE
ID096,2026-01-27,1407,48415,109,41,41,3734,Location005,0,0,FALSE,FALSE,FALSE
ID096,2026-01-28,1668,47805,110,47,47,4820,Location005,0,0,FALSE,FALSE,FALSE
ID096,2026-01-29,2157,49897,111,28,28,4687,Location005,0,0,FALSE,FALSE,FALSE
ID096,2026-01-30,1732,51303,112,22,22,4080,Location005,0,0,FALSE,FALSE,FALSE
ID096,2026-01-31,2951,52206,113,31,31,5862,Location005,0,0,FALSE,FALSE,FALSE
ID096,2026-02-01,2534,53303,114,27,27,4990,Location005,0,0,FALSE,FALSE,FALSE
ID096,2026-02-02,3719,53837,115,31,31,6856,Location005,0,0,FALSE,FALSE,FALSE
ID096,2026-02-03,2655,55656,116,38,38,4851,Location005,0,0,FALSE,FALSE,FALSE
ID096,2026-02-04,3803,56338,117,36,36,5600,Location005,0,0,FALSE,FALSE,FALSE
ID096,2026-02-05,2394,55774,118,27,27,4627,Location005,0,0,FALSE,FALSE,FALSE
ID096,2026-02-06,1644,58447,119,35,0,0,Location005,0,35,FALSE,FALSE,FALSE
ID096,2026-02-07,3107,59543,120,43,43,4696,Location005,0,0,FALSE,FALSE,FALSE
ID096,2026-02-08,3751,59838,121,34,34,5646,Location005,0,0,FALSE,FALSE,FALSE
ID096,2026-02-09,1586,59345,122,18,0,0,Location005,0,18,FALSE,FALSE,FALSE
ID096,2026-02-10,3423,59583,123,53,53,6289,Location005,0,0,FALSE,FALSE,FALSE
ID096,2026-02-11,3495,63345,124,24,24,6369,Location005,0,0,FALSE,FALSE,FALSE
ID096,2026-02-12,2969,64037,125,38,38,4423,Location005,0,0,FALSE,FALSE,FALSE
ID096,2026-02-13,4070,64988,126,40,40,6256,Location005,0,0,FALSE,FALSE,FALSE
ID096,2026-02-14,2358,65950.5,127,20,20,4553,Location005,0,0,FALSE,FALSE,FALSE
ID096,2026-02-15,2247,66899,128,37,37,4842,Location005,0,0,FALSE,FALSE,FALSE
ID096,2026-02-16,2501,67064,129,39,39,4891,Location005,0,0,FALSE,FALSE,FALSE
ID096,2026-02-17,3053,68054.5,130,24,24,5044,Location005,0,0,FALSE,FALSE,FALSE
ID096,2026-02-18,1919,68231,131,39,39,4512,Location005,0,0,FALSE,FALSE,FALSE
ID096,2026-02-19,2653,69114,132,24,24,3148,Location005,0,0,FALSE,FALSE,FALSE
ID096,2026-02-20,2713,68910,133,41,41,4675,Location005,0,0,FALSE,FALSE,FALSE
ID096,2026-02-21,2500,70395,134,18,18,4597,Location005,0,0,FALSE,FALSE,FALSE
ID096,2026-02-22,2533,71597,135,28,28,4149,Location005,0,0,FALSE,FALSE,FALSE
ID096,2026-02-23,3685,73089,136,46,46,5195,Location005,0,0,FALSE,FALSE,FALSE
ID096,2026-02-24,2512,74610,137,26,26,3733,Location005,0,0,FALSE,FALSE,FALSE
ID096,2026-02-25,2736,74141,138,44,44,4157,Location005,0,0,FALSE,FALSE,FALSE
ID096,2026-02-26,4935,74210,139,23,0,0,Location005,0,23,FALSE,FALSE,FALSE
ID096,2026-02-27,960,72724,140,41,0,0,Location005,0,41,FALSE,FALSE,FALSE
ID096,2026-02-28,2845,71672,141,16,16,6249,Location005,0,0,FALSE,FALSE,FALSE
ID096,2026-03-01,2785,77295,142,21,21,5577,Location005,0,0,FALSE,FALSE,FALSE
ID096,2026-03-02,4904,79141,143,29,29,6752,Location005,0,0,FALSE,FALSE,FALSE
ID096,2026-03-03,2385,80344,144,28,28,6368,Location005,0,0,FALSE,FALSE,FALSE
ID096,2026-03-04,3583,80498,145,26,26,5719,Location005,0,0,FALSE,FALSE,FALSE
ID096,2026-03-05,3236,81198,146,28,28,5882,Location005,0,0,FALSE,FALSE,FALSE
ID096,2026-03-06,5458,82577,147,30,0,0,Location005,0,30,FALSE,FALSE,FALSE
ID096,2026-03-07,3522,82655,148,46,46,4720,Location005,0,0,FALSE,FALSE,FALSE
ID096,2026-03-08,4054,83188,149,37,37,4342,Location005,0,0,FALSE,FALSE,FALSE
ID096,2026-03-09,3372,83878,150,39,39,4564,Location005,0,0,FALSE,FALSE,FALSE
ID096,2026-03-10,2244,84573,151,29,29,4214,Location005,0,0,FALSE,FALSE,FALSE
ID096,2026-03-11,3207,85820,152,22,22,4922,Location005,0,0,FALSE,FALSE,FALSE
ID096,2026-03-12,2422,86440,153,23,23,3828,Location005,0,0,FALSE,FALSE,FALSE
ID096,2026-03-13,3579,87409,154,24,24,6228,Location005,0,0,FALSE,FALSE,FALSE
ID096,2026-03-14,2280,89109,155,15,15,3878,Location005,0,0,FALSE,FALSE,FALSE
ID096,2026-03-15,2255,91124,156,20,20,3761,Location005,0,0,FALSE,FALSE,FALSE
ID096,2026-03-16,3724,90416,157,36,36,5197,Location005,0,0,FALSE,FALSE,FALSE
ID096,2026-03-17,3590,91118,158,35,35,4256,Location005,0,0,FALSE,FALSE,FALSE
ID096,2026-03-18,2163,92683,159,28,28,3905,Location005,0,0,FALSE,FALSE,FALSE
ID096,2026-03-19,2399,93249,160,21,21,5173,Location005,0,0,FALSE,FALSE,FALSE
ID096,2026-03-20,2917,93718,161,25,25,5397,Location005,0,0,FALSE,FALSE,FALSE
ID096,2026-03-21,2106,94136,162,12,12,4288,Location005,0,0,FALSE,FALSE,FALSE
ID096,2026-03-22,3165,95997,163,19,19,5925,Location005,0,0,FALSE,FALSE,FALSE
ID096,2026-03-23,1752,99672,164,12,0,0,Location005,0,12,FALSE,FALSE,FALSE
ID096,2026-03-24,3191,99122,165,23,23,5688,Location005,0,0,FALSE,FALSE,FALSE
ID096,2026-03-25,2990,97861,166,23,23,5005,Location005,0,0,FALSE,FALSE,FALSE
ID096,2026-03-26,3000,98917,167,22,22,4256,Location005,0,0,FALSE,FALSE,FALSE
ID096,2026-03-27,2722,101665,168,26,26,4222,Location005,0,0,FALSE,FALSE,FALSE
ID096,2026-03-28,2893,102328.5,169,32,32,4018,Location005,0,0,FALSE,FALSE,FALSE
ID096,2026-03-29,2478,103977,170,23,23,3356,Location005,0,0,FALSE,FALSE,FALSE
ID096,2026-03-30,3324,103276,171,32,32,3178,Location005,0,0,FALSE,FALSE,FALSE
ID096,2026-03-31,2344,104645,172,31,31,3296,Location005,0,0,FALSE,FALSE,FALSE
ID096,2026-04-01,2669,102990,173,14,14,2888,Location005,0,0,FALSE,FALSE,FALSE
ID096,2026-04-02,4117,105731,174,31,0,0,Location005,0,31,FALSE,FALSE,FALSE
ID096,2026-04-03,4975,102500,175,34,0,0,Location005,0,34,FALSE,FALSE,FALSE
ID096,2026-04-04,2129,107965,176,18,18,3158,Location005,0,0,FALSE,FALSE,FALSE
ID096,2026-04-05,4033,109808,177,19,0,0,Location005,0,19,FALSE,FALSE,FALSE
ID096,2026-04-06,2927,110451,178,27,27,3189,Location002,0,0,FALSE,FALSE,FALSE
ID096,2026-04-07,2280,110792,179,14,14,3030,Location002,0,0,FALSE,FALSE,FALSE
ID096,2026-04-08,3151,113240,180,18,18,5284,Location002,0,0,FALSE,FALSE,FALSE
ID096,2026-04-09,3690,114674,181,21,21,5124,Location002,0,0,FALSE,FALSE,FALSE
ID096,2026-04-10,3291,114079.5,182,20,20,3609,Location002,0,0,FALSE,FALSE,FALSE
ID096,2026-04-11,2638,114297.5,183,22,22,2650,Location002,0,0,FALSE,FALSE,FALSE
ID096,2026-04-12,40,115234,184,8,0,0,Location002,0,8,FALSE,FALSE,FALSE
ID096,2026-04-13,603,108317,185,7,0,0,Location002,0,7,FALSE,FALSE,FALSE
ID096,2026-04-14,3255,110158,186,13,13,3300,Location002,0,0,FALSE,FALSE,FALSE
ID096,2026-04-15,1669,112154,187,13,13,2523,Location002,0,0,FALSE,FALSE,FALSE
ID096,2026-04-16,2544,111534,188,11,11,2795,Location002,0,0,FALSE,FALSE,FALSE
ID096,2026-04-17,2122,114928,189,7,7,2199,Location002,0,0,FALSE,FALSE,FALSE
ID096,2026-04-18,2746,115032,190,17,17,4557,Location002,0,0,FALSE,FALSE,FALSE
ID096,2026-04-19,2681,114448,191,12,12,3494,Location002,0,0,FALSE,FALSE,FALSE
ID096,2026-04-20,4167,119397,192,16,16,5129,Location002,0,0,FALSE,FALSE,FALSE
ID096,2026-04-21,2026,117197.5,193,10,10,2212,Location002,0,0,FALSE,FALSE,FALSE
ID096,2026-04-22,1863,120054,194,9,9,2456,Location002,0,0,FALSE,FALSE,FALSE
ID096,2026-04-23,2645,116821,195,10,10,4001,Location002,0,0,FALSE,FALSE,FALSE
ID096,2026-04-24,4886,,196,22,0,0,Location002,0,22,FALSE,TRUE,FALSE
ID097,2025-12-30,1354,59204,67,8,8,4220,Location006,3,0,FALSE,FALSE,FALSE
ID097,2026-01-01,1203,49955.3333333333,69,8,8,6708,Location006,8,0,FALSE,TRUE,FALSE
ID097,2026-01-03,1468,40706.6666666667,71,15,15,6947,Location006,15,0,FALSE,TRUE,FALSE
ID097,2026-01-05,1680,31458,73,9,9,8353,Location006,0,0,FALSE,FALSE,FALSE
ID097,2026-01-06,1584,32546.5,74,10,10,7109,Location006,10,0,FALSE,TRUE,FALSE
ID097,2026-01-07,3124,33635,75,12,12,9509,Location006,12,0,FALSE,TRUE,FALSE
ID097,2026-01-08,2102,34723.5,76,18,18,8142,Location006,18,0,FALSE,TRUE,FALSE
ID097,2026-01-09,3796,35812,77,13,0,0,Location006,3,13,FALSE,FALSE,FALSE
ID097,2026-01-10,2063,37296,78,17,17,7595,Location006,3,0,FALSE,FALSE,FALSE
ID097,2026-01-12,2230,39516,80,14,14,8687,Location006,14,0,FALSE,TRUE,FALSE
ID097,2026-01-15,2640,41736,83,11,11,6274,Location006,0,0,FALSE,FALSE,FALSE
ID097,2026-01-17,1733,43347,85,17,17,6060,Location006,0,0,FALSE,FALSE,FALSE
ID097,2026-01-18,3642,44942,86,18,18,5032,Location006,0,0,FALSE,FALSE,FALSE
ID097,2026-01-19,2568,45829,87,17,17,6708,Location006,0,0,FALSE,FALSE,FALSE
ID097,2026-01-20,2053,47662,88,12,12,6679,Location006,0,0,FALSE,FALSE,FALSE
ID097,2026-01-21,2376,48247,89,17,17,4873,Location006,0,0,FALSE,FALSE,FALSE
ID097,2026-01-22,2432,49578,90,14,14,5867,Location006,0,0,FALSE,FALSE,FALSE
ID097,2026-01-23,2665,50571,91,13,13,5989,Location006,0,0,FALSE,FALSE,FALSE
ID097,2026-01-24,1598,52025,92,7,7,4941,Location006,0,0,FALSE,FALSE,FALSE
ID097,2026-01-25,2531,52957,93,12,12,5862,Location006,0,0,FALSE,FALSE,FALSE
ID097,2026-01-26,2557,53688,94,12,12,4653,Location006,0,0,FALSE,FALSE,FALSE
ID097,2026-01-27,1310,54536,95,6,6,3513,Location006,0,0,FALSE,FALSE,FALSE
ID097,2026-01-28,1927,55090,96,13,13,4893,Location006,0,0,FALSE,FALSE,FALSE
ID097,2026-01-29,1994,56501,97,9,9,4126,Location006,0,0,FALSE,FALSE,FALSE
ID097,2026-01-30,2541,57809,98,16,16,4990,Location006,0,0,FALSE,FALSE,FALSE
ID097,2026-01-31,2937,58734,99,13,13,5399,Location006,0,0,FALSE,FALSE,FALSE
ID097,2026-02-01,2323,59763,100,21,21,4319,Location006,0,0,FALSE,FALSE,FALSE
ID097,2026-02-02,2097,60698.5,101,16,16,5447,Location006,0,0,FALSE,FALSE,FALSE
ID097,2026-02-03,2670,62483,102,16,16,4609,Location006,0,0,FALSE,FALSE,FALSE
ID097,2026-02-04,2510,63411,103,13,13,5575,Location006,0,0,FALSE,FALSE,FALSE
ID097,2026-02-05,2442,64460,104,14,14,5457,Location006,0,0,FALSE,FALSE,FALSE
ID097,2026-02-06,4414,65410,105,20,0,0,Location006,0,20,FALSE,FALSE,FALSE
ID097,2026-02-07,2650,65772,106,15,15,5637,Location006,0,0,FALSE,FALSE,FALSE
ID097,2026-02-08,2660,67231,107,13,13,5637,Location006,0,0,FALSE,FALSE,FALSE
ID097,2026-02-09,1774,69168,108,11,11,4014,Location006,0,0,FALSE,FALSE,FALSE
ID097,2026-02-10,2688,70502,109,12,12,5135,Location006,0,0,FALSE,FALSE,FALSE
ID097,2026-02-11,2988,71201,110,11,11,5065,Location006,0,0,FALSE,FALSE,FALSE
ID097,2026-02-12,3300,72884,111,14,14,6219,Location006,0,0,FALSE,FALSE,FALSE
ID097,2026-02-13,2794,74175,112,17,17,5222,Location006,0,0,FALSE,FALSE,FALSE
ID097,2026-02-14,2350,74672,113,15,15,4289,Location006,0,0,FALSE,FALSE,FALSE
ID097,2026-02-15,1760,75586,114,10,10,3368,Location006,0,0,FALSE,FALSE,FALSE
ID097,2026-02-16,3760,76030,115,13,13,6692,Location006,0,0,FALSE,FALSE,FALSE
ID097,2026-02-17,2738,77115,116,13,13,5154,Location006,0,0,FALSE,FALSE,FALSE
ID097,2026-02-18,2838,76950,117,16,16,5015,Location006,0,0,FALSE,FALSE,FALSE
ID097,2026-02-19,2550,77995,118,7,7,5279,Location006,0,0,FALSE,FALSE,FALSE
ID097,2026-02-20,3269,79551,119,19,19,6062,Location006,0,0,FALSE,FALSE,FALSE
ID097,2026-02-21,2607,82581,120,16,16,5701,Location006,0,0,FALSE,FALSE,FALSE
ID097,2026-02-22,2550,82837,121,15,15,4163,Location006,0,0,FALSE,FALSE,FALSE
ID097,2026-02-23,3226,82617,122,13,13,6203,Location006,0,0,FALSE,FALSE,FALSE
ID097,2026-02-24,1531,84444,123,12,12,4110,Location006,0,0,FALSE,FALSE,FALSE
ID097,2026-02-25,2034,86193,124,10,10,5350,Location006,0,0,FALSE,FALSE,FALSE
ID097,2026-02-26,1814,85823,125,15,15,3782,Location006,0,0,FALSE,FALSE,FALSE
ID097,2026-02-27,3442,87842,126,18,18,6854,Location006,0,0,FALSE,FALSE,FALSE
ID097,2026-02-28,2442,88664,127,13,13,4090,Location006,0,0,FALSE,FALSE,FALSE
ID097,2026-03-01,2997,90276,128,17,17,5700,Location006,0,0,FALSE,FALSE,FALSE
ID097,2026-03-02,2227,90845,129,13,13,5557,Location006,0,0,FALSE,FALSE,FALSE
ID097,2026-03-03,2084,92468,130,18,18,3252,Location006,0,0,FALSE,FALSE,FALSE
ID097,2026-03-04,2962,88966,131,10,10,1987,Location006,0,0,FALSE,FALSE,FALSE
ID097,2026-03-05,1948,90849.5,132,10,10,3912,Location006,0,0,FALSE,FALSE,FALSE
ID097,2026-03-06,4875,89954,133,21,0,0,Location006,0,21,FALSE,FALSE,FALSE
ID097,2026-03-07,1794,91812,134,8,8,4093,Location006,0,0,FALSE,FALSE,FALSE
ID097,2026-03-08,3090,89620.5,135,24,24,4901,Location006,0,0,FALSE,FALSE,FALSE
ID097,2026-03-09,1771,92564,136,11,11,2568,Location006,0,0,FALSE,FALSE,FALSE
ID097,2026-03-10,1960,91464,137,26,26,3644,Location006,0,0,FALSE,FALSE,FALSE
ID097,2026-03-11,2975,93247.5,138,16,16,4270,Location006,0,0,FALSE,FALSE,FALSE
ID097,2026-03-12,2864,94037,139,17,17,5433,Location006,0,0,FALSE,FALSE,FALSE
ID097,2026-03-13,3711,98080,140,31,31,6526,Location006,0,0,FALSE,FALSE,FALSE
ID097,2026-03-14,2320,97590,141,20,20,4464,Location006,0,0,FALSE,FALSE,FALSE
ID097,2026-03-15,2480,99669,142,22,22,2978,Location006,0,0,FALSE,FALSE,FALSE
ID097,2026-03-16,2897,98466,143,18,18,3434,Location006,0,0,FALSE,FALSE,FALSE
ID097,2026-03-17,3489,99825,144,16,16,5938,Location006,0,0,FALSE,FALSE,FALSE
ID097,2026-03-18,1775,101616,145,11,11,2991,Location006,0,0,FALSE,FALSE,FALSE
ID097,2026-03-19,2955,101615,146,25,25,4517,Location006,0,0,FALSE,FALSE,FALSE
ID097,2026-03-20,798,99002,147,5,0,0,Location006,0,5,FALSE,FALSE,FALSE
ID097,2026-03-21,1734,97762,148,11,11,2247,Location006,0,0,FALSE,FALSE,FALSE
ID097,2026-03-22,2537,98120,149,18,18,2463,Location006,0,0,FALSE,FALSE,FALSE
ID097,2026-03-23,2041,99730,150,16,16,2355,Location006,0,0,FALSE,FALSE,FALSE
ID097,2026-03-24,1451,98533,151,13,13,1436,Location006,0,0,FALSE,FALSE,FALSE
ID097,2026-03-25,2320,99970,152,14,14,3457,Location006,0,0,FALSE,FALSE,FALSE
ID097,2026-03-26,916,99564,153,7,7,1463,Location006,0,0,FALSE,FALSE,FALSE
ID097,2026-03-27,2741,99925,154,13,13,4105,Location006,0,0,FALSE,FALSE,FALSE
ID097,2026-03-28,3821,101385,155,16,16,6389,Location006,0,0,FALSE,FALSE,FALSE
ID097,2026-03-29,2946,105957,156,16,16,4982,Location006,0,0,FALSE,FALSE,FALSE
ID097,2026-03-30,2949,106561,157,26,26,3354,Location006,0,0,FALSE,FALSE,FALSE
ID097,2026-03-31,3578,107807,158,15,15,5213,Location006,0,0,FALSE,FALSE,FALSE
ID097,2026-04-01,3402,107973,159,18,18,4210,Location006,0,0,FALSE,FALSE,FALSE
ID097,2026-04-02,1683,107172,160,12,12,1853,Location006,0,0,FALSE,FALSE,FALSE
ID097,2026-04-03,3552,108204,161,22,22,4639,Location006,0,0,FALSE,FALSE,FALSE
ID097,2026-04-04,3205,111442,162,23,23,4713,Location006,0,0,FALSE,FALSE,FALSE
ID097,2026-04-05,2501,107877,163,12,12,3496,Location006,0,0,FALSE,FALSE,FALSE
ID097,2026-04-06,1519,109933,164,13,13,3609,Location006,0,0,FALSE,FALSE,FALSE
ID097,2026-04-07,920,108102,165,12,12,1299,Location006,0,0,FALSE,FALSE,FALSE
ID097,2026-04-08,15,108057,166,1,0,0,Location006,0,1,FALSE,FALSE,FALSE
ID097,2026-04-10,1069,109435,168,16,16,2251,Location006,0,0,FALSE,FALSE,FALSE
ID097,2026-04-11,1792,109669,169,8,8,1640,Location006,0,0,FALSE,FALSE,FALSE
ID097,2026-04-12,1908,110893,170,10,10,1228,Location006,0,0,FALSE,FALSE,FALSE
ID097,2026-04-13,2267,109953,171,9,9,2488,Location006,0,0,FALSE,FALSE,FALSE
ID097,2026-04-14,933,107708,172,13,13,1128,Location006,0,0,FALSE,FALSE,FALSE
ID097,2026-04-15,589,106721,173,6,0,0,Location006,0,6,FALSE,FALSE,FALSE
ID097,2026-04-16,1256,105137,174,10,10,1383,Location006,0,0,FALSE,FALSE,FALSE
ID097,2026-04-17,3973,107474,175,23,0,0,Location006,0,23,FALSE,FALSE,FALSE
ID097,2026-04-18,2707,112270,176,19,19,4448,Location006,0,0,FALSE,FALSE,FALSE
ID097,2026-04-19,3206,115120,177,16,16,5294,Location006,0,0,FALSE,FALSE,FALSE
ID097,2026-04-20,3209,116764,178,18,18,5795,Location006,0,0,FALSE,FALSE,FALSE
ID097,2026-04-21,2704,119337.5,179,12,12,4425,Location006,0,0,FALSE,FALSE,FALSE
ID097,2026-04-22,4004,118542,180,16,16,4413,Location006,0,0,FALSE,FALSE,FALSE
ID097,2026-04-23,3055,118823,181,17,17,4775,Location006,0,0,FALSE,FALSE,FALSE
ID097,2026-04-24,1624,,182,13,13,5520,Location006,0,0,FALSE,TRUE,FALSE
ID099,2026-01-07,1155,,87,9,0,0,Location004,9,9,FALSE,TRUE,FALSE
ID099,2026-01-08,1218.5,31682.5,88,18,0,0,Location004,14,18,TRUE,FALSE,TRUE
ID099,2026-01-09,1282,30722,89,13,13,5104,Location004,5,0,FALSE,FALSE,FALSE
ID099,2026-01-10,1488,27460,90,18,18,5770,Location004,4,0,FALSE,FALSE,FALSE
ID099,2026-01-12,1357,30073,92,21,21,5841,Location004,3,0,FALSE,FALSE,FALSE
ID099,2026-01-13,4317,30564.75,93,21,0,0,Location004,21,21,FALSE,TRUE,FALSE
ID099,2026-01-14,2301,31056.5,94,12,12,3063,Location004,0,0,FALSE,FALSE,FALSE
ID099,2026-01-15,2430,31709,95,10,10,5033,Location004,0,0,FALSE,FALSE,FALSE
ID099,2026-01-17,3554,33687,97,16,16,4850,Location004,0,0,FALSE,FALSE,FALSE
ID099,2026-01-18,2218,34675,98,15,15,4744,Location004,0,0,FALSE,FALSE,FALSE
ID099,2026-01-19,2517,35529,99,15,15,5105,Location004,0,0,FALSE,FALSE,FALSE
ID099,2026-01-20,1682,36875,100,17,17,4896,Location004,0,0,FALSE,FALSE,FALSE
ID099,2026-01-21,1877,37634,101,13,13,4031,Location004,0,0,FALSE,FALSE,FALSE
ID099,2026-01-22,2045,38225,102,9,9,4586,Location004,0,0,FALSE,FALSE,FALSE
ID099,2026-01-23,2969,39425.5,103,12,12,5177,Location004,0,0,FALSE,FALSE,FALSE
ID099,2026-01-24,1880,40367.5,104,10,10,4437,Location004,0,0,FALSE,FALSE,FALSE
ID099,2026-01-25,2917,41659,105,16,16,5024,Location004,0,0,FALSE,FALSE,FALSE
ID099,2026-01-26,2948,42667,106,24,24,5764,Location004,0,0,FALSE,FALSE,FALSE
ID099,2026-01-27,2428,44600,107,21,21,5668,Location004,0,0,FALSE,FALSE,FALSE
ID099,2026-01-28,3788,44959,108,13,13,5607,Location004,0,0,FALSE,FALSE,FALSE
ID099,2026-01-29,1697,45895,109,21,21,4992,Location004,0,0,FALSE,FALSE,FALSE
ID099,2026-01-30,3650,46976,110,25,25,5922,Location004,0,0,FALSE,FALSE,FALSE
ID099,2026-01-31,2458,48045,111,11,11,3583,Location004,0,0,FALSE,FALSE,FALSE
ID099,2026-02-01,2219,48628,112,16,16,3364,Location004,0,0,FALSE,FALSE,FALSE
ID099,2026-02-02,3806,49298,113,22,22,6076,Location004,0,0,FALSE,FALSE,FALSE
ID099,2026-02-03,2247,50808,114,10,10,5797,Location004,0,0,FALSE,FALSE,FALSE
ID099,2026-02-04,3430,52123,115,16,16,6421,Location004,0,0,FALSE,FALSE,FALSE
ID099,2026-02-05,2985,53307,116,22,22,4362,Location004,0,0,FALSE,FALSE,FALSE
ID099,2026-02-06,3435,54312,117,22,22,5562,Location004,0,0,FALSE,FALSE,FALSE
ID099,2026-02-07,2108,54738,118,14,14,4369,Location004,0,0,FALSE,FALSE,FALSE
ID099,2026-02-08,4719,57339,119,25,0,0,Location004,0,25,FALSE,FALSE,FALSE
ID099,2026-02-09,3498,56566,120,17,17,6084,Location004,0,0,FALSE,FALSE,FALSE
ID099,2026-02-10,4127,59313,121,24,0,0,Location004,0,24,FALSE,FALSE,FALSE
ID099,2026-02-11,3008,60392,122,20,20,4668,Location004,0,0,FALSE,FALSE,FALSE
ID099,2026-02-12,2498,60532,123,13,13,4935,Location004,0,0,FALSE,FALSE,FALSE
ID099,2026-02-13,2866,61859,124,14,14,5290,Location004,0,0,FALSE,FALSE,FALSE
ID099,2026-02-14,2622,63190,125,16,16,4081,Location004,0,0,FALSE,FALSE,FALSE
ID099,2026-02-15,2415,63675,126,25,25,4188,Location004,0,0,FALSE,FALSE,FALSE
ID099,2026-02-16,268,65681,127,4,0,0,Location004,0,4,FALSE,FALSE,FALSE
ID099,2026-02-18,2205,67352,129,10,10,4209,Location004,0,0,FALSE,FALSE,FALSE
ID099,2026-02-19,1431,67267,130,8,0,0,Location004,0,8,FALSE,FALSE,FALSE
ID099,2026-02-20,4032,67443,131,25,25,5144,Location004,0,0,FALSE,FALSE,FALSE
ID099,2026-02-21,3231,68281,132,26,26,6288,Location004,0,0,FALSE,FALSE,FALSE
ID099,2026-02-22,3902,71032,133,16,16,5536,Location004,0,0,FALSE,FALSE,FALSE
ID099,2026-02-23,3163,72049.5,134,18,18,6191,Location004,0,0,FALSE,FALSE,FALSE
ID099,2026-02-24,4420,72815,135,18,18,4662,Location004,0,0,FALSE,FALSE,FALSE
ID099,2026-02-25,3713,74520,136,19,19,5208,Location004,0,0,FALSE,FALSE,FALSE
ID099,2026-02-26,2542,75469,137,14,14,3338,Location004,0,0,FALSE,FALSE,FALSE
ID099,2026-02-27,3624,76593.5,138,12,12,5241,Location004,0,0,FALSE,FALSE,FALSE
ID099,2026-02-28,2964,77215,139,18,18,4555,Location004,0,0,FALSE,FALSE,FALSE
ID099,2026-03-01,3960,78628,140,17,17,5795,Location004,0,0,FALSE,FALSE,FALSE
ID099,2026-03-02,2865,78471,141,40,40,4571,Location004,0,0,FALSE,FALSE,FALSE
ID099,2026-03-03,4694,81127,142,47,47,6305,Location004,0,0,FALSE,FALSE,FALSE
ID099,2026-03-04,4502,82631,143,20,20,5617,Location004,0,0,FALSE,FALSE,FALSE
ID099,2026-03-05,4362,83355,144,44,44,5944,Location004,0,0,FALSE,FALSE,FALSE
ID099,2026-03-06,4014,84425,145,65,65,4288,Location004,0,0,FALSE,FALSE,FALSE
ID099,2026-03-07,3691,86421,146,60,60,5049,Location004,0,0,FALSE,FALSE,FALSE
ID099,2026-03-08,3783,86779,147,49,49,4602,Location004,0,0,FALSE,FALSE,FALSE
ID099,2026-03-09,3532,88059,148,44,44,4159,Location004,0,0,FALSE,FALSE,FALSE
ID099,2026-03-10,3559,89089,149,58,58,5714,Location004,0,0,FALSE,FALSE,FALSE
ID099,2026-03-11,3583,90222,150,52,52,4834,Location004,0,0,FALSE,FALSE,FALSE
ID099,2026-03-12,3931,89966,151,57,57,5657,Location004,0,0,FALSE,FALSE,FALSE
ID099,2026-03-13,4801,92286,152,41,41,5936,Location004,0,0,FALSE,FALSE,FALSE
ID099,2026-03-14,3480,93104,153,46,46,4212,Location004,0,0,FALSE,FALSE,FALSE
ID099,2026-03-15,4205,95170,154,73,73,5470,Location004,0,0,FALSE,FALSE,FALSE
ID099,2026-03-16,4153,96630,155,56,56,5069,Location004,0,0,FALSE,FALSE,FALSE
ID099,2026-03-17,4178.5,99162,156,53,0,0,Location004,0,53,FALSE,FALSE,TRUE
ID099,2026-03-18,4204,100367,157,67,67,4870,Location004,0,0,FALSE,FALSE,FALSE
ID099,2026-03-19,4498,100767,158,46,46,6182,Location004,0,0,FALSE,FALSE,FALSE
ID099,2026-03-20,4873,102537,159,47,47,6489,Location004,0,0,FALSE,FALSE,FALSE
ID099,2026-03-21,5103,103537,160,38,38,7437,Location004,0,0,FALSE,FALSE,FALSE
ID099,2026-03-22,4611,104144.5,161,29,29,7651,Location004,29,0,FALSE,TRUE,FALSE
ID099,2026-03-23,3012,104752,162,30,30,3584,Location004,0,0,FALSE,FALSE,FALSE
ID099,2026-03-24,3369,104509,163,34,34,5485,Location004,0,0,FALSE,FALSE,FALSE
ID099,2026-03-25,3848,104686,164,36,36,4514,Location004,0,0,FALSE,FALSE,FALSE
ID099,2026-03-26,3954,106957,165,42,42,4932,Location004,0,0,FALSE,FALSE,FALSE
ID099,2026-03-27,892,103892,166,11,0,0,Location004,0,11,FALSE,FALSE,FALSE
ID099,2026-03-28,3638,103892,167,37,37,4926,Location004,0,0,FALSE,FALSE,FALSE
ID099,2026-03-29,3103,108088,168,21,21,3984,Location004,0,0,FALSE,FALSE,FALSE
ID099,2026-03-30,2828,107184,169,41,41,3136,Location004,0,0,FALSE,FALSE,FALSE
ID099,2026-03-31,3544,107517,170,29,29,3778,Location004,0,0,FALSE,FALSE,FALSE
ID099,2026-04-01,3145,109210,171,37,37,4048,Location004,0,0,FALSE,FALSE,FALSE
ID099,2026-04-02,3692,109346,172,57,57,4687,Location004,0,0,FALSE,FALSE,FALSE
ID099,2026-04-03,3150,110759,173,48,48,4090,Location004,0,0,FALSE,FALSE,FALSE
ID099,2026-04-04,3442,111618,174,44,44,4433,Location004,0,0,FALSE,FALSE,FALSE
ID099,2026-04-05,2987,111297,175,35,35,3651,Location004,0,0,FALSE,FALSE,FALSE
ID099,2026-04-06,4982,113629,176,43,0,0,Location004,0,43,FALSE,FALSE,FALSE
ID099,2026-04-07,3650,112019,177,34,34,3259,Location004,0,0,FALSE,FALSE,FALSE
ID099,2026-04-08,3556,111928,178,41,41,3559,Location004,0,0,FALSE,FALSE,FALSE
ID099,2026-04-10,1810,112072,180,16,0,0,Location004,0,16,FALSE,FALSE,FALSE
ID099,2026-04-11,4652,119744,181,42,42,5420,Location004,0,0,FALSE,FALSE,FALSE
ID099,2026-04-12,3464,118409,182,36,36,3488,Location004,0,0,FALSE,FALSE,FALSE
ID099,2026-04-13,3959,118602,183,40,40,3766,Location004,0,0,FALSE,FALSE,FALSE
ID099,2026-04-14,4777,120959,184,51,51,4867,Location004,0,0,FALSE,FALSE,FALSE
ID099,2026-04-15,4864,120482,185,33,33,4214,Location004,0,0,FALSE,FALSE,FALSE
ID099,2026-04-16,3055,120818,186,39,39,5160,Location004,0,0,FALSE,FALSE,FALSE
ID099,2026-04-17,4262,122917,187,52,52,5846,Location004,0,0,FALSE,FALSE,FALSE
ID099,2026-04-18,4267,123882,188,56,56,5739,Location004,0,0,FALSE,FALSE,FALSE
ID099,2026-04-19,4189,124234,189,32,32,3875,Location004,0,0,FALSE,FALSE,FALSE
ID099,2026-04-20,3541,124627,190,32,32,3509,Location004,0,0,FALSE,FALSE,FALSE
ID099,2026-04-21,3121,124426,191,49,49,4325,Location004,0,0,FALSE,FALSE,FALSE
ID099,2026-04-22,4259,125498,192,35,35,4587,Location004,0,0,FALSE,FALSE,FALSE
ID099,2026-04-23,2735,126213,193,30,30,3542,Location004,0,0,FALSE,FALSE,FALSE
ID099,2026-04-24,4173,,194,36,36,4865,Location004,0,0,FALSE,TRUE,FALSE
ID100,2025-12-30,605,,63,13,0,0,Location007,13,13,FALSE,TRUE,FALSE
ID100,2025-12-31,1335,,64,29,29,8387,Location007,29,0,FALSE,TRUE,FALSE
ID100,2026-01-02,1170,,66,23,23,6804,Location007,23,0,FALSE,TRUE,FALSE
ID100,2026-01-03,1770,58099,67,31,31,10679,Location007,26,0,FALSE,FALSE,FALSE
ID100,2026-01-05,1275,27596,69,27,27,6849,Location007,24,0,FALSE,FALSE,FALSE
ID100,2026-01-06,1470,25989,70,29,29,8397,Location007,26,0,FALSE,FALSE,FALSE
ID100,2026-01-08,1705,25180,72,46,46,8848,Location007,13,0,FALSE,FALSE,FALSE
ID100,2026-01-09,1770,25225,73,51,51,8751,Location007,3,0,FALSE,FALSE,FALSE
ID100,2026-01-10,1667,26469,74,46,46,8637,Location007,12,0,FALSE,FALSE,FALSE
ID100,2026-01-11,2106,25463,75,53,53,8537,Location007,13,0,FALSE,FALSE,FALSE
ID100,2026-01-12,2383,30415,76,35,35,7395,Location007,23,0,FALSE,FALSE,FALSE
ID100,2026-01-14,4408,34158.5,78,23,23,6624,Location007,23,0,FALSE,TRUE,FALSE
ID100,2026-01-17,1821,37902,81,13,13,5198,Location007,0,0,FALSE,FALSE,FALSE
ID100,2026-01-18,2014,37796,82,20,20,4588,Location007,0,0,FALSE,FALSE,FALSE
ID100,2026-01-19,1035,39305,83,28,0,0,Location007,0,28,FALSE,FALSE,FALSE
ID100,2026-01-20,1102,40106,84,15,15,3773,Location007,0,0,FALSE,FALSE,FALSE
ID100,2026-01-21,1270,39855,85,12,12,2014,Location007,0,0,FALSE,FALSE,FALSE
ID100,2026-01-22,1701,40024,86,25,25,4666,Location007,0,0,FALSE,FALSE,FALSE
ID100,2026-01-23,3032,44099,87,20,20,4053,Location007,0,0,FALSE,FALSE,FALSE
ID100,2026-01-24,2366,42958,88,30,30,5187,Location007,0,0,FALSE,FALSE,FALSE
ID100,2026-01-25,1239,43691,89,20,20,2866,Location007,0,0,FALSE,FALSE,FALSE
ID100,2026-01-26,1748,46750,90,29,29,3997,Location007,0,0,FALSE,FALSE,FALSE
ID100,2026-01-27,1777,48977,91,24,24,5039,Location007,0,0,FALSE,FALSE,FALSE
ID100,2026-01-28,1866,45246,92,21,21,4582,Location007,0,0,FALSE,FALSE,FALSE
ID100,2026-01-29,1865,44135,93,14,14,4576,Location007,0,0,FALSE,FALSE,FALSE
ID100,2026-01-30,1649,47629,94,14,14,2228,Location007,0,0,FALSE,FALSE,FALSE
ID100,2026-01-31,1738,50232,95,29,29,3641,Location007,0,0,FALSE,FALSE,FALSE
ID100,2026-02-01,2221,55774,96,19,19,3659,Location007,0,0,FALSE,FALSE,FALSE
ID100,2026-02-02,1914,53757,97,21,21,4204,Location007,0,0,FALSE,FALSE,FALSE
ID100,2026-02-03,1861,52728,98,18,18,2384,Location007,0,0,FALSE,FALSE,FALSE
ID100,2026-02-04,2695,55808,99,23,23,3105,Location007,0,0,FALSE,FALSE,FALSE
ID100,2026-02-05,1600,55030,100,16,16,3411,Location007,0,0,FALSE,FALSE,FALSE
ID100,2026-02-06,2760,56284,101,21,21,3558,Location007,0,0,FALSE,FALSE,FALSE
ID100,2026-02-07,2484,59332,102,26,26,4204,Location007,0,0,FALSE,FALSE,FALSE
ID100,2026-02-08,3297,60417,103,22,22,5499,Location007,0,0,FALSE,FALSE,FALSE
ID100,2026-02-09,3044,55306,104,23,23,4724,Location007,0,0,FALSE,FALSE,FALSE
ID100,2026-02-10,2164,59316,105,22,22,3124,Location007,0,0,FALSE,FALSE,FALSE
ID100,2026-02-11,1763,61130,106,38,38,3789,Location007,0,0,FALSE,FALSE,FALSE
ID100,2026-02-12,1987,60493,107,27,27,3583,Location007,0,0,FALSE,FALSE,FALSE
ID100,2026-02-13,2987,60579,108,31,31,5184,Location007,0,0,FALSE,FALSE,FALSE
ID100,2026-02-14,1320,62782,109,30,30,2882,Location007,0,0,FALSE,FALSE,FALSE
ID100,2026-02-15,2211,64425,110,31,31,4058,Location007,0,0,FALSE,FALSE,FALSE
ID100,2026-02-16,2790,62407,111,25,25,4250,Location007,0,0,FALSE,FALSE,FALSE
ID100,2026-02-17,1598,62898.5,112,22,22,3054,Location007,0,0,FALSE,FALSE,FALSE
ID100,2026-02-18,2439,64689,113,27,27,3569,Location007,0,0,FALSE,FALSE,FALSE
ID100,2026-02-19,2227,64373,114,40,40,4065,Location007,0,0,FALSE,FALSE,FALSE
ID100,2026-02-20,2177,68461,115,32,32,3393,Location007,0,0,FALSE,FALSE,FALSE
ID100,2026-02-21,2416,67127,116,17,17,5302,Location007,0,0,FALSE,FALSE,FALSE
ID100,2026-02-22,2375,68700,117,26,26,4192,Location007,0,0,FALSE,FALSE,FALSE
ID100,2026-02-23,2283,70105,118,24,24,4168,Location007,0,0,FALSE,FALSE,FALSE
ID100,2026-02-24,2103,71255,119,15,15,3763,Location007,0,0,FALSE,FALSE,FALSE
ID100,2026-02-25,2047,73528,120,26,26,3625,Location007,0,0,FALSE,FALSE,FALSE
ID100,2026-02-26,1653,75576,121,33,33,3253,Location007,0,0,FALSE,FALSE,FALSE
ID100,2026-02-27,2158,76252,122,19,19,3508,Location007,0,0,FALSE,FALSE,FALSE
ID100,2026-02-28,2079,76789,123,27,27,2748,Location007,0,0,FALSE,FALSE,FALSE
ID100,2026-03-01,1838,76600,124,29,29,4196,Location007,0,0,FALSE,FALSE,FALSE
ID100,2026-03-02,2887,76559,125,22,22,5443,Location007,0,0,FALSE,FALSE,FALSE
ID100,2026-03-03,2134,79934,126,24,24,4096,Location007,0,0,FALSE,FALSE,FALSE
ID100,2026-03-04,5055,81659,127,12,0,0,Location007,0,12,FALSE,FALSE,FALSE
ID100,2026-03-05,2459,82305,128,23,23,3396,Location007,0,0,FALSE,FALSE,FALSE
ID100,2026-03-06,2512,81175,129,25,25,4363,Location007,0,0,FALSE,FALSE,FALSE
ID100,2026-03-07,2386,84081,130,31,31,5258,Location007,0,0,FALSE,FALSE,FALSE
ID100,2026-03-08,2209,87825,131,30,30,4067,Location007,0,0,FALSE,FALSE,FALSE
ID100,2026-03-09,2808,88988,132,26,26,5631,Location007,0,0,FALSE,FALSE,FALSE
ID100,2026-03-10,2469,85492,133,17,17,5194,Location007,0,0,FALSE,FALSE,FALSE
ID100,2026-03-11,2258,85508,134,21,21,4188,Location007,0,0,FALSE,FALSE,FALSE
ID100,2026-03-12,3336,88012,135,28,28,6615,Location007,0,0,FALSE,FALSE,FALSE
ID100,2026-03-13,2613,89050,136,19,19,4417,Location007,0,0,FALSE,FALSE,FALSE
ID100,2026-03-14,2115,91755,137,21,21,3705,Location007,0,0,FALSE,FALSE,FALSE
ID100,2026-03-15,3436,89116,138,19,19,2968,Location007,0,0,FALSE,FALSE,FALSE
ID100,2026-03-16,2512,89798,139,25,25,3938,Location007,0,0,FALSE,FALSE,FALSE
ID100,2026-03-17,3067,89798,140,25,25,5034,Location007,0,0,FALSE,FALSE,FALSE
ID100,2026-03-18,2863,94403.5,141,18,18,4851,Location007,0,0,FALSE,TRUE,FALSE
ID100,2026-03-19,3179,99009,142,25,25,7240,Location007,0,0,FALSE,FALSE,FALSE
ID100,2026-03-20,2292,97960,143,19,19,4879,Location007,0,0,FALSE,FALSE,FALSE
ID100,2026-03-21,1598,98032,144,16,16,5390,Location007,0,0,FALSE,FALSE,FALSE
ID100,2026-03-22,4279,98499,145,21,21,6106,Location007,0,0,FALSE,FALSE,FALSE
ID100,2026-03-23,3150,99996,146,16,16,5330,Location007,0,0,FALSE,FALSE,FALSE
ID100,2026-03-24,2008,101350.5,147,12,12,4623,Location007,0,0,FALSE,FALSE,FALSE
ID100,2026-03-25,2727,102184,148,26,26,5498,Location007,0,0,FALSE,FALSE,FALSE
ID100,2026-03-26,3329,103395,149,20,20,6146,Location007,0,0,FALSE,FALSE,FALSE
ID100,2026-03-27,2614,103965,150,16,16,3244,Location007,0,0,FALSE,FALSE,FALSE
ID100,2026-03-28,2217,104317,151,16,16,4321,Location007,0,0,FALSE,FALSE,FALSE
ID100,2026-03-29,3039,104450,152,23,23,4744,Location007,0,0,FALSE,FALSE,FALSE
ID100,2026-03-30,3584,107316,153,25,25,3676,Location007,0,0,FALSE,FALSE,FALSE
ID100,2026-03-31,2461,107603,154,21,21,4611,Location007,0,0,FALSE,FALSE,FALSE
ID100,2026-04-01,2750,107552,155,16,16,2866,Location007,0,0,FALSE,FALSE,FALSE
ID100,2026-04-02,749,109295,156,10,0,0,Location007,0,10,FALSE,FALSE,FALSE
ID100,2026-04-03,3259,109295,157,15,15,5699,Location007,0,0,FALSE,FALSE,FALSE
ID100,2026-04-04,2999,108405,158,27,27,4514,Location007,0,0,FALSE,FALSE,FALSE
ID100,2026-04-05,2026,108779,159,12,12,2918,Location007,0,0,FALSE,FALSE,FALSE
ID100,2026-04-06,2589,113339,160,13,13,4850,Location007,0,0,FALSE,FALSE,FALSE
ID100,2026-04-07,2133,113339,161,16,16,2185,Location007,0,0,FALSE,FALSE,FALSE
ID100,2026-04-08,2532,112164.5,162,19,19,6175,Location007,0,0,FALSE,TRUE,FALSE
ID100,2026-04-09,2783,110990,163,14,14,2662,Location007,0,0,FALSE,FALSE,FALSE
ID100,2026-04-10,2375,110990,164,15,15,3651,Location007,0,0,FALSE,FALSE,FALSE
ID100,2026-04-11,2584,115549,165,21,21,4243,Location007,0,0,FALSE,FALSE,FALSE
ID100,2026-04-12,3994,115549,166,16,16,5553,Location007,0,0,FALSE,FALSE,FALSE
ID107,2025-12-30,1165,29072,81,54,54,4865,Location005,4,0,FALSE,FALSE,FALSE
ID107,2025-12-31,1315,28434,82,51,51,6330,Location005,0,0,FALSE,FALSE,FALSE
ID107,2026-01-01,1350,29330,83,39,39,6366,Location005,0,0,FALSE,FALSE,FALSE
ID107,2026-01-03,1493,30913,85,33,33,6379,Location005,0,0,FALSE,FALSE,FALSE
ID107,2026-01-04,2367,31068,86,34,34,8151,Location005,0,0,FALSE,FALSE,FALSE
ID107,2026-01-05,2217,32674,87,47,47,8890,Location005,0,0,FALSE,FALSE,FALSE
ID107,2026-01-06,1665,33604,88,51,51,7809,Location005,0,0,FALSE,FALSE,FALSE
ID107,2026-01-07,1880,35081,89,49,49,8017,Location005,0,0,FALSE,FALSE,FALSE
ID107,2026-01-08,2019,34751,90,39,39,6340,Location005,0,0,FALSE,FALSE,FALSE
ID107,2026-01-09,2012,35126,91,39,39,6686,Location005,0,0,FALSE,FALSE,FALSE
ID107,2026-01-12,2015,38245,94,49,49,7632,Location005,0,0,FALSE,FALSE,FALSE
ID107,2026-01-13,2082,37722,95,67,67,7692,Location005,0,0,FALSE,FALSE,FALSE
ID107,2026-01-14,1851.5,41040,96,60,0,0,Location005,0,60,FALSE,FALSE,TRUE
ID107,2026-01-15,1621,42194,97,26,26,2768,Location005,0,0,FALSE,FALSE,FALSE
ID107,2026-01-17,2337,45254,99,33,33,4855,Location005,0,0,FALSE,FALSE,FALSE
ID107,2026-01-18,2034,46566,100,29,29,4844,Location005,0,0,FALSE,FALSE,FALSE
ID107,2026-01-19,2091,48034,101,43,43,5262,Location005,0,0,FALSE,FALSE,FALSE
ID107,2026-01-20,2835,49228,102,29,29,4918,Location005,0,0,FALSE,FALSE,FALSE
ID107,2026-01-21,4621,50939,103,49,0,0,Location005,0,49,FALSE,FALSE,FALSE
ID107,2026-01-22,2053,51677,104,19,19,2852,Location005,0,0,FALSE,FALSE,FALSE
ID107,2026-01-23,2798,52180,105,22,22,5856,Location005,0,0,FALSE,FALSE,FALSE
ID107,2026-01-24,2537,54170,106,20,20,3939,Location005,0,0,FALSE,FALSE,FALSE
ID107,2026-01-25,2636,54159,107,34,34,4957,Location005,0,0,FALSE,FALSE,FALSE
ID107,2026-01-26,3479,55184,108,48,48,5994,Location005,0,0,FALSE,FALSE,FALSE
ID107,2026-01-27,3001,56327,109,45,45,5694,Location005,0,0,FALSE,FALSE,FALSE
ID107,2026-01-28,1972,57225,110,19,19,4563,Location005,0,0,FALSE,FALSE,FALSE
ID107,2026-01-29,2449,59240,111,21,21,5170,Location005,0,0,FALSE,FALSE,FALSE
ID107,2026-01-30,2472,60149,112,30,30,5696,Location005,0,0,FALSE,FALSE,FALSE
ID107,2026-01-31,1615,61266,113,29,29,3589,Location005,0,0,FALSE,FALSE,FALSE
ID107,2026-02-01,1615,60891,114,13,13,3451,Location005,0,0,FALSE,FALSE,FALSE
ID107,2026-02-02,2040,58646,115,13,13,3473,Location005,0,0,FALSE,FALSE,FALSE
ID107,2026-02-03,584,59781,116,6,0,0,Location005,0,6,FALSE,FALSE,FALSE
ID107,2026-02-04,526,58511,117,4,0,0,Location005,0,4,FALSE,FALSE,FALSE
ID107,2026-02-05,3074,60371,118,10,10,5260,Location005,0,0,FALSE,FALSE,FALSE
ID107,2026-02-06,2461,63720,119,29,29,4349,Location005,0,0,FALSE,FALSE,FALSE
ID107,2026-02-07,3575,65768,120,32,32,4632,Location005,0,0,FALSE,FALSE,FALSE
ID107,2026-02-08,3033,66300,121,19,19,5850,Location005,0,0,FALSE,FALSE,FALSE
ID107,2026-02-09,3262,66268,122,12,12,6138,Location005,0,0,FALSE,FALSE,FALSE
ID107,2026-02-10,4582,68544.5,123,18,18,6757,Location005,0,0,FALSE,FALSE,FALSE
ID107,2026-02-11,3345,70813,124,29,29,5672,Location005,0,0,FALSE,FALSE,FALSE
ID107,2026-02-12,3919,72388,125,49,49,5289,Location005,0,0,FALSE,FALSE,FALSE
ID107,2026-02-13,3412,71622,126,27,27,3871,Location005,0,0,FALSE,FALSE,FALSE
ID107,2026-02-14,2824,72665,127,15,15,5404,Location005,0,0,FALSE,FALSE,FALSE
ID107,2026-02-15,2756,74947,128,36,36,3809,Location005,0,0,FALSE,FALSE,FALSE
ID107,2026-02-16,2433,74418,129,18,18,4485,Location005,0,0,FALSE,FALSE,FALSE
ID107,2026-02-17,1948,75201.5,130,18,18,3665,Location005,0,0,FALSE,FALSE,FALSE
ID107,2026-02-18,2731,75693,131,42,42,4332,Location005,0,0,FALSE,FALSE,FALSE
ID107,2026-02-19,2304,76080,132,19,19,2897,Location005,0,0,FALSE,FALSE,FALSE
ID107,2026-02-20,1813,75663,133,23,23,3846,Location005,0,0,FALSE,FALSE,FALSE
ID107,2026-02-21,2626,76941,134,18,18,4771,Location005,0,0,FALSE,FALSE,FALSE
ID107,2026-02-22,1069,77745,135,14,14,2704,Location005,0,0,FALSE,FALSE,FALSE
ID107,2026-02-23,1611,78028,136,17,17,2691,Location005,0,0,FALSE,FALSE,FALSE
ID107,2026-02-24,2467,80000,137,22,22,3320,Location005,0,0,FALSE,FALSE,FALSE
ID107,2026-02-25,2257,80491,138,27,27,3365,Location005,0,0,FALSE,FALSE,FALSE
ID107,2026-02-26,2982,81058,139,27,27,3146,Location005,0,0,FALSE,FALSE,FALSE
ID107,2026-02-27,2175,81009,140,9,9,2892,Location005,0,0,FALSE,FALSE,FALSE
ID107,2026-02-28,1824,80674,141,12,12,3511,Location005,0,0,FALSE,FALSE,FALSE
ID107,2026-03-01,2800,83260,142,17,17,4330,Location005,0,0,FALSE,FALSE,FALSE
ID107,2026-03-02,2134,81002,143,7,7,2998,Location005,0,0,FALSE,FALSE,FALSE
ID107,2026-03-03,1634,81213,144,8,8,3261,Location005,0,0,FALSE,FALSE,FALSE
ID107,2026-03-04,3410,83298,145,13,13,5197,Location005,0,0,FALSE,FALSE,FALSE
ID107,2026-03-05,1788,84651,146,21,21,4082,Location005,0,0,FALSE,FALSE,FALSE
ID107,2026-03-06,841,84574,147,8,8,2983,Location005,0,0,FALSE,FALSE,FALSE
ID107,2026-03-07,1991,84269,148,22,22,3043,Location005,0,0,FALSE,FALSE,FALSE
ID107,2026-03-08,2338,86127,149,22,22,2660,Location005,0,0,FALSE,FALSE,FALSE
ID107,2026-03-09,2859,85326,150,20,20,2843,Location005,0,0,FALSE,FALSE,FALSE
ID107,2026-03-10,2934,85104,151,20,20,3892,Location005,0,0,FALSE,FALSE,FALSE
ID107,2026-03-11,2975,87577,152,21,21,4112,Location005,0,0,FALSE,FALSE,FALSE
ID107,2026-03-12,3106,90153,153,31,31,4220,Location005,0,0,FALSE,FALSE,FALSE
ID107,2026-03-13,3172,92953,154,39,39,4555,Location005,0,0,FALSE,FALSE,FALSE
ID107,2026-03-14,3818,94246,155,29,29,4553,Location005,0,0,FALSE,FALSE,FALSE
ID107,2026-03-15,2728,95346,156,33,33,4593,Location005,0,0,FALSE,FALSE,FALSE
ID107,2026-03-16,3156,96001,157,43,43,3772,Location005,0,0,FALSE,FALSE,FALSE
ID107,2026-03-17,2645,95253,158,36,36,4341,Location005,0,0,FALSE,FALSE,FALSE
ID107,2026-03-18,2753,95253,159,23,23,3296,Location005,0,0,FALSE,FALSE,FALSE
ID107,2026-03-19,3703,96553,160,18,18,5702,Location005,0,0,FALSE,FALSE,FALSE
ID107,2026-03-20,2883,97642,161,22,22,5460,Location005,0,0,FALSE,FALSE,FALSE
ID107,2026-03-21,3649,98285,162,28,28,5698,Location005,0,0,FALSE,FALSE,FALSE
ID107,2026-03-22,2636,99168,163,19,19,5850,Location005,0,0,FALSE,FALSE,FALSE
ID107,2026-03-23,2010,103246,164,17,17,4250,Location005,0,0,FALSE,FALSE,FALSE
ID107,2026-03-24,3657,102603,165,28,28,5942,Location005,0,0,FALSE,FALSE,FALSE
ID107,2026-03-25,3295,104242,166,22,22,4422,Location005,0,0,FALSE,FALSE,FALSE
ID107,2026-03-26,2968,104131,167,17,17,4728,Location005,0,0,FALSE,FALSE,FALSE
ID107,2026-03-27,2531,107189,168,17,17,3959,Location005,0,0,FALSE,FALSE,FALSE
ID107,2026-03-28,3953,107401,169,25,25,4229,Location005,0,0,FALSE,FALSE,FALSE
ID107,2026-03-29,3263,107573,170,23,23,2907,Location005,0,0,FALSE,FALSE,FALSE
ID107,2026-03-30,4476,109289,171,37,37,5300,Location005,0,0,FALSE,FALSE,FALSE
ID107,2026-03-31,3657,111457,172,28,28,4510,Location005,0,0,FALSE,FALSE,FALSE
ID107,2026-04-01,2960,108279,173,25,25,3474,Location005,0,0,FALSE,FALSE,FALSE
ID107,2026-04-02,4299,112451,174,31,31,5117,Location005,0,0,FALSE,FALSE,FALSE
ID107,2026-04-03,3276,114172,175,29,29,3584,Location005,0,0,FALSE,FALSE,FALSE
ID107,2026-04-04,4386,114347,176,23,23,4814,Location005,0,0,FALSE,FALSE,FALSE
ID107,2026-04-05,4999,115152,177,29,29,5980,Location005,0,0,FALSE,FALSE,FALSE
ID107,2026-04-06,2276,116970,178,16,16,1966,Location005,0,0,FALSE,FALSE,FALSE
ID107,2026-04-07,3568,112769,179,23,23,4805,Location002,0,0,FALSE,FALSE,FALSE
ID107,2026-04-08,4082,117528,180,29,29,4710,Location002,0,0,FALSE,FALSE,FALSE
ID107,2026-04-09,5614,119155,181,26,0,0,Location002,0,26,FALSE,FALSE,FALSE
ID107,2026-04-10,2040,118264,182,16,16,2654,Location002,0,0,FALSE,FALSE,FALSE
ID107,2026-04-11,2722,115823,183,23,23,2926,Location002,0,0,FALSE,FALSE,FALSE
ID107,2026-04-12,522,115855,184,4,0,0,Location002,0,4,FALSE,FALSE,FALSE
ID107,2026-04-13,2809,118094,185,14,14,3035,Location002,0,0,FALSE,FALSE,FALSE
ID107,2026-04-14,5624,115661.5,186,24,0,0,Location002,0,24,FALSE,FALSE,FALSE
ID107,2026-04-15,3004,120743,187,13,13,3598,Location002,0,0,FALSE,FALSE,FALSE
ID107,2026-04-16,3975,117342,188,18,18,4669,Location002,0,0,FALSE,FALSE,FALSE
ID107,2026-04-17,3038,120476,189,14,14,3121,Location002,0,0,FALSE,FALSE,FALSE
ID107,2026-04-18,3144,121393,190,21,21,5567,Location002,0,0,FALSE,FALSE,FALSE
ID107,2026-04-19,4322,124088.5,191,20,20,5512,Location002,0,0,FALSE,FALSE,FALSE
ID107,2026-04-20,3917,125813,192,19,19,5839,Location002,0,0,FALSE,FALSE,FALSE
ID107,2026-04-21,3289,126356,193,15,15,3560,Location002,0,0,FALSE,FALSE,FALSE
ID107,2026-04-22,5835,128121,194,24,0,0,Location002,0,24,FALSE,FALSE,FALSE
ID107,2026-04-23,4819,127333,195,16,16,4974,Location002,0,0,FALSE,FALSE,FALSE
ID107,2026-04-24,3223,,196,14,14,3418,Location002,0,0,FALSE,TRUE,FALSE
ID108,2025-12-30,506,,79,5,0,0,Location005,5,5,FALSE,TRUE,FALSE
ID108,2025-12-31,856,29604,80,11,0,0,Location005,5,11,FALSE,FALSE,FALSE
ID108,2026-01-01,1384,30229.3333333333,81,9,9,6840,Location005,9,0,FALSE,TRUE,FALSE
ID108,2026-01-02,532,30854.6666666667,82,7,0,0,Location005,7,7,FALSE,TRUE,FALSE
ID108,2026-01-03,3930,31480,83,10,0,0,Location005,0,10,FALSE,FALSE,FALSE
ID108,2026-01-04,1209,29485,84,9,9,4755,Location005,1,0,FALSE,FALSE,FALSE
ID108,2026-01-05,2676,34082,85,11,11,7706,Location005,1,0,FALSE,FALSE,FALSE
ID108,2026-01-07,3102,35190.5,87,10,10,5945,Location005,0,0,FALSE,FALSE,FALSE
ID108,2026-01-09,1719,34634,89,12,12,6624,Location005,4,0,FALSE,FALSE,FALSE
ID108,2026-01-10,1443,37546,90,9,9,6586,Location005,1,0,FALSE,FALSE,FALSE
ID108,2026-01-11,4126,37761,91,9,0,0,Location005,1,9,FALSE,FALSE,FALSE
ID108,2026-01-12,1378,39331,92,14,14,4789,Location005,3,0,FALSE,FALSE,FALSE
ID108,2026-01-14,1489,41134,94,28,0,0,Location005,0,28,FALSE,FALSE,TRUE
ID108,2026-01-15,1600,42496,95,6,6,6181,Location005,0,0,FALSE,FALSE,FALSE
ID108,2026-01-17,2169,45202,97,11,11,7075,Location005,0,0,FALSE,FALSE,FALSE
ID108,2026-01-18,1924,46539,98,12,12,8058,Location005,0,0,FALSE,FALSE,FALSE
ID108,2026-01-19,1771,47335,99,9,9,6862,Location005,0,0,FALSE,FALSE,FALSE
ID108,2026-01-20,2218,48169,100,10,10,7144,Location005,0,0,FALSE,FALSE,FALSE
ID108,2026-01-21,2353,48612,101,12,12,7596,Location005,0,0,FALSE,FALSE,FALSE
ID108,2026-01-22,1832,49904.5,102,12,12,6642,Location005,0,0,FALSE,FALSE,FALSE
ID108,2026-01-23,2914,50668,103,10,10,8486,Location005,0,0,FALSE,FALSE,FALSE
ID108,2026-01-24,2669,51735,104,11,11,8485,Location005,0,0,FALSE,FALSE,FALSE
ID108,2026-01-25,1633,52743,105,7,7,7590,Location005,0,0,FALSE,FALSE,FALSE
ID108,2026-01-26,4508,54019,106,11,0,0,Location005,0,11,FALSE,FALSE,FALSE
ID108,2026-01-27,1694,52266,107,9,9,5103,Location005,0,0,FALSE,FALSE,FALSE
ID108,2026-01-28,2462,55376,108,15,15,9274,Location005,0,0,FALSE,FALSE,FALSE
ID108,2026-01-29,2308,56614,109,12,12,8277,Location005,0,0,FALSE,FALSE,FALSE
ID108,2026-01-30,3643,58123,110,13,13,7324,Location005,0,0,FALSE,FALSE,FALSE
ID108,2026-01-31,3658,59702,111,17,17,7431,Location005,0,0,FALSE,FALSE,FALSE
ID108,2026-02-01,2637,60421,112,11,11,9142,Location005,0,0,FALSE,FALSE,FALSE
ID108,2026-02-02,3081,61544,113,8,8,8360,Location005,0,0,FALSE,FALSE,FALSE
ID108,2026-02-03,3012,62295,114,13,13,7157,Location005,0,0,FALSE,FALSE,FALSE
ID108,2026-02-04,2945,63433,115,18,18,7262,Location005,0,0,FALSE,FALSE,FALSE
ID108,2026-02-05,3060,65055,116,19,19,6999,Location005,0,0,FALSE,FALSE,FALSE
ID108,2026-02-06,2275,66089,117,10,10,7303,Location005,0,0,FALSE,FALSE,FALSE
ID108,2026-02-07,1894,66256,118,12,12,7358,Location005,0,0,FALSE,FALSE,FALSE
ID108,2026-02-08,2783,66139,119,15,15,7715,Location005,0,0,FALSE,FALSE,FALSE
ID108,2026-02-09,3111,68150,120,9,9,6507,Location005,0,0,FALSE,FALSE,FALSE
ID108,2026-02-10,2339,69480,121,12,12,8463,Location005,0,0,FALSE,FALSE,FALSE
ID108,2026-02-11,2821,70972,122,17,17,7558,Location005,0,0,FALSE,FALSE,FALSE
ID108,2026-02-12,2720,72139,123,18,18,7154,Location005,0,0,FALSE,FALSE,FALSE
ID108,2026-02-13,3258,73820,124,10,10,8600,Location005,0,0,FALSE,FALSE,FALSE
ID108,2026-02-14,2963,74824,125,17,17,7599,Location005,0,0,FALSE,FALSE,FALSE
ID108,2026-02-15,2530,74391,126,12,12,6887,Location005,0,0,FALSE,FALSE,FALSE
ID108,2026-02-16,2957,77117,127,15,15,7618,Location005,0,0,FALSE,FALSE,FALSE
ID108,2026-02-17,2551,78047,128,15,15,7803,Location005,0,0,FALSE,FALSE,FALSE
ID108,2026-02-18,2728,78260,129,19,19,7588,Location005,0,0,FALSE,FALSE,FALSE
ID108,2026-02-19,2211,80114,130,10,10,8112,Location005,0,0,FALSE,FALSE,FALSE
ID108,2026-02-20,2347,80399.5,131,10,10,5945,Location005,0,0,FALSE,FALSE,FALSE
ID108,2026-02-21,1732,78855,132,7,7,4013,Location005,0,0,FALSE,FALSE,FALSE
ID108,2026-02-22,1906,79131,133,4,4,5326,Location005,0,0,FALSE,FALSE,FALSE
ID108,2026-02-23,2668,81338,134,12,12,7640,Location005,0,0,FALSE,FALSE,FALSE
ID108,2026-02-24,1966,84205.5,135,8,8,6936,Location005,0,0,FALSE,FALSE,FALSE
ID108,2026-02-25,2173,84001.5,136,6,6,7108,Location005,0,0,FALSE,FALSE,FALSE
ID108,2026-02-26,2741,85443.5,137,10,10,7535,Location005,0,0,FALSE,FALSE,FALSE
ID108,2026-02-27,2087,87507,138,8,8,7487,Location005,0,0,FALSE,FALSE,FALSE
ID108,2026-02-28,2925,88108.5,139,8,8,7605,Location005,0,0,FALSE,FALSE,FALSE
ID108,2026-03-01,2981,89227,140,13,13,8054,Location005,0,0,FALSE,FALSE,FALSE
ID108,2026-03-02,2826,90889.5,141,18,18,8235,Location005,0,0,FALSE,FALSE,FALSE
ID108,2026-03-03,3114,91628,142,9,9,9641,Location005,0,0,FALSE,FALSE,FALSE
ID108,2026-03-04,2893,94465,143,14,14,8706,Location005,0,0,FALSE,FALSE,FALSE
ID108,2026-03-05,2593,94593,144,7,7,7401,Location005,0,0,FALSE,FALSE,FALSE
ID108,2026-03-06,3136,96324,145,14,14,9206,Location005,0,0,FALSE,FALSE,FALSE
ID108,2026-03-07,5763,96856.5,146,16,0,0,Location005,0,16,FALSE,FALSE,FALSE
ID108,2026-03-08,5189,96336.5,147,14,0,0,Location005,0,14,FALSE,FALSE,FALSE
ID108,2026-03-09,2181,98220,148,6,6,6660,Location005,0,0,FALSE,FALSE,FALSE
ID108,2026-03-10,2678,98976,149,12,12,8403,Location005,0,0,FALSE,FALSE,FALSE
ID108,2026-03-11,3241,99491,150,12,12,9197,Location005,0,0,FALSE,FALSE,FALSE
ID108,2026-03-12,2869,101391,151,19,19,7418,Location005,0,0,FALSE,FALSE,FALSE
ID108,2026-03-13,2492.5,102166,152,12,0,0,Location005,0,12,FALSE,FALSE,TRUE
ID108,2026-03-14,2116,103642,153,8,8,5755,Location005,0,0,FALSE,FALSE,FALSE
ID108,2026-03-15,5744,104649,154,16,0,0,Location005,0,16,FALSE,FALSE,FALSE
ID108,2026-03-16,3765,107970,155,27,27,9550,Location005,0,0,FALSE,FALSE,FALSE
ID108,2026-03-17,2135,107297,156,13,13,6658,Location005,0,0,FALSE,FALSE,FALSE
ID108,2026-03-18,2512,108471,157,14,14,7861,Location005,0,0,FALSE,FALSE,FALSE
ID108,2026-03-19,3224,109425,158,18,18,6920,Location005,0,0,FALSE,FALSE,FALSE
ID108,2026-03-20,2538,108497,159,12,12,6341,Location005,0,0,FALSE,FALSE,FALSE
ID108,2026-03-21,1501,105927,160,9,9,4429,Location005,0,0,FALSE,FALSE,FALSE
ID108,2026-03-22,2117,106727,161,10,10,3590,Location005,0,0,FALSE,FALSE,FALSE
ID108,2026-03-23,2739,110831,162,11,11,6529,Location005,0,0,FALSE,FALSE,FALSE
ID108,2026-03-24,2976,115240.5,163,10,10,6533,Location005,0,0,FALSE,FALSE,FALSE
ID108,2026-03-25,3532,113904,164,12,12,5733,Location005,0,0,FALSE,FALSE,FALSE
ID108,2026-03-26,3276,115092,165,17,0,0,Location005,0,17,FALSE,FALSE,TRUE
ID108,2026-03-27,3020,115866,166,12,12,6570,Location005,0,0,FALSE,FALSE,FALSE
ID108,2026-03-28,4315,119096,167,22,22,4973,Location005,0,0,FALSE,FALSE,FALSE
ID108,2026-03-29,3348,116936,168,14,14,7115,Location005,0,0,FALSE,FALSE,FALSE
ID108,2026-03-30,3083,119201.5,169,12,12,6282,Location005,0,0,FALSE,FALSE,FALSE
ID108,2026-03-31,5466,120609.5,170,18,0,0,Location005,0,18,FALSE,FALSE,FALSE
ID108,2026-04-01,2282,122559,171,15,15,6991,Location005,0,0,FALSE,FALSE,FALSE
ID108,2026-04-02,2070.5,123209,172,25,0,0,Location005,0,25,FALSE,FALSE,TRUE
ID108,2026-04-03,1859,120191,173,9,9,3719,Location005,0,0,FALSE,FALSE,FALSE
ID108,2026-04-04,3746,121753,174,11,11,8256,Location005,0,0,FALSE,FALSE,FALSE
ID108,2026-04-05,3894,123693,175,16,16,8745,Location005,0,0,FALSE,FALSE,FALSE
ID108,2026-04-06,3362,124661,176,15,15,5490,Location005,0,0,FALSE,FALSE,FALSE
ID108,2026-04-07,4068,125684,177,25,25,7603,Location005,0,0,FALSE,FALSE,FALSE
ID108,2026-04-08,1573,127256,178,15,0,0,Location005,0,15,FALSE,FALSE,FALSE
ID108,2026-04-09,2983,125653,179,16,16,4300,Location005,0,0,FALSE,FALSE,FALSE
ID108,2026-04-10,3958,129664.5,180,20,20,5808,Location005,0,0,FALSE,FALSE,FALSE
ID108,2026-04-11,2241,130734,181,19,19,4052,Location005,0,0,FALSE,FALSE,FALSE
ID108,2026-04-12,2577,132482,182,15,15,3959,Location005,0,0,FALSE,FALSE,FALSE
ID108,2026-04-13,3272,127673,183,18,18,4374,Location005,0,0,FALSE,FALSE,FALSE
ID108,2026-04-14,3047,131800,184,14,14,4321,Location005,0,0,FALSE,FALSE,FALSE
ID108,2026-04-15,3654,131473,185,22,22,5788,Location005,0,0,FALSE,FALSE,FALSE
ID108,2026-04-16,2895,134155,186,19,19,3864,Location005,0,0,FALSE,FALSE,FALSE
ID108,2026-04-17,2220,132878,187,14,14,2967,Location005,0,0,FALSE,FALSE,FALSE
ID108,2026-04-18,3958,134790,188,22,22,6614,Location005,0,0,FALSE,FALSE,FALSE
ID108,2026-04-19,4018,135722,189,22,22,6855,Location005,0,0,FALSE,FALSE,FALSE
ID108,2026-04-20,2806,137553,190,13,13,4200,Location005,4,0,FALSE,FALSE,FALSE
ID108,2026-04-21,2312,137164,191,9,9,4882,Location005,0,0,FALSE,FALSE,FALSE
ID108,2026-04-22,3563,139267,192,18,18,6165,Location005,4,0,FALSE,FALSE,FALSE
ID108,2026-04-23,4176,139656,193,16,16,6132,Location005,11,0,FALSE,FALSE,FALSE
ID108,2026-04-24,3281,,194,18,18,5491,Location005,0,0,FALSE,TRUE,FALSE
ID109,2025-12-30,10,25231,80,2,0,0,Location004,0,2,FALSE,FALSE,FALSE
ID109,2025-12-31,722,29487.5,81,11,11,3158,Location004,11,0,FALSE,TRUE,FALSE
ID109,2026-01-02,816,33744,83,9,9,2007,Location004,0,0,FALSE,FALSE,FALSE
ID109,2026-01-03,1788,33047,84,13,13,3186,Location004,0,0,FALSE,FALSE,FALSE
ID109,2026-01-05,2831,36514,86,21,21,3742,Location004,5,0,FALSE,FALSE,FALSE
ID109,2026-01-06,4096,35076,87,17,17,4037,Location004,1,0,FALSE,FALSE,FALSE
ID109,2026-01-07,1504,36355,88,12,12,2546,Location004,2,0,FALSE,FALSE,FALSE
ID109,2026-01-08,3594,35363,89,19,19,3469,Location004,7,0,FALSE,FALSE,FALSE
ID109,2026-01-09,2724,36260,90,15,15,5736,Location004,0,0,FALSE,FALSE,FALSE
ID109,2026-01-10,2147,41449,91,13,13,3369,Location004,0,0,FALSE,FALSE,FALSE
ID109,2026-01-11,2282,41843,92,15,15,4682,Location004,1,0,FALSE,FALSE,FALSE
ID109,2026-01-12,2151,43768.5,93,14,14,4560,Location004,0,0,FALSE,FALSE,FALSE
ID109,2026-01-13,1292,41080.5,94,7,7,2258,Location004,1,0,FALSE,FALSE,FALSE
ID109,2026-01-14,2281,43706.5,95,16,16,4911,Location004,0,0,FALSE,FALSE,FALSE
ID109,2026-01-17,2194,50029,98,8,8,3434,Location004,0,0,FALSE,FALSE,FALSE
ID109,2026-01-18,3203,51681,99,11,11,3867,Location004,0,0,FALSE,FALSE,FALSE
ID109,2026-01-19,3515,51034,100,13,13,5899,Location004,0,0,FALSE,FALSE,FALSE
ID109,2026-01-20,2291,53450.5,101,12,12,5112,Location004,0,0,FALSE,FALSE,FALSE
ID109,2026-01-21,2397,55279,102,13,13,5572,Location004,0,0,FALSE,FALSE,FALSE
ID109,2026-01-22,2204,55061.5,103,16,16,4855,Location004,0,0,FALSE,FALSE,FALSE
ID109,2026-01-23,1827,57265,104,11,11,2836,Location004,0,0,FALSE,FALSE,FALSE
ID109,2026-01-24,3176,58077,105,16,16,5096,Location004,0,0,FALSE,FALSE,FALSE
ID109,2026-01-25,2336,59750,106,17,17,3957,Location004,0,0,FALSE,FALSE,FALSE
ID109,2026-01-26,1630,60147,107,10,10,3871,Location004,0,0,FALSE,FALSE,FALSE
ID109,2026-01-27,2083,62133,108,11,11,2921,Location004,0,0,FALSE,FALSE,FALSE
ID109,2026-01-28,2055,61918,109,12,12,3304,Location004,0,0,FALSE,FALSE,FALSE
ID109,2026-01-29,2458,62837,110,11,11,3496,Location004,0,0,FALSE,FALSE,FALSE
ID109,2026-01-30,1909,64041,111,11,11,3321,Location004,0,0,FALSE,FALSE,FALSE
ID109,2026-01-31,2152,64124,112,11,11,3593,Location004,0,0,FALSE,FALSE,FALSE
ID109,2026-02-01,1886,65195,113,9,9,3404,Location004,0,0,FALSE,FALSE,FALSE
ID109,2026-02-02,2134,68776,114,13,13,3484,Location004,0,0,FALSE,FALSE,FALSE
ID109,2026-02-03,2645,69212,115,15,15,3219,Location004,0,0,FALSE,FALSE,FALSE
ID109,2026-02-04,1686,71897,116,7,7,2520,Location004,0,0,FALSE,FALSE,FALSE
ID109,2026-02-05,2803,71494,117,11,11,2219,Location004,0,0,FALSE,FALSE,FALSE
ID109,2026-02-06,2362,72849,118,12,12,3373,Location004,0,0,FALSE,FALSE,FALSE
ID109,2026-02-07,1967,72983.5,119,10,10,2770,Location004,0,0,FALSE,FALSE,FALSE
ID109,2026-02-08,1602,73924,120,10,10,2651,Location004,0,0,FALSE,FALSE,FALSE
ID109,2026-02-09,2697,76215,121,11,11,3321,Location004,0,0,FALSE,FALSE,FALSE
ID109,2026-02-10,2248,77823,122,11,11,2875,Location004,0,0,FALSE,FALSE,FALSE
ID109,2026-02-11,2771,77867,123,15,15,2560,Location004,0,0,FALSE,FALSE,FALSE
ID109,2026-02-12,3370,78476,124,13,13,3043,Location004,0,0,FALSE,FALSE,FALSE
ID109,2026-02-13,1766,79048.5,125,4,4,2773,Location004,0,0,FALSE,FALSE,FALSE
ID109,2026-02-14,2852,79580,126,8,8,2753,Location004,0,0,FALSE,FALSE,FALSE
ID109,2026-02-15,2574,79516,127,12,12,3320,Location004,0,0,FALSE,FALSE,FALSE
ID109,2026-02-16,302,83706,128,1,1,248,Location004,0,0,FALSE,FALSE,FALSE
ID109,2026-02-18,2249,82341,130,7,7,2933,Location004,0,0,FALSE,FALSE,FALSE
ID109,2026-02-19,2142,82411.5,131,16,16,2562,Location004,0,0,FALSE,FALSE,FALSE
ID109,2026-02-20,2183,85291,132,14,14,2568,Location004,0,0,FALSE,FALSE,FALSE
ID109,2026-02-21,1687,86644,133,10,10,2433,Location004,0,0,FALSE,FALSE,FALSE
ID109,2026-02-22,2348,89069,134,12,12,3098,Location004,0,0,FALSE,FALSE,FALSE
ID109,2026-02-23,2034,89739,135,9,9,2475,Location004,0,0,FALSE,FALSE,FALSE
ID109,2026-02-24,2773,90348,136,11,11,2808,Location004,0,0,FALSE,FALSE,FALSE
ID109,2026-02-25,1717,89037,137,9,9,2255,Location004,0,0,FALSE,FALSE,FALSE
ID109,2026-02-28,1748,83019,140,7,7,1526,Location004,0,0,FALSE,FALSE,FALSE
ID109,2026-03-01,251,82711,141,3,0,0,Location004,0,3,FALSE,FALSE,FALSE
ID109,2026-03-02,2348,85683,142,15,15,2943,Location004,0,0,FALSE,FALSE,FALSE
ID109,2026-03-03,2334,88916,143,15,15,2613,Location004,0,0,FALSE,FALSE,FALSE
ID109,2026-03-04,1864,91618,144,9,9,1892,Location004,0,0,FALSE,FALSE,FALSE
ID109,2026-03-05,3058,91040,145,11,11,2432,Location004,0,0,FALSE,FALSE,FALSE
ID109,2026-03-06,1395,88305,146,8,8,1911,Location004,0,0,FALSE,FALSE,FALSE
ID109,2026-03-07,2735,91411.5,147,12,12,3000,Location004,0,0,FALSE,FALSE,FALSE
ID109,2026-03-08,1828,95920,148,13,13,2726,Location004,0,0,FALSE,FALSE,FALSE
ID109,2026-03-09,3577,97301,149,27,27,3400,Location004,0,0,FALSE,FALSE,FALSE
ID109,2026-03-10,3366,97748,150,24,24,3777,Location004,0,0,FALSE,FALSE,FALSE
ID109,2026-03-11,3199,97775,151,16,16,2949,Location004,0,0,FALSE,FALSE,FALSE
ID109,2026-03-12,2591,99596.5,152,12,12,2922,Location004,0,0,FALSE,FALSE,FALSE
ID109,2026-03-13,2428,99992,153,16,16,2380,Location004,0,0,FALSE,FALSE,FALSE
ID109,2026-03-14,2081,99242.5,154,10,10,1991,Location004,0,0,FALSE,FALSE,FALSE
ID109,2026-03-15,1942,100609,155,5,5,2223,Location004,0,0,FALSE,FALSE,FALSE
ID109,2026-03-16,3757,103002,156,13,13,3025,Location004,0,0,FALSE,FALSE,FALSE
ID109,2026-03-17,3463,106092,157,15,15,2596,Location004,0,0,FALSE,FALSE,FALSE
ID109,2026-03-18,1386,103858.5,158,6,6,1602,Location004,0,0,FALSE,FALSE,FALSE
ID109,2026-03-19,2380,106869,159,12,12,2123,Location004,0,0,FALSE,FALSE,FALSE
ID109,2026-03-20,3860,102961,160,17,17,3560,Location004,0,0,FALSE,FALSE,FALSE
ID109,2026-03-21,2039,101850,161,13,13,2422,Location004,0,0,FALSE,FALSE,FALSE
ID109,2026-03-22,2061,101850,162,5,5,1495,Location004,0,0,FALSE,FALSE,FALSE
ID109,2026-03-23,4171,108560,163,16,16,3305,Location004,0,0,FALSE,FALSE,FALSE
ID109,2026-03-24,2821,111589,164,7,7,2280,Location004,0,0,FALSE,FALSE,FALSE
ID109,2026-03-25,3760,111810,165,10,10,2353,Location004,0,0,FALSE,FALSE,FALSE
ID109,2026-03-26,3179,113214,166,6,6,2348,Location004,0,0,FALSE,FALSE,FALSE
ID109,2026-03-27,2016,113429,167,10,10,2367,Location004,0,0,FALSE,FALSE,FALSE
ID109,2026-03-28,4440,115365,168,13,13,3062,Location004,0,0,FALSE,FALSE,FALSE
ID109,2026-03-29,3995,115186,169,12,12,2734,Location004,0,0,FALSE,FALSE,FALSE
ID109,2026-03-30,2080,117367,170,11,11,2482,Location004,0,0,FALSE,FALSE,FALSE
ID109,2026-03-31,4540,117340,171,11,0,0,Location004,0,11,FALSE,FALSE,FALSE
ID109,2026-04-01,2859,119303,172,10,10,2359,Location004,0,0,FALSE,FALSE,FALSE
ID109,2026-04-02,1417,118076,173,7,7,1354,Location004,0,0,FALSE,FALSE,FALSE
ID109,2026-04-03,2851,118348,174,10,10,2026,Location004,0,0,FALSE,FALSE,FALSE
ID109,2026-04-04,3092,119573,175,11,11,2628,Location004,0,0,FALSE,FALSE,FALSE
ID109,2026-04-05,2095,122260,176,10,10,2590,Location004,0,0,FALSE,FALSE,FALSE
ID109,2026-04-06,2931,122401,177,13,13,2006,Location004,0,0,FALSE,FALSE,FALSE
ID109,2026-04-07,3298,122514,178,13,13,2342,Location004,0,0,FALSE,FALSE,FALSE
ID109,2026-04-08,2036,123134,179,9,9,2116,Location004,0,0,FALSE,FALSE,FALSE
ID109,2026-04-10,1735,127162,181,5,5,1632,Location004,0,0,FALSE,FALSE,FALSE
ID109,2026-04-11,2933,128003,182,10,10,2557,Location004,0,0,FALSE,FALSE,FALSE
ID109,2026-04-12,5513,127163,183,14,0,0,Location004,0,14,FALSE,FALSE,FALSE
ID109,2026-04-13,3463,128705,184,18,18,3612,Location004,0,0,FALSE,FALSE,FALSE
ID109,2026-04-14,2469,128525,185,15,15,2653,Location004,0,0,FALSE,FALSE,FALSE
ID109,2026-04-15,2841,131523,186,5,5,3010,Location004,0,0,FALSE,FALSE,FALSE
ID109,2026-04-16,2178,127102,187,5,5,1673,Location004,0,0,FALSE,FALSE,FALSE
ID109,2026-04-17,3356,129144,188,10,10,2775,Location004,0,0,FALSE,FALSE,FALSE
ID109,2026-04-18,3218,130286,189,15,15,3062,Location004,0,0,FALSE,FALSE,FALSE
ID109,2026-04-19,3386,133203,190,18,18,3977,Location004,0,0,FALSE,FALSE,FALSE
ID109,2026-04-20,15,133215,191,2,0,0,Location004,0,2,FALSE,FALSE,FALSE
ID109,2026-04-21,683,124399.5,192,4,4,763,Location004,0,0,FALSE,FALSE,FALSE
ID109,2026-04-22,2974,124142.5,193,10,10,1997,Location004,0,0,FALSE,FALSE,FALSE
ID109,2026-04-23,2653,125400,194,14,14,3088,Location004,0,0,FALSE,FALSE,FALSE
ID109,2026-04-24,446,,195,3,3,1175,Location004,0,0,FALSE,TRUE,FALSE
ID112,2025-12-30,930,,80,46,0,0,Location005,46,46,FALSE,TRUE,FALSE
ID112,2025-12-31,1180,31045,81,25,25,8447,Location005,0,0,FALSE,FALSE,FALSE
ID112,2026-01-01,1912,31513,82,28,28,9578,Location005,0,0,FALSE,FALSE,FALSE
ID112,2026-01-02,1582,31766,83,26,26,10294,Location005,0,0,FALSE,FALSE,FALSE
ID112,2026-01-03,1709,31766,84,20,20,10294,Location005,0,0,FALSE,FALSE,FALSE
ID112,2026-01-04,1915,31724,85,30,30,11313,Location005,0,0,FALSE,FALSE,FALSE
ID112,2026-01-05,3523,34518,86,38,0,0,Location005,0,38,FALSE,FALSE,FALSE
ID112,2026-01-06,3568,35965,87,22,0,0,Location005,0,22,FALSE,FALSE,FALSE
ID112,2026-01-09,2980,38459,90,31,31,9961,Location005,0,0,FALSE,FALSE,FALSE
ID112,2026-01-10,1939,38978,91,41,41,9715,Location005,0,0,FALSE,FALSE,FALSE
ID112,2026-01-11,1880,39539,92,48,48,10122,Location005,0,0,FALSE,FALSE,FALSE
ID112,2026-01-12,1693,39765,93,42,42,8764,Location005,0,0,FALSE,FALSE,FALSE
ID112,2026-01-13,2040,40635,94,62,62,9837,Location005,0,0,FALSE,FALSE,FALSE
ID112,2026-01-14,5689,44194,95,36,0,0,Location005,0,36,FALSE,FALSE,FALSE
ID112,2026-01-15,1743,45784,96,14,14,5774,Location005,0,0,FALSE,FALSE,FALSE
ID112,2026-01-17,1528,46648,98,13,13,2760,Location005,0,0,FALSE,FALSE,FALSE
ID112,2026-01-18,1975,46778,99,20,20,5722,Location005,0,0,FALSE,FALSE,FALSE
ID112,2026-01-19,1552,49061,100,11,11,4595,Location005,0,0,FALSE,FALSE,FALSE
ID112,2026-01-20,1739,48970,101,14,14,6209,Location005,0,0,FALSE,FALSE,FALSE
ID112,2026-01-21,1778,49411,102,17,17,5922,Location005,0,0,FALSE,FALSE,FALSE
ID112,2026-01-22,2117,50132,103,15,15,5207,Location005,0,0,FALSE,FALSE,FALSE
ID112,2026-01-23,1775,51325,104,15,15,6255,Location005,0,0,FALSE,FALSE,FALSE
ID112,2026-01-24,1459,51222,105,8,8,4980,Location005,0,0,FALSE,FALSE,FALSE
ID112,2026-01-25,2151,53038,106,13,13,4953,Location005,0,0,FALSE,FALSE,FALSE
ID112,2026-01-26,1323,53237,107,12,12,5007,Location005,0,0,FALSE,FALSE,FALSE
ID112,2026-01-27,1518,54728,108,16,16,5447,Location005,0,0,FALSE,FALSE,FALSE
ID112,2026-01-28,1944,54602,109,16,16,7310,Location005,0,0,FALSE,FALSE,FALSE
ID112,2026-01-29,1291,57751,110,10,10,2786,Location005,0,0,FALSE,FALSE,FALSE
ID112,2026-01-30,1793,57569,111,18,18,5853,Location005,0,0,FALSE,FALSE,FALSE
ID112,2026-01-31,1707,58813,112,18,18,5780,Location005,0,0,FALSE,FALSE,FALSE
ID112,2026-02-01,1605,58745,113,23,23,5595,Location005,0,0,FALSE,FALSE,FALSE
ID112,2026-02-02,4562,60300,114,23,0,0,Location005,0,23,FALSE,FALSE,FALSE
ID112,2026-02-03,1235,59471,115,11,11,2863,Location005,0,0,FALSE,FALSE,FALSE
ID112,2026-02-04,1084,64472,116,16,16,2262,Location005,0,0,FALSE,FALSE,FALSE
ID112,2026-02-05,1835,62592.5,117,8,8,4377,Location005,0,0,FALSE,FALSE,FALSE
ID112,2026-02-06,4516,65035,118,24,0,0,Location005,0,24,FALSE,FALSE,FALSE
ID112,2026-02-07,2344,66982,119,13,13,5386,Location005,0,0,FALSE,FALSE,FALSE
ID112,2026-02-08,2296,66349.5,120,12,12,4895,Location005,0,0,FALSE,FALSE,FALSE
ID112,2026-02-09,2018,66680,121,12,12,3793,Location005,0,0,FALSE,FALSE,FALSE
ID112,2026-02-10,2597,67176,122,14,14,6642,Location005,0,0,FALSE,FALSE,FALSE
ID112,2026-02-11,3022,71295,123,22,22,7704,Location005,0,0,FALSE,FALSE,FALSE
ID112,2026-02-12,2680,71231,124,18,18,5261,Location005,0,0,FALSE,FALSE,FALSE
ID112,2026-02-13,2633,72887,125,21,21,6182,Location005,0,0,FALSE,FALSE,FALSE
ID112,2026-02-14,2652,71465,126,15,15,4888,Location005,0,0,FALSE,FALSE,FALSE
ID112,2026-02-15,2810,74740,127,13,13,5655,Location005,0,0,FALSE,FALSE,FALSE
ID112,2026-02-16,2652,77021,128,12,12,6373,Location005,0,0,FALSE,FALSE,FALSE
ID112,2026-02-17,3376,75459,129,13,13,7193,Location005,0,0,FALSE,FALSE,FALSE
ID112,2026-02-18,2660,75042,130,16,16,6499,Location005,0,0,FALSE,FALSE,FALSE
ID112,2026-02-19,1985,77839,131,13,13,3392,Location005,0,0,FALSE,FALSE,FALSE
ID112,2026-02-20,2735,79456,132,14,14,6399,Location005,0,0,FALSE,FALSE,FALSE
ID112,2026-02-21,2321,78931,133,11,11,5519,Location005,0,0,FALSE,FALSE,FALSE
ID112,2026-02-22,2530,81623,134,14,14,6303,Location005,0,0,FALSE,FALSE,FALSE
ID112,2026-02-23,2282,82118,135,13,13,6335,Location005,0,0,FALSE,FALSE,FALSE
ID112,2026-02-24,2550,82958,136,11,11,5954,Location005,0,0,FALSE,FALSE,FALSE
ID112,2026-02-25,1877,87045,137,9,9,6774,Location005,0,0,FALSE,FALSE,FALSE
ID112,2026-02-26,1302,85811.5,138,8,8,3570,Location005,0,0,FALSE,FALSE,FALSE
ID112,2026-02-27,160,83492,139,6,0,0,Location005,0,6,FALSE,FALSE,FALSE
ID112,2026-02-28,2563,78375,140,17,17,6502,Location005,0,0,FALSE,FALSE,FALSE
ID112,2026-03-01,2476,87895,141,10,10,6825,Location005,0,0,FALSE,FALSE,FALSE
ID112,2026-03-02,2842,90252,142,15,15,6067,Location005,0,0,FALSE,FALSE,FALSE
ID112,2026-03-03,3490,89903,143,19,19,6759,Location005,0,0,FALSE,FALSE,FALSE
ID112,2026-03-04,4420,90862,144,15,15,7577,Location005,0,0,FALSE,FALSE,FALSE
ID112,2026-03-05,4444,92324,145,12,0,0,Location005,0,12,FALSE,FALSE,FALSE
ID112,2026-03-06,3424,90457.5,146,16,16,7666,Location005,0,0,FALSE,FALSE,FALSE
ID112,2026-03-07,2766,92789.5,147,12,12,5185,Location005,0,0,FALSE,FALSE,FALSE
ID112,2026-03-08,3278,94794,148,22,22,7619,Location005,0,0,FALSE,FALSE,FALSE
ID112,2026-03-09,2822,94835,149,15,15,6110,Location005,0,0,FALSE,FALSE,FALSE
ID112,2026-03-10,3941,96665,150,15,15,7612,Location005,0,0,FALSE,FALSE,FALSE
ID112,2026-03-11,2652,97672,151,22,22,5281,Location005,0,0,FALSE,FALSE,FALSE
ID112,2026-03-12,2401,98849,152,11,11,4258,Location005,0,0,FALSE,FALSE,FALSE
ID112,2026-03-13,3173,98478,153,13,13,4930,Location005,0,0,FALSE,FALSE,FALSE
ID112,2026-03-14,2429,100799,154,11,11,4159,Location005,0,0,FALSE,FALSE,FALSE
ID112,2026-03-15,3268,101927,155,14,14,6353,Location005,0,0,FALSE,FALSE,FALSE
ID112,2026-03-16,2719,102562,156,13,13,5042,Location005,0,0,FALSE,FALSE,FALSE
ID112,2026-03-17,2122,103936,157,11,11,3347,Location005,0,0,FALSE,FALSE,FALSE
ID112,2026-03-18,2909,105897,158,13,13,5230,Location005,0,0,FALSE,FALSE,FALSE
ID112,2026-03-19,1383,106648,159,13,13,4084,Location005,0,0,FALSE,FALSE,FALSE
ID112,2026-03-20,2246,103529,160,9,9,4278,Location005,0,0,FALSE,FALSE,FALSE
ID112,2026-03-21,918,105261,161,9,0,0,Location005,0,9,FALSE,FALSE,FALSE
ID112,2026-03-22,1081,105877,162,5,5,2498,Location005,0,0,FALSE,FALSE,FALSE
ID112,2026-03-23,1864,103517.5,163,6,6,4166,Location005,0,0,FALSE,FALSE,FALSE
ID112,2026-03-24,1085,103400,164,8,8,3351,Location005,0,0,FALSE,FALSE,FALSE
ID112,2026-03-25,1113,104147,165,3,3,1876,Location005,0,0,FALSE,FALSE,FALSE
ID112,2026-03-26,1678,103657.5,166,8,8,3510,Location005,0,0,FALSE,FALSE,FALSE
ID112,2026-03-27,1915,106522.5,167,12,12,2264,Location005,0,0,FALSE,FALSE,FALSE
ID112,2026-03-28,1478,106037,168,7,7,2707,Location005,0,0,FALSE,FALSE,FALSE
ID112,2026-03-29,1428,106080,169,10,10,2164,Location005,0,0,FALSE,FALSE,FALSE
ID112,2026-03-30,2777,108337,170,10,10,4072,Location005,0,0,FALSE,FALSE,FALSE
ID112,2026-03-31,2315,108482,171,13,13,3583,Location005,0,0,FALSE,FALSE,FALSE
ID112,2026-04-01,1730,107837,172,8,8,2258,Location005,0,0,FALSE,FALSE,FALSE
ID112,2026-04-02,2629,109001.5,173,14,14,3544,Location005,0,0,FALSE,FALSE,FALSE
ID112,2026-04-03,1758,110415,174,12,12,3570,Location005,0,0,FALSE,FALSE,FALSE
ID112,2026-04-04,1711,112186,175,11,11,2753,Location005,0,0,FALSE,FALSE,FALSE
ID112,2026-04-05,2319,109031,176,11,11,3587,Location005,0,0,FALSE,FALSE,FALSE
ID112,2026-04-06,3082,114189,177,21,21,4890,Location005,0,0,FALSE,FALSE,FALSE
ID112,2026-04-07,2467,117411,178,10,10,3205,Location005,0,0,FALSE,FALSE,FALSE
ID112,2026-04-08,1713,119915,179,7,7,2517,Location005,0,0,FALSE,FALSE,FALSE
ID112,2026-04-09,1244,115420,180,4,4,1847,Location005,0,0,FALSE,FALSE,FALSE
ID112,2026-04-10,2663,115657,181,14,14,4037,Location005,0,0,FALSE,FALSE,FALSE
ID112,2026-04-11,2673,118439,182,17,17,3091,Location005,0,0,FALSE,FALSE,FALSE
ID112,2026-04-12,2417,119129,183,10,10,3000,Location005,0,0,FALSE,FALSE,FALSE
ID112,2026-04-13,3229,118101,184,13,13,3478,Location005,0,0,FALSE,FALSE,FALSE
ID112,2026-04-14,3647,118612,185,16,16,3912,Location005,0,0,FALSE,FALSE,FALSE
ID112,2026-04-15,3415,123767,186,20,20,4423,Location005,0,0,FALSE,FALSE,FALSE
ID112,2026-04-16,3314,123583,187,19,19,4366,Location005,0,0,FALSE,FALSE,FALSE
ID112,2026-04-17,2814,125156,188,15,15,4815,Location005,0,0,FALSE,FALSE,FALSE
ID112,2026-04-18,3406,126265,189,13,13,4668,Location005,0,0,FALSE,FALSE,FALSE
ID112,2026-04-19,3565,126902,190,15,15,4780,Location005,0,0,FALSE,FALSE,FALSE
ID112,2026-04-20,2614,129486.5,191,10,10,3694,Location005,0,0,FALSE,FALSE,FALSE
ID112,2026-04-21,3096,126737,192,18,18,4448,Location005,0,0,FALSE,FALSE,FALSE
ID112,2026-04-22,3314,129486,193,13,13,5098,Location005,0,0,FALSE,FALSE,FALSE
ID112,2026-04-23,4233,133034,194,16,0,0,Location005,0,16,FALSE,FALSE,FALSE
ID112,2026-04-24,2626,,195,9,9,4021,Location005,0,0,FALSE,TRUE,FALSE
ID113,2025-12-30,546,,66,7,0,0,Location007,7,7,FALSE,TRUE,FALSE
ID113,2025-12-31,1727,,67,19,19,6884,Location007,19,0,FALSE,TRUE,FALSE
ID113,2026-01-01,1543,,68,22,22,5999,Location007,22,0,FALSE,TRUE,FALSE
ID113,2026-01-03,1649,26061,70,27,27,8200,Location007,17,0,FALSE,FALSE,FALSE
ID113,2026-01-04,1103,27198,71,30,30,6098,Location007,30,0,FALSE,TRUE,FALSE
ID113,2026-01-05,2166,28335,72,26,26,6745,Location007,26,0,FALSE,TRUE,FALSE
ID113,2026-01-06,4791,29472,73,19,0,0,Location007,8,19,FALSE,FALSE,FALSE
ID113,2026-01-07,3663,26917,74,26,0,0,Location007,13,26,FALSE,FALSE,FALSE
ID113,2026-01-08,1164,31073,75,22,22,5060,Location007,22,0,FALSE,TRUE,FALSE
ID113,2026-01-09,858,35229,76,22,0,0,Location007,0,22,FALSE,FALSE,TRUE
ID113,2026-01-10,552,28690,77,10,0,0,Location007,0,10,FALSE,FALSE,FALSE
ID113,2026-01-11,4286,28690,78,23,0,0,Location007,10,23,FALSE,FALSE,FALSE
ID113,2026-01-12,2148,29205,79,23,23,5096,Location007,23,0,FALSE,TRUE,FALSE
ID113,2026-01-13,2227,29720,80,25,25,5671,Location007,4,0,FALSE,FALSE,FALSE
ID113,2026-01-14,3775,34175.5,81,22,0,0,Location007,0,22,FALSE,FALSE,FALSE
ID113,2026-01-17,1956,37515,84,29,29,4697,Location007,0,0,FALSE,FALSE,FALSE
ID113,2026-01-18,4059,38097.5,85,24,0,0,Location007,0,24,FALSE,FALSE,FALSE
ID113,2026-01-19,1492,39069,86,12,12,4765,Location007,0,0,FALSE,FALSE,FALSE
ID113,2026-01-20,470,38008.5,87,2,0,0,Location007,0,2,FALSE,FALSE,FALSE
ID113,2026-01-21,1710,37740,88,13,13,3817,Location007,0,0,FALSE,FALSE,FALSE
ID113,2026-01-22,1582,40878.5,89,14,14,4469,Location007,0,0,FALSE,FALSE,FALSE
ID113,2026-01-23,1410,41543,90,23,23,3099,Location007,0,0,FALSE,FALSE,FALSE
ID113,2026-01-24,1697,42076,91,29,29,4537,Location007,0,0,FALSE,FALSE,FALSE
ID113,2026-01-25,2131,43144,92,21,21,4706,Location007,0,0,FALSE,FALSE,FALSE
ID113,2026-01-26,2288,43949,93,23,23,5273,Location007,0,0,FALSE,FALSE,FALSE
ID113,2026-01-27,2803,44970.5,94,28,28,5470,Location007,0,0,FALSE,FALSE,FALSE
ID113,2026-01-28,1612,45978,95,20,20,4378,Location007,0,0,FALSE,FALSE,FALSE
ID113,2026-01-29,2209,46998,96,17,17,2724,Location007,0,0,FALSE,FALSE,FALSE
ID113,2026-01-30,1944,47236,97,17,17,3341,Location007,0,0,FALSE,FALSE,FALSE
ID113,2026-01-31,2057,47937,98,19,19,3348,Location007,0,0,FALSE,FALSE,FALSE
ID113,2026-02-01,2796,50165,99,25,25,3927,Location007,0,0,FALSE,FALSE,FALSE
ID113,2026-02-02,1446,49152,100,34,34,3427,Location007,0,0,FALSE,FALSE,FALSE
ID113,2026-02-03,3256,51773,101,27,27,5140,Location007,0,0,FALSE,FALSE,FALSE
ID113,2026-02-04,2317,53764,102,15,15,4326,Location007,0,0,FALSE,FALSE,FALSE
ID113,2026-02-05,1979,54656,103,17,17,4415,Location007,0,0,FALSE,FALSE,FALSE
ID113,2026-02-06,2246,56158,104,13,13,3127,Location007,0,0,FALSE,FALSE,FALSE
ID113,2026-02-07,2276,56861,105,23,23,5175,Location007,0,0,FALSE,FALSE,FALSE
ID113,2026-02-08,2583,57179,106,16,16,4182,Location007,0,0,FALSE,FALSE,FALSE
ID113,2026-02-09,1681,58383,107,24,24,4058,Location007,0,0,FALSE,FALSE,FALSE
ID113,2026-02-10,1826,59385,108,15,15,3444,Location007,0,0,FALSE,FALSE,FALSE
ID113,2026-02-11,2687,59384.5,109,24,24,4343,Location007,0,0,FALSE,FALSE,FALSE
ID113,2026-02-12,2388,60162,110,18,18,3938,Location007,0,0,FALSE,FALSE,FALSE
ID113,2026-02-13,2225,62123,111,22,22,4113,Location007,0,0,FALSE,FALSE,FALSE
ID113,2026-02-14,2155,61832,112,17,17,3417,Location007,0,0,FALSE,FALSE,FALSE
ID113,2026-02-15,1221,61537,113,5,5,3159,Location007,0,0,FALSE,FALSE,FALSE
ID113,2026-02-16,3340,64659.5,114,26,26,5506,Location007,0,0,FALSE,FALSE,FALSE
ID113,2026-02-17,2610,64779,115,18,18,3708,Location007,0,0,FALSE,FALSE,FALSE
ID113,2026-02-18,2365,66434,116,30,30,4835,Location007,0,0,FALSE,FALSE,FALSE
ID113,2026-02-19,2886,69496,117,22,22,3847,Location007,0,0,FALSE,FALSE,FALSE
ID113,2026-02-20,2346,68310,118,26,26,2781,Location007,0,0,FALSE,FALSE,FALSE
ID113,2026-02-21,3391,69573,119,37,37,4025,Location007,0,0,FALSE,FALSE,FALSE
ID113,2026-02-22,2402,70685,120,19,19,3783,Location007,0,0,FALSE,FALSE,FALSE
ID113,2026-02-23,2733,71451,121,28,28,3594,Location007,0,0,FALSE,FALSE,FALSE
ID113,2026-02-24,3512,72427,122,34,34,5257,Location007,0,0,FALSE,FALSE,FALSE
ID113,2026-02-25,3157,73951,123,39,39,4563,Location007,0,0,FALSE,FALSE,FALSE
ID113,2026-02-26,2295,72130,124,30,30,2582,Location007,0,0,FALSE,FALSE,FALSE
ID113,2026-02-27,3172,74150,125,31,31,4309,Location007,0,0,FALSE,FALSE,FALSE
ID113,2026-02-28,3491,74818,126,38,38,3754,Location007,0,0,FALSE,FALSE,FALSE
ID113,2026-03-01,2408,76327.5,127,26,26,3746,Location007,0,0,FALSE,FALSE,FALSE
ID113,2026-03-02,3285,76336,128,32,32,5322,Location007,0,0,FALSE,FALSE,FALSE
ID113,2026-03-03,2543,77215,129,49,49,4268,Location007,0,0,FALSE,FALSE,FALSE
ID113,2026-03-04,2697,76986,130,15,15,2636,Location007,0,0,FALSE,FALSE,FALSE
ID113,2026-03-05,2610,77553,131,40,40,2636,Location007,0,0,FALSE,FALSE,FALSE
ID113,2026-03-06,5237,78808,132,35,0,0,Location007,0,35,FALSE,FALSE,FALSE
ID113,2026-03-07,4113,79222,133,18,18,5610,Location007,0,0,FALSE,FALSE,FALSE
ID113,2026-03-08,3767,80398,134,20,20,4062,Location007,0,0,FALSE,FALSE,FALSE
ID113,2026-03-09,2835,82011,135,33,33,5238,Location007,0,0,FALSE,FALSE,FALSE
ID113,2026-03-10,3421,81989,136,16,16,4699,Location007,0,0,FALSE,FALSE,FALSE
ID113,2026-03-11,4264,84897,137,37,37,4718,Location007,0,0,FALSE,FALSE,FALSE
ID113,2026-03-12,3851,87126,138,47,47,4620,Location007,0,0,FALSE,FALSE,FALSE
ID113,2026-03-13,4397,88527,139,59,59,5869,Location007,0,0,FALSE,FALSE,FALSE
ID113,2026-03-14,3269,88695,140,25,25,5033,Location007,0,0,FALSE,FALSE,FALSE
ID113,2026-03-15,4876,89401,141,56,56,5242,Location007,0,0,FALSE,FALSE,FALSE
ID113,2026-03-16,2854,89405,142,40,40,3372,Location007,0,0,FALSE,FALSE,FALSE
ID113,2026-03-17,3094,90388,143,44,44,4557,Location007,0,0,FALSE,FALSE,FALSE
ID113,2026-03-18,4212,91785,144,26,26,4421,Location007,0,0,FALSE,FALSE,FALSE
ID113,2026-03-19,2965,91687,145,27,27,4286,Location007,0,0,FALSE,FALSE,FALSE
ID113,2026-03-20,2960,93017,146,25,25,2117,Location007,0,0,FALSE,FALSE,FALSE
ID113,2026-03-21,4325,92972,147,22,22,4573,Location007,0,0,FALSE,FALSE,FALSE
ID113,2026-03-22,3963,94869,148,58,58,5079,Location007,0,0,FALSE,FALSE,FALSE
ID113,2026-03-23,3380,96506,149,30,30,5274,Location007,0,0,FALSE,FALSE,FALSE
ID113,2026-03-24,3874,97677,150,34,34,4717,Location007,0,0,FALSE,FALSE,FALSE
ID113,2026-03-25,3368,100037.5,151,38,38,4055,Location007,0,0,FALSE,FALSE,FALSE
ID113,2026-03-26,3882,100248,152,39,39,4099,Location007,0,0,FALSE,FALSE,FALSE
ID113,2026-03-27,4194,100606,153,33,33,3721,Location007,0,0,FALSE,FALSE,FALSE
ID113,2026-03-28,3572,102964,154,35,35,4055,Location007,0,0,FALSE,FALSE,FALSE
ID113,2026-03-29,1812,100368,155,12,0,0,Location007,0,12,FALSE,FALSE,FALSE
ID113,2026-03-30,4956,101193,156,26,26,4919,Location007,0,0,FALSE,FALSE,FALSE
ID113,2026-03-31,5181,105273,157,25,25,6356,Location007,0,0,FALSE,FALSE,FALSE
ID113,2026-04-01,4939,106700,158,47,47,6060,Location007,0,0,FALSE,FALSE,FALSE
ID113,2026-04-02,4535,107936,159,29,29,5541,Location007,0,0,FALSE,FALSE,FALSE
ID113,2026-04-03,3816,107627,160,25,25,4418,Location007,0,0,FALSE,FALSE,FALSE
ID113,2026-04-04,4309,107825,161,27,27,4910,Location007,0,0,FALSE,FALSE,FALSE
ID113,2026-04-05,3993,110835.5,162,26,26,5634,Location007,0,0,FALSE,FALSE,FALSE
ID113,2026-04-06,3173,111595,163,25,25,4578,Location007,0,0,FALSE,FALSE,FALSE
ID113,2026-04-07,4184,110026,164,26,26,4079,Location007,0,0,FALSE,FALSE,FALSE
ID113,2026-04-08,3381,113490,165,23,23,3187,Location007,0,0,FALSE,FALSE,FALSE
ID113,2026-04-09,3943,113988,166,24,24,4442,Location007,0,0,FALSE,FALSE,FALSE
ID113,2026-04-10,3094,114374,167,22,22,4102,Location007,0,0,FALSE,FALSE,FALSE
ID113,2026-04-11,3731,113987,168,25,25,3817,Location007,0,0,FALSE,FALSE,FALSE
ID113,2026-04-12,3887,114225,169,25,25,3890,Location007,0,0,FALSE,FALSE,FALSE
ID113,2026-04-13,3871,116618,170,20,20,4012,Location007,0,0,FALSE,FALSE,FALSE
ID113,2026-04-14,4388,116936,171,25,25,5034,Location007,0,0,FALSE,FALSE,FALSE
ID113,2026-04-15,4591,118074,172,28,28,4176,Location007,0,0,FALSE,FALSE,FALSE
ID113,2026-04-16,3431,119804,173,37,37,4757,Location007,0,0,FALSE,FALSE,FALSE
ID113,2026-04-17,2962,119744.5,174,22,22,3605,Location007,0,0,FALSE,FALSE,FALSE
ID113,2026-04-18,3660,120044,175,28,28,4463,Location007,0,0,FALSE,FALSE,FALSE
ID113,2026-04-19,2749,122178,176,13,13,3572,Location007,0,0,FALSE,FALSE,FALSE
ID113,2026-04-20,1873,119302,177,9,9,2596,Location007,0,0,FALSE,FALSE,FALSE
ID113,2026-04-21,2323,121536,178,15,15,2436,Location007,0,0,FALSE,FALSE,FALSE
ID113,2026-04-22,4469,121228,179,26,26,5233,Location007,0,0,FALSE,FALSE,FALSE
ID113,2026-04-23,3364,123683,180,19,19,3882,Location007,0,0,FALSE,FALSE,FALSE
ID113,2026-04-24,5199,,181,37,37,6072,Location007,0,0,FALSE,TRUE,FALSE
ID115,2025-12-30,770,30739.5,80,12,0,0,Location005,4,12,FALSE,FALSE,FALSE
ID115,2025-12-31,2425,31481,81,13,0,0,Location005,4,13,FALSE,FALSE,FALSE
ID115,2026-01-01,1783,32110,82,15,15,6646,Location005,0,0,FALSE,FALSE,FALSE
ID115,2026-01-02,2143,32737,83,10,10,4358,Location005,0,0,FALSE,FALSE,FALSE
ID115,2026-01-04,1541,32804,85,15,15,6039,Location005,0,0,FALSE,FALSE,FALSE
ID115,2026-01-05,4737,35216,86,19,0,0,Location005,0,19,FALSE,FALSE,FALSE
ID115,2026-01-06,1687,35677,87,23,23,6696,Location005,0,0,FALSE,FALSE,FALSE
ID115,2026-01-07,2353,35666,88,25,25,7490,Location005,0,0,FALSE,FALSE,FALSE
ID115,2026-01-08,1688,36565,89,22,22,6487,Location005,0,0,FALSE,FALSE,FALSE
ID115,2026-01-10,1712,38404,91,30,30,6227,Location005,0,0,FALSE,FALSE,FALSE
ID115,2026-01-12,1706,41553,93,23,23,6046,Location005,0,0,FALSE,FALSE,FALSE
ID115,2026-01-14,5812,42431,95,33,0,0,Location005,0,33,FALSE,FALSE,FALSE
ID115,2026-01-17,2354,45986,98,20,20,4100,Location005,0,0,FALSE,FALSE,FALSE
ID115,2026-01-18,1640,46624,99,28,28,3229,Location005,0,0,FALSE,FALSE,FALSE
ID115,2026-01-19,2715,48038,100,38,38,3783,Location005,0,0,FALSE,FALSE,FALSE
ID115,2026-01-20,3190,49407,101,42,0,0,Location005,0,42,FALSE,FALSE,FALSE
ID115,2026-01-21,2772,49360,102,35,35,5236,Location005,0,0,FALSE,FALSE,FALSE
ID115,2026-01-22,2094,50701,103,25,25,3711,Location005,0,0,FALSE,FALSE,FALSE
ID115,2026-01-23,2432,52071,104,21,21,5509,Location005,0,0,FALSE,FALSE,FALSE
ID115,2026-01-24,2187,53655.5,105,20,20,4565,Location005,0,0,FALSE,FALSE,FALSE
ID115,2026-01-25,1765,53772,106,17,17,3360,Location005,0,0,FALSE,FALSE,FALSE
ID115,2026-01-26,1787,54477,107,20,20,3190,Location005,0,0,FALSE,FALSE,FALSE
ID115,2026-01-27,1750,55478,108,34,34,3451,Location005,0,0,FALSE,FALSE,FALSE
ID115,2026-01-28,2350,55782,109,32,32,4069,Location005,0,0,FALSE,FALSE,FALSE
ID115,2026-01-29,3024,57434,110,26,26,4314,Location005,0,0,FALSE,FALSE,FALSE
ID115,2026-01-30,2174,58636,111,23,23,3565,Location005,0,0,FALSE,FALSE,FALSE
ID115,2026-01-31,1891,58487,112,20,20,3311,Location005,0,0,FALSE,FALSE,FALSE
ID115,2026-02-01,1559,59691,113,20,20,2994,Location005,0,0,FALSE,FALSE,FALSE
ID115,2026-02-02,2633,60932,114,25,25,6039,Location005,0,0,FALSE,FALSE,FALSE
ID115,2026-02-03,2452,63011,115,33,33,5416,Location005,0,0,FALSE,FALSE,FALSE
ID115,2026-02-04,3014,63516,116,27,27,5404,Location005,0,0,FALSE,FALSE,FALSE
ID115,2026-02-05,1281,61395.5,117,22,0,0,Location005,0,22,FALSE,FALSE,FALSE
ID115,2026-02-06,1472,62258,118,13,13,1802,Location005,0,0,FALSE,FALSE,FALSE
ID115,2026-02-07,2613,62816,119,28,28,4166,Location005,0,0,FALSE,FALSE,FALSE
ID115,2026-02-08,2608,65304,120,28,28,3489,Location005,0,0,FALSE,FALSE,FALSE
ID115,2026-02-09,2221,65507,121,28,28,4988,Location005,0,0,FALSE,FALSE,FALSE
ID115,2026-02-10,3699,65640.5,122,14,0,0,Location005,0,14,FALSE,FALSE,FALSE
ID115,2026-02-11,2457,67221,123,25,25,6408,Location005,0,0,FALSE,FALSE,FALSE
ID115,2026-02-12,3161,68886,124,25,25,4115,Location005,0,0,FALSE,FALSE,FALSE
ID115,2026-02-13,2829,70119,125,33,33,4824,Location005,0,0,FALSE,FALSE,FALSE
ID115,2026-02-14,2757,71353,126,19,19,5720,Location005,0,0,FALSE,FALSE,FALSE
ID115,2026-02-15,3791,71640,127,28,28,5030,Location005,0,0,FALSE,FALSE,FALSE
ID115,2026-02-16,2800,72367.5,128,32,32,4036,Location005,0,0,FALSE,FALSE,FALSE
ID115,2026-02-17,2810,73624,129,26,26,4187,Location005,0,0,FALSE,FALSE,FALSE
ID115,2026-02-18,3837,74582,130,46,46,5393,Location005,0,0,FALSE,FALSE,FALSE
ID115,2026-02-19,3831,75399,131,28,28,4348,Location005,0,0,FALSE,FALSE,FALSE
ID115,2026-02-20,2944,76344,132,27,27,4378,Location005,0,0,FALSE,FALSE,FALSE
ID115,2026-02-21,2696,77103,133,36,36,4596,Location005,0,0,FALSE,FALSE,FALSE
ID115,2026-02-22,3029,77669,134,30,30,3975,Location005,0,0,FALSE,FALSE,FALSE
ID115,2026-02-23,2126,77295,135,20,20,2613,Location005,0,0,FALSE,FALSE,FALSE
ID115,2026-02-24,1791,79504.5,136,22,22,2734,Location005,0,0,FALSE,FALSE,FALSE
ID115,2026-02-25,1909,80614.5,137,34,34,3128,Location005,0,0,FALSE,FALSE,FALSE
ID115,2026-02-26,3755,81055,138,29,29,5105,Location005,0,0,FALSE,FALSE,FALSE
ID115,2026-02-27,599,80424,139,17,0,0,Location005,0,17,FALSE,FALSE,FALSE
ID115,2026-02-28,2761,81419.5,140,21,21,5973,Location005,21,0,FALSE,TRUE,FALSE
ID115,2026-03-01,3041,82415,141,18,18,5816,Location005,0,0,FALSE,FALSE,FALSE
ID115,2026-03-02,3316,84226,142,24,24,5819,Location005,0,0,FALSE,FALSE,FALSE
ID115,2026-03-03,1997,86165,143,13,13,3838,Location005,0,0,FALSE,FALSE,FALSE
ID115,2026-03-04,2616,85766.5,144,26,26,4932,Location005,0,0,FALSE,FALSE,FALSE
ID115,2026-03-05,3299,86045,145,21,21,5258,Location005,0,0,FALSE,FALSE,FALSE
ID115,2026-03-06,2651,88717,146,19,19,4235,Location005,0,0,FALSE,FALSE,FALSE
ID115,2026-03-07,1641,87022,147,24,0,0,Location005,0,24,FALSE,FALSE,FALSE
ID115,2026-03-08,3445,89673,148,25,25,4741,Location005,0,0,FALSE,FALSE,FALSE
ID115,2026-03-09,3337,89447,149,25,25,4907,Location005,0,0,FALSE,FALSE,FALSE
ID115,2026-03-10,3386,91187,150,28,28,4877,Location005,0,0,FALSE,FALSE,FALSE
ID115,2026-03-11,3856,92271,151,28,28,4493,Location005,0,0,FALSE,FALSE,FALSE
ID115,2026-03-12,1684,92859,152,19,0,0,Location005,0,19,FALSE,FALSE,FALSE
ID115,2026-03-13,3003,95043,153,25,25,4491,Location005,0,0,FALSE,FALSE,FALSE
ID115,2026-03-14,3954,95918,154,18,18,4503,Location005,0,0,FALSE,FALSE,FALSE
ID115,2026-03-15,2422,96790,155,11,11,3762,Location005,0,0,FALSE,FALSE,FALSE
ID115,2026-03-16,1689,97029.5,156,16,16,2938,Location005,0,0,FALSE,FALSE,FALSE
ID115,2026-03-17,3787,97521,157,23,0,0,Location005,0,23,FALSE,FALSE,FALSE
ID115,2026-03-18,2582,97052,158,25,25,2732,Location005,0,0,FALSE,FALSE,FALSE
ID115,2026-03-19,3245,99328,159,19,19,4653,Location005,0,0,FALSE,FALSE,FALSE
ID115,2026-03-20,2536,98727,160,17,17,3732,Location005,0,0,FALSE,FALSE,FALSE
ID115,2026-03-21,2955,98893,161,13,13,4414,Location005,0,0,FALSE,FALSE,FALSE
ID115,2026-03-22,2624,100651,162,16,16,4229,Location005,0,0,FALSE,FALSE,FALSE
ID115,2026-03-23,2244,102074,163,18,18,4187,Location005,0,0,FALSE,FALSE,FALSE
ID115,2026-03-24,1360,101889,164,9,9,3558,Location005,0,0,FALSE,FALSE,FALSE
ID115,2026-03-25,2356,101342,165,25,25,3556,Location005,0,0,FALSE,FALSE,FALSE
ID115,2026-03-26,2335,102936,166,15,15,3174,Location005,0,0,FALSE,FALSE,FALSE
ID115,2026-03-27,3358,105392,167,20,20,3821,Location005,0,0,FALSE,FALSE,FALSE
ID115,2026-03-28,2680,104964,168,20,20,2813,Location005,0,0,FALSE,FALSE,FALSE
ID115,2026-03-29,3145,106096.5,169,26,26,4295,Location005,0,0,FALSE,FALSE,FALSE
ID115,2026-03-30,3210,107393,170,25,25,4045,Location005,0,0,FALSE,FALSE,FALSE
ID115,2026-03-31,2203,108860,171,13,13,2837,Location005,0,0,FALSE,FALSE,FALSE
ID115,2026-04-01,1433,105475,172,18,0,0,Location005,0,18,FALSE,FALSE,FALSE
ID115,2026-04-02,2674,106354,173,29,29,4055,Location005,0,0,FALSE,FALSE,FALSE
ID115,2026-04-03,3202,110047,174,20,20,4561,Location005,0,0,FALSE,FALSE,FALSE
ID115,2026-04-04,3101,112365,175,20,20,3951,Location005,0,0,FALSE,FALSE,FALSE
ID115,2026-04-05,2634,111949,176,17,17,3278,Location005,0,0,FALSE,FALSE,FALSE
ID115,2026-04-06,1956,112935.5,177,12,12,1902,Location005,0,0,FALSE,FALSE,FALSE
ID115,2026-04-07,3258,115312,178,25,25,3397,Location005,0,0,FALSE,FALSE,FALSE
ID115,2026-04-08,2178,114462.5,179,10,10,1894,Location005,0,0,FALSE,FALSE,FALSE
ID115,2026-04-09,2996,115088,180,26,26,4023,Location005,0,0,FALSE,FALSE,FALSE
ID115,2026-04-10,2629,117036,181,29,29,2984,Location005,0,0,FALSE,FALSE,FALSE
ID115,2026-04-11,2788,117152,182,22,22,3253,Location005,0,0,FALSE,FALSE,FALSE
ID115,2026-04-12,2251,118408,183,16,16,2748,Location005,0,0,FALSE,FALSE,FALSE
ID115,2026-04-13,2063,117827,184,23,23,3417,Location005,0,0,FALSE,FALSE,FALSE
ID115,2026-04-14,2111,119717,185,16,16,2491,Location005,0,0,FALSE,FALSE,FALSE
ID115,2026-04-15,2581,121416,186,20,20,2631,Location005,0,0,FALSE,FALSE,FALSE
ID115,2026-04-16,2988,120688,187,36,36,3736,Location005,0,0,FALSE,FALSE,FALSE
ID115,2026-04-17,2044,120716,188,21,21,3115,Location005,0,0,FALSE,FALSE,FALSE
ID115,2026-04-18,2727,122008,189,23,23,3609,Location005,0,0,FALSE,FALSE,FALSE
ID115,2026-04-19,3344,122268,190,27,27,3318,Location005,0,0,FALSE,FALSE,FALSE
ID115,2026-04-20,2896,122347,191,28,28,3364,Location005,0,0,FALSE,FALSE,FALSE
ID115,2026-04-21,2556,124286,192,24,24,2912,Location005,0,0,FALSE,FALSE,FALSE
ID115,2026-04-22,3060,125843,193,29,29,2752,Location005,0,0,FALSE,FALSE,FALSE
ID115,2026-04-23,1944,125530,194,24,0,0,Location005,0,24,FALSE,FALSE,FALSE
ID115,2026-04-24,3415,,195,27,27,4654,Location005,0,0,FALSE,TRUE,FALSE
ID117,2025-12-30,841,,72,14,14,3096,Location006,14,0,FALSE,TRUE,FALSE
ID117,2026-01-03,1203,,76,11,11,3839,Location006,11,0,FALSE,TRUE,FALSE
ID117,2026-01-04,1484,,77,12,12,4493,Location006,12,0,FALSE,TRUE,FALSE
ID117,2026-01-06,2085,26295,79,18,18,3580,Location006,0,0,FALSE,FALSE,FALSE
ID117,2026-01-07,1495,26295,80,14,14,3792,Location006,0,0,FALSE,FALSE,FALSE
ID117,2026-01-08,1712,26295,81,15,15,4171,Location006,0,0,FALSE,FALSE,FALSE
ID117,2026-01-09,1675,28571.5,82,19,19,4548,Location006,5,0,FALSE,FALSE,FALSE
ID117,2026-01-10,1354,28571,83,14,14,3909,Location006,0,0,FALSE,FALSE,FALSE
ID117,2026-01-11,946,28571,84,10,10,2588,Location006,0,0,FALSE,FALSE,FALSE
ID117,2026-01-12,1749,31404.5,85,5,5,3692,Location006,5,0,FALSE,TRUE,FALSE
ID117,2026-01-15,2298,34238,88,8,8,2632,Location006,0,0,FALSE,FALSE,FALSE
ID117,2026-01-17,1496,35654,90,5,5,2465,Location006,0,0,FALSE,FALSE,FALSE
ID117,2026-01-18,1458,36047,91,9,9,3460,Location006,0,0,FALSE,FALSE,FALSE
ID117,2026-01-19,1289,36039,92,9,9,2518,Location006,0,0,FALSE,FALSE,FALSE
ID117,2026-01-20,1945,36676.5,93,8,8,3170,Location006,0,0,FALSE,FALSE,FALSE
ID117,2026-01-21,1493,37853,94,8,8,2740,Location006,0,0,FALSE,FALSE,FALSE
ID117,2026-01-22,1579,39001,95,10,10,3229,Location006,0,0,FALSE,FALSE,FALSE
ID117,2026-01-23,1233,40351,96,7,7,2205,Location006,0,0,FALSE,FALSE,FALSE
ID117,2026-01-24,984,40630,97,6,6,1796,Location006,0,0,FALSE,FALSE,FALSE
ID117,2026-01-25,1139,41678,98,8,8,2394,Location006,0,0,FALSE,FALSE,FALSE
ID117,2026-01-26,1128,42490,99,8,8,2311,Location006,0,0,FALSE,FALSE,FALSE
ID117,2026-01-27,1102,44330,100,8,8,1483,Location006,0,0,FALSE,FALSE,FALSE
ID117,2026-01-28,1195,44652,101,6,6,1991,Location006,0,0,FALSE,FALSE,FALSE
ID117,2026-01-29,705,45159,102,8,0,0,Location006,0,8,FALSE,FALSE,FALSE
ID117,2026-01-30,1260,46294,103,10,10,2094,Location006,0,0,FALSE,FALSE,FALSE
ID117,2026-01-31,1814,46908,104,7,7,2901,Location006,0,0,FALSE,FALSE,FALSE
ID117,2026-02-01,1894,47639,105,7,7,2182,Location006,0,0,FALSE,FALSE,FALSE
ID117,2026-02-02,1238,47600,106,6,6,2478,Location006,0,0,FALSE,FALSE,FALSE
ID117,2026-02-03,1990,48065.5,107,10,10,3818,Location006,0,0,FALSE,FALSE,FALSE
ID117,2026-02-04,4011,50031,108,15,0,0,Location006,0,15,FALSE,FALSE,FALSE
ID117,2026-02-05,1828,51813.5,109,8,8,2049,Location006,0,0,FALSE,FALSE,FALSE
ID117,2026-02-06,1160,52406.5,110,12,12,2629,Location006,0,0,FALSE,FALSE,FALSE
ID117,2026-02-07,1691,51157,111,10,10,2026,Location006,0,0,FALSE,FALSE,FALSE
ID117,2026-02-08,2712,53698,112,10,10,2850,Location006,0,0,FALSE,FALSE,FALSE
ID117,2026-02-09,2213,54967,113,11,11,3306,Location006,0,0,FALSE,FALSE,FALSE
ID117,2026-02-10,1852,55430,114,16,16,4147,Location006,0,0,FALSE,FALSE,FALSE
ID117,2026-02-11,1745,55277,115,10,10,3438,Location006,0,0,FALSE,FALSE,FALSE
ID117,2026-02-12,2093,57637.5,116,8,8,3141,Location006,0,0,FALSE,FALSE,FALSE
ID117,2026-02-13,2651,57627,117,17,17,3601,Location006,0,0,FALSE,FALSE,FALSE
ID117,2026-02-14,1485,59843.5,118,14,14,2103,Location006,0,0,FALSE,FALSE,FALSE
ID117,2026-02-15,2621,60096,119,12,12,2797,Location006,0,0,FALSE,FALSE,FALSE
ID117,2026-02-16,2180,61547.5,120,10,10,3284,Location006,0,0,FALSE,FALSE,FALSE
ID117,2026-02-17,737,61945,121,5,0,0,Location006,0,5,FALSE,FALSE,FALSE
ID117,2026-02-18,2197,63131,122,10,10,3595,Location006,0,0,FALSE,FALSE,FALSE
ID117,2026-02-19,3567,66070,123,9,9,3372,Location006,0,0,FALSE,FALSE,FALSE
ID117,2026-02-20,2562,64941,124,11,11,3554,Location006,0,0,FALSE,FALSE,FALSE
ID117,2026-02-21,3426,65667,125,9,9,3126,Location006,0,0,FALSE,FALSE,FALSE
ID117,2026-02-22,2542,65926,126,9,9,2961,Location006,0,0,FALSE,FALSE,FALSE
ID117,2026-02-23,2950,68001,127,8,8,3173,Location006,0,0,FALSE,FALSE,FALSE
ID117,2026-02-24,2197,69293,128,10,10,3455,Location006,0,0,FALSE,FALSE,FALSE
ID117,2026-02-25,2488,71362,129,11,11,3064,Location006,0,0,FALSE,FALSE,FALSE
ID117,2026-02-26,2770,71631,130,13,13,2847,Location006,0,0,FALSE,FALSE,FALSE
ID117,2026-02-27,2312,71590,131,11,11,2946,Location006,0,0,FALSE,FALSE,FALSE
ID117,2026-02-28,2398,73008,132,9,9,2944,Location006,0,0,FALSE,FALSE,FALSE
ID117,2026-03-01,2170,72977,133,9,9,2262,Location006,0,0,FALSE,FALSE,FALSE
ID117,2026-03-02,2300,75119,134,9,9,2807,Location006,0,0,FALSE,FALSE,FALSE
ID117,2026-03-03,2646,75699,135,10,10,2817,Location006,0,0,FALSE,FALSE,FALSE
ID117,2026-03-04,2432,74967,136,10,10,2240,Location006,0,0,FALSE,FALSE,FALSE
ID117,2026-03-05,2882,77872,137,13,13,3947,Location006,0,0,FALSE,FALSE,FALSE
ID117,2026-03-06,4758,78794.5,138,8,0,0,Location006,0,8,FALSE,FALSE,FALSE
ID117,2026-03-07,3745,80781,139,13,13,3618,Location006,0,0,FALSE,FALSE,FALSE
ID117,2026-03-08,2548,79976,140,12,12,2419,Location006,0,0,FALSE,FALSE,FALSE
ID117,2026-03-09,3333,82285,141,11,11,3949,Location006,0,0,FALSE,FALSE,FALSE
ID117,2026-03-10,2930,83074,142,13,13,3203,Location006,0,0,FALSE,FALSE,FALSE
ID117,2026-03-11,2333,84643,143,11,11,3043,Location006,0,0,FALSE,FALSE,FALSE
ID117,2026-03-12,3310,85884,144,18,18,3852,Location006,0,0,FALSE,FALSE,FALSE
ID117,2026-03-13,2140,86305.5,145,12,12,2663,Location006,0,0,FALSE,FALSE,FALSE
ID117,2026-03-14,3016,87556,146,11,11,2866,Location006,0,0,FALSE,FALSE,FALSE
ID117,2026-03-15,2242,87705,147,11,11,2472,Location006,0,0,FALSE,FALSE,FALSE
ID117,2026-03-16,2007,88625,148,10,10,2600,Location006,0,0,FALSE,FALSE,FALSE
ID117,2026-03-17,2574,90397,149,11,11,2981,Location006,0,0,FALSE,FALSE,FALSE
ID117,2026-03-18,3026,90301,150,11,11,2612,Location006,0,0,FALSE,FALSE,FALSE
ID117,2026-03-19,2704,92400,151,13,13,2935,Location006,0,0,FALSE,FALSE,FALSE
ID117,2026-03-20,1505,92276.5,152,8,8,1558,Location006,0,0,FALSE,FALSE,FALSE
ID117,2026-03-21,2780,92494,153,15,15,2519,Location006,0,0,FALSE,FALSE,FALSE
ID117,2026-03-22,3231,92305,154,11,11,3129,Location006,0,0,FALSE,FALSE,FALSE
ID117,2026-03-23,2292,96101,155,17,17,2281,Location006,0,0,FALSE,FALSE,FALSE
ID117,2026-03-24,1639,97721,156,7,7,2374,Location006,0,0,FALSE,FALSE,FALSE
ID117,2026-03-25,3803,98067.5,157,18,18,3256,Location006,0,0,FALSE,FALSE,FALSE
ID117,2026-03-26,3069,98407,158,14,14,2162,Location006,0,0,FALSE,FALSE,FALSE
ID117,2026-03-27,3062,98864,159,11,11,3435,Location006,0,0,FALSE,FALSE,FALSE
ID117,2026-03-28,2294,101203,160,11,11,2477,Location006,0,0,FALSE,FALSE,FALSE
ID117,2026-03-29,2194,103154,161,8,8,2704,Location006,0,0,FALSE,FALSE,FALSE
ID117,2026-03-30,2458,102578,162,13,13,2582,Location006,0,0,FALSE,FALSE,FALSE
ID117,2026-03-31,2639,102522,163,11,11,3346,Location006,0,0,FALSE,FALSE,FALSE
ID117,2026-04-01,3984,103846.5,164,12,12,3992,Location006,0,0,FALSE,FALSE,FALSE
ID117,2026-04-02,3278,105639,165,15,15,2740,Location006,0,0,FALSE,FALSE,FALSE
ID117,2026-04-03,3487,106365,166,12,12,3209,Location006,0,0,FALSE,FALSE,FALSE
ID117,2026-04-04,3743,107185,167,15,15,3507,Location006,0,0,FALSE,FALSE,FALSE
ID117,2026-04-05,4852,107458,168,23,0,0,Location006,0,23,FALSE,FALSE,FALSE
ID117,2026-04-06,3136,110843,169,11,11,3701,Location006,0,0,FALSE,FALSE,FALSE
ID117,2026-04-07,3337,110858,170,7,7,2741,Location006,0,0,FALSE,FALSE,FALSE
ID117,2026-04-08,483,111384,171,2,0,0,Location006,0,2,FALSE,FALSE,FALSE
ID117,2026-04-10,4111,114970.5,173,16,16,3709,Location006,0,0,FALSE,FALSE,FALSE
ID117,2026-04-11,3795,114957,174,10,10,2643,Location006,0,0,FALSE,FALSE,FALSE
ID117,2026-04-12,5182,114784,175,17,17,4210,Location006,0,0,FALSE,FALSE,FALSE
ID117,2026-04-13,3810,115044,176,18,18,2902,Location006,0,0,FALSE,FALSE,FALSE
ID117,2026-04-14,5193,115221,177,19,19,4317,Location006,0,0,FALSE,FALSE,FALSE
ID117,2026-04-15,5375,116218,178,14,0,0,Location006,0,14,FALSE,FALSE,FALSE
ID117,2026-04-16,4641,119670,179,7,7,3835,Location006,0,0,FALSE,FALSE,FALSE
ID117,2026-04-17,5328,120025,180,12,0,0,Location006,0,12,FALSE,FALSE,FALSE
ID117,2026-04-18,4943,121202,181,11,11,3520,Location006,0,0,FALSE,FALSE,FALSE
ID117,2026-04-19,3899,121667,182,11,11,4503,Location006,0,0,FALSE,FALSE,FALSE
ID117,2026-04-20,3873,122769,183,10,10,3428,Location006,0,0,FALSE,FALSE,FALSE
ID117,2026-04-21,3030,123431,184,11,11,3735,Location006,0,0,FALSE,FALSE,FALSE
ID117,2026-04-22,3693,125546,185,10,10,3196,Location006,0,0,FALSE,FALSE,FALSE
ID117,2026-04-23,3542,125322,186,11,11,4007,Location006,0,0,FALSE,FALSE,FALSE
ID117,2026-04-24,3101,,187,12,12,4225,Location006,0,0,FALSE,TRUE,FALSE
ID118,2025-12-30,1185,,79,16,16,5605,Location005,16,0,FALSE,TRUE,FALSE
ID118,2025-12-31,1482,,80,11,11,7546,Location005,11,0,FALSE,TRUE,FALSE
ID118,2026-01-01,1485,,81,16,16,8043,Location005,16,0,FALSE,TRUE,FALSE
ID118,2026-01-02,711,,82,10,0,0,Location005,10,10,FALSE,TRUE,FALSE
ID118,2026-01-03,1607,,83,8,8,7936,Location005,8,0,FALSE,TRUE,FALSE
ID118,2026-01-04,1470,36732,84,12,12,7579,Location005,0,0,FALSE,FALSE,FALSE
ID118,2026-01-05,1848,35597,85,8,8,7461,Location005,1,0,FALSE,FALSE,FALSE
ID118,2026-01-06,1226,38246,86,11,11,3200,Location005,1,0,FALSE,FALSE,FALSE
ID118,2026-01-07,1047,37980,87,11,11,4294,Location005,0,0,FALSE,FALSE,FALSE
ID118,2026-01-08,4107,36881,88,25,0,0,Location005,0,25,FALSE,FALSE,FALSE
ID118,2026-01-09,1830,37790,89,16,16,2734,Location005,2,0,FALSE,FALSE,FALSE
ID118,2026-01-10,2096,39774,90,13,13,8318,Location005,0,0,FALSE,FALSE,FALSE
ID118,2026-01-11,1311,41720,91,10,0,0,Location005,0,10,FALSE,FALSE,FALSE
ID118,2026-01-12,4310,43316.5,92,14,14,7445,Location005,14,0,FALSE,TRUE,FALSE
ID118,2026-01-14,4230,44913,94,7,7,4419,Location005,0,0,FALSE,FALSE,FALSE
ID118,2026-01-15,3312,45515.5,95,18,18,10251,Location005,0,0,FALSE,FALSE,FALSE
ID118,2026-01-17,2584,48861.5,97,14,14,8943,Location005,0,0,FALSE,FALSE,FALSE
ID118,2026-01-18,2257,50312,98,9,9,5061,Location005,0,0,FALSE,FALSE,FALSE
ID118,2026-01-19,1935,50953,99,11,11,4750,Location005,0,0,FALSE,FALSE,FALSE
ID118,2026-01-20,4574,52208,100,10,0,0,Location005,0,10,FALSE,FALSE,FALSE
ID118,2026-01-21,2606,53634,101,19,19,6476,Location005,0,0,FALSE,FALSE,FALSE
ID118,2026-01-22,3063,54827,102,13,13,6155,Location005,0,0,FALSE,FALSE,FALSE
ID118,2026-01-23,2300,55908,103,15,15,8028,Location005,0,0,FALSE,FALSE,FALSE
ID118,2026-01-24,3326,57539,104,16,16,7081,Location005,0,0,FALSE,FALSE,FALSE
ID118,2026-01-25,2032,58490,105,22,22,5278,Location005,0,0,FALSE,FALSE,FALSE
ID118,2026-01-26,1761,60649,106,10,10,4069,Location005,0,0,FALSE,FALSE,FALSE
ID118,2026-01-27,3127,56377,107,13,13,3420,Location005,0,0,FALSE,FALSE,FALSE
ID118,2026-01-28,3123,59602,108,18,18,8143,Location005,0,0,FALSE,FALSE,FALSE
ID118,2026-01-29,1882,62841,109,13,13,8523,Location005,0,0,FALSE,FALSE,FALSE
ID118,2026-01-30,3031,63715,110,20,20,8450,Location005,0,0,FALSE,FALSE,FALSE
ID118,2026-01-31,3590,64720,111,19,19,8612,Location005,0,0,FALSE,FALSE,FALSE
ID118,2026-02-01,2342,64940,112,20,20,6711,Location005,0,0,FALSE,FALSE,FALSE
ID118,2026-02-02,2468,64847,113,17,17,7112,Location005,0,0,FALSE,FALSE,FALSE
ID118,2026-02-03,3534,66596.5,114,16,16,7383,Location005,0,0,FALSE,FALSE,FALSE
ID118,2026-02-04,3286,68569,115,21,21,7916,Location005,0,0,FALSE,FALSE,FALSE
ID118,2026-02-05,2738,70146.5,116,20,20,6106,Location005,0,0,FALSE,FALSE,FALSE
ID118,2026-02-06,3575,70288,117,25,25,7207,Location005,0,0,FALSE,FALSE,FALSE
ID118,2026-02-07,2751,71263,118,9,9,6559,Location005,0,0,FALSE,FALSE,FALSE
ID118,2026-02-08,2780,73275,119,12,12,7564,Location005,0,0,FALSE,FALSE,FALSE
ID118,2026-02-09,1986,73372,120,5,5,4870,Location005,0,0,FALSE,FALSE,FALSE
ID118,2026-02-10,4331,74384,121,14,14,9012,Location005,0,0,FALSE,FALSE,FALSE
ID118,2026-02-11,2686,77528,122,19,19,8108,Location005,0,0,FALSE,FALSE,FALSE
ID118,2026-02-12,2037,77874,123,12,12,7027,Location005,0,0,FALSE,FALSE,FALSE
ID118,2026-02-13,2671,78778,124,13,13,6382,Location005,0,0,FALSE,FALSE,FALSE
ID118,2026-02-14,3149,78533,125,17,17,6593,Location005,0,0,FALSE,FALSE,FALSE
ID118,2026-02-15,1970,80230,126,8,8,5482,Location005,0,0,FALSE,FALSE,FALSE
ID118,2026-02-16,2970,80713,127,13,13,6575,Location005,0,0,FALSE,FALSE,FALSE
ID118,2026-02-17,2663,82538,128,14,14,7503,Location005,0,0,FALSE,FALSE,FALSE
ID118,2026-02-18,2378,84220,129,13,13,5248,Location005,0,0,FALSE,FALSE,FALSE
ID118,2026-02-19,2749,84571,130,12,12,7005,Location005,0,0,FALSE,FALSE,FALSE
ID118,2026-02-20,2808,85666,131,11,11,6828,Location005,0,0,FALSE,FALSE,FALSE
ID118,2026-02-21,1635,85431,132,5,5,4128,Location005,0,0,FALSE,FALSE,FALSE
ID118,2026-02-22,635,85149,133,6,0,0,Location005,0,6,FALSE,FALSE,FALSE
ID118,2026-02-23,2000,82851,134,6,6,4981,Location005,0,0,FALSE,FALSE,FALSE
ID118,2026-02-24,1425,83957,135,6,6,3842,Location005,0,0,FALSE,FALSE,FALSE
ID118,2026-02-25,1859,85578.5,136,5,5,4474,Location005,5,0,FALSE,TRUE,FALSE
ID118,2026-02-26,2552,87200,137,11,11,5546,Location005,0,0,FALSE,FALSE,FALSE
ID118,2026-02-27,2105,88686,138,10,10,4540,Location005,0,0,FALSE,FALSE,FALSE
ID118,2026-02-28,2387,88166,139,7,7,6250,Location005,0,0,FALSE,FALSE,FALSE
ID118,2026-03-01,3422,90623,140,17,17,7828,Location005,0,0,FALSE,FALSE,FALSE
ID118,2026-03-02,2125,91590,141,7,7,5056,Location005,0,0,FALSE,FALSE,FALSE
ID118,2026-03-03,3452,93127,142,16,16,7950,Location005,0,0,FALSE,FALSE,FALSE
ID118,2026-03-04,2650,94771,143,14,14,6429,Location005,0,0,FALSE,FALSE,FALSE
ID118,2026-03-05,4522,95764.5,144,16,0,0,Location005,0,16,FALSE,FALSE,FALSE
ID118,2026-03-06,2524,96342.5,145,12,12,5075,Location005,0,0,FALSE,FALSE,FALSE
ID118,2026-03-07,3160,97282,146,26,26,5726,Location005,0,0,FALSE,FALSE,FALSE
ID118,2026-03-08,3074,97486,147,9,9,7665,Location005,0,0,FALSE,FALSE,FALSE
ID118,2026-03-09,4362,100079.5,148,16,0,0,Location005,0,16,FALSE,FALSE,FALSE
ID118,2026-03-10,3231,100923,149,12,12,6462,Location005,0,0,FALSE,FALSE,FALSE
ID118,2026-03-11,2931,101554,150,17,17,6428,Location005,0,0,FALSE,FALSE,FALSE
ID118,2026-03-12,3351,102295,151,15,15,7551,Location005,0,0,FALSE,FALSE,FALSE
ID118,2026-03-13,3002,103007,152,19,19,6239,Location005,0,0,FALSE,FALSE,FALSE
ID118,2026-03-14,2676,103825,153,13,13,6449,Location005,0,0,FALSE,FALSE,FALSE
ID118,2026-03-15,2696,104895,154,10,10,6306,Location005,0,0,FALSE,FALSE,FALSE
ID118,2026-03-16,2261,106340,155,9,9,6675,Location005,0,0,FALSE,FALSE,FALSE
ID118,2026-03-17,2660,107565,156,13,13,5091,Location005,0,0,FALSE,FALSE,FALSE
ID118,2026-03-18,3422,110957,157,24,24,7906,Location005,0,0,FALSE,FALSE,FALSE
ID118,2026-03-19,1927,108371,158,15,15,5707,Location005,0,0,FALSE,FALSE,FALSE
ID118,2026-03-20,2912,109792,159,9,9,6821,Location005,0,0,FALSE,FALSE,FALSE
ID118,2026-03-21,1293,108997,160,3,3,2841,Location005,0,0,FALSE,FALSE,FALSE
ID118,2026-03-22,891,107750,161,4,0,0,Location005,0,4,FALSE,FALSE,FALSE
ID118,2026-03-23,1605,111802,162,6,6,3195,Location005,0,0,FALSE,FALSE,FALSE
ID118,2026-03-24,1990,111939,163,8,8,4135,Location005,0,0,FALSE,FALSE,FALSE
ID118,2026-03-25,2253,112578,164,8,8,4656,Location005,0,0,FALSE,FALSE,FALSE
ID118,2026-03-26,2616,114381,165,9,9,6212,Location005,0,0,FALSE,FALSE,FALSE
ID118,2026-03-27,2042,114535,166,8,8,5021,Location005,0,0,FALSE,FALSE,FALSE
ID118,2026-03-28,2948,116716,167,14,14,6589,Location005,0,0,FALSE,FALSE,FALSE
ID118,2026-03-29,4286,115997,168,7,0,0,Location005,0,7,FALSE,FALSE,FALSE
ID118,2026-03-30,2917,117907,169,12,12,5802,Location005,0,0,FALSE,FALSE,FALSE
ID118,2026-03-31,3830,120556,170,13,13,6641,Location005,0,0,FALSE,FALSE,FALSE
ID118,2026-04-01,3815,120758,171,15,15,6995,Location005,0,0,FALSE,FALSE,FALSE
ID118,2026-04-02,3289,121641.5,172,18,18,6782,Location005,0,0,FALSE,FALSE,FALSE
ID118,2026-04-03,2899,119821,173,5,5,5292,Location005,0,0,FALSE,FALSE,FALSE
ID118,2026-04-04,2568,121113.5,174,6,6,5669,Location005,0,0,FALSE,FALSE,FALSE
ID118,2026-04-05,2495,122622,175,14,14,6091,Location005,0,0,FALSE,FALSE,FALSE
ID118,2026-04-06,3726,123082,176,16,16,6579,Location005,0,0,FALSE,FALSE,FALSE
ID118,2026-04-07,2439,124243,177,21,21,5693,Location005,0,0,FALSE,FALSE,FALSE
ID118,2026-04-08,1588,124133,178,8,8,2631,Location005,0,0,FALSE,FALSE,FALSE
ID118,2026-04-09,2648,124346,179,16,16,5801,Location005,0,0,FALSE,FALSE,FALSE
ID118,2026-04-10,2241,124710,180,17,17,3980,Location005,0,0,FALSE,FALSE,FALSE
ID118,2026-04-11,3101,125798,181,17,17,4819,Location005,0,0,FALSE,FALSE,FALSE
ID118,2026-04-12,2848,127230,182,13,13,3924,Location005,0,0,FALSE,FALSE,FALSE
ID118,2026-04-13,2685,127055,183,15,15,4648,Location005,0,0,FALSE,FALSE,FALSE
ID118,2026-04-14,3260,127707,184,18,18,4380,Location005,0,0,FALSE,FALSE,FALSE
ID118,2026-04-15,2276,127570,185,11,11,4842,Location005,0,0,FALSE,FALSE,FALSE
ID118,2026-04-16,2965,128174,186,13,13,4863,Location005,0,0,FALSE,FALSE,FALSE
ID118,2026-04-17,2808,129508,187,19,19,4722,Location005,0,0,FALSE,FALSE,FALSE
ID118,2026-04-18,2255,130239,188,15,15,4988,Location005,0,0,FALSE,FALSE,FALSE
ID118,2026-04-19,2867,130702,189,17,17,5497,Location005,0,0,FALSE,FALSE,FALSE
ID118,2026-04-20,3047,131552,190,17,17,4956,Location005,0,0,FALSE,FALSE,FALSE
ID118,2026-04-21,2784,131917,191,15,15,4328,Location005,0,0,FALSE,FALSE,FALSE
ID118,2026-04-22,2292,132765,192,16,16,5559,Location005,0,0,FALSE,FALSE,FALSE
ID118,2026-04-23,3277,132789,193,15,15,4840,Location005,0,0,FALSE,FALSE,FALSE
ID118,2026-04-24,1908,,194,4,4,4519,Location005,0,0,FALSE,TRUE,FALSE
ID119,2025-12-30,1079,,66,22,22,7063,Location006,22,0,FALSE,TRUE,FALSE
ID119,2025-12-31,1117.5,,67,8,0,0,Location006,8,8,FALSE,TRUE,TRUE
ID119,2026-01-01,1156,,68,6,6,8460,Location006,6,0,FALSE,TRUE,FALSE
ID119,2026-01-02,3690,,69,8,8,7073,Location006,8,0,FALSE,TRUE,FALSE
ID119,2026-01-04,1228,,71,6,6,7277,Location006,6,0,FALSE,TRUE,FALSE
ID119,2026-01-05,4224,,72,10,0,0,Location006,10,10,FALSE,TRUE,FALSE
ID119,2026-01-06,1666,26328,73,14,14,9629,Location006,7,0,FALSE,FALSE,FALSE
ID119,2026-01-07,2450,26599,74,10,10,8462,Location006,0,0,FALSE,FALSE,FALSE
ID119,2026-01-08,2249,26517,75,11,11,10265,Location006,0,0,FALSE,FALSE,FALSE
ID119,2026-01-09,1521,26517,76,13,13,8155,Location006,2,0,FALSE,FALSE,FALSE
ID119,2026-01-10,2489,28508,77,14,14,8077,Location006,1,0,FALSE,FALSE,FALSE
ID119,2026-01-13,1368,27608,80,10,10,5978,Location006,0,0,FALSE,FALSE,FALSE
ID119,2026-01-15,2728,32061,82,10,10,3971,Location006,0,0,FALSE,FALSE,FALSE
ID119,2026-01-17,2926,35214,84,14,14,5121,Location006,0,0,FALSE,FALSE,FALSE
ID119,2026-01-18,3793,34338,85,15,15,6147,Location006,0,0,FALSE,FALSE,FALSE
ID119,2026-01-19,609,34338,86,6,0,0,Location006,0,6,FALSE,FALSE,FALSE
ID119,2026-01-20,1570,36776,87,11,11,5404,Location006,0,0,FALSE,FALSE,FALSE
ID119,2026-01-21,1467,38565,88,16,16,5823,Location006,0,0,FALSE,FALSE,FALSE
ID119,2026-01-22,1066,40105,89,13,13,3245,Location006,0,0,FALSE,FALSE,FALSE
ID119,2026-01-23,1915,40686,90,24,24,4964,Location006,0,0,FALSE,FALSE,FALSE
ID119,2026-01-24,2066,41072,91,19,19,3696,Location006,0,0,FALSE,FALSE,FALSE
ID119,2026-01-25,2295,40571,92,23,23,5713,Location006,0,0,FALSE,FALSE,FALSE
ID119,2026-01-26,2674,43137,93,27,27,6023,Location006,0,0,FALSE,FALSE,FALSE
ID119,2026-01-27,2993,44448,94,21,21,3756,Location006,0,0,FALSE,FALSE,FALSE
ID119,2026-01-28,1761,46697,95,21,21,2685,Location006,0,0,FALSE,FALSE,FALSE
ID119,2026-01-29,1147,46190,96,17,17,2765,Location006,0,0,FALSE,FALSE,FALSE
ID119,2026-01-30,1867,47009,97,32,32,4617,Location006,0,0,FALSE,FALSE,FALSE
ID119,2026-01-31,3456,47814,98,20,20,4562,Location006,0,0,FALSE,FALSE,FALSE
ID119,2026-02-01,1691,48700,99,12,12,4934,Location006,0,0,FALSE,FALSE,FALSE
ID119,2026-02-02,3229,49492,100,11,11,3990,Location006,0,0,FALSE,FALSE,FALSE
ID119,2026-02-03,3331,50443,101,17,17,5948,Location006,0,0,FALSE,FALSE,FALSE
ID119,2026-02-04,3224,52200,102,18,18,4302,Location006,0,0,FALSE,FALSE,FALSE
ID119,2026-02-05,3346,53990,103,19,19,5353,Location006,0,0,FALSE,FALSE,FALSE
ID119,2026-02-06,3051,54626,104,19,19,4453,Location006,0,0,FALSE,FALSE,FALSE
ID119,2026-02-07,3463,54565,105,14,14,4393,Location006,0,0,FALSE,FALSE,FALSE
ID119,2026-02-08,2451,56625,106,29,29,5494,Location006,0,0,FALSE,FALSE,FALSE
ID119,2026-02-09,1851,58181,107,12,12,3585,Location006,0,0,FALSE,FALSE,FALSE
ID119,2026-02-10,2593,57913,108,27,27,4668,Location006,0,0,FALSE,FALSE,FALSE
ID119,2026-02-11,3835,59353,109,25,25,5125,Location006,0,0,FALSE,FALSE,FALSE
ID119,2026-02-12,3030,60656,110,15,15,5697,Location006,0,0,FALSE,FALSE,FALSE
ID119,2026-02-13,1970,61570,111,9,9,3979,Location006,0,0,FALSE,FALSE,FALSE
ID119,2026-02-14,3032,63354,112,16,16,4435,Location006,0,0,FALSE,FALSE,FALSE
ID119,2026-02-15,3681,64202,113,20,20,6184,Location006,0,0,FALSE,FALSE,FALSE
ID119,2026-02-16,2340,64930,114,20,20,3953,Location006,0,0,FALSE,FALSE,FALSE
ID119,2026-02-17,869,66072,115,6,6,1803,Location006,0,0,FALSE,FALSE,FALSE
ID119,2026-02-18,3101,67477,116,18,18,4159,Location006,0,0,FALSE,FALSE,FALSE
ID119,2026-02-19,4348,67567,117,31,31,5689,Location006,0,0,FALSE,FALSE,FALSE
ID119,2026-02-20,2950,69489,118,20,20,4820,Location006,0,0,FALSE,FALSE,FALSE
ID119,2026-02-21,3434,70203,119,22,22,5258,Location006,0,0,FALSE,FALSE,TRUE
ID119,2026-02-22,3918,72372.5,120,24,24,5493,Location006,0,0,FALSE,FALSE,FALSE
ID119,2026-02-23,4958,71248,121,29,29,6219,Location006,0,0,FALSE,FALSE,FALSE
ID119,2026-02-24,2312,74366,122,25,25,3033,Location006,0,0,FALSE,FALSE,FALSE
ID119,2026-02-25,3766,75347,123,22,22,5062,Location006,0,0,FALSE,FALSE,FALSE
ID119,2026-02-26,3703,75810,124,31,31,4959,Location006,0,0,FALSE,FALSE,FALSE
ID119,2026-02-27,2200,77191,125,37,37,4430,Location006,0,0,FALSE,FALSE,FALSE
ID119,2026-02-28,4917,77609,126,26,26,4258,Location006,0,0,FALSE,FALSE,FALSE
ID119,2026-03-01,3388,79153,127,17,17,4595,Location006,0,0,FALSE,FALSE,FALSE
ID119,2026-03-02,3973,80683,128,36,36,5559,Location006,0,0,FALSE,FALSE,FALSE
ID119,2026-03-03,4911,80231,129,23,23,6303,Location006,0,0,FALSE,FALSE,FALSE
ID119,2026-03-04,3560,82766,130,12,12,4745,Location006,0,0,FALSE,FALSE,FALSE
ID119,2026-03-05,4389,84245,131,23,23,5582,Location006,0,0,FALSE,FALSE,FALSE
ID119,2026-03-06,4848,84860,132,23,23,6147,Location006,0,0,FALSE,FALSE,FALSE
ID119,2026-03-07,4189,86560,133,34,34,4830,Location006,0,0,FALSE,FALSE,FALSE
ID119,2026-03-08,3963,88247,134,19,19,5159,Location006,0,0,FALSE,FALSE,FALSE
ID119,2026-03-09,3604,87723,135,29,29,4618,Location006,0,0,FALSE,FALSE,FALSE
ID119,2026-03-10,4262,89379,136,29,29,6400,Location006,0,0,FALSE,FALSE,FALSE
ID119,2026-03-11,4448,91046,137,28,28,4905,Location006,0,0,FALSE,FALSE,FALSE
ID119,2026-03-12,2944,92043,138,25,25,4442,Location006,0,0,FALSE,FALSE,FALSE
ID119,2026-03-13,3893,92285,139,35,35,5829,Location006,0,0,FALSE,FALSE,FALSE
ID119,2026-03-14,4364,94135,140,28,28,5303,Location006,0,0,FALSE,FALSE,FALSE
ID119,2026-03-15,5924,93162,141,30,30,6284,Location006,0,0,FALSE,FALSE,FALSE
ID119,2026-03-16,2361,95367,142,20,20,4418,Location006,0,0,FALSE,FALSE,FALSE
ID119,2026-03-17,3010,98749,143,25,25,4716,Location006,0,0,FALSE,FALSE,FALSE
ID119,2026-03-18,4011,99532,144,33,33,5563,Location006,0,0,FALSE,FALSE,FALSE
ID119,2026-03-19,3959,96697,145,21,21,5021,Location006,0,0,FALSE,FALSE,FALSE
ID119,2026-03-20,1569,97070,146,11,11,1826,Location006,0,0,FALSE,FALSE,FALSE
ID119,2026-03-21,725,98452,147,6,0,0,Location006,0,6,FALSE,FALSE,FALSE
ID119,2026-03-22,3489,97413,148,17,17,4566,Location006,0,0,FALSE,FALSE,FALSE
ID119,2026-03-23,5235,100654.5,149,20,20,5821,Location006,0,0,FALSE,FALSE,FALSE
ID119,2026-03-24,4814,100557,150,24,24,5671,Location006,0,0,FALSE,FALSE,FALSE
ID119,2026-03-25,4111,102833,151,17,17,5225,Location006,0,0,FALSE,FALSE,FALSE
ID119,2026-03-26,5132,104529,152,28,28,5912,Location006,0,0,FALSE,FALSE,FALSE
ID119,2026-03-27,5164,106837,153,31,31,5115,Location006,0,0,FALSE,FALSE,FALSE
ID119,2026-03-28,4305,107147.5,154,34,34,5165,Location006,0,0,FALSE,FALSE,FALSE
ID119,2026-03-29,4246,108435,155,18,18,4491,Location006,0,0,FALSE,FALSE,FALSE
ID119,2026-03-30,3678,107275,156,23,23,5417,Location006,0,0,FALSE,FALSE,FALSE
ID119,2026-03-31,4628,111886,157,38,38,5783,Location006,0,0,FALSE,FALSE,FALSE
ID119,2026-04-01,4400,111790,158,24,24,5854,Location006,0,0,FALSE,FALSE,FALSE
ID119,2026-04-02,3597,111618,159,23,23,4948,Location006,0,0,FALSE,FALSE,FALSE
ID119,2026-04-03,4597,113984,160,30,30,5970,Location006,0,0,FALSE,FALSE,FALSE
ID119,2026-04-04,3438,114620,161,19,19,4383,Location006,0,0,FALSE,FALSE,FALSE
ID119,2026-04-05,4822,115271,162,28,28,5913,Location006,0,0,FALSE,FALSE,FALSE
ID119,2026-04-06,2789,116432,163,17,17,3445,Location006,0,0,FALSE,FALSE,FALSE
ID119,2026-04-07,2299,115369,164,20,20,2748,Location006,0,0,FALSE,FALSE,FALSE
ID119,2026-04-08,5,116022,165,1,0,0,Location006,0,1,FALSE,FALSE,FALSE
ID119,2026-04-10,2513,117980,167,13,13,3019,Location006,0,0,FALSE,FALSE,FALSE
ID119,2026-04-11,1800,119230,168,13,13,1720,Location006,0,0,FALSE,FALSE,FALSE
ID119,2026-04-12,2969,116913,169,15,15,3462,Location006,0,0,FALSE,FALSE,FALSE
ID119,2026-04-13,3655,118352,170,21,21,4576,Location006,0,0,FALSE,FALSE,FALSE
ID119,2026-04-14,3196,122941,171,17,17,3680,Location006,0,0,FALSE,FALSE,FALSE
ID119,2026-04-15,3266.5,123369,172,29,0,0,Location006,0,29,FALSE,FALSE,TRUE
ID119,2026-04-16,3337,124253,173,21,21,4116,Location006,0,0,FALSE,FALSE,FALSE
ID119,2026-04-17,2888.5,124775,174,25,0,0,Location006,0,25,FALSE,FALSE,TRUE
ID119,2026-04-18,2440,129461,175,14,14,3352,Location006,0,0,FALSE,FALSE,FALSE
ID119,2026-04-19,2161,129461,176,10,10,2439,Location006,0,0,FALSE,FALSE,FALSE
ID119,2026-04-20,4565,127170,177,26,26,5288,Location006,0,0,FALSE,FALSE,FALSE
ID119,2026-04-21,2917,130035,178,21,21,4089,Location006,0,0,FALSE,FALSE,FALSE
ID119,2026-04-22,4618,131029,179,23,23,4786,Location006,0,0,FALSE,FALSE,FALSE
ID119,2026-04-23,5735,131940,180,37,37,7001,Location006,0,0,FALSE,FALSE,FALSE
ID119,2026-04-24,4479,,181,26,26,6105,Location006,0,0,FALSE,TRUE,FALSE
ID120,2025-12-30,791,,70,12,0,0,Location006,12,12,FALSE,TRUE,FALSE
ID120,2025-12-31,3511,,71,14,0,0,Location006,14,14,FALSE,TRUE,FALSE
ID120,2026-01-01,933,,72,7,7,5891,Location006,0,0,FALSE,TRUE,FALSE
ID120,2026-01-02,1091,25645,73,10,10,6212,Location006,0,0,FALSE,FALSE,FALSE
ID120,2026-01-03,1175,25645,74,6,6,5475,Location006,3,0,FALSE,FALSE,FALSE
ID120,2026-01-04,2851,25645,75,11,11,6360,Location006,1,0,FALSE,FALSE,FALSE
ID120,2026-01-05,1295,25645,76,9,9,7200,Location006,0,0,FALSE,FALSE,FALSE
ID120,2026-01-06,1895,25645,77,18,18,7510,Location006,0,0,FALSE,FALSE,FALSE
ID120,2026-01-07,2094,25645,78,35,35,8074,Location006,0,0,FALSE,FALSE,FALSE
ID120,2026-01-08,4009,25645,79,18,18,7507,Location006,0,0,FALSE,FALSE,FALSE
ID120,2026-01-09,2620,25645,80,19,19,7059,Location006,2,0,FALSE,FALSE,FALSE
ID120,2026-01-10,1371,25645,81,24,24,6056,Location006,0,0,FALSE,FALSE,FALSE
ID120,2026-01-11,1702,30888,82,14,14,6346,Location006,0,0,FALSE,FALSE,FALSE
ID120,2026-01-12,2643,31402,83,7,7,6036,Location006,0,0,FALSE,FALSE,FALSE
ID120,2026-01-13,2355,32553,84,17,0,0,Location006,0,17,FALSE,FALSE,TRUE
ID120,2026-01-14,2067,34270,85,17,17,6038,Location006,0,0,FALSE,FALSE,FALSE
ID120,2026-01-17,1591,36239,88,14,14,3700,Location006,0,0,FALSE,FALSE,FALSE
ID120,2026-01-18,1238,36844,89,14,14,2109,Location006,0,0,FALSE,FALSE,FALSE
ID120,2026-01-19,738,38524,90,9,0,0,Location006,0,9,FALSE,FALSE,FALSE
ID120,2026-01-20,1107,37185,91,16,16,2498,Location006,0,0,FALSE,FALSE,FALSE
ID120,2026-01-21,2364,38346,92,21,21,4130,Location006,0,0,FALSE,FALSE,FALSE
ID120,2026-01-22,1565,39124,93,12,12,2797,Location006,0,0,FALSE,FALSE,FALSE
ID120,2026-01-23,1925,40357,94,19,19,3284,Location006,0,0,FALSE,FALSE,FALSE
ID120,2026-01-24,2036,41274,95,21,21,3847,Location006,0,0,FALSE,FALSE,FALSE
ID120,2026-01-25,2169,42041,96,15,15,3439,Location006,0,0,FALSE,FALSE,FALSE
ID120,2026-01-26,2459,43737,97,22,22,5454,Location006,0,0,FALSE,FALSE,FALSE
ID120,2026-01-27,1913,44108,98,12,12,3229,Location006,0,0,FALSE,FALSE,FALSE
ID120,2026-01-28,2096,45538,99,15,15,2658,Location006,0,0,FALSE,FALSE,FALSE
ID120,2026-01-29,1067,45862,100,15,15,1641,Location006,0,0,FALSE,FALSE,FALSE
ID120,2026-01-30,2493,46383,101,12,12,3469,Location006,0,0,FALSE,FALSE,FALSE
ID120,2026-01-31,3424,47113,102,28,28,4773,Location006,0,0,FALSE,FALSE,FALSE
ID120,2026-02-01,1290,48679.5,103,10,10,3248,Location006,0,0,FALSE,FALSE,FALSE
ID120,2026-02-02,1553,49134,104,16,16,4653,Location006,0,0,FALSE,FALSE,FALSE
ID120,2026-02-03,2479,50739,105,18,18,4051,Location006,0,0,FALSE,FALSE,FALSE
ID120,2026-02-04,2451,51292,106,25,25,3649,Location006,0,0,FALSE,FALSE,FALSE
ID120,2026-02-05,2791,52063,107,27,27,3625,Location006,0,0,FALSE,FALSE,FALSE
ID120,2026-02-06,2905,53278,108,29,29,4926,Location006,0,0,FALSE,FALSE,FALSE
ID120,2026-02-07,3163,54046.5,109,28,28,5166,Location006,0,0,FALSE,FALSE,FALSE
ID120,2026-02-08,1508,55831,110,33,33,3224,Location006,0,0,FALSE,FALSE,FALSE
ID120,2026-02-09,2035,56378,111,32,32,2382,Location006,0,0,FALSE,FALSE,FALSE
ID120,2026-02-10,4042,57296,112,43,43,5294,Location006,0,0,FALSE,FALSE,FALSE
ID120,2026-02-11,3243,58418,113,26,26,5098,Location006,0,0,FALSE,FALSE,FALSE
ID120,2026-02-12,4409,58879,114,34,34,4876,Location006,0,0,FALSE,FALSE,FALSE
ID120,2026-02-13,2909,60685,115,30,30,3493,Location006,0,0,FALSE,FALSE,FALSE
ID120,2026-02-14,2062,61252,116,23,23,3321,Location006,0,0,FALSE,FALSE,FALSE
ID120,2026-02-15,3273,62539.5,117,26,26,4264,Location006,0,0,FALSE,FALSE,FALSE
ID120,2026-02-16,3264,63252,118,35,35,4373,Location006,0,0,FALSE,FALSE,FALSE
ID120,2026-02-17,597,65597,119,6,0,0,Location006,0,6,FALSE,FALSE,FALSE
ID120,2026-02-18,2783,66551,120,29,29,3912,Location006,0,0,FALSE,FALSE,FALSE
ID120,2026-02-19,3189,66604,121,41,41,4732,Location006,0,0,FALSE,FALSE,FALSE
ID120,2026-02-20,5589,67389,122,32,32,5867,Location006,0,0,FALSE,FALSE,FALSE
ID120,2026-02-21,4072,68792,123,35,35,3845,Location006,0,0,FALSE,FALSE,FALSE
ID120,2026-02-22,3607,68927,124,27,27,3795,Location006,0,0,FALSE,FALSE,FALSE
ID120,2026-02-23,2176,69310,125,28,28,4068,Location006,0,0,FALSE,FALSE,FALSE
ID120,2026-02-24,3013,71786,126,31,31,5064,Location006,0,0,FALSE,FALSE,FALSE
ID120,2026-02-25,4246,71271,127,23,23,3592,Location006,0,0,FALSE,FALSE,FALSE
ID120,2026-02-26,2870,72921,128,28,28,3775,Location006,0,0,FALSE,FALSE,FALSE
ID120,2026-02-27,3911,73555,129,36,36,3557,Location006,0,0,FALSE,FALSE,FALSE
ID120,2026-02-28,3360,74304,130,30,30,3101,Location006,0,0,FALSE,FALSE,FALSE
ID120,2026-03-01,2974,76560,131,22,22,4038,Location006,0,0,FALSE,FALSE,FALSE
ID120,2026-03-02,3288,76209,132,26,26,4805,Location006,0,0,FALSE,FALSE,FALSE
ID120,2026-03-03,3551,77392,133,19,19,4585,Location006,0,0,FALSE,FALSE,FALSE
ID120,2026-03-04,3679,78434,134,19,19,5513,Location006,0,0,FALSE,FALSE,FALSE
ID120,2026-03-05,3180,80789,135,17,17,3687,Location006,0,0,FALSE,FALSE,FALSE
ID120,2026-03-06,2458,80598,136,14,14,2455,Location006,0,0,FALSE,FALSE,FALSE
ID120,2026-03-07,2850,80567,137,20,20,4116,Location006,0,0,FALSE,FALSE,FALSE
ID120,2026-03-08,3050,82560.5,138,20,20,4713,Location006,0,0,FALSE,FALSE,FALSE
ID120,2026-03-09,5284,85009,139,46,0,0,Location006,0,46,FALSE,FALSE,FALSE
ID120,2026-03-10,3605,85116,140,40,40,3796,Location006,0,0,FALSE,FALSE,FALSE
ID120,2026-03-11,2410,84767,141,31,31,3902,Location006,0,0,FALSE,FALSE,FALSE
ID120,2026-03-12,4011,86818,142,27,27,4687,Location006,0,0,FALSE,FALSE,FALSE
ID120,2026-03-13,3821,86976,143,36,36,3954,Location006,0,0,FALSE,FALSE,FALSE
ID120,2026-03-14,3663,86859,144,37,37,4353,Location006,0,0,FALSE,FALSE,FALSE
ID120,2026-03-15,3734,87898,145,36,36,3221,Location006,0,0,FALSE,FALSE,FALSE
ID120,2026-03-16,3624,88624,146,32,32,3289,Location006,0,0,FALSE,FALSE,FALSE
ID120,2026-03-17,4986,89734,147,42,42,4677,Location006,0,0,FALSE,FALSE,FALSE
ID120,2026-03-18,3982,91484,148,31,31,4247,Location006,0,0,FALSE,FALSE,FALSE
ID120,2026-03-19,3878,90378,149,40,40,3157,Location006,0,0,FALSE,FALSE,FALSE
ID120,2026-03-20,5547,91043,150,48,48,4868,Location006,0,0,FALSE,FALSE,FALSE
ID120,2026-03-21,4092,91077,151,24,24,4245,Location006,0,0,FALSE,FALSE,FALSE
ID120,2026-03-22,4815,92267,152,37,37,4725,Location006,0,0,FALSE,FALSE,FALSE
ID120,2026-03-23,4668.5,95234,153,47,0,0,Location006,0,47,FALSE,FALSE,TRUE
ID120,2026-03-24,4522,95926,154,28,28,4073,Location006,0,0,FALSE,FALSE,FALSE
ID120,2026-03-25,5090,96695.5,155,40,40,4279,Location006,0,0,FALSE,FALSE,TRUE
ID120,2026-03-26,5658,97245,156,31,31,5395,Location006,0,0,FALSE,FALSE,FALSE
ID120,2026-03-27,4439,98853,157,37,37,3277,Location006,0,0,FALSE,FALSE,FALSE
ID120,2026-03-28,3933,101482,158,40,40,3189,Location006,0,0,FALSE,FALSE,FALSE
ID120,2026-03-29,3244,102766,159,26,26,3431,Location006,0,0,FALSE,FALSE,FALSE
ID120,2026-03-30,3341,103208,160,21,21,4889,Location006,0,0,FALSE,FALSE,FALSE
ID120,2026-03-31,2917,103343,161,34,34,3535,Location006,0,0,FALSE,FALSE,FALSE
ID120,2026-04-01,5836,102976,162,30,0,0,Location006,0,30,FALSE,FALSE,FALSE
ID120,2026-04-02,3252,103553,163,30,30,3357,Location006,0,0,FALSE,FALSE,FALSE
ID120,2026-04-03,4046,104682,164,27,27,4972,Location006,0,0,FALSE,FALSE,FALSE
ID120,2026-04-04,4090,106561,165,29,29,4602,Location006,0,0,FALSE,FALSE,FALSE
ID120,2026-04-05,2853,105696,166,18,18,2016,Location006,0,0,FALSE,FALSE,FALSE
ID120,2026-04-06,2340,105014,167,9,9,1607,Location006,0,0,FALSE,FALSE,FALSE
ID120,2026-04-07,3220,105626,168,15,15,3479,Location006,0,0,FALSE,FALSE,FALSE
ID120,2026-04-10,3901,107311,171,20,20,2772,Location006,0,0,FALSE,FALSE,FALSE
ID120,2026-04-11,3179,107071,172,17,17,2578,Location006,0,0,FALSE,FALSE,FALSE
ID120,2026-04-12,3888,109782,173,18,18,3155,Location006,0,0,FALSE,FALSE,FALSE
ID120,2026-04-13,3669,105987,174,18,18,1986,Location006,0,0,FALSE,FALSE,FALSE
ID120,2026-04-14,2615,106380,175,18,18,3097,Location006,0,0,FALSE,FALSE,FALSE
ID120,2026-04-15,4636,108134,176,26,26,2907,Location006,0,0,FALSE,FALSE,FALSE
ID120,2026-04-16,4510,109871,177,20,20,4045,Location006,0,0,FALSE,FALSE,FALSE
ID120,2026-04-17,3394,110491,178,13,13,2760,Location006,0,0,FALSE,FALSE,FALSE
ID120,2026-04-18,4904,109199,179,22,22,3953,Location006,0,0,FALSE,FALSE,FALSE
ID120,2026-04-19,2632,109690,180,13,13,1721,Location006,0,0,FALSE,FALSE,FALSE
ID120,2026-04-20,3400,109724.5,181,16,16,2417,Location006,0,0,FALSE,FALSE,FALSE
ID120,2026-04-21,1816,109834,182,16,16,2101,Location006,0,0,FALSE,FALSE,FALSE
ID120,2026-04-22,3501,110673,183,18,18,2499,Location006,0,0,FALSE,FALSE,FALSE
ID120,2026-04-23,4002,,184,25,25,3686,Location006,0,0,FALSE,TRUE,FALSE
ID120,2026-04-24,4763,,185,23,23,3004,Location006,0,0,FALSE,TRUE,FALSE
ID121,2025-12-30,1048,55880,80,23,0,0,Location005,13,23,FALSE,FALSE,FALSE
ID121,2025-12-31,1400,47760,81,14,14,6702,Location005,14,0,FALSE,TRUE,FALSE
ID121,2026-01-01,1384,39640,82,12,12,8191,Location005,12,0,FALSE,TRUE,FALSE
ID121,2026-01-02,1754,31520,83,13,13,6517,Location005,3,0,FALSE,FALSE,FALSE
ID121,2026-01-04,1863,32263,85,17,0,0,Location005,0,17,TRUE,FALSE,TRUE
ID121,2026-01-05,1972,34914,86,16,16,7740,Location005,0,0,FALSE,FALSE,FALSE
ID121,2026-01-06,1873,36423.5,87,14,14,7336,Location005,0,0,FALSE,FALSE,FALSE
ID121,2026-01-07,1733,37562,88,12,12,5926,Location005,0,0,FALSE,FALSE,FALSE
ID121,2026-01-08,1517,35108.5,89,14,14,5626,Location005,0,0,FALSE,FALSE,FALSE
ID121,2026-01-09,1555,31024,90,12,12,6046,Location005,0,0,FALSE,FALSE,FALSE
ID121,2026-01-10,1707,40448,91,11,11,6225,Location005,0,0,FALSE,FALSE,FALSE
ID121,2026-01-12,1773,41961,93,24,24,6243,Location005,0,0,FALSE,FALSE,FALSE
ID121,2026-01-13,1822,43044,94,11,11,5097,Location005,0,0,FALSE,FALSE,FALSE
ID121,2026-01-14,4496,44477,95,11,0,0,Location005,0,11,FALSE,FALSE,FALSE
ID121,2026-01-15,1839,44477,96,14,14,4444,Location005,0,0,FALSE,FALSE,FALSE
ID121,2026-01-17,2256,46506.5,98,8,8,4302,Location005,0,0,FALSE,FALSE,FALSE
ID121,2026-01-18,2130,47658,99,7,7,5339,Location005,0,0,FALSE,FALSE,FALSE
ID121,2026-01-19,2500,49336,100,9,9,5097,Location005,0,0,FALSE,FALSE,FALSE
ID121,2026-01-20,1904,50752.5,101,8,8,5719,Location005,0,0,FALSE,FALSE,FALSE
ID121,2026-01-21,2280,51636,102,8,8,5413,Location005,0,0,FALSE,FALSE,FALSE
ID121,2026-01-22,2230,51678,103,8,8,5710,Location005,0,0,FALSE,FALSE,FALSE
ID121,2026-01-23,2592,52576,104,17,17,5637,Location005,0,0,FALSE,FALSE,FALSE
ID121,2026-01-24,1971,54851,105,11,11,5294,Location005,0,0,FALSE,FALSE,FALSE
ID121,2026-01-25,1729,55003,106,10,10,5193,Location005,0,0,FALSE,FALSE,FALSE
ID121,2026-01-26,2840,56186,107,19,19,6238,Location005,0,0,FALSE,FALSE,FALSE
ID121,2026-01-27,1268,56161,108,7,7,3570,Location005,0,0,FALSE,FALSE,FALSE
ID121,2026-01-28,1865,57007,109,9,9,6169,Location005,0,0,FALSE,FALSE,FALSE
ID121,2026-01-29,2392,58791,110,9,9,5707,Location005,0,0,FALSE,FALSE,FALSE
ID121,2026-01-30,2215,60713,111,10,10,5142,Location005,0,0,FALSE,FALSE,FALSE
ID121,2026-01-31,1907,60480,112,14,14,4952,Location005,0,0,FALSE,FALSE,FALSE
ID121,2026-02-01,2061,60800,113,13,13,5911,Location005,0,0,FALSE,FALSE,FALSE
ID121,2026-02-02,2699,61985,114,31,31,6624,Location005,0,0,FALSE,FALSE,FALSE
ID121,2026-02-03,2092,64816,115,16,16,4693,Location005,0,0,FALSE,FALSE,FALSE
ID121,2026-02-04,1718,64126.5,116,10,10,6013,Location005,0,0,FALSE,FALSE,FALSE
ID121,2026-02-05,1962,65341,117,8,8,6056,Location005,0,0,FALSE,FALSE,FALSE
ID121,2026-02-06,2588,66832,118,12,12,5548,Location005,0,0,FALSE,FALSE,FALSE
ID121,2026-02-07,2440,68561,119,20,20,6218,Location005,0,0,FALSE,FALSE,FALSE
ID121,2026-02-08,2113,68035,120,5,5,4977,Location005,0,0,FALSE,FALSE,FALSE
ID121,2026-02-09,3401,69521,121,33,33,6326,Location005,0,0,FALSE,FALSE,FALSE
ID121,2026-02-10,1574,70323,122,15,15,4974,Location005,0,0,FALSE,FALSE,FALSE
ID121,2026-02-11,2625,71955,123,14,14,8320,Location005,0,0,FALSE,FALSE,FALSE
ID121,2026-02-12,2312,74563.5,124,12,12,6043,Location005,0,0,FALSE,FALSE,FALSE
ID121,2026-02-13,2425,75255,125,17,17,4561,Location005,0,0,FALSE,FALSE,FALSE
ID121,2026-02-14,1843,75264,126,13,13,5287,Location005,0,0,FALSE,FALSE,FALSE
ID121,2026-02-15,2506,75311,127,17,17,5226,Location005,0,0,FALSE,FALSE,FALSE
ID121,2026-02-16,1589,78816,128,11,11,4207,Location005,0,0,FALSE,FALSE,FALSE
ID121,2026-02-17,2773,79060,129,13,13,6359,Location005,0,0,FALSE,FALSE,FALSE
ID121,2026-02-18,3428,79173,130,13,0,0,Location005,0,13,FALSE,FALSE,FALSE
ID121,2026-02-19,1933,79210.5,131,10,10,5445,Location005,0,0,FALSE,FALSE,FALSE
ID121,2026-02-20,2472,80691,132,15,15,5972,Location005,0,0,FALSE,FALSE,FALSE
ID121,2026-02-21,2010,79643,133,15,15,3440,Location005,0,0,FALSE,FALSE,FALSE
ID121,2026-02-22,2331,79495,134,11,11,3813,Location005,0,0,FALSE,FALSE,FALSE
ID121,2026-02-23,2184,80926,135,19,19,4435,Location005,0,0,FALSE,FALSE,FALSE
ID121,2026-02-24,2809,82404,136,16,16,4852,Location005,0,0,FALSE,FALSE,FALSE
ID121,2026-02-25,2009,82514,137,10,10,3314,Location005,0,0,FALSE,FALSE,FALSE
ID121,2026-02-26,1843,82514,138,16,16,4438,Location005,0,0,FALSE,FALSE,FALSE
ID121,2026-02-27,100,80623,139,7,0,0,Location005,0,7,FALSE,FALSE,FALSE
ID121,2026-02-28,2074,78151,140,13,13,3784,Location005,0,0,FALSE,FALSE,FALSE
ID121,2026-03-01,3978,81058,141,16,0,0,Location005,0,16,FALSE,FALSE,FALSE
ID121,2026-03-02,1449,82679,142,6,6,4285,Location005,0,0,FALSE,FALSE,FALSE
ID121,2026-03-03,2462,83725,143,11,11,6604,Location005,0,0,FALSE,FALSE,FALSE
ID121,2026-03-04,1741,85597.5,144,10,10,4394,Location005,0,0,FALSE,FALSE,FALSE
ID121,2026-03-05,1095,82107,145,4,0,0,Location005,0,4,FALSE,FALSE,FALSE
ID121,2026-03-06,1516,82854.5,146,10,10,4022,Location005,0,0,FALSE,FALSE,FALSE
ID121,2026-03-07,2225,84242,147,10,10,5317,Location005,0,0,FALSE,FALSE,FALSE
ID121,2026-03-08,1914,85669,148,12,12,4815,Location005,0,0,FALSE,FALSE,FALSE
ID121,2026-03-09,1706,85944,149,11,11,5844,Location005,0,0,FALSE,FALSE,FALSE
ID121,2026-03-10,1645,87670,150,8,8,5509,Location005,0,0,FALSE,FALSE,FALSE
ID121,2026-03-11,2469,89491,151,12,12,5699,Location005,0,0,FALSE,FALSE,FALSE
ID121,2026-03-12,3107,90551,152,15,15,7129,Location005,0,0,FALSE,FALSE,FALSE
ID121,2026-03-13,2453,92865,153,8,8,4965,Location005,0,0,FALSE,FALSE,FALSE
ID121,2026-03-14,2687,93008,154,7,7,6001,Location005,0,0,FALSE,FALSE,FALSE
ID121,2026-03-15,1837,95021,155,11,11,6489,Location005,0,0,FALSE,FALSE,FALSE
ID121,2026-03-16,2368,97419,156,7,7,5836,Location005,0,0,FALSE,FALSE,FALSE
ID121,2026-03-17,2168,96403,157,9,9,4890,Location005,0,0,FALSE,FALSE,FALSE
ID121,2026-03-18,1220,96263,158,8,8,4637,Location005,0,0,FALSE,FALSE,FALSE
ID121,2026-03-19,1599,97755,159,9,9,4034,Location005,0,0,FALSE,FALSE,FALSE
ID121,2026-03-20,2645,98418,160,8,8,5175,Location005,0,0,FALSE,FALSE,FALSE
ID121,2026-03-21,1522,99450,161,9,9,3449,Location005,0,0,FALSE,FALSE,FALSE
ID121,2026-03-22,1409,98630,162,12,12,4894,Location005,0,0,FALSE,FALSE,FALSE
ID121,2026-03-23,2085,101680.5,163,6,6,5937,Location005,0,0,FALSE,FALSE,FALSE
ID121,2026-03-24,2505,103515,164,9,9,5887,Location005,0,0,FALSE,FALSE,FALSE
ID121,2026-03-25,2460,103992,165,11,11,4288,Location005,0,0,FALSE,FALSE,FALSE
ID121,2026-03-26,3375,105146,166,18,18,5205,Location005,0,0,FALSE,FALSE,FALSE
ID121,2026-03-27,3188,105813,167,15,15,3470,Location005,0,0,FALSE,FALSE,FALSE
ID121,2026-03-28,3073,106657,168,20,20,4158,Location005,0,0,FALSE,FALSE,FALSE
ID121,2026-03-29,2202,108616.5,169,14,14,3800,Location005,0,0,FALSE,FALSE,FALSE
ID121,2026-03-30,3565,109721,170,18,18,4629,Location005,0,0,FALSE,FALSE,FALSE
ID121,2026-03-31,3323,111372,171,18,18,4793,Location005,0,0,FALSE,FALSE,FALSE
ID121,2026-04-01,1672,107632,172,7,0,0,Location005,0,7,FALSE,FALSE,FALSE
ID121,2026-04-02,2921,110128,173,17,17,3806,Location005,0,0,FALSE,FALSE,FALSE
ID121,2026-04-03,2699,113272.5,174,14,14,4711,Location005,0,0,FALSE,FALSE,FALSE
ID121,2026-04-04,2098,113202,175,13,13,4054,Location005,0,0,FALSE,FALSE,FALSE
ID121,2026-04-05,2405,113243.5,176,12,12,3864,Location005,0,0,FALSE,FALSE,FALSE
ID121,2026-04-06,1854,116826,177,13,13,3662,Location005,0,0,FALSE,FALSE,FALSE
ID121,2026-04-07,3310,117980,178,13,13,3859,Location005,0,0,FALSE,FALSE,FALSE
ID121,2026-04-08,3692,117869,179,16,16,4028,Location005,0,0,FALSE,FALSE,FALSE
ID121,2026-04-09,2832,117922,180,14,14,4117,Location005,0,0,FALSE,FALSE,FALSE
ID121,2026-04-10,3197,119684,181,20,20,5230,Location005,0,0,FALSE,FALSE,FALSE
ID121,2026-04-11,2850,121569,182,14,14,3841,Location005,0,0,FALSE,FALSE,FALSE
ID121,2026-04-12,2929,122378,183,16,16,3852,Location005,0,0,FALSE,FALSE,FALSE
ID121,2026-04-13,2862,123671,184,14,14,4751,Location005,0,0,FALSE,FALSE,FALSE
ID121,2026-04-14,2944,123943,185,13,13,3800,Location005,0,0,FALSE,FALSE,FALSE
ID121,2026-04-15,3787,124431,186,21,21,5472,Location005,0,0,FALSE,FALSE,FALSE
ID121,2026-04-16,3126,125925,187,18,18,3836,Location005,0,0,FALSE,FALSE,FALSE
ID121,2026-04-17,2028,125364,188,11,11,4166,Location005,0,0,FALSE,FALSE,FALSE
ID121,2026-04-18,2881,125364,189,20,20,5154,Location005,0,0,FALSE,FALSE,FALSE
ID121,2026-04-19,2246,126804,190,16,16,4624,Location005,0,0,FALSE,FALSE,FALSE
ID121,2026-04-20,2445,128281,191,10,10,3375,Location005,0,0,FALSE,FALSE,FALSE
ID121,2026-04-21,2891,126488,192,16,16,5024,Location005,0,0,FALSE,FALSE,FALSE
ID121,2026-04-22,2845,127648,193,13,13,4508,Location005,0,0,FALSE,FALSE,FALSE
ID121,2026-04-23,1931,129500,194,10,10,4505,Location005,0,0,FALSE,FALSE,FALSE
ID121,2026-04-24,3638,,195,13,13,5379,Location005,0,0,FALSE,TRUE,FALSE
ID124,2025-12-30,55,41786.5,79,2,0,0,Location005,0,2,FALSE,FALSE,FALSE
ID124,2025-12-31,1365,42004.1428571429,80,9,9,7438,Location005,9,0,FALSE,TRUE,FALSE
ID124,2026-01-01,1090,42221.7857142857,81,7,7,6686,Location005,7,0,FALSE,TRUE,FALSE
ID124,2026-01-02,627,42439.4285714286,82,10,0,0,Location005,10,10,FALSE,TRUE,FALSE
ID124,2026-01-03,1582,42657.0714285714,83,12,12,5747,Location005,12,0,FALSE,TRUE,FALSE
ID124,2026-01-04,1552,42874.7142857143,84,6,6,6468,Location005,6,0,FALSE,TRUE,FALSE
ID124,2026-01-05,2544,43092.3571428571,85,7,7,10145,Location005,7,0,FALSE,TRUE,FALSE
ID124,2026-01-06,2848,43310,86,10,0,0,Location005,0,10,FALSE,FALSE,TRUE
ID124,2026-01-07,3152,44302.2,87,11,11,8426,Location005,11,0,FALSE,TRUE,FALSE
ID124,2026-01-08,1409,45294.4,88,11,11,4315,Location005,11,0,FALSE,TRUE,FALSE
ID124,2026-01-09,1696,46286.6,89,7,7,6136,Location005,7,0,FALSE,TRUE,FALSE
ID124,2026-01-10,1691,47278.8,90,6,0,0,Location005,6,6,FALSE,TRUE,TRUE
ID124,2026-01-11,1686,48271,91,5,5,7563,Location005,0,0,FALSE,FALSE,FALSE
ID124,2026-01-12,4153,50560,92,5,5,7475,Location005,0,0,FALSE,FALSE,FALSE
ID124,2026-01-13,2924,50876,93,9,9,11246,Location005,0,0,FALSE,FALSE,FALSE
ID124,2026-01-14,2307.5,52194,94,11,0,0,Location005,0,11,FALSE,FALSE,TRUE
ID124,2026-01-17,1691,55973,97,8,8,5424,Location005,0,0,FALSE,FALSE,FALSE
ID124,2026-01-18,1064,55735,98,4,4,1778,Location005,0,0,FALSE,FALSE,FALSE
ID124,2026-01-19,2829,59499,99,8,8,6319,Location005,0,0,FALSE,FALSE,FALSE
ID124,2026-01-20,1669,60434,100,8,8,7445,Location005,0,0,FALSE,FALSE,FALSE
ID124,2026-01-21,2624,62412,101,7,7,5503,Location005,0,0,FALSE,FALSE,FALSE
ID124,2026-01-22,2454,62508,102,11,11,9073,Location005,0,0,FALSE,FALSE,FALSE
ID124,2026-01-23,2651,62635.5,103,8,8,9082,Location005,0,0,FALSE,FALSE,FALSE
ID124,2026-01-24,2536,64132,104,5,5,7913,Location005,0,0,FALSE,FALSE,FALSE
ID124,2026-01-25,3431,65568,105,12,12,9876,Location005,0,0,FALSE,FALSE,FALSE
ID124,2026-01-26,1505,67224,106,5,5,3860,Location005,0,0,FALSE,FALSE,FALSE
ID124,2026-01-27,1896,67582,107,9,9,5822,Location005,0,0,FALSE,FALSE,FALSE
ID124,2026-01-28,2173,70507,108,9,9,7040,Location005,0,0,FALSE,FALSE,FALSE
ID124,2026-01-29,2705,71941,109,8,8,9167,Location005,0,0,FALSE,FALSE,FALSE
ID124,2026-01-30,3029,73262,110,17,17,4488,Location005,0,0,FALSE,FALSE,FALSE
ID124,2026-01-31,3482,71683,111,14,14,8556,Location005,0,0,FALSE,FALSE,FALSE
ID124,2026-02-01,2576,73924,112,7,7,6473,Location005,0,0,FALSE,FALSE,FALSE
ID124,2026-02-02,2354,74802,113,9,9,7602,Location005,0,0,FALSE,FALSE,FALSE
ID124,2026-02-03,2598,75168.5,114,8,8,7620,Location005,0,0,FALSE,FALSE,FALSE
ID124,2026-02-04,2613,76584,115,11,11,7128,Location005,0,0,FALSE,FALSE,FALSE
ID124,2026-02-05,2615,78555,116,10,10,7290,Location005,0,0,FALSE,FALSE,FALSE
ID124,2026-02-06,2899,79049,117,10,10,7794,Location005,0,0,FALSE,FALSE,FALSE
ID124,2026-02-07,2836,79788,118,9,9,5350,Location005,0,0,FALSE,FALSE,FALSE
ID124,2026-02-08,3087,81037,119,9,9,7543,Location005,0,0,FALSE,FALSE,FALSE
ID124,2026-02-09,2885,82942,120,5,5,7628,Location005,0,0,FALSE,FALSE,FALSE
ID124,2026-02-10,3983,83481,121,11,11,6468,Location005,0,0,FALSE,FALSE,FALSE
ID124,2026-02-11,3180,83753,122,6,6,6661,Location005,0,0,FALSE,FALSE,FALSE
ID124,2026-02-12,2760,86308,123,13,13,8328,Location005,0,0,FALSE,FALSE,FALSE
ID124,2026-02-13,2891,88194,124,10,10,6370,Location005,0,0,FALSE,FALSE,FALSE
ID124,2026-02-14,1867,87866,125,3,3,5173,Location005,0,0,FALSE,FALSE,FALSE
ID124,2026-02-15,2461,87411,126,6,6,4464,Location005,0,0,FALSE,FALSE,FALSE
ID124,2026-02-16,1574,89285.5,127,10,10,6758,Location005,0,0,FALSE,FALSE,FALSE
ID124,2026-02-17,2010,91139,128,6,6,4999,Location005,0,0,FALSE,FALSE,FALSE
ID124,2026-02-18,2686,92699,129,9,9,6351,Location005,0,0,FALSE,FALSE,FALSE
ID124,2026-02-19,2790,92712.5,130,14,14,6937,Location005,0,0,FALSE,FALSE,FALSE
ID124,2026-02-20,2427,93221,131,9,9,5462,Location005,0,0,FALSE,FALSE,FALSE
ID124,2026-02-21,2856,95222,132,13,13,7178,Location005,0,0,FALSE,FALSE,FALSE
ID124,2026-02-22,2855,97019,133,6,6,5540,Location005,0,0,FALSE,FALSE,FALSE
ID124,2026-02-23,3857,97356,134,20,20,7481,Location005,0,0,FALSE,FALSE,FALSE
ID124,2026-02-24,2369,98127,135,10,10,4807,Location005,0,0,FALSE,FALSE,FALSE
ID124,2026-02-25,2790,100464,136,10,10,6500,Location005,0,0,FALSE,FALSE,FALSE
ID124,2026-02-26,3986,99262,137,8,8,4799,Location005,0,0,FALSE,FALSE,FALSE
ID124,2026-02-27,1938,101149,138,4,4,4548,Location005,0,0,FALSE,FALSE,FALSE
ID124,2026-02-28,1679,102802,139,5,5,4736,Location005,0,0,FALSE,FALSE,FALSE
ID124,2026-03-01,1216,101450,140,10,10,2906,Location005,0,0,FALSE,FALSE,FALSE
ID124,2026-03-02,3820,97040,141,3,3,2134,Location005,0,0,FALSE,FALSE,FALSE
ID124,2026-03-03,2199,100853,142,4,4,4725,Location005,0,0,FALSE,FALSE,FALSE
ID124,2026-03-04,3357,102453,143,8,8,6574,Location005,0,0,FALSE,FALSE,FALSE
ID124,2026-03-05,3467,104572,144,15,15,7565,Location005,0,0,FALSE,FALSE,FALSE
ID124,2026-03-06,2898,104871,145,10,10,5896,Location005,0,0,FALSE,FALSE,FALSE
ID124,2026-03-07,3425,107261,146,11,11,4632,Location005,0,0,FALSE,FALSE,FALSE
ID124,2026-03-08,2825,107533,147,7,7,6527,Location005,0,0,FALSE,FALSE,FALSE
ID124,2026-03-09,2643,108284,148,8,8,6246,Location005,0,0,FALSE,FALSE,FALSE
ID124,2026-03-10,2701,109599,149,13,13,6121,Location005,0,0,FALSE,FALSE,FALSE
ID124,2026-03-11,3437,109104.5,150,10,10,6090,Location005,0,0,FALSE,FALSE,FALSE
ID124,2026-03-12,1663,112454,151,5,5,4111,Location005,0,0,FALSE,FALSE,FALSE
ID124,2026-03-13,5922,110958,152,7,0,0,Location005,0,7,FALSE,FALSE,FALSE
ID124,2026-03-14,2848,113028,153,3,3,4845,Location005,0,0,FALSE,FALSE,FALSE
ID124,2026-03-15,1798,112938.5,154,6,6,5121,Location005,0,0,FALSE,FALSE,FALSE
ID124,2026-03-16,1407,115843,155,11,11,5692,Location005,0,0,FALSE,FALSE,FALSE
ID124,2026-03-17,3420,116298,156,16,16,6508,Location005,0,0,FALSE,FALSE,FALSE
ID124,2026-03-18,3658,116576,157,11,11,5425,Location005,0,0,FALSE,FALSE,FALSE
ID124,2026-03-19,2633,118070,158,9,9,5234,Location005,0,0,FALSE,FALSE,FALSE
ID124,2026-03-20,2070,117619,159,7,7,4710,Location005,0,0,FALSE,FALSE,FALSE
ID124,2026-03-21,1985,116462,160,6,6,3985,Location005,0,0,FALSE,FALSE,FALSE
ID124,2026-03-22,2310,119675,161,7,7,4981,Location005,0,0,FALSE,FALSE,FALSE
ID124,2026-03-23,1959,118861,162,5,5,3581,Location005,0,0,FALSE,FALSE,FALSE
ID124,2026-03-24,3027,117094,163,11,11,5991,Location005,0,0,FALSE,FALSE,FALSE
ID124,2026-03-25,2358,121953,164,8,8,4854,Location005,0,0,FALSE,FALSE,FALSE
ID124,2026-03-26,5617,121122,165,7,0,0,Location005,0,7,FALSE,FALSE,FALSE
ID124,2026-03-27,1569,121074,166,6,6,3696,Location005,0,0,FALSE,FALSE,FALSE
ID124,2026-03-28,2569,124786,167,15,15,4623,Location005,0,0,FALSE,FALSE,FALSE
ID124,2026-03-29,2933,124704,168,7,7,6318,Location005,0,0,FALSE,FALSE,FALSE
ID124,2026-03-30,1520,122859,169,5,5,3550,Location005,0,0,FALSE,FALSE,FALSE
ID124,2026-03-31,2927,127030,170,11,11,6492,Location005,0,0,FALSE,FALSE,FALSE
ID124,2026-04-01,2967,131068,171,13,13,5923,Location005,0,0,FALSE,FALSE,FALSE
ID124,2026-04-02,3657,129498,172,23,23,6329,Location005,0,0,FALSE,FALSE,FALSE
ID124,2026-04-03,2520,130858,173,12,12,4888,Location005,0,0,FALSE,FALSE,FALSE
ID124,2026-04-04,3123,130410,174,13,13,6011,Location005,0,0,FALSE,FALSE,FALSE
ID124,2026-04-05,2713,131005,175,11,11,5506,Location005,0,0,FALSE,FALSE,FALSE
ID124,2026-04-06,3577,133442,176,19,19,5446,Location005,0,0,FALSE,FALSE,FALSE
ID124,2026-04-07,3020,133708,177,24,24,5503,Location005,0,0,FALSE,FALSE,FALSE
ID124,2026-04-08,1973,133884,178,16,16,3058,Location005,0,0,FALSE,FALSE,FALSE
ID124,2026-04-09,1045,132504.5,179,8,0,0,Location005,0,8,FALSE,FALSE,FALSE
ID124,2026-04-10,3586,134946,180,23,23,5496,Location005,0,0,FALSE,FALSE,FALSE
ID124,2026-04-11,2226,135432,181,17,17,4501,Location005,0,0,FALSE,FALSE,FALSE
ID124,2026-04-12,1862,135824,182,8,8,2700,Location005,0,0,FALSE,FALSE,FALSE
ID124,2026-04-13,3693,137264,183,16,16,4616,Location005,0,0,FALSE,FALSE,FALSE
ID124,2026-04-14,2369,138820,184,13,13,3153,Location005,0,0,FALSE,FALSE,FALSE
ID124,2026-04-15,3316,135268,185,26,26,4101,Location005,0,0,FALSE,FALSE,FALSE
ID124,2026-04-16,2348,139826,186,11,11,1816,Location005,0,0,FALSE,FALSE,FALSE
ID124,2026-04-17,3507,136466,187,20,20,4352,Location005,0,0,FALSE,FALSE,FALSE
ID124,2026-04-18,3456,136191,188,16,16,5585,Location005,0,0,FALSE,FALSE,FALSE
ID124,2026-04-19,3472,139880,189,24,24,5147,Location005,11,0,FALSE,FALSE,FALSE
ID124,2026-04-20,2836,,190,19,19,4958,Location005,19,0,FALSE,TRUE,FALSE
ID124,2026-04-21,2070,,191,19,19,3950,Location005,19,0,FALSE,TRUE,FALSE
ID124,2026-04-22,2372,,192,14,14,2819,Location005,14,0,FALSE,TRUE,FALSE
ID124,2026-04-23,2992,,193,16,16,2804,Location005,16,0,FALSE,TRUE,FALSE
ID124,2026-04-24,3527,,194,22,22,4495,Location005,0,0,FALSE,TRUE,FALSE
ID125,2025-12-30,729,,65,13,0,0,Location006,13,13,FALSE,TRUE,FALSE
ID125,2025-12-31,3732,,66,21,21,5376,Location006,21,0,FALSE,TRUE,FALSE
ID125,2026-01-01,3249,,67,11,11,4965,Location006,11,0,FALSE,TRUE,FALSE
ID125,2026-01-02,3530,,68,6,0,0,Location006,6,6,FALSE,TRUE,TRUE
ID125,2026-01-03,3811,,69,11,11,7665,Location006,11,0,FALSE,TRUE,FALSE
ID125,2026-01-04,2159,,70,14,14,4969,Location006,14,0,FALSE,TRUE,FALSE
ID125,2026-01-05,3388,,71,10,10,5833,Location006,10,0,FALSE,TRUE,FALSE
ID125,2026-01-06,989,,72,8,8,4251,Location006,8,0,FALSE,TRUE,FALSE
ID125,2026-01-07,1944,,73,18,18,6080,Location006,18,0,FALSE,TRUE,FALSE
ID125,2026-01-08,2099,,74,14,14,6734,Location006,14,0,FALSE,TRUE,FALSE
ID125,2026-01-09,1483,,75,14,14,5563,Location006,14,0,FALSE,TRUE,FALSE
ID125,2026-01-10,1695,33531,76,16,16,5360,Location006,0,0,FALSE,FALSE,FALSE
ID125,2026-01-11,1536,29404,77,10,10,5168,Location006,4,0,FALSE,FALSE,FALSE
ID125,2026-01-12,1550,30419,78,9,9,4708,Location006,0,0,FALSE,FALSE,FALSE
ID125,2026-01-13,2441,31019,79,10,10,4575,Location006,0,0,FALSE,FALSE,FALSE
ID125,2026-01-14,2662,30682,80,8,0,0,Location006,0,8,FALSE,FALSE,TRUE
ID125,2026-01-15,2883,32284,81,9,9,5134,Location006,0,0,FALSE,FALSE,FALSE
ID125,2026-01-17,2074,34348,83,15,15,4763,Location006,0,0,FALSE,FALSE,FALSE
ID125,2026-01-18,1709,35432,84,17,17,3923,Location006,0,0,FALSE,FALSE,FALSE
ID125,2026-01-19,777,36158,85,7,0,0,Location006,0,7,FALSE,FALSE,FALSE
ID125,2026-01-20,2141,37328,86,14,14,3877,Location006,0,0,FALSE,FALSE,FALSE
ID125,2026-01-21,1640,37328,87,14,14,3433,Location006,0,0,FALSE,FALSE,FALSE
ID125,2026-01-22,1199,38222,88,11,11,2081,Location006,0,0,FALSE,FALSE,FALSE
ID125,2026-01-23,2512,39625,89,17,17,3086,Location006,0,0,FALSE,FALSE,FALSE
ID125,2026-01-24,2008,40006,90,13,13,3435,Location006,0,0,FALSE,FALSE,FALSE
ID125,2026-01-25,1483,40984.5,91,12,12,3520,Location006,0,0,FALSE,FALSE,FALSE
ID125,2026-01-26,3077,41881,92,19,19,3963,Location006,0,0,FALSE,FALSE,FALSE
ID125,2026-01-27,2151,42787,93,13,13,2600,Location006,0,0,FALSE,FALSE,FALSE
ID125,2026-01-28,1267,44492,94,14,14,2692,Location006,0,0,FALSE,FALSE,FALSE
ID125,2026-01-29,2065,45356,95,13,13,2898,Location006,0,0,FALSE,FALSE,FALSE
ID125,2026-01-30,1543,45883,96,15,15,3359,Location006,0,0,FALSE,FALSE,FALSE
ID125,2026-01-31,1675,46675.5,97,6,6,2260,Location006,0,0,FALSE,FALSE,FALSE
ID125,2026-02-01,2287,49034,98,12,12,3415,Location006,0,0,FALSE,FALSE,FALSE
ID125,2026-02-02,2857,47791,99,9,9,3848,Location006,0,0,FALSE,FALSE,FALSE
ID125,2026-02-03,1961,50295,100,10,10,4110,Location006,0,0,FALSE,FALSE,FALSE
ID125,2026-02-04,1953,51621,101,15,15,3038,Location006,0,0,FALSE,FALSE,FALSE
ID125,2026-02-05,2050,52712,102,26,26,4047,Location006,0,0,FALSE,FALSE,FALSE
ID125,2026-02-06,2598,53452.5,103,18,18,4446,Location006,0,0,FALSE,FALSE,FALSE
ID125,2026-02-07,2883,53567,104,21,21,3954,Location006,0,0,FALSE,FALSE,FALSE
ID125,2026-02-08,2311,55825,105,21,21,3764,Location006,0,0,FALSE,FALSE,FALSE
ID125,2026-02-09,3351,56779,106,21,21,4827,Location006,0,0,FALSE,FALSE,FALSE
ID125,2026-02-10,2455,57840,107,23,23,3766,Location006,0,0,FALSE,FALSE,FALSE
ID125,2026-02-11,1761,58490,108,18,18,3205,Location006,0,0,FALSE,FALSE,FALSE
ID125,2026-02-12,3325,59114.5,109,14,14,5574,Location006,0,0,FALSE,FALSE,FALSE
ID125,2026-02-13,3378,61567,110,15,15,5111,Location006,0,0,FALSE,FALSE,FALSE
ID125,2026-02-14,2662,62142,111,24,24,4324,Location006,0,0,FALSE,FALSE,FALSE
ID125,2026-02-15,3525,61947,112,26,26,3152,Location006,0,0,FALSE,FALSE,FALSE
ID125,2026-02-16,2807,63192,113,20,20,3430,Location006,0,0,FALSE,FALSE,FALSE
ID125,2026-02-17,1488,64501,114,8,8,1777,Location006,0,0,FALSE,FALSE,FALSE
ID125,2026-02-18,2543,65808,115,18,18,4896,Location006,0,0,FALSE,FALSE,FALSE
ID125,2026-02-19,3859,66496,116,30,30,4164,Location006,0,0,FALSE,FALSE,FALSE
ID125,2026-02-20,2904,68736,117,20,20,2989,Location006,0,0,FALSE,FALSE,FALSE
ID125,2026-02-21,3449,68588,118,34,34,4019,Location006,0,0,FALSE,FALSE,FALSE
ID125,2026-02-22,2683,70085,119,23,23,4937,Location006,0,0,FALSE,FALSE,FALSE
ID125,2026-02-23,2772,70732.5,120,18,18,3842,Location006,0,0,FALSE,FALSE,FALSE
ID125,2026-02-24,2548,73045,121,17,17,3681,Location006,0,0,FALSE,FALSE,FALSE
ID125,2026-02-25,2890,72959,122,17,17,3742,Location006,0,0,FALSE,FALSE,FALSE
ID125,2026-02-26,2942,74304,123,17,17,3662,Location006,0,0,FALSE,FALSE,FALSE
ID125,2026-02-27,3054,75042,124,21,21,3757,Location006,0,0,FALSE,FALSE,FALSE
ID125,2026-02-28,3275,76931,125,19,19,3200,Location006,0,0,FALSE,FALSE,FALSE
ID125,2026-03-01,2559,75974.5,126,14,14,3780,Location006,0,0,FALSE,FALSE,FALSE
ID125,2026-03-02,3552,78074,127,21,21,3366,Location006,0,0,FALSE,FALSE,FALSE
ID125,2026-03-03,2627,78810,128,15,15,3622,Location006,0,0,FALSE,FALSE,FALSE
ID125,2026-03-04,2429,79316,129,13,13,3339,Location006,0,0,FALSE,FALSE,FALSE
ID125,2026-03-05,3160,80635,130,20,20,4954,Location006,0,0,FALSE,FALSE,FALSE
ID125,2026-03-06,2659,81652,131,19,19,3820,Location006,0,0,FALSE,FALSE,FALSE
ID125,2026-03-07,3484,83128,132,18,18,3832,Location006,0,0,FALSE,FALSE,FALSE
ID125,2026-03-08,3315,83156,133,25,25,3837,Location006,0,0,FALSE,FALSE,FALSE
ID125,2026-03-09,3003,85450,134,17,17,3938,Location006,0,0,FALSE,FALSE,FALSE
ID125,2026-03-10,4542,85728,135,24,24,6061,Location006,0,0,FALSE,FALSE,FALSE
ID125,2026-03-11,3270,88345,136,23,23,4445,Location006,0,0,FALSE,FALSE,FALSE
ID125,2026-03-12,3832,87779,137,25,25,4537,Location006,0,0,FALSE,FALSE,FALSE
ID125,2026-03-13,1897,90357.5,138,18,18,3027,Location006,0,0,FALSE,FALSE,FALSE
ID125,2026-03-14,1822,89809,139,10,10,2469,Location006,0,0,FALSE,FALSE,FALSE
ID125,2026-03-15,2167,90513,140,15,15,3179,Location006,0,0,FALSE,FALSE,FALSE
ID125,2026-03-16,2226,91170,141,12,12,2718,Location006,0,0,FALSE,FALSE,FALSE
ID125,2026-03-17,3133,92075,142,29,29,5115,Location006,0,0,FALSE,FALSE,FALSE
ID125,2026-03-18,3045,95236,143,13,13,3335,Location006,0,0,FALSE,FALSE,FALSE
ID125,2026-03-19,2669,93635,144,13,13,3775,Location006,0,0,FALSE,FALSE,FALSE
ID125,2026-03-20,1903,95312,145,11,11,2508,Location006,0,0,FALSE,FALSE,FALSE
ID125,2026-03-21,605,91236,146,24,0,0,Location006,0,24,FALSE,FALSE,FALSE
ID125,2026-03-22,3012,92097,147,18,18,3141,Location006,0,0,FALSE,FALSE,FALSE
ID125,2026-03-23,3716,95701,148,15,15,4781,Location006,0,0,FALSE,FALSE,FALSE
ID125,2026-03-24,2242,99545,149,12,12,3471,Location006,0,0,FALSE,FALSE,FALSE
ID125,2026-03-25,2788,99434,150,12,12,4012,Location006,0,0,FALSE,FALSE,FALSE
ID125,2026-03-26,2764,99441,151,18,18,4794,Location006,0,0,FALSE,FALSE,FALSE
ID125,2026-03-27,3311,100732,152,19,19,3529,Location006,0,0,FALSE,FALSE,FALSE
ID125,2026-03-28,2453,104145,153,12,12,2681,Location006,0,0,FALSE,FALSE,FALSE
ID125,2026-03-29,3994,102928,154,16,16,3948,Location006,0,0,FALSE,FALSE,FALSE
ID125,2026-03-30,3529,104485,155,13,13,3684,Location006,0,0,FALSE,FALSE,FALSE
ID125,2026-03-31,2394,105186,156,15,15,2429,Location006,0,0,FALSE,FALSE,FALSE
ID125,2026-04-01,3443,105145.5,157,16,16,3629,Location006,0,0,FALSE,FALSE,FALSE
ID125,2026-04-02,4233,105945.5,158,20,20,4409,Location006,0,0,FALSE,FALSE,FALSE
ID125,2026-04-03,2003,107502,159,10,10,2503,Location006,0,0,FALSE,FALSE,FALSE
ID125,2026-04-04,2857,106945,160,9,9,3065,Location006,0,0,FALSE,FALSE,FALSE
ID125,2026-04-05,2714,106474.5,161,26,26,2321,Location006,0,0,FALSE,FALSE,FALSE
ID125,2026-04-06,2505,107040,162,12,12,2191,Location006,0,0,FALSE,FALSE,FALSE
ID125,2026-04-07,3378,106126,163,15,15,3248,Location006,0,0,FALSE,FALSE,FALSE
ID125,2026-04-10,3394,113250,166,15,15,2747,Location006,0,0,FALSE,FALSE,FALSE
ID125,2026-04-11,2754,113858,167,13,13,2160,Location006,0,0,FALSE,FALSE,FALSE
ID125,2026-04-12,1789,114064,168,7,7,1101,Location006,0,0,FALSE,FALSE,FALSE
ID125,2026-04-13,3559,111886,169,23,23,3375,Location006,0,0,FALSE,FALSE,FALSE
ID125,2026-04-14,2708,111952,170,13,13,1445,Location006,0,0,FALSE,FALSE,FALSE
ID125,2026-04-15,4843,113989,171,20,20,3437,Location006,0,0,FALSE,FALSE,FALSE
ID125,2026-04-16,4410,117165,172,13,13,4008,Location006,0,0,FALSE,FALSE,FALSE
ID125,2026-04-17,2424,119233,173,10,10,2096,Location006,0,0,FALSE,FALSE,FALSE
ID125,2026-04-18,3652,117764,174,16,16,2780,Location006,0,0,FALSE,FALSE,FALSE
ID125,2026-04-19,1187,118848,175,4,4,952,Location006,0,0,FALSE,FALSE,FALSE
ID125,2026-04-20,2675,116396,176,13,13,2875,Location006,0,0,FALSE,FALSE,FALSE
ID125,2026-04-21,2479,116112.5,177,14,14,2078,Location006,0,0,FALSE,FALSE,FALSE
ID125,2026-04-22,3101,118447,178,13,13,2392,Location006,0,0,FALSE,FALSE,FALSE
ID125,2026-04-23,3427,118651,179,19,19,3185,Location006,0,0,FALSE,FALSE,FALSE
ID125,2026-04-24,3410,,180,14,14,3367,Location006,0,0,FALSE,TRUE,FALSE
ID127,2025-12-30,808,,67,12,0,0,Location007,12,12,FALSE,TRUE,FALSE
ID127,2025-12-31,1152,,68,28,28,7545,Location007,28,0,FALSE,TRUE,FALSE
ID127,2026-01-02,990,28127,70,17,0,0,Location007,13,17,FALSE,FALSE,FALSE
ID127,2026-01-03,1170,28559.3333333333,71,22,22,7960,Location007,22,0,FALSE,TRUE,FALSE
ID127,2026-01-05,1446,28991.6666666667,73,46,46,9849,Location007,46,0,FALSE,TRUE,FALSE
ID127,2026-01-09,1387,29424,77,43,43,8086,Location007,25,0,FALSE,FALSE,FALSE
ID127,2026-01-10,1695,26201,78,47,47,8772,Location007,28,0,FALSE,FALSE,FALSE
ID127,2026-01-11,1641,26909,79,61,61,9406,Location007,38,0,FALSE,FALSE,FALSE
ID127,2026-01-12,1561,26528,80,42,42,8465,Location007,23,0,FALSE,FALSE,FALSE
ID127,2026-01-13,1963,26528,81,50,50,8760,Location007,31,0,FALSE,FALSE,FALSE
ID127,2026-01-14,5328,31617,82,30,0,0,Location007,18,30,FALSE,FALSE,FALSE
ID127,2026-01-15,2083,27604,83,30,30,4841,Location007,27,0,FALSE,FALSE,FALSE
ID127,2026-01-17,2736,35830,85,26,26,5499,Location007,0,0,FALSE,FALSE,FALSE
ID127,2026-01-18,1230,37275,86,19,19,3245,Location007,0,0,FALSE,FALSE,FALSE
ID127,2026-01-19,814,32650,87,23,0,0,Location007,0,23,FALSE,FALSE,FALSE
ID127,2026-01-20,1944,32760,88,21,21,4468,Location007,0,0,FALSE,FALSE,FALSE
ID127,2026-01-21,2595,38167,89,41,41,5391,Location007,0,0,FALSE,FALSE,FALSE
ID127,2026-01-22,1337,36031,90,39,39,5058,Location007,0,0,FALSE,FALSE,FALSE
ID127,2026-01-23,2464,36031,91,26,26,5360,Location007,0,0,FALSE,FALSE,FALSE
ID127,2026-01-24,2153,41932,92,54,54,7153,Location007,0,0,FALSE,FALSE,FALSE
ID127,2026-01-25,2583,42094,93,41,41,6958,Location007,0,0,FALSE,FALSE,FALSE
ID127,2026-01-26,2935,44231,94,56,56,7005,Location007,0,0,FALSE,FALSE,FALSE
ID127,2026-01-27,2197,40732,95,60,60,5308,Location007,0,0,FALSE,FALSE,FALSE
ID127,2026-01-28,2684,40113,96,24,24,7582,Location007,0,0,FALSE,FALSE,FALSE
ID127,2026-01-29,1752,41949,97,40,40,4982,Location007,0,0,FALSE,FALSE,FALSE
ID127,2026-01-30,1849,45990,98,42,42,4224,Location007,0,0,FALSE,FALSE,FALSE
ID127,2026-01-31,3052,48984,99,31,31,4181,Location007,0,0,FALSE,FALSE,FALSE
ID127,2026-02-01,2956,48181,100,40,40,5423,Location007,0,0,FALSE,FALSE,FALSE
ID127,2026-02-02,2428,47720,101,57,57,6232,Location007,0,0,FALSE,FALSE,FALSE
ID127,2026-02-03,2161,49005,102,52,52,6118,Location007,0,0,FALSE,FALSE,FALSE
ID127,2026-02-04,1967,46809,103,24,24,5298,Location007,0,0,FALSE,FALSE,FALSE
ID127,2026-02-05,1568,50546,104,30,30,5341,Location007,0,0,FALSE,FALSE,FALSE
ID127,2026-02-06,2404,50481,105,80,80,5905,Location007,0,0,FALSE,FALSE,FALSE
ID127,2026-02-07,3045,53752.5,106,48,48,5496,Location007,0,0,FALSE,FALSE,FALSE
ID127,2026-02-08,5755,53295,107,50,0,0,Location007,0,50,FALSE,FALSE,FALSE
ID127,2026-02-09,3050,52180,108,51,51,5457,Location007,0,0,FALSE,FALSE,FALSE
ID127,2026-02-10,3053,56238,109,51,51,6168,Location007,0,0,FALSE,FALSE,FALSE
ID127,2026-02-11,4075,52813,110,66,66,6380,Location007,0,0,FALSE,FALSE,FALSE
ID127,2026-02-12,2368,55501,111,42,42,5104,Location007,0,0,FALSE,FALSE,FALSE
ID127,2026-02-13,2220,59460,112,46,46,5224,Location007,0,0,FALSE,FALSE,FALSE
ID127,2026-02-14,1404,61627,113,52,0,0,Location007,0,52,FALSE,FALSE,FALSE
ID127,2026-02-15,3944,55517,114,52,52,6524,Location007,0,0,FALSE,FALSE,FALSE
ID127,2026-02-16,3680,61482,115,44,44,4852,Location007,0,0,FALSE,FALSE,FALSE
ID127,2026-02-17,2519,63469,116,36,36,5569,Location007,0,0,FALSE,FALSE,FALSE
ID127,2026-02-18,3497,63115,117,38,38,4841,Location007,0,0,FALSE,FALSE,FALSE
ID127,2026-02-19,2481,65982,118,70,70,4932,Location007,0,0,FALSE,FALSE,FALSE
ID127,2026-02-20,3670,67686,119,61,61,5089,Location007,0,0,FALSE,FALSE,FALSE
ID127,2026-02-21,2812,66229,120,41,41,4257,Location007,0,0,FALSE,FALSE,FALSE
ID127,2026-02-22,2620,67309,121,35,35,4062,Location007,0,0,FALSE,FALSE,FALSE
ID127,2026-02-23,3420,66304,122,42,42,5915,Location007,0,0,FALSE,FALSE,FALSE
ID127,2026-02-24,3144,70190,123,47,47,4185,Location007,0,0,FALSE,FALSE,FALSE
ID127,2026-02-25,2858,67466,124,46,46,5314,Location007,0,0,FALSE,FALSE,FALSE
ID127,2026-02-26,1468,72362,125,38,38,3141,Location007,0,0,FALSE,FALSE,FALSE
ID127,2026-02-27,2740,70116,126,34,34,3961,Location007,0,0,FALSE,FALSE,FALSE
ID127,2026-02-28,3894,80049,127,57,57,5780,Location007,0,0,FALSE,FALSE,FALSE
ID127,2026-03-01,3773,77865,128,52,52,5225,Location007,0,0,FALSE,FALSE,FALSE
ID127,2026-03-02,3220,73473,129,37,37,4518,Location007,0,0,FALSE,FALSE,FALSE
ID127,2026-03-03,4131,81268,130,45,45,3754,Location007,0,0,FALSE,FALSE,FALSE
ID127,2026-03-04,3674,77154,131,60,60,4958,Location007,0,0,FALSE,FALSE,FALSE
ID127,2026-03-05,2595,81114,132,40,40,4112,Location007,0,0,FALSE,FALSE,FALSE
ID127,2026-03-06,3552,80457,133,41,41,5444,Location007,0,0,FALSE,FALSE,FALSE
ID127,2026-03-07,4733,81994,134,59,59,6684,Location007,0,0,FALSE,FALSE,FALSE
ID127,2026-03-08,2503,83683,135,41,41,3406,Location007,0,0,FALSE,FALSE,FALSE
ID127,2026-03-09,4591,81236,136,47,47,6447,Location007,0,0,FALSE,FALSE,FALSE
ID127,2026-03-10,4245,84425,137,71,71,5213,Location007,0,0,FALSE,FALSE,FALSE
ID127,2026-03-11,3000,85640,138,71,71,6464,Location007,0,0,FALSE,FALSE,FALSE
ID127,2026-03-12,3596,85941,139,36,36,4447,Location007,0,0,FALSE,FALSE,FALSE
ID127,2026-03-13,3595,86849,140,50,50,4923,Location007,0,0,FALSE,FALSE,FALSE
ID127,2026-03-14,5328,89250,141,50,50,7055,Location007,0,0,FALSE,FALSE,FALSE
ID127,2026-03-15,2844,91261,142,44,44,4031,Location007,0,0,FALSE,FALSE,FALSE
ID127,2026-03-16,3481,91981,143,39,39,5358,Location007,0,0,FALSE,FALSE,FALSE
ID127,2026-03-17,3632,91981,144,36,36,5298,Location007,0,0,FALSE,FALSE,FALSE
ID127,2026-03-18,4141,93141.5,145,40,40,5438,Location007,0,0,FALSE,TRUE,FALSE
ID127,2026-03-19,3771,94302,146,34,34,7142,Location007,0,0,FALSE,FALSE,FALSE
ID127,2026-03-20,4284,94302,147,35,35,5985,Location007,0,0,FALSE,FALSE,FALSE
ID127,2026-03-21,4111,94895,148,45,45,7355,Location007,0,0,FALSE,FALSE,FALSE
ID127,2026-03-22,3508,96516,149,32,32,6811,Location007,0,0,FALSE,FALSE,FALSE
ID127,2026-03-23,2131,96532,150,30,30,4788,Location007,0,0,FALSE,FALSE,FALSE
ID127,2026-03-24,3150,96801,151,30,30,5822,Location007,0,0,FALSE,FALSE,FALSE
ID127,2026-03-25,2616,98639,152,32,32,4608,Location007,0,0,FALSE,FALSE,FALSE
ID127,2026-03-26,3222,99569,153,39,39,7136,Location007,0,0,FALSE,FALSE,FALSE
ID127,2026-03-27,4815,98894,154,40,40,5738,Location007,0,0,FALSE,FALSE,FALSE
ID127,2026-03-28,2663,99987,155,22,22,3712,Location007,0,0,FALSE,FALSE,FALSE
ID127,2026-03-29,3099,100736,156,27,27,4332,Location007,0,0,FALSE,FALSE,FALSE
ID127,2026-03-30,3230,101878,157,38,38,5101,Location007,0,0,FALSE,FALSE,FALSE
ID127,2026-03-31,3833,100884,158,45,45,5386,Location007,0,0,FALSE,FALSE,FALSE
ID127,2026-04-01,4731,104574,159,53,53,5179,Location007,0,0,FALSE,FALSE,FALSE
ID127,2026-04-02,2812,104707,160,29,29,3548,Location007,0,0,FALSE,FALSE,FALSE
ID127,2026-04-03,4340,106930,161,26,26,6354,Location007,0,0,FALSE,FALSE,FALSE
ID127,2026-04-04,3453,106946,162,35,35,4119,Location007,0,0,FALSE,FALSE,FALSE
ID127,2026-04-05,3349,106992,163,29,29,5107,Location007,0,0,FALSE,FALSE,FALSE
ID127,2026-04-06,3647,107701,164,32,32,4704,Location007,0,0,FALSE,FALSE,FALSE
ID127,2026-04-07,2356,105888,165,28,28,3191,Location007,0,0,FALSE,FALSE,FALSE
ID127,2026-04-08,3859,106665,166,37,37,5164,Location007,0,0,FALSE,FALSE,FALSE
ID127,2026-04-09,4689,110122,167,40,40,5678,Location007,0,0,FALSE,FALSE,FALSE
ID127,2026-04-10,4847,111346,168,35,35,7021,Location007,0,0,FALSE,FALSE,FALSE
ID127,2026-04-11,5171,111346,169,37,37,8212,Location007,0,0,FALSE,FALSE,FALSE
ID127,2026-04-12,4617,111346,170,38,38,5072,Location007,0,0,FALSE,FALSE,FALSE
ID127,2026-04-13,2081,110912,171,25,0,0,Location007,0,25,FALSE,FALSE,FALSE
ID127,2026-04-14,5406,109845,172,55,55,6473,Location007,0,0,FALSE,FALSE,FALSE
ID127,2026-04-15,4265,109845,173,45,45,5136,Location007,0,0,FALSE,FALSE,FALSE
ID127,2026-04-16,3260,112529,174,39,39,5152,Location007,0,0,FALSE,FALSE,FALSE
ID127,2026-04-17,4925,112529,175,50,50,7170,Location007,0,0,FALSE,FALSE,FALSE
ID127,2026-04-18,3931,119599,176,40,40,5430,Location007,0,0,FALSE,FALSE,FALSE
ID127,2026-04-19,5571,123138,177,43,0,0,Location007,0,43,FALSE,FALSE,FALSE
ID127,2026-04-20,4116,123138,178,39,39,4576,Location007,0,0,FALSE,FALSE,FALSE
ID127,2026-04-21,4129,121936.5,179,31,31,4994,Location007,0,0,FALSE,TRUE,FALSE
ID127,2026-04-22,4785,120735,180,53,53,6315,Location007,0,0,FALSE,FALSE,FALSE
ID127,2026-04-23,4704,120735,181,47,47,6264,Location007,0,0,FALSE,FALSE,FALSE
ID127,2026-04-24,4446,,182,44,44,6562,Location007,0,0,FALSE,TRUE,FALSE
ID128,2025-12-30,494,,67,9,0,0,Location006,9,9,FALSE,TRUE,FALSE
ID128,2025-12-31,1568,,68,12,12,5683,Location006,12,0,FALSE,TRUE,FALSE
ID128,2026-01-01,3252,,69,16,16,6010,Location006,16,0,FALSE,TRUE,FALSE
ID128,2026-01-04,1548,,72,13,13,5919,Location006,13,0,FALSE,TRUE,FALSE
ID128,2026-01-05,5412,,73,14,0,0,Location006,14,14,FALSE,TRUE,FALSE
ID128,2026-01-06,1709,,74,12,12,5411,Location006,12,0,FALSE,TRUE,FALSE
ID128,2026-01-07,1881,,75,14,14,5131,Location006,14,0,FALSE,TRUE,FALSE
ID128,2026-01-11,2400,47325,79,10,10,5639,Location006,0,0,FALSE,FALSE,FALSE
ID128,2026-01-12,1792,42542,80,7,7,4702,Location006,0,0,FALSE,FALSE,FALSE
ID128,2026-01-13,2351,41671,81,14,14,3346,Location006,1,0,FALSE,FALSE,FALSE
ID128,2026-01-14,2849,43201,82,13,13,4753,Location006,0,0,FALSE,FALSE,FALSE
ID128,2026-01-17,1859,48044,85,10,10,5297,Location006,0,0,FALSE,FALSE,FALSE
ID128,2026-01-18,3183,48638,86,14,14,4549,Location006,0,0,FALSE,FALSE,FALSE
ID128,2026-01-19,1825,49242,87,9,9,3204,Location006,0,0,FALSE,FALSE,FALSE
ID128,2026-01-20,2982,49861,88,15,15,4650,Location006,0,0,FALSE,FALSE,FALSE
ID128,2026-01-21,1119,51207,89,8,8,2409,Location006,0,0,FALSE,FALSE,FALSE
ID128,2026-01-22,1445,52609,90,10,10,3321,Location006,0,0,FALSE,FALSE,FALSE
ID128,2026-01-23,1644,53599,91,7,7,2582,Location006,0,0,FALSE,FALSE,FALSE
ID128,2026-01-24,1732,54729,92,9,9,3154,Location006,0,0,FALSE,FALSE,FALSE
ID128,2026-01-25,2312,55355,93,10,10,3015,Location006,0,0,FALSE,FALSE,FALSE
ID128,2026-01-26,1495,57128,94,7,7,2471,Location006,0,0,FALSE,FALSE,FALSE
ID128,2026-01-27,2629,57763,95,11,11,3212,Location006,0,0,FALSE,FALSE,FALSE
ID128,2026-01-28,1266,58478,96,8,8,2433,Location006,0,0,FALSE,FALSE,FALSE
ID128,2026-01-29,1743,59990,97,10,10,3000,Location006,0,0,FALSE,FALSE,FALSE
ID128,2026-01-30,1956,60444,98,10,10,3256,Location006,0,0,FALSE,FALSE,FALSE
ID128,2026-01-31,2313,61746,99,11,11,3385,Location006,0,0,FALSE,FALSE,FALSE
ID128,2026-02-01,1961,62795,100,10,10,3831,Location006,0,0,FALSE,FALSE,FALSE
ID128,2026-02-02,2515,63100,101,12,12,4491,Location006,0,0,FALSE,FALSE,FALSE
ID128,2026-02-03,2168,64637,102,13,13,3264,Location006,0,0,FALSE,FALSE,FALSE
ID128,2026-02-04,2648,65636,103,9,9,4047,Location006,0,0,FALSE,FALSE,FALSE
ID128,2026-02-05,1249,67483,104,8,8,2665,Location006,0,0,FALSE,FALSE,FALSE
ID128,2026-02-06,1809,68195,105,9,9,2748,Location006,0,0,FALSE,FALSE,FALSE
ID128,2026-02-07,1938,69179,106,7,7,3148,Location006,0,0,FALSE,FALSE,FALSE
ID128,2026-02-08,1584,70410,107,12,12,3000,Location006,0,0,FALSE,FALSE,FALSE
ID128,2026-02-09,2747,71402.5,108,12,12,3935,Location006,0,0,FALSE,FALSE,FALSE
ID128,2026-02-10,2155,72376,109,21,21,3686,Location006,0,0,FALSE,FALSE,FALSE
ID128,2026-02-11,2007,73809,110,17,17,3985,Location006,0,0,FALSE,FALSE,FALSE
ID128,2026-02-12,2518,74074,111,23,23,4123,Location006,0,0,FALSE,FALSE,FALSE
ID128,2026-02-13,2964,75062,112,15,15,3923,Location006,0,0,FALSE,FALSE,FALSE
ID128,2026-02-14,3373,77024.5,113,18,18,4361,Location006,0,0,FALSE,FALSE,FALSE
ID128,2026-02-15,2854,76790,114,23,23,4318,Location006,0,0,FALSE,FALSE,FALSE
ID128,2026-02-16,2061,78568,115,11,11,3823,Location006,0,0,FALSE,FALSE,FALSE
ID128,2026-02-17,1516,78939,116,7,7,2306,Location006,0,0,FALSE,FALSE,FALSE
ID128,2026-02-18,4290,80312,117,14,0,0,Location006,0,14,FALSE,FALSE,FALSE
ID128,2026-02-19,3445,81757,118,15,15,4763,Location006,0,0,FALSE,FALSE,FALSE
ID128,2026-02-20,2975,83172,119,13,13,4439,Location006,0,0,FALSE,FALSE,FALSE
ID128,2026-02-21,2800,82740,120,14,14,3576,Location006,0,0,FALSE,FALSE,FALSE
ID128,2026-02-22,2293,83702,121,12,12,3949,Location006,0,0,FALSE,FALSE,FALSE
ID128,2026-02-23,2354,84875.5,122,10,10,3839,Location006,0,0,FALSE,FALSE,FALSE
ID128,2026-02-24,2314,85950,123,13,13,4189,Location006,0,0,FALSE,FALSE,FALSE
ID128,2026-02-25,2059,86054,124,14,14,3848,Location006,0,0,FALSE,FALSE,FALSE
ID128,2026-02-26,1882,86975,125,11,11,2676,Location006,0,0,FALSE,FALSE,FALSE
ID128,2026-02-27,1968,88721,126,13,13,3470,Location006,0,0,FALSE,FALSE,FALSE
ID128,2026-02-28,3275,89305,127,15,15,4763,Location006,0,0,FALSE,FALSE,FALSE
ID128,2026-03-01,1754,90450,128,14,14,4291,Location006,0,0,FALSE,FALSE,FALSE
ID128,2026-03-02,2387,91452.5,129,14,14,4387,Location006,0,0,FALSE,FALSE,FALSE
ID128,2026-03-03,5634,91608.5,130,14,0,0,Location006,0,14,FALSE,FALSE,FALSE
ID128,2026-03-04,3191,91589,131,15,15,5006,Location006,0,0,FALSE,FALSE,FALSE
ID128,2026-03-05,2846,93519,132,15,15,4666,Location006,0,0,FALSE,FALSE,FALSE
ID128,2026-03-06,3102,95566,133,17,17,4417,Location006,0,0,FALSE,FALSE,FALSE
ID128,2026-03-07,1912,96333,134,11,11,3874,Location006,0,0,FALSE,FALSE,FALSE
ID128,2026-03-08,2747,96712,135,18,18,4453,Location006,0,0,FALSE,FALSE,FALSE
ID128,2026-03-09,2595,98101.5,136,16,0,0,Location006,0,16,FALSE,FALSE,TRUE
ID128,2026-03-10,2443,100833,137,7,7,4849,Location006,0,0,FALSE,FALSE,FALSE
ID128,2026-03-11,2678,102401.5,138,16,16,4056,Location006,0,0,FALSE,FALSE,FALSE
ID128,2026-03-12,3470,103045,139,10,10,4180,Location006,0,0,FALSE,FALSE,FALSE
ID128,2026-03-13,2518,103425,140,17,17,4216,Location006,0,0,FALSE,FALSE,FALSE
ID128,2026-03-14,2048,104133,141,10,10,2882,Location006,0,0,FALSE,FALSE,FALSE
ID128,2026-03-15,3336,105814,142,10,10,3874,Location006,0,0,FALSE,FALSE,FALSE
ID128,2026-03-16,2220,105948,143,11,11,3456,Location006,0,0,FALSE,FALSE,FALSE
ID128,2026-03-17,2135,107438,144,12,12,3368,Location006,0,0,FALSE,FALSE,FALSE
ID128,2026-03-18,1996,107910,145,9,9,2815,Location006,0,0,FALSE,FALSE,FALSE
ID128,2026-03-19,2988,108510,146,13,13,3569,Location006,0,0,FALSE,FALSE,FALSE
ID128,2026-03-20,2700,110041,147,8,8,2663,Location006,0,0,FALSE,FALSE,FALSE
ID128,2026-03-21,2159,111641,148,9,9,3105,Location006,0,0,FALSE,FALSE,FALSE
ID128,2026-03-22,2982,109703,149,9,9,2942,Location006,0,0,FALSE,FALSE,FALSE
ID128,2026-03-23,2088,111000,150,5,5,2763,Location006,0,0,FALSE,FALSE,FALSE
ID128,2026-03-24,2445,111077,151,9,9,2822,Location006,0,0,FALSE,FALSE,FALSE
ID128,2026-03-25,2195,109102.5,152,10,10,2740,Location006,0,0,FALSE,FALSE,FALSE
ID128,2026-03-26,1749,110018,153,9,9,3350,Location006,0,0,FALSE,FALSE,FALSE
ID128,2026-03-27,2994,114035,154,3,3,2970,Location006,0,0,FALSE,FALSE,FALSE
ID128,2026-03-28,2766,117514,155,9,9,3726,Location006,0,0,FALSE,FALSE,FALSE
ID128,2026-03-29,5114,116031,156,10,10,3208,Location006,0,0,FALSE,FALSE,FALSE
ID128,2026-03-30,3576,118024.5,157,10,10,3545,Location006,0,0,FALSE,FALSE,FALSE
ID128,2026-03-31,2986,120347,158,11,11,4139,Location006,0,0,FALSE,FALSE,FALSE
ID128,2026-04-01,3885,119288,159,7,7,4144,Location006,0,0,FALSE,FALSE,FALSE
ID128,2026-04-02,3332,119726,160,16,0,0,Location006,0,16,FALSE,FALSE,TRUE
ID128,2026-04-03,2779,121658,161,8,0,0,Location006,0,8,FALSE,FALSE,TRUE
ID128,2026-04-04,2226,123248,162,8,8,2165,Location006,0,0,FALSE,FALSE,FALSE
ID128,2026-04-05,4054,120897,163,9,9,3841,Location006,0,0,FALSE,FALSE,FALSE
ID128,2026-04-06,2745,122283,164,3,3,2926,Location006,0,0,FALSE,FALSE,FALSE
ID128,2026-04-07,946,121807,165,7,0,0,Location006,0,7,FALSE,FALSE,FALSE
ID128,2026-04-08,1200,120132,166,4,4,1202,Location006,0,0,FALSE,FALSE,FALSE
ID128,2026-04-10,1386,126849,168,9,9,2092,Location006,0,0,FALSE,FALSE,FALSE
ID128,2026-04-11,3074,127915,169,14,14,3222,Location006,0,0,FALSE,FALSE,FALSE
ID128,2026-04-12,1188,126637,170,7,7,1389,Location006,0,0,FALSE,FALSE,FALSE
ID128,2026-04-13,2311,126423.5,171,10,10,2453,Location006,0,0,FALSE,FALSE,FALSE
ID128,2026-04-14,1431,128572,172,5,5,1401,Location006,0,0,FALSE,FALSE,FALSE
ID128,2026-04-15,1676,127317,173,13,0,0,Location006,0,13,FALSE,FALSE,TRUE
ID128,2026-04-16,1921,130037,174,10,10,2392,Location006,0,0,FALSE,FALSE,FALSE
ID128,2026-04-17,80,130386,175,3,0,0,Location006,0,3,FALSE,FALSE,FALSE
ID128,2026-04-18,3885,127167.5,176,14,14,3872,Location006,0,0,FALSE,FALSE,FALSE
ID128,2026-04-19,1667,130602,177,5,5,1474,Location006,0,0,FALSE,FALSE,FALSE
ID128,2026-04-20,4476,132052.5,178,16,16,3786,Location006,16,0,FALSE,TRUE,FALSE
ID128,2026-04-21,3423,133503,179,11,11,3284,Location006,0,0,FALSE,FALSE,FALSE
ID128,2026-04-22,2335,135638,180,6,6,2407,Location006,0,0,FALSE,FALSE,FALSE
ID128,2026-04-23,2415,135578,181,9,9,2139,Location006,0,0,FALSE,FALSE,FALSE
ID128,2026-04-24,4063,,182,13,13,3640,Location006,0,0,FALSE,TRUE,FALSE
ID131,2025-12-30,1614,68983,67,6,6,1873,Location006,4,0,FALSE,FALSE,FALSE
ID131,2025-12-31,1638,28217,68,7,7,7085,Location006,0,0,FALSE,FALSE,FALSE
ID131,2026-01-01,515,27252.6666666667,69,6,0,0,Location006,6,6,FALSE,TRUE,FALSE
ID131,2026-01-04,1111,26288.3333333333,72,8,8,4505,Location006,8,0,FALSE,TRUE,FALSE
ID131,2026-01-06,660,25324,74,5,5,2162,Location006,2,0,FALSE,FALSE,FALSE
ID131,2026-01-07,1410,26355.5,75,9,9,4980,Location006,9,0,FALSE,TRUE,FALSE
ID131,2026-01-08,1544,27387,76,13,13,2718,Location006,13,0,FALSE,TRUE,FALSE
ID131,2026-01-09,2318,28418.5,77,4,4,1877,Location006,4,0,FALSE,TRUE,FALSE
ID131,2026-01-12,1210,29450,80,7,7,4714,Location006,2,0,FALSE,FALSE,FALSE
ID131,2026-01-13,1314,49619,81,8,8,4250,Location006,2,0,FALSE,FALSE,FALSE
ID131,2026-01-14,3694,31475,82,7,0,0,Location006,0,7,FALSE,FALSE,FALSE
ID131,2026-01-17,2313,37964,85,24,24,2089,Location006,0,0,FALSE,FALSE,FALSE
ID131,2026-01-18,637,34762,86,17,0,0,Location006,0,17,FALSE,FALSE,FALSE
ID131,2026-01-19,2257,33695,87,12,12,3620,Location006,0,0,FALSE,FALSE,FALSE
ID131,2026-01-20,1180,33614,88,15,15,2944,Location006,0,0,FALSE,FALSE,FALSE
ID131,2026-01-21,1434,33488,89,8,8,4549,Location006,0,0,FALSE,FALSE,FALSE
ID131,2026-01-22,1422,36612,90,7,7,2996,Location006,0,0,FALSE,FALSE,FALSE
ID131,2026-01-23,1584,38225,91,8,8,4296,Location006,0,0,FALSE,FALSE,FALSE
ID131,2026-01-24,1441,39146,92,8,8,3554,Location006,0,0,FALSE,FALSE,FALSE
ID131,2026-01-25,1284,39322,93,9,9,3319,Location006,0,0,FALSE,FALSE,FALSE
ID131,2026-01-26,1787,41247.5,94,10,10,4209,Location006,0,0,FALSE,FALSE,FALSE
ID131,2026-01-27,1935,42980,95,9,9,4170,Location006,0,0,FALSE,FALSE,FALSE
ID131,2026-01-28,2080,43235,96,9,9,4210,Location006,0,0,FALSE,FALSE,FALSE
ID131,2026-01-29,4385,44244,97,14,0,0,Location006,0,14,FALSE,FALSE,FALSE
ID131,2026-01-30,1637,45031,98,8,8,2500,Location006,0,0,FALSE,FALSE,FALSE
ID131,2026-01-31,1775,45944,99,16,16,5238,Location006,0,0,FALSE,FALSE,FALSE
ID131,2026-02-01,1420,47187,100,8,8,3435,Location006,0,0,FALSE,FALSE,FALSE
ID131,2026-02-02,2117,47022,101,9,9,3722,Location006,0,0,FALSE,FALSE,FALSE
ID131,2026-02-03,3418,49036,102,13,0,0,Location006,0,13,FALSE,FALSE,FALSE
ID131,2026-02-04,1791,50559,103,12,12,3274,Location006,0,0,FALSE,FALSE,FALSE
ID131,2026-02-05,1679,51468,104,7,7,3907,Location006,0,0,FALSE,FALSE,FALSE
ID131,2026-02-06,2133,52177,105,13,13,3050,Location006,0,0,FALSE,FALSE,FALSE
ID131,2026-02-07,2348,51995,106,10,10,3413,Location006,0,0,FALSE,FALSE,FALSE
ID131,2026-02-08,2302,53556,107,11,11,3591,Location006,0,0,FALSE,FALSE,FALSE
ID131,2026-02-09,2131,54435,108,10,10,3885,Location006,0,0,FALSE,FALSE,FALSE
ID131,2026-02-10,3293,56466,109,13,13,4587,Location006,0,0,FALSE,FALSE,FALSE
ID131,2026-02-11,1525,56774.5,110,10,10,3155,Location006,0,0,FALSE,FALSE,FALSE
ID131,2026-02-12,1805,57946.5,111,8,8,3864,Location006,0,0,FALSE,FALSE,FALSE
ID131,2026-02-13,2766,58274,112,12,12,4671,Location006,0,0,FALSE,FALSE,FALSE
ID131,2026-02-14,2640,58873,113,12,12,4752,Location006,0,0,FALSE,FALSE,FALSE
ID131,2026-02-15,1942,59782,114,9,9,3616,Location006,0,0,FALSE,FALSE,FALSE
ID131,2026-02-16,2271,61707,115,15,15,3704,Location006,0,0,FALSE,FALSE,FALSE
ID131,2026-02-17,1493,61912,116,8,8,2187,Location006,0,0,FALSE,FALSE,FALSE
ID131,2026-02-18,2561,63669,117,13,13,4805,Location006,0,0,FALSE,FALSE,FALSE
ID131,2026-02-19,2446,64354,118,17,17,5669,Location006,0,0,FALSE,FALSE,FALSE
ID131,2026-02-20,2061,65595.5,119,8,8,3214,Location006,0,0,FALSE,FALSE,FALSE
ID131,2026-02-21,1772,66768.5,120,10,10,3611,Location006,0,0,FALSE,FALSE,FALSE
ID131,2026-02-22,1391,67699,121,8,8,2527,Location006,0,0,FALSE,FALSE,FALSE
ID131,2026-02-23,2719,68870,122,11,11,4569,Location006,0,0,FALSE,FALSE,FALSE
ID131,2026-02-24,1747,70089,123,8,8,3433,Location006,0,0,FALSE,FALSE,FALSE
ID131,2026-02-25,1832,72156,124,22,22,5813,Location006,0,0,FALSE,FALSE,FALSE
ID131,2026-02-26,2416,72327,125,11,11,4108,Location006,0,0,FALSE,FALSE,FALSE
ID131,2026-02-27,2787,74166,126,13,13,3672,Location006,0,0,FALSE,FALSE,FALSE
ID131,2026-02-28,3068,75083,127,10,10,5070,Location006,0,0,FALSE,FALSE,FALSE
ID131,2026-03-01,1417,73640,128,13,13,4104,Location006,0,0,FALSE,FALSE,FALSE
ID131,2026-03-02,3080,76935,129,14,14,6387,Location006,0,0,FALSE,FALSE,FALSE
ID131,2026-03-03,1308,75562,130,19,19,3656,Location006,0,0,FALSE,FALSE,FALSE
ID131,2026-03-04,902,76847,131,15,15,2216,Location006,0,0,FALSE,FALSE,FALSE
ID131,2026-03-05,1552,79029,132,7,7,3491,Location006,0,0,FALSE,FALSE,FALSE
ID131,2026-03-06,2045,80421,133,13,13,4676,Location006,0,0,FALSE,FALSE,FALSE
ID131,2026-03-07,2214,81245,134,11,11,5139,Location006,0,0,FALSE,FALSE,FALSE
ID131,2026-03-08,1528,80454,135,6,6,2479,Location006,0,0,FALSE,FALSE,FALSE
ID131,2026-03-09,3518,80652,136,27,27,6532,Location006,0,0,FALSE,FALSE,FALSE
ID131,2026-03-10,2394,84911,137,11,11,4730,Location006,0,0,FALSE,FALSE,FALSE
ID131,2026-03-11,2009,85248,138,9,9,4434,Location006,0,0,FALSE,FALSE,FALSE
ID131,2026-03-12,3273,87687,139,10,10,6210,Location006,0,0,FALSE,FALSE,FALSE
ID131,2026-03-13,3067,88554,140,15,15,5036,Location006,0,0,FALSE,FALSE,FALSE
ID131,2026-03-14,4084,89256,141,18,18,6165,Location006,0,0,FALSE,FALSE,FALSE
ID131,2026-03-15,3366,89753,142,16,16,6582,Location006,0,0,FALSE,FALSE,FALSE
ID131,2026-03-16,2367,91398,143,10,10,3964,Location006,0,0,FALSE,FALSE,FALSE
ID131,2026-03-17,2841,91151,144,13,13,5090,Location006,0,0,FALSE,FALSE,FALSE
ID131,2026-03-18,2013,91962,145,10,10,4193,Location006,0,0,FALSE,FALSE,FALSE
ID131,2026-03-19,565,91176,146,7,0,0,Location006,0,7,FALSE,FALSE,FALSE
ID131,2026-03-20,1420,91745,147,9,9,4040,Location006,0,0,FALSE,FALSE,FALSE
ID131,2026-03-21,1294,92236,148,7,7,2230,Location006,0,0,FALSE,FALSE,FALSE
ID131,2026-03-22,1500,94833,149,11,11,2617,Location006,0,0,FALSE,FALSE,FALSE
ID131,2026-03-23,2371,91143,150,16,16,2161,Location006,0,0,FALSE,FALSE,FALSE
ID131,2026-03-24,1073,89864,151,21,21,3112,Location006,0,0,FALSE,FALSE,FALSE
ID131,2026-03-25,2381,92656,152,7,7,3682,Location006,0,0,FALSE,FALSE,FALSE
ID131,2026-03-26,3042,92246,153,7,7,3908,Location006,0,0,FALSE,FALSE,FALSE
ID131,2026-03-27,3252,93942,154,8,8,3689,Location006,0,0,FALSE,FALSE,FALSE
ID131,2026-03-28,830,97332,155,3,0,0,Location006,0,3,FALSE,FALSE,FALSE
ID131,2026-03-29,775,95348,156,5,0,0,Location006,0,5,FALSE,FALSE,FALSE
ID131,2026-03-30,4448,99203,157,11,0,0,Location006,0,11,FALSE,FALSE,FALSE
ID131,2026-03-31,3693,101934,158,14,14,5587,Location006,0,0,FALSE,FALSE,FALSE
ID131,2026-04-01,4074,103934,159,11,11,6788,Location006,0,0,FALSE,FALSE,FALSE
ID131,2026-04-02,1928,104035,160,8,8,3948,Location006,0,0,FALSE,FALSE,FALSE
ID131,2026-04-03,4982,103310,161,11,0,0,Location006,0,11,FALSE,FALSE,FALSE
ID131,2026-04-04,2779,102635,162,13,13,4929,Location006,0,0,FALSE,FALSE,FALSE
ID131,2026-04-05,1393,106093,163,5,5,2656,Location006,0,0,FALSE,FALSE,FALSE
ID131,2026-04-06,3562,106638,164,15,15,5172,Location006,0,0,FALSE,FALSE,FALSE
ID131,2026-04-07,1902,109251,165,11,11,2968,Location006,0,0,FALSE,FALSE,FALSE
ID131,2026-04-10,2309,110760,168,11,11,2770,Location006,0,0,FALSE,FALSE,FALSE
ID131,2026-04-11,3668,110607,169,18,18,3882,Location006,0,0,FALSE,FALSE,FALSE
ID131,2026-04-12,2510,110487,170,13,13,2692,Location006,0,0,FALSE,FALSE,FALSE
ID131,2026-04-13,1548,110605,171,7,7,1995,Location006,0,0,FALSE,FALSE,FALSE
ID131,2026-04-14,3062,112876,172,13,13,3582,Location006,0,0,FALSE,FALSE,FALSE
ID131,2026-04-15,2731,111965,173,8,8,3719,Location006,0,0,FALSE,FALSE,FALSE
ID131,2026-04-16,2448,115385,174,7,7,3452,Location006,0,0,FALSE,FALSE,FALSE
ID131,2026-04-17,3283,115664,175,15,15,4919,Location006,0,0,FALSE,FALSE,FALSE
ID131,2026-04-18,2968,113976,176,13,13,2843,Location006,0,0,FALSE,FALSE,FALSE
ID131,2026-04-19,2510,116702,177,8,8,3556,Location006,0,0,FALSE,FALSE,FALSE
ID131,2026-04-20,1645,115918,178,7,7,2671,Location006,0,0,FALSE,FALSE,FALSE
ID131,2026-04-21,3390,118451,179,19,19,5625,Location006,0,0,FALSE,FALSE,FALSE
ID131,2026-04-22,2643,116732,180,9,9,3287,Location006,0,0,FALSE,FALSE,FALSE
ID131,2026-04-23,2409,122115,181,15,15,4257,Location006,0,0,FALSE,FALSE,FALSE
ID131,2026-04-24,3636,,182,15,15,3584,Location006,0,0,FALSE,TRUE,FALSE
ID132,2025-12-30,90,,64,2,0,0,Location006,2,2,FALSE,TRUE,FALSE
ID132,2025-12-31,1146,,65,22,22,8647,Location006,22,0,FALSE,TRUE,FALSE
ID132,2026-01-01,2812,,66,21,0,0,Location006,21,21,FALSE,TRUE,FALSE
ID132,2026-01-02,3421,,67,24,0,0,Location006,24,24,FALSE,TRUE,TRUE
ID132,2026-01-04,4030,,69,15,0,0,Location006,15,15,FALSE,TRUE,FALSE
ID132,2026-01-08,2408,,73,22,22,10123,Location006,22,0,FALSE,TRUE,FALSE
ID132,2026-01-09,2103.5,28144,74,21,0,0,Location006,19,21,TRUE,FALSE,TRUE
ID132,2026-01-10,1799,28151,75,17,17,6273,Location006,17,0,FALSE,TRUE,FALSE
ID132,2026-01-14,4583,28158,79,13,0,0,Location006,0,13,FALSE,FALSE,FALSE
ID132,2026-01-15,2747,29612,80,21,21,6538,Location006,0,0,FALSE,FALSE,FALSE
ID132,2026-01-17,1937,32194,82,21,21,5171,Location006,0,0,FALSE,FALSE,FALSE
ID132,2026-01-18,1327,32524,83,14,14,4239,Location006,0,0,FALSE,FALSE,FALSE
ID132,2026-01-19,946,33122,84,8,0,0,Location006,0,8,FALSE,FALSE,FALSE
ID132,2026-01-20,3217,33341,85,23,23,5761,Location006,0,0,FALSE,FALSE,FALSE
ID132,2026-01-21,2458,35520,86,13,13,5478,Location006,0,0,FALSE,FALSE,FALSE
ID132,2026-01-22,1526,35134,87,17,17,4152,Location006,0,0,FALSE,FALSE,FALSE
ID132,2026-01-23,2002,36671,88,19,19,3868,Location006,0,0,FALSE,FALSE,FALSE
ID132,2026-01-24,1725,37878,89,16,16,4828,Location006,0,0,FALSE,FALSE,FALSE
ID132,2026-01-25,2638,38174,90,22,22,5259,Location006,0,0,FALSE,FALSE,FALSE
ID132,2026-01-26,2640,39252,91,18,18,5710,Location006,0,0,FALSE,FALSE,FALSE
ID132,2026-01-27,2059,40544,92,16,16,3393,Location006,0,0,FALSE,FALSE,FALSE
ID132,2026-01-28,2115,42238,93,31,31,3574,Location006,0,0,FALSE,FALSE,FALSE
ID132,2026-01-29,2055,42022.5,94,22,22,2771,Location006,0,0,FALSE,FALSE,FALSE
ID132,2026-01-30,1083,42981,95,19,19,3536,Location006,0,0,FALSE,FALSE,FALSE
ID132,2026-01-31,2734,44717,96,21,21,5585,Location006,0,0,FALSE,FALSE,FALSE
ID132,2026-02-01,1221,45336,97,7,7,2618,Location006,0,0,FALSE,FALSE,FALSE
ID132,2026-02-02,2971,45805,98,18,18,5366,Location006,0,0,FALSE,FALSE,FALSE
ID132,2026-02-03,3086,47461,99,26,26,5600,Location006,0,0,FALSE,FALSE,FALSE
ID132,2026-02-04,1723,48888,100,14,14,3197,Location006,0,0,FALSE,FALSE,FALSE
ID132,2026-02-05,2499,49568,101,31,31,4067,Location006,0,0,FALSE,FALSE,FALSE
ID132,2026-02-06,1477,50368,102,17,17,3851,Location006,0,0,FALSE,FALSE,FALSE
ID132,2026-02-07,2199,50328,103,21,21,4833,Location006,0,0,FALSE,FALSE,FALSE
ID132,2026-02-08,3167,51161,104,23,23,5726,Location006,0,0,FALSE,FALSE,FALSE
ID132,2026-02-09,2848,52289,105,34,34,5079,Location006,0,0,FALSE,FALSE,FALSE
ID132,2026-02-10,1979,53575,106,30,30,5201,Location006,0,0,FALSE,FALSE,FALSE
ID132,2026-02-11,3316,53829,107,29,29,6007,Location006,0,0,FALSE,FALSE,FALSE
ID132,2026-02-12,4295,54180,108,29,29,6050,Location006,0,0,FALSE,FALSE,FALSE
ID132,2026-02-13,2472,55993,109,15,15,4945,Location006,0,0,FALSE,FALSE,FALSE
ID132,2026-02-14,2720,57484,110,27,27,5541,Location006,0,0,FALSE,FALSE,FALSE
ID132,2026-02-15,2072,59072,111,19,19,3309,Location006,0,0,FALSE,FALSE,FALSE
ID132,2026-02-16,2160,59682,112,15,15,3389,Location006,0,0,FALSE,FALSE,FALSE
ID132,2026-02-17,1481,61401.5,113,14,14,2733,Location006,0,0,FALSE,FALSE,FALSE
ID132,2026-02-18,2972,61771,114,31,31,6162,Location006,0,0,FALSE,FALSE,FALSE
ID132,2026-02-19,2622,63006,115,47,47,6824,Location006,0,0,FALSE,FALSE,FALSE
ID132,2026-02-20,2134,64274,116,21,21,5392,Location006,0,0,FALSE,FALSE,FALSE
ID132,2026-02-21,2770,65054,117,37,37,7055,Location006,0,0,FALSE,FALSE,FALSE
ID132,2026-02-22,2920,65669,118,20,20,4238,Location006,0,0,FALSE,FALSE,FALSE
ID132,2026-02-23,3747,67668,119,29,29,6291,Location006,0,0,FALSE,FALSE,FALSE
ID132,2026-02-24,2776,67129.5,120,28,28,4095,Location006,0,0,FALSE,FALSE,FALSE
ID132,2026-02-25,3171,68905,121,22,22,5208,Location006,0,0,FALSE,FALSE,FALSE
ID132,2026-02-26,2502,69752,122,26,26,5333,Location006,0,0,FALSE,FALSE,FALSE
ID132,2026-02-27,2676,71211,123,31,31,4016,Location006,0,0,FALSE,FALSE,FALSE
ID132,2026-02-28,3444,71681,124,42,42,5948,Location006,0,0,FALSE,FALSE,FALSE
ID132,2026-03-01,3288,73163,125,20,20,5850,Location006,0,0,FALSE,FALSE,FALSE
ID132,2026-03-02,3344,74237,126,26,26,6189,Location006,0,0,FALSE,FALSE,FALSE
ID132,2026-03-03,4935,74844,127,26,26,6838,Location006,0,0,FALSE,FALSE,FALSE
ID132,2026-03-04,4292,75864,128,21,21,6447,Location006,0,0,FALSE,FALSE,FALSE
ID132,2026-03-05,4083,78189,129,23,23,6523,Location006,0,0,FALSE,FALSE,FALSE
ID132,2026-03-06,5539,79846,130,28,0,0,Location006,0,28,FALSE,FALSE,FALSE
ID132,2026-03-07,2370,79613,131,17,17,4921,Location006,0,0,FALSE,FALSE,FALSE
ID132,2026-03-08,4070,81504,132,29,29,7115,Location006,0,0,FALSE,FALSE,FALSE
ID132,2026-03-09,3824,83605,133,24,24,6086,Location006,0,0,FALSE,FALSE,FALSE
ID132,2026-03-10,4056,82695,134,38,38,6340,Location006,0,0,FALSE,FALSE,FALSE
ID132,2026-03-11,3462,84636,135,41,41,6551,Location006,0,0,FALSE,FALSE,FALSE
ID132,2026-03-12,3359,85290,136,28,28,4837,Location006,0,0,FALSE,FALSE,FALSE
ID132,2026-03-13,1930,85945,137,44,44,4223,Location006,0,0,FALSE,FALSE,FALSE
ID132,2026-03-14,3373,87852.5,138,42,42,5291,Location006,0,0,FALSE,FALSE,FALSE
ID132,2026-03-15,4873,88467,139,35,35,5191,Location006,0,0,FALSE,FALSE,FALSE
ID132,2026-03-16,4218,88781,140,42,42,6436,Location006,0,0,FALSE,FALSE,FALSE
ID132,2026-03-17,4267,90474,141,48,0,0,Location006,0,48,FALSE,FALSE,TRUE
ID132,2026-03-18,4316,91513,142,49,49,5013,Location006,0,0,FALSE,FALSE,FALSE
ID132,2026-03-19,3795,91781,143,31,31,5713,Location006,0,0,FALSE,FALSE,FALSE
ID132,2026-03-20,3169,91843,144,23,23,3526,Location006,0,0,FALSE,FALSE,FALSE
ID132,2026-03-21,1924,91672,145,24,0,0,Location006,0,24,FALSE,FALSE,FALSE
ID132,2026-03-22,5190,91718,146,31,31,7836,Location006,0,0,FALSE,FALSE,FALSE
ID132,2026-03-23,3925,94599,147,25,25,5589,Location006,0,0,FALSE,FALSE,FALSE
ID132,2026-03-24,3367,97520,148,24,24,6760,Location006,0,0,FALSE,FALSE,FALSE
ID132,2026-03-25,3915,96563,149,25,25,5058,Location006,0,0,FALSE,FALSE,FALSE
ID132,2026-03-26,3483,96046,150,25,25,6852,Location006,0,0,FALSE,FALSE,FALSE
ID132,2026-03-27,3522,98476,151,47,47,5693,Location006,0,0,FALSE,FALSE,FALSE
ID132,2026-03-28,4698,99107,152,39,39,6195,Location006,0,0,FALSE,FALSE,FALSE
ID132,2026-03-29,5121,99968,153,40,40,7302,Location006,0,0,FALSE,FALSE,FALSE
ID132,2026-03-30,4099,101705,154,22,22,5571,Location006,0,0,FALSE,FALSE,FALSE
ID132,2026-03-31,3528,102909,155,36,36,5714,Location006,0,0,FALSE,FALSE,FALSE
ID132,2026-04-01,5636,103584,156,30,30,5128,Location006,0,0,FALSE,FALSE,FALSE
ID132,2026-04-02,4551,104028,157,30,30,6289,Location006,0,0,FALSE,FALSE,FALSE
ID132,2026-04-03,3351,104807,158,30,30,5204,Location006,0,0,FALSE,FALSE,FALSE
ID132,2026-04-04,4143,105189.5,159,22,22,5077,Location006,0,0,FALSE,FALSE,FALSE
ID132,2026-04-05,2955,106727,160,15,15,5059,Location006,0,0,FALSE,FALSE,FALSE
ID132,2026-04-06,3225,106113,161,20,20,5154,Location006,0,0,FALSE,FALSE,FALSE
ID132,2026-04-07,2046,107395,162,19,19,3243,Location006,0,0,FALSE,FALSE,FALSE
ID132,2026-04-10,4311,111420,165,22,22,3977,Location006,0,0,FALSE,FALSE,FALSE
ID132,2026-04-11,3565,111670,166,19,19,3759,Location006,0,0,FALSE,FALSE,FALSE
ID132,2026-04-12,3146,111200,167,16,16,4339,Location006,0,0,FALSE,FALSE,FALSE
ID132,2026-04-13,2312,110775,168,15,15,2974,Location006,0,0,FALSE,FALSE,FALSE
ID132,2026-04-14,5414,111532,169,26,26,6423,Location006,0,0,FALSE,FALSE,FALSE
ID132,2026-04-15,3608,111073.5,170,18,18,4811,Location006,0,0,FALSE,FALSE,FALSE
ID132,2026-04-16,4299,115246,171,26,26,5584,Location006,0,0,FALSE,FALSE,FALSE
ID132,2026-04-17,4563,115246,172,21,21,6378,Location006,0,0,FALSE,FALSE,FALSE
ID132,2026-04-18,2729.5,118635,173,32,0,0,Location006,0,32,FALSE,FALSE,TRUE
ID132,2026-04-19,896,117414,174,10,0,0,Location006,0,10,FALSE,FALSE,FALSE
ID132,2026-04-20,4756,118261,175,30,30,7165,Location006,0,0,FALSE,FALSE,FALSE
ID132,2026-04-21,2838,115594,176,19,0,0,Location006,0,19,FALSE,FALSE,FALSE
ID132,2026-04-22,4162,118681,177,28,28,5760,Location006,0,0,FALSE,FALSE,FALSE
ID132,2026-04-23,4937,122778,178,34,34,5977,Location006,0,0,FALSE,FALSE,FALSE
ID132,2026-04-24,,,179,42,42,7611,Location006,0,0,FALSE,TRUE,TRUE
ID133,2025-12-30,895,,65,9,0,0,Location007,9,9,FALSE,TRUE,FALSE
ID133,2025-12-31,1550,28831,66,10,10,6598,Location007,0,0,FALSE,FALSE,FALSE
ID133,2026-01-01,1210,30121,67,11,11,5900,Location007,2,0,FALSE,FALSE,FALSE
ID133,2026-01-03,1357,31513,69,15,15,6407,Location007,0,0,FALSE,FALSE,FALSE
ID133,2026-01-04,1677,31434.6666666667,70,14,14,7066,Location007,14,0,FALSE,TRUE,FALSE
ID133,2026-01-05,2185,31356.3333333333,71,18,18,4608,Location007,18,0,FALSE,TRUE,FALSE
ID133,2026-01-06,2199,31278,72,14,14,4669,Location007,0,0,FALSE,FALSE,FALSE
ID133,2026-01-07,2464,34244,73,14,14,5288,Location007,5,0,FALSE,FALSE,FALSE
ID133,2026-01-08,4170,34763,74,14,14,5980,Location007,0,0,FALSE,FALSE,FALSE
ID133,2026-01-09,1887,35483,75,16,0,0,Location007,0,16,FALSE,FALSE,FALSE
ID133,2026-01-10,3584,36527,76,8,8,5489,Location007,0,0,FALSE,FALSE,FALSE
ID133,2026-01-11,5002,35414,77,15,0,0,Location007,2,15,FALSE,FALSE,FALSE
ID133,2026-01-12,4519,37319,78,12,12,5427,Location007,0,0,FALSE,FALSE,FALSE
ID133,2026-01-13,3554,38498,79,10,10,4849,Location007,1,0,FALSE,FALSE,FALSE
ID133,2026-01-14,3280,40495,80,17,0,0,Location007,0,17,FALSE,FALSE,TRUE
ID133,2026-01-15,3006,42948.5,81,12,12,6030,Location007,0,0,FALSE,FALSE,FALSE
ID133,2026-01-17,1589,45107,83,15,0,0,Location007,0,15,FALSE,FALSE,FALSE
ID133,2026-01-18,2322,45366,84,16,16,5123,Location007,0,0,FALSE,FALSE,FALSE
ID133,2026-01-19,3052,47081,85,4,4,3256,Location007,0,0,FALSE,FALSE,FALSE
ID133,2026-01-20,2918,47719,86,11,11,5648,Location007,0,0,FALSE,FALSE,FALSE
ID133,2026-01-21,2652,49373,87,15,15,6384,Location007,0,0,FALSE,FALSE,FALSE
ID133,2026-01-22,1959,49889,88,10,10,5023,Location007,0,0,FALSE,FALSE,FALSE
ID133,2026-01-23,2375,52061,89,19,19,5693,Location007,0,0,FALSE,FALSE,FALSE
ID133,2026-01-24,1551,52034,90,12,12,4912,Location007,0,0,FALSE,FALSE,FALSE
ID133,2026-01-25,2447,53686,91,18,18,6019,Location007,0,0,FALSE,FALSE,FALSE
ID133,2026-01-26,2416,54010,92,14,14,5234,Location007,0,0,FALSE,FALSE,FALSE
ID133,2026-01-27,2952,54675,93,19,19,5767,Location007,0,0,FALSE,FALSE,FALSE
ID133,2026-01-28,2555,56736,94,15,15,5250,Location007,0,0,FALSE,FALSE,FALSE
ID133,2026-01-29,2415,57074.5,95,14,14,5046,Location007,0,0,FALSE,FALSE,FALSE
ID133,2026-01-30,2023,58679,96,8,8,4296,Location007,0,0,FALSE,FALSE,FALSE
ID133,2026-01-31,2312,59721,97,11,11,4926,Location007,0,0,FALSE,FALSE,FALSE
ID133,2026-02-01,3201,59845,98,17,17,5879,Location007,0,0,FALSE,FALSE,FALSE
ID133,2026-02-02,2373,61151,99,14,14,4656,Location007,0,0,FALSE,FALSE,FALSE
ID133,2026-02-03,4037,60927.5,100,14,14,5764,Location007,0,0,FALSE,FALSE,FALSE
ID133,2026-02-04,3495,63700,101,14,14,5906,Location007,0,0,FALSE,FALSE,FALSE
ID133,2026-02-05,4057,66059,102,15,15,5666,Location007,0,0,FALSE,FALSE,FALSE
ID133,2026-02-06,3595,66732,103,9,9,4238,Location007,0,0,FALSE,FALSE,FALSE
ID133,2026-02-07,2933,66427,104,9,9,4742,Location007,0,0,FALSE,FALSE,FALSE
ID133,2026-02-08,2471,67646,105,10,10,5331,Location007,0,0,FALSE,FALSE,FALSE
ID133,2026-02-09,2583,68070.5,106,12,12,4892,Location007,0,0,FALSE,FALSE,FALSE
ID133,2026-02-10,2064,68322,107,7,7,4307,Location007,0,0,FALSE,FALSE,FALSE
ID133,2026-02-11,2326,69336,108,9,9,4473,Location007,0,0,FALSE,FALSE,FALSE
ID133,2026-02-12,2336,71051,109,11,11,5615,Location007,0,0,FALSE,FALSE,FALSE
ID133,2026-02-13,2749,72225.5,110,10,10,4396,Location007,0,0,FALSE,FALSE,FALSE
ID133,2026-02-14,2241,72214,111,9,9,4818,Location007,0,0,FALSE,FALSE,FALSE
ID133,2026-02-15,2139,73986,112,11,11,4718,Location007,0,0,FALSE,FALSE,FALSE
ID133,2026-02-16,2877,75047,113,17,17,5360,Location007,0,0,FALSE,FALSE,FALSE
ID133,2026-02-17,1994,76475,114,9,9,4657,Location007,0,0,FALSE,FALSE,FALSE
ID133,2026-02-18,2341,76388,115,11,11,5676,Location007,0,0,FALSE,FALSE,FALSE
ID133,2026-02-19,1936,78133,116,11,11,4530,Location007,0,0,FALSE,FALSE,FALSE
ID133,2026-02-20,2125,77873,117,11,11,4489,Location007,0,0,FALSE,FALSE,FALSE
ID133,2026-02-21,2778,80392,118,11,11,4371,Location007,0,0,FALSE,FALSE,FALSE
ID133,2026-02-22,2030,80520,119,11,11,4106,Location007,0,0,FALSE,FALSE,FALSE
ID133,2026-02-23,2159,79234,120,5,5,3799,Location007,0,0,FALSE,FALSE,FALSE
ID133,2026-02-24,2175,82030,121,9,9,4071,Location007,0,0,FALSE,FALSE,FALSE
ID133,2026-02-25,1801,82844,122,9,9,3980,Location007,0,0,FALSE,FALSE,FALSE
ID133,2026-02-26,2229,82853,123,12,12,4394,Location007,0,0,FALSE,FALSE,FALSE
ID133,2026-02-27,2444,84001,124,11,11,4329,Location007,0,0,FALSE,FALSE,FALSE
ID133,2026-02-28,3460,85587.5,125,14,14,5049,Location007,0,0,FALSE,FALSE,FALSE
ID133,2026-03-01,2159,85405,126,10,10,4058,Location007,0,0,FALSE,FALSE,FALSE
ID133,2026-03-02,2614,86916,127,11,11,4280,Location007,0,0,FALSE,FALSE,FALSE
ID133,2026-03-03,2951,86634,128,11,11,4045,Location007,0,0,FALSE,FALSE,FALSE
ID133,2026-03-04,1469,87748,129,7,7,2792,Location007,0,0,FALSE,FALSE,FALSE
ID133,2026-03-05,1319,87119,130,6,6,3126,Location007,0,0,FALSE,FALSE,FALSE
ID133,2026-03-06,2244,88625,131,12,12,4896,Location007,0,0,FALSE,FALSE,FALSE
ID133,2026-03-07,2665,89532,132,17,17,4309,Location007,0,0,FALSE,FALSE,FALSE
ID133,2026-03-08,3632,90159,133,19,19,5687,Location007,0,0,FALSE,FALSE,FALSE
ID133,2026-03-09,2927,92085,134,13,13,4446,Location007,0,0,FALSE,FALSE,FALSE
ID133,2026-03-10,3358,90830,135,15,15,4848,Location007,0,0,FALSE,FALSE,FALSE
ID133,2026-03-11,3758,94518,136,14,14,5973,Location007,0,0,FALSE,FALSE,FALSE
ID133,2026-03-12,3117,97116,137,11,11,5033,Location007,0,0,FALSE,FALSE,FALSE
ID133,2026-03-13,5641,97169,138,15,0,0,Location007,0,15,FALSE,FALSE,FALSE
ID133,2026-03-14,3255,96922,139,15,15,4152,Location007,0,0,FALSE,FALSE,FALSE
ID133,2026-03-15,2464,98065,140,18,18,4694,Location007,0,0,FALSE,FALSE,FALSE
ID133,2026-03-16,3115,98849,141,19,19,4232,Location007,0,0,FALSE,FALSE,FALSE
ID133,2026-03-17,3484,100425,142,19,19,5141,Location007,0,0,FALSE,FALSE,FALSE
ID133,2026-03-18,2063,100630,143,19,19,3035,Location007,0,0,FALSE,FALSE,FALSE
ID133,2026-03-19,2345,102532,144,13,13,3186,Location007,0,0,FALSE,FALSE,FALSE
ID133,2026-03-20,2870,101141,145,13,13,3534,Location007,0,0,FALSE,FALSE,FALSE
ID133,2026-03-21,4168,102200,146,21,21,5037,Location007,0,0,FALSE,FALSE,FALSE
ID133,2026-03-22,3867,106374,147,28,28,5110,Location007,0,0,FALSE,FALSE,FALSE
ID133,2026-03-23,3154,107992,148,12,12,4600,Location007,0,0,FALSE,FALSE,FALSE
ID133,2026-03-24,3302,107919,149,15,15,3599,Location007,0,0,FALSE,FALSE,FALSE
ID133,2026-03-25,3069,108932,150,11,11,4477,Location007,0,0,FALSE,FALSE,FALSE
ID133,2026-03-26,4600,110808,151,24,0,0,Location007,0,24,FALSE,FALSE,FALSE
ID133,2026-03-27,2637,110918,152,11,11,3455,Location007,0,0,FALSE,FALSE,FALSE
ID133,2026-03-28,3354,110688,153,16,16,4239,Location007,0,0,FALSE,FALSE,FALSE
ID133,2026-03-29,776,110377,154,8,0,0,Location007,0,8,FALSE,FALSE,FALSE
ID133,2026-03-30,4190,111612,155,22,22,5692,Location007,0,0,FALSE,FALSE,FALSE
ID133,2026-03-31,2943,113001,156,17,17,3229,Location007,0,0,FALSE,FALSE,FALSE
ID133,2026-04-01,3639,115128,157,17,17,5108,Location007,0,0,FALSE,FALSE,FALSE
ID133,2026-04-02,4658,114611,158,18,18,4956,Location007,0,0,FALSE,FALSE,FALSE
ID133,2026-04-03,4808,116217,159,21,21,4825,Location007,0,0,FALSE,FALSE,FALSE
ID133,2026-04-04,3728,116498,160,25,25,5387,Location007,0,0,FALSE,FALSE,FALSE
ID133,2026-04-05,3815,116669,161,13,13,5113,Location007,0,0,FALSE,FALSE,FALSE
ID133,2026-04-06,3272,118327,162,11,11,3527,Location007,0,0,FALSE,FALSE,FALSE
ID133,2026-04-07,3551,118626,163,15,15,4045,Location007,0,0,FALSE,FALSE,FALSE
ID133,2026-04-08,3981,118453,164,23,23,4035,Location007,0,0,FALSE,FALSE,FALSE
ID133,2026-04-09,2722,121772,165,17,17,3320,Location007,0,0,FALSE,FALSE,FALSE
ID133,2026-04-10,3569,120320,166,13,13,4568,Location007,0,0,FALSE,FALSE,FALSE
ID133,2026-04-11,1125,121651,167,7,0,0,Location007,0,7,FALSE,FALSE,FALSE
ID133,2026-04-12,2775,122162,168,13,13,3432,Location007,0,0,FALSE,FALSE,FALSE
ID133,2026-04-13,2409,124590,169,11,11,3212,Location007,0,0,FALSE,FALSE,FALSE
ID133,2026-04-14,3181,126046,170,11,11,4172,Location007,0,0,FALSE,FALSE,FALSE
ID133,2026-04-15,3649,125404,171,18,18,4182,Location007,0,0,FALSE,FALSE,FALSE
ID133,2026-04-16,3652,124971,172,20,20,4654,Location007,0,0,FALSE,FALSE,FALSE
ID133,2026-04-17,2723,125411,173,18,18,3625,Location007,0,0,FALSE,FALSE,FALSE
ID133,2026-04-18,3386,127456,174,17,17,4196,Location007,0,0,FALSE,FALSE,FALSE
ID133,2026-04-19,2555,127811,175,19,19,3528,Location007,0,0,FALSE,FALSE,FALSE
ID133,2026-04-20,3808,129367,176,17,17,4460,Location007,0,0,FALSE,FALSE,FALSE
ID133,2026-04-21,3949,129781,177,15,15,3531,Location007,0,0,FALSE,FALSE,FALSE
ID133,2026-04-22,4149,129778,178,18,18,4864,Location007,0,0,FALSE,FALSE,FALSE
ID133,2026-04-23,3442,132658,179,18,18,4784,Location007,0,0,FALSE,FALSE,FALSE
ID133,2026-04-24,2220,,180,11,0,0,Location007,0,11,FALSE,TRUE,FALSE
ID135,2025-12-30,692,,64,14,14,2579,Location006,14,0,FALSE,TRUE,FALSE
ID135,2025-12-31,1132,,65,19,19,5300,Location006,19,0,FALSE,TRUE,FALSE
ID135,2026-01-01,1469,,66,13,13,4633,Location006,13,0,FALSE,TRUE,FALSE
ID135,2026-01-02,1312,,67,13,13,4855,Location006,13,0,FALSE,TRUE,FALSE
ID135,2026-01-03,683,,68,10,10,3303,Location006,10,0,FALSE,TRUE,FALSE
ID135,2026-01-04,1243,,69,9,9,5319,Location006,9,0,FALSE,TRUE,FALSE
ID135,2026-01-05,1288,,70,15,15,5587,Location006,15,0,FALSE,TRUE,FALSE
ID135,2026-01-06,1291,,71,10,10,5454,Location006,10,0,FALSE,TRUE,FALSE
ID135,2026-01-08,868,,73,12,12,2841,Location006,12,0,FALSE,TRUE,FALSE
ID135,2026-01-09,739,,74,12,12,2777,Location006,12,0,FALSE,TRUE,FALSE
ID135,2026-01-14,704,27025,79,4,4,2662,Location006,0,0,FALSE,FALSE,FALSE
ID135,2026-01-15,1676,27577,80,37,37,2726,Location006,0,0,FALSE,FALSE,FALSE
ID135,2026-01-17,1613,30996,82,19,19,4356,Location006,0,0,FALSE,FALSE,FALSE
ID135,2026-01-18,1473,30863,83,16,16,4593,Location006,0,0,FALSE,FALSE,FALSE
ID135,2026-01-19,1643,33506,84,12,12,4956,Location006,0,0,FALSE,FALSE,FALSE
ID135,2026-01-20,2018,33545,85,15,15,5899,Location006,0,0,FALSE,FALSE,FALSE
ID135,2026-01-21,1059,35061,86,7,7,2799,Location006,0,0,FALSE,FALSE,FALSE
ID135,2026-01-22,847,35209,87,4,4,2306,Location006,0,0,FALSE,FALSE,FALSE
ID135,2026-01-23,415,34941,88,1,0,0,Location006,0,1,FALSE,FALSE,FALSE
ID135,2026-01-24,1251,35690,89,7,7,3367,Location006,0,0,FALSE,TRUE,FALSE
ID135,2026-01-25,933,36439,90,14,14,2554,Location006,0,0,FALSE,TRUE,FALSE
ID135,2026-01-26,873,37188,91,6,6,2368,Location006,0,0,FALSE,TRUE,FALSE
ID135,2026-01-27,497,37937,92,3,3,618,Location006,0,0,FALSE,FALSE,FALSE
ID135,2026-01-28,1279,37034,93,10,10,2065,Location006,0,0,FALSE,FALSE,FALSE
ID135,2026-01-29,518,38042,94,7,7,1074,Location006,0,0,FALSE,FALSE,FALSE
ID135,2026-01-30,1433,38821,95,11,11,2900,Location006,0,0,FALSE,FALSE,FALSE
ID135,2026-01-31,2432,39619,96,13,13,4012,Location006,0,0,FALSE,FALSE,FALSE
ID135,2026-02-01,1611,40022,97,9,9,2972,Location006,0,0,FALSE,FALSE,FALSE
ID135,2026-02-02,1343,41096,98,17,17,3210,Location006,0,0,FALSE,FALSE,FALSE
ID135,2026-02-03,1188,42414.5,99,8,8,2116,Location006,0,0,FALSE,FALSE,FALSE
ID135,2026-02-04,1812,45119,100,10,10,2905,Location006,0,0,FALSE,FALSE,FALSE
ID135,2026-02-05,1707,45732,101,9,9,2459,Location006,0,0,FALSE,FALSE,FALSE
ID135,2026-02-06,1512,47636,102,15,15,3328,Location006,0,0,FALSE,FALSE,FALSE
ID135,2026-02-07,1494,48136,103,12,12,2257,Location006,0,0,FALSE,FALSE,FALSE
ID135,2026-02-08,1507,47791,104,11,11,2937,Location006,0,0,FALSE,FALSE,FALSE
ID135,2026-02-09,2669,51147,105,13,13,3794,Location006,0,0,FALSE,FALSE,FALSE
ID135,2026-02-10,1116,50774,106,10,10,2022,Location006,0,0,FALSE,FALSE,FALSE
ID135,2026-02-11,2045,51631,107,18,18,2558,Location006,0,0,FALSE,FALSE,FALSE
ID135,2026-02-12,1836,52379,108,19,19,3753,Location006,0,0,FALSE,FALSE,FALSE
ID135,2026-02-13,2197,53475,109,10,10,4118,Location006,0,0,FALSE,FALSE,FALSE
ID135,2026-02-14,1927,56083,110,14,14,3652,Location006,0,0,FALSE,FALSE,FALSE
ID135,2026-02-15,2150,55962,111,12,12,3134,Location006,0,0,FALSE,FALSE,FALSE
ID135,2026-02-16,1683,58478,112,9,9,1744,Location006,0,0,FALSE,FALSE,FALSE
ID135,2026-02-17,365,59758,113,3,0,0,Location006,0,3,FALSE,FALSE,FALSE
ID135,2026-02-18,2564,59953,114,13,13,3492,Location006,0,0,FALSE,FALSE,FALSE
ID135,2026-02-19,1800,62127,115,10,10,2666,Location006,0,0,FALSE,FALSE,FALSE
ID135,2026-02-20,1604,61216,116,13,13,1702,Location006,0,0,FALSE,FALSE,FALSE
ID135,2026-02-21,2305,64039,117,13,13,3548,Location006,0,0,FALSE,FALSE,FALSE
ID135,2026-02-22,1604,63961,118,9,9,2509,Location006,0,0,FALSE,FALSE,FALSE
ID135,2026-02-23,1665,65021.5,119,8,8,2282,Location006,0,0,FALSE,FALSE,FALSE
ID135,2026-02-24,2170,66088,120,15,15,3050,Location006,0,0,FALSE,FALSE,FALSE
ID135,2026-02-25,2165,68804,121,12,12,3034,Location006,0,0,FALSE,FALSE,FALSE
ID135,2026-02-26,2489,69113,122,17,17,2931,Location006,0,0,FALSE,FALSE,FALSE
ID135,2026-02-27,1366,70250.5,123,12,12,1456,Location006,0,0,FALSE,FALSE,FALSE
ID135,2026-02-28,2535,70746,124,20,20,3441,Location006,0,0,FALSE,FALSE,FALSE
ID135,2026-03-01,2781,71854,125,24,24,3404,Location006,0,0,FALSE,FALSE,FALSE
ID135,2026-03-02,2123,71596,126,19,19,2459,Location006,0,0,FALSE,FALSE,FALSE
ID135,2026-03-03,634,70483,127,6,6,1600,Location006,0,0,FALSE,FALSE,FALSE
ID135,2026-03-04,1128,72003.5,128,10,10,1356,Location006,0,0,FALSE,FALSE,FALSE
ID135,2026-03-05,1877,73480,129,27,27,3141,Location006,0,0,FALSE,FALSE,FALSE
ID135,2026-03-06,2255,76254,130,23,23,3327,Location006,0,0,FALSE,FALSE,FALSE
ID135,2026-03-07,2544,77867,131,14,14,3063,Location006,0,0,FALSE,FALSE,FALSE
ID135,2026-03-08,2306,77519,132,17,17,2541,Location006,0,0,FALSE,FALSE,FALSE
ID135,2026-03-09,2244,79006,133,17,17,3226,Location006,0,0,FALSE,FALSE,FALSE
ID135,2026-03-10,1690,79632,134,12,12,2055,Location006,0,0,FALSE,FALSE,FALSE
ID135,2026-03-11,2634,80237,135,17,17,3997,Location006,0,0,FALSE,FALSE,FALSE
ID135,2026-03-12,3626,82270,136,20,20,4245,Location006,0,0,FALSE,FALSE,FALSE
ID135,2026-03-13,3070,83905,137,18,18,3631,Location006,0,0,FALSE,FALSE,FALSE
ID135,2026-03-14,2294,84753,138,13,13,2973,Location006,0,0,FALSE,FALSE,FALSE
ID135,2026-03-15,3254,85728,139,23,23,4015,Location006,0,0,FALSE,FALSE,FALSE
ID135,2026-03-16,2864,86855,140,15,15,3570,Location006,0,0,FALSE,FALSE,FALSE
ID135,2026-03-17,3108,86902,141,20,20,3764,Location006,0,0,FALSE,FALSE,FALSE
ID135,2026-03-18,2621,87151,142,16,16,3591,Location006,0,0,FALSE,FALSE,FALSE
ID135,2026-03-19,4036,89798,143,23,23,3997,Location006,0,0,FALSE,FALSE,FALSE
ID135,2026-03-20,2042,88579,144,18,18,1576,Location006,0,0,FALSE,FALSE,FALSE
ID135,2026-03-21,1469,84107,145,19,0,0,Location006,0,19,FALSE,FALSE,FALSE
ID135,2026-03-22,3930,90030,146,18,18,3294,Location006,0,0,FALSE,FALSE,FALSE
ID135,2026-03-23,3104,92991,147,18,18,4119,Location006,0,0,FALSE,FALSE,FALSE
ID135,2026-03-24,3880,87808,148,17,17,4168,Location006,0,0,FALSE,FALSE,FALSE
ID135,2026-03-25,2096,95249,149,13,13,3491,Location006,0,0,FALSE,FALSE,FALSE
ID135,2026-03-26,2350,95665,150,12,12,2536,Location006,0,0,FALSE,FALSE,FALSE
ID135,2026-03-27,4503,97244,151,32,32,5300,Location006,0,0,FALSE,FALSE,FALSE
ID135,2026-03-28,3980,97342,152,19,19,3319,Location006,0,0,FALSE,FALSE,FALSE
ID135,2026-03-29,2972,95330,153,14,14,3133,Location006,0,0,FALSE,FALSE,FALSE
ID135,2026-03-30,4076,101357,154,22,22,3540,Location006,0,0,FALSE,FALSE,FALSE
ID135,2026-03-31,3691,103364,155,17,17,2862,Location006,0,0,FALSE,FALSE,FALSE
ID135,2026-04-01,5023,101539,156,34,0,0,Location006,0,34,FALSE,FALSE,FALSE
ID135,2026-04-02,3431,103842,157,24,24,3748,Location006,0,0,FALSE,FALSE,FALSE
ID135,2026-04-03,2457,104469,158,14,14,3761,Location006,0,0,FALSE,FALSE,FALSE
ID135,2026-04-04,2621,106186,159,19,19,2026,Location006,0,0,FALSE,FALSE,FALSE
ID135,2026-04-05,2998,106836,160,22,22,2451,Location006,0,0,FALSE,FALSE,FALSE
ID135,2026-04-06,3128,101621,161,12,12,3258,Location006,0,0,FALSE,FALSE,FALSE
ID135,2026-04-07,526,107338,162,3,0,0,Location006,0,3,FALSE,FALSE,FALSE
ID135,2026-04-08,988,103520,163,4,4,1117,Location006,0,0,FALSE,FALSE,FALSE
ID135,2026-04-10,2910,105112,165,17,17,2939,Location006,0,0,FALSE,FALSE,FALSE
ID135,2026-04-11,1692,110393,166,23,23,1337,Location006,0,0,FALSE,FALSE,FALSE
ID135,2026-04-12,1446,107482,167,23,23,1392,Location006,0,0,FALSE,FALSE,FALSE
ID135,2026-04-13,4031,105007,168,26,26,4032,Location006,0,0,FALSE,FALSE,FALSE
ID135,2026-04-14,367,107594,169,2,0,0,Location006,0,2,FALSE,FALSE,FALSE
ID135,2026-04-15,2603,108617,170,17,17,2679,Location006,0,0,FALSE,FALSE,FALSE
ID135,2026-04-16,3235,112367,171,22,22,2987,Location006,0,0,FALSE,FALSE,FALSE
ID135,2026-04-17,2293,111907,172,17,17,2396,Location006,0,0,FALSE,FALSE,FALSE
ID135,2026-04-18,3338,112374,173,18,18,2803,Location006,0,0,FALSE,FALSE,FALSE
ID135,2026-04-19,5202,116944.5,174,24,0,0,Location006,0,24,FALSE,FALSE,FALSE
ID135,2026-04-20,768,116494,175,13,0,0,Location006,0,13,FALSE,FALSE,FALSE
ID135,2026-04-21,4134,118378,176,27,27,4153,Location006,0,0,FALSE,FALSE,FALSE
ID135,2026-04-22,4032,118279,177,23,23,3335,Location006,0,0,FALSE,FALSE,FALSE
ID135,2026-04-23,3376,119256,178,23,23,2935,Location006,0,0,FALSE,FALSE,FALSE
ID135,2026-04-24,3621,,179,18,18,3757,Location006,0,0,FALSE,TRUE,FALSE
ID137,2025-12-30,796,,65,15,0,0,Location007,15,15,FALSE,TRUE,FALSE
ID137,2025-12-31,1291,25016,66,18,18,7558,Location007,0,0,FALSE,FALSE,FALSE
ID137,2026-01-01,1114,26092,67,21,0,0,Location007,6,21,FALSE,FALSE,FALSE
ID137,2026-01-03,1504,30841.5,69,26,26,9581,Location007,0,0,FALSE,FALSE,FALSE
ID137,2026-01-04,1125,28640,70,19,0,0,Location007,1,19,FALSE,FALSE,FALSE
ID137,2026-01-06,2835.5,31327,72,24,0,0,Location007,5,24,FALSE,FALSE,TRUE
ID137,2026-01-07,4546,31878,73,36,0,0,Location007,6,36,FALSE,FALSE,FALSE
ID137,2026-01-08,2959,31729,74,25,25,6752,Location007,7,0,FALSE,FALSE,FALSE
ID137,2026-01-09,3539,32203,75,31,0,0,Location007,8,31,FALSE,FALSE,TRUE
ID137,2026-01-10,4119,39491.5,76,25,0,0,Location007,9,25,FALSE,FALSE,FALSE
ID137,2026-01-11,3223,33707,77,32,32,5844,Location007,12,0,FALSE,FALSE,FALSE
ID137,2026-01-12,4118,34626.5,78,38,0,0,Location007,8,38,FALSE,FALSE,FALSE
ID137,2026-01-13,2659,36303,79,34,34,5001,Location007,6,0,FALSE,FALSE,FALSE
ID137,2026-01-14,2641,37819,80,26,0,0,Location007,0,26,FALSE,FALSE,TRUE
ID137,2026-01-17,2623,41955,83,29,29,5764,Location007,0,0,FALSE,FALSE,FALSE
ID137,2026-01-18,2299,42774,84,29,29,4948,Location007,0,0,FALSE,FALSE,FALSE
ID137,2026-01-19,1509,43826,85,14,14,3599,Location007,0,0,FALSE,FALSE,FALSE
ID137,2026-01-20,5065,44671,86,17,0,0,Location007,0,17,FALSE,FALSE,FALSE
ID137,2026-01-21,2261,45935,87,15,15,5482,Location007,0,0,FALSE,FALSE,FALSE
ID137,2026-01-22,2401,47549,88,21,21,3891,Location007,0,0,FALSE,FALSE,FALSE
ID137,2026-01-23,2430,49036,89,20,20,4235,Location007,0,0,FALSE,FALSE,FALSE
ID137,2026-01-24,2598,50463,90,16,16,4381,Location007,0,0,FALSE,FALSE,FALSE
ID137,2026-01-25,2737,51175,91,16,16,6173,Location007,0,0,FALSE,FALSE,FALSE
ID137,2026-01-26,2664,52114,92,19,19,5144,Location007,0,0,FALSE,FALSE,FALSE
ID137,2026-01-27,2991,52619,93,17,17,4321,Location007,0,0,FALSE,FALSE,FALSE
ID137,2026-01-28,2642,53128,94,19,19,4817,Location007,0,0,FALSE,FALSE,FALSE
ID137,2026-01-29,3923,54810,95,9,9,3209,Location007,0,0,FALSE,FALSE,FALSE
ID137,2026-01-30,2709,55424,96,13,13,5054,Location007,0,0,FALSE,FALSE,FALSE
ID137,2026-01-31,2578,56939,97,14,14,4932,Location007,0,0,FALSE,FALSE,FALSE
ID137,2026-02-01,2165,57577,98,10,10,4779,Location007,0,0,FALSE,FALSE,FALSE
ID137,2026-02-02,3731,58573,99,26,0,0,Location007,0,26,FALSE,FALSE,FALSE
ID137,2026-02-03,3013,59755,100,23,23,4803,Location007,0,0,FALSE,FALSE,FALSE
ID137,2026-02-04,2519,61801,101,14,14,5143,Location007,0,0,FALSE,FALSE,FALSE
ID137,2026-02-05,2616,63267,102,18,18,4606,Location007,0,0,FALSE,FALSE,FALSE
ID137,2026-02-06,2146,64139,103,9,9,4755,Location007,0,0,FALSE,FALSE,FALSE
ID137,2026-02-07,4348,65485,104,19,0,0,Location007,0,19,FALSE,FALSE,FALSE
ID137,2026-02-08,3234,65781,105,16,16,6327,Location007,0,0,FALSE,FALSE,FALSE
ID137,2026-02-09,2460,67123,106,11,11,4435,Location007,0,0,FALSE,FALSE,FALSE
ID137,2026-02-10,2973,68100,107,13,13,6501,Location007,0,0,FALSE,FALSE,FALSE
ID137,2026-02-11,3082,69779,108,14,14,5259,Location007,0,0,FALSE,FALSE,FALSE
ID137,2026-02-12,3584,69714,109,13,13,5295,Location007,0,0,FALSE,FALSE,FALSE
ID137,2026-02-13,2516,71846.5,110,10,10,4721,Location007,0,0,FALSE,FALSE,FALSE
ID137,2026-02-14,4005,73181,111,13,13,5066,Location007,0,0,FALSE,FALSE,FALSE
ID137,2026-02-15,3872,72785,112,17,17,6449,Location007,0,0,FALSE,FALSE,FALSE
ID137,2026-02-16,2565,75116,113,13,13,5243,Location007,0,0,FALSE,FALSE,FALSE
ID137,2026-02-17,3050,76951,114,13,13,5274,Location007,0,0,FALSE,FALSE,FALSE
ID137,2026-02-18,3147,78670,115,18,18,7492,Location007,0,0,FALSE,FALSE,FALSE
ID137,2026-02-19,2915,79377,116,15,15,5415,Location007,0,0,FALSE,FALSE,FALSE
ID137,2026-02-20,3229,79375,117,17,17,6184,Location007,0,0,FALSE,FALSE,FALSE
ID137,2026-02-21,2571,80692,118,15,15,6310,Location007,0,0,FALSE,FALSE,FALSE
ID137,2026-02-22,3245,82405,119,11,11,5900,Location007,0,0,FALSE,FALSE,FALSE
ID137,2026-02-23,3143,84728.5,120,14,14,6679,Location007,0,0,FALSE,FALSE,FALSE
ID137,2026-02-24,2696,87717,121,13,13,5369,Location007,0,0,FALSE,FALSE,FALSE
ID137,2026-02-25,2434,85839,122,12,12,3924,Location007,0,0,FALSE,FALSE,FALSE
ID137,2026-02-26,2710,85045,123,16,16,4637,Location007,0,0,FALSE,FALSE,FALSE
ID137,2026-02-27,2438,86254,124,11,11,3963,Location007,0,0,FALSE,FALSE,FALSE
ID137,2026-02-28,3157,87138,125,14,14,6029,Location007,0,0,FALSE,FALSE,FALSE
ID137,2026-03-01,2991,90270.5,126,12,12,5829,Location007,0,0,FALSE,FALSE,FALSE
ID137,2026-03-02,3478,92415,127,13,13,5541,Location007,0,0,FALSE,FALSE,FALSE
ID137,2026-03-03,3333,92704.5,128,12,12,5791,Location007,0,0,FALSE,FALSE,FALSE
ID137,2026-03-04,3210,94270,129,13,13,5099,Location007,0,0,FALSE,FALSE,FALSE
ID137,2026-03-05,3445,94748,130,11,11,5934,Location007,0,0,FALSE,FALSE,FALSE
ID137,2026-03-06,3287,96569,131,17,17,6388,Location007,0,0,FALSE,FALSE,FALSE
ID137,2026-03-07,4332,96259,132,16,16,5344,Location007,0,0,FALSE,FALSE,FALSE
ID137,2026-03-08,4857,98688,133,18,0,0,Location007,0,18,FALSE,FALSE,FALSE
ID137,2026-03-09,3119,100401,134,12,12,5811,Location007,0,0,FALSE,FALSE,FALSE
ID137,2026-03-10,3487,101526,135,14,14,4956,Location007,0,0,FALSE,FALSE,FALSE
ID137,2026-03-11,5139,103683,136,19,0,0,Location007,0,19,FALSE,FALSE,FALSE
ID137,2026-03-12,4308,105737,137,18,18,6449,Location007,0,0,FALSE,FALSE,FALSE
ID137,2026-03-13,3312,105968,138,13,13,7259,Location007,0,0,FALSE,FALSE,FALSE
ID137,2026-03-14,2817,107239,139,11,11,6823,Location007,0,0,FALSE,FALSE,FALSE
ID137,2026-03-15,3176,109128,140,13,13,5547,Location007,0,0,FALSE,FALSE,FALSE
ID137,2026-03-16,2978,109050,141,9,9,4800,Location007,0,0,FALSE,FALSE,FALSE
ID137,2026-03-17,2659,108399,142,9,9,4228,Location007,0,0,FALSE,FALSE,FALSE
ID137,2026-03-18,2874,108500,143,12,12,5723,Location007,0,0,FALSE,FALSE,FALSE
ID137,2026-03-19,3088,109458.5,144,12,12,5936,Location007,0,0,FALSE,FALSE,FALSE
ID137,2026-03-20,2402,111658,145,9,9,3717,Location007,0,0,FALSE,FALSE,FALSE
ID137,2026-03-21,5507,111259,146,13,0,0,Location007,0,13,FALSE,FALSE,FALSE
ID137,2026-03-22,2543,114795,147,9,9,5591,Location007,0,0,FALSE,FALSE,FALSE
ID137,2026-03-23,2159,116557,148,8,8,4088,Location007,0,0,FALSE,FALSE,FALSE
ID137,2026-03-24,2538,114507,149,10,10,4875,Location007,0,0,FALSE,FALSE,FALSE
ID137,2026-03-25,1816,113747.5,150,6,6,3605,Location007,0,0,FALSE,FALSE,FALSE
ID137,2026-03-26,2750,115408,151,8,8,4112,Location007,0,0,FALSE,FALSE,FALSE
ID137,2026-03-27,2852,115301,152,11,11,4295,Location007,0,0,FALSE,FALSE,FALSE
ID137,2026-03-28,3157,119193.5,153,12,12,4726,Location007,0,0,FALSE,FALSE,FALSE
ID137,2026-03-29,2215,118789.5,154,10,10,3460,Location007,0,0,FALSE,FALSE,FALSE
ID137,2026-03-30,3342,118931,155,13,13,4810,Location007,0,0,FALSE,FALSE,FALSE
ID137,2026-03-31,3502,123580,156,12,12,5126,Location007,0,0,FALSE,FALSE,FALSE
ID137,2026-04-01,2383,125387.5,157,10,10,4658,Location007,0,0,FALSE,FALSE,FALSE
ID137,2026-04-02,4053,126355,158,13,13,5572,Location007,0,0,FALSE,FALSE,FALSE
ID137,2026-04-03,3442,127875,159,13,13,4269,Location007,0,0,FALSE,FALSE,FALSE
ID137,2026-04-04,4828,128660.5,160,12,0,0,Location007,0,12,FALSE,FALSE,FALSE
ID137,2026-04-05,3604,129378,161,15,15,5399,Location007,0,0,FALSE,FALSE,FALSE
ID137,2026-04-06,3344,130102,162,13,13,4310,Location007,0,0,FALSE,FALSE,FALSE
ID137,2026-04-07,1716,129861,163,10,0,0,Location007,0,10,FALSE,FALSE,FALSE
ID137,2026-04-08,2888,129714,164,14,14,3817,Location007,0,0,FALSE,FALSE,FALSE
ID137,2026-04-09,3389,131182.5,165,14,14,4015,Location007,0,0,FALSE,FALSE,FALSE
ID137,2026-04-10,3349,135151,166,17,17,3748,Location007,0,0,FALSE,FALSE,FALSE
ID137,2026-04-11,2576,133841,167,13,13,4143,Location007,0,0,FALSE,FALSE,FALSE
ID137,2026-04-12,2768,138178,168,13,13,3201,Location007,0,0,FALSE,FALSE,FALSE
ID137,2026-04-13,2939,139369,169,13,13,4550,Location007,1,0,FALSE,FALSE,FALSE
ID137,2026-04-14,3131,137342,170,15,15,3896,Location007,4,0,FALSE,FALSE,FALSE
ID137,2026-04-15,4015,138783,171,15,15,4684,Location007,8,0,FALSE,FALSE,FALSE
ID137,2026-04-16,3748,139558,172,16,16,4730,Location007,12,0,FALSE,FALSE,FALSE
ID137,2026-04-17,3595,139013,173,15,15,3588,Location007,12,0,FALSE,FALSE,FALSE
ID137,2026-04-18,2821,138177,174,13,13,3943,Location007,12,0,FALSE,FALSE,FALSE
ID137,2026-04-19,2806,139560,175,14,14,2879,Location007,4,0,FALSE,FALSE,FALSE
ID137,2026-04-20,3317,139854,176,12,12,4118,Location007,10,0,FALSE,FALSE,FALSE
ID137,2026-04-21,3416,,177,14,14,3828,Location007,14,0,FALSE,TRUE,FALSE
ID137,2026-04-22,3734,,178,18,18,4978,Location007,18,0,FALSE,TRUE,FALSE
ID137,2026-04-23,4789,,179,21,21,5655,Location007,21,0,FALSE,TRUE,FALSE
ID137,2026-04-24,4254,,180,18,18,4659,Location007,0,0,FALSE,TRUE,FALSE
ID140,2025-12-30,728,,65,12,0,0,Location007,12,12,FALSE,TRUE,FALSE
ID140,2025-12-31,1445,,66,19,19,5282,Location007,19,0,FALSE,TRUE,FALSE
ID140,2026-01-02,1419,41528,68,26,26,7729,Location007,8,0,FALSE,FALSE,FALSE
ID140,2026-01-03,1461,26812,69,16,16,8368,Location007,4,0,FALSE,FALSE,FALSE
ID140,2026-01-04,2156,33280,70,31,31,10025,Location007,31,0,FALSE,TRUE,FALSE
ID140,2026-01-05,1539,39748,71,25,25,5756,Location007,25,0,FALSE,TRUE,FALSE
ID140,2026-01-06,4398,46216,72,24,0,0,Location007,7,24,FALSE,FALSE,FALSE
ID140,2026-01-07,2589,27382,73,35,35,5265,Location007,14,0,FALSE,FALSE,FALSE
ID140,2026-01-08,2858,30343,74,15,15,5143,Location007,1,0,FALSE,FALSE,FALSE
ID140,2026-01-09,3071,30343,75,34,34,5238,Location007,0,0,FALSE,FALSE,FALSE
ID140,2026-01-10,1631,33466.3333333333,76,19,0,0,Location007,0,19,FALSE,TRUE,FALSE
ID140,2026-01-11,2661,36589.6666666667,77,31,31,8217,Location007,0,0,FALSE,TRUE,FALSE
ID140,2026-01-12,4358,39713,78,30,0,0,Location007,0,30,FALSE,FALSE,FALSE
ID140,2026-01-13,5845,39713,79,38,0,0,Location007,16,38,FALSE,FALSE,FALSE
ID140,2026-01-14,3927,32279,80,32,0,0,Location007,5,32,FALSE,FALSE,FALSE
ID140,2026-01-17,2369,36896.5,83,24,24,3921,Location007,0,0,FALSE,FALSE,FALSE
ID140,2026-01-18,2744,37277,84,39,39,4405,Location007,0,0,FALSE,FALSE,FALSE
ID140,2026-01-19,1920,38460.5,85,8,8,4250,Location007,0,0,FALSE,FALSE,FALSE
ID140,2026-01-20,2375,39876,86,17,17,4805,Location007,0,0,FALSE,FALSE,FALSE
ID140,2026-01-21,1571,40077,87,17,17,5550,Location007,0,0,FALSE,FALSE,FALSE
ID140,2026-01-22,2232,42620,88,14,14,5441,Location007,0,0,FALSE,FALSE,FALSE
ID140,2026-01-23,1526,43099,89,13,13,3255,Location007,0,0,FALSE,FALSE,FALSE
ID140,2026-01-24,1790,44208,90,16,16,5569,Location007,0,0,FALSE,FALSE,FALSE
ID140,2026-01-25,1875,45166,91,12,12,5955,Location007,0,0,FALSE,FALSE,FALSE
ID140,2026-01-26,2287,46035,92,13,13,6562,Location007,0,0,FALSE,FALSE,FALSE
ID140,2026-01-27,1140,46623,93,6,6,4681,Location007,0,0,FALSE,FALSE,FALSE
ID140,2026-01-28,3238,48153.5,94,14,0,0,Location007,0,14,FALSE,FALSE,FALSE
ID140,2026-01-29,2930,48665.5,95,10,10,5221,Location007,0,0,FALSE,FALSE,FALSE
ID140,2026-01-30,2288,49278.5,96,12,12,4321,Location007,0,0,FALSE,FALSE,FALSE
ID140,2026-01-31,1594,50031,97,11,11,4273,Location007,0,0,FALSE,FALSE,FALSE
ID140,2026-02-01,2362,52308.5,98,16,16,5002,Location007,0,0,FALSE,FALSE,FALSE
ID140,2026-02-02,2454,52611,99,11,11,3918,Location007,0,0,FALSE,FALSE,FALSE
ID140,2026-02-03,1788,52372,100,13,13,4089,Location007,0,0,FALSE,FALSE,FALSE
ID140,2026-02-04,2349,55072,101,9,9,4746,Location007,0,0,FALSE,FALSE,FALSE
ID140,2026-02-05,1498,55381,102,11,11,4206,Location007,0,0,FALSE,FALSE,FALSE
ID140,2026-02-06,1986,57049,103,9,9,3593,Location007,0,0,FALSE,FALSE,FALSE
ID140,2026-02-07,2422,57965,104,9,9,4642,Location007,0,0,FALSE,FALSE,FALSE
ID140,2026-02-08,3202,59718,105,15,15,6163,Location007,0,0,FALSE,FALSE,FALSE
ID140,2026-02-09,2336,59249,106,8,8,5085,Location007,0,0,FALSE,FALSE,FALSE
ID140,2026-02-10,1333,61045,107,6,6,5415,Location007,0,0,FALSE,FALSE,FALSE
ID140,2026-02-11,1735,62051,108,8,8,4508,Location007,0,0,FALSE,FALSE,FALSE
ID140,2026-02-12,2037,63679,109,7,7,4448,Location007,0,0,FALSE,FALSE,FALSE
ID140,2026-02-13,1794,62933,110,6,6,3936,Location007,0,0,FALSE,FALSE,FALSE
ID140,2026-02-14,2670,63561.5,111,10,10,4332,Location007,0,0,FALSE,FALSE,FALSE
ID140,2026-02-15,2334,63777,112,16,16,4597,Location007,0,0,FALSE,FALSE,FALSE
ID140,2026-02-16,2382,66732,113,11,11,5662,Location007,0,0,FALSE,FALSE,FALSE
ID140,2026-02-17,2181,68331,114,11,11,5710,Location007,0,0,FALSE,FALSE,FALSE
ID140,2026-02-18,1851,70108,115,10,10,4612,Location007,0,0,FALSE,FALSE,FALSE
ID140,2026-02-19,2689,71572,116,12,12,5811,Location007,0,0,FALSE,FALSE,FALSE
ID140,2026-02-20,2095,69834,117,11,11,4090,Location007,0,0,FALSE,FALSE,FALSE
ID140,2026-02-21,2803,72630,118,7,7,4778,Location007,0,0,FALSE,FALSE,FALSE
ID140,2026-02-22,2215,74811,119,8,8,4570,Location007,0,0,FALSE,FALSE,FALSE
ID140,2026-02-23,2509,74327,120,6,6,5294,Location007,0,0,FALSE,FALSE,FALSE
ID140,2026-02-24,2610,76736.5,121,8,8,5653,Location007,0,0,FALSE,FALSE,FALSE
ID140,2026-02-25,2076,78062,122,12,12,4912,Location007,0,0,FALSE,FALSE,FALSE
ID140,2026-02-26,2291,78360,123,10,10,4893,Location007,0,0,FALSE,FALSE,FALSE
ID140,2026-02-27,4266,79845.5,124,12,0,0,Location007,0,12,FALSE,FALSE,FALSE
ID140,2026-02-28,3459,80785,125,10,10,5017,Location007,0,0,FALSE,FALSE,FALSE
ID140,2026-03-01,2056,81731,126,11,11,4983,Location007,0,0,FALSE,FALSE,FALSE
ID140,2026-03-02,2608,83140,127,13,13,5100,Location007,0,0,FALSE,FALSE,FALSE
ID140,2026-03-03,2637,83946,128,23,23,6292,Location007,0,0,FALSE,FALSE,FALSE
ID140,2026-03-04,2492,85108,129,9,9,4743,Location007,0,0,FALSE,FALSE,FALSE
ID140,2026-03-05,3079,84687,130,13,13,4788,Location007,0,0,FALSE,FALSE,FALSE
ID140,2026-03-06,5446,86529,131,10,0,0,Location007,0,10,FALSE,FALSE,FALSE
ID140,2026-03-07,3398,86568.5,132,12,12,4857,Location007,0,0,FALSE,FALSE,FALSE
ID140,2026-03-08,3772,86871,133,12,12,4927,Location007,0,0,FALSE,FALSE,FALSE
ID140,2026-03-09,3042,88623,134,9,9,5099,Location007,0,0,FALSE,FALSE,FALSE
ID140,2026-03-10,1355,86555,135,5,0,0,Location007,0,5,FALSE,FALSE,FALSE
ID140,2026-03-11,1691,85845,136,8,8,4599,Location007,0,0,FALSE,FALSE,FALSE
ID140,2026-03-12,3632,88484,137,9,9,5464,Location007,0,0,FALSE,FALSE,FALSE
ID140,2026-03-13,2596,91069,138,7,7,4324,Location007,0,0,FALSE,FALSE,FALSE
ID140,2026-03-14,3356,91512,139,13,13,6218,Location007,0,0,FALSE,FALSE,FALSE
ID140,2026-03-15,2220,93663,140,9,9,5877,Location007,0,0,FALSE,FALSE,FALSE
ID140,2026-03-16,3092,95076,141,16,16,5845,Location007,0,0,FALSE,FALSE,FALSE
ID140,2026-03-17,1987,94876,142,9,9,3832,Location007,0,0,FALSE,FALSE,FALSE
ID140,2026-03-18,2669,95568,143,13,13,5259,Location007,0,0,FALSE,FALSE,FALSE
ID140,2026-03-19,2983,98380,144,13,13,5082,Location007,0,0,FALSE,FALSE,FALSE
ID140,2026-03-20,1169,98046.5,145,10,0,0,Location007,0,10,FALSE,FALSE,FALSE
ID140,2026-03-21,3206,95746,146,14,14,4768,Location007,0,0,FALSE,FALSE,FALSE
ID140,2026-03-22,3414,100614,147,19,19,4668,Location007,0,0,FALSE,FALSE,FALSE
ID140,2026-03-23,3009,103325,148,13,13,5472,Location007,0,0,FALSE,FALSE,FALSE
ID140,2026-03-24,2331,101252,149,7,7,3546,Location007,0,0,FALSE,FALSE,FALSE
ID140,2026-03-25,4024,104253,150,14,0,0,Location007,0,14,FALSE,FALSE,FALSE
ID140,2026-03-26,2659,104211,151,5,5,4477,Location007,0,0,FALSE,FALSE,FALSE
ID140,2026-03-27,2334,103189.5,152,10,10,3421,Location007,0,0,FALSE,FALSE,FALSE
ID140,2026-03-28,2180,104349,153,12,12,3873,Location007,0,0,FALSE,FALSE,FALSE
ID140,2026-03-29,1975,104821,154,5,5,3392,Location007,0,0,FALSE,FALSE,FALSE
ID140,2026-03-30,3803,107921,155,11,0,0,Location007,0,11,FALSE,FALSE,FALSE
ID140,2026-03-31,1949,107193,156,5,5,3098,Location007,0,0,FALSE,FALSE,FALSE
ID140,2026-04-01,2475,106335,157,7,7,5134,Location007,0,0,FALSE,FALSE,FALSE
ID140,2026-04-02,306,103733,158,2,0,0,Location007,0,2,FALSE,FALSE,FALSE
ID140,2026-04-03,999,107732,159,3,0,0,Location007,0,3,FALSE,FALSE,FALSE
ID140,2026-04-04,3267,104822.5,160,8,8,4936,Location007,0,0,FALSE,FALSE,FALSE
ID140,2026-04-05,3221,107403,161,11,11,5041,Location007,0,0,FALSE,FALSE,FALSE
ID140,2026-04-06,2521,107951,162,6,6,3808,Location007,0,0,FALSE,FALSE,FALSE
ID140,2026-04-07,2833,107369,163,5,5,3703,Location007,0,0,FALSE,FALSE,FALSE
ID140,2026-04-08,1469,108488,164,15,15,3444,Location007,0,0,FALSE,FALSE,FALSE
ID140,2026-04-09,2095,109278.5,165,10,10,3201,Location007,0,0,FALSE,FALSE,FALSE
ID140,2026-04-10,2359,108236,166,12,12,3500,Location007,0,0,FALSE,FALSE,FALSE
ID140,2026-04-11,1946,108317,167,7,7,2747,Location007,0,0,FALSE,FALSE,FALSE
ID140,2026-04-12,1452,109333,168,9,9,3334,Location007,0,0,FALSE,FALSE,FALSE
ID140,2026-04-13,1839,108200,169,5,5,2862,Location007,0,0,FALSE,FALSE,FALSE
ID140,2026-04-14,1625,109661,170,10,10,2556,Location007,0,0,FALSE,FALSE,FALSE
ID140,2026-04-15,1556,108964,171,6,6,3291,Location007,0,0,FALSE,FALSE,FALSE
ID140,2026-04-16,2781,109159,172,11,11,4205,Location007,0,0,FALSE,FALSE,FALSE
ID140,2026-04-17,1928,109356,173,14,14,3503,Location007,0,0,FALSE,FALSE,FALSE
ID140,2026-04-18,1674,111000,174,6,6,3852,Location007,0,0,FALSE,FALSE,FALSE
ID140,2026-04-19,1428,110337,175,5,5,2005,Location007,0,0,FALSE,FALSE,FALSE
ID140,2026-04-20,2756,109891,176,17,17,4729,Location007,0,0,FALSE,FALSE,FALSE
ID140,2026-04-21,2099,111367,177,9,9,3403,Location007,0,0,FALSE,FALSE,FALSE
ID140,2026-04-22,2946,112878,178,15,15,4410,Location007,0,0,FALSE,FALSE,FALSE
ID140,2026-04-23,1875,113602,179,7,7,5113,Location007,0,0,FALSE,FALSE,FALSE
ID140,2026-04-24,2421,,180,9,9,4142,Location007,0,0,FALSE,TRUE,FALSE
ID145,2025-12-30,105,,67,1,0,0,Location006,1,1,FALSE,TRUE,FALSE
ID145,2025-12-31,1262,,68,11,11,4975,Location006,11,0,FALSE,TRUE,FALSE
ID145,2026-01-01,1575,37428,69,11,11,5598,Location006,3,0,FALSE,FALSE,FALSE
ID145,2026-01-03,1604,40548.1428571429,71,17,17,4184,Location006,17,0,FALSE,TRUE,FALSE
ID145,2026-01-04,1593,43668.2857142857,72,9,9,6357,Location006,9,0,FALSE,TRUE,FALSE
ID145,2026-01-05,1283,46788.4285714286,73,12,12,5935,Location006,12,0,FALSE,TRUE,FALSE
ID145,2026-01-06,3314,49908.5714285714,74,17,17,4294,Location006,17,0,FALSE,TRUE,FALSE
ID145,2026-01-07,204,53028.7142857143,75,7,0,0,Location006,7,7,FALSE,TRUE,FALSE
ID145,2026-01-08,1125,56148.8571428572,76,8,8,4833,Location006,8,0,FALSE,TRUE,FALSE
ID145,2026-01-11,1732,59269,79,9,9,5602,Location006,3,0,FALSE,FALSE,FALSE
ID145,2026-01-13,1062,37282,81,14,14,2592,Location006,0,0,FALSE,FALSE,FALSE
ID145,2026-01-15,709,40969,83,6,0,0,Location006,0,6,FALSE,FALSE,FALSE
ID145,2026-01-17,1041,42084,85,13,13,3093,Location006,0,0,FALSE,FALSE,FALSE
ID145,2026-01-18,2122,43015,86,12,12,2947,Location006,0,0,FALSE,FALSE,FALSE
ID145,2026-01-19,1740,43940,87,17,17,4729,Location006,0,0,FALSE,FALSE,FALSE
ID145,2026-01-20,4405,44460,88,13,13,5766,Location006,0,0,FALSE,FALSE,FALSE
ID145,2026-01-21,1601,46842,89,8,8,4812,Location006,0,0,FALSE,FALSE,FALSE
ID145,2026-01-22,1273,47304,90,13,13,3070,Location006,0,0,FALSE,FALSE,FALSE
ID145,2026-01-23,784,47909,91,5,5,1971,Location006,0,0,FALSE,FALSE,FALSE
ID145,2026-01-24,1886,48554,92,9,9,5242,Location006,0,0,FALSE,FALSE,FALSE
ID145,2026-01-25,978,49933.5,93,4,4,2409,Location006,0,0,FALSE,FALSE,FALSE
ID145,2026-01-26,1379,50849,94,5,5,3605,Location006,0,0,FALSE,FALSE,FALSE
ID145,2026-01-27,2060,53177,95,10,10,5516,Location006,0,0,FALSE,FALSE,FALSE
ID145,2026-01-28,1094,54433,96,6,6,3485,Location006,0,0,FALSE,FALSE,FALSE
ID145,2026-01-29,2135,55164,97,8,8,4659,Location006,0,0,FALSE,FALSE,FALSE
ID145,2026-01-30,1242,55159,98,7,7,4094,Location006,0,0,FALSE,FALSE,FALSE
ID145,2026-01-31,2291,56332.5,99,10,10,3862,Location006,0,0,FALSE,FALSE,FALSE
ID145,2026-02-01,2431,57300,100,6,6,3813,Location006,0,0,FALSE,FALSE,FALSE
ID145,2026-02-02,2244,58742,101,11,11,4349,Location006,0,0,FALSE,FALSE,FALSE
ID145,2026-02-03,3238,60076,102,13,13,5463,Location006,0,0,FALSE,FALSE,FALSE
ID145,2026-02-04,1753,61046,103,9,9,3866,Location006,0,0,FALSE,FALSE,FALSE
ID145,2026-02-05,2073,61944,104,11,11,3962,Location006,0,0,FALSE,FALSE,FALSE
ID145,2026-02-06,1611,62682,105,8,8,3426,Location006,0,0,FALSE,FALSE,FALSE
ID145,2026-02-07,2232,63493,106,7,7,3922,Location006,0,0,FALSE,FALSE,FALSE
ID145,2026-02-08,2993,64649,107,10,10,5178,Location006,0,0,FALSE,FALSE,FALSE
ID145,2026-02-09,1880,66133.5,108,8,8,2461,Location006,0,0,FALSE,FALSE,FALSE
ID145,2026-02-10,1368,67270,109,9,9,2489,Location006,0,0,FALSE,FALSE,FALSE
ID145,2026-02-11,1899,67492,110,7,7,3768,Location006,0,0,FALSE,FALSE,FALSE
ID145,2026-02-12,2398,68067,111,10,10,3959,Location006,0,0,FALSE,FALSE,FALSE
ID145,2026-02-13,2577,70279,112,10,10,4640,Location006,0,0,FALSE,FALSE,FALSE
ID145,2026-02-14,3153,72722,113,12,12,5653,Location006,0,0,FALSE,FALSE,FALSE
ID145,2026-02-15,1938,73341,114,19,19,4403,Location006,0,0,FALSE,FALSE,FALSE
ID145,2026-02-16,2674,75197.5,115,12,12,5302,Location006,0,0,FALSE,FALSE,FALSE
ID145,2026-02-17,1413,76175,116,5,5,2461,Location006,0,0,FALSE,FALSE,FALSE
ID145,2026-02-18,2772,77535,117,9,9,4140,Location006,0,0,FALSE,FALSE,FALSE
ID145,2026-02-19,2803,78819,118,10,10,3907,Location006,0,0,FALSE,FALSE,FALSE
ID145,2026-02-20,2962,80279,119,10,10,4657,Location006,0,0,FALSE,FALSE,FALSE
ID145,2026-02-21,1846,80841,120,7,7,2917,Location006,0,0,FALSE,FALSE,FALSE
ID145,2026-02-22,3111,82346,121,17,17,4729,Location006,0,0,FALSE,FALSE,FALSE
ID145,2026-02-23,2270,83407,122,9,9,3422,Location006,0,0,FALSE,FALSE,FALSE
ID145,2026-02-24,2434,85233,123,9,9,3565,Location006,0,0,FALSE,FALSE,FALSE
ID145,2026-02-25,2809,86466,124,11,11,4038,Location006,0,0,FALSE,FALSE,FALSE
ID145,2026-02-26,2921,86901,125,14,14,4114,Location006,0,0,FALSE,FALSE,FALSE
ID145,2026-02-27,1535,88600,126,7,7,2993,Location006,0,0,FALSE,FALSE,FALSE
ID145,2026-02-28,2912,89007,127,15,15,3925,Location006,0,0,FALSE,FALSE,FALSE
ID145,2026-03-01,3668,90727,128,14,14,4692,Location006,0,0,FALSE,FALSE,FALSE
ID145,2026-03-02,1993,92218,129,9,9,4231,Location006,0,0,FALSE,FALSE,FALSE
ID145,2026-03-03,1696,92955,130,7,7,2216,Location006,0,0,FALSE,FALSE,FALSE
ID145,2026-03-04,3198,93444,131,12,12,4350,Location006,0,0,FALSE,FALSE,FALSE
ID145,2026-03-05,2649,95796,132,13,13,5444,Location006,0,0,FALSE,FALSE,FALSE
ID145,2026-03-06,3085,97309,133,11,11,4224,Location006,0,0,FALSE,FALSE,FALSE
ID145,2026-03-07,2539,97583,134,14,14,4471,Location006,0,0,FALSE,FALSE,FALSE
ID145,2026-03-08,3438,97196.5,135,16,16,3961,Location006,0,0,FALSE,FALSE,FALSE
ID145,2026-03-09,3334,100389,136,13,13,4651,Location006,0,0,FALSE,FALSE,FALSE
ID145,2026-03-10,2795,102221,137,14,14,5229,Location006,0,0,FALSE,FALSE,FALSE
ID145,2026-03-11,2601,104755,138,12,12,4078,Location006,0,0,FALSE,FALSE,FALSE
ID145,2026-03-12,3362,105358,139,16,16,6234,Location006,0,0,FALSE,FALSE,FALSE
ID145,2026-03-13,4286,107081,140,16,16,6151,Location006,0,0,FALSE,FALSE,FALSE
ID145,2026-03-14,3182,107764.5,141,12,12,4687,Location006,0,0,FALSE,FALSE,FALSE
ID145,2026-03-15,3466,107764,142,15,15,4828,Location006,0,0,FALSE,FALSE,FALSE
ID145,2026-03-16,2699,109529,143,16,16,5073,Location006,0,0,FALSE,FALSE,FALSE
ID145,2026-03-17,2668,109728,144,9,9,3660,Location006,0,0,FALSE,FALSE,FALSE
ID145,2026-03-18,2992,112743,145,17,17,4592,Location006,0,0,FALSE,FALSE,FALSE
ID145,2026-03-19,3053,112572,146,14,14,3792,Location006,0,0,FALSE,FALSE,FALSE
ID145,2026-03-20,2138,112785,147,9,9,3399,Location006,0,0,FALSE,FALSE,FALSE
ID145,2026-03-21,3551,115230,148,26,26,5976,Location006,0,0,FALSE,FALSE,FALSE
ID145,2026-03-22,3169,114187,149,13,13,4541,Location006,0,0,FALSE,FALSE,FALSE
ID145,2026-03-23,1875,115745,150,12,12,3897,Location006,0,0,FALSE,FALSE,FALSE
ID145,2026-03-24,3246,116938.5,151,12,12,4746,Location006,0,0,FALSE,FALSE,FALSE
ID145,2026-03-25,2404,116833,152,13,13,4687,Location006,0,0,FALSE,FALSE,FALSE
ID145,2026-03-26,2998,117215,153,14,14,3172,Location006,0,0,FALSE,FALSE,FALSE
ID145,2026-03-27,3114,119018,154,14,14,5002,Location006,0,0,FALSE,FALSE,FALSE
ID145,2026-03-28,3098,123284,155,11,11,4352,Location006,0,0,FALSE,FALSE,FALSE
ID145,2026-03-29,2422,122463,156,12,12,3689,Location006,0,0,FALSE,FALSE,FALSE
ID145,2026-03-30,2746,123653,157,17,17,4344,Location006,0,0,FALSE,FALSE,FALSE
ID145,2026-03-31,3392,125262,158,13,13,6088,Location006,0,0,FALSE,FALSE,FALSE
ID145,2026-04-01,2347,125243,159,20,20,4003,Location006,0,0,FALSE,FALSE,FALSE
ID145,2026-04-02,2428,124715,160,23,23,3174,Location006,0,0,FALSE,FALSE,FALSE
ID145,2026-04-03,5665,125093,161,15,0,0,Location006,0,15,FALSE,FALSE,FALSE
ID145,2026-04-04,1671,127637,162,5,5,975,Location006,0,0,FALSE,FALSE,FALSE
ID145,2026-04-05,2655,125355,163,8,8,3721,Location006,0,0,FALSE,FALSE,FALSE
ID145,2026-04-06,2726,125399,164,15,15,3367,Location006,0,0,FALSE,FALSE,FALSE
ID145,2026-04-07,2785,127346,165,17,17,4055,Location006,0,0,FALSE,FALSE,FALSE
ID146,2025-12-30,1051,41837,88,3,0,0,Location005,0,3,FALSE,FALSE,FALSE
ID146,2025-12-31,1537,41945.5,89,10,10,6619,Location005,10,0,FALSE,TRUE,FALSE
ID146,2026-01-03,5786,42054,92,9,0,0,Location005,0,9,FALSE,FALSE,FALSE
ID146,2026-01-04,2970,41261,93,6,6,4067,Location005,0,0,FALSE,FALSE,FALSE
ID146,2026-01-06,2450,39054,95,7,7,3918,Location005,0,0,FALSE,FALSE,FALSE
ID146,2026-01-07,1293,42922,96,7,7,4095,Location005,7,0,FALSE,TRUE,FALSE
ID146,2026-01-08,711,46790,97,8,0,0,Location005,0,8,FALSE,FALSE,FALSE
ID146,2026-01-09,1813,48500.25,98,10,10,6225,Location005,10,0,FALSE,TRUE,FALSE
ID146,2026-01-10,2761,50210.5,99,10,10,9708,Location005,10,0,FALSE,TRUE,FALSE
ID146,2026-01-11,1624,51920.75,100,6,6,5642,Location005,6,0,FALSE,TRUE,FALSE
ID146,2026-01-13,2497,53631,102,8,8,6545,Location005,0,0,FALSE,FALSE,FALSE
ID146,2026-01-14,4988,54953,103,14,0,0,Location005,0,14,FALSE,FALSE,FALSE
ID146,2026-01-17,2214,57774.5,106,12,12,6056,Location005,0,0,FALSE,FALSE,FALSE
ID146,2026-01-18,2291,58403,107,11,11,6511,Location005,0,0,FALSE,FALSE,FALSE
ID146,2026-01-19,2394,60496,108,10,10,6348,Location005,0,0,FALSE,FALSE,FALSE
ID146,2026-01-20,2820,60973,109,11,11,7413,Location005,0,0,FALSE,FALSE,FALSE
ID146,2026-01-21,1907,62376,110,8,8,6286,Location005,0,0,FALSE,FALSE,FALSE
ID146,2026-01-22,1780,62343,111,8,8,5749,Location005,0,0,FALSE,FALSE,FALSE
ID146,2026-01-23,2607,63185,112,10,10,6521,Location005,0,0,FALSE,FALSE,FALSE
ID146,2026-01-24,2825,65467,113,11,11,8143,Location005,0,0,FALSE,FALSE,FALSE
ID146,2026-01-25,1871,65866,114,7,7,5449,Location005,0,0,FALSE,FALSE,FALSE
ID146,2026-01-26,353,66619,115,4,0,0,Location005,0,4,FALSE,FALSE,FALSE
ID146,2026-01-27,2036,62783,116,4,4,2590,Location005,0,0,FALSE,FALSE,FALSE
ID146,2026-01-28,3012,67626,117,7,7,8486,Location005,0,0,FALSE,FALSE,FALSE
ID146,2026-01-29,2349,69747.5,118,8,8,6690,Location005,0,0,FALSE,FALSE,FALSE
ID146,2026-01-30,1863,70832,119,9,9,5676,Location005,0,0,FALSE,FALSE,FALSE
ID146,2026-01-31,2637,71858,120,7,7,6946,Location005,0,0,FALSE,FALSE,FALSE
ID146,2026-02-01,2537,72199,121,7,7,5457,Location005,0,0,FALSE,FALSE,FALSE
ID146,2026-02-02,2145,73424,122,8,8,7231,Location005,0,0,FALSE,FALSE,FALSE
ID146,2026-02-03,2454,74397.5,123,18,18,6523,Location005,0,0,FALSE,FALSE,FALSE
ID146,2026-02-04,2887,75695,124,10,10,6620,Location005,0,0,FALSE,FALSE,FALSE
ID146,2026-02-05,2871,77187,125,13,13,5465,Location005,0,0,FALSE,FALSE,FALSE
ID146,2026-02-06,1435,77040,126,3,3,4546,Location005,0,0,FALSE,FALSE,FALSE
ID146,2026-02-07,2462,77461,127,15,15,6246,Location005,0,0,FALSE,FALSE,FALSE
ID146,2026-02-08,2752,79312,128,9,9,6014,Location005,0,0,FALSE,FALSE,FALSE
ID146,2026-02-09,2652,81994,129,9,9,5393,Location005,0,0,FALSE,FALSE,FALSE
ID146,2026-02-10,2736,81726,130,12,12,5255,Location005,0,0,FALSE,FALSE,FALSE
ID146,2026-02-11,2772,82656,131,11,11,5240,Location005,0,0,FALSE,FALSE,FALSE
ID146,2026-02-12,3862,84550,132,14,14,6390,Location005,0,0,FALSE,FALSE,FALSE
ID146,2026-02-13,3681,85119,133,14,14,5770,Location005,0,0,FALSE,FALSE,FALSE
ID146,2026-02-14,2558,86343,134,9,9,6025,Location005,0,0,FALSE,FALSE,FALSE
ID146,2026-02-15,5470,86813,135,10,0,0,Location005,0,10,FALSE,FALSE,FALSE
ID146,2026-02-16,3037,88479,136,13,13,5386,Location005,0,0,FALSE,FALSE,FALSE
ID146,2026-02-17,3752,90372,137,18,18,6285,Location005,0,0,FALSE,FALSE,FALSE
ID146,2026-02-18,2487,91261.5,138,12,12,4911,Location005,0,0,FALSE,FALSE,FALSE
ID146,2026-02-19,3372,91489,139,15,15,6379,Location005,0,0,FALSE,FALSE,FALSE
ID146,2026-02-20,3948,92579,140,15,15,6025,Location005,0,0,FALSE,FALSE,FALSE
ID146,2026-02-21,2283,94234.5,141,12,12,4632,Location005,0,0,FALSE,FALSE,FALSE
ID146,2026-02-22,3478,94855,142,13,13,5368,Location005,0,0,FALSE,FALSE,FALSE
ID146,2026-02-23,3086,95213,143,12,12,5643,Location005,0,0,FALSE,FALSE,FALSE
ID146,2026-02-24,2628,96899,144,9,9,4294,Location005,0,0,FALSE,FALSE,FALSE
ID146,2026-02-25,3744,97086,145,12,12,5314,Location005,0,0,FALSE,FALSE,FALSE
ID146,2026-02-26,3492,101157.5,146,12,12,5982,Location005,0,0,FALSE,FALSE,FALSE
ID146,2026-02-27,3002,99380,147,12,12,4762,Location005,0,0,FALSE,FALSE,FALSE
ID146,2026-02-28,3240,100684.5,148,12,12,5544,Location005,0,0,FALSE,FALSE,FALSE
ID146,2026-03-01,5912,103192,149,17,0,0,Location005,0,17,FALSE,FALSE,FALSE
ID146,2026-03-02,2459,103687,150,12,12,5389,Location005,0,0,FALSE,FALSE,FALSE
ID146,2026-03-03,2545,105153,151,13,13,5836,Location005,0,0,FALSE,FALSE,FALSE
ID146,2026-03-04,3948,105841,152,13,13,6078,Location005,0,0,FALSE,FALSE,FALSE
ID146,2026-03-05,4529,107840,153,18,18,6788,Location005,0,0,FALSE,FALSE,FALSE
ID146,2026-03-06,3064,107502,154,13,13,4212,Location005,0,0,FALSE,FALSE,FALSE
ID146,2026-03-07,2896,107975,155,10,10,4127,Location005,0,0,FALSE,FALSE,FALSE
ID146,2026-03-08,2828,108141,156,13,13,5660,Location005,0,0,FALSE,FALSE,FALSE
ID146,2026-03-09,3473,110060,157,11,11,5201,Location005,0,0,FALSE,FALSE,FALSE
ID146,2026-03-10,4246,110225,158,15,15,5339,Location005,0,0,FALSE,FALSE,FALSE
ID146,2026-03-11,3807,111429,159,13,13,6092,Location005,0,0,FALSE,FALSE,FALSE
ID146,2026-03-12,2250,113971,160,8,8,3958,Location005,0,0,FALSE,FALSE,FALSE
ID146,2026-03-13,4589,112183,161,17,17,5010,Location005,0,0,FALSE,FALSE,FALSE
ID146,2026-03-14,2992,113699,162,13,13,4819,Location005,0,0,FALSE,FALSE,FALSE
ID146,2026-03-15,3242,115599,163,13,13,5428,Location005,0,0,FALSE,FALSE,FALSE
ID146,2026-03-16,3465,116601,164,15,15,5136,Location005,0,0,FALSE,FALSE,FALSE
ID146,2026-03-17,1655,117795,165,8,8,3368,Location005,0,0,FALSE,FALSE,FALSE
ID146,2026-03-18,3863,119097,166,16,16,5722,Location005,0,0,FALSE,FALSE,FALSE
ID146,2026-03-19,2389,119364,167,10,10,4456,Location005,0,0,FALSE,FALSE,FALSE
ID146,2026-03-20,2641,119303,168,10,10,4094,Location005,0,0,FALSE,FALSE,FALSE
ID146,2026-03-21,1965,116642,169,9,9,3342,Location005,0,0,FALSE,FALSE,FALSE
ID146,2026-03-22,1289,119381,170,3,3,1334,Location005,0,0,FALSE,FALSE,FALSE
ID146,2026-03-23,3400,119636,171,12,12,4651,Location005,0,0,FALSE,FALSE,FALSE
ID146,2026-03-24,2810,120103,172,10,10,4549,Location005,0,0,FALSE,FALSE,FALSE
ID146,2026-03-25,2773,122393,173,9,9,4387,Location005,0,0,FALSE,FALSE,FALSE
ID146,2026-03-26,1988,122934,174,8,8,4081,Location005,0,0,FALSE,FALSE,FALSE
ID146,2026-03-27,3200,126219,175,11,11,5045,Location005,0,0,FALSE,FALSE,FALSE
ID146,2026-03-28,3630,126769,176,15,15,5098,Location005,0,0,FALSE,FALSE,FALSE
ID146,2026-03-29,2365,123812,177,7,7,3456,Location005,0,0,FALSE,FALSE,FALSE
ID146,2026-03-30,3683,127502,178,7,7,5755,Location005,0,0,FALSE,FALSE,FALSE
ID146,2026-03-31,5872,125178,179,10,0,0,Location005,0,10,FALSE,FALSE,FALSE
ID146,2026-04-01,3424,127753,180,10,10,5955,Location005,0,0,FALSE,FALSE,FALSE
ID146,2026-04-02,3514,129880,181,10,10,4714,Location005,0,0,FALSE,FALSE,FALSE
ID146,2026-04-03,2361,129668,182,6,6,3737,Location005,0,0,FALSE,FALSE,FALSE
ID146,2026-04-04,5111,129493,183,9,0,0,Location005,0,9,FALSE,FALSE,FALSE
ID146,2026-04-05,3919,129680,184,10,10,5779,Location005,0,0,FALSE,FALSE,FALSE
ID146,2026-04-06,1817,133610,185,7,7,3847,Location005,0,0,FALSE,FALSE,FALSE
ID146,2026-04-07,3775,132448,186,11,11,5606,Location005,0,0,FALSE,FALSE,FALSE
ID146,2026-04-08,1767,133355,187,10,10,2060,Location005,0,0,FALSE,FALSE,FALSE
ID146,2026-04-09,2841,134023,188,19,19,4222,Location005,0,0,FALSE,FALSE,FALSE
ID146,2026-04-10,3431,130988,189,15,15,3275,Location005,0,0,FALSE,FALSE,FALSE
ID146,2026-04-11,2267,133496,190,9,9,2769,Location005,0,0,FALSE,FALSE,FALSE
ID146,2026-04-12,3134,137781.5,191,14,14,3821,Location005,0,0,FALSE,FALSE,FALSE
ID146,2026-04-13,2877,137167,192,16,16,4669,Location005,0,0,FALSE,FALSE,FALSE
ID146,2026-04-14,3243,136080,193,14,14,4103,Location005,0,0,FALSE,FALSE,FALSE
ID146,2026-04-15,1944,137608,194,8,8,2988,Location005,0,0,FALSE,FALSE,FALSE
ID146,2026-04-16,2261,137608,195,9,9,3081,Location005,0,0,FALSE,FALSE,FALSE
ID146,2026-04-17,4692,138182.5,196,16,16,5741,Location005,0,0,FALSE,FALSE,FALSE
ID146,2026-04-18,3371,139884,197,14,14,4369,Location005,9,0,FALSE,FALSE,FALSE
ID146,2026-04-19,2938,139886,198,17,17,4703,Location005,2,0,FALSE,FALSE,FALSE
ID146,2026-04-20,2778,139145,199,13,13,3344,Location005,0,0,FALSE,FALSE,FALSE
ID146,2026-04-21,3726,139481,200,15,15,5168,Location005,11,0,FALSE,FALSE,FALSE
ID146,2026-04-22,3650,139989,201,17,17,5040,Location005,14,0,FALSE,FALSE,FALSE
ID146,2026-04-23,3308,,202,13,13,3734,Location005,13,0,FALSE,TRUE,FALSE
ID146,2026-04-24,1895,,203,8,8,2250,Location005,0,0,FALSE,TRUE,FALSE
ID147,2025-12-30,1676,,79,13,13,4601,Location005,13,0,FALSE,TRUE,FALSE
ID147,2025-12-31,1855,38489,80,6,6,4844,Location005,1,0,FALSE,FALSE,FALSE
ID147,2026-01-01,2513,39589.75,81,7,7,5018,Location005,7,0,FALSE,TRUE,FALSE
ID147,2026-01-02,4756,40690.5,82,8,8,5757,Location005,8,0,FALSE,TRUE,FALSE
ID147,2026-01-03,2384,41791.25,83,11,11,4580,Location005,11,0,FALSE,TRUE,FALSE
ID147,2026-01-04,4448,42892,84,15,15,5249,Location005,0,0,FALSE,FALSE,FALSE
ID147,2026-01-06,1836,44193,86,12,12,5627,Location005,0,0,FALSE,FALSE,FALSE
ID147,2026-01-07,4679,44122.5,87,12,12,5589,Location005,12,0,FALSE,TRUE,FALSE
ID147,2026-01-08,3052,44052,88,19,19,3497,Location005,0,0,FALSE,FALSE,FALSE
ID147,2026-01-09,4143,44745,89,16,16,3674,Location005,0,0,FALSE,FALSE,FALSE
ID147,2026-01-10,1565,45606,90,8,8,1696,Location005,0,0,FALSE,FALSE,FALSE
ID147,2026-01-15,3259,53971,95,13,13,5539,Location005,0,0,FALSE,FALSE,FALSE
ID147,2026-01-17,2343,56002,97,14,14,5946,Location005,0,0,FALSE,FALSE,FALSE
ID147,2026-01-18,2182,57768,98,13,13,4576,Location005,0,0,FALSE,FALSE,FALSE
ID147,2026-01-19,2691,58379,99,14,14,5930,Location005,0,0,FALSE,FALSE,FALSE
ID147,2026-01-20,1013,57925,100,4,0,0,Location005,0,4,FALSE,FALSE,FALSE
ID147,2026-01-21,3005,57747,101,10,10,4759,Location005,0,0,FALSE,FALSE,FALSE
ID147,2026-01-22,3136,58756,102,9,9,4030,Location005,0,0,FALSE,FALSE,FALSE
ID147,2026-01-23,3219,60491,103,9,9,4110,Location005,0,0,FALSE,FALSE,FALSE
ID147,2026-01-24,3984,62717,104,13,13,5279,Location005,0,0,FALSE,FALSE,FALSE
ID147,2026-01-25,3115,64112.5,105,20,20,6220,Location005,0,0,FALSE,FALSE,FALSE
ID147,2026-01-26,3077,65298,106,13,13,3525,Location005,0,0,FALSE,FALSE,FALSE
ID147,2026-01-27,3161,63349,107,19,19,4700,Location005,0,0,FALSE,FALSE,FALSE
ID147,2026-01-28,3351,66540,108,17,17,7041,Location005,0,0,FALSE,FALSE,FALSE
ID147,2026-01-29,2259,68732,109,10,10,5722,Location005,0,0,FALSE,FALSE,FALSE
ID147,2026-01-30,2664,69919,110,10,10,5365,Location005,0,0,FALSE,FALSE,FALSE
ID147,2026-01-31,3434,70092,111,12,12,4743,Location005,0,0,FALSE,FALSE,FALSE
ID147,2026-02-01,2503,71664.5,112,10,10,5445,Location005,0,0,FALSE,FALSE,FALSE
ID147,2026-02-02,3560,72193,113,9,9,5717,Location005,0,0,FALSE,FALSE,FALSE
ID147,2026-02-03,2451,75428,114,12,12,5436,Location005,0,0,FALSE,FALSE,FALSE
ID147,2026-02-04,3619,74977,115,12,12,6612,Location005,0,0,FALSE,FALSE,FALSE
ID147,2026-02-05,3192.5,75378,116,16,0,0,Location005,0,16,FALSE,FALSE,TRUE
ID147,2026-02-06,2766,75033,117,12,12,4420,Location005,0,0,FALSE,FALSE,FALSE
ID147,2026-02-07,1941,77046,118,10,10,4639,Location005,0,0,FALSE,FALSE,FALSE
ID147,2026-02-08,2919,76647,119,9,9,4213,Location005,0,0,FALSE,FALSE,FALSE
ID147,2026-02-09,2490,77196,120,11,11,3965,Location005,0,0,FALSE,FALSE,FALSE
ID147,2026-02-10,3605,79611,121,11,11,4760,Location005,0,0,FALSE,FALSE,FALSE
ID147,2026-02-11,4012,79037,122,9,9,4983,Location005,0,0,FALSE,FALSE,FALSE
ID147,2026-02-12,2988,80938,123,9,9,5274,Location005,0,0,FALSE,FALSE,FALSE
ID147,2026-02-13,2362,83023,124,8,8,4630,Location005,0,0,FALSE,FALSE,FALSE
ID147,2026-02-14,1970,83419,125,8,8,4953,Location005,0,0,FALSE,FALSE,FALSE
ID147,2026-02-15,1889.5,85341,126,9,0,0,Location005,0,9,FALSE,FALSE,TRUE
ID147,2026-02-16,1809,84998,127,7,7,5106,Location005,0,0,FALSE,FALSE,FALSE
ID147,2026-02-17,5809,86313,128,13,0,0,Location005,0,13,FALSE,FALSE,FALSE
ID147,2026-02-18,4338,86563,129,10,10,5215,Location005,0,0,FALSE,FALSE,FALSE
ID147,2026-02-19,2917,87647,130,13,13,6451,Location005,0,0,FALSE,FALSE,FALSE
ID147,2026-02-20,2441,90126,131,7,7,4557,Location005,0,0,FALSE,FALSE,FALSE
ID147,2026-02-21,3381,90476,132,8,8,5607,Location005,0,0,FALSE,FALSE,FALSE
ID147,2026-02-22,3158,91211,133,7,7,5870,Location005,0,0,FALSE,FALSE,FALSE
ID147,2026-02-23,2387,93932,134,10,10,5309,Location005,0,0,FALSE,FALSE,FALSE
ID147,2026-02-24,2645,91705,135,10,10,2991,Location005,0,0,FALSE,FALSE,FALSE
ID147,2026-02-25,1842,90146,136,6,6,3754,Location005,0,0,FALSE,FALSE,FALSE
ID147,2026-02-26,3859,91698,137,13,13,4200,Location005,0,0,FALSE,FALSE,FALSE
ID147,2026-02-27,4725,94098,138,13,13,4292,Location005,0,0,FALSE,FALSE,FALSE
ID147,2026-02-28,3642,95085,139,12,12,5594,Location005,0,0,FALSE,FALSE,FALSE
ID147,2026-03-01,3330,96347,140,14,14,4642,Location005,0,0,FALSE,FALSE,FALSE
ID147,2026-03-02,2776,97694,141,15,15,4335,Location005,0,0,FALSE,FALSE,FALSE
ID147,2026-03-03,3515,96164,142,15,15,5192,Location005,0,0,FALSE,FALSE,FALSE
ID147,2026-03-04,2906,98911,143,13,13,5445,Location005,0,0,FALSE,FALSE,FALSE
ID147,2026-03-05,3235.8,100228,144,5,0,0,Location005,0,5,FALSE,FALSE,TRUE
ID147,2026-03-06,3565.6,99648,145,14,14,5970,Location005,0,0,FALSE,FALSE,TRUE
ID147,2026-03-07,3895.4,99918,146,14,14,5513,Location005,0,0,FALSE,FALSE,TRUE
ID147,2026-03-08,4225.2,104231,147,13,13,5596,Location005,0,0,FALSE,FALSE,TRUE
ID147,2026-03-09,4555,103887,148,17,17,6401,Location005,0,0,FALSE,FALSE,FALSE
ID147,2026-03-10,4902,105429,149,25,25,6583,Location005,0,0,FALSE,FALSE,FALSE
ID147,2026-03-11,4889,107588.5,150,6,6,3509,Location005,0,0,FALSE,FALSE,FALSE
ID147,2026-03-12,4597.5,105916,151,16,0,0,Location005,0,16,FALSE,FALSE,TRUE
ID147,2026-03-13,4306,108428,152,13,13,5479,Location005,0,0,FALSE,FALSE,FALSE
ID147,2026-03-14,4359.5,109397,153,7,6,2725,Location005,0,1,TRUE,FALSE,TRUE
ID147,2026-03-15,4413,110226,154,13,13,5957,Location005,0,0,FALSE,FALSE,FALSE
ID147,2026-03-16,3371.5,112078,155,6,6,3970,Location005,0,0,FALSE,FALSE,TRUE
ID147,2026-03-17,2330,113282,156,13,13,3567,Location005,0,0,FALSE,FALSE,FALSE
ID147,2026-03-18,2480,111622,157,15,15,5705,Location005,0,0,FALSE,FALSE,TRUE
ID147,2026-03-19,2630,111734.5,158,8,8,6012,Location005,0,0,FALSE,FALSE,FALSE
ID147,2026-03-20,2335,113265,159,11,11,2937,Location005,0,0,FALSE,FALSE,FALSE
ID147,2026-03-21,2196,112451,160,11,11,3858,Location005,0,0,FALSE,FALSE,FALSE
ID147,2026-03-22,1344,112785.5,161,4,4,3134,Location005,0,0,FALSE,FALSE,FALSE
ID147,2026-03-23,2682,114058,162,9,9,4190,Location005,0,0,FALSE,FALSE,FALSE
ID147,2026-03-24,2557,115701,163,9,9,4033,Location005,0,0,FALSE,FALSE,FALSE
ID147,2026-03-25,2655,116693,164,9,9,3318,Location005,0,0,FALSE,FALSE,FALSE
ID147,2026-03-26,2670,116708,165,9,9,4702,Location005,0,0,FALSE,FALSE,FALSE
ID147,2026-03-27,2741,117978.5,166,6,6,4089,Location005,0,0,FALSE,FALSE,FALSE
ID147,2026-03-28,1292,118464,167,6,0,0,Location005,0,6,FALSE,FALSE,FALSE
ID147,2026-03-29,3251,116387,168,8,8,4158,Location005,0,0,FALSE,FALSE,FALSE
ID147,2026-03-30,3183,120456,169,6,0,0,Location005,0,6,FALSE,FALSE,TRUE
ID147,2026-03-31,3115,120284,170,6,6,5206,Location005,0,0,FALSE,FALSE,FALSE
ID147,2026-04-01,3290,121519,171,7,0,0,Location005,0,7,TRUE,FALSE,TRUE
ID147,2026-04-02,3465,123982,172,12,12,6431,Location005,0,0,FALSE,FALSE,FALSE
ID147,2026-04-03,3434,126042,173,12,12,4569,Location005,0,0,FALSE,FALSE,FALSE
ID147,2026-04-04,3729.5,126533,174,11,0,0,Location005,0,11,FALSE,FALSE,TRUE
ID147,2026-04-05,4025,125603,175,14,14,5049,Location005,0,0,FALSE,FALSE,FALSE
ID147,2026-04-06,5847,128061,176,10,10,4548,Location005,0,0,FALSE,FALSE,FALSE
ID147,2026-04-07,5017,123364,177,5,5,3390,Location005,0,0,FALSE,FALSE,FALSE
ID147,2026-04-08,1509,126690,178,8,0,0,Location005,0,8,FALSE,FALSE,FALSE
ID147,2026-04-09,2116,126269,179,12,12,3949,Location005,0,0,FALSE,FALSE,FALSE
ID147,2026-04-10,652,127821,180,3,0,0,Location005,0,3,FALSE,FALSE,FALSE
ID147,2026-04-11,5448,124506,181,19,19,5010,Location005,0,0,FALSE,FALSE,FALSE
ID147,2026-04-12,5438.5,125758,182,11,0,0,Location005,0,11,FALSE,FALSE,TRUE
ID147,2026-04-13,5429,125987,183,18,18,5648,Location005,0,0,FALSE,FALSE,FALSE
ID147,2026-04-14,4680,128711,184,19,19,5432,Location005,0,0,FALSE,FALSE,FALSE
ID147,2026-04-15,3722.5,129347,185,15,15,5550,Location005,0,0,FALSE,FALSE,TRUE
ID147,2026-04-16,2765,130376.5,186,12,0,0,Location005,0,12,FALSE,FALSE,FALSE
ID147,2026-04-17,5323,131725,187,23,23,7460,Location005,0,0,FALSE,FALSE,FALSE
ID147,2026-04-18,4602.5,132823,188,24,24,6747,Location005,0,0,FALSE,FALSE,TRUE
ID147,2026-04-19,3882,132153,189,17,17,3271,Location005,0,0,FALSE,FALSE,FALSE
ID147,2026-04-20,3772,132634,190,26,26,6768,Location005,0,0,FALSE,FALSE,FALSE
ID147,2026-04-21,,133026,191,11,11,3294,Location005,0,0,FALSE,FALSE,TRUE
ID147,2026-04-22,,133488,192,18,18,5344,Location005,0,0,FALSE,FALSE,TRUE
ID147,2026-04-23,,134384,193,20,0,0,Location005,0,20,FALSE,FALSE,TRUE
ID147,2026-04-24,,,194,23,23,5460,Location005,0,0,FALSE,TRUE,TRUE
ID148,2025-12-30,530,34190,67,6,0,0,Location007,3,6,FALSE,FALSE,FALSE
ID148,2025-12-31,993,32371,68,9,9,5212,Location007,9,0,FALSE,TRUE,FALSE
ID148,2026-01-01,1111,30552,69,12,12,6366,Location007,12,0,FALSE,TRUE,FALSE
ID148,2026-01-03,1210,28733,71,15,15,6417,Location007,15,0,FALSE,TRUE,FALSE
ID148,2026-01-04,1296,26914,72,16,16,6945,Location007,16,0,FALSE,TRUE,FALSE
ID148,2026-01-05,1400,25095,73,14,14,6966,Location007,9,0,FALSE,FALSE,FALSE
ID148,2026-01-06,1315,26780.5,74,14,14,6425,Location007,12,0,FALSE,FALSE,FALSE
ID148,2026-01-07,1466,25095,75,14,14,6238,Location007,0,0,FALSE,FALSE,FALSE
ID148,2026-01-09,1301,27623,77,14,14,5637,Location007,10,0,FALSE,FALSE,FALSE
ID148,2026-01-10,1412,28745,78,18,18,5702,Location007,14,0,FALSE,FALSE,FALSE
ID148,2026-01-11,1605,28243,79,20,20,7211,Location007,2,0,FALSE,FALSE,FALSE
ID148,2026-01-14,4616,28614,82,36,0,0,Location007,0,36,FALSE,FALSE,FALSE
ID148,2026-01-17,1605,31967,85,22,22,5750,Location007,0,0,FALSE,FALSE,FALSE
ID148,2026-01-18,1495,29567,86,11,11,3097,Location007,0,0,FALSE,FALSE,FALSE
ID148,2026-01-19,1403,35461,87,16,16,3109,Location007,5,0,FALSE,FALSE,FALSE
ID148,2026-01-20,941,32878,88,11,0,0,Location007,0,11,FALSE,FALSE,FALSE
ID148,2026-01-21,1341,34008,89,15,15,3946,Location007,0,0,FALSE,FALSE,FALSE
ID148,2026-01-22,1767,35969,90,26,26,4366,Location007,0,0,FALSE,FALSE,FALSE
ID148,2026-01-23,1833,39634.5,91,28,28,4473,Location007,0,0,FALSE,FALSE,FALSE
ID148,2026-01-24,1446,38568,92,14,14,4675,Location007,0,0,FALSE,FALSE,FALSE
ID148,2026-01-25,1601,35566,93,16,16,4065,Location007,0,0,FALSE,FALSE,FALSE
ID148,2026-01-26,2218,43534,94,18,18,4562,Location007,0,0,FALSE,FALSE,FALSE
ID148,2026-01-27,1418,37488,95,10,10,3987,Location007,0,0,FALSE,FALSE,FALSE
ID148,2026-01-28,1529,35956,96,15,15,2320,Location007,0,0,FALSE,FALSE,FALSE
ID148,2026-01-29,1510,41204,97,14,14,2267,Location007,0,0,FALSE,FALSE,FALSE
ID148,2026-01-30,2111,40486,98,18,18,3127,Location007,0,0,FALSE,FALSE,FALSE
ID148,2026-01-31,1579,38117,99,18,18,2816,Location007,0,0,FALSE,FALSE,FALSE
ID148,2026-02-01,925,43619,100,11,0,0,Location007,0,11,FALSE,FALSE,FALSE
ID148,2026-02-02,1635,46243.5,101,20,20,4496,Location007,0,0,FALSE,FALSE,FALSE
ID148,2026-02-03,2528,51311,102,24,24,4169,Location007,0,0,FALSE,FALSE,FALSE
ID148,2026-02-04,1215,48221,103,8,8,2177,Location007,0,0,FALSE,FALSE,FALSE
ID148,2026-02-05,2049,53412,104,21,21,3423,Location007,0,0,FALSE,FALSE,FALSE
ID148,2026-02-06,1346,49273,105,18,18,4577,Location007,0,0,FALSE,FALSE,FALSE
ID148,2026-02-07,2617,49870,106,28,28,4203,Location007,0,0,FALSE,FALSE,FALSE
ID148,2026-02-08,1617,49284,107,21,21,3889,Location007,0,0,FALSE,FALSE,FALSE
ID148,2026-02-09,1980,49103,108,34,34,4383,Location007,0,0,FALSE,FALSE,FALSE
ID148,2026-02-10,1820,47567,109,34,34,4180,Location007,0,0,FALSE,FALSE,FALSE
ID148,2026-02-11,3226,52401,110,36,36,5187,Location007,0,0,FALSE,FALSE,FALSE
ID148,2026-02-12,1982,49334,111,29,29,3519,Location007,0,0,FALSE,FALSE,FALSE
ID148,2026-02-13,1948,57091,112,31,31,3195,Location007,0,0,FALSE,FALSE,FALSE
ID148,2026-02-14,2277,53447,113,52,52,4313,Location007,0,0,FALSE,FALSE,FALSE
ID148,2026-02-15,2193,60965,114,35,35,4384,Location007,0,0,FALSE,FALSE,FALSE
ID148,2026-02-16,3770,59818,115,48,0,0,Location007,0,48,FALSE,FALSE,FALSE
ID148,2026-02-17,1697,61596,116,32,32,3021,Location007,0,0,FALSE,FALSE,FALSE
ID148,2026-02-18,2478,60123,117,23,23,3020,Location007,0,0,FALSE,FALSE,FALSE
ID148,2026-02-19,2119,62281,118,47,47,3246,Location007,0,0,FALSE,FALSE,FALSE
ID148,2026-02-20,2749,62407,119,49,49,3902,Location007,0,0,FALSE,FALSE,FALSE
ID148,2026-02-21,2965,66612,120,31,31,4577,Location007,0,0,FALSE,FALSE,FALSE
ID148,2026-02-22,4317,65490.5,121,42,0,0,Location007,0,42,FALSE,FALSE,FALSE
ID148,2026-02-23,2398,63419,122,33,33,4268,Location007,0,0,FALSE,FALSE,FALSE
ID148,2026-02-24,3443,63007,123,46,46,4461,Location007,0,0,FALSE,FALSE,FALSE
ID148,2026-02-25,2450,70812,124,47,47,3156,Location007,0,0,FALSE,FALSE,FALSE
ID148,2026-02-26,3076,74173,125,28,28,2711,Location007,0,0,FALSE,FALSE,FALSE
ID148,2026-02-27,2945,75214,126,23,23,3439,Location007,0,0,FALSE,FALSE,FALSE
ID148,2026-02-28,2062,69385,127,35,35,2827,Location007,0,0,FALSE,FALSE,FALSE
ID148,2026-03-01,2269,69203,128,43,43,2797,Location007,0,0,FALSE,FALSE,FALSE
ID148,2026-03-02,3751,68650,129,22,22,3687,Location007,0,0,FALSE,FALSE,FALSE
ID148,2026-03-03,2358,67158,130,22,22,3355,Location007,0,0,FALSE,FALSE,FALSE
ID148,2026-03-04,3276,73803,131,26,26,4249,Location007,0,0,FALSE,FALSE,FALSE
ID148,2026-03-05,1322,75146,132,24,0,0,Location007,0,24,FALSE,FALSE,FALSE
ID148,2026-03-06,2386,74021,133,39,39,4499,Location007,0,0,FALSE,FALSE,FALSE
ID148,2026-03-07,2140,79969,134,27,27,3841,Location007,0,0,FALSE,FALSE,FALSE
ID148,2026-03-08,3092,84539,135,33,33,3556,Location007,0,0,FALSE,FALSE,FALSE
ID148,2026-03-09,2248,84200,136,31,31,3194,Location007,0,0,FALSE,FALSE,FALSE
ID148,2026-03-10,3201,80019,137,20,20,2927,Location007,0,0,FALSE,FALSE,FALSE
ID148,2026-03-11,1946,76711,138,35,35,2917,Location007,0,0,FALSE,FALSE,FALSE
ID148,2026-03-12,2780,79814,139,30,30,4644,Location007,0,0,FALSE,FALSE,FALSE
ID148,2026-03-13,2522,79814,140,42,42,3211,Location007,0,0,FALSE,FALSE,FALSE
ID148,2026-03-14,3059,80815,141,32,32,4343,Location007,0,0,FALSE,FALSE,FALSE
ID148,2026-03-15,2211,79759,142,35,35,3125,Location007,0,0,FALSE,FALSE,FALSE
ID148,2026-03-16,3713,85767,143,38,38,4120,Location007,0,0,FALSE,FALSE,FALSE
ID148,2026-03-17,3426,86862.6666666667,144,19,19,3744,Location007,19,0,FALSE,TRUE,FALSE
ID148,2026-03-18,3290,87958.3333333333,145,34,34,4127,Location007,0,0,FALSE,TRUE,FALSE
ID148,2026-03-19,3636,89054,146,32,32,3444,Location007,0,0,FALSE,FALSE,FALSE
ID148,2026-03-20,2749,88793,147,25,25,3927,Location007,0,0,FALSE,FALSE,FALSE
ID148,2026-03-21,2025,89322,148,20,20,3743,Location007,0,0,FALSE,FALSE,FALSE
ID148,2026-03-22,2327,89322,149,24,24,3769,Location007,0,0,FALSE,FALSE,FALSE
ID148,2026-03-23,2903,91914,150,19,19,4675,Location007,0,0,FALSE,FALSE,FALSE
ID148,2026-03-24,2939,91914,151,30,30,3661,Location007,0,0,FALSE,FALSE,FALSE
ID148,2026-03-25,3072,92354,152,46,46,2911,Location007,0,0,FALSE,FALSE,FALSE
ID148,2026-03-26,2542,92354,153,19,19,3435,Location007,0,0,FALSE,FALSE,FALSE
ID148,2026-03-27,2999,93821.5,154,31,31,3785,Location007,0,0,FALSE,TRUE,FALSE
ID148,2026-03-28,2244,95289,155,21,21,3600,Location007,0,0,FALSE,FALSE,FALSE
ID148,2026-03-29,1891,96016,156,19,19,3780,Location007,0,0,FALSE,FALSE,FALSE
ID148,2026-03-30,4170,96423,157,52,0,0,Location007,0,52,FALSE,FALSE,FALSE
ID148,2026-03-31,2635,97277,158,27,27,3231,Location007,0,0,FALSE,FALSE,FALSE
ID148,2026-04-01,2673,98074,159,26,26,3842,Location007,0,0,FALSE,FALSE,FALSE
ID148,2026-04-02,2853,96840,160,27,27,2615,Location007,0,0,FALSE,FALSE,FALSE
ID148,2026-04-03,2266,95610,161,12,12,2495,Location007,0,0,FALSE,FALSE,FALSE
ID148,2026-04-04,2817,96747,162,21,21,3143,Location007,0,0,FALSE,FALSE,FALSE
ID148,2026-04-05,1999,99095,163,15,15,2676,Location007,0,0,FALSE,FALSE,FALSE
ID148,2026-04-06,2211,98365,164,11,11,2883,Location007,0,0,FALSE,TRUE,FALSE
ID148,2026-04-07,2671,97635,165,22,22,3660,Location007,0,0,FALSE,FALSE,FALSE
ID148,2026-04-08,2476,97635,166,18,18,3399,Location007,0,0,FALSE,FALSE,FALSE
ID148,2026-04-09,1749,94840,167,19,19,3388,Location007,0,0,FALSE,FALSE,FALSE
ID148,2026-04-10,1479,102092,168,13,13,2067,Location007,0,0,FALSE,FALSE,FALSE
ID148,2026-04-11,2776,96557,169,18,18,3787,Location007,0,0,FALSE,FALSE,FALSE
ID148,2026-04-12,4101,96557,170,36,0,0,Location007,0,36,FALSE,FALSE,FALSE
ID148,2026-04-13,3267,106817,171,17,17,2816,Location007,0,0,FALSE,FALSE,FALSE
ID148,2026-04-14,3480,106817,172,27,27,3671,Location007,0,0,FALSE,FALSE,FALSE
ID148,2026-04-15,2863,103069,173,24,24,3142,Location007,0,0,FALSE,FALSE,FALSE
ID148,2026-04-16,2707,106401,174,38,38,3246,Location007,0,0,FALSE,TRUE,FALSE
ID148,2026-04-17,3566,109733,175,26,26,3887,Location007,0,0,FALSE,FALSE,FALSE
ID148,2026-04-18,3862,109733,176,30,30,3987,Location007,0,0,FALSE,FALSE,FALSE
ID148,2026-04-19,2944,114186,177,22,22,3743,Location007,0,0,FALSE,FALSE,FALSE
ID148,2026-04-20,2900,114186,178,18,18,2836,Location007,0,0,FALSE,FALSE,FALSE
ID148,2026-04-21,2651,113514,179,21,21,2201,Location007,0,0,FALSE,TRUE,FALSE
ID148,2026-04-22,3648,112842,180,28,28,4171,Location007,0,0,FALSE,FALSE,FALSE
ID148,2026-04-23,3169,110440,181,21,21,4347,Location007,0,0,FALSE,FALSE,FALSE
ID148,2026-04-24,2607,,182,28,28,3463,Location007,0,0,FALSE,TRUE,FALSE
ID149,2025-12-30,1335,,67,20,20,3576,Location006,20,0,FALSE,TRUE,FALSE
ID149,2025-12-31,2508,,68,22,22,6223,Location006,22,0,FALSE,TRUE,FALSE
ID149,2026-01-02,2101,30081,70,16,16,7125,Location006,0,0,FALSE,FALSE,FALSE
ID149,2026-01-03,1242,30081,71,9,9,5386,Location006,0,0,FALSE,FALSE,FALSE
ID149,2026-01-04,1708,33842,72,12,12,6866,Location006,0,0,FALSE,FALSE,FALSE
ID149,2026-01-05,2487,30081,73,8,8,5330,Location006,0,0,FALSE,FALSE,FALSE
ID149,2026-01-06,1447,30704,74,7,7,5200,Location006,0,0,FALSE,FALSE,FALSE
ID149,2026-01-07,1777,30704,75,14,14,6322,Location006,0,0,FALSE,FALSE,FALSE
ID149,2026-01-08,1728,30704,76,10,10,5092,Location006,0,0,FALSE,FALSE,FALSE
ID149,2026-01-09,1877,35425,77,16,16,6362,Location006,0,0,FALSE,FALSE,FALSE
ID149,2026-01-10,1721,40446,78,18,18,6235,Location006,0,0,FALSE,FALSE,FALSE
ID149,2026-01-11,1574,36471,79,15,15,4622,Location006,0,0,FALSE,FALSE,FALSE
ID149,2026-01-12,2051,37446,80,9,9,6509,Location006,0,0,FALSE,FALSE,FALSE
ID149,2026-01-13,2388,38142,81,16,16,5644,Location006,0,0,FALSE,FALSE,FALSE
ID149,2026-01-14,5930,38025,82,22,0,0,Location006,0,22,FALSE,FALSE,FALSE
ID149,2026-01-15,1099,40659,83,11,0,0,Location006,0,11,FALSE,FALSE,FALSE
ID149,2026-01-17,2550,42935,85,13,13,5139,Location006,0,0,FALSE,FALSE,FALSE
ID149,2026-01-18,2755,44542,86,13,13,4206,Location006,0,0,FALSE,FALSE,FALSE
ID149,2026-01-19,1783,44693,87,14,14,2848,Location006,0,0,FALSE,FALSE,FALSE
ID149,2026-01-20,1556,45623,88,14,14,4352,Location006,0,0,FALSE,FALSE,FALSE
ID149,2026-01-21,2148,47268,89,14,14,4845,Location006,0,0,FALSE,FALSE,FALSE
ID149,2026-01-22,2075,48614,90,16,16,2377,Location006,0,0,FALSE,FALSE,FALSE
ID149,2026-01-23,2722,48949,91,21,21,5388,Location006,0,0,FALSE,FALSE,FALSE
ID149,2026-01-24,2681,50696,92,27,27,5125,Location006,0,0,FALSE,FALSE,FALSE
ID149,2026-01-25,2376,52493,93,28,28,4897,Location006,0,0,FALSE,FALSE,FALSE
ID149,2026-01-26,2032,53242,94,15,15,4808,Location006,0,0,FALSE,FALSE,FALSE
ID149,2026-01-27,2537,53529,95,19,19,3193,Location006,0,0,FALSE,FALSE,FALSE
ID149,2026-01-28,1952,55144,96,18,18,2670,Location006,0,0,FALSE,FALSE,FALSE
ID149,2026-01-29,1652,55967,97,18,18,3173,Location006,0,0,FALSE,FALSE,FALSE
ID149,2026-01-30,1499,56641,98,27,27,3527,Location006,0,0,FALSE,FALSE,FALSE
ID149,2026-01-31,2232,58241,99,16,16,3873,Location006,0,0,FALSE,FALSE,FALSE
ID149,2026-02-01,1858,58590,100,14,14,3309,Location006,0,0,FALSE,FALSE,FALSE
ID149,2026-02-02,2681,59620,101,12,12,4847,Location006,0,0,FALSE,FALSE,FALSE
ID149,2026-02-03,1757,61727,102,9,9,5265,Location006,0,0,FALSE,FALSE,FALSE
ID149,2026-02-04,2191,64039,103,13,13,5089,Location006,0,0,FALSE,FALSE,FALSE
ID149,2026-02-05,2017,64537,104,12,12,3980,Location006,0,0,FALSE,FALSE,FALSE
ID149,2026-02-06,3060,65518,105,16,16,5667,Location006,0,0,FALSE,FALSE,FALSE
ID149,2026-02-07,3076,64506,106,15,15,6152,Location006,0,0,FALSE,FALSE,FALSE
ID149,2026-02-08,4049,67905,107,21,21,5426,Location006,0,0,FALSE,FALSE,FALSE
ID149,2026-02-09,1918,68614,108,20,20,3003,Location006,0,0,FALSE,FALSE,FALSE
ID149,2026-02-10,2970,69173,109,34,34,5679,Location006,0,0,FALSE,FALSE,FALSE
ID149,2026-02-11,3402,69169,110,26,26,5521,Location006,0,0,FALSE,FALSE,FALSE
ID149,2026-02-12,2179,71327,111,13,13,5127,Location006,0,0,FALSE,FALSE,FALSE
ID149,2026-02-13,3268,72532,112,13,13,5956,Location006,0,0,FALSE,FALSE,FALSE
ID149,2026-02-14,2594,73604,113,22,22,3597,Location006,0,0,FALSE,FALSE,FALSE
ID149,2026-02-15,3278,73682,114,33,33,5184,Location006,0,0,FALSE,FALSE,FALSE
ID149,2026-02-16,4207,75805,115,22,22,5399,Location006,0,0,FALSE,FALSE,FALSE
ID149,2026-02-17,2158,79048,116,17,17,3483,Location006,0,0,FALSE,FALSE,FALSE
ID149,2026-02-18,3970,78146,117,15,15,6376,Location006,0,0,FALSE,FALSE,FALSE
ID149,2026-02-19,2372,79823,118,23,23,4385,Location006,0,0,FALSE,FALSE,FALSE
ID149,2026-02-20,2389,81016,119,20,20,4287,Location006,0,0,FALSE,FALSE,FALSE
ID149,2026-02-21,3708,81318,120,21,21,5939,Location006,0,0,FALSE,FALSE,FALSE
ID149,2026-02-22,3372,82404,121,22,22,5335,Location006,0,0,FALSE,FALSE,FALSE
ID149,2026-02-23,4435,84878,122,13,13,5863,Location006,0,0,FALSE,FALSE,FALSE
ID149,2026-02-24,3838,85407,123,16,16,5728,Location006,0,0,FALSE,FALSE,FALSE
ID149,2026-02-25,3171,86930,124,12,12,4677,Location006,0,0,FALSE,FALSE,FALSE
ID149,2026-02-26,3480,85741,125,26,26,4233,Location006,0,0,FALSE,FALSE,FALSE
ID149,2026-02-27,3045,86981,126,31,31,3760,Location006,0,0,FALSE,FALSE,FALSE
ID149,2026-02-28,4064,87330,127,13,13,4280,Location006,0,0,FALSE,FALSE,FALSE
ID149,2026-03-01,2150,87903,128,6,6,4226,Location006,0,0,FALSE,FALSE,FALSE
ID149,2026-03-02,3380,88811,129,25,25,5053,Location006,0,0,FALSE,FALSE,FALSE
ID149,2026-03-03,2014,88316,130,9,9,2932,Location006,0,0,FALSE,FALSE,FALSE
ID149,2026-03-04,3165,89248,131,15,15,4681,Location006,0,0,FALSE,FALSE,FALSE
ID149,2026-03-05,1441,91242,132,21,21,3780,Location006,0,0,FALSE,FALSE,FALSE
ID149,2026-03-06,3465,90525,133,19,19,5773,Location006,0,0,FALSE,FALSE,FALSE
ID149,2026-03-07,2144,92618,134,18,18,4280,Location006,0,0,FALSE,FALSE,FALSE
ID149,2026-03-08,4680,92997,135,31,0,0,Location006,0,31,FALSE,FALSE,FALSE
ID149,2026-03-09,4344,94605,136,24,24,5023,Location006,0,0,FALSE,FALSE,FALSE
ID149,2026-03-10,2843,94334,137,13,13,3378,Location006,0,0,FALSE,FALSE,FALSE
ID149,2026-03-11,4193,96991,138,19,19,4984,Location006,0,0,FALSE,FALSE,FALSE
ID149,2026-03-12,4512,96846,139,35,35,5914,Location006,0,0,FALSE,FALSE,FALSE
ID149,2026-03-13,4297,99315,140,26,26,5581,Location006,0,0,FALSE,FALSE,FALSE
ID149,2026-03-14,3832,100076,141,31,31,4703,Location006,0,0,FALSE,FALSE,FALSE
ID149,2026-03-15,3089,100580,142,22,22,4295,Location006,0,0,FALSE,FALSE,FALSE
ID149,2026-03-16,2121,101168,143,19,19,4036,Location006,0,0,FALSE,FALSE,FALSE
ID149,2026-03-17,2465,102515,144,10,10,3509,Location006,0,0,FALSE,FALSE,FALSE
ID149,2026-03-18,2619,103006,145,16,16,3450,Location006,0,0,FALSE,FALSE,FALSE
ID149,2026-03-19,3579,103250,146,17,17,4149,Location006,0,0,FALSE,FALSE,FALSE
ID149,2026-03-20,1409,103850,147,16,16,2012,Location006,0,0,FALSE,FALSE,FALSE
ID149,2026-03-21,150,105161,148,10,0,0,Location006,0,10,FALSE,FALSE,FALSE
ID149,2026-03-22,2864,105161,149,25,25,4079,Location006,0,0,FALSE,FALSE,FALSE
ID149,2026-03-23,3533,102926,150,24,24,6728,Location006,0,0,FALSE,FALSE,FALSE
ID149,2026-03-24,4378,104959.25,151,18,18,3652,Location006,18,0,FALSE,TRUE,FALSE
ID149,2026-03-25,3519,106992.5,152,18,18,4892,Location006,18,0,FALSE,TRUE,FALSE
ID149,2026-03-26,4198,109025.75,153,15,15,5650,Location006,15,0,FALSE,TRUE,FALSE
ID149,2026-03-27,3825,111059,154,33,33,4289,Location006,0,0,FALSE,FALSE,FALSE
ID149,2026-03-28,3678,111544,155,25,25,5956,Location006,0,0,FALSE,FALSE,FALSE
ID149,2026-03-29,4265,112154,156,23,23,4653,Location006,0,0,FALSE,FALSE,FALSE
ID149,2026-03-30,3840,112834,157,23,23,4996,Location006,0,0,FALSE,FALSE,FALSE
ID149,2026-03-31,3624,114493,158,21,21,4003,Location006,0,0,FALSE,FALSE,FALSE
ID149,2026-04-01,3902,114403,159,17,17,4102,Location006,0,0,FALSE,FALSE,FALSE
ID149,2026-04-02,2348,115563,160,19,19,3063,Location006,0,0,FALSE,FALSE,FALSE
ID149,2026-04-03,3855,115935,161,22,22,3973,Location006,0,0,FALSE,FALSE,FALSE
ID149,2026-04-04,2364,114391,162,14,14,2882,Location006,0,0,FALSE,FALSE,FALSE
ID149,2026-04-05,1964,114334.5,163,16,16,2320,Location006,0,0,FALSE,FALSE,FALSE
ID149,2026-04-06,1900,117147,164,24,24,3430,Location006,0,0,FALSE,FALSE,FALSE
ID149,2026-04-07,1816,114304,165,35,35,2224,Location006,0,0,FALSE,FALSE,FALSE
ID149,2026-04-08,1135,113442,166,4,0,0,Location006,0,4,FALSE,FALSE,FALSE
ID149,2026-04-10,3055,118445,168,22,22,3041,Location006,0,0,FALSE,FALSE,FALSE
ID149,2026-04-11,2902,117803,169,16,16,3561,Location006,0,0,FALSE,FALSE,FALSE
ID149,2026-04-12,2821,119704.5,170,12,12,2198,Location006,0,0,FALSE,FALSE,FALSE
ID149,2026-04-13,1710,118174,171,21,21,1905,Location006,0,0,FALSE,FALSE,FALSE
ID149,2026-04-14,3997,119575,172,16,16,3839,Location006,0,0,FALSE,FALSE,FALSE
ID149,2026-04-15,3557,122441,173,17,17,3528,Location006,0,0,FALSE,FALSE,FALSE
ID149,2026-04-16,4594,124899,174,20,20,4270,Location006,0,0,FALSE,FALSE,FALSE
ID149,2026-04-17,2424,122749,175,12,12,2336,Location006,0,0,FALSE,FALSE,FALSE
ID149,2026-04-18,2398,122218,176,18,18,2903,Location006,0,0,FALSE,FALSE,FALSE
ID149,2026-04-19,2916,124612,177,19,19,3973,Location006,0,0,FALSE,FALSE,FALSE
ID149,2026-04-20,3432,125860,178,34,34,3567,Location006,0,0,FALSE,FALSE,FALSE
ID149,2026-04-21,2317,125058,179,14,14,2649,Location006,0,0,FALSE,FALSE,FALSE
ID149,2026-04-22,4187,129052,180,33,33,4887,Location006,0,0,FALSE,FALSE,FALSE
ID149,2026-04-23,2370,130052,181,17,17,2818,Location006,0,0,FALSE,FALSE,FALSE
ID149,2026-04-24,3744,,182,22,22,4328,Location006,0,0,FALSE,TRUE,FALSE
ID150,2025-12-30,5,26375,67,1,0,0,Location007,0,1,FALSE,FALSE,FALSE
ID150,2025-12-31,726,28016,68,4,4,2661,Location007,4,0,FALSE,TRUE,FALSE
ID150,2026-01-01,1157,29657,69,12,12,5738,Location007,12,0,FALSE,TRUE,FALSE
ID150,2026-01-02,1085,31298,70,10,10,4833,Location007,10,0,FALSE,TRUE,FALSE
ID150,2026-01-04,2652,32939,72,11,11,5023,Location007,11,0,FALSE,TRUE,FALSE
ID150,2026-01-05,1540,34580,73,17,17,6676,Location007,17,0,FALSE,TRUE,FALSE
ID150,2026-01-06,3679,36221,74,17,17,4498,Location007,2,0,FALSE,FALSE,FALSE
ID150,2026-01-07,2838,34341,75,8,8,2899,Location007,1,0,FALSE,FALSE,FALSE
ID150,2026-01-08,1943.5,36966,76,13,0,0,Location007,0,13,FALSE,FALSE,TRUE
ID150,2026-01-09,1049,36989,77,8,0,0,Location007,0,8,FALSE,FALSE,FALSE
ID150,2026-01-10,3919,38382,78,14,0,0,Location007,0,14,FALSE,FALSE,FALSE
ID150,2026-01-11,3049.5,39250,79,19,0,0,Location007,0,19,FALSE,FALSE,TRUE
ID150,2026-01-12,2180,40772,80,15,15,1943,Location007,0,0,FALSE,FALSE,FALSE
ID150,2026-01-13,2152,38679,81,20,20,2202,Location007,0,0,FALSE,FALSE,FALSE
ID150,2026-01-17,2722,43224,85,17,17,3784,Location007,0,0,FALSE,FALSE,FALSE
ID150,2026-01-18,1761,45418,86,10,10,4250,Location007,0,0,FALSE,FALSE,FALSE
ID150,2026-01-19,2425,47729,87,12,12,5013,Location007,0,0,FALSE,FALSE,FALSE
ID150,2026-01-20,1554,47764,88,7,7,4615,Location007,0,0,FALSE,FALSE,FALSE
ID150,2026-01-21,2077,49807,89,8,8,5240,Location007,0,0,FALSE,FALSE,FALSE
ID150,2026-01-22,1764,50801,90,7,7,3541,Location007,0,0,FALSE,FALSE,FALSE
ID150,2026-01-23,328,50279.5,91,12,0,0,Location007,0,12,FALSE,FALSE,FALSE
ID150,2026-01-24,2211,50228,92,17,17,4102,Location007,0,0,FALSE,FALSE,FALSE
ID150,2026-01-25,1147,53535,93,7,7,2925,Location007,0,0,FALSE,FALSE,FALSE
ID150,2026-01-26,2873,53212,94,23,23,4951,Location007,0,0,FALSE,FALSE,FALSE
ID150,2026-01-27,1915,56236,95,17,17,3279,Location007,0,0,FALSE,FALSE,FALSE
ID150,2026-01-28,2567,55452,96,17,17,5090,Location007,0,0,FALSE,FALSE,FALSE
ID150,2026-01-29,1963,58958,97,11,11,4343,Location007,0,0,FALSE,FALSE,FALSE
ID150,2026-01-30,2602,58853,98,13,13,5346,Location007,0,0,FALSE,FALSE,FALSE
ID150,2026-01-31,2023,60173,99,9,9,5169,Location007,0,0,FALSE,FALSE,FALSE
ID150,2026-02-01,1779,61605,100,10,10,5665,Location007,0,0,FALSE,FALSE,FALSE
ID150,2026-02-02,2309,62829,101,11,11,4127,Location007,0,0,FALSE,FALSE,FALSE
ID150,2026-02-03,3219,60281,102,10,10,3638,Location007,0,0,FALSE,FALSE,FALSE
ID150,2026-02-04,1463,65478,103,11,11,2864,Location007,0,0,FALSE,FALSE,FALSE
ID150,2026-02-05,2463,64683.5,104,12,12,3973,Location007,0,0,FALSE,FALSE,FALSE
ID150,2026-02-06,3219,66009.5,105,18,18,3600,Location007,0,0,FALSE,FALSE,FALSE
ID150,2026-02-07,2771,67096,106,16,16,3560,Location007,0,0,FALSE,FALSE,FALSE
ID150,2026-02-08,1860,67223.5,107,10,10,4270,Location007,0,0,FALSE,FALSE,FALSE
ID150,2026-02-09,2619,68441,108,12,12,3640,Location007,0,0,FALSE,FALSE,FALSE
ID150,2026-02-10,3736,69775,109,10,0,0,Location007,0,10,FALSE,FALSE,FALSE
ID150,2026-02-11,2546,71510,110,8,8,4480,Location007,0,0,FALSE,FALSE,FALSE
ID150,2026-02-12,2500,71591,111,10,10,3543,Location007,0,0,FALSE,FALSE,FALSE
ID150,2026-02-13,2672,72002.5,112,8,8,3780,Location007,0,0,FALSE,FALSE,FALSE
ID150,2026-02-14,2007,74079,113,7,7,3053,Location007,0,0,FALSE,FALSE,FALSE
ID150,2026-02-15,1857,75323,114,6,6,2479,Location007,0,0,FALSE,FALSE,FALSE
ID150,2026-02-16,1571,73825,115,8,8,3769,Location007,0,0,FALSE,FALSE,FALSE
ID150,2026-02-17,3036,78622,116,8,8,3776,Location007,0,0,FALSE,FALSE,FALSE
ID150,2026-02-18,1331,81236,117,7,0,0,Location007,0,7,FALSE,FALSE,FALSE
ID150,2026-02-19,2913,81307,118,12,12,4936,Location007,0,0,FALSE,FALSE,FALSE
ID150,2026-02-20,2571,82613,119,8,8,4040,Location007,0,0,FALSE,FALSE,FALSE
ID150,2026-02-21,3121,83800,120,10,10,4183,Location007,0,0,FALSE,FALSE,FALSE
ID150,2026-02-22,2638,82957,121,13,13,3796,Location007,0,0,FALSE,FALSE,FALSE
ID150,2026-02-23,3165,84527,122,15,15,3890,Location007,0,0,FALSE,FALSE,FALSE
ID150,2026-02-24,2068,86181,123,9,9,4148,Location007,0,0,FALSE,FALSE,FALSE
ID150,2026-02-25,1923,87368,124,10,10,3135,Location007,0,0,FALSE,FALSE,FALSE
ID150,2026-02-26,2643,89162,125,10,10,3416,Location007,0,0,FALSE,FALSE,FALSE
ID150,2026-02-27,4323,92301,126,12,0,0,Location007,0,12,FALSE,FALSE,FALSE
ID150,2026-02-28,2075,88483,127,7,7,3573,Location007,0,0,FALSE,FALSE,FALSE
ID150,2026-03-01,2933,94004,128,8,8,3301,Location007,0,0,FALSE,FALSE,FALSE
ID150,2026-03-02,2359,93520,129,12,12,3601,Location007,0,0,FALSE,FALSE,FALSE
ID150,2026-03-03,2043,95944,130,7,7,3457,Location007,0,0,FALSE,FALSE,FALSE
ID150,2026-03-04,2387,94090,131,11,11,3470,Location007,0,0,FALSE,FALSE,FALSE
ID150,2026-03-05,2429,94185,132,11,11,2659,Location007,0,0,FALSE,FALSE,FALSE
ID150,2026-03-06,3052,94580,133,10,10,2618,Location007,0,0,FALSE,FALSE,FALSE
ID150,2026-03-07,2672,95066,134,3,3,1568,Location007,0,0,FALSE,FALSE,FALSE
ID150,2026-03-08,2469,94371,135,14,14,3252,Location007,0,0,FALSE,FALSE,FALSE
ID150,2026-03-09,2863,98086,136,9,9,2736,Location007,0,0,FALSE,FALSE,FALSE
ID150,2026-03-10,1627,99192.5,137,4,4,3040,Location007,0,0,FALSE,FALSE,FALSE
ID150,2026-03-11,3873,100613,138,12,12,3925,Location007,0,0,FALSE,FALSE,FALSE
ID150,2026-03-12,1118,102262,139,10,0,0,Location007,0,10,FALSE,FALSE,FALSE
ID150,2026-03-13,2943,102847,140,6,6,3845,Location007,0,0,FALSE,FALSE,FALSE
ID150,2026-03-14,2919,100443,141,9,9,4214,Location007,0,0,FALSE,FALSE,FALSE
ID150,2026-03-15,3528,107165,142,9,9,4434,Location007,0,0,FALSE,FALSE,FALSE
ID150,2026-03-16,1974,107151,143,9,0,0,Location007,0,9,FALSE,FALSE,FALSE
ID150,2026-03-17,536,103535,144,13,0,0,Location007,0,13,FALSE,FALSE,FALSE
ID150,2026-03-18,4053,105059.5,145,6,6,5180,Location007,0,0,FALSE,FALSE,FALSE
ID150,2026-03-19,2928,108639.5,146,12,12,2991,Location007,0,0,FALSE,FALSE,FALSE
ID150,2026-03-20,1778,111421.5,147,12,0,0,Location007,0,12,FALSE,FALSE,FALSE
ID150,2026-03-21,3782,112459,148,6,6,4269,Location007,0,0,FALSE,FALSE,FALSE
ID150,2026-03-22,1263,107426.5,149,4,0,0,Location007,0,4,FALSE,FALSE,FALSE
ID150,2026-03-23,5067,113777,150,16,0,0,Location007,0,16,FALSE,FALSE,FALSE
ID150,2026-03-24,3058,112751.5,151,8,8,3216,Location007,0,0,FALSE,FALSE,FALSE
ID150,2026-03-25,3192,114845,152,10,10,3459,Location007,0,0,FALSE,FALSE,FALSE
ID150,2026-03-26,2609,116534,153,9,9,2575,Location007,0,0,FALSE,FALSE,FALSE
ID150,2026-03-27,1765,115970,154,9,0,0,Location007,0,9,FALSE,FALSE,FALSE
ID150,2026-03-28,2530,114115,155,7,7,2238,Location007,0,0,FALSE,FALSE,FALSE
ID150,2026-03-29,2499,116000,156,9,9,2546,Location007,0,0,FALSE,FALSE,FALSE
ID150,2026-03-30,3017,116332,157,7,7,2521,Location007,0,0,FALSE,FALSE,FALSE
ID150,2026-03-31,2140,114957,158,7,7,1645,Location007,0,0,FALSE,FALSE,FALSE
ID150,2026-04-01,1747,115427,159,7,7,1892,Location007,0,0,FALSE,FALSE,FALSE
ID150,2026-04-02,790,116456,160,4,4,922,Location007,0,0,FALSE,FALSE,FALSE
ID150,2026-04-03,2099,114492,161,6,6,2337,Location007,0,0,FALSE,FALSE,FALSE
ID150,2026-04-04,357,116250,162,9,0,0,Location007,0,9,FALSE,FALSE,FALSE
ID150,2026-04-05,3250,114563,163,10,0,0,Location007,0,10,FALSE,FALSE,FALSE
ID150,2026-04-06,1749,115249,164,8,8,1698,Location007,0,0,FALSE,FALSE,FALSE
ID150,2026-04-07,963,118306,165,5,5,1409,Location007,0,0,FALSE,FALSE,FALSE
ID150,2026-04-08,2762,116369,166,7,7,2607,Location007,0,0,FALSE,FALSE,FALSE
ID150,2026-04-09,1806,119231,167,7,7,2202,Location007,0,0,FALSE,FALSE,FALSE
ID150,2026-04-10,2980,121242,168,14,14,2553,Location007,0,0,FALSE,FALSE,FALSE
ID150,2026-04-11,599,118453,169,6,0,0,Location007,0,6,FALSE,FALSE,FALSE
ID150,2026-04-12,2584,122002,170,12,12,2265,Location007,0,0,FALSE,FALSE,FALSE
ID150,2026-04-13,3595,119712,171,11,11,3126,Location007,0,0,FALSE,FALSE,FALSE
ID150,2026-04-14,2336,120346,172,6,6,2419,Location007,0,0,FALSE,FALSE,FALSE
ID150,2026-04-15,2696,120346,173,13,13,1968,Location007,0,0,FALSE,FALSE,FALSE
ID150,2026-04-16,2338,127196,174,8,8,2735,Location007,0,0,FALSE,FALSE,FALSE
ID150,2026-04-17,2566,124573,175,4,4,2504,Location007,0,0,FALSE,FALSE,FALSE
ID150,2026-04-18,2875,125623,176,11,11,2391,Location007,0,0,FALSE,FALSE,FALSE
ID150,2026-04-19,2373,129481,177,11,11,2344,Location007,0,0,FALSE,FALSE,FALSE
ID150,2026-04-20,2433,127546.5,178,10,10,2638,Location007,0,0,FALSE,FALSE,FALSE
ID150,2026-04-21,2756,127247,179,11,11,1919,Location007,0,0,FALSE,FALSE,FALSE
ID150,2026-04-22,2979,129784,180,8,8,2302,Location007,0,0,FALSE,FALSE,FALSE
ID150,2026-04-23,2217,131795,181,11,11,2319,Location007,0,0,FALSE,FALSE,FALSE
ID150,2026-04-24,3059,,182,8,8,2920,Location007,0,0,FALSE,TRUE,FALSE
ID152,2025-12-30,740,30713,81,28,0,0,Location005,21,28,FALSE,FALSE,FALSE
ID152,2025-12-31,1381,27899,82,42,42,11095,Location005,42,0,FALSE,TRUE,FALSE
ID152,2026-01-01,1326,25085,83,25,25,10625,Location005,24,0,FALSE,FALSE,FALSE
ID152,2026-01-03,1242,26461,85,23,23,10704,Location005,16,0,FALSE,FALSE,FALSE
ID152,2026-01-04,1339,27722,86,32,32,9883,Location005,10,0,FALSE,FALSE,FALSE
ID152,2026-01-05,1435,27915,87,25,25,9405,Location005,3,0,FALSE,FALSE,FALSE
ID152,2026-01-06,2021,28748,88,38,38,10004,Location005,4,0,FALSE,FALSE,FALSE
ID152,2026-01-07,1655,28981,89,42,42,10393,Location005,7,0,FALSE,FALSE,FALSE
ID152,2026-01-08,1175,29218,90,43,43,7655,Location005,0,0,FALSE,FALSE,FALSE
ID152,2026-01-09,2305,30120,91,42,42,11453,Location005,11,0,FALSE,FALSE,FALSE
ID152,2026-01-10,1570,30521,92,57,57,9747,Location005,57,0,FALSE,TRUE,FALSE
ID152,2026-01-11,1911,30922,93,67,67,10244,Location005,0,0,FALSE,FALSE,FALSE
ID152,2026-01-12,1916,33542,94,64,64,11719,Location005,0,0,FALSE,FALSE,FALSE
ID152,2026-01-13,1847,33998,95,71,71,9443,Location005,0,0,FALSE,FALSE,FALSE
ID152,2026-01-15,1755,36667,97,32,32,4812,Location005,0,0,FALSE,FALSE,FALSE
ID152,2026-01-17,1932,38435,99,49,49,5523,Location005,0,0,FALSE,FALSE,FALSE
ID152,2026-01-18,1434,39985,100,59,59,4693,Location005,0,0,FALSE,FALSE,FALSE
ID152,2026-01-19,1635,40775,101,50,50,4116,Location005,0,0,FALSE,FALSE,FALSE
ID152,2026-01-20,1129,41478,102,38,38,3769,Location005,0,0,FALSE,FALSE,FALSE
ID152,2026-01-21,1914,42908,103,48,48,5767,Location005,0,0,FALSE,FALSE,FALSE
ID152,2026-01-22,2157,43449,104,36,36,5234,Location005,0,0,FALSE,FALSE,FALSE
ID152,2026-01-23,1384,44498,105,46,46,4554,Location005,0,0,FALSE,FALSE,FALSE
ID152,2026-01-24,1926,46286,106,52,52,4868,Location005,0,0,FALSE,FALSE,FALSE
ID152,2026-01-25,1777,46918,107,48,48,4556,Location005,0,0,FALSE,FALSE,FALSE
ID152,2026-01-26,2940,47656,108,78,78,6317,Location005,0,0,FALSE,FALSE,FALSE
ID152,2026-01-27,1981,49064,109,50,50,4139,Location005,0,0,FALSE,FALSE,FALSE
ID152,2026-01-28,1664,49309,110,47,47,4941,Location005,0,0,FALSE,FALSE,FALSE
ID152,2026-01-29,1458,51119.5,111,26,26,3919,Location005,0,0,FALSE,FALSE,FALSE
ID152,2026-01-30,1474,52006,112,46,46,4100,Location005,0,0,FALSE,FALSE,FALSE
ID152,2026-01-31,1510,50847,113,33,33,3336,Location005,0,0,FALSE,FALSE,FALSE
ID152,2026-02-01,2443,53810,114,47,47,3458,Location005,0,0,FALSE,FALSE,FALSE
ID152,2026-02-02,3642,55067,115,57,57,7573,Location005,0,0,FALSE,FALSE,FALSE
ID152,2026-02-03,2041,56738,116,38,38,4618,Location005,0,0,FALSE,FALSE,FALSE
ID152,2026-02-04,1444,57470,117,19,19,3427,Location005,0,0,FALSE,FALSE,FALSE
ID152,2026-02-05,2266,55725,118,43,43,5196,Location005,0,0,FALSE,FALSE,FALSE
ID152,2026-02-06,1676,59366,119,40,40,3628,Location005,0,0,FALSE,FALSE,FALSE
ID152,2026-02-07,3093,59970,120,40,40,4322,Location005,0,0,FALSE,FALSE,FALSE
ID152,2026-02-08,2063,60941,121,30,30,4228,Location005,0,0,FALSE,FALSE,FALSE
ID152,2026-02-09,3872,60196,122,45,45,6335,Location005,0,0,FALSE,FALSE,FALSE
ID152,2026-02-10,3036,60950,123,30,30,6207,Location005,0,0,FALSE,FALSE,FALSE
ID152,2026-02-11,3885,64238,124,47,47,6901,Location005,0,0,FALSE,FALSE,FALSE
ID152,2026-02-12,2074,63574,125,27,27,3226,Location005,0,0,FALSE,FALSE,FALSE
ID152,2026-02-13,2506,63795,126,23,23,4084,Location005,0,0,FALSE,FALSE,FALSE
ID152,2026-02-14,4000,63862,127,22,22,5347,Location005,0,0,FALSE,FALSE,FALSE
ID152,2026-02-15,2748,65919,128,20,20,3378,Location005,0,0,FALSE,FALSE,FALSE
ID152,2026-02-16,1647,65430,129,38,38,4145,Location005,0,0,FALSE,FALSE,FALSE
ID152,2026-02-17,2043,66258,130,29,29,3242,Location005,0,0,FALSE,FALSE,FALSE
ID152,2026-02-18,1479,66741,131,43,43,3823,Location005,0,0,FALSE,FALSE,FALSE
ID152,2026-02-19,1729,67595,132,21,21,3255,Location005,0,0,FALSE,FALSE,FALSE
ID152,2026-02-20,2152,68896,133,29,29,3454,Location005,0,0,FALSE,FALSE,FALSE
ID152,2026-02-21,2501,69011,134,35,35,3938,Location005,0,0,FALSE,FALSE,FALSE
ID152,2026-02-22,1410,70032,135,24,24,2669,Location005,0,0,FALSE,FALSE,FALSE
ID152,2026-02-23,2512,70525,136,44,44,4905,Location005,0,0,FALSE,FALSE,FALSE
ID152,2026-02-24,1809,71311,137,41,41,3492,Location005,0,0,FALSE,FALSE,FALSE
ID152,2026-02-25,2198,72138,138,29,29,3562,Location005,0,0,FALSE,FALSE,FALSE
ID152,2026-02-26,2959,73161,139,25,25,4024,Location005,0,0,FALSE,FALSE,FALSE
ID152,2026-02-27,2514,71802,140,49,49,2021,Location005,0,0,FALSE,FALSE,FALSE
ID152,2026-02-28,3046,72124,141,35,35,6438,Location005,0,0,FALSE,FALSE,FALSE
ID152,2026-03-01,2430,74844,142,26,26,5506,Location005,0,0,FALSE,FALSE,FALSE
ID152,2026-03-02,3166,76183,143,31,31,5798,Location005,0,0,FALSE,FALSE,FALSE
ID152,2026-03-03,3023,78095,144,37,37,5997,Location005,0,0,FALSE,FALSE,FALSE
ID152,2026-03-04,2477,77217.5,145,20,20,4455,Location005,0,0,FALSE,FALSE,FALSE
ID152,2026-03-05,2486,79120,146,32,32,4855,Location005,0,0,FALSE,FALSE,FALSE
ID152,2026-03-06,2621,80106,147,36,36,3762,Location005,0,0,FALSE,FALSE,FALSE
ID152,2026-03-07,1748,78413,148,35,35,3987,Location005,0,0,FALSE,FALSE,FALSE
ID152,2026-03-08,2144,79884,149,44,44,4491,Location005,0,0,FALSE,FALSE,FALSE
ID152,2026-03-09,3006,81886,150,36,36,4884,Location005,0,0,FALSE,FALSE,FALSE
ID152,2026-03-10,2449,83642,151,36,36,4286,Location005,0,0,FALSE,FALSE,FALSE
ID152,2026-03-11,1793,84692,152,30,30,4434,Location005,0,0,FALSE,FALSE,FALSE
ID152,2026-03-12,4209,85553,153,34,0,0,Location005,0,34,FALSE,FALSE,FALSE
ID152,2026-03-13,2472,86288,154,31,31,4299,Location005,0,0,FALSE,FALSE,FALSE
ID152,2026-03-14,1703,87524,155,21,21,3049,Location005,0,0,FALSE,FALSE,FALSE
ID152,2026-03-15,2947,89404,156,38,38,4482,Location005,0,0,FALSE,FALSE,FALSE
ID152,2026-03-16,1362,89083,157,19,19,2697,Location005,0,0,FALSE,FALSE,FALSE
ID152,2026-03-17,2296,91068,158,27,27,4618,Location005,0,0,FALSE,FALSE,FALSE
ID152,2026-03-18,2585,90143,159,25,25,4705,Location005,0,0,FALSE,FALSE,FALSE
ID152,2026-03-19,1990,92320,160,23,23,4227,Location005,0,0,FALSE,FALSE,FALSE
ID152,2026-03-20,2804,91682,161,21,21,4795,Location005,0,0,FALSE,FALSE,FALSE
ID152,2026-03-21,1284,93621,162,18,0,0,Location005,0,18,FALSE,FALSE,FALSE
ID152,2026-03-22,2893,94810,163,25,25,6566,Location005,0,0,FALSE,FALSE,FALSE
ID152,2026-03-23,3487,97079.5,164,36,36,6882,Location005,0,0,FALSE,FALSE,FALSE
ID152,2026-03-24,2612,98148,165,20,20,4184,Location005,0,0,FALSE,FALSE,FALSE
ID152,2026-03-25,3593,98148,166,32,32,7169,Location005,0,0,FALSE,FALSE,FALSE
ID152,2026-03-26,2436,98167,167,18,18,3784,Location005,0,0,FALSE,FALSE,FALSE
ID152,2026-03-27,3208,101973,168,33,33,4427,Location005,0,0,FALSE,FALSE,FALSE
ID152,2026-03-28,3123,101511,169,37,37,3991,Location005,0,0,FALSE,FALSE,FALSE
ID152,2026-03-29,2422,103789,170,20,20,3808,Location005,0,0,FALSE,FALSE,FALSE
ID152,2026-03-30,3829,105269,171,29,29,3763,Location005,0,0,FALSE,FALSE,FALSE
ID152,2026-03-31,2148,106641,172,21,21,2519,Location005,0,0,FALSE,FALSE,FALSE
ID152,2026-04-01,3303,102565,173,30,30,4506,Location005,0,0,FALSE,FALSE,FALSE
ID152,2026-04-02,2594,107485,174,35,35,5167,Location005,0,0,FALSE,FALSE,FALSE
ID152,2026-04-03,2333,108949,175,26,26,3157,Location005,0,0,FALSE,FALSE,FALSE
ID152,2026-04-04,2637,110643,176,17,17,3368,Location005,0,0,FALSE,FALSE,FALSE
ID152,2026-04-05,4350,111389,177,32,0,0,Location005,0,32,FALSE,FALSE,FALSE
ID152,2026-04-06,2389,112256,178,20,20,3216,Location002,0,0,FALSE,FALSE,FALSE
ID152,2026-04-07,3156,109996,179,31,31,5686,Location002,0,0,FALSE,FALSE,FALSE
ID152,2026-04-08,2827,113044,180,23,23,3705,Location002,0,0,FALSE,FALSE,FALSE
ID152,2026-04-09,5044,114540,181,33,0,0,Location002,0,33,FALSE,FALSE,FALSE
ID152,2026-04-10,2420,114894,182,18,18,4276,Location002,0,0,FALSE,FALSE,FALSE
ID152,2026-04-11,2132,115810,183,15,15,3285,Location002,0,0,FALSE,FALSE,FALSE
ID152,2026-04-12,1102,117006,184,6,0,0,Location002,0,6,FALSE,FALSE,FALSE
ID152,2026-04-13,1877,112995,185,10,10,3111,Location002,0,0,FALSE,FALSE,FALSE
ID152,2026-04-14,1936,117448,186,10,10,4044,Location002,0,0,FALSE,FALSE,FALSE
ID152,2026-04-15,1147,118080,187,4,4,2007,Location002,0,0,FALSE,FALSE,FALSE
ID152,2026-04-16,2332,118214,188,15,15,4195,Location002,0,0,FALSE,FALSE,FALSE
ID152,2026-04-17,2616,118200,189,14,14,5233,Location002,0,0,FALSE,FALSE,FALSE
ID152,2026-04-18,3240,118799,190,22,22,5815,Location002,0,0,FALSE,FALSE,FALSE
ID152,2026-04-19,2085,120028,191,12,12,3094,Location002,0,0,FALSE,FALSE,FALSE
ID152,2026-04-20,2313,119771,192,9,9,3627,Location002,0,0,FALSE,FALSE,FALSE
ID152,2026-04-21,2180,114227,193,10,10,3258,Location002,0,0,FALSE,FALSE,FALSE
ID152,2026-04-22,10,118949,194,2,0,0,Location002,0,2,FALSE,FALSE,FALSE
ID152,2026-04-23,4080,116679,195,25,25,8096,Location002,0,0,FALSE,FALSE,FALSE
ID152,2026-04-24,3585,,196,26,26,7048,Location002,0,0,FALSE,TRUE,FALSE
ID166,2026-02-07,2410,,98,18,18,5362,Location011,18,0,FALSE,TRUE,FALSE
ID166,2026-02-08,3026,44614,99,29,29,8848,Location011,0,0,FALSE,FALSE,FALSE
ID166,2026-02-09,2593,37976,100,27,27,8570,Location011,0,0,FALSE,FALSE,FALSE
ID166,2026-02-10,2397,40168,101,26,26,7302,Location011,26,0,FALSE,TRUE,FALSE
ID166,2026-02-11,2576,42360,102,29,29,7980,Location011,0,0,FALSE,FALSE,FALSE
ID166,2026-02-12,3701,49669,103,23,23,6477,Location011,0,0,FALSE,FALSE,FALSE
ID166,2026-02-13,2192,49974,104,29,29,7032,Location011,0,0,FALSE,FALSE,FALSE
ID166,2026-02-14,2231,50754,105,24,24,7052,Location011,0,0,FALSE,FALSE,FALSE
ID166,2026-02-15,2138,51921,106,31,31,7086,Location011,0,0,FALSE,FALSE,FALSE
ID166,2026-02-16,2051,52285,107,23,0,0,Location011,0,23,FALSE,FALSE,FALSE
ID166,2026-02-17,2460,53764,108,33,33,8698,Location011,0,0,FALSE,FALSE,FALSE
ID166,2026-02-18,2179,54623,109,27,27,7846,Location011,0,0,FALSE,FALSE,FALSE
ID166,2026-02-19,1914,55359.5,110,16,0,0,Location011,0,16,FALSE,FALSE,FALSE
ID166,2026-02-20,2759,56197,111,23,23,9696,Location011,0,0,FALSE,FALSE,FALSE
ID166,2026-02-21,2598,57345,112,19,19,9208,Location011,0,0,FALSE,FALSE,FALSE
ID166,2026-02-22,3002,59347,113,28,28,8462,Location011,0,0,FALSE,FALSE,FALSE
ID166,2026-02-23,2878,60379,114,19,19,8399,Location011,0,0,FALSE,FALSE,FALSE
ID166,2026-02-24,2434,55341,115,20,20,7096,Location011,0,0,FALSE,FALSE,FALSE
ID166,2026-02-25,2553,62527,116,19,19,7376,Location011,0,0,FALSE,FALSE,FALSE
ID166,2026-02-26,2674,62624,117,20,20,7472,Location011,0,0,FALSE,FALSE,FALSE
ID166,2026-02-27,2256,62492,118,42,42,8646,Location011,0,0,FALSE,FALSE,FALSE
ID166,2026-02-28,2740,63645,119,64,64,10267,Location011,0,0,FALSE,FALSE,FALSE
ID166,2026-03-01,2673,65210,120,29,29,8488,Location011,0,0,FALSE,FALSE,FALSE
ID166,2026-03-02,3157,66447,121,41,41,10356,Location011,0,0,FALSE,FALSE,FALSE
ID166,2026-03-03,2715,66889,122,23,23,8096,Location011,0,0,FALSE,FALSE,FALSE
ID166,2026-03-04,2648,69251,123,28,28,10401,Location011,0,0,FALSE,FALSE,FALSE
ID166,2026-03-05,2909,69722,124,35,35,9138,Location011,0,0,FALSE,FALSE,FALSE
ID166,2026-03-06,2712,71384,125,19,19,7766,Location011,0,0,FALSE,FALSE,FALSE
ID166,2026-03-07,2846,71751,126,23,23,8066,Location011,0,0,FALSE,FALSE,FALSE
ID166,2026-03-08,2663,72951,127,28,28,8416,Location011,0,0,FALSE,FALSE,FALSE
ID166,2026-03-09,2492,73832,128,24,24,7828,Location011,0,0,FALSE,FALSE,FALSE
ID166,2026-03-10,2823,73554,129,24,24,10191,Location011,0,0,FALSE,FALSE,FALSE
ID166,2026-03-11,3072,74625,130,23,23,8781,Location011,0,0,FALSE,FALSE,FALSE
ID166,2026-03-12,3438,77409,131,32,32,10704,Location011,0,0,FALSE,FALSE,FALSE
ID166,2026-03-13,2986,77982,132,24,24,8644,Location011,0,0,FALSE,FALSE,FALSE
ID166,2026-03-14,3054,79590.5,133,22,22,7942,Location011,22,0,FALSE,TRUE,FALSE
ID166,2026-03-15,3511,81199,134,26,26,10818,Location011,0,0,FALSE,FALSE,FALSE
ID166,2026-03-16,2810,81820,135,17,17,7973,Location011,0,0,FALSE,FALSE,FALSE
ID166,2026-03-17,2767,81943,136,24,24,8216,Location011,0,0,FALSE,FALSE,FALSE
ID166,2026-03-18,2922,82527,137,39,39,8128,Location011,0,0,FALSE,FALSE,FALSE
ID166,2026-03-19,3024,85072.5,138,14,14,7222,Location011,0,0,FALSE,FALSE,FALSE
ID166,2026-03-20,2729,84972,139,20,20,7002,Location011,0,0,FALSE,FALSE,FALSE
ID166,2026-03-21,3324,85597,140,20,20,7777,Location011,0,0,FALSE,FALSE,FALSE
ID166,2026-03-22,3285,87539,141,23,23,9283,Location011,0,0,FALSE,FALSE,FALSE
ID166,2026-03-23,2216,89163,142,19,19,6009,Location011,0,0,FALSE,FALSE,FALSE
ID166,2026-03-24,2932,88266,143,20,20,7767,Location011,0,0,FALSE,FALSE,FALSE
ID166,2026-03-25,3135,90265,144,29,29,9914,Location011,0,0,FALSE,FALSE,FALSE
ID166,2026-03-26,3788,90643,145,31,31,10104,Location011,0,0,FALSE,FALSE,FALSE
ID166,2026-03-27,2688,91446,146,31,31,8019,Location011,0,0,FALSE,FALSE,FALSE
ID166,2026-03-28,4989,93131.5,147,18,0,0,Location011,0,18,FALSE,FALSE,FALSE
ID166,2026-03-29,3209,95420,148,18,18,9494,Location011,0,0,FALSE,FALSE,FALSE
ID166,2026-03-30,3600,95919,149,22,22,9008,Location011,0,0,FALSE,FALSE,FALSE
ID166,2026-03-31,2766,96894,150,21,21,6658,Location011,0,0,FALSE,FALSE,FALSE
ID166,2026-04-01,3273,98517,151,21,21,8330,Location011,0,0,FALSE,FALSE,FALSE
ID166,2026-04-02,3250,98798.5,152,14,14,7725,Location011,0,0,FALSE,FALSE,FALSE
ID166,2026-04-03,4409,99353,153,15,15,9712,Location011,0,0,FALSE,FALSE,FALSE
ID166,2026-04-04,3921,100597,154,12,12,8942,Location011,0,0,FALSE,FALSE,FALSE
ID166,2026-04-05,3498,102267,155,13,13,8520,Location011,0,0,FALSE,FALSE,FALSE
ID166,2026-04-06,3400,103715,156,14,14,8150,Location011,0,0,FALSE,FALSE,FALSE
ID166,2026-04-07,3109,103858,157,14,14,7192,Location011,0,0,FALSE,FALSE,FALSE
ID166,2026-04-08,3665,104478,158,18,18,5925,Location011,0,0,FALSE,FALSE,FALSE
ID166,2026-04-09,2520,106285,159,22,22,6853,Location011,0,0,FALSE,FALSE,FALSE
ID166,2026-04-10,2702,105648,160,15,15,4696,Location011,0,0,FALSE,FALSE,FALSE
ID166,2026-04-11,3011,105983,161,23,23,6482,Location011,0,0,FALSE,FALSE,FALSE
ID166,2026-04-12,2297,107153,162,11,11,4667,Location011,0,0,FALSE,FALSE,FALSE
ID166,2026-04-13,3014,108214,163,19,19,5039,Location011,0,0,FALSE,FALSE,FALSE
ID166,2026-04-14,3621,109375,164,20,20,5657,Location011,0,0,FALSE,FALSE,FALSE
ID166,2026-04-15,3617,108333,165,21,21,6046,Location011,0,0,FALSE,FALSE,FALSE
ID166,2026-04-16,3339,111393,166,20,20,5169,Location011,0,0,FALSE,FALSE,FALSE
ID166,2026-04-17,3071,110783,167,14,14,4352,Location011,0,0,FALSE,FALSE,FALSE
ID166,2026-04-18,3184,110271,168,20,20,5842,Location011,0,0,FALSE,FALSE,FALSE
ID166,2026-04-19,2364,111796,169,15,15,4262,Location011,0,0,FALSE,FALSE,FALSE
ID166,2026-04-20,2706,111707,170,13,13,4678,Location011,0,0,FALSE,FALSE,FALSE
ID166,2026-04-21,3276,113290,171,19,19,6204,Location011,0,0,FALSE,FALSE,FALSE
ID166,2026-04-22,3180,115046,172,20,20,6215,Location011,0,0,FALSE,FALSE,FALSE
ID166,2026-04-23,3084,115111,173,15,15,4925,Location011,0,0,FALSE,FALSE,FALSE
ID166,2026-04-24,3498,,174,31,31,5220,Location011,0,0,FALSE,TRUE,FALSE
ID167,2026-01-11,2377,,69,7,7,1698,Location008,7,0,FALSE,TRUE,FALSE
ID167,2026-01-12,972,,70,10,10,3750,Location008,10,0,FALSE,TRUE,FALSE
ID167,2026-01-13,4968,,71,6,0,0,Location008,6,6,FALSE,TRUE,FALSE
ID167,2026-01-15,2004,,73,12,12,1871,Location008,12,0,FALSE,TRUE,FALSE
ID167,2026-01-17,372,30194,75,4,0,0,Location008,0,4,FALSE,FALSE,FALSE
ID167,2026-01-18,1710,30202,76,8,8,2560,Location008,2,0,FALSE,FALSE,FALSE
ID167,2026-01-20,96,31154,78,7,0,0,Location008,1,7,FALSE,FALSE,FALSE
ID167,2026-01-21,682,29789,79,6,6,585,Location008,0,0,FALSE,FALSE,FALSE
ID167,2026-01-22,4213,29663,80,8,0,0,Location008,0,8,FALSE,FALSE,FALSE
ID167,2026-01-23,812,31287,81,4,4,1140,Location008,0,0,FALSE,FALSE,FALSE
ID167,2026-01-24,1922,33409,82,12,12,4993,Location008,0,0,FALSE,FALSE,FALSE
ID167,2026-01-25,1435,33868.5,83,6,6,4755,Location008,0,0,FALSE,FALSE,FALSE
ID167,2026-01-26,670,35201,84,7,0,0,Location008,0,7,FALSE,FALSE,FALSE
ID167,2026-01-27,2246,34539,85,13,13,3465,Location008,0,0,FALSE,FALSE,FALSE
ID167,2026-01-28,1659,36086,86,12,12,6385,Location008,0,0,FALSE,FALSE,FALSE
ID167,2026-01-29,2814,37974,87,16,16,6270,Location008,0,0,FALSE,FALSE,FALSE
ID167,2026-01-30,2055,39909,88,11,11,4770,Location008,0,0,FALSE,FALSE,FALSE
ID167,2026-01-31,1883,39273,89,18,18,4795,Location008,0,0,FALSE,FALSE,FALSE
ID167,2026-02-01,2038,40727,90,14,14,4993,Location008,0,0,FALSE,FALSE,FALSE
ID167,2026-02-02,2050,42004,91,22,22,5200,Location008,0,0,FALSE,FALSE,FALSE
ID167,2026-02-03,3458,43710,92,22,22,8257,Location008,0,0,FALSE,FALSE,FALSE
ID167,2026-02-04,1957,44958,93,17,17,7721,Location008,0,0,FALSE,FALSE,FALSE
ID167,2026-02-05,5480,47638,94,29,0,0,Location008,0,29,FALSE,FALSE,FALSE
ID167,2026-02-06,2789,48333,95,18,18,6680,Location008,0,0,FALSE,FALSE,FALSE
ID167,2026-02-07,2462,47956,96,17,0,0,Location008,0,17,FALSE,FALSE,TRUE
ID167,2026-02-08,2135,50862,97,14,14,6708,Location008,0,0,FALSE,FALSE,FALSE
ID167,2026-02-09,3006,51165,98,10,10,7126,Location008,0,0,FALSE,FALSE,FALSE
ID167,2026-02-10,2984,52638,99,18,18,8117,Location008,0,0,FALSE,FALSE,FALSE
ID167,2026-02-11,2939,53967,100,20,20,7798,Location008,0,0,FALSE,FALSE,FALSE
ID167,2026-02-12,5284,56436,101,20,0,0,Location008,0,20,FALSE,FALSE,FALSE
ID167,2026-02-13,5526,57596,102,16,0,0,Location008,0,16,FALSE,FALSE,FALSE
ID167,2026-02-14,2649,58386,103,14,14,6562,Location008,0,0,FALSE,FALSE,FALSE
ID167,2026-02-15,2352,60046,104,20,20,8145,Location008,0,0,FALSE,FALSE,FALSE
ID167,2026-02-16,2584,59592,105,16,16,4176,Location008,0,0,FALSE,FALSE,FALSE
ID167,2026-02-17,2932,59080,106,18,18,7086,Location008,0,0,FALSE,FALSE,FALSE
ID167,2026-02-18,2102,62213,107,9,9,6063,Location008,0,0,FALSE,FALSE,FALSE
ID167,2026-02-19,4380,63278,108,25,25,8505,Location008,0,0,FALSE,FALSE,FALSE
ID167,2026-02-20,4052,64695,109,24,24,8727,Location008,0,0,FALSE,FALSE,FALSE
ID167,2026-02-21,2622,66554,110,14,14,5480,Location008,0,0,FALSE,FALSE,FALSE
ID167,2026-02-22,4490,67607,111,20,20,6120,Location008,0,0,FALSE,FALSE,FALSE
ID167,2026-02-23,3255,68554,112,18,18,6019,Location008,0,0,FALSE,FALSE,FALSE
ID167,2026-02-24,2163,67800,113,14,14,4164,Location008,0,0,FALSE,FALSE,FALSE
ID167,2026-02-25,4175,70936,114,31,31,7512,Location008,0,0,FALSE,FALSE,FALSE
ID167,2026-02-26,3885,72835.5,115,16,16,7015,Location008,0,0,FALSE,FALSE,FALSE
ID167,2026-02-27,2829,73674.5,116,22,22,5302,Location008,0,0,FALSE,FALSE,FALSE
ID167,2026-02-28,2790,73489,117,13,13,6464,Location008,0,0,FALSE,FALSE,FALSE
ID167,2026-03-01,3908,76230.5,118,18,18,8512,Location008,0,0,FALSE,FALSE,FALSE
ID167,2026-03-02,2747,77654,119,18,18,7822,Location008,0,0,FALSE,FALSE,FALSE
ID167,2026-03-03,3150,78067,120,21,21,7739,Location008,0,0,FALSE,FALSE,FALSE
ID167,2026-03-04,3948,79796,121,25,25,8120,Location008,0,0,FALSE,FALSE,FALSE
ID167,2026-03-05,2919,80057,122,21,21,5536,Location008,0,0,FALSE,FALSE,FALSE
ID167,2026-03-06,3387,80952.5,123,26,26,6777,Location008,0,0,FALSE,FALSE,FALSE
ID167,2026-03-07,2828,82370,124,16,16,6429,Location008,0,0,FALSE,FALSE,FALSE
ID167,2026-03-08,1984,81549,125,5,5,3236,Location008,0,0,FALSE,FALSE,FALSE
ID167,2026-03-09,4037,83214,126,19,19,7076,Location008,0,0,FALSE,FALSE,FALSE
ID167,2026-03-10,2757,86406,127,13,13,2326,Location008,0,0,FALSE,FALSE,FALSE
ID167,2026-03-11,3939,85124,128,14,14,7655,Location008,0,0,FALSE,FALSE,FALSE
ID167,2026-03-12,3144,88160.5,129,12,12,6436,Location008,0,0,FALSE,FALSE,FALSE
ID167,2026-03-13,3105,89092,130,13,13,7021,Location008,0,0,FALSE,FALSE,FALSE
ID167,2026-03-14,3294,89007,131,11,11,5321,Location008,0,0,FALSE,FALSE,FALSE
ID167,2026-03-15,3922,91763,132,26,26,6823,Location008,0,0,FALSE,FALSE,FALSE
ID167,2026-03-16,3964,91060,133,16,16,6487,Location008,0,0,FALSE,FALSE,FALSE
ID167,2026-03-17,4161,90279,134,16,16,6193,Location008,0,0,FALSE,FALSE,FALSE
ID167,2026-03-18,1803,95258,135,5,5,4250,Location008,0,0,FALSE,FALSE,FALSE
ID167,2026-03-19,2983,96335,136,11,11,6005,Location008,0,0,FALSE,FALSE,FALSE
ID167,2026-03-20,2035,95836,137,5,5,3949,Location008,0,0,FALSE,FALSE,FALSE
ID167,2026-03-21,3963,96587,138,16,16,6933,Location008,0,0,FALSE,FALSE,FALSE
ID167,2026-03-22,2606,98394,139,7,7,5102,Location008,0,0,FALSE,FALSE,FALSE
ID167,2026-03-23,3193,101037,140,12,12,6759,Location008,0,0,FALSE,FALSE,FALSE
ID167,2026-03-24,3291,101251,141,12,12,4705,Location008,0,0,FALSE,FALSE,FALSE
ID167,2026-03-25,2935,101743,142,10,10,4783,Location008,0,0,FALSE,FALSE,FALSE
ID167,2026-03-26,2353,104061,143,13,13,5179,Location008,0,0,FALSE,FALSE,FALSE
ID167,2026-03-27,3318,103653.5,144,10,10,4568,Location008,0,0,FALSE,FALSE,FALSE
ID167,2026-03-28,4437,105232,145,21,21,5949,Location008,0,0,FALSE,FALSE,FALSE
ID167,2026-03-29,3611,107745,146,13,13,5647,Location008,0,0,FALSE,FALSE,FALSE
ID167,2026-03-30,2669,107050,147,11,11,5869,Location008,0,0,FALSE,FALSE,FALSE
ID167,2026-03-31,3697,109253,148,19,19,5454,Location008,0,0,FALSE,FALSE,FALSE
ID167,2026-04-01,3722,109586,149,13,13,6466,Location008,0,0,FALSE,FALSE,FALSE
ID167,2026-04-02,3503,112172,150,13,13,3590,Location008,0,0,FALSE,FALSE,FALSE
ID167,2026-04-03,3186,113011,151,15,15,5840,Location008,0,0,FALSE,FALSE,FALSE
ID167,2026-04-04,5059,114912,152,13,13,4733,Location008,0,0,FALSE,FALSE,FALSE
ID167,2026-04-05,1671,116063,153,3,3,2622,Location008,0,0,FALSE,FALSE,FALSE
ID167,2026-04-06,2581,114651,154,10,0,0,Location008,0,10,FALSE,FALSE,TRUE
ID167,2026-04-07,3491,117153,155,19,19,4905,Location008,0,0,FALSE,FALSE,FALSE
ID167,2026-04-08,4073,116163,156,12,12,3307,Location008,0,0,FALSE,FALSE,FALSE
ID167,2026-04-09,3654,118910.5,157,8,8,3812,Location008,0,0,FALSE,FALSE,FALSE
ID167,2026-04-10,2821,119707,158,6,6,3826,Location008,0,0,FALSE,FALSE,FALSE
ID167,2026-04-11,3019,119543,159,11,11,4309,Location008,0,0,FALSE,FALSE,FALSE
ID167,2026-04-12,2414,120656,160,9,9,3770,Location008,0,0,FALSE,FALSE,FALSE
ID167,2026-04-13,2471,120915.5,161,10,10,2634,Location008,0,0,FALSE,FALSE,FALSE
ID167,2026-04-14,2304,119200,162,6,6,3040,Location008,0,0,FALSE,FALSE,FALSE
ID167,2026-04-15,4520,118102,163,13,13,5645,Location008,0,0,FALSE,FALSE,FALSE
ID167,2026-04-16,3589,118102,164,9,9,4116,Location008,0,0,FALSE,FALSE,FALSE
ID167,2026-04-17,2303,120407,165,11,11,2694,Location008,11,0,FALSE,TRUE,FALSE
ID167,2026-04-18,3125,122712,166,11,11,3367,Location008,0,0,FALSE,FALSE,FALSE
ID167,2026-04-19,3213,125506,167,10,10,4138,Location008,0,0,FALSE,FALSE,FALSE
ID167,2026-04-20,3983,123794,168,15,15,5037,Location008,0,0,FALSE,FALSE,FALSE
ID167,2026-04-21,3202,130308,169,13,13,4330,Location008,0,0,FALSE,FALSE,FALSE
ID167,2026-04-22,2513,128218,170,12,12,4012,Location008,0,0,FALSE,FALSE,FALSE
ID167,2026-04-23,2200,128660,171,9,9,2466,Location008,0,0,FALSE,FALSE,FALSE
ID167,2026-04-24,1776,,172,6,6,2103,Location008,0,0,FALSE,TRUE,FALSE
ID169,2026-01-11,130,30341.5,72,6,0,0,Location009,0,6,FALSE,FALSE,FALSE
ID169,2026-01-13,1129,25755,74,8,8,4366,Location009,0,0,FALSE,FALSE,FALSE
ID169,2026-01-14,4924,25755,75,10,10,4865,Location009,0,0,FALSE,FALSE,FALSE
ID169,2026-01-15,1273,25755,76,16,16,6279,Location009,0,0,FALSE,FALSE,FALSE
ID169,2026-01-17,1753,31723,78,12,12,6410,Location009,0,0,FALSE,FALSE,FALSE
ID169,2026-01-20,1829,33793,81,11,11,4059,Location009,0,0,FALSE,FALSE,FALSE
ID169,2026-01-21,701,32938,82,5,5,2070,Location009,0,0,FALSE,FALSE,FALSE
ID169,2026-01-22,1633,35274,83,13,13,4988,Location009,0,0,FALSE,FALSE,FALSE
ID169,2026-01-23,1066,36169.5,84,8,8,2941,Location009,0,0,FALSE,FALSE,FALSE
ID169,2026-01-24,1544,37505,85,16,16,4474,Location009,0,0,FALSE,FALSE,FALSE
ID169,2026-01-25,1159,38230,86,23,23,4528,Location009,0,0,FALSE,FALSE,FALSE
ID169,2026-01-26,1446,38504,87,11,11,5381,Location009,0,0,FALSE,FALSE,FALSE
ID169,2026-01-27,1351,38874,88,24,24,4395,Location009,0,0,FALSE,FALSE,FALSE
ID169,2026-01-28,2440,40640,89,15,15,5622,Location009,0,0,FALSE,FALSE,FALSE
ID169,2026-01-29,1972,40984,90,22,22,7244,Location010,0,0,FALSE,FALSE,FALSE
ID169,2026-01-30,2946,40984,91,29,29,8979,Location010,0,0,FALSE,FALSE,FALSE
ID169,2026-01-31,1967,42932,92,17,17,8137,Location010,0,0,FALSE,FALSE,FALSE
ID169,2026-02-01,2743,44170,93,22,22,9919,Location010,0,0,FALSE,FALSE,FALSE
ID169,2026-02-02,2466,44637,94,22,22,8702,Location010,0,0,FALSE,FALSE,FALSE
ID169,2026-02-03,2140,46472,95,17,17,8691,Location010,0,0,FALSE,FALSE,FALSE
ID169,2026-02-04,2831,47128,96,25,25,11576,Location010,0,0,FALSE,FALSE,FALSE
ID169,2026-02-05,2528,48137,97,25,25,9198,Location010,0,0,FALSE,FALSE,FALSE
ID169,2026-02-06,3095,49150,98,29,29,11404,Location010,0,0,FALSE,FALSE,FALSE
ID169,2026-02-07,2392,54123,99,40,40,6952,Location010,0,0,FALSE,FALSE,FALSE
ID169,2026-02-08,3485,51782,100,32,32,8811,Location011,0,0,FALSE,FALSE,FALSE
ID169,2026-02-09,5433,52973,101,42,42,11525,Location011,0,0,FALSE,FALSE,FALSE
ID169,2026-02-10,4032,53854,102,38,38,9306,Location011,0,0,FALSE,FALSE,FALSE
ID169,2026-02-11,4465,54411,103,40,40,11012,Location011,0,0,FALSE,TRUE,FALSE
ID169,2026-02-12,1964,54968,104,21,21,5326,Location011,0,0,FALSE,FALSE,FALSE
ID169,2026-02-13,3917,54672,105,32,32,8870,Location011,0,0,FALSE,FALSE,FALSE
ID169,2026-02-14,2289,56711,106,17,17,5272,Location011,0,0,FALSE,FALSE,FALSE
ID169,2026-02-15,2636,55149,107,19,19,6394,Location011,0,0,FALSE,FALSE,FALSE
ID169,2026-02-16,3846,55149,108,43,43,10484,Location011,0,0,FALSE,FALSE,FALSE
ID169,2026-02-17,4607,60036,109,40,40,11434,Location011,0,0,FALSE,FALSE,FALSE
ID169,2026-02-18,4778,60159,110,44,44,12476,Location011,0,0,FALSE,FALSE,FALSE
ID169,2026-02-19,5081,60119,111,33,33,12210,Location011,0,0,FALSE,FALSE,FALSE
ID169,2026-02-20,4862,63140,112,34,34,10484,Location011,0,0,FALSE,FALSE,FALSE
ID169,2026-02-21,4820,62500,113,44,44,11790,Location011,0,0,FALSE,FALSE,FALSE
ID169,2026-02-22,3810,64035,114,37,37,9690,Location011,0,0,FALSE,FALSE,FALSE
ID169,2026-02-24,351,67555,116,6,0,0,Location011,0,6,FALSE,FALSE,FALSE
ID169,2026-02-25,3003,66790,117,25,25,6385,Location011,0,0,FALSE,FALSE,FALSE
ID169,2026-02-26,4888,66790,118,54,54,11173,Location011,0,0,FALSE,FALSE,FALSE
ID169,2026-02-27,4004,69155,119,66,66,9412,Location011,0,0,FALSE,FALSE,FALSE
ID169,2026-02-28,4202,70448,120,44,44,9270,Location011,0,0,FALSE,FALSE,FALSE
ID169,2026-03-01,4312,70448,121,42,42,9610,Location011,0,0,FALSE,FALSE,FALSE
ID169,2026-03-02,4633,71435,122,37,37,8415,Location011,0,0,FALSE,FALSE,FALSE
ID169,2026-03-03,4908,72218,123,48,48,10401,Location011,0,0,FALSE,FALSE,FALSE
ID169,2026-03-04,3962,72218,124,44,44,9399,Location011,0,0,FALSE,FALSE,FALSE
ID169,2026-03-05,4258,73839.5,125,43,43,9008,Location011,0,0,FALSE,TRUE,FALSE
ID169,2026-03-06,4174,75461,126,22,22,5154,Location011,0,0,FALSE,FALSE,FALSE
ID169,2026-03-07,4679,76778,127,61,61,9473,Location011,0,0,FALSE,FALSE,FALSE
ID169,2026-03-08,4519,78985,128,47,47,8590,Location011,0,0,FALSE,TRUE,FALSE
ID169,2026-03-09,3673,81192,129,42,42,7377,Location011,0,0,FALSE,FALSE,FALSE
ID169,2026-03-10,3904,81378,130,21,21,7803,Location011,0,0,FALSE,FALSE,FALSE
ID169,2026-03-11,4684,79679,131,35,35,8651,Location011,0,0,FALSE,FALSE,FALSE
ID169,2026-03-12,5329,83388,132,63,63,9738,Location011,0,0,FALSE,FALSE,FALSE
ID169,2026-03-13,5175,83445,133,47,47,8741,Location011,0,0,FALSE,FALSE,FALSE
ID169,2026-03-14,5062,84589,134,42,42,8460,Location011,0,0,FALSE,FALSE,FALSE
ID169,2026-03-15,232,84589,135,1,0,0,Location011,0,1,FALSE,FALSE,FALSE
ID169,2026-03-17,5579,86130.5,137,59,59,10153,Location011,59,0,FALSE,TRUE,FALSE
ID169,2026-03-18,4733,87672,138,58,58,9493,Location011,0,0,FALSE,FALSE,FALSE
ID169,2026-03-19,4795,87672,139,37,37,7975,Location011,0,0,FALSE,FALSE,FALSE
ID169,2026-03-20,5180,90082,140,42,42,9160,Location011,0,0,FALSE,FALSE,FALSE
ID169,2026-03-21,4955,91598,141,50,50,11192,Location011,0,0,FALSE,FALSE,TRUE
ID169,2026-03-22,4730,95145,142,34,34,7318,Location011,0,0,FALSE,FALSE,FALSE
ID169,2026-03-23,5314,94892,143,59,59,10319,Location011,0,0,FALSE,FALSE,FALSE
ID169,2026-03-24,4901,94892,144,45,45,8853,Location011,0,0,FALSE,FALSE,FALSE
ID169,2026-03-25,3836,96742,145,28,28,5577,Location011,0,0,FALSE,FALSE,FALSE
ID169,2026-03-26,5145,97770,146,37,37,8328,Location011,0,0,FALSE,FALSE,FALSE
ID169,2026-03-27,4695.5,99495,147,68,0,0,Location011,0,68,FALSE,FALSE,TRUE
ID169,2026-03-28,4246,101573,148,33,33,7790,Location011,0,0,FALSE,FALSE,FALSE
ID169,2026-03-29,4086,101646,149,36,36,8203,Location011,0,0,FALSE,FALSE,FALSE
ID169,2026-03-30,5636,103713,150,50,50,9711,Location011,0,0,FALSE,FALSE,FALSE
ID169,2026-03-31,4187,104302,151,26,26,7431,Location011,0,0,FALSE,FALSE,FALSE
ID169,2026-04-01,4865,103858,152,29,29,7973,Location011,0,0,FALSE,FALSE,FALSE
ID169,2026-04-02,4431,105179,153,44,44,10012,Location011,0,0,FALSE,FALSE,FALSE
ID169,2026-04-03,5209,107106,154,42,42,10585,Location011,0,0,FALSE,FALSE,FALSE
ID169,2026-04-04,4297,107623,155,28,28,7026,Location011,0,0,FALSE,FALSE,FALSE
ID169,2026-04-05,5338,110265,156,49,49,8918,Location011,0,0,FALSE,FALSE,FALSE
ID169,2026-04-06,5244,111580,157,43,43,9476,Location011,0,0,FALSE,FALSE,FALSE
ID169,2026-04-07,4198,111608,158,44,44,9135,Location011,0,0,FALSE,FALSE,FALSE
ID169,2026-04-08,4780,111678,159,40,40,6219,Location011,0,0,FALSE,FALSE,FALSE
ID169,2026-04-09,3528,114309,160,28,28,4252,Location011,0,0,FALSE,FALSE,FALSE
ID169,2026-04-10,5034,115760,161,32,32,6339,Location011,0,0,FALSE,FALSE,FALSE
ID169,2026-04-11,3552,116965,162,25,25,4341,Location011,0,0,FALSE,FALSE,FALSE
ID169,2026-04-12,3607,117568,163,29,29,4538,Location011,0,0,FALSE,FALSE,FALSE
ID169,2026-04-13,3831,117300,164,32,32,4658,Location011,0,0,FALSE,FALSE,FALSE
ID169,2026-04-14,5189,118208,165,35,35,6338,Location011,0,0,FALSE,FALSE,FALSE
ID169,2026-04-15,4971,120583,166,48,48,6051,Location011,0,0,FALSE,FALSE,FALSE
ID169,2026-04-16,5934,122357.5,167,52,52,6636,Location011,0,0,FALSE,FALSE,FALSE
ID169,2026-04-17,4568,123333,168,27,27,5416,Location011,0,0,FALSE,FALSE,FALSE
ID169,2026-04-18,4135,121929,169,39,39,5131,Location011,0,0,FALSE,FALSE,FALSE
ID169,2026-04-19,5431,123151,170,47,47,6256,Location011,0,0,FALSE,FALSE,FALSE
ID169,2026-04-20,4617,124392,171,47,47,5229,Location011,0,0,FALSE,FALSE,FALSE
ID169,2026-04-21,5046,124967,172,36,36,5486,Location011,0,0,FALSE,FALSE,FALSE
ID169,2026-04-22,5100,126304,173,46,46,5559,Location011,0,0,FALSE,FALSE,FALSE
ID169,2026-04-23,4398,124568,174,26,26,5251,Location011,0,0,FALSE,FALSE,FALSE
ID169,2026-04-24,4836,,175,21,21,4825,Location011,0,0,FALSE,TRUE,FALSE
ID172,2026-01-11,547,29770,69,14,0,0,Location008,0,14,FALSE,FALSE,FALSE
ID172,2026-01-12,4062,30259,70,9,9,4322,Location008,9,0,FALSE,TRUE,FALSE
ID172,2026-01-13,651,30748,71,11,0,0,Location008,11,11,FALSE,TRUE,FALSE
ID172,2026-01-14,4053,31237,72,25,25,6113,Location008,25,0,FALSE,TRUE,FALSE
ID172,2026-01-15,1959,31726,73,24,24,3991,Location008,0,0,FALSE,FALSE,FALSE
ID172,2026-01-17,1268,34237,75,21,21,2796,Location008,0,0,FALSE,FALSE,FALSE
ID172,2026-01-20,1182,34447,78,18,18,2433,Location008,0,0,FALSE,FALSE,FALSE
ID172,2026-01-21,2666,35902,79,6,6,1305,Location008,0,0,FALSE,FALSE,FALSE
ID172,2026-01-22,963,35148,80,5,5,930,Location008,0,0,FALSE,FALSE,FALSE
ID172,2026-01-23,2301,38113,81,8,8,4418,Location008,0,0,FALSE,FALSE,FALSE
ID172,2026-01-24,1344,40375,82,19,19,4482,Location008,0,0,FALSE,FALSE,FALSE
ID172,2026-01-25,2024,41138,83,16,16,4687,Location008,0,0,FALSE,FALSE,FALSE
ID172,2026-01-26,1252,41440,84,12,12,3605,Location008,0,0,FALSE,FALSE,FALSE
ID172,2026-01-27,3196,42227,85,29,29,7175,Location008,0,0,FALSE,FALSE,FALSE
ID172,2026-01-28,1865,44624,86,16,16,4545,Location008,0,0,FALSE,FALSE,FALSE
ID172,2026-01-29,2341,45134,87,17,17,4529,Location008,0,0,FALSE,FALSE,FALSE
ID172,2026-01-30,2903,46871,88,12,12,4140,Location008,0,0,FALSE,FALSE,FALSE
ID172,2026-01-31,3123,47855,89,17,17,4649,Location008,0,0,FALSE,FALSE,FALSE
ID172,2026-02-01,2518,50163,90,15,15,4947,Location008,0,0,FALSE,FALSE,FALSE
ID172,2026-02-02,2072,50973,91,15,15,3554,Location008,0,0,FALSE,FALSE,FALSE
ID172,2026-02-03,3250,52156,92,19,19,5898,Location008,0,0,FALSE,FALSE,FALSE
ID172,2026-02-04,2564,55131,93,13,13,4206,Location008,0,0,FALSE,FALSE,FALSE
ID172,2026-02-05,3412,55686,94,19,19,5085,Location008,0,0,FALSE,FALSE,FALSE
ID172,2026-02-06,2887,56995,95,17,17,4075,Location008,0,0,FALSE,FALSE,FALSE
ID172,2026-02-07,1681,55711,96,12,12,1898,Location008,0,0,FALSE,FALSE,FALSE
ID172,2026-02-08,1904,56870,97,10,10,4159,Location008,0,0,FALSE,FALSE,FALSE
ID172,2026-02-09,2269,58988,98,8,8,3460,Location008,0,0,FALSE,FALSE,FALSE
ID172,2026-02-10,2173,59559,99,14,14,3021,Location008,0,0,FALSE,FALSE,FALSE
ID172,2026-02-11,2002,61570,100,10,10,3910,Location008,0,0,FALSE,FALSE,FALSE
ID172,2026-02-12,2890,63345.5,101,14,14,4117,Location008,0,0,FALSE,FALSE,FALSE
ID172,2026-02-13,2724,63506,102,20,20,3927,Location008,0,0,FALSE,FALSE,FALSE
ID172,2026-02-14,2503,64847,103,14,14,3740,Location008,0,0,FALSE,FALSE,FALSE
ID172,2026-02-15,2595,65930,104,12,12,4080,Location008,0,0,FALSE,FALSE,FALSE
ID172,2026-02-16,1769,65906,105,18,18,1546,Location008,0,0,FALSE,FALSE,FALSE
ID172,2026-02-17,2393,66753,106,10,10,3401,Location008,0,0,FALSE,FALSE,FALSE
ID172,2026-02-18,2409,69236.5,107,14,14,5269,Location008,0,0,FALSE,FALSE,FALSE
ID172,2026-02-19,3197,69809,108,15,15,3310,Location008,0,0,FALSE,FALSE,FALSE
ID172,2026-02-20,3224,71055,109,22,22,4067,Location008,0,0,FALSE,FALSE,FALSE
ID172,2026-02-21,2827,71955,110,10,10,3710,Location008,0,0,FALSE,FALSE,FALSE
ID172,2026-02-22,1572,74001,111,9,9,2032,Location008,0,0,FALSE,FALSE,FALSE
ID172,2026-02-23,2790,73984,112,11,11,3657,Location008,0,0,FALSE,FALSE,FALSE
ID172,2026-02-24,3448,74678,113,14,14,3115,Location008,0,0,FALSE,FALSE,FALSE
ID172,2026-02-25,2498,76220,114,10,10,2704,Location008,0,0,FALSE,FALSE,FALSE
ID172,2026-02-26,2255,76803,115,10,10,2973,Location008,0,0,FALSE,FALSE,FALSE
ID172,2026-02-27,2465,78017,116,13,13,3126,Location008,0,0,FALSE,FALSE,FALSE
ID172,2026-02-28,3217,77284,117,12,12,3039,Location008,0,0,FALSE,FALSE,FALSE
ID172,2026-03-01,4306,81098,118,18,18,3395,Location008,0,0,FALSE,FALSE,FALSE
ID172,2026-03-02,2546,82009,119,15,15,3398,Location008,0,0,FALSE,FALSE,FALSE
ID172,2026-03-03,2466,82502,120,12,12,3215,Location008,0,0,FALSE,FALSE,FALSE
ID172,2026-03-04,3065,83736,121,17,17,3401,Location008,0,0,FALSE,FALSE,FALSE
ID172,2026-03-05,2014,85265,122,8,8,3206,Location008,0,0,FALSE,FALSE,FALSE
ID172,2026-03-06,2934,87114,123,17,17,4320,Location008,0,0,FALSE,FALSE,FALSE
ID172,2026-03-07,3191,87443,124,15,15,3071,Location008,0,0,FALSE,FALSE,FALSE
ID172,2026-03-08,2828,87088,125,9,9,2595,Location008,0,0,FALSE,FALSE,FALSE
ID172,2026-03-09,1992,89867,126,14,14,2906,Location008,0,0,FALSE,FALSE,FALSE
ID172,2026-03-10,3181,91545.5,127,8,8,3389,Location008,0,0,FALSE,FALSE,FALSE
ID172,2026-03-11,3233,91922,128,16,16,3760,Location008,0,0,FALSE,FALSE,FALSE
ID172,2026-03-12,4174,92078,129,12,12,4811,Location008,0,0,FALSE,FALSE,FALSE
ID172,2026-03-13,4061,96552,130,18,18,3788,Location008,0,0,FALSE,FALSE,FALSE
ID172,2026-03-14,3047,95980,131,9,9,3285,Location008,0,0,FALSE,FALSE,FALSE
ID172,2026-03-15,3605,98422,132,16,16,3584,Location008,0,0,FALSE,FALSE,FALSE
ID172,2026-03-16,3119,99238,133,12,12,3538,Location008,0,0,FALSE,FALSE,FALSE
ID172,2026-03-17,2762,99176,134,12,12,3241,Location008,0,0,FALSE,FALSE,FALSE
ID172,2026-03-18,3428,101032,135,17,17,4887,Location008,0,0,FALSE,FALSE,FALSE
ID172,2026-03-19,3399,101482,136,14,14,3467,Location008,0,0,FALSE,FALSE,FALSE
ID172,2026-03-20,3139,103691,137,18,18,3146,Location008,0,0,FALSE,FALSE,FALSE
ID172,2026-03-21,3416,104220,138,12,12,3394,Location008,0,0,FALSE,FALSE,FALSE
ID172,2026-03-22,2760,104959.5,139,8,8,3204,Location008,0,0,FALSE,FALSE,FALSE
ID172,2026-03-23,3213,107584,140,13,13,3793,Location008,0,0,FALSE,FALSE,FALSE
ID172,2026-03-24,3402,109915,141,17,17,3582,Location008,0,0,FALSE,FALSE,FALSE
ID172,2026-03-25,3173,106654,142,16,16,3766,Location008,0,0,FALSE,FALSE,FALSE
ID172,2026-03-26,3841,112173,143,14,14,3634,Location008,0,0,FALSE,FALSE,FALSE
ID172,2026-03-27,4127,110069,144,8,8,2734,Location008,0,0,FALSE,FALSE,FALSE
ID172,2026-03-28,3607.5,112693,145,12,0,0,Location008,0,12,FALSE,FALSE,TRUE
ID172,2026-03-29,3088,113737,146,10,10,3173,Location008,0,0,FALSE,FALSE,FALSE
ID172,2026-03-30,3342,113000,147,6,6,2552,Location008,0,0,FALSE,FALSE,FALSE
ID172,2026-03-31,3119,113723.5,148,10,10,3127,Location008,0,0,FALSE,FALSE,FALSE
ID172,2026-04-01,2296,111875,149,7,7,2659,Location008,0,0,FALSE,FALSE,FALSE
ID172,2026-04-02,1814,112837,150,7,7,1955,Location008,0,0,FALSE,FALSE,FALSE
ID172,2026-04-03,1454,110077,151,3,3,1062,Location008,0,0,FALSE,FALSE,FALSE
ID172,2026-04-04,693,114903,152,2,2,337,Location008,0,0,FALSE,FALSE,FALSE
ID172,2026-04-06,302,114903,154,1,0,0,Location008,0,1,FALSE,FALSE,FALSE
ID172,2026-04-08,1419,115003,156,3,3,1269,Location008,0,0,FALSE,FALSE,FALSE
ID172,2026-04-09,3071,108542,157,7,7,2282,Location008,0,0,FALSE,FALSE,FALSE
ID172,2026-04-10,2601,109147,158,4,4,2972,Location008,0,0,FALSE,FALSE,FALSE
ID172,2026-04-11,2838,109147,159,7,7,2605,Location008,0,0,FALSE,FALSE,FALSE
ID172,2026-04-12,2215,114344,160,4,4,2199,Location008,0,0,FALSE,FALSE,FALSE
ID172,2026-04-13,2581,115539,161,6,6,1972,Location008,0,0,FALSE,FALSE,FALSE
ID172,2026-04-14,3802,115799.5,162,6,6,2720,Location008,0,0,FALSE,FALSE,FALSE
ID172,2026-04-15,4068,119633,163,8,8,2909,Location008,0,0,FALSE,FALSE,FALSE
ID172,2026-04-16,3144,118365,164,8,8,2688,Location008,0,0,FALSE,FALSE,FALSE
ID172,2026-04-17,1307,118295,165,5,5,830,Location008,0,0,FALSE,FALSE,FALSE
ID172,2026-04-18,2532,116976,166,7,7,1333,Location008,0,0,FALSE,FALSE,FALSE
ID172,2026-04-19,3512,116770,167,9,9,3000,Location008,0,0,FALSE,FALSE,FALSE
ID172,2026-04-20,3170,119345,168,10,10,2943,Location008,0,0,FALSE,FALSE,FALSE
ID172,2026-04-21,2946,121054,169,13,13,3221,Location008,0,0,FALSE,FALSE,FALSE
ID172,2026-04-22,3290,123361,170,10,10,2595,Location008,0,0,FALSE,FALSE,FALSE
ID172,2026-04-23,5158,121221,171,7,7,3659,Location008,0,0,FALSE,FALSE,FALSE
ID172,2026-04-24,2992,,172,7,7,2325,Location008,0,0,FALSE,TRUE,FALSE
ID173,2026-01-11,190,30588,71,6,0,0,Location009,1,6,FALSE,FALSE,FALSE
ID173,2026-01-12,5796,30770,72,24,0,0,Location009,24,24,FALSE,TRUE,FALSE
ID173,2026-01-13,2329,30952,73,14,14,7784,Location009,0,0,FALSE,FALSE,FALSE
ID173,2026-01-14,2211,30135,74,16,0,0,Location009,1,16,FALSE,FALSE,TRUE
ID173,2026-01-15,2093,30864,75,9,9,5595,Location009,0,0,FALSE,FALSE,FALSE
ID173,2026-01-17,3748,31745,77,13,0,0,Location009,0,13,FALSE,FALSE,FALSE
ID173,2026-01-18,1831,34336,78,11,11,6349,Location009,0,0,FALSE,FALSE,FALSE
ID173,2026-01-22,1423,37351,82,9,9,5156,Location009,0,0,FALSE,FALSE,FALSE
ID173,2026-01-23,4574,37844,83,18,0,0,Location009,0,18,FALSE,FALSE,FALSE
ID173,2026-01-24,1884,38888.5,84,10,10,6489,Location009,0,0,FALSE,FALSE,FALSE
ID173,2026-01-25,2000,39386,85,18,18,5787,Location009,0,0,FALSE,FALSE,FALSE
ID173,2026-01-26,1221,40449,86,17,17,4180,Location009,0,0,FALSE,FALSE,FALSE
ID173,2026-01-27,1002,39629,87,11,11,2330,Location009,0,0,FALSE,FALSE,FALSE
ID173,2026-01-28,1125,40060,88,10,10,3149,Location009,0,0,FALSE,FALSE,FALSE
ID173,2026-01-29,1656,39972,89,25,25,4227,Location009,0,0,FALSE,FALSE,FALSE
ID173,2026-01-30,1787,42351,90,26,26,5367,Location009,0,0,FALSE,FALSE,FALSE
ID173,2026-01-31,1597,42677.5,91,20,20,4321,Location009,0,0,FALSE,FALSE,FALSE
ID173,2026-02-01,1810,42880,92,20,20,5572,Location009,0,0,FALSE,FALSE,FALSE
ID173,2026-02-02,3436,43668,93,17,0,0,Location009,0,17,FALSE,FALSE,FALSE
ID173,2026-02-03,1663,44730,94,29,29,4963,Location009,0,0,FALSE,FALSE,FALSE
ID173,2026-02-04,1555,44730,95,15,15,3704,Location009,0,0,FALSE,FALSE,FALSE
ID173,2026-02-05,1814,45663.5,96,19,19,3899,Location009,0,0,FALSE,TRUE,FALSE
ID173,2026-02-06,1824,46597,97,9,9,4055,Location009,0,0,FALSE,FALSE,FALSE
ID173,2026-02-07,275,47185,98,6,0,0,Location009,0,6,FALSE,FALSE,FALSE
ID173,2026-02-08,905,49647.75,99,8,8,2588,Location009,0,0,FALSE,TRUE,FALSE
ID173,2026-02-09,769,52110.5,100,11,11,3059,Location009,0,0,FALSE,TRUE,FALSE
ID173,2026-02-10,1259,54573.25,101,11,11,3037,Location009,0,0,FALSE,TRUE,FALSE
ID173,2026-02-11,1106,57036,102,15,15,3431,Location009,0,0,FALSE,FALSE,FALSE
ID173,2026-02-12,2922,57036,103,14,0,0,Location009,0,14,FALSE,FALSE,FALSE
ID173,2026-02-13,1718,48529,104,14,14,3909,Location009,0,0,FALSE,FALSE,FALSE
ID173,2026-02-14,2209,48529,105,11,11,3770,Location009,0,0,FALSE,FALSE,FALSE
ID173,2026-02-15,3523,49299.4,106,17,0,0,Location009,0,17,FALSE,TRUE,FALSE
ID173,2026-02-16,2141,50069.8,107,15,15,4198,Location009,0,0,FALSE,TRUE,FALSE
ID173,2026-02-17,2312,50840.2,108,17,17,5292,Location009,0,0,FALSE,TRUE,FALSE
ID173,2026-02-18,1981,51610.6,109,13,13,5352,Location011,0,0,FALSE,TRUE,FALSE
ID173,2026-02-19,20,52381,110,4,0,0,Location011,0,4,FALSE,FALSE,FALSE
ID173,2026-02-20,1814,52474,111,17,17,6326,Location011,0,0,FALSE,FALSE,FALSE
ID173,2026-02-21,2075,52525,112,17,17,6651,Location011,0,0,FALSE,FALSE,FALSE
ID173,2026-02-22,2531,55837,113,21,21,7113,Location011,0,0,FALSE,FALSE,FALSE
ID173,2026-02-23,2421,57062,114,25,25,7473,Location011,0,0,FALSE,FALSE,FALSE
ID173,2026-02-24,3032,58366,115,24,24,8146,Location011,0,0,FALSE,FALSE,FALSE
ID173,2026-02-25,2721,59356,116,29,29,8877,Location011,0,0,FALSE,FALSE,FALSE
ID173,2026-02-26,3432,60312,117,29,29,8820,Location011,0,0,FALSE,FALSE,FALSE
ID173,2026-02-27,2348,60072,118,31,31,7996,Location011,0,0,FALSE,FALSE,FALSE
ID173,2026-02-28,2491,60072,119,27,27,8396,Location011,0,0,FALSE,FALSE,FALSE
ID173,2026-03-01,3658,61434,120,33,33,10189,Location011,0,0,FALSE,FALSE,FALSE
ID173,2026-03-02,3202,65636,121,28,28,9680,Location011,0,0,FALSE,FALSE,FALSE
ID173,2026-03-03,3271,66000,122,34,34,9688,Location011,0,0,FALSE,FALSE,FALSE
ID173,2026-03-04,2686,66922,123,39,39,7813,Location011,10,0,FALSE,FALSE,FALSE
ID173,2026-03-05,3389,67930,124,48,48,9769,Location011,0,0,FALSE,FALSE,FALSE
ID173,2026-03-06,2923,68977,125,30,30,9168,Location011,0,0,FALSE,FALSE,FALSE
ID173,2026-03-07,2855,69958,126,35,35,8864,Location011,0,0,FALSE,FALSE,FALSE
ID173,2026-03-08,2868,71101,127,25,25,7481,Location011,0,0,FALSE,FALSE,FALSE
ID173,2026-03-09,2299,70747,128,30,30,6024,Location011,0,0,FALSE,FALSE,FALSE
ID173,2026-03-10,2752,72339,129,31,31,7642,Location011,0,0,FALSE,FALSE,FALSE
ID173,2026-03-11,2923,72102,130,36,36,8465,Location011,0,0,FALSE,FALSE,FALSE
ID173,2026-03-12,3025,73199.5,131,26,26,6689,Location011,0,0,FALSE,FALSE,FALSE
ID173,2026-03-13,2428,72677,132,31,31,6543,Location011,0,0,FALSE,FALSE,FALSE
ID173,2026-03-14,3169,73825,133,34,34,9436,Location011,0,0,FALSE,FALSE,FALSE
ID173,2026-03-15,3470,78207,134,32,32,10219,Location011,0,0,FALSE,FALSE,FALSE
ID173,2026-03-16,3059,78703,135,42,42,8127,Location011,0,0,FALSE,FALSE,FALSE
ID173,2026-03-17,3282,79434,136,36,36,9580,Location011,0,0,FALSE,FALSE,FALSE
ID173,2026-03-18,3423,79866,137,40,40,11034,Location011,0,0,FALSE,FALSE,FALSE
ID173,2026-03-19,4098,80617,138,30,30,7918,Location011,0,0,FALSE,FALSE,FALSE
ID173,2026-03-20,3392,81379,139,35,35,8570,Location011,0,0,FALSE,FALSE,FALSE
ID173,2026-03-21,3701,82651,140,33,33,9994,Location011,0,0,FALSE,FALSE,FALSE
ID173,2026-03-22,3057,83819,141,23,23,7826,Location011,0,0,FALSE,FALSE,FALSE
ID173,2026-03-23,3427,85375,142,33,33,8600,Location011,0,0,FALSE,FALSE,FALSE
ID173,2026-03-24,3716,83939,143,35,35,10109,Location011,0,0,FALSE,FALSE,FALSE
ID173,2026-03-25,3422,87114,144,41,41,10519,Location011,0,0,FALSE,FALSE,FALSE
ID173,2026-03-26,3295,87098,145,30,30,9320,Location011,0,0,FALSE,FALSE,FALSE
ID173,2026-03-27,3266,88354,146,31,31,8462,Location011,0,0,FALSE,FALSE,FALSE
ID173,2026-03-28,3903,89475,147,32,32,8870,Location011,0,0,FALSE,FALSE,FALSE
ID173,2026-03-29,2267,90682,148,19,19,4573,Location011,0,0,FALSE,FALSE,FALSE
ID173,2026-03-30,3822,92444,149,21,0,0,Location011,0,21,FALSE,FALSE,FALSE
ID173,2026-03-31,2807,92725,150,15,15,4150,Location011,0,0,FALSE,FALSE,FALSE
ID173,2026-04-01,1286,93472,151,9,9,2847,Location011,0,0,FALSE,FALSE,FALSE
ID173,2026-04-02,2417,92185.5,152,16,16,4825,Location011,0,0,FALSE,FALSE,FALSE
ID173,2026-04-03,2294,94792,153,15,15,4487,Location011,0,0,FALSE,FALSE,FALSE
ID173,2026-04-04,1929,93631,154,10,10,3011,Location011,0,0,FALSE,FALSE,FALSE
ID173,2026-04-05,4665,95451,155,16,0,0,Location011,0,16,FALSE,FALSE,FALSE
ID173,2026-04-06,3161,98991,156,15,15,5146,Location011,0,0,FALSE,FALSE,FALSE
ID173,2026-04-07,2823,99009,157,15,15,5287,Location011,0,0,FALSE,FALSE,FALSE
ID173,2026-04-08,3368,100585,158,15,15,5684,Location011,0,0,FALSE,FALSE,FALSE
ID173,2026-04-09,3385,100675,159,16,16,5251,Location011,0,0,FALSE,FALSE,FALSE
ID173,2026-04-10,3643,100507,160,17,17,5391,Location011,0,0,FALSE,FALSE,FALSE
ID173,2026-04-11,3537,103703,161,19,19,6188,Location011,0,0,FALSE,FALSE,FALSE
ID173,2026-04-12,2647,103999,162,15,15,3374,Location011,0,0,FALSE,FALSE,FALSE
ID173,2026-04-13,3441,104570,163,18,18,5776,Location011,0,0,FALSE,FALSE,FALSE
ID173,2026-04-14,2616,105051.5,164,14,14,4142,Location011,0,0,FALSE,FALSE,FALSE
ID173,2026-04-15,1966,104076,165,16,0,0,Location011,0,16,FALSE,FALSE,FALSE
ID173,2026-04-16,3335,105516,166,19,19,5982,Location011,0,0,FALSE,FALSE,FALSE
ID173,2026-04-17,4527,103857,167,19,19,5043,Location011,0,0,FALSE,FALSE,FALSE
ID173,2026-04-18,4312,103857,168,22,22,6064,Location011,0,0,FALSE,FALSE,FALSE
ID173,2026-04-19,4235,103857,169,27,27,6755,Location011,0,0,FALSE,FALSE,FALSE
ID173,2026-04-20,3472,113642.5,170,24,24,5190,Location011,0,0,FALSE,FALSE,FALSE
ID173,2026-04-21,4515,111356.5,171,26,26,6263,Location011,0,0,FALSE,FALSE,FALSE
ID173,2026-04-22,3756,113194,172,31,31,6160,Location011,0,0,FALSE,FALSE,FALSE
ID173,2026-04-23,3140,115109,173,23,0,0,Location011,0,23,FALSE,FALSE,FALSE
ID173,2026-04-24,4430,,174,28,28,4902,Location011,0,0,FALSE,TRUE,FALSE
ID175,2026-02-03,2327,38213,94,17,17,5342,Location008,0,0,FALSE,FALSE,FALSE
ID175,2026-02-04,1818,39141,95,14,14,4205,Location008,0,0,FALSE,FALSE,FALSE
ID175,2026-02-05,2204,39269,96,31,31,5477,Location008,0,0,FALSE,FALSE,FALSE
ID175,2026-02-06,2698,42460,97,22,22,6284,Location008,0,0,FALSE,FALSE,FALSE
ID175,2026-02-07,1729,43094,98,27,0,0,Location008,0,27,FALSE,FALSE,FALSE
ID175,2026-02-08,2308,43900,99,50,50,5517,Location008,0,0,FALSE,FALSE,FALSE
ID175,2026-02-09,1684,46385,100,49,0,0,Location008,0,49,FALSE,FALSE,FALSE
ID175,2026-02-10,2744,47095,101,63,63,5451,Location008,0,0,FALSE,FALSE,FALSE
ID175,2026-02-11,3067,47459,102,52,52,4676,Location008,0,0,FALSE,FALSE,FALSE
ID175,2026-02-12,1809,49158,103,48,48,4204,Location008,0,0,FALSE,FALSE,FALSE
ID175,2026-02-13,2264,50376,104,48,48,5080,Location008,0,0,FALSE,FALSE,FALSE
ID175,2026-02-14,2613,51278,105,65,65,5843,Location008,0,0,FALSE,FALSE,FALSE
ID175,2026-02-15,2201,52175,106,44,44,5145,Location008,0,0,FALSE,FALSE,FALSE
ID175,2026-02-16,3646,53467,107,53,53,7059,Location008,0,0,FALSE,FALSE,FALSE
ID175,2026-02-17,2874,54425,108,36,36,5117,Location008,0,0,FALSE,FALSE,FALSE
ID175,2026-02-18,2878,54992,109,29,29,5164,Location008,0,0,FALSE,FALSE,FALSE
ID175,2026-02-19,2475,55363,110,32,32,3995,Location008,0,0,FALSE,FALSE,FALSE
ID175,2026-02-20,2898,56508.5,111,28,28,3821,Location008,0,0,FALSE,FALSE,FALSE
ID175,2026-02-21,2700,57953,112,18,18,5088,Location008,0,0,FALSE,FALSE,FALSE
ID175,2026-02-22,2973,59579,113,15,15,5138,Location008,0,0,FALSE,FALSE,FALSE
ID175,2026-02-23,3817,60723,114,21,21,6755,Location008,0,0,FALSE,FALSE,FALSE
ID175,2026-02-24,3827,62301,115,18,18,6190,Location008,0,0,FALSE,FALSE,FALSE
ID175,2026-02-25,2321,64156,116,20,20,2806,Location008,0,0,FALSE,FALSE,FALSE
ID175,2026-02-26,3731,65098,117,23,23,4961,Location008,0,0,FALSE,FALSE,FALSE
ID175,2026-02-27,3132,65556,118,32,32,4199,Location008,0,0,FALSE,FALSE,FALSE
ID175,2026-02-28,3719,67602,119,28,28,4861,Location008,0,0,FALSE,FALSE,FALSE
ID175,2026-03-01,3326,69897,120,31,31,4931,Location008,0,0,FALSE,FALSE,FALSE
ID175,2026-03-02,3913,70019,121,49,49,6574,Location008,0,0,FALSE,FALSE,FALSE
ID175,2026-03-03,2614,71323,122,26,26,3154,Location008,0,0,FALSE,FALSE,FALSE
ID175,2026-03-04,4071,72038,123,35,35,5662,Location008,0,0,FALSE,FALSE,FALSE
ID175,2026-03-05,2621,73123,124,19,19,3216,Location008,0,0,FALSE,FALSE,FALSE
ID175,2026-03-06,3757,74228,125,40,40,5331,Location008,0,0,FALSE,FALSE,FALSE
ID175,2026-03-07,4060,74392,126,28,28,5354,Location008,0,0,FALSE,FALSE,FALSE
ID175,2026-03-08,2945,77568,127,28,28,4924,Location008,0,0,FALSE,FALSE,FALSE
ID175,2026-03-09,3679,77874,128,25,25,5227,Location008,0,0,FALSE,FALSE,FALSE
ID175,2026-03-10,3541,79316,129,26,26,5288,Location008,0,0,FALSE,FALSE,FALSE
ID175,2026-03-11,3117,80225.5,130,16,16,4461,Location008,0,0,FALSE,FALSE,FALSE
ID175,2026-03-12,2715,80570,131,20,20,5068,Location008,0,0,FALSE,FALSE,FALSE
ID175,2026-03-13,3741,83208,132,18,18,6836,Location008,0,0,FALSE,FALSE,FALSE
ID175,2026-03-14,3134,84006,133,17,17,5693,Location008,0,0,FALSE,FALSE,FALSE
ID175,2026-03-15,4033,85084,134,32,32,6443,Location008,0,0,FALSE,FALSE,FALSE
ID175,2026-03-16,3612,86562,135,20,20,5570,Location008,0,0,FALSE,FALSE,FALSE
ID175,2026-03-17,4405,87412,136,31,31,5311,Location008,0,0,FALSE,FALSE,FALSE
ID175,2026-03-18,2678,86293,137,17,17,3641,Location008,0,0,FALSE,FALSE,FALSE
ID175,2026-03-19,4356,88820,138,32,32,7182,Location008,0,0,FALSE,FALSE,FALSE
ID175,2026-03-20,2944,90600,139,23,23,4287,Location008,0,0,FALSE,FALSE,FALSE
ID175,2026-03-21,2840,91779,140,14,14,5283,Location008,0,0,FALSE,FALSE,FALSE
ID175,2026-03-22,4298,92400,141,13,13,6016,Location008,0,0,FALSE,FALSE,FALSE
ID175,2026-03-23,3910,92758,142,17,17,6014,Location008,0,0,FALSE,FALSE,FALSE
ID175,2026-03-24,3715,95303,143,19,19,5275,Location008,0,0,FALSE,FALSE,FALSE
ID175,2026-03-25,3655,95647,144,16,16,5317,Location008,0,0,FALSE,FALSE,FALSE
ID175,2026-03-26,3674,98252,145,16,16,5262,Location008,0,0,FALSE,FALSE,FALSE
ID175,2026-03-27,4546,99594,146,27,27,6301,Location008,0,0,FALSE,FALSE,FALSE
ID175,2026-03-28,3649,98991,147,22,22,4438,Location008,0,0,FALSE,FALSE,FALSE
ID175,2026-03-29,2877,99990.5,148,32,32,4639,Location008,0,0,FALSE,FALSE,FALSE
ID175,2026-03-30,4862,103238,149,41,41,5294,Location008,0,0,FALSE,FALSE,FALSE
ID175,2026-03-31,5404,104055,150,26,26,5999,Location008,0,0,FALSE,FALSE,FALSE
ID175,2026-04-01,4054,103153,151,17,17,5037,Location008,0,0,FALSE,FALSE,FALSE
ID175,2026-04-02,3236,105695,152,16,16,4109,Location008,0,0,FALSE,FALSE,FALSE
ID175,2026-04-03,3255,105622,153,33,33,4001,Location008,0,0,FALSE,FALSE,FALSE
ID175,2026-04-04,3670,105351,154,26,26,4527,Location008,0,0,FALSE,FALSE,FALSE
ID175,2026-04-05,3514,106835,155,21,21,4822,Location008,0,0,FALSE,FALSE,FALSE
ID175,2026-04-06,3338,107491,156,21,21,4723,Location008,0,0,FALSE,FALSE,FALSE
ID175,2026-04-07,4029,109892,157,12,12,6702,Location008,0,0,FALSE,FALSE,FALSE
ID175,2026-04-08,4315,108816,158,19,19,4221,Location008,0,0,FALSE,FALSE,FALSE
ID175,2026-04-09,4913,109816,159,16,16,3958,Location008,0,0,FALSE,FALSE,FALSE
ID175,2026-04-10,3511,109816,160,16,16,3798,Location008,0,0,FALSE,FALSE,FALSE
ID175,2026-04-11,4229,110118,161,20,20,4513,Location008,0,0,FALSE,FALSE,FALSE
ID175,2026-04-12,2690,113640,162,16,16,3204,Location008,0,0,FALSE,FALSE,FALSE
ID175,2026-04-13,2102,112000,163,11,11,2215,Location008,0,0,FALSE,FALSE,FALSE
ID175,2026-04-14,2973,111477,164,17,17,2466,Location008,0,0,FALSE,FALSE,FALSE
ID175,2026-04-15,3343,112896,165,14,14,3858,Location008,0,0,FALSE,FALSE,FALSE
ID175,2026-04-16,3818.5,113248,166,31,31,6143,Location008,0,0,FALSE,TRUE,TRUE
ID175,2026-04-17,4294,113600,167,18,18,4267,Location008,0,0,FALSE,FALSE,FALSE
ID175,2026-04-18,3483,117817.5,168,18,18,4072,Location008,18,0,FALSE,TRUE,FALSE
ID175,2026-04-19,4856,122035,169,27,27,4891,Location008,0,0,FALSE,FALSE,FALSE
ID175,2026-04-20,2307,120322,170,17,17,2712,Location008,0,0,FALSE,FALSE,FALSE
ID175,2026-04-21,5842,121050.333333333,171,30,30,6198,Location008,0,0,FALSE,TRUE,FALSE
ID175,2026-04-22,3544,121778.666666667,172,19,19,3519,Location008,0,0,FALSE,TRUE,FALSE
ID175,2026-04-23,3146,122507,173,15,15,4215,Location008,0,0,FALSE,FALSE,FALSE
ID175,2026-04-24,,,174,26,0,0,Location008,0,26,FALSE,TRUE,TRUE
ID178,2026-01-17,5699,35410,77,22,22,6649,Location008,0,0,FALSE,FALSE,FALSE
ID178,2026-01-18,928,37255,78,7,0,0,Location008,0,7,FALSE,FALSE,FALSE
ID178,2026-01-20,3818,38427,80,23,23,5645,Location008,0,0,FALSE,FALSE,FALSE
ID178,2026-01-21,3016,31408,81,5,5,1369,Location008,0,0,FALSE,FALSE,FALSE
ID178,2026-01-22,1494,37239,82,5,5,1620,Location008,0,0,FALSE,FALSE,FALSE
ID178,2026-01-23,1387,39644,83,7,7,3182,Location008,0,0,FALSE,FALSE,FALSE
ID178,2026-01-24,1608,39163,84,20,20,8242,Location008,0,0,FALSE,FALSE,TRUE
ID178,2026-01-25,1829,42868,85,11,11,7397,Location008,0,0,FALSE,FALSE,FALSE
ID178,2026-01-26,4334,43320,86,17,17,6440,Location008,0,0,FALSE,FALSE,FALSE
ID178,2026-01-27,2303,43467,87,15,15,6832,Location008,0,0,FALSE,FALSE,FALSE
ID178,2026-01-28,954,46196,88,5,0,0,Location008,0,5,FALSE,FALSE,FALSE
ID178,2026-01-29,2703,46196,89,11,11,8978,Location008,0,0,FALSE,FALSE,FALSE
ID178,2026-01-30,1174,47622,90,5,5,7092,Location008,0,0,FALSE,FALSE,FALSE
ID178,2026-01-31,2958,47604,91,9,9,11309,Location008,0,0,FALSE,FALSE,FALSE
ID178,2026-02-01,1527,49908.5,92,16,16,12016,Location008,0,0,FALSE,FALSE,FALSE
ID178,2026-02-02,2760,50512,93,18,18,11247,Location008,0,0,FALSE,FALSE,FALSE
ID178,2026-02-03,2320,51979,94,13,13,11348,Location008,0,0,FALSE,FALSE,FALSE
ID178,2026-02-04,1954,53915,95,14,14,9184,Location008,0,0,FALSE,FALSE,FALSE
ID178,2026-02-05,1927,54873.5,96,16,16,11412,Location008,0,0,FALSE,FALSE,FALSE
ID178,2026-02-06,1959,56295,97,7,7,8806,Location008,0,0,FALSE,FALSE,FALSE
ID178,2026-02-07,1829,56412,98,16,16,7387,Location008,0,0,FALSE,FALSE,FALSE
ID178,2026-02-08,1785,56412,99,10,10,7630,Location008,0,0,FALSE,FALSE,FALSE
ID178,2026-02-09,2296,58761,100,10,10,10616,Location008,0,0,FALSE,FALSE,FALSE
ID178,2026-02-10,3777,59291,101,15,15,9429,Location008,0,0,FALSE,FALSE,FALSE
ID178,2026-02-11,2139,61959,102,15,15,9289,Location008,0,0,FALSE,FALSE,FALSE
ID178,2026-02-12,3472,62507,103,24,24,9214,Location008,0,0,FALSE,FALSE,FALSE
ID178,2026-02-13,2126,63314,104,15,15,6437,Location008,0,0,FALSE,FALSE,FALSE
ID178,2026-02-14,2622,64259,105,12,12,7661,Location008,0,0,FALSE,FALSE,FALSE
ID178,2026-02-15,2560,64977,106,18,18,8158,Location008,0,0,FALSE,FALSE,FALSE
ID178,2026-02-16,3951,64391,107,26,26,6836,Location008,0,0,FALSE,FALSE,FALSE
ID178,2026-02-17,1578,64825,108,6,6,5611,Location008,0,0,FALSE,FALSE,FALSE
ID178,2026-02-18,2752,66142,109,14,14,10798,Location008,0,0,FALSE,FALSE,FALSE
ID178,2026-02-19,2648,68345,110,14,14,6527,Location008,0,0,FALSE,FALSE,FALSE
ID178,2026-02-20,2161,71584,111,14,14,8653,Location008,0,0,FALSE,FALSE,FALSE
ID178,2026-02-21,1691,70894,112,12,12,5840,Location008,0,0,FALSE,FALSE,FALSE
ID178,2026-02-22,3564,71414,113,15,15,6723,Location008,0,0,FALSE,FALSE,FALSE
ID178,2026-02-23,3779,73519,114,20,20,7472,Location008,0,0,FALSE,FALSE,FALSE
ID178,2026-02-24,1526,72528,115,18,18,4134,Location008,0,0,FALSE,FALSE,FALSE
ID178,2026-02-25,2981,74643,116,13,13,9771,Location008,0,0,FALSE,FALSE,FALSE
ID178,2026-02-26,2744,77157,117,13,13,7692,Location008,0,0,FALSE,FALSE,FALSE
ID178,2026-02-27,2694,77312,118,17,17,4905,Location008,0,0,FALSE,FALSE,FALSE
ID178,2026-02-28,2681,77932,119,13,13,8289,Location008,0,0,FALSE,FALSE,FALSE
ID178,2026-03-01,2733,80130,120,13,13,9763,Location008,0,0,FALSE,FALSE,FALSE
ID178,2026-03-02,2790,81337,121,16,16,8852,Location008,0,0,FALSE,FALSE,FALSE
ID178,2026-03-03,2699,83284,122,12,12,7097,Location008,0,0,FALSE,FALSE,FALSE
ID178,2026-03-04,3300,83284,123,20,20,9829,Location008,0,0,FALSE,FALSE,FALSE
ID178,2026-03-05,2612,84115,124,15,15,7580,Location008,0,0,FALSE,FALSE,FALSE
ID178,2026-03-06,3543,85356,125,12,12,8423,Location008,0,0,FALSE,FALSE,FALSE
ID178,2026-03-07,2096,87117,126,13,13,6736,Location008,0,0,FALSE,FALSE,FALSE
ID178,2026-03-08,3575,87315,127,6,6,9567,Location008,0,0,FALSE,FALSE,FALSE
ID178,2026-03-09,2512,88265,128,8,8,6819,Location008,0,0,FALSE,FALSE,FALSE
ID178,2026-03-10,1801,88781.5,129,8,8,3631,Location008,0,0,FALSE,FALSE,FALSE
ID178,2026-03-11,2671,89881,130,18,18,10275,Location008,0,0,FALSE,FALSE,FALSE
ID178,2026-03-12,3674,91593,131,19,19,8189,Location008,0,0,FALSE,FALSE,FALSE
ID178,2026-03-13,2661,92511.5,132,12,12,10017,Location008,0,0,FALSE,FALSE,FALSE
ID178,2026-03-14,2688,91124,133,14,14,5828,Location008,0,0,FALSE,FALSE,FALSE
ID178,2026-03-15,2630,95475,134,15,15,8785,Location008,0,0,FALSE,FALSE,FALSE
ID178,2026-03-16,3787,95475,135,17,17,9396,Location008,0,0,FALSE,FALSE,FALSE
ID178,2026-03-17,1483,97805,136,6,6,5364,Location008,0,0,FALSE,FALSE,FALSE
ID178,2026-03-18,3226,96581,137,17,17,7941,Location008,0,0,FALSE,FALSE,FALSE
ID178,2026-03-19,2962,98811,138,14,14,8799,Location008,0,0,FALSE,FALSE,FALSE
ID178,2026-03-20,3228,100520.5,139,12,12,7733,Location008,12,0,FALSE,TRUE,FALSE
ID178,2026-03-21,2270,102230,140,8,8,7216,Location008,0,0,FALSE,FALSE,FALSE
ID178,2026-03-22,3051,102230,141,15,15,8557,Location008,0,0,FALSE,FALSE,FALSE
ID178,2026-03-23,3467,103145,142,12,12,10157,Location008,0,0,FALSE,FALSE,FALSE
ID178,2026-03-24,2778,104111,143,7,7,6524,Location008,0,0,FALSE,FALSE,FALSE
ID178,2026-03-25,3273,104802,144,12,12,7013,Location008,0,0,FALSE,FALSE,FALSE
ID178,2026-03-26,3021,106282,145,14,14,7984,Location008,0,0,FALSE,FALSE,FALSE
ID178,2026-03-27,1014,106592,146,5,5,3847,Location008,0,0,FALSE,FALSE,FALSE
ID178,2026-03-28,3336,106700,147,12,12,8492,Location008,0,0,FALSE,FALSE,FALSE
ID178,2026-03-29,3240,110000,148,17,17,9639,Location008,0,0,FALSE,FALSE,FALSE
ID178,2026-03-30,3606,107677,149,10,10,9141,Location008,0,0,FALSE,FALSE,FALSE
ID178,2026-03-31,3079,111109,150,17,17,8303,Location008,0,0,FALSE,FALSE,FALSE
ID178,2026-04-01,5730,109717,151,11,11,10503,Location008,0,0,FALSE,FALSE,FALSE
ID178,2026-04-02,2296,112579,152,6,6,5517,Location008,0,0,FALSE,FALSE,FALSE
ID178,2026-04-03,1803,113392.5,153,6,6,8696,Location008,0,0,FALSE,FALSE,FALSE
ID178,2026-04-04,2622,114138,154,10,10,5554,Location008,0,0,FALSE,FALSE,FALSE
ID178,2026-04-05,2552,113025,155,6,6,5053,Location008,0,0,FALSE,FALSE,FALSE
ID178,2026-04-06,2826,115071,156,7,7,6342,Location008,0,0,FALSE,FALSE,FALSE
ID178,2026-04-07,1804,118838,157,7,7,5795,Location008,0,0,FALSE,FALSE,FALSE
ID178,2026-04-08,1766,118345,158,9,9,3261,Location008,0,0,FALSE,FALSE,FALSE
ID178,2026-04-09,3413,117046,159,18,18,6026,Location008,0,0,FALSE,FALSE,FALSE
ID178,2026-04-10,3110,116080,160,17,17,5429,Location008,0,0,FALSE,FALSE,FALSE
ID178,2026-04-11,3439,117143,161,24,24,6822,Location008,0,0,FALSE,FALSE,FALSE
ID178,2026-04-12,2082,120836,162,11,11,3243,Location008,0,0,FALSE,FALSE,FALSE
ID178,2026-04-13,4181,120031,163,21,21,4941,Location008,0,0,FALSE,FALSE,FALSE
ID178,2026-04-14,553,120771,164,2,0,0,Location008,0,2,FALSE,FALSE,FALSE
ID178,2026-04-15,1722,119833,165,24,0,0,Location008,0,24,FALSE,FALSE,TRUE
ID178,2026-04-16,2891,120921,166,13,13,7251,Location008,0,0,FALSE,FALSE,FALSE
ID178,2026-04-17,2531,123123,167,13,13,4252,Location008,0,0,FALSE,FALSE,FALSE
ID178,2026-04-18,5946,122879,168,23,23,9914,Location008,0,0,FALSE,FALSE,FALSE
ID178,2026-04-19,4061,125863,169,17,17,5923,Location008,0,0,FALSE,FALSE,FALSE
ID178,2026-04-20,5020,129521,170,23,23,8891,Location008,0,0,FALSE,FALSE,FALSE
ID178,2026-04-21,4373,126146,171,27,27,7023,Location008,0,0,FALSE,FALSE,FALSE
ID178,2026-04-22,4043,127921,172,22,22,7197,Location008,0,0,FALSE,FALSE,FALSE
ID178,2026-04-23,3177,124007,173,17,17,4964,Location008,0,0,FALSE,FALSE,FALSE
ID178,2026-04-24,3072,,174,14,14,6127,Location008,0,0,FALSE,TRUE,FALSE
ID183,2026-01-11,975,52944,71,12,0,0,Location008,7,12,FALSE,FALSE,FALSE
ID183,2026-01-12,1073,45870.3333333333,72,9,0,0,Location008,9,9,TRUE,TRUE,TRUE
ID183,2026-01-13,1171,38796.6666666667,73,9,0,0,Location008,9,9,FALSE,TRUE,FALSE
ID183,2026-01-14,5788,31723,74,16,0,0,Location008,0,16,FALSE,FALSE,FALSE
ID183,2026-01-15,1292,29766,75,15,0,0,Location008,0,15,FALSE,FALSE,FALSE
ID183,2026-01-17,3566,30718,77,15,15,6034,Location008,0,0,FALSE,FALSE,FALSE
ID183,2026-01-18,2240,33664.5,78,16,16,6575,Location008,0,0,FALSE,FALSE,FALSE
ID183,2026-01-20,1158,36105,80,30,0,0,Location008,0,30,FALSE,FALSE,FALSE
ID183,2026-01-21,4365,34036,81,15,15,3078,Location008,0,0,FALSE,FALSE,FALSE
ID183,2026-01-22,25,33969,82,4,0,0,Location008,0,4,FALSE,FALSE,FALSE
ID183,2026-01-23,2238,34062,83,23,23,3458,Location008,0,0,FALSE,FALSE,FALSE
ID183,2026-01-24,3466,34062,84,22,22,4569,Location008,0,0,FALSE,FALSE,FALSE
ID183,2026-01-25,1859,36187,85,18,18,3650,Location008,0,0,FALSE,FALSE,FALSE
ID183,2026-01-26,2202,38262,86,11,11,2945,Location008,0,0,FALSE,FALSE,FALSE
ID183,2026-01-27,1860,38674,87,13,13,7050,Location008,0,0,FALSE,FALSE,FALSE
ID183,2026-01-28,2387,38274,88,11,11,7629,Location008,0,0,FALSE,FALSE,FALSE
ID183,2026-01-29,3323,42115,89,14,14,7145,Location008,0,0,FALSE,FALSE,FALSE
ID183,2026-01-30,1862,42698,90,16,16,6698,Location008,0,0,FALSE,FALSE,FALSE
ID183,2026-01-31,2410,43568,91,11,11,7499,Location008,0,0,FALSE,FALSE,FALSE
ID183,2026-02-01,2716,44799,92,8,8,9847,Location008,0,0,FALSE,FALSE,FALSE
ID183,2026-02-02,3643,46267,93,25,25,9695,Location008,0,0,FALSE,FALSE,FALSE
ID183,2026-02-03,2811,46467,94,9,9,9187,Location008,0,0,FALSE,FALSE,FALSE
ID183,2026-02-04,3341,49187,95,15,15,7593,Location008,0,0,FALSE,FALSE,FALSE
ID183,2026-02-05,1882,49187,96,10,10,10080,Location008,0,0,FALSE,FALSE,FALSE
ID183,2026-02-06,2649,51905,97,13,13,7548,Location008,0,0,FALSE,FALSE,FALSE
ID183,2026-02-07,2208,51804,98,21,21,7674,Location008,0,0,FALSE,FALSE,FALSE
ID183,2026-02-08,2919,54123,99,10,10,11613,Location008,0,0,FALSE,FALSE,FALSE
ID183,2026-02-09,1719,55442,100,8,8,9103,Location008,0,0,FALSE,FALSE,FALSE
ID183,2026-02-10,2036,55961,101,10,10,12199,Location008,0,0,FALSE,FALSE,FALSE
ID183,2026-02-11,2135,57862,102,10,10,9084,Location008,0,0,FALSE,FALSE,FALSE
ID183,2026-02-12,2265,58251,103,16,16,7278,Location008,0,0,FALSE,FALSE,FALSE
ID183,2026-02-13,1658,57283,104,6,6,5711,Location008,0,0,FALSE,FALSE,FALSE
ID183,2026-02-14,1706,57876,105,8,8,6690,Location008,0,0,FALSE,FALSE,FALSE
ID183,2026-02-15,3334,60907,106,17,17,8419,Location008,0,0,FALSE,FALSE,FALSE
ID183,2026-02-16,1377,58197,107,15,15,4064,Location008,0,0,FALSE,FALSE,FALSE
ID183,2026-02-17,1157,58374,108,10,10,5177,Location008,0,0,FALSE,FALSE,FALSE
ID183,2026-02-18,2342,59679,109,6,6,10222,Location008,0,0,FALSE,FALSE,FALSE
ID183,2026-02-19,2265,62384,110,13,13,9182,Location008,0,0,FALSE,FALSE,FALSE
ID183,2026-02-20,2491,64081,111,9,9,10087,Location008,0,0,FALSE,FALSE,FALSE
ID183,2026-02-21,2210,65609,112,5,5,7924,Location008,0,0,FALSE,FALSE,FALSE
ID183,2026-02-22,2631,64782,113,12,12,8550,Location008,0,0,FALSE,FALSE,FALSE
ID183,2026-02-23,1490,66548,114,17,17,5769,Location008,0,0,FALSE,FALSE,FALSE
ID183,2026-02-24,3084,64188.5,115,12,12,8776,Location008,0,0,FALSE,FALSE,FALSE
ID183,2026-02-25,2321,67961,116,17,17,8314,Location008,0,0,FALSE,FALSE,FALSE
ID183,2026-02-26,3292,71094,117,18,18,8714,Location008,0,0,FALSE,FALSE,FALSE
ID183,2026-02-27,2463,71411,118,17,17,6929,Location008,0,0,FALSE,FALSE,FALSE
ID183,2026-02-28,2853,71072,119,15,15,8060,Location008,0,0,FALSE,FALSE,FALSE
ID183,2026-03-01,3540,73103,120,13,13,11030,Location008,0,0,FALSE,FALSE,FALSE
ID183,2026-03-02,3613,75596,121,14,14,11054,Location008,0,0,FALSE,FALSE,FALSE
ID183,2026-03-03,3153,75523.5,122,22,22,10787,Location008,0,0,FALSE,FALSE,FALSE
ID183,2026-03-04,3048,75406,123,13,13,8417,Location008,0,0,FALSE,FALSE,FALSE
ID183,2026-03-05,3156,77813,124,21,21,12278,Location008,0,0,FALSE,FALSE,FALSE
ID183,2026-03-06,3970,80319,125,20,20,11172,Location008,0,0,FALSE,FALSE,FALSE
ID183,2026-03-07,3796,82561,126,24,24,9792,Location008,0,0,FALSE,FALSE,FALSE
ID183,2026-03-08,3005,81844,127,18,18,8129,Location008,0,0,FALSE,FALSE,FALSE
ID183,2026-03-09,2529,82813,128,16,16,8742,Location008,0,0,FALSE,FALSE,FALSE
ID183,2026-03-10,3415,82683,129,25,25,11324,Location008,0,0,FALSE,FALSE,FALSE
ID183,2026-03-11,4186,85729.5,130,14,14,9762,Location008,0,0,FALSE,FALSE,FALSE
ID183,2026-03-12,2728,86789,131,15,15,9955,Location008,0,0,FALSE,FALSE,FALSE
ID183,2026-03-13,3026,88554,132,14,14,11259,Location008,0,0,FALSE,FALSE,FALSE
ID183,2026-03-14,2699,88085,133,12,12,6899,Location008,0,0,FALSE,FALSE,FALSE
ID183,2026-03-15,3907,91504,134,14,14,12153,Location008,0,0,FALSE,FALSE,FALSE
ID183,2026-03-16,3122,91776,135,15,15,7713,Location008,0,0,FALSE,FALSE,FALSE
ID183,2026-03-17,3707,92815,136,13,13,8001,Location008,0,0,FALSE,FALSE,FALSE
ID183,2026-03-18,3868,92785,137,9,9,8762,Location008,0,0,FALSE,FALSE,FALSE
ID183,2026-03-19,3353,96400,138,12,12,9812,Location008,0,0,FALSE,FALSE,FALSE
ID183,2026-03-20,2401,97394,139,13,13,8284,Location008,0,0,FALSE,FALSE,FALSE
ID183,2026-03-21,3235,95921.5,140,12,12,5828,Location008,0,0,FALSE,FALSE,FALSE
ID183,2026-03-22,721,95862,141,12,0,0,Location008,0,12,FALSE,FALSE,FALSE
ID183,2026-03-23,3256,98552,142,9,9,8644,Location008,0,0,FALSE,FALSE,FALSE
ID183,2026-03-24,2269,99531,143,6,6,5274,Location008,0,0,FALSE,FALSE,FALSE
ID183,2026-03-25,2736,100579,144,8,8,8001,Location008,0,0,FALSE,FALSE,FALSE
ID183,2026-03-26,2541,100875,145,4,4,6260,Location008,0,0,FALSE,FALSE,FALSE
ID183,2026-03-27,4304,103767,146,16,16,9966,Location008,0,0,FALSE,FALSE,FALSE
ID183,2026-03-28,2967,105248,147,9,9,6413,Location008,0,0,FALSE,FALSE,FALSE
ID183,2026-03-29,1686,102655,148,9,9,6074,Location008,0,0,FALSE,FALSE,FALSE
ID183,2026-03-30,2704,102155,149,13,13,6806,Location008,0,0,FALSE,FALSE,FALSE
ID183,2026-03-31,2049,104686,150,11,11,5646,Location008,0,0,FALSE,FALSE,FALSE
ID183,2026-04-01,4180,105933,151,11,11,11766,Location008,0,0,FALSE,FALSE,FALSE
ID183,2026-04-02,2212,107487,152,8,8,6555,Location008,0,0,FALSE,FALSE,FALSE
ID183,2026-04-03,355,104812,153,28,0,0,Location008,0,28,FALSE,FALSE,FALSE
ID183,2026-04-04,3144,107302,154,8,8,8430,Location008,0,0,FALSE,FALSE,FALSE
ID183,2026-04-05,2536,106760.5,155,4,4,5121,Location008,0,0,FALSE,FALSE,FALSE
ID183,2026-04-06,2033,108304,156,3,3,5100,Location008,0,0,FALSE,FALSE,FALSE
ID183,2026-04-07,3411,109919,157,8,8,8022,Location008,0,0,FALSE,FALSE,FALSE
ID183,2026-04-08,3144,110129,158,14,14,7881,Location008,0,0,FALSE,FALSE,FALSE
ID183,2026-04-09,2028,111415,159,20,20,5089,Location008,0,0,FALSE,FALSE,FALSE
ID183,2026-04-10,4166,112733,160,17,17,8469,Location008,0,0,FALSE,FALSE,FALSE
ID183,2026-04-11,3311,115342,161,11,11,8321,Location008,0,0,FALSE,FALSE,FALSE
ID183,2026-04-12,2685,115155,162,9,9,5646,Location008,0,0,FALSE,FALSE,FALSE
ID183,2026-04-13,2393,115862,163,10,10,5350,Location008,0,0,FALSE,FALSE,FALSE
ID183,2026-04-14,2001,114646,164,11,11,5093,Location008,0,0,FALSE,FALSE,FALSE
ID183,2026-04-15,3231,115100,165,8,8,6475,Location008,0,0,FALSE,FALSE,FALSE
ID183,2026-04-16,3837,117203,166,22,22,7084,Location008,0,0,FALSE,FALSE,FALSE
ID183,2026-04-17,793,117525,167,5,0,0,Location008,0,5,FALSE,FALSE,FALSE
ID183,2026-04-18,3271,118331,168,7,7,7880,Location008,0,0,FALSE,FALSE,FALSE
ID183,2026-04-19,2964,119219,169,13,13,7798,Location008,0,0,FALSE,FALSE,FALSE
ID183,2026-04-20,3120,121298,170,14,14,8544,Location008,0,0,FALSE,FALSE,FALSE
ID183,2026-04-21,3545,122147.5,171,12,12,7428,Location008,0,0,FALSE,FALSE,FALSE
ID183,2026-04-22,3338,124529,172,11,11,7362,Location008,0,0,FALSE,FALSE,FALSE
ID183,2026-04-23,3678,124011,173,20,20,8464,Location008,0,0,FALSE,FALSE,FALSE
ID183,2026-04-24,3307,,174,16,16,10419,Location008,0,0,FALSE,TRUE,FALSE
ID184,2026-01-11,25,,70,1,0,0,Location009,1,1,FALSE,TRUE,FALSE
ID184,2026-01-12,120,,71,2,0,0,Location009,2,2,FALSE,TRUE,FALSE
ID184,2026-01-13,1074,,72,8,8,2321,Location009,8,0,FALSE,TRUE,FALSE
ID184,2026-01-14,1935,44367,73,11,0,0,Location009,7,11,FALSE,FALSE,FALSE
ID184,2026-01-15,886,37993,74,11,11,1428,Location009,11,0,FALSE,TRUE,FALSE
ID184,2026-01-17,1331,31619,76,30,30,1340,Location009,11,0,FALSE,FALSE,FALSE
ID184,2026-01-20,597,29992,79,11,11,1912,Location009,0,0,FALSE,FALSE,FALSE
ID184,2026-01-22,55,30473,81,3,0,0,Location009,0,3,FALSE,FALSE,FALSE
ID184,2026-01-23,605,30398,82,6,6,799,Location009,0,0,FALSE,FALSE,FALSE
ID184,2026-01-24,1898,32265.5,83,10,10,4612,Location009,0,0,FALSE,FALSE,FALSE
ID184,2026-01-25,773,34545.5,84,12,12,2631,Location009,0,0,FALSE,FALSE,FALSE
ID184,2026-01-26,1823,34381,85,19,19,5835,Location009,0,0,FALSE,FALSE,FALSE
ID184,2026-01-27,1970,34968,86,13,13,8425,Location009,0,0,FALSE,FALSE,FALSE
ID184,2026-01-28,1648,35668.5,87,14,14,6132,Location009,0,0,FALSE,FALSE,FALSE
ID184,2026-01-29,1688,37752.5,88,8,8,3706,Location009,0,0,FALSE,FALSE,FALSE
ID184,2026-01-30,1469,38108,89,11,11,6029,Location009,0,0,FALSE,FALSE,FALSE
ID184,2026-01-31,2640,39054,90,9,9,7677,Location009,0,0,FALSE,FALSE,FALSE
ID184,2026-02-01,2280,40152,91,18,18,6045,Location009,0,0,FALSE,FALSE,FALSE
ID184,2026-02-02,2779,41309,92,25,25,9428,Location009,0,0,FALSE,FALSE,FALSE
ID184,2026-02-03,2484,42268,93,33,33,11242,Location009,0,0,FALSE,FALSE,FALSE
ID184,2026-02-04,2673,45375,94,62,62,10477,Location009,0,0,FALSE,FALSE,FALSE
ID184,2026-02-05,2433,46375,95,83,83,13597,Location009,0,0,FALSE,FALSE,FALSE
ID184,2026-02-06,1792,46558,96,45,45,5235,Location009,0,0,FALSE,FALSE,FALSE
ID184,2026-02-07,2282,46003,97,17,17,3720,Location011,0,0,FALSE,FALSE,FALSE
ID184,2026-02-08,3762,47833,98,36,0,0,Location011,0,36,FALSE,FALSE,FALSE
ID184,2026-02-09,3018,49049,99,30,30,11182,Location011,0,0,FALSE,FALSE,FALSE
ID184,2026-02-10,3227,50004,100,28,28,11124,Location011,0,0,FALSE,FALSE,FALSE
ID184,2026-02-11,2952,51427,101,35,35,10993,Location011,0,0,FALSE,FALSE,FALSE
ID184,2026-02-12,3185,52393,102,26,26,8586,Location011,0,0,FALSE,FALSE,FALSE
ID184,2026-02-13,3007,54157,103,25,25,11369,Location011,0,0,FALSE,FALSE,FALSE
ID184,2026-02-14,2815,54937.5,104,36,36,10840,Location011,0,0,FALSE,FALSE,FALSE
ID184,2026-02-15,2819,55201,105,28,28,10987,Location011,0,0,FALSE,FALSE,FALSE
ID184,2026-02-16,2667,57769,106,33,33,9873,Location011,0,0,FALSE,FALSE,FALSE
ID184,2026-02-17,2693,58521,107,27,27,10452,Location011,0,0,FALSE,FALSE,FALSE
ID184,2026-02-18,2855,59579,108,23,23,9607,Location011,0,0,FALSE,FALSE,FALSE
ID184,2026-02-19,1988,60039,109,21,21,6027,Location011,0,0,FALSE,FALSE,FALSE
ID184,2026-02-20,3377,61098.5,110,12,12,9862,Location011,0,0,FALSE,FALSE,FALSE
ID184,2026-02-21,2790,62209,111,31,31,6961,Location011,0,0,FALSE,FALSE,FALSE
ID184,2026-02-22,3197,64292,112,28,28,7710,Location011,0,0,FALSE,FALSE,FALSE
ID184,2026-02-23,3289,66144,113,18,18,7882,Location011,0,0,FALSE,FALSE,FALSE
ID184,2026-02-24,3067,67030.5,114,32,32,8395,Location011,0,0,FALSE,FALSE,FALSE
ID184,2026-02-25,2987,67890,115,21,21,6789,Location011,0,0,FALSE,FALSE,FALSE
ID184,2026-02-26,3024,68922,116,29,29,6968,Location011,0,0,FALSE,FALSE,FALSE
ID184,2026-02-27,2808,71436,117,16,16,6273,Location011,0,0,FALSE,FALSE,FALSE
ID184,2026-02-28,3288,72546,118,48,48,8411,Location011,0,0,FALSE,FALSE,FALSE
ID184,2026-03-01,3348,73669,119,33,33,7795,Location011,0,0,FALSE,FALSE,FALSE
ID184,2026-03-02,2943,74708,120,41,41,6329,Location011,0,0,FALSE,FALSE,FALSE
ID184,2026-03-03,2937,73669,121,24,24,6294,Location011,0,0,FALSE,FALSE,FALSE
ID184,2026-03-04,2750,73998,122,39,39,6559,Location011,0,0,FALSE,FALSE,FALSE
ID184,2026-03-05,2884,76140,123,25,25,6090,Location011,0,0,FALSE,FALSE,FALSE
ID184,2026-03-06,3009,77199,124,33,33,6099,Location011,0,0,FALSE,FALSE,FALSE
ID184,2026-03-07,2876,78111,125,52,52,6028,Location011,0,0,FALSE,FALSE,FALSE
ID184,2026-03-08,4972,81053,126,24,0,0,Location011,0,24,FALSE,FALSE,FALSE
ID184,2026-03-09,2597,80330,127,43,43,5291,Location011,0,0,FALSE,FALSE,FALSE
ID184,2026-03-10,2510,80476,128,50,50,5036,Location011,0,0,FALSE,FALSE,FALSE
ID184,2026-03-11,3114,81863,129,36,36,5479,Location011,0,0,FALSE,FALSE,FALSE
ID184,2026-03-12,3259,82981,130,44,44,6363,Location011,0,0,FALSE,FALSE,FALSE
ID184,2026-03-13,3080,83708,131,33,33,5688,Location011,0,0,FALSE,FALSE,FALSE
ID184,2026-03-14,3026,85045,132,25,25,5702,Location011,0,0,FALSE,FALSE,FALSE
ID184,2026-03-15,3077,86810,133,33,33,6025,Location011,0,0,FALSE,FALSE,FALSE
ID184,2026-03-16,2805,88059,134,19,19,5320,Location011,0,0,FALSE,FALSE,FALSE
ID184,2026-03-17,2748,89430,135,39,39,5284,Location011,0,0,FALSE,FALSE,FALSE
ID184,2026-03-18,1872,85806,136,15,15,3268,Location011,0,0,FALSE,FALSE,FALSE
ID184,2026-03-19,2972,88306,137,28,28,5409,Location011,0,0,FALSE,FALSE,FALSE
ID184,2026-03-20,2775,86823,138,18,18,4598,Location011,0,0,FALSE,FALSE,FALSE
ID184,2026-03-21,2689,90774,139,23,23,4300,Location011,0,0,FALSE,FALSE,FALSE
ID184,2026-03-22,2723,90722,140,35,35,4665,Location011,0,0,FALSE,FALSE,FALSE
ID184,2026-03-23,3437,93688,141,38,38,6081,Location011,0,0,FALSE,FALSE,FALSE
ID184,2026-03-24,3443,96374,142,48,48,6554,Location011,0,0,FALSE,FALSE,FALSE
ID184,2026-03-25,2998,96479,143,19,19,4750,Location011,0,0,FALSE,FALSE,FALSE
ID184,2026-03-26,3107,96852,144,51,51,4955,Location011,0,0,FALSE,FALSE,FALSE
ID184,2026-03-27,3405,98722.5,145,28,28,5326,Location011,28,0,FALSE,TRUE,FALSE
ID184,2026-03-28,2676,100593,146,33,33,4905,Location011,0,0,FALSE,FALSE,FALSE
ID184,2026-03-29,2596,102019,147,16,16,4528,Location011,0,0,FALSE,FALSE,FALSE
ID184,2026-03-30,3146,102248,148,31,31,5404,Location011,0,0,FALSE,FALSE,FALSE
ID184,2026-03-31,3128,101957,149,40,40,4671,Location011,0,0,FALSE,FALSE,FALSE
ID184,2026-04-01,3114,100896,150,18,18,5071,Location011,0,0,FALSE,FALSE,FALSE
ID184,2026-04-02,3213,105524,151,29,29,4584,Location011,0,0,FALSE,FALSE,FALSE
ID184,2026-04-03,3907,106646,152,21,21,4513,Location011,0,0,FALSE,FALSE,FALSE
ID184,2026-04-04,2988,107428,153,17,17,3050,Location011,0,0,FALSE,FALSE,FALSE
ID184,2026-04-05,3351,107410,154,36,36,4410,Location011,0,0,FALSE,FALSE,FALSE
ID184,2026-04-06,2824,108786,155,27,27,3826,Location011,0,0,FALSE,FALSE,FALSE
ID184,2026-04-07,3428,107915,156,20,20,4460,Location011,0,0,FALSE,FALSE,FALSE
ID184,2026-04-08,1725,111228.5,157,14,0,0,Location011,0,14,FALSE,FALSE,FALSE
ID184,2026-04-09,2820,112400,158,17,17,3645,Location011,0,0,FALSE,FALSE,FALSE
ID184,2026-04-10,3197,112211,159,24,24,3212,Location011,0,0,FALSE,FALSE,FALSE
ID184,2026-04-11,2678,114605,160,14,14,2244,Location011,0,0,FALSE,FALSE,FALSE
ID184,2026-04-12,2045,113929,161,17,17,2179,Location011,0,0,FALSE,FALSE,FALSE
ID184,2026-04-13,1504,114417.5,162,20,0,0,Location011,0,20,FALSE,FALSE,FALSE
ID184,2026-04-14,2593,115809,163,27,27,3484,Location011,0,0,FALSE,FALSE,FALSE
ID184,2026-04-15,2039,116041,164,17,17,2312,Location011,0,0,FALSE,FALSE,FALSE
ID184,2026-04-16,3053,119748,165,29,29,3129,Location011,0,0,FALSE,FALSE,FALSE
ID184,2026-04-17,1831,120297,166,18,18,2477,Location011,0,0,FALSE,FALSE,FALSE
ID184,2026-04-18,2502,121327,167,29,29,2118,Location011,0,0,FALSE,FALSE,FALSE
ID184,2026-04-19,2683,119802,168,23,23,4037,Location011,0,0,FALSE,FALSE,FALSE
ID184,2026-04-20,2776,120608,169,18,18,3515,Location011,0,0,FALSE,FALSE,FALSE
ID184,2026-04-21,3148,124404,170,19,19,3244,Location011,0,0,FALSE,FALSE,FALSE
ID184,2026-04-22,3239,124070,171,16,16,3254,Location011,0,0,FALSE,FALSE,FALSE
ID184,2026-04-23,2477,124213,172,12,12,2320,Location011,0,0,FALSE,FALSE,FALSE
ID184,2026-04-24,1522,,173,16,0,0,Location011,0,16,FALSE,TRUE,FALSE
ID185,2026-01-11,306,,70,10,0,0,Location008,10,10,FALSE,TRUE,FALSE
ID185,2026-01-13,1620,,72,13,13,5123,Location008,13,0,FALSE,TRUE,FALSE
ID185,2026-01-14,1261.5,,73,11,0,0,Location008,11,11,FALSE,TRUE,TRUE
ID185,2026-01-15,903,,74,12,12,3657,Location008,12,0,FALSE,TRUE,FALSE
ID185,2026-01-17,1579,,76,9,9,3929,Location008,9,0,FALSE,TRUE,FALSE
ID185,2026-01-20,3482,30439,79,13,0,0,Location008,2,13,FALSE,FALSE,FALSE
ID185,2026-01-21,455,28990,80,23,0,0,Location008,1,23,FALSE,FALSE,FALSE
ID185,2026-01-22,697,28907,81,27,27,1615,Location008,0,0,FALSE,FALSE,FALSE
ID185,2026-01-23,520,30253,82,10,10,524,Location008,0,0,FALSE,FALSE,FALSE
ID185,2026-01-24,2306,31392,83,25,25,2690,Location008,0,0,FALSE,FALSE,FALSE
ID185,2026-01-25,1976,33590,84,25,25,2195,Location008,0,0,FALSE,FALSE,FALSE
ID185,2026-01-26,100,32245,85,10,0,0,Location008,0,10,FALSE,FALSE,FALSE
ID185,2026-01-27,1012,30362,86,21,21,3881,Location008,0,0,FALSE,FALSE,FALSE
ID185,2026-01-28,2059,32652,87,31,31,6756,Location008,0,0,FALSE,FALSE,FALSE
ID185,2026-01-29,3774,33470,88,22,22,6996,Location008,0,0,FALSE,FALSE,FALSE
ID185,2026-01-30,2022,34275,89,14,14,6298,Location008,0,0,FALSE,FALSE,FALSE
ID185,2026-01-31,2564,35551,90,13,13,7677,Location008,0,0,FALSE,FALSE,FALSE
ID185,2026-02-01,1259,37740,91,14,14,4680,Location008,0,0,FALSE,FALSE,FALSE
ID185,2026-02-02,3121,39251,92,19,19,6513,Location008,0,0,FALSE,FALSE,FALSE
ID185,2026-02-03,2625,39747,93,18,18,7052,Location008,0,0,FALSE,FALSE,FALSE
ID185,2026-02-04,2105,43714,94,10,10,6575,Location008,0,0,FALSE,FALSE,FALSE
ID185,2026-02-05,2377,42508,95,13,13,5047,Location008,0,0,FALSE,FALSE,FALSE
ID185,2026-02-06,2180,44091,96,10,10,6295,Location008,0,0,FALSE,FALSE,FALSE
ID185,2026-02-07,3769,45772,97,20,20,7161,Location008,0,0,FALSE,FALSE,FALSE
ID185,2026-02-08,1784,46358.5,98,8,8,5825,Location008,0,0,FALSE,FALSE,FALSE
ID185,2026-02-09,1783,48338.5,99,10,10,6051,Location008,0,0,FALSE,FALSE,FALSE
ID185,2026-02-10,2909,48856,100,15,15,7994,Location008,0,0,FALSE,FALSE,FALSE
ID185,2026-02-11,2057,50662,101,12,12,5807,Location008,0,0,FALSE,FALSE,FALSE
ID185,2026-02-12,2433,51409.5,102,14,14,6333,Location008,0,0,FALSE,FALSE,FALSE
ID185,2026-02-13,3024,52778,103,12,12,6189,Location008,0,0,FALSE,FALSE,FALSE
ID185,2026-02-14,2052,53950,104,12,12,5005,Location008,0,0,FALSE,FALSE,FALSE
ID185,2026-02-15,3119,54432,105,15,15,5710,Location008,0,0,FALSE,FALSE,FALSE
ID185,2026-02-16,2099,55490,106,14,14,6029,Location008,0,0,FALSE,FALSE,FALSE
ID185,2026-02-17,3011,56419,107,15,15,5287,Location008,0,0,FALSE,FALSE,FALSE
ID185,2026-02-18,3182,56620,108,15,15,4498,Location008,0,0,FALSE,FALSE,FALSE
ID185,2026-02-19,2761,57692,109,14,14,4320,Location008,0,0,FALSE,FALSE,FALSE
ID185,2026-02-20,2869,60668,110,15,15,4897,Location008,0,0,FALSE,FALSE,FALSE
ID185,2026-02-21,1443,61784,111,7,7,2738,Location008,0,0,FALSE,FALSE,FALSE
ID185,2026-02-22,1887,62504,112,9,9,4183,Location008,0,0,FALSE,FALSE,FALSE
ID185,2026-02-23,2393,62708,113,9,9,4979,Location008,0,0,FALSE,FALSE,FALSE
ID185,2026-02-24,3244,64741,114,12,12,4893,Location008,0,0,FALSE,FALSE,FALSE
ID185,2026-02-25,1869,64468,115,11,11,2466,Location008,0,0,FALSE,FALSE,FALSE
ID185,2026-02-26,1452,64901.5,116,8,8,3631,Location008,0,0,FALSE,FALSE,FALSE
ID185,2026-02-27,2182,66453,117,13,13,4907,Location008,0,0,FALSE,FALSE,FALSE
ID185,2026-02-28,4129,68630,118,16,16,6223,Location008,0,0,FALSE,FALSE,FALSE
ID185,2026-03-01,3483,70233,119,14,14,6121,Location008,0,0,FALSE,FALSE,FALSE
ID185,2026-03-02,2618,71007,120,10,10,5056,Location008,0,0,FALSE,FALSE,FALSE
ID185,2026-03-03,3235,71000,121,15,15,4953,Location008,0,0,FALSE,FALSE,FALSE
ID185,2026-03-04,2184,72903,122,9,9,4261,Location008,0,0,FALSE,FALSE,FALSE
ID185,2026-03-05,2974,73340.5,123,14,14,5410,Location008,0,0,FALSE,FALSE,FALSE
ID185,2026-03-06,2916,74992,124,16,16,4891,Location008,0,0,FALSE,FALSE,FALSE
ID185,2026-03-07,2273,75803,125,13,13,4138,Location008,0,0,FALSE,FALSE,FALSE
ID185,2026-03-08,2430,77434,126,10,10,4868,Location008,0,0,FALSE,FALSE,FALSE
ID185,2026-03-09,2086,77453,127,12,12,4475,Location008,0,0,FALSE,FALSE,FALSE
ID185,2026-03-10,2711,78010,128,9,9,3630,Location008,0,0,FALSE,FALSE,FALSE
ID185,2026-03-11,2750,78972,129,10,10,4824,Location008,0,0,FALSE,FALSE,FALSE
ID185,2026-03-12,2557,80305,130,13,13,5527,Location008,0,0,FALSE,FALSE,FALSE
ID185,2026-03-13,1681,81702,131,8,8,3793,Location008,0,0,FALSE,FALSE,FALSE
ID185,2026-03-14,3292,82829,132,19,19,5745,Location008,0,0,FALSE,FALSE,FALSE
ID185,2026-03-15,2073,83629,133,11,11,2816,Location008,0,0,FALSE,FALSE,FALSE
ID185,2026-03-16,2657,84904,134,16,16,5315,Location008,0,0,FALSE,FALSE,FALSE
ID185,2026-03-17,3178,85733,135,17,17,4992,Location008,0,0,FALSE,FALSE,FALSE
ID185,2026-03-18,2375,87187,136,11,11,4700,Location008,0,0,FALSE,FALSE,FALSE
ID185,2026-03-19,2942,89070,137,15,15,4781,Location008,0,0,FALSE,FALSE,FALSE
ID185,2026-03-20,2330,90347,138,12,12,4674,Location008,0,0,FALSE,FALSE,FALSE
ID185,2026-03-21,2452,91034,139,11,11,4708,Location008,0,0,FALSE,FALSE,FALSE
ID185,2026-03-22,2776,89536,140,10,10,4432,Location008,0,0,FALSE,FALSE,FALSE
ID185,2026-03-23,3462,92332,141,16,16,5541,Location008,0,0,FALSE,FALSE,FALSE
ID185,2026-03-24,2825,93794,142,11,11,4952,Location008,0,0,FALSE,FALSE,FALSE
ID185,2026-03-25,3052,94881,143,7,7,3632,Location008,0,0,FALSE,FALSE,FALSE
ID185,2026-03-26,3501,94881,144,13,13,4809,Location008,0,0,FALSE,FALSE,FALSE
ID185,2026-03-27,2037,98599,145,12,12,4274,Location008,0,0,FALSE,FALSE,FALSE
ID185,2026-03-28,3324,98714,146,13,13,4724,Location008,0,0,FALSE,FALSE,FALSE
ID185,2026-03-29,2929,99129,147,20,20,5014,Location008,0,0,FALSE,FALSE,FALSE
ID185,2026-03-30,2424,97147,148,11,11,4289,Location008,0,0,FALSE,FALSE,FALSE
ID185,2026-03-31,2465,99380,149,9,9,4532,Location008,0,0,FALSE,FALSE,FALSE
ID185,2026-04-01,2205,103372,150,10,10,4871,Location008,0,0,FALSE,FALSE,FALSE
ID185,2026-04-02,3623,102098,151,18,18,4816,Location008,0,0,FALSE,FALSE,FALSE
ID185,2026-04-03,1437,104996,152,14,14,3081,Location008,0,0,FALSE,FALSE,FALSE
ID185,2026-04-04,3970,104781,153,13,13,4135,Location008,0,0,FALSE,FALSE,FALSE
ID185,2026-04-05,2142,104446,154,19,19,3164,Location008,0,0,FALSE,FALSE,FALSE
ID185,2026-04-06,2511,104407,155,15,15,3527,Location008,0,0,FALSE,FALSE,FALSE
ID185,2026-04-07,3089,105594.5,156,14,14,4389,Location008,0,0,FALSE,FALSE,FALSE
ID185,2026-04-08,2394,105991,157,12,12,2773,Location008,0,0,FALSE,FALSE,FALSE
ID185,2026-04-09,2409,107580,158,13,13,3576,Location008,0,0,FALSE,FALSE,FALSE
ID185,2026-04-10,2453,108255,159,10,10,3897,Location008,0,0,FALSE,FALSE,FALSE
ID185,2026-04-11,2474,109566,160,14,14,3960,Location008,0,0,FALSE,FALSE,FALSE
ID185,2026-04-12,2769,112512,161,14,14,3967,Location008,0,0,FALSE,FALSE,FALSE
ID185,2026-04-13,2679,112660.5,162,14,14,3178,Location008,0,0,FALSE,FALSE,FALSE
ID185,2026-04-14,2457,113510,163,13,13,3208,Location008,0,0,FALSE,FALSE,FALSE
ID185,2026-04-15,2435,113186,164,10,10,3469,Location008,0,0,FALSE,FALSE,FALSE
ID185,2026-04-16,3332,114864,165,17,17,5022,Location008,0,0,FALSE,FALSE,FALSE
ID185,2026-04-17,3483,115684,166,12,12,3670,Location008,0,0,FALSE,FALSE,FALSE
ID185,2026-04-18,3147,115497,167,17,17,4216,Location008,0,0,FALSE,FALSE,FALSE
ID185,2026-04-19,3040,115497,168,10,10,3770,Location008,0,0,FALSE,FALSE,FALSE
ID185,2026-04-20,2452,116724,169,14,14,4140,Location008,0,0,FALSE,FALSE,FALSE
ID185,2026-04-21,2150,116724,170,11,11,3570,Location008,0,0,FALSE,FALSE,FALSE
ID185,2026-04-22,1810,121224,171,11,11,4098,Location008,0,0,FALSE,FALSE,FALSE
ID185,2026-04-23,3668,120722,172,21,21,4163,Location008,0,0,FALSE,FALSE,FALSE
ID185,2026-04-24,2585,,173,19,19,3684,Location008,0,0,FALSE,TRUE,FALSE
ID189,2026-02-03,2210,34385,93,32,32,11944,Location008,0,0,FALSE,FALSE,FALSE
ID189,2026-02-04,1763,34385,94,37,37,7319,Location008,0,0,FALSE,FALSE,FALSE
ID189,2026-02-05,1951,36654.3333333333,95,30,30,8644,Location008,30,0,FALSE,TRUE,FALSE
ID189,2026-02-06,2514,38923.6666666667,96,52,52,10544,Location008,52,0,FALSE,TRUE,FALSE
ID189,2026-02-07,2073,41193,97,45,45,8736,Location008,0,0,FALSE,FALSE,FALSE
ID189,2026-02-08,1878,41193,98,57,57,10907,Location008,0,0,FALSE,FALSE,FALSE
ID189,2026-02-09,3152,39122,99,35,35,10608,Location008,0,0,FALSE,FALSE,FALSE
ID189,2026-02-10,2233,41392,100,50,50,8359,Location008,0,0,FALSE,FALSE,FALSE
ID189,2026-02-11,2122,41601,101,34,34,7435,Location008,0,0,FALSE,FALSE,FALSE
ID189,2026-02-12,3003,43676,102,39,39,10079,Location008,0,0,FALSE,FALSE,FALSE
ID189,2026-02-13,5239,44704,103,61,0,0,Location008,0,61,FALSE,FALSE,FALSE
ID189,2026-02-14,2931,45307,104,54,54,10227,Location008,0,0,FALSE,FALSE,FALSE
ID189,2026-02-15,4025,46652,105,50,50,7326,Location008,0,0,FALSE,FALSE,FALSE
ID189,2026-02-16,2157,48016,106,49,49,9125,Location008,0,0,FALSE,FALSE,FALSE
ID189,2026-02-17,2259,47435,107,39,39,8103,Location008,0,0,FALSE,FALSE,FALSE
ID189,2026-02-18,3291,49094,108,31,31,7906,Location008,0,0,FALSE,FALSE,FALSE
ID189,2026-02-19,2617,50379,109,39,39,6906,Location008,0,0,FALSE,FALSE,FALSE
ID189,2026-02-20,3421,50832,110,60,60,9846,Location008,0,0,FALSE,FALSE,FALSE
ID189,2026-02-21,2598,52032,111,43,43,7554,Location008,0,0,FALSE,FALSE,FALSE
ID189,2026-02-22,2342,53269,112,25,25,6723,Location008,0,0,FALSE,FALSE,FALSE
ID189,2026-02-23,2122,54528,113,20,20,3883,Location008,0,0,FALSE,FALSE,FALSE
ID189,2026-02-24,2310,54775,114,33,33,6980,Location008,0,0,FALSE,FALSE,FALSE
ID189,2026-02-25,1584,57091.5,115,26,26,4564,Location008,0,0,FALSE,FALSE,FALSE
ID189,2026-02-26,2725,58031,116,54,54,7480,Location008,0,0,FALSE,FALSE,FALSE
ID189,2026-02-27,2683,58736,117,35,35,4710,Location008,0,0,FALSE,FALSE,FALSE
ID189,2026-02-28,3303,59953,118,34,34,7484,Location008,0,0,FALSE,FALSE,FALSE
ID189,2026-03-01,1793,61422,119,29,29,6495,Location008,0,0,FALSE,FALSE,FALSE
ID189,2026-03-02,2056,62902,120,38,38,6596,Location008,0,0,FALSE,FALSE,FALSE
ID189,2026-03-03,3127,62510,121,31,31,7222,Location008,0,0,FALSE,FALSE,FALSE
ID189,2026-03-04,2480,65097,122,35,35,6288,Location008,0,0,FALSE,FALSE,FALSE
ID189,2026-03-05,2408,65944,123,26,26,5123,Location008,0,0,FALSE,FALSE,FALSE
ID189,2026-03-06,3700,66749,124,55,55,9601,Location008,0,0,FALSE,FALSE,FALSE
ID189,2026-03-07,2243,68384,125,29,29,5377,Location008,0,0,FALSE,FALSE,FALSE
ID189,2026-03-08,2037,69459,126,43,43,8113,Location008,0,0,FALSE,FALSE,FALSE
ID189,2026-03-09,2780,71134,127,31,31,7604,Location008,0,0,FALSE,FALSE,FALSE
ID189,2026-03-10,2955,71267,128,35,35,8314,Location008,0,0,FALSE,FALSE,FALSE
ID189,2026-03-11,3276,71783,129,47,47,8125,Location008,0,0,FALSE,FALSE,FALSE
ID189,2026-03-12,2893,71723,130,36,36,5773,Location008,0,0,FALSE,FALSE,FALSE
ID189,2026-03-13,2254,73891,131,35,35,7944,Location008,0,0,FALSE,FALSE,FALSE
ID189,2026-03-14,1797,76394,132,31,31,5267,Location008,0,0,FALSE,FALSE,FALSE
ID189,2026-03-15,2345,77066,133,30,30,8028,Location008,0,0,FALSE,FALSE,FALSE
ID189,2026-03-16,2771,78772,134,29,29,7018,Location008,0,0,FALSE,FALSE,FALSE
ID189,2026-03-17,2186,80117,135,32,32,6005,Location008,0,0,FALSE,FALSE,FALSE
ID189,2026-03-18,3456,79901,136,63,63,6808,Location008,0,0,FALSE,FALSE,FALSE
ID189,2026-03-19,3002,79901,137,25,25,8171,Location008,0,0,FALSE,FALSE,FALSE
ID189,2026-03-20,3156,83977,138,37,37,6089,Location008,0,0,FALSE,FALSE,FALSE
ID189,2026-03-21,2002,83147,139,31,31,5788,Location008,0,0,FALSE,FALSE,FALSE
ID189,2026-03-22,1506,84754.5,140,18,0,0,Location008,0,18,FALSE,FALSE,FALSE
ID189,2026-03-23,1891,83734,141,16,16,3860,Location008,0,0,FALSE,FALSE,FALSE
ID189,2026-03-24,3031,87502,142,31,31,7186,Location008,0,0,FALSE,FALSE,FALSE
ID189,2026-03-25,2277,87904,143,16,16,5344,Location008,0,0,FALSE,FALSE,FALSE
ID189,2026-03-26,2234,87904,144,16,16,7024,Location008,0,0,FALSE,FALSE,FALSE
ID189,2026-03-27,2980,88876,145,21,21,5238,Location008,0,0,FALSE,FALSE,FALSE
ID189,2026-03-28,1676,90609,146,38,38,4662,Location008,0,0,FALSE,FALSE,FALSE
ID189,2026-03-29,3019,90609,147,36,36,6692,Location008,0,0,FALSE,FALSE,FALSE
ID189,2026-03-30,4025,94142,148,46,46,10552,Location008,0,0,FALSE,FALSE,FALSE
ID189,2026-03-31,2239,96079,149,31,31,5270,Location008,0,0,FALSE,FALSE,FALSE
ID189,2026-04-01,4563,96320,150,33,33,10105,Location008,0,0,FALSE,FALSE,FALSE
ID189,2026-04-02,4874,99447,151,50,50,9214,Location008,0,0,FALSE,FALSE,FALSE
ID189,2026-04-03,3391,101014,152,46,46,7554,Location008,0,0,FALSE,FALSE,FALSE
ID189,2026-04-04,3686,101014,153,56,56,7027,Location008,0,0,FALSE,FALSE,FALSE
ID189,2026-04-05,1953,103743,154,27,27,5897,Location008,0,0,FALSE,FALSE,FALSE
ID189,2026-04-06,2370,101611,155,12,12,4525,Location008,0,0,FALSE,FALSE,FALSE
ID189,2026-04-07,2604,101632,156,28,28,6599,Location008,0,0,FALSE,FALSE,FALSE
ID189,2026-04-08,1498,100007,157,12,0,0,Location008,0,12,FALSE,FALSE,FALSE
ID189,2026-04-09,2747,100007,158,28,28,5213,Location008,0,0,FALSE,FALSE,FALSE
ID189,2026-04-10,2428,101272.6,159,18,18,3340,Location008,0,0,FALSE,TRUE,FALSE
ID189,2026-04-11,2207,102538.2,160,18,18,4254,Location008,0,0,FALSE,TRUE,FALSE
ID189,2026-04-12,2496,103803.8,161,17,17,3977,Location008,0,0,FALSE,TRUE,FALSE
ID189,2026-04-13,2607,105069.4,162,19,19,5428,Location008,0,0,FALSE,TRUE,FALSE
ID189,2026-04-14,2502,106335,163,23,23,4250,Location008,0,0,FALSE,FALSE,FALSE
ID189,2026-04-15,1813,106335,164,23,23,3116,Location008,0,0,FALSE,FALSE,FALSE
ID189,2026-04-16,2591,107925.5,165,25,25,5633,Location008,0,0,FALSE,TRUE,FALSE
ID189,2026-04-17,2582,109516,166,19,19,5262,Location008,0,0,FALSE,FALSE,FALSE
ID189,2026-04-18,3287,109516,167,23,23,6325,Location008,0,0,FALSE,FALSE,FALSE
ID189,2026-04-19,3080,109516,168,27,27,6943,Location008,0,0,FALSE,FALSE,FALSE
ID189,2026-04-20,3856,111879,169,37,37,6247,Location008,0,0,FALSE,FALSE,FALSE
ID189,2026-04-21,2810,114485,170,24,24,4805,Location008,0,0,FALSE,FALSE,FALSE
ID189,2026-04-22,3988,114485,171,21,21,6910,Location008,0,0,FALSE,FALSE,FALSE
ID189,2026-04-23,1838,115956,172,10,10,4854,Location008,0,0,FALSE,FALSE,FALSE
ID189,2026-04-24,2534,,173,14,14,7544,Location008,0,0,FALSE,TRUE,FALSE
ID191,2026-03-25,2829,,144,32,32,3179,Location011,32,0,FALSE,TRUE,FALSE
ID191,2026-03-26,1954,,145,23,0,0,Location011,23,23,FALSE,TRUE,FALSE
ID191,2026-03-27,4211,94373,146,40,40,4587,Location011,0,0,FALSE,FALSE,FALSE
ID191,2026-03-28,3285,100880,147,41,41,3827,Location011,0,0,FALSE,FALSE,FALSE
ID191,2026-03-29,5353,102213,148,28,0,0,Location011,0,28,FALSE,FALSE,FALSE
ID191,2026-03-30,4126,104183.5,149,22,22,4630,Location011,0,0,FALSE,FALSE,FALSE
ID191,2026-03-31,3993,100556,150,45,45,4748,Location011,0,0,FALSE,FALSE,FALSE
ID191,2026-04-01,5163,104602,151,47,47,6801,Location011,0,0,FALSE,FALSE,FALSE
ID191,2026-04-02,4731,105661,152,35,35,5353,Location011,0,0,FALSE,FALSE,FALSE
ID191,2026-04-03,3810,106423.5,153,26,26,4044,Location011,0,0,FALSE,FALSE,FALSE
ID191,2026-04-04,2775,104126,154,18,18,3584,Location011,0,0,FALSE,FALSE,FALSE
ID191,2026-04-05,4947,107594,155,41,41,5853,Location011,0,0,FALSE,FALSE,FALSE
ID191,2026-04-06,3687,108810,156,24,24,3945,Location011,0,0,FALSE,FALSE,FALSE
ID191,2026-04-07,4146,111191,157,21,21,4623,Location011,0,0,FALSE,FALSE,FALSE
ID191,2026-04-08,3005,112416,158,25,25,2860,Location011,0,0,FALSE,FALSE,FALSE
ID191,2026-04-09,4439,113829,159,22,22,4257,Location011,0,0,FALSE,FALSE,FALSE
ID191,2026-04-10,3798,112656,160,32,32,3811,Location011,0,0,FALSE,FALSE,FALSE
ID191,2026-04-11,3339,113522,161,26,26,2978,Location011,0,0,FALSE,FALSE,FALSE
ID191,2026-04-12,2938,113885,162,17,17,2569,Location011,0,0,FALSE,FALSE,FALSE
ID191,2026-04-13,3194,114360,163,18,18,3874,Location011,0,0,FALSE,FALSE,FALSE
ID191,2026-04-14,3710,115110,164,19,19,3233,Location011,0,0,FALSE,FALSE,FALSE
ID191,2026-04-15,3752,117798,165,20,20,3206,Location011,0,0,FALSE,FALSE,FALSE
ID191,2026-04-16,2999,118100,166,30,30,3355,Location011,0,0,FALSE,FALSE,FALSE
ID191,2026-04-17,3072,118577,167,25,25,2825,Location011,0,0,FALSE,FALSE,FALSE
ID191,2026-04-18,4172,118347,168,29,29,3398,Location011,0,0,FALSE,FALSE,FALSE
ID191,2026-04-19,4270,117953,169,23,23,3336,Location011,0,0,FALSE,FALSE,FALSE
ID191,2026-04-20,3113,119319,170,13,13,2810,Location011,0,0,FALSE,FALSE,FALSE
ID191,2026-04-21,2515,116120,171,23,23,2284,Location011,0,0,FALSE,FALSE,FALSE
ID191,2026-04-22,2781,119146,172,29,29,2336,Location011,0,0,FALSE,FALSE,FALSE
ID191,2026-04-23,2787,117724.5,173,8,8,3191,Location011,0,0,FALSE,FALSE,FALSE
ID191,2026-04-24,2376,,174,14,14,2957,Location011,0,0,FALSE,TRUE,FALSE
ID192,2026-01-11,282,27962,71,9,0,0,Location008,1,9,FALSE,FALSE,FALSE
ID192,2026-01-12,945,27962,72,14,0,0,Location008,8,14,FALSE,FALSE,FALSE
ID192,2026-01-13,1035,28465,73,18,18,5491,Location008,1,0,FALSE,FALSE,FALSE
ID192,2026-01-14,3189,28981,74,10,10,5502,Location008,0,0,FALSE,FALSE,FALSE
ID192,2026-01-15,2661,29073,75,20,20,7122,Location008,4,0,FALSE,FALSE,FALSE
ID192,2026-01-17,2083,31647,77,13,13,6097,Location008,0,0,FALSE,FALSE,FALSE
ID192,2026-01-18,1565,31647,78,13,13,4214,Location008,0,0,FALSE,FALSE,FALSE
ID192,2026-01-20,2202,35031,80,13,13,6219,Location008,0,0,FALSE,FALSE,FALSE
ID192,2026-01-21,3483,36850,81,20,20,7701,Location008,0,0,FALSE,FALSE,FALSE
ID192,2026-01-22,1473,38265.5,82,12,12,5110,Location008,0,0,FALSE,FALSE,FALSE
ID192,2026-01-23,1615,38444,83,19,19,4622,Location008,0,0,FALSE,FALSE,FALSE
ID192,2026-01-24,1512,38974,84,17,17,6181,Location008,0,0,FALSE,FALSE,FALSE
ID192,2026-01-25,2335,39575,85,23,23,6051,Location008,0,0,FALSE,FALSE,FALSE
ID192,2026-01-26,2030,41156,86,16,16,6521,Location008,0,0,FALSE,FALSE,FALSE
ID192,2026-01-27,2379,42774,87,18,18,6348,Location008,0,0,FALSE,FALSE,FALSE
ID192,2026-01-28,1727,42272,88,11,11,5912,Location008,0,0,FALSE,FALSE,FALSE
ID192,2026-01-29,2427,44764,89,22,22,6029,Location008,0,0,FALSE,FALSE,FALSE
ID192,2026-01-30,1887,45694,90,15,15,5942,Location008,0,0,FALSE,FALSE,FALSE
ID192,2026-01-31,2507,45733,91,12,12,5444,Location008,0,0,FALSE,FALSE,FALSE
ID192,2026-02-01,1057,46202.5,92,8,8,2620,Location008,0,0,FALSE,FALSE,FALSE
ID192,2026-02-02,1244,45887,93,8,8,3902,Location008,0,0,FALSE,FALSE,FALSE
ID192,2026-02-03,1064,46369,94,10,10,3268,Location008,0,0,FALSE,FALSE,FALSE
ID192,2026-02-04,1639,46634,95,11,11,4715,Location008,0,0,FALSE,FALSE,FALSE
ID192,2026-02-05,1804,48905,96,14,14,5792,Location008,0,0,FALSE,FALSE,FALSE
ID192,2026-02-06,1689,49613,97,35,35,6599,Location008,0,0,FALSE,FALSE,FALSE
ID192,2026-02-07,2444,51743.5,98,22,22,5567,Location008,0,0,FALSE,FALSE,FALSE
ID192,2026-02-08,3690,51966,99,23,23,5342,Location008,0,0,FALSE,FALSE,FALSE
ID192,2026-02-09,2670,53632,100,33,33,4552,Location008,0,0,FALSE,FALSE,FALSE
ID192,2026-02-10,3364,54522,101,31,31,6768,Location008,0,0,FALSE,FALSE,FALSE
ID192,2026-02-11,1870,55159,102,18,18,6678,Location008,0,0,FALSE,FALSE,FALSE
ID192,2026-02-12,3744,56748,103,29,29,7023,Location008,0,0,FALSE,FALSE,FALSE
ID192,2026-02-13,2264,57964,104,26,26,3806,Location008,0,0,FALSE,FALSE,FALSE
ID192,2026-02-14,4000,57855,105,23,23,6874,Location008,0,0,FALSE,FALSE,FALSE
ID192,2026-02-15,2886,60507,106,17,17,5170,Location008,0,0,FALSE,FALSE,FALSE
ID192,2026-02-16,2500,61945,107,21,21,5852,Location008,0,0,FALSE,FALSE,FALSE
ID192,2026-02-17,1525,62456,108,16,16,3939,Location008,0,0,FALSE,FALSE,FALSE
ID192,2026-02-18,2989,64027.5,109,18,18,5111,Location008,0,0,FALSE,FALSE,FALSE
ID192,2026-02-19,2510,63735,110,21,21,4188,Location008,0,0,FALSE,FALSE,FALSE
ID192,2026-02-20,2601,66480,111,17,17,5578,Location008,0,0,FALSE,FALSE,FALSE
ID192,2026-02-21,2953,67641,112,30,30,4695,Location008,0,0,FALSE,FALSE,FALSE
ID192,2026-02-22,4016,68613,113,29,29,6028,Location008,0,0,FALSE,FALSE,FALSE
ID192,2026-02-23,1983,68318,114,16,16,3962,Location008,0,0,FALSE,FALSE,FALSE
ID192,2026-02-24,2781,70564,115,24,24,4902,Location008,0,0,FALSE,FALSE,FALSE
ID192,2026-02-25,3517,72213,116,25,25,5640,Location008,0,0,FALSE,FALSE,FALSE
ID192,2026-02-26,2863,72146,117,12,12,3925,Location008,0,0,FALSE,FALSE,FALSE
ID192,2026-02-27,3937,74521,118,21,21,7523,Location008,0,0,FALSE,FALSE,FALSE
ID192,2026-02-28,3999,76350,119,22,22,5965,Location008,0,0,FALSE,FALSE,FALSE
ID192,2026-03-01,3677,77494,120,30,30,6128,Location008,0,0,FALSE,FALSE,FALSE
ID192,2026-03-02,2587,78243,121,27,27,4735,Location008,0,0,FALSE,FALSE,FALSE
ID192,2026-03-03,2397,79005,122,23,23,4574,Location008,0,0,FALSE,FALSE,FALSE
ID192,2026-03-04,3301,79722,123,19,19,4827,Location008,0,0,FALSE,FALSE,FALSE
ID192,2026-03-05,4668,81995,124,34,34,5917,Location008,0,0,FALSE,FALSE,FALSE
ID192,2026-03-06,3314,82742,125,26,26,5036,Location008,0,0,FALSE,FALSE,FALSE
ID192,2026-03-07,2866,83979,126,19,19,4662,Location008,0,0,FALSE,FALSE,FALSE
ID192,2026-03-08,3014,84875,127,13,13,4570,Location008,0,0,FALSE,FALSE,FALSE
ID192,2026-03-09,2369,85515,128,17,17,5960,Location008,0,0,FALSE,FALSE,FALSE
ID192,2026-03-10,2434,85231,129,17,17,5330,Location008,0,0,FALSE,FALSE,FALSE
ID192,2026-03-11,3100,85474,130,21,21,6058,Location008,0,0,FALSE,FALSE,FALSE
ID192,2026-03-12,4243,90033,131,24,24,6205,Location008,0,0,FALSE,FALSE,FALSE
ID192,2026-03-13,3433,90812.5,132,24,24,5535,Location008,0,0,FALSE,FALSE,FALSE
ID192,2026-03-14,4155,91716,133,25,25,6012,Location008,0,0,FALSE,FALSE,FALSE
ID192,2026-03-15,4739,94669,134,24,24,6251,Location008,0,0,FALSE,FALSE,FALSE
ID192,2026-03-16,3128,95297,135,17,17,5988,Location008,0,0,FALSE,FALSE,FALSE
ID192,2026-03-17,4355,97580,136,41,41,7632,Location008,0,0,FALSE,FALSE,FALSE
ID192,2026-03-18,3220,97139,137,20,20,5228,Location008,0,0,FALSE,FALSE,FALSE
ID192,2026-03-19,2914,98721,138,29,29,5543,Location008,0,0,FALSE,FALSE,FALSE
ID192,2026-03-20,3670,100268,139,35,35,7100,Location008,0,0,FALSE,FALSE,FALSE
ID192,2026-03-21,4766,101512,140,26,26,6816,Location008,0,0,FALSE,FALSE,FALSE
ID192,2026-03-22,867,98503,141,8,0,0,Location008,0,8,FALSE,FALSE,FALSE
ID192,2026-03-23,4177,103480,142,28,28,8583,Location008,0,0,FALSE,FALSE,FALSE
ID192,2026-03-24,4134,104509,143,29,29,7582,Location008,0,0,FALSE,FALSE,FALSE
ID192,2026-03-25,3097,107838,144,21,21,5937,Location008,0,0,FALSE,FALSE,FALSE
ID192,2026-03-26,4349,106922,145,23,23,7048,Location008,0,0,FALSE,FALSE,FALSE
ID192,2026-03-27,2537,107550,146,19,19,4142,Location008,0,0,FALSE,FALSE,FALSE
ID192,2026-03-28,4430,107895,147,20,20,6933,Location008,0,0,FALSE,FALSE,FALSE
ID192,2026-03-29,4844,111718,148,29,29,6729,Location008,0,0,FALSE,FALSE,FALSE
ID192,2026-03-30,3072,112253,149,26,26,6135,Location008,0,0,FALSE,FALSE,FALSE
ID192,2026-03-31,3566,111539,150,27,27,5844,Location008,0,0,FALSE,FALSE,FALSE
ID192,2026-04-01,3105,114495,151,15,15,6772,Location008,0,0,FALSE,FALSE,FALSE
ID192,2026-04-02,4329,115229,152,27,27,6466,Location008,0,0,FALSE,FALSE,FALSE
ID192,2026-04-03,4636,116341,153,18,18,6552,Location008,0,0,FALSE,FALSE,FALSE
ID192,2026-04-04,3388,121367,154,15,15,6560,Location008,0,0,FALSE,FALSE,FALSE
ID192,2026-04-05,3761,119906,155,16,16,5715,Location008,0,0,FALSE,FALSE,FALSE
ID192,2026-04-06,2067,121198,156,13,13,5092,Location008,0,0,FALSE,FALSE,FALSE
ID192,2026-04-07,2183,121755,157,12,12,4468,Location008,0,0,FALSE,FALSE,FALSE
ID192,2026-04-08,3920,122286,158,32,32,6005,Location008,0,0,FALSE,FALSE,FALSE
ID192,2026-04-09,3457,124969,159,22,22,5788,Location008,0,0,FALSE,FALSE,FALSE
ID192,2026-04-10,3775,125911,160,21,21,5201,Location008,0,0,FALSE,FALSE,FALSE
ID192,2026-04-11,4059,125911,161,20,20,4482,Location008,0,0,FALSE,FALSE,FALSE
ID192,2026-04-12,3618,128187,162,14,14,4451,Location008,0,0,FALSE,FALSE,FALSE
ID192,2026-04-13,5212,127586,163,34,34,5629,Location008,0,0,FALSE,FALSE,FALSE
ID192,2026-04-14,5017,128772,164,30,30,6230,Location008,0,0,FALSE,FALSE,FALSE
ID192,2026-04-15,3975,132289,165,33,33,5225,Location008,0,0,FALSE,FALSE,FALSE
ID192,2026-04-16,5456,130562,166,31,0,0,Location008,0,31,FALSE,FALSE,FALSE
ID192,2026-04-17,5418,132289,167,33,33,6350,Location008,0,0,FALSE,FALSE,FALSE
ID192,2026-04-18,3726,138154,168,28,28,5627,Location008,0,0,FALSE,FALSE,FALSE
ID192,2026-04-19,4572,135038,169,40,40,6253,Location008,0,0,FALSE,FALSE,FALSE
ID192,2026-04-20,4764,137261,170,25,25,5519,Location008,0,0,FALSE,FALSE,FALSE
ID192,2026-04-21,4442,138435,171,23,23,5453,Location008,6,0,FALSE,FALSE,FALSE
ID192,2026-04-22,4718,138435,172,19,19,5114,Location008,13,0,FALSE,FALSE,FALSE
ID192,2026-04-23,4695,,173,34,0,0,Location008,34,34,FALSE,TRUE,TRUE
ID192,2026-04-24,4672,,174,22,22,5539,Location008,0,0,FALSE,TRUE,FALSE
ID197,2026-01-12,1108,31201,72,17,0,0,Location009,0,17,FALSE,FALSE,FALSE
ID197,2026-01-14,2271,25425,74,19,19,4819,Location009,4,0,FALSE,FALSE,FALSE
ID197,2026-01-15,2459,34161,75,17,17,4256,Location009,0,0,FALSE,FALSE,FALSE
ID197,2026-01-17,2006,31133,77,16,16,4097,Location009,0,0,FALSE,FALSE,FALSE
ID197,2026-01-18,1159,33261.5,78,16,0,0,Location009,0,16,FALSE,FALSE,FALSE
ID197,2026-01-20,1986,37195,80,14,14,5166,Location009,0,0,FALSE,FALSE,FALSE
ID197,2026-01-21,2680,37406,81,9,9,3633,Location009,0,0,FALSE,FALSE,FALSE
ID197,2026-01-22,1918,32063,82,10,10,3113,Location009,0,0,FALSE,FALSE,FALSE
ID197,2026-01-23,1265,39779.5,83,6,6,4210,Location009,0,0,FALSE,FALSE,FALSE
ID197,2026-01-24,1156,39779,84,7,0,0,Location009,0,7,FALSE,FALSE,FALSE
ID197,2026-01-25,1230,39779,85,10,10,3072,Location009,0,0,FALSE,FALSE,FALSE
ID197,2026-01-26,1586,40802.75,86,13,13,4134,Location009,0,0,FALSE,TRUE,FALSE
ID197,2026-01-27,2256,41826.5,87,12,12,4224,Location009,0,0,FALSE,TRUE,FALSE
ID197,2026-01-28,2020,42850.25,88,12,12,4755,Location009,0,0,FALSE,TRUE,FALSE
ID197,2026-01-29,1200,43874,89,12,12,4176,Location009,0,0,FALSE,FALSE,FALSE
ID197,2026-01-30,1091,43874,90,8,0,0,Location009,0,8,FALSE,FALSE,FALSE
ID197,2026-01-31,1201,44195,91,8,8,3534,Location009,0,0,FALSE,FALSE,FALSE
ID197,2026-02-01,1743,44195,92,8,8,5845,Location009,0,0,FALSE,FALSE,FALSE
ID197,2026-02-02,2595,45045.4,93,14,0,0,Location009,0,14,FALSE,TRUE,FALSE
ID197,2026-02-03,1326,45895.8,94,14,14,5289,Location009,0,0,FALSE,TRUE,FALSE
ID197,2026-02-04,2536,46746.2,95,13,13,5323,Location009,0,0,FALSE,TRUE,FALSE
ID197,2026-02-05,2854,47596.6,96,17,0,0,Location009,0,17,FALSE,TRUE,FALSE
ID197,2026-02-06,1687,48447,97,9,9,4613,Location009,0,0,FALSE,FALSE,FALSE
ID197,2026-02-07,4038,48447,98,15,0,0,Location011,0,15,FALSE,FALSE,FALSE
ID197,2026-02-08,2405,49152,99,22,22,10437,Location011,0,0,FALSE,FALSE,FALSE
ID197,2026-02-09,3175,51480,100,20,0,0,Location011,0,20,FALSE,FALSE,FALSE
ID197,2026-02-10,2638,52080,101,23,23,10856,Location011,0,0,FALSE,FALSE,FALSE
ID197,2026-02-11,2881,54111,102,24,24,11099,Location011,0,0,FALSE,FALSE,FALSE
ID197,2026-02-12,2503,54204,103,19,19,9089,Location011,0,0,FALSE,FALSE,FALSE
ID197,2026-02-13,3937,55374,104,19,0,0,Location011,0,19,FALSE,FALSE,FALSE
ID197,2026-02-14,2606,56254.5,105,22,22,10344,Location011,0,0,FALSE,FALSE,FALSE
ID197,2026-02-15,5037,57790,106,20,0,0,Location011,0,20,FALSE,FALSE,FALSE
ID197,2026-02-16,2188,58395,107,14,14,8545,Location011,0,0,FALSE,FALSE,FALSE
ID197,2026-02-17,2312,58552,108,11,11,9099,Location011,0,0,FALSE,FALSE,FALSE
ID197,2026-02-18,2599,60121,109,15,15,9299,Location011,0,0,FALSE,FALSE,FALSE
ID197,2026-02-19,2300,60617.5,110,16,16,9101,Location011,0,0,FALSE,FALSE,FALSE
ID197,2026-02-20,5252,61304.5,111,16,0,0,Location011,0,16,FALSE,FALSE,FALSE
ID197,2026-02-21,2635,63779,112,12,12,9043,Location011,0,0,FALSE,FALSE,FALSE
ID197,2026-02-22,2812,64830,113,12,12,9886,Location011,0,0,FALSE,FALSE,FALSE
ID197,2026-02-23,2747,66259,114,17,17,9219,Location011,0,0,FALSE,FALSE,FALSE
ID197,2026-02-24,3417,68528,115,23,23,11035,Location011,0,0,FALSE,FALSE,FALSE
ID197,2026-02-25,3024,68745,116,17,17,9606,Location011,0,0,FALSE,FALSE,FALSE
ID197,2026-02-26,2652,69541,117,15,15,8295,Location011,0,0,FALSE,FALSE,FALSE
ID197,2026-02-27,2906,71509,118,13,13,8493,Location011,0,0,FALSE,FALSE,FALSE
ID197,2026-02-28,3146,72378,119,11,11,8902,Location011,0,0,FALSE,FALSE,FALSE
ID197,2026-03-01,3231,73231.5,120,16,16,8578,Location011,0,0,FALSE,FALSE,FALSE
ID197,2026-03-02,3609,74465,121,13,13,9437,Location011,0,0,FALSE,FALSE,FALSE
ID197,2026-03-03,3322,75603,122,14,14,8540,Location011,0,0,FALSE,FALSE,FALSE
ID197,2026-03-04,4305,75366,123,15,15,8355,Location011,0,0,FALSE,FALSE,FALSE
ID197,2026-03-05,3532,76490,124,13,13,9510,Location011,0,0,FALSE,FALSE,FALSE
ID197,2026-03-06,5178,78328,125,21,0,0,Location011,0,21,FALSE,FALSE,FALSE
ID197,2026-03-07,3722,79590,126,22,22,8970,Location011,0,0,FALSE,FALSE,FALSE
ID197,2026-03-08,3637,80769,127,19,19,9029,Location011,0,0,FALSE,FALSE,FALSE
ID197,2026-03-09,3605,83125,128,18,18,8611,Location011,0,0,FALSE,FALSE,FALSE
ID197,2026-03-10,3302,82554,129,19,19,8799,Location011,0,0,FALSE,FALSE,FALSE
ID197,2026-03-11,4143,83522,130,29,29,9827,Location011,0,0,FALSE,FALSE,FALSE
ID197,2026-03-12,3758,84791,131,27,27,9315,Location011,0,0,FALSE,FALSE,FALSE
ID197,2026-03-13,3686,87421,132,25,25,8929,Location011,0,0,FALSE,FALSE,FALSE
ID197,2026-03-14,3790,87569,133,32,32,9293,Location011,0,0,FALSE,FALSE,FALSE
ID197,2026-03-15,4303,89271,134,26,26,9638,Location011,0,0,FALSE,FALSE,FALSE
ID197,2026-03-16,3900,90089,135,21,21,8288,Location011,0,0,FALSE,FALSE,FALSE
ID197,2026-03-17,4068,91611,136,25,25,8984,Location011,0,0,FALSE,FALSE,FALSE
ID197,2026-03-18,4125,92099,137,19,19,8535,Location011,0,0,FALSE,FALSE,FALSE
ID197,2026-03-19,4358,93742,138,11,11,9210,Location011,0,0,FALSE,FALSE,FALSE
ID197,2026-03-20,3964,94461,139,21,21,7674,Location011,0,0,FALSE,FALSE,FALSE
ID197,2026-03-21,4643,95531,140,16,16,9179,Location011,0,0,FALSE,FALSE,FALSE
ID197,2026-03-22,4378,96870,141,48,48,10713,Location011,0,0,FALSE,FALSE,FALSE
ID197,2026-03-23,4670,97934,142,28,28,9152,Location011,0,0,FALSE,FALSE,FALSE
ID197,2026-03-24,4787,98922.5,143,24,24,9265,Location011,0,0,FALSE,FALSE,FALSE
ID197,2026-03-25,5084,98494,144,37,37,10828,Location011,0,0,FALSE,FALSE,FALSE
ID197,2026-03-26,4769,99499,145,38,38,10402,Location011,0,0,FALSE,FALSE,FALSE
ID197,2026-03-27,4657,102406,146,38,38,9843,Location011,0,0,FALSE,FALSE,FALSE
ID197,2026-03-28,4300,103052,147,40,40,8194,Location011,0,0,FALSE,FALSE,FALSE
ID197,2026-03-29,3692,103894,148,42,42,9310,Location011,0,0,FALSE,FALSE,FALSE
ID197,2026-03-30,3881,104873,149,44,44,8565,Location011,0,0,FALSE,FALSE,FALSE
ID197,2026-03-31,4214,105956,150,63,63,8908,Location011,0,0,FALSE,FALSE,FALSE
ID197,2026-04-01,5102,106294,151,21,21,8441,Location011,0,0,FALSE,FALSE,FALSE
ID197,2026-04-02,4229,107530,152,33,33,9322,Location011,0,0,FALSE,FALSE,FALSE
ID197,2026-04-03,3888,109420,153,27,27,9772,Location011,0,0,FALSE,FALSE,FALSE
ID197,2026-04-04,5292,110183.5,154,22,0,0,Location011,0,22,FALSE,FALSE,FALSE
ID197,2026-04-05,4110,110532,155,43,43,7392,Location011,0,0,FALSE,FALSE,FALSE
ID197,2026-04-06,4492,109939,156,20,0,0,Location011,0,20,FALSE,FALSE,FALSE
ID197,2026-04-07,3245,109217,157,26,26,7316,Location011,0,0,FALSE,FALSE,FALSE
ID197,2026-04-08,3277,113424,158,24,24,3338,Location011,0,0,FALSE,FALSE,FALSE
ID197,2026-04-09,2462,112805,159,18,18,3554,Location011,0,0,FALSE,FALSE,FALSE
ID197,2026-04-10,2162,113049,160,21,21,3304,Location011,0,0,FALSE,FALSE,FALSE
ID197,2026-04-11,2475,114342,161,25,25,4972,Location011,0,0,FALSE,FALSE,FALSE
ID197,2026-04-12,3663,115870,162,24,0,0,Location011,0,24,FALSE,FALSE,FALSE
ID197,2026-04-13,2300,116136,163,16,16,4368,Location011,0,0,FALSE,FALSE,FALSE
ID197,2026-04-14,2995,116936.5,164,24,24,5201,Location011,0,0,FALSE,FALSE,FALSE
ID197,2026-04-15,3648,117764,165,38,38,5186,Location011,0,0,FALSE,FALSE,FALSE
ID197,2026-04-16,4662,120706,166,58,0,0,Location011,0,58,FALSE,FALSE,FALSE
ID197,2026-04-17,4822,120809,167,42,0,0,Location011,0,42,FALSE,FALSE,FALSE
ID197,2026-04-18,4321,122369,168,27,0,0,Location011,0,27,FALSE,FALSE,FALSE
ID197,2026-04-19,3533,121738,169,27,27,5666,Location011,0,0,FALSE,FALSE,FALSE
ID197,2026-04-20,2978,123485,170,21,21,5009,Location011,0,0,FALSE,FALSE,FALSE
ID197,2026-04-21,3511,122978,171,18,18,5016,Location011,0,0,FALSE,FALSE,FALSE
ID197,2026-04-22,3230,125204,172,21,21,5998,Location011,0,0,FALSE,FALSE,FALSE
ID197,2026-04-23,3904,124710,173,19,19,5101,Location011,0,0,FALSE,FALSE,FALSE
ID197,2026-04-24,3020,,174,25,25,4088,Location011,0,0,FALSE,TRUE,FALSE
ID198,2026-01-12,2754,36041,72,14,14,5277,Location009,0,0,FALSE,FALSE,FALSE
ID198,2026-01-13,2346,36041,73,20,20,11102,Location009,0,0,FALSE,FALSE,FALSE
ID198,2026-01-14,1054,32911,74,12,12,4491,Location009,3,0,FALSE,FALSE,FALSE
ID198,2026-01-15,1585,34216.875,75,5,5,3407,Location009,5,0,FALSE,TRUE,FALSE
ID198,2026-01-17,1942,35522.75,77,10,10,6008,Location009,10,0,FALSE,TRUE,FALSE
ID198,2026-01-18,1879,36828.625,78,19,19,7598,Location009,19,0,FALSE,TRUE,FALSE
ID198,2026-01-21,3968,38134.5,81,11,11,4932,Location009,3,0,FALSE,FALSE,FALSE
ID198,2026-01-22,3288,39048.5,82,16,16,3658,Location009,0,0,FALSE,FALSE,FALSE
ID198,2026-01-23,1627,40051,83,15,15,4670,Location009,0,0,FALSE,FALSE,FALSE
ID198,2026-01-24,1038,40177,84,10,10,7513,Location009,0,0,FALSE,FALSE,FALSE
ID198,2026-01-25,1617,42870,85,10,10,4494,Location009,0,0,FALSE,FALSE,FALSE
ID198,2026-01-26,1504,45110,86,15,15,6305,Location009,0,0,FALSE,FALSE,FALSE
ID198,2026-01-27,3043,45085,87,15,15,6562,Location009,0,0,FALSE,FALSE,FALSE
ID198,2026-01-28,2232,47093,88,12,12,7067,Location009,0,0,FALSE,FALSE,FALSE
ID198,2026-01-29,1866,47496,89,16,16,5099,Location009,0,0,FALSE,FALSE,FALSE
ID198,2026-01-30,2396,49276,90,15,15,6614,Location009,0,0,FALSE,FALSE,FALSE
ID198,2026-01-31,2526,49276,91,12,12,7096,Location009,0,0,FALSE,FALSE,FALSE
ID198,2026-02-01,1334,52613,92,9,9,4111,Location009,0,0,FALSE,FALSE,FALSE
ID198,2026-02-02,2467,51870,93,13,13,5944,Location009,0,0,FALSE,FALSE,FALSE
ID198,2026-02-03,3125,54464,94,16,16,6169,Location009,0,0,FALSE,FALSE,FALSE
ID198,2026-02-04,2385,56136,95,13,13,3348,Location009,0,0,FALSE,FALSE,FALSE
ID198,2026-02-05,2490,55499,96,13,13,3164,Location009,0,0,FALSE,FALSE,FALSE
ID198,2026-02-06,1888,56519,97,19,19,2655,Location009,0,0,FALSE,FALSE,FALSE
ID198,2026-02-07,2603,56216,98,14,14,3343,Location011,3,0,FALSE,FALSE,FALSE
ID198,2026-02-08,2251,61869,99,15,15,3060,Location011,0,0,FALSE,FALSE,FALSE
ID198,2026-02-09,2540,61869,100,13,13,4441,Location011,0,0,FALSE,FALSE,FALSE
ID198,2026-02-10,1843,60895,101,17,17,3315,Location011,0,0,FALSE,FALSE,FALSE
ID198,2026-02-11,1550,62654,102,11,11,2667,Location011,0,0,FALSE,FALSE,FALSE
ID198,2026-02-12,1487,62262.5,103,12,12,1991,Location011,0,0,FALSE,FALSE,FALSE
ID198,2026-02-13,1714,63825,104,13,13,2666,Location011,0,0,FALSE,FALSE,FALSE
ID198,2026-02-14,2157,66378,105,21,21,4009,Location011,0,0,FALSE,FALSE,FALSE
ID198,2026-02-15,1719,64821,106,8,8,2591,Location011,0,0,FALSE,FALSE,FALSE
ID198,2026-02-16,1638,69208,107,17,17,2909,Location011,0,0,FALSE,FALSE,FALSE
ID198,2026-02-17,1460,68027,108,11,11,2681,Location011,0,0,FALSE,FALSE,FALSE
ID198,2026-02-18,1078,68544,109,12,12,1863,Location011,0,0,FALSE,FALSE,FALSE
ID198,2026-02-19,1015,68775.5,110,8,0,0,Location011,0,8,FALSE,FALSE,FALSE
ID198,2026-02-20,1045,66233,111,14,14,1618,Location011,0,0,FALSE,FALSE,FALSE
ID198,2026-02-21,2485,70575,112,25,25,3800,Location011,0,0,FALSE,FALSE,FALSE
ID198,2026-02-22,2013,72811,113,18,18,2896,Location011,0,0,FALSE,FALSE,FALSE
ID198,2026-02-23,673,73845,114,11,0,0,Location011,0,11,FALSE,FALSE,FALSE
ID198,2026-02-24,1195,71536,115,21,21,2299,Location011,0,0,FALSE,FALSE,FALSE
ID198,2026-02-25,1568,70913,116,17,17,2218,Location011,0,0,FALSE,FALSE,FALSE
ID198,2026-02-26,1769,72307.5,117,8,8,2625,Location011,0,0,FALSE,FALSE,FALSE
ID198,2026-02-27,1213,74584,118,11,11,2264,Location011,0,0,FALSE,FALSE,FALSE
ID198,2026-02-28,1596,73692.5,119,14,14,2717,Location011,0,0,FALSE,FALSE,FALSE
ID198,2026-03-01,1837,78258.5,120,18,18,3476,Location011,0,0,FALSE,FALSE,FALSE
ID198,2026-03-02,2176,76783.5,121,18,18,3082,Location011,0,0,FALSE,FALSE,FALSE
ID198,2026-03-03,1379,77551,122,7,7,2228,Location011,0,0,FALSE,FALSE,FALSE
ID198,2026-03-04,2731,79047.5,123,22,22,4578,Location011,0,0,FALSE,FALSE,FALSE
ID198,2026-03-05,2046,81301,124,27,27,3409,Location011,0,0,FALSE,FALSE,FALSE
ID198,2026-03-06,3404,81037.5,125,16,16,3766,Location011,0,0,FALSE,FALSE,FALSE
ID198,2026-03-07,2157,83513,126,19,19,3041,Location011,0,0,FALSE,FALSE,FALSE
ID198,2026-03-08,2611,84489,127,15,15,3698,Location011,0,0,FALSE,FALSE,FALSE
ID198,2026-03-09,1990,86695,128,15,15,2979,Location011,0,0,FALSE,FALSE,FALSE
ID198,2026-03-10,2085,85918,129,15,15,3727,Location011,0,0,FALSE,FALSE,FALSE
ID198,2026-03-11,2551,87426,130,17,17,3442,Location011,0,0,FALSE,FALSE,FALSE
ID198,2026-03-12,3007,92406.5,131,24,24,5156,Location011,0,0,FALSE,FALSE,FALSE
ID198,2026-03-13,1607,91308,132,18,18,3649,Location011,0,0,FALSE,FALSE,FALSE
ID198,2026-03-14,2097,91814,133,19,19,2386,Location011,0,0,FALSE,FALSE,FALSE
ID198,2026-03-15,2533,94131.5,134,30,30,3545,Location011,0,0,FALSE,FALSE,FALSE
ID198,2026-03-16,3140,94591,135,38,38,4480,Location011,0,0,FALSE,FALSE,FALSE
ID198,2026-03-17,3368,96274,136,36,36,4814,Location011,0,0,FALSE,FALSE,FALSE
ID198,2026-03-18,3115,97432,137,20,20,4675,Location011,0,0,FALSE,FALSE,FALSE
ID198,2026-03-19,3210,99074,138,27,27,4376,Location011,0,0,FALSE,FALSE,FALSE
ID198,2026-03-20,2981,99723.5,139,18,18,4014,Location011,0,0,FALSE,FALSE,FALSE
ID198,2026-03-21,2796,101320,140,28,28,3976,Location011,0,0,FALSE,FALSE,FALSE
ID198,2026-03-22,2980,101899,141,27,27,4632,Location011,0,0,FALSE,FALSE,FALSE
ID198,2026-03-23,3049,100898,142,27,27,4745,Location011,0,0,FALSE,FALSE,FALSE
ID198,2026-03-24,3101,104623,143,25,25,4675,Location011,0,0,FALSE,FALSE,FALSE
ID198,2026-03-25,3145,105520,144,24,24,4109,Location011,0,0,FALSE,FALSE,FALSE
ID198,2026-03-26,2935,107126,145,19,19,3514,Location011,0,0,FALSE,FALSE,FALSE
ID198,2026-03-27,2544,108056,146,19,19,3704,Location011,0,0,FALSE,FALSE,FALSE
ID198,2026-03-28,3402,108518,147,17,17,5317,Location011,0,0,FALSE,FALSE,FALSE
ID198,2026-03-29,3328,108822,148,17,17,4862,Location011,0,0,FALSE,FALSE,FALSE
ID198,2026-03-30,2050,108236,149,4,4,3102,Location011,0,0,FALSE,FALSE,FALSE
ID198,2026-03-31,943,108038,150,5,0,0,Location011,0,5,FALSE,FALSE,FALSE
ID198,2026-04-01,2612,107650,151,18,18,3254,Location011,0,0,FALSE,FALSE,FALSE
ID198,2026-04-02,1840,111372,152,8,8,3449,Location011,0,0,FALSE,FALSE,FALSE
ID198,2026-04-03,1400,108018,153,3,3,2381,Location011,0,0,FALSE,FALSE,FALSE
ID198,2026-04-04,1270,110315,154,1,1,1676,Location011,0,0,FALSE,FALSE,FALSE
ID198,2026-04-05,2124,110520.5,155,4,4,2917,Location011,0,0,FALSE,FALSE,FALSE
ID198,2026-04-06,2828,108341,156,11,11,4484,Location011,0,0,FALSE,FALSE,FALSE
ID198,2026-04-07,4583,114382,157,27,27,5066,Location011,0,0,FALSE,FALSE,FALSE
ID198,2026-04-08,3792,118403,158,15,15,4412,Location011,0,0,FALSE,FALSE,FALSE
ID198,2026-04-09,2673,118730,159,21,21,3678,Location011,0,0,FALSE,FALSE,FALSE
ID198,2026-04-10,1519,120130,160,17,17,2422,Location011,0,0,FALSE,FALSE,FALSE
ID198,2026-04-11,4042,118533,161,29,29,4815,Location011,0,0,FALSE,FALSE,FALSE
ID198,2026-04-12,2327,122755,162,15,15,2262,Location011,0,0,FALSE,FALSE,FALSE
ID198,2026-04-13,1469,120885,163,14,14,1772,Location011,0,0,FALSE,FALSE,FALSE
ID198,2026-04-14,2676,121450,164,24,24,2627,Location011,0,0,FALSE,FALSE,FALSE
ID198,2026-04-15,4701,122443.5,165,18,0,0,Location011,0,18,FALSE,FALSE,FALSE
ID198,2026-04-16,3581,125189,166,22,22,4888,Location011,0,0,FALSE,FALSE,FALSE
ID198,2026-04-17,2922,129922,167,17,17,2250,Location011,0,0,FALSE,FALSE,FALSE
ID198,2026-04-18,2749,129922,168,20,20,5582,Location011,0,0,FALSE,FALSE,FALSE
