animal_id,record_date,device_type,start_time,end_time,duration_sec,feed_g,daily_feed_g,weight_g,location,age_day,measurement_day,flag_weight_out_of_range,flag_weight_low,flag_daily_weight_low,flag_growth_curve_poor,is_outlier_wt,weighted_avg_weight_per_day,rlm_weight_daily,rlm_weight,flag_feed_negative,flag_feed_too_high,flag_duration_negative,flag_duration_too_long,flag_duration_zero_with_feed,flag_speed_too_slow,flag_speed_too_fast,flag_speed_extreme_low_feed,flag_speed_zero_long_duration,feed_speed,is_outlier_feed
982091101529889,2023-04-26,NEDAP,2023-04-26T01:57:00Z,2023-04-26T02:17:23Z,1223,522,2233,44500,1908,,66,FALSE,FALSE,FALSE,FALSE,FALSE,44951.0797847754,1,1,FALSE,FALSE,FALSE,FALSE,FALSE,FALSE,FALSE,FALSE,FALSE,25.6091578086672,FALSE
982091101529889,2023-04-26,NEDAP,2023-04-26T05:04:00Z,2023-04-26T05:16:34Z,754,396,2233,45000,1908,,66,FALSE,FALSE,FALSE,FALSE,FALSE,44951.0797847754,1,1,FALSE,FALSE,FALSE,FALSE,FALSE,FALSE,FALSE,FALSE,FALSE,31.5119363395226,FALSE
982091101529889,2023-04-26,NEDAP,2023-04-26T05:19:00Z,2023-04-26T05:23:19Z,259,148,2233,45500,1908,,66,FALSE,FALSE,FALSE,FALSE,FALSE,44951.0797847754,1,1,FALSE,FALSE,FALSE,FALSE,FALSE,FALSE,FALSE,FALSE,FALSE,34.2857142857143,FALSE
982091101529889,2023-04-26,NEDAP,2023-04-26T15:31:00Z,2023-04-26T15:48:37Z,1057,647,2233,44000,1908,,66,FALSE,FALSE,FALSE,FALSE,FALSE,44951.0797847754,1,0.731464249408687,FALSE,FALSE,FALSE,FALSE,FALSE,FALSE,FALSE,FALSE,FALSE,36.7265846736045,FALSE
982091101529889,2023-04-26,NEDAP,2023-04-26T21:13:00Z,2023-04-26T21:31:38Z,1118,519,2233,45500,1908,,66,FALSE,FALSE,FALSE,FALSE,FALSE,44951.0797847754,1,1,FALSE,FALSE,FALSE,FALSE,FALSE,FALSE,FALSE,FALSE,FALSE,27.8533094812165,FALSE
982091101529889,2023-04-26,NEDAP,2023-04-26T21:33:00Z,2023-04-26T21:33:41Z,41,1,2233,,1908,,66,FALSE,,FALSE,FALSE,,44951.0797847754,1,,FALSE,FALSE,FALSE,FALSE,FALSE,TRUE,FALSE,FALSE,FALSE,1.46341463414634,TRUE
982091101529889,2023-04-27,NEDAP,2023-04-27T01:07:00Z,2023-04-27T01:17:36Z,636,402,2533,46000,1908,,66,FALSE,FALSE,FALSE,FALSE,FALSE,46500,1,1,FALSE,FALSE,FALSE,FALSE,FALSE,FALSE,FALSE,FALSE,FALSE,37.9245283018868,FALSE
982091101529889,2023-04-27,NEDAP,2023-04-27T02:49:00Z,2023-04-27T02:53:08Z,248,110,2533,46500,1908,,66,FALSE,FALSE,FALSE,FALSE,FALSE,46500,1,1,FALSE,FALSE,FALSE,FALSE,FALSE,FALSE,FALSE,FALSE,FALSE,26.6129032258065,FALSE
982091101529889,2023-04-27,NEDAP,2023-04-27T04:45:00Z,2023-04-27T04:55:21Z,621,175,2533,46000,1908,,66,FALSE,FALSE,FALSE,FALSE,FALSE,46500,1,1,FALSE,FALSE,FALSE,FALSE,FALSE,FALSE,FALSE,FALSE,FALSE,16.9082125603865,FALSE
982091101529889,2023-04-27,NEDAP,2023-04-27T05:49:00Z,2023-04-27T06:01:13Z,733,379,2533,46500,1908,,66,FALSE,FALSE,FALSE,FALSE,FALSE,46500,1,1,FALSE,FALSE,FALSE,FALSE,FALSE,FALSE,FALSE,FALSE,FALSE,31.0231923601637,FALSE
982091101529889,2023-04-27,NEDAP,2023-04-27T11:12:00Z,2023-04-27T11:29:35Z,1055,740,2533,47000,1908,,66,FALSE,FALSE,FALSE,FALSE,FALSE,46500,1,1,FALSE,FALSE,FALSE,FALSE,FALSE,FALSE,FALSE,FALSE,FALSE,42.085308056872,FALSE
982091101529889,2023-04-27,NEDAP,2023-04-27T19:27:00Z,2023-04-27T19:34:45Z,465,154,2533,46500,1908,,66,FALSE,FALSE,FALSE,FALSE,FALSE,46500,1,1,FALSE,FALSE,FALSE,FALSE,FALSE,FALSE,FALSE,FALSE,FALSE,19.8709677419355,FALSE
982091101529889,2023-04-27,NEDAP,2023-04-27T21:44:00Z,2023-04-27T22:07:59Z,1439,573,2533,47000,1908,,66,FALSE,FALSE,FALSE,FALSE,FALSE,46500,1,1,FALSE,FALSE,FALSE,FALSE,FALSE,FALSE,FALSE,FALSE,FALSE,23.8915913829048,FALSE
982091101529889,2023-04-28,NEDAP,2023-04-28T02:16:00Z,2023-04-28T02:19:31Z,211,98,2464,47500,1908,,66,FALSE,FALSE,FALSE,FALSE,FALSE,47750,1,1,FALSE,FALSE,FALSE,FALSE,FALSE,FALSE,FALSE,FALSE,FALSE,27.8672985781991,FALSE
982091101529889,2023-04-28,NEDAP,2023-04-28T03:27:00Z,2023-04-28T03:43:08Z,968,609,2464,47500,1908,,66,FALSE,FALSE,FALSE,FALSE,FALSE,47750,1,1,FALSE,FALSE,FALSE,FALSE,FALSE,FALSE,FALSE,FALSE,FALSE,37.7479338842975,FALSE
982091101529889,2023-04-28,NEDAP,2023-04-28T06:23:00Z,2023-04-28T06:30:09Z,429,270,2464,48000,1908,,66,FALSE,FALSE,FALSE,FALSE,FALSE,47750,1,1,FALSE,FALSE,FALSE,FALSE,FALSE,FALSE,FALSE,FALSE,FALSE,37.7622377622378,FALSE
982091101529889,2023-04-28,NEDAP,2023-04-28T10:26:00Z,2023-04-28T10:43:08Z,1028,770,2464,48000,1908,,66,FALSE,FALSE,FALSE,FALSE,FALSE,47750,1,1,FALSE,FALSE,FALSE,FALSE,FALSE,FALSE,FALSE,FALSE,FALSE,44.9416342412451,FALSE
982091101529889,2023-04-28,NEDAP,2023-04-28T20:15:00Z,2023-04-28T20:26:48Z,708,341,2464,48000,1908,,66,FALSE,FALSE,FALSE,FALSE,FALSE,47750,1,1,FALSE,FALSE,FALSE,FALSE,FALSE,FALSE,FALSE,FALSE,FALSE,28.8983050847458,FALSE
982091101529889,2023-04-28,NEDAP,2023-04-28T21:32:00Z,2023-04-28T21:44:09Z,729,376,2464,47500,1908,,66,FALSE,FALSE,FALSE,FALSE,FALSE,47750,1,1,FALSE,FALSE,FALSE,FALSE,FALSE,FALSE,FALSE,FALSE,FALSE,30.9465020576132,FALSE
982091101529889,2023-04-29,NEDAP,2023-04-29T01:33:00Z,2023-04-29T01:44:44Z,704,370,2511,48500,1908,,66,FALSE,FALSE,FALSE,FALSE,FALSE,48928.5714285714,1,1,FALSE,FALSE,FALSE,FALSE,FALSE,FALSE,FALSE,FALSE,FALSE,31.5340909090909,FALSE
982091101529889,2023-04-29,NEDAP,2023-04-29T03:47:00Z,2023-04-29T03:53:00Z,360,189,2511,48500,1908,,66,FALSE,FALSE,FALSE,FALSE,FALSE,48928.5714285714,1,1,FALSE,FALSE,FALSE,FALSE,FALSE,FALSE,FALSE,FALSE,FALSE,31.5,FALSE
982091101529889,2023-04-29,NEDAP,2023-04-29T05:21:00Z,2023-04-29T05:29:41Z,521,236,2511,49000,1908,,66,FALSE,FALSE,FALSE,FALSE,FALSE,48928.5714285714,1,1,FALSE,FALSE,FALSE,FALSE,FALSE,FALSE,FALSE,FALSE,FALSE,27.1785028790787,FALSE
982091101529889,2023-04-29,NEDAP,2023-04-29T05:32:00Z,2023-04-29T05:36:14Z,254,126,2511,49000,1908,,66,FALSE,FALSE,FALSE,FALSE,FALSE,48928.5714285714,1,1,FALSE,FALSE,FALSE,FALSE,FALSE,FALSE,FALSE,FALSE,FALSE,29.7637795275591,FALSE
982091101529889,2023-04-29,NEDAP,2023-04-29T06:25:00Z,2023-04-29T06:33:54Z,534,301,2511,49500,1908,,66,FALSE,FALSE,FALSE,FALSE,FALSE,48928.5714285714,1,1,FALSE,FALSE,FALSE,FALSE,FALSE,FALSE,FALSE,FALSE,FALSE,33.8202247191011,FALSE
982091101529889,2023-04-29,NEDAP,2023-04-29T12:24:00Z,2023-04-29T12:37:37Z,817,524,2511,49500,1908,,66,FALSE,FALSE,FALSE,FALSE,FALSE,48928.5714285714,1,1,FALSE,FALSE,FALSE,FALSE,FALSE,FALSE,FALSE,FALSE,FALSE,38.4822521419829,FALSE
982091101529889,2023-04-29,NEDAP,2023-04-29T20:59:00Z,2023-04-29T21:23:06Z,1446,765,2511,48500,1908,,66,FALSE,FALSE,FALSE,FALSE,FALSE,48928.5714285714,1,1,FALSE,FALSE,FALSE,FALSE,FALSE,FALSE,FALSE,FALSE,FALSE,31.7427385892116,FALSE
982091101529889,2023-04-30,NEDAP,2023-04-30T01:19:00Z,2023-04-30T01:27:00Z,480,254,2233,49500,1908,,66,FALSE,FALSE,FALSE,FALSE,FALSE,49875,1,1,FALSE,FALSE,FALSE,FALSE,FALSE,FALSE,FALSE,FALSE,FALSE,31.75,FALSE
982091101529889,2023-04-30,NEDAP,2023-04-30T05:07:00Z,2023-04-30T05:29:17Z,1337,704,2233,49500,1908,,66,FALSE,FALSE,FALSE,FALSE,FALSE,49875,1,1,FALSE,FALSE,FALSE,FALSE,FALSE,FALSE,FALSE,FALSE,FALSE,31.5931189229619,FALSE
982091101529889,2023-04-30,NEDAP,2023-04-30T06:10:00Z,2023-04-30T06:10:21Z,21,1,2233,,1908,,66,FALSE,,FALSE,FALSE,,49875,1,,FALSE,FALSE,FALSE,FALSE,FALSE,FALSE,FALSE,FALSE,FALSE,2.85714285714286,FALSE
982091101529889,2023-04-30,NEDAP,2023-04-30T09:56:00Z,2023-04-30T10:15:14Z,1154,756,2233,50000,1908,,66,FALSE,FALSE,FALSE,FALSE,FALSE,49875,1,1,FALSE,FALSE,FALSE,FALSE,FALSE,FALSE,FALSE,FALSE,FALSE,39.3067590987868,FALSE
982091101529889,2023-04-30,NEDAP,2023-04-30T16:51:00Z,2023-04-30T17:03:44Z,764,518,2233,50500,1908,,66,FALSE,FALSE,FALSE,FALSE,FALSE,49875,1,1,FALSE,FALSE,FALSE,FALSE,FALSE,FALSE,FALSE,FALSE,FALSE,40.6806282722513,FALSE
982091101529889,2023-05-01,NEDAP,2023-05-01T00:09:00Z,2023-05-01T00:24:28Z,928,472,2091,51000,1908,,66,FALSE,FALSE,FALSE,FALSE,FALSE,50583.3333333333,1,1,FALSE,FALSE,FALSE,FALSE,FALSE,FALSE,FALSE,FALSE,FALSE,30.5172413793103,FALSE
982091101529889,2023-05-01,NEDAP,2023-05-01T02:53:00Z,2023-05-01T02:58:59Z,359,165,2091,50500,1908,,66,FALSE,FALSE,FALSE,FALSE,FALSE,50583.3333333333,1,1,FALSE,FALSE,FALSE,FALSE,FALSE,FALSE,FALSE,FALSE,FALSE,27.5766016713092,FALSE
982091101529889,2023-05-01,NEDAP,2023-05-01T04:43:00Z,2023-05-01T04:51:09Z,489,256,2091,50500,1908,,66,FALSE,FALSE,FALSE,FALSE,FALSE,50583.3333333333,1,1,FALSE,FALSE,FALSE,FALSE,FALSE,FALSE,FALSE,FALSE,FALSE,31.4110429447853,FALSE
982091101529889,2023-05-01,NEDAP,2023-05-01T04:55:00Z,2023-05-01T05:00:32Z,332,163,2091,50500,1908,,66,FALSE,FALSE,FALSE,FALSE,FALSE,50583.3333333333,1,1,FALSE,FALSE,FALSE,FALSE,FALSE,FALSE,FALSE,FALSE,FALSE,29.4578313253012,FALSE
982091101529889,2023-05-01,NEDAP,2023-05-01T07:26:00Z,2023-05-01T07:39:50Z,830,364,2091,51500,1908,,66,FALSE,FALSE,FALSE,FALSE,FALSE,50583.3333333333,1,1,FALSE,FALSE,FALSE,FALSE,FALSE,FALSE,FALSE,FALSE,FALSE,26.3132530120482,FALSE
982091101529889,2023-05-01,NEDAP,2023-05-01T22:15:00Z,2023-05-01T22:35:51Z,1251,671,2091,49500,1908,,66,FALSE,FALSE,FALSE,FALSE,FALSE,50583.3333333333,1,1,FALSE,FALSE,FALSE,FALSE,FALSE,FALSE,FALSE,FALSE,FALSE,32.1822541966427,FALSE
982091101529889,2023-05-02,NEDAP,2023-05-02T03:03:00Z,2023-05-02T03:11:53Z,533,342,1431,50000,1908,,66,FALSE,FALSE,FALSE,FALSE,FALSE,50375,1,1,FALSE,FALSE,FALSE,FALSE,FALSE,FALSE,FALSE,FALSE,FALSE,38.4990619136961,FALSE
982091101529889,2023-05-02,NEDAP,2023-05-02T03:14:00Z,2023-05-02T03:19:37Z,337,116,1431,50000,1908,,66,FALSE,FALSE,FALSE,FALSE,FALSE,50375,1,1,FALSE,FALSE,FALSE,FALSE,FALSE,FALSE,FALSE,FALSE,FALSE,20.6528189910979,FALSE
982091101529889,2023-05-02,NEDAP,2023-05-02T05:56:00Z,2023-05-02T06:03:10Z,430,173,1431,51000,1908,,66,FALSE,FALSE,FALSE,FALSE,FALSE,50375,1,1,FALSE,FALSE,FALSE,FALSE,FALSE,FALSE,FALSE,FALSE,FALSE,24.1395348837209,FALSE
982091101529889,2023-05-02,NEDAP,2023-05-02T09:40:00Z,2023-05-02T10:01:55Z,1315,800,1431,50500,1908,,66,FALSE,FALSE,FALSE,FALSE,FALSE,50375,1,1,FALSE,FALSE,FALSE,FALSE,FALSE,FALSE,FALSE,FALSE,FALSE,36.5019011406844,FALSE
982091101529889,2023-05-03,NEDAP,2023-05-03T00:49:00Z,2023-05-03T01:14:43Z,1543,767,2765,50500,1908,,66,FALSE,FALSE,FALSE,FALSE,FALSE,51857.1428571429,1,1,FALSE,FALSE,FALSE,FALSE,FALSE,FALSE,FALSE,FALSE,FALSE,29.8250162022035,FALSE
982091101529889,2023-05-03,NEDAP,2023-05-03T03:58:00Z,2023-05-03T04:05:51Z,471,241,2765,51500,1908,,66,FALSE,FALSE,FALSE,FALSE,FALSE,51857.1428571429,1,1,FALSE,FALSE,FALSE,FALSE,FALSE,FALSE,FALSE,FALSE,FALSE,30.7006369426752,FALSE
982091101529889,2023-05-03,NEDAP,2023-05-03T06:15:00Z,2023-05-03T06:23:07Z,487,118,2765,52000,1908,,66,FALSE,FALSE,FALSE,FALSE,FALSE,51857.1428571429,1,1,FALSE,FALSE,FALSE,FALSE,FALSE,FALSE,FALSE,FALSE,FALSE,14.5379876796715,FALSE
982091101529889,2023-05-03,NEDAP,2023-05-03T07:28:00Z,2023-05-03T07:35:35Z,455,181,2765,52000,1908,,66,FALSE,FALSE,FALSE,FALSE,FALSE,51857.1428571429,1,1,FALSE,FALSE,FALSE,FALSE,FALSE,FALSE,FALSE,FALSE,FALSE,23.8681318681319,FALSE
982091101529889,2023-05-03,NEDAP,2023-05-03T07:38:00Z,2023-05-03T07:45:15Z,435,219,2765,52000,1908,,66,FALSE,FALSE,FALSE,FALSE,FALSE,51857.1428571429,1,1,FALSE,FALSE,FALSE,FALSE,FALSE,FALSE,FALSE,FALSE,FALSE,30.2068965517241,FALSE
982091101529889,2023-05-03,NEDAP,2023-05-03T09:09:00Z,2023-05-03T09:09:16Z,16,1,2765,,1908,,66,FALSE,,FALSE,FALSE,,51857.1428571429,1,,FALSE,FALSE,FALSE,FALSE,FALSE,FALSE,FALSE,FALSE,FALSE,3.75,FALSE
982091101529889,2023-05-03,NEDAP,2023-05-03T10:44:00Z,2023-05-03T10:56:06Z,726,542,2765,52500,1908,,66,FALSE,FALSE,FALSE,FALSE,FALSE,51857.1428571429,1,1,FALSE,FALSE,FALSE,FALSE,FALSE,FALSE,FALSE,FALSE,FALSE,44.7933884297521,FALSE
982091101529889,2023-05-03,NEDAP,2023-05-03T20:36:00Z,2023-05-03T20:55:12Z,1152,696,2765,52500,1908,,66,FALSE,FALSE,FALSE,FALSE,FALSE,51857.1428571429,1,1,FALSE,FALSE,FALSE,FALSE,FALSE,FALSE,FALSE,FALSE,FALSE,36.25,FALSE
982091101529889,2023-05-04,NEDAP,2023-05-04T01:32:00Z,2023-05-04T01:38:25Z,385,166,1709,53000,1908,,66,FALSE,FALSE,FALSE,FALSE,FALSE,53000,1,1,FALSE,FALSE,FALSE,FALSE,FALSE,FALSE,FALSE,FALSE,FALSE,25.8701298701299,FALSE
982091101529889,2023-05-04,NEDAP,2023-05-04T05:10:00Z,2023-05-04T05:29:43Z,1183,532,1709,52500,1908,,66,FALSE,FALSE,FALSE,FALSE,FALSE,53000,1,1,FALSE,FALSE,FALSE,FALSE,FALSE,FALSE,FALSE,FALSE,FALSE,26.9822485207101,FALSE
982091101529889,2023-05-04,NEDAP,2023-05-04T08:25:00Z,2023-05-04T08:26:14Z,74,54,1709,53000,1908,,66,FALSE,FALSE,FALSE,FALSE,FALSE,53000,1,1,FALSE,FALSE,FALSE,FALSE,FALSE,FALSE,FALSE,FALSE,FALSE,43.7837837837838,FALSE
982091101529889,2023-05-04,NEDAP,2023-05-04T09:03:00Z,2023-05-04T09:10:06Z,426,191,1709,53000,1908,,66,FALSE,FALSE,FALSE,FALSE,FALSE,53000,1,1,FALSE,FALSE,FALSE,FALSE,FALSE,FALSE,FALSE,FALSE,FALSE,26.9014084507042,FALSE
982091101529889,2023-05-04,NEDAP,2023-05-04T11:15:00Z,2023-05-04T11:31:21Z,981,766,1709,53500,1908,,66,FALSE,FALSE,FALSE,FALSE,FALSE,53000,1,1,FALSE,FALSE,FALSE,FALSE,FALSE,FALSE,FALSE,FALSE,FALSE,46.8501529051988,FALSE
982091101529889,2023-05-05,NEDAP,2023-05-05T00:40:00Z,2023-05-05T01:00:18Z,1218,576,2349,52500,1908,,66,FALSE,FALSE,FALSE,FALSE,FALSE,53166.6666666667,1,1,FALSE,FALSE,FALSE,FALSE,FALSE,FALSE,FALSE,FALSE,FALSE,28.3743842364532,FALSE
982091101529889,2023-05-05,NEDAP,2023-05-05T04:55:00Z,2023-05-05T05:00:49Z,349,160,2349,53000,1908,,66,FALSE,FALSE,FALSE,FALSE,FALSE,53166.6666666667,1,1,FALSE,FALSE,FALSE,FALSE,FALSE,FALSE,FALSE,FALSE,FALSE,27.5071633237822,FALSE
982091101529889,2023-05-05,NEDAP,2023-05-05T05:02:00Z,2023-05-05T05:09:06Z,426,178,2349,53000,1908,,66,FALSE,FALSE,FALSE,FALSE,FALSE,53166.6666666667,1,1,FALSE,FALSE,FALSE,FALSE,FALSE,FALSE,FALSE,FALSE,FALSE,25.0704225352113,FALSE
982091101529889,2023-05-05,NEDAP,2023-05-05T06:31:00Z,2023-05-05T06:36:02Z,302,135,2349,53500,1908,,66,FALSE,FALSE,FALSE,FALSE,FALSE,53166.6666666667,1,1,FALSE,FALSE,FALSE,FALSE,FALSE,FALSE,FALSE,FALSE,FALSE,26.8211920529801,FALSE
982091101529889,2023-05-05,NEDAP,2023-05-05T11:11:00Z,2023-05-05T11:32:07Z,1267,921,2349,53000,1908,,66,FALSE,FALSE,FALSE,FALSE,FALSE,53166.6666666667,1,1,FALSE,FALSE,FALSE,FALSE,FALSE,FALSE,FALSE,FALSE,FALSE,43.6148382004736,FALSE
982091101529889,2023-05-05,NEDAP,2023-05-05T16:17:00Z,2023-05-05T16:25:06Z,486,379,2349,54000,1908,,66,FALSE,FALSE,FALSE,FALSE,FALSE,53166.6666666667,1,1,FALSE,FALSE,FALSE,FALSE,FALSE,FALSE,FALSE,FALSE,FALSE,46.7901234567901,FALSE
982091101529889,2023-05-06,NEDAP,2023-05-06T00:09:00Z,2023-05-06T00:24:57Z,957,550,2474,55000,1908,,66,FALSE,FALSE,FALSE,FALSE,FALSE,55111.1111111111,1,1,FALSE,FALSE,FALSE,FALSE,FALSE,FALSE,FALSE,FALSE,FALSE,34.4827586206897,FALSE
982091101529889,2023-05-06,NEDAP,2023-05-06T04:16:00Z,2023-05-06T04:24:56Z,536,347,2474,55000,1908,,66,FALSE,FALSE,FALSE,FALSE,FALSE,55111.1111111111,1,1,FALSE,FALSE,FALSE,FALSE,FALSE,FALSE,FALSE,FALSE,FALSE,38.8432835820896,FALSE
982091101529889,2023-05-06,NEDAP,2023-05-06T04:46:00Z,2023-05-06T04:48:43Z,163,27,2474,54500,1908,,66,FALSE,FALSE,FALSE,FALSE,FALSE,55111.1111111111,1,1,FALSE,FALSE,FALSE,FALSE,FALSE,FALSE,FALSE,FALSE,FALSE,9.93865030674847,FALSE
982091101529889,2023-05-06,NEDAP,2023-05-06T05:50:00Z,2023-05-06T05:56:57Z,417,215,2474,54500,1908,,66,FALSE,FALSE,FALSE,FALSE,FALSE,55111.1111111111,1,1,FALSE,FALSE,FALSE,FALSE,FALSE,FALSE,FALSE,FALSE,FALSE,30.9352517985612,FALSE
982091101529889,2023-05-06,NEDAP,2023-05-06T06:00:00Z,2023-05-06T06:00:30Z,30,1,2474,,1908,,66,FALSE,,FALSE,FALSE,,55111.1111111111,1,,FALSE,FALSE,FALSE,FALSE,FALSE,TRUE,FALSE,FALSE,FALSE,2,TRUE
982091101529889,2023-05-06,NEDAP,2023-05-06T07:46:00Z,2023-05-06T07:53:16Z,436,242,2474,55000,1908,,66,FALSE,FALSE,FALSE,FALSE,FALSE,55111.1111111111,1,1,FALSE,FALSE,FALSE,FALSE,FALSE,FALSE,FALSE,FALSE,FALSE,33.302752293578,FALSE
982091101529889,2023-05-06,NEDAP,2023-05-06T09:08:00Z,2023-05-06T09:12:48Z,288,8,2474,55500,1908,,66,FALSE,FALSE,FALSE,FALSE,FALSE,55111.1111111111,1,1,FALSE,FALSE,FALSE,FALSE,FALSE,TRUE,FALSE,FALSE,FALSE,1.66666666666667,TRUE
982091101529889,2023-05-06,NEDAP,2023-05-06T09:57:00Z,2023-05-06T10:06:06Z,546,368,2474,55500,1908,,66,FALSE,FALSE,FALSE,FALSE,FALSE,55111.1111111111,1,1,FALSE,FALSE,FALSE,FALSE,FALSE,FALSE,FALSE,FALSE,FALSE,40.4395604395604,FALSE
982091101529889,2023-05-06,NEDAP,2023-05-06T10:08:00Z,2023-05-06T10:10:25Z,145,5,2474,56000,1908,,66,FALSE,FALSE,FALSE,FALSE,FALSE,55111.1111111111,1,1,FALSE,FALSE,FALSE,FALSE,FALSE,FALSE,FALSE,FALSE,FALSE,2.06896551724138,FALSE
982091101529889,2023-05-06,NEDAP,2023-05-06T13:53:00Z,2023-05-06T14:08:26Z,926,711,2474,55000,1908,,66,FALSE,FALSE,FALSE,FALSE,FALSE,55111.1111111111,1,1,FALSE,FALSE,FALSE,FALSE,FALSE,FALSE,FALSE,FALSE,FALSE,46.0691144708423,FALSE
982091101529889,2023-05-07,NEDAP,2023-05-07T01:15:00Z,2023-05-07T01:30:19Z,919,433,2340,55000,1908,,66,FALSE,FALSE,FALSE,FALSE,FALSE,55500,1,1,FALSE,FALSE,FALSE,FALSE,FALSE,FALSE,FALSE,FALSE,FALSE,28.2698585418934,FALSE
982091101529889,2023-05-07,NEDAP,2023-05-07T03:48:00Z,2023-05-07T04:02:44Z,884,523,2340,55000,1908,,66,FALSE,FALSE,FALSE,FALSE,FALSE,55500,1,1,FALSE,FALSE,FALSE,FALSE,FALSE,FALSE,FALSE,FALSE,FALSE,35.4977375565611,FALSE
982091101529889,2023-05-07,NEDAP,2023-05-07T05:43:00Z,2023-05-07T05:47:27Z,267,48,2340,55500,1908,,66,FALSE,FALSE,FALSE,FALSE,FALSE,55500,1,1,FALSE,FALSE,FALSE,FALSE,FALSE,FALSE,FALSE,FALSE,FALSE,10.7865168539326,FALSE
982091101529889,2023-05-07,NEDAP,2023-05-07T08:05:00Z,2023-05-07T08:18:05Z,785,372,2340,55500,1908,,66,FALSE,FALSE,FALSE,FALSE,FALSE,55500,1,1,FALSE,FALSE,FALSE,FALSE,FALSE,FALSE,FALSE,FALSE,FALSE,28.4331210191083,FALSE
982091101529889,2023-05-07,NEDAP,2023-05-07T12:16:00Z,2023-05-07T12:37:49Z,1309,964,2340,56500,1908,,66,FALSE,FALSE,FALSE,FALSE,FALSE,55500,1,1,FALSE,FALSE,FALSE,FALSE,FALSE,FALSE,FALSE,FALSE,FALSE,44.1864018334607,FALSE
982091101529889,2023-05-08,NEDAP,2023-05-08T02:58:00Z,2023-05-08T03:18:59Z,1259,523,2537,57000,1908,,66,FALSE,FALSE,FALSE,FALSE,FALSE,57100,1,1,FALSE,FALSE,FALSE,FALSE,FALSE,FALSE,FALSE,FALSE,FALSE,24.9245432883241,FALSE
982091101529889,2023-05-08,NEDAP,2023-05-08T05:46:00Z,2023-05-08T06:03:43Z,1063,499,2537,56000,1908,,66,FALSE,FALSE,FALSE,FALSE,FALSE,57100,1,1,FALSE,FALSE,FALSE,FALSE,FALSE,FALSE,FALSE,FALSE,FALSE,28.1655691439323,FALSE
982091101529889,2023-05-08,NEDAP,2023-05-08T10:42:00Z,2023-05-08T10:58:58Z,1018,701,2537,57500,1908,,66,FALSE,FALSE,FALSE,FALSE,FALSE,57100,1,1,FALSE,FALSE,FALSE,FALSE,FALSE,FALSE,FALSE,FALSE,FALSE,41.3163064833006,FALSE
982091101529889,2023-05-08,NEDAP,2023-05-08T11:33:00Z,2023-05-08T11:33:26Z,26,1,2537,,1908,,66,FALSE,,FALSE,FALSE,,57100,1,,FALSE,FALSE,FALSE,FALSE,FALSE,FALSE,FALSE,FALSE,FALSE,2.30769230769231,FALSE
982091101529889,2023-05-08,NEDAP,2023-05-08T11:37:00Z,2023-05-08T11:37:46Z,46,1,2537,,1908,,66,FALSE,,FALSE,FALSE,,57100,1,,FALSE,FALSE,FALSE,FALSE,FALSE,TRUE,FALSE,FALSE,FALSE,1.30434782608696,TRUE
982091101529889,2023-05-08,NEDAP,2023-05-08T15:15:00Z,2023-05-08T15:18:45Z,225,85,2537,58000,1908,,66,FALSE,FALSE,FALSE,FALSE,FALSE,57100,1,1,FALSE,FALSE,FALSE,FALSE,FALSE,FALSE,FALSE,FALSE,FALSE,22.6666666666667,FALSE
982091101529889,2023-05-08,NEDAP,2023-05-08T17:54:00Z,2023-05-08T17:56:34Z,154,75,2537,73750,1908,,66,FALSE,TRUE,FALSE,FALSE,TRUE,57100,1,0.0942611261948953,FALSE,FALSE,FALSE,FALSE,FALSE,FALSE,FALSE,FALSE,FALSE,29.2207792207792,FALSE
982091101529889,2023-05-08,NEDAP,2023-05-08T21:06:00Z,2023-05-08T21:24:07Z,1087,652,2537,57000,1908,,66,FALSE,FALSE,FALSE,FALSE,FALSE,57100,1,1,FALSE,FALSE,FALSE,FALSE,FALSE,FALSE,FALSE,FALSE,FALSE,35.9889604415823,FALSE
982091101529889,2023-05-09,NEDAP,2023-05-09T00:37:00Z,2023-05-09T00:41:55Z,295,167,2230,57000,1908,,66,FALSE,FALSE,FALSE,FALSE,FALSE,57600,1,1,FALSE,FALSE,FALSE,FALSE,FALSE,FALSE,FALSE,FALSE,FALSE,33.9661016949153,FALSE
982091101529889,2023-05-09,NEDAP,2023-05-09T06:12:00Z,2023-05-09T06:32:05Z,1205,735,2230,57000,1908,,66,FALSE,FALSE,FALSE,FALSE,FALSE,57600,1,1,FALSE,FALSE,FALSE,FALSE,FALSE,FALSE,FALSE,FALSE,FALSE,36.597510373444,FALSE
982091101529889,2023-05-09,NEDAP,2023-05-09T06:53:00Z,2023-05-09T06:57:11Z,251,42,2230,57000,1908,,66,FALSE,FALSE,FALSE,FALSE,FALSE,57600,1,1,FALSE,FALSE,FALSE,FALSE,FALSE,FALSE,FALSE,FALSE,FALSE,10.0398406374502,FALSE
982091101529889,2023-05-09,NEDAP,2023-05-09T12:03:00Z,2023-05-09T12:21:23Z,1103,829,2230,58000,1908,,66,FALSE,FALSE,FALSE,FALSE,FALSE,57600,1,1,FALSE,FALSE,FALSE,FALSE,FALSE,FALSE,FALSE,FALSE,FALSE,45.0951949229374,FALSE
982091101529889,2023-05-09,NEDAP,2023-05-09T16:08:00Z,2023-05-09T16:22:11Z,851,457,2230,59000,1908,,66,FALSE,FALSE,FALSE,FALSE,FALSE,57600,1,1,FALSE,FALSE,FALSE,FALSE,FALSE,FALSE,FALSE,FALSE,FALSE,32.2209165687427,FALSE
982091101529889,2023-05-10,NEDAP,2023-05-10T03:04:00Z,2023-05-10T03:15:15Z,675,325,2750,59000,1908,,66,FALSE,FALSE,FALSE,FALSE,FALSE,59333.3333333333,1,1,FALSE,FALSE,FALSE,FALSE,FALSE,FALSE,FALSE,FALSE,FALSE,28.8888888888889,FALSE
982091101529889,2023-05-10,NEDAP,2023-05-10T04:41:00Z,2023-05-10T04:55:01Z,841,400,2750,58000,1908,,66,FALSE,FALSE,FALSE,FALSE,FALSE,59333.3333333333,1,1,FALSE,FALSE,FALSE,FALSE,FALSE,FALSE,FALSE,FALSE,FALSE,28.5374554102259,FALSE
982091101529889,2023-05-10,NEDAP,2023-05-10T08:07:00Z,2023-05-10T08:18:26Z,686,344,2750,58500,1908,,66,FALSE,FALSE,FALSE,FALSE,FALSE,59333.3333333333,1,1,FALSE,FALSE,FALSE,FALSE,FALSE,FALSE,FALSE,FALSE,FALSE,30.0874635568513,FALSE
982091101529889,2023-05-10,NEDAP,2023-05-10T08:50:00Z,2023-05-10T08:52:07Z,127,101,2750,59000,1908,,66,FALSE,FALSE,FALSE,FALSE,FALSE,59333.3333333333,1,1,FALSE,FALSE,FALSE,FALSE,FALSE,FALSE,FALSE,FALSE,FALSE,47.7165354330709,FALSE
982091101529889,2023-05-10,NEDAP,2023-05-10T10:38:00Z,2023-05-10T10:49:56Z,716,398,2750,59500,1908,,66,FALSE,FALSE,FALSE,FALSE,FALSE,59333.3333333333,1,1,FALSE,FALSE,FALSE,FALSE,FALSE,FALSE,FALSE,FALSE,FALSE,33.3519553072626,FALSE
982091101529889,2023-05-10,NEDAP,2023-05-10T12:34:00Z,2023-05-10T12:43:28Z,568,402,2750,60000,1908,,66,FALSE,FALSE,FALSE,FALSE,FALSE,59333.3333333333,1,1,FALSE,FALSE,FALSE,FALSE,FALSE,FALSE,FALSE,FALSE,FALSE,42.4647887323944,FALSE
982091101529889,2023-05-10,NEDAP,2023-05-10T13:51:00Z,2023-05-10T13:54:30Z,210,52,2750,59500,1908,,66,FALSE,FALSE,FALSE,FALSE,FALSE,59333.3333333333,1,1,FALSE,FALSE,FALSE,FALSE,FALSE,FALSE,FALSE,FALSE,FALSE,14.8571428571429,FALSE
982091101529889,2023-05-10,NEDAP,2023-05-10T16:25:00Z,2023-05-10T16:35:19Z,619,329,2750,60500,1908,,66,FALSE,FALSE,FALSE,FALSE,FALSE,59333.3333333333,1,1,FALSE,FALSE,FALSE,FALSE,FALSE,FALSE,FALSE,FALSE,FALSE,31.8901453957997,FALSE
982091101529889,2023-05-10,NEDAP,2023-05-10T18:32:00Z,2023-05-10T18:41:13Z,553,399,2750,60000,1908,,66,FALSE,FALSE,FALSE,FALSE,FALSE,59333.3333333333,1,1,FALSE,FALSE,FALSE,FALSE,FALSE,FALSE,FALSE,FALSE,FALSE,43.2911392405063,FALSE
982091101529889,2023-05-11,NEDAP,2023-05-11T02:53:00Z,2023-05-11T03:06:25Z,805,493,2566,61000,1908,,66,FALSE,FALSE,FALSE,FALSE,FALSE,60869.8739687498,1,0.928900928675384,FALSE,FALSE,FALSE,FALSE,FALSE,FALSE,FALSE,FALSE,FALSE,36.7453416149068,FALSE
982091101529889,2023-05-11,NEDAP,2023-05-11T05:21:00Z,2023-05-11T05:27:58Z,418,243,2566,61000,1908,,66,FALSE,FALSE,FALSE,FALSE,FALSE,60869.8739687498,1,1,FALSE,FALSE,FALSE,FALSE,FALSE,FALSE,FALSE,FALSE,FALSE,34.8803827751196,FALSE
982091101529889,2023-05-11,NEDAP,2023-05-11T09:16:00Z,2023-05-11T09:30:39Z,879,526,2566,60500,1908,,66,FALSE,FALSE,FALSE,FALSE,FALSE,60869.8739687498,1,1,FALSE,FALSE,FALSE,FALSE,FALSE,FALSE,FALSE,FALSE,FALSE,35.9044368600683,FALSE
982091101529889,2023-05-11,NEDAP,2023-05-11T12:03:00Z,2023-05-11T12:10:18Z,438,261,2566,60500,1908,,66,FALSE,FALSE,FALSE,FALSE,FALSE,60869.8739687498,1,1,FALSE,FALSE,FALSE,FALSE,FALSE,FALSE,FALSE,FALSE,FALSE,35.7534246575342,FALSE
982091101529889,2023-05-11,NEDAP,2023-05-11T12:20:00Z,2023-05-11T12:22:19Z,139,96,2566,61500,1908,,66,FALSE,FALSE,FALSE,FALSE,FALSE,60869.8739687498,1,0.949603081844823,FALSE,FALSE,FALSE,FALSE,FALSE,FALSE,FALSE,FALSE,FALSE,41.4388489208633,FALSE
982091101529889,2023-05-11,NEDAP,2023-05-11T14:16:00Z,2023-05-11T14:22:55Z,415,169,2566,61000,1908,,66,FALSE,FALSE,FALSE,FALSE,FALSE,60869.8739687498,1,1,FALSE,FALSE,FALSE,FALSE,FALSE,FALSE,FALSE,FALSE,FALSE,24.433734939759,FALSE
982091101529889,2023-05-11,NEDAP,2023-05-11T16:32:00Z,2023-05-11T16:47:15Z,915,554,2566,60500,1908,,66,FALSE,FALSE,FALSE,FALSE,FALSE,60869.8739687498,1,1,FALSE,FALSE,FALSE,FALSE,FALSE,FALSE,FALSE,FALSE,FALSE,36.327868852459,FALSE
982091101529889,2023-05-11,NEDAP,2023-05-11T18:35:00Z,2023-05-11T18:40:48Z,348,224,2566,61000,1908,,66,FALSE,FALSE,FALSE,FALSE,FALSE,60869.8739687498,1,1,FALSE,FALSE,FALSE,FALSE,FALSE,FALSE,FALSE,FALSE,FALSE,38.6206896551724,FALSE
982091101529889,2023-05-12,NEDAP,2023-05-12T04:33:00Z,2023-05-12T04:48:59Z,959,528,2620,61500,1908,,66,FALSE,FALSE,FALSE,FALSE,FALSE,61989.2299528549,1,1,FALSE,FALSE,FALSE,FALSE,FALSE,FALSE,FALSE,FALSE,FALSE,33.0344108446298,FALSE
982091101529889,2023-05-12,NEDAP,2023-05-12T07:26:00Z,2023-05-12T07:37:23Z,683,360,2620,61500,1908,,66,FALSE,FALSE,FALSE,FALSE,FALSE,61989.2299528549,1,1,FALSE,FALSE,FALSE,FALSE,FALSE,FALSE,FALSE,FALSE,FALSE,31.6251830161054,FALSE
982091101529889,2023-05-12,NEDAP,2023-05-12T11:21:00Z,2023-05-12T11:28:49Z,469,382,2620,61500,1908,,66,FALSE,FALSE,FALSE,FALSE,FALSE,61989.2299528549,1,1,FALSE,FALSE,FALSE,FALSE,FALSE,FALSE,FALSE,FALSE,FALSE,48.8699360341152,FALSE
982091101529889,2023-05-12,NEDAP,2023-05-12T11:53:00Z,2023-05-12T12:03:14Z,614,387,2620,61500,1908,,66,FALSE,FALSE,FALSE,FALSE,FALSE,61989.2299528549,1,1,FALSE,FALSE,FALSE,FALSE,FALSE,FALSE,FALSE,FALSE,FALSE,37.8175895765472,FALSE
982091101529889,2023-05-12,NEDAP,2023-05-12T14:34:00Z,2023-05-12T14:43:06Z,546,340,2620,62500,1908,,66,FALSE,FALSE,FALSE,FALSE,FALSE,61989.2299528549,1,0.990214719472002,FALSE,FALSE,FALSE,FALSE,FALSE,FALSE,FALSE,FALSE,FALSE,37.3626373626374,FALSE
982091101529889,2023-05-12,NEDAP,2023-05-12T15:14:00Z,2023-05-12T15:14:36Z,36,2,2620,,1908,,66,FALSE,,FALSE,FALSE,,61989.2299528549,1,,FALSE,FALSE,FALSE,FALSE,FALSE,FALSE,FALSE,FALSE,FALSE,3.33333333333333,FALSE
982091101529889,2023-05-12,NEDAP,2023-05-12T15:23:00Z,2023-05-12T15:23:09Z,9,1,2620,,1908,,66,FALSE,,FALSE,FALSE,,61989.2299528549,1,,FALSE,FALSE,FALSE,FALSE,FALSE,FALSE,FALSE,FALSE,FALSE,6.66666666666667,FALSE
982091101529889,2023-05-12,NEDAP,2023-05-12T17:01:00Z,2023-05-12T17:07:47Z,407,142,2620,63000,1908,,66,FALSE,FALSE,FALSE,FALSE,FALSE,61989.2299528549,1,0.930357748512402,FALSE,FALSE,FALSE,FALSE,FALSE,FALSE,FALSE,FALSE,FALSE,20.9336609336609,FALSE
982091101529889,2023-05-12,NEDAP,2023-05-12T21:07:00Z,2023-05-12T21:20:34Z,814,478,2620,62500,1908,,66,FALSE,FALSE,FALSE,FALSE,FALSE,61989.2299528549,1,1,FALSE,FALSE,FALSE,FALSE,FALSE,FALSE,FALSE,FALSE,FALSE,35.2334152334152,FALSE
982091101529889,2023-05-13,NEDAP,2023-05-13T02:41:00Z,2023-05-13T02:51:53Z,653,329,3404,61500,1908,,66,FALSE,FALSE,FALSE,FALSE,FALSE,62269.2307692308,1,1,FALSE,FALSE,FALSE,FALSE,FALSE,FALSE,FALSE,FALSE,FALSE,30.2297090352221,FALSE
982091101529889,2023-05-13,NEDAP,2023-05-13T06:12:00Z,2023-05-13T06:14:57Z,177,45,3404,62500,1908,,66,FALSE,FALSE,FALSE,FALSE,FALSE,62269.2307692308,1,1,FALSE,FALSE,FALSE,FALSE,FALSE,FALSE,FALSE,FALSE,FALSE,15.2542372881356,FALSE
982091101529889,2023-05-13,NEDAP,2023-05-13T06:40:00Z,2023-05-13T06:44:32Z,272,44,3404,61000,1908,,66,FALSE,FALSE,FALSE,FALSE,FALSE,62269.2307692308,1,1,FALSE,FALSE,FALSE,FALSE,FALSE,FALSE,FALSE,FALSE,FALSE,9.70588235294118,FALSE
982091101529889,2023-05-13,NEDAP,2023-05-13T07:40:00Z,2023-05-13T07:43:29Z,209,73,3404,61500,1908,,66,FALSE,FALSE,FALSE,FALSE,FALSE,62269.2307692308,1,1,FALSE,FALSE,FALSE,FALSE,FALSE,FALSE,FALSE,FALSE,FALSE,20.9569377990431,FALSE
982091101529889,2023-05-13,NEDAP,2023-05-13T07:45:00Z,2023-05-13T07:46:50Z,110,20,3404,61500,1908,,66,FALSE,FALSE,FALSE,FALSE,FALSE,62269.2307692308,1,1,FALSE,FALSE,FALSE,FALSE,FALSE,FALSE,FALSE,FALSE,FALSE,10.9090909090909,FALSE
982091101529889,2023-05-13,NEDAP,2023-05-13T08:09:00Z,2023-05-13T08:12:28Z,208,20,3404,61500,1908,,66,FALSE,FALSE,FALSE,FALSE,FALSE,62269.2307692308,1,1,FALSE,FALSE,FALSE,FALSE,FALSE,FALSE,FALSE,FALSE,FALSE,5.76923076923077,FALSE
982091101529889,2023-05-13,NEDAP,2023-05-13T08:15:00Z,2023-05-13T08:24:02Z,542,366,3404,62000,1908,,66,FALSE,FALSE,FALSE,FALSE,FALSE,62269.2307692308,1,1,FALSE,FALSE,FALSE,FALSE,FALSE,FALSE,FALSE,FALSE,FALSE,40.5166051660517,FALSE
982091101529889,2023-05-13,NEDAP,2023-05-13T12:00:00Z,2023-05-13T12:19:31Z,1171,944,3404,62000,1908,,66,FALSE,FALSE,FALSE,FALSE,FALSE,62269.2307692308,1,1,FALSE,FALSE,FALSE,FALSE,FALSE,FALSE,FALSE,FALSE,FALSE,48.3689154568745,FALSE
982091101529889,2023-05-13,NEDAP,2023-05-13T15:06:00Z,2023-05-13T15:12:09Z,369,112,3404,62000,1908,,66,FALSE,FALSE,FALSE,FALSE,FALSE,62269.2307692308,1,1,FALSE,FALSE,FALSE,FALSE,FALSE,FALSE,FALSE,FALSE,FALSE,18.2113821138211,FALSE
982091101529889,2023-05-13,NEDAP,2023-05-13T16:04:00Z,2023-05-13T16:05:26Z,86,8,3404,63000,1908,,66,FALSE,FALSE,FALSE,FALSE,FALSE,62269.2307692308,1,1,FALSE,FALSE,FALSE,FALSE,FALSE,FALSE,FALSE,FALSE,FALSE,5.58139534883721,FALSE
982091101529889,2023-05-13,NEDAP,2023-05-13T16:23:00Z,2023-05-13T16:32:00Z,540,349,3404,63500,1908,,66,FALSE,FALSE,FALSE,FALSE,FALSE,62269.2307692308,1,1,FALSE,FALSE,FALSE,FALSE,FALSE,FALSE,FALSE,FALSE,FALSE,38.7777777777778,FALSE
982091101529889,2023-05-13,NEDAP,2023-05-13T19:39:00Z,2023-05-13T19:48:07Z,547,288,3404,63500,1908,,66,FALSE,FALSE,FALSE,FALSE,FALSE,62269.2307692308,1,1,FALSE,FALSE,FALSE,FALSE,FALSE,FALSE,FALSE,FALSE,FALSE,31.5904936014625,FALSE
982091101529889,2023-05-13,NEDAP,2023-05-13T23:09:00Z,2023-05-13T23:24:59Z,959,806,3404,64000,1908,,66,FALSE,FALSE,FALSE,FALSE,FALSE,62269.2307692308,1,1,FALSE,FALSE,FALSE,FALSE,FALSE,FALSE,FALSE,FALSE,FALSE,50.4275286757039,FALSE
982091101529889,2023-05-14,NEDAP,2023-05-14T07:53:00Z,2023-05-14T08:02:03Z,543,332,1960,63500,1908,,66,FALSE,FALSE,FALSE,FALSE,FALSE,63357.1428571429,1,1,FALSE,FALSE,FALSE,FALSE,FALSE,FALSE,FALSE,FALSE,FALSE,36.6850828729282,FALSE
982091101529889,2023-05-14,NEDAP,2023-05-14T08:59:00Z,2023-05-14T09:07:07Z,487,343,1960,63000,1908,,66,FALSE,FALSE,FALSE,FALSE,FALSE,63357.1428571429,1,1,FALSE,FALSE,FALSE,FALSE,FALSE,FALSE,FALSE,FALSE,FALSE,42.258726899384,FALSE
982091101529889,2023-05-14,NEDAP,2023-05-14T14:03:00Z,2023-05-14T14:15:09Z,729,479,1960,63000,1908,,66,FALSE,FALSE,FALSE,FALSE,FALSE,63357.1428571429,1,1,FALSE,FALSE,FALSE,FALSE,FALSE,FALSE,FALSE,FALSE,FALSE,39.4238683127572,FALSE
982091101529889,2023-05-14,NEDAP,2023-05-14T14:32:00Z,2023-05-14T14:36:18Z,258,152,1960,63000,1908,,66,FALSE,FALSE,FALSE,FALSE,FALSE,63357.1428571429,1,1,FALSE,FALSE,FALSE,FALSE,FALSE,FALSE,FALSE,FALSE,FALSE,35.3488372093023,FALSE
982091101529889,2023-05-14,NEDAP,2023-05-14T16:04:00Z,2023-05-14T16:07:06Z,186,136,1960,63000,1908,,66,FALSE,FALSE,FALSE,FALSE,FALSE,63357.1428571429,1,1,FALSE,FALSE,FALSE,FALSE,FALSE,FALSE,FALSE,FALSE,FALSE,43.8709677419355,FALSE
982091101529889,2023-05-14,NEDAP,2023-05-14T16:42:00Z,2023-05-14T16:54:55Z,775,338,1960,64000,1908,,66,FALSE,FALSE,FALSE,FALSE,FALSE,63357.1428571429,1,1,FALSE,FALSE,FALSE,FALSE,FALSE,FALSE,FALSE,FALSE,FALSE,26.1677419354839,FALSE
982091101529889,2023-05-14,NEDAP,2023-05-14T21:11:00Z,2023-05-14T21:11:32Z,32,12,1960,,1908,,66,FALSE,,FALSE,FALSE,,63357.1428571429,1,,FALSE,FALSE,FALSE,FALSE,FALSE,FALSE,FALSE,FALSE,FALSE,22.5,FALSE
982091101529889,2023-05-14,NEDAP,2023-05-14T23:21:00Z,2023-05-14T23:28:39Z,459,168,1960,64000,1908,,66,FALSE,FALSE,FALSE,FALSE,FALSE,63357.1428571429,1,1,FALSE,FALSE,FALSE,FALSE,FALSE,FALSE,FALSE,FALSE,FALSE,21.9607843137255,FALSE
982091101529889,2023-05-15,NEDAP,2023-05-15T05:29:00Z,2023-05-15T05:46:18Z,1038,494,3080,62000,1908,,66,FALSE,FALSE,FALSE,FALSE,FALSE,63673.8724189052,0.807937473993322,0.67007246290866,FALSE,FALSE,FALSE,FALSE,FALSE,FALSE,FALSE,FALSE,FALSE,28.5549132947977,FALSE
982091101529889,2023-05-15,NEDAP,2023-05-15T07:28:00Z,2023-05-15T07:35:52Z,472,313,3080,63000,1908,,66,FALSE,FALSE,FALSE,FALSE,FALSE,63673.8724189052,0.807937473993322,1,FALSE,FALSE,FALSE,FALSE,FALSE,FALSE,FALSE,FALSE,FALSE,39.7881355932203,FALSE
982091101529889,2023-05-15,NEDAP,2023-05-15T09:28:00Z,2023-05-15T09:36:42Z,522,325,3080,63000,1908,,66,FALSE,FALSE,FALSE,FALSE,FALSE,63673.8724189052,0.807937473993322,0.981309272765899,FALSE,FALSE,FALSE,FALSE,FALSE,FALSE,FALSE,FALSE,FALSE,37.3563218390805,FALSE
982091101529889,2023-05-15,NEDAP,2023-05-15T13:30:00Z,2023-05-15T13:44:17Z,857,444,3080,63500,1908,,66,FALSE,FALSE,FALSE,FALSE,FALSE,63673.8724189052,0.807937473993322,1,FALSE,FALSE,FALSE,FALSE,FALSE,FALSE,FALSE,FALSE,FALSE,31.0851808634773,FALSE
982091101529889,2023-05-15,NEDAP,2023-05-15T16:08:00Z,2023-05-15T16:08:35Z,35,4,3080,,1908,,66,FALSE,,FALSE,FALSE,,63673.8724189052,0.807937473993322,,FALSE,FALSE,FALSE,FALSE,FALSE,FALSE,FALSE,FALSE,FALSE,6.85714285714286,FALSE
982091101529889,2023-05-15,NEDAP,2023-05-15T17:00:00Z,2023-05-15T17:05:10Z,310,120,3080,63500,1908,,66,FALSE,FALSE,FALSE,FALSE,FALSE,63673.8724189052,0.807937473993322,1,FALSE,FALSE,FALSE,FALSE,FALSE,FALSE,FALSE,FALSE,FALSE,23.2258064516129,FALSE
982091101529889,2023-05-15,NEDAP,2023-05-15T17:06:00Z,2023-05-15T17:13:15Z,435,348,3080,64000,1908,,66,FALSE,FALSE,FALSE,FALSE,FALSE,63673.8724189052,0.807937473993322,1,FALSE,FALSE,FALSE,FALSE,FALSE,FALSE,FALSE,FALSE,FALSE,48,FALSE
982091101529889,2023-05-15,NEDAP,2023-05-15T20:09:00Z,2023-05-15T20:18:09Z,549,305,3080,64000,1908,,66,FALSE,FALSE,FALSE,FALSE,FALSE,63673.8724189052,0.807937473993322,1,FALSE,FALSE,FALSE,FALSE,FALSE,FALSE,FALSE,FALSE,FALSE,33.3333333333333,FALSE
982091101529889,2023-05-15,NEDAP,2023-05-15T20:20:00Z,2023-05-15T20:26:03Z,363,280,3080,64500,1908,,66,FALSE,FALSE,FALSE,FALSE,FALSE,63673.8724189052,0.807937473993322,1,FALSE,FALSE,FALSE,FALSE,FALSE,FALSE,FALSE,FALSE,FALSE,46.2809917355372,FALSE
982091101529889,2023-05-15,NEDAP,2023-05-15T22:54:00Z,2023-05-15T23:04:09Z,609,447,3080,65000,1908,,66,FALSE,FALSE,FALSE,FALSE,FALSE,63673.8724189052,0.807937473993322,1,FALSE,FALSE,FALSE,FALSE,FALSE,FALSE,FALSE,FALSE,FALSE,44.0394088669951,FALSE
982091101529889,2023-05-16,NEDAP,2023-05-16T08:11:00Z,2023-05-16T08:31:30Z,1230,845,2766,65000,1908,,66,FALSE,FALSE,FALSE,FALSE,FALSE,66150,1,1,FALSE,FALSE,FALSE,FALSE,FALSE,FALSE,FALSE,FALSE,FALSE,41.219512195122,FALSE
982091101529889,2023-05-16,NEDAP,2023-05-16T09:20:00Z,2023-05-16T09:21:52Z,112,53,2766,65500,1908,,66,FALSE,FALSE,FALSE,FALSE,FALSE,66150,1,1,FALSE,FALSE,FALSE,FALSE,FALSE,FALSE,FALSE,FALSE,FALSE,28.3928571428571,FALSE
982091101529889,2023-05-16,NEDAP,2023-05-16T12:49:00Z,2023-05-16T12:53:55Z,295,147,2766,65500,1908,,66,FALSE,FALSE,FALSE,FALSE,FALSE,66150,1,1,FALSE,FALSE,FALSE,FALSE,FALSE,FALSE,FALSE,FALSE,FALSE,29.8983050847458,FALSE
982091101529889,2023-05-16,NEDAP,2023-05-16T13:21:00Z,2023-05-16T13:25:49Z,289,198,2766,66000,1908,,66,FALSE,FALSE,FALSE,FALSE,FALSE,66150,1,1,FALSE,FALSE,FALSE,FALSE,FALSE,FALSE,FALSE,FALSE,FALSE,41.1072664359862,FALSE
982091101529889,2023-05-16,NEDAP,2023-05-16T15:31:00Z,2023-05-16T15:36:17Z,317,254,2766,65500,1908,,66,FALSE,FALSE,FALSE,FALSE,FALSE,66150,1,1,FALSE,FALSE,FALSE,FALSE,FALSE,FALSE,FALSE,FALSE,FALSE,48.0757097791798,FALSE
982091101529889,2023-05-16,NEDAP,2023-05-16T16:50:00Z,2023-05-16T16:51:30Z,90,68,2766,66500,1908,,66,FALSE,FALSE,FALSE,FALSE,FALSE,66150,1,1,FALSE,FALSE,FALSE,FALSE,FALSE,FALSE,FALSE,FALSE,FALSE,45.3333333333333,FALSE
982091101529889,2023-05-16,NEDAP,2023-05-16T17:04:00Z,2023-05-16T17:10:41Z,401,202,2766,67000,1908,,66,FALSE,FALSE,FALSE,FALSE,FALSE,66150,1,1,FALSE,FALSE,FALSE,FALSE,FALSE,FALSE,FALSE,FALSE,FALSE,30.2244389027431,FALSE
982091101529889,2023-05-16,NEDAP,2023-05-16T19:14:00Z,2023-05-16T19:19:25Z,325,189,2766,66500,1908,,66,FALSE,FALSE,FALSE,FALSE,FALSE,66150,1,1,FALSE,FALSE,FALSE,FALSE,FALSE,FALSE,FALSE,FALSE,FALSE,34.8923076923077,FALSE
982091101529889,2023-05-16,NEDAP,2023-05-16T20:49:00Z,2023-05-16T21:00:44Z,704,511,2766,67000,1908,,66,FALSE,FALSE,FALSE,FALSE,FALSE,66150,1,1,FALSE,FALSE,FALSE,FALSE,FALSE,FALSE,FALSE,FALSE,FALSE,43.5511363636364,FALSE
982091101529889,2023-05-16,NEDAP,2023-05-16T23:50:00Z,2023-05-16T23:58:23Z,503,299,2766,67000,1908,,66,FALSE,FALSE,FALSE,FALSE,FALSE,66150,1,1,FALSE,FALSE,FALSE,FALSE,FALSE,FALSE,FALSE,FALSE,FALSE,35.6660039761431,FALSE
982091101529889,2023-05-17,NEDAP,2023-05-17T07:47:00Z,2023-05-17T08:05:20Z,1100,840,2947,66500,1908,,66,FALSE,FALSE,FALSE,FALSE,FALSE,67516.9194949645,1,1,FALSE,FALSE,FALSE,FALSE,FALSE,FALSE,FALSE,FALSE,FALSE,45.8181818181818,FALSE
982091101529889,2023-05-17,NEDAP,2023-05-17T12:09:00Z,2023-05-17T12:19:38Z,638,444,2947,67500,1908,,66,FALSE,FALSE,FALSE,FALSE,FALSE,67516.9194949645,1,1,FALSE,FALSE,FALSE,FALSE,FALSE,FALSE,FALSE,FALSE,FALSE,41.7554858934169,FALSE
982091101529889,2023-05-17,NEDAP,2023-05-17T13:25:00Z,2023-05-17T13:30:14Z,314,115,2947,67000,1908,,66,FALSE,FALSE,FALSE,FALSE,FALSE,67516.9194949645,1,1,FALSE,FALSE,FALSE,FALSE,FALSE,FALSE,FALSE,FALSE,FALSE,21.9745222929936,FALSE
982091101529889,2023-05-17,NEDAP,2023-05-17T17:48:00Z,2023-05-17T17:57:31Z,571,325,2947,67000,1908,,66,FALSE,FALSE,FALSE,FALSE,FALSE,67516.9194949645,1,1,FALSE,FALSE,FALSE,FALSE,FALSE,FALSE,FALSE,FALSE,FALSE,34.1506129597198,FALSE
982091101529889,2023-05-17,NEDAP,2023-05-17T18:57:00Z,2023-05-17T19:12:41Z,941,828,2947,68000,1908,,66,FALSE,FALSE,FALSE,FALSE,FALSE,67516.9194949645,1,1,FALSE,FALSE,FALSE,FALSE,FALSE,FALSE,FALSE,FALSE,FALSE,52.7948990435707,FALSE
982091101529889,2023-05-17,NEDAP,2023-05-17T23:23:00Z,2023-05-17T23:30:31Z,451,395,2947,69500,1908,,66,FALSE,FALSE,FALSE,FALSE,FALSE,67516.9194949645,1,0.799058571146712,FALSE,FALSE,FALSE,FALSE,FALSE,FALSE,FALSE,FALSE,FALSE,52.549889135255,FALSE
982091101529889,2023-05-18,NEDAP,2023-05-18T08:26:00Z,2023-05-18T08:42:45Z,1005,624,2270,67500,1908,,66,FALSE,FALSE,FALSE,FALSE,FALSE,68272.7272727273,1,1,FALSE,FALSE,FALSE,FALSE,FALSE,FALSE,FALSE,FALSE,FALSE,37.2537313432836,FALSE
982091101529889,2023-05-18,NEDAP,2023-05-18T09:54:00Z,2023-05-18T09:58:20Z,260,205,2270,67000,1908,,66,FALSE,FALSE,FALSE,FALSE,FALSE,68272.7272727273,1,1,FALSE,FALSE,FALSE,FALSE,FALSE,FALSE,FALSE,FALSE,FALSE,47.3076923076923,FALSE
982091101529889,2023-05-18,NEDAP,2023-05-18T13:03:00Z,2023-05-18T13:03:21Z,21,1,2270,,1908,,66,FALSE,,FALSE,FALSE,,68272.7272727273,1,,FALSE,FALSE,FALSE,FALSE,FALSE,FALSE,FALSE,FALSE,FALSE,2.85714285714286,FALSE
982091101529889,2023-05-18,NEDAP,2023-05-18T13:27:00Z,2023-05-18T13:31:44Z,284,81,2270,68000,1908,,66,FALSE,FALSE,FALSE,FALSE,FALSE,68272.7272727273,1,1,FALSE,FALSE,FALSE,FALSE,FALSE,FALSE,FALSE,FALSE,FALSE,17.112676056338,FALSE
982091101529889,2023-05-18,NEDAP,2023-05-18T14:18:00Z,2023-05-18T14:26:45Z,525,302,2270,68500,1908,,66,FALSE,FALSE,FALSE,FALSE,FALSE,68272.7272727273,1,1,FALSE,FALSE,FALSE,FALSE,FALSE,FALSE,FALSE,FALSE,FALSE,34.5142857142857,FALSE
982091101529889,2023-05-18,NEDAP,2023-05-18T15:29:00Z,2023-05-18T15:31:43Z,163,114,2270,69000,1908,,66,FALSE,FALSE,FALSE,FALSE,FALSE,68272.7272727273,1,1,FALSE,FALSE,FALSE,FALSE,FALSE,FALSE,FALSE,FALSE,FALSE,41.9631901840491,FALSE
982091101529889,2023-05-18,NEDAP,2023-05-18T15:33:00Z,2023-05-18T15:34:37Z,97,76,2270,69000,1908,,66,FALSE,FALSE,FALSE,FALSE,FALSE,68272.7272727273,1,1,FALSE,FALSE,FALSE,FALSE,FALSE,FALSE,FALSE,FALSE,FALSE,47.0103092783505,FALSE
982091101529889,2023-05-18,NEDAP,2023-05-18T16:14:00Z,2023-05-18T16:15:04Z,64,38,2270,68500,1908,,66,FALSE,FALSE,FALSE,FALSE,FALSE,68272.7272727273,1,1,FALSE,FALSE,FALSE,FALSE,FALSE,FALSE,FALSE,FALSE,FALSE,35.625,FALSE
982091101529889,2023-05-18,NEDAP,2023-05-18T17:18:00Z,2023-05-18T17:21:37Z,217,86,2270,68500,1908,,66,FALSE,FALSE,FALSE,FALSE,FALSE,68272.7272727273,1,1,FALSE,FALSE,FALSE,FALSE,FALSE,FALSE,FALSE,FALSE,FALSE,23.778801843318,FALSE
982091101529889,2023-05-18,NEDAP,2023-05-18T21:14:00Z,2023-05-18T21:20:03Z,363,231,2270,68500,1908,,66,FALSE,FALSE,FALSE,FALSE,FALSE,68272.7272727273,1,1,FALSE,FALSE,FALSE,FALSE,FALSE,FALSE,FALSE,FALSE,FALSE,38.1818181818182,FALSE
982091101529889,2023-05-18,NEDAP,2023-05-18T23:45:00Z,2023-05-18T23:50:29Z,329,224,2270,68500,1908,,66,FALSE,FALSE,FALSE,FALSE,FALSE,68272.7272727273,1,1,FALSE,FALSE,FALSE,FALSE,FALSE,FALSE,FALSE,FALSE,FALSE,40.8510638297872,FALSE
982091101529889,2023-05-18,NEDAP,2023-05-18T23:53:00Z,2023-05-19T00:00:13Z,433,288,2270,68000,1908,,66,FALSE,FALSE,FALSE,FALSE,FALSE,68272.7272727273,1,1,FALSE,FALSE,FALSE,FALSE,FALSE,FALSE,FALSE,FALSE,FALSE,39.9076212471132,FALSE
982091101529889,2023-05-19,NEDAP,2023-05-19T08:45:00Z,2023-05-19T09:07:01Z,1321,890,2729,67500,1908,,66,FALSE,FALSE,FALSE,FALSE,FALSE,69158.9385019262,1,0.932143648873659,FALSE,FALSE,FALSE,FALSE,FALSE,FALSE,FALSE,FALSE,FALSE,40.4239212717638,FALSE
982091101529889,2023-05-19,NEDAP,2023-05-19T12:09:00Z,2023-05-19T12:15:11Z,371,161,2729,69000,1908,,66,FALSE,FALSE,FALSE,FALSE,FALSE,69158.9385019262,1,1,FALSE,FALSE,FALSE,FALSE,FALSE,FALSE,FALSE,FALSE,FALSE,26.0377358490566,FALSE
982091101529889,2023-05-19,NEDAP,2023-05-19T13:00:00Z,2023-05-19T13:04:20Z,260,201,2729,69500,1908,,66,FALSE,FALSE,FALSE,FALSE,FALSE,69158.9385019262,1,1,FALSE,FALSE,FALSE,FALSE,FALSE,FALSE,FALSE,FALSE,FALSE,46.3846153846154,FALSE
982091101529889,2023-05-19,NEDAP,2023-05-19T16:49:00Z,2023-05-19T16:56:33Z,453,235,2729,68500,1908,,66,FALSE,FALSE,FALSE,FALSE,FALSE,69158.9385019262,1,1,FALSE,FALSE,FALSE,FALSE,FALSE,FALSE,FALSE,FALSE,FALSE,31.1258278145695,FALSE
982091101529889,2023-05-19,NEDAP,2023-05-19T19:41:00Z,2023-05-19T19:57:12Z,972,993,2729,69500,1908,,66,FALSE,FALSE,FALSE,FALSE,FALSE,69158.9385019262,1,1,FALSE,FALSE,FALSE,FALSE,FALSE,FALSE,FALSE,FALSE,FALSE,61.2962962962963,FALSE
982091101529889,2023-05-19,NEDAP,2023-05-19T20:25:00Z,2023-05-19T20:27:23Z,143,31,2729,69500,1908,,66,FALSE,FALSE,FALSE,FALSE,FALSE,69158.9385019262,1,1,FALSE,FALSE,FALSE,FALSE,FALSE,FALSE,FALSE,FALSE,FALSE,13.006993006993,FALSE
982091101529889,2023-05-19,NEDAP,2023-05-19T22:26:00Z,2023-05-19T22:30:57Z,297,218,2729,70500,1908,,66,FALSE,FALSE,FALSE,FALSE,FALSE,69158.9385019262,1,1,FALSE,FALSE,FALSE,FALSE,FALSE,FALSE,FALSE,FALSE,FALSE,44.040404040404,FALSE
982091101529889,2023-05-20,NEDAP,2023-05-20T00:55:00Z,2023-05-20T00:58:10Z,190,77,2928,71000,1908,,66,FALSE,FALSE,FALSE,FALSE,FALSE,70687.5,1,1,FALSE,FALSE,FALSE,FALSE,FALSE,FALSE,FALSE,FALSE,FALSE,24.3157894736842,FALSE
982091101529889,2023-05-20,NEDAP,2023-05-20T10:02:00Z,2023-05-20T10:21:47Z,1187,958,2928,69500,1908,,66,FALSE,FALSE,FALSE,FALSE,FALSE,70687.5,1,1,FALSE,FALSE,FALSE,FALSE,FALSE,FALSE,FALSE,FALSE,FALSE,48.424599831508,FALSE
982091101529889,2023-05-20,NEDAP,2023-05-20T12:45:00Z,2023-05-20T12:51:31Z,391,247,2928,70000,1908,,66,FALSE,FALSE,FALSE,FALSE,FALSE,70687.5,1,1,FALSE,FALSE,FALSE,FALSE,FALSE,FALSE,FALSE,FALSE,FALSE,37.9028132992327,FALSE
982091101529889,2023-05-20,NEDAP,2023-05-20T13:51:00Z,2023-05-20T13:57:22Z,382,315,2928,71000,1908,,66,FALSE,FALSE,FALSE,FALSE,FALSE,70687.5,1,1,FALSE,FALSE,FALSE,FALSE,FALSE,FALSE,FALSE,FALSE,FALSE,49.4764397905759,FALSE
982091101529889,2023-05-20,NEDAP,2023-05-20T14:38:00Z,2023-05-20T14:40:33Z,153,40,2928,72000,1908,,66,FALSE,FALSE,FALSE,FALSE,FALSE,70687.5,1,1,FALSE,FALSE,FALSE,FALSE,FALSE,FALSE,FALSE,FALSE,FALSE,15.6862745098039,FALSE
982091101529889,2023-05-20,NEDAP,2023-05-20T19:16:00Z,2023-05-20T19:20:42Z,282,88,2928,70500,1908,,66,FALSE,FALSE,FALSE,FALSE,FALSE,70687.5,1,1,FALSE,FALSE,FALSE,FALSE,FALSE,FALSE,FALSE,FALSE,FALSE,18.7234042553192,FALSE
982091101529889,2023-05-20,NEDAP,2023-05-20T19:49:00Z,2023-05-20T19:57:05Z,485,374,2928,70500,1908,,66,FALSE,FALSE,FALSE,FALSE,FALSE,70687.5,1,1,FALSE,FALSE,FALSE,FALSE,FALSE,FALSE,FALSE,FALSE,FALSE,46.2680412371134,FALSE
982091101529889,2023-05-20,NEDAP,2023-05-20T21:45:00Z,2023-05-20T21:59:58Z,898,829,2928,71000,1908,,66,FALSE,FALSE,FALSE,FALSE,FALSE,70687.5,1,1,FALSE,FALSE,FALSE,FALSE,FALSE,FALSE,FALSE,FALSE,FALSE,55.3897550111359,FALSE
982091101529889,2023-05-21,NEDAP,2023-05-21T01:04:00Z,2023-05-21T01:06:34Z,154,110,2388,72500,1908,,66,FALSE,FALSE,FALSE,FALSE,FALSE,72150,1,1,FALSE,FALSE,FALSE,FALSE,FALSE,FALSE,FALSE,FALSE,FALSE,42.8571428571429,FALSE
982091101529889,2023-05-21,NEDAP,2023-05-21T11:06:00Z,2023-05-21T11:16:40Z,640,408,2388,71500,1908,,66,FALSE,FALSE,FALSE,FALSE,FALSE,72150,1,1,FALSE,FALSE,FALSE,FALSE,FALSE,FALSE,FALSE,FALSE,FALSE,38.25,FALSE
982091101529889,2023-05-21,NEDAP,2023-05-21T12:03:00Z,2023-05-21T12:10:05Z,425,374,2388,70500,1908,,66,FALSE,FALSE,FALSE,FALSE,FALSE,72150,1,1,FALSE,FALSE,FALSE,FALSE,FALSE,FALSE,FALSE,FALSE,FALSE,52.8,FALSE
982091101529889,2023-05-21,NEDAP,2023-05-21T14:17:00Z,2023-05-21T14:23:12Z,372,333,2388,71500,1908,,66,FALSE,FALSE,FALSE,FALSE,FALSE,72150,1,1,FALSE,FALSE,FALSE,FALSE,FALSE,FALSE,FALSE,FALSE,FALSE,53.7096774193548,FALSE
982091101529889,2023-05-21,NEDAP,2023-05-21T15:49:00Z,2023-05-21T15:56:38Z,458,414,2388,71000,1908,,66,FALSE,FALSE,FALSE,FALSE,FALSE,72150,1,1,FALSE,FALSE,FALSE,FALSE,FALSE,FALSE,FALSE,FALSE,FALSE,54.235807860262,FALSE
982091101529889,2023-05-21,NEDAP,2023-05-21T17:13:00Z,2023-05-21T17:14:00Z,60,31,2388,,1908,,66,FALSE,,FALSE,FALSE,,72150,1,,FALSE,FALSE,FALSE,FALSE,FALSE,FALSE,FALSE,FALSE,FALSE,31,FALSE
982091101529889,2023-05-21,NEDAP,2023-05-21T17:16:00Z,2023-05-21T17:17:53Z,113,87,2388,73000,1908,,66,FALSE,FALSE,FALSE,FALSE,FALSE,72150,1,1,FALSE,FALSE,FALSE,FALSE,FALSE,FALSE,FALSE,FALSE,FALSE,46.1946902654867,FALSE
982091101529889,2023-05-21,NEDAP,2023-05-21T20:23:00Z,2023-05-21T20:28:57Z,357,267,2388,72500,1908,,66,FALSE,FALSE,FALSE,FALSE,FALSE,72150,1,1,FALSE,FALSE,FALSE,FALSE,FALSE,FALSE,FALSE,FALSE,FALSE,44.8739495798319,FALSE
982091101529889,2023-05-21,NEDAP,2023-05-21T20:45:00Z,2023-05-21T20:46:25Z,85,66,2388,73000,1908,,66,FALSE,FALSE,FALSE,FALSE,FALSE,72150,1,1,FALSE,FALSE,FALSE,FALSE,FALSE,FALSE,FALSE,FALSE,FALSE,46.5882352941177,FALSE
982091101529889,2023-05-21,NEDAP,2023-05-21T21:11:00Z,2023-05-21T21:13:30Z,150,130,2388,73000,1908,,66,FALSE,FALSE,FALSE,FALSE,FALSE,72150,1,1,FALSE,FALSE,FALSE,FALSE,FALSE,FALSE,FALSE,FALSE,FALSE,52,FALSE
982091101529889,2023-05-21,NEDAP,2023-05-21T21:42:00Z,2023-05-21T21:42:54Z,54,10,2388,,1908,,66,FALSE,,FALSE,FALSE,,72150,1,,FALSE,FALSE,FALSE,FALSE,FALSE,FALSE,FALSE,FALSE,FALSE,11.1111111111111,FALSE
982091101529889,2023-05-21,NEDAP,2023-05-21T22:13:00Z,2023-05-21T22:17:22Z,262,158,2388,73000,1908,,66,FALSE,FALSE,FALSE,FALSE,FALSE,72150,1,1,FALSE,FALSE,FALSE,FALSE,FALSE,FALSE,FALSE,FALSE,FALSE,36.1832061068702,FALSE
982091101529889,2023-05-22,NEDAP,2023-05-22T12:54:00Z,2023-05-22T13:17:11Z,1391,1113,2380,70000,1908,,66,FALSE,FALSE,FALSE,FALSE,FALSE,72704.0308814383,1,0.622728270525925,FALSE,FALSE,FALSE,FALSE,FALSE,FALSE,FALSE,FALSE,FALSE,48.0086268871316,FALSE
982091101529889,2023-05-22,NEDAP,2023-05-22T15:40:00Z,2023-05-22T15:46:42Z,402,241,2380,72500,1908,,66,FALSE,FALSE,FALSE,FALSE,FALSE,72704.0308814383,1,1,FALSE,FALSE,FALSE,FALSE,FALSE,FALSE,FALSE,FALSE,FALSE,35.9701492537313,FALSE
982091101529889,2023-05-22,NEDAP,2023-05-22T19:16:00Z,2023-05-22T19:22:37Z,397,242,2380,73000,1908,,66,FALSE,FALSE,FALSE,FALSE,FALSE,72704.0308814383,1,1,FALSE,FALSE,FALSE,FALSE,FALSE,FALSE,FALSE,FALSE,FALSE,36.5743073047859,FALSE
982091101529889,2023-05-22,NEDAP,2023-05-22T20:05:00Z,2023-05-22T20:06:23Z,83,15,2380,73500,1908,,66,FALSE,FALSE,FALSE,FALSE,FALSE,72704.0308814383,1,1,FALSE,FALSE,FALSE,FALSE,FALSE,FALSE,FALSE,FALSE,FALSE,10.8433734939759,FALSE
982091101529889,2023-05-22,NEDAP,2023-05-22T21:37:00Z,2023-05-22T21:53:11Z,971,769,2380,73500,1908,,66,FALSE,FALSE,FALSE,FALSE,FALSE,72704.0308814383,1,1,FALSE,FALSE,FALSE,FALSE,FALSE,FALSE,FALSE,FALSE,FALSE,47.5180226570546,FALSE
982091101529889,2023-05-23,NEDAP,2023-05-23T02:00:00Z,2023-05-23T02:14:30Z,870,827,3442,74000,1908,,66,FALSE,FALSE,FALSE,FALSE,FALSE,74619.7700992192,1,1,FALSE,FALSE,FALSE,FALSE,FALSE,FALSE,FALSE,FALSE,FALSE,57.0344827586207,FALSE
982091101529889,2023-05-23,NEDAP,2023-05-23T02:21:00Z,2023-05-23T02:22:46Z,106,54,3442,75000,1908,,66,FALSE,FALSE,FALSE,FALSE,FALSE,74619.7700992192,1,0.88996339803764,FALSE,FALSE,FALSE,FALSE,FALSE,FALSE,FALSE,FALSE,FALSE,30.5660377358491,FALSE
982091101529889,2023-05-23,NEDAP,2023-05-23T12:20:00Z,2023-05-23T12:37:37Z,1057,694,3442,73500,1908,,66,FALSE,FALSE,FALSE,FALSE,FALSE,74619.7700992192,1,1,FALSE,FALSE,FALSE,FALSE,FALSE,FALSE,FALSE,FALSE,FALSE,39.3945127719962,FALSE
982091101529889,2023-05-23,NEDAP,2023-05-23T14:18:00Z,2023-05-23T14:23:22Z,322,185,3442,75000,1908,,66,FALSE,FALSE,FALSE,FALSE,FALSE,74619.7700992192,1,1,FALSE,FALSE,FALSE,FALSE,FALSE,FALSE,FALSE,FALSE,FALSE,34.472049689441,FALSE
982091101529889,2023-05-23,NEDAP,2023-05-23T16:58:00Z,2023-05-23T17:07:20Z,560,448,3442,74000,1908,,66,FALSE,FALSE,FALSE,FALSE,FALSE,74619.7700992192,1,1,FALSE,FALSE,FALSE,FALSE,FALSE,FALSE,FALSE,FALSE,FALSE,48,FALSE
982091101529889,2023-05-23,NEDAP,2023-05-23T20:01:00Z,2023-05-23T20:08:46Z,466,331,3442,75000,1908,,66,FALSE,FALSE,FALSE,FALSE,FALSE,74619.7700992192,1,1,FALSE,FALSE,FALSE,FALSE,FALSE,FALSE,FALSE,FALSE,FALSE,42.618025751073,FALSE
982091101529889,2023-05-23,NEDAP,2023-05-23T21:53:00Z,2023-05-23T22:04:35Z,695,587,3442,75000,1908,,66,FALSE,FALSE,FALSE,FALSE,FALSE,74619.7700992192,1,1,FALSE,FALSE,FALSE,FALSE,FALSE,FALSE,FALSE,FALSE,FALSE,50.6762589928058,FALSE
982091101529889,2023-05-23,NEDAP,2023-05-23T23:03:00Z,2023-05-23T23:09:08Z,368,316,3442,75500,1908,,66,FALSE,FALSE,FALSE,FALSE,FALSE,74619.7700992192,1,1,FALSE,FALSE,FALSE,FALSE,FALSE,FALSE,FALSE,FALSE,FALSE,51.5217391304348,FALSE
982091101529889,2023-05-24,NEDAP,2023-05-24T01:26:00Z,2023-05-24T01:26:42Z,42,41,2611,,1908,,66,FALSE,,FALSE,FALSE,,75062.8640308322,1,,FALSE,FALSE,FALSE,FALSE,FALSE,FALSE,FALSE,FALSE,FALSE,58.5714285714286,FALSE
982091101529889,2023-05-24,NEDAP,2023-05-24T01:30:00Z,2023-05-24T01:34:14Z,254,206,2611,76000,1908,,66,FALSE,FALSE,FALSE,FALSE,FALSE,75062.8640308322,1,0.872549144986334,FALSE,FALSE,FALSE,FALSE,FALSE,FALSE,FALSE,FALSE,FALSE,48.6614173228347,FALSE
982091101529889,2023-05-24,NEDAP,2023-05-24T04:57:00Z,2023-05-24T04:58:06Z,66,18,2611,76500,1908,,66,FALSE,FALSE,FALSE,FALSE,FALSE,75062.8640308322,1,0.72001304175424,FALSE,FALSE,FALSE,FALSE,FALSE,FALSE,FALSE,FALSE,FALSE,16.3636363636364,FALSE
982091101529889,2023-05-24,NEDAP,2023-05-24T12:11:00Z,2023-05-24T12:18:30Z,450,141,2611,74500,1908,,66,FALSE,FALSE,FALSE,FALSE,FALSE,75062.8640308322,1,1,FALSE,FALSE,FALSE,FALSE,FALSE,FALSE,FALSE,FALSE,FALSE,18.8,FALSE
982091101529889,2023-05-24,NEDAP,2023-05-24T13:38:00Z,2023-05-24T13:42:04Z,244,158,2611,73000,1908,,66,FALSE,FALSE,FALSE,FALSE,FALSE,75062.8640308322,1,0.998990702006845,FALSE,FALSE,FALSE,FALSE,FALSE,FALSE,FALSE,FALSE,FALSE,38.8524590163935,FALSE
982091101529889,2023-05-24,NEDAP,2023-05-24T13:44:00Z,2023-05-24T13:53:50Z,590,440,2611,73000,1908,,66,FALSE,FALSE,FALSE,FALSE,FALSE,75062.8640308322,1,0.928072635566373,FALSE,FALSE,FALSE,FALSE,FALSE,FALSE,FALSE,FALSE,FALSE,44.7457627118644,FALSE
982091101529889,2023-05-24,NEDAP,2023-05-24T14:14:00Z,2023-05-24T14:19:44Z,344,246,2611,74500,1908,,66,FALSE,FALSE,FALSE,FALSE,FALSE,75062.8640308322,1,1,FALSE,FALSE,FALSE,FALSE,FALSE,FALSE,FALSE,FALSE,FALSE,42.9069767441861,FALSE
982091101529889,2023-05-24,NEDAP,2023-05-24T19:24:00Z,2023-05-24T19:33:32Z,572,465,2611,75000,1908,,66,FALSE,FALSE,FALSE,FALSE,FALSE,75062.8640308322,1,1,FALSE,FALSE,FALSE,FALSE,FALSE,FALSE,FALSE,FALSE,FALSE,48.7762237762238,FALSE
982091101529889,2023-05-24,NEDAP,2023-05-24T19:45:00Z,2023-05-24T19:51:57Z,417,336,2611,75500,1908,,66,FALSE,FALSE,FALSE,FALSE,FALSE,75062.8640308322,1,1,FALSE,FALSE,FALSE,FALSE,FALSE,FALSE,FALSE,FALSE,FALSE,48.3453237410072,FALSE
982091101529889,2023-05-24,NEDAP,2023-05-24T20:38:00Z,2023-05-24T20:40:38Z,158,74,2611,76500,1908,,66,FALSE,FALSE,FALSE,FALSE,FALSE,75062.8640308322,1,1,FALSE,FALSE,FALSE,FALSE,FALSE,FALSE,FALSE,FALSE,FALSE,28.1012658227848,FALSE
982091101529889,2023-05-24,NEDAP,2023-05-24T21:27:00Z,2023-05-24T21:37:05Z,605,486,2611,76500,1908,,66,FALSE,FALSE,FALSE,FALSE,FALSE,75062.8640308322,1,1,FALSE,FALSE,FALSE,FALSE,FALSE,FALSE,FALSE,FALSE,FALSE,48.198347107438,FALSE
982091101529889,2023-05-25,NEDAP,2023-05-25T03:53:00Z,2023-05-25T04:09:40Z,1000,782,2514,76000,1908,,66,FALSE,FALSE,FALSE,FALSE,FALSE,75427.47183263,1,1,FALSE,FALSE,FALSE,FALSE,FALSE,FALSE,FALSE,FALSE,FALSE,46.92,FALSE
982091101529889,2023-05-25,NEDAP,2023-05-25T13:40:00Z,2023-05-25T13:45:24Z,324,244,2514,75000,1908,,66,FALSE,FALSE,FALSE,FALSE,FALSE,75427.47183263,1,1,FALSE,FALSE,FALSE,FALSE,FALSE,FALSE,FALSE,FALSE,FALSE,45.1851851851852,FALSE
982091101529889,2023-05-25,NEDAP,2023-05-25T14:49:00Z,2023-05-25T14:59:04Z,604,569,2514,74000,1908,,66,FALSE,FALSE,FALSE,FALSE,FALSE,75427.47183263,1,0.954583344975245,FALSE,FALSE,FALSE,FALSE,FALSE,FALSE,FALSE,FALSE,FALSE,56.523178807947,FALSE
982091101529889,2023-05-25,NEDAP,2023-05-25T16:57:00Z,2023-05-25T17:04:19Z,439,232,2514,75500,1908,,66,FALSE,FALSE,FALSE,FALSE,FALSE,75427.47183263,1,1,FALSE,FALSE,FALSE,FALSE,FALSE,FALSE,FALSE,FALSE,FALSE,31.7084282460137,FALSE
982091101529889,2023-05-25,NEDAP,2023-05-25T17:57:00Z,2023-05-25T17:58:19Z,79,41,2514,76000,1908,,66,FALSE,FALSE,FALSE,FALSE,FALSE,75427.47183263,1,1,FALSE,FALSE,FALSE,FALSE,FALSE,FALSE,FALSE,FALSE,FALSE,31.1392405063291,FALSE
982091101529889,2023-05-25,NEDAP,2023-05-25T19:53:00Z,2023-05-25T20:05:22Z,742,614,2514,76000,1908,,66,FALSE,FALSE,FALSE,FALSE,FALSE,75427.47183263,1,1,FALSE,FALSE,FALSE,FALSE,FALSE,FALSE,FALSE,FALSE,FALSE,49.6495956873315,FALSE
982091101529889,2023-05-25,NEDAP,2023-05-25T22:58:00Z,2023-05-25T22:58:53Z,53,32,2514,,1908,,66,FALSE,,FALSE,FALSE,,75427.47183263,1,,FALSE,FALSE,FALSE,FALSE,FALSE,FALSE,FALSE,FALSE,FALSE,36.2264150943396,FALSE
982091101529889,2023-05-26,NEDAP,2023-05-26T00:29:00Z,2023-05-26T00:34:54Z,354,219,3098,76500,1908,,66,FALSE,FALSE,FALSE,FALSE,FALSE,76888.8888888889,1,1,FALSE,FALSE,FALSE,FALSE,FALSE,FALSE,FALSE,FALSE,FALSE,37.1186440677966,FALSE
982091101529889,2023-05-26,NEDAP,2023-05-26T00:38:00Z,2023-05-26T00:44:43Z,403,340,3098,76500,1908,,66,FALSE,FALSE,FALSE,FALSE,FALSE,76888.8888888889,1,1,FALSE,FALSE,FALSE,FALSE,FALSE,FALSE,FALSE,FALSE,FALSE,50.620347394541,FALSE
982091101529889,2023-05-26,NEDAP,2023-05-26T04:40:00Z,2023-05-26T04:40:29Z,29,6,3098,,1908,,66,FALSE,,FALSE,FALSE,,76888.8888888889,1,,FALSE,FALSE,FALSE,FALSE,FALSE,FALSE,FALSE,FALSE,FALSE,12.4137931034483,FALSE
982091101529889,2023-05-26,NEDAP,2023-05-26T08:35:00Z,2023-05-26T08:55:03Z,1203,884,3098,76000,1908,,66,FALSE,FALSE,FALSE,FALSE,FALSE,76888.8888888889,1,1,FALSE,FALSE,FALSE,FALSE,FALSE,FALSE,FALSE,FALSE,FALSE,44.0897755610973,FALSE
982091101529889,2023-05-26,NEDAP,2023-05-26T13:10:00Z,2023-05-26T13:10:57Z,57,9,3098,,1908,,66,FALSE,,FALSE,FALSE,,76888.8888888889,1,,FALSE,FALSE,FALSE,FALSE,FALSE,FALSE,FALSE,FALSE,FALSE,9.47368421052632,FALSE
982091101529889,2023-05-26,NEDAP,2023-05-26T13:29:00Z,2023-05-26T13:33:06Z,246,187,3098,76000,1908,,66,FALSE,FALSE,FALSE,FALSE,FALSE,76888.8888888889,1,1,FALSE,FALSE,FALSE,FALSE,FALSE,FALSE,FALSE,FALSE,FALSE,45.609756097561,FALSE
982091101529889,2023-05-26,NEDAP,2023-05-26T14:09:00Z,2023-05-26T14:12:49Z,229,108,3098,76500,1908,,66,FALSE,FALSE,FALSE,FALSE,FALSE,76888.8888888889,1,1,FALSE,FALSE,FALSE,FALSE,FALSE,FALSE,FALSE,FALSE,FALSE,28.296943231441,FALSE
982091101529889,2023-05-26,NEDAP,2023-05-26T16:20:00Z,2023-05-26T16:31:34Z,694,683,3098,76500,1908,,66,FALSE,FALSE,FALSE,FALSE,FALSE,76888.8888888889,1,1,FALSE,FALSE,FALSE,FALSE,FALSE,FALSE,FALSE,FALSE,FALSE,59.0489913544669,FALSE
982091101529889,2023-05-26,NEDAP,2023-05-26T21:22:00Z,2023-05-26T21:31:53Z,593,524,3098,77000,1908,,66,FALSE,FALSE,FALSE,FALSE,FALSE,76888.8888888889,1,1,FALSE,FALSE,FALSE,FALSE,FALSE,FALSE,FALSE,FALSE,FALSE,53.0185497470489,FALSE
982091101529889,2023-05-26,NEDAP,2023-05-26T21:43:00Z,2023-05-26T21:43:38Z,38,4,3098,,1908,,66,FALSE,,FALSE,FALSE,,76888.8888888889,1,,FALSE,FALSE,FALSE,FALSE,FALSE,FALSE,FALSE,FALSE,FALSE,6.31578947368421,FALSE
982091101529889,2023-05-26,NEDAP,2023-05-26T22:07:00Z,2023-05-26T22:08:43Z,103,2,3098,78500,1908,,66,FALSE,FALSE,FALSE,FALSE,FALSE,76888.8888888889,1,1,FALSE,FALSE,FALSE,FALSE,FALSE,TRUE,FALSE,FALSE,FALSE,1.16504854368932,TRUE
982091101529889,2023-05-26,NEDAP,2023-05-26T22:42:00Z,2023-05-26T22:46:01Z,241,132,3098,78500,1908,,66,FALSE,FALSE,FALSE,FALSE,FALSE,76888.8888888889,1,1,FALSE,FALSE,FALSE,FALSE,FALSE,FALSE,FALSE,FALSE,FALSE,32.8630705394191,FALSE
982091101529889,2023-05-27,NEDAP,2023-05-27T00:26:00Z,2023-05-27T00:31:02Z,302,248,3067,79000,1908,,66,FALSE,FALSE,FALSE,FALSE,FALSE,79370.6047177529,1,1,FALSE,FALSE,FALSE,FALSE,FALSE,FALSE,FALSE,FALSE,FALSE,49.271523178808,FALSE
982091101529889,2023-05-27,NEDAP,2023-05-27T00:40:00Z,2023-05-27T00:43:49Z,229,230,3067,79000,1908,,66,FALSE,FALSE,FALSE,FALSE,FALSE,79370.6047177529,1,1,FALSE,FALSE,FALSE,FALSE,FALSE,FALSE,FALSE,FALSE,FALSE,60.2620087336245,FALSE
982091101529889,2023-05-27,NEDAP,2023-05-27T04:07:00Z,2023-05-27T04:19:32Z,752,630,3067,80000,1908,,66,FALSE,FALSE,FALSE,FALSE,FALSE,79370.6047177529,1,0.735258305146302,FALSE,FALSE,FALSE,FALSE,FALSE,FALSE,FALSE,FALSE,FALSE,50.2659574468085,FALSE
982091101529889,2023-05-27,NEDAP,2023-05-27T06:44:00Z,2023-05-27T06:44:44Z,44,18,3067,,1908,,66,FALSE,,FALSE,FALSE,,79370.6047177529,1,,FALSE,FALSE,FALSE,FALSE,FALSE,FALSE,FALSE,FALSE,FALSE,24.5454545454546,FALSE
982091101529889,2023-05-27,NEDAP,2023-05-27T13:52:00Z,2023-05-27T14:06:54Z,894,706,3067,78500,1908,,66,FALSE,FALSE,FALSE,FALSE,FALSE,79370.6047177529,1,1,FALSE,FALSE,FALSE,FALSE,FALSE,FALSE,FALSE,FALSE,FALSE,47.3825503355705,FALSE
982091101529889,2023-05-27,NEDAP,2023-05-27T14:38:00Z,2023-05-27T14:39:21Z,81,25,3067,78500,1908,,66,FALSE,FALSE,FALSE,FALSE,FALSE,79370.6047177529,1,1,FALSE,FALSE,FALSE,FALSE,FALSE,FALSE,FALSE,FALSE,FALSE,18.5185185185185,FALSE
982091101529889,2023-05-27,NEDAP,2023-05-27T14:52:00Z,2023-05-27T14:52:35Z,35,10,3067,,1908,,66,FALSE,,FALSE,FALSE,,79370.6047177529,1,,FALSE,FALSE,FALSE,FALSE,FALSE,FALSE,FALSE,FALSE,FALSE,17.1428571428571,FALSE
982091101529889,2023-05-27,NEDAP,2023-05-27T15:52:00Z,2023-05-27T15:52:42Z,42,30,3067,,1908,,66,FALSE,,FALSE,FALSE,,79370.6047177529,1,,FALSE,FALSE,FALSE,FALSE,FALSE,FALSE,FALSE,FALSE,FALSE,42.8571428571429,FALSE
982091101529889,2023-05-27,NEDAP,2023-05-27T17:43:00Z,2023-05-27T17:51:25Z,505,371,3067,78500,1908,,66,FALSE,FALSE,FALSE,FALSE,FALSE,79370.6047177529,1,1,FALSE,FALSE,FALSE,FALSE,FALSE,FALSE,FALSE,FALSE,FALSE,44.0792079207921,FALSE
982091101529889,2023-05-27,NEDAP,2023-05-27T21:46:00Z,2023-05-27T21:55:35Z,575,486,3067,80000,1908,,66,FALSE,FALSE,FALSE,FALSE,FALSE,79370.6047177529,1,1,FALSE,FALSE,FALSE,FALSE,FALSE,FALSE,FALSE,FALSE,FALSE,50.7130434782609,FALSE
982091101529889,2023-05-27,NEDAP,2023-05-27T23:02:00Z,2023-05-27T23:06:50Z,290,200,3067,80500,1908,,66,FALSE,FALSE,FALSE,FALSE,FALSE,79370.6047177529,1,0.919674917703442,FALSE,FALSE,FALSE,FALSE,FALSE,FALSE,FALSE,FALSE,FALSE,41.3793103448276,FALSE
982091101529889,2023-05-27,NEDAP,2023-05-27T23:37:00Z,2023-05-27T23:43:41Z,401,113,3067,81000,1908,,66,FALSE,FALSE,FALSE,FALSE,FALSE,79370.6047177529,1,0.750084217185698,FALSE,FALSE,FALSE,FALSE,FALSE,FALSE,FALSE,FALSE,FALSE,16.9077306733167,FALSE
982091101529889,2023-05-28,NEDAP,2023-05-28T00:06:00Z,2023-05-28T00:07:31Z,91,40,3189,80000,1908,,66,FALSE,FALSE,FALSE,FALSE,FALSE,80000,1,1,FALSE,FALSE,FALSE,FALSE,FALSE,FALSE,FALSE,FALSE,FALSE,26.3736263736264,FALSE
982091101529889,2023-05-28,NEDAP,2023-05-28T02:02:00Z,2023-05-28T02:13:50Z,710,452,3189,80500,1908,,66,FALSE,FALSE,FALSE,FALSE,FALSE,80000,1,1,FALSE,FALSE,FALSE,FALSE,FALSE,FALSE,FALSE,FALSE,FALSE,38.1971830985915,FALSE
982091101529889,2023-05-28,NEDAP,2023-05-28T07:27:00Z,2023-05-28T07:39:33Z,753,627,3189,79000,1908,,66,FALSE,FALSE,FALSE,FALSE,FALSE,80000,1,1,FALSE,FALSE,FALSE,FALSE,FALSE,FALSE,FALSE,FALSE,FALSE,49.9601593625498,FALSE
982091101529889,2023-05-28,NEDAP,2023-05-28T11:21:00Z,2023-05-28T11:23:36Z,156,136,3189,80000,1908,,66,FALSE,FALSE,FALSE,FALSE,FALSE,80000,1,1,FALSE,FALSE,FALSE,FALSE,FALSE,FALSE,FALSE,FALSE,FALSE,52.3076923076923,FALSE
982091101529889,2023-05-28,NEDAP,2023-05-28T15:48:00Z,2023-05-28T16:02:30Z,870,690,3189,79000,1908,,66,FALSE,FALSE,FALSE,FALSE,FALSE,80000,1,1,FALSE,FALSE,FALSE,FALSE,FALSE,FALSE,FALSE,FALSE,FALSE,47.5862068965517,FALSE
982091101529889,2023-05-28,NEDAP,2023-05-28T17:06:00Z,2023-05-28T17:08:40Z,160,78,3189,79000,1908,,66,FALSE,FALSE,FALSE,FALSE,FALSE,80000,1,1,FALSE,FALSE,FALSE,FALSE,FALSE,FALSE,FALSE,FALSE,FALSE,29.25,FALSE
982091101529889,2023-05-28,NEDAP,2023-05-28T18:52:00Z,2023-05-28T18:52:32Z,32,35,3189,,1908,,66,FALSE,,FALSE,FALSE,,80000,1,,FALSE,FALSE,FALSE,FALSE,FALSE,FALSE,FALSE,FALSE,FALSE,65.625,FALSE
982091101529889,2023-05-28,NEDAP,2023-05-28T20:54:00Z,2023-05-28T21:01:04Z,424,304,3189,81000,1908,,66,FALSE,FALSE,FALSE,FALSE,FALSE,80000,1,1,FALSE,FALSE,FALSE,FALSE,FALSE,FALSE,FALSE,FALSE,FALSE,43.0188679245283,FALSE
982091101529889,2023-05-28,NEDAP,2023-05-28T23:41:00Z,2023-05-28T23:55:34Z,874,827,3189,81500,1908,,66,FALSE,FALSE,FALSE,FALSE,FALSE,80000,1,1,FALSE,FALSE,FALSE,FALSE,FALSE,FALSE,FALSE,FALSE,FALSE,56.7734553775744,FALSE
982091101529889,2023-05-29,NEDAP,2023-05-29T00:15:00Z,2023-05-29T00:15:18Z,18,12,2485,,1908,,66,FALSE,,FALSE,FALSE,,82238.257616715,0.941128840813196,,FALSE,FALSE,FALSE,FALSE,FALSE,FALSE,FALSE,FALSE,FALSE,40,FALSE
982091101529889,2023-05-29,NEDAP,2023-05-29T02:58:00Z,2023-05-29T03:01:18Z,198,102,2485,82500,1908,,66,FALSE,FALSE,FALSE,FALSE,FALSE,82238.257616715,0.941128840813196,0.672751936375107,FALSE,FALSE,FALSE,FALSE,FALSE,FALSE,FALSE,FALSE,FALSE,30.9090909090909,FALSE
982091101529889,2023-05-29,NEDAP,2023-05-29T03:12:00Z,2023-05-29T03:13:23Z,83,89,2485,83000,1908,,66,FALSE,FALSE,FALSE,FALSE,FALSE,82238.257616715,0.941128840813196,0.57696338239641,FALSE,FALSE,FALSE,FALSE,FALSE,FALSE,FALSE,FALSE,FALSE,64.3373493975904,FALSE
982091101529889,2023-05-29,NEDAP,2023-05-29T03:40:00Z,2023-05-29T03:45:46Z,346,342,2485,83000,1908,,66,FALSE,FALSE,FALSE,FALSE,FALSE,82238.257616715,0.941128840813196,0.60221074836511,FALSE,FALSE,FALSE,FALSE,FALSE,FALSE,FALSE,FALSE,FALSE,59.3063583815029,FALSE
982091101529889,2023-05-29,NEDAP,2023-05-29T08:57:00Z,2023-05-29T09:06:32Z,572,489,2485,82000,1908,,66,FALSE,FALSE,FALSE,FALSE,FALSE,82238.257616715,0.941128840813196,1,FALSE,FALSE,FALSE,FALSE,FALSE,FALSE,FALSE,FALSE,FALSE,51.2937062937063,FALSE
982091101529889,2023-05-29,NEDAP,2023-05-29T16:03:00Z,2023-05-29T16:06:21Z,201,86,2485,81000,1908,,66,FALSE,FALSE,FALSE,FALSE,FALSE,82238.257616715,0.941128840813196,1,FALSE,FALSE,FALSE,FALSE,FALSE,FALSE,FALSE,FALSE,FALSE,25.6716417910448,FALSE
982091101529889,2023-05-29,NEDAP,2023-05-29T16:41:00Z,2023-05-29T16:52:29Z,689,641,2485,81500,1908,,66,FALSE,FALSE,FALSE,FALSE,FALSE,82238.257616715,0.941128840813196,1,FALSE,FALSE,FALSE,FALSE,FALSE,FALSE,FALSE,FALSE,FALSE,55.8200290275762,FALSE
982091101529889,2023-05-29,NEDAP,2023-05-29T18:10:00Z,2023-05-29T18:12:44Z,164,55,2485,82500,1908,,66,FALSE,FALSE,FALSE,FALSE,FALSE,82238.257616715,0.941128840813196,0.95133811437337,FALSE,FALSE,FALSE,FALSE,FALSE,FALSE,FALSE,FALSE,FALSE,20.1219512195122,FALSE
982091101529889,2023-05-29,NEDAP,2023-05-29T19:59:00Z,2023-05-29T20:09:34Z,634,525,2485,82000,1908,,66,FALSE,FALSE,FALSE,FALSE,FALSE,82238.257616715,0.941128840813196,1,FALSE,FALSE,FALSE,FALSE,FALSE,FALSE,FALSE,FALSE,FALSE,49.6845425867508,FALSE
982091101529889,2023-05-29,NEDAP,2023-05-29T21:18:00Z,2023-05-29T21:19:44Z,104,64,2485,82500,1908,,66,FALSE,FALSE,FALSE,FALSE,FALSE,82238.257616715,0.941128840813196,1,FALSE,FALSE,FALSE,FALSE,FALSE,FALSE,FALSE,FALSE,FALSE,36.9230769230769,FALSE
982091101529889,2023-05-29,NEDAP,2023-05-29T23:08:00Z,2023-05-29T23:11:23Z,203,64,2485,83500,1908,,66,FALSE,FALSE,FALSE,FALSE,FALSE,82238.257616715,0.941128840813196,0.678605710964703,FALSE,FALSE,FALSE,FALSE,FALSE,FALSE,FALSE,FALSE,FALSE,18.9162561576355,FALSE
982091101529889,2023-05-29,NEDAP,2023-05-29T23:42:00Z,2023-05-29T23:42:22Z,22,10,2485,,1908,,66,FALSE,,FALSE,FALSE,,82238.257616715,0.941128840813196,,FALSE,FALSE,FALSE,FALSE,FALSE,FALSE,FALSE,FALSE,FALSE,27.2727272727273,FALSE
982091101529889,2023-05-29,NEDAP,2023-05-29T23:48:00Z,2023-05-29T23:49:03Z,63,6,2485,82250,1908,,66,FALSE,FALSE,FALSE,FALSE,FALSE,82238.257616715,0.941128840813196,1,FALSE,FALSE,FALSE,FALSE,FALSE,FALSE,FALSE,FALSE,FALSE,5.71428571428571,FALSE
982091101529889,2023-05-30,NEDAP,2023-05-30T00:47:00Z,2023-05-30T00:50:12Z,192,138,2622,83500,1908,,66,FALSE,FALSE,FALSE,FALSE,FALSE,82523.2005619382,1,0.795085222840688,FALSE,FALSE,FALSE,FALSE,FALSE,FALSE,FALSE,FALSE,FALSE,43.125,FALSE
982091101529889,2023-05-30,NEDAP,2023-05-30T01:13:00Z,2023-05-30T01:13:19Z,19,12,2622,,1908,,66,FALSE,,FALSE,FALSE,,82523.2005619382,1,,FALSE,FALSE,FALSE,FALSE,FALSE,FALSE,FALSE,FALSE,FALSE,37.8947368421053,FALSE
982091101529889,2023-05-30,NEDAP,2023-05-30T02:45:00Z,2023-05-30T02:49:09Z,249,218,2622,84500,1908,,66,FALSE,FALSE,FALSE,FALSE,FALSE,82523.2005619382,1,0.570372518303676,FALSE,FALSE,FALSE,FALSE,FALSE,FALSE,FALSE,FALSE,FALSE,52.5301204819277,FALSE
982091101529889,2023-05-30,NEDAP,2023-05-30T02:57:00Z,2023-05-30T02:59:30Z,150,130,2622,84000,1908,,66,FALSE,FALSE,FALSE,FALSE,FALSE,82523.2005619382,1,0.734177063369466,FALSE,FALSE,FALSE,FALSE,FALSE,FALSE,FALSE,FALSE,FALSE,52,FALSE
982091101529889,2023-05-30,NEDAP,2023-05-30T03:01:00Z,2023-05-30T03:01:19Z,19,38,2622,,1908,,66,FALSE,,FALSE,FALSE,,82523.2005619382,1,,FALSE,FALSE,FALSE,FALSE,FALSE,FALSE,FALSE,FALSE,FALSE,120,FALSE
982091101529889,2023-05-30,NEDAP,2023-05-30T04:13:00Z,2023-05-30T04:15:49Z,169,53,2622,83500,1908,,66,FALSE,FALSE,FALSE,FALSE,FALSE,82523.2005619382,1,1,FALSE,FALSE,FALSE,FALSE,FALSE,FALSE,FALSE,FALSE,FALSE,18.8165680473373,FALSE
982091101529889,2023-05-30,NEDAP,2023-05-30T04:18:00Z,2023-05-30T04:23:46Z,346,327,2622,83500,1908,,66,FALSE,FALSE,FALSE,FALSE,FALSE,82523.2005619382,1,1,FALSE,FALSE,FALSE,FALSE,FALSE,FALSE,FALSE,FALSE,FALSE,56.7052023121387,FALSE
982091101529889,2023-05-30,NEDAP,2023-05-30T08:52:00Z,2023-05-30T08:53:24Z,84,46,2622,82500,1908,,66,FALSE,FALSE,FALSE,FALSE,FALSE,82523.2005619382,1,1,FALSE,FALSE,FALSE,FALSE,FALSE,FALSE,FALSE,FALSE,FALSE,32.8571428571429,FALSE
982091101529889,2023-05-30,NEDAP,2023-05-30T10:40:00Z,2023-05-30T10:52:04Z,724,598,2622,82000,1908,,66,FALSE,FALSE,FALSE,FALSE,FALSE,82523.2005619382,1,1,FALSE,FALSE,FALSE,FALSE,FALSE,FALSE,FALSE,FALSE,FALSE,49.5580110497238,FALSE
982091101529889,2023-05-30,NEDAP,2023-05-30T16:48:00Z,2023-05-30T16:55:18Z,438,177,2622,81000,1908,,66,FALSE,FALSE,FALSE,FALSE,FALSE,82523.2005619382,1,1,FALSE,FALSE,FALSE,FALSE,FALSE,FALSE,FALSE,FALSE,FALSE,24.2465753424658,FALSE
982091101529889,2023-05-30,NEDAP,2023-05-30T17:26:00Z,2023-05-30T17:28:05Z,125,91,2622,80500,1908,,66,FALSE,FALSE,FALSE,FALSE,FALSE,82523.2005619382,1,0.727833869960361,FALSE,FALSE,FALSE,FALSE,FALSE,FALSE,FALSE,FALSE,FALSE,43.68,FALSE
982091101529889,2023-05-30,NEDAP,2023-05-30T18:39:00Z,2023-05-30T18:40:25Z,85,56,2622,81000,1908,,66,FALSE,FALSE,FALSE,FALSE,FALSE,82523.2005619382,1,0.888540454043844,FALSE,FALSE,FALSE,FALSE,FALSE,FALSE,FALSE,FALSE,FALSE,39.5294117647059,FALSE
982091101529889,2023-05-30,NEDAP,2023-05-30T20:28:00Z,2023-05-30T20:36:57Z,537,322,2622,82500,1908,,66,FALSE,FALSE,FALSE,FALSE,FALSE,82523.2005619382,1,1,FALSE,FALSE,FALSE,FALSE,FALSE,FALSE,FALSE,FALSE,FALSE,35.9776536312849,FALSE
982091101529889,2023-05-30,NEDAP,2023-05-30T20:44:00Z,2023-05-30T20:52:38Z,518,416,2622,82500,1908,,66,FALSE,FALSE,FALSE,FALSE,FALSE,82523.2005619382,1,1,FALSE,FALSE,FALSE,FALSE,FALSE,FALSE,FALSE,FALSE,FALSE,48.1853281853282,FALSE
982091101529889,2023-05-31,NEDAP,2023-05-31T01:09:00Z,2023-05-31T01:12:31Z,211,120,2602,83500,1908,,66,FALSE,FALSE,FALSE,FALSE,FALSE,82711.806241346,1,1,FALSE,FALSE,FALSE,FALSE,FALSE,FALSE,FALSE,FALSE,FALSE,34.1232227488152,FALSE
982091101529889,2023-05-31,NEDAP,2023-05-31T01:22:00Z,2023-05-31T01:24:10Z,130,38,2602,83000,1908,,66,FALSE,FALSE,FALSE,FALSE,FALSE,82711.806241346,1,1,FALSE,FALSE,FALSE,FALSE,FALSE,FALSE,FALSE,FALSE,FALSE,17.5384615384615,FALSE
982091101529889,2023-05-31,NEDAP,2023-05-31T02:05:00Z,2023-05-31T02:06:50Z,110,24,2602,82500,1908,,66,FALSE,FALSE,FALSE,FALSE,FALSE,82711.806241346,1,1,FALSE,FALSE,FALSE,FALSE,FALSE,FALSE,FALSE,FALSE,FALSE,13.0909090909091,FALSE
982091101529889,2023-05-31,NEDAP,2023-05-31T03:32:00Z,2023-05-31T03:47:30Z,930,464,2602,82500,1908,,66,FALSE,FALSE,FALSE,FALSE,FALSE,82711.806241346,1,1,FALSE,FALSE,FALSE,FALSE,FALSE,FALSE,FALSE,FALSE,FALSE,29.9354838709677,FALSE
982091101529889,2023-05-31,NEDAP,2023-05-31T06:43:00Z,2023-05-31T06:53:44Z,644,514,2602,82000,1908,,66,FALSE,FALSE,FALSE,FALSE,FALSE,82711.806241346,1,1,FALSE,FALSE,FALSE,FALSE,FALSE,FALSE,FALSE,FALSE,FALSE,47.888198757764,FALSE
982091101529889,2023-05-31,NEDAP,2023-05-31T15:28:00Z,2023-05-31T15:33:56Z,356,228,2602,82000,1908,,66,FALSE,FALSE,FALSE,FALSE,FALSE,82711.806241346,1,0.950775189337199,FALSE,FALSE,FALSE,FALSE,FALSE,FALSE,FALSE,FALSE,FALSE,38.4269662921348,FALSE
982091101529889,2023-05-31,NEDAP,2023-05-31T16:44:00Z,2023-05-31T16:57:38Z,818,673,2602,81500,1908,,66,FALSE,FALSE,FALSE,FALSE,FALSE,82711.806241346,1,0.693665841955953,FALSE,FALSE,FALSE,FALSE,FALSE,FALSE,FALSE,FALSE,FALSE,49.3643031784841,FALSE
982091101529889,2023-05-31,NEDAP,2023-05-31T18:33:00Z,2023-05-31T18:34:31Z,91,68,2602,83000,1908,,66,FALSE,FALSE,FALSE,FALSE,FALSE,82711.806241346,1,1,FALSE,FALSE,FALSE,FALSE,FALSE,FALSE,FALSE,FALSE,FALSE,44.8351648351648,FALSE
982091101529889,2023-05-31,NEDAP,2023-05-31T21:45:00Z,2023-05-31T21:56:44Z,704,473,2602,84000,1908,,66,FALSE,FALSE,FALSE,FALSE,FALSE,82711.806241346,1,1,FALSE,FALSE,FALSE,FALSE,FALSE,FALSE,FALSE,FALSE,FALSE,40.3125,FALSE
982091101529889,2023-06-01,NEDAP,2023-06-01T00:09:00Z,2023-06-01T00:12:23Z,203,134,2445,83500,1908,,66,FALSE,FALSE,FALSE,FALSE,FALSE,84477.4251749765,1,1,FALSE,FALSE,FALSE,FALSE,FALSE,FALSE,FALSE,FALSE,FALSE,39.6059113300493,FALSE
982091101529889,2023-06-01,NEDAP,2023-06-01T01:31:00Z,2023-06-01T01:39:00Z,480,354,2445,84500,1908,,66,FALSE,FALSE,FALSE,FALSE,FALSE,84477.4251749765,1,1,FALSE,FALSE,FALSE,FALSE,FALSE,FALSE,FALSE,FALSE,FALSE,44.25,FALSE
982091101529889,2023-06-01,NEDAP,2023-06-01T04:30:00Z,2023-06-01T04:45:36Z,936,820,2445,85500,1908,,66,FALSE,FALSE,FALSE,FALSE,FALSE,84477.4251749765,1,1,FALSE,FALSE,FALSE,FALSE,FALSE,FALSE,FALSE,FALSE,FALSE,52.5641025641026,FALSE
982091101529889,2023-06-01,NEDAP,2023-06-01T05:30:00Z,2023-06-01T05:31:22Z,82,24,2445,85500,1908,,66,FALSE,FALSE,FALSE,FALSE,FALSE,84477.4251749765,1,1,FALSE,FALSE,FALSE,FALSE,FALSE,FALSE,FALSE,FALSE,FALSE,17.5609756097561,FALSE
982091101529889,2023-06-01,NEDAP,2023-06-01T07:50:00Z,2023-06-01T07:50:09Z,9,5,2445,,1908,,66,FALSE,,FALSE,FALSE,,84477.4251749765,1,,FALSE,FALSE,FALSE,FALSE,FALSE,FALSE,FALSE,FALSE,FALSE,33.3333333333333,FALSE
982091101529889,2023-06-01,NEDAP,2023-06-01T08:23:00Z,2023-06-01T08:24:54Z,114,64,2445,85000,1908,,66,FALSE,FALSE,FALSE,FALSE,FALSE,84477.4251749765,1,1,FALSE,FALSE,FALSE,FALSE,FALSE,FALSE,FALSE,FALSE,FALSE,33.6842105263158,FALSE
982091101529889,2023-06-01,NEDAP,2023-06-01T16:51:00Z,2023-06-01T16:54:23Z,203,152,2445,84500,1908,,66,FALSE,FALSE,FALSE,FALSE,FALSE,84477.4251749765,1,1,FALSE,FALSE,FALSE,FALSE,FALSE,FALSE,FALSE,FALSE,FALSE,44.9261083743842,FALSE
982091101529889,2023-06-01,NEDAP,2023-06-01T19:11:00Z,2023-06-01T19:12:28Z,88,13,2445,84000,1908,,66,FALSE,FALSE,FALSE,FALSE,FALSE,84477.4251749765,1,1,FALSE,FALSE,FALSE,FALSE,FALSE,FALSE,FALSE,FALSE,FALSE,8.86363636363637,FALSE
982091101529889,2023-06-01,NEDAP,2023-06-01T19:15:00Z,2023-06-01T19:20:31Z,331,213,2445,83000,1908,,66,FALSE,FALSE,FALSE,FALSE,FALSE,84477.4251749765,1,0.799091974459484,FALSE,FALSE,FALSE,FALSE,FALSE,FALSE,FALSE,FALSE,FALSE,38.6102719033233,FALSE
982091101529889,2023-06-01,NEDAP,2023-06-01T23:53:00Z,2023-06-02T00:07:45Z,885,666,2445,84500,1908,,66,FALSE,FALSE,FALSE,FALSE,FALSE,84477.4251749765,1,1,FALSE,FALSE,FALSE,FALSE,FALSE,FALSE,FALSE,FALSE,FALSE,45.1525423728814,FALSE
982091101529889,2023-06-02,NEDAP,2023-06-02T00:43:00Z,2023-06-02T00:43:19Z,19,14,2655,,1908,,66,FALSE,,FALSE,FALSE,,85593.75,1,,FALSE,FALSE,FALSE,FALSE,FALSE,FALSE,FALSE,FALSE,FALSE,44.2105263157895,FALSE
982091101529889,2023-06-02,NEDAP,2023-06-02T02:20:00Z,2023-06-02T02:28:12Z,492,300,2655,85000,1908,,66,FALSE,FALSE,FALSE,FALSE,FALSE,85593.75,1,1,FALSE,FALSE,FALSE,FALSE,FALSE,FALSE,FALSE,FALSE,FALSE,36.5853658536585,FALSE
982091101529889,2023-06-02,NEDAP,2023-06-02T03:33:00Z,2023-06-02T03:34:01Z,61,51,2655,84750,1908,,66,FALSE,FALSE,FALSE,FALSE,FALSE,85593.75,1,1,FALSE,FALSE,FALSE,FALSE,FALSE,FALSE,FALSE,FALSE,FALSE,50.1639344262295,FALSE
982091101529889,2023-06-02,NEDAP,2023-06-02T03:56:00Z,2023-06-02T03:57:04Z,64,56,2655,85500,1908,,66,FALSE,FALSE,FALSE,FALSE,FALSE,85593.75,1,1,FALSE,FALSE,FALSE,FALSE,FALSE,FALSE,FALSE,FALSE,FALSE,52.5,FALSE
982091101529889,2023-06-02,NEDAP,2023-06-02T05:09:00Z,2023-06-02T05:12:16Z,196,96,2655,86500,1908,,66,FALSE,FALSE,FALSE,FALSE,FALSE,85593.75,1,1,FALSE,FALSE,FALSE,FALSE,FALSE,FALSE,FALSE,FALSE,FALSE,29.3877551020408,FALSE
982091101529889,2023-06-02,NEDAP,2023-06-02T05:22:00Z,2023-06-02T05:32:24Z,624,541,2655,86500,1908,,66,FALSE,FALSE,FALSE,FALSE,FALSE,85593.75,1,1,FALSE,FALSE,FALSE,FALSE,FALSE,FALSE,FALSE,FALSE,FALSE,52.0192307692308,FALSE
982091101529889,2023-06-02,NEDAP,2023-06-02T08:51:00Z,2023-06-02T08:51:11Z,11,13,2655,,1908,,66,FALSE,,FALSE,FALSE,,85593.75,1,,FALSE,FALSE,FALSE,FALSE,FALSE,FALSE,FALSE,FALSE,FALSE,70.9090909090909,FALSE
982091101529889,2023-06-02,NEDAP,2023-06-02T09:54:00Z,2023-06-02T10:07:40Z,820,674,2655,86000,1908,,66,FALSE,FALSE,FALSE,FALSE,FALSE,85593.75,1,1,FALSE,FALSE,FALSE,FALSE,FALSE,FALSE,FALSE,FALSE,FALSE,49.3170731707317,FALSE
982091101529889,2023-06-02,NEDAP,2023-06-02T18:44:00Z,2023-06-02T18:54:13Z,613,413,2655,85500,1908,,66,FALSE,FALSE,FALSE,FALSE,FALSE,85593.75,1,1,FALSE,FALSE,FALSE,FALSE,FALSE,FALSE,FALSE,FALSE,FALSE,40.4241435562806,FALSE
982091101529889,2023-06-02,NEDAP,2023-06-02T21:25:00Z,2023-06-02T21:35:18Z,618,497,2655,85000,1908,,66,FALSE,FALSE,FALSE,FALSE,FALSE,85593.75,1,1,FALSE,FALSE,FALSE,FALSE,FALSE,FALSE,FALSE,FALSE,FALSE,48.252427184466,FALSE
982091101529889,2023-06-03,NEDAP,2023-06-03T00:26:00Z,2023-06-03T00:35:33Z,573,459,2901,87000,1908,,66,FALSE,FALSE,FALSE,FALSE,FALSE,86888.8888888889,1,1,FALSE,FALSE,FALSE,FALSE,FALSE,FALSE,FALSE,FALSE,FALSE,48.0628272251309,FALSE
982091101529889,2023-06-03,NEDAP,2023-06-03T00:55:00Z,2023-06-03T00:57:06Z,126,53,2901,86500,1908,,66,FALSE,FALSE,FALSE,FALSE,FALSE,86888.8888888889,1,1,FALSE,FALSE,FALSE,FALSE,FALSE,FALSE,FALSE,FALSE,FALSE,25.2380952380952,FALSE
982091101529889,2023-06-03,NEDAP,2023-06-03T02:29:00Z,2023-06-03T02:31:42Z,162,80,2901,87000,1908,,66,FALSE,FALSE,FALSE,FALSE,FALSE,86888.8888888889,1,1,FALSE,FALSE,FALSE,FALSE,FALSE,FALSE,FALSE,FALSE,FALSE,29.6296296296296,FALSE
982091101529889,2023-06-03,NEDAP,2023-06-03T04:01:00Z,2023-06-03T04:08:10Z,430,234,2901,87000,1908,,66,FALSE,FALSE,FALSE,FALSE,FALSE,86888.8888888889,1,1,FALSE,FALSE,FALSE,FALSE,FALSE,FALSE,FALSE,FALSE,FALSE,32.6511627906977,FALSE
982091101529889,2023-06-03,NEDAP,2023-06-03T04:23:00Z,2023-06-03T04:23:41Z,41,1,2901,,1908,,66,FALSE,,FALSE,FALSE,,86888.8888888889,1,,FALSE,FALSE,FALSE,FALSE,FALSE,TRUE,FALSE,FALSE,FALSE,1.46341463414634,TRUE
982091101529889,2023-06-03,NEDAP,2023-06-03T06:25:00Z,2023-06-03T06:31:08Z,368,111,2901,87500,1908,,66,FALSE,FALSE,FALSE,FALSE,FALSE,86888.8888888889,1,1,FALSE,FALSE,FALSE,FALSE,FALSE,FALSE,FALSE,FALSE,FALSE,18.0978260869565,FALSE
982091101529889,2023-06-03,NEDAP,2023-06-03T07:49:00Z,2023-06-03T08:03:36Z,876,721,2901,87000,1908,,66,FALSE,FALSE,FALSE,FALSE,FALSE,86888.8888888889,1,1,FALSE,FALSE,FALSE,FALSE,FALSE,FALSE,FALSE,FALSE,FALSE,49.3835616438356,FALSE
982091101529889,2023-06-03,NEDAP,2023-06-03T18:33:00Z,2023-06-03T18:45:06Z,726,446,2901,86500,1908,,66,FALSE,FALSE,FALSE,FALSE,FALSE,86888.8888888889,1,1,FALSE,FALSE,FALSE,FALSE,FALSE,FALSE,FALSE,FALSE,FALSE,36.8595041322314,FALSE
982091101529889,2023-06-03,NEDAP,2023-06-03T22:53:00Z,2023-06-03T23:03:51Z,651,459,2901,86500,1908,,66,FALSE,FALSE,FALSE,FALSE,FALSE,86888.8888888889,1,1,FALSE,FALSE,FALSE,FALSE,FALSE,FALSE,FALSE,FALSE,FALSE,42.3041474654378,FALSE
982091101529889,2023-06-03,NEDAP,2023-06-03T23:50:00Z,2023-06-03T23:57:05Z,425,337,2901,87000,1908,,66,FALSE,FALSE,FALSE,FALSE,FALSE,86888.8888888889,1,1,FALSE,FALSE,FALSE,FALSE,FALSE,FALSE,FALSE,FALSE,FALSE,47.5764705882353,FALSE
982091101529889,2023-06-04,NEDAP,2023-06-04T02:28:00Z,2023-06-04T02:35:57Z,477,363,2091,87500,1908,,66,FALSE,FALSE,FALSE,FALSE,FALSE,86916.6666666667,1,1,FALSE,FALSE,FALSE,FALSE,FALSE,FALSE,FALSE,FALSE,FALSE,45.6603773584906,FALSE
982091101529889,2023-06-04,NEDAP,2023-06-04T03:59:00Z,2023-06-04T04:01:09Z,129,38,2091,86500,1908,,66,FALSE,FALSE,FALSE,FALSE,FALSE,86916.6666666667,1,1,FALSE,FALSE,FALSE,FALSE,FALSE,FALSE,FALSE,FALSE,FALSE,17.6744186046512,FALSE
982091101529889,2023-06-04,NEDAP,2023-06-04T04:03:00Z,2023-06-04T04:04:22Z,82,52,2091,86500,1908,,66,FALSE,FALSE,FALSE,FALSE,FALSE,86916.6666666667,1,1,FALSE,FALSE,FALSE,FALSE,FALSE,FALSE,FALSE,FALSE,FALSE,38.0487804878049,FALSE
982091101529889,2023-06-04,NEDAP,2023-06-04T05:34:00Z,2023-06-04T05:37:14Z,194,118,2091,86500,1908,,66,FALSE,FALSE,FALSE,FALSE,FALSE,86916.6666666667,1,1,FALSE,FALSE,FALSE,FALSE,FALSE,FALSE,FALSE,FALSE,FALSE,36.4948453608247,FALSE
982091101529889,2023-06-04,NEDAP,2023-06-04T06:51:00Z,2023-06-04T06:53:08Z,128,15,2091,86250,1908,,66,FALSE,FALSE,FALSE,FALSE,FALSE,86916.6666666667,1,1,FALSE,FALSE,FALSE,FALSE,FALSE,FALSE,FALSE,FALSE,FALSE,7.03125,FALSE
982091101529889,2023-06-04,NEDAP,2023-06-04T07:04:00Z,2023-06-04T07:05:08Z,68,7,2091,86500,1908,,66,FALSE,FALSE,FALSE,FALSE,FALSE,86916.6666666667,1,1,FALSE,FALSE,FALSE,FALSE,FALSE,FALSE,FALSE,FALSE,FALSE,6.17647058823529,FALSE
982091101529889,2023-06-04,NEDAP,2023-06-04T09:28:00Z,2023-06-04T09:44:29Z,989,960,2091,88500,1908,,66,FALSE,FALSE,FALSE,FALSE,FALSE,86916.6666666667,1,1,FALSE,FALSE,FALSE,FALSE,FALSE,FALSE,FALSE,FALSE,FALSE,58.2406471183013,FALSE
982091101529889,2023-06-04,NEDAP,2023-06-04T20:05:00Z,2023-06-04T20:20:21Z,921,426,2091,87000,1908,,66,FALSE,FALSE,FALSE,FALSE,FALSE,86916.6666666667,1,1,FALSE,FALSE,FALSE,FALSE,FALSE,FALSE,FALSE,FALSE,FALSE,27.7524429967427,FALSE
982091101529889,2023-06-04,NEDAP,2023-06-04T21:04:00Z,2023-06-04T21:04:26Z,26,6,2091,,1908,,66,FALSE,,FALSE,FALSE,,86916.6666666667,1,,FALSE,FALSE,FALSE,FALSE,FALSE,FALSE,FALSE,FALSE,FALSE,13.8461538461538,FALSE
982091101529889,2023-06-04,NEDAP,2023-06-04T22:17:00Z,2023-06-04T22:19:27Z,147,106,2091,87000,1908,,66,FALSE,FALSE,FALSE,FALSE,FALSE,86916.6666666667,1,1,FALSE,FALSE,FALSE,FALSE,FALSE,FALSE,FALSE,FALSE,FALSE,43.265306122449,FALSE
982091101529889,2023-06-05,NEDAP,2023-06-05T00:52:00Z,2023-06-05T00:59:56Z,476,97,2363,87500,1908,,66,FALSE,FALSE,FALSE,FALSE,FALSE,87732.7002719648,1,1,FALSE,FALSE,FALSE,FALSE,FALSE,FALSE,FALSE,FALSE,FALSE,12.2268907563025,FALSE
982091101529889,2023-06-05,NEDAP,2023-06-05T01:29:00Z,2023-06-05T01:33:09Z,249,48,2363,87000,1908,,66,FALSE,FALSE,FALSE,FALSE,FALSE,87732.7002719648,1,1,FALSE,FALSE,FALSE,FALSE,FALSE,FALSE,FALSE,FALSE,FALSE,11.566265060241,FALSE
982091101529889,2023-06-05,NEDAP,2023-06-05T01:42:00Z,2023-06-05T01:46:11Z,251,141,2363,87000,1908,,66,FALSE,FALSE,FALSE,FALSE,FALSE,87732.7002719648,1,0.989657763904577,FALSE,FALSE,FALSE,FALSE,FALSE,FALSE,FALSE,FALSE,FALSE,33.7051792828685,FALSE
982091101529889,2023-06-05,NEDAP,2023-06-05T03:42:00Z,2023-06-05T03:51:15Z,555,363,2363,87500,1908,,66,FALSE,FALSE,FALSE,FALSE,FALSE,87732.7002719648,1,1,FALSE,FALSE,FALSE,FALSE,FALSE,FALSE,FALSE,FALSE,FALSE,39.2432432432432,FALSE
982091101529889,2023-06-05,NEDAP,2023-06-05T04:02:00Z,2023-06-05T04:02:43Z,43,5,2363,,1908,,66,FALSE,,FALSE,FALSE,,87732.7002719648,1,,FALSE,FALSE,FALSE,FALSE,FALSE,FALSE,FALSE,FALSE,FALSE,6.97674418604651,FALSE
982091101529889,2023-06-05,NEDAP,2023-06-05T04:31:00Z,2023-06-05T04:33:05Z,125,36,2363,88000,1908,,66,FALSE,FALSE,FALSE,FALSE,FALSE,87732.7002719648,1,1,FALSE,FALSE,FALSE,FALSE,FALSE,FALSE,FALSE,FALSE,FALSE,17.28,FALSE
982091101529889,2023-06-05,NEDAP,2023-06-05T04:50:00Z,2023-06-05T04:55:16Z,316,237,2363,87500,1908,,66,FALSE,FALSE,FALSE,FALSE,FALSE,87732.7002719648,1,1,FALSE,FALSE,FALSE,FALSE,FALSE,FALSE,FALSE,FALSE,FALSE,45,FALSE
982091101529889,2023-06-05,NEDAP,2023-06-05T05:46:00Z,2023-06-05T05:47:13Z,73,5,2363,88000,1908,,66,FALSE,FALSE,FALSE,FALSE,FALSE,87732.7002719648,1,1,FALSE,FALSE,FALSE,FALSE,FALSE,FALSE,FALSE,FALSE,FALSE,4.10958904109589,FALSE
982091101529889,2023-06-05,NEDAP,2023-06-05T07:13:00Z,2023-06-05T07:15:05Z,125,16,2363,88500,1908,,66,FALSE,FALSE,FALSE,FALSE,FALSE,87732.7002719648,1,1,FALSE,FALSE,FALSE,FALSE,FALSE,FALSE,FALSE,FALSE,FALSE,7.68,FALSE
982091101529889,2023-06-05,NEDAP,2023-06-05T07:54:00Z,2023-06-05T07:57:49Z,229,86,2363,88000,1908,,66,FALSE,FALSE,FALSE,FALSE,FALSE,87732.7002719648,1,1,FALSE,FALSE,FALSE,FALSE,FALSE,FALSE,FALSE,FALSE,FALSE,22.5327510917031,FALSE
982091101529889,2023-06-05,NEDAP,2023-06-05T09:17:00Z,2023-06-05T09:26:41Z,581,403,2363,88500,1908,,66,FALSE,FALSE,FALSE,FALSE,FALSE,87732.7002719648,1,1,FALSE,FALSE,FALSE,FALSE,FALSE,FALSE,FALSE,FALSE,FALSE,41.617900172117,FALSE
982091101529889,2023-06-05,NEDAP,2023-06-05T20:23:00Z,2023-06-05T20:42:20Z,1160,926,2363,87500,1908,,66,FALSE,FALSE,FALSE,FALSE,FALSE,87732.7002719648,1,0.775998403555446,FALSE,FALSE,FALSE,FALSE,FALSE,FALSE,FALSE,FALSE,FALSE,47.8965517241379,FALSE
982091101529889,2023-06-06,NEDAP,2023-06-06T01:02:00Z,2023-06-06T01:12:03Z,603,363,3410,88000,1908,,66,FALSE,FALSE,FALSE,FALSE,FALSE,88800.0926396662,1,0.96603008237866,FALSE,FALSE,FALSE,FALSE,FALSE,FALSE,FALSE,FALSE,FALSE,36.1194029850746,FALSE
982091101529889,2023-06-06,NEDAP,2023-06-06T01:35:00Z,2023-06-06T01:38:23Z,203,79,3410,88000,1908,,66,FALSE,FALSE,FALSE,FALSE,FALSE,88800.0926396662,1,0.908173887669736,FALSE,FALSE,FALSE,FALSE,FALSE,FALSE,FALSE,FALSE,FALSE,23.3497536945813,FALSE
982091101529889,2023-06-06,NEDAP,2023-06-06T01:41:00Z,2023-06-06T01:41:31Z,31,2,3410,,1908,,66,FALSE,,FALSE,FALSE,,88800.0926396662,1,,FALSE,FALSE,FALSE,FALSE,FALSE,FALSE,FALSE,FALSE,FALSE,3.87096774193548,FALSE
982091101529889,2023-06-06,NEDAP,2023-06-06T04:59:00Z,2023-06-06T05:08:00Z,540,434,3410,88500,1908,,66,FALSE,FALSE,FALSE,FALSE,FALSE,88800.0926396662,1,1,FALSE,FALSE,FALSE,FALSE,FALSE,FALSE,FALSE,FALSE,FALSE,48.2222222222222,FALSE
982091101529889,2023-06-06,NEDAP,2023-06-06T05:14:00Z,2023-06-06T05:18:29Z,269,236,3410,88500,1908,,66,FALSE,FALSE,FALSE,FALSE,FALSE,88800.0926396662,1,1,FALSE,FALSE,FALSE,FALSE,FALSE,FALSE,FALSE,FALSE,FALSE,52.639405204461,FALSE
982091101529889,2023-06-06,NEDAP,2023-06-06T05:48:00Z,2023-06-06T05:48:50Z,50,23,3410,,1908,,66,FALSE,,FALSE,FALSE,,88800.0926396662,1,,FALSE,FALSE,FALSE,FALSE,FALSE,FALSE,FALSE,FALSE,FALSE,27.6,FALSE
982091101529889,2023-06-06,NEDAP,2023-06-06T06:18:00Z,2023-06-06T06:23:50Z,350,297,3410,89500,1908,,66,FALSE,FALSE,FALSE,FALSE,FALSE,88800.0926396662,1,1,FALSE,FALSE,FALSE,FALSE,FALSE,FALSE,FALSE,FALSE,FALSE,50.9142857142857,FALSE
982091101529889,2023-06-06,NEDAP,2023-06-06T11:43:00Z,2023-06-06T12:01:32Z,1112,989,3410,89500,1908,,66,FALSE,FALSE,FALSE,FALSE,FALSE,88800.0926396662,1,1,FALSE,FALSE,FALSE,FALSE,FALSE,FALSE,FALSE,FALSE,FALSE,53.363309352518,FALSE
982091101529889,2023-06-06,NEDAP,2023-06-06T20:40:00Z,2023-06-06T21:00:31Z,1231,987,3410,89500,1908,,66,FALSE,FALSE,FALSE,FALSE,FALSE,88800.0926396662,1,1,FALSE,FALSE,FALSE,FALSE,FALSE,FALSE,FALSE,FALSE,FALSE,48.1072298943948,FALSE
982091101529889,2023-06-07,NEDAP,2023-06-07T02:01:00Z,2023-06-07T02:05:59Z,299,195,3016,90500,1908,,66,FALSE,FALSE,FALSE,FALSE,FALSE,91285.7142857143,1,1,FALSE,FALSE,FALSE,FALSE,FALSE,FALSE,FALSE,FALSE,FALSE,39.1304347826087,FALSE
982091101529889,2023-06-07,NEDAP,2023-06-07T03:47:00Z,2023-06-07T04:01:20Z,860,746,3016,90500,1908,,66,FALSE,FALSE,FALSE,FALSE,FALSE,91285.7142857143,1,1,FALSE,FALSE,FALSE,FALSE,FALSE,FALSE,FALSE,FALSE,FALSE,52.046511627907,FALSE
982091101529889,2023-06-07,NEDAP,2023-06-07T04:27:00Z,2023-06-07T04:29:08Z,128,67,3016,91500,1908,,66,FALSE,FALSE,FALSE,FALSE,FALSE,91285.7142857143,1,1,FALSE,FALSE,FALSE,FALSE,FALSE,FALSE,FALSE,FALSE,FALSE,31.40625,FALSE
982091101529889,2023-06-07,NEDAP,2023-06-07T07:33:00Z,2023-06-07T07:35:31Z,151,71,3016,92000,1908,,66,FALSE,FALSE,FALSE,FALSE,FALSE,91285.7142857143,1,1,FALSE,FALSE,FALSE,FALSE,FALSE,FALSE,FALSE,FALSE,FALSE,28.2119205298013,FALSE
982091101529889,2023-06-07,NEDAP,2023-06-07T08:44:00Z,2023-06-07T08:50:22Z,382,368,3016,92000,1908,,66,FALSE,FALSE,FALSE,FALSE,FALSE,91285.7142857143,1,1,FALSE,FALSE,FALSE,FALSE,FALSE,FALSE,FALSE,FALSE,FALSE,57.8010471204189,FALSE
982091101529889,2023-06-07,NEDAP,2023-06-07T10:26:00Z,2023-06-07T10:38:11Z,731,616,3016,91500,1908,,66,FALSE,FALSE,FALSE,FALSE,FALSE,91285.7142857143,1,1,FALSE,FALSE,FALSE,FALSE,FALSE,FALSE,FALSE,FALSE,FALSE,50.5608755129959,FALSE
982091101529889,2023-06-07,NEDAP,2023-06-07T21:04:00Z,2023-06-07T21:21:51Z,1071,953,3016,91000,1908,,66,FALSE,FALSE,FALSE,FALSE,FALSE,91285.7142857143,1,1,FALSE,FALSE,FALSE,FALSE,FALSE,FALSE,FALSE,FALSE,FALSE,53.3893557422969,FALSE
982091101529889,2023-06-08,NEDAP,2023-06-08T02:52:00Z,2023-06-08T03:06:49Z,889,739,2917,92500,1908,,66,FALSE,FALSE,FALSE,FALSE,FALSE,92547.883675167,0.974424710734186,1,FALSE,FALSE,FALSE,FALSE,FALSE,FALSE,FALSE,FALSE,FALSE,49.8762654668167,FALSE
982091101529889,2023-06-08,NEDAP,2023-06-08T04:22:00Z,2023-06-08T04:23:39Z,99,13,2917,91500,1908,,66,FALSE,FALSE,FALSE,FALSE,FALSE,92547.883675167,0.974424710734186,1,FALSE,FALSE,FALSE,FALSE,FALSE,FALSE,FALSE,FALSE,FALSE,7.87878787878788,FALSE
982091101529889,2023-06-08,NEDAP,2023-06-08T04:41:00Z,2023-06-08T04:43:34Z,154,112,2917,93000,1908,,66,FALSE,FALSE,FALSE,FALSE,FALSE,92547.883675167,0.974424710734186,1,FALSE,FALSE,FALSE,FALSE,FALSE,FALSE,FALSE,FALSE,FALSE,43.6363636363636,FALSE
982091101529889,2023-06-08,NEDAP,2023-06-08T04:57:00Z,2023-06-08T04:59:10Z,130,112,2917,93500,1908,,66,FALSE,FALSE,FALSE,FALSE,FALSE,92547.883675167,0.974424710734186,0.80647764905985,FALSE,FALSE,FALSE,FALSE,FALSE,FALSE,FALSE,FALSE,FALSE,51.6923076923077,FALSE
982091101529889,2023-06-08,NEDAP,2023-06-08T08:12:00Z,2023-06-08T08:14:09Z,129,87,2917,93000,1908,,66,FALSE,FALSE,FALSE,FALSE,FALSE,92547.883675167,0.974424710734186,1,FALSE,FALSE,FALSE,FALSE,FALSE,FALSE,FALSE,FALSE,FALSE,40.4651162790698,FALSE
982091101529889,2023-06-08,NEDAP,2023-06-08T09:11:00Z,2023-06-08T09:18:23Z,443,414,2917,92500,1908,,66,FALSE,FALSE,FALSE,FALSE,FALSE,92547.883675167,0.974424710734186,1,FALSE,FALSE,FALSE,FALSE,FALSE,FALSE,FALSE,FALSE,FALSE,56.0722347629797,FALSE
982091101529889,2023-06-08,NEDAP,2023-06-08T10:59:00Z,2023-06-08T11:06:40Z,460,432,2917,93000,1908,,66,FALSE,FALSE,FALSE,FALSE,FALSE,92547.883675167,0.974424710734186,1,FALSE,FALSE,FALSE,FALSE,FALSE,FALSE,FALSE,FALSE,FALSE,56.3478260869565,FALSE
982091101529889,2023-06-08,NEDAP,2023-06-08T12:10:00Z,2023-06-08T12:18:04Z,484,452,2917,94000,1908,,66,FALSE,FALSE,FALSE,FALSE,FALSE,92547.883675167,0.974424710734186,0.76798865695694,FALSE,FALSE,FALSE,FALSE,FALSE,FALSE,FALSE,FALSE,FALSE,56.0330578512397,FALSE
982091101529889,2023-06-08,NEDAP,2023-06-08T17:13:00Z,2023-06-08T17:14:07Z,67,16,2917,92000,1908,,66,FALSE,FALSE,FALSE,FALSE,FALSE,92547.883675167,0.974424710734186,1,FALSE,FALSE,FALSE,FALSE,FALSE,FALSE,FALSE,FALSE,FALSE,14.3283582089552,FALSE
982091101529889,2023-06-08,NEDAP,2023-06-08T22:43:00Z,2023-06-08T22:55:18Z,738,540,2917,91000,1908,,66,FALSE,FALSE,FALSE,FALSE,FALSE,92547.883675167,0.974424710734186,1,FALSE,FALSE,FALSE,FALSE,FALSE,FALSE,FALSE,FALSE,FALSE,43.9024390243902,FALSE
982091101529889,2023-06-09,NEDAP,2023-06-09T00:30:00Z,2023-06-09T00:30:32Z,32,5,3075,,1908,,66,FALSE,,FALSE,FALSE,,92035.7534782791,1,,FALSE,FALSE,FALSE,FALSE,FALSE,FALSE,FALSE,FALSE,FALSE,9.375,FALSE
982091101529889,2023-06-09,NEDAP,2023-06-09T00:54:00Z,2023-06-09T00:55:22Z,82,42,3075,91250,1908,,66,FALSE,FALSE,FALSE,FALSE,FALSE,92035.7534782791,1,1,FALSE,FALSE,FALSE,FALSE,FALSE,FALSE,FALSE,FALSE,FALSE,30.7317073170732,FALSE
982091101529889,2023-06-09,NEDAP,2023-06-09T01:04:00Z,2023-06-09T01:04:43Z,43,1,3075,,1908,,66,FALSE,,FALSE,FALSE,,92035.7534782791,1,,FALSE,FALSE,FALSE,FALSE,FALSE,TRUE,FALSE,FALSE,FALSE,1.3953488372093,TRUE
982091101529889,2023-06-09,NEDAP,2023-06-09T02:58:00Z,2023-06-09T02:59:09Z,69,8,3075,90500,1908,,66,FALSE,FALSE,FALSE,FALSE,FALSE,92035.7534782791,1,0.758564013007889,FALSE,FALSE,FALSE,FALSE,FALSE,FALSE,FALSE,FALSE,FALSE,6.95652173913044,FALSE
982091101529889,2023-06-09,NEDAP,2023-06-09T03:27:00Z,2023-06-09T03:34:01Z,421,210,3075,89500,1908,,66,FALSE,FALSE,FALSE,FALSE,FALSE,92035.7534782791,1,0.494803075152368,FALSE,FALSE,FALSE,FALSE,FALSE,FALSE,FALSE,FALSE,FALSE,29.9287410926366,FALSE
982091101529889,2023-06-09,NEDAP,2023-06-09T05:23:00Z,2023-06-09T05:36:13Z,793,539,3075,90500,1908,,66,FALSE,FALSE,FALSE,FALSE,FALSE,92035.7534782791,1,0.691771441237031,FALSE,FALSE,FALSE,FALSE,FALSE,FALSE,FALSE,FALSE,FALSE,40.78184110971,FALSE
982091101529889,2023-06-09,NEDAP,2023-06-09T06:37:00Z,2023-06-09T06:38:13Z,73,33,3075,90500,1908,,66,FALSE,FALSE,FALSE,FALSE,FALSE,92035.7534782791,1,0.662651479570382,FALSE,FALSE,FALSE,FALSE,FALSE,FALSE,FALSE,FALSE,FALSE,27.1232876712329,FALSE
982091101529889,2023-06-09,NEDAP,2023-06-09T06:59:00Z,2023-06-09T06:59:24Z,24,4,3075,,1908,,66,FALSE,,FALSE,FALSE,,92035.7534782791,1,,FALSE,FALSE,FALSE,FALSE,FALSE,FALSE,FALSE,FALSE,FALSE,10,FALSE
982091101529889,2023-06-09,NEDAP,2023-06-09T07:09:00Z,2023-06-09T07:17:13Z,493,383,3075,92000,1908,,66,FALSE,FALSE,FALSE,FALSE,FALSE,92035.7534782791,1,1,FALSE,FALSE,FALSE,FALSE,FALSE,FALSE,FALSE,FALSE,FALSE,46.6125760649087,FALSE
982091101529889,2023-06-09,NEDAP,2023-06-09T09:05:00Z,2023-06-09T09:09:33Z,273,260,3075,92000,1908,,66,FALSE,FALSE,FALSE,FALSE,FALSE,92035.7534782791,1,1,FALSE,FALSE,FALSE,FALSE,FALSE,FALSE,FALSE,FALSE,FALSE,57.1428571428572,FALSE
982091101529889,2023-06-09,NEDAP,2023-06-09T10:52:00Z,2023-06-09T10:54:25Z,145,150,3075,93000,1908,,66,FALSE,FALSE,FALSE,FALSE,FALSE,92035.7534782791,1,1,FALSE,FALSE,FALSE,FALSE,FALSE,FALSE,FALSE,FALSE,FALSE,62.0689655172414,FALSE
982091101529889,2023-06-09,NEDAP,2023-06-09T11:31:00Z,2023-06-09T11:40:54Z,594,639,3075,93000,1908,,66,FALSE,FALSE,FALSE,FALSE,FALSE,92035.7534782791,1,1,FALSE,FALSE,FALSE,FALSE,FALSE,FALSE,FALSE,FALSE,FALSE,64.5454545454546,FALSE
982091101529889,2023-06-09,NEDAP,2023-06-09T16:56:00Z,2023-06-09T17:06:33Z,633,578,3075,94000,1908,,66,FALSE,FALSE,FALSE,FALSE,FALSE,92035.7534782791,1,1,FALSE,FALSE,FALSE,FALSE,FALSE,FALSE,FALSE,FALSE,FALSE,54.7867298578199,FALSE
982091101529889,2023-06-09,NEDAP,2023-06-09T23:59:00Z,2023-06-10T00:03:40Z,280,223,3075,93500,1908,,66,FALSE,FALSE,FALSE,FALSE,FALSE,92035.7534782791,1,1,FALSE,FALSE,FALSE,FALSE,FALSE,FALSE,FALSE,FALSE,FALSE,47.7857142857143,FALSE
982091101529889,2023-06-10,NEDAP,2023-06-10T00:22:00Z,2023-06-10T00:33:26Z,686,648,2953,92000,1908,,66,FALSE,FALSE,FALSE,FALSE,FALSE,93513.3547445276,1,0.947052422800831,FALSE,FALSE,FALSE,FALSE,FALSE,FALSE,FALSE,FALSE,FALSE,56.6763848396502,FALSE
982091101529889,2023-06-10,NEDAP,2023-06-10T04:35:00Z,2023-06-10T04:42:57Z,477,448,2953,93000,1908,,66,FALSE,FALSE,FALSE,FALSE,FALSE,93513.3547445276,1,1,FALSE,FALSE,FALSE,FALSE,FALSE,FALSE,FALSE,FALSE,FALSE,56.3522012578616,FALSE
982091101529889,2023-06-10,NEDAP,2023-06-10T05:36:00Z,2023-06-10T05:38:38Z,158,139,2953,93500,1908,,66,FALSE,FALSE,FALSE,FALSE,FALSE,93513.3547445276,1,1,FALSE,FALSE,FALSE,FALSE,FALSE,FALSE,FALSE,FALSE,FALSE,52.7848101265823,FALSE
982091101529889,2023-06-10,NEDAP,2023-06-10T06:05:00Z,2023-06-10T06:05:58Z,58,61,2953,,1908,,66,FALSE,,FALSE,FALSE,,93513.3547445276,1,,FALSE,FALSE,FALSE,FALSE,FALSE,FALSE,FALSE,FALSE,FALSE,63.1034482758621,FALSE
982091101529889,2023-06-10,NEDAP,2023-06-10T06:21:00Z,2023-06-10T06:21:37Z,37,34,2953,,1908,,66,FALSE,,FALSE,FALSE,,93513.3547445276,1,,FALSE,FALSE,FALSE,FALSE,FALSE,FALSE,FALSE,FALSE,FALSE,55.1351351351351,FALSE
982091101529889,2023-06-10,NEDAP,2023-06-10T06:47:00Z,2023-06-10T06:47:14Z,14,13,2953,,1908,,66,FALSE,,FALSE,FALSE,,93513.3547445276,1,,FALSE,FALSE,FALSE,FALSE,FALSE,FALSE,FALSE,FALSE,FALSE,55.7142857142857,FALSE
982091101529889,2023-06-10,NEDAP,2023-06-10T07:43:00Z,2023-06-10T07:43:16Z,16,7,2953,,1908,,66,FALSE,,FALSE,FALSE,,93513.3547445276,1,,FALSE,FALSE,FALSE,FALSE,FALSE,FALSE,FALSE,FALSE,FALSE,26.25,FALSE
982091101529889,2023-06-10,NEDAP,2023-06-10T08:38:00Z,2023-06-10T08:50:08Z,728,628,2953,94000,1908,,66,FALSE,FALSE,FALSE,FALSE,FALSE,93513.3547445276,1,1,FALSE,FALSE,FALSE,FALSE,FALSE,FALSE,FALSE,FALSE,FALSE,51.7582417582418,FALSE
982091101529889,2023-06-10,NEDAP,2023-06-10T10:07:00Z,2023-06-10T10:07:36Z,36,34,2953,,1908,,66,FALSE,,FALSE,FALSE,,93513.3547445276,1,,FALSE,FALSE,FALSE,FALSE,FALSE,FALSE,FALSE,FALSE,FALSE,56.6666666666667,FALSE
982091101529889,2023-06-10,NEDAP,2023-06-10T10:10:00Z,2023-06-10T10:10:58Z,58,37,2953,,1908,,66,FALSE,,FALSE,FALSE,,93513.3547445276,1,,FALSE,FALSE,FALSE,FALSE,FALSE,FALSE,FALSE,FALSE,FALSE,38.2758620689655,FALSE
982091101529889,2023-06-10,NEDAP,2023-06-10T10:40:00Z,2023-06-10T10:46:09Z,369,315,2953,95000,1908,,66,FALSE,FALSE,FALSE,FALSE,FALSE,93513.3547445276,1,1,FALSE,FALSE,FALSE,FALSE,FALSE,FALSE,FALSE,FALSE,FALSE,51.219512195122,FALSE
982091101529889,2023-06-10,NEDAP,2023-06-10T16:06:00Z,2023-06-10T16:15:51Z,591,589,2953,93500,1908,,66,FALSE,FALSE,FALSE,FALSE,FALSE,93513.3547445276,1,1,FALSE,FALSE,FALSE,FALSE,FALSE,FALSE,FALSE,FALSE,FALSE,59.7969543147208,FALSE
982091101529889,2023-06-11,NEDAP,2023-06-11T00:46:00Z,2023-06-11T01:01:27Z,927,760,3160,94500,1908,,66,FALSE,FALSE,FALSE,FALSE,FALSE,94642.8571428572,1,1,FALSE,FALSE,FALSE,FALSE,FALSE,FALSE,FALSE,FALSE,FALSE,49.1909385113269,FALSE
982091101529889,2023-06-11,NEDAP,2023-06-11T03:59:00Z,2023-06-11T04:00:02Z,62,53,3160,94500,1908,,66,FALSE,FALSE,FALSE,FALSE,FALSE,94642.8571428572,1,1,FALSE,FALSE,FALSE,FALSE,FALSE,FALSE,FALSE,FALSE,FALSE,51.2903225806452,FALSE
982091101529889,2023-06-11,NEDAP,2023-06-11T04:38:00Z,2023-06-11T04:43:55Z,355,283,3160,93500,1908,,66,FALSE,FALSE,FALSE,FALSE,FALSE,94642.8571428572,1,1,FALSE,FALSE,FALSE,FALSE,FALSE,FALSE,FALSE,FALSE,FALSE,47.830985915493,FALSE
982091101529889,2023-06-11,NEDAP,2023-06-11T07:35:00Z,2023-06-11T07:47:56Z,776,773,3160,94500,1908,,66,FALSE,FALSE,FALSE,FALSE,FALSE,94642.8571428572,1,1,FALSE,FALSE,FALSE,FALSE,FALSE,FALSE,FALSE,FALSE,FALSE,59.7680412371134,FALSE
982091101529889,2023-06-11,NEDAP,2023-06-11T09:52:00Z,2023-06-11T09:54:33Z,153,104,3160,95000,1908,,66,FALSE,FALSE,FALSE,FALSE,FALSE,94642.8571428572,1,1,FALSE,FALSE,FALSE,FALSE,FALSE,FALSE,FALSE,FALSE,FALSE,40.7843137254902,FALSE
982091101529889,2023-06-11,NEDAP,2023-06-11T10:39:00Z,2023-06-11T10:50:10Z,670,637,3160,95500,1908,,66,FALSE,FALSE,FALSE,FALSE,FALSE,94642.8571428572,1,1,FALSE,FALSE,FALSE,FALSE,FALSE,FALSE,FALSE,FALSE,FALSE,57.044776119403,FALSE
982091101529889,2023-06-11,NEDAP,2023-06-11T15:38:00Z,2023-06-11T15:48:12Z,612,550,3160,95000,1908,,66,FALSE,FALSE,FALSE,FALSE,FALSE,94642.8571428572,1,1,FALSE,FALSE,FALSE,FALSE,FALSE,FALSE,FALSE,FALSE,FALSE,53.921568627451,FALSE
982091101529889,2023-06-12,NEDAP,2023-06-12T01:34:00Z,2023-06-12T01:51:38Z,1058,963,3438,94000,1908,,66,FALSE,FALSE,FALSE,FALSE,FALSE,95738.791856555,1,1,FALSE,FALSE,FALSE,FALSE,FALSE,FALSE,FALSE,FALSE,FALSE,54.6124763705104,FALSE
982091101529889,2023-06-12,NEDAP,2023-06-12T04:19:00Z,2023-06-12T04:20:32Z,92,70,3438,95000,1908,,66,FALSE,FALSE,FALSE,FALSE,FALSE,95738.791856555,1,1,FALSE,FALSE,FALSE,FALSE,FALSE,FALSE,FALSE,FALSE,FALSE,45.6521739130435,FALSE
982091101529889,2023-06-12,NEDAP,2023-06-12T06:26:00Z,2023-06-12T06:35:26Z,566,531,3438,94000,1908,,66,FALSE,FALSE,FALSE,FALSE,FALSE,95738.791856555,1,0.925351059601214,FALSE,FALSE,FALSE,FALSE,FALSE,FALSE,FALSE,FALSE,FALSE,56.2897526501767,FALSE
982091101529889,2023-06-12,NEDAP,2023-06-12T07:00:00Z,2023-06-12T07:01:13Z,73,51,3438,94500,1908,,66,FALSE,FALSE,FALSE,FALSE,FALSE,95738.791856555,1,1,FALSE,FALSE,FALSE,FALSE,FALSE,FALSE,FALSE,FALSE,FALSE,41.9178082191781,FALSE
982091101529889,2023-06-12,NEDAP,2023-06-12T07:59:00Z,2023-06-12T08:00:20Z,80,24,3438,97000,1908,,66,FALSE,FALSE,FALSE,FALSE,FALSE,95738.791856555,1,1,FALSE,FALSE,FALSE,FALSE,FALSE,FALSE,FALSE,FALSE,FALSE,18,FALSE
982091101529889,2023-06-12,NEDAP,2023-06-12T09:44:00Z,2023-06-12T09:56:58Z,778,739,3438,95500,1908,,66,FALSE,FALSE,FALSE,FALSE,FALSE,95738.791856555,1,1,FALSE,FALSE,FALSE,FALSE,FALSE,FALSE,FALSE,FALSE,FALSE,56.9922879177378,FALSE
982091101529889,2023-06-12,NEDAP,2023-06-12T13:57:00Z,2023-06-12T14:02:27Z,327,287,3438,98500,1908,,66,FALSE,FALSE,FALSE,FALSE,FALSE,95738.791856555,1,0.644839429074062,FALSE,FALSE,FALSE,FALSE,FALSE,FALSE,FALSE,FALSE,FALSE,52.6605504587156,FALSE
982091101529889,2023-06-12,NEDAP,2023-06-12T17:22:00Z,2023-06-12T17:23:24Z,84,76,3438,96000,1908,,66,FALSE,FALSE,FALSE,FALSE,FALSE,95738.791856555,1,1,FALSE,FALSE,FALSE,FALSE,FALSE,FALSE,FALSE,FALSE,FALSE,54.2857142857143,FALSE
982091101529889,2023-06-12,NEDAP,2023-06-12T17:24:00Z,2023-06-12T17:24:17Z,17,24,3438,,1908,,66,FALSE,,FALSE,FALSE,,95738.791856555,1,,FALSE,FALSE,FALSE,FALSE,FALSE,FALSE,FALSE,FALSE,FALSE,84.7058823529412,FALSE
982091101529889,2023-06-12,NEDAP,2023-06-12T17:26:00Z,2023-06-12T17:26:14Z,14,23,3438,,1908,,66,FALSE,,FALSE,FALSE,,95738.791856555,1,,FALSE,FALSE,FALSE,FALSE,FALSE,FALSE,FALSE,FALSE,FALSE,98.5714285714286,FALSE
982091101529889,2023-06-12,NEDAP,2023-06-12T17:30:00Z,2023-06-12T17:41:33Z,693,650,3438,98000,1908,,66,FALSE,FALSE,FALSE,FALSE,FALSE,95738.791856555,1,1,FALSE,FALSE,FALSE,FALSE,FALSE,FALSE,FALSE,FALSE,FALSE,56.2770562770563,FALSE
982091101529889,2023-06-13,NEDAP,2023-06-13T04:42:00Z,2023-06-13T05:00:48Z,1128,1079,3463,93500,1908,,66,FALSE,FALSE,FALSE,FALSE,FALSE,96668.6761888966,1,0.513343476342923,FALSE,FALSE,FALSE,FALSE,FALSE,FALSE,FALSE,FALSE,FALSE,57.3936170212766,FALSE
982091101529889,2023-06-13,NEDAP,2023-06-13T06:28:00Z,2023-06-13T06:29:00Z,60,55,3463,,1908,,66,FALSE,,FALSE,FALSE,,96668.6761888966,1,,FALSE,FALSE,FALSE,FALSE,FALSE,FALSE,FALSE,FALSE,FALSE,55,FALSE
982091101529889,2023-06-13,NEDAP,2023-06-13T07:47:00Z,2023-06-13T07:54:23Z,443,409,3463,96500,1908,,66,FALSE,FALSE,FALSE,FALSE,FALSE,96668.6761888966,1,1,FALSE,FALSE,FALSE,FALSE,FALSE,FALSE,FALSE,FALSE,FALSE,55.3950338600452,FALSE
982091101529889,2023-06-13,NEDAP,2023-06-13T08:28:00Z,2023-06-13T08:29:08Z,68,49,3463,95250,1908,,66,FALSE,FALSE,FALSE,FALSE,FALSE,96668.6761888966,1,0.989231394558138,FALSE,FALSE,FALSE,FALSE,FALSE,FALSE,FALSE,FALSE,FALSE,43.2352941176471,FALSE
982091101529889,2023-06-13,NEDAP,2023-06-13T09:12:00Z,2023-06-13T09:12:45Z,45,10,3463,,1908,,66,FALSE,,FALSE,FALSE,,96668.6761888966,1,,FALSE,FALSE,FALSE,FALSE,FALSE,FALSE,FALSE,FALSE,FALSE,13.3333333333333,FALSE
982091101529889,2023-06-13,NEDAP,2023-06-13T12:07:00Z,2023-06-13T12:21:52Z,892,1001,3463,97000,1908,,66,FALSE,FALSE,FALSE,FALSE,FALSE,96668.6761888966,1,1,FALSE,FALSE,FALSE,FALSE,FALSE,FALSE,FALSE,FALSE,FALSE,67.3318385650224,FALSE
982091101529889,2023-06-13,NEDAP,2023-06-13T13:40:00Z,2023-06-13T13:41:24Z,84,77,3463,97500,1908,,66,FALSE,FALSE,FALSE,FALSE,FALSE,96668.6761888966,1,1,FALSE,FALSE,FALSE,FALSE,FALSE,FALSE,FALSE,FALSE,FALSE,55,FALSE
982091101529889,2023-06-13,NEDAP,2023-06-13T17:03:00Z,2023-06-13T17:15:09Z,729,783,3463,99000,1908,,66,FALSE,FALSE,FALSE,FALSE,FALSE,96668.6761888966,1,0.873343647919885,FALSE,FALSE,FALSE,FALSE,FALSE,FALSE,FALSE,FALSE,FALSE,64.4444444444445,FALSE
982091101529889,2023-06-14,NEDAP,2023-06-14T04:32:00Z,2023-06-14T04:44:29Z,749,410,3503,97000,1908,,66,FALSE,FALSE,FALSE,FALSE,FALSE,97864.5537508826,1,1,FALSE,FALSE,FALSE,FALSE,FALSE,FALSE,FALSE,FALSE,FALSE,32.8437917222964,FALSE
982091101529889,2023-06-14,NEDAP,2023-06-14T04:47:00Z,2023-06-14T04:47:45Z,45,10,3503,,1908,,66,FALSE,,FALSE,FALSE,,97864.5537508826,1,,FALSE,FALSE,FALSE,FALSE,FALSE,FALSE,FALSE,FALSE,FALSE,13.3333333333333,FALSE
982091101529889,2023-06-14,NEDAP,2023-06-14T04:50:00Z,2023-06-14T04:56:13Z,373,328,3503,93000,1908,,66,FALSE,FALSE,FALSE,FALSE,FALSE,97864.5537508826,1,0.348577301837789,FALSE,FALSE,FALSE,FALSE,FALSE,FALSE,FALSE,FALSE,FALSE,52.7613941018767,FALSE
982091101529889,2023-06-14,NEDAP,2023-06-14T05:10:00Z,2023-06-14T05:10:16Z,16,3,3503,,1908,,66,FALSE,,FALSE,FALSE,,97864.5537508826,1,,FALSE,FALSE,FALSE,FALSE,FALSE,FALSE,FALSE,FALSE,FALSE,11.25,FALSE
982091101529889,2023-06-14,NEDAP,2023-06-14T07:12:00Z,2023-06-14T07:18:10Z,370,247,3503,97000,1908,,66,FALSE,FALSE,FALSE,FALSE,FALSE,97864.5537508826,1,1,FALSE,FALSE,FALSE,FALSE,FALSE,FALSE,FALSE,FALSE,FALSE,40.0540540540541,FALSE
982091101529889,2023-06-14,NEDAP,2023-06-14T07:23:00Z,2023-06-14T07:23:27Z,27,5,3503,,1908,,66,FALSE,,FALSE,FALSE,,97864.5537508826,1,,FALSE,FALSE,FALSE,FALSE,FALSE,FALSE,FALSE,FALSE,FALSE,11.1111111111111,FALSE
982091101529889,2023-06-14,NEDAP,2023-06-14T07:40:00Z,2023-06-14T07:40:21Z,21,7,3503,,1908,,66,FALSE,,FALSE,FALSE,,97864.5537508826,1,,FALSE,FALSE,FALSE,FALSE,FALSE,FALSE,FALSE,FALSE,FALSE,20,FALSE
982091101529889,2023-06-14,NEDAP,2023-06-14T08:34:00Z,2023-06-14T08:39:33Z,333,263,3503,96500,1908,,66,FALSE,FALSE,FALSE,FALSE,FALSE,97864.5537508826,1,1,FALSE,FALSE,FALSE,FALSE,FALSE,FALSE,FALSE,FALSE,FALSE,47.3873873873874,FALSE
982091101529889,2023-06-14,NEDAP,2023-06-14T08:57:00Z,2023-06-14T09:04:32Z,452,434,3503,97500,1908,,66,FALSE,FALSE,FALSE,FALSE,FALSE,97864.5537508826,1,1,FALSE,FALSE,FALSE,FALSE,FALSE,FALSE,FALSE,FALSE,FALSE,57.6106194690266,FALSE
982091101529889,2023-06-14,NEDAP,2023-06-14T10:25:00Z,2023-06-14T10:29:07Z,247,190,3503,99000,1908,,66,FALSE,FALSE,FALSE,FALSE,FALSE,97864.5537508826,1,1,FALSE,FALSE,FALSE,FALSE,FALSE,FALSE,FALSE,FALSE,FALSE,46.1538461538462,FALSE
982091101529889,2023-06-14,NEDAP,2023-06-14T12:55:00Z,2023-06-14T13:05:56Z,656,520,3503,97500,1908,,66,FALSE,FALSE,FALSE,FALSE,FALSE,97864.5537508826,1,1,FALSE,FALSE,FALSE,FALSE,FALSE,FALSE,FALSE,FALSE,FALSE,47.5609756097561,FALSE
982091101529889,2023-06-14,NEDAP,2023-06-14T13:28:00Z,2023-06-14T13:35:19Z,439,462,3503,98500,1908,,66,FALSE,FALSE,FALSE,FALSE,FALSE,97864.5537508826,1,1,FALSE,FALSE,FALSE,FALSE,FALSE,FALSE,FALSE,FALSE,FALSE,63.1435079726652,FALSE
982091101529889,2023-06-14,NEDAP,2023-06-14T16:54:00Z,2023-06-14T17:03:34Z,574,529,3503,1e+05,1908,,66,FALSE,FALSE,FALSE,FALSE,FALSE,97864.5537508826,1,0.98906869187687,FALSE,FALSE,FALSE,FALSE,FALSE,FALSE,FALSE,FALSE,FALSE,55.2961672473868,FALSE
982091101529889,2023-06-14,NEDAP,2023-06-14T18:47:00Z,2023-06-14T18:48:55Z,115,95,3503,99500,1908,,66,FALSE,FALSE,FALSE,FALSE,FALSE,97864.5537508826,1,1,FALSE,FALSE,FALSE,FALSE,FALSE,FALSE,FALSE,FALSE,FALSE,49.5652173913044,FALSE
982091101529889,2023-06-15,NEDAP,2023-06-15T02:51:00Z,2023-06-15T03:08:54Z,1074,1097,3832,98000,1908,,66,FALSE,FALSE,FALSE,FALSE,FALSE,98128.4185700875,1,1,FALSE,FALSE,FALSE,FALSE,FALSE,FALSE,FALSE,FALSE,FALSE,61.2849162011173,FALSE
982091101529889,2023-06-15,NEDAP,2023-06-15T05:57:00Z,2023-06-15T05:57:59Z,59,35,3832,,1908,,66,FALSE,,FALSE,FALSE,,98128.4185700875,1,,FALSE,FALSE,FALSE,FALSE,FALSE,FALSE,FALSE,FALSE,FALSE,35.5932203389831,FALSE
982091101529889,2023-06-15,NEDAP,2023-06-15T06:03:00Z,2023-06-15T06:05:06Z,126,97,3832,96500,1908,,66,FALSE,FALSE,FALSE,FALSE,FALSE,98128.4185700875,1,0.684556360517087,FALSE,FALSE,FALSE,FALSE,FALSE,FALSE,FALSE,FALSE,FALSE,46.1904761904762,FALSE
982091101529889,2023-06-15,NEDAP,2023-06-15T06:11:00Z,2023-06-15T06:11:39Z,39,6,3832,,1908,,66,FALSE,,FALSE,FALSE,,98128.4185700875,1,,FALSE,FALSE,FALSE,FALSE,FALSE,FALSE,FALSE,FALSE,FALSE,9.23076923076923,FALSE
982091101529889,2023-06-15,NEDAP,2023-06-15T11:32:00Z,2023-06-15T11:49:29Z,1049,1179,3832,99500,1908,,66,FALSE,FALSE,FALSE,FALSE,FALSE,98128.4185700875,1,1,FALSE,FALSE,FALSE,FALSE,FALSE,FALSE,FALSE,FALSE,FALSE,67.4356530028599,FALSE
982091101529889,2023-06-15,NEDAP,2023-06-15T15:44:00Z,2023-06-15T15:44:32Z,32,29,3832,,1908,,66,FALSE,,FALSE,FALSE,,98128.4185700875,1,,FALSE,FALSE,FALSE,FALSE,FALSE,FALSE,FALSE,FALSE,FALSE,54.375,FALSE
982091101529889,2023-06-15,NEDAP,2023-06-15T22:07:00Z,2023-06-15T22:26:43Z,1183,1389,3832,98000,1908,,66,FALSE,FALSE,FALSE,FALSE,FALSE,98128.4185700875,1,1,FALSE,FALSE,FALSE,FALSE,FALSE,FALSE,FALSE,FALSE,FALSE,70.4480135249366,FALSE
982091101529889,2023-06-16,NEDAP,2023-06-16T03:46:00Z,2023-06-16T03:47:35Z,95,19,2919,100500,1908,,66,FALSE,FALSE,FALSE,FALSE,FALSE,100518.415086257,1,1,FALSE,FALSE,FALSE,FALSE,FALSE,FALSE,FALSE,FALSE,FALSE,12,FALSE
982091101529889,2023-06-16,NEDAP,2023-06-16T07:39:00Z,2023-06-16T07:55:00Z,960,1193,2919,101500,1908,,66,FALSE,FALSE,FALSE,FALSE,FALSE,100518.415086257,1,0.722557138431165,FALSE,FALSE,FALSE,FALSE,FALSE,FALSE,FALSE,FALSE,FALSE,74.5625,FALSE
982091101529889,2023-06-16,NEDAP,2023-06-16T08:37:00Z,2023-06-16T08:38:23Z,83,57,2919,97500,1908,,66,FALSE,FALSE,FALSE,FALSE,FALSE,100518.415086257,1,0.812783243330626,FALSE,FALSE,FALSE,FALSE,FALSE,FALSE,FALSE,FALSE,FALSE,41.2048192771084,FALSE
982091101529889,2023-06-16,NEDAP,2023-06-16T08:55:00Z,2023-06-16T08:55:54Z,54,21,2919,,1908,,66,FALSE,,FALSE,FALSE,,100518.415086257,1,,FALSE,FALSE,FALSE,FALSE,FALSE,FALSE,FALSE,FALSE,FALSE,23.3333333333333,FALSE
982091101529889,2023-06-16,NEDAP,2023-06-16T11:28:00Z,2023-06-16T11:34:20Z,380,398,2919,100500,1908,,66,FALSE,FALSE,FALSE,FALSE,FALSE,100518.415086257,1,1,FALSE,FALSE,FALSE,FALSE,FALSE,FALSE,FALSE,FALSE,FALSE,62.8421052631579,FALSE
982091101529889,2023-06-16,NEDAP,2023-06-16T12:49:00Z,2023-06-16T12:52:37Z,217,178,2919,101500,1908,,66,FALSE,FALSE,FALSE,FALSE,FALSE,100518.415086257,1,0.868129024687656,FALSE,FALSE,FALSE,FALSE,FALSE,FALSE,FALSE,FALSE,FALSE,49.2165898617512,FALSE
982091101529889,2023-06-16,NEDAP,2023-06-16T15:12:00Z,2023-06-16T15:24:59Z,779,916,2919,100500,1908,,66,FALSE,FALSE,FALSE,FALSE,FALSE,100518.415086257,1,1,FALSE,FALSE,FALSE,FALSE,FALSE,FALSE,FALSE,FALSE,FALSE,70.5519897304236,FALSE
982091101529889,2023-06-16,NEDAP,2023-06-16T17:16:00Z,2023-06-16T17:17:51Z,111,137,2919,101500,1908,,66,FALSE,FALSE,FALSE,FALSE,FALSE,100518.415086257,1,0.964938344932605,FALSE,FALSE,FALSE,FALSE,FALSE,FALSE,FALSE,FALSE,FALSE,74.0540540540541,FALSE
982091101529889,2023-06-17,NEDAP,2023-06-17T03:33:00Z,2023-06-17T03:35:49Z,169,35,1496,99000,1908,,66,FALSE,FALSE,FALSE,FALSE,FALSE,98851.2362858977,1,1,FALSE,FALSE,FALSE,FALSE,FALSE,FALSE,FALSE,FALSE,FALSE,12.4260355029586,FALSE
982091101529889,2023-06-17,NEDAP,2023-06-17T04:36:00Z,2023-06-17T04:39:53Z,233,8,1496,98500,1908,,66,FALSE,FALSE,FALSE,FALSE,FALSE,98851.2362858977,1,1,FALSE,FALSE,FALSE,FALSE,FALSE,FALSE,FALSE,FALSE,FALSE,2.06008583690987,FALSE
982091101529889,2023-06-17,NEDAP,2023-06-17T04:57:00Z,2023-06-17T04:57:48Z,48,1,1496,,1908,,66,FALSE,,FALSE,FALSE,,98851.2362858977,1,,FALSE,FALSE,FALSE,FALSE,FALSE,TRUE,FALSE,FALSE,FALSE,1.25,TRUE
982091101529889,2023-06-17,NEDAP,2023-06-17T10:33:00Z,2023-06-17T10:35:36Z,156,1,1496,98000,1908,,66,FALSE,FALSE,FALSE,FALSE,FALSE,98851.2362858977,1,0.699047804079233,FALSE,FALSE,FALSE,FALSE,FALSE,TRUE,FALSE,FALSE,FALSE,0.384615384615385,TRUE
982091101529889,2023-06-17,NEDAP,2023-06-17T16:38:00Z,2023-06-17T16:47:06Z,546,783,1496,99000,1908,,66,FALSE,FALSE,FALSE,FALSE,FALSE,98851.2362858977,1,1,FALSE,FALSE,FALSE,FALSE,FALSE,FALSE,FALSE,FALSE,FALSE,86.043956043956,FALSE
982091101529889,2023-06-17,NEDAP,2023-06-17T20:23:00Z,2023-06-17T20:35:24Z,744,668,1496,99500,1908,,66,FALSE,FALSE,FALSE,FALSE,FALSE,98851.2362858977,1,1,FALSE,FALSE,FALSE,FALSE,FALSE,FALSE,FALSE,FALSE,FALSE,53.8709677419355,FALSE
982091101529889,2023-06-18,NEDAP,2023-06-18T02:40:00Z,2023-06-18T02:55:00Z,900,646,4275,99500,1908,,66,FALSE,FALSE,FALSE,FALSE,FALSE,101180.282848086,1,1,FALSE,FALSE,FALSE,FALSE,FALSE,FALSE,FALSE,FALSE,FALSE,43.0666666666667,FALSE
982091101529889,2023-06-18,NEDAP,2023-06-18T05:40:00Z,2023-06-18T05:52:33Z,753,831,4275,99500,1908,,66,FALSE,FALSE,FALSE,FALSE,FALSE,101180.282848086,1,1,FALSE,FALSE,FALSE,FALSE,FALSE,FALSE,FALSE,FALSE,FALSE,66.2151394422311,FALSE
982091101529889,2023-06-18,NEDAP,2023-06-18T07:48:00Z,2023-06-18T07:56:09Z,489,483,4275,100500,1908,,66,FALSE,FALSE,FALSE,FALSE,FALSE,101180.282848086,1,1,FALSE,FALSE,FALSE,FALSE,FALSE,FALSE,FALSE,FALSE,FALSE,59.2638036809816,FALSE
982091101529889,2023-06-18,NEDAP,2023-06-18T09:09:00Z,2023-06-18T09:11:04Z,124,122,4275,102000,1908,,66,FALSE,FALSE,FALSE,FALSE,FALSE,101180.282848086,1,1,FALSE,FALSE,FALSE,FALSE,FALSE,FALSE,FALSE,FALSE,FALSE,59.0322580645161,FALSE
982091101529889,2023-06-18,NEDAP,2023-06-18T11:15:00Z,2023-06-18T11:16:55Z,115,52,4275,100500,1908,,66,FALSE,FALSE,FALSE,FALSE,FALSE,101180.282848086,1,1,FALSE,FALSE,FALSE,FALSE,FALSE,FALSE,FALSE,FALSE,FALSE,27.1304347826087,FALSE
982091101529889,2023-06-18,NEDAP,2023-06-18T11:44:00Z,2023-06-18T11:48:10Z,250,276,4275,102000,1908,,66,FALSE,FALSE,FALSE,FALSE,FALSE,101180.282848086,1,1,FALSE,FALSE,FALSE,FALSE,FALSE,FALSE,FALSE,FALSE,FALSE,66.24,FALSE
982091101529889,2023-06-18,NEDAP,2023-06-18T14:35:00Z,2023-06-18T14:40:09Z,309,379,4275,1e+05,1908,,66,FALSE,FALSE,FALSE,FALSE,FALSE,101180.282848086,1,1,FALSE,FALSE,FALSE,FALSE,FALSE,FALSE,FALSE,FALSE,FALSE,73.5922330097087,FALSE
982091101529889,2023-06-18,NEDAP,2023-06-18T14:59:00Z,2023-06-18T15:09:19Z,619,744,4275,102000,1908,,66,FALSE,FALSE,FALSE,FALSE,FALSE,101180.282848086,1,1,FALSE,FALSE,FALSE,FALSE,FALSE,FALSE,FALSE,FALSE,FALSE,72.1163166397415,FALSE
982091101529889,2023-06-18,NEDAP,2023-06-18T17:30:00Z,2023-06-18T17:30:21Z,21,34,4275,,1908,,66,FALSE,,FALSE,FALSE,,101180.282848086,1,,FALSE,FALSE,FALSE,FALSE,FALSE,FALSE,FALSE,FALSE,FALSE,97.1428571428572,FALSE
982091101529889,2023-06-18,NEDAP,2023-06-18T18:14:00Z,2023-06-18T18:16:22Z,142,81,4275,103250,1908,,66,FALSE,FALSE,FALSE,FALSE,FALSE,101180.282848086,1,0.805556835611822,FALSE,FALSE,FALSE,FALSE,FALSE,FALSE,FALSE,FALSE,FALSE,34.2253521126761,FALSE
982091101529889,2023-06-18,NEDAP,2023-06-18T20:04:00Z,2023-06-18T20:12:03Z,483,627,4275,103000,1908,,66,FALSE,FALSE,FALSE,FALSE,FALSE,101180.282848086,1,0.975419714712475,FALSE,FALSE,FALSE,FALSE,FALSE,FALSE,FALSE,FALSE,FALSE,77.888198757764,FALSE
982091101529889,2023-06-19,NEDAP,2023-06-19T07:00:00Z,2023-06-19T07:18:33Z,1113,1265,3804,102500,1908,,66,FALSE,FALSE,FALSE,FALSE,FALSE,102811.722207372,1,1,FALSE,FALSE,FALSE,FALSE,FALSE,FALSE,FALSE,FALSE,FALSE,68.1940700808625,FALSE
982091101529889,2023-06-19,NEDAP,2023-06-19T10:06:00Z,2023-06-19T10:13:08Z,428,419,3804,103500,1908,,66,FALSE,FALSE,FALSE,FALSE,FALSE,102811.722207372,1,0.811606945398928,FALSE,FALSE,FALSE,FALSE,FALSE,FALSE,FALSE,FALSE,FALSE,58.7383177570094,FALSE
982091101529889,2023-06-19,NEDAP,2023-06-19T13:33:00Z,2023-06-19T13:39:08Z,368,385,3804,103000,1908,,66,FALSE,FALSE,FALSE,FALSE,FALSE,102811.722207372,1,1,FALSE,FALSE,FALSE,FALSE,FALSE,FALSE,FALSE,FALSE,FALSE,62.7717391304348,FALSE
982091101529889,2023-06-19,NEDAP,2023-06-19T15:15:00Z,2023-06-19T15:24:02Z,542,589,3804,103000,1908,,66,FALSE,FALSE,FALSE,FALSE,FALSE,102811.722207372,1,1,FALSE,FALSE,FALSE,FALSE,FALSE,FALSE,FALSE,FALSE,FALSE,65.2029520295203,FALSE
982091101529889,2023-06-19,NEDAP,2023-06-19T16:23:00Z,2023-06-19T16:26:20Z,200,214,3804,102500,1908,,66,FALSE,FALSE,FALSE,FALSE,FALSE,102811.722207372,1,1,FALSE,FALSE,FALSE,FALSE,FALSE,FALSE,FALSE,FALSE,FALSE,64.2,FALSE
982091101529889,2023-06-19,NEDAP,2023-06-19T19:34:00Z,2023-06-19T19:46:56Z,776,932,3804,102500,1908,,66,FALSE,FALSE,FALSE,FALSE,FALSE,102811.722207372,1,1,FALSE,FALSE,FALSE,FALSE,FALSE,FALSE,FALSE,FALSE,FALSE,72.0618556701031,FALSE
982091101529889,2023-06-20,NEDAP,2023-06-20T06:53:00Z,2023-06-20T07:11:33Z,1113,1230,3966,99250,1908,,66,FALSE,FALSE,FALSE,FALSE,FALSE,101552.910529466,1,0.566910754784853,FALSE,FALSE,FALSE,FALSE,FALSE,FALSE,FALSE,FALSE,FALSE,66.3072776280323,FALSE
982091101529889,2023-06-20,NEDAP,2023-06-20T08:54:00Z,2023-06-20T08:54:51Z,51,50,3966,,1908,,66,FALSE,,FALSE,FALSE,,101552.910529466,1,,FALSE,FALSE,FALSE,FALSE,FALSE,FALSE,FALSE,FALSE,FALSE,58.8235294117647,FALSE
982091101529889,2023-06-20,NEDAP,2023-06-20T09:55:00Z,2023-06-20T10:03:47Z,527,583,3966,101500,1908,,66,FALSE,FALSE,FALSE,FALSE,FALSE,101552.910529466,1,1,FALSE,FALSE,FALSE,FALSE,FALSE,FALSE,FALSE,FALSE,FALSE,66.3757115749526,FALSE
982091101529889,2023-06-20,NEDAP,2023-06-20T12:36:00Z,2023-06-20T12:39:18Z,198,141,3966,100500,1908,,66,FALSE,FALSE,FALSE,FALSE,FALSE,101552.910529466,1,0.88317343229602,FALSE,FALSE,FALSE,FALSE,FALSE,FALSE,FALSE,FALSE,FALSE,42.7272727272727,FALSE
982091101529889,2023-06-20,NEDAP,2023-06-20T14:00:00Z,2023-06-20T14:00:23Z,23,14,3966,,1908,,66,FALSE,,FALSE,FALSE,,101552.910529466,1,,FALSE,FALSE,FALSE,FALSE,FALSE,FALSE,FALSE,FALSE,FALSE,36.5217391304348,FALSE
982091101529889,2023-06-20,NEDAP,2023-06-20T14:25:00Z,2023-06-20T14:33:34Z,514,478,3966,101000,1908,,66,FALSE,FALSE,FALSE,FALSE,FALSE,101552.910529466,1,1,FALSE,FALSE,FALSE,FALSE,FALSE,FALSE,FALSE,FALSE,FALSE,55.7976653696498,FALSE
982091101529889,2023-06-20,NEDAP,2023-06-20T16:36:00Z,2023-06-20T16:38:57Z,177,130,3966,103000,1908,,66,FALSE,FALSE,FALSE,FALSE,FALSE,101552.910529466,1,1,FALSE,FALSE,FALSE,FALSE,FALSE,FALSE,FALSE,FALSE,FALSE,44.0677966101695,FALSE
982091101529889,2023-06-20,NEDAP,2023-06-20T17:33:00Z,2023-06-20T17:45:46Z,766,858,3966,102500,1908,,66,FALSE,FALSE,FALSE,FALSE,FALSE,101552.910529466,1,1,FALSE,FALSE,FALSE,FALSE,FALSE,FALSE,FALSE,FALSE,FALSE,67.2062663185379,FALSE
982091101529889,2023-06-20,NEDAP,2023-06-20T20:48:00Z,2023-06-20T20:54:26Z,386,482,3966,102000,1908,,66,FALSE,FALSE,FALSE,FALSE,FALSE,101552.910529466,1,1,FALSE,FALSE,FALSE,FALSE,FALSE,FALSE,FALSE,FALSE,FALSE,74.9222797927461,FALSE
982091101529889,2023-06-21,NEDAP,2023-06-21T01:09:00Z,2023-06-21T01:09:59Z,59,18,3348,,1908,,66,FALSE,,FALSE,FALSE,,103948.281095553,1,,FALSE,FALSE,FALSE,FALSE,FALSE,FALSE,FALSE,FALSE,FALSE,18.3050847457627,FALSE
982091101529889,2023-06-21,NEDAP,2023-06-21T09:47:00Z,2023-06-21T10:06:27Z,1167,1080,3348,100500,1908,,66,FALSE,FALSE,FALSE,FALSE,FALSE,103948.281095553,1,0.65809368307222,FALSE,FALSE,FALSE,FALSE,FALSE,FALSE,FALSE,FALSE,FALSE,55.5269922879177,FALSE
982091101529889,2023-06-21,NEDAP,2023-06-21T12:51:00Z,2023-06-21T12:52:14Z,74,1,3348,30000,1908,,66,FALSE,TRUE,FALSE,FALSE,TRUE,103948.281095553,1,0.0214467067364617,FALSE,FALSE,FALSE,FALSE,FALSE,TRUE,FALSE,FALSE,FALSE,0.810810810810811,TRUE
982091101529889,2023-06-21,NEDAP,2023-06-21T12:54:00Z,2023-06-21T12:54:52Z,52,1,3348,,1908,,66,FALSE,,FALSE,FALSE,,103948.281095553,1,,FALSE,FALSE,FALSE,FALSE,FALSE,TRUE,FALSE,FALSE,FALSE,1.15384615384615,TRUE
982091101529889,2023-06-21,NEDAP,2023-06-21T13:13:00Z,2023-06-21T13:22:00Z,540,184,3348,105500,1908,,66,FALSE,FALSE,FALSE,FALSE,FALSE,103948.281095553,1,0.661863158694989,FALSE,FALSE,FALSE,FALSE,FALSE,FALSE,FALSE,FALSE,FALSE,20.4444444444444,FALSE
982091101529889,2023-06-21,NEDAP,2023-06-21T13:54:00Z,2023-06-21T13:55:21Z,81,1,3348,106500,1908,,66,FALSE,FALSE,FALSE,FALSE,FALSE,103948.281095553,1,0.477291655372486,FALSE,FALSE,FALSE,FALSE,FALSE,TRUE,FALSE,FALSE,FALSE,0.740740740740741,TRUE
982091101529889,2023-06-21,NEDAP,2023-06-21T14:45:00Z,2023-06-21T14:49:22Z,262,226,3348,103000,1908,,66,FALSE,FALSE,FALSE,FALSE,FALSE,103948.281095553,1,1,FALSE,FALSE,FALSE,FALSE,FALSE,FALSE,FALSE,FALSE,FALSE,51.7557251908397,FALSE
982091101529889,2023-06-21,NEDAP,2023-06-21T16:04:00Z,2023-06-21T16:10:29Z,389,364,3348,103000,1908,,66,FALSE,FALSE,FALSE,FALSE,FALSE,103948.281095553,1,1,FALSE,FALSE,FALSE,FALSE,FALSE,FALSE,FALSE,FALSE,FALSE,56.1439588688946,FALSE
982091101529889,2023-06-21,NEDAP,2023-06-21T18:37:00Z,2023-06-21T18:42:10Z,310,179,3348,104000,1908,,66,FALSE,FALSE,FALSE,FALSE,FALSE,103948.281095553,1,1,FALSE,FALSE,FALSE,FALSE,FALSE,FALSE,FALSE,FALSE,FALSE,34.6451612903226,FALSE
982091101529889,2023-06-21,NEDAP,2023-06-21T18:49:00Z,2023-06-21T18:53:44Z,284,266,3348,106000,1908,,66,FALSE,FALSE,FALSE,FALSE,FALSE,103948.281095553,1,0.642133125714993,FALSE,FALSE,FALSE,FALSE,FALSE,FALSE,FALSE,FALSE,FALSE,56.1971830985916,FALSE
982091101529889,2023-06-21,NEDAP,2023-06-21T22:03:00Z,2023-06-21T22:17:02Z,842,1028,3348,104500,1908,,66,FALSE,FALSE,FALSE,FALSE,FALSE,103948.281095553,1,1,FALSE,FALSE,FALSE,FALSE,FALSE,FALSE,FALSE,FALSE,FALSE,73.2541567695962,FALSE
982091101529889,2023-06-22,NEDAP,2023-06-22T08:57:00Z,2023-06-22T09:09:33Z,753,792,3528,105000,1908,,66,FALSE,FALSE,FALSE,FALSE,FALSE,105256.043834498,1,1,FALSE,FALSE,FALSE,FALSE,FALSE,FALSE,FALSE,FALSE,FALSE,63.1075697211155,FALSE
982091101529889,2023-06-22,NEDAP,2023-06-22T11:51:00Z,2023-06-22T11:54:12Z,192,119,3528,106000,1908,,66,FALSE,FALSE,FALSE,FALSE,FALSE,105256.043834498,1,0.717160866407347,FALSE,FALSE,FALSE,FALSE,FALSE,FALSE,FALSE,FALSE,FALSE,37.1875,FALSE
982091101529889,2023-06-22,NEDAP,2023-06-22T12:07:00Z,2023-06-22T12:07:28Z,28,12,3528,,1908,,66,FALSE,,FALSE,FALSE,,105256.043834498,1,,FALSE,FALSE,FALSE,FALSE,FALSE,FALSE,FALSE,FALSE,FALSE,25.7142857142857,FALSE
982091101529889,2023-06-22,NEDAP,2023-06-22T12:31:00Z,2023-06-22T12:32:17Z,77,61,3528,103500,1908,,66,FALSE,FALSE,FALSE,FALSE,FALSE,105256.043834498,1,1,FALSE,FALSE,FALSE,FALSE,FALSE,FALSE,FALSE,FALSE,FALSE,47.5324675324675,FALSE
982091101529889,2023-06-22,NEDAP,2023-06-22T12:35:00Z,2023-06-22T12:41:27Z,387,440,3528,105000,1908,,66,FALSE,FALSE,FALSE,FALSE,FALSE,105256.043834498,1,1,FALSE,FALSE,FALSE,FALSE,FALSE,FALSE,FALSE,FALSE,FALSE,68.2170542635659,FALSE
982091101529889,2023-06-22,NEDAP,2023-06-22T14:08:00Z,2023-06-22T14:10:45Z,165,150,3528,105000,1908,,66,FALSE,FALSE,FALSE,FALSE,FALSE,105256.043834498,1,1,FALSE,FALSE,FALSE,FALSE,FALSE,FALSE,FALSE,FALSE,FALSE,54.5454545454546,FALSE
982091101529889,2023-06-22,NEDAP,2023-06-22T14:53:00Z,2023-06-22T14:53:25Z,25,6,3528,,1908,,66,FALSE,,FALSE,FALSE,,105256.043834498,1,,FALSE,FALSE,FALSE,FALSE,FALSE,FALSE,FALSE,FALSE,FALSE,14.4,FALSE
982091101529889,2023-06-22,NEDAP,2023-06-22T15:45:00Z,2023-06-22T15:49:29Z,269,90,3528,106000,1908,,66,FALSE,FALSE,FALSE,FALSE,FALSE,105256.043834498,1,0.934010310414934,FALSE,FALSE,FALSE,FALSE,FALSE,FALSE,FALSE,FALSE,FALSE,20.0743494423792,FALSE
982091101529889,2023-06-22,NEDAP,2023-06-22T16:14:00Z,2023-06-22T16:14:16Z,16,4,3528,,1908,,66,FALSE,,FALSE,FALSE,,105256.043834498,1,,FALSE,FALSE,FALSE,FALSE,FALSE,FALSE,FALSE,FALSE,FALSE,15,FALSE
982091101529889,2023-06-22,NEDAP,2023-06-22T16:18:00Z,2023-06-22T16:23:48Z,348,356,3528,105250,1908,,66,FALSE,FALSE,FALSE,FALSE,FALSE,105256.043834498,1,1,FALSE,FALSE,FALSE,FALSE,FALSE,FALSE,FALSE,FALSE,FALSE,61.3793103448276,FALSE
982091101529889,2023-06-22,NEDAP,2023-06-22T18:13:00Z,2023-06-22T18:22:49Z,589,684,3528,105500,1908,,66,FALSE,FALSE,FALSE,FALSE,FALSE,105256.043834498,1,1,FALSE,FALSE,FALSE,FALSE,FALSE,FALSE,FALSE,FALSE,FALSE,69.6774193548387,FALSE
982091101529889,2023-06-22,NEDAP,2023-06-22T21:49:00Z,2023-06-22T22:01:01Z,721,814,3528,106500,1908,,66,FALSE,FALSE,FALSE,FALSE,FALSE,105256.043834498,1,0.850402979642878,FALSE,FALSE,FALSE,FALSE,FALSE,FALSE,FALSE,FALSE,FALSE,67.7392510402219,FALSE
982091101529889,2023-06-23,NEDAP,2023-06-23T07:38:00Z,2023-06-23T07:40:40Z,160,76,3604,104500,1908,,66,FALSE,FALSE,FALSE,FALSE,FALSE,105145.678249102,1,1,FALSE,FALSE,FALSE,FALSE,FALSE,FALSE,FALSE,FALSE,FALSE,28.5,FALSE
982091101529889,2023-06-23,NEDAP,2023-06-23T08:39:00Z,2023-06-23T08:48:57Z,597,594,3604,101500,1908,,66,FALSE,FALSE,FALSE,FALSE,FALSE,105145.678249102,1,0.470372952202765,FALSE,FALSE,FALSE,FALSE,FALSE,FALSE,FALSE,FALSE,FALSE,59.6984924623116,FALSE
982091101529889,2023-06-23,NEDAP,2023-06-23T11:09:00Z,2023-06-23T11:09:45Z,45,31,3604,,1908,,66,FALSE,,FALSE,FALSE,,105145.678249102,1,,FALSE,FALSE,FALSE,FALSE,FALSE,FALSE,FALSE,FALSE,FALSE,41.3333333333333,FALSE
982091101529889,2023-06-23,NEDAP,2023-06-23T11:26:00Z,2023-06-23T11:30:15Z,255,267,3604,105500,1908,,66,FALSE,FALSE,FALSE,FALSE,FALSE,105145.678249102,1,1,FALSE,FALSE,FALSE,FALSE,FALSE,FALSE,FALSE,FALSE,FALSE,62.8235294117647,FALSE
982091101529889,2023-06-23,NEDAP,2023-06-23T11:49:00Z,2023-06-23T11:57:07Z,487,533,3604,103000,1908,,66,FALSE,FALSE,FALSE,FALSE,FALSE,105145.678249102,1,0.753685967309363,FALSE,FALSE,FALSE,FALSE,FALSE,FALSE,FALSE,FALSE,FALSE,65.6673511293634,FALSE
982091101529889,2023-06-23,NEDAP,2023-06-23T12:35:00Z,2023-06-23T12:36:35Z,95,53,3604,105500,1908,,66,FALSE,FALSE,FALSE,FALSE,FALSE,105145.678249102,1,1,FALSE,FALSE,FALSE,FALSE,FALSE,FALSE,FALSE,FALSE,FALSE,33.4736842105263,FALSE
982091101529889,2023-06-23,NEDAP,2023-06-23T13:39:00Z,2023-06-23T13:39:11Z,11,4,3604,,1908,,66,FALSE,,FALSE,FALSE,,105145.678249102,1,,FALSE,FALSE,FALSE,FALSE,FALSE,FALSE,FALSE,FALSE,FALSE,21.8181818181818,FALSE
982091101529889,2023-06-23,NEDAP,2023-06-23T13:55:00Z,2023-06-23T13:56:29Z,89,53,3604,102500,1908,,66,FALSE,FALSE,FALSE,FALSE,FALSE,105145.678249102,1,0.554004654384707,FALSE,FALSE,FALSE,FALSE,FALSE,FALSE,FALSE,FALSE,FALSE,35.7303370786517,FALSE
982091101529889,2023-06-23,NEDAP,2023-06-23T14:11:00Z,2023-06-23T14:15:11Z,251,309,3604,104000,1908,,66,FALSE,FALSE,FALSE,FALSE,FALSE,105145.678249102,1,1,FALSE,FALSE,FALSE,FALSE,FALSE,FALSE,FALSE,FALSE,FALSE,73.8645418326693,FALSE
982091101529889,2023-06-23,NEDAP,2023-06-23T15:16:00Z,2023-06-23T15:20:32Z,272,150,3604,108000,1908,,66,FALSE,FALSE,FALSE,FALSE,FALSE,105145.678249102,1,0.623326771092498,FALSE,FALSE,FALSE,FALSE,FALSE,FALSE,FALSE,FALSE,FALSE,33.0882352941176,FALSE
982091101529889,2023-06-23,NEDAP,2023-06-23T15:24:00Z,2023-06-23T15:24:45Z,45,35,3604,,1908,,66,FALSE,,FALSE,FALSE,,105145.678249102,1,,FALSE,FALSE,FALSE,FALSE,FALSE,FALSE,FALSE,FALSE,FALSE,46.6666666666667,FALSE
982091101529889,2023-06-23,NEDAP,2023-06-23T16:54:00Z,2023-06-23T16:58:55Z,295,224,3604,106000,1908,,66,FALSE,FALSE,FALSE,FALSE,FALSE,105145.678249102,1,1,FALSE,FALSE,FALSE,FALSE,FALSE,FALSE,FALSE,FALSE,FALSE,45.5593220338983,FALSE
982091101529889,2023-06-23,NEDAP,2023-06-23T17:25:00Z,2023-06-23T17:25:19Z,19,5,3604,,1908,,66,FALSE,,FALSE,FALSE,,105145.678249102,1,,FALSE,FALSE,FALSE,FALSE,FALSE,FALSE,FALSE,FALSE,FALSE,15.7894736842105,FALSE
982091101529889,2023-06-23,NEDAP,2023-06-23T17:30:00Z,2023-06-23T17:33:46Z,226,286,3604,106500,1908,,66,FALSE,FALSE,FALSE,FALSE,FALSE,105145.678249102,1,1,FALSE,FALSE,FALSE,FALSE,FALSE,FALSE,FALSE,FALSE,FALSE,75.929203539823,FALSE
982091101529889,2023-06-23,NEDAP,2023-06-23T20:39:00Z,2023-06-23T20:51:42Z,762,984,3604,109500,1908,,66,FALSE,FALSE,FALSE,FALSE,FALSE,105145.678249102,1,0.434650568736593,FALSE,FALSE,FALSE,FALSE,FALSE,FALSE,FALSE,FALSE,FALSE,77.4803149606299,FALSE
982091101529889,2023-06-24,NEDAP,2023-06-24T01:39:00Z,2023-06-24T01:48:00Z,540,695,4177,108500,1908,,66,FALSE,FALSE,FALSE,FALSE,FALSE,107467.432907202,1,0.621328097235952,FALSE,FALSE,FALSE,FALSE,FALSE,FALSE,FALSE,FALSE,FALSE,77.2222222222222,FALSE
982091101529889,2023-06-24,NEDAP,2023-06-24T04:11:00Z,2023-06-24T04:15:34Z,274,294,4177,108500,1908,,66,FALSE,FALSE,FALSE,FALSE,FALSE,107467.432907202,1,0.642122435241693,FALSE,FALSE,FALSE,FALSE,FALSE,FALSE,FALSE,FALSE,FALSE,64.3795620437956,FALSE
982091101529889,2023-06-24,NEDAP,2023-06-24T08:49:00Z,2023-06-24T08:50:38Z,98,105,4177,107000,1908,,66,FALSE,FALSE,FALSE,FALSE,FALSE,107467.432907202,1,1,FALSE,FALSE,FALSE,FALSE,FALSE,FALSE,FALSE,FALSE,FALSE,64.2857142857143,FALSE
982091101529889,2023-06-24,NEDAP,2023-06-24T08:56:00Z,2023-06-24T09:01:16Z,316,358,4177,107500,1908,,66,FALSE,FALSE,FALSE,FALSE,FALSE,107467.432907202,1,1,FALSE,FALSE,FALSE,FALSE,FALSE,FALSE,FALSE,FALSE,FALSE,67.9746835443038,FALSE
982091101529889,2023-06-24,NEDAP,2023-06-24T12:11:00Z,2023-06-24T12:11:45Z,45,75,4177,,1908,,66,FALSE,,FALSE,FALSE,,107467.432907202,1,,FALSE,FALSE,FALSE,FALSE,FALSE,FALSE,FALSE,FALSE,FALSE,100,FALSE
982091101529889,2023-06-24,NEDAP,2023-06-24T12:14:00Z,2023-06-24T12:14:58Z,58,87,4177,,1908,,66,FALSE,,FALSE,FALSE,,107467.432907202,1,,FALSE,FALSE,FALSE,FALSE,FALSE,FALSE,FALSE,FALSE,FALSE,90,FALSE
982091101529889,2023-06-24,NEDAP,2023-06-24T12:30:00Z,2023-06-24T12:40:38Z,638,813,4177,107000,1908,,66,FALSE,FALSE,FALSE,FALSE,FALSE,107467.432907202,1,1,FALSE,FALSE,FALSE,FALSE,FALSE,FALSE,FALSE,FALSE,FALSE,76.4576802507837,FALSE
982091101529889,2023-06-24,NEDAP,2023-06-24T14:35:00Z,2023-06-24T14:41:50Z,410,417,4177,107500,1908,,66,FALSE,FALSE,FALSE,FALSE,FALSE,107467.432907202,1,1,FALSE,FALSE,FALSE,FALSE,FALSE,FALSE,FALSE,FALSE,FALSE,61.0243902439024,FALSE
982091101529889,2023-06-24,NEDAP,2023-06-24T15:22:00Z,2023-06-24T15:26:58Z,298,409,4177,106500,1908,,66,FALSE,FALSE,FALSE,FALSE,FALSE,107467.432907202,1,1,FALSE,FALSE,FALSE,FALSE,FALSE,FALSE,FALSE,FALSE,FALSE,82.3489932885906,FALSE
982091101529889,2023-06-24,NEDAP,2023-06-24T16:19:00Z,2023-06-24T16:19:23Z,23,29,4177,,1908,,66,FALSE,,FALSE,FALSE,,107467.432907202,1,,FALSE,FALSE,FALSE,FALSE,FALSE,FALSE,FALSE,FALSE,FALSE,75.6521739130435,FALSE
982091101529889,2023-06-24,NEDAP,2023-06-24T19:27:00Z,2023-06-24T19:39:15Z,735,895,4177,108000,1908,,66,FALSE,FALSE,FALSE,FALSE,FALSE,107467.432907202,1,1,FALSE,FALSE,FALSE,FALSE,FALSE,FALSE,FALSE,FALSE,FALSE,73.0612244897959,FALSE
982091101529889,2023-06-25,NEDAP,2023-06-25T00:15:00Z,2023-06-25T00:15:34Z,34,1,3700,,1908,,66,FALSE,,FALSE,FALSE,,106250,0.953507018575117,,FALSE,FALSE,FALSE,FALSE,FALSE,TRUE,FALSE,FALSE,FALSE,1.76470588235294,TRUE
982091101529889,2023-06-25,NEDAP,2023-06-25T09:46:00Z,2023-06-25T09:48:36Z,156,1,3700,105500,1908,,66,FALSE,FALSE,FALSE,FALSE,FALSE,106250,0.953507018575117,1,FALSE,FALSE,FALSE,FALSE,FALSE,TRUE,FALSE,FALSE,FALSE,0.384615384615385,TRUE
982091101529889,2023-06-25,NEDAP,2023-06-25T11:40:00Z,2023-06-25T12:02:58Z,1378,1615,3700,105500,1908,,66,FALSE,FALSE,FALSE,FALSE,FALSE,106250,0.953507018575117,1,FALSE,FALSE,FALSE,FALSE,FALSE,FALSE,FALSE,FALSE,FALSE,70.3193033381713,FALSE
982091101529889,2023-06-25,NEDAP,2023-06-25T16:44:00Z,2023-06-25T16:58:30Z,870,917,3700,106000,1908,,66,FALSE,FALSE,FALSE,FALSE,FALSE,106250,0.953507018575117,1,FALSE,FALSE,FALSE,FALSE,FALSE,FALSE,FALSE,FALSE,FALSE,63.2413793103448,FALSE
982091101529889,2023-06-25,NEDAP,2023-06-25T21:06:00Z,2023-06-25T21:21:01Z,901,1166,3700,108000,1908,,66,FALSE,FALSE,FALSE,FALSE,FALSE,106250,0.953507018575117,1,FALSE,FALSE,FALSE,FALSE,FALSE,FALSE,FALSE,FALSE,FALSE,77.6470588235294,FALSE
982091101529889,2023-06-26,NEDAP,2023-06-26T01:49:00Z,2023-06-26T01:49:53Z,53,36,4011,,1908,,66,FALSE,,FALSE,FALSE,,106486.988435926,0.655354782211003,,FALSE,FALSE,FALSE,FALSE,FALSE,FALSE,FALSE,FALSE,FALSE,40.7547169811321,FALSE
982091101529889,2023-06-26,NEDAP,2023-06-26T10:19:00Z,2023-06-26T10:38:26Z,1166,1400,4011,103500,1908,,66,FALSE,FALSE,FALSE,FALSE,FALSE,106486.988435926,0.655354782211003,0.406307768387868,FALSE,FALSE,FALSE,FALSE,FALSE,FALSE,FALSE,FALSE,FALSE,72.041166380789,FALSE
982091101529889,2023-06-26,NEDAP,2023-06-26T11:05:00Z,2023-06-26T11:05:22Z,22,27,4011,,1908,,66,FALSE,,FALSE,FALSE,,106486.988435926,0.655354782211003,,FALSE,FALSE,FALSE,FALSE,FALSE,FALSE,FALSE,FALSE,FALSE,73.6363636363636,FALSE
982091101529889,2023-06-26,NEDAP,2023-06-26T12:14:00Z,2023-06-26T12:16:04Z,124,119,4011,106000,1908,,66,FALSE,FALSE,FALSE,FALSE,FALSE,106486.988435926,0.655354782211003,1,FALSE,FALSE,FALSE,FALSE,FALSE,FALSE,FALSE,FALSE,FALSE,57.5806451612903,FALSE
982091101529889,2023-06-26,NEDAP,2023-06-26T12:25:00Z,2023-06-26T12:26:42Z,102,132,4011,106000,1908,,66,FALSE,FALSE,FALSE,FALSE,FALSE,106486.988435926,0.655354782211003,0.984524093996995,FALSE,FALSE,FALSE,FALSE,FALSE,FALSE,FALSE,FALSE,FALSE,77.6470588235294,FALSE
982091101529889,2023-06-26,NEDAP,2023-06-26T14:46:00Z,2023-06-26T14:52:00Z,360,415,4011,105000,1908,,66,FALSE,FALSE,FALSE,FALSE,FALSE,106486.988435926,0.655354782211003,0.58639956104016,FALSE,FALSE,FALSE,FALSE,FALSE,FALSE,FALSE,FALSE,FALSE,69.1666666666667,FALSE
982091101529889,2023-06-26,NEDAP,2023-06-26T16:08:00Z,2023-06-26T16:09:06Z,66,95,4011,108000,1908,,66,FALSE,FALSE,FALSE,FALSE,FALSE,106486.988435926,0.655354782211003,1,FALSE,FALSE,FALSE,FALSE,FALSE,FALSE,FALSE,FALSE,FALSE,86.3636363636364,FALSE
982091101529889,2023-06-26,NEDAP,2023-06-26T17:05:00Z,2023-06-26T17:10:55Z,355,492,4011,107000,1908,,66,FALSE,FALSE,FALSE,FALSE,FALSE,106486.988435926,0.655354782211003,1,FALSE,FALSE,FALSE,FALSE,FALSE,FALSE,FALSE,FALSE,FALSE,83.1549295774648,FALSE
982091101529889,2023-06-26,NEDAP,2023-06-26T17:43:00Z,2023-06-26T17:47:39Z,279,418,4011,106500,1908,,66,FALSE,FALSE,FALSE,FALSE,FALSE,106486.988435926,0.655354782211003,1,FALSE,FALSE,FALSE,FALSE,FALSE,FALSE,FALSE,FALSE,FALSE,89.8924731182796,FALSE
982091101529889,2023-06-26,NEDAP,2023-06-26T21:29:00Z,2023-06-26T21:40:24Z,684,877,4011,107500,1908,,66,FALSE,FALSE,FALSE,FALSE,FALSE,106486.988435926,0.655354782211003,1,FALSE,FALSE,FALSE,FALSE,FALSE,FALSE,FALSE,FALSE,FALSE,76.9298245614035,FALSE
982091101529889,2023-06-27,NEDAP,2023-06-27T00:33:00Z,2023-06-27T00:34:10Z,70,96,4974,108000,1908,,66,FALSE,FALSE,FALSE,FALSE,FALSE,108722.222222222,1,1,FALSE,FALSE,FALSE,FALSE,FALSE,FALSE,FALSE,FALSE,FALSE,82.2857142857143,FALSE
982091101529889,2023-06-27,NEDAP,2023-06-27T06:10:00Z,2023-06-27T06:28:04Z,1084,1351,4974,107000,1908,,66,FALSE,FALSE,FALSE,FALSE,FALSE,108722.222222222,1,1,FALSE,FALSE,FALSE,FALSE,FALSE,FALSE,FALSE,FALSE,FALSE,74.7785977859779,FALSE
982091101529889,2023-06-27,NEDAP,2023-06-27T11:43:00Z,2023-06-27T11:50:56Z,476,585,4974,108000,1908,,66,FALSE,FALSE,FALSE,FALSE,FALSE,108722.222222222,1,1,FALSE,FALSE,FALSE,FALSE,FALSE,FALSE,FALSE,FALSE,FALSE,73.7394957983193,FALSE
982091101529889,2023-06-27,NEDAP,2023-06-27T12:38:00Z,2023-06-27T12:39:07Z,67,36,4974,109500,1908,,66,FALSE,FALSE,FALSE,FALSE,FALSE,108722.222222222,1,1,FALSE,FALSE,FALSE,FALSE,FALSE,FALSE,FALSE,FALSE,FALSE,32.2388059701493,FALSE
982091101529889,2023-06-27,NEDAP,2023-06-27T13:37:00Z,2023-06-27T13:45:39Z,519,567,4974,108000,1908,,66,FALSE,FALSE,FALSE,FALSE,FALSE,108722.222222222,1,1,FALSE,FALSE,FALSE,FALSE,FALSE,FALSE,FALSE,FALSE,FALSE,65.5491329479769,FALSE
982091101529889,2023-06-27,NEDAP,2023-06-27T16:33:00Z,2023-06-27T16:44:09Z,669,855,4974,109000,1908,,66,FALSE,FALSE,FALSE,FALSE,FALSE,108722.222222222,1,1,FALSE,FALSE,FALSE,FALSE,FALSE,FALSE,FALSE,FALSE,FALSE,76.6816143497758,FALSE
982091101529889,2023-06-27,NEDAP,2023-06-27T18:47:00Z,2023-06-27T18:49:16Z,136,190,4974,109500,1908,,66,FALSE,FALSE,FALSE,FALSE,FALSE,108722.222222222,1,1,FALSE,FALSE,FALSE,FALSE,FALSE,FALSE,FALSE,FALSE,FALSE,83.8235294117647,FALSE
982091101529889,2023-06-27,NEDAP,2023-06-27T19:42:00Z,2023-06-27T19:43:12Z,72,43,4974,101500,1908,,66,FALSE,TRUE,FALSE,FALSE,TRUE,108722.222222222,1,0.220139160577428,FALSE,FALSE,FALSE,FALSE,FALSE,FALSE,FALSE,FALSE,FALSE,35.8333333333333,FALSE
982091101529889,2023-06-27,NEDAP,2023-06-27T21:42:00Z,2023-06-27T21:46:42Z,282,343,4974,110000,1908,,66,FALSE,FALSE,FALSE,FALSE,FALSE,108722.222222222,1,1,FALSE,FALSE,FALSE,FALSE,FALSE,FALSE,FALSE,FALSE,FALSE,72.9787234042553,FALSE
982091101529889,2023-06-27,NEDAP,2023-06-27T22:23:00Z,2023-06-27T22:33:43Z,643,908,4974,109500,1908,,66,FALSE,FALSE,FALSE,FALSE,FALSE,108722.222222222,1,1,FALSE,FALSE,FALSE,FALSE,FALSE,FALSE,FALSE,FALSE,FALSE,84.7278382581649,FALSE
982091101529889,2023-06-28,NEDAP,2023-06-28T03:03:00Z,2023-06-28T03:08:14Z,314,343,2779,109500,1908,,66,FALSE,FALSE,FALSE,FALSE,FALSE,108490.380663022,0.682236737048733,1,FALSE,FALSE,FALSE,FALSE,FALSE,FALSE,FALSE,FALSE,FALSE,65.5414012738854,FALSE
982091101529889,2023-06-28,NEDAP,2023-06-28T10:52:00Z,2023-06-28T11:01:55Z,595,760,2779,108500,1908,,66,FALSE,FALSE,FALSE,FALSE,FALSE,108490.380663022,0.682236737048733,1,FALSE,FALSE,FALSE,FALSE,FALSE,FALSE,FALSE,FALSE,FALSE,76.6386554621849,FALSE
982091101529889,2023-06-28,NEDAP,2023-06-28T11:04:00Z,2023-06-28T11:04:15Z,15,14,2779,,1908,,66,FALSE,,FALSE,FALSE,,108490.380663022,0.682236737048733,,FALSE,FALSE,FALSE,FALSE,FALSE,FALSE,FALSE,FALSE,FALSE,56,FALSE
982091101529889,2023-06-28,NEDAP,2023-06-28T11:55:00Z,2023-06-28T11:56:00Z,60,39,2779,,1908,,66,FALSE,,FALSE,FALSE,,108490.380663022,0.682236737048733,,FALSE,FALSE,FALSE,FALSE,FALSE,FALSE,FALSE,FALSE,FALSE,39,FALSE
982091101529889,2023-06-28,NEDAP,2023-06-28T13:51:00Z,2023-06-28T13:51:54Z,54,6,2779,,1908,,66,FALSE,,FALSE,FALSE,,108490.380663022,0.682236737048733,,FALSE,FALSE,FALSE,FALSE,FALSE,FALSE,FALSE,FALSE,FALSE,6.66666666666667,FALSE
982091101529889,2023-06-28,NEDAP,2023-06-28T18:22:00Z,2023-06-28T18:32:21Z,621,592,2779,107000,1908,,66,FALSE,FALSE,FALSE,FALSE,FALSE,108490.380663022,0.682236737048733,0.70324093092022,FALSE,FALSE,FALSE,FALSE,FALSE,FALSE,FALSE,FALSE,FALSE,57.1980676328503,FALSE
982091101529889,2023-06-28,NEDAP,2023-06-28T20:21:00Z,2023-06-28T20:22:39Z,99,21,2779,108500,1908,,66,FALSE,FALSE,FALSE,FALSE,FALSE,108490.380663022,0.682236737048733,1,FALSE,FALSE,FALSE,FALSE,FALSE,FALSE,FALSE,FALSE,FALSE,12.7272727272727,FALSE
982091101529889,2023-06-28,NEDAP,2023-06-28T21:10:00Z,2023-06-28T21:17:39Z,459,441,2779,109000,1908,,66,FALSE,FALSE,FALSE,FALSE,FALSE,108490.380663022,0.682236737048733,1,FALSE,FALSE,FALSE,FALSE,FALSE,FALSE,FALSE,FALSE,FALSE,57.6470588235294,FALSE
982091101529889,2023-06-28,NEDAP,2023-06-28T22:37:00Z,2023-06-28T22:37:39Z,39,9,2779,,1908,,66,FALSE,,FALSE,FALSE,,108490.380663022,0.682236737048733,,FALSE,FALSE,FALSE,FALSE,FALSE,FALSE,FALSE,FALSE,FALSE,13.8461538461538,FALSE
982091101529889,2023-06-28,NEDAP,2023-06-28T23:32:00Z,2023-06-28T23:40:55Z,535,554,2779,108000,1908,,66,FALSE,FALSE,FALSE,FALSE,FALSE,108490.380663022,0.682236737048733,1,FALSE,FALSE,FALSE,FALSE,FALSE,FALSE,FALSE,FALSE,FALSE,62.1308411214953,FALSE
982091101529889,2023-06-29,NEDAP,2023-06-29T03:09:00Z,2023-06-29T03:12:04Z,184,166,3670,109000,1908,,66,FALSE,FALSE,FALSE,FALSE,FALSE,109092.565132693,0.589747689783615,1,FALSE,FALSE,FALSE,FALSE,FALSE,FALSE,FALSE,FALSE,FALSE,54.1304347826087,FALSE
982091101529889,2023-06-29,NEDAP,2023-06-29T06:44:00Z,2023-06-29T06:59:08Z,908,1089,3670,108000,1908,,66,FALSE,FALSE,FALSE,FALSE,FALSE,109092.565132693,0.589747689783615,0.929993093986068,FALSE,FALSE,FALSE,FALSE,FALSE,FALSE,FALSE,FALSE,FALSE,71.9603524229075,FALSE
982091101529889,2023-06-29,NEDAP,2023-06-29T07:38:00Z,2023-06-29T07:42:52Z,292,367,3670,108500,1908,,66,FALSE,FALSE,FALSE,FALSE,FALSE,109092.565132693,0.589747689783615,1,FALSE,FALSE,FALSE,FALSE,FALSE,FALSE,FALSE,FALSE,FALSE,75.4109589041096,FALSE
982091101529889,2023-06-29,NEDAP,2023-06-29T12:26:00Z,2023-06-29T12:29:59Z,239,288,3670,110000,1908,,66,FALSE,FALSE,FALSE,FALSE,FALSE,109092.565132693,0.589747689783615,1,FALSE,FALSE,FALSE,FALSE,FALSE,FALSE,FALSE,FALSE,FALSE,72.3012552301255,FALSE
982091101529889,2023-06-29,NEDAP,2023-06-29T14:58:00Z,2023-06-29T14:58:24Z,24,13,3670,,1908,,66,FALSE,,FALSE,FALSE,,109092.565132693,0.589747689783615,,FALSE,FALSE,FALSE,FALSE,FALSE,FALSE,FALSE,FALSE,FALSE,32.5,FALSE
982091101529889,2023-06-29,NEDAP,2023-06-29T16:04:00Z,2023-06-29T16:09:58Z,358,422,3670,107500,1908,,66,FALSE,FALSE,FALSE,FALSE,FALSE,109092.565132693,0.589747689783615,0.629672922049019,FALSE,FALSE,FALSE,FALSE,FALSE,FALSE,FALSE,FALSE,FALSE,70.7262569832402,FALSE
982091101529889,2023-06-29,NEDAP,2023-06-29T17:11:00Z,2023-06-29T17:13:00Z,120,70,3670,106000,1908,,66,FALSE,FALSE,FALSE,FALSE,FALSE,109092.565132693,0.589747689783615,0.385381751627345,FALSE,FALSE,FALSE,FALSE,FALSE,FALSE,FALSE,FALSE,FALSE,35,FALSE
982091101529889,2023-06-29,NEDAP,2023-06-29T18:35:00Z,2023-06-29T18:39:05Z,245,206,3670,109750,1908,,66,FALSE,FALSE,FALSE,FALSE,FALSE,109092.565132693,0.589747689783615,1,FALSE,FALSE,FALSE,FALSE,FALSE,FALSE,FALSE,FALSE,FALSE,50.4489795918367,FALSE
982091101529889,2023-06-29,NEDAP,2023-06-29T19:12:00Z,2023-06-29T19:19:21Z,441,549,3670,108000,1908,,66,FALSE,FALSE,FALSE,FALSE,FALSE,109092.565132693,0.589747689783615,0.707824927185732,FALSE,FALSE,FALSE,FALSE,FALSE,FALSE,FALSE,FALSE,FALSE,74.6938775510204,FALSE
982091101529889,2023-06-29,NEDAP,2023-06-29T19:22:00Z,2023-06-29T19:27:01Z,301,430,3670,110000,1908,,66,FALSE,FALSE,FALSE,FALSE,FALSE,109092.565132693,0.589747689783615,1,FALSE,FALSE,FALSE,FALSE,FALSE,FALSE,FALSE,FALSE,FALSE,85.7142857142857,FALSE
982091101529889,2023-06-29,NEDAP,2023-06-29T22:11:00Z,2023-06-29T22:12:16Z,76,70,3670,113500,1908,,66,FALSE,FALSE,FALSE,FALSE,FALSE,109092.565132693,0.589747689783615,0.498444537866476,FALSE,FALSE,FALSE,FALSE,FALSE,FALSE,FALSE,FALSE,FALSE,55.2631578947369,FALSE
982091101529889,2023-06-30,NEDAP,2023-06-30T00:09:00Z,2023-06-30T00:22:05Z,785,1113,4779,113500,1908,,66,FALSE,FALSE,FALSE,FALSE,FALSE,114245.222347999,0.930149105343157,0.510596046614861,FALSE,FALSE,FALSE,FALSE,FALSE,FALSE,FALSE,FALSE,FALSE,85.0700636942675,FALSE
982091101529889,2023-06-30,NEDAP,2023-06-30T04:42:00Z,2023-06-30T04:44:20Z,140,116,4779,116250,1908,,66,FALSE,FALSE,FALSE,FALSE,FALSE,114245.222347999,0.930149105343157,0.272613221581401,FALSE,FALSE,FALSE,FALSE,FALSE,FALSE,FALSE,FALSE,FALSE,49.7142857142857,FALSE
982091101529889,2023-06-30,NEDAP,2023-06-30T09:01:00Z,2023-06-30T09:14:54Z,834,1022,4779,114500,1908,,66,FALSE,FALSE,FALSE,FALSE,FALSE,114245.222347999,0.930149105343157,0.399635100435238,FALSE,FALSE,FALSE,FALSE,FALSE,FALSE,FALSE,FALSE,FALSE,73.5251798561151,FALSE
982091101529889,2023-06-30,NEDAP,2023-06-30T09:17:00Z,2023-06-30T09:17:52Z,52,8,4779,,1908,,66,FALSE,,FALSE,FALSE,,114245.222347999,0.930149105343157,,FALSE,FALSE,FALSE,FALSE,FALSE,FALSE,FALSE,FALSE,FALSE,9.23076923076923,FALSE
982091101529889,2023-06-30,NEDAP,2023-06-30T11:37:00Z,2023-06-30T11:37:37Z,37,28,4779,,1908,,66,FALSE,,FALSE,FALSE,,114245.222347999,0.930149105343157,,FALSE,FALSE,FALSE,FALSE,FALSE,FALSE,FALSE,FALSE,FALSE,45.4054054054054,FALSE
982091101529889,2023-06-30,NEDAP,2023-06-30T12:27:00Z,2023-06-30T12:27:15Z,15,6,4779,,1908,,66,FALSE,,FALSE,FALSE,,114245.222347999,0.930149105343157,,FALSE,FALSE,FALSE,FALSE,FALSE,FALSE,FALSE,FALSE,FALSE,24,FALSE
982091101529889,2023-06-30,NEDAP,2023-06-30T14:38:00Z,2023-06-30T14:43:26Z,326,492,4779,113750,1908,,66,FALSE,FALSE,FALSE,FALSE,FALSE,114245.222347999,0.930149105343157,0.545428268013642,FALSE,FALSE,FALSE,FALSE,FALSE,FALSE,FALSE,FALSE,FALSE,90.5521472392638,FALSE
982091101529889,2023-06-30,NEDAP,2023-06-30T15:09:00Z,2023-06-30T15:10:50Z,110,63,4779,114250,1908,,66,FALSE,FALSE,FALSE,FALSE,FALSE,114245.222347999,0.930149105343157,0.474891322220449,FALSE,FALSE,FALSE,FALSE,FALSE,FALSE,FALSE,FALSE,FALSE,34.3636363636364,FALSE
982091101529889,2023-06-30,NEDAP,2023-06-30T19:52:00Z,2023-06-30T20:07:54Z,954,997,4779,117500,1908,,66,FALSE,TRUE,FALSE,FALSE,TRUE,114245.222347999,0.930149105343157,0.241807595737645,FALSE,FALSE,FALSE,FALSE,FALSE,FALSE,FALSE,FALSE,FALSE,62.7044025157233,FALSE
982091101529889,2023-06-30,NEDAP,2023-06-30T22:06:00Z,2023-06-30T22:17:59Z,719,934,4779,117500,1908,,66,FALSE,TRUE,FALSE,FALSE,TRUE,114245.222347999,0.930149105343157,0.244589884288048,FALSE,FALSE,FALSE,FALSE,FALSE,FALSE,FALSE,FALSE,FALSE,77.9415855354659,FALSE
982091101529889,2023-07-01,NEDAP,2023-07-01T03:06:00Z,2023-07-01T03:06:37Z,37,23,1243,,1908,,66,FALSE,,FALSE,FALSE,,116752.046146359,0.475139530079972,,FALSE,FALSE,FALSE,FALSE,FALSE,FALSE,FALSE,FALSE,FALSE,37.2972972972973,FALSE
982091101529889,2023-07-01,NEDAP,2023-07-01T07:51:00Z,2023-07-01T07:55:43Z,283,58,1243,117500,1908,,66,FALSE,FALSE,FALSE,FALSE,FALSE,116752.046146359,0.475139530079972,0.250336380781587,FALSE,FALSE,FALSE,FALSE,FALSE,FALSE,FALSE,FALSE,FALSE,12.2968197879859,FALSE
982091101529889,2023-07-01,NEDAP,2023-07-01T13:36:00Z,2023-07-01T13:53:15Z,1035,917,1243,117000,1908,,66,FALSE,FALSE,FALSE,FALSE,FALSE,116752.046146359,0.475139530079972,0.275611604947954,FALSE,FALSE,FALSE,FALSE,FALSE,FALSE,FALSE,FALSE,FALSE,53.1594202898551,FALSE
982091101529889,2023-07-01,NEDAP,2023-07-01T13:55:00Z,2023-07-01T13:59:02Z,242,245,1243,116000,1908,,66,FALSE,FALSE,FALSE,FALSE,FALSE,116752.046146359,0.475139530079972,0.33984486391526,FALSE,FALSE,FALSE,FALSE,FALSE,FALSE,FALSE,FALSE,FALSE,60.7438016528926,FALSE
982091101532966,2023-04-26,NEDAP,2023-04-26T06:44:00Z,2023-04-26T07:04:14Z,1214,521,2266,42000,1908,,66,FALSE,FALSE,FALSE,FALSE,FALSE,43083.3333333333,1,1,FALSE,FALSE,FALSE,FALSE,FALSE,FALSE,FALSE,FALSE,FALSE,25.7495881383855,FALSE
982091101532966,2023-04-26,NEDAP,2023-04-26T09:57:00Z,2023-04-26T10:13:56Z,1016,498,2266,42500,1908,,66,FALSE,FALSE,FALSE,FALSE,FALSE,43083.3333333333,1,1,FALSE,FALSE,FALSE,FALSE,FALSE,FALSE,FALSE,FALSE,FALSE,29.4094488188976,FALSE
982091101532966,2023-04-26,NEDAP,2023-04-26T12:54:00Z,2023-04-26T12:55:04Z,64,7,2266,43500,1908,,66,FALSE,FALSE,FALSE,FALSE,FALSE,43083.3333333333,1,1,FALSE,FALSE,FALSE,FALSE,FALSE,FALSE,FALSE,FALSE,FALSE,6.5625,FALSE
982091101532966,2023-04-26,NEDAP,2023-04-26T14:18:00Z,2023-04-26T14:31:56Z,836,502,2266,43000,1908,,66,FALSE,FALSE,FALSE,FALSE,FALSE,43083.3333333333,1,1,FALSE,FALSE,FALSE,FALSE,FALSE,FALSE,FALSE,FALSE,FALSE,36.0287081339713,FALSE
982091101532966,2023-04-26,NEDAP,2023-04-26T18:03:00Z,2023-04-26T18:17:38Z,878,549,2266,43000,1908,,66,FALSE,FALSE,FALSE,FALSE,FALSE,43083.3333333333,1,1,FALSE,FALSE,FALSE,FALSE,FALSE,FALSE,FALSE,FALSE,FALSE,37.5170842824601,FALSE
982091101532966,2023-04-26,NEDAP,2023-04-26T19:30:00Z,2023-04-26T19:36:29Z,389,189,2266,44500,1908,,66,FALSE,FALSE,FALSE,FALSE,FALSE,43083.3333333333,1,1,FALSE,FALSE,FALSE,FALSE,FALSE,FALSE,FALSE,FALSE,FALSE,29.1516709511568,FALSE
982091101532966,2023-04-27,NEDAP,2023-04-27T06:59:00Z,2023-04-27T07:12:25Z,805,258,1906,43500,1908,,66,FALSE,FALSE,FALSE,FALSE,FALSE,44327.2255017539,1,1,FALSE,FALSE,FALSE,FALSE,FALSE,FALSE,FALSE,FALSE,FALSE,19.2298136645963,FALSE
982091101532966,2023-04-27,NEDAP,2023-04-27T07:14:00Z,2023-04-27T07:20:22Z,382,247,1906,43000,1908,,66,FALSE,FALSE,FALSE,FALSE,FALSE,44327.2255017539,1,1,FALSE,FALSE,FALSE,FALSE,FALSE,FALSE,FALSE,FALSE,FALSE,38.7958115183246,FALSE
982091101532966,2023-04-27,NEDAP,2023-04-27T12:07:00Z,2023-04-27T12:08:53Z,113,48,1906,45500,1908,,66,FALSE,FALSE,FALSE,FALSE,FALSE,44327.2255017539,1,1,FALSE,FALSE,FALSE,FALSE,FALSE,FALSE,FALSE,FALSE,FALSE,25.4867256637168,FALSE
982091101532966,2023-04-27,NEDAP,2023-04-27T12:36:00Z,2023-04-27T12:56:28Z,1228,542,1906,43000,1908,,66,FALSE,FALSE,FALSE,FALSE,FALSE,44327.2255017539,1,0.91124039292805,FALSE,FALSE,FALSE,FALSE,FALSE,FALSE,FALSE,FALSE,FALSE,26.4820846905538,FALSE
982091101532966,2023-04-27,NEDAP,2023-04-27T16:51:00Z,2023-04-27T17:09:29Z,1109,482,1906,44000,1908,,66,FALSE,FALSE,FALSE,FALSE,FALSE,44327.2255017539,1,1,FALSE,FALSE,FALSE,FALSE,FALSE,FALSE,FALSE,FALSE,FALSE,26.0775473399459,FALSE
982091101532966,2023-04-27,NEDAP,2023-04-27T17:32:00Z,2023-04-27T17:38:25Z,385,182,1906,44500,1908,,66,FALSE,FALSE,FALSE,FALSE,FALSE,44327.2255017539,1,1,FALSE,FALSE,FALSE,FALSE,FALSE,FALSE,FALSE,FALSE,FALSE,28.3636363636364,FALSE
982091101532966,2023-04-27,NEDAP,2023-04-27T19:45:00Z,2023-04-27T19:50:00Z,300,119,1906,45500,1908,,66,FALSE,FALSE,FALSE,FALSE,FALSE,44327.2255017539,1,1,FALSE,FALSE,FALSE,FALSE,FALSE,FALSE,FALSE,FALSE,FALSE,23.8,FALSE
982091101532966,2023-04-27,NEDAP,2023-04-27T23:52:00Z,2023-04-27T23:53:09Z,69,28,1906,45500,1908,,66,FALSE,FALSE,FALSE,FALSE,FALSE,44327.2255017539,1,1,FALSE,FALSE,FALSE,FALSE,FALSE,FALSE,FALSE,FALSE,FALSE,24.3478260869565,FALSE
982091101532966,2023-04-28,NEDAP,2023-04-28T05:49:00Z,2023-04-28T06:04:11Z,911,478,1847,44000,1908,,66,FALSE,FALSE,FALSE,FALSE,FALSE,45100,1,1,FALSE,FALSE,FALSE,FALSE,FALSE,FALSE,FALSE,FALSE,FALSE,31.4818880351262,FALSE
982091101532966,2023-04-28,NEDAP,2023-04-28T11:23:00Z,2023-04-28T11:39:08Z,968,577,1847,44500,1908,,66,FALSE,FALSE,FALSE,FALSE,FALSE,45100,1,1,FALSE,FALSE,FALSE,FALSE,FALSE,FALSE,FALSE,FALSE,FALSE,35.7644628099174,FALSE
982091101532966,2023-04-28,NEDAP,2023-04-28T13:50:00Z,2023-04-28T14:01:45Z,705,311,1847,45500,1908,,66,FALSE,FALSE,FALSE,FALSE,FALSE,45100,1,1,FALSE,FALSE,FALSE,FALSE,FALSE,FALSE,FALSE,FALSE,FALSE,26.468085106383,FALSE
982091101532966,2023-04-28,NEDAP,2023-04-28T14:23:00Z,2023-04-28T14:23:52Z,52,20,1847,,1908,,66,FALSE,,FALSE,FALSE,,45100,1,,FALSE,FALSE,FALSE,FALSE,FALSE,FALSE,FALSE,FALSE,FALSE,23.0769230769231,FALSE
982091101532966,2023-04-28,NEDAP,2023-04-28T16:19:00Z,2023-04-28T16:22:04Z,184,26,1847,46000,1908,,66,FALSE,FALSE,FALSE,FALSE,FALSE,45100,1,1,FALSE,FALSE,FALSE,FALSE,FALSE,FALSE,FALSE,FALSE,FALSE,8.47826086956522,FALSE
982091101532966,2023-04-28,NEDAP,2023-04-28T16:59:00Z,2023-04-28T17:14:27Z,927,435,1847,45500,1908,,66,FALSE,FALSE,FALSE,FALSE,FALSE,45100,1,1,FALSE,FALSE,FALSE,FALSE,FALSE,FALSE,FALSE,FALSE,FALSE,28.1553398058252,FALSE
982091101532966,2023-04-29,NEDAP,2023-04-29T05:01:00Z,2023-04-29T05:20:34Z,1174,679,2108,45000,1908,,66,FALSE,FALSE,FALSE,FALSE,FALSE,46125,1,1,FALSE,FALSE,FALSE,FALSE,FALSE,FALSE,FALSE,FALSE,FALSE,34.7018739352641,FALSE
982091101532966,2023-04-29,NEDAP,2023-04-29T09:11:00Z,2023-04-29T09:26:26Z,926,487,2108,46000,1908,,66,FALSE,FALSE,FALSE,FALSE,FALSE,46125,1,1,FALSE,FALSE,FALSE,FALSE,FALSE,FALSE,FALSE,FALSE,FALSE,31.5550755939525,FALSE
982091101532966,2023-04-29,NEDAP,2023-04-29T13:11:00Z,2023-04-29T13:28:09Z,1029,600,2108,46500,1908,,66,FALSE,FALSE,FALSE,FALSE,FALSE,46125,1,1,FALSE,FALSE,FALSE,FALSE,FALSE,FALSE,FALSE,FALSE,FALSE,34.9854227405248,FALSE
982091101532966,2023-04-29,NEDAP,2023-04-29T15:11:00Z,2023-04-29T15:20:10Z,550,342,2108,47000,1908,,66,FALSE,FALSE,FALSE,FALSE,FALSE,46125,1,1,FALSE,FALSE,FALSE,FALSE,FALSE,FALSE,FALSE,FALSE,FALSE,37.3090909090909,FALSE
982091101532966,2023-04-30,NEDAP,2023-04-30T04:40:00Z,2023-04-30T04:42:47Z,167,54,2035,46500,1908,,66,FALSE,FALSE,FALSE,FALSE,FALSE,47187.5,1,1,FALSE,FALSE,FALSE,FALSE,FALSE,FALSE,FALSE,FALSE,FALSE,19.4011976047904,FALSE
982091101532966,2023-04-30,NEDAP,2023-04-30T04:53:00Z,2023-04-30T05:07:01Z,841,437,2035,46000,1908,,66,FALSE,FALSE,FALSE,FALSE,FALSE,47187.5,1,1,FALSE,FALSE,FALSE,FALSE,FALSE,FALSE,FALSE,FALSE,FALSE,31.1771700356718,FALSE
982091101532966,2023-04-30,NEDAP,2023-04-30T07:05:00Z,2023-04-30T07:12:05Z,425,155,2035,47500,1908,,66,FALSE,FALSE,FALSE,FALSE,FALSE,47187.5,1,1,FALSE,FALSE,FALSE,FALSE,FALSE,FALSE,FALSE,FALSE,FALSE,21.8823529411765,FALSE
982091101532966,2023-04-30,NEDAP,2023-04-30T07:14:00Z,2023-04-30T07:18:05Z,245,134,2035,47000,1908,,66,FALSE,FALSE,FALSE,FALSE,FALSE,47187.5,1,1,FALSE,FALSE,FALSE,FALSE,FALSE,FALSE,FALSE,FALSE,FALSE,32.8163265306123,FALSE
982091101532966,2023-04-30,NEDAP,2023-04-30T09:35:00Z,2023-04-30T09:35:29Z,29,8,2035,,1908,,66,FALSE,,FALSE,FALSE,,47187.5,1,,FALSE,FALSE,FALSE,FALSE,FALSE,FALSE,FALSE,FALSE,FALSE,16.551724137931,FALSE
982091101532966,2023-04-30,NEDAP,2023-04-30T11:47:00Z,2023-04-30T12:00:45Z,825,455,2035,46500,1908,,66,FALSE,FALSE,FALSE,FALSE,FALSE,47187.5,1,1,FALSE,FALSE,FALSE,FALSE,FALSE,FALSE,FALSE,FALSE,FALSE,33.0909090909091,FALSE
982091101532966,2023-04-30,NEDAP,2023-04-30T14:38:00Z,2023-04-30T14:51:08Z,788,461,2035,47000,1908,,66,FALSE,FALSE,FALSE,FALSE,FALSE,47187.5,1,1,FALSE,FALSE,FALSE,FALSE,FALSE,FALSE,FALSE,FALSE,FALSE,35.1015228426396,FALSE
982091101532966,2023-04-30,NEDAP,2023-04-30T16:39:00Z,2023-04-30T16:46:13Z,433,274,2035,48000,1908,,66,FALSE,FALSE,FALSE,FALSE,FALSE,47187.5,1,1,FALSE,FALSE,FALSE,FALSE,FALSE,FALSE,FALSE,FALSE,FALSE,37.9676674364896,FALSE
982091101532966,2023-04-30,NEDAP,2023-04-30T19:47:00Z,2023-04-30T19:49:03Z,123,57,2035,49000,1908,,66,FALSE,FALSE,FALSE,FALSE,FALSE,47187.5,1,1,FALSE,FALSE,FALSE,FALSE,FALSE,FALSE,FALSE,FALSE,FALSE,27.8048780487805,FALSE
982091101532966,2023-05-01,NEDAP,2023-05-01T04:20:00Z,2023-05-01T04:33:27Z,807,424,1696,46500,1908,,66,FALSE,FALSE,FALSE,FALSE,FALSE,47500,1,1,FALSE,FALSE,FALSE,FALSE,FALSE,FALSE,FALSE,FALSE,FALSE,31.5241635687732,FALSE
982091101532966,2023-05-01,NEDAP,2023-05-01T05:06:00Z,2023-05-01T05:11:18Z,318,180,1696,47500,1908,,66,FALSE,FALSE,FALSE,FALSE,FALSE,47500,1,1,FALSE,FALSE,FALSE,FALSE,FALSE,FALSE,FALSE,FALSE,FALSE,33.9622641509434,FALSE
982091101532966,2023-05-01,NEDAP,2023-05-01T08:54:00Z,2023-05-01T09:02:10Z,490,332,1696,48000,1908,,66,FALSE,FALSE,FALSE,FALSE,FALSE,47500,1,1,FALSE,FALSE,FALSE,FALSE,FALSE,FALSE,FALSE,FALSE,FALSE,40.6530612244898,FALSE
982091101532966,2023-05-01,NEDAP,2023-05-01T12:48:00Z,2023-05-01T13:02:34Z,874,585,1696,47500,1908,,66,FALSE,FALSE,FALSE,FALSE,FALSE,47500,1,1,FALSE,FALSE,FALSE,FALSE,FALSE,FALSE,FALSE,FALSE,FALSE,40.1601830663616,FALSE
982091101532966,2023-05-01,NEDAP,2023-05-01T16:25:00Z,2023-05-01T16:30:46Z,346,175,1696,48000,1908,,66,FALSE,FALSE,FALSE,FALSE,FALSE,47500,1,1,FALSE,FALSE,FALSE,FALSE,FALSE,FALSE,FALSE,FALSE,FALSE,30.3468208092486,FALSE
982091101532966,2023-05-02,NEDAP,2023-05-02T03:20:00Z,2023-05-02T03:34:25Z,865,461,2093,48000,1908,,66,FALSE,FALSE,FALSE,FALSE,FALSE,48928.5714285714,1,1,FALSE,FALSE,FALSE,FALSE,FALSE,FALSE,FALSE,FALSE,FALSE,31.9768786127168,FALSE
982091101532966,2023-05-02,NEDAP,2023-05-02T06:09:00Z,2023-05-02T06:15:00Z,360,185,2093,49000,1908,,66,FALSE,FALSE,FALSE,FALSE,FALSE,48928.5714285714,1,1,FALSE,FALSE,FALSE,FALSE,FALSE,FALSE,FALSE,FALSE,FALSE,30.8333333333333,FALSE
982091101532966,2023-05-02,NEDAP,2023-05-02T09:01:00Z,2023-05-02T09:07:16Z,376,200,2093,49000,1908,,66,FALSE,FALSE,FALSE,FALSE,FALSE,48928.5714285714,1,1,FALSE,FALSE,FALSE,FALSE,FALSE,FALSE,FALSE,FALSE,FALSE,31.9148936170213,FALSE
982091101532966,2023-05-02,NEDAP,2023-05-02T11:09:00Z,2023-05-02T11:24:24Z,924,556,2093,48500,1908,,66,FALSE,FALSE,FALSE,FALSE,FALSE,48928.5714285714,1,1,FALSE,FALSE,FALSE,FALSE,FALSE,FALSE,FALSE,FALSE,FALSE,36.1038961038961,FALSE
982091101532966,2023-05-02,NEDAP,2023-05-02T14:46:00Z,2023-05-02T14:47:44Z,104,6,2093,49000,1908,,66,FALSE,FALSE,FALSE,FALSE,FALSE,48928.5714285714,1,1,FALSE,FALSE,FALSE,FALSE,FALSE,FALSE,FALSE,FALSE,FALSE,3.46153846153846,FALSE
982091101532966,2023-05-02,NEDAP,2023-05-02T15:08:00Z,2023-05-02T15:18:48Z,648,338,2093,49000,1908,,66,FALSE,FALSE,FALSE,FALSE,FALSE,48928.5714285714,1,1,FALSE,FALSE,FALSE,FALSE,FALSE,FALSE,FALSE,FALSE,FALSE,31.2962962962963,FALSE
982091101532966,2023-05-02,NEDAP,2023-05-02T21:00:00Z,2023-05-02T21:10:32Z,632,347,2093,50000,1908,,66,FALSE,FALSE,FALSE,FALSE,FALSE,48928.5714285714,1,1,FALSE,FALSE,FALSE,FALSE,FALSE,FALSE,FALSE,FALSE,FALSE,32.9430379746835,FALSE
982091101532966,2023-05-03,NEDAP,2023-05-03T03:41:00Z,2023-05-03T03:49:21Z,501,267,2288,49500,1908,,66,FALSE,FALSE,FALSE,FALSE,FALSE,50388.8888888889,1,1,FALSE,FALSE,FALSE,FALSE,FALSE,FALSE,FALSE,FALSE,FALSE,31.9760479041916,FALSE
982091101532966,2023-05-03,NEDAP,2023-05-03T05:58:00Z,2023-05-03T06:15:29Z,1049,505,2288,49000,1908,,66,FALSE,FALSE,FALSE,FALSE,FALSE,50388.8888888889,1,1,FALSE,FALSE,FALSE,FALSE,FALSE,FALSE,FALSE,FALSE,FALSE,28.884652049571,FALSE
982091101532966,2023-05-03,NEDAP,2023-05-03T08:45:00Z,2023-05-03T08:52:34Z,454,289,2288,49500,1908,,66,FALSE,FALSE,FALSE,FALSE,FALSE,50388.8888888889,1,1,FALSE,FALSE,FALSE,FALSE,FALSE,FALSE,FALSE,FALSE,FALSE,38.1938325991189,FALSE
982091101532966,2023-05-03,NEDAP,2023-05-03T11:57:00Z,2023-05-03T12:11:08Z,848,581,2288,50000,1908,,66,FALSE,FALSE,FALSE,FALSE,FALSE,50388.8888888889,1,1,FALSE,FALSE,FALSE,FALSE,FALSE,FALSE,FALSE,FALSE,FALSE,41.1084905660377,FALSE
982091101532966,2023-05-03,NEDAP,2023-05-03T14:43:00Z,2023-05-03T14:46:53Z,233,116,2288,50500,1908,,66,FALSE,FALSE,FALSE,FALSE,FALSE,50388.8888888889,1,1,FALSE,FALSE,FALSE,FALSE,FALSE,FALSE,FALSE,FALSE,FALSE,29.8712446351931,FALSE
982091101532966,2023-05-03,NEDAP,2023-05-03T16:35:00Z,2023-05-03T16:43:22Z,502,265,2288,50500,1908,,66,FALSE,FALSE,FALSE,FALSE,FALSE,50388.8888888889,1,1,FALSE,FALSE,FALSE,FALSE,FALSE,FALSE,FALSE,FALSE,FALSE,31.6733067729084,FALSE
982091101532966,2023-05-03,NEDAP,2023-05-03T16:51:00Z,2023-05-03T16:55:24Z,264,164,2288,51500,1908,,66,FALSE,FALSE,FALSE,FALSE,FALSE,50388.8888888889,1,1,FALSE,FALSE,FALSE,FALSE,FALSE,FALSE,FALSE,FALSE,FALSE,37.2727272727273,FALSE
982091101532966,2023-05-03,NEDAP,2023-05-03T18:23:00Z,2023-05-03T18:24:56Z,116,68,2288,51000,1908,,66,FALSE,FALSE,FALSE,FALSE,FALSE,50388.8888888889,1,1,FALSE,FALSE,FALSE,FALSE,FALSE,FALSE,FALSE,FALSE,FALSE,35.1724137931035,FALSE
982091101532966,2023-05-03,NEDAP,2023-05-03T20:22:00Z,2023-05-03T20:23:44Z,104,33,2288,52000,1908,,66,FALSE,FALSE,FALSE,FALSE,FALSE,50388.8888888889,1,1,FALSE,FALSE,FALSE,FALSE,FALSE,FALSE,FALSE,FALSE,FALSE,19.0384615384615,FALSE
982091101532966,2023-05-04,NEDAP,2023-05-04T05:07:00Z,2023-05-04T05:09:56Z,176,64,2221,51500,1908,,66,FALSE,FALSE,FALSE,FALSE,FALSE,51000,1,1,FALSE,FALSE,FALSE,FALSE,FALSE,FALSE,FALSE,FALSE,FALSE,21.8181818181818,FALSE
982091101532966,2023-05-04,NEDAP,2023-05-04T05:29:00Z,2023-05-04T05:36:05Z,425,101,2221,51000,1908,,66,FALSE,FALSE,FALSE,FALSE,FALSE,51000,1,1,FALSE,FALSE,FALSE,FALSE,FALSE,FALSE,FALSE,FALSE,FALSE,14.2588235294118,FALSE
982091101532966,2023-05-04,NEDAP,2023-05-04T05:39:00Z,2023-05-04T05:47:53Z,533,299,2221,51000,1908,,66,FALSE,FALSE,FALSE,FALSE,FALSE,51000,1,1,FALSE,FALSE,FALSE,FALSE,FALSE,FALSE,FALSE,FALSE,FALSE,33.6585365853659,FALSE
982091101532966,2023-05-04,NEDAP,2023-05-04T08:50:00Z,2023-05-04T09:01:31Z,691,432,2221,51000,1908,,66,FALSE,FALSE,FALSE,FALSE,FALSE,51000,1,1,FALSE,FALSE,FALSE,FALSE,FALSE,FALSE,FALSE,FALSE,FALSE,37.5108538350217,FALSE
982091101532966,2023-05-04,NEDAP,2023-05-04T14:01:00Z,2023-05-04T14:14:27Z,807,489,2221,50000,1908,,66,FALSE,FALSE,FALSE,FALSE,FALSE,51000,1,1,FALSE,FALSE,FALSE,FALSE,FALSE,FALSE,FALSE,FALSE,FALSE,36.3568773234201,FALSE
982091101532966,2023-05-04,NEDAP,2023-05-04T15:18:00Z,2023-05-04T15:18:27Z,27,14,2221,,1908,,66,FALSE,,FALSE,FALSE,,51000,1,,FALSE,FALSE,FALSE,FALSE,FALSE,FALSE,FALSE,FALSE,FALSE,31.1111111111111,FALSE
982091101532966,2023-05-04,NEDAP,2023-05-04T17:42:00Z,2023-05-04T17:50:11Z,491,323,2221,51000,1908,,66,FALSE,FALSE,FALSE,FALSE,FALSE,51000,1,1,FALSE,FALSE,FALSE,FALSE,FALSE,FALSE,FALSE,FALSE,FALSE,39.4704684317719,FALSE
982091101532966,2023-05-04,NEDAP,2023-05-04T22:20:00Z,2023-05-04T22:32:35Z,755,499,2221,51500,1908,,66,FALSE,FALSE,FALSE,FALSE,FALSE,51000,1,1,FALSE,FALSE,FALSE,FALSE,FALSE,FALSE,FALSE,FALSE,FALSE,39.6556291390728,FALSE
982091101532966,2023-05-05,NEDAP,2023-05-05T04:11:00Z,2023-05-05T04:23:09Z,729,384,1794,52000,1908,,66,FALSE,FALSE,FALSE,FALSE,FALSE,52166.6666666667,1,1,FALSE,FALSE,FALSE,FALSE,FALSE,FALSE,FALSE,FALSE,FALSE,31.6049382716049,FALSE
982091101532966,2023-05-05,NEDAP,2023-05-05T06:47:00Z,2023-05-05T06:57:18Z,618,371,1794,52500,1908,,66,FALSE,FALSE,FALSE,FALSE,FALSE,52166.6666666667,1,1,FALSE,FALSE,FALSE,FALSE,FALSE,FALSE,FALSE,FALSE,FALSE,36.0194174757282,FALSE
982091101532966,2023-05-05,NEDAP,2023-05-05T12:57:00Z,2023-05-05T13:10:00Z,780,515,1794,51500,1908,,66,FALSE,FALSE,FALSE,FALSE,FALSE,52166.6666666667,1,1,FALSE,FALSE,FALSE,FALSE,FALSE,FALSE,FALSE,FALSE,FALSE,39.6153846153846,FALSE
982091101532966,2023-05-05,NEDAP,2023-05-05T13:58:00Z,2023-05-05T14:05:53Z,473,335,1794,52000,1908,,66,FALSE,FALSE,FALSE,FALSE,FALSE,52166.6666666667,1,1,FALSE,FALSE,FALSE,FALSE,FALSE,FALSE,FALSE,FALSE,FALSE,42.4947145877378,FALSE
982091101532966,2023-05-05,NEDAP,2023-05-05T14:29:00Z,2023-05-05T14:30:23Z,83,29,1794,52500,1908,,66,FALSE,FALSE,FALSE,FALSE,FALSE,52166.6666666667,1,1,FALSE,FALSE,FALSE,FALSE,FALSE,FALSE,FALSE,FALSE,FALSE,20.9638554216868,FALSE
982091101532966,2023-05-05,NEDAP,2023-05-05T17:32:00Z,2023-05-05T17:32:51Z,51,15,1794,,1908,,66,FALSE,,FALSE,FALSE,,52166.6666666667,1,,FALSE,FALSE,FALSE,FALSE,FALSE,FALSE,FALSE,FALSE,FALSE,17.6470588235294,FALSE
982091101532966,2023-05-05,NEDAP,2023-05-05T18:25:00Z,2023-05-05T18:28:41Z,221,145,1794,52500,1908,,66,FALSE,FALSE,FALSE,FALSE,FALSE,52166.6666666667,1,1,FALSE,FALSE,FALSE,FALSE,FALSE,FALSE,FALSE,FALSE,FALSE,39.3665158371041,FALSE
982091101532966,2023-05-06,NEDAP,2023-05-06T04:01:00Z,2023-05-06T04:15:57Z,897,519,2029,50500,1908,,66,FALSE,FALSE,FALSE,FALSE,FALSE,52299.319779414,1,0.724007426166403,FALSE,FALSE,FALSE,FALSE,FALSE,FALSE,FALSE,FALSE,FALSE,34.7157190635452,FALSE
982091101532966,2023-05-06,NEDAP,2023-05-06T06:02:00Z,2023-05-06T06:05:50Z,230,105,2029,52500,1908,,66,FALSE,FALSE,FALSE,FALSE,FALSE,52299.319779414,1,1,FALSE,FALSE,FALSE,FALSE,FALSE,FALSE,FALSE,FALSE,FALSE,27.3913043478261,FALSE
982091101532966,2023-05-06,NEDAP,2023-05-06T07:31:00Z,2023-05-06T07:33:04Z,124,78,2029,53000,1908,,66,FALSE,FALSE,FALSE,FALSE,FALSE,52299.319779414,1,1,FALSE,FALSE,FALSE,FALSE,FALSE,FALSE,FALSE,FALSE,FALSE,37.741935483871,FALSE
982091101532966,2023-05-06,NEDAP,2023-05-06T11:18:00Z,2023-05-06T11:36:17Z,1097,782,2029,52000,1908,,66,FALSE,FALSE,FALSE,FALSE,FALSE,52299.319779414,1,1,FALSE,FALSE,FALSE,FALSE,FALSE,FALSE,FALSE,FALSE,FALSE,42.771194165907,FALSE
982091101532966,2023-05-06,NEDAP,2023-05-06T16:01:00Z,2023-05-06T16:13:06Z,726,545,2029,53000,1908,,66,FALSE,FALSE,FALSE,FALSE,FALSE,52299.319779414,1,1,FALSE,FALSE,FALSE,FALSE,FALSE,FALSE,FALSE,FALSE,FALSE,45.0413223140496,FALSE
982091101532966,2023-05-07,NEDAP,2023-05-07T03:01:00Z,2023-05-07T03:15:44Z,884,470,2398,53000,1908,,66,FALSE,FALSE,FALSE,FALSE,FALSE,54000,1,1,FALSE,FALSE,FALSE,FALSE,FALSE,FALSE,FALSE,FALSE,FALSE,31.9004524886878,FALSE
982091101532966,2023-05-07,NEDAP,2023-05-07T03:33:00Z,2023-05-07T03:37:41Z,281,127,2398,53000,1908,,66,FALSE,FALSE,FALSE,FALSE,FALSE,54000,1,1,FALSE,FALSE,FALSE,FALSE,FALSE,FALSE,FALSE,FALSE,FALSE,27.1174377224199,FALSE
982091101532966,2023-05-07,NEDAP,2023-05-07T05:26:00Z,2023-05-07T05:30:17Z,257,99,2398,54500,1908,,66,FALSE,FALSE,FALSE,FALSE,FALSE,54000,1,1,FALSE,FALSE,FALSE,FALSE,FALSE,FALSE,FALSE,FALSE,FALSE,23.1128404669261,FALSE
982091101532966,2023-05-07,NEDAP,2023-05-07T08:33:00Z,2023-05-07T08:48:10Z,910,515,2398,54000,1908,,66,FALSE,FALSE,FALSE,FALSE,FALSE,54000,1,1,FALSE,FALSE,FALSE,FALSE,FALSE,FALSE,FALSE,FALSE,FALSE,33.956043956044,FALSE
982091101532966,2023-05-07,NEDAP,2023-05-07T12:38:00Z,2023-05-07T12:54:06Z,966,695,2398,54500,1908,,66,FALSE,FALSE,FALSE,FALSE,FALSE,54000,1,1,FALSE,FALSE,FALSE,FALSE,FALSE,FALSE,FALSE,FALSE,FALSE,43.167701863354,FALSE
982091101532966,2023-05-07,NEDAP,2023-05-07T18:59:00Z,2023-05-07T19:10:45Z,705,492,2398,55000,1908,,66,FALSE,FALSE,FALSE,FALSE,FALSE,54000,1,1,FALSE,FALSE,FALSE,FALSE,FALSE,FALSE,FALSE,FALSE,FALSE,41.8723404255319,FALSE
982091101532966,2023-05-08,NEDAP,2023-05-08T03:33:00Z,2023-05-08T03:45:27Z,747,395,2107,55000,1908,,66,FALSE,FALSE,FALSE,FALSE,FALSE,55214.2857142857,1,1,FALSE,FALSE,FALSE,FALSE,FALSE,FALSE,FALSE,FALSE,FALSE,31.7269076305221,FALSE
982091101532966,2023-05-08,NEDAP,2023-05-08T04:20:00Z,2023-05-08T04:22:03Z,123,30,2107,54000,1908,,66,FALSE,FALSE,FALSE,FALSE,FALSE,55214.2857142857,1,1,FALSE,FALSE,FALSE,FALSE,FALSE,FALSE,FALSE,FALSE,FALSE,14.6341463414634,FALSE
982091101532966,2023-05-08,NEDAP,2023-05-08T05:32:00Z,2023-05-08T05:45:18Z,798,372,2107,54000,1908,,66,FALSE,FALSE,FALSE,FALSE,FALSE,55214.2857142857,1,1,FALSE,FALSE,FALSE,FALSE,FALSE,FALSE,FALSE,FALSE,FALSE,27.9699248120301,FALSE
982091101532966,2023-05-08,NEDAP,2023-05-08T08:59:00Z,2023-05-08T08:59:19Z,19,7,2107,,1908,,66,FALSE,,FALSE,FALSE,,55214.2857142857,1,,FALSE,FALSE,FALSE,FALSE,FALSE,FALSE,FALSE,FALSE,FALSE,22.1052631578947,FALSE
982091101532966,2023-05-08,NEDAP,2023-05-08T10:23:00Z,2023-05-08T10:41:44Z,1124,769,2107,55000,1908,,66,FALSE,FALSE,FALSE,FALSE,FALSE,55214.2857142857,1,1,FALSE,FALSE,FALSE,FALSE,FALSE,FALSE,FALSE,FALSE,FALSE,41.0498220640569,FALSE
982091101532966,2023-05-08,NEDAP,2023-05-08T10:59:00Z,2023-05-08T11:00:24Z,84,47,2107,55500,1908,,66,FALSE,FALSE,FALSE,FALSE,FALSE,55214.2857142857,1,1,FALSE,FALSE,FALSE,FALSE,FALSE,FALSE,FALSE,FALSE,FALSE,33.5714285714286,FALSE
982091101532966,2023-05-08,NEDAP,2023-05-08T13:40:00Z,2023-05-08T13:45:02Z,302,111,2107,56500,1908,,66,FALSE,FALSE,FALSE,FALSE,FALSE,55214.2857142857,1,1,FALSE,FALSE,FALSE,FALSE,FALSE,FALSE,FALSE,FALSE,FALSE,22.0529801324503,FALSE
982091101532966,2023-05-08,NEDAP,2023-05-08T17:04:00Z,2023-05-08T17:13:40Z,580,376,2107,56500,1908,,66,FALSE,FALSE,FALSE,FALSE,FALSE,55214.2857142857,1,1,FALSE,FALSE,FALSE,FALSE,FALSE,FALSE,FALSE,FALSE,FALSE,38.8965517241379,FALSE
982091101532966,2023-05-09,NEDAP,2023-05-09T02:53:00Z,2023-05-09T02:56:39Z,219,121,2040,54500,1908,,66,FALSE,FALSE,FALSE,FALSE,FALSE,55666.6666666667,1,1,FALSE,FALSE,FALSE,FALSE,FALSE,FALSE,FALSE,FALSE,FALSE,33.1506849315069,FALSE
982091101532966,2023-05-09,NEDAP,2023-05-09T04:04:00Z,2023-05-09T04:17:18Z,798,531,2040,54500,1908,,66,FALSE,FALSE,FALSE,FALSE,FALSE,55666.6666666667,1,1,FALSE,FALSE,FALSE,FALSE,FALSE,FALSE,FALSE,FALSE,FALSE,39.9248120300752,FALSE
982091101532966,2023-05-09,NEDAP,2023-05-09T06:58:00Z,2023-05-09T07:08:41Z,641,268,2040,56000,1908,,66,FALSE,FALSE,FALSE,FALSE,FALSE,55666.6666666667,1,1,FALSE,FALSE,FALSE,FALSE,FALSE,FALSE,FALSE,FALSE,FALSE,25.0858034321373,FALSE
982091101532966,2023-05-09,NEDAP,2023-05-09T09:07:00Z,2023-05-09T09:16:11Z,551,270,2040,56000,1908,,66,FALSE,FALSE,FALSE,FALSE,FALSE,55666.6666666667,1,1,FALSE,FALSE,FALSE,FALSE,FALSE,FALSE,FALSE,FALSE,FALSE,29.4010889292196,FALSE
982091101532966,2023-05-09,NEDAP,2023-05-09T12:22:00Z,2023-05-09T12:34:11Z,731,415,2040,56000,1908,,66,FALSE,FALSE,FALSE,FALSE,FALSE,55666.6666666667,1,1,FALSE,FALSE,FALSE,FALSE,FALSE,FALSE,FALSE,FALSE,FALSE,34.06292749658,FALSE
982091101532966,2023-05-09,NEDAP,2023-05-09T15:29:00Z,2023-05-09T15:39:30Z,630,435,2040,57000,1908,,66,FALSE,FALSE,FALSE,FALSE,FALSE,55666.6666666667,1,1,FALSE,FALSE,FALSE,FALSE,FALSE,FALSE,FALSE,FALSE,FALSE,41.4285714285714,FALSE
982091101532966,2023-05-10,NEDAP,2023-05-10T03:16:00Z,2023-05-10T03:37:16Z,1276,657,2573,56000,1908,,66,FALSE,FALSE,FALSE,FALSE,FALSE,57321.3824334355,1,1,FALSE,FALSE,FALSE,FALSE,FALSE,FALSE,FALSE,FALSE,FALSE,30.8934169278997,FALSE
982091101532966,2023-05-10,NEDAP,2023-05-10T07:20:00Z,2023-05-10T07:35:21Z,921,543,2573,56500,1908,,66,FALSE,FALSE,FALSE,FALSE,FALSE,57321.3824334355,1,1,FALSE,FALSE,FALSE,FALSE,FALSE,FALSE,FALSE,FALSE,FALSE,35.3745928338762,FALSE
982091101532966,2023-05-10,NEDAP,2023-05-10T11:07:00Z,2023-05-10T11:18:09Z,669,480,2573,57000,1908,,66,FALSE,FALSE,FALSE,FALSE,FALSE,57321.3824334355,1,1,FALSE,FALSE,FALSE,FALSE,FALSE,FALSE,FALSE,FALSE,FALSE,43.0493273542601,FALSE
982091101532966,2023-05-10,NEDAP,2023-05-10T12:23:00Z,2023-05-10T12:33:39Z,639,367,2573,58500,1908,,66,FALSE,FALSE,FALSE,FALSE,FALSE,57321.3824334355,1,0.787613070555623,FALSE,FALSE,FALSE,FALSE,FALSE,FALSE,FALSE,FALSE,FALSE,34.4600938967136,FALSE
982091101532966,2023-05-10,NEDAP,2023-05-10T14:09:00Z,2023-05-10T14:09:34Z,34,11,2573,,1908,,66,FALSE,,FALSE,FALSE,,57321.3824334355,1,,FALSE,FALSE,FALSE,FALSE,FALSE,FALSE,FALSE,FALSE,FALSE,19.4117647058824,FALSE
982091101532966,2023-05-10,NEDAP,2023-05-10T16:36:00Z,2023-05-10T16:37:57Z,117,25,2573,57500,1908,,66,FALSE,FALSE,FALSE,FALSE,FALSE,57321.3824334355,1,1,FALSE,FALSE,FALSE,FALSE,FALSE,FALSE,FALSE,FALSE,FALSE,12.8205128205128,FALSE
982091101532966,2023-05-10,NEDAP,2023-05-10T18:22:00Z,2023-05-10T18:32:07Z,607,411,2573,58000,1908,,66,FALSE,FALSE,FALSE,FALSE,FALSE,57321.3824334355,1,1,FALSE,FALSE,FALSE,FALSE,FALSE,FALSE,FALSE,FALSE,FALSE,40.6260296540362,FALSE
982091101532966,2023-05-10,NEDAP,2023-05-10T18:44:00Z,2023-05-10T18:47:06Z,186,79,2573,58000,1908,,66,FALSE,FALSE,FALSE,FALSE,FALSE,57321.3824334355,1,1,FALSE,FALSE,FALSE,FALSE,FALSE,FALSE,FALSE,FALSE,FALSE,25.4838709677419,FALSE
982091101532966,2023-05-11,NEDAP,2023-05-11T03:52:00Z,2023-05-11T04:05:17Z,797,510,2321,58000,1908,,66,FALSE,FALSE,FALSE,FALSE,FALSE,58628.7572859953,1,1,FALSE,FALSE,FALSE,FALSE,FALSE,FALSE,FALSE,FALSE,FALSE,38.3939774153074,FALSE
982091101532966,2023-05-11,NEDAP,2023-05-11T06:00:00Z,2023-05-11T06:03:38Z,218,74,2321,58500,1908,,66,FALSE,FALSE,FALSE,FALSE,FALSE,58628.7572859953,1,1,FALSE,FALSE,FALSE,FALSE,FALSE,FALSE,FALSE,FALSE,FALSE,20.3669724770642,FALSE
982091101532966,2023-05-11,NEDAP,2023-05-11T08:05:00Z,2023-05-11T08:13:27Z,507,299,2321,58000,1908,,66,FALSE,FALSE,FALSE,FALSE,FALSE,58628.7572859953,1,1,FALSE,FALSE,FALSE,FALSE,FALSE,FALSE,FALSE,FALSE,FALSE,35.3846153846154,FALSE
982091101532966,2023-05-11,NEDAP,2023-05-11T10:53:00Z,2023-05-11T11:12:08Z,1148,566,2321,59000,1908,,66,FALSE,FALSE,FALSE,FALSE,FALSE,58628.7572859953,1,1,FALSE,FALSE,FALSE,FALSE,FALSE,FALSE,FALSE,FALSE,FALSE,29.5818815331011,FALSE
982091101532966,2023-05-11,NEDAP,2023-05-11T14:25:00Z,2023-05-11T14:27:30Z,150,45,2321,59500,1908,,66,FALSE,FALSE,FALSE,FALSE,FALSE,58628.7572859953,1,0.886714693337897,FALSE,FALSE,FALSE,FALSE,FALSE,FALSE,FALSE,FALSE,FALSE,18,FALSE
982091101532966,2023-05-11,NEDAP,2023-05-11T16:22:00Z,2023-05-11T16:29:33Z,453,249,2321,58500,1908,,66,FALSE,FALSE,FALSE,FALSE,FALSE,58628.7572859953,1,1,FALSE,FALSE,FALSE,FALSE,FALSE,FALSE,FALSE,FALSE,FALSE,32.9801324503311,FALSE
982091101532966,2023-05-11,NEDAP,2023-05-11T19:44:00Z,2023-05-11T19:57:02Z,782,578,2321,59000,1908,,66,FALSE,FALSE,FALSE,FALSE,FALSE,58628.7572859953,1,1,FALSE,FALSE,FALSE,FALSE,FALSE,FALSE,FALSE,FALSE,FALSE,44.3478260869565,FALSE
982091101532966,2023-05-12,NEDAP,2023-05-12T03:08:00Z,2023-05-12T03:12:30Z,270,160,2386,59500,1908,,66,FALSE,FALSE,FALSE,FALSE,FALSE,60082.8553440878,1,1,FALSE,FALSE,FALSE,FALSE,FALSE,FALSE,FALSE,FALSE,FALSE,35.5555555555556,FALSE
982091101532966,2023-05-12,NEDAP,2023-05-12T04:16:00Z,2023-05-12T04:27:25Z,685,423,2386,58500,1908,,66,FALSE,FALSE,FALSE,FALSE,FALSE,60082.8553440878,1,1,FALSE,FALSE,FALSE,FALSE,FALSE,FALSE,FALSE,FALSE,FALSE,37.051094890511,FALSE
982091101532966,2023-05-12,NEDAP,2023-05-12T07:53:00Z,2023-05-12T08:10:17Z,1037,581,2386,60000,1908,,66,FALSE,FALSE,FALSE,FALSE,FALSE,60082.8553440878,1,0.987448984140279,FALSE,FALSE,FALSE,FALSE,FALSE,FALSE,FALSE,FALSE,FALSE,33.6162005785921,FALSE
982091101532966,2023-05-12,NEDAP,2023-05-12T10:42:00Z,2023-05-12T10:52:21Z,621,436,2386,60500,1908,,66,FALSE,FALSE,FALSE,FALSE,FALSE,60082.8553440878,1,0.805778913036743,FALSE,FALSE,FALSE,FALSE,FALSE,FALSE,FALSE,FALSE,FALSE,42.1256038647343,FALSE
982091101532966,2023-05-12,NEDAP,2023-05-12T14:04:00Z,2023-05-12T14:10:43Z,403,253,2386,61000,1908,,66,FALSE,FALSE,FALSE,FALSE,FALSE,60082.8553440878,1,0.680585562227156,FALSE,FALSE,FALSE,FALSE,FALSE,FALSE,FALSE,FALSE,FALSE,37.6674937965261,FALSE
982091101532966,2023-05-12,NEDAP,2023-05-12T14:12:00Z,2023-05-12T14:18:12Z,372,275,2386,61000,1908,,66,FALSE,FALSE,FALSE,FALSE,FALSE,60082.8553440878,1,0.722925882588725,FALSE,FALSE,FALSE,FALSE,FALSE,FALSE,FALSE,FALSE,FALSE,44.3548387096774,FALSE
982091101532966,2023-05-12,NEDAP,2023-05-12T17:20:00Z,2023-05-12T17:22:06Z,126,89,2386,61000,1908,,66,FALSE,FALSE,FALSE,FALSE,FALSE,60082.8553440878,1,0.770905728459418,FALSE,FALSE,FALSE,FALSE,FALSE,FALSE,FALSE,FALSE,FALSE,42.3809523809524,FALSE
982091101532966,2023-05-12,NEDAP,2023-05-12T21:23:00Z,2023-05-12T21:30:20Z,440,158,2386,60000,1908,,66,FALSE,FALSE,FALSE,FALSE,FALSE,60082.8553440878,1,1,FALSE,FALSE,FALSE,FALSE,FALSE,FALSE,FALSE,FALSE,FALSE,21.5454545454545,FALSE
982091101532966,2023-05-12,NEDAP,2023-05-12T21:31:00Z,2023-05-12T21:31:15Z,15,11,2386,,1908,,66,FALSE,,FALSE,FALSE,,60082.8553440878,1,,FALSE,FALSE,FALSE,FALSE,FALSE,FALSE,FALSE,FALSE,FALSE,44,FALSE
982091101532966,2023-05-13,NEDAP,2023-05-13T04:14:00Z,2023-05-13T04:27:55Z,835,439,2573,59000,1908,,66,FALSE,FALSE,FALSE,FALSE,FALSE,60083.3333333333,1,1,FALSE,FALSE,FALSE,FALSE,FALSE,FALSE,FALSE,FALSE,FALSE,31.5449101796407,FALSE
982091101532966,2023-05-13,NEDAP,2023-05-13T07:52:00Z,2023-05-13T08:08:38Z,998,494,2573,59500,1908,,66,FALSE,FALSE,FALSE,FALSE,FALSE,60083.3333333333,1,1,FALSE,FALSE,FALSE,FALSE,FALSE,FALSE,FALSE,FALSE,FALSE,29.6993987975952,FALSE
982091101532966,2023-05-13,NEDAP,2023-05-13T08:13:00Z,2023-05-13T08:14:05Z,65,9,2573,59000,1908,,66,FALSE,FALSE,FALSE,FALSE,FALSE,60083.3333333333,1,1,FALSE,FALSE,FALSE,FALSE,FALSE,FALSE,FALSE,FALSE,FALSE,8.30769230769231,FALSE
982091101532966,2023-05-13,NEDAP,2023-05-13T10:04:00Z,2023-05-13T10:15:55Z,715,597,2573,60500,1908,,66,FALSE,FALSE,FALSE,FALSE,FALSE,60083.3333333333,1,1,FALSE,FALSE,FALSE,FALSE,FALSE,FALSE,FALSE,FALSE,FALSE,50.0979020979021,FALSE
982091101532966,2023-05-13,NEDAP,2023-05-13T14:32:00Z,2023-05-13T14:45:48Z,828,688,2573,61000,1908,,66,FALSE,FALSE,FALSE,FALSE,FALSE,60083.3333333333,1,1,FALSE,FALSE,FALSE,FALSE,FALSE,FALSE,FALSE,FALSE,FALSE,49.8550724637681,FALSE
982091101532966,2023-05-13,NEDAP,2023-05-13T16:50:00Z,2023-05-13T16:57:23Z,443,311,2573,61500,1908,,66,FALSE,FALSE,FALSE,FALSE,FALSE,60083.3333333333,1,1,FALSE,FALSE,FALSE,FALSE,FALSE,FALSE,FALSE,FALSE,FALSE,42.1218961625282,FALSE
982091101532966,2023-05-13,NEDAP,2023-05-13T20:14:00Z,2023-05-13T20:14:53Z,53,35,2573,,1908,,66,FALSE,,FALSE,FALSE,,60083.3333333333,1,,FALSE,FALSE,FALSE,FALSE,FALSE,FALSE,FALSE,FALSE,FALSE,39.622641509434,FALSE
982091101532966,2023-05-14,NEDAP,2023-05-14T04:31:00Z,2023-05-14T04:41:06Z,606,268,2516,59500,1908,,66,FALSE,FALSE,FALSE,FALSE,FALSE,61312.5,1,1,FALSE,FALSE,FALSE,FALSE,FALSE,FALSE,FALSE,FALSE,FALSE,26.5346534653465,FALSE
982091101532966,2023-05-14,NEDAP,2023-05-14T06:16:00Z,2023-05-14T06:20:47Z,287,98,2516,60500,1908,,66,FALSE,FALSE,FALSE,FALSE,FALSE,61312.5,1,1,FALSE,FALSE,FALSE,FALSE,FALSE,FALSE,FALSE,FALSE,FALSE,20.4878048780488,FALSE
982091101532966,2023-05-14,NEDAP,2023-05-14T06:38:00Z,2023-05-14T06:49:48Z,708,444,2516,60500,1908,,66,FALSE,FALSE,FALSE,FALSE,FALSE,61312.5,1,1,FALSE,FALSE,FALSE,FALSE,FALSE,FALSE,FALSE,FALSE,FALSE,37.6271186440678,FALSE
982091101532966,2023-05-14,NEDAP,2023-05-14T11:10:00Z,2023-05-14T11:28:57Z,1137,816,2516,61500,1908,,66,FALSE,FALSE,FALSE,FALSE,FALSE,61312.5,1,1,FALSE,FALSE,FALSE,FALSE,FALSE,FALSE,FALSE,FALSE,FALSE,43.0606860158311,FALSE
982091101532966,2023-05-14,NEDAP,2023-05-14T14:50:00Z,2023-05-14T14:50:10Z,10,2,2516,,1908,,66,FALSE,,FALSE,FALSE,,61312.5,1,,FALSE,FALSE,FALSE,FALSE,FALSE,FALSE,FALSE,FALSE,FALSE,12,FALSE
982091101532966,2023-05-14,NEDAP,2023-05-14T15:52:00Z,2023-05-14T16:01:36Z,576,411,2516,61500,1908,,66,FALSE,FALSE,FALSE,FALSE,FALSE,61312.5,1,1,FALSE,FALSE,FALSE,FALSE,FALSE,FALSE,FALSE,FALSE,FALSE,42.8125,FALSE
982091101532966,2023-05-14,NEDAP,2023-05-14T16:35:00Z,2023-05-14T16:40:33Z,333,243,2516,62000,1908,,66,FALSE,FALSE,FALSE,FALSE,FALSE,61312.5,1,1,FALSE,FALSE,FALSE,FALSE,FALSE,FALSE,FALSE,FALSE,FALSE,43.7837837837838,FALSE
982091101532966,2023-05-14,NEDAP,2023-05-14T17:27:00Z,2023-05-14T17:29:30Z,150,84,2516,62500,1908,,66,FALSE,FALSE,FALSE,FALSE,FALSE,61312.5,1,1,FALSE,FALSE,FALSE,FALSE,FALSE,FALSE,FALSE,FALSE,FALSE,33.6,FALSE
982091101532966,2023-05-14,NEDAP,2023-05-14T19:43:00Z,2023-05-14T19:47:03Z,243,150,2516,62500,1908,,66,FALSE,FALSE,FALSE,FALSE,FALSE,61312.5,1,1,FALSE,FALSE,FALSE,FALSE,FALSE,FALSE,FALSE,FALSE,FALSE,37.037037037037,FALSE
982091101532966,2023-05-15,NEDAP,2023-05-15T04:03:00Z,2023-05-15T04:09:36Z,396,160,2520,62000,1908,,66,FALSE,FALSE,FALSE,FALSE,FALSE,62444.4444444444,1,1,FALSE,FALSE,FALSE,FALSE,FALSE,FALSE,FALSE,FALSE,FALSE,24.2424242424242,FALSE
982091101532966,2023-05-15,NEDAP,2023-05-15T04:23:00Z,2023-05-15T04:30:25Z,445,315,2520,62500,1908,,66,FALSE,FALSE,FALSE,FALSE,FALSE,62444.4444444444,1,1,FALSE,FALSE,FALSE,FALSE,FALSE,FALSE,FALSE,FALSE,FALSE,42.4719101123596,FALSE
982091101532966,2023-05-15,NEDAP,2023-05-15T04:32:00Z,2023-05-15T04:37:33Z,333,229,2520,61500,1908,,66,FALSE,FALSE,FALSE,FALSE,FALSE,62444.4444444444,1,1,FALSE,FALSE,FALSE,FALSE,FALSE,FALSE,FALSE,FALSE,FALSE,41.2612612612613,FALSE
982091101532966,2023-05-15,NEDAP,2023-05-15T07:44:00Z,2023-05-15T07:50:27Z,387,106,2520,62500,1908,,66,FALSE,FALSE,FALSE,FALSE,FALSE,62444.4444444444,1,1,FALSE,FALSE,FALSE,FALSE,FALSE,FALSE,FALSE,FALSE,FALSE,16.4341085271318,FALSE
982091101532966,2023-05-15,NEDAP,2023-05-15T08:02:00Z,2023-05-15T08:10:04Z,484,297,2520,62000,1908,,66,FALSE,FALSE,FALSE,FALSE,FALSE,62444.4444444444,1,1,FALSE,FALSE,FALSE,FALSE,FALSE,FALSE,FALSE,FALSE,FALSE,36.8181818181818,FALSE
982091101532966,2023-05-15,NEDAP,2023-05-15T11:07:00Z,2023-05-15T11:21:07Z,847,521,2520,62000,1908,,66,FALSE,FALSE,FALSE,FALSE,FALSE,62444.4444444444,1,1,FALSE,FALSE,FALSE,FALSE,FALSE,FALSE,FALSE,FALSE,FALSE,36.9067296340024,FALSE
982091101532966,2023-05-15,NEDAP,2023-05-15T13:55:00Z,2023-05-15T14:07:54Z,774,483,2520,62500,1908,,66,FALSE,FALSE,FALSE,FALSE,FALSE,62444.4444444444,1,1,FALSE,FALSE,FALSE,FALSE,FALSE,FALSE,FALSE,FALSE,FALSE,37.4418604651163,FALSE
982091101532966,2023-05-15,NEDAP,2023-05-15T15:21:00Z,2023-05-15T15:26:33Z,333,261,2520,63500,1908,,66,FALSE,FALSE,FALSE,FALSE,FALSE,62444.4444444444,1,1,FALSE,FALSE,FALSE,FALSE,FALSE,FALSE,FALSE,FALSE,FALSE,47.027027027027,FALSE
982091101532966,2023-05-15,NEDAP,2023-05-15T16:12:00Z,2023-05-15T16:12:50Z,50,4,2520,,1908,,66,FALSE,,FALSE,FALSE,,62444.4444444444,1,,FALSE,FALSE,FALSE,FALSE,FALSE,FALSE,FALSE,FALSE,FALSE,4.8,FALSE
982091101532966,2023-05-15,NEDAP,2023-05-15T16:15:00Z,2023-05-15T16:18:03Z,183,144,2520,63500,1908,,66,FALSE,FALSE,FALSE,FALSE,FALSE,62444.4444444444,1,1,FALSE,FALSE,FALSE,FALSE,FALSE,FALSE,FALSE,FALSE,FALSE,47.2131147540984,FALSE
982091101532966,2023-05-16,NEDAP,2023-05-16T01:04:00Z,2023-05-16T01:17:42Z,822,481,3223,63000,1908,,66,FALSE,FALSE,FALSE,FALSE,FALSE,64181.8181818182,1,1,FALSE,FALSE,FALSE,FALSE,FALSE,FALSE,FALSE,FALSE,FALSE,35.1094890510949,FALSE
982091101532966,2023-05-16,NEDAP,2023-05-16T04:48:00Z,2023-05-16T04:59:31Z,691,316,3223,63000,1908,,66,FALSE,FALSE,FALSE,FALSE,FALSE,64181.8181818182,1,1,FALSE,FALSE,FALSE,FALSE,FALSE,FALSE,FALSE,FALSE,FALSE,27.438494934877,FALSE
982091101532966,2023-05-16,NEDAP,2023-05-16T06:16:00Z,2023-05-16T06:27:40Z,700,533,3223,63500,1908,,66,FALSE,FALSE,FALSE,FALSE,FALSE,64181.8181818182,1,1,FALSE,FALSE,FALSE,FALSE,FALSE,FALSE,FALSE,FALSE,FALSE,45.6857142857143,FALSE
982091101532966,2023-05-16,NEDAP,2023-05-16T08:31:00Z,2023-05-16T08:38:51Z,471,331,3223,64000,1908,,66,FALSE,FALSE,FALSE,FALSE,FALSE,64181.8181818182,1,1,FALSE,FALSE,FALSE,FALSE,FALSE,FALSE,FALSE,FALSE,FALSE,42.1656050955414,FALSE
982091101532966,2023-05-16,NEDAP,2023-05-16T09:34:00Z,2023-05-16T09:40:19Z,379,257,3223,65000,1908,,66,FALSE,FALSE,FALSE,FALSE,FALSE,64181.8181818182,1,1,FALSE,FALSE,FALSE,FALSE,FALSE,FALSE,FALSE,FALSE,FALSE,40.6860158311346,FALSE
982091101532966,2023-05-16,NEDAP,2023-05-16T12:33:00Z,2023-05-16T12:34:08Z,68,12,3223,64500,1908,,66,FALSE,FALSE,FALSE,FALSE,FALSE,64181.8181818182,1,1,FALSE,FALSE,FALSE,FALSE,FALSE,FALSE,FALSE,FALSE,FALSE,10.5882352941176,FALSE
982091101532966,2023-05-16,NEDAP,2023-05-16T13:09:00Z,2023-05-16T13:09:16Z,16,6,3223,,1908,,66,FALSE,,FALSE,FALSE,,64181.8181818182,1,,FALSE,FALSE,FALSE,FALSE,FALSE,FALSE,FALSE,FALSE,FALSE,22.5,FALSE
982091101532966,2023-05-16,NEDAP,2023-05-16T13:29:00Z,2023-05-16T13:34:00Z,300,123,3223,64000,1908,,66,FALSE,FALSE,FALSE,FALSE,FALSE,64181.8181818182,1,1,FALSE,FALSE,FALSE,FALSE,FALSE,FALSE,FALSE,FALSE,FALSE,24.6,FALSE
982091101532966,2023-05-16,NEDAP,2023-05-16T13:47:00Z,2023-05-16T13:58:45Z,705,526,3223,63500,1908,,66,FALSE,FALSE,FALSE,FALSE,FALSE,64181.8181818182,1,1,FALSE,FALSE,FALSE,FALSE,FALSE,FALSE,FALSE,FALSE,FALSE,44.7659574468085,FALSE
982091101532966,2023-05-16,NEDAP,2023-05-16T14:45:00Z,2023-05-16T14:48:27Z,207,121,3223,65500,1908,,66,FALSE,FALSE,FALSE,FALSE,FALSE,64181.8181818182,1,1,FALSE,FALSE,FALSE,FALSE,FALSE,FALSE,FALSE,FALSE,FALSE,35.0724637681159,FALSE
982091101532966,2023-05-16,NEDAP,2023-05-16T17:56:00Z,2023-05-16T18:04:46Z,526,356,3223,64500,1908,,66,FALSE,FALSE,FALSE,FALSE,FALSE,64181.8181818182,1,1,FALSE,FALSE,FALSE,FALSE,FALSE,FALSE,FALSE,FALSE,FALSE,40.6083650190114,FALSE
982091101532966,2023-05-16,NEDAP,2023-05-16T20:36:00Z,2023-05-16T20:40:25Z,265,161,3223,65500,1908,,66,FALSE,FALSE,FALSE,FALSE,FALSE,64181.8181818182,1,1,FALSE,FALSE,FALSE,FALSE,FALSE,FALSE,FALSE,FALSE,FALSE,36.4528301886792,FALSE
982091101532966,2023-05-17,NEDAP,2023-05-17T05:29:00Z,2023-05-17T05:44:51Z,951,596,2219,65000,1908,,66,FALSE,FALSE,FALSE,FALSE,FALSE,65300,1,1,FALSE,FALSE,FALSE,FALSE,FALSE,FALSE,FALSE,FALSE,FALSE,37.602523659306,FALSE
982091101532966,2023-05-17,NEDAP,2023-05-17T08:06:00Z,2023-05-17T08:11:35Z,335,212,2219,65000,1908,,66,FALSE,FALSE,FALSE,FALSE,FALSE,65300,1,1,FALSE,FALSE,FALSE,FALSE,FALSE,FALSE,FALSE,FALSE,FALSE,37.9701492537313,FALSE
982091101532966,2023-05-17,NEDAP,2023-05-17T11:25:00Z,2023-05-17T11:39:19Z,859,682,2219,65000,1908,,66,FALSE,FALSE,FALSE,FALSE,FALSE,65300,1,1,FALSE,FALSE,FALSE,FALSE,FALSE,FALSE,FALSE,FALSE,FALSE,47.6367869615832,FALSE
982091101532966,2023-05-17,NEDAP,2023-05-17T14:01:00Z,2023-05-17T14:09:32Z,512,440,2219,65500,1908,,66,FALSE,FALSE,FALSE,FALSE,FALSE,65300,1,1,FALSE,FALSE,FALSE,FALSE,FALSE,FALSE,FALSE,FALSE,FALSE,51.5625,FALSE
982091101532966,2023-05-17,NEDAP,2023-05-17T16:05:00Z,2023-05-17T16:10:33Z,333,289,2219,66000,1908,,66,FALSE,FALSE,FALSE,FALSE,FALSE,65300,1,1,FALSE,FALSE,FALSE,FALSE,FALSE,FALSE,FALSE,FALSE,FALSE,52.0720720720721,FALSE
982091101532966,2023-05-18,NEDAP,2023-05-18T00:09:00Z,2023-05-18T00:22:35Z,815,587,2799,65500,1908,,66,FALSE,FALSE,FALSE,FALSE,FALSE,66050,1,1,FALSE,FALSE,FALSE,FALSE,FALSE,FALSE,FALSE,FALSE,FALSE,43.2147239263804,FALSE
982091101532966,2023-05-18,NEDAP,2023-05-18T05:28:00Z,2023-05-18T05:34:46Z,406,221,2799,65500,1908,,66,FALSE,FALSE,FALSE,FALSE,FALSE,66050,1,1,FALSE,FALSE,FALSE,FALSE,FALSE,FALSE,FALSE,FALSE,FALSE,32.6600985221675,FALSE
982091101532966,2023-05-18,NEDAP,2023-05-18T07:11:00Z,2023-05-18T07:24:26Z,806,509,2799,65000,1908,,66,FALSE,FALSE,FALSE,FALSE,FALSE,66050,1,1,FALSE,FALSE,FALSE,FALSE,FALSE,FALSE,FALSE,FALSE,FALSE,37.8908188585608,FALSE
982091101532966,2023-05-18,NEDAP,2023-05-18T09:45:00Z,2023-05-18T09:46:03Z,63,50,2799,65000,1908,,66,FALSE,FALSE,FALSE,FALSE,FALSE,66050,1,1,FALSE,FALSE,FALSE,FALSE,FALSE,FALSE,FALSE,FALSE,FALSE,47.6190476190476,FALSE
982091101532966,2023-05-18,NEDAP,2023-05-18T10:45:00Z,2023-05-18T10:48:50Z,230,124,2799,65500,1908,,66,FALSE,FALSE,FALSE,FALSE,FALSE,66050,1,1,FALSE,FALSE,FALSE,FALSE,FALSE,FALSE,FALSE,FALSE,FALSE,32.3478260869565,FALSE
982091101532966,2023-05-18,NEDAP,2023-05-18T10:52:00Z,2023-05-18T10:55:50Z,230,113,2799,65500,1908,,66,FALSE,FALSE,FALSE,FALSE,FALSE,66050,1,1,FALSE,FALSE,FALSE,FALSE,FALSE,FALSE,FALSE,FALSE,FALSE,29.4782608695652,FALSE
982091101532966,2023-05-18,NEDAP,2023-05-18T12:51:00Z,2023-05-18T13:00:28Z,568,296,2799,67000,1908,,66,FALSE,FALSE,FALSE,FALSE,FALSE,66050,1,1,FALSE,FALSE,FALSE,FALSE,FALSE,FALSE,FALSE,FALSE,FALSE,31.2676056338028,FALSE
982091101532966,2023-05-18,NEDAP,2023-05-18T13:03:00Z,2023-05-18T13:10:23Z,443,315,2799,67000,1908,,66,FALSE,FALSE,FALSE,FALSE,FALSE,66050,1,1,FALSE,FALSE,FALSE,FALSE,FALSE,FALSE,FALSE,FALSE,FALSE,42.6636568848758,FALSE
982091101532966,2023-05-18,NEDAP,2023-05-18T15:04:00Z,2023-05-18T15:07:29Z,209,163,2799,67000,1908,,66,FALSE,FALSE,FALSE,FALSE,FALSE,66050,1,1,FALSE,FALSE,FALSE,FALSE,FALSE,FALSE,FALSE,FALSE,FALSE,46.7942583732058,FALSE
982091101532966,2023-05-18,NEDAP,2023-05-18T15:19:00Z,2023-05-18T15:27:28Z,508,421,2799,67500,1908,,66,FALSE,FALSE,FALSE,FALSE,FALSE,66050,1,1,FALSE,FALSE,FALSE,FALSE,FALSE,FALSE,FALSE,FALSE,FALSE,49.7244094488189,FALSE
982091101532966,2023-05-19,NEDAP,2023-05-19T04:27:00Z,2023-05-19T04:35:37Z,517,228,2618,66000,1908,,66,FALSE,FALSE,FALSE,FALSE,FALSE,67285.7142857143,1,1,FALSE,FALSE,FALSE,FALSE,FALSE,FALSE,FALSE,FALSE,FALSE,26.4603481624758,FALSE
982091101532966,2023-05-19,NEDAP,2023-05-19T06:47:00Z,2023-05-19T06:59:25Z,745,326,2618,65500,1908,,66,FALSE,FALSE,FALSE,FALSE,FALSE,67285.7142857143,1,1,FALSE,FALSE,FALSE,FALSE,FALSE,FALSE,FALSE,FALSE,FALSE,26.255033557047,FALSE
982091101532966,2023-05-19,NEDAP,2023-05-19T09:19:00Z,2023-05-19T09:35:53Z,1013,824,2618,67000,1908,,66,FALSE,FALSE,FALSE,FALSE,FALSE,67285.7142857143,1,1,FALSE,FALSE,FALSE,FALSE,FALSE,FALSE,FALSE,FALSE,FALSE,48.8055281342547,FALSE
982091101532966,2023-05-19,NEDAP,2023-05-19T12:48:00Z,2023-05-19T12:58:36Z,636,423,2618,68000,1908,,66,FALSE,FALSE,FALSE,FALSE,FALSE,67285.7142857143,1,1,FALSE,FALSE,FALSE,FALSE,FALSE,FALSE,FALSE,FALSE,FALSE,39.9056603773585,FALSE
982091101532966,2023-05-19,NEDAP,2023-05-19T13:34:00Z,2023-05-19T13:35:55Z,115,70,2618,68500,1908,,66,FALSE,FALSE,FALSE,FALSE,FALSE,67285.7142857143,1,1,FALSE,FALSE,FALSE,FALSE,FALSE,FALSE,FALSE,FALSE,FALSE,36.5217391304348,FALSE
982091101532966,2023-05-19,NEDAP,2023-05-19T16:20:00Z,2023-05-19T16:25:12Z,312,314,2618,68000,1908,,66,FALSE,FALSE,FALSE,FALSE,FALSE,67285.7142857143,1,1,FALSE,FALSE,FALSE,FALSE,FALSE,FALSE,FALSE,FALSE,FALSE,60.3846153846154,FALSE
982091101532966,2023-05-19,NEDAP,2023-05-19T16:41:00Z,2023-05-19T16:49:49Z,529,433,2618,68000,1908,,66,FALSE,FALSE,FALSE,FALSE,FALSE,67285.7142857143,1,1,FALSE,FALSE,FALSE,FALSE,FALSE,FALSE,FALSE,FALSE,FALSE,49.1115311909263,FALSE
982091101532966,2023-05-20,NEDAP,2023-05-20T00:19:00Z,2023-05-20T00:27:17Z,497,276,3192,69000,1908,,66,FALSE,FALSE,FALSE,FALSE,FALSE,69022.7272727273,1,1,FALSE,FALSE,FALSE,FALSE,FALSE,FALSE,FALSE,FALSE,FALSE,33.3199195171026,FALSE
982091101532966,2023-05-20,NEDAP,2023-05-20T03:57:00Z,2023-05-20T04:05:17Z,497,343,3192,68500,1908,,66,FALSE,FALSE,FALSE,FALSE,FALSE,69022.7272727273,1,1,FALSE,FALSE,FALSE,FALSE,FALSE,FALSE,FALSE,FALSE,FALSE,41.4084507042254,FALSE
982091101532966,2023-05-20,NEDAP,2023-05-20T07:03:00Z,2023-05-20T07:10:26Z,446,270,3192,69000,1908,,66,FALSE,FALSE,FALSE,FALSE,FALSE,69022.7272727273,1,1,FALSE,FALSE,FALSE,FALSE,FALSE,FALSE,FALSE,FALSE,FALSE,36.322869955157,FALSE
982091101532966,2023-05-20,NEDAP,2023-05-20T09:18:00Z,2023-05-20T09:19:11Z,71,60,3192,68250,1908,,66,FALSE,FALSE,FALSE,FALSE,FALSE,69022.7272727273,1,1,FALSE,FALSE,FALSE,FALSE,FALSE,FALSE,FALSE,FALSE,FALSE,50.7042253521127,FALSE
982091101532966,2023-05-20,NEDAP,2023-05-20T09:28:00Z,2023-05-20T09:39:34Z,694,631,3192,68500,1908,,66,FALSE,FALSE,FALSE,FALSE,FALSE,69022.7272727273,1,1,FALSE,FALSE,FALSE,FALSE,FALSE,FALSE,FALSE,FALSE,FALSE,54.5533141210375,FALSE
982091101532966,2023-05-20,NEDAP,2023-05-20T11:46:00Z,2023-05-20T11:46:52Z,52,50,3192,,1908,,66,FALSE,,FALSE,FALSE,,69022.7272727273,1,,FALSE,FALSE,FALSE,FALSE,FALSE,FALSE,FALSE,FALSE,FALSE,57.6923076923077,FALSE
982091101532966,2023-05-20,NEDAP,2023-05-20T13:16:00Z,2023-05-20T13:17:21Z,81,37,3192,69500,1908,,66,FALSE,FALSE,FALSE,FALSE,FALSE,69022.7272727273,1,1,FALSE,FALSE,FALSE,FALSE,FALSE,FALSE,FALSE,FALSE,FALSE,27.4074074074074,FALSE
982091101532966,2023-05-20,NEDAP,2023-05-20T13:57:00Z,2023-05-20T14:04:22Z,442,186,3192,69500,1908,,66,FALSE,FALSE,FALSE,FALSE,FALSE,69022.7272727273,1,1,FALSE,FALSE,FALSE,FALSE,FALSE,FALSE,FALSE,FALSE,FALSE,25.2488687782805,FALSE
982091101532966,2023-05-20,NEDAP,2023-05-20T14:13:00Z,2023-05-20T14:19:02Z,362,285,3192,69500,1908,,66,FALSE,FALSE,FALSE,FALSE,FALSE,69022.7272727273,1,1,FALSE,FALSE,FALSE,FALSE,FALSE,FALSE,FALSE,FALSE,FALSE,47.2375690607735,FALSE
982091101532966,2023-05-20,NEDAP,2023-05-20T14:32:00Z,2023-05-20T14:34:57Z,177,116,3192,69500,1908,,66,FALSE,FALSE,FALSE,FALSE,FALSE,69022.7272727273,1,1,FALSE,FALSE,FALSE,FALSE,FALSE,FALSE,FALSE,FALSE,FALSE,39.3220338983051,FALSE
982091101532966,2023-05-20,NEDAP,2023-05-20T16:55:00Z,2023-05-20T17:03:50Z,530,528,3192,69000,1908,,66,FALSE,FALSE,FALSE,FALSE,FALSE,69022.7272727273,1,1,FALSE,FALSE,FALSE,FALSE,FALSE,FALSE,FALSE,FALSE,FALSE,59.7735849056604,FALSE
982091101532966,2023-05-20,NEDAP,2023-05-20T22:49:00Z,2023-05-20T22:58:54Z,594,410,3192,69000,1908,,66,FALSE,FALSE,FALSE,FALSE,FALSE,69022.7272727273,1,1,FALSE,FALSE,FALSE,FALSE,FALSE,FALSE,FALSE,FALSE,FALSE,41.4141414141414,FALSE
982091101532966,2023-05-21,NEDAP,2023-05-21T06:09:00Z,2023-05-21T06:19:01Z,601,397,2474,68500,1908,,66,FALSE,FALSE,FALSE,FALSE,FALSE,69500,1,1,FALSE,FALSE,FALSE,FALSE,FALSE,FALSE,FALSE,FALSE,FALSE,39.6339434276206,FALSE
982091101532966,2023-05-21,NEDAP,2023-05-21T09:01:00Z,2023-05-21T09:14:26Z,806,705,2474,68000,1908,,66,FALSE,FALSE,FALSE,FALSE,FALSE,69500,1,1,FALSE,FALSE,FALSE,FALSE,FALSE,FALSE,FALSE,FALSE,FALSE,52.4813895781638,FALSE
982091101532966,2023-05-21,NEDAP,2023-05-21T13:36:00Z,2023-05-21T13:49:03Z,783,726,2474,69500,1908,,66,FALSE,FALSE,FALSE,FALSE,FALSE,69500,1,1,FALSE,FALSE,FALSE,FALSE,FALSE,FALSE,FALSE,FALSE,FALSE,55.632183908046,FALSE
982091101532966,2023-05-21,NEDAP,2023-05-21T16:08:00Z,2023-05-21T16:12:17Z,257,226,2474,70500,1908,,66,FALSE,FALSE,FALSE,FALSE,FALSE,69500,1,1,FALSE,FALSE,FALSE,FALSE,FALSE,FALSE,FALSE,FALSE,FALSE,52.7626459143969,FALSE
982091101532966,2023-05-21,NEDAP,2023-05-21T21:43:00Z,2023-05-21T21:51:56Z,536,420,2474,71000,1908,,66,FALSE,FALSE,FALSE,FALSE,FALSE,69500,1,1,FALSE,FALSE,FALSE,FALSE,FALSE,FALSE,FALSE,FALSE,FALSE,47.0149253731343,FALSE
982091101532966,2023-05-22,NEDAP,2023-05-22T15:03:00Z,2023-05-22T15:15:58Z,778,373,1116,67500,1908,,66,FALSE,FALSE,FALSE,FALSE,FALSE,68837.9961426877,0.612443512006055,0.615852085320166,FALSE,FALSE,FALSE,FALSE,FALSE,FALSE,FALSE,FALSE,FALSE,28.7660668380463,FALSE
982091101532966,2023-05-22,NEDAP,2023-05-22T15:48:00Z,2023-05-22T15:48:59Z,59,33,1116,,1908,,66,FALSE,,FALSE,FALSE,,68837.9961426877,0.612443512006055,,FALSE,FALSE,FALSE,FALSE,FALSE,FALSE,FALSE,FALSE,FALSE,33.5593220338983,FALSE
982091101532966,2023-05-22,NEDAP,2023-05-22T17:11:00Z,2023-05-22T17:18:21Z,441,289,1116,69500,1908,,66,FALSE,FALSE,FALSE,FALSE,FALSE,68837.9961426877,0.612443512006055,1,FALSE,FALSE,FALSE,FALSE,FALSE,FALSE,FALSE,FALSE,FALSE,39.3197278911565,FALSE
982091101532966,2023-05-22,NEDAP,2023-05-22T19:28:00Z,2023-05-22T19:37:45Z,585,421,1116,69000,1908,,66,FALSE,FALSE,FALSE,FALSE,FALSE,68837.9961426877,0.612443512006055,1,FALSE,FALSE,FALSE,FALSE,FALSE,FALSE,FALSE,FALSE,FALSE,43.1794871794872,FALSE
982091101532966,2023-05-23,NEDAP,2023-05-23T05:16:00Z,2023-05-23T05:30:12Z,852,527,2609,69500,1908,,66,FALSE,FALSE,FALSE,FALSE,FALSE,70293.9362039806,0.799827066632035,1,FALSE,FALSE,FALSE,FALSE,FALSE,FALSE,FALSE,FALSE,FALSE,37.112676056338,FALSE
982091101532966,2023-05-23,NEDAP,2023-05-23T06:51:00Z,2023-05-23T06:58:12Z,432,269,2609,69000,1908,,66,FALSE,FALSE,FALSE,FALSE,FALSE,70293.9362039806,0.799827066632035,0.887609732707025,FALSE,FALSE,FALSE,FALSE,FALSE,FALSE,FALSE,FALSE,FALSE,37.3611111111111,FALSE
982091101532966,2023-05-23,NEDAP,2023-05-23T08:09:00Z,2023-05-23T08:16:18Z,438,284,2609,70000,1908,,66,FALSE,FALSE,FALSE,FALSE,FALSE,70293.9362039806,0.799827066632035,1,FALSE,FALSE,FALSE,FALSE,FALSE,FALSE,FALSE,FALSE,FALSE,38.9041095890411,FALSE
982091101532966,2023-05-23,NEDAP,2023-05-23T11:21:00Z,2023-05-23T11:28:44Z,464,331,2609,71000,1908,,66,FALSE,FALSE,FALSE,FALSE,FALSE,70293.9362039806,0.799827066632035,1,FALSE,FALSE,FALSE,FALSE,FALSE,FALSE,FALSE,FALSE,FALSE,42.801724137931,FALSE
982091101532966,2023-05-23,NEDAP,2023-05-23T12:13:00Z,2023-05-23T12:19:52Z,412,328,2609,70000,1908,,66,FALSE,FALSE,FALSE,FALSE,FALSE,70293.9362039806,0.799827066632035,1,FALSE,FALSE,FALSE,FALSE,FALSE,FALSE,FALSE,FALSE,FALSE,47.7669902912621,FALSE
982091101532966,2023-05-23,NEDAP,2023-05-23T12:38:00Z,2023-05-23T12:39:12Z,72,48,2609,70000,1908,,66,FALSE,FALSE,FALSE,FALSE,FALSE,70293.9362039806,0.799827066632035,1,FALSE,FALSE,FALSE,FALSE,FALSE,FALSE,FALSE,FALSE,FALSE,40,FALSE
982091101532966,2023-05-23,NEDAP,2023-05-23T14:18:00Z,2023-05-23T14:18:26Z,26,14,2609,,1908,,66,FALSE,,FALSE,FALSE,,70293.9362039806,0.799827066632035,,FALSE,FALSE,FALSE,FALSE,FALSE,FALSE,FALSE,FALSE,FALSE,32.3076923076923,FALSE
982091101532966,2023-05-23,NEDAP,2023-05-23T15:35:00Z,2023-05-23T15:38:18Z,198,223,2609,70500,1908,,66,FALSE,FALSE,FALSE,FALSE,FALSE,70293.9362039806,0.799827066632035,1,FALSE,FALSE,FALSE,FALSE,FALSE,FALSE,FALSE,FALSE,FALSE,67.5757575757576,FALSE
982091101532966,2023-05-23,NEDAP,2023-05-23T16:09:00Z,2023-05-23T16:17:59Z,539,543,2609,71000,1908,,66,FALSE,FALSE,FALSE,FALSE,FALSE,70293.9362039806,0.799827066632035,1,FALSE,FALSE,FALSE,FALSE,FALSE,FALSE,FALSE,FALSE,FALSE,60.4452690166976,FALSE
982091101532966,2023-05-23,NEDAP,2023-05-23T16:55:00Z,2023-05-23T16:56:16Z,76,42,2609,71500,1908,,66,FALSE,FALSE,FALSE,FALSE,FALSE,70293.9362039806,0.799827066632035,1,FALSE,FALSE,FALSE,FALSE,FALSE,FALSE,FALSE,FALSE,FALSE,33.1578947368421,FALSE
982091101532966,2023-05-24,NEDAP,2023-05-24T02:27:00Z,2023-05-24T02:38:36Z,696,459,3592,70500,1908,,66,FALSE,FALSE,FALSE,FALSE,FALSE,72111.1111111111,1,1,FALSE,FALSE,FALSE,FALSE,FALSE,FALSE,FALSE,FALSE,FALSE,39.5689655172414,FALSE
982091101532966,2023-05-24,NEDAP,2023-05-24T05:41:00Z,2023-05-24T05:44:05Z,185,144,3592,71500,1908,,66,FALSE,FALSE,FALSE,FALSE,FALSE,72111.1111111111,1,1,FALSE,FALSE,FALSE,FALSE,FALSE,FALSE,FALSE,FALSE,FALSE,46.7027027027027,FALSE
982091101532966,2023-05-24,NEDAP,2023-05-24T06:48:00Z,2023-05-24T06:51:06Z,186,106,3592,72000,1908,,66,FALSE,FALSE,FALSE,FALSE,FALSE,72111.1111111111,1,1,FALSE,FALSE,FALSE,FALSE,FALSE,FALSE,FALSE,FALSE,FALSE,34.1935483870968,FALSE
982091101532966,2023-05-24,NEDAP,2023-05-24T07:08:00Z,2023-05-24T07:08:33Z,33,13,3592,,1908,,66,FALSE,,FALSE,FALSE,,72111.1111111111,1,,FALSE,FALSE,FALSE,FALSE,FALSE,FALSE,FALSE,FALSE,FALSE,23.6363636363636,FALSE
982091101532966,2023-05-24,NEDAP,2023-05-24T07:36:00Z,2023-05-24T07:42:18Z,378,303,3592,71500,1908,,66,FALSE,FALSE,FALSE,FALSE,FALSE,72111.1111111111,1,1,FALSE,FALSE,FALSE,FALSE,FALSE,FALSE,FALSE,FALSE,FALSE,48.0952380952381,FALSE
982091101532966,2023-05-24,NEDAP,2023-05-24T09:39:00Z,2023-05-24T09:52:46Z,826,673,3592,72500,1908,,66,FALSE,FALSE,FALSE,FALSE,FALSE,72111.1111111111,1,1,FALSE,FALSE,FALSE,FALSE,FALSE,FALSE,FALSE,FALSE,FALSE,48.8861985472155,FALSE
982091101532966,2023-05-24,NEDAP,2023-05-24T13:57:00Z,2023-05-24T14:07:02Z,602,461,3592,71500,1908,,66,FALSE,FALSE,FALSE,FALSE,FALSE,72111.1111111111,1,1,FALSE,FALSE,FALSE,FALSE,FALSE,FALSE,FALSE,FALSE,FALSE,45.9468438538206,FALSE
982091101532966,2023-05-24,NEDAP,2023-05-24T14:45:00Z,2023-05-24T14:48:25Z,205,226,3592,73000,1908,,66,FALSE,FALSE,FALSE,FALSE,FALSE,72111.1111111111,1,1,FALSE,FALSE,FALSE,FALSE,FALSE,FALSE,FALSE,FALSE,FALSE,66.1463414634147,FALSE
982091101532966,2023-05-24,NEDAP,2023-05-24T17:53:00Z,2023-05-24T18:07:04Z,844,870,3592,72500,1908,,66,FALSE,FALSE,FALSE,FALSE,FALSE,72111.1111111111,1,1,FALSE,FALSE,FALSE,FALSE,FALSE,FALSE,FALSE,FALSE,FALSE,61.8483412322275,FALSE
982091101532966,2023-05-24,NEDAP,2023-05-24T23:07:00Z,2023-05-24T23:14:23Z,443,337,3592,74000,1908,,66,FALSE,FALSE,FALSE,FALSE,FALSE,72111.1111111111,1,1,FALSE,FALSE,FALSE,FALSE,FALSE,FALSE,FALSE,FALSE,FALSE,45.6433408577878,FALSE
982091101532966,2023-05-25,NEDAP,2023-05-25T05:23:00Z,2023-05-25T05:37:04Z,844,594,2462,72500,1908,,66,FALSE,FALSE,FALSE,FALSE,FALSE,73642.8571428572,1,1,FALSE,FALSE,FALSE,FALSE,FALSE,FALSE,FALSE,FALSE,FALSE,42.2274881516588,FALSE
982091101532966,2023-05-25,NEDAP,2023-05-25T08:42:00Z,2023-05-25T08:43:33Z,93,76,2462,73500,1908,,66,FALSE,FALSE,FALSE,FALSE,FALSE,73642.8571428572,1,1,FALSE,FALSE,FALSE,FALSE,FALSE,FALSE,FALSE,FALSE,FALSE,49.0322580645161,FALSE
982091101532966,2023-05-25,NEDAP,2023-05-25T09:09:00Z,2023-05-25T09:20:06Z,666,643,2462,73500,1908,,66,FALSE,FALSE,FALSE,FALSE,FALSE,73642.8571428572,1,1,FALSE,FALSE,FALSE,FALSE,FALSE,FALSE,FALSE,FALSE,FALSE,57.9279279279279,FALSE
982091101532966,2023-05-25,NEDAP,2023-05-25T13:05:00Z,2023-05-25T13:11:03Z,363,285,2462,74500,1908,,66,FALSE,FALSE,FALSE,FALSE,FALSE,73642.8571428572,1,1,FALSE,FALSE,FALSE,FALSE,FALSE,FALSE,FALSE,FALSE,FALSE,47.1074380165289,FALSE
982091101532966,2023-05-25,NEDAP,2023-05-25T13:45:00Z,2023-05-25T13:47:48Z,168,164,2462,73500,1908,,66,FALSE,FALSE,FALSE,FALSE,FALSE,73642.8571428572,1,1,FALSE,FALSE,FALSE,FALSE,FALSE,FALSE,FALSE,FALSE,FALSE,58.5714285714286,FALSE
982091101532966,2023-05-25,NEDAP,2023-05-25T13:49:00Z,2023-05-25T13:53:00Z,240,245,2462,74000,1908,,66,FALSE,FALSE,FALSE,FALSE,FALSE,73642.8571428572,1,1,FALSE,FALSE,FALSE,FALSE,FALSE,FALSE,FALSE,FALSE,FALSE,61.25,FALSE
982091101532966,2023-05-25,NEDAP,2023-05-25T17:18:00Z,2023-05-25T17:26:20Z,500,455,2462,74000,1908,,66,FALSE,FALSE,FALSE,FALSE,FALSE,73642.8571428572,1,1,FALSE,FALSE,FALSE,FALSE,FALSE,FALSE,FALSE,FALSE,FALSE,54.6,FALSE
982091101532966,2023-05-26,NEDAP,2023-05-26T10:26:00Z,2023-05-26T10:42:27Z,987,640,1470,70500,1908,,66,FALSE,FALSE,FALSE,FALSE,FALSE,72604.9814200821,0.460521313626288,0.397362603618288,FALSE,FALSE,FALSE,FALSE,FALSE,FALSE,FALSE,FALSE,FALSE,38.9057750759878,FALSE
982091101532966,2023-05-26,NEDAP,2023-05-26T15:18:00Z,2023-05-26T15:29:49Z,709,531,1470,71500,1908,,66,FALSE,FALSE,FALSE,FALSE,FALSE,72604.9814200821,0.460521313626288,0.505508664774222,FALSE,FALSE,FALSE,FALSE,FALSE,FALSE,FALSE,FALSE,FALSE,44.9365303244006,FALSE
982091101532966,2023-05-26,NEDAP,2023-05-26T17:35:00Z,2023-05-26T17:42:07Z,427,299,1470,74000,1908,,66,FALSE,FALSE,FALSE,FALSE,FALSE,72604.9814200821,0.460521313626288,1,FALSE,FALSE,FALSE,FALSE,FALSE,FALSE,FALSE,FALSE,FALSE,42.0140515222483,FALSE
982091101532966,2023-05-27,NEDAP,2023-05-27T00:03:00Z,2023-05-27T00:17:18Z,858,682,3627,74000,1908,,66,FALSE,FALSE,FALSE,FALSE,FALSE,75055.5555555556,1,1,FALSE,FALSE,FALSE,FALSE,FALSE,FALSE,FALSE,FALSE,FALSE,47.6923076923077,FALSE
982091101532966,2023-05-27,NEDAP,2023-05-27T06:52:00Z,2023-05-27T06:58:46Z,406,170,3627,74000,1908,,66,FALSE,FALSE,FALSE,FALSE,FALSE,75055.5555555556,1,1,FALSE,FALSE,FALSE,FALSE,FALSE,FALSE,FALSE,FALSE,FALSE,25.1231527093596,FALSE
982091101532966,2023-05-27,NEDAP,2023-05-27T08:28:00Z,2023-05-27T08:31:07Z,187,115,3627,74000,1908,,66,FALSE,FALSE,FALSE,FALSE,FALSE,75055.5555555556,1,1,FALSE,FALSE,FALSE,FALSE,FALSE,FALSE,FALSE,FALSE,FALSE,36.8983957219251,FALSE
982091101532966,2023-05-27,NEDAP,2023-05-27T08:43:00Z,2023-05-27T08:53:40Z,640,593,3627,74500,1908,,66,FALSE,FALSE,FALSE,FALSE,FALSE,75055.5555555556,1,1,FALSE,FALSE,FALSE,FALSE,FALSE,FALSE,FALSE,FALSE,FALSE,55.59375,FALSE
982091101532966,2023-05-27,NEDAP,2023-05-27T13:10:00Z,2023-05-27T13:22:44Z,764,748,3627,75000,1908,,66,FALSE,FALSE,FALSE,FALSE,FALSE,75055.5555555556,1,1,FALSE,FALSE,FALSE,FALSE,FALSE,FALSE,FALSE,FALSE,FALSE,58.7434554973822,FALSE
982091101532966,2023-05-27,NEDAP,2023-05-27T14:41:00Z,2023-05-27T14:43:30Z,150,147,3627,76000,1908,,66,FALSE,FALSE,FALSE,FALSE,FALSE,75055.5555555556,1,1,FALSE,FALSE,FALSE,FALSE,FALSE,FALSE,FALSE,FALSE,FALSE,58.8,FALSE
982091101532966,2023-05-27,NEDAP,2023-05-27T16:14:00Z,2023-05-27T16:15:29Z,89,72,3627,75500,1908,,66,FALSE,FALSE,FALSE,FALSE,FALSE,75055.5555555556,1,1,FALSE,FALSE,FALSE,FALSE,FALSE,FALSE,FALSE,FALSE,FALSE,48.5393258426966,FALSE
982091101532966,2023-05-27,NEDAP,2023-05-27T18:01:00Z,2023-05-27T18:10:42Z,582,499,3627,75500,1908,,66,FALSE,FALSE,FALSE,FALSE,FALSE,75055.5555555556,1,1,FALSE,FALSE,FALSE,FALSE,FALSE,FALSE,FALSE,FALSE,FALSE,51.4432989690722,FALSE
982091101532966,2023-05-27,NEDAP,2023-05-27T22:44:00Z,2023-05-27T22:54:41Z,641,601,3627,77000,1908,,66,FALSE,FALSE,FALSE,FALSE,FALSE,75055.5555555556,1,1,FALSE,FALSE,FALSE,FALSE,FALSE,FALSE,FALSE,FALSE,FALSE,56.2558502340094,FALSE
982091101532966,2023-05-28,NEDAP,2023-05-28T05:18:00Z,2023-05-28T05:31:42Z,822,705,2645,77500,1908,,66,FALSE,FALSE,FALSE,FALSE,FALSE,77666.6666666667,1,1,FALSE,FALSE,FALSE,FALSE,FALSE,FALSE,FALSE,FALSE,FALSE,51.4598540145985,FALSE
982091101532966,2023-05-28,NEDAP,2023-05-28T08:38:00Z,2023-05-28T08:38:57Z,57,51,2645,,1908,,66,FALSE,,FALSE,FALSE,,77666.6666666667,1,,FALSE,FALSE,FALSE,FALSE,FALSE,FALSE,FALSE,FALSE,FALSE,53.6842105263158,FALSE
982091101532966,2023-05-28,NEDAP,2023-05-28T10:47:00Z,2023-05-28T11:01:08Z,848,801,2645,76500,1908,,66,FALSE,FALSE,FALSE,FALSE,FALSE,77666.6666666667,1,1,FALSE,FALSE,FALSE,FALSE,FALSE,FALSE,FALSE,FALSE,FALSE,56.6745283018868,FALSE
982091101532966,2023-05-28,NEDAP,2023-05-28T15:39:00Z,2023-05-28T15:40:20Z,80,46,2645,77500,1908,,66,FALSE,FALSE,FALSE,FALSE,FALSE,77666.6666666667,1,1,FALSE,FALSE,FALSE,FALSE,FALSE,FALSE,FALSE,FALSE,FALSE,34.5,FALSE
982091101532966,2023-05-28,NEDAP,2023-05-28T16:02:00Z,2023-05-28T16:04:26Z,146,147,2645,77500,1908,,66,FALSE,FALSE,FALSE,FALSE,FALSE,77666.6666666667,1,1,FALSE,FALSE,FALSE,FALSE,FALSE,FALSE,FALSE,FALSE,FALSE,60.4109589041096,FALSE
982091101532966,2023-05-28,NEDAP,2023-05-28T16:08:00Z,2023-05-28T16:16:07Z,487,463,2645,78500,1908,,66,FALSE,FALSE,FALSE,FALSE,FALSE,77666.6666666667,1,1,FALSE,FALSE,FALSE,FALSE,FALSE,FALSE,FALSE,FALSE,FALSE,57.0431211498973,FALSE
982091101532966,2023-05-28,NEDAP,2023-05-28T17:20:00Z,2023-05-28T17:26:42Z,402,432,2645,78500,1908,,66,FALSE,FALSE,FALSE,FALSE,FALSE,77666.6666666667,1,1,FALSE,FALSE,FALSE,FALSE,FALSE,FALSE,FALSE,FALSE,FALSE,64.4776119402985,FALSE
982091101532966,2023-05-29,NEDAP,2023-05-29T01:29:00Z,2023-05-29T01:42:34Z,814,695,2496,78500,1908,,66,FALSE,FALSE,FALSE,FALSE,FALSE,77690.8205185002,1,1,FALSE,FALSE,FALSE,FALSE,FALSE,FALSE,FALSE,FALSE,FALSE,51.2285012285012,FALSE
982091101532966,2023-05-29,NEDAP,2023-05-29T06:03:00Z,2023-05-29T06:07:35Z,275,190,2496,78500,1908,,66,FALSE,FALSE,FALSE,FALSE,FALSE,77690.8205185002,1,1,FALSE,FALSE,FALSE,FALSE,FALSE,FALSE,FALSE,FALSE,FALSE,41.4545454545455,FALSE
982091101532966,2023-05-29,NEDAP,2023-05-29T06:30:00Z,2023-05-29T06:31:29Z,89,102,2496,78000,1908,,66,FALSE,FALSE,FALSE,FALSE,FALSE,77690.8205185002,1,1,FALSE,FALSE,FALSE,FALSE,FALSE,FALSE,FALSE,FALSE,FALSE,68.7640449438202,FALSE
982091101532966,2023-05-29,NEDAP,2023-05-29T06:34:00Z,2023-05-29T06:35:12Z,72,45,2496,78500,1908,,66,FALSE,FALSE,FALSE,FALSE,FALSE,77690.8205185002,1,1,FALSE,FALSE,FALSE,FALSE,FALSE,FALSE,FALSE,FALSE,FALSE,37.5,FALSE
982091101532966,2023-05-29,NEDAP,2023-05-29T06:41:00Z,2023-05-29T06:41:45Z,45,35,2496,,1908,,66,FALSE,,FALSE,FALSE,,77690.8205185002,1,,FALSE,FALSE,FALSE,FALSE,FALSE,FALSE,FALSE,FALSE,FALSE,46.6666666666667,FALSE
982091101532966,2023-05-29,NEDAP,2023-05-29T08:07:00Z,2023-05-29T08:08:00Z,60,69,2496,,1908,,66,FALSE,,FALSE,FALSE,,77690.8205185002,1,,FALSE,FALSE,FALSE,FALSE,FALSE,FALSE,FALSE,FALSE,FALSE,69,FALSE
982091101532966,2023-05-29,NEDAP,2023-05-29T11:05:00Z,2023-05-29T11:06:21Z,81,50,2496,76000,1908,,66,FALSE,FALSE,FALSE,FALSE,FALSE,77690.8205185002,1,0.754198473203251,FALSE,FALSE,FALSE,FALSE,FALSE,FALSE,FALSE,FALSE,FALSE,37.037037037037,FALSE
982091101532966,2023-05-29,NEDAP,2023-05-29T13:30:00Z,2023-05-29T13:36:37Z,397,384,2496,76500,1908,,66,FALSE,FALSE,FALSE,FALSE,FALSE,77690.8205185002,1,0.906822328561968,FALSE,FALSE,FALSE,FALSE,FALSE,FALSE,FALSE,FALSE,FALSE,58.0352644836272,FALSE
982091101532966,2023-05-29,NEDAP,2023-05-29T15:16:00Z,2023-05-29T15:21:44Z,344,357,2496,77500,1908,,66,FALSE,FALSE,FALSE,FALSE,FALSE,77690.8205185002,1,1,FALSE,FALSE,FALSE,FALSE,FALSE,FALSE,FALSE,FALSE,FALSE,62.2674418604651,FALSE
982091101532966,2023-05-29,NEDAP,2023-05-29T18:13:00Z,2023-05-29T18:21:48Z,528,560,2496,77500,1908,,66,FALSE,FALSE,FALSE,FALSE,FALSE,77690.8205185002,1,1,FALSE,FALSE,FALSE,FALSE,FALSE,FALSE,FALSE,FALSE,FALSE,63.6363636363636,FALSE
982091101532966,2023-05-29,NEDAP,2023-05-29T20:38:00Z,2023-05-29T20:38:15Z,15,9,2496,,1908,,66,FALSE,,FALSE,FALSE,,77690.8205185002,1,,FALSE,FALSE,FALSE,FALSE,FALSE,FALSE,FALSE,FALSE,FALSE,36,FALSE
982091101532966,2023-05-30,NEDAP,2023-05-30T05:15:00Z,2023-05-30T05:24:41Z,581,546,1938,76000,1908,,66,FALSE,FALSE,FALSE,FALSE,FALSE,78114.5375668054,1,0.561162398191213,FALSE,FALSE,FALSE,FALSE,FALSE,FALSE,FALSE,FALSE,FALSE,56.3855421686747,FALSE
982091101532966,2023-05-30,NEDAP,2023-05-30T08:55:00Z,2023-05-30T08:58:49Z,229,207,1938,77500,1908,,66,FALSE,FALSE,FALSE,FALSE,FALSE,78114.5375668054,1,1,FALSE,FALSE,FALSE,FALSE,FALSE,FALSE,FALSE,FALSE,FALSE,54.235807860262,FALSE
982091101532966,2023-05-30,NEDAP,2023-05-30T10:53:00Z,2023-05-30T10:55:19Z,139,74,1938,78500,1908,,66,FALSE,FALSE,FALSE,FALSE,FALSE,78114.5375668054,1,1,FALSE,FALSE,FALSE,FALSE,FALSE,FALSE,FALSE,FALSE,FALSE,31.9424460431655,FALSE
982091101532966,2023-05-30,NEDAP,2023-05-30T11:11:00Z,2023-05-30T11:14:58Z,238,253,1938,78000,1908,,66,FALSE,FALSE,FALSE,FALSE,FALSE,78114.5375668054,1,1,FALSE,FALSE,FALSE,FALSE,FALSE,FALSE,FALSE,FALSE,FALSE,63.781512605042,FALSE
982091101532966,2023-05-30,NEDAP,2023-05-30T14:35:00Z,2023-05-30T14:35:46Z,46,12,1938,,1908,,66,FALSE,,FALSE,FALSE,,78114.5375668054,1,,FALSE,FALSE,FALSE,FALSE,FALSE,FALSE,FALSE,FALSE,FALSE,15.6521739130435,FALSE
982091101532966,2023-05-30,NEDAP,2023-05-30T14:40:00Z,2023-05-30T14:43:27Z,207,193,1938,78000,1908,,66,FALSE,FALSE,FALSE,FALSE,FALSE,78114.5375668054,1,1,FALSE,FALSE,FALSE,FALSE,FALSE,FALSE,FALSE,FALSE,FALSE,55.9420289855073,FALSE
982091101532966,2023-05-30,NEDAP,2023-05-30T15:11:00Z,2023-05-30T15:12:26Z,86,74,1938,77500,1908,,66,FALSE,FALSE,FALSE,FALSE,FALSE,78114.5375668054,1,0.720648153479384,FALSE,FALSE,FALSE,FALSE,FALSE,FALSE,FALSE,FALSE,FALSE,51.6279069767442,FALSE
982091101532966,2023-05-30,NEDAP,2023-05-30T15:17:00Z,2023-05-30T15:17:54Z,54,64,1938,,1908,,66,FALSE,,FALSE,FALSE,,78114.5375668054,1,,FALSE,FALSE,FALSE,FALSE,FALSE,FALSE,FALSE,FALSE,FALSE,71.1111111111111,FALSE
982091101532966,2023-05-30,NEDAP,2023-05-30T17:06:00Z,2023-05-30T17:06:20Z,20,1,1938,,1908,,66,FALSE,,FALSE,FALSE,,78114.5375668054,1,,FALSE,FALSE,FALSE,FALSE,FALSE,FALSE,FALSE,FALSE,FALSE,3,FALSE
982091101532966,2023-05-30,NEDAP,2023-05-30T17:08:00Z,2023-05-30T17:08:13Z,13,2,1938,,1908,,66,FALSE,,FALSE,FALSE,,78114.5375668054,1,,FALSE,FALSE,FALSE,FALSE,FALSE,FALSE,FALSE,FALSE,FALSE,9.23076923076923,FALSE
982091101532966,2023-05-30,NEDAP,2023-05-30T17:10:00Z,2023-05-30T17:12:16Z,136,119,1938,79000,1908,,66,FALSE,FALSE,FALSE,FALSE,FALSE,78114.5375668054,1,1,FALSE,FALSE,FALSE,FALSE,FALSE,FALSE,FALSE,FALSE,FALSE,52.5,FALSE
982091101532966,2023-05-30,NEDAP,2023-05-30T17:49:00Z,2023-05-30T17:51:17Z,137,70,1938,78500,1908,,66,FALSE,FALSE,FALSE,FALSE,FALSE,78114.5375668054,1,0.821583916813369,FALSE,FALSE,FALSE,FALSE,FALSE,FALSE,FALSE,FALSE,FALSE,30.6569343065693,FALSE
982091101532966,2023-05-30,NEDAP,2023-05-30T19:56:00Z,2023-05-30T20:02:21Z,381,323,1938,79000,1908,,66,FALSE,FALSE,FALSE,FALSE,FALSE,78114.5375668054,1,1,FALSE,FALSE,FALSE,FALSE,FALSE,FALSE,FALSE,FALSE,FALSE,50.8661417322835,FALSE
982091101532966,2023-05-31,NEDAP,2023-05-31T05:05:00Z,2023-05-31T05:07:03Z,123,76,2148,78500,1908,,66,FALSE,FALSE,FALSE,FALSE,FALSE,79371.6990549208,1,0.71394256568702,FALSE,FALSE,FALSE,FALSE,FALSE,FALSE,FALSE,FALSE,FALSE,37.0731707317073,FALSE
982091101532966,2023-05-31,NEDAP,2023-05-31T05:46:00Z,2023-05-31T05:55:10Z,550,453,2148,78500,1908,,66,FALSE,FALSE,FALSE,FALSE,FALSE,79371.6990549208,1,0.670023876022816,FALSE,FALSE,FALSE,FALSE,FALSE,FALSE,FALSE,FALSE,FALSE,49.4181818181818,FALSE
982091101532966,2023-05-31,NEDAP,2023-05-31T11:37:00Z,2023-05-31T11:51:51Z,891,794,2148,78500,1908,,66,FALSE,FALSE,FALSE,FALSE,FALSE,79371.6990549208,1,0.631180735796458,FALSE,FALSE,FALSE,FALSE,FALSE,FALSE,FALSE,FALSE,FALSE,53.4680134680135,FALSE
982091101532966,2023-05-31,NEDAP,2023-05-31T16:04:00Z,2023-05-31T16:07:45Z,225,190,2148,80500,1908,,66,FALSE,FALSE,FALSE,FALSE,FALSE,79371.6990549208,1,1,FALSE,FALSE,FALSE,FALSE,FALSE,FALSE,FALSE,FALSE,FALSE,50.6666666666667,FALSE
982091101532966,2023-05-31,NEDAP,2023-05-31T17:44:00Z,2023-05-31T17:54:12Z,612,635,2148,80000,1908,,66,FALSE,FALSE,FALSE,FALSE,FALSE,79371.6990549208,1,1,FALSE,FALSE,FALSE,FALSE,FALSE,FALSE,FALSE,FALSE,FALSE,62.2549019607843,FALSE
982091101532966,2023-06-01,NEDAP,2023-06-01T05:58:00Z,2023-06-01T06:04:07Z,367,194,2041,80000,1908,,66,FALSE,FALSE,FALSE,FALSE,FALSE,81042.1809316877,1,1,FALSE,FALSE,FALSE,FALSE,FALSE,FALSE,FALSE,FALSE,FALSE,31.716621253406,FALSE
982091101532966,2023-06-01,NEDAP,2023-06-01T06:59:00Z,2023-06-01T07:11:38Z,758,648,2041,79000,1908,,66,FALSE,FALSE,FALSE,FALSE,FALSE,81042.1809316877,1,0.610579792674461,FALSE,FALSE,FALSE,FALSE,FALSE,FALSE,FALSE,FALSE,FALSE,51.2928759894459,FALSE
982091101532966,2023-06-01,NEDAP,2023-06-01T14:49:00Z,2023-06-01T14:50:49Z,109,47,2041,81000,1908,,66,FALSE,FALSE,FALSE,FALSE,FALSE,81042.1809316877,1,1,FALSE,FALSE,FALSE,FALSE,FALSE,FALSE,FALSE,FALSE,FALSE,25.8715596330275,FALSE
982091101532966,2023-06-01,NEDAP,2023-06-01T15:40:00Z,2023-06-01T15:47:47Z,467,443,2041,80500,1908,,66,FALSE,FALSE,FALSE,FALSE,FALSE,81042.1809316877,1,1,FALSE,FALSE,FALSE,FALSE,FALSE,FALSE,FALSE,FALSE,FALSE,56.9164882226981,FALSE
982091101532966,2023-06-01,NEDAP,2023-06-01T18:58:00Z,2023-06-01T19:04:29Z,389,353,2041,82000,1908,,66,FALSE,FALSE,FALSE,FALSE,FALSE,81042.1809316877,1,1,FALSE,FALSE,FALSE,FALSE,FALSE,FALSE,FALSE,FALSE,FALSE,54.4473007712082,FALSE
982091101532966,2023-06-01,NEDAP,2023-06-01T21:58:00Z,2023-06-01T22:00:14Z,134,118,2041,82000,1908,,66,FALSE,FALSE,FALSE,FALSE,FALSE,81042.1809316877,1,1,FALSE,FALSE,FALSE,FALSE,FALSE,FALSE,FALSE,FALSE,FALSE,52.8358208955224,FALSE
982091101532966,2023-06-01,NEDAP,2023-06-01T22:24:00Z,2023-06-01T22:28:08Z,248,238,2041,82000,1908,,66,FALSE,FALSE,FALSE,FALSE,FALSE,81042.1809316877,1,1,FALSE,FALSE,FALSE,FALSE,FALSE,FALSE,FALSE,FALSE,FALSE,57.5806451612903,FALSE
982091101532966,2023-06-02,NEDAP,2023-06-02T05:59:00Z,2023-06-02T06:13:43Z,883,747,3032,82500,1908,,66,FALSE,FALSE,FALSE,FALSE,FALSE,82600,1,1,FALSE,FALSE,FALSE,FALSE,FALSE,FALSE,FALSE,FALSE,FALSE,50.7587768969423,FALSE
982091101532966,2023-06-02,NEDAP,2023-06-02T11:52:00Z,2023-06-02T12:06:50Z,890,869,3032,81500,1908,,66,FALSE,FALSE,FALSE,FALSE,FALSE,82600,1,1,FALSE,FALSE,FALSE,FALSE,FALSE,FALSE,FALSE,FALSE,FALSE,58.5842696629214,FALSE
982091101532966,2023-06-02,NEDAP,2023-06-02T16:36:00Z,2023-06-02T16:47:17Z,677,586,3032,83000,1908,,66,FALSE,FALSE,FALSE,FALSE,FALSE,82600,1,1,FALSE,FALSE,FALSE,FALSE,FALSE,FALSE,FALSE,FALSE,FALSE,51.9350073855244,FALSE
982091101532966,2023-06-02,NEDAP,2023-06-02T17:14:00Z,2023-06-02T17:18:52Z,292,389,3032,82500,1908,,66,FALSE,FALSE,FALSE,FALSE,FALSE,82600,1,1,FALSE,FALSE,FALSE,FALSE,FALSE,FALSE,FALSE,FALSE,FALSE,79.9315068493151,FALSE
982091101532966,2023-06-02,NEDAP,2023-06-02T21:14:00Z,2023-06-02T21:21:28Z,448,441,3032,83500,1908,,66,FALSE,FALSE,FALSE,FALSE,FALSE,82600,1,1,FALSE,FALSE,FALSE,FALSE,FALSE,FALSE,FALSE,FALSE,FALSE,59.0625,FALSE
982091101532966,2023-06-03,NEDAP,2023-06-03T06:16:00Z,2023-06-03T06:21:19Z,319,132,2991,84000,1908,,66,FALSE,FALSE,FALSE,FALSE,FALSE,83944.4444444444,1,1,FALSE,FALSE,FALSE,FALSE,FALSE,FALSE,FALSE,FALSE,FALSE,24.8275862068966,FALSE
982091101532966,2023-06-03,NEDAP,2023-06-03T06:44:00Z,2023-06-03T06:45:17Z,77,1,2991,82500,1908,,66,FALSE,FALSE,FALSE,FALSE,FALSE,83944.4444444444,1,1,FALSE,FALSE,FALSE,FALSE,FALSE,TRUE,FALSE,FALSE,FALSE,0.779220779220779,TRUE
982091101532966,2023-06-03,NEDAP,2023-06-03T06:46:00Z,2023-06-03T06:54:31Z,511,403,2991,83500,1908,,66,FALSE,FALSE,FALSE,FALSE,FALSE,83944.4444444444,1,1,FALSE,FALSE,FALSE,FALSE,FALSE,FALSE,FALSE,FALSE,FALSE,47.3189823874755,FALSE
982091101532966,2023-06-03,NEDAP,2023-06-03T08:57:00Z,2023-06-03T09:03:09Z,369,433,2991,83500,1908,,66,FALSE,FALSE,FALSE,FALSE,FALSE,83944.4444444444,1,1,FALSE,FALSE,FALSE,FALSE,FALSE,FALSE,FALSE,FALSE,FALSE,70.4065040650407,FALSE
982091101532966,2023-06-03,NEDAP,2023-06-03T12:15:00Z,2023-06-03T12:19:35Z,275,217,2991,84500,1908,,66,FALSE,FALSE,FALSE,FALSE,FALSE,83944.4444444444,1,1,FALSE,FALSE,FALSE,FALSE,FALSE,FALSE,FALSE,FALSE,FALSE,47.3454545454546,FALSE
982091101532966,2023-06-03,NEDAP,2023-06-03T13:12:00Z,2023-06-03T13:19:01Z,421,416,2991,84500,1908,,66,FALSE,FALSE,FALSE,FALSE,FALSE,83944.4444444444,1,1,FALSE,FALSE,FALSE,FALSE,FALSE,FALSE,FALSE,FALSE,FALSE,59.2874109263658,FALSE
982091101532966,2023-06-03,NEDAP,2023-06-03T16:03:00Z,2023-06-03T16:13:02Z,602,687,2991,83500,1908,,66,FALSE,FALSE,FALSE,FALSE,FALSE,83944.4444444444,1,1,FALSE,FALSE,FALSE,FALSE,FALSE,FALSE,FALSE,FALSE,FALSE,68.4717607973422,FALSE
982091101532966,2023-06-03,NEDAP,2023-06-03T17:23:00Z,2023-06-03T17:31:45Z,525,545,2991,85000,1908,,66,FALSE,FALSE,FALSE,FALSE,FALSE,83944.4444444444,1,1,FALSE,FALSE,FALSE,FALSE,FALSE,FALSE,FALSE,FALSE,FALSE,62.2857142857143,FALSE
982091101532966,2023-06-03,NEDAP,2023-06-03T18:14:00Z,2023-06-03T18:14:49Z,49,23,2991,,1908,,66,FALSE,,FALSE,FALSE,,83944.4444444444,1,,FALSE,FALSE,FALSE,FALSE,FALSE,FALSE,FALSE,FALSE,FALSE,28.1632653061225,FALSE
982091101532966,2023-06-03,NEDAP,2023-06-03T23:29:00Z,2023-06-03T23:32:08Z,188,134,2991,84500,1908,,66,FALSE,FALSE,FALSE,FALSE,FALSE,83944.4444444444,1,1,FALSE,FALSE,FALSE,FALSE,FALSE,FALSE,FALSE,FALSE,FALSE,42.7659574468085,FALSE
982091101532966,2023-06-04,NEDAP,2023-06-04T06:54:00Z,2023-06-04T07:01:35Z,455,131,2762,83500,1908,,66,FALSE,FALSE,FALSE,FALSE,FALSE,84233.3956993929,1,1,FALSE,FALSE,FALSE,FALSE,FALSE,FALSE,FALSE,FALSE,FALSE,17.2747252747253,FALSE
982091101532966,2023-06-04,NEDAP,2023-06-04T07:09:00Z,2023-06-04T07:18:44Z,584,401,2762,83000,1908,,66,FALSE,FALSE,FALSE,FALSE,FALSE,84233.3956993929,1,0.864618875315916,FALSE,FALSE,FALSE,FALSE,FALSE,FALSE,FALSE,FALSE,FALSE,41.1986301369863,FALSE
982091101532966,2023-06-04,NEDAP,2023-06-04T09:57:00Z,2023-06-04T10:06:13Z,553,565,2762,85000,1908,,66,FALSE,FALSE,FALSE,FALSE,FALSE,84233.3956993929,1,1,FALSE,FALSE,FALSE,FALSE,FALSE,FALSE,FALSE,FALSE,FALSE,61.3019891500904,FALSE
982091101532966,2023-06-04,NEDAP,2023-06-04T14:55:00Z,2023-06-04T15:09:34Z,874,915,2762,84500,1908,,66,FALSE,FALSE,FALSE,FALSE,FALSE,84233.3956993929,1,1,FALSE,FALSE,FALSE,FALSE,FALSE,FALSE,FALSE,FALSE,FALSE,62.8146453089245,FALSE
982091101532966,2023-06-04,NEDAP,2023-06-04T19:11:00Z,2023-06-04T19:20:14Z,554,750,2762,85000,1908,,66,FALSE,FALSE,FALSE,FALSE,FALSE,84233.3956993929,1,1,FALSE,FALSE,FALSE,FALSE,FALSE,FALSE,FALSE,FALSE,FALSE,81.2274368231047,FALSE
982091101532966,2023-06-05,NEDAP,2023-06-05T06:53:00Z,2023-06-05T07:02:39Z,579,431,2866,84500,1908,,66,FALSE,FALSE,FALSE,FALSE,FALSE,85231.9330184146,1,1,FALSE,FALSE,FALSE,FALSE,FALSE,FALSE,FALSE,FALSE,FALSE,44.6632124352332,FALSE
982091101532966,2023-06-05,NEDAP,2023-06-05T08:04:00Z,2023-06-05T08:08:23Z,263,173,2866,85500,1908,,66,FALSE,FALSE,FALSE,FALSE,FALSE,85231.9330184146,1,1,FALSE,FALSE,FALSE,FALSE,FALSE,FALSE,FALSE,FALSE,FALSE,39.467680608365,FALSE
982091101532966,2023-06-05,NEDAP,2023-06-05T10:50:00Z,2023-06-05T10:51:02Z,62,16,2866,83000,1908,,66,FALSE,FALSE,FALSE,FALSE,FALSE,85231.9330184146,1,0.583363009264308,FALSE,FALSE,FALSE,FALSE,FALSE,FALSE,FALSE,FALSE,FALSE,15.4838709677419,FALSE
982091101532966,2023-06-05,NEDAP,2023-06-05T13:59:00Z,2023-06-05T14:06:57Z,477,368,2866,83000,1908,,66,FALSE,FALSE,FALSE,FALSE,FALSE,85231.9330184146,1,0.553322518469504,FALSE,FALSE,FALSE,FALSE,FALSE,FALSE,FALSE,FALSE,FALSE,46.2893081761006,FALSE
982091101532966,2023-06-05,NEDAP,2023-06-05T14:33:00Z,2023-06-05T14:34:23Z,83,1,2866,83500,1908,,66,FALSE,FALSE,FALSE,FALSE,FALSE,85231.9330184146,1,0.63049289456454,FALSE,FALSE,FALSE,FALSE,FALSE,TRUE,FALSE,FALSE,FALSE,0.72289156626506,TRUE
982091101532966,2023-06-05,NEDAP,2023-06-05T14:56:00Z,2023-06-05T14:57:41Z,101,46,2866,84000,1908,,66,FALSE,FALSE,FALSE,FALSE,FALSE,85231.9330184146,1,0.732657599131744,FALSE,FALSE,FALSE,FALSE,FALSE,FALSE,FALSE,FALSE,FALSE,27.3267326732673,FALSE
982091101532966,2023-06-05,NEDAP,2023-06-05T15:44:00Z,2023-06-05T15:50:08Z,368,285,2866,84000,1908,,66,FALSE,FALSE,FALSE,FALSE,FALSE,85231.9330184146,1,0.68583790517063,FALSE,FALSE,FALSE,FALSE,FALSE,FALSE,FALSE,FALSE,FALSE,46.4673913043478,FALSE
982091101532966,2023-06-05,NEDAP,2023-06-05T16:37:00Z,2023-06-05T16:37:38Z,38,17,2866,,1908,,66,FALSE,,FALSE,FALSE,,85231.9330184146,1,,FALSE,FALSE,FALSE,FALSE,FALSE,FALSE,FALSE,FALSE,FALSE,26.8421052631579,FALSE
982091101532966,2023-06-05,NEDAP,2023-06-05T16:56:00Z,2023-06-05T17:04:36Z,516,561,2866,85500,1908,,66,FALSE,FALSE,FALSE,FALSE,FALSE,85231.9330184146,1,1,FALSE,FALSE,FALSE,FALSE,FALSE,FALSE,FALSE,FALSE,FALSE,65.2325581395349,FALSE
982091101532966,2023-06-05,NEDAP,2023-06-05T17:49:00Z,2023-06-05T17:54:14Z,314,206,2866,86500,1908,,66,FALSE,FALSE,FALSE,FALSE,FALSE,85231.9330184146,1,1,FALSE,FALSE,FALSE,FALSE,FALSE,FALSE,FALSE,FALSE,FALSE,39.3630573248408,FALSE
982091101532966,2023-06-05,NEDAP,2023-06-05T19:06:00Z,2023-06-05T19:11:14Z,314,267,2866,86000,1908,,66,FALSE,FALSE,FALSE,FALSE,FALSE,85231.9330184146,1,1,FALSE,FALSE,FALSE,FALSE,FALSE,FALSE,FALSE,FALSE,FALSE,51.0191082802548,FALSE
982091101532966,2023-06-05,NEDAP,2023-06-05T19:53:00Z,2023-06-05T19:56:56Z,236,198,2866,87000,1908,,66,FALSE,FALSE,FALSE,FALSE,FALSE,85231.9330184146,1,1,FALSE,FALSE,FALSE,FALSE,FALSE,FALSE,FALSE,FALSE,FALSE,50.3389830508475,FALSE
982091101532966,2023-06-05,NEDAP,2023-06-05T20:45:00Z,2023-06-05T20:49:54Z,294,297,2866,87000,1908,,66,FALSE,FALSE,FALSE,FALSE,FALSE,85231.9330184146,1,1,FALSE,FALSE,FALSE,FALSE,FALSE,FALSE,FALSE,FALSE,FALSE,60.6122448979592,FALSE
982091101532966,2023-06-06,NEDAP,2023-06-06T07:58:00Z,2023-06-06T08:05:05Z,425,386,3251,84500,1908,,66,FALSE,FALSE,FALSE,FALSE,FALSE,87088.0570590355,1,0.556473002277359,FALSE,FALSE,FALSE,FALSE,FALSE,FALSE,FALSE,FALSE,FALSE,54.4941176470588,FALSE
982091101532966,2023-06-06,NEDAP,2023-06-06T12:33:00Z,2023-06-06T12:37:54Z,294,350,3251,84500,1908,,66,FALSE,FALSE,FALSE,FALSE,FALSE,87088.0570590355,1,0.528959481358783,FALSE,FALSE,FALSE,FALSE,FALSE,FALSE,FALSE,FALSE,FALSE,71.4285714285714,FALSE
982091101532966,2023-06-06,NEDAP,2023-06-06T12:54:00Z,2023-06-06T13:02:46Z,526,554,3251,85000,1908,,66,FALSE,FALSE,FALSE,FALSE,FALSE,87088.0570590355,1,0.59890772526059,FALSE,FALSE,FALSE,FALSE,FALSE,FALSE,FALSE,FALSE,FALSE,63.1939163498099,FALSE
982091101532966,2023-06-06,NEDAP,2023-06-06T16:31:00Z,2023-06-06T16:38:55Z,475,575,3251,86500,1908,,66,FALSE,FALSE,FALSE,FALSE,FALSE,87088.0570590355,1,1,FALSE,FALSE,FALSE,FALSE,FALSE,FALSE,FALSE,FALSE,FALSE,72.6315789473684,FALSE
982091101532966,2023-06-06,NEDAP,2023-06-06T18:02:00Z,2023-06-06T18:12:24Z,624,661,3251,87500,1908,,66,FALSE,FALSE,FALSE,FALSE,FALSE,87088.0570590355,1,1,FALSE,FALSE,FALSE,FALSE,FALSE,FALSE,FALSE,FALSE,FALSE,63.5576923076923,FALSE
982091101532966,2023-06-06,NEDAP,2023-06-06T19:04:00Z,2023-06-06T19:09:15Z,315,290,3251,88500,1908,,66,FALSE,FALSE,FALSE,FALSE,FALSE,87088.0570590355,1,1,FALSE,FALSE,FALSE,FALSE,FALSE,FALSE,FALSE,FALSE,FALSE,55.2380952380953,FALSE
982091101532966,2023-06-06,NEDAP,2023-06-06T19:44:00Z,2023-06-06T19:45:47Z,107,89,3251,88500,1908,,66,FALSE,FALSE,FALSE,FALSE,FALSE,87088.0570590355,1,1,FALSE,FALSE,FALSE,FALSE,FALSE,FALSE,FALSE,FALSE,FALSE,49.9065420560748,FALSE
982091101532966,2023-06-06,NEDAP,2023-06-06T23:54:00Z,2023-06-06T23:59:13Z,313,346,3251,88500,1908,,66,FALSE,FALSE,FALSE,FALSE,FALSE,87088.0570590355,1,1,FALSE,FALSE,FALSE,FALSE,FALSE,FALSE,FALSE,FALSE,FALSE,66.3258785942492,FALSE
982091101532966,2023-06-07,NEDAP,2023-06-07T08:24:00Z,2023-06-07T08:36:18Z,738,806,3056,87500,1908,,66,FALSE,FALSE,FALSE,FALSE,FALSE,89500,0.539213209841998,1,FALSE,FALSE,FALSE,FALSE,FALSE,FALSE,FALSE,FALSE,FALSE,65.5284552845529,FALSE
982091101532966,2023-06-07,NEDAP,2023-06-07T13:08:00Z,2023-06-07T13:15:46Z,466,471,3056,89000,1908,,66,FALSE,FALSE,FALSE,FALSE,FALSE,89500,0.539213209841998,1,FALSE,FALSE,FALSE,FALSE,FALSE,FALSE,FALSE,FALSE,FALSE,60.6437768240343,FALSE
982091101532966,2023-06-07,NEDAP,2023-06-07T15:41:00Z,2023-06-07T15:50:20Z,560,668,3056,89000,1908,,66,FALSE,FALSE,FALSE,FALSE,FALSE,89500,0.539213209841998,1,FALSE,FALSE,FALSE,FALSE,FALSE,FALSE,FALSE,FALSE,FALSE,71.5714285714286,FALSE
982091101532966,2023-06-07,NEDAP,2023-06-07T18:03:00Z,2023-06-07T18:08:55Z,355,379,3056,90000,1908,,66,FALSE,FALSE,FALSE,FALSE,FALSE,89500,0.539213209841998,1,FALSE,FALSE,FALSE,FALSE,FALSE,FALSE,FALSE,FALSE,FALSE,64.056338028169,FALSE
982091101532966,2023-06-07,NEDAP,2023-06-07T19:00:00Z,2023-06-07T19:04:04Z,244,294,3056,90500,1908,,66,FALSE,FALSE,FALSE,FALSE,FALSE,89500,0.539213209841998,1,FALSE,FALSE,FALSE,FALSE,FALSE,FALSE,FALSE,FALSE,FALSE,72.2950819672131,FALSE
982091101532966,2023-06-07,NEDAP,2023-06-07T19:56:00Z,2023-06-07T19:58:59Z,179,170,3056,90000,1908,,66,FALSE,FALSE,FALSE,FALSE,FALSE,89500,0.539213209841998,1,FALSE,FALSE,FALSE,FALSE,FALSE,FALSE,FALSE,FALSE,FALSE,56.9832402234637,FALSE
982091101532966,2023-06-07,NEDAP,2023-06-07T22:05:00Z,2023-06-07T22:08:17Z,197,268,3056,90500,1908,,66,FALSE,FALSE,FALSE,FALSE,FALSE,89500,0.539213209841998,1,FALSE,FALSE,FALSE,FALSE,FALSE,FALSE,FALSE,FALSE,FALSE,81.6243654822335,FALSE
982091101532966,2023-06-08,NEDAP,2023-06-08T07:52:00Z,2023-06-08T08:04:47Z,767,825,2124,89000,1908,,66,FALSE,FALSE,FALSE,FALSE,FALSE,90500,0.561647867559032,1,FALSE,FALSE,FALSE,FALSE,FALSE,FALSE,FALSE,FALSE,FALSE,64.5371577574968,FALSE
982091101532966,2023-06-08,NEDAP,2023-06-08T16:20:00Z,2023-06-08T16:21:36Z,96,128,2124,90500,1908,,66,FALSE,FALSE,FALSE,FALSE,FALSE,90500,0.561647867559032,1,FALSE,FALSE,FALSE,FALSE,FALSE,FALSE,FALSE,FALSE,FALSE,80,FALSE
982091101532966,2023-06-08,NEDAP,2023-06-08T18:58:00Z,2023-06-08T19:09:56Z,716,991,2124,91000,1908,,66,FALSE,FALSE,FALSE,FALSE,FALSE,90500,0.561647867559032,1,FALSE,FALSE,FALSE,FALSE,FALSE,FALSE,FALSE,FALSE,FALSE,83.0446927374302,FALSE
982091101532966,2023-06-08,NEDAP,2023-06-08T21:50:00Z,2023-06-08T21:52:23Z,143,180,2124,91500,1908,,66,FALSE,FALSE,FALSE,FALSE,FALSE,90500,0.561647867559032,1,FALSE,FALSE,FALSE,FALSE,FALSE,FALSE,FALSE,FALSE,FALSE,75.5244755244755,FALSE
982091101532966,2023-06-09,NEDAP,2023-06-09T08:58:00Z,2023-06-09T09:00:02Z,122,111,2075,89500,1908,,66,FALSE,FALSE,FALSE,FALSE,FALSE,90508.0706794303,1,1,FALSE,FALSE,FALSE,FALSE,FALSE,FALSE,FALSE,FALSE,FALSE,54.5901639344262,FALSE
982091101532966,2023-06-09,NEDAP,2023-06-09T09:41:00Z,2023-06-09T09:46:17Z,317,358,2075,89500,1908,,66,FALSE,FALSE,FALSE,FALSE,FALSE,90508.0706794303,1,1,FALSE,FALSE,FALSE,FALSE,FALSE,FALSE,FALSE,FALSE,FALSE,67.7602523659306,FALSE
982091101532966,2023-06-09,NEDAP,2023-06-09T14:21:00Z,2023-06-09T14:21:37Z,37,9,2075,,1908,,66,FALSE,,FALSE,FALSE,,90508.0706794303,1,,FALSE,FALSE,FALSE,FALSE,FALSE,FALSE,FALSE,FALSE,FALSE,14.5945945945946,FALSE
982091101532966,2023-06-09,NEDAP,2023-06-09T14:24:00Z,2023-06-09T14:31:18Z,438,437,2075,89000,1908,,66,FALSE,FALSE,FALSE,FALSE,FALSE,90508.0706794303,1,0.967890048363132,FALSE,FALSE,FALSE,FALSE,FALSE,FALSE,FALSE,FALSE,FALSE,59.8630136986301,FALSE
982091101532966,2023-06-09,NEDAP,2023-06-09T17:22:00Z,2023-06-09T17:29:58Z,478,459,2075,91000,1908,,66,FALSE,FALSE,FALSE,FALSE,FALSE,90508.0706794303,1,1,FALSE,FALSE,FALSE,FALSE,FALSE,FALSE,FALSE,FALSE,FALSE,57.6150627615063,FALSE
982091101532966,2023-06-09,NEDAP,2023-06-09T18:46:00Z,2023-06-09T18:53:54Z,474,544,2075,92000,1908,,66,FALSE,FALSE,FALSE,FALSE,FALSE,90508.0706794303,1,1,FALSE,FALSE,FALSE,FALSE,FALSE,FALSE,FALSE,FALSE,FALSE,68.8607594936709,FALSE
982091101532966,2023-06-09,NEDAP,2023-06-09T20:08:00Z,2023-06-09T20:10:43Z,163,157,2075,92000,1908,,66,FALSE,FALSE,FALSE,FALSE,FALSE,90508.0706794303,1,1,FALSE,FALSE,FALSE,FALSE,FALSE,FALSE,FALSE,FALSE,FALSE,57.7914110429448,FALSE
982091101532966,2023-06-10,NEDAP,2023-06-10T00:03:00Z,2023-06-10T00:12:49Z,589,669,3313,91000,1908,,66,FALSE,FALSE,FALSE,FALSE,FALSE,92242.976730767,0.727749834725962,1,FALSE,FALSE,FALSE,FALSE,FALSE,FALSE,FALSE,FALSE,FALSE,68.1494057724958,FALSE
982091101532966,2023-06-10,NEDAP,2023-06-10T09:44:00Z,2023-06-10T09:46:39Z,159,204,3313,91500,1908,,66,FALSE,FALSE,FALSE,FALSE,FALSE,92242.976730767,0.727749834725962,1,FALSE,FALSE,FALSE,FALSE,FALSE,FALSE,FALSE,FALSE,FALSE,76.9811320754717,FALSE
982091101532966,2023-06-10,NEDAP,2023-06-10T09:50:00Z,2023-06-10T09:57:51Z,471,520,3313,89500,1908,,66,FALSE,FALSE,FALSE,FALSE,FALSE,92242.976730767,0.727749834725962,0.778135948252447,FALSE,FALSE,FALSE,FALSE,FALSE,FALSE,FALSE,FALSE,FALSE,66.2420382165605,FALSE
982091101532966,2023-06-10,NEDAP,2023-06-10T14:15:00Z,2023-06-10T14:25:30Z,630,677,3313,91000,1908,,66,FALSE,FALSE,FALSE,FALSE,FALSE,92242.976730767,0.727749834725962,1,FALSE,FALSE,FALSE,FALSE,FALSE,FALSE,FALSE,FALSE,FALSE,64.4761904761905,FALSE
982091101532966,2023-06-10,NEDAP,2023-06-10T18:07:00Z,2023-06-10T18:11:09Z,249,261,3313,93500,1908,,66,FALSE,FALSE,FALSE,FALSE,FALSE,92242.976730767,0.727749834725962,0.96127915003501,FALSE,FALSE,FALSE,FALSE,FALSE,FALSE,FALSE,FALSE,FALSE,62.8915662650602,FALSE
982091101532966,2023-06-10,NEDAP,2023-06-10T18:31:00Z,2023-06-10T18:38:01Z,421,466,3313,93500,1908,,66,FALSE,FALSE,FALSE,FALSE,FALSE,92242.976730767,0.727749834725962,1,FALSE,FALSE,FALSE,FALSE,FALSE,FALSE,FALSE,FALSE,FALSE,66.4133016627078,FALSE
982091101532966,2023-06-10,NEDAP,2023-06-10T19:52:00Z,2023-06-10T19:56:41Z,281,360,3313,93500,1908,,66,FALSE,FALSE,FALSE,FALSE,FALSE,92242.976730767,0.727749834725962,1,FALSE,FALSE,FALSE,FALSE,FALSE,FALSE,FALSE,FALSE,FALSE,76.8683274021352,FALSE
982091101532966,2023-06-10,NEDAP,2023-06-10T20:22:00Z,2023-06-10T20:24:20Z,140,156,3313,94000,1908,,66,FALSE,FALSE,FALSE,FALSE,FALSE,92242.976730767,0.727749834725962,0.933933102752108,FALSE,FALSE,FALSE,FALSE,FALSE,FALSE,FALSE,FALSE,FALSE,66.8571428571429,FALSE
982091101532966,2023-06-11,NEDAP,2023-06-11T00:23:00Z,2023-06-11T00:25:36Z,156,181,3179,92500,1908,,66,FALSE,FALSE,FALSE,FALSE,FALSE,92429.4886578131,1,1,FALSE,FALSE,FALSE,FALSE,FALSE,FALSE,FALSE,FALSE,FALSE,69.6153846153846,FALSE
982091101532966,2023-06-11,NEDAP,2023-06-11T08:01:00Z,2023-06-11T08:13:11Z,731,674,3179,91000,1908,,66,FALSE,FALSE,FALSE,FALSE,FALSE,92429.4886578131,1,0.995508460555813,FALSE,FALSE,FALSE,FALSE,FALSE,FALSE,FALSE,FALSE,FALSE,55.3214774281806,FALSE
982091101532966,2023-06-11,NEDAP,2023-06-11T13:07:00Z,2023-06-11T13:20:25Z,805,891,3179,91500,1908,,66,FALSE,FALSE,FALSE,FALSE,FALSE,92429.4886578131,1,1,FALSE,FALSE,FALSE,FALSE,FALSE,FALSE,FALSE,FALSE,FALSE,66.4099378881988,FALSE
982091101532966,2023-06-11,NEDAP,2023-06-11T17:20:00Z,2023-06-11T17:21:02Z,62,64,3179,92500,1908,,66,FALSE,FALSE,FALSE,FALSE,FALSE,92429.4886578131,1,1,FALSE,FALSE,FALSE,FALSE,FALSE,FALSE,FALSE,FALSE,FALSE,61.9354838709677,FALSE
982091101532966,2023-06-11,NEDAP,2023-06-11T17:24:00Z,2023-06-11T17:28:36Z,276,317,3179,93000,1908,,66,FALSE,FALSE,FALSE,FALSE,FALSE,92429.4886578131,1,1,FALSE,FALSE,FALSE,FALSE,FALSE,FALSE,FALSE,FALSE,FALSE,68.9130434782609,FALSE
982091101532966,2023-06-11,NEDAP,2023-06-11T18:54:00Z,2023-06-11T18:59:13Z,313,371,3179,93000,1908,,66,FALSE,FALSE,FALSE,FALSE,FALSE,92429.4886578131,1,1,FALSE,FALSE,FALSE,FALSE,FALSE,FALSE,FALSE,FALSE,FALSE,71.1182108626198,FALSE
982091101532966,2023-06-11,NEDAP,2023-06-11T20:57:00Z,2023-06-11T21:04:30Z,450,681,3179,93500,1908,,66,FALSE,FALSE,FALSE,FALSE,FALSE,92429.4886578131,1,1,FALSE,FALSE,FALSE,FALSE,FALSE,FALSE,FALSE,FALSE,FALSE,90.8,FALSE
982091101532966,2023-06-12,NEDAP,2023-06-12T07:40:00Z,2023-06-12T07:55:32Z,932,845,3458,92000,1908,,66,FALSE,FALSE,FALSE,FALSE,FALSE,94489.7073245616,0.677893248823839,1,FALSE,FALSE,FALSE,FALSE,FALSE,FALSE,FALSE,FALSE,FALSE,54.3991416309013,FALSE
982091101532966,2023-06-12,NEDAP,2023-06-12T13:09:00Z,2023-06-12T13:20:05Z,665,745,3458,94500,1908,,66,FALSE,FALSE,FALSE,FALSE,FALSE,94489.7073245616,0.677893248823839,1,FALSE,FALSE,FALSE,FALSE,FALSE,FALSE,FALSE,FALSE,FALSE,67.218045112782,FALSE
982091101532966,2023-06-12,NEDAP,2023-06-12T16:27:00Z,2023-06-12T16:35:01Z,481,567,3458,95500,1908,,66,FALSE,FALSE,FALSE,FALSE,FALSE,94489.7073245616,0.677893248823839,0.938873106643583,FALSE,FALSE,FALSE,FALSE,FALSE,FALSE,FALSE,FALSE,FALSE,70.7276507276507,FALSE
982091101532966,2023-06-12,NEDAP,2023-06-12T18:46:00Z,2023-06-12T18:53:49Z,469,420,3458,95000,1908,,66,FALSE,FALSE,FALSE,FALSE,FALSE,94489.7073245616,0.677893248823839,1,FALSE,FALSE,FALSE,FALSE,FALSE,FALSE,FALSE,FALSE,FALSE,53.7313432835821,FALSE
982091101532966,2023-06-12,NEDAP,2023-06-12T19:22:00Z,2023-06-12T19:23:09Z,69,61,3458,95000,1908,,66,FALSE,FALSE,FALSE,FALSE,FALSE,94489.7073245616,0.677893248823839,1,FALSE,FALSE,FALSE,FALSE,FALSE,FALSE,FALSE,FALSE,FALSE,53.0434782608696,FALSE
982091101532966,2023-06-12,NEDAP,2023-06-12T21:21:00Z,2023-06-12T21:30:30Z,570,820,3458,95000,1908,,66,FALSE,FALSE,FALSE,FALSE,FALSE,94489.7073245616,0.677893248823839,1,FALSE,FALSE,FALSE,FALSE,FALSE,FALSE,FALSE,FALSE,FALSE,86.3157894736842,FALSE
982091101532966,2023-06-13,NEDAP,2023-06-13T08:15:00Z,2023-06-13T08:27:01Z,721,646,3518,93500,1908,,66,FALSE,FALSE,FALSE,FALSE,FALSE,94900,1,1,FALSE,FALSE,FALSE,FALSE,FALSE,FALSE,FALSE,FALSE,FALSE,53.7586685159501,FALSE
982091101532966,2023-06-13,NEDAP,2023-06-13T10:16:00Z,2023-06-13T10:25:21Z,561,554,3518,94500,1908,,66,FALSE,FALSE,FALSE,FALSE,FALSE,94900,1,1,FALSE,FALSE,FALSE,FALSE,FALSE,FALSE,FALSE,FALSE,FALSE,59.2513368983957,FALSE
982091101532966,2023-06-13,NEDAP,2023-06-13T14:28:00Z,2023-06-13T14:38:10Z,610,758,3518,95000,1908,,66,FALSE,FALSE,FALSE,FALSE,FALSE,94900,1,1,FALSE,FALSE,FALSE,FALSE,FALSE,FALSE,FALSE,FALSE,FALSE,74.5573770491803,FALSE
982091101532966,2023-06-13,NEDAP,2023-06-13T19:16:00Z,2023-06-13T19:26:03Z,603,937,3518,95500,1908,,66,FALSE,FALSE,FALSE,FALSE,FALSE,94900,1,1,FALSE,FALSE,FALSE,FALSE,FALSE,FALSE,FALSE,FALSE,FALSE,93.2338308457711,FALSE
982091101532966,2023-06-13,NEDAP,2023-06-13T20:47:00Z,2023-06-13T20:54:06Z,426,623,3518,96000,1908,,66,FALSE,FALSE,FALSE,FALSE,FALSE,94900,1,1,FALSE,FALSE,FALSE,FALSE,FALSE,FALSE,FALSE,FALSE,FALSE,87.7464788732394,FALSE
982091101532966,2023-06-14,NEDAP,2023-06-14T09:13:00Z,2023-06-14T09:20:47Z,467,450,3048,96000,1908,,66,FALSE,FALSE,FALSE,FALSE,FALSE,96000,1,1,FALSE,FALSE,FALSE,FALSE,FALSE,FALSE,FALSE,FALSE,FALSE,57.8158458244111,FALSE
982091101532966,2023-06-14,NEDAP,2023-06-14T12:26:00Z,2023-06-14T12:36:37Z,637,598,3048,94500,1908,,66,FALSE,FALSE,FALSE,FALSE,FALSE,96000,1,1,FALSE,FALSE,FALSE,FALSE,FALSE,FALSE,FALSE,FALSE,FALSE,56.3265306122449,FALSE
982091101532966,2023-06-14,NEDAP,2023-06-14T15:58:00Z,2023-06-14T16:11:00Z,780,974,3048,95500,1908,,66,FALSE,FALSE,FALSE,FALSE,FALSE,96000,1,1,FALSE,FALSE,FALSE,FALSE,FALSE,FALSE,FALSE,FALSE,FALSE,74.9230769230769,FALSE
982091101532966,2023-06-14,NEDAP,2023-06-14T19:08:00Z,2023-06-14T19:13:28Z,328,408,3048,97000,1908,,66,FALSE,FALSE,FALSE,FALSE,FALSE,96000,1,1,FALSE,FALSE,FALSE,FALSE,FALSE,FALSE,FALSE,FALSE,FALSE,74.6341463414634,FALSE
982091101532966,2023-06-14,NEDAP,2023-06-14T19:58:00Z,2023-06-14T20:04:44Z,404,573,3048,97000,1908,,66,FALSE,FALSE,FALSE,FALSE,FALSE,96000,1,1,FALSE,FALSE,FALSE,FALSE,FALSE,FALSE,FALSE,FALSE,FALSE,85.0990099009901,FALSE
982091101532966,2023-06-14,NEDAP,2023-06-14T21:27:00Z,2023-06-14T21:27:48Z,48,45,3048,,1908,,66,FALSE,,FALSE,FALSE,,96000,1,,FALSE,FALSE,FALSE,FALSE,FALSE,FALSE,FALSE,FALSE,FALSE,56.25,FALSE
982091101532966,2023-06-15,NEDAP,2023-06-15T15:33:00Z,2023-06-15T15:36:18Z,198,240,1861,96500,1908,,66,FALSE,FALSE,FALSE,FALSE,FALSE,97000,1,1,FALSE,FALSE,FALSE,FALSE,FALSE,FALSE,FALSE,FALSE,FALSE,72.7272727272727,FALSE
982091101532966,2023-06-15,NEDAP,2023-06-15T17:51:00Z,2023-06-15T17:55:18Z,258,363,1861,96500,1908,,66,FALSE,FALSE,FALSE,FALSE,FALSE,97000,1,1,FALSE,FALSE,FALSE,FALSE,FALSE,FALSE,FALSE,FALSE,FALSE,84.4186046511628,FALSE
982091101532966,2023-06-15,NEDAP,2023-06-15T18:33:00Z,2023-06-15T18:43:06Z,606,687,1861,97500,1908,,66,FALSE,FALSE,FALSE,FALSE,FALSE,97000,1,1,FALSE,FALSE,FALSE,FALSE,FALSE,FALSE,FALSE,FALSE,FALSE,68.019801980198,FALSE
982091101532966,2023-06-15,NEDAP,2023-06-15T20:52:00Z,2023-06-15T20:58:40Z,400,571,1861,97500,1908,,66,FALSE,FALSE,FALSE,FALSE,FALSE,97000,1,1,FALSE,FALSE,FALSE,FALSE,FALSE,FALSE,FALSE,FALSE,FALSE,85.65,FALSE
982091101532966,2023-06-16,NEDAP,2023-06-16T10:37:00Z,2023-06-16T10:51:30Z,870,1030,3321,96000,1908,,66,FALSE,FALSE,FALSE,FALSE,FALSE,97881.5921322595,1,1,FALSE,FALSE,FALSE,FALSE,FALSE,FALSE,FALSE,FALSE,FALSE,71.0344827586207,FALSE
982091101532966,2023-06-16,NEDAP,2023-06-16T14:24:00Z,2023-06-16T14:27:26Z,206,264,3321,97500,1908,,66,FALSE,FALSE,FALSE,FALSE,FALSE,97881.5921322595,1,1,FALSE,FALSE,FALSE,FALSE,FALSE,FALSE,FALSE,FALSE,FALSE,76.8932038834952,FALSE
982091101532966,2023-06-16,NEDAP,2023-06-16T16:53:00Z,2023-06-16T17:00:41Z,461,573,3321,97750,1908,,66,FALSE,FALSE,FALSE,FALSE,FALSE,97881.5921322595,1,1,FALSE,FALSE,FALSE,FALSE,FALSE,FALSE,FALSE,FALSE,FALSE,74.5770065075922,FALSE
982091101532966,2023-06-16,NEDAP,2023-06-16T18:04:00Z,2023-06-16T18:11:14Z,434,649,3321,99500,1908,,66,FALSE,FALSE,FALSE,FALSE,FALSE,97881.5921322595,1,0.67578841120924,FALSE,FALSE,FALSE,FALSE,FALSE,FALSE,FALSE,FALSE,FALSE,89.7235023041475,FALSE
982091101532966,2023-06-16,NEDAP,2023-06-16T20:12:00Z,2023-06-16T20:22:22Z,622,805,3321,100500,1908,,66,FALSE,FALSE,FALSE,FALSE,FALSE,97881.5921322595,1,0.496895510886252,FALSE,FALSE,FALSE,FALSE,FALSE,FALSE,FALSE,FALSE,FALSE,77.6527331189711,FALSE
982091101532966,2023-06-17,NEDAP,2023-06-17T19:37:00Z,2023-06-17T19:55:05Z,1085,827,1401,97500,1908,,66,FALSE,FALSE,FALSE,FALSE,FALSE,97333.3333333333,0.943124530393961,1,FALSE,FALSE,FALSE,FALSE,FALSE,FALSE,FALSE,FALSE,FALSE,45.7327188940092,FALSE
982091101532966,2023-06-17,NEDAP,2023-06-17T22:45:00Z,2023-06-17T22:50:39Z,339,81,1401,97000,1908,,66,FALSE,FALSE,FALSE,FALSE,FALSE,97333.3333333333,0.943124530393961,1,FALSE,FALSE,FALSE,FALSE,FALSE,FALSE,FALSE,FALSE,FALSE,14.3362831858407,FALSE
982091101532966,2023-06-17,NEDAP,2023-06-17T23:14:00Z,2023-06-17T23:26:20Z,740,493,1401,97500,1908,,66,FALSE,FALSE,FALSE,FALSE,FALSE,97333.3333333333,0.943124530393961,1,FALSE,FALSE,FALSE,FALSE,FALSE,FALSE,FALSE,FALSE,FALSE,39.972972972973,FALSE
982091101532966,2023-06-18,NEDAP,2023-06-18T01:55:00Z,2023-06-18T02:02:25Z,445,480,3392,98000,1908,,66,FALSE,FALSE,FALSE,FALSE,FALSE,99302.6093237599,1,1,FALSE,FALSE,FALSE,FALSE,FALSE,FALSE,FALSE,FALSE,FALSE,64.7191011235955,FALSE
982091101532966,2023-06-18,NEDAP,2023-06-18T10:20:00Z,2023-06-18T10:33:42Z,822,956,3392,98500,1908,,66,FALSE,FALSE,FALSE,FALSE,FALSE,99302.6093237599,1,1,FALSE,FALSE,FALSE,FALSE,FALSE,FALSE,FALSE,FALSE,FALSE,69.7810218978102,FALSE
982091101532966,2023-06-18,NEDAP,2023-06-18T11:22:00Z,2023-06-18T11:23:09Z,69,50,3392,98500,1908,,66,FALSE,FALSE,FALSE,FALSE,FALSE,99302.6093237599,1,1,FALSE,FALSE,FALSE,FALSE,FALSE,FALSE,FALSE,FALSE,FALSE,43.4782608695652,FALSE
982091101532966,2023-06-18,NEDAP,2023-06-18T16:13:00Z,2023-06-18T16:22:44Z,584,717,3392,99000,1908,,66,FALSE,FALSE,FALSE,FALSE,FALSE,99302.6093237599,1,1,FALSE,FALSE,FALSE,FALSE,FALSE,FALSE,FALSE,FALSE,FALSE,73.6643835616439,FALSE
982091101532966,2023-06-18,NEDAP,2023-06-18T17:52:00Z,2023-06-18T18:00:31Z,511,615,3392,1e+05,1908,,66,FALSE,FALSE,FALSE,FALSE,FALSE,99302.6093237599,1,1,FALSE,FALSE,FALSE,FALSE,FALSE,FALSE,FALSE,FALSE,FALSE,72.2113502935421,FALSE
982091101532966,2023-06-18,NEDAP,2023-06-18T20:47:00Z,2023-06-18T20:52:23Z,323,415,3392,101000,1908,,66,FALSE,FALSE,FALSE,FALSE,FALSE,99302.6093237599,1,0.6838484846168,FALSE,FALSE,FALSE,FALSE,FALSE,FALSE,FALSE,FALSE,FALSE,77.0897832817338,FALSE
982091101532966,2023-06-18,NEDAP,2023-06-18T21:00:00Z,2023-06-18T21:02:31Z,151,159,3392,102000,1908,,66,FALSE,FALSE,FALSE,FALSE,FALSE,99302.6093237599,1,0.501332116612434,FALSE,FALSE,FALSE,FALSE,FALSE,FALSE,FALSE,FALSE,FALSE,63.1788079470199,FALSE
982091101532966,2023-06-19,NEDAP,2023-06-19T00:26:00Z,2023-06-19T00:33:08Z,428,531,4007,100500,1908,,66,FALSE,FALSE,FALSE,FALSE,FALSE,101187.066771452,1,1,FALSE,FALSE,FALSE,FALSE,FALSE,FALSE,FALSE,FALSE,FALSE,74.4392523364486,FALSE
982091101532966,2023-06-19,NEDAP,2023-06-19T06:18:00Z,2023-06-19T06:30:08Z,728,942,4007,1e+05,1908,,66,FALSE,FALSE,FALSE,FALSE,FALSE,101187.066771452,1,1,FALSE,FALSE,FALSE,FALSE,FALSE,FALSE,FALSE,FALSE,FALSE,77.6373626373627,FALSE
982091101532966,2023-06-19,NEDAP,2023-06-19T12:25:00Z,2023-06-19T12:37:57Z,777,900,4007,100500,1908,,66,FALSE,FALSE,FALSE,FALSE,FALSE,101187.066771452,1,1,FALSE,FALSE,FALSE,FALSE,FALSE,FALSE,FALSE,FALSE,FALSE,69.4980694980695,FALSE
982091101532966,2023-06-19,NEDAP,2023-06-19T15:46:00Z,2023-06-19T15:47:22Z,82,90,4007,101500,1908,,66,FALSE,FALSE,FALSE,FALSE,FALSE,101187.066771452,1,0.77216793856711,FALSE,FALSE,FALSE,FALSE,FALSE,FALSE,FALSE,FALSE,FALSE,65.8536585365854,FALSE
982091101532966,2023-06-19,NEDAP,2023-06-19T16:33:00Z,2023-06-19T16:40:38Z,458,559,4007,102000,1908,,66,FALSE,FALSE,FALSE,FALSE,FALSE,101187.066771452,1,0.660965671587494,FALSE,FALSE,FALSE,FALSE,FALSE,FALSE,FALSE,FALSE,FALSE,73.2314410480349,FALSE
982091101532966,2023-06-19,NEDAP,2023-06-19T18:03:00Z,2023-06-19T18:03:27Z,27,25,4007,,1908,,66,FALSE,,FALSE,FALSE,,101187.066771452,1,,FALSE,FALSE,FALSE,FALSE,FALSE,FALSE,FALSE,FALSE,FALSE,55.5555555555556,FALSE
982091101532966,2023-06-19,NEDAP,2023-06-19T18:39:00Z,2023-06-19T18:47:41Z,521,642,4007,102500,1908,,66,FALSE,FALSE,FALSE,FALSE,FALSE,101187.066771452,1,0.61188776490234,FALSE,FALSE,FALSE,FALSE,FALSE,FALSE,FALSE,FALSE,FALSE,73.9347408829175,FALSE
982091101532966,2023-06-19,NEDAP,2023-06-19T20:23:00Z,2023-06-19T20:28:00Z,300,318,4007,103000,1908,,66,FALSE,FALSE,FALSE,FALSE,FALSE,101187.066771452,1,0.539939671743337,FALSE,FALSE,FALSE,FALSE,FALSE,FALSE,FALSE,FALSE,FALSE,63.6,FALSE
982091101532966,2023-06-20,NEDAP,2023-06-20T00:07:00Z,2023-06-20T00:11:50Z,290,450,4200,101500,1908,,66,FALSE,FALSE,FALSE,FALSE,FALSE,101802.797433594,1,1,FALSE,FALSE,FALSE,FALSE,FALSE,FALSE,FALSE,FALSE,FALSE,93.1034482758621,FALSE
982091101532966,2023-06-20,NEDAP,2023-06-20T05:19:00Z,2023-06-20T05:26:48Z,468,675,4200,100500,1908,,66,FALSE,FALSE,FALSE,FALSE,FALSE,101802.797433594,1,1,FALSE,FALSE,FALSE,FALSE,FALSE,FALSE,FALSE,FALSE,FALSE,86.5384615384616,FALSE
982091101532966,2023-06-20,NEDAP,2023-06-20T11:38:00Z,2023-06-20T11:48:52Z,652,832,4200,101500,1908,,66,FALSE,FALSE,FALSE,FALSE,FALSE,101802.797433594,1,1,FALSE,FALSE,FALSE,FALSE,FALSE,FALSE,FALSE,FALSE,FALSE,76.5644171779141,FALSE
982091101532966,2023-06-20,NEDAP,2023-06-20T16:51:00Z,2023-06-20T17:05:47Z,887,1146,4200,101500,1908,,66,FALSE,FALSE,FALSE,FALSE,FALSE,101802.797433594,1,1,FALSE,FALSE,FALSE,FALSE,FALSE,FALSE,FALSE,FALSE,FALSE,77.5197294250282,FALSE
982091101532966,2023-06-20,NEDAP,2023-06-20T21:21:00Z,2023-06-20T21:24:49Z,229,309,4200,103000,1908,,66,FALSE,FALSE,FALSE,FALSE,FALSE,101802.797433594,1,0.730548204014255,FALSE,FALSE,FALSE,FALSE,FALSE,FALSE,FALSE,FALSE,FALSE,80.9606986899563,FALSE
982091101532966,2023-06-20,NEDAP,2023-06-20T21:59:00Z,2023-06-20T22:02:13Z,193,312,4200,102000,1908,,66,FALSE,FALSE,FALSE,FALSE,FALSE,101802.797433594,1,1,FALSE,FALSE,FALSE,FALSE,FALSE,FALSE,FALSE,FALSE,FALSE,96.9948186528497,FALSE
982091101532966,2023-06-20,NEDAP,2023-06-20T23:26:00Z,2023-06-20T23:31:21Z,321,476,4200,103500,1908,,66,FALSE,FALSE,FALSE,FALSE,FALSE,101802.797433594,1,0.671324098720382,FALSE,FALSE,FALSE,FALSE,FALSE,FALSE,FALSE,FALSE,FALSE,88.9719626168225,FALSE
982091101532966,2023-06-21,NEDAP,2023-06-21T11:52:00Z,2023-06-21T12:04:00Z,720,792,2504,101500,1908,,66,FALSE,FALSE,FALSE,FALSE,FALSE,102940.667212826,1,1,FALSE,FALSE,FALSE,FALSE,FALSE,FALSE,FALSE,FALSE,FALSE,66,FALSE
982091101532966,2023-06-21,NEDAP,2023-06-21T17:03:00Z,2023-06-21T17:15:37Z,757,780,2504,102500,1908,,66,FALSE,FALSE,FALSE,FALSE,FALSE,102940.667212826,1,1,FALSE,FALSE,FALSE,FALSE,FALSE,FALSE,FALSE,FALSE,FALSE,61.8229854689564,FALSE
982091101532966,2023-06-21,NEDAP,2023-06-21T19:54:00Z,2023-06-21T19:54:19Z,19,2,2504,,1908,,66,FALSE,,FALSE,FALSE,,102940.667212826,1,,FALSE,FALSE,FALSE,FALSE,FALSE,FALSE,FALSE,FALSE,FALSE,6.31578947368421,FALSE
982091101532966,2023-06-21,NEDAP,2023-06-21T20:18:00Z,2023-06-21T20:20:52Z,172,186,2504,104000,1908,,66,FALSE,FALSE,FALSE,FALSE,FALSE,102940.667212826,1,0.706034505507936,FALSE,FALSE,FALSE,FALSE,FALSE,FALSE,FALSE,FALSE,FALSE,64.8837209302326,FALSE
982091101532966,2023-06-21,NEDAP,2023-06-21T20:28:00Z,2023-06-21T20:31:25Z,205,322,2504,102500,1908,,66,FALSE,FALSE,FALSE,FALSE,FALSE,102940.667212826,1,1,FALSE,FALSE,FALSE,FALSE,FALSE,FALSE,FALSE,FALSE,FALSE,94.2439024390244,FALSE
982091101532966,2023-06-21,NEDAP,2023-06-21T21:08:00Z,2023-06-21T21:12:35Z,275,138,2504,104500,1908,,66,FALSE,FALSE,FALSE,FALSE,FALSE,102940.667212826,1,0.650754835075412,FALSE,FALSE,FALSE,FALSE,FALSE,FALSE,FALSE,FALSE,FALSE,30.1090909090909,FALSE
982091101532966,2023-06-21,NEDAP,2023-06-21T21:32:00Z,2023-06-21T21:36:02Z,242,284,2504,103500,1908,,66,FALSE,FALSE,FALSE,FALSE,FALSE,102940.667212826,1,1,FALSE,FALSE,FALSE,FALSE,FALSE,FALSE,FALSE,FALSE,FALSE,70.4132231404959,FALSE
982091101532966,2023-06-22,NEDAP,2023-06-22T00:01:00Z,2023-06-22T00:07:28Z,388,619,3786,104500,1908,,66,FALSE,FALSE,FALSE,FALSE,FALSE,103984.895438997,1,0.744857368677824,FALSE,FALSE,FALSE,FALSE,FALSE,FALSE,FALSE,FALSE,FALSE,95.7216494845361,FALSE
982091101532966,2023-06-22,NEDAP,2023-06-22T10:54:00Z,2023-06-22T11:05:01Z,661,693,3786,102000,1908,,66,FALSE,FALSE,FALSE,FALSE,FALSE,103984.895438997,1,1,FALSE,FALSE,FALSE,FALSE,FALSE,FALSE,FALSE,FALSE,FALSE,62.9046898638427,FALSE
982091101532966,2023-06-22,NEDAP,2023-06-22T14:20:00Z,2023-06-22T14:26:57Z,417,484,3786,104000,1908,,66,FALSE,FALSE,FALSE,FALSE,FALSE,103984.895438997,1,1,FALSE,FALSE,FALSE,FALSE,FALSE,FALSE,FALSE,FALSE,FALSE,69.6402877697842,FALSE
982091101532966,2023-06-22,NEDAP,2023-06-22T16:34:00Z,2023-06-22T16:40:55Z,415,478,3786,102500,1908,,66,FALSE,FALSE,FALSE,FALSE,FALSE,103984.895438997,1,1,FALSE,FALSE,FALSE,FALSE,FALSE,FALSE,FALSE,FALSE,FALSE,69.1084337349398,FALSE
982091101532966,2023-06-22,NEDAP,2023-06-22T19:16:00Z,2023-06-22T19:17:37Z,97,30,3786,104500,1908,,66,FALSE,FALSE,FALSE,FALSE,FALSE,103984.895438997,1,1,FALSE,FALSE,FALSE,FALSE,FALSE,FALSE,FALSE,FALSE,FALSE,18.5567010309278,FALSE
982091101532966,2023-06-22,NEDAP,2023-06-22T19:21:00Z,2023-06-22T19:28:51Z,471,514,3786,105500,1908,,66,FALSE,FALSE,FALSE,FALSE,FALSE,103984.895438997,1,0.673327999814604,FALSE,FALSE,FALSE,FALSE,FALSE,FALSE,FALSE,FALSE,FALSE,65.4777070063694,FALSE
982091101532966,2023-06-22,NEDAP,2023-06-22T20:37:00Z,2023-06-22T20:43:51Z,411,392,3786,106000,1908,,66,FALSE,FALSE,FALSE,FALSE,FALSE,103984.895438997,1,0.587489678821231,FALSE,FALSE,FALSE,FALSE,FALSE,FALSE,FALSE,FALSE,FALSE,57.2262773722628,FALSE
982091101532966,2023-06-22,NEDAP,2023-06-22T21:40:00Z,2023-06-22T21:42:26Z,146,143,3786,103000,1908,,66,FALSE,FALSE,FALSE,FALSE,FALSE,103984.895438997,1,1,FALSE,FALSE,FALSE,FALSE,FALSE,FALSE,FALSE,FALSE,FALSE,58.7671232876712,FALSE
982091101532966,2023-06-22,NEDAP,2023-06-22T22:13:00Z,2023-06-22T22:18:11Z,311,433,3786,106000,1908,,66,FALSE,FALSE,FALSE,FALSE,FALSE,103984.895438997,1,0.663381115822013,FALSE,FALSE,FALSE,FALSE,FALSE,FALSE,FALSE,FALSE,FALSE,83.5369774919614,FALSE
982091101532966,2023-06-23,NEDAP,2023-06-23T00:58:00Z,2023-06-23T00:59:32Z,92,116,3856,105500,1908,,66,FALSE,FALSE,FALSE,FALSE,FALSE,104887.507499199,1,0.9126557776088,FALSE,FALSE,FALSE,FALSE,FALSE,FALSE,FALSE,FALSE,FALSE,75.6521739130435,FALSE
982091101532966,2023-06-23,NEDAP,2023-06-23T05:01:00Z,2023-06-23T05:06:20Z,320,90,3856,105500,1908,,66,FALSE,FALSE,FALSE,FALSE,FALSE,104887.507499199,1,1,FALSE,FALSE,FALSE,FALSE,FALSE,FALSE,FALSE,FALSE,FALSE,16.875,FALSE
982091101532966,2023-06-23,NEDAP,2023-06-23T05:38:00Z,2023-06-23T05:43:24Z,324,310,3856,104000,1908,,66,FALSE,FALSE,FALSE,FALSE,FALSE,104887.507499199,1,1,FALSE,FALSE,FALSE,FALSE,FALSE,FALSE,FALSE,FALSE,FALSE,57.4074074074074,FALSE
982091101532966,2023-06-23,NEDAP,2023-06-23T12:44:00Z,2023-06-23T12:49:29Z,329,113,3856,103500,1908,,66,FALSE,FALSE,FALSE,FALSE,FALSE,104887.507499199,1,1,FALSE,FALSE,FALSE,FALSE,FALSE,FALSE,FALSE,FALSE,FALSE,20.6079027355623,FALSE
982091101532966,2023-06-23,NEDAP,2023-06-23T12:59:00Z,2023-06-23T13:03:43Z,283,169,3856,102500,1908,,66,FALSE,FALSE,FALSE,FALSE,FALSE,104887.507499199,1,0.847327706838954,FALSE,FALSE,FALSE,FALSE,FALSE,FALSE,FALSE,FALSE,FALSE,35.8303886925795,FALSE
982091101532966,2023-06-23,NEDAP,2023-06-23T13:25:00Z,2023-06-23T13:27:55Z,175,119,3856,103000,1908,,66,FALSE,FALSE,FALSE,FALSE,FALSE,104887.507499199,1,1,FALSE,FALSE,FALSE,FALSE,FALSE,FALSE,FALSE,FALSE,FALSE,40.8,FALSE
982091101532966,2023-06-23,NEDAP,2023-06-23T13:39:00Z,2023-06-23T13:39:41Z,41,43,3856,,1908,,66,FALSE,,FALSE,FALSE,,104887.507499199,1,,FALSE,FALSE,FALSE,FALSE,FALSE,FALSE,FALSE,FALSE,FALSE,62.9268292682927,FALSE
982091101532966,2023-06-23,NEDAP,2023-06-23T14:01:00Z,2023-06-23T14:06:46Z,346,399,3856,104500,1908,,66,FALSE,FALSE,FALSE,FALSE,FALSE,104887.507499199,1,1,FALSE,FALSE,FALSE,FALSE,FALSE,FALSE,FALSE,FALSE,FALSE,69.1907514450867,FALSE
982091101532966,2023-06-23,NEDAP,2023-06-23T16:35:00Z,2023-06-23T16:38:40Z,220,320,3856,104500,1908,,66,FALSE,FALSE,FALSE,FALSE,FALSE,104887.507499199,1,1,FALSE,FALSE,FALSE,FALSE,FALSE,FALSE,FALSE,FALSE,FALSE,87.2727272727273,FALSE
982091101532966,2023-06-23,NEDAP,2023-06-23T17:02:00Z,2023-06-23T17:02:47Z,47,31,3856,,1908,,66,FALSE,,FALSE,FALSE,,104887.507499199,1,,FALSE,FALSE,FALSE,FALSE,FALSE,FALSE,FALSE,FALSE,FALSE,39.5744680851064,FALSE
982091101532966,2023-06-23,NEDAP,2023-06-23T19:05:00Z,2023-06-23T19:19:51Z,891,1236,3856,105000,1908,,66,FALSE,FALSE,FALSE,FALSE,FALSE,104887.507499199,1,1,FALSE,FALSE,FALSE,FALSE,FALSE,FALSE,FALSE,FALSE,FALSE,83.2323232323232,FALSE
982091101532966,2023-06-23,NEDAP,2023-06-23T22:02:00Z,2023-06-23T22:09:29Z,449,506,3856,108000,1908,,66,FALSE,FALSE,FALSE,FALSE,FALSE,104887.507499199,1,0.627674021855336,FALSE,FALSE,FALSE,FALSE,FALSE,FALSE,FALSE,FALSE,FALSE,67.6169265033408,FALSE
982091101532966,2023-06-23,NEDAP,2023-06-23T22:53:00Z,2023-06-23T22:55:35Z,155,109,3856,106500,1908,,66,FALSE,FALSE,FALSE,FALSE,FALSE,104887.507499199,1,1,FALSE,FALSE,FALSE,FALSE,FALSE,FALSE,FALSE,FALSE,FALSE,42.1935483870968,FALSE
982091101532966,2023-06-23,NEDAP,2023-06-23T23:42:00Z,2023-06-23T23:46:26Z,266,295,3856,108500,1908,,66,FALSE,FALSE,FALSE,FALSE,FALSE,104887.507499199,1,0.584204878461874,FALSE,FALSE,FALSE,FALSE,FALSE,FALSE,FALSE,FALSE,FALSE,66.5413533834586,FALSE
982091101532966,2023-06-24,NEDAP,2023-06-24T02:45:00Z,2023-06-24T02:45:17Z,17,5,2622,,1908,,66,FALSE,,FALSE,FALSE,,106200,1,,FALSE,FALSE,FALSE,FALSE,FALSE,FALSE,FALSE,FALSE,FALSE,17.6470588235294,FALSE
982091101532966,2023-06-24,NEDAP,2023-06-24T11:45:00Z,2023-06-24T11:56:54Z,714,890,2622,105000,1908,,66,FALSE,FALSE,FALSE,FALSE,FALSE,106200,1,1,FALSE,FALSE,FALSE,FALSE,FALSE,FALSE,FALSE,FALSE,FALSE,74.7899159663866,FALSE
982091101532966,2023-06-24,NEDAP,2023-06-24T14:52:00Z,2023-06-24T14:58:28Z,388,530,2622,106500,1908,,66,FALSE,FALSE,FALSE,FALSE,FALSE,106200,1,1,FALSE,FALSE,FALSE,FALSE,FALSE,FALSE,FALSE,FALSE,FALSE,81.958762886598,FALSE
982091101532966,2023-06-24,NEDAP,2023-06-24T16:17:00Z,2023-06-24T16:18:07Z,67,99,2622,106000,1908,,66,FALSE,FALSE,FALSE,FALSE,FALSE,106200,1,1,FALSE,FALSE,FALSE,FALSE,FALSE,FALSE,FALSE,FALSE,FALSE,88.6567164179104,FALSE
982091101532966,2023-06-24,NEDAP,2023-06-24T18:13:00Z,2023-06-24T18:26:02Z,782,1097,2622,106500,1908,,66,FALSE,FALSE,FALSE,FALSE,FALSE,106200,1,1,FALSE,FALSE,FALSE,FALSE,FALSE,FALSE,FALSE,FALSE,FALSE,84.1687979539642,FALSE
982091101532966,2023-06-24,NEDAP,2023-06-24T21:54:00Z,2023-06-24T21:55:55Z,115,1,2622,107000,1908,,66,FALSE,FALSE,FALSE,FALSE,FALSE,106200,1,1,FALSE,FALSE,FALSE,FALSE,FALSE,TRUE,FALSE,FALSE,FALSE,0.521739130434783,TRUE
982091101532966,2023-06-25,NEDAP,2023-06-25T13:43:00Z,2023-06-25T13:56:28Z,808,495,3118,103500,1908,,66,FALSE,FALSE,FALSE,FALSE,FALSE,106040.105705406,1,0.472219068454673,FALSE,FALSE,FALSE,FALSE,FALSE,FALSE,FALSE,FALSE,FALSE,36.7574257425743,FALSE
982091101532966,2023-06-25,NEDAP,2023-06-25T16:31:00Z,2023-06-25T16:43:21Z,741,904,3118,104500,1908,,66,FALSE,FALSE,FALSE,FALSE,FALSE,106040.105705406,1,0.630023144385394,FALSE,FALSE,FALSE,FALSE,FALSE,FALSE,FALSE,FALSE,FALSE,73.1983805668016,FALSE
982091101532966,2023-06-25,NEDAP,2023-06-25T20:20:00Z,2023-06-25T20:34:20Z,860,1374,3118,106000,1908,,66,FALSE,FALSE,FALSE,FALSE,FALSE,106040.105705406,1,1,FALSE,FALSE,FALSE,FALSE,FALSE,FALSE,FALSE,FALSE,FALSE,95.8604651162791,FALSE
982091101532966,2023-06-25,NEDAP,2023-06-25T21:34:00Z,2023-06-25T21:38:56Z,296,345,3118,108250,1908,,66,FALSE,FALSE,FALSE,FALSE,FALSE,106040.105705406,1,1,FALSE,FALSE,FALSE,FALSE,FALSE,FALSE,FALSE,FALSE,FALSE,69.9324324324324,FALSE
982091101532966,2023-06-26,NEDAP,2023-06-26T00:50:00Z,2023-06-26T00:57:40Z,460,624,3177,107750,1908,,66,FALSE,FALSE,FALSE,FALSE,FALSE,106552.315563241,0.671329491477588,1,FALSE,FALSE,FALSE,FALSE,FALSE,FALSE,FALSE,FALSE,FALSE,81.3913043478261,FALSE
982091101532966,2023-06-26,NEDAP,2023-06-26T15:11:00Z,2023-06-26T15:18:53Z,473,391,3177,105000,1908,,66,FALSE,FALSE,FALSE,FALSE,FALSE,106552.315563241,0.671329491477588,0.600209931341668,FALSE,FALSE,FALSE,FALSE,FALSE,FALSE,FALSE,FALSE,FALSE,49.5983086680761,FALSE
982091101532966,2023-06-26,NEDAP,2023-06-26T15:49:00Z,2023-06-26T15:51:35Z,155,214,3177,104500,1908,,66,FALSE,FALSE,FALSE,FALSE,FALSE,106552.315563241,0.671329491477588,0.48105397899367,FALSE,FALSE,FALSE,FALSE,FALSE,FALSE,FALSE,FALSE,FALSE,82.8387096774194,FALSE
982091101532966,2023-06-26,NEDAP,2023-06-26T16:18:00Z,2023-06-26T16:23:39Z,339,561,3177,105500,1908,,66,FALSE,FALSE,FALSE,FALSE,FALSE,106552.315563241,0.671329491477588,0.645756114511173,FALSE,FALSE,FALSE,FALSE,FALSE,FALSE,FALSE,FALSE,FALSE,99.2920353982301,FALSE
982091101532966,2023-06-26,NEDAP,2023-06-26T20:18:00Z,2023-06-26T20:28:22Z,622,901,3177,108000,1908,,66,FALSE,FALSE,FALSE,FALSE,FALSE,106552.315563241,0.671329491477588,1,FALSE,FALSE,FALSE,FALSE,FALSE,FALSE,FALSE,FALSE,FALSE,86.9131832797428,FALSE
982091101532966,2023-06-26,NEDAP,2023-06-26T23:55:00Z,2023-06-27T00:00:21Z,321,486,3177,106500,1908,,66,FALSE,FALSE,FALSE,FALSE,FALSE,106552.315563241,0.671329491477588,0.895333544690384,FALSE,FALSE,FALSE,FALSE,FALSE,FALSE,FALSE,FALSE,FALSE,90.8411214953271,FALSE
982091101532966,2023-06-27,NEDAP,2023-06-27T01:14:00Z,2023-06-27T01:20:49Z,409,649,3249,108000,1908,,66,FALSE,FALSE,FALSE,FALSE,FALSE,107024.998763314,0.478082861594334,1,FALSE,FALSE,FALSE,FALSE,FALSE,FALSE,FALSE,FALSE,FALSE,95.2078239608802,FALSE
982091101532966,2023-06-27,NEDAP,2023-06-27T02:11:00Z,2023-06-27T02:11:29Z,29,28,3249,,1908,,66,FALSE,,FALSE,FALSE,,107024.998763314,0.478082861594334,,FALSE,FALSE,FALSE,FALSE,FALSE,FALSE,FALSE,FALSE,FALSE,57.9310344827586,FALSE
982091101532966,2023-06-27,NEDAP,2023-06-27T14:16:00Z,2023-06-27T14:29:25Z,805,1024,3249,104000,1908,,66,FALSE,FALSE,FALSE,FALSE,FALSE,107024.998763314,0.478082861594334,0.335106809531237,FALSE,FALSE,FALSE,FALSE,FALSE,FALSE,FALSE,FALSE,FALSE,76.3229813664596,FALSE
982091101532966,2023-06-27,NEDAP,2023-06-27T17:45:00Z,2023-06-27T17:52:17Z,437,664,3249,105750,1908,,66,FALSE,FALSE,FALSE,FALSE,FALSE,107024.998763314,0.478082861594334,0.50436559414838,FALSE,FALSE,FALSE,FALSE,FALSE,FALSE,FALSE,FALSE,FALSE,91.1670480549199,FALSE
982091101532966,2023-06-27,NEDAP,2023-06-27T20:16:00Z,2023-06-27T20:18:04Z,124,140,3249,105000,1908,,66,FALSE,FALSE,FALSE,FALSE,FALSE,107024.998763314,0.478082861594334,0.391723340545235,FALSE,FALSE,FALSE,FALSE,FALSE,FALSE,FALSE,FALSE,FALSE,67.741935483871,FALSE
982091101532966,2023-06-27,NEDAP,2023-06-27T20:35:00Z,2023-06-27T20:43:41Z,521,744,3249,108500,1908,,66,FALSE,FALSE,FALSE,FALSE,FALSE,107024.998763314,0.478082861594334,1,FALSE,FALSE,FALSE,FALSE,FALSE,FALSE,FALSE,FALSE,FALSE,85.6813819577735,FALSE
982091101532966,2023-06-28,NEDAP,2023-06-28T00:08:00Z,2023-06-28T00:12:19Z,259,314,2490,110000,1908,,66,FALSE,FALSE,FALSE,FALSE,FALSE,107734.88194791,0.407335368509702,1,FALSE,FALSE,FALSE,FALSE,FALSE,FALSE,FALSE,FALSE,FALSE,72.7413127413128,FALSE
982091101532966,2023-06-28,NEDAP,2023-06-28T00:53:00Z,2023-06-28T01:01:00Z,480,743,2490,108000,1908,,66,FALSE,FALSE,FALSE,FALSE,FALSE,107734.88194791,0.407335368509702,1,FALSE,FALSE,FALSE,FALSE,FALSE,FALSE,FALSE,FALSE,FALSE,92.875,FALSE
982091101532966,2023-06-28,NEDAP,2023-06-28T09:01:00Z,2023-06-28T09:01:43Z,43,18,2490,,1908,,66,FALSE,,FALSE,FALSE,,107734.88194791,0.407335368509702,,FALSE,FALSE,FALSE,FALSE,FALSE,FALSE,FALSE,FALSE,FALSE,25.1162790697674,FALSE
982091101532966,2023-06-28,NEDAP,2023-06-28T19:51:00Z,2023-06-28T20:04:00Z,780,413,2490,105500,1908,,66,FALSE,FALSE,FALSE,FALSE,FALSE,107734.88194791,0.407335368509702,0.36597330260872,FALSE,FALSE,FALSE,FALSE,FALSE,FALSE,FALSE,FALSE,FALSE,31.7692307692308,FALSE
982091101532966,2023-06-28,NEDAP,2023-06-28T22:04:00Z,2023-06-28T22:11:08Z,428,448,2490,105000,1908,,66,FALSE,FALSE,FALSE,FALSE,FALSE,107734.88194791,0.407335368509702,0.317900192851299,FALSE,FALSE,FALSE,FALSE,FALSE,FALSE,FALSE,FALSE,FALSE,62.803738317757,FALSE
982091101532966,2023-06-28,NEDAP,2023-06-28T23:22:00Z,2023-06-28T23:31:33Z,573,554,2490,105000,1908,,66,FALSE,FALSE,FALSE,FALSE,FALSE,107734.88194791,0.407335368509702,0.30820689673324,FALSE,FALSE,FALSE,FALSE,FALSE,FALSE,FALSE,FALSE,FALSE,58.0104712041885,FALSE
982091101532966,2023-06-29,NEDAP,2023-06-29T01:08:00Z,2023-06-29T01:16:26Z,506,571,3653,107000,1908,,66,FALSE,FALSE,FALSE,FALSE,FALSE,108170.277157605,0.323171230321134,0.479313247180259,FALSE,FALSE,FALSE,FALSE,FALSE,FALSE,FALSE,FALSE,FALSE,67.7075098814229,FALSE
982091101532966,2023-06-29,NEDAP,2023-06-29T04:27:00Z,2023-06-29T04:34:14Z,434,541,3653,107500,1908,,66,FALSE,FALSE,FALSE,FALSE,FALSE,108170.277157605,0.323171230321134,0.53446832183448,FALSE,FALSE,FALSE,FALSE,FALSE,FALSE,FALSE,FALSE,FALSE,74.7926267281106,FALSE
982091101532966,2023-06-29,NEDAP,2023-06-29T16:12:00Z,2023-06-29T16:13:16Z,76,22,3653,108000,1908,,66,FALSE,FALSE,FALSE,FALSE,FALSE,108170.277157605,0.323171230321134,0.603954031206375,FALSE,FALSE,FALSE,FALSE,FALSE,FALSE,FALSE,FALSE,FALSE,17.3684210526316,FALSE
982091101532966,2023-06-29,NEDAP,2023-06-29T16:39:00Z,2023-06-29T16:51:00Z,720,694,3653,106000,1908,,66,FALSE,FALSE,FALSE,FALSE,FALSE,108170.277157605,0.323171230321134,0.331998723899903,FALSE,FALSE,FALSE,FALSE,FALSE,FALSE,FALSE,FALSE,FALSE,57.8333333333333,FALSE
982091101532966,2023-06-29,NEDAP,2023-06-29T20:38:00Z,2023-06-29T20:38:34Z,34,7,3653,,1908,,66,FALSE,,FALSE,FALSE,,108170.277157605,0.323171230321134,,FALSE,FALSE,FALSE,FALSE,FALSE,FALSE,FALSE,FALSE,FALSE,12.3529411764706,FALSE
982091101532966,2023-06-29,NEDAP,2023-06-29T20:41:00Z,2023-06-29T20:51:49Z,649,503,3653,108000,1908,,66,FALSE,FALSE,FALSE,FALSE,FALSE,108170.277157605,0.323171230321134,0.512005068255443,FALSE,FALSE,FALSE,FALSE,FALSE,FALSE,FALSE,FALSE,FALSE,46.502311248074,FALSE
982091101532966,2023-06-29,NEDAP,2023-06-29T21:05:00Z,2023-06-29T21:05:48Z,48,13,3653,,1908,,66,FALSE,,FALSE,FALSE,,108170.277157605,0.323171230321134,,FALSE,FALSE,FALSE,FALSE,FALSE,FALSE,FALSE,FALSE,FALSE,16.25,FALSE
982091101532966,2023-06-29,NEDAP,2023-06-29T23:25:00Z,2023-06-29T23:41:19Z,979,1302,3653,110000,1908,,66,FALSE,FALSE,FALSE,FALSE,FALSE,108170.277157605,0.323171230321134,1,FALSE,FALSE,FALSE,FALSE,FALSE,FALSE,FALSE,FALSE,FALSE,79.7957099080695,FALSE
982091101532966,2023-06-30,NEDAP,2023-06-30T02:01:00Z,2023-06-30T02:03:45Z,165,79,3044,113500,1908,,66,FALSE,FALSE,FALSE,FALSE,FALSE,112769.618117034,1,0.82878907832197,FALSE,FALSE,FALSE,FALSE,FALSE,FALSE,FALSE,FALSE,FALSE,28.7272727272727,FALSE
982091101532966,2023-06-30,NEDAP,2023-06-30T03:36:00Z,2023-06-30T03:38:55Z,175,157,3044,112500,1908,,66,FALSE,FALSE,FALSE,FALSE,FALSE,112769.618117034,1,1,FALSE,FALSE,FALSE,FALSE,FALSE,FALSE,FALSE,FALSE,FALSE,53.8285714285714,FALSE
982091101532966,2023-06-30,NEDAP,2023-06-30T15:37:00Z,2023-06-30T15:48:59Z,719,778,3044,111500,1908,,66,FALSE,FALSE,FALSE,FALSE,FALSE,112769.618117034,1,1,FALSE,FALSE,FALSE,FALSE,FALSE,FALSE,FALSE,FALSE,FALSE,64.9235048678721,FALSE
982091101532966,2023-06-30,NEDAP,2023-06-30T20:43:00Z,2023-06-30T21:00:42Z,1062,1459,3044,112500,1908,,66,FALSE,FALSE,FALSE,FALSE,FALSE,112769.618117034,1,1,FALSE,FALSE,FALSE,FALSE,FALSE,FALSE,FALSE,FALSE,FALSE,82.4293785310735,FALSE
982091101532966,2023-06-30,NEDAP,2023-06-30T23:56:00Z,2023-07-01T00:03:13Z,433,571,3044,114500,1908,,66,FALSE,FALSE,FALSE,FALSE,FALSE,112769.618117034,1,0.695523823581752,FALSE,FALSE,FALSE,FALSE,FALSE,FALSE,FALSE,FALSE,FALSE,79.1224018475751,FALSE
982091101532966,2023-07-01,NEDAP,2023-07-01T01:54:00Z,2023-07-01T01:56:01Z,121,86,1479,116000,1908,,66,FALSE,FALSE,FALSE,FALSE,FALSE,113682.234114807,1,0.438359071867806,FALSE,FALSE,FALSE,FALSE,FALSE,FALSE,FALSE,FALSE,FALSE,42.6446280991736,FALSE
982091101532966,2023-07-01,NEDAP,2023-07-01T04:32:00Z,2023-07-01T04:42:08Z,608,832,1479,115000,1908,,66,FALSE,FALSE,FALSE,FALSE,FALSE,113682.234114807,1,0.643858318771161,FALSE,FALSE,FALSE,FALSE,FALSE,FALSE,FALSE,FALSE,FALSE,82.1052631578947,FALSE
982091101532966,2023-07-01,NEDAP,2023-07-01T16:05:00Z,2023-07-01T16:12:59Z,479,491,1479,113000,1908,,66,FALSE,FALSE,FALSE,FALSE,FALSE,113682.234114807,1,1,FALSE,FALSE,FALSE,FALSE,FALSE,FALSE,FALSE,FALSE,FALSE,61.5031315240084,FALSE
982091101532966,2023-07-01,NEDAP,2023-07-01T16:26:00Z,2023-07-01T16:27:06Z,66,70,1479,112500,1908,,66,FALSE,FALSE,FALSE,FALSE,FALSE,113682.234114807,1,1,FALSE,FALSE,FALSE,FALSE,FALSE,FALSE,FALSE,FALSE,FALSE,63.6363636363636,FALSE
982091101535034,2023-04-26,NEDAP,2023-04-26T04:08:00Z,2023-04-26T04:38:09Z,1809,602,1850,41000,1908,,66,FALSE,FALSE,FALSE,FALSE,FALSE,42256.0563856366,1,0.652387650080599,FALSE,FALSE,FALSE,TRUE,FALSE,FALSE,FALSE,FALSE,FALSE,19.9668325041459,TRUE
982091101535034,2023-04-26,NEDAP,2023-04-26T05:03:00Z,2023-04-26T05:03:31Z,31,1,1850,,1908,,66,FALSE,,FALSE,FALSE,,42256.0563856366,1,,FALSE,FALSE,FALSE,FALSE,FALSE,TRUE,FALSE,FALSE,FALSE,1.93548387096774,TRUE
982091101535034,2023-04-26,NEDAP,2023-04-26T05:25:00Z,2023-04-26T05:31:44Z,404,131,1850,42000,1908,,66,FALSE,FALSE,FALSE,FALSE,FALSE,42256.0563856366,1,0.855353921550612,FALSE,FALSE,FALSE,FALSE,FALSE,FALSE,FALSE,FALSE,FALSE,19.4554455445545,FALSE
982091101535034,2023-04-26,NEDAP,2023-04-26T08:48:00Z,2023-04-26T09:05:47Z,1067,370,1850,42500,1908,,66,FALSE,FALSE,FALSE,FALSE,FALSE,42256.0563856366,1,1,FALSE,FALSE,FALSE,FALSE,FALSE,FALSE,FALSE,FALSE,FALSE,20.8059981255858,FALSE
982091101535034,2023-04-26,NEDAP,2023-04-26T09:09:00Z,2023-04-26T09:15:32Z,392,153,1850,42500,1908,,66,FALSE,FALSE,FALSE,FALSE,FALSE,42256.0563856366,1,0.9568964623162,FALSE,FALSE,FALSE,FALSE,FALSE,FALSE,FALSE,FALSE,FALSE,23.4183673469388,FALSE
982091101535034,2023-04-26,NEDAP,2023-04-26T13:00:00Z,2023-04-26T13:08:31Z,511,164,1850,43000,1908,,66,FALSE,FALSE,FALSE,FALSE,FALSE,42256.0563856366,1,1,FALSE,FALSE,FALSE,FALSE,FALSE,FALSE,FALSE,FALSE,FALSE,19.2563600782779,FALSE
982091101535034,2023-04-26,NEDAP,2023-04-26T21:33:00Z,2023-04-26T21:54:43Z,1303,429,1850,42000,1908,,66,FALSE,FALSE,FALSE,FALSE,FALSE,42256.0563856366,1,0.714145450716729,FALSE,FALSE,FALSE,FALSE,FALSE,FALSE,FALSE,FALSE,FALSE,19.7544128933231,FALSE
982091101535034,2023-04-27,NEDAP,2023-04-27T03:43:00Z,2023-04-27T04:05:16Z,1336,458,1528,42000,1908,,66,FALSE,FALSE,FALSE,FALSE,FALSE,43104.9309934087,1,0.685829508475109,FALSE,FALSE,FALSE,FALSE,FALSE,FALSE,FALSE,FALSE,FALSE,20.5688622754491,FALSE
982091101535034,2023-04-27,NEDAP,2023-04-27T04:56:00Z,2023-04-27T04:58:24Z,144,9,1528,42500,1908,,66,FALSE,FALSE,FALSE,FALSE,FALSE,43104.9309934087,1,0.78352618362425,FALSE,FALSE,FALSE,FALSE,FALSE,FALSE,FALSE,FALSE,FALSE,3.75,FALSE
982091101535034,2023-04-27,NEDAP,2023-04-27T05:00:00Z,2023-04-27T05:11:01Z,661,277,1528,42500,1908,,66,FALSE,FALSE,FALSE,FALSE,FALSE,43104.9309934087,1,0.74956230046844,FALSE,FALSE,FALSE,FALSE,FALSE,FALSE,FALSE,FALSE,FALSE,25.143721633888,FALSE
982091101535034,2023-04-27,NEDAP,2023-04-27T08:53:00Z,2023-04-27T08:56:07Z,187,3,1528,43500,1908,,66,FALSE,FALSE,FALSE,FALSE,FALSE,43104.9309934087,1,1,FALSE,FALSE,FALSE,FALSE,FALSE,TRUE,FALSE,FALSE,FALSE,0.962566844919786,TRUE
982091101535034,2023-04-27,NEDAP,2023-04-27T10:51:00Z,2023-04-27T11:11:13Z,1213,642,1528,43500,1908,,66,FALSE,FALSE,FALSE,FALSE,FALSE,43104.9309934087,1,1,FALSE,FALSE,FALSE,FALSE,FALSE,FALSE,FALSE,FALSE,FALSE,31.7559769167354,FALSE
982091101535034,2023-04-27,NEDAP,2023-04-27T15:21:00Z,2023-04-27T15:30:17Z,557,139,1528,44000,1908,,66,FALSE,FALSE,FALSE,FALSE,FALSE,43104.9309934087,1,1,FALSE,FALSE,FALSE,FALSE,FALSE,FALSE,FALSE,FALSE,FALSE,14.9730700179533,FALSE
982091101535034,2023-04-28,NEDAP,2023-04-28T01:10:00Z,2023-04-28T01:16:40Z,400,40,1968,76500,1908,,66,FALSE,TRUE,FALSE,FALSE,TRUE,44695.1648750984,1,0.0678922097153882,FALSE,FALSE,FALSE,FALSE,FALSE,FALSE,FALSE,FALSE,FALSE,6,FALSE
982091101535034,2023-04-28,NEDAP,2023-04-28T02:39:00Z,2023-04-28T02:49:22Z,622,155,1968,43000,1908,,66,FALSE,FALSE,FALSE,FALSE,FALSE,44695.1648750984,1,0.722667149780565,FALSE,FALSE,FALSE,FALSE,FALSE,FALSE,FALSE,FALSE,FALSE,14.951768488746,FALSE
982091101535034,2023-04-28,NEDAP,2023-04-28T04:40:00Z,2023-04-28T05:12:47Z,1967,697,1968,43500,1908,,66,FALSE,FALSE,FALSE,FALSE,FALSE,44695.1648750984,1,0.831935870629646,FALSE,FALSE,FALSE,TRUE,FALSE,FALSE,FALSE,FALSE,FALSE,21.2608032536858,TRUE
982091101535034,2023-04-28,NEDAP,2023-04-28T07:57:00Z,2023-04-28T08:06:49Z,589,224,1968,44500,1908,,66,FALSE,FALSE,FALSE,FALSE,FALSE,44695.1648750984,1,1,FALSE,FALSE,FALSE,FALSE,FALSE,FALSE,FALSE,FALSE,FALSE,22.8183361629881,FALSE
982091101535034,2023-04-28,NEDAP,2023-04-28T10:07:00Z,2023-04-28T10:22:00Z,900,371,1968,45000,1908,,66,FALSE,FALSE,FALSE,FALSE,FALSE,44695.1648750984,1,1,FALSE,FALSE,FALSE,FALSE,FALSE,FALSE,FALSE,FALSE,FALSE,24.7333333333333,FALSE
982091101535034,2023-04-28,NEDAP,2023-04-28T12:16:00Z,2023-04-28T12:18:26Z,146,56,1968,45500,1908,,66,FALSE,FALSE,FALSE,FALSE,FALSE,44695.1648750984,1,1,FALSE,FALSE,FALSE,FALSE,FALSE,FALSE,FALSE,FALSE,FALSE,23.013698630137,FALSE
982091101535034,2023-04-28,NEDAP,2023-04-28T14:02:00Z,2023-04-28T14:21:35Z,1175,425,1968,46000,1908,,66,FALSE,FALSE,FALSE,FALSE,FALSE,44695.1648750984,1,1,FALSE,FALSE,FALSE,FALSE,FALSE,FALSE,FALSE,FALSE,FALSE,21.7021276595745,FALSE
982091101535034,2023-04-29,NEDAP,2023-04-29T01:59:00Z,2023-04-29T02:21:14Z,1334,540,2165,44500,1908,,66,FALSE,FALSE,FALSE,FALSE,FALSE,45903.4086590566,1,0.98785578585888,FALSE,FALSE,FALSE,FALSE,FALSE,FALSE,FALSE,FALSE,FALSE,24.287856071964,FALSE
982091101535034,2023-04-29,NEDAP,2023-04-29T03:33:00Z,2023-04-29T03:41:42Z,522,229,2165,45500,1908,,66,FALSE,FALSE,FALSE,FALSE,FALSE,45903.4086590566,1,1,FALSE,FALSE,FALSE,FALSE,FALSE,FALSE,FALSE,FALSE,FALSE,26.3218390804598,FALSE
982091101535034,2023-04-29,NEDAP,2023-04-29T05:36:00Z,2023-04-29T05:47:01Z,661,185,2165,46000,1908,,66,FALSE,FALSE,FALSE,FALSE,FALSE,45903.4086590566,1,1,FALSE,FALSE,FALSE,FALSE,FALSE,FALSE,FALSE,FALSE,FALSE,16.7927382753404,FALSE
982091101535034,2023-04-29,NEDAP,2023-04-29T12:38:00Z,2023-04-29T12:53:44Z,944,439,2165,45500,1908,,66,FALSE,FALSE,FALSE,FALSE,FALSE,45903.4086590566,1,1,FALSE,FALSE,FALSE,FALSE,FALSE,FALSE,FALSE,FALSE,FALSE,27.9025423728814,FALSE
982091101535034,2023-04-29,NEDAP,2023-04-29T15:20:00Z,2023-04-29T15:43:54Z,1434,772,2165,48000,1908,,66,FALSE,FALSE,FALSE,FALSE,FALSE,45903.4086590566,1,1,FALSE,FALSE,FALSE,FALSE,FALSE,FALSE,FALSE,FALSE,FALSE,32.3012552301255,FALSE
982091101535034,2023-04-30,NEDAP,2023-04-30T03:41:00Z,2023-04-30T04:00:45Z,1185,555,2049,46500,1908,,66,FALSE,FALSE,FALSE,FALSE,FALSE,47500,1,1,FALSE,FALSE,FALSE,FALSE,FALSE,FALSE,FALSE,FALSE,FALSE,28.1012658227848,FALSE
982091101535034,2023-04-30,NEDAP,2023-04-30T08:45:00Z,2023-04-30T09:10:42Z,1542,706,2049,46500,1908,,66,FALSE,FALSE,FALSE,FALSE,FALSE,47500,1,1,FALSE,FALSE,FALSE,FALSE,FALSE,FALSE,FALSE,FALSE,FALSE,27.4708171206226,FALSE
982091101535034,2023-04-30,NEDAP,2023-04-30T13:52:00Z,2023-04-30T14:12:44Z,1244,527,2049,47500,1908,,66,FALSE,FALSE,FALSE,FALSE,FALSE,47500,1,1,FALSE,FALSE,FALSE,FALSE,FALSE,FALSE,FALSE,FALSE,FALSE,25.4180064308682,FALSE
982091101535034,2023-04-30,NEDAP,2023-04-30T15:16:00Z,2023-04-30T15:25:11Z,551,244,2049,48000,1908,,66,FALSE,FALSE,FALSE,FALSE,FALSE,47500,1,1,FALSE,FALSE,FALSE,FALSE,FALSE,FALSE,FALSE,FALSE,FALSE,26.5698729582577,FALSE
982091101535034,2023-04-30,NEDAP,2023-04-30T15:28:00Z,2023-04-30T15:29:28Z,88,17,2049,49000,1908,,66,FALSE,FALSE,FALSE,FALSE,FALSE,47500,1,1,FALSE,FALSE,FALSE,FALSE,FALSE,FALSE,FALSE,FALSE,FALSE,11.5909090909091,FALSE
982091101535034,2023-05-01,NEDAP,2023-05-01T02:59:00Z,2023-05-01T03:19:24Z,1224,503,2363,47500,1908,,66,FALSE,FALSE,FALSE,FALSE,FALSE,48214.2857142857,1,1,FALSE,FALSE,FALSE,FALSE,FALSE,FALSE,FALSE,FALSE,FALSE,24.656862745098,FALSE
982091101535034,2023-05-01,NEDAP,2023-05-01T06:46:00Z,2023-05-01T07:10:09Z,1449,525,2363,47000,1908,,66,FALSE,FALSE,FALSE,FALSE,FALSE,48214.2857142857,1,1,FALSE,FALSE,FALSE,FALSE,FALSE,FALSE,FALSE,FALSE,FALSE,21.7391304347826,FALSE
982091101535034,2023-05-01,NEDAP,2023-05-01T09:16:00Z,2023-05-01T09:27:05Z,665,230,2363,48000,1908,,66,FALSE,FALSE,FALSE,FALSE,FALSE,48214.2857142857,1,1,FALSE,FALSE,FALSE,FALSE,FALSE,FALSE,FALSE,FALSE,FALSE,20.7518796992481,FALSE
982091101535034,2023-05-01,NEDAP,2023-05-01T13:35:00Z,2023-05-01T13:55:15Z,1215,594,2363,47500,1908,,66,FALSE,FALSE,FALSE,FALSE,FALSE,48214.2857142857,1,1,FALSE,FALSE,FALSE,FALSE,FALSE,FALSE,FALSE,FALSE,FALSE,29.3333333333333,FALSE
982091101535034,2023-05-01,NEDAP,2023-05-01T15:37:00Z,2023-05-01T15:45:14Z,494,238,2363,48500,1908,,66,FALSE,FALSE,FALSE,FALSE,FALSE,48214.2857142857,1,1,FALSE,FALSE,FALSE,FALSE,FALSE,FALSE,FALSE,FALSE,FALSE,28.9068825910931,FALSE
982091101535034,2023-05-01,NEDAP,2023-05-01T16:19:00Z,2023-05-01T16:25:12Z,372,198,2363,49500,1908,,66,FALSE,FALSE,FALSE,FALSE,FALSE,48214.2857142857,1,1,FALSE,FALSE,FALSE,FALSE,FALSE,FALSE,FALSE,FALSE,FALSE,31.9354838709677,FALSE
982091101535034,2023-05-01,NEDAP,2023-05-01T16:32:00Z,2023-05-01T16:34:53Z,173,75,2363,49500,1908,,66,FALSE,FALSE,FALSE,FALSE,FALSE,48214.2857142857,1,1,FALSE,FALSE,FALSE,FALSE,FALSE,FALSE,FALSE,FALSE,FALSE,26.0115606936416,FALSE
982091101535034,2023-05-02,NEDAP,2023-05-02T04:30:00Z,2023-05-02T04:43:38Z,818,284,2474,49000,1908,,66,FALSE,FALSE,FALSE,FALSE,FALSE,49375,1,1,FALSE,FALSE,FALSE,FALSE,FALSE,FALSE,FALSE,FALSE,FALSE,20.8312958435208,FALSE
982091101535034,2023-05-02,NEDAP,2023-05-02T06:31:00Z,2023-05-02T06:44:53Z,833,290,2474,49000,1908,,66,FALSE,FALSE,FALSE,FALSE,FALSE,49375,1,1,FALSE,FALSE,FALSE,FALSE,FALSE,FALSE,FALSE,FALSE,FALSE,20.8883553421369,FALSE
982091101535034,2023-05-02,NEDAP,2023-05-02T08:30:00Z,2023-05-02T08:48:08Z,1088,509,2474,48500,1908,,66,FALSE,FALSE,FALSE,FALSE,FALSE,49375,1,1,FALSE,FALSE,FALSE,FALSE,FALSE,FALSE,FALSE,FALSE,FALSE,28.0698529411765,FALSE
982091101535034,2023-05-02,NEDAP,2023-05-02T11:39:00Z,2023-05-02T11:47:43Z,523,142,2474,50000,1908,,66,FALSE,FALSE,FALSE,FALSE,FALSE,49375,1,1,FALSE,FALSE,FALSE,FALSE,FALSE,FALSE,FALSE,FALSE,FALSE,16.2906309751434,FALSE
982091101535034,2023-05-02,NEDAP,2023-05-02T12:22:00Z,2023-05-02T12:27:03Z,303,45,2474,49500,1908,,66,FALSE,FALSE,FALSE,FALSE,FALSE,49375,1,1,FALSE,FALSE,FALSE,FALSE,FALSE,FALSE,FALSE,FALSE,FALSE,8.91089108910891,FALSE
982091101535034,2023-05-02,NEDAP,2023-05-02T13:35:00Z,2023-05-02T13:36:21Z,81,33,2474,63750,1908,,66,FALSE,TRUE,FALSE,FALSE,TRUE,49375,1,0.144156060329196,FALSE,FALSE,FALSE,FALSE,FALSE,FALSE,FALSE,FALSE,FALSE,24.4444444444444,FALSE
982091101535034,2023-05-02,NEDAP,2023-05-02T14:30:00Z,2023-05-02T14:43:04Z,784,309,2474,49000,1908,,66,FALSE,FALSE,FALSE,FALSE,FALSE,49375,1,1,FALSE,FALSE,FALSE,FALSE,FALSE,FALSE,FALSE,FALSE,FALSE,23.6479591836735,FALSE
982091101535034,2023-05-02,NEDAP,2023-05-02T17:10:00Z,2023-05-02T17:31:39Z,1299,847,2474,49500,1908,,66,FALSE,FALSE,FALSE,FALSE,FALSE,49375,1,1,FALSE,FALSE,FALSE,FALSE,FALSE,FALSE,FALSE,FALSE,FALSE,39.1224018475751,FALSE
982091101535034,2023-05-02,NEDAP,2023-05-02T21:56:00Z,2023-05-02T21:57:51Z,111,15,2474,50500,1908,,66,FALSE,FALSE,FALSE,FALSE,FALSE,49375,1,1,FALSE,FALSE,FALSE,FALSE,FALSE,FALSE,FALSE,FALSE,FALSE,8.10810810810811,FALSE
982091101535034,2023-05-03,NEDAP,2023-05-03T04:40:00Z,2023-05-03T04:42:02Z,122,18,2057,71000,1908,,66,FALSE,TRUE,FALSE,FALSE,TRUE,50642.8571428572,1,0.0982413670287703,FALSE,FALSE,FALSE,FALSE,FALSE,FALSE,FALSE,FALSE,FALSE,8.85245901639344,FALSE
982091101535034,2023-05-03,NEDAP,2023-05-03T07:45:00Z,2023-05-03T08:00:49Z,949,287,2057,48500,1908,,66,FALSE,FALSE,FALSE,FALSE,FALSE,50642.8571428572,1,1,FALSE,FALSE,FALSE,FALSE,FALSE,FALSE,FALSE,FALSE,FALSE,18.145416227608,FALSE
982091101535034,2023-05-03,NEDAP,2023-05-03T10:19:00Z,2023-05-03T10:43:27Z,1467,872,2057,49000,1908,,66,FALSE,FALSE,FALSE,FALSE,FALSE,50642.8571428572,1,1,FALSE,FALSE,FALSE,FALSE,FALSE,FALSE,FALSE,FALSE,FALSE,35.6646216768916,FALSE
982091101535034,2023-05-03,NEDAP,2023-05-03T12:38:00Z,2023-05-03T12:48:10Z,610,310,2057,51500,1908,,66,FALSE,FALSE,FALSE,FALSE,FALSE,50642.8571428572,1,1,FALSE,FALSE,FALSE,FALSE,FALSE,FALSE,FALSE,FALSE,FALSE,30.4918032786885,FALSE
982091101535034,2023-05-03,NEDAP,2023-05-03T13:20:00Z,2023-05-03T13:22:37Z,157,67,2057,51500,1908,,66,FALSE,FALSE,FALSE,FALSE,FALSE,50642.8571428572,1,1,FALSE,FALSE,FALSE,FALSE,FALSE,FALSE,FALSE,FALSE,FALSE,25.6050955414013,FALSE
982091101535034,2023-05-03,NEDAP,2023-05-03T16:26:00Z,2023-05-03T16:33:28Z,448,177,2057,51000,1908,,66,FALSE,FALSE,FALSE,FALSE,FALSE,50642.8571428572,1,1,FALSE,FALSE,FALSE,FALSE,FALSE,FALSE,FALSE,FALSE,FALSE,23.7053571428571,FALSE
982091101535034,2023-05-03,NEDAP,2023-05-03T17:04:00Z,2023-05-03T17:12:42Z,522,190,2057,51500,1908,,66,FALSE,FALSE,FALSE,FALSE,FALSE,50642.8571428572,1,1,FALSE,FALSE,FALSE,FALSE,FALSE,FALSE,FALSE,FALSE,FALSE,21.8390804597701,FALSE
982091101535034,2023-05-03,NEDAP,2023-05-03T18:11:00Z,2023-05-03T18:16:39Z,339,136,2057,51500,1908,,66,FALSE,FALSE,FALSE,FALSE,FALSE,50642.8571428572,1,1,FALSE,FALSE,FALSE,FALSE,FALSE,FALSE,FALSE,FALSE,FALSE,24.070796460177,FALSE
982091101535034,2023-05-04,NEDAP,2023-05-04T04:49:00Z,2023-05-04T05:06:30Z,1050,466,2241,50000,1908,,66,FALSE,FALSE,FALSE,FALSE,FALSE,51000,1,1,FALSE,FALSE,FALSE,FALSE,FALSE,FALSE,FALSE,FALSE,FALSE,26.6285714285714,FALSE
982091101535034,2023-05-04,NEDAP,2023-05-04T07:36:00Z,2023-05-04T07:38:19Z,139,48,2241,51000,1908,,66,FALSE,FALSE,FALSE,FALSE,FALSE,51000,1,1,FALSE,FALSE,FALSE,FALSE,FALSE,FALSE,FALSE,FALSE,FALSE,20.7194244604317,FALSE
982091101535034,2023-05-04,NEDAP,2023-05-04T08:26:00Z,2023-05-04T08:29:47Z,227,73,2241,51500,1908,,66,FALSE,FALSE,FALSE,FALSE,FALSE,51000,1,1,FALSE,FALSE,FALSE,FALSE,FALSE,FALSE,FALSE,FALSE,FALSE,19.295154185022,FALSE
982091101535034,2023-05-04,NEDAP,2023-05-04T09:14:00Z,2023-05-04T09:19:17Z,317,188,2241,51000,1908,,66,FALSE,FALSE,FALSE,FALSE,FALSE,51000,1,1,FALSE,FALSE,FALSE,FALSE,FALSE,FALSE,FALSE,FALSE,FALSE,35.583596214511,FALSE
982091101535034,2023-05-04,NEDAP,2023-05-04T12:42:00Z,2023-05-04T13:00:44Z,1124,396,2241,50500,1908,,66,FALSE,FALSE,FALSE,FALSE,FALSE,51000,1,1,FALSE,FALSE,FALSE,FALSE,FALSE,FALSE,FALSE,FALSE,FALSE,21.1387900355872,FALSE
982091101535034,2023-05-04,NEDAP,2023-05-04T14:23:00Z,2023-05-04T14:24:06Z,66,17,2241,51000,1908,,66,FALSE,FALSE,FALSE,FALSE,FALSE,51000,1,1,FALSE,FALSE,FALSE,FALSE,FALSE,FALSE,FALSE,FALSE,FALSE,15.4545454545455,FALSE
982091101535034,2023-05-04,NEDAP,2023-05-04T18:58:00Z,2023-05-04T19:14:33Z,993,471,2241,50500,1908,,66,FALSE,FALSE,FALSE,FALSE,FALSE,51000,1,1,FALSE,FALSE,FALSE,FALSE,FALSE,FALSE,FALSE,FALSE,FALSE,28.4592145015106,FALSE
982091101535034,2023-05-04,NEDAP,2023-05-04T21:26:00Z,2023-05-04T21:41:52Z,952,425,2241,52000,1908,,66,FALSE,FALSE,FALSE,FALSE,FALSE,51000,1,1,FALSE,FALSE,FALSE,FALSE,FALSE,FALSE,FALSE,FALSE,FALSE,26.7857142857143,FALSE
982091101535034,2023-05-04,NEDAP,2023-05-04T23:58:00Z,2023-05-05T00:03:39Z,339,157,2241,51500,1908,,66,FALSE,FALSE,FALSE,FALSE,FALSE,51000,1,1,FALSE,FALSE,FALSE,FALSE,FALSE,FALSE,FALSE,FALSE,FALSE,27.787610619469,FALSE
982091101535034,2023-05-05,NEDAP,2023-05-05T08:42:00Z,2023-05-05T09:06:15Z,1455,555,2148,50500,1908,,66,FALSE,FALSE,FALSE,FALSE,FALSE,51642.8571428572,1,1,FALSE,FALSE,FALSE,FALSE,FALSE,FALSE,FALSE,FALSE,FALSE,22.8865979381443,FALSE
982091101535034,2023-05-05,NEDAP,2023-05-05T11:33:00Z,2023-05-05T11:44:30Z,690,272,2148,51000,1908,,66,FALSE,FALSE,FALSE,FALSE,FALSE,51642.8571428572,1,1,FALSE,FALSE,FALSE,FALSE,FALSE,FALSE,FALSE,FALSE,FALSE,23.6521739130435,FALSE
982091101535034,2023-05-05,NEDAP,2023-05-05T12:05:00Z,2023-05-05T12:13:09Z,489,236,2148,52000,1908,,66,FALSE,FALSE,FALSE,FALSE,FALSE,51642.8571428572,1,1,FALSE,FALSE,FALSE,FALSE,FALSE,FALSE,FALSE,FALSE,FALSE,28.9570552147239,FALSE
982091101535034,2023-05-05,NEDAP,2023-05-05T17:02:00Z,2023-05-05T17:16:40Z,880,398,2148,51000,1908,,66,FALSE,FALSE,FALSE,FALSE,FALSE,51642.8571428572,1,1,FALSE,FALSE,FALSE,FALSE,FALSE,FALSE,FALSE,FALSE,FALSE,27.1363636363636,FALSE
982091101535034,2023-05-05,NEDAP,2023-05-05T19:29:00Z,2023-05-05T19:38:39Z,579,196,2148,52000,1908,,66,FALSE,FALSE,FALSE,FALSE,FALSE,51642.8571428572,1,1,FALSE,FALSE,FALSE,FALSE,FALSE,FALSE,FALSE,FALSE,FALSE,20.3108808290155,FALSE
982091101535034,2023-05-05,NEDAP,2023-05-05T19:44:00Z,2023-05-05T19:52:47Z,527,262,2148,52000,1908,,66,FALSE,FALSE,FALSE,FALSE,FALSE,51642.8571428572,1,1,FALSE,FALSE,FALSE,FALSE,FALSE,FALSE,FALSE,FALSE,FALSE,29.8292220113852,FALSE
982091101535034,2023-05-05,NEDAP,2023-05-05T21:38:00Z,2023-05-05T21:46:54Z,534,229,2148,53000,1908,,66,FALSE,FALSE,FALSE,FALSE,FALSE,51642.8571428572,1,1,FALSE,FALSE,FALSE,FALSE,FALSE,FALSE,FALSE,FALSE,FALSE,25.7303370786517,FALSE
982091101535034,2023-05-06,NEDAP,2023-05-06T08:02:00Z,2023-05-06T08:19:27Z,1047,438,2420,52000,1908,,66,FALSE,FALSE,FALSE,FALSE,FALSE,53392.8571428571,1,1,FALSE,FALSE,FALSE,FALSE,FALSE,FALSE,FALSE,FALSE,FALSE,25.1002865329513,FALSE
982091101535034,2023-05-06,NEDAP,2023-05-06T10:50:00Z,2023-05-06T11:12:34Z,1354,682,2420,52500,1908,,66,FALSE,FALSE,FALSE,FALSE,FALSE,53392.8571428571,1,1,FALSE,FALSE,FALSE,FALSE,FALSE,FALSE,FALSE,FALSE,FALSE,30.2215657311669,FALSE
982091101535034,2023-05-06,NEDAP,2023-05-06T15:32:00Z,2023-05-06T15:47:43Z,943,367,2420,53000,1908,,66,FALSE,FALSE,FALSE,FALSE,FALSE,53392.8571428571,1,1,FALSE,FALSE,FALSE,FALSE,FALSE,FALSE,FALSE,FALSE,FALSE,23.3510074231177,FALSE
982091101535034,2023-05-06,NEDAP,2023-05-06T19:05:00Z,2023-05-06T19:09:35Z,275,114,2420,53500,1908,,66,FALSE,FALSE,FALSE,FALSE,FALSE,53392.8571428571,1,1,FALSE,FALSE,FALSE,FALSE,FALSE,FALSE,FALSE,FALSE,FALSE,24.8727272727273,FALSE
982091101535034,2023-05-06,NEDAP,2023-05-06T20:13:00Z,2023-05-06T20:15:09Z,129,29,2420,53750,1908,,66,FALSE,FALSE,FALSE,FALSE,FALSE,53392.8571428571,1,1,FALSE,FALSE,FALSE,FALSE,FALSE,FALSE,FALSE,FALSE,FALSE,13.4883720930233,FALSE
982091101535034,2023-05-06,NEDAP,2023-05-06T20:58:00Z,2023-05-06T21:18:34Z,1234,535,2420,54000,1908,,66,FALSE,FALSE,FALSE,FALSE,FALSE,53392.8571428571,1,1,FALSE,FALSE,FALSE,FALSE,FALSE,FALSE,FALSE,FALSE,FALSE,26.0129659643436,FALSE
982091101535034,2023-05-06,NEDAP,2023-05-06T23:00:00Z,2023-05-06T23:09:18Z,558,255,2420,55000,1908,,66,FALSE,FALSE,FALSE,FALSE,FALSE,53392.8571428571,1,1,FALSE,FALSE,FALSE,FALSE,FALSE,FALSE,FALSE,FALSE,FALSE,27.4193548387097,FALSE
982091101535034,2023-05-07,NEDAP,2023-05-07T11:02:00Z,2023-05-07T11:31:27Z,1767,779,2211,53000,1908,,66,FALSE,FALSE,FALSE,FALSE,FALSE,54809.5941990864,1,1,FALSE,FALSE,FALSE,FALSE,FALSE,FALSE,FALSE,FALSE,FALSE,26.4516129032258,FALSE
982091101535034,2023-05-07,NEDAP,2023-05-07T14:45:00Z,2023-05-07T14:59:58Z,898,329,2211,54000,1908,,66,FALSE,FALSE,FALSE,FALSE,FALSE,54809.5941990864,1,1,FALSE,FALSE,FALSE,FALSE,FALSE,FALSE,FALSE,FALSE,FALSE,21.9821826280624,FALSE
982091101535034,2023-05-07,NEDAP,2023-05-07T20:23:00Z,2023-05-07T20:34:06Z,666,256,2211,54500,1908,,66,FALSE,FALSE,FALSE,FALSE,FALSE,54809.5941990864,1,1,FALSE,FALSE,FALSE,FALSE,FALSE,FALSE,FALSE,FALSE,FALSE,23.0630630630631,FALSE
982091101535034,2023-05-07,NEDAP,2023-05-07T20:43:00Z,2023-05-07T20:54:57Z,717,442,2211,54500,1908,,66,FALSE,FALSE,FALSE,FALSE,FALSE,54809.5941990864,1,1,FALSE,FALSE,FALSE,FALSE,FALSE,FALSE,FALSE,FALSE,FALSE,36.9874476987448,FALSE
982091101535034,2023-05-07,NEDAP,2023-05-07T21:35:00Z,2023-05-07T21:38:10Z,190,89,2211,55000,1908,,66,FALSE,FALSE,FALSE,FALSE,FALSE,54809.5941990864,1,1,FALSE,FALSE,FALSE,FALSE,FALSE,FALSE,FALSE,FALSE,FALSE,28.1052631578947,FALSE
982091101535034,2023-05-07,NEDAP,2023-05-07T23:01:00Z,2023-05-07T23:09:51Z,531,254,2211,55000,1908,,66,FALSE,FALSE,FALSE,FALSE,FALSE,54809.5941990864,1,1,FALSE,FALSE,FALSE,FALSE,FALSE,FALSE,FALSE,FALSE,FALSE,28.7005649717514,FALSE
982091101535034,2023-05-07,NEDAP,2023-05-07T23:12:00Z,2023-05-07T23:14:07Z,127,18,2211,56000,1908,,66,FALSE,FALSE,FALSE,FALSE,FALSE,54809.5941990864,1,1,FALSE,FALSE,FALSE,FALSE,FALSE,FALSE,FALSE,FALSE,FALSE,8.50393700787402,FALSE
982091101535034,2023-05-07,NEDAP,2023-05-07T23:54:00Z,2023-05-07T23:55:26Z,86,44,2211,56500,1908,,66,FALSE,FALSE,FALSE,FALSE,FALSE,54809.5941990864,1,0.986248031510462,FALSE,FALSE,FALSE,FALSE,FALSE,FALSE,FALSE,FALSE,FALSE,30.6976744186047,FALSE
982091101535034,2023-05-08,NEDAP,2023-05-08T09:00:00Z,2023-05-08T09:18:39Z,1119,488,2238,54000,1908,,66,FALSE,FALSE,FALSE,FALSE,FALSE,54900,1,1,FALSE,FALSE,FALSE,FALSE,FALSE,FALSE,FALSE,FALSE,FALSE,26.1662198391421,FALSE
982091101535034,2023-05-08,NEDAP,2023-05-08T11:24:00Z,2023-05-08T11:32:47Z,527,262,2238,55500,1908,,66,FALSE,FALSE,FALSE,FALSE,FALSE,54900,1,1,FALSE,FALSE,FALSE,FALSE,FALSE,FALSE,FALSE,FALSE,FALSE,29.8292220113852,FALSE
982091101535034,2023-05-08,NEDAP,2023-05-08T14:07:00Z,2023-05-08T14:13:59Z,419,156,2238,55000,1908,,66,FALSE,FALSE,FALSE,FALSE,FALSE,54900,1,1,FALSE,FALSE,FALSE,FALSE,FALSE,FALSE,FALSE,FALSE,FALSE,22.3389021479714,FALSE
982091101535034,2023-05-08,NEDAP,2023-05-08T16:47:00Z,2023-05-08T17:02:39Z,939,391,2238,55000,1908,,66,FALSE,FALSE,FALSE,FALSE,FALSE,54900,1,1,FALSE,FALSE,FALSE,FALSE,FALSE,FALSE,FALSE,FALSE,FALSE,24.9840255591054,FALSE
982091101535034,2023-05-08,NEDAP,2023-05-08T21:37:00Z,2023-05-08T22:18:49Z,2509,941,2238,55000,1908,,66,FALSE,FALSE,FALSE,FALSE,FALSE,54900,1,1,FALSE,FALSE,FALSE,TRUE,FALSE,FALSE,FALSE,FALSE,FALSE,22.5029892387405,TRUE
982091101535034,2023-05-09,NEDAP,2023-05-09T00:30:00Z,2023-05-09T00:31:37Z,97,34,2251,56500,1908,,66,FALSE,FALSE,FALSE,FALSE,FALSE,56333.3333333333,1,1,FALSE,FALSE,FALSE,FALSE,FALSE,FALSE,FALSE,FALSE,FALSE,21.0309278350515,FALSE
982091101535034,2023-05-09,NEDAP,2023-05-09T00:47:00Z,2023-05-09T00:49:23Z,143,44,2251,56500,1908,,66,FALSE,FALSE,FALSE,FALSE,FALSE,56333.3333333333,1,1,FALSE,FALSE,FALSE,FALSE,FALSE,FALSE,FALSE,FALSE,FALSE,18.4615384615385,FALSE
982091101535034,2023-05-09,NEDAP,2023-05-09T01:35:00Z,2023-05-09T01:43:32Z,512,241,2251,56500,1908,,66,FALSE,FALSE,FALSE,FALSE,FALSE,56333.3333333333,1,1,FALSE,FALSE,FALSE,FALSE,FALSE,FALSE,FALSE,FALSE,FALSE,28.2421875,FALSE
982091101535034,2023-05-09,NEDAP,2023-05-09T12:50:00Z,2023-05-09T13:14:51Z,1491,606,2251,55000,1908,,66,FALSE,FALSE,FALSE,FALSE,FALSE,56333.3333333333,1,1,FALSE,FALSE,FALSE,FALSE,FALSE,FALSE,FALSE,FALSE,FALSE,24.3863179074447,FALSE
982091101535034,2023-05-09,NEDAP,2023-05-09T14:39:00Z,2023-05-09T14:49:35Z,635,288,2251,56000,1908,,66,FALSE,FALSE,FALSE,FALSE,FALSE,56333.3333333333,1,1,FALSE,FALSE,FALSE,FALSE,FALSE,FALSE,FALSE,FALSE,FALSE,27.2125984251969,FALSE
982091101535034,2023-05-09,NEDAP,2023-05-09T17:41:00Z,2023-05-09T17:55:05Z,845,366,2251,56000,1908,,66,FALSE,FALSE,FALSE,FALSE,FALSE,56333.3333333333,1,1,FALSE,FALSE,FALSE,FALSE,FALSE,FALSE,FALSE,FALSE,FALSE,25.9881656804734,FALSE
982091101535034,2023-05-09,NEDAP,2023-05-09T18:54:00Z,2023-05-09T18:59:14Z,314,129,2251,56500,1908,,66,FALSE,FALSE,FALSE,FALSE,FALSE,56333.3333333333,1,1,FALSE,FALSE,FALSE,FALSE,FALSE,FALSE,FALSE,FALSE,FALSE,24.6496815286624,FALSE
982091101535034,2023-05-09,NEDAP,2023-05-09T22:05:00Z,2023-05-09T22:15:09Z,609,286,2251,56500,1908,,66,FALSE,FALSE,FALSE,FALSE,FALSE,56333.3333333333,1,1,FALSE,FALSE,FALSE,FALSE,FALSE,FALSE,FALSE,FALSE,FALSE,28.1773399014778,FALSE
982091101535034,2023-05-09,NEDAP,2023-05-09T23:48:00Z,2023-05-09T23:57:43Z,583,257,2251,57500,1908,,66,FALSE,FALSE,FALSE,FALSE,FALSE,56333.3333333333,1,1,FALSE,FALSE,FALSE,FALSE,FALSE,FALSE,FALSE,FALSE,FALSE,26.4493996569468,FALSE
982091101535034,2023-05-10,NEDAP,2023-05-10T01:57:00Z,2023-05-10T02:11:27Z,867,415,2289,57500,1908,,66,FALSE,FALSE,FALSE,FALSE,FALSE,57350,1,1,FALSE,FALSE,FALSE,FALSE,FALSE,FALSE,FALSE,FALSE,FALSE,28.719723183391,FALSE
982091101535034,2023-05-10,NEDAP,2023-05-10T02:37:00Z,2023-05-10T02:44:11Z,431,153,2289,58000,1908,,66,FALSE,FALSE,FALSE,FALSE,FALSE,57350,1,1,FALSE,FALSE,FALSE,FALSE,FALSE,FALSE,FALSE,FALSE,FALSE,21.2993039443155,FALSE
982091101535034,2023-05-10,NEDAP,2023-05-10T13:08:00Z,2023-05-10T13:26:48Z,1128,371,2289,56000,1908,,66,FALSE,FALSE,FALSE,FALSE,FALSE,57350,1,1,FALSE,FALSE,FALSE,FALSE,FALSE,FALSE,FALSE,FALSE,FALSE,19.7340425531915,FALSE
982091101535034,2023-05-10,NEDAP,2023-05-10T15:40:00Z,2023-05-10T15:44:07Z,247,23,2289,57500,1908,,66,FALSE,FALSE,FALSE,FALSE,FALSE,57350,1,1,FALSE,FALSE,FALSE,FALSE,FALSE,FALSE,FALSE,FALSE,FALSE,5.58704453441296,FALSE
982091101535034,2023-05-10,NEDAP,2023-05-10T16:19:00Z,2023-05-10T16:23:38Z,278,62,2289,56500,1908,,66,FALSE,FALSE,FALSE,FALSE,FALSE,57350,1,1,FALSE,FALSE,FALSE,FALSE,FALSE,FALSE,FALSE,FALSE,FALSE,13.3812949640288,FALSE
982091101535034,2023-05-10,NEDAP,2023-05-10T16:35:00Z,2023-05-10T16:35:59Z,59,24,2289,,1908,,66,FALSE,,FALSE,FALSE,,57350,1,,FALSE,FALSE,FALSE,FALSE,FALSE,FALSE,FALSE,FALSE,FALSE,24.406779661017,FALSE
982091101535034,2023-05-10,NEDAP,2023-05-10T16:40:00Z,2023-05-10T16:44:27Z,267,77,2289,56500,1908,,66,FALSE,FALSE,FALSE,FALSE,FALSE,57350,1,1,FALSE,FALSE,FALSE,FALSE,FALSE,FALSE,FALSE,FALSE,FALSE,17.3033707865169,FALSE
982091101535034,2023-05-10,NEDAP,2023-05-10T17:03:00Z,2023-05-10T17:15:35Z,755,421,2289,56500,1908,,66,FALSE,FALSE,FALSE,FALSE,FALSE,57350,1,1,FALSE,FALSE,FALSE,FALSE,FALSE,FALSE,FALSE,FALSE,FALSE,33.4569536423841,FALSE
982091101535034,2023-05-10,NEDAP,2023-05-10T20:47:00Z,2023-05-10T21:05:01Z,1081,505,2289,57500,1908,,66,FALSE,FALSE,FALSE,FALSE,FALSE,57350,1,1,FALSE,FALSE,FALSE,FALSE,FALSE,FALSE,FALSE,FALSE,FALSE,28.0296022201665,FALSE
982091101535034,2023-05-10,NEDAP,2023-05-10T22:12:00Z,2023-05-10T22:13:07Z,67,38,2289,58500,1908,,66,FALSE,FALSE,FALSE,FALSE,FALSE,57350,1,1,FALSE,FALSE,FALSE,FALSE,FALSE,FALSE,FALSE,FALSE,FALSE,34.0298507462687,FALSE
982091101535034,2023-05-10,NEDAP,2023-05-10T22:15:00Z,2023-05-10T22:20:48Z,348,200,2289,59000,1908,,66,FALSE,FALSE,FALSE,FALSE,FALSE,57350,1,1,FALSE,FALSE,FALSE,FALSE,FALSE,FALSE,FALSE,FALSE,FALSE,34.4827586206897,FALSE
982091101535034,2023-05-11,NEDAP,2023-05-11T01:29:00Z,2023-05-11T01:38:06Z,546,256,2393,59000,1908,,66,FALSE,FALSE,FALSE,FALSE,FALSE,58583.3333333333,1,1,FALSE,FALSE,FALSE,FALSE,FALSE,FALSE,FALSE,FALSE,FALSE,28.1318681318681,FALSE
982091101535034,2023-05-11,NEDAP,2023-05-11T03:26:00Z,2023-05-11T03:32:11Z,371,170,2393,59000,1908,,66,FALSE,FALSE,FALSE,FALSE,FALSE,58583.3333333333,1,1,FALSE,FALSE,FALSE,FALSE,FALSE,FALSE,FALSE,FALSE,FALSE,27.4932614555256,FALSE
982091101535034,2023-05-11,NEDAP,2023-05-11T04:28:00Z,2023-05-11T04:37:46Z,586,322,2393,58500,1908,,66,FALSE,FALSE,FALSE,FALSE,FALSE,58583.3333333333,1,1,FALSE,FALSE,FALSE,FALSE,FALSE,FALSE,FALSE,FALSE,FALSE,32.9692832764505,FALSE
982091101535034,2023-05-11,NEDAP,2023-05-11T14:38:00Z,2023-05-11T15:02:25Z,1465,598,2393,57500,1908,,66,FALSE,FALSE,FALSE,FALSE,FALSE,58583.3333333333,1,1,FALSE,FALSE,FALSE,FALSE,FALSE,FALSE,FALSE,FALSE,FALSE,24.4914675767918,FALSE
982091101535034,2023-05-11,NEDAP,2023-05-11T20:25:00Z,2023-05-11T20:54:51Z,1791,770,2393,58000,1908,,66,FALSE,FALSE,FALSE,FALSE,FALSE,58583.3333333333,1,1,FALSE,FALSE,FALSE,FALSE,FALSE,FALSE,FALSE,FALSE,FALSE,25.7956448911223,FALSE
982091101535034,2023-05-11,NEDAP,2023-05-11T23:36:00Z,2023-05-11T23:47:54Z,714,277,2393,59500,1908,,66,FALSE,FALSE,FALSE,FALSE,FALSE,58583.3333333333,1,1,FALSE,FALSE,FALSE,FALSE,FALSE,FALSE,FALSE,FALSE,FALSE,23.2773109243698,FALSE
982091101535034,2023-05-12,NEDAP,2023-05-12T00:03:00Z,2023-05-12T00:11:00Z,480,246,2157,59500,1908,,66,FALSE,FALSE,FALSE,FALSE,FALSE,59036.5042199072,1,1,FALSE,FALSE,FALSE,FALSE,FALSE,FALSE,FALSE,FALSE,FALSE,30.75,FALSE
982091101535034,2023-05-12,NEDAP,2023-05-12T03:30:00Z,2023-05-12T03:44:35Z,875,433,2157,61000,1908,,66,FALSE,FALSE,FALSE,FALSE,FALSE,59036.5042199072,1,0.808834296972925,FALSE,FALSE,FALSE,FALSE,FALSE,FALSE,FALSE,FALSE,FALSE,29.6914285714286,FALSE
982091101535034,2023-05-12,NEDAP,2023-05-12T04:28:00Z,2023-05-12T04:29:35Z,95,28,2157,61000,1908,,66,FALSE,FALSE,FALSE,FALSE,FALSE,59036.5042199072,1,0.849192968660694,FALSE,FALSE,FALSE,FALSE,FALSE,FALSE,FALSE,FALSE,FALSE,17.6842105263158,FALSE
982091101535034,2023-05-12,NEDAP,2023-05-12T05:16:00Z,2023-05-12T05:18:15Z,135,59,2157,60500,1908,,66,FALSE,FALSE,FALSE,FALSE,FALSE,59036.5042199072,1,1,FALSE,FALSE,FALSE,FALSE,FALSE,FALSE,FALSE,FALSE,FALSE,26.2222222222222,FALSE
982091101535034,2023-05-12,NEDAP,2023-05-12T05:22:00Z,2023-05-12T05:22:55Z,55,20,2157,,1908,,66,FALSE,,FALSE,FALSE,,59036.5042199072,1,,FALSE,FALSE,FALSE,FALSE,FALSE,FALSE,FALSE,FALSE,FALSE,21.8181818181818,FALSE
982091101535034,2023-05-12,NEDAP,2023-05-12T18:14:00Z,2023-05-12T18:27:49Z,829,102,2157,57500,1908,,66,FALSE,FALSE,FALSE,FALSE,FALSE,59036.5042199072,1,1,FALSE,FALSE,FALSE,FALSE,FALSE,FALSE,FALSE,FALSE,FALSE,7.38238841978287,FALSE
982091101535034,2023-05-12,NEDAP,2023-05-12T18:33:00Z,2023-05-12T18:41:20Z,500,51,2157,57000,1908,,66,FALSE,FALSE,FALSE,FALSE,FALSE,59036.5042199072,1,1,FALSE,FALSE,FALSE,FALSE,FALSE,FALSE,FALSE,FALSE,FALSE,6.12,FALSE
982091101535034,2023-05-12,NEDAP,2023-05-12T18:43:00Z,2023-05-12T19:00:22Z,1042,340,2157,57500,1908,,66,FALSE,FALSE,FALSE,FALSE,FALSE,59036.5042199072,1,1,FALSE,FALSE,FALSE,FALSE,FALSE,FALSE,FALSE,FALSE,FALSE,19.5777351247601,FALSE
982091101535034,2023-05-12,NEDAP,2023-05-12T22:48:00Z,2023-05-12T23:13:08Z,1508,695,2157,59500,1908,,66,FALSE,FALSE,FALSE,FALSE,FALSE,59036.5042199072,1,1,FALSE,FALSE,FALSE,FALSE,FALSE,FALSE,FALSE,FALSE,FALSE,27.6525198938992,FALSE
982091101535034,2023-05-12,NEDAP,2023-05-12T23:39:00Z,2023-05-12T23:47:53Z,533,183,2157,58500,1908,,66,FALSE,FALSE,FALSE,FALSE,FALSE,59036.5042199072,1,1,FALSE,FALSE,FALSE,FALSE,FALSE,FALSE,FALSE,FALSE,FALSE,20.6003752345216,FALSE
982091101535034,2023-05-13,NEDAP,2023-05-13T02:38:00Z,2023-05-13T02:38:39Z,39,5,1773,,1908,,66,FALSE,,FALSE,FALSE,,60026.0799326269,1,,FALSE,FALSE,FALSE,FALSE,FALSE,FALSE,FALSE,FALSE,FALSE,7.69230769230769,FALSE
982091101535034,2023-05-13,NEDAP,2023-05-13T03:02:00Z,2023-05-13T03:14:12Z,732,301,1773,60000,1908,,66,FALSE,FALSE,FALSE,FALSE,FALSE,60026.0799326269,1,1,FALSE,FALSE,FALSE,FALSE,FALSE,FALSE,FALSE,FALSE,FALSE,24.672131147541,FALSE
982091101535034,2023-05-13,NEDAP,2023-05-13T04:04:00Z,2023-05-13T04:09:00Z,300,105,1773,60500,1908,,66,FALSE,FALSE,FALSE,FALSE,FALSE,60026.0799326269,1,1,FALSE,FALSE,FALSE,FALSE,FALSE,FALSE,FALSE,FALSE,FALSE,21,FALSE
982091101535034,2023-05-13,NEDAP,2023-05-13T04:28:00Z,2023-05-13T04:31:24Z,204,60,1773,60500,1908,,66,FALSE,FALSE,FALSE,FALSE,FALSE,60026.0799326269,1,1,FALSE,FALSE,FALSE,FALSE,FALSE,FALSE,FALSE,FALSE,FALSE,17.6470588235294,FALSE
982091101535034,2023-05-13,NEDAP,2023-05-13T04:46:00Z,2023-05-13T04:53:29Z,449,251,1773,60500,1908,,66,FALSE,FALSE,FALSE,FALSE,FALSE,60026.0799326269,1,1,FALSE,FALSE,FALSE,FALSE,FALSE,FALSE,FALSE,FALSE,FALSE,33.5412026726058,FALSE
982091101535034,2023-05-13,NEDAP,2023-05-13T05:11:00Z,2023-05-13T05:13:05Z,125,55,1773,60500,1908,,66,FALSE,FALSE,FALSE,FALSE,FALSE,60026.0799326269,1,1,FALSE,FALSE,FALSE,FALSE,FALSE,FALSE,FALSE,FALSE,FALSE,26.4,FALSE
982091101535034,2023-05-13,NEDAP,2023-05-13T22:20:00Z,2023-05-13T22:53:08Z,1988,996,1773,58000,1908,,66,FALSE,FALSE,FALSE,FALSE,FALSE,60026.0799326269,1,0.922767313746336,FALSE,FALSE,FALSE,TRUE,FALSE,FALSE,FALSE,FALSE,FALSE,30.0603621730382,TRUE
982091101535034,2023-05-14,NEDAP,2023-05-14T01:32:00Z,2023-05-14T01:37:12Z,312,89,2498,60000,1908,,66,FALSE,FALSE,FALSE,FALSE,FALSE,60388.8888888889,0.770640140570657,1,FALSE,FALSE,FALSE,FALSE,FALSE,FALSE,FALSE,FALSE,FALSE,17.1153846153846,FALSE
982091101535034,2023-05-14,NEDAP,2023-05-14T02:20:00Z,2023-05-14T02:32:14Z,734,221,2498,59500,1908,,66,FALSE,FALSE,FALSE,FALSE,FALSE,60388.8888888889,0.770640140570657,1,FALSE,FALSE,FALSE,FALSE,FALSE,FALSE,FALSE,FALSE,FALSE,18.0653950953679,FALSE
982091101535034,2023-05-14,NEDAP,2023-05-14T03:59:00Z,2023-05-14T04:09:37Z,637,315,2498,60000,1908,,66,FALSE,FALSE,FALSE,FALSE,FALSE,60388.8888888889,0.770640140570657,1,FALSE,FALSE,FALSE,FALSE,FALSE,FALSE,FALSE,FALSE,FALSE,29.6703296703297,FALSE
982091101535034,2023-05-14,NEDAP,2023-05-14T05:18:00Z,2023-05-14T05:36:28Z,1108,337,2498,60500,1908,,66,FALSE,FALSE,FALSE,FALSE,FALSE,60388.8888888889,0.770640140570657,1,FALSE,FALSE,FALSE,FALSE,FALSE,FALSE,FALSE,FALSE,FALSE,18.2490974729242,FALSE
982091101535034,2023-05-14,NEDAP,2023-05-14T08:16:00Z,2023-05-14T08:30:21Z,861,398,2498,61500,1908,,66,FALSE,FALSE,FALSE,FALSE,FALSE,60388.8888888889,0.770640140570657,1,FALSE,FALSE,FALSE,FALSE,FALSE,FALSE,FALSE,FALSE,FALSE,27.7351916376307,FALSE
982091101535034,2023-05-14,NEDAP,2023-05-14T15:34:00Z,2023-05-14T15:51:45Z,1065,474,2498,60500,1908,,66,FALSE,FALSE,FALSE,FALSE,FALSE,60388.8888888889,0.770640140570657,1,FALSE,FALSE,FALSE,FALSE,FALSE,FALSE,FALSE,FALSE,FALSE,26.7042253521127,FALSE
982091101535034,2023-05-14,NEDAP,2023-05-14T22:35:00Z,2023-05-14T22:45:33Z,633,128,2498,60500,1908,,66,FALSE,FALSE,FALSE,FALSE,FALSE,60388.8888888889,0.770640140570657,1,FALSE,FALSE,FALSE,FALSE,FALSE,FALSE,FALSE,FALSE,FALSE,12.1327014218009,FALSE
982091101535034,2023-05-14,NEDAP,2023-05-14T22:54:00Z,2023-05-14T23:02:33Z,513,173,2498,60500,1908,,66,FALSE,FALSE,FALSE,FALSE,FALSE,60388.8888888889,0.770640140570657,1,FALSE,FALSE,FALSE,FALSE,FALSE,FALSE,FALSE,FALSE,FALSE,20.233918128655,FALSE
982091101535034,2023-05-14,NEDAP,2023-05-14T23:10:00Z,2023-05-14T23:20:45Z,645,363,2498,60500,1908,,66,FALSE,FALSE,FALSE,FALSE,FALSE,60388.8888888889,0.770640140570657,1,FALSE,FALSE,FALSE,FALSE,FALSE,FALSE,FALSE,FALSE,FALSE,33.7674418604651,FALSE
982091101535034,2023-05-15,NEDAP,2023-05-15T01:15:00Z,2023-05-15T01:26:21Z,681,377,1800,61500,1908,,66,FALSE,FALSE,FALSE,FALSE,FALSE,61583.3333333333,0.813087766616986,1,FALSE,FALSE,FALSE,FALSE,FALSE,FALSE,FALSE,FALSE,FALSE,33.215859030837,FALSE
982091101535034,2023-05-15,NEDAP,2023-05-15T01:54:00Z,2023-05-15T01:59:03Z,303,149,1800,61500,1908,,66,FALSE,FALSE,FALSE,FALSE,FALSE,61583.3333333333,0.813087766616986,1,FALSE,FALSE,FALSE,FALSE,FALSE,FALSE,FALSE,FALSE,FALSE,29.5049504950495,FALSE
982091101535034,2023-05-15,NEDAP,2023-05-15T02:08:00Z,2023-05-15T02:10:26Z,146,33,1800,61500,1908,,66,FALSE,FALSE,FALSE,FALSE,FALSE,61583.3333333333,0.813087766616986,1,FALSE,FALSE,FALSE,FALSE,FALSE,FALSE,FALSE,FALSE,FALSE,13.5616438356164,FALSE
982091101535034,2023-05-15,NEDAP,2023-05-15T03:28:00Z,2023-05-15T03:31:44Z,224,96,1800,61000,1908,,66,FALSE,FALSE,FALSE,FALSE,FALSE,61583.3333333333,0.813087766616986,1,FALSE,FALSE,FALSE,FALSE,FALSE,FALSE,FALSE,FALSE,FALSE,25.7142857142857,FALSE
982091101535034,2023-05-15,NEDAP,2023-05-15T04:58:00Z,2023-05-15T04:58:54Z,54,8,1800,,1908,,66,FALSE,,FALSE,FALSE,,61583.3333333333,0.813087766616986,,FALSE,FALSE,FALSE,FALSE,FALSE,FALSE,FALSE,FALSE,FALSE,8.88888888888889,FALSE
982091101535034,2023-05-15,NEDAP,2023-05-15T05:29:00Z,2023-05-15T05:29:21Z,21,4,1800,,1908,,66,FALSE,,FALSE,FALSE,,61583.3333333333,0.813087766616986,,FALSE,FALSE,FALSE,FALSE,FALSE,FALSE,FALSE,FALSE,FALSE,11.4285714285714,FALSE
982091101535034,2023-05-15,NEDAP,2023-05-15T06:04:00Z,2023-05-15T06:18:21Z,861,421,1800,62000,1908,,66,FALSE,FALSE,FALSE,FALSE,FALSE,61583.3333333333,0.813087766616986,1,FALSE,FALSE,FALSE,FALSE,FALSE,FALSE,FALSE,FALSE,FALSE,29.3379790940767,FALSE
982091101535034,2023-05-15,NEDAP,2023-05-15T14:57:00Z,2023-05-15T15:20:04Z,1384,712,1800,62000,1908,,66,FALSE,FALSE,FALSE,FALSE,FALSE,61583.3333333333,0.813087766616986,1,FALSE,FALSE,FALSE,FALSE,FALSE,FALSE,FALSE,FALSE,FALSE,30.8670520231214,FALSE
982091101535034,2023-05-16,NEDAP,2023-05-16T00:38:00Z,2023-05-16T01:00:30Z,1350,591,2227,63500,1908,,66,FALSE,FALSE,FALSE,FALSE,FALSE,63083.3333333333,1,1,FALSE,FALSE,FALSE,FALSE,FALSE,FALSE,FALSE,FALSE,FALSE,26.2666666666667,FALSE
982091101535034,2023-05-16,NEDAP,2023-05-16T04:29:00Z,2023-05-16T04:47:20Z,1100,545,2227,62000,1908,,66,FALSE,FALSE,FALSE,FALSE,FALSE,63083.3333333333,1,1,FALSE,FALSE,FALSE,FALSE,FALSE,FALSE,FALSE,FALSE,FALSE,29.7272727272727,FALSE
982091101535034,2023-05-16,NEDAP,2023-05-16T05:24:00Z,2023-05-16T05:34:43Z,643,308,2227,63000,1908,,66,FALSE,FALSE,FALSE,FALSE,FALSE,63083.3333333333,1,1,FALSE,FALSE,FALSE,FALSE,FALSE,FALSE,FALSE,FALSE,FALSE,28.7402799377916,FALSE
982091101535034,2023-05-16,NEDAP,2023-05-16T08:02:00Z,2023-05-16T08:09:56Z,476,261,2227,63500,1908,,66,FALSE,FALSE,FALSE,FALSE,FALSE,63083.3333333333,1,1,FALSE,FALSE,FALSE,FALSE,FALSE,FALSE,FALSE,FALSE,FALSE,32.8991596638656,FALSE
982091101535034,2023-05-16,NEDAP,2023-05-16T08:39:00Z,2023-05-16T08:46:55Z,475,300,2227,63000,1908,,66,FALSE,FALSE,FALSE,FALSE,FALSE,63083.3333333333,1,1,FALSE,FALSE,FALSE,FALSE,FALSE,FALSE,FALSE,FALSE,FALSE,37.8947368421053,FALSE
982091101535034,2023-05-16,NEDAP,2023-05-16T09:13:00Z,2023-05-16T09:18:18Z,318,216,2227,63500,1908,,66,FALSE,FALSE,FALSE,FALSE,FALSE,63083.3333333333,1,1,FALSE,FALSE,FALSE,FALSE,FALSE,FALSE,FALSE,FALSE,FALSE,40.7547169811321,FALSE
982091101535034,2023-05-16,NEDAP,2023-05-16T10:23:00Z,2023-05-16T10:23:53Z,53,4,2227,,1908,,66,FALSE,,FALSE,FALSE,,63083.3333333333,1,,FALSE,FALSE,FALSE,FALSE,FALSE,FALSE,FALSE,FALSE,FALSE,4.52830188679245,FALSE
982091101535034,2023-05-16,NEDAP,2023-05-16T10:34:00Z,2023-05-16T10:34:44Z,44,2,2227,,1908,,66,FALSE,,FALSE,FALSE,,63083.3333333333,1,,FALSE,FALSE,FALSE,FALSE,FALSE,FALSE,FALSE,FALSE,FALSE,2.72727272727273,FALSE
982091101535034,2023-05-17,NEDAP,2023-05-17T00:59:00Z,2023-05-17T01:29:17Z,1817,885,2653,61500,1908,,66,FALSE,FALSE,FALSE,FALSE,FALSE,64111.1111111111,1,1,FALSE,FALSE,FALSE,TRUE,FALSE,FALSE,FALSE,FALSE,FALSE,29.2239955971381,TRUE
982091101535034,2023-05-17,NEDAP,2023-05-17T02:50:00Z,2023-05-17T02:54:05Z,245,122,2653,63500,1908,,66,FALSE,FALSE,FALSE,FALSE,FALSE,64111.1111111111,1,1,FALSE,FALSE,FALSE,FALSE,FALSE,FALSE,FALSE,FALSE,FALSE,29.8775510204082,FALSE
982091101535034,2023-05-17,NEDAP,2023-05-17T03:45:00Z,2023-05-17T03:47:18Z,138,50,2653,63000,1908,,66,FALSE,FALSE,FALSE,FALSE,FALSE,64111.1111111111,1,1,FALSE,FALSE,FALSE,FALSE,FALSE,FALSE,FALSE,FALSE,FALSE,21.7391304347826,FALSE
982091101535034,2023-05-17,NEDAP,2023-05-17T04:02:00Z,2023-05-17T04:09:20Z,440,180,2653,63000,1908,,66,FALSE,FALSE,FALSE,FALSE,FALSE,64111.1111111111,1,1,FALSE,FALSE,FALSE,FALSE,FALSE,FALSE,FALSE,FALSE,FALSE,24.5454545454546,FALSE
982091101535034,2023-05-17,NEDAP,2023-05-17T06:56:00Z,2023-05-17T07:11:04Z,904,323,2653,65000,1908,,66,FALSE,FALSE,FALSE,FALSE,FALSE,64111.1111111111,1,1,FALSE,FALSE,FALSE,FALSE,FALSE,FALSE,FALSE,FALSE,FALSE,21.4380530973451,FALSE
982091101535034,2023-05-17,NEDAP,2023-05-17T08:35:00Z,2023-05-17T08:46:08Z,668,318,2653,64500,1908,,66,FALSE,FALSE,FALSE,FALSE,FALSE,64111.1111111111,1,1,FALSE,FALSE,FALSE,FALSE,FALSE,FALSE,FALSE,FALSE,FALSE,28.562874251497,FALSE
982091101535034,2023-05-17,NEDAP,2023-05-17T09:02:00Z,2023-05-17T09:06:00Z,240,124,2653,64500,1908,,66,FALSE,FALSE,FALSE,FALSE,FALSE,64111.1111111111,1,1,FALSE,FALSE,FALSE,FALSE,FALSE,FALSE,FALSE,FALSE,FALSE,31,FALSE
982091101535034,2023-05-17,NEDAP,2023-05-17T11:47:00Z,2023-05-17T11:55:59Z,539,309,2653,66000,1908,,66,FALSE,FALSE,FALSE,FALSE,FALSE,64111.1111111111,1,1,FALSE,FALSE,FALSE,FALSE,FALSE,FALSE,FALSE,FALSE,FALSE,34.3970315398887,FALSE
982091101535034,2023-05-17,NEDAP,2023-05-17T12:35:00Z,2023-05-17T12:43:44Z,524,342,2653,66000,1908,,66,FALSE,FALSE,FALSE,FALSE,FALSE,64111.1111111111,1,1,FALSE,FALSE,FALSE,FALSE,FALSE,FALSE,FALSE,FALSE,FALSE,39.1603053435115,FALSE
982091101535034,2023-05-18,NEDAP,2023-05-18T02:32:00Z,2023-05-18T02:59:13Z,1633,911,2945,63000,1908,,66,FALSE,FALSE,FALSE,FALSE,FALSE,65853.8132710397,1,1,FALSE,FALSE,FALSE,FALSE,FALSE,FALSE,FALSE,FALSE,FALSE,33.4721371708512,FALSE
982091101535034,2023-05-18,NEDAP,2023-05-18T03:48:00Z,2023-05-18T03:53:33Z,333,154,2945,65500,1908,,66,FALSE,FALSE,FALSE,FALSE,FALSE,65853.8132710397,1,1,FALSE,FALSE,FALSE,FALSE,FALSE,FALSE,FALSE,FALSE,FALSE,27.7477477477478,FALSE
982091101535034,2023-05-18,NEDAP,2023-05-18T06:47:00Z,2023-05-18T06:59:43Z,763,284,2945,65000,1908,,66,FALSE,FALSE,FALSE,FALSE,FALSE,65853.8132710397,1,1,FALSE,FALSE,FALSE,FALSE,FALSE,FALSE,FALSE,FALSE,FALSE,22.3328964613368,FALSE
982091101535034,2023-05-18,NEDAP,2023-05-18T08:43:00Z,2023-05-18T08:43:20Z,20,5,2945,,1908,,66,FALSE,,FALSE,FALSE,,65853.8132710397,1,,FALSE,FALSE,FALSE,FALSE,FALSE,FALSE,FALSE,FALSE,FALSE,15,FALSE
982091101535034,2023-05-18,NEDAP,2023-05-18T08:49:00Z,2023-05-18T08:58:02Z,542,299,2945,65000,1908,,66,FALSE,FALSE,FALSE,FALSE,FALSE,65853.8132710397,1,1,FALSE,FALSE,FALSE,FALSE,FALSE,FALSE,FALSE,FALSE,FALSE,33.09963099631,FALSE
982091101535034,2023-05-18,NEDAP,2023-05-18T09:34:00Z,2023-05-18T09:45:00Z,660,416,2945,65500,1908,,66,FALSE,FALSE,FALSE,FALSE,FALSE,65853.8132710397,1,1,FALSE,FALSE,FALSE,FALSE,FALSE,FALSE,FALSE,FALSE,FALSE,37.8181818181818,FALSE
982091101535034,2023-05-18,NEDAP,2023-05-18T10:14:00Z,2023-05-18T10:24:38Z,638,251,2945,66000,1908,,66,FALSE,FALSE,FALSE,FALSE,FALSE,65853.8132710397,1,1,FALSE,FALSE,FALSE,FALSE,FALSE,FALSE,FALSE,FALSE,FALSE,23.6050156739812,FALSE
982091101535034,2023-05-18,NEDAP,2023-05-18T10:56:00Z,2023-05-18T10:57:12Z,72,10,2945,67000,1908,,66,FALSE,FALSE,FALSE,FALSE,FALSE,65853.8132710397,1,1,FALSE,FALSE,FALSE,FALSE,FALSE,FALSE,FALSE,FALSE,FALSE,8.33333333333333,FALSE
982091101535034,2023-05-18,NEDAP,2023-05-18T11:22:00Z,2023-05-18T11:22:40Z,40,2,2945,,1908,,66,FALSE,,FALSE,FALSE,,65853.8132710397,1,,FALSE,FALSE,FALSE,FALSE,FALSE,FALSE,FALSE,FALSE,FALSE,3,FALSE
982091101535034,2023-05-18,NEDAP,2023-05-18T14:06:00Z,2023-05-18T14:17:52Z,712,357,2945,68000,1908,,66,FALSE,FALSE,FALSE,FALSE,FALSE,65853.8132710397,1,0.901042204376728,FALSE,FALSE,FALSE,FALSE,FALSE,FALSE,FALSE,FALSE,FALSE,30.0842696629214,FALSE
982091101535034,2023-05-18,NEDAP,2023-05-18T14:44:00Z,2023-05-18T14:51:33Z,453,256,2945,68000,1908,,66,FALSE,FALSE,FALSE,FALSE,FALSE,65853.8132710397,1,0.951868748625038,FALSE,FALSE,FALSE,FALSE,FALSE,FALSE,FALSE,FALSE,FALSE,33.9072847682119,FALSE
982091101535034,2023-05-19,NEDAP,2023-05-19T00:28:00Z,2023-05-19T00:33:51Z,351,135,2458,65500,1908,,66,FALSE,FALSE,FALSE,FALSE,FALSE,66986.7838708147,1,1,FALSE,FALSE,FALSE,FALSE,FALSE,FALSE,FALSE,FALSE,FALSE,23.0769230769231,FALSE
982091101535034,2023-05-19,NEDAP,2023-05-19T01:44:00Z,2023-05-19T01:44:42Z,42,2,2458,,1908,,66,FALSE,,FALSE,FALSE,,66986.7838708147,1,,FALSE,FALSE,FALSE,FALSE,FALSE,FALSE,FALSE,FALSE,FALSE,2.85714285714286,FALSE
982091101535034,2023-05-19,NEDAP,2023-05-19T04:09:00Z,2023-05-19T04:20:37Z,697,215,2458,65500,1908,,66,FALSE,FALSE,FALSE,FALSE,FALSE,66986.7838708147,1,1,FALSE,FALSE,FALSE,FALSE,FALSE,FALSE,FALSE,FALSE,FALSE,18.5078909612626,FALSE
982091101535034,2023-05-19,NEDAP,2023-05-19T05:46:00Z,2023-05-19T05:55:22Z,562,205,2458,65500,1908,,66,FALSE,FALSE,FALSE,FALSE,FALSE,66986.7838708147,1,1,FALSE,FALSE,FALSE,FALSE,FALSE,FALSE,FALSE,FALSE,FALSE,21.8861209964413,FALSE
982091101535034,2023-05-19,NEDAP,2023-05-19T08:10:00Z,2023-05-19T08:36:15Z,1575,898,2458,65500,1908,,66,FALSE,FALSE,FALSE,FALSE,FALSE,66986.7838708147,1,1,FALSE,FALSE,FALSE,FALSE,FALSE,FALSE,FALSE,FALSE,FALSE,34.2095238095238,FALSE
982091101535034,2023-05-19,NEDAP,2023-05-19T10:03:00Z,2023-05-19T10:15:49Z,769,424,2458,67500,1908,,66,FALSE,FALSE,FALSE,FALSE,FALSE,66986.7838708147,1,1,FALSE,FALSE,FALSE,FALSE,FALSE,FALSE,FALSE,FALSE,FALSE,33.0819245773732,FALSE
982091101535034,2023-05-19,NEDAP,2023-05-19T12:43:00Z,2023-05-19T12:47:08Z,248,91,2458,68500,1908,,66,FALSE,FALSE,FALSE,FALSE,FALSE,66986.7838708147,1,1,FALSE,FALSE,FALSE,FALSE,FALSE,FALSE,FALSE,FALSE,FALSE,22.0161290322581,FALSE
982091101535034,2023-05-19,NEDAP,2023-05-19T13:11:00Z,2023-05-19T13:19:12Z,492,282,2458,69000,1908,,66,FALSE,FALSE,FALSE,FALSE,FALSE,66986.7838708147,1,0.947482522144558,FALSE,FALSE,FALSE,FALSE,FALSE,FALSE,FALSE,FALSE,FALSE,34.390243902439,FALSE
982091101535034,2023-05-19,NEDAP,2023-05-19T14:28:00Z,2023-05-19T14:32:49Z,289,206,2458,69000,1908,,66,FALSE,FALSE,FALSE,FALSE,FALSE,66986.7838708147,1,1,FALSE,FALSE,FALSE,FALSE,FALSE,FALSE,FALSE,FALSE,FALSE,42.7681660899654,FALSE
982091101535034,2023-05-20,NEDAP,2023-05-20T04:06:00Z,2023-05-20T04:15:22Z,562,181,2982,66000,1908,,66,FALSE,FALSE,FALSE,FALSE,FALSE,67444.4444444444,1,1,FALSE,FALSE,FALSE,FALSE,FALSE,FALSE,FALSE,FALSE,FALSE,19.3238434163701,FALSE
982091101535034,2023-05-20,NEDAP,2023-05-20T04:17:00Z,2023-05-20T04:35:01Z,1081,521,2982,65500,1908,,66,FALSE,FALSE,FALSE,FALSE,FALSE,67444.4444444444,1,1,FALSE,FALSE,FALSE,FALSE,FALSE,FALSE,FALSE,FALSE,FALSE,28.9176688251619,FALSE
982091101535034,2023-05-20,NEDAP,2023-05-20T06:22:00Z,2023-05-20T06:27:03Z,303,152,2982,65500,1908,,66,FALSE,FALSE,FALSE,FALSE,FALSE,67444.4444444444,1,1,FALSE,FALSE,FALSE,FALSE,FALSE,FALSE,FALSE,FALSE,FALSE,30.0990099009901,FALSE
982091101535034,2023-05-20,NEDAP,2023-05-20T08:04:00Z,2023-05-20T08:22:21Z,1101,649,2982,67000,1908,,66,FALSE,FALSE,FALSE,FALSE,FALSE,67444.4444444444,1,1,FALSE,FALSE,FALSE,FALSE,FALSE,FALSE,FALSE,FALSE,FALSE,35.3678474114441,FALSE
982091101535034,2023-05-20,NEDAP,2023-05-20T09:48:00Z,2023-05-20T09:57:06Z,546,331,2982,68500,1908,,66,FALSE,FALSE,FALSE,FALSE,FALSE,67444.4444444444,1,1,FALSE,FALSE,FALSE,FALSE,FALSE,FALSE,FALSE,FALSE,FALSE,36.3736263736264,FALSE
982091101535034,2023-05-20,NEDAP,2023-05-20T11:42:00Z,2023-05-20T11:45:31Z,211,107,2982,68000,1908,,66,FALSE,FALSE,FALSE,FALSE,FALSE,67444.4444444444,1,1,FALSE,FALSE,FALSE,FALSE,FALSE,FALSE,FALSE,FALSE,FALSE,30.4265402843602,FALSE
982091101535034,2023-05-20,NEDAP,2023-05-20T13:13:00Z,2023-05-20T13:16:14Z,194,133,2982,68500,1908,,66,FALSE,FALSE,FALSE,FALSE,FALSE,67444.4444444444,1,1,FALSE,FALSE,FALSE,FALSE,FALSE,FALSE,FALSE,FALSE,FALSE,41.1340206185567,FALSE
982091101535034,2023-05-20,NEDAP,2023-05-20T14:05:00Z,2023-05-20T14:05:44Z,44,17,2982,,1908,,66,FALSE,,FALSE,FALSE,,67444.4444444444,1,,FALSE,FALSE,FALSE,FALSE,FALSE,FALSE,FALSE,FALSE,FALSE,23.1818181818182,FALSE
982091101535034,2023-05-20,NEDAP,2023-05-20T14:49:00Z,2023-05-20T15:01:56Z,776,526,2982,69000,1908,,66,FALSE,FALSE,FALSE,FALSE,FALSE,67444.4444444444,1,1,FALSE,FALSE,FALSE,FALSE,FALSE,FALSE,FALSE,FALSE,FALSE,40.6701030927835,FALSE
982091101535034,2023-05-20,NEDAP,2023-05-20T15:19:00Z,2023-05-20T15:28:01Z,541,365,2982,69000,1908,,66,FALSE,FALSE,FALSE,FALSE,FALSE,67444.4444444444,1,1,FALSE,FALSE,FALSE,FALSE,FALSE,FALSE,FALSE,FALSE,FALSE,40.4805914972274,FALSE
982091101535034,2023-05-21,NEDAP,2023-05-21T05:14:00Z,2023-05-21T05:38:32Z,1472,805,3053,66000,1908,,66,FALSE,FALSE,FALSE,FALSE,FALSE,69097.5867072565,1,0.913278555300584,FALSE,FALSE,FALSE,FALSE,FALSE,FALSE,FALSE,FALSE,FALSE,32.8125,FALSE
982091101535034,2023-05-21,NEDAP,2023-05-21T07:01:00Z,2023-05-21T07:03:31Z,151,61,3053,67500,1908,,66,FALSE,FALSE,FALSE,FALSE,FALSE,69097.5867072565,1,1,FALSE,FALSE,FALSE,FALSE,FALSE,FALSE,FALSE,FALSE,FALSE,24.2384105960265,FALSE
982091101535034,2023-05-21,NEDAP,2023-05-21T07:05:00Z,2023-05-21T07:09:14Z,254,104,3053,68500,1908,,66,FALSE,FALSE,FALSE,FALSE,FALSE,69097.5867072565,1,1,FALSE,FALSE,FALSE,FALSE,FALSE,FALSE,FALSE,FALSE,FALSE,24.5669291338583,FALSE
982091101535034,2023-05-21,NEDAP,2023-05-21T07:44:00Z,2023-05-21T07:47:12Z,192,125,3053,68000,1908,,66,FALSE,FALSE,FALSE,FALSE,FALSE,69097.5867072565,1,1,FALSE,FALSE,FALSE,FALSE,FALSE,FALSE,FALSE,FALSE,FALSE,39.0625,FALSE
982091101535034,2023-05-21,NEDAP,2023-05-21T08:21:00Z,2023-05-21T08:30:15Z,555,321,3053,68500,1908,,66,FALSE,FALSE,FALSE,FALSE,FALSE,69097.5867072565,1,1,FALSE,FALSE,FALSE,FALSE,FALSE,FALSE,FALSE,FALSE,FALSE,34.7027027027027,FALSE
982091101535034,2023-05-21,NEDAP,2023-05-21T10:39:00Z,2023-05-21T10:44:13Z,313,210,3053,69000,1908,,66,FALSE,FALSE,FALSE,FALSE,FALSE,69097.5867072565,1,1,FALSE,FALSE,FALSE,FALSE,FALSE,FALSE,FALSE,FALSE,FALSE,40.2555910543131,FALSE
982091101535034,2023-05-21,NEDAP,2023-05-21T11:44:00Z,2023-05-21T11:47:37Z,217,109,3053,69000,1908,,66,FALSE,FALSE,FALSE,FALSE,FALSE,69097.5867072565,1,1,FALSE,FALSE,FALSE,FALSE,FALSE,FALSE,FALSE,FALSE,FALSE,30.1382488479263,FALSE
982091101535034,2023-05-21,NEDAP,2023-05-21T11:54:00Z,2023-05-21T12:02:19Z,499,303,3053,69000,1908,,66,FALSE,FALSE,FALSE,FALSE,FALSE,69097.5867072565,1,1,FALSE,FALSE,FALSE,FALSE,FALSE,FALSE,FALSE,FALSE,FALSE,36.4328657314629,FALSE
982091101535034,2023-05-21,NEDAP,2023-05-21T12:52:00Z,2023-05-21T12:59:24Z,444,249,3053,70000,1908,,66,FALSE,FALSE,FALSE,FALSE,FALSE,69097.5867072565,1,1,FALSE,FALSE,FALSE,FALSE,FALSE,FALSE,FALSE,FALSE,FALSE,33.6486486486487,FALSE
982091101535034,2023-05-21,NEDAP,2023-05-21T13:20:00Z,2023-05-21T13:26:28Z,388,258,3053,70000,1908,,66,FALSE,FALSE,FALSE,FALSE,FALSE,69097.5867072565,1,1,FALSE,FALSE,FALSE,FALSE,FALSE,FALSE,FALSE,FALSE,FALSE,39.8969072164948,FALSE
982091101535034,2023-05-21,NEDAP,2023-05-21T15:59:00Z,2023-05-21T16:04:01Z,301,208,3053,70500,1908,,66,FALSE,FALSE,FALSE,FALSE,FALSE,69097.5867072565,1,1,FALSE,FALSE,FALSE,FALSE,FALSE,FALSE,FALSE,FALSE,FALSE,41.4617940199336,FALSE
982091101535034,2023-05-21,NEDAP,2023-05-21T16:37:00Z,2023-05-21T16:40:33Z,213,138,3053,71000,1908,,66,FALSE,FALSE,FALSE,FALSE,FALSE,69097.5867072565,1,1,FALSE,FALSE,FALSE,FALSE,FALSE,FALSE,FALSE,FALSE,FALSE,38.8732394366197,FALSE
982091101535034,2023-05-21,NEDAP,2023-05-21T17:55:00Z,2023-05-21T17:58:47Z,227,162,3053,71000,1908,,66,FALSE,FALSE,FALSE,FALSE,FALSE,69097.5867072565,1,1,FALSE,FALSE,FALSE,FALSE,FALSE,FALSE,FALSE,FALSE,FALSE,42.8193832599119,FALSE
982091101535034,2023-05-22,NEDAP,2023-05-22T00:28:00Z,2023-05-22T00:35:30Z,450,157,2182,69000,1908,,66,FALSE,FALSE,FALSE,FALSE,FALSE,70000,1,1,FALSE,FALSE,FALSE,FALSE,FALSE,FALSE,FALSE,FALSE,FALSE,20.9333333333333,FALSE
982091101535034,2023-05-22,NEDAP,2023-05-22T11:51:00Z,2023-05-22T12:19:20Z,1700,1246,2182,82000,1908,,66,FALSE,TRUE,FALSE,FALSE,TRUE,70000,1,0.174209052288115,FALSE,FALSE,FALSE,FALSE,FALSE,FALSE,FALSE,FALSE,FALSE,43.9764705882353,FALSE
982091101535034,2023-05-22,NEDAP,2023-05-22T15:28:00Z,2023-05-22T15:40:02Z,722,268,2182,70000,1908,,66,FALSE,FALSE,FALSE,FALSE,FALSE,70000,1,1,FALSE,FALSE,FALSE,FALSE,FALSE,FALSE,FALSE,FALSE,FALSE,22.2714681440443,FALSE
982091101535034,2023-05-22,NEDAP,2023-05-22T15:49:00Z,2023-05-22T15:49:27Z,27,10,2182,,1908,,66,FALSE,,FALSE,FALSE,,70000,1,,FALSE,FALSE,FALSE,FALSE,FALSE,FALSE,FALSE,FALSE,FALSE,22.2222222222222,FALSE
982091101535034,2023-05-22,NEDAP,2023-05-22T16:22:00Z,2023-05-22T16:39:42Z,1062,501,2182,71000,1908,,66,FALSE,FALSE,FALSE,FALSE,FALSE,70000,1,1,FALSE,FALSE,FALSE,FALSE,FALSE,FALSE,FALSE,FALSE,FALSE,28.3050847457627,FALSE
982091101535034,2023-05-23,NEDAP,2023-05-23T06:04:00Z,2023-05-23T06:22:08Z,1088,640,3780,69000,1908,,66,FALSE,FALSE,FALSE,FALSE,FALSE,71714.2857142857,1,1,FALSE,FALSE,FALSE,FALSE,FALSE,FALSE,FALSE,FALSE,FALSE,35.2941176470588,FALSE
982091101535034,2023-05-23,NEDAP,2023-05-23T08:33:00Z,2023-05-23T08:56:47Z,1427,781,3780,70500,1908,,66,FALSE,FALSE,FALSE,FALSE,FALSE,71714.2857142857,1,1,FALSE,FALSE,FALSE,FALSE,FALSE,FALSE,FALSE,FALSE,FALSE,32.8381219341275,FALSE
982091101535034,2023-05-23,NEDAP,2023-05-23T11:17:00Z,2023-05-23T11:21:26Z,266,152,3780,72000,1908,,66,FALSE,FALSE,FALSE,FALSE,FALSE,71714.2857142857,1,1,FALSE,FALSE,FALSE,FALSE,FALSE,FALSE,FALSE,FALSE,FALSE,34.2857142857143,FALSE
982091101535034,2023-05-23,NEDAP,2023-05-23T13:39:00Z,2023-05-23T13:57:07Z,1087,697,3780,72000,1908,,66,FALSE,FALSE,FALSE,FALSE,FALSE,71714.2857142857,1,1,FALSE,FALSE,FALSE,FALSE,FALSE,FALSE,FALSE,FALSE,FALSE,38.4728610855566,FALSE
982091101535034,2023-05-23,NEDAP,2023-05-23T16:31:00Z,2023-05-23T16:38:03Z,423,336,3780,72500,1908,,66,FALSE,FALSE,FALSE,FALSE,FALSE,71714.2857142857,1,1,FALSE,FALSE,FALSE,FALSE,FALSE,FALSE,FALSE,FALSE,FALSE,47.6595744680851,FALSE
982091101535034,2023-05-23,NEDAP,2023-05-23T18:17:00Z,2023-05-23T18:30:05Z,785,532,3780,73000,1908,,66,FALSE,FALSE,FALSE,FALSE,FALSE,71714.2857142857,1,1,FALSE,FALSE,FALSE,FALSE,FALSE,FALSE,FALSE,FALSE,FALSE,40.6624203821656,FALSE
982091101535034,2023-05-23,NEDAP,2023-05-23T22:19:00Z,2023-05-23T22:33:56Z,896,642,3780,73000,1908,,66,FALSE,FALSE,FALSE,FALSE,FALSE,71714.2857142857,1,1,FALSE,FALSE,FALSE,FALSE,FALSE,FALSE,FALSE,FALSE,FALSE,42.9910714285714,FALSE
982091101535034,2023-05-24,NEDAP,2023-05-24T10:16:00Z,2023-05-24T10:44:43Z,1723,952,2703,72000,1908,,66,FALSE,FALSE,FALSE,FALSE,FALSE,73231.1602078464,1,1,FALSE,FALSE,FALSE,FALSE,FALSE,FALSE,FALSE,FALSE,FALSE,33.1514799767847,FALSE
982091101535034,2023-05-24,NEDAP,2023-05-24T12:36:00Z,2023-05-24T12:45:10Z,550,293,2703,73000,1908,,66,FALSE,FALSE,FALSE,FALSE,FALSE,73231.1602078464,1,1,FALSE,FALSE,FALSE,FALSE,FALSE,FALSE,FALSE,FALSE,FALSE,31.9636363636364,FALSE
982091101535034,2023-05-24,NEDAP,2023-05-24T14:57:00Z,2023-05-24T15:08:15Z,675,413,2703,74000,1908,,66,FALSE,FALSE,FALSE,FALSE,FALSE,73231.1602078464,1,0.883985118342258,FALSE,FALSE,FALSE,FALSE,FALSE,FALSE,FALSE,FALSE,FALSE,36.7111111111111,FALSE
982091101535034,2023-05-24,NEDAP,2023-05-24T17:42:00Z,2023-05-24T17:53:18Z,678,573,2703,73000,1908,,66,FALSE,FALSE,FALSE,FALSE,FALSE,73231.1602078464,1,1,FALSE,FALSE,FALSE,FALSE,FALSE,FALSE,FALSE,FALSE,FALSE,50.7079646017699,FALSE
982091101535034,2023-05-24,NEDAP,2023-05-24T18:43:00Z,2023-05-24T18:53:58Z,658,472,2703,74500,1908,,66,FALSE,FALSE,FALSE,FALSE,FALSE,73231.1602078464,1,0.799027343842243,FALSE,FALSE,FALSE,FALSE,FALSE,FALSE,FALSE,FALSE,FALSE,43.0395136778116,FALSE
982091101535034,2023-05-25,NEDAP,2023-05-25T08:33:00Z,2023-05-25T08:41:07Z,487,186,3137,71500,1908,,66,FALSE,FALSE,FALSE,FALSE,FALSE,73906.6314458319,1,1,FALSE,FALSE,FALSE,FALSE,FALSE,FALSE,FALSE,FALSE,FALSE,22.9158110882957,FALSE
982091101535034,2023-05-25,NEDAP,2023-05-25T08:43:00Z,2023-05-25T08:46:31Z,211,188,3137,71500,1908,,66,FALSE,FALSE,FALSE,FALSE,FALSE,73906.6314458319,1,1,FALSE,FALSE,FALSE,FALSE,FALSE,FALSE,FALSE,FALSE,FALSE,53.4597156398104,FALSE
982091101535034,2023-05-25,NEDAP,2023-05-25T08:50:00Z,2023-05-25T08:50:33Z,33,13,3137,,1908,,66,FALSE,,FALSE,FALSE,,73906.6314458319,1,,FALSE,FALSE,FALSE,FALSE,FALSE,FALSE,FALSE,FALSE,FALSE,23.6363636363636,FALSE
982091101535034,2023-05-25,NEDAP,2023-05-25T10:32:00Z,2023-05-25T10:42:27Z,627,389,3137,72500,1908,,66,FALSE,FALSE,FALSE,FALSE,FALSE,73906.6314458319,1,1,FALSE,FALSE,FALSE,FALSE,FALSE,FALSE,FALSE,FALSE,FALSE,37.2248803827751,FALSE
982091101535034,2023-05-25,NEDAP,2023-05-25T12:08:00Z,2023-05-25T12:22:27Z,867,545,3137,74000,1908,,66,FALSE,FALSE,FALSE,FALSE,FALSE,73906.6314458319,1,1,FALSE,FALSE,FALSE,FALSE,FALSE,FALSE,FALSE,FALSE,FALSE,37.7162629757786,FALSE
982091101535034,2023-05-25,NEDAP,2023-05-25T12:51:00Z,2023-05-25T12:57:24Z,384,297,3137,73500,1908,,66,FALSE,FALSE,FALSE,FALSE,FALSE,73906.6314458319,1,1,FALSE,FALSE,FALSE,FALSE,FALSE,FALSE,FALSE,FALSE,FALSE,46.40625,FALSE
982091101535034,2023-05-25,NEDAP,2023-05-25T15:56:00Z,2023-05-25T15:56:23Z,23,21,3137,,1908,,66,FALSE,,FALSE,FALSE,,73906.6314458319,1,,FALSE,FALSE,FALSE,FALSE,FALSE,FALSE,FALSE,FALSE,FALSE,54.7826086956522,FALSE
982091101535034,2023-05-25,NEDAP,2023-05-25T16:30:00Z,2023-05-25T16:40:54Z,654,412,3137,74000,1908,,66,FALSE,FALSE,FALSE,FALSE,FALSE,73906.6314458319,1,1,FALSE,FALSE,FALSE,FALSE,FALSE,FALSE,FALSE,FALSE,FALSE,37.7981651376147,FALSE
982091101535034,2023-05-25,NEDAP,2023-05-25T17:32:00Z,2023-05-25T17:36:23Z,263,167,3137,74500,1908,,66,FALSE,FALSE,FALSE,FALSE,FALSE,73906.6314458319,1,1,FALSE,FALSE,FALSE,FALSE,FALSE,FALSE,FALSE,FALSE,FALSE,38.0988593155894,FALSE
982091101535034,2023-05-25,NEDAP,2023-05-25T19:05:00Z,2023-05-25T19:09:52Z,292,165,3137,75500,1908,,66,FALSE,FALSE,FALSE,FALSE,FALSE,73906.6314458319,1,0.882200597459653,FALSE,FALSE,FALSE,FALSE,FALSE,FALSE,FALSE,FALSE,FALSE,33.9041095890411,FALSE
982091101535034,2023-05-25,NEDAP,2023-05-25T20:06:00Z,2023-05-25T20:14:35Z,515,375,3137,76000,1908,,66,FALSE,FALSE,FALSE,FALSE,FALSE,73906.6314458319,1,0.761390854795254,FALSE,FALSE,FALSE,FALSE,FALSE,FALSE,FALSE,FALSE,FALSE,43.6893203883495,FALSE
982091101535034,2023-05-25,NEDAP,2023-05-25T20:48:00Z,2023-05-25T20:51:59Z,239,142,3137,75000,1908,,66,FALSE,FALSE,FALSE,FALSE,FALSE,73906.6314458319,1,1,FALSE,FALSE,FALSE,FALSE,FALSE,FALSE,FALSE,FALSE,FALSE,35.6485355648536,FALSE
982091101535034,2023-05-25,NEDAP,2023-05-25T21:18:00Z,2023-05-25T21:24:36Z,396,237,3137,76000,1908,,66,FALSE,FALSE,FALSE,FALSE,FALSE,73906.6314458319,1,0.837649538512088,FALSE,FALSE,FALSE,FALSE,FALSE,FALSE,FALSE,FALSE,FALSE,35.9090909090909,FALSE
982091101535034,2023-05-26,NEDAP,2023-05-26T08:03:00Z,2023-05-26T08:22:03Z,1143,552,3531,72500,1908,,66,FALSE,FALSE,FALSE,FALSE,FALSE,75066.5562043964,1,1,FALSE,FALSE,FALSE,FALSE,FALSE,FALSE,FALSE,FALSE,FALSE,28.9763779527559,FALSE
982091101535034,2023-05-26,NEDAP,2023-05-26T11:14:00Z,2023-05-26T11:24:54Z,654,205,3531,73500,1908,,66,FALSE,FALSE,FALSE,FALSE,FALSE,75066.5562043964,1,1,FALSE,FALSE,FALSE,FALSE,FALSE,FALSE,FALSE,FALSE,FALSE,18.8073394495413,FALSE
982091101535034,2023-05-26,NEDAP,2023-05-26T12:19:00Z,2023-05-26T12:31:56Z,776,416,3531,73000,1908,,66,FALSE,FALSE,FALSE,FALSE,FALSE,75066.5562043964,1,1,FALSE,FALSE,FALSE,FALSE,FALSE,FALSE,FALSE,FALSE,FALSE,32.1649484536083,FALSE
982091101535034,2023-05-26,NEDAP,2023-05-26T12:35:00Z,2023-05-26T12:39:34Z,274,188,3531,74500,1908,,66,FALSE,FALSE,FALSE,FALSE,FALSE,75066.5562043964,1,1,FALSE,FALSE,FALSE,FALSE,FALSE,FALSE,FALSE,FALSE,FALSE,41.1678832116788,FALSE
982091101535034,2023-05-26,NEDAP,2023-05-26T13:14:00Z,2023-05-26T13:15:22Z,82,22,3531,74500,1908,,66,FALSE,FALSE,FALSE,FALSE,FALSE,75066.5562043964,1,1,FALSE,FALSE,FALSE,FALSE,FALSE,FALSE,FALSE,FALSE,FALSE,16.0975609756098,FALSE
982091101535034,2023-05-26,NEDAP,2023-05-26T14:53:00Z,2023-05-26T15:01:19Z,499,297,3531,74500,1908,,66,FALSE,FALSE,FALSE,FALSE,FALSE,75066.5562043964,1,1,FALSE,FALSE,FALSE,FALSE,FALSE,FALSE,FALSE,FALSE,FALSE,35.7114228456914,FALSE
982091101535034,2023-05-26,NEDAP,2023-05-26T15:35:00Z,2023-05-26T15:43:44Z,524,326,3531,75500,1908,,66,FALSE,FALSE,FALSE,FALSE,FALSE,75066.5562043964,1,1,FALSE,FALSE,FALSE,FALSE,FALSE,FALSE,FALSE,FALSE,FALSE,37.3282442748092,FALSE
982091101535034,2023-05-26,NEDAP,2023-05-26T18:01:00Z,2023-05-26T18:12:08Z,668,401,3531,75000,1908,,66,FALSE,FALSE,FALSE,FALSE,FALSE,75066.5562043964,1,1,FALSE,FALSE,FALSE,FALSE,FALSE,FALSE,FALSE,FALSE,FALSE,36.0179640718563,FALSE
982091101535034,2023-05-26,NEDAP,2023-05-26T19:22:00Z,2023-05-26T19:36:45Z,885,589,3531,77000,1908,,66,FALSE,FALSE,FALSE,FALSE,FALSE,75066.5562043964,1,0.881374754813154,FALSE,FALSE,FALSE,FALSE,FALSE,FALSE,FALSE,FALSE,FALSE,39.9322033898305,FALSE
982091101535034,2023-05-26,NEDAP,2023-05-26T21:56:00Z,2023-05-26T22:01:32Z,332,238,3531,77500,1908,,66,FALSE,FALSE,FALSE,FALSE,FALSE,75066.5562043964,1,0.76083477516143,FALSE,FALSE,FALSE,FALSE,FALSE,FALSE,FALSE,FALSE,FALSE,43.0120481927711,FALSE
982091101535034,2023-05-26,NEDAP,2023-05-26T22:03:00Z,2023-05-26T22:06:47Z,227,123,3531,77500,1908,,66,FALSE,FALSE,FALSE,FALSE,FALSE,75066.5562043964,1,0.797153656338263,FALSE,FALSE,FALSE,FALSE,FALSE,FALSE,FALSE,FALSE,FALSE,32.511013215859,FALSE
982091101535034,2023-05-26,NEDAP,2023-05-26T22:37:00Z,2023-05-26T22:41:25Z,265,174,3531,77500,1908,,66,FALSE,FALSE,FALSE,FALSE,FALSE,75066.5562043964,1,0.837119725264133,FALSE,FALSE,FALSE,FALSE,FALSE,FALSE,FALSE,FALSE,FALSE,39.3962264150943,FALSE
982091101535034,2023-05-27,NEDAP,2023-05-27T10:23:00Z,2023-05-27T10:40:08Z,1028,800,3122,76500,1908,,66,FALSE,FALSE,FALSE,FALSE,FALSE,77115.9511817903,1,1,FALSE,FALSE,FALSE,FALSE,FALSE,FALSE,FALSE,FALSE,FALSE,46.6926070038911,FALSE
982091101535034,2023-05-27,NEDAP,2023-05-27T12:37:00Z,2023-05-27T12:46:44Z,584,392,3122,76500,1908,,66,FALSE,FALSE,FALSE,FALSE,FALSE,77115.9511817903,1,1,FALSE,FALSE,FALSE,FALSE,FALSE,FALSE,FALSE,FALSE,FALSE,40.2739726027397,FALSE
982091101535034,2023-05-27,NEDAP,2023-05-27T13:09:00Z,2023-05-27T13:10:46Z,106,69,3122,76000,1908,,66,FALSE,FALSE,FALSE,FALSE,FALSE,77115.9511817903,1,1,FALSE,FALSE,FALSE,FALSE,FALSE,FALSE,FALSE,FALSE,FALSE,39.0566037735849,FALSE
982091101535034,2023-05-27,NEDAP,2023-05-27T13:37:00Z,2023-05-27T13:41:12Z,252,176,3122,76500,1908,,66,FALSE,FALSE,FALSE,FALSE,FALSE,77115.9511817903,1,1,FALSE,FALSE,FALSE,FALSE,FALSE,FALSE,FALSE,FALSE,FALSE,41.9047619047619,FALSE
982091101535034,2023-05-27,NEDAP,2023-05-27T16:26:00Z,2023-05-27T16:31:00Z,300,171,3122,76000,1908,,66,FALSE,FALSE,FALSE,FALSE,FALSE,77115.9511817903,1,1,FALSE,FALSE,FALSE,FALSE,FALSE,FALSE,FALSE,FALSE,FALSE,34.2,FALSE
982091101535034,2023-05-27,NEDAP,2023-05-27T16:48:00Z,2023-05-27T16:49:21Z,81,29,3122,77500,1908,,66,FALSE,FALSE,FALSE,FALSE,FALSE,77115.9511817903,1,1,FALSE,FALSE,FALSE,FALSE,FALSE,FALSE,FALSE,FALSE,FALSE,21.4814814814815,FALSE
982091101535034,2023-05-27,NEDAP,2023-05-27T18:38:00Z,2023-05-27T18:44:30Z,390,280,3122,77000,1908,,66,FALSE,FALSE,FALSE,FALSE,FALSE,77115.9511817903,1,1,FALSE,FALSE,FALSE,FALSE,FALSE,FALSE,FALSE,FALSE,FALSE,43.0769230769231,FALSE
982091101535034,2023-05-27,NEDAP,2023-05-27T19:14:00Z,2023-05-27T19:16:35Z,155,121,3122,77000,1908,,66,FALSE,FALSE,FALSE,FALSE,FALSE,77115.9511817903,1,1,FALSE,FALSE,FALSE,FALSE,FALSE,FALSE,FALSE,FALSE,FALSE,46.8387096774194,FALSE
982091101535034,2023-05-27,NEDAP,2023-05-27T19:37:00Z,2023-05-27T19:44:59Z,479,360,3122,78000,1908,,66,FALSE,FALSE,FALSE,FALSE,FALSE,77115.9511817903,1,1,FALSE,FALSE,FALSE,FALSE,FALSE,FALSE,FALSE,FALSE,FALSE,45.0939457202505,FALSE
982091101535034,2023-05-27,NEDAP,2023-05-27T21:39:00Z,2023-05-27T21:45:38Z,398,294,3122,78500,1908,,66,FALSE,FALSE,FALSE,FALSE,FALSE,77115.9511817903,1,0.930707949157298,FALSE,FALSE,FALSE,FALSE,FALSE,FALSE,FALSE,FALSE,FALSE,44.321608040201,FALSE
982091101535034,2023-05-27,NEDAP,2023-05-27T23:07:00Z,2023-05-27T23:17:49Z,649,430,3122,81000,1908,,66,FALSE,FALSE,FALSE,FALSE,FALSE,77115.9511817903,1,0.451955029698239,FALSE,FALSE,FALSE,FALSE,FALSE,FALSE,FALSE,FALSE,FALSE,39.7534668721109,FALSE
982091101535034,2023-05-28,NEDAP,2023-05-28T11:01:00Z,2023-05-28T11:20:32Z,1172,861,2803,76000,1908,,66,FALSE,FALSE,FALSE,FALSE,FALSE,78443.7375959734,1,1,FALSE,FALSE,FALSE,FALSE,FALSE,FALSE,FALSE,FALSE,FALSE,44.0784982935154,FALSE
982091101535034,2023-05-28,NEDAP,2023-05-28T13:10:00Z,2023-05-28T13:23:18Z,798,482,2803,78000,1908,,66,FALSE,FALSE,FALSE,FALSE,FALSE,78443.7375959734,1,1,FALSE,FALSE,FALSE,FALSE,FALSE,FALSE,FALSE,FALSE,FALSE,36.2406015037594,FALSE
982091101535034,2023-05-28,NEDAP,2023-05-28T15:37:00Z,2023-05-28T15:38:42Z,102,52,2803,78000,1908,,66,FALSE,FALSE,FALSE,FALSE,FALSE,78443.7375959734,1,1,FALSE,FALSE,FALSE,FALSE,FALSE,FALSE,FALSE,FALSE,FALSE,30.5882352941177,FALSE
982091101535034,2023-05-28,NEDAP,2023-05-28T16:17:00Z,2023-05-28T16:19:09Z,129,52,2803,77500,1908,,66,FALSE,FALSE,FALSE,FALSE,FALSE,78443.7375959734,1,1,FALSE,FALSE,FALSE,FALSE,FALSE,FALSE,FALSE,FALSE,FALSE,24.1860465116279,FALSE
982091101535034,2023-05-28,NEDAP,2023-05-28T16:34:00Z,2023-05-28T16:37:33Z,213,155,2803,79000,1908,,66,FALSE,FALSE,FALSE,FALSE,FALSE,78443.7375959734,1,1,FALSE,FALSE,FALSE,FALSE,FALSE,FALSE,FALSE,FALSE,FALSE,43.6619718309859,FALSE
982091101535034,2023-05-28,NEDAP,2023-05-28T17:00:00Z,2023-05-28T17:05:36Z,336,284,2803,78500,1908,,66,FALSE,FALSE,FALSE,FALSE,FALSE,78443.7375959734,1,1,FALSE,FALSE,FALSE,FALSE,FALSE,FALSE,FALSE,FALSE,FALSE,50.7142857142857,FALSE
982091101535034,2023-05-28,NEDAP,2023-05-28T19:03:00Z,2023-05-28T19:06:17Z,197,173,2803,80000,1908,,66,FALSE,FALSE,FALSE,FALSE,FALSE,78443.7375959734,1,0.76148652871846,FALSE,FALSE,FALSE,FALSE,FALSE,FALSE,FALSE,FALSE,FALSE,52.6903553299492,FALSE
982091101535034,2023-05-28,NEDAP,2023-05-28T19:35:00Z,2023-05-28T19:45:21Z,621,447,2803,79500,1908,,66,FALSE,FALSE,FALSE,FALSE,FALSE,78443.7375959734,1,0.986641481565778,FALSE,FALSE,FALSE,FALSE,FALSE,FALSE,FALSE,FALSE,FALSE,43.1884057971015,FALSE
982091101535034,2023-05-28,NEDAP,2023-05-28T22:40:00Z,2023-05-28T22:49:00Z,540,297,2803,80500,1908,,66,FALSE,FALSE,FALSE,FALSE,FALSE,78443.7375959734,1,0.697965597183296,FALSE,FALSE,FALSE,FALSE,FALSE,FALSE,FALSE,FALSE,FALSE,33,FALSE
982091101535034,2023-05-29,NEDAP,2023-05-29T00:02:00Z,2023-05-29T00:09:44Z,464,352,3490,80000,1908,,66,FALSE,FALSE,FALSE,FALSE,FALSE,80099.5179376171,0.813842323618809,0.882583820410863,FALSE,FALSE,FALSE,FALSE,FALSE,FALSE,FALSE,FALSE,FALSE,45.5172413793104,FALSE
982091101535034,2023-05-29,NEDAP,2023-05-29T03:02:00Z,2023-05-29T03:11:18Z,558,458,3490,80000,1908,,66,FALSE,FALSE,FALSE,FALSE,FALSE,80099.5179376171,0.813842323618809,0.932002501910338,FALSE,FALSE,FALSE,FALSE,FALSE,FALSE,FALSE,FALSE,FALSE,49.247311827957,FALSE
982091101535034,2023-05-29,NEDAP,2023-05-29T13:02:00Z,2023-05-29T13:12:27Z,627,412,3490,77000,1908,,66,FALSE,FALSE,FALSE,FALSE,FALSE,80099.5179376171,0.813842323618809,1,FALSE,FALSE,FALSE,FALSE,FALSE,FALSE,FALSE,FALSE,FALSE,39.4258373205742,FALSE
982091101535034,2023-05-29,NEDAP,2023-05-29T13:54:00Z,2023-05-29T14:06:28Z,748,609,3490,79000,1908,,66,FALSE,FALSE,FALSE,FALSE,FALSE,80099.5179376171,0.813842323618809,1,FALSE,FALSE,FALSE,FALSE,FALSE,FALSE,FALSE,FALSE,FALSE,48.8502673796792,FALSE
982091101535034,2023-05-29,NEDAP,2023-05-29T15:42:00Z,2023-05-29T15:51:15Z,555,403,3490,79500,1908,,66,FALSE,FALSE,FALSE,FALSE,FALSE,80099.5179376171,0.813842323618809,1,FALSE,FALSE,FALSE,FALSE,FALSE,FALSE,FALSE,FALSE,FALSE,43.5675675675676,FALSE
982091101535034,2023-05-29,NEDAP,2023-05-29T18:31:00Z,2023-05-29T18:38:57Z,477,312,3490,81000,1908,,66,FALSE,FALSE,FALSE,FALSE,FALSE,80099.5179376171,0.813842323618809,0.762301331996077,FALSE,FALSE,FALSE,FALSE,FALSE,FALSE,FALSE,FALSE,FALSE,39.2452830188679,FALSE
982091101535034,2023-05-29,NEDAP,2023-05-29T19:15:00Z,2023-05-29T19:16:54Z,114,98,3490,80500,1908,,66,FALSE,FALSE,FALSE,FALSE,FALSE,80099.5179376171,0.813842323618809,0.988076292842838,FALSE,FALSE,FALSE,FALSE,FALSE,FALSE,FALSE,FALSE,FALSE,51.5789473684211,FALSE
982091101535034,2023-05-29,NEDAP,2023-05-29T19:36:00Z,2023-05-29T19:40:09Z,249,193,3490,81000,1908,,66,FALSE,FALSE,FALSE,FALSE,FALSE,80099.5179376171,0.813842323618809,0.839231168114285,FALSE,FALSE,FALSE,FALSE,FALSE,FALSE,FALSE,FALSE,FALSE,46.5060240963855,FALSE
982091101535034,2023-05-29,NEDAP,2023-05-29T19:43:00Z,2023-05-29T19:45:09Z,129,121,3490,81000,1908,,66,FALSE,FALSE,FALSE,FALSE,FALSE,80099.5179376171,0.813842323618809,0.883838180900431,FALSE,FALSE,FALSE,FALSE,FALSE,FALSE,FALSE,FALSE,FALSE,56.2790697674419,FALSE
982091101535034,2023-05-29,NEDAP,2023-05-29T20:51:00Z,2023-05-29T20:57:19Z,379,279,3490,82000,1908,,66,FALSE,FALSE,FALSE,FALSE,FALSE,80099.5179376171,0.813842323618809,0.644936740590094,FALSE,FALSE,FALSE,FALSE,FALSE,FALSE,FALSE,FALSE,FALSE,44.1688654353562,FALSE
982091101535034,2023-05-29,NEDAP,2023-05-29T23:35:00Z,2023-05-29T23:40:51Z,351,211,3490,81500,1908,,66,FALSE,FALSE,FALSE,FALSE,FALSE,80099.5179376171,0.813842323618809,0.799516449597728,FALSE,FALSE,FALSE,FALSE,FALSE,FALSE,FALSE,FALSE,FALSE,36.0683760683761,FALSE
982091101535034,2023-05-29,NEDAP,2023-05-29T23:52:00Z,2023-05-29T23:52:49Z,49,42,3490,,1908,,66,FALSE,,FALSE,FALSE,,80099.5179376171,0.813842323618809,,FALSE,FALSE,FALSE,FALSE,FALSE,FALSE,FALSE,FALSE,FALSE,51.4285714285714,FALSE
982091101535034,2023-05-30,NEDAP,2023-05-30T00:56:00Z,2023-05-30T01:01:56Z,356,280,2708,82500,1908,,66,FALSE,FALSE,FALSE,FALSE,FALSE,79705.9624110771,1,0.621242345967156,FALSE,FALSE,FALSE,FALSE,FALSE,FALSE,FALSE,FALSE,FALSE,47.1910112359551,FALSE
982091101535034,2023-05-30,NEDAP,2023-05-30T08:11:00Z,2023-05-30T08:23:15Z,735,608,2708,79500,1908,,66,FALSE,FALSE,FALSE,FALSE,FALSE,79705.9624110771,1,1,FALSE,FALSE,FALSE,FALSE,FALSE,FALSE,FALSE,FALSE,FALSE,49.6326530612245,FALSE
982091101535034,2023-05-30,NEDAP,2023-05-30T14:48:00Z,2023-05-30T14:59:03Z,663,414,2708,80000,1908,,66,FALSE,FALSE,FALSE,FALSE,FALSE,79705.9624110771,1,1,FALSE,FALSE,FALSE,FALSE,FALSE,FALSE,FALSE,FALSE,FALSE,37.4660633484163,FALSE
982091101535034,2023-05-30,NEDAP,2023-05-30T16:03:00Z,2023-05-30T16:06:25Z,205,29,2708,78500,1908,,66,FALSE,FALSE,FALSE,FALSE,FALSE,79705.9624110771,1,1,FALSE,FALSE,FALSE,FALSE,FALSE,FALSE,FALSE,FALSE,FALSE,8.48780487804878,FALSE
982091101535034,2023-05-30,NEDAP,2023-05-30T16:45:00Z,2023-05-30T16:46:00Z,60,10,2708,,1908,,66,FALSE,,FALSE,FALSE,,79705.9624110771,1,,FALSE,FALSE,FALSE,FALSE,FALSE,FALSE,FALSE,FALSE,FALSE,10,FALSE
982091101535034,2023-05-30,NEDAP,2023-05-30T17:06:00Z,2023-05-30T17:06:09Z,9,1,2708,,1908,,66,FALSE,,FALSE,FALSE,,79705.9624110771,1,,FALSE,FALSE,FALSE,FALSE,FALSE,FALSE,FALSE,FALSE,FALSE,6.66666666666667,FALSE
982091101535034,2023-05-30,NEDAP,2023-05-30T17:48:00Z,2023-05-30T17:48:49Z,49,38,2708,,1908,,66,FALSE,,FALSE,FALSE,,79705.9624110771,1,,FALSE,FALSE,FALSE,FALSE,FALSE,FALSE,FALSE,FALSE,FALSE,46.530612244898,FALSE
982091101535034,2023-05-30,NEDAP,2023-05-30T17:52:00Z,2023-05-30T17:53:16Z,76,38,2708,79000,1908,,66,FALSE,FALSE,FALSE,FALSE,FALSE,79705.9624110771,1,1,FALSE,FALSE,FALSE,FALSE,FALSE,FALSE,FALSE,FALSE,FALSE,30,FALSE
982091101535034,2023-05-30,NEDAP,2023-05-30T19:03:00Z,2023-05-30T19:16:50Z,830,518,2708,78500,1908,,66,FALSE,FALSE,FALSE,FALSE,FALSE,79705.9624110771,1,1,FALSE,FALSE,FALSE,FALSE,FALSE,FALSE,FALSE,FALSE,FALSE,37.4457831325301,FALSE
982091101535034,2023-05-30,NEDAP,2023-05-30T21:23:00Z,2023-05-30T21:37:37Z,877,772,2708,81000,1908,,66,FALSE,FALSE,FALSE,FALSE,FALSE,79705.9624110771,1,1,FALSE,FALSE,FALSE,FALSE,FALSE,FALSE,FALSE,FALSE,FALSE,52.8164196123147,FALSE
982091101535034,2023-05-31,NEDAP,2023-05-31T00:22:00Z,2023-05-31T00:31:35Z,575,324,2715,81500,1908,,66,FALSE,FALSE,FALSE,FALSE,FALSE,81150,1,1,FALSE,FALSE,FALSE,FALSE,FALSE,FALSE,FALSE,FALSE,FALSE,33.8086956521739,FALSE
982091101535034,2023-05-31,NEDAP,2023-05-31T01:13:00Z,2023-05-31T01:16:08Z,188,65,2715,81000,1908,,66,FALSE,FALSE,FALSE,FALSE,FALSE,81150,1,1,FALSE,FALSE,FALSE,FALSE,FALSE,FALSE,FALSE,FALSE,FALSE,20.7446808510638,FALSE
982091101535034,2023-05-31,NEDAP,2023-05-31T02:02:00Z,2023-05-31T02:04:15Z,135,54,2715,82000,1908,,66,FALSE,FALSE,FALSE,FALSE,FALSE,81150,1,1,FALSE,FALSE,FALSE,FALSE,FALSE,FALSE,FALSE,FALSE,FALSE,24,FALSE
982091101535034,2023-05-31,NEDAP,2023-05-31T13:08:00Z,2023-05-31T13:23:57Z,957,534,2715,80000,1908,,66,FALSE,FALSE,FALSE,FALSE,FALSE,81150,1,1,FALSE,FALSE,FALSE,FALSE,FALSE,FALSE,FALSE,FALSE,FALSE,33.4796238244514,FALSE
982091101535034,2023-05-31,NEDAP,2023-05-31T14:57:00Z,2023-05-31T15:07:54Z,654,480,2715,79500,1908,,66,FALSE,FALSE,FALSE,FALSE,FALSE,81150,1,1,FALSE,FALSE,FALSE,FALSE,FALSE,FALSE,FALSE,FALSE,FALSE,44.0366972477064,FALSE
982091101535034,2023-05-31,NEDAP,2023-05-31T15:35:00Z,2023-05-31T15:38:10Z,190,160,2715,80500,1908,,66,FALSE,FALSE,FALSE,FALSE,FALSE,81150,1,1,FALSE,FALSE,FALSE,FALSE,FALSE,FALSE,FALSE,FALSE,FALSE,50.5263157894737,FALSE
982091101535034,2023-05-31,NEDAP,2023-05-31T16:08:00Z,2023-05-31T16:10:26Z,146,90,2715,81500,1908,,66,FALSE,FALSE,FALSE,FALSE,FALSE,81150,1,1,FALSE,FALSE,FALSE,FALSE,FALSE,FALSE,FALSE,FALSE,FALSE,36.986301369863,FALSE
982091101535034,2023-05-31,NEDAP,2023-05-31T18:36:00Z,2023-05-31T18:48:16Z,736,577,2715,81000,1908,,66,FALSE,FALSE,FALSE,FALSE,FALSE,81150,1,1,FALSE,FALSE,FALSE,FALSE,FALSE,FALSE,FALSE,FALSE,FALSE,47.0380434782609,FALSE
982091101535034,2023-05-31,NEDAP,2023-05-31T20:50:00Z,2023-05-31T20:57:34Z,454,307,2715,82500,1908,,66,FALSE,FALSE,FALSE,FALSE,FALSE,81150,1,1,FALSE,FALSE,FALSE,FALSE,FALSE,FALSE,FALSE,FALSE,FALSE,40.5726872246696,FALSE
982091101535034,2023-05-31,NEDAP,2023-05-31T23:52:00Z,2023-05-31T23:55:37Z,217,124,2715,82000,1908,,66,FALSE,FALSE,FALSE,FALSE,FALSE,81150,1,1,FALSE,FALSE,FALSE,FALSE,FALSE,FALSE,FALSE,FALSE,FALSE,34.2857142857143,FALSE
982091101535034,2023-06-01,NEDAP,2023-06-01T00:40:00Z,2023-06-01T00:52:06Z,726,552,2462,83000,1908,,66,FALSE,FALSE,FALSE,FALSE,FALSE,81107.659711068,1,1,FALSE,FALSE,FALSE,FALSE,FALSE,FALSE,FALSE,FALSE,FALSE,45.6198347107438,FALSE
982091101535034,2023-06-01,NEDAP,2023-06-01T01:41:00Z,2023-06-01T01:46:46Z,346,260,2462,83500,1908,,66,FALSE,FALSE,FALSE,FALSE,FALSE,81107.659711068,1,1,FALSE,FALSE,FALSE,FALSE,FALSE,FALSE,FALSE,FALSE,FALSE,45.0867052023121,FALSE
982091101535034,2023-06-01,NEDAP,2023-06-01T03:59:00Z,2023-06-01T04:00:58Z,118,55,2462,84000,1908,,66,FALSE,FALSE,FALSE,FALSE,FALSE,81107.659711068,1,0.997382127074663,FALSE,FALSE,FALSE,FALSE,FALSE,FALSE,FALSE,FALSE,FALSE,27.9661016949153,FALSE
982091101535034,2023-06-01,NEDAP,2023-06-01T12:17:00Z,2023-06-01T12:20:42Z,222,79,2462,79000,1908,,66,FALSE,FALSE,FALSE,FALSE,FALSE,81107.659711068,1,0.687743834586356,FALSE,FALSE,FALSE,FALSE,FALSE,FALSE,FALSE,FALSE,FALSE,21.3513513513514,FALSE
982091101535034,2023-06-01,NEDAP,2023-06-01T16:21:00Z,2023-06-01T16:30:00Z,540,421,2462,78000,1908,,66,FALSE,FALSE,FALSE,FALSE,FALSE,81107.659711068,1,0.501589166329814,FALSE,FALSE,FALSE,FALSE,FALSE,FALSE,FALSE,FALSE,FALSE,46.7777777777778,FALSE
982091101535034,2023-06-01,NEDAP,2023-06-01T16:31:00Z,2023-06-01T16:36:24Z,324,252,2462,78500,1908,,66,FALSE,FALSE,FALSE,FALSE,FALSE,81107.659711068,1,0.551140393978087,FALSE,FALSE,FALSE,FALSE,FALSE,FALSE,FALSE,FALSE,FALSE,46.6666666666667,FALSE
982091101535034,2023-06-01,NEDAP,2023-06-01T17:53:00Z,2023-06-01T17:56:11Z,191,109,2462,79500,1908,,66,FALSE,FALSE,FALSE,FALSE,FALSE,81107.659711068,1,0.71656037318512,FALSE,FALSE,FALSE,FALSE,FALSE,FALSE,FALSE,FALSE,FALSE,34.2408376963351,FALSE
982091101535034,2023-06-01,NEDAP,2023-06-01T18:53:00Z,2023-06-01T18:58:35Z,335,139,2462,80000,1908,,66,FALSE,FALSE,FALSE,FALSE,FALSE,81107.659711068,1,0.822145915466715,FALSE,FALSE,FALSE,FALSE,FALSE,FALSE,FALSE,FALSE,FALSE,24.8955223880597,FALSE
982091101535034,2023-06-01,NEDAP,2023-06-01T19:24:00Z,2023-06-01T19:24:38Z,38,1,2462,,1908,,66,FALSE,,FALSE,FALSE,,81107.659711068,1,,FALSE,FALSE,FALSE,FALSE,FALSE,TRUE,FALSE,FALSE,FALSE,1.57894736842105,TRUE
982091101535034,2023-06-01,NEDAP,2023-06-01T19:39:00Z,2023-06-01T19:42:33Z,213,138,2462,80500,1908,,66,FALSE,FALSE,FALSE,FALSE,FALSE,81107.659711068,1,0.911136941758571,FALSE,FALSE,FALSE,FALSE,FALSE,FALSE,FALSE,FALSE,FALSE,38.8732394366197,FALSE
982091101535034,2023-06-01,NEDAP,2023-06-01T23:24:00Z,2023-06-01T23:33:43Z,583,456,2462,81000,1908,,66,FALSE,FALSE,FALSE,FALSE,FALSE,81107.659711068,1,1,FALSE,FALSE,FALSE,FALSE,FALSE,FALSE,FALSE,FALSE,FALSE,46.9296740994854,FALSE
982091101535034,2023-06-02,NEDAP,2023-06-02T01:50:00Z,2023-06-02T01:52:15Z,135,76,2892,81500,1908,,66,FALSE,FALSE,FALSE,FALSE,FALSE,82234.5149228998,1,1,FALSE,FALSE,FALSE,FALSE,FALSE,FALSE,FALSE,FALSE,FALSE,33.7777777777778,FALSE
982091101535034,2023-06-02,NEDAP,2023-06-02T02:28:00Z,2023-06-02T02:36:59Z,539,296,2892,81000,1908,,66,FALSE,FALSE,FALSE,FALSE,FALSE,82234.5149228998,1,0.962270160295333,FALSE,FALSE,FALSE,FALSE,FALSE,FALSE,FALSE,FALSE,FALSE,32.9499072356215,FALSE
982091101535034,2023-06-02,NEDAP,2023-06-02T04:06:00Z,2023-06-02T04:16:36Z,636,495,2892,82000,1908,,66,FALSE,FALSE,FALSE,FALSE,FALSE,82234.5149228998,1,1,FALSE,FALSE,FALSE,FALSE,FALSE,FALSE,FALSE,FALSE,FALSE,46.6981132075472,FALSE
982091101535034,2023-06-02,NEDAP,2023-06-02T08:52:00Z,2023-06-02T08:53:20Z,80,48,2892,83500,1908,,66,FALSE,FALSE,FALSE,FALSE,FALSE,82234.5149228998,1,1,FALSE,FALSE,FALSE,FALSE,FALSE,FALSE,FALSE,FALSE,FALSE,36,FALSE
982091101535034,2023-06-02,NEDAP,2023-06-02T09:07:00Z,2023-06-02T09:07:13Z,13,85,2892,,1908,,66,FALSE,,FALSE,FALSE,,82234.5149228998,1,,FALSE,FALSE,FALSE,FALSE,FALSE,FALSE,TRUE,FALSE,FALSE,392.307692307692,TRUE
982091101535034,2023-06-02,NEDAP,2023-06-02T15:55:00Z,2023-06-02T16:09:01Z,841,440,2892,80000,1908,,66,FALSE,FALSE,FALSE,FALSE,FALSE,82234.5149228998,1,0.568075391205235,FALSE,FALSE,FALSE,FALSE,FALSE,FALSE,FALSE,FALSE,FALSE,31.3912009512485,FALSE
982091101535034,2023-06-02,NEDAP,2023-06-02T17:10:00Z,2023-06-02T17:13:54Z,234,127,2892,81500,1908,,66,FALSE,FALSE,FALSE,FALSE,FALSE,82234.5149228998,1,0.907497974914058,FALSE,FALSE,FALSE,FALSE,FALSE,FALSE,FALSE,FALSE,FALSE,32.5641025641026,FALSE
982091101535034,2023-06-02,NEDAP,2023-06-02T18:16:00Z,2023-06-02T18:28:45Z,765,579,2892,82000,1908,,66,FALSE,FALSE,FALSE,FALSE,FALSE,82234.5149228998,1,1,FALSE,FALSE,FALSE,FALSE,FALSE,FALSE,FALSE,FALSE,FALSE,45.4117647058824,FALSE
982091101535034,2023-06-02,NEDAP,2023-06-02T18:55:00Z,2023-06-02T18:58:14Z,194,97,2892,82000,1908,,66,FALSE,FALSE,FALSE,FALSE,FALSE,82234.5149228998,1,1,FALSE,FALSE,FALSE,FALSE,FALSE,FALSE,FALSE,FALSE,FALSE,30,FALSE
982091101535034,2023-06-02,NEDAP,2023-06-02T19:05:00Z,2023-06-02T19:06:33Z,93,41,2892,82500,1908,,66,FALSE,FALSE,FALSE,FALSE,FALSE,82234.5149228998,1,1,FALSE,FALSE,FALSE,FALSE,FALSE,FALSE,FALSE,FALSE,FALSE,26.4516129032258,FALSE
982091101535034,2023-06-02,NEDAP,2023-06-02T20:56:00Z,2023-06-02T21:03:51Z,471,343,2892,83500,1908,,66,FALSE,FALSE,FALSE,FALSE,FALSE,82234.5149228998,1,1,FALSE,FALSE,FALSE,FALSE,FALSE,FALSE,FALSE,FALSE,FALSE,43.6942675159236,FALSE
982091101535034,2023-06-02,NEDAP,2023-06-02T23:18:00Z,2023-06-02T23:24:41Z,401,265,2892,84000,1908,,66,FALSE,FALSE,FALSE,FALSE,FALSE,82234.5149228998,1,1,FALSE,FALSE,FALSE,FALSE,FALSE,FALSE,FALSE,FALSE,FALSE,39.6508728179551,FALSE
982091101535034,2023-06-03,NEDAP,2023-06-03T02:08:00Z,2023-06-03T02:19:50Z,710,381,2385,84000,1908,,66,FALSE,FALSE,FALSE,FALSE,FALSE,84369.9208753618,1,1,FALSE,FALSE,FALSE,FALSE,FALSE,FALSE,FALSE,FALSE,FALSE,32.1971830985915,FALSE
982091101535034,2023-06-03,NEDAP,2023-06-03T03:36:00Z,2023-06-03T03:39:15Z,195,92,2385,84500,1908,,66,FALSE,FALSE,FALSE,FALSE,FALSE,84369.9208753618,1,1,FALSE,FALSE,FALSE,FALSE,FALSE,FALSE,FALSE,FALSE,FALSE,28.3076923076923,FALSE
982091101535034,2023-06-03,NEDAP,2023-06-03T04:18:00Z,2023-06-03T04:23:00Z,300,125,2385,84500,1908,,66,FALSE,FALSE,FALSE,FALSE,FALSE,84369.9208753618,1,1,FALSE,FALSE,FALSE,FALSE,FALSE,FALSE,FALSE,FALSE,FALSE,25,FALSE
982091101535034,2023-06-03,NEDAP,2023-06-03T04:51:00Z,2023-06-03T04:54:18Z,198,141,2385,84000,1908,,66,FALSE,FALSE,FALSE,FALSE,FALSE,84369.9208753618,1,1,FALSE,FALSE,FALSE,FALSE,FALSE,FALSE,FALSE,FALSE,FALSE,42.7272727272727,FALSE
982091101535034,2023-06-03,NEDAP,2023-06-03T08:25:00Z,2023-06-03T08:30:08Z,308,235,2385,86000,1908,,66,FALSE,FALSE,FALSE,FALSE,FALSE,84369.9208753618,1,1,FALSE,FALSE,FALSE,FALSE,FALSE,FALSE,FALSE,FALSE,FALSE,45.7792207792208,FALSE
982091101535034,2023-06-03,NEDAP,2023-06-03T18:46:00Z,2023-06-03T19:04:12Z,1092,584,2385,83000,1908,,66,FALSE,FALSE,FALSE,FALSE,FALSE,84369.9208753618,1,0.953320806253819,FALSE,FALSE,FALSE,FALSE,FALSE,FALSE,FALSE,FALSE,FALSE,32.0879120879121,FALSE
982091101535034,2023-06-03,NEDAP,2023-06-03T19:07:00Z,2023-06-03T19:13:24Z,384,311,2385,83000,1908,,66,FALSE,FALSE,FALSE,FALSE,FALSE,84369.9208753618,1,0.901262945844341,FALSE,FALSE,FALSE,FALSE,FALSE,FALSE,FALSE,FALSE,FALSE,48.59375,FALSE
982091101535034,2023-06-03,NEDAP,2023-06-03T19:41:00Z,2023-06-03T19:48:22Z,442,242,2385,84000,1908,,66,FALSE,FALSE,FALSE,FALSE,FALSE,84369.9208753618,1,1,FALSE,FALSE,FALSE,FALSE,FALSE,FALSE,FALSE,FALSE,FALSE,32.8506787330317,FALSE
982091101535034,2023-06-03,NEDAP,2023-06-03T22:26:00Z,2023-06-03T22:28:28Z,148,69,2385,85500,1908,,66,FALSE,FALSE,FALSE,FALSE,FALSE,84369.9208753618,1,1,FALSE,FALSE,FALSE,FALSE,FALSE,FALSE,FALSE,FALSE,FALSE,27.972972972973,FALSE
982091101535034,2023-06-03,NEDAP,2023-06-03T22:35:00Z,2023-06-03T22:35:57Z,57,38,2385,,1908,,66,FALSE,,FALSE,FALSE,,84369.9208753618,1,,FALSE,FALSE,FALSE,FALSE,FALSE,FALSE,FALSE,FALSE,FALSE,40,FALSE
982091101535034,2023-06-03,NEDAP,2023-06-03T23:10:00Z,2023-06-03T23:15:06Z,306,167,2385,85000,1908,,66,FALSE,FALSE,FALSE,FALSE,FALSE,84369.9208753618,1,1,FALSE,FALSE,FALSE,FALSE,FALSE,FALSE,FALSE,FALSE,FALSE,32.7450980392157,FALSE
982091101535034,2023-06-04,NEDAP,2023-06-04T02:11:00Z,2023-06-04T02:21:28Z,628,407,2753,85000,1908,,66,FALSE,FALSE,FALSE,FALSE,FALSE,84553.8908069118,1,1,FALSE,FALSE,FALSE,FALSE,FALSE,FALSE,FALSE,FALSE,FALSE,38.8853503184713,FALSE
982091101535034,2023-06-04,NEDAP,2023-06-04T03:48:00Z,2023-06-04T03:56:50Z,530,401,2753,85500,1908,,66,FALSE,FALSE,FALSE,FALSE,FALSE,84553.8908069118,1,1,FALSE,FALSE,FALSE,FALSE,FALSE,FALSE,FALSE,FALSE,FALSE,45.3962264150944,FALSE
982091101535034,2023-06-04,NEDAP,2023-06-04T05:09:00Z,2023-06-04T05:17:36Z,516,431,2753,85000,1908,,66,FALSE,FALSE,FALSE,FALSE,FALSE,84553.8908069118,1,1,FALSE,FALSE,FALSE,FALSE,FALSE,FALSE,FALSE,FALSE,FALSE,50.1162790697675,FALSE
982091101535034,2023-06-04,NEDAP,2023-06-04T06:37:00Z,2023-06-04T06:39:35Z,155,87,2753,84500,1908,,66,FALSE,FALSE,FALSE,FALSE,FALSE,84553.8908069118,1,1,FALSE,FALSE,FALSE,FALSE,FALSE,FALSE,FALSE,FALSE,FALSE,33.6774193548387,FALSE
982091101535034,2023-06-04,NEDAP,2023-06-04T15:55:00Z,2023-06-04T16:03:45Z,525,361,2753,84000,1908,,66,FALSE,FALSE,FALSE,FALSE,FALSE,84553.8908069118,1,0.850352141833268,FALSE,FALSE,FALSE,FALSE,FALSE,FALSE,FALSE,FALSE,FALSE,41.2571428571429,FALSE
982091101535034,2023-06-04,NEDAP,2023-06-04T20:20:00Z,2023-06-04T20:24:18Z,258,87,2753,84000,1908,,66,FALSE,FALSE,FALSE,FALSE,FALSE,84553.8908069118,1,0.808631122711938,FALSE,FALSE,FALSE,FALSE,FALSE,FALSE,FALSE,FALSE,FALSE,20.2325581395349,FALSE
982091101535034,2023-06-04,NEDAP,2023-06-04T20:26:00Z,2023-06-04T20:41:00Z,900,389,2753,84000,1908,,66,FALSE,FALSE,FALSE,FALSE,FALSE,84553.8908069118,1,0.770807512270686,FALSE,FALSE,FALSE,FALSE,FALSE,FALSE,FALSE,FALSE,FALSE,25.9333333333333,FALSE
982091101535034,2023-06-04,NEDAP,2023-06-04T20:54:00Z,2023-06-04T21:01:05Z,425,271,2753,84500,1908,,66,FALSE,FALSE,FALSE,FALSE,FALSE,84553.8908069118,1,0.894131643798115,FALSE,FALSE,FALSE,FALSE,FALSE,FALSE,FALSE,FALSE,FALSE,38.2588235294118,FALSE
982091101535034,2023-06-04,NEDAP,2023-06-04T21:33:00Z,2023-06-04T21:39:56Z,416,319,2753,84000,1908,,66,FALSE,FALSE,FALSE,FALSE,FALSE,84553.8908069118,1,0.704854671198664,FALSE,FALSE,FALSE,FALSE,FALSE,FALSE,FALSE,FALSE,FALSE,46.0096153846154,FALSE
982091101535034,2023-06-05,NEDAP,2023-06-05T01:13:00Z,2023-06-05T01:13:56Z,56,7,2560,,1908,,66,FALSE,,FALSE,FALSE,,86154.2120605897,1,,FALSE,FALSE,FALSE,FALSE,FALSE,FALSE,FALSE,FALSE,FALSE,7.5,FALSE
982091101535034,2023-06-05,NEDAP,2023-06-05T01:24:00Z,2023-06-05T01:24:53Z,53,5,2560,,1908,,66,FALSE,,FALSE,FALSE,,86154.2120605897,1,,FALSE,FALSE,FALSE,FALSE,FALSE,FALSE,FALSE,FALSE,FALSE,5.66037735849057,FALSE
982091101535034,2023-06-05,NEDAP,2023-06-05T01:35:00Z,2023-06-05T01:41:43Z,403,166,2560,86000,1908,,66,FALSE,FALSE,FALSE,FALSE,FALSE,86154.2120605897,1,1,FALSE,FALSE,FALSE,FALSE,FALSE,FALSE,FALSE,FALSE,FALSE,24.7146401985112,FALSE
982091101535034,2023-06-05,NEDAP,2023-06-05T02:01:00Z,2023-06-05T02:05:17Z,257,197,2560,85500,1908,,66,FALSE,FALSE,FALSE,FALSE,FALSE,86154.2120605897,1,1,FALSE,FALSE,FALSE,FALSE,FALSE,FALSE,FALSE,FALSE,FALSE,45.9922178988327,FALSE
982091101535034,2023-06-05,NEDAP,2023-06-05T04:12:00Z,2023-06-05T04:13:13Z,73,7,2560,86000,1908,,66,FALSE,FALSE,FALSE,FALSE,FALSE,86154.2120605897,1,1,FALSE,FALSE,FALSE,FALSE,FALSE,FALSE,FALSE,FALSE,FALSE,5.75342465753425,FALSE
982091101535034,2023-06-05,NEDAP,2023-06-05T04:56:00Z,2023-06-05T04:58:45Z,165,64,2560,84500,1908,,66,FALSE,FALSE,FALSE,FALSE,FALSE,86154.2120605897,1,0.647885699707568,FALSE,FALSE,FALSE,FALSE,FALSE,FALSE,FALSE,FALSE,FALSE,23.2727272727273,FALSE
982091101535034,2023-06-05,NEDAP,2023-06-05T05:43:00Z,2023-06-05T05:44:11Z,71,20,2560,86500,1908,,66,FALSE,FALSE,FALSE,FALSE,FALSE,86154.2120605897,1,1,FALSE,FALSE,FALSE,FALSE,FALSE,FALSE,FALSE,FALSE,FALSE,16.9014084507042,FALSE
982091101535034,2023-06-05,NEDAP,2023-06-05T05:54:00Z,2023-06-05T06:03:00Z,540,435,2560,87000,1908,,66,FALSE,FALSE,FALSE,FALSE,FALSE,86154.2120605897,1,1,FALSE,FALSE,FALSE,FALSE,FALSE,FALSE,FALSE,FALSE,FALSE,48.3333333333333,FALSE
982091101535034,2023-06-05,NEDAP,2023-06-05T07:31:00Z,2023-06-05T07:32:05Z,65,36,2560,104250,1908,,66,FALSE,TRUE,FALSE,FALSE,TRUE,86154.2120605897,1,0.129206549183459,FALSE,FALSE,FALSE,FALSE,FALSE,FALSE,FALSE,FALSE,FALSE,33.2307692307692,FALSE
982091101535034,2023-06-05,NEDAP,2023-06-05T08:37:00Z,2023-06-05T08:50:22Z,802,452,2560,88000,1908,,66,FALSE,FALSE,FALSE,FALSE,FALSE,86154.2120605897,1,1,FALSE,FALSE,FALSE,FALSE,FALSE,FALSE,FALSE,FALSE,FALSE,33.8154613466334,FALSE
982091101535034,2023-06-05,NEDAP,2023-06-05T15:02:00Z,2023-06-05T15:02:29Z,29,15,2560,,1908,,66,FALSE,,FALSE,FALSE,,86154.2120605897,1,,FALSE,FALSE,FALSE,FALSE,FALSE,FALSE,FALSE,FALSE,FALSE,31.0344827586207,FALSE
982091101535034,2023-06-05,NEDAP,2023-06-05T22:04:00Z,2023-06-05T22:35:15Z,1875,1156,2560,84000,1908,,66,FALSE,FALSE,FALSE,FALSE,FALSE,86154.2120605897,1,0.465593576635918,FALSE,FALSE,FALSE,TRUE,FALSE,FALSE,FALSE,FALSE,FALSE,36.992,TRUE
982091101535034,2023-06-06,NEDAP,2023-06-06T00:10:00Z,2023-06-06T00:18:45Z,525,322,2894,88000,1908,,66,FALSE,FALSE,FALSE,FALSE,FALSE,87368.4224342643,1,1,FALSE,FALSE,FALSE,FALSE,FALSE,FALSE,FALSE,FALSE,FALSE,36.8,FALSE
982091101535034,2023-06-06,NEDAP,2023-06-06T02:03:00Z,2023-06-06T02:04:27Z,87,22,2894,86500,1908,,66,FALSE,FALSE,FALSE,FALSE,FALSE,87368.4224342643,1,0.9334606088901,FALSE,FALSE,FALSE,FALSE,FALSE,FALSE,FALSE,FALSE,FALSE,15.1724137931034,FALSE
982091101535034,2023-06-06,NEDAP,2023-06-06T05:29:00Z,2023-06-06T05:32:07Z,187,85,2894,87500,1908,,66,FALSE,FALSE,FALSE,FALSE,FALSE,87368.4224342643,1,1,FALSE,FALSE,FALSE,FALSE,FALSE,FALSE,FALSE,FALSE,FALSE,27.2727272727273,FALSE
982091101535034,2023-06-06,NEDAP,2023-06-06T06:04:00Z,2023-06-06T06:17:59Z,839,522,2894,87000,1908,,66,FALSE,FALSE,FALSE,FALSE,FALSE,87368.4224342643,1,1,FALSE,FALSE,FALSE,FALSE,FALSE,FALSE,FALSE,FALSE,FALSE,37.3301549463647,FALSE
982091101535034,2023-06-06,NEDAP,2023-06-06T06:55:00Z,2023-06-06T07:07:02Z,722,540,2894,87500,1908,,66,FALSE,FALSE,FALSE,FALSE,FALSE,87368.4224342643,1,1,FALSE,FALSE,FALSE,FALSE,FALSE,FALSE,FALSE,FALSE,FALSE,44.8753462603878,FALSE
982091101535034,2023-06-06,NEDAP,2023-06-06T11:29:00Z,2023-06-06T11:43:05Z,845,606,2894,88500,1908,,66,FALSE,FALSE,FALSE,FALSE,FALSE,87368.4224342643,1,1,FALSE,FALSE,FALSE,FALSE,FALSE,FALSE,FALSE,FALSE,FALSE,43.0295857988166,FALSE
982091101535034,2023-06-06,NEDAP,2023-06-06T22:58:00Z,2023-06-06T23:17:16Z,1156,797,2894,86000,1908,,66,FALSE,FALSE,FALSE,FALSE,FALSE,87368.4224342643,1,0.619143382336979,FALSE,FALSE,FALSE,FALSE,FALSE,FALSE,FALSE,FALSE,FALSE,41.3667820069204,FALSE
982091101535034,2023-06-07,NEDAP,2023-06-07T01:48:00Z,2023-06-07T01:55:05Z,425,291,2463,87500,1908,,66,FALSE,FALSE,FALSE,FALSE,FALSE,89055.5555555556,1,1,FALSE,FALSE,FALSE,FALSE,FALSE,FALSE,FALSE,FALSE,FALSE,41.0823529411765,FALSE
982091101535034,2023-06-07,NEDAP,2023-06-07T01:57:00Z,2023-06-07T02:00:06Z,186,4,2463,88000,1908,,66,FALSE,FALSE,FALSE,FALSE,FALSE,89055.5555555556,1,1,FALSE,FALSE,FALSE,FALSE,FALSE,TRUE,FALSE,FALSE,FALSE,1.29032258064516,TRUE
982091101535034,2023-06-07,NEDAP,2023-06-07T03:29:00Z,2023-06-07T03:38:03Z,543,423,2463,88000,1908,,66,FALSE,FALSE,FALSE,FALSE,FALSE,89055.5555555556,1,1,FALSE,FALSE,FALSE,FALSE,FALSE,FALSE,FALSE,FALSE,FALSE,46.7403314917127,FALSE
982091101535034,2023-06-07,NEDAP,2023-06-07T06:48:00Z,2023-06-07T06:53:58Z,358,242,2463,89500,1908,,66,FALSE,FALSE,FALSE,FALSE,FALSE,89055.5555555556,1,1,FALSE,FALSE,FALSE,FALSE,FALSE,FALSE,FALSE,FALSE,FALSE,40.5586592178771,FALSE
982091101535034,2023-06-07,NEDAP,2023-06-07T07:13:00Z,2023-06-07T07:22:41Z,581,424,2463,88500,1908,,66,FALSE,FALSE,FALSE,FALSE,FALSE,89055.5555555556,1,1,FALSE,FALSE,FALSE,FALSE,FALSE,FALSE,FALSE,FALSE,FALSE,43.7865748709122,FALSE
982091101535034,2023-06-07,NEDAP,2023-06-07T07:55:00Z,2023-06-07T08:06:29Z,689,566,2463,89500,1908,,66,FALSE,FALSE,FALSE,FALSE,FALSE,89055.5555555556,1,1,FALSE,FALSE,FALSE,FALSE,FALSE,FALSE,FALSE,FALSE,FALSE,49.288824383164,FALSE
982091101535034,2023-06-07,NEDAP,2023-06-07T08:40:00Z,2023-06-07T08:44:16Z,256,149,2463,90000,1908,,66,FALSE,FALSE,FALSE,FALSE,FALSE,89055.5555555556,1,1,FALSE,FALSE,FALSE,FALSE,FALSE,FALSE,FALSE,FALSE,FALSE,34.921875,FALSE
982091101535034,2023-06-07,NEDAP,2023-06-07T08:58:00Z,2023-06-07T09:04:44Z,404,331,2463,90000,1908,,66,FALSE,FALSE,FALSE,FALSE,FALSE,89055.5555555556,1,1,FALSE,FALSE,FALSE,FALSE,FALSE,FALSE,FALSE,FALSE,FALSE,49.1584158415842,FALSE
982091101535034,2023-06-07,NEDAP,2023-06-07T10:16:00Z,2023-06-07T10:16:23Z,23,5,2463,,1908,,66,FALSE,,FALSE,FALSE,,89055.5555555556,1,,FALSE,FALSE,FALSE,FALSE,FALSE,FALSE,FALSE,FALSE,FALSE,13.0434782608696,FALSE
982091101535034,2023-06-07,NEDAP,2023-06-07T11:30:00Z,2023-06-07T11:31:04Z,64,28,2463,90500,1908,,66,FALSE,FALSE,FALSE,FALSE,FALSE,89055.5555555556,1,1,FALSE,FALSE,FALSE,FALSE,FALSE,FALSE,FALSE,FALSE,FALSE,26.25,FALSE
982091101535034,2023-06-08,NEDAP,2023-06-08T00:05:00Z,2023-06-08T00:27:46Z,1366,972,3527,87500,1908,,66,FALSE,FALSE,FALSE,FALSE,FALSE,90772.9147389897,0.831769204904541,0.638451348022897,FALSE,FALSE,FALSE,FALSE,FALSE,FALSE,FALSE,FALSE,FALSE,42.6939970717423,FALSE
982091101535034,2023-06-08,NEDAP,2023-06-08T02:45:00Z,2023-06-08T02:51:36Z,396,281,3527,89500,1908,,66,FALSE,FALSE,FALSE,FALSE,FALSE,90772.9147389897,0.831769204904541,1,FALSE,FALSE,FALSE,FALSE,FALSE,FALSE,FALSE,FALSE,FALSE,42.5757575757576,FALSE
982091101535034,2023-06-08,NEDAP,2023-06-08T03:33:00Z,2023-06-08T03:38:01Z,301,172,3527,90000,1908,,66,FALSE,FALSE,FALSE,FALSE,FALSE,90772.9147389897,0.831769204904541,1,FALSE,FALSE,FALSE,FALSE,FALSE,FALSE,FALSE,FALSE,FALSE,34.2857142857143,FALSE
982091101535034,2023-06-08,NEDAP,2023-06-08T08:32:00Z,2023-06-08T08:43:20Z,680,590,3527,90500,1908,,66,FALSE,FALSE,FALSE,FALSE,FALSE,90772.9147389897,0.831769204904541,1,FALSE,FALSE,FALSE,FALSE,FALSE,FALSE,FALSE,FALSE,FALSE,52.0588235294118,FALSE
982091101535034,2023-06-08,NEDAP,2023-06-08T08:59:00Z,2023-06-08T09:09:49Z,649,682,3527,91000,1908,,66,FALSE,FALSE,FALSE,FALSE,FALSE,90772.9147389897,0.831769204904541,1,FALSE,FALSE,FALSE,FALSE,FALSE,FALSE,FALSE,FALSE,FALSE,63.0508474576271,FALSE
982091101535034,2023-06-08,NEDAP,2023-06-08T09:48:00Z,2023-06-08T09:55:01Z,421,372,3527,92000,1908,,66,FALSE,FALSE,FALSE,FALSE,FALSE,90772.9147389897,0.831769204904541,1,FALSE,FALSE,FALSE,FALSE,FALSE,FALSE,FALSE,FALSE,FALSE,53.0166270783848,FALSE
982091101535034,2023-06-08,NEDAP,2023-06-08T11:21:00Z,2023-06-08T11:23:56Z,176,68,3527,93500,1908,,66,FALSE,FALSE,FALSE,FALSE,FALSE,90772.9147389897,0.831769204904541,1,FALSE,FALSE,FALSE,FALSE,FALSE,FALSE,FALSE,FALSE,FALSE,23.1818181818182,FALSE
982091101535034,2023-06-08,NEDAP,2023-06-08T16:45:00Z,2023-06-08T16:45:41Z,41,43,3527,,1908,,66,FALSE,,FALSE,FALSE,,90772.9147389897,0.831769204904541,,FALSE,FALSE,FALSE,FALSE,FALSE,FALSE,FALSE,FALSE,FALSE,62.9268292682927,FALSE
982091101535034,2023-06-08,NEDAP,2023-06-08T17:34:00Z,2023-06-08T17:40:04Z,364,347,3527,91000,1908,,66,FALSE,FALSE,FALSE,FALSE,FALSE,90772.9147389897,0.831769204904541,1,FALSE,FALSE,FALSE,FALSE,FALSE,FALSE,FALSE,FALSE,FALSE,57.1978021978022,FALSE
982091101535034,2023-06-09,NEDAP,2023-06-09T02:53:00Z,2023-06-09T02:56:11Z,191,30,3775,89500,1908,,66,FALSE,FALSE,FALSE,FALSE,FALSE,90860.8046071149,1,0.864485527818686,FALSE,FALSE,FALSE,FALSE,FALSE,FALSE,FALSE,FALSE,FALSE,9.42408376963351,FALSE
982091101535034,2023-06-09,NEDAP,2023-06-09T03:00:00Z,2023-06-09T03:01:21Z,81,17,3775,89250,1908,,66,FALSE,FALSE,FALSE,FALSE,FALSE,90860.8046071149,1,0.747600800598077,FALSE,FALSE,FALSE,FALSE,FALSE,FALSE,FALSE,FALSE,FALSE,12.5925925925926,FALSE
982091101535034,2023-06-09,NEDAP,2023-06-09T03:06:00Z,2023-06-09T03:19:38Z,818,430,3775,89500,1908,,66,FALSE,FALSE,FALSE,FALSE,FALSE,90860.8046071149,1,0.781954358313434,FALSE,FALSE,FALSE,FALSE,FALSE,FALSE,FALSE,FALSE,FALSE,31.5403422982885,FALSE
982091101535034,2023-06-09,NEDAP,2023-06-09T03:56:00Z,2023-06-09T04:09:25Z,805,451,3775,89500,1908,,66,FALSE,FALSE,FALSE,FALSE,FALSE,90860.8046071149,1,0.746321779734665,FALSE,FALSE,FALSE,FALSE,FALSE,FALSE,FALSE,FALSE,FALSE,33.6149068322981,FALSE
982091101535034,2023-06-09,NEDAP,2023-06-09T05:39:00Z,2023-06-09T05:40:28Z,88,20,3775,91500,1908,,66,FALSE,FALSE,FALSE,FALSE,FALSE,90860.8046071149,1,1,FALSE,FALSE,FALSE,FALSE,FALSE,FALSE,FALSE,FALSE,FALSE,13.6363636363636,FALSE
982091101535034,2023-06-09,NEDAP,2023-06-09T07:34:00Z,2023-06-09T07:40:50Z,410,129,3775,90000,1908,,66,FALSE,FALSE,FALSE,FALSE,FALSE,90860.8046071149,1,0.818051649471069,FALSE,FALSE,FALSE,FALSE,FALSE,FALSE,FALSE,FALSE,FALSE,18.8780487804878,FALSE
982091101535034,2023-06-09,NEDAP,2023-06-09T07:44:00Z,2023-06-09T07:55:20Z,680,468,3775,90000,1908,,66,FALSE,FALSE,FALSE,FALSE,FALSE,90860.8046071149,1,0.779119686999369,FALSE,FALSE,FALSE,FALSE,FALSE,FALSE,FALSE,FALSE,FALSE,41.2941176470588,FALSE
982091101535034,2023-06-09,NEDAP,2023-06-09T10:19:00Z,2023-06-09T10:27:27Z,507,318,3775,92500,1908,,66,FALSE,FALSE,FALSE,FALSE,FALSE,90860.8046071149,1,1,FALSE,FALSE,FALSE,FALSE,FALSE,FALSE,FALSE,FALSE,FALSE,37.6331360946746,FALSE
982091101535034,2023-06-09,NEDAP,2023-06-09T11:41:00Z,2023-06-09T11:43:38Z,158,91,3775,91000,1908,,66,FALSE,FALSE,FALSE,FALSE,FALSE,90860.8046071149,1,1,FALSE,FALSE,FALSE,FALSE,FALSE,FALSE,FALSE,FALSE,FALSE,34.5569620253165,FALSE
982091101535034,2023-06-09,NEDAP,2023-06-09T11:53:00Z,2023-06-09T12:06:44Z,824,794,3775,92500,1908,,66,FALSE,FALSE,FALSE,FALSE,FALSE,90860.8046071149,1,1,FALSE,FALSE,FALSE,FALSE,FALSE,FALSE,FALSE,FALSE,FALSE,57.8155339805825,FALSE
982091101535034,2023-06-09,NEDAP,2023-06-09T14:13:00Z,2023-06-09T14:20:05Z,425,313,3775,92000,1908,,66,FALSE,FALSE,FALSE,FALSE,FALSE,90860.8046071149,1,1,FALSE,FALSE,FALSE,FALSE,FALSE,FALSE,FALSE,FALSE,FALSE,44.1882352941177,FALSE
982091101535034,2023-06-09,NEDAP,2023-06-09T21:16:00Z,2023-06-09T21:27:36Z,696,714,3775,91500,1908,,66,FALSE,FALSE,FALSE,FALSE,FALSE,90860.8046071149,1,1,FALSE,FALSE,FALSE,FALSE,FALSE,FALSE,FALSE,FALSE,FALSE,61.551724137931,FALSE
982091101535034,2023-06-10,NEDAP,2023-06-10T04:03:00Z,2023-06-10T04:20:01Z,1021,882,3424,92000,1908,,66,FALSE,FALSE,FALSE,FALSE,FALSE,92780.750971294,0.895595115639558,1,FALSE,FALSE,FALSE,FALSE,FALSE,FALSE,FALSE,FALSE,FALSE,51.8315377081293,FALSE
982091101535034,2023-06-10,NEDAP,2023-06-10T09:03:00Z,2023-06-10T09:04:47Z,107,56,3424,92500,1908,,66,FALSE,FALSE,FALSE,FALSE,FALSE,92780.750971294,0.895595115639558,1,FALSE,FALSE,FALSE,FALSE,FALSE,FALSE,FALSE,FALSE,FALSE,31.4018691588785,FALSE
982091101535034,2023-06-10,NEDAP,2023-06-10T11:03:00Z,2023-06-10T11:06:30Z,210,152,3424,91000,1908,,66,FALSE,FALSE,FALSE,FALSE,FALSE,92780.750971294,0.895595115639558,0.77326708620221,FALSE,FALSE,FALSE,FALSE,FALSE,FALSE,FALSE,FALSE,FALSE,43.4285714285714,FALSE
982091101535034,2023-06-10,NEDAP,2023-06-10T11:32:00Z,2023-06-10T11:56:21Z,1461,1695,3424,93000,1908,,66,FALSE,FALSE,FALSE,FALSE,FALSE,92780.750971294,0.895595115639558,1,FALSE,FALSE,FALSE,FALSE,FALSE,FALSE,FALSE,FALSE,FALSE,69.6098562628337,FALSE
982091101535034,2023-06-10,NEDAP,2023-06-10T13:40:00Z,2023-06-10T13:50:19Z,619,639,3424,95000,1908,,66,FALSE,FALSE,FALSE,FALSE,FALSE,92780.750971294,0.895595115639558,1,FALSE,FALSE,FALSE,FALSE,FALSE,FALSE,FALSE,FALSE,FALSE,61.9386106623587,FALSE
982091101535034,2023-06-11,NEDAP,2023-06-11T05:27:00Z,2023-06-11T05:38:39Z,699,448,3474,94000,1908,,66,FALSE,FALSE,FALSE,FALSE,FALSE,94750,0.551986232675134,1,FALSE,FALSE,FALSE,FALSE,FALSE,FALSE,FALSE,FALSE,FALSE,38.4549356223176,FALSE
982091101535034,2023-06-11,NEDAP,2023-06-11T07:13:00Z,2023-06-11T07:31:46Z,1126,863,3474,93500,1908,,66,FALSE,FALSE,FALSE,FALSE,FALSE,94750,0.551986232675134,1,FALSE,FALSE,FALSE,FALSE,FALSE,FALSE,FALSE,FALSE,FALSE,45.9857904085258,FALSE
982091101535034,2023-06-11,NEDAP,2023-06-11T12:31:00Z,2023-06-11T12:51:09Z,1209,1141,3474,94000,1908,,66,FALSE,FALSE,FALSE,FALSE,FALSE,94750,0.551986232675134,1,FALSE,FALSE,FALSE,FALSE,FALSE,FALSE,FALSE,FALSE,FALSE,56.6253101736973,FALSE
982091101535034,2023-06-11,NEDAP,2023-06-11T16:11:00Z,2023-06-11T16:20:18Z,558,564,3474,95500,1908,,66,FALSE,FALSE,FALSE,FALSE,FALSE,94750,0.551986232675134,1,FALSE,FALSE,FALSE,FALSE,FALSE,FALSE,FALSE,FALSE,FALSE,60.6451612903226,FALSE
982091101535034,2023-06-11,NEDAP,2023-06-11T17:51:00Z,2023-06-11T17:57:02Z,362,329,3474,96000,1908,,66,FALSE,FALSE,FALSE,FALSE,FALSE,94750,0.551986232675134,1,FALSE,FALSE,FALSE,FALSE,FALSE,FALSE,FALSE,FALSE,FALSE,54.5303867403315,FALSE
982091101535034,2023-06-11,NEDAP,2023-06-11T19:42:00Z,2023-06-11T19:43:57Z,117,129,3474,95500,1908,,66,FALSE,FALSE,FALSE,FALSE,FALSE,94750,0.551986232675134,1,FALSE,FALSE,FALSE,FALSE,FALSE,FALSE,FALSE,FALSE,FALSE,66.1538461538462,FALSE
982091101535034,2023-06-12,NEDAP,2023-06-12T04:59:00Z,2023-06-12T05:00:46Z,106,50,3608,93000,1908,,66,FALSE,FALSE,FALSE,FALSE,FALSE,94257.1062984379,1,1,FALSE,FALSE,FALSE,FALSE,FALSE,FALSE,FALSE,FALSE,FALSE,28.3018867924528,FALSE
982091101535034,2023-06-12,NEDAP,2023-06-12T05:03:00Z,2023-06-12T05:04:45Z,105,83,3608,92500,1908,,66,FALSE,FALSE,FALSE,FALSE,FALSE,94257.1062984379,1,0.842950531534136,FALSE,FALSE,FALSE,FALSE,FALSE,FALSE,FALSE,FALSE,FALSE,47.4285714285714,FALSE
982091101535034,2023-06-12,NEDAP,2023-06-12T05:56:00Z,2023-06-12T05:58:14Z,134,68,3608,93000,1908,,66,FALSE,FALSE,FALSE,FALSE,FALSE,94257.1062984379,1,0.992136815105248,FALSE,FALSE,FALSE,FALSE,FALSE,FALSE,FALSE,FALSE,FALSE,30.4477611940299,FALSE
982091101535034,2023-06-12,NEDAP,2023-06-12T07:27:00Z,2023-06-12T07:36:50Z,590,512,3608,92000,1908,,66,FALSE,FALSE,FALSE,FALSE,FALSE,94257.1062984379,1,0.645812821335472,FALSE,FALSE,FALSE,FALSE,FALSE,FALSE,FALSE,FALSE,FALSE,52.0677966101695,FALSE
982091101535034,2023-06-12,NEDAP,2023-06-12T08:44:00Z,2023-06-12T08:51:30Z,450,427,3608,93500,1908,,66,FALSE,FALSE,FALSE,FALSE,FALSE,94257.1062984379,1,1,FALSE,FALSE,FALSE,FALSE,FALSE,FALSE,FALSE,FALSE,FALSE,56.9333333333333,FALSE
982091101535034,2023-06-12,NEDAP,2023-06-12T11:36:00Z,2023-06-12T11:38:13Z,133,103,3608,94000,1908,,66,FALSE,FALSE,FALSE,FALSE,FALSE,94257.1062984379,1,1,FALSE,FALSE,FALSE,FALSE,FALSE,FALSE,FALSE,FALSE,FALSE,46.4661654135338,FALSE
982091101535034,2023-06-12,NEDAP,2023-06-12T11:41:00Z,2023-06-12T11:44:03Z,183,110,3608,94000,1908,,66,FALSE,FALSE,FALSE,FALSE,FALSE,94257.1062984379,1,1,FALSE,FALSE,FALSE,FALSE,FALSE,FALSE,FALSE,FALSE,FALSE,36.0655737704918,FALSE
982091101535034,2023-06-12,NEDAP,2023-06-12T13:35:00Z,2023-06-12T13:38:38Z,218,255,3608,95000,1908,,66,FALSE,FALSE,FALSE,FALSE,FALSE,94257.1062984379,1,1,FALSE,FALSE,FALSE,FALSE,FALSE,FALSE,FALSE,FALSE,FALSE,70.1834862385321,FALSE
982091101535034,2023-06-12,NEDAP,2023-06-12T13:40:00Z,2023-06-12T13:48:36Z,516,527,3608,95500,1908,,66,FALSE,FALSE,FALSE,FALSE,FALSE,94257.1062984379,1,1,FALSE,FALSE,FALSE,FALSE,FALSE,FALSE,FALSE,FALSE,FALSE,61.2790697674419,FALSE
982091101535034,2023-06-12,NEDAP,2023-06-12T15:30:00Z,2023-06-12T15:35:57Z,357,314,3608,95500,1908,,66,FALSE,FALSE,FALSE,FALSE,FALSE,94257.1062984379,1,1,FALSE,FALSE,FALSE,FALSE,FALSE,FALSE,FALSE,FALSE,FALSE,52.7731092436975,FALSE
982091101535034,2023-06-12,NEDAP,2023-06-12T17:12:00Z,2023-06-12T17:17:49Z,349,320,3608,96500,1908,,66,FALSE,FALSE,FALSE,FALSE,FALSE,94257.1062984379,1,1,FALSE,FALSE,FALSE,FALSE,FALSE,FALSE,FALSE,FALSE,FALSE,55.0143266475645,FALSE
982091101535034,2023-06-12,NEDAP,2023-06-12T18:55:00Z,2023-06-12T19:08:33Z,813,797,3608,95500,1908,,66,FALSE,FALSE,FALSE,FALSE,FALSE,94257.1062984379,1,1,FALSE,FALSE,FALSE,FALSE,FALSE,FALSE,FALSE,FALSE,FALSE,58.8191881918819,FALSE
982091101535034,2023-06-12,NEDAP,2023-06-12T20:13:00Z,2023-06-12T20:13:47Z,47,42,3608,,1908,,66,FALSE,,FALSE,FALSE,,94257.1062984379,1,,FALSE,FALSE,FALSE,FALSE,FALSE,FALSE,FALSE,FALSE,FALSE,53.6170212765958,FALSE
982091101535034,2023-06-13,NEDAP,2023-06-13T08:37:00Z,2023-06-13T08:55:54Z,1134,1025,2803,93500,1908,,66,FALSE,FALSE,FALSE,FALSE,FALSE,95014.2654823029,1,0.693215388320685,FALSE,FALSE,FALSE,FALSE,FALSE,FALSE,FALSE,FALSE,FALSE,54.2328042328042,FALSE
982091101535034,2023-06-13,NEDAP,2023-06-13T12:34:00Z,2023-06-13T12:38:28Z,268,59,2803,95500,1908,,66,FALSE,FALSE,FALSE,FALSE,FALSE,95014.2654823029,1,1,FALSE,FALSE,FALSE,FALSE,FALSE,FALSE,FALSE,FALSE,FALSE,13.2089552238806,FALSE
982091101535034,2023-06-13,NEDAP,2023-06-13T13:02:00Z,2023-06-13T13:06:03Z,243,42,2803,94500,1908,,66,FALSE,FALSE,FALSE,FALSE,FALSE,95014.2654823029,1,0.920811579836583,FALSE,FALSE,FALSE,FALSE,FALSE,FALSE,FALSE,FALSE,FALSE,10.3703703703704,FALSE
982091101535034,2023-06-13,NEDAP,2023-06-13T16:25:00Z,2023-06-13T16:43:04Z,1084,1042,2803,94500,1908,,66,FALSE,FALSE,FALSE,FALSE,FALSE,95014.2654823029,1,0.871564017551847,FALSE,FALSE,FALSE,FALSE,FALSE,FALSE,FALSE,FALSE,FALSE,57.6752767527675,FALSE
982091101535034,2023-06-13,NEDAP,2023-06-13T18:02:00Z,2023-06-13T18:12:52Z,652,635,2803,96500,1908,,66,FALSE,FALSE,FALSE,FALSE,FALSE,95014.2654823029,1,1,FALSE,FALSE,FALSE,FALSE,FALSE,FALSE,FALSE,FALSE,FALSE,58.4355828220859,FALSE
982091101535034,2023-06-14,NEDAP,2023-06-14T06:50:00Z,2023-06-14T06:55:00Z,300,101,3280,94500,1908,,66,FALSE,FALSE,FALSE,FALSE,FALSE,95331.5379829188,1,0.787329363419197,FALSE,FALSE,FALSE,FALSE,FALSE,FALSE,FALSE,FALSE,FALSE,20.2,FALSE
982091101535034,2023-06-14,NEDAP,2023-06-14T10:55:00Z,2023-06-14T11:14:48Z,1188,741,3280,93500,1908,,66,FALSE,FALSE,FALSE,FALSE,FALSE,95331.5379829188,1,0.552253236758946,FALSE,FALSE,FALSE,FALSE,FALSE,FALSE,FALSE,FALSE,FALSE,37.4242424242424,FALSE
982091101535034,2023-06-14,NEDAP,2023-06-14T14:38:00Z,2023-06-14T14:52:23Z,863,714,3280,95500,1908,,66,FALSE,FALSE,FALSE,FALSE,FALSE,95331.5379829188,1,1,FALSE,FALSE,FALSE,FALSE,FALSE,FALSE,FALSE,FALSE,FALSE,49.6407879490151,FALSE
982091101535034,2023-06-14,NEDAP,2023-06-14T15:09:00Z,2023-06-14T15:14:07Z,307,258,3280,95500,1908,,66,FALSE,FALSE,FALSE,FALSE,FALSE,95331.5379829188,1,1,FALSE,FALSE,FALSE,FALSE,FALSE,FALSE,FALSE,FALSE,FALSE,50.4234527687297,FALSE
982091101535034,2023-06-14,NEDAP,2023-06-14T15:16:00Z,2023-06-14T15:17:39Z,99,83,3280,95000,1908,,66,FALSE,FALSE,FALSE,FALSE,FALSE,95331.5379829188,1,0.783639081710788,FALSE,FALSE,FALSE,FALSE,FALSE,FALSE,FALSE,FALSE,FALSE,50.3030303030303,FALSE
982091101535034,2023-06-14,NEDAP,2023-06-14T17:21:00Z,2023-06-14T17:22:30Z,90,41,3280,95000,1908,,66,FALSE,FALSE,FALSE,FALSE,FALSE,95331.5379829188,1,0.747651583060188,FALSE,FALSE,FALSE,FALSE,FALSE,FALSE,FALSE,FALSE,FALSE,27.3333333333333,FALSE
982091101535034,2023-06-14,NEDAP,2023-06-14T18:18:00Z,2023-06-14T18:31:17Z,797,679,3280,96000,1908,,66,FALSE,FALSE,FALSE,FALSE,FALSE,95331.5379829188,1,1,FALSE,FALSE,FALSE,FALSE,FALSE,FALSE,FALSE,FALSE,FALSE,51.1166875784191,FALSE
982091101535034,2023-06-14,NEDAP,2023-06-14T20:22:00Z,2023-06-14T20:33:40Z,700,663,3280,96500,1908,,66,FALSE,FALSE,FALSE,FALSE,FALSE,95331.5379829188,1,1,FALSE,FALSE,FALSE,FALSE,FALSE,FALSE,FALSE,FALSE,FALSE,56.8285714285714,FALSE
982091101535034,2023-06-15,NEDAP,2023-06-15T16:59:00Z,2023-06-15T17:12:13Z,793,785,1628,96500,1908,,66,FALSE,FALSE,FALSE,FALSE,FALSE,97500,1,1,FALSE,FALSE,FALSE,FALSE,FALSE,FALSE,FALSE,FALSE,FALSE,59.3947036569987,FALSE
982091101535034,2023-06-15,NEDAP,2023-06-15T20:24:00Z,2023-06-15T20:35:10Z,670,843,1628,98500,1908,,66,FALSE,FALSE,FALSE,FALSE,FALSE,97500,1,1,FALSE,FALSE,FALSE,FALSE,FALSE,FALSE,FALSE,FALSE,FALSE,75.4925373134328,FALSE
982091101535034,2023-06-16,NEDAP,2023-06-16T12:16:00Z,2023-06-16T12:40:39Z,1479,1374,3594,96000,1908,,66,FALSE,FALSE,FALSE,FALSE,FALSE,98161.3863607962,1,0.857993087423842,FALSE,FALSE,FALSE,FALSE,FALSE,FALSE,FALSE,FALSE,FALSE,55.7403651115619,FALSE
982091101535034,2023-06-16,NEDAP,2023-06-16T14:28:00Z,2023-06-16T14:37:57Z,597,481,3594,97500,1908,,66,FALSE,FALSE,FALSE,FALSE,FALSE,98161.3863607962,1,1,FALSE,FALSE,FALSE,FALSE,FALSE,FALSE,FALSE,FALSE,FALSE,48.3417085427136,FALSE
982091101535034,2023-06-16,NEDAP,2023-06-16T17:43:00Z,2023-06-16T17:45:35Z,155,68,3594,98500,1908,,66,FALSE,FALSE,FALSE,FALSE,FALSE,98161.3863607962,1,1,FALSE,FALSE,FALSE,FALSE,FALSE,FALSE,FALSE,FALSE,FALSE,26.3225806451613,FALSE
982091101535034,2023-06-16,NEDAP,2023-06-16T19:21:00Z,2023-06-16T19:25:56Z,296,308,3594,98500,1908,,66,FALSE,FALSE,FALSE,FALSE,FALSE,98161.3863607962,1,1,FALSE,FALSE,FALSE,FALSE,FALSE,FALSE,FALSE,FALSE,FALSE,62.4324324324324,FALSE
982091101535034,2023-06-16,NEDAP,2023-06-16T21:51:00Z,2023-06-16T22:10:54Z,1194,1363,3594,1e+05,1908,,66,FALSE,FALSE,FALSE,FALSE,FALSE,98161.3863607962,1,1,FALSE,FALSE,FALSE,FALSE,FALSE,FALSE,FALSE,FALSE,FALSE,68.4924623115578,FALSE
982091101535034,2023-06-17,NEDAP,2023-06-17T18:26:00Z,2023-06-17T18:56:42Z,1842,2112,3075,100500,1908,,66,FALSE,FALSE,FALSE,FALSE,FALSE,101274.987948617,0.505652983307578,1,FALSE,FALSE,FALSE,TRUE,FALSE,FALSE,FALSE,FALSE,FALSE,68.7947882736156,TRUE
982091101535034,2023-06-17,NEDAP,2023-06-17T21:08:00Z,2023-06-17T21:25:08Z,1028,963,3075,102500,1908,,66,FALSE,FALSE,FALSE,FALSE,FALSE,101274.987948617,0.505652983307578,0.632636999563599,FALSE,FALSE,FALSE,FALSE,FALSE,FALSE,FALSE,FALSE,FALSE,56.2062256809339,FALSE
982091101535034,2023-06-18,NEDAP,2023-06-18T13:17:00Z,2023-06-18T13:34:23Z,1043,945,2865,1e+05,1908,,66,FALSE,FALSE,FALSE,FALSE,FALSE,101181.679817542,0.90094667288029,1,FALSE,FALSE,FALSE,FALSE,FALSE,FALSE,FALSE,FALSE,FALSE,54.3624161073826,FALSE
982091101535034,2023-06-18,NEDAP,2023-06-18T18:45:00Z,2023-06-18T18:59:58Z,898,926,2865,1e+05,1908,,66,FALSE,FALSE,FALSE,FALSE,FALSE,101181.679817542,0.90094667288029,1,FALSE,FALSE,FALSE,FALSE,FALSE,FALSE,FALSE,FALSE,FALSE,61.8708240534521,FALSE
982091101535034,2023-06-18,NEDAP,2023-06-18T20:27:00Z,2023-06-18T20:37:39Z,639,593,2865,101500,1908,,66,FALSE,FALSE,FALSE,FALSE,FALSE,101181.679817542,0.90094667288029,1,FALSE,FALSE,FALSE,FALSE,FALSE,FALSE,FALSE,FALSE,FALSE,55.6807511737089,FALSE
982091101535034,2023-06-18,NEDAP,2023-06-18T21:55:00Z,2023-06-18T21:56:56Z,116,31,2865,65000,1908,,66,FALSE,TRUE,FALSE,FALSE,TRUE,101181.679817542,0.90094667288029,0.0601047535336862,FALSE,FALSE,FALSE,FALSE,FALSE,FALSE,FALSE,FALSE,FALSE,16.0344827586207,FALSE
982091101535034,2023-06-18,NEDAP,2023-06-18T23:01:00Z,2023-06-18T23:06:40Z,340,282,2865,102000,1908,,66,FALSE,FALSE,FALSE,FALSE,FALSE,101181.679817542,0.90094667288029,0.967733977525915,FALSE,FALSE,FALSE,FALSE,FALSE,FALSE,FALSE,FALSE,FALSE,49.7647058823529,FALSE
982091101535034,2023-06-18,NEDAP,2023-06-18T23:19:00Z,2023-06-18T23:22:18Z,198,88,2865,103000,1908,,66,FALSE,FALSE,FALSE,FALSE,FALSE,101181.679817542,0.90094667288029,0.689165318437812,FALSE,FALSE,FALSE,FALSE,FALSE,FALSE,FALSE,FALSE,FALSE,26.6666666666667,FALSE
982091101535034,2023-06-19,NEDAP,2023-06-19T00:15:00Z,2023-06-19T00:19:23Z,263,228,3155,102500,1908,,66,FALSE,FALSE,FALSE,FALSE,FALSE,101538.352321768,1,0.86969758695267,FALSE,FALSE,FALSE,FALSE,FALSE,FALSE,FALSE,FALSE,FALSE,52.0152091254753,FALSE
982091101535034,2023-06-19,NEDAP,2023-06-19T04:28:00Z,2023-06-19T04:45:38Z,1058,1126,3155,101000,1908,,66,FALSE,FALSE,FALSE,FALSE,FALSE,101538.352321768,1,1,FALSE,FALSE,FALSE,FALSE,FALSE,FALSE,FALSE,FALSE,FALSE,63.8563327032136,FALSE
982091101535034,2023-06-19,NEDAP,2023-06-19T14:25:00Z,2023-06-19T14:36:48Z,708,618,3155,100500,1908,,66,FALSE,FALSE,FALSE,FALSE,FALSE,101538.352321768,1,1,FALSE,FALSE,FALSE,FALSE,FALSE,FALSE,FALSE,FALSE,FALSE,52.3728813559322,FALSE
982091101535034,2023-06-19,NEDAP,2023-06-19T18:24:00Z,2023-06-19T18:38:25Z,865,647,3155,101000,1908,,66,FALSE,FALSE,FALSE,FALSE,FALSE,101538.352321768,1,1,FALSE,FALSE,FALSE,FALSE,FALSE,FALSE,FALSE,FALSE,FALSE,44.878612716763,FALSE
982091101535034,2023-06-19,NEDAP,2023-06-19T20:56:00Z,2023-06-19T21:07:18Z,678,536,3155,103000,1908,,66,FALSE,FALSE,FALSE,FALSE,FALSE,101538.352321768,1,0.8748444095584,FALSE,FALSE,FALSE,FALSE,FALSE,FALSE,FALSE,FALSE,FALSE,47.4336283185841,FALSE
982091101535034,2023-06-20,NEDAP,2023-06-20T00:50:00Z,2023-06-20T00:50:42Z,42,3,3544,,1908,,66,FALSE,,FALSE,FALSE,,101750,1,,FALSE,FALSE,FALSE,FALSE,FALSE,FALSE,FALSE,FALSE,FALSE,4.28571428571429,FALSE
982091101535034,2023-06-20,NEDAP,2023-06-20T01:12:00Z,2023-06-20T01:22:56Z,656,823,3544,102000,1908,,66,FALSE,FALSE,FALSE,FALSE,FALSE,101750,1,1,FALSE,FALSE,FALSE,FALSE,FALSE,FALSE,FALSE,FALSE,FALSE,75.2743902439024,FALSE
982091101535034,2023-06-20,NEDAP,2023-06-20T02:59:00Z,2023-06-20T03:10:38Z,698,841,3544,102500,1908,,66,FALSE,FALSE,FALSE,FALSE,FALSE,101750,1,1,FALSE,FALSE,FALSE,FALSE,FALSE,FALSE,FALSE,FALSE,FALSE,72.2922636103152,FALSE
982091101535034,2023-06-20,NEDAP,2023-06-20T12:04:00Z,2023-06-20T12:11:19Z,439,458,3544,101000,1908,,66,FALSE,FALSE,FALSE,FALSE,FALSE,101750,1,1,FALSE,FALSE,FALSE,FALSE,FALSE,FALSE,FALSE,FALSE,FALSE,62.5968109339408,FALSE
982091101535034,2023-06-20,NEDAP,2023-06-20T17:55:00Z,2023-06-20T18:14:51Z,1191,1419,3544,101500,1908,,66,FALSE,FALSE,FALSE,FALSE,FALSE,101750,1,1,FALSE,FALSE,FALSE,FALSE,FALSE,FALSE,FALSE,FALSE,FALSE,71.4861460957179,FALSE
982091101535034,2023-06-21,NEDAP,2023-06-21T00:05:00Z,2023-06-21T00:06:16Z,76,6,4150,104500,1908,,66,FALSE,FALSE,FALSE,FALSE,FALSE,102295.490620428,1,0.670195879333091,FALSE,FALSE,FALSE,FALSE,FALSE,FALSE,FALSE,FALSE,FALSE,4.73684210526316,FALSE
982091101535034,2023-06-21,NEDAP,2023-06-21T01:22:00Z,2023-06-21T01:35:53Z,833,962,4150,101500,1908,,66,FALSE,FALSE,FALSE,FALSE,FALSE,102295.490620428,1,1,FALSE,FALSE,FALSE,FALSE,FALSE,FALSE,FALSE,FALSE,FALSE,69.2917166866747,FALSE
982091101535034,2023-06-21,NEDAP,2023-06-21T06:45:00Z,2023-06-21T06:58:38Z,818,1084,4150,102000,1908,,66,FALSE,FALSE,FALSE,FALSE,FALSE,102295.490620428,1,1,FALSE,FALSE,FALSE,FALSE,FALSE,FALSE,FALSE,FALSE,FALSE,79.5110024449878,FALSE
982091101535034,2023-06-21,NEDAP,2023-06-21T14:27:00Z,2023-06-21T14:36:57Z,597,576,4150,102500,1908,,66,FALSE,FALSE,FALSE,FALSE,FALSE,102295.490620428,1,1,FALSE,FALSE,FALSE,FALSE,FALSE,FALSE,FALSE,FALSE,FALSE,57.8894472361809,FALSE
982091101535034,2023-06-21,NEDAP,2023-06-21T17:58:00Z,2023-06-21T18:07:36Z,576,362,4150,101500,1908,,66,FALSE,FALSE,FALSE,FALSE,FALSE,102295.490620428,1,1,FALSE,FALSE,FALSE,FALSE,FALSE,FALSE,FALSE,FALSE,FALSE,37.7083333333333,FALSE
982091101535034,2023-06-21,NEDAP,2023-06-21T22:54:00Z,2023-06-21T23:15:10Z,1270,1160,4150,102500,1908,,66,FALSE,FALSE,FALSE,FALSE,FALSE,102295.490620428,1,1,FALSE,FALSE,FALSE,FALSE,FALSE,FALSE,FALSE,FALSE,FALSE,54.8031496062992,FALSE
982091101535034,2023-06-22,NEDAP,2023-06-22T03:53:00Z,2023-06-22T04:03:25Z,625,456,2243,105500,1908,,66,FALSE,FALSE,FALSE,FALSE,FALSE,102155.17318206,0.757199644277891,0.624529038854247,FALSE,FALSE,FALSE,FALSE,FALSE,FALSE,FALSE,FALSE,FALSE,43.776,FALSE
982091101535034,2023-06-22,NEDAP,2023-06-22T04:06:00Z,2023-06-22T04:06:48Z,48,18,2243,,1908,,66,FALSE,,FALSE,FALSE,,102155.17318206,0.757199644277891,,FALSE,FALSE,FALSE,FALSE,FALSE,FALSE,FALSE,FALSE,FALSE,22.5,FALSE
982091101535034,2023-06-22,NEDAP,2023-06-22T04:09:00Z,2023-06-22T04:09:53Z,53,7,2243,,1908,,66,FALSE,,FALSE,FALSE,,102155.17318206,0.757199644277891,,FALSE,FALSE,FALSE,FALSE,FALSE,FALSE,FALSE,FALSE,FALSE,7.92452830188679,FALSE
982091101535034,2023-06-22,NEDAP,2023-06-22T14:31:00Z,2023-06-22T14:34:07Z,187,52,2243,102000,1908,,66,FALSE,FALSE,FALSE,FALSE,FALSE,102155.17318206,0.757199644277891,1,FALSE,FALSE,FALSE,FALSE,FALSE,FALSE,FALSE,FALSE,FALSE,16.6844919786096,FALSE
982091101535034,2023-06-22,NEDAP,2023-06-22T14:37:00Z,2023-06-22T14:38:01Z,61,6,2243,99000,1908,,66,FALSE,FALSE,FALSE,FALSE,FALSE,102155.17318206,0.757199644277891,0.567890053777047,FALSE,FALSE,FALSE,FALSE,FALSE,FALSE,FALSE,FALSE,FALSE,5.9016393442623,FALSE
982091101535034,2023-06-22,NEDAP,2023-06-22T14:44:00Z,2023-06-22T14:45:40Z,100,112,2243,97500,1908,,66,FALSE,FALSE,FALSE,FALSE,FALSE,102155.17318206,0.757199644277891,0.393461293896804,FALSE,FALSE,FALSE,FALSE,FALSE,FALSE,FALSE,FALSE,FALSE,67.2,FALSE
982091101535034,2023-06-22,NEDAP,2023-06-22T17:02:00Z,2023-06-22T17:22:33Z,1233,1217,2243,102500,1908,,66,FALSE,FALSE,FALSE,FALSE,FALSE,102155.17318206,0.757199644277891,1,FALSE,FALSE,FALSE,FALSE,FALSE,FALSE,FALSE,FALSE,FALSE,59.2214111922141,FALSE
982091101535034,2023-06-22,NEDAP,2023-06-22T23:14:00Z,2023-06-22T23:22:45Z,525,375,2243,103500,1908,,66,FALSE,FALSE,FALSE,FALSE,FALSE,102155.17318206,0.757199644277891,1,FALSE,FALSE,FALSE,FALSE,FALSE,FALSE,FALSE,FALSE,FALSE,42.8571428571429,FALSE
982091101535034,2023-06-23,NEDAP,2023-06-23T01:01:00Z,2023-06-23T01:04:19Z,199,143,4369,102500,1908,,66,FALSE,FALSE,FALSE,FALSE,FALSE,104000,1,1,FALSE,FALSE,FALSE,FALSE,FALSE,FALSE,FALSE,FALSE,FALSE,43.1155778894472,FALSE
982091101535034,2023-06-23,NEDAP,2023-06-23T01:06:00Z,2023-06-23T01:13:19Z,439,545,4369,104000,1908,,66,FALSE,FALSE,FALSE,FALSE,FALSE,104000,1,1,FALSE,FALSE,FALSE,FALSE,FALSE,FALSE,FALSE,FALSE,FALSE,74.4874715261959,FALSE
982091101535034,2023-06-23,NEDAP,2023-06-23T01:27:00Z,2023-06-23T01:37:53Z,653,561,4369,104000,1908,,66,FALSE,FALSE,FALSE,FALSE,FALSE,104000,1,1,FALSE,FALSE,FALSE,FALSE,FALSE,FALSE,FALSE,FALSE,FALSE,51.5467075038285,FALSE
982091101535034,2023-06-23,NEDAP,2023-06-23T03:46:00Z,2023-06-23T03:49:42Z,222,135,4369,104000,1908,,66,FALSE,FALSE,FALSE,FALSE,FALSE,104000,1,1,FALSE,FALSE,FALSE,FALSE,FALSE,FALSE,FALSE,FALSE,FALSE,36.4864864864865,FALSE
982091101535034,2023-06-23,NEDAP,2023-06-23T04:21:00Z,2023-06-23T04:27:31Z,391,175,4369,103500,1908,,66,FALSE,FALSE,FALSE,FALSE,FALSE,104000,1,1,FALSE,FALSE,FALSE,FALSE,FALSE,FALSE,FALSE,FALSE,FALSE,26.8542199488491,FALSE
982091101535034,2023-06-23,NEDAP,2023-06-23T05:20:00Z,2023-06-23T05:25:54Z,354,330,4369,105500,1908,,66,FALSE,FALSE,FALSE,FALSE,FALSE,104000,1,1,FALSE,FALSE,FALSE,FALSE,FALSE,FALSE,FALSE,FALSE,FALSE,55.9322033898305,FALSE
982091101535034,2023-06-23,NEDAP,2023-06-23T15:26:00Z,2023-06-23T15:45:15Z,1155,1196,4369,104000,1908,,66,FALSE,FALSE,FALSE,FALSE,FALSE,104000,1,1,FALSE,FALSE,FALSE,FALSE,FALSE,FALSE,FALSE,FALSE,FALSE,62.1298701298701,FALSE
982091101535034,2023-06-23,NEDAP,2023-06-23T23:46:00Z,2023-06-24T00:07:09Z,1269,1284,4369,104500,1908,,66,FALSE,FALSE,FALSE,FALSE,FALSE,104000,1,1,FALSE,FALSE,FALSE,FALSE,FALSE,FALSE,FALSE,FALSE,FALSE,60.709219858156,FALSE
982091101535034,2023-06-24,NEDAP,2023-06-24T02:39:00Z,2023-06-24T02:42:52Z,232,108,2939,104500,1908,,66,FALSE,FALSE,FALSE,FALSE,FALSE,104980.660397184,1,1,FALSE,FALSE,FALSE,FALSE,FALSE,FALSE,FALSE,FALSE,FALSE,27.9310344827586,FALSE
982091101535034,2023-06-24,NEDAP,2023-06-24T02:49:00Z,2023-06-24T02:49:20Z,20,4,2939,,1908,,66,FALSE,,FALSE,FALSE,,104980.660397184,1,,FALSE,FALSE,FALSE,FALSE,FALSE,FALSE,FALSE,FALSE,FALSE,12,FALSE
982091101535034,2023-06-24,NEDAP,2023-06-24T04:25:00Z,2023-06-24T04:26:46Z,106,112,2939,103500,1908,,66,FALSE,FALSE,FALSE,FALSE,FALSE,104980.660397184,1,1,FALSE,FALSE,FALSE,FALSE,FALSE,FALSE,FALSE,FALSE,FALSE,63.3962264150943,FALSE
982091101535034,2023-06-24,NEDAP,2023-06-24T04:39:00Z,2023-06-24T04:43:58Z,298,71,2939,104500,1908,,66,FALSE,FALSE,FALSE,FALSE,FALSE,104980.660397184,1,1,FALSE,FALSE,FALSE,FALSE,FALSE,FALSE,FALSE,FALSE,FALSE,14.2953020134228,FALSE
982091101535034,2023-06-24,NEDAP,2023-06-24T04:48:00Z,2023-06-24T04:56:29Z,509,498,2939,107500,1908,,66,FALSE,FALSE,FALSE,FALSE,FALSE,104980.660397184,1,0.755476547819428,FALSE,FALSE,FALSE,FALSE,FALSE,FALSE,FALSE,FALSE,FALSE,58.7033398821218,FALSE
982091101535034,2023-06-24,NEDAP,2023-06-24T05:00:00Z,2023-06-24T05:00:58Z,58,29,2939,,1908,,66,FALSE,,FALSE,FALSE,,104980.660397184,1,,FALSE,FALSE,FALSE,FALSE,FALSE,FALSE,FALSE,FALSE,FALSE,30,FALSE
982091101535034,2023-06-24,NEDAP,2023-06-24T07:22:00Z,2023-06-24T07:34:14Z,734,890,2939,105500,1908,,66,FALSE,FALSE,FALSE,FALSE,FALSE,104980.660397184,1,1,FALSE,FALSE,FALSE,FALSE,FALSE,FALSE,FALSE,FALSE,FALSE,72.7520435967303,FALSE
982091101535034,2023-06-24,NEDAP,2023-06-24T16:23:00Z,2023-06-24T16:39:37Z,997,1226,2939,105000,1908,,66,FALSE,FALSE,FALSE,FALSE,FALSE,104980.660397184,1,1,FALSE,FALSE,FALSE,FALSE,FALSE,FALSE,FALSE,FALSE,FALSE,73.7813440320963,FALSE
982091101535034,2023-06-24,NEDAP,2023-06-24T23:39:00Z,2023-06-24T23:42:04Z,184,1,2939,60000,1908,,66,FALSE,TRUE,FALSE,FALSE,TRUE,104980.660397184,1,0.0461070131804128,FALSE,FALSE,FALSE,FALSE,FALSE,TRUE,FALSE,FALSE,FALSE,0.326086956521739,TRUE
982091101535034,2023-06-25,NEDAP,2023-06-25T03:25:00Z,2023-06-25T03:25:27Z,27,1,3523,,1908,,66,FALSE,,FALSE,FALSE,,105833.333333333,1,,FALSE,FALSE,FALSE,FALSE,FALSE,FALSE,FALSE,FALSE,FALSE,2.22222222222222,FALSE
982091101535034,2023-06-25,NEDAP,2023-06-25T06:35:00Z,2023-06-25T06:35:08Z,8,1,3523,,1908,,66,FALSE,,FALSE,FALSE,,105833.333333333,1,,FALSE,FALSE,FALSE,FALSE,FALSE,FALSE,FALSE,FALSE,FALSE,7.5,FALSE
982091101535034,2023-06-25,NEDAP,2023-06-25T12:03:00Z,2023-06-25T12:24:37Z,1297,1734,3523,104500,1908,,66,FALSE,FALSE,FALSE,FALSE,FALSE,105833.333333333,1,1,FALSE,FALSE,FALSE,FALSE,FALSE,FALSE,FALSE,FALSE,FALSE,80.2158828064765,FALSE
982091101535034,2023-06-25,NEDAP,2023-06-25T20:05:00Z,2023-06-25T20:19:41Z,881,1084,3523,106000,1908,,66,FALSE,FALSE,FALSE,FALSE,FALSE,105833.333333333,1,1,FALSE,FALSE,FALSE,FALSE,FALSE,FALSE,FALSE,FALSE,FALSE,73.8251986379115,FALSE
982091101535034,2023-06-25,NEDAP,2023-06-25T22:40:00Z,2023-06-25T22:51:17Z,677,703,3523,107000,1908,,66,FALSE,FALSE,FALSE,FALSE,FALSE,105833.333333333,1,1,FALSE,FALSE,FALSE,FALSE,FALSE,FALSE,FALSE,FALSE,FALSE,62.3042836041359,FALSE
982091101535034,2023-06-26,NEDAP,2023-06-26T04:17:00Z,2023-06-26T04:28:49Z,709,711,3536,108000,1908,,66,FALSE,FALSE,FALSE,FALSE,FALSE,106500,0.862391092326291,1,FALSE,FALSE,FALSE,FALSE,FALSE,FALSE,FALSE,FALSE,FALSE,60.1692524682652,FALSE
982091101535034,2023-06-26,NEDAP,2023-06-26T05:40:00Z,2023-06-26T05:42:02Z,122,102,3536,105000,1908,,66,FALSE,FALSE,FALSE,FALSE,FALSE,106500,0.862391092326291,1,FALSE,FALSE,FALSE,FALSE,FALSE,FALSE,FALSE,FALSE,FALSE,50.1639344262295,FALSE
982091101535034,2023-06-26,NEDAP,2023-06-26T07:54:00Z,2023-06-26T08:10:24Z,984,1217,3536,107000,1908,,66,FALSE,FALSE,FALSE,FALSE,FALSE,106500,0.862391092326291,1,FALSE,FALSE,FALSE,FALSE,FALSE,FALSE,FALSE,FALSE,FALSE,74.2073170731707,FALSE
982091101535034,2023-06-26,NEDAP,2023-06-26T19:30:00Z,2023-06-26T19:50:02Z,1202,1506,3536,106000,1908,,66,FALSE,FALSE,FALSE,FALSE,FALSE,106500,0.862391092326291,1,FALSE,FALSE,FALSE,FALSE,FALSE,FALSE,FALSE,FALSE,FALSE,75.1747088186356,FALSE
982091101535034,2023-06-27,NEDAP,2023-06-27T00:39:00Z,2023-06-27T00:46:59Z,479,577,4452,108500,1908,,66,FALSE,FALSE,FALSE,FALSE,FALSE,108825.896131277,1,1,FALSE,FALSE,FALSE,FALSE,FALSE,FALSE,FALSE,FALSE,FALSE,72.2755741127349,FALSE
982091101535034,2023-06-27,NEDAP,2023-06-27T01:47:00Z,2023-06-27T01:57:20Z,620,677,4452,110000,1908,,66,FALSE,FALSE,FALSE,FALSE,FALSE,108825.896131277,1,0.62792933537373,FALSE,FALSE,FALSE,FALSE,FALSE,FALSE,FALSE,FALSE,FALSE,65.5161290322581,FALSE
982091101535034,2023-06-27,NEDAP,2023-06-27T05:27:00Z,2023-06-27T05:40:18Z,798,853,4452,109500,1908,,66,FALSE,FALSE,FALSE,FALSE,FALSE,108825.896131277,1,0.774660892364434,FALSE,FALSE,FALSE,FALSE,FALSE,FALSE,FALSE,FALSE,FALSE,64.1353383458647,FALSE
982091101535034,2023-06-27,NEDAP,2023-06-27T06:28:00Z,2023-06-27T06:35:31Z,451,511,4452,109000,1908,,66,FALSE,FALSE,FALSE,FALSE,FALSE,108825.896131277,1,1,FALSE,FALSE,FALSE,FALSE,FALSE,FALSE,FALSE,FALSE,FALSE,67.9822616407982,FALSE
982091101535034,2023-06-27,NEDAP,2023-06-27T10:40:00Z,2023-06-27T10:46:39Z,399,484,4452,109750,1908,,66,FALSE,FALSE,FALSE,FALSE,FALSE,108825.896131277,1,0.777220236493056,FALSE,FALSE,FALSE,FALSE,FALSE,FALSE,FALSE,FALSE,FALSE,72.781954887218,FALSE
982091101535034,2023-06-27,NEDAP,2023-06-27T19:49:00Z,2023-06-27T20:06:12Z,1032,1350,4452,107000,1908,,66,FALSE,FALSE,FALSE,FALSE,FALSE,108825.896131277,1,1,FALSE,FALSE,FALSE,FALSE,FALSE,FALSE,FALSE,FALSE,FALSE,78.4883720930233,FALSE
982091101535034,2023-06-28,NEDAP,2023-06-28T01:18:00Z,2023-06-28T01:33:52Z,952,1031,3443,109000,1908,,66,FALSE,FALSE,FALSE,FALSE,FALSE,108562.317538482,0.865955486254257,1,FALSE,FALSE,FALSE,FALSE,FALSE,FALSE,FALSE,FALSE,FALSE,64.9789915966387,FALSE
982091101535034,2023-06-28,NEDAP,2023-06-28T06:49:00Z,2023-06-28T06:58:40Z,580,650,3443,109000,1908,,66,FALSE,FALSE,FALSE,FALSE,FALSE,108562.317538482,0.865955486254257,1,FALSE,FALSE,FALSE,FALSE,FALSE,FALSE,FALSE,FALSE,FALSE,67.2413793103448,FALSE
982091101535034,2023-06-28,NEDAP,2023-06-28T07:52:00Z,2023-06-28T08:01:00Z,540,669,3443,109500,1908,,66,FALSE,FALSE,FALSE,FALSE,FALSE,108562.317538482,0.865955486254257,1,FALSE,FALSE,FALSE,FALSE,FALSE,FALSE,FALSE,FALSE,FALSE,74.3333333333333,FALSE
982091101535034,2023-06-28,NEDAP,2023-06-28T08:48:00Z,2023-06-28T08:54:27Z,387,450,3443,110000,1908,,66,FALSE,FALSE,FALSE,FALSE,FALSE,108562.317538482,0.865955486254257,0.912293032375711,FALSE,FALSE,FALSE,FALSE,FALSE,FALSE,FALSE,FALSE,FALSE,69.7674418604651,FALSE
982091101535034,2023-06-28,NEDAP,2023-06-28T14:52:00Z,2023-06-28T14:52:39Z,39,1,3443,,1908,,66,FALSE,,FALSE,FALSE,,108562.317538482,0.865955486254257,,FALSE,FALSE,FALSE,FALSE,FALSE,TRUE,FALSE,FALSE,FALSE,1.53846153846154,TRUE
982091101535034,2023-06-28,NEDAP,2023-06-28T22:46:00Z,2023-06-28T22:51:48Z,348,108,3443,106000,1908,,66,FALSE,FALSE,FALSE,FALSE,FALSE,108562.317538482,0.865955486254257,1,FALSE,FALSE,FALSE,FALSE,FALSE,FALSE,FALSE,FALSE,FALSE,18.6206896551724,FALSE
982091101535034,2023-06-28,NEDAP,2023-06-28T23:00:00Z,2023-06-28T23:11:01Z,661,534,3443,108000,1908,,66,FALSE,FALSE,FALSE,FALSE,FALSE,108562.317538482,0.865955486254257,1,FALSE,FALSE,FALSE,FALSE,FALSE,FALSE,FALSE,FALSE,FALSE,48.4720121028744,FALSE
982091101535034,2023-06-29,NEDAP,2023-06-29T00:10:00Z,2023-06-29T00:18:23Z,503,580,3243,107000,1908,,66,FALSE,FALSE,FALSE,FALSE,FALSE,109078.040420599,0.647969652779207,1,FALSE,FALSE,FALSE,FALSE,FALSE,FALSE,FALSE,FALSE,FALSE,69.1848906560636,FALSE
982091101535034,2023-06-29,NEDAP,2023-06-29T04:22:00Z,2023-06-29T04:26:39Z,279,337,3243,108000,1908,,66,FALSE,FALSE,FALSE,FALSE,FALSE,109078.040420599,0.647969652779207,1,FALSE,FALSE,FALSE,FALSE,FALSE,FALSE,FALSE,FALSE,FALSE,72.4731182795699,FALSE
982091101535034,2023-06-29,NEDAP,2023-06-29T05:01:00Z,2023-06-29T05:04:52Z,232,277,3243,108000,1908,,66,FALSE,FALSE,FALSE,FALSE,FALSE,109078.040420599,0.647969652779207,1,FALSE,FALSE,FALSE,FALSE,FALSE,FALSE,FALSE,FALSE,FALSE,71.6379310344828,FALSE
982091101535034,2023-06-29,NEDAP,2023-06-29T06:10:00Z,2023-06-29T06:28:15Z,1095,1065,3243,110000,1908,,66,FALSE,FALSE,FALSE,FALSE,FALSE,109078.040420599,0.647969652779207,1,FALSE,FALSE,FALSE,FALSE,FALSE,FALSE,FALSE,FALSE,FALSE,58.3561643835617,FALSE
982091101535034,2023-06-29,NEDAP,2023-06-29T10:03:00Z,2023-06-29T10:05:54Z,174,202,3243,110000,1908,,66,FALSE,FALSE,FALSE,FALSE,FALSE,109078.040420599,0.647969652779207,1,FALSE,FALSE,FALSE,FALSE,FALSE,FALSE,FALSE,FALSE,FALSE,69.6551724137931,FALSE
982091101535034,2023-06-29,NEDAP,2023-06-29T10:42:00Z,2023-06-29T10:49:47Z,467,336,3243,110750,1908,,66,FALSE,FALSE,FALSE,FALSE,FALSE,109078.040420599,0.647969652779207,1,FALSE,FALSE,FALSE,FALSE,FALSE,FALSE,FALSE,FALSE,FALSE,43.169164882227,FALSE
982091101535034,2023-06-29,NEDAP,2023-06-29T11:15:00Z,2023-06-29T11:17:13Z,133,94,3243,108500,1908,,66,FALSE,FALSE,FALSE,FALSE,FALSE,109078.040420599,0.647969652779207,1,FALSE,FALSE,FALSE,FALSE,FALSE,FALSE,FALSE,FALSE,FALSE,42.406015037594,FALSE
982091101535034,2023-06-29,NEDAP,2023-06-29T11:26:00Z,2023-06-29T11:30:32Z,272,295,3243,112500,1908,,66,FALSE,FALSE,FALSE,FALSE,FALSE,109078.040420599,0.647969652779207,0.6207914837967,FALSE,FALSE,FALSE,FALSE,FALSE,FALSE,FALSE,FALSE,FALSE,65.0735294117647,FALSE
982091101535034,2023-06-29,NEDAP,2023-06-29T13:02:00Z,2023-06-29T13:03:24Z,84,57,3243,108250,1908,,66,FALSE,FALSE,FALSE,FALSE,FALSE,109078.040420599,0.647969652779207,1,FALSE,FALSE,FALSE,FALSE,FALSE,FALSE,FALSE,FALSE,FALSE,40.7142857142857,FALSE
982091101535034,2023-06-30,NEDAP,2023-06-30T01:05:00Z,2023-06-30T01:26:46Z,1306,1325,4061,110000,1908,,66,FALSE,FALSE,FALSE,FALSE,FALSE,112847.014243767,1,1,FALSE,FALSE,FALSE,FALSE,FALSE,FALSE,FALSE,FALSE,FALSE,60.8728943338438,FALSE
982091101535034,2023-06-30,NEDAP,2023-06-30T01:29:00Z,2023-06-30T01:35:48Z,408,457,4061,112000,1908,,66,FALSE,FALSE,FALSE,FALSE,FALSE,112847.014243767,1,0.844132702150901,FALSE,FALSE,FALSE,FALSE,FALSE,FALSE,FALSE,FALSE,FALSE,67.2058823529412,FALSE
982091101535034,2023-06-30,NEDAP,2023-06-30T02:57:00Z,2023-06-30T03:04:33Z,453,442,4061,115000,1908,,66,FALSE,FALSE,FALSE,FALSE,FALSE,112847.014243767,1,0.39059254756493,FALSE,FALSE,FALSE,FALSE,FALSE,FALSE,FALSE,FALSE,FALSE,58.5430463576159,FALSE
982091101535034,2023-06-30,NEDAP,2023-06-30T09:32:00Z,2023-06-30T09:50:12Z,1092,1424,4061,114500,1908,,66,FALSE,FALSE,FALSE,FALSE,FALSE,112847.014243767,1,0.442797555378731,FALSE,FALSE,FALSE,FALSE,FALSE,FALSE,FALSE,FALSE,FALSE,78.2417582417583,FALSE
982091101535034,2023-06-30,NEDAP,2023-06-30T11:11:00Z,2023-06-30T11:16:44Z,344,369,4061,115000,1908,,66,FALSE,FALSE,FALSE,FALSE,FALSE,112847.014243767,1,0.410547308310574,FALSE,FALSE,FALSE,FALSE,FALSE,FALSE,FALSE,FALSE,FALSE,64.3604651162791,FALSE
982091101535034,2023-06-30,NEDAP,2023-06-30T11:43:00Z,2023-06-30T11:44:41Z,101,44,4061,116000,1908,,66,FALSE,FALSE,FALSE,FALSE,FALSE,112847.014243767,1,0.350533114063736,FALSE,FALSE,FALSE,FALSE,FALSE,FALSE,FALSE,FALSE,FALSE,26.1386138613861,FALSE
982091101535034,2023-07-01,NEDAP,2023-07-01T01:15:00Z,2023-07-01T01:33:27Z,1107,1535,4389,117500,1908,,66,FALSE,FALSE,FALSE,FALSE,FALSE,117198.092011011,0.323895617950177,0.284945558397808,FALSE,FALSE,FALSE,FALSE,FALSE,FALSE,FALSE,FALSE,FALSE,83.1978319783198,FALSE
982091101535034,2023-07-01,NEDAP,2023-07-01T05:33:00Z,2023-07-01T05:36:26Z,206,61,4389,117000,1908,,66,FALSE,FALSE,FALSE,FALSE,FALSE,117198.092011011,0.323895617950177,0.311763075749331,FALSE,FALSE,FALSE,FALSE,FALSE,FALSE,FALSE,FALSE,FALSE,17.7669902912621,FALSE
982091101535034,2023-07-01,NEDAP,2023-07-01T07:10:00Z,2023-07-01T07:22:45Z,765,762,4389,118000,1908,,66,FALSE,FALSE,FALSE,FALSE,FALSE,117198.092011011,0.323895617950177,0.275895325633374,FALSE,FALSE,FALSE,FALSE,FALSE,FALSE,FALSE,FALSE,FALSE,59.7647058823529,FALSE
982091101535034,2023-07-01,NEDAP,2023-07-01T13:03:00Z,2023-07-01T13:24:10Z,1270,2031,4389,116500,1908,,66,FALSE,FALSE,FALSE,FALSE,FALSE,117198.092011011,0.323895617950177,0.351690361371708,FALSE,FALSE,FALSE,FALSE,FALSE,FALSE,FALSE,FALSE,FALSE,95.9527559055118,FALSE
