animal_id,record_date,daily_feed_g,daily_weight_g,age_day,visits_n,visits_n_valid,total_duration_sec,location,n_outlier_wt,n_outlier_feed,has_feed_out_of_range_today,is_imputed_wt,is_imputed_feed
ID002,2025-09-17,636,,,8,8,2181,99,8,0,FALSE,TRUE,FALSE
ID002,2025-09-18,538,,,7,7,1310,99,7,0,FALSE,TRUE,FALSE
ID002,2025-09-19,658,,,6,6,2733,99,6,0,FALSE,TRUE,FALSE
ID002,2025-09-20,565,43900,,9,9,1930,99,0,0,FALSE,FALSE,FALSE
ID002,2025-09-21,595,37100,,7,7,1707,99,0,0,FALSE,FALSE,FALSE
ID002,2025-09-22,303,38900,,2,0,0,99,0,2,FALSE,FALSE,FALSE
ID002,2025-09-23,771,39600,,5,5,1952,99,0,0,FALSE,FALSE,FALSE
ID002,2025-09-24,1898,39900,,9,9,4819,99,0,0,FALSE,FALSE,FALSE
ID002,2025-09-25,594,41200,,7,7,1619,99,0,0,FALSE,FALSE,FALSE
ID002,2025-09-26,378,42000,,3,3,1778,99,0,0,FALSE,FALSE,FALSE
ID002,2025-09-27,493,43100,,3,3,1484,99,0,0,FALSE,FALSE,FALSE
ID002,2025-09-28,639,43900,,5,5,2002,99,0,0,FALSE,FALSE,FALSE
ID002,2025-09-29,705,45700,,4,4,3066,99,0,0,FALSE,FALSE,FALSE
ID002,2025-09-30,483,45800,,2,2,1780,99,0,0,FALSE,FALSE,FALSE
ID002,2025-10-01,223,46100,,3,0,0,99,0,3,FALSE,FALSE,FALSE
ID002,2025-10-02,515,47700,,3,3,2686,99,0,0,FALSE,FALSE,FALSE
ID002,2025-10-03,859,48800,,5,5,3836,99,0,0,FALSE,FALSE,FALSE
ID002,2025-10-04,727,49300,,3,3,2806,99,0,0,FALSE,FALSE,FALSE
ID002,2025-10-05,612,51200,,3,3,2719,99,0,0,FALSE,FALSE,FALSE
ID002,2025-10-06,690,51500,,7,7,1996,99,0,0,FALSE,FALSE,FALSE
ID002,2025-10-07,329,52100,,4,4,3387,99,0,0,FALSE,FALSE,FALSE
ID002,2025-10-08,726,54200,,7,7,3256,99,0,0,FALSE,FALSE,FALSE
ID002,2025-10-09,1128,55400,,5,5,2961,99,0,0,FALSE,FALSE,FALSE
ID002,2025-10-10,753,56700,,5,5,3709,99,0,0,FALSE,FALSE,FALSE
ID002,2025-10-11,950,58100,,7,7,3267,99,0,0,FALSE,FALSE,FALSE
ID002,2025-10-12,1379,58100,,7,7,3481,99,0,0,FALSE,FALSE,FALSE
ID002,2025-10-13,1038,60100,,6,6,3013,99,0,0,FALSE,FALSE,FALSE
ID002,2025-10-14,1490,60950,,6,6,3262,99,0,0,FALSE,FALSE,FALSE
ID002,2025-10-15,405,61750,,4,4,1866,99,0,0,FALSE,FALSE,FALSE
ID002,2025-10-16,831,62200,,5,5,1233,99,0,0,FALSE,FALSE,FALSE
ID002,2025-10-17,367,62400,,5,5,2256,99,0,0,FALSE,FALSE,FALSE
ID002,2025-10-18,612,65100,,3,3,1217,99,0,0,FALSE,FALSE,FALSE
ID002,2025-10-19,1688,64500,,10,10,3551,99,0,0,FALSE,FALSE,FALSE
ID002,2025-10-20,1502,66650,,4,4,2294,99,0,0,FALSE,FALSE,FALSE
ID002,2025-10-21,1580,67100,,9,9,3429,99,0,0,FALSE,FALSE,FALSE
ID002,2025-10-22,742,69000,,7,7,2697,99,0,0,FALSE,FALSE,FALSE
ID002,2025-10-23,772,68950,,4,4,2474,99,0,0,FALSE,FALSE,FALSE
ID002,2025-10-24,1584,71200,,10,10,3998,99,0,0,FALSE,FALSE,FALSE
ID002,2025-10-25,687,70000,,6,6,2096,99,0,0,FALSE,FALSE,FALSE
ID002,2025-10-26,910,71950,,6,6,1995,99,0,0,FALSE,FALSE,FALSE
ID002,2025-10-27,1575,73000,,5,5,6392,99,0,0,FALSE,FALSE,FALSE
ID002,2025-10-28,1346,75000,,7,7,3347,99,0,0,FALSE,FALSE,FALSE
ID002,2025-10-29,640,74100,,5,5,2530,99,0,0,FALSE,FALSE,FALSE
ID002,2025-10-30,1386,77700,,7,7,2751,99,0,0,FALSE,FALSE,FALSE
ID002,2025-10-31,1171,77950,,6,6,2335,99,0,0,FALSE,FALSE,FALSE
ID002,2025-11-01,2016,78100,,6,6,2769,99,0,0,FALSE,FALSE,FALSE
ID002,2025-11-02,1328,80900,,6,6,2563,99,0,0,FALSE,FALSE,FALSE
ID002,2025-11-03,891,81600,,7,7,3091,99,0,0,FALSE,FALSE,FALSE
ID002,2025-11-04,1067,82900,,6,6,2619,99,0,0,FALSE,FALSE,FALSE
ID002,2025-11-05,2386,85300,,6,6,1724,99,0,0,FALSE,FALSE,FALSE
ID002,2025-11-06,1827,88100,,7,7,2435,99,0,0,FALSE,FALSE,FALSE
ID002,2025-11-07,2288,87950,,4,4,2450,99,0,0,FALSE,FALSE,FALSE
ID002,2025-11-08,2341,88500,,6,6,2596,99,0,0,FALSE,FALSE,FALSE
ID002,2025-11-09,2162,90200,,8,8,2440,99,0,0,FALSE,FALSE,FALSE
ID002,2025-11-10,1329,90500,,10,10,1496,99,0,0,FALSE,FALSE,FALSE
ID002,2025-11-11,2365,91200,,13,13,2295,99,0,0,FALSE,FALSE,FALSE
ID002,2025-11-12,1804,92000,,3,3,1167,99,0,0,FALSE,FALSE,FALSE
ID002,2025-11-13,1093,96000,,1,1,1039,99,0,0,FALSE,FALSE,FALSE
ID002,2025-11-14,2658,98700,,5,5,2460,99,0,0,FALSE,FALSE,FALSE
ID002,2025-11-15,164,98200,,3,0,0,99,0,3,FALSE,FALSE,FALSE
ID002,2025-11-16,2038,99500,,7,7,2042,99,0,0,FALSE,FALSE,FALSE
ID002,2025-11-17,1527,99400,,5,5,1508,99,0,0,FALSE,FALSE,FALSE
ID002,2025-11-18,2374,101050,,8,8,2561,99,0,0,FALSE,FALSE,FALSE
ID002,2025-11-19,2236,99500,,9,9,2019,99,0,0,FALSE,FALSE,FALSE
ID002,2025-11-20,2893,101200,,7,7,2573,99,0,0,FALSE,FALSE,FALSE
ID002,2025-11-21,2391,101250,,10,10,2068,99,0,0,FALSE,FALSE,FALSE
ID002,2025-11-22,1013,102700,,4,4,2542,99,0,0,FALSE,FALSE,FALSE
ID002,2025-11-23,2360,102200,,22,22,2468,99,0,0,FALSE,FALSE,FALSE
ID002,2025-11-24,3094,103150,,12,12,2938,99,0,0,FALSE,FALSE,FALSE
ID002,2025-11-25,4982,103400,,11,0,0,99,0,11,FALSE,FALSE,FALSE
ID002,2025-11-26,4108,103700,,14,14,3170,99,0,0,FALSE,FALSE,FALSE
ID002,2025-11-27,4189,106550,,10,10,3975,99,0,0,FALSE,FALSE,FALSE
ID002,2025-11-28,2783,105800,,11,11,2770,99,0,0,FALSE,FALSE,FALSE
ID002,2025-11-29,4292,106750,,18,18,3639,99,0,0,FALSE,FALSE,FALSE
ID002,2025-11-30,4367,108850,,26,26,4452,99,0,0,FALSE,FALSE,FALSE
ID002,2025-12-01,3519,110700,,18,18,3476,99,0,0,FALSE,FALSE,FALSE
ID002,2025-12-02,4016,110600,,18,18,3259,99,0,0,FALSE,FALSE,FALSE
ID002,2025-12-03,4005,111700,,13,13,4046,99,0,0,FALSE,FALSE,FALSE
ID002,2025-12-04,4877,113000,,19,19,3943,99,0,0,FALSE,FALSE,FALSE
ID002,2025-12-05,4360,115300,,9,9,4342,99,0,0,FALSE,FALSE,FALSE
ID002,2025-12-06,3920,115000,,17,17,3715,99,0,0,FALSE,FALSE,FALSE
ID002,2025-12-07,4268,116700,,15,15,4288,99,0,0,FALSE,FALSE,FALSE
ID002,2025-12-08,4022,116900,,9,9,3819,99,0,0,FALSE,FALSE,FALSE
ID002,2025-12-09,3786,117900,,8,8,3217,99,0,0,FALSE,FALSE,FALSE
ID002,2025-12-10,3542,120900,,9,9,3576,99,0,0,FALSE,FALSE,FALSE
ID002,2025-12-11,2057,117300,,1,1,1554,99,0,0,FALSE,FALSE,FALSE
ID002,2025-12-12,3640,121650,,6,6,2756,99,0,0,FALSE,FALSE,FALSE
ID002,2025-12-13,4710,124800,,7,7,3798,99,0,0,FALSE,FALSE,FALSE
ID002,2025-12-14,3819,125050,,14,14,3195,99,0,0,FALSE,FALSE,FALSE
ID002,2025-12-15,4355,124100,,12,12,3736,99,0,0,FALSE,FALSE,FALSE
ID002,2025-12-16,4404,133000,,9,9,4228,99,0,0,FALSE,FALSE,FALSE
ID002,2025-12-17,3956,132600,,13,13,3843,99,0,0,FALSE,FALSE,FALSE
ID002,2025-12-18,3460,133000,,15,15,3543,99,0,0,FALSE,FALSE,FALSE
ID002,2025-12-19,3541,132600,,9,9,3136,99,0,0,FALSE,FALSE,FALSE
ID002,2025-12-20,4245,134800,,13,13,3802,99,0,0,FALSE,FALSE,FALSE
ID002,2025-12-21,3982,135200,,11,11,3615,99,0,0,FALSE,FALSE,FALSE
ID002,2025-12-22,675,136100,,1,1,642,99,0,0,FALSE,FALSE,FALSE
ID004,2025-09-20,1120,33500,,15,15,2751,100,0,0,FALSE,FALSE,FALSE
ID004,2025-09-21,740,29750,,17,17,1506,100,1,0,FALSE,FALSE,FALSE
ID004,2025-09-22,587,31025,,9,0,0,100,9,9,FALSE,TRUE,FALSE
ID004,2025-09-23,1126,32300,,13,13,2844,100,0,0,FALSE,FALSE,FALSE
ID004,2025-09-24,1166,31900,,10,10,2662,100,0,0,FALSE,FALSE,FALSE
ID004,2025-09-25,535,33000,,5,0,0,100,0,5,FALSE,FALSE,FALSE
ID004,2025-09-26,598,34400,,11,11,1415,100,0,0,FALSE,FALSE,FALSE
ID004,2025-09-27,777,34900,,10,10,1698,100,0,0,FALSE,FALSE,FALSE
ID004,2025-09-28,1313,36900,,18,18,2826,100,0,0,FALSE,FALSE,FALSE
ID004,2025-09-29,1516,38000,,21,21,3539,100,0,0,FALSE,FALSE,FALSE
ID004,2025-09-30,964,38500,,12,12,1782,100,0,0,FALSE,FALSE,FALSE
ID004,2025-10-01,1546,39300,,12,12,2930,100,0,0,FALSE,FALSE,FALSE
ID004,2025-10-02,721,40500,,11,11,1663,100,0,0,FALSE,FALSE,FALSE
ID004,2025-10-03,2239,41600,,19,19,3622,100,0,0,FALSE,FALSE,FALSE
ID004,2025-10-04,1075,42100,,15,15,3719,100,0,0,FALSE,FALSE,FALSE
ID004,2025-10-05,1729,43800,,17,17,3318,100,0,0,FALSE,FALSE,FALSE
ID004,2025-10-06,981,43600,,15,15,1979,100,0,0,FALSE,FALSE,FALSE
ID004,2025-10-07,1080,48000,,14,14,3170,100,0,0,FALSE,FALSE,FALSE
ID004,2025-10-08,1626,50000,,10,10,2929,100,0,0,FALSE,FALSE,FALSE
ID004,2025-10-09,1042,51000,,10,10,3021,100,0,0,FALSE,FALSE,FALSE
ID004,2025-10-10,1157,52200,,11,11,2389,100,0,0,FALSE,FALSE,FALSE
ID004,2025-10-11,1150,52400,,16,16,2218,100,0,0,FALSE,FALSE,FALSE
ID004,2025-10-12,743,53450,,10,10,2578,100,0,0,FALSE,FALSE,FALSE
ID004,2025-10-13,1675,54800,,20,20,3106,100,0,0,FALSE,FALSE,FALSE
ID004,2025-10-14,1399,56600,,15,15,2533,100,0,0,FALSE,FALSE,FALSE
ID004,2025-10-15,1735,57600,,23,23,3025,100,0,0,FALSE,FALSE,FALSE
ID004,2025-10-16,915,59000,,9,9,1528,100,0,0,FALSE,FALSE,FALSE
ID004,2025-10-17,1263,59000,,9,9,2755,100,0,0,FALSE,FALSE,FALSE
ID004,2025-10-18,2274,61100,,12,12,1919,100,0,0,FALSE,FALSE,FALSE
ID004,2025-10-19,1252,62200,,7,7,4226,100,0,0,FALSE,FALSE,FALSE
ID004,2025-10-20,1013,64000,,17,17,2461,100,0,0,FALSE,FALSE,FALSE
ID004,2025-10-21,1488,63400,,17,17,4727,100,0,0,FALSE,FALSE,FALSE
ID004,2025-10-22,487,65200,,9,0,0,100,0,9,FALSE,FALSE,FALSE
ID004,2025-10-23,1605,65500,,13,13,4797,100,0,0,FALSE,FALSE,FALSE
ID004,2025-10-24,946,66200,,5,5,1637,100,0,0,FALSE,FALSE,FALSE
ID004,2025-10-25,1539,66400,,14,14,3929,100,0,0,FALSE,FALSE,FALSE
ID004,2025-10-26,1141,65300,,14,14,3808,100,0,0,FALSE,FALSE,FALSE
ID004,2025-10-27,1672,67700,,15,15,2932,100,0,0,FALSE,FALSE,FALSE
ID004,2025-10-28,1181,69950,,10,10,1885,100,0,0,FALSE,FALSE,FALSE
ID004,2025-10-29,1791,71000,,14,14,2087,100,0,0,FALSE,FALSE,FALSE
ID004,2025-10-30,2031,72100,,17,17,2819,100,0,0,FALSE,FALSE,FALSE
ID004,2025-10-31,2344,73000,,15,15,3120,100,0,0,FALSE,FALSE,FALSE
ID004,2025-11-01,1960,73500,,14,14,2277,100,0,0,FALSE,FALSE,FALSE
ID004,2025-11-02,1932,72300,,14,14,2773,100,0,0,FALSE,FALSE,FALSE
ID004,2025-11-03,2731,74100,,18,18,5038,100,0,0,FALSE,FALSE,FALSE
ID004,2025-11-04,1978,75400,,13,13,3295,100,0,0,FALSE,FALSE,FALSE
ID004,2025-11-05,1893,76800,,14,14,1927,100,0,0,FALSE,FALSE,FALSE
ID004,2025-11-06,2880,78150,,18,18,2837,100,0,0,FALSE,FALSE,FALSE
ID004,2025-11-07,2350,77600,,19,19,2769,100,0,0,FALSE,FALSE,FALSE
ID004,2025-11-08,2406,80700,,19,19,2140,100,0,0,FALSE,FALSE,FALSE
ID004,2025-11-09,1499,83500,,11,11,1468,100,0,0,FALSE,FALSE,FALSE
ID004,2025-11-10,2090,83800,,10,10,2105,100,0,0,FALSE,FALSE,FALSE
ID004,2025-11-11,1929,84000,,16,16,2066,100,0,0,FALSE,FALSE,FALSE
ID004,2025-11-12,2197,86200,,14,14,2248,100,0,0,FALSE,FALSE,FALSE
ID004,2025-11-13,1510,82100,,1,1,1448,100,0,0,FALSE,FALSE,FALSE
ID004,2025-11-14,2356,87650,,14,14,2504,100,0,0,FALSE,FALSE,FALSE
ID004,2025-11-15,3506,89200,,11,11,3315,100,0,0,FALSE,FALSE,FALSE
ID004,2025-11-16,2142,90400,,7,7,2196,100,0,0,FALSE,FALSE,FALSE
ID004,2025-11-17,3334,92500,,7,7,3228,100,0,0,FALSE,FALSE,FALSE
ID004,2025-11-18,3299,93500,,11,11,3777,100,0,0,FALSE,FALSE,FALSE
ID004,2025-11-19,2804,87350,,14,14,2931,100,0,0,FALSE,FALSE,FALSE
ID004,2025-11-20,3078,86400,,17,17,3226,100,0,0,FALSE,FALSE,FALSE
ID004,2025-11-21,3276,87200,,7,7,3351,100,0,0,FALSE,FALSE,FALSE
ID004,2025-11-22,1223,85800,,12,12,2580,100,0,0,FALSE,FALSE,FALSE
ID004,2025-11-23,1659,88800,,21,21,3027,100,0,0,FALSE,FALSE,FALSE
ID004,2025-11-24,3793,92300,,9,9,3565,100,0,0,FALSE,FALSE,FALSE
ID004,2025-11-25,3360,93100,,11,11,2929,100,0,0,FALSE,FALSE,FALSE
ID004,2025-11-26,3564,93800,,11,11,3047,100,0,0,FALSE,FALSE,FALSE
ID004,2025-11-27,3505,95900,,10,10,3272,100,0,0,FALSE,FALSE,FALSE
ID004,2025-11-28,3557,95700,,8,8,3263,100,0,0,FALSE,FALSE,FALSE
ID004,2025-11-29,2909,96200,,3,3,2493,100,0,0,FALSE,FALSE,FALSE
ID004,2025-11-30,5238,101100,,11,11,3924,100,0,0,FALSE,FALSE,FALSE
ID004,2025-12-01,3619,100200,,7,7,2911,100,0,0,FALSE,FALSE,FALSE
ID004,2025-12-02,3381,102500,,7,7,2976,100,0,0,FALSE,FALSE,FALSE
ID004,2025-12-03,4293,105200,,7,7,3562,100,0,0,FALSE,FALSE,FALSE
ID004,2025-12-04,4434,105800,,5,5,3803,100,0,0,FALSE,FALSE,FALSE
ID004,2025-12-05,3717,107300,,5,5,2932,100,0,0,FALSE,FALSE,FALSE
ID004,2025-12-06,3906,107600,,6,6,3292,100,0,0,FALSE,FALSE,FALSE
ID004,2025-12-07,4219,108300,,12,12,3831,100,0,0,FALSE,FALSE,FALSE
ID004,2025-12-08,3834,110900,,6,6,3178,100,0,0,FALSE,FALSE,FALSE
ID004,2025-12-09,4252,111800,,13,13,3569,100,0,0,FALSE,FALSE,FALSE
ID004,2025-12-10,4684,113750,,14,14,3537,100,0,0,FALSE,FALSE,FALSE
ID004,2025-12-11,2741,112600,,4,4,1875,100,0,0,FALSE,FALSE,FALSE
ID004,2025-12-12,3563,112700,,3,3,2775,100,0,0,FALSE,FALSE,FALSE
ID004,2025-12-13,4291,117000,,5,5,3415,100,0,0,FALSE,FALSE,FALSE
ID004,2025-12-14,2957,120300,,11,11,2841,100,0,0,FALSE,FALSE,FALSE
ID004,2025-12-15,5328,117800,,11,0,0,100,0,11,FALSE,FALSE,FALSE
ID004,2025-12-16,4528,120250,,6,6,3587,100,0,0,FALSE,FALSE,FALSE
ID004,2025-12-17,1900,119100,,5,5,1624,100,0,0,FALSE,FALSE,FALSE
ID004,2025-12-18,3577,120550,,12,12,2880,100,0,0,FALSE,FALSE,FALSE
ID004,2025-12-19,4290,119450,,10,10,2763,100,0,0,FALSE,FALSE,FALSE
ID004,2025-12-20,4062,122600,,5,5,3050,100,0,0,FALSE,FALSE,FALSE
ID004,2025-12-21,4377,123600,,7,7,3668,100,0,0,FALSE,FALSE,FALSE
ID004,2025-12-22,1310,122500,,1,1,908,100,0,0,FALSE,FALSE,FALSE
ID006,2025-09-17,283,,,6,0,0,97,6,6,FALSE,TRUE,FALSE
ID006,2025-09-18,1421,,,17,17,2475,97,17,0,FALSE,TRUE,FALSE
ID006,2025-09-19,952,,,18,18,1581,97,18,0,FALSE,TRUE,FALSE
ID006,2025-09-20,1129,,,18,18,1394,97,18,0,FALSE,TRUE,FALSE
ID006,2025-09-21,1050,,,14,14,1663,97,14,0,FALSE,TRUE,FALSE
ID006,2025-09-22,854,,,11,0,0,97,11,11,FALSE,TRUE,FALSE
ID006,2025-09-23,1087,32500,,8,8,2844,97,2,0,FALSE,FALSE,FALSE
ID006,2025-09-24,1304,33100,,7,7,2918,97,0,0,FALSE,FALSE,FALSE
ID006,2025-09-25,1455,34900,,9,9,3183,97,0,0,FALSE,FALSE,FALSE
ID006,2025-09-26,1454,35800,,7,7,3000,97,0,0,FALSE,FALSE,FALSE
ID006,2025-09-27,1308,36900,,8,8,3371,97,0,0,FALSE,FALSE,FALSE
ID006,2025-09-28,368,37850,,4,0,0,97,4,4,FALSE,TRUE,FALSE
ID006,2025-09-29,2011,38800,,10,10,4263,97,0,0,FALSE,FALSE,FALSE
ID006,2025-09-30,1136,40100,,7,7,2377,97,0,0,FALSE,FALSE,FALSE
ID006,2025-10-01,1641,41350,,8,8,3351,97,0,0,FALSE,FALSE,FALSE
ID006,2025-10-02,1783,42800,,9,9,3274,97,0,0,FALSE,FALSE,FALSE
ID006,2025-10-03,1582,44250,,6,6,3281,97,0,0,FALSE,FALSE,FALSE
ID006,2025-10-04,1193,44950,,4,4,2721,97,0,0,FALSE,FALSE,FALSE
ID006,2025-10-05,2638,46300,,8,8,4468,97,0,0,FALSE,FALSE,FALSE
ID006,2025-10-06,2621,47200,,9,9,4419,97,0,0,FALSE,FALSE,FALSE
ID006,2025-10-07,2068,48100,,5,5,3882,97,0,0,FALSE,FALSE,FALSE
ID006,2025-10-08,1938,48100,,6,6,3724,97,0,0,FALSE,FALSE,FALSE
ID006,2025-10-09,2172,50000,,7,7,3795,97,0,0,FALSE,FALSE,FALSE
ID006,2025-10-10,1930,51250,,8,8,3630,97,0,0,FALSE,FALSE,FALSE
ID006,2025-10-11,2040,51300,,10,10,4017,97,0,0,FALSE,FALSE,FALSE
ID006,2025-10-12,2392,52100,,7,7,4358,97,0,0,FALSE,FALSE,FALSE
ID006,2025-10-13,2656,52750,,6,6,4125,97,0,0,FALSE,FALSE,FALSE
ID006,2025-10-14,2251,54700,,5,5,3568,97,0,0,FALSE,FALSE,FALSE
ID006,2025-10-15,1981,55900,,6,6,3267,97,0,0,FALSE,FALSE,FALSE
ID006,2025-10-16,1920,55600,,5,5,3193,97,0,0,FALSE,FALSE,FALSE
ID006,2025-10-17,2150,56600,,8,8,3852,97,0,0,FALSE,FALSE,FALSE
ID006,2025-10-18,1193,58150,,2,2,1593,97,0,0,FALSE,FALSE,FALSE
ID006,2025-10-19,3325,59500,,7,7,4893,97,0,0,FALSE,FALSE,FALSE
ID006,2025-10-20,2999,61200,,10,10,4329,97,0,0,FALSE,FALSE,FALSE
ID006,2025-10-21,2391,64500,,10,10,4166,97,0,0,FALSE,FALSE,FALSE
ID006,2025-10-22,2466,66200,,9,9,4067,97,0,0,FALSE,FALSE,FALSE
ID006,2025-10-23,1004,66900,,3,3,1503,97,0,0,FALSE,FALSE,FALSE
ID006,2025-10-24,2853,68600,,11,11,4032,97,0,0,FALSE,FALSE,FALSE
ID006,2025-10-25,2148,68800,,8,8,3194,97,0,0,FALSE,FALSE,FALSE
ID006,2025-10-26,2575,68700,,8,8,3875,97,0,0,FALSE,FALSE,FALSE
ID006,2025-10-27,3165,70100,,8,8,4272,97,0,0,FALSE,FALSE,FALSE
ID006,2025-10-28,2166,71050,,8,8,3265,97,0,0,FALSE,FALSE,FALSE
ID006,2025-10-29,2891,72400,,9,9,3816,97,0,0,FALSE,FALSE,FALSE
ID006,2025-10-30,2971,73600,,15,15,4766,97,0,0,FALSE,FALSE,FALSE
ID006,2025-10-31,3531,74400,,12,12,4688,97,0,0,FALSE,FALSE,FALSE
ID006,2025-11-01,3054,75650,,10,10,3977,97,0,0,FALSE,FALSE,FALSE
ID006,2025-11-02,3427,75200,,13,13,4624,97,0,0,FALSE,FALSE,FALSE
ID006,2025-11-03,2817,76500,,11,11,4421,97,0,0,FALSE,FALSE,FALSE
ID006,2025-11-04,2743,76750,,14,14,3659,97,0,0,FALSE,FALSE,FALSE
ID006,2025-11-05,2998,77700,,12,12,4283,97,0,0,FALSE,FALSE,FALSE
ID006,2025-11-06,2490,78500,,8,8,3724,97,0,0,FALSE,FALSE,FALSE
ID006,2025-11-07,2572,80650,,10,10,3741,97,0,0,FALSE,FALSE,FALSE
ID006,2025-11-08,2920,81000,,11,11,4337,97,0,0,FALSE,FALSE,FALSE
ID006,2025-11-09,3730,86100,,10,10,4626,97,0,0,FALSE,FALSE,FALSE
ID006,2025-11-10,3528,87000,,9,9,4432,97,0,0,FALSE,FALSE,FALSE
ID006,2025-11-11,3103,89400,,9,9,4246,97,0,0,FALSE,FALSE,FALSE
ID006,2025-11-12,2550,88800,,12,12,3354,97,0,0,FALSE,FALSE,FALSE
ID006,2025-11-13,944,85700,,4,4,1044,97,0,0,FALSE,FALSE,FALSE
ID006,2025-11-14,3595,89650,,12,12,4642,97,0,0,FALSE,FALSE,FALSE
ID006,2025-11-15,3365,90450,,12,12,4510,97,0,0,FALSE,FALSE,FALSE
ID006,2025-11-16,2871,90600,,7,7,3725,97,0,0,FALSE,FALSE,FALSE
ID006,2025-11-17,3917,93200,,13,13,5265,97,0,0,FALSE,FALSE,FALSE
ID006,2025-11-18,2746,92800,,10,10,4358,97,0,0,FALSE,FALSE,FALSE
ID006,2025-11-19,3293,92000,,7,7,4356,97,0,0,FALSE,FALSE,FALSE
ID006,2025-11-20,3111,93400,,9,9,4635,97,0,0,FALSE,FALSE,FALSE
ID006,2025-11-21,3782,94050,,10,10,5388,97,0,0,FALSE,FALSE,FALSE
ID006,2025-11-22,3643,95800,,9,9,5228,97,0,0,FALSE,FALSE,FALSE
ID006,2025-11-23,3482,96500,,8,8,4691,97,0,0,FALSE,FALSE,FALSE
ID006,2025-11-24,3613,100350,,10,10,4330,97,0,0,FALSE,FALSE,FALSE
ID006,2025-11-25,2799,100750,,12,12,3460,97,0,0,FALSE,FALSE,FALSE
ID006,2025-11-26,2944,102750,,10,10,4055,97,0,0,FALSE,FALSE,FALSE
ID006,2025-11-27,3334,103600,,10,10,4055,97,0,0,FALSE,FALSE,FALSE
ID006,2025-11-28,3697,103900,,14,14,4646,97,0,0,FALSE,FALSE,FALSE
ID006,2025-11-29,3994,104700,,11,11,3774,97,0,0,FALSE,FALSE,FALSE
ID006,2025-11-30,3270,107000,,14,14,3769,97,0,0,FALSE,FALSE,FALSE
ID006,2025-12-01,3978,108400,,15,15,4341,97,0,0,FALSE,FALSE,FALSE
ID006,2025-12-02,3180,109400,,15,15,3897,97,0,0,FALSE,FALSE,FALSE
ID006,2025-12-03,4097,109150,,12,12,4946,97,0,0,FALSE,FALSE,FALSE
ID006,2025-12-04,3307,110650,,18,18,4005,97,0,0,FALSE,FALSE,FALSE
ID006,2025-12-05,3613,109900,,10,10,3896,97,0,0,FALSE,FALSE,FALSE
ID006,2025-12-06,3841,110950,,12,12,4612,97,0,0,FALSE,FALSE,FALSE
ID006,2025-12-07,4436,114300,,13,13,4899,97,0,0,FALSE,FALSE,FALSE
ID006,2025-12-08,4392,115150,,14,14,4807,97,0,0,FALSE,FALSE,FALSE
ID006,2025-12-09,4567,116000,,11,0,0,97,0,11,FALSE,FALSE,FALSE
ID006,2025-12-10,3980,117100,,11,11,4290,97,0,0,FALSE,FALSE,FALSE
ID006,2025-12-11,3328,118100,,11,11,3080,97,0,0,FALSE,FALSE,FALSE
ID006,2025-12-12,3247,119400,,6,6,3395,97,0,0,FALSE,FALSE,FALSE
ID006,2025-12-13,4543,122400,,15,15,4716,97,0,0,FALSE,FALSE,FALSE
ID006,2025-12-14,4404,122800,,13,13,4646,97,0,0,FALSE,FALSE,FALSE
ID006,2025-12-15,3183,122300,,10,10,3251,97,0,0,FALSE,FALSE,FALSE
ID006,2025-12-16,4374,125400,,14,14,4829,97,0,0,FALSE,FALSE,FALSE
ID006,2025-12-17,3524,127300,,9,9,3527,97,0,0,FALSE,FALSE,FALSE
ID006,2025-12-18,3553,127700,,7,7,3914,97,0,0,FALSE,FALSE,FALSE
ID006,2025-12-19,2802,127300,,10,10,2664,97,0,0,FALSE,FALSE,FALSE
ID006,2025-12-20,2999,128100,,7,7,3276,97,0,0,FALSE,FALSE,FALSE
ID006,2025-12-21,2990,128800,,7,7,2907,97,0,0,FALSE,FALSE,FALSE
ID006,2025-12-22,883,130000,,3,3,1027,97,0,0,FALSE,FALSE,FALSE
ID006,2025-12-24,4257,132100,,11,11,3600,97,0,0,FALSE,FALSE,FALSE
ID007,2025-09-15,4611,,,5,5,136,102,5,0,FALSE,TRUE,FALSE
ID007,2025-09-17,4612,,,10,0,0,102,10,10,FALSE,TRUE,FALSE
ID007,2025-09-18,384,,,1,0,0,102,1,1,FALSE,TRUE,FALSE
ID007,2025-09-19,370,30900,,5,0,0,102,0,5,FALSE,FALSE,FALSE
ID007,2025-09-20,1069,32700,,10,10,2726,102,0,0,FALSE,FALSE,FALSE
ID007,2025-09-21,1768,32650,,12,12,4320,102,0,0,FALSE,FALSE,FALSE
ID007,2025-09-22,1156,33100,,9,9,2788,102,0,0,FALSE,FALSE,FALSE
ID007,2025-09-23,1664,34500,,22,22,3951,102,0,0,FALSE,FALSE,FALSE
ID007,2025-09-24,1604,34600,,28,28,3671,102,0,0,FALSE,FALSE,FALSE
ID007,2025-09-25,1634,36400,,30,30,3975,102,0,0,FALSE,FALSE,FALSE
ID007,2025-09-26,1905,37300,,24,24,4230,102,0,0,FALSE,FALSE,FALSE
ID007,2025-09-27,2080,38300,,22,22,4274,102,0,0,FALSE,FALSE,FALSE
ID007,2025-09-28,1130,39500,,17,17,2397,102,1,0,FALSE,FALSE,FALSE
ID007,2025-09-29,1991,40000,,27,27,4096,102,1,0,FALSE,FALSE,FALSE
ID007,2025-09-30,1868,40800,,27,27,3575,102,0,0,FALSE,FALSE,FALSE
ID007,2025-10-01,1055,41000,,15,15,2571,102,0,0,FALSE,FALSE,FALSE
ID007,2025-10-02,1617,42500,,23,23,3430,102,0,0,FALSE,FALSE,FALSE
ID007,2025-10-03,2711,43600,,35,35,4764,102,0,0,FALSE,FALSE,FALSE
ID007,2025-10-04,1415,43300,,15,15,2486,102,0,0,FALSE,FALSE,FALSE
ID007,2025-10-05,2437,44700,,19,19,4299,102,0,0,FALSE,FALSE,FALSE
ID007,2025-10-06,1315,47900,,17,17,2622,102,0,0,FALSE,FALSE,FALSE
ID007,2025-10-07,2409,48250,,26,26,4138,102,0,0,FALSE,FALSE,FALSE
ID007,2025-10-08,1528,49600,,25,25,2977,102,0,0,FALSE,FALSE,FALSE
ID007,2025-10-09,3197,50200,,27,27,4985,102,0,0,FALSE,FALSE,FALSE
ID007,2025-10-10,2391,52400,,38,38,4210,102,0,0,FALSE,FALSE,FALSE
ID007,2025-10-11,2433,52900,,37,37,3677,102,0,0,FALSE,FALSE,FALSE
ID007,2025-10-12,2635,54400,,29,29,4100,102,0,0,FALSE,FALSE,FALSE
ID007,2025-10-13,2415,55900,,28,28,3505,102,0,0,FALSE,FALSE,FALSE
ID007,2025-10-14,1606,56400,,24,24,2505,102,0,0,FALSE,FALSE,FALSE
ID007,2025-10-15,2126,56100,,19,19,3205,102,0,0,FALSE,FALSE,FALSE
ID007,2025-10-16,2032,57600,,28,28,3285,102,0,0,FALSE,FALSE,FALSE
ID007,2025-10-17,2707,58250,,20,20,4483,102,0,0,FALSE,FALSE,FALSE
ID007,2025-10-18,1475,60500,,19,19,1798,102,0,0,FALSE,FALSE,FALSE
ID007,2025-10-19,2871,60300,,26,26,3885,102,0,0,FALSE,FALSE,FALSE
ID007,2025-10-20,2169,62400,,28,28,2905,102,0,0,FALSE,FALSE,FALSE
ID007,2025-10-21,1839,62900,,26,26,2827,102,0,0,FALSE,FALSE,FALSE
ID007,2025-10-22,3334,63000,,27,27,4199,102,0,0,FALSE,FALSE,FALSE
ID007,2025-10-23,2427,64900,,27,27,3061,102,0,0,FALSE,FALSE,FALSE
ID007,2025-10-24,2872,66350,,28,28,3813,102,0,0,FALSE,FALSE,FALSE
ID007,2025-10-25,1745,67200,,26,26,2890,102,0,0,FALSE,FALSE,FALSE
ID007,2025-10-26,2337,67400,,29,29,3054,102,0,0,FALSE,FALSE,FALSE
ID007,2025-10-27,2809,69300,,25,25,3167,102,0,0,FALSE,FALSE,FALSE
ID007,2025-10-28,2650,70700,,33,33,3310,102,0,0,FALSE,FALSE,FALSE
ID007,2025-10-29,2530,69800,,22,22,3193,102,0,0,FALSE,FALSE,FALSE
ID007,2025-10-30,3039,73300,,33,33,3216,102,0,0,FALSE,FALSE,FALSE
ID007,2025-10-31,2638,74200,,44,44,2783,102,0,0,FALSE,FALSE,FALSE
ID007,2025-11-01,3019,73400,,43,43,2921,102,0,0,FALSE,FALSE,FALSE
ID007,2025-11-02,2699,74500,,37,37,2796,102,0,0,FALSE,FALSE,FALSE
ID007,2025-11-03,2146,74900,,27,27,2170,102,0,0,FALSE,FALSE,FALSE
ID007,2025-11-04,4046,76300,,45,45,3506,102,0,0,FALSE,FALSE,FALSE
ID007,2025-11-05,3153,77700,,45,45,2588,102,0,0,FALSE,FALSE,FALSE
ID007,2025-11-06,2693,78200,,36,36,2483,102,0,0,FALSE,FALSE,FALSE
ID007,2025-11-07,2557,79800,,32,32,2396,102,0,0,FALSE,FALSE,FALSE
ID007,2025-11-08,2543,80300,,30,30,2344,102,0,0,FALSE,FALSE,FALSE
ID007,2025-11-09,3635,81500,,46,46,2889,102,0,0,FALSE,FALSE,FALSE
ID007,2025-11-10,1927,82200,,36,36,2038,102,0,0,FALSE,FALSE,FALSE
ID007,2025-11-11,2914,82200,,43,43,2995,102,0,0,FALSE,FALSE,FALSE
ID007,2025-11-12,2834,83200,,35,35,5920,102,0,0,FALSE,FALSE,FALSE
ID007,2025-11-13,1403,83300,,14,14,1188,102,0,0,FALSE,FALSE,FALSE
ID007,2025-11-14,2175,83800,,21,21,1929,102,0,0,FALSE,FALSE,FALSE
ID007,2025-11-15,2663,85100,,42,42,2788,102,0,0,FALSE,FALSE,FALSE
ID007,2025-11-16,2706,87300,,46,46,2737,102,0,0,FALSE,FALSE,FALSE
ID007,2025-11-17,3009,87900,,43,43,2873,102,0,0,FALSE,FALSE,FALSE
ID007,2025-11-18,3052,88200,,45,45,2902,102,0,0,FALSE,FALSE,FALSE
ID007,2025-11-19,3177,92400,,43,43,3028,102,0,0,FALSE,FALSE,FALSE
ID007,2025-11-20,3411,93300,,43,43,2894,102,0,0,FALSE,FALSE,FALSE
ID007,2025-11-21,4207,94300,,58,58,3673,102,0,0,FALSE,FALSE,FALSE
ID007,2025-11-22,3345,96000,,33,33,2692,102,0,0,FALSE,FALSE,FALSE
ID007,2025-11-23,2604,95200,,37,37,2446,102,0,0,FALSE,FALSE,FALSE
ID007,2025-11-24,4295,97600,,61,61,3544,102,0,0,FALSE,FALSE,FALSE
ID007,2025-11-25,3048,97600,,39,39,3145,102,0,0,FALSE,FALSE,FALSE
ID007,2025-11-26,2848,100800,,33,33,2620,102,0,0,FALSE,FALSE,FALSE
ID007,2025-11-27,958,100900,,13,0,0,102,0,13,FALSE,FALSE,FALSE
ID007,2025-11-30,3392,101200,,30,30,2977,102,0,0,FALSE,FALSE,FALSE
ID007,2025-12-01,2738,104400,,26,26,2797,102,0,0,FALSE,FALSE,FALSE
ID007,2025-12-02,3067,102700,,25,25,2702,102,0,0,FALSE,FALSE,FALSE
ID007,2025-12-03,3931,102700,,25,25,3466,102,0,0,FALSE,FALSE,FALSE
ID007,2025-12-04,2795,102800,,21,21,3078,102,0,0,FALSE,FALSE,FALSE
ID007,2025-12-05,3756,104500,,26,26,3417,102,0,0,FALSE,FALSE,FALSE
ID007,2025-12-06,2721,104400,,26,26,2592,102,0,0,FALSE,FALSE,FALSE
ID007,2025-12-07,2882,104700,,22,22,2689,102,0,0,FALSE,FALSE,FALSE
ID007,2025-12-08,2476,106850,,26,26,2389,102,0,0,FALSE,FALSE,FALSE
ID007,2025-12-09,3270,107850,,24,24,3100,102,0,0,FALSE,FALSE,FALSE
ID007,2025-12-10,2503,110800,,29,29,2970,102,0,0,FALSE,FALSE,FALSE
ID007,2025-12-11,1749,110850,,12,12,1984,102,0,0,FALSE,FALSE,FALSE
ID007,2025-12-12,3304,111900,,43,43,3200,102,0,0,FALSE,FALSE,FALSE
ID007,2025-12-13,2180,114700,,21,21,2667,102,0,0,FALSE,FALSE,FALSE
ID007,2025-12-14,1618,113300,,20,20,2068,102,0,0,FALSE,FALSE,FALSE
ID007,2025-12-15,2212,113900,,28,28,2896,102,0,0,FALSE,FALSE,FALSE
ID007,2025-12-16,2433,113150,,22,22,3041,102,0,0,FALSE,FALSE,FALSE
ID007,2025-12-17,2202,114800,,24,24,2213,102,0,0,FALSE,FALSE,FALSE
ID007,2025-12-18,2009,115700,,20,20,2414,102,0,0,FALSE,FALSE,FALSE
ID007,2025-12-19,2727,115850,,22,22,2918,102,0,0,FALSE,FALSE,FALSE
ID007,2025-12-20,1862,118000,,16,16,2520,102,0,0,FALSE,FALSE,FALSE
ID007,2025-12-21,2265,116400,,31,31,2491,102,0,0,FALSE,FALSE,FALSE
ID007,2025-12-22,1352,117500,,5,5,420,102,0,0,FALSE,FALSE,FALSE
ID013,2025-10-09,1332,43700,,3,3,2404,92,0,0,FALSE,FALSE,FALSE
ID013,2025-10-10,1433,42700,,3,3,3125,92,0,0,FALSE,FALSE,FALSE
ID013,2025-10-11,1851,43850,,6,6,4052,92,0,0,FALSE,FALSE,FALSE
ID013,2025-10-12,1488,46450,,6,6,3843,92,0,0,FALSE,FALSE,FALSE
ID013,2025-10-13,1041,46800,,3,0,0,92,0,3,FALSE,FALSE,FALSE
ID013,2025-10-14,2027,45500,,6,6,4131,92,0,0,FALSE,FALSE,FALSE
ID013,2025-10-15,1463,48100,,5,5,3047,92,0,0,FALSE,FALSE,FALSE
ID013,2025-10-16,1843,48400,,7,7,3389,92,0,0,FALSE,FALSE,FALSE
ID013,2025-10-17,1711,50400,,10,10,3585,92,0,0,FALSE,FALSE,FALSE
ID013,2025-10-18,1356,50350,,8,8,3224,92,0,0,FALSE,FALSE,FALSE
ID013,2025-10-19,1633,51600,,8,8,3297,92,0,0,FALSE,FALSE,FALSE
ID013,2025-10-20,1227,51650,,6,6,2620,92,0,0,FALSE,FALSE,FALSE
ID013,2025-10-21,1204,52800,,5,0,0,92,0,5,FALSE,FALSE,FALSE
ID013,2025-10-22,1620,58750,,4,4,2476,92,0,0,FALSE,FALSE,FALSE
ID013,2025-10-23,1666,59400,,7,7,2968,92,0,0,FALSE,FALSE,FALSE
ID013,2025-10-24,2531,61200,,7,7,4118,92,0,0,FALSE,FALSE,FALSE
ID013,2025-10-25,2341,62150,,6,6,3768,92,0,0,FALSE,FALSE,FALSE
ID013,2025-10-26,1874,63300,,5,5,2864,92,0,0,FALSE,FALSE,FALSE
ID013,2025-10-27,2111,63300,,5,5,3390,92,0,0,FALSE,FALSE,FALSE
ID013,2025-10-28,2064,64350,,6,6,2829,92,0,0,FALSE,FALSE,FALSE
ID013,2025-10-29,2811,66200,,7,7,3343,92,0,0,FALSE,FALSE,FALSE
ID013,2025-10-30,1583,66500,,7,7,2160,92,0,0,FALSE,FALSE,FALSE
ID013,2025-10-31,1269,66200,,6,6,1860,92,0,0,FALSE,FALSE,FALSE
ID013,2025-11-01,2127,62000,,4,4,2498,92,0,0,FALSE,FALSE,FALSE
ID013,2025-11-02,2022,63150,,6,6,2654,92,0,0,FALSE,FALSE,FALSE
ID013,2025-11-03,2719,63600,,9,9,4166,92,0,0,FALSE,FALSE,FALSE
ID013,2025-11-04,2282,66250,,8,8,3021,92,0,0,FALSE,FALSE,FALSE
ID013,2025-11-05,2374,66500,,9,9,3528,92,0,0,FALSE,FALSE,FALSE
ID013,2025-11-06,1800,66600,,6,6,3284,92,0,0,FALSE,FALSE,FALSE
ID013,2025-11-07,2226,67500,,5,5,3427,92,0,0,FALSE,FALSE,FALSE
ID013,2025-11-08,1649,68800,,11,11,2653,92,0,0,FALSE,FALSE,FALSE
ID013,2025-11-09,1950,69000,,9,9,2799,92,0,0,FALSE,FALSE,FALSE
ID013,2025-11-10,1854,70100,,9,9,2700,92,0,0,FALSE,FALSE,FALSE
ID013,2025-11-11,1862,71900,,5,5,2429,92,0,0,FALSE,FALSE,FALSE
ID013,2025-11-12,2576,70800,,3,3,3113,92,0,0,FALSE,FALSE,FALSE
ID013,2025-11-13,1358,70600,,1,1,1468,92,0,0,FALSE,FALSE,FALSE
ID013,2025-11-14,3021,73900,,8,8,4270,92,0,0,FALSE,FALSE,FALSE
ID013,2025-11-15,3365,75300,,11,11,4281,92,0,0,FALSE,FALSE,FALSE
ID013,2025-11-16,2527,77400,,11,11,3331,92,0,0,FALSE,FALSE,FALSE
ID013,2025-11-17,4012,77450,,12,0,0,92,0,12,FALSE,FALSE,FALSE
ID013,2025-11-18,3233,78200,,8,8,4037,92,0,0,FALSE,FALSE,FALSE
ID013,2025-11-19,2810,79300,,7,7,3341,92,0,0,FALSE,FALSE,FALSE
ID013,2025-11-20,2854,80200,,9,9,3175,92,0,0,FALSE,FALSE,FALSE
ID013,2025-11-21,3024,81100,,13,13,3487,92,0,0,FALSE,FALSE,FALSE
ID013,2025-11-22,2811,83400,,6,6,3435,92,0,0,FALSE,FALSE,FALSE
ID013,2025-11-23,2794,84000,,13,13,3818,92,0,0,FALSE,FALSE,FALSE
ID013,2025-11-24,2847,85750,,10,10,3634,92,0,0,FALSE,FALSE,FALSE
ID013,2025-11-25,3538,86000,,14,14,4311,92,0,0,FALSE,FALSE,FALSE
ID013,2025-11-26,3218,88100,,12,12,3890,92,0,0,FALSE,FALSE,FALSE
ID013,2025-11-27,2921,87800,,9,9,3719,92,0,0,FALSE,FALSE,FALSE
ID013,2025-11-28,2982,89300,,10,10,3609,92,0,0,FALSE,FALSE,FALSE
ID013,2025-11-29,3295,90650,,10,10,4113,92,0,0,FALSE,FALSE,FALSE
ID013,2025-11-30,3256,92000,,11,11,3897,92,0,0,FALSE,FALSE,FALSE
ID013,2025-12-01,3080,92300,,10,10,3434,92,0,0,FALSE,FALSE,FALSE
ID013,2025-12-02,2864,92900,,10,10,4087,92,0,0,FALSE,FALSE,FALSE
ID013,2025-12-03,3468,94000,,11,11,4334,92,0,0,FALSE,FALSE,FALSE
ID013,2025-12-04,2204,94500,,9,9,3004,92,0,0,FALSE,FALSE,FALSE
ID013,2025-12-05,3203,96100,,9,9,4425,92,0,0,FALSE,FALSE,FALSE
ID013,2025-12-06,2595,95600,,7,7,3683,92,0,0,FALSE,FALSE,FALSE
ID013,2025-12-07,2985,95200,,5,5,3721,92,0,0,FALSE,FALSE,FALSE
ID013,2025-12-08,2771,97800,,12,12,3187,92,0,0,FALSE,FALSE,FALSE
ID013,2025-12-09,2975,99800,,7,7,3600,92,0,0,FALSE,FALSE,FALSE
ID013,2025-12-10,2740,103100,,6,6,3203,92,0,0,FALSE,FALSE,FALSE
ID013,2025-12-11,2631,104000,,6,6,2003,92,0,0,FALSE,FALSE,FALSE
ID013,2025-12-12,2392,103600,,6,6,1807,92,0,0,FALSE,FALSE,FALSE
ID013,2025-12-13,3757,105300,,5,5,4306,92,0,0,FALSE,FALSE,FALSE
ID013,2025-12-14,3630,107600,,4,4,3326,92,0,0,FALSE,FALSE,FALSE
ID013,2025-12-15,3005,107200,,9,9,2773,92,0,0,FALSE,FALSE,FALSE
ID013,2025-12-16,2934,105600,,7,7,3169,92,0,0,FALSE,FALSE,FALSE
ID013,2025-12-17,2557,107700,,4,4,2403,92,0,0,FALSE,FALSE,FALSE
ID013,2025-12-18,2055,108200,,5,5,2295,92,0,0,FALSE,FALSE,FALSE
ID013,2025-12-19,2395,107850,,6,6,2141,92,0,0,FALSE,FALSE,FALSE
ID013,2025-12-20,1247,106200,,2,2,1373,92,0,0,FALSE,FALSE,FALSE
ID013,2025-12-21,1301,105100,,3,3,1438,92,0,0,FALSE,FALSE,FALSE
ID013,2025-12-22,2047,105800,,3,3,1986,92,0,0,FALSE,FALSE,FALSE
ID013,2025-12-23,1863,109250,,6,6,1650,92,0,0,FALSE,FALSE,FALSE
ID013,2025-12-24,3131,111400,,9,9,2546,92,0,0,FALSE,FALSE,FALSE
ID013,2025-12-25,2449,110300,,6,6,2190,92,0,0,FALSE,FALSE,FALSE
ID020,2025-09-14,146,,,4,0,0,92,4,4,FALSE,TRUE,FALSE
ID020,2025-09-15,320,,,4,0,0,92,4,4,FALSE,TRUE,FALSE
ID020,2025-09-16,399,27700,,5,5,1078,92,0,0,FALSE,FALSE,FALSE
ID020,2025-09-17,441,28200,,7,7,1126,92,0,0,FALSE,FALSE,FALSE
ID020,2025-09-18,352,29500,,6,0,0,92,6,6,FALSE,TRUE,FALSE
ID020,2025-09-19,720,30800,,7,7,1427,92,0,0,FALSE,FALSE,FALSE
ID020,2025-09-20,615,30800,,13,13,1331,92,0,0,FALSE,FALSE,FALSE
ID020,2025-09-21,647,29750,,10,10,1927,92,10,0,FALSE,TRUE,FALSE
ID020,2025-09-22,1062,28700,,13,13,1788,92,1,0,FALSE,FALSE,FALSE
ID020,2025-09-23,714,29450,,12,12,1412,92,0,0,FALSE,FALSE,FALSE
ID020,2025-09-24,964,30200,,5,5,2390,92,0,0,FALSE,FALSE,FALSE
ID020,2025-09-25,728,30700,,8,8,2300,92,0,0,FALSE,FALSE,FALSE
ID020,2025-09-26,1313,36700,,14,14,3644,92,0,0,FALSE,FALSE,FALSE
ID020,2025-09-27,1054,37200,,11,11,4393,92,0,0,FALSE,FALSE,FALSE
ID020,2025-09-28,609,31000,,8,8,2823,92,0,0,FALSE,FALSE,FALSE
ID020,2025-09-29,654,32200,,6,6,2205,92,0,0,FALSE,FALSE,FALSE
ID020,2025-09-30,1155,32700,,9,9,4606,92,0,0,FALSE,FALSE,FALSE
ID020,2025-10-01,1370,32450,,10,10,3668,92,0,0,FALSE,FALSE,FALSE
ID020,2025-10-02,1197,34500,,7,7,3634,92,0,0,FALSE,FALSE,FALSE
ID020,2025-10-03,1237,34700,,8,8,4105,92,0,0,FALSE,FALSE,FALSE
ID020,2025-10-04,1144,35600,,7,7,3357,92,0,0,FALSE,FALSE,FALSE
ID020,2025-10-05,1216,35750,,6,6,3059,92,0,0,FALSE,FALSE,FALSE
ID020,2025-10-06,1741,37300,,10,10,4062,92,0,0,FALSE,FALSE,FALSE
ID020,2025-10-07,1942,37900,,9,9,5293,92,0,0,FALSE,FALSE,FALSE
ID020,2025-10-08,1834,38750,,10,10,4476,92,0,0,FALSE,FALSE,FALSE
ID020,2025-10-09,1464,39550,,6,6,3800,92,0,0,FALSE,FALSE,FALSE
ID020,2025-10-10,1825,39800,,7,7,4601,92,0,0,FALSE,FALSE,FALSE
ID020,2025-10-11,1894,40600,,6,6,4122,92,0,0,FALSE,FALSE,FALSE
ID020,2025-10-12,1424,42400,,6,6,3800,92,0,0,FALSE,FALSE,FALSE
ID020,2025-10-13,2339,43400,,9,9,4995,92,0,0,FALSE,FALSE,FALSE
ID020,2025-10-14,2028,42950,,10,10,4512,92,0,0,FALSE,FALSE,FALSE
ID020,2025-10-15,1190,45250,,4,4,2911,92,0,0,FALSE,FALSE,FALSE
ID020,2025-10-16,1495,45200,,9,9,3525,92,0,0,FALSE,FALSE,FALSE
ID020,2025-10-17,1891,47100,,7,7,4221,92,0,0,FALSE,FALSE,FALSE
ID020,2025-10-18,1529,47400,,12,12,3701,92,0,0,FALSE,FALSE,FALSE
ID020,2025-10-19,1514,47900,,5,5,3588,92,0,0,FALSE,FALSE,FALSE
ID020,2025-10-20,1019,48600,,3,3,2358,92,0,0,FALSE,FALSE,FALSE
ID020,2025-10-21,1981,50200,,7,7,4042,92,0,0,FALSE,FALSE,FALSE
ID020,2025-10-22,366,52950,,2,0,0,92,0,2,FALSE,FALSE,FALSE
ID020,2025-10-23,2085,56000,,6,6,3831,92,0,0,FALSE,FALSE,FALSE
ID020,2025-10-24,1858,58100,,12,12,3239,92,0,0,FALSE,FALSE,FALSE
ID020,2025-10-25,1753,58450,,4,4,3361,92,0,0,FALSE,FALSE,FALSE
ID020,2025-10-26,3424,58400,,5,0,0,92,0,5,FALSE,FALSE,FALSE
ID020,2025-10-27,1706,59650,,6,6,3082,92,0,0,FALSE,FALSE,FALSE
ID020,2025-10-28,2411,60300,,4,4,3721,92,0,0,FALSE,FALSE,FALSE
ID020,2025-10-29,2365,61050,,6,6,3684,92,0,0,FALSE,FALSE,FALSE
ID020,2025-10-30,2510,63700,,6,6,4064,92,0,0,FALSE,FALSE,FALSE
ID020,2025-10-31,2430,64300,,5,5,3818,92,0,0,FALSE,FALSE,FALSE
ID020,2025-11-01,1865,60400,,9,9,3101,92,0,0,FALSE,FALSE,FALSE
ID020,2025-11-02,2131,60150,,8,8,3696,92,0,0,FALSE,FALSE,FALSE
ID020,2025-11-03,1892,60400,,5,5,3487,92,0,0,FALSE,FALSE,FALSE
ID020,2025-11-04,3513,63500,,9,0,0,92,0,9,FALSE,FALSE,FALSE
ID020,2025-11-05,2367,64600,,13,13,3924,92,0,0,FALSE,FALSE,FALSE
ID020,2025-11-06,2531,64850,,10,10,3828,92,0,0,FALSE,FALSE,FALSE
ID020,2025-11-07,1894,64600,,7,7,4013,92,0,0,FALSE,FALSE,FALSE
ID020,2025-11-08,2010,65900,,9,9,3563,92,0,0,FALSE,FALSE,FALSE
ID020,2025-11-09,1273,65900,,5,5,2407,92,0,0,FALSE,FALSE,FALSE
ID020,2025-11-10,1509,65400,,5,5,2788,92,0,0,FALSE,FALSE,FALSE
ID020,2025-11-11,2040,65700,,7,7,3340,92,0,0,FALSE,FALSE,FALSE
ID020,2025-11-12,735,66100,,7,0,0,92,0,7,FALSE,FALSE,FALSE
ID020,2025-11-13,2260,67500,,4,4,2705,92,0,0,FALSE,FALSE,FALSE
ID020,2025-11-14,1989,70000,,6,6,2821,92,0,0,FALSE,FALSE,FALSE
ID020,2025-11-15,2883,71600,,9,9,4111,92,0,0,FALSE,FALSE,FALSE
ID020,2025-11-16,1983,72900,,7,7,2793,92,0,0,FALSE,FALSE,FALSE
ID020,2025-11-17,2911,72500,,9,9,4032,92,0,0,FALSE,FALSE,FALSE
ID020,2025-11-18,3130,73500,,7,7,4308,92,0,0,FALSE,FALSE,FALSE
ID020,2025-11-19,3090,75300,,6,6,4093,92,0,0,FALSE,FALSE,FALSE
ID020,2025-11-20,2670,77750,,12,12,3995,92,0,0,FALSE,FALSE,FALSE
ID020,2025-11-21,2494,76100,,7,7,3696,92,0,0,FALSE,FALSE,FALSE
ID020,2025-11-22,2821,78400,,11,11,3855,92,0,0,FALSE,FALSE,FALSE
ID020,2025-11-23,2659,77200,,9,9,3491,92,0,0,FALSE,FALSE,FALSE
ID020,2025-11-24,2517,79700,,9,9,3860,92,0,0,FALSE,FALSE,FALSE
ID020,2025-11-25,3224,79800,,5,5,3469,92,0,0,FALSE,FALSE,FALSE
ID020,2025-11-26,4045,81800,,9,0,0,92,0,9,FALSE,FALSE,FALSE
ID020,2025-11-27,2966,83750,,10,10,3858,92,0,0,FALSE,FALSE,FALSE
ID020,2025-11-28,2802,83900,,7,7,3403,92,0,0,FALSE,FALSE,FALSE
ID020,2025-11-29,2970,86800,,11,11,3838,92,0,0,FALSE,FALSE,FALSE
ID020,2025-11-30,3375,87800,,9,9,4587,92,0,0,FALSE,FALSE,FALSE
ID020,2025-12-01,3012,88300,,9,9,3987,92,0,0,FALSE,FALSE,FALSE
ID020,2025-12-02,3322,88650,,8,8,4620,92,0,0,FALSE,FALSE,FALSE
ID020,2025-12-03,2977,88350,,6,6,4200,92,0,0,FALSE,FALSE,FALSE
ID020,2025-12-04,3067,90300,,8,8,4036,92,0,0,FALSE,FALSE,FALSE
ID020,2025-12-05,3156,91800,,8,8,4079,92,0,0,FALSE,FALSE,FALSE
ID020,2025-12-06,3463,92150,,12,12,4061,92,0,0,FALSE,FALSE,FALSE
ID020,2025-12-07,3407,92300,,11,11,4202,92,0,0,FALSE,FALSE,FALSE
ID020,2025-12-08,4591,94300,,12,0,0,92,0,12,FALSE,FALSE,FALSE
ID020,2025-12-09,2383,95300,,8,0,0,92,0,8,FALSE,FALSE,FALSE
ID020,2025-12-10,3515,100150,,6,6,3830,92,0,0,FALSE,FALSE,FALSE
ID020,2025-12-11,3787,99500,,10,10,4319,92,0,0,FALSE,FALSE,FALSE
ID020,2025-12-12,2676,100750,,4,0,0,92,0,4,FALSE,FALSE,FALSE
ID020,2025-12-13,3929,102500,,6,6,4540,92,0,0,FALSE,FALSE,FALSE
ID020,2025-12-14,3876,103650,,8,8,4290,92,0,0,FALSE,FALSE,FALSE
ID020,2025-12-15,4011,105550,,8,8,4372,92,0,0,FALSE,FALSE,FALSE
ID020,2025-12-16,3396,103400,,8,8,3527,92,0,0,FALSE,FALSE,FALSE
ID020,2025-12-17,3212,104600,,5,5,3311,92,0,0,FALSE,FALSE,FALSE
ID020,2025-12-18,3083,107200,,7,7,3475,92,0,0,FALSE,FALSE,FALSE
ID020,2025-12-19,3596,105400,,7,7,4144,92,0,0,FALSE,FALSE,FALSE
ID020,2025-12-20,2610,106400,,6,0,0,92,0,6,FALSE,FALSE,FALSE
ID020,2025-12-21,2270,109100,,8,0,0,92,0,8,FALSE,FALSE,FALSE
ID020,2025-12-22,3984,109700,,6,6,4718,92,0,0,FALSE,FALSE,FALSE
ID020,2025-12-23,4090,112400,,7,0,0,92,0,7,FALSE,FALSE,FALSE
ID020,2025-12-24,3559,113500,,3,3,3726,92,0,0,FALSE,FALSE,FALSE
ID020,2025-12-25,3661,116300,,3,3,3112,92,0,0,FALSE,FALSE,FALSE
ID020,2025-12-26,1586,116600,,3,0,0,92,0,3,FALSE,FALSE,FALSE
ID022,2025-09-19,525,46100,,2,0,0,101,1,2,FALSE,FALSE,FALSE
ID022,2025-09-20,1027,31700,,14,14,2112,101,0,0,FALSE,FALSE,FALSE
ID022,2025-09-21,1001,32550,,7,0,0,101,7,7,FALSE,TRUE,FALSE
ID022,2025-09-22,1853,33400,,13,13,3253,101,0,0,FALSE,FALSE,FALSE
ID022,2025-09-23,1908,33900,,13,13,3517,101,0,0,FALSE,FALSE,FALSE
ID022,2025-09-24,1799,33800,,10,10,3430,101,0,0,FALSE,FALSE,FALSE
ID022,2025-09-25,1569,34550,,8,8,2827,101,0,0,FALSE,FALSE,FALSE
ID022,2025-09-26,1367,35400,,8,8,3243,101,0,0,FALSE,FALSE,FALSE
ID022,2025-09-27,1636,35400,,9,9,3210,101,0,0,FALSE,FALSE,FALSE
ID022,2025-09-28,1948,36250,,8,8,2805,101,0,0,FALSE,FALSE,FALSE
ID022,2025-09-29,3388,35650,,10,10,3602,101,0,0,FALSE,FALSE,FALSE
ID022,2025-09-30,2358,37800,,10,10,2237,101,0,0,FALSE,FALSE,FALSE
ID022,2025-10-01,2862,35600,,9,9,2697,101,0,0,FALSE,FALSE,FALSE
ID022,2025-10-02,2758,38600,,8,8,3023,101,0,0,FALSE,FALSE,FALSE
ID022,2025-10-03,2755,39300,,12,12,2392,101,0,0,FALSE,FALSE,FALSE
ID022,2025-10-04,2045,39000,,12,12,2450,101,0,0,FALSE,FALSE,FALSE
ID022,2025-10-05,3677,40700,,10,10,4040,101,0,0,FALSE,FALSE,FALSE
ID022,2025-10-06,3109,42050,,10,10,2825,101,0,0,FALSE,FALSE,FALSE
ID022,2025-10-07,2904,42850,,8,8,2951,101,0,0,FALSE,FALSE,FALSE
ID022,2025-10-08,3016,43650,,12,12,3184,101,0,0,FALSE,FALSE,FALSE
ID022,2025-10-09,4397,43800,,10,10,3752,101,0,0,FALSE,FALSE,FALSE
ID022,2025-10-10,3603,45600,,8,8,3505,101,0,0,FALSE,FALSE,FALSE
ID022,2025-10-11,3407,46100,,10,10,3788,101,0,0,FALSE,FALSE,FALSE
ID022,2025-10-12,3986,46500,,5,5,4211,101,0,0,FALSE,FALSE,FALSE
ID022,2025-10-13,3845,48150,,6,6,2893,101,0,0,FALSE,FALSE,FALSE
ID022,2025-10-14,5136,49500,,10,0,0,101,0,10,FALSE,FALSE,FALSE
ID022,2025-10-15,3365,50400,,20,20,2510,101,0,0,FALSE,FALSE,FALSE
ID022,2025-10-16,3920,50700,,15,15,3732,101,0,0,FALSE,FALSE,FALSE
ID022,2025-10-17,3769,51500,,7,7,2922,101,0,0,FALSE,FALSE,FALSE
ID022,2025-10-18,1853,52750,,8,8,1163,101,0,0,FALSE,FALSE,FALSE
ID022,2025-10-19,2842,53000,,3,3,1718,101,0,0,FALSE,FALSE,FALSE
ID022,2025-10-20,3762,53800,,8,8,2501,101,0,0,FALSE,FALSE,FALSE
ID022,2025-10-21,4740,56400,,9,9,3709,101,0,0,FALSE,FALSE,FALSE
ID022,2025-10-22,3906,54900,,9,9,3525,101,0,0,FALSE,FALSE,FALSE
ID022,2025-10-23,3246,56400,,7,7,2729,101,0,0,FALSE,FALSE,FALSE
ID022,2025-10-24,4312,57000,,4,4,3132,101,0,0,FALSE,FALSE,FALSE
ID022,2025-10-25,3235,58200,,12,12,3525,101,0,0,FALSE,FALSE,FALSE
ID022,2025-10-26,4120,60600,,9,9,3898,101,0,0,FALSE,FALSE,FALSE
ID022,2025-10-27,4387,60600,,9,9,3025,101,0,0,FALSE,FALSE,FALSE
ID022,2025-10-28,2931,62600,,3,3,1709,101,0,0,FALSE,FALSE,FALSE
ID022,2025-10-29,5034,62100,,11,11,3880,101,0,0,FALSE,FALSE,FALSE
ID022,2025-10-30,1833,63300,,9,9,2270,101,0,0,FALSE,FALSE,FALSE
ID022,2025-10-31,2726,64900,,17,17,3258,101,0,0,FALSE,FALSE,FALSE
ID022,2025-11-01,2630,66150,,20,20,3021,101,0,0,FALSE,FALSE,FALSE
ID022,2025-11-02,3038,67200,,20,20,3388,101,0,0,FALSE,FALSE,FALSE
ID022,2025-11-03,4284,68150,,16,16,4673,101,0,0,FALSE,FALSE,FALSE
ID022,2025-11-04,3746,68750,,18,18,3246,101,0,0,FALSE,FALSE,FALSE
ID022,2025-11-05,3886,69700,,19,19,2870,101,0,0,FALSE,FALSE,FALSE
ID022,2025-11-06,2550,70800,,17,17,2738,101,0,0,FALSE,FALSE,FALSE
ID022,2025-11-07,3378,72200,,19,19,3475,101,0,0,FALSE,FALSE,FALSE
ID022,2025-11-08,3549,73900,,33,33,2936,101,0,0,FALSE,FALSE,FALSE
ID022,2025-11-09,3368,74100,,26,26,2682,101,0,0,FALSE,FALSE,FALSE
ID022,2025-11-10,3937,75000,,28,28,3431,101,0,0,FALSE,FALSE,FALSE
ID022,2025-11-11,2834,74900,,18,18,2595,101,0,0,FALSE,FALSE,FALSE
ID022,2025-11-12,3468,75750,,20,20,3152,101,0,0,FALSE,FALSE,FALSE
ID022,2025-11-13,3524,76900,,16,16,2328,101,0,0,FALSE,FALSE,FALSE
ID022,2025-11-14,3530,79300,,16,16,3112,101,0,0,FALSE,FALSE,FALSE
ID022,2025-11-15,3112,79300,,15,15,2941,101,0,0,FALSE,FALSE,FALSE
ID022,2025-11-16,3545,80000,,25,25,3569,101,0,0,FALSE,FALSE,FALSE
ID022,2025-11-17,3129,81250,,24,24,2803,101,0,0,FALSE,FALSE,FALSE
ID022,2025-11-18,3082,82250,,16,16,3112,101,0,0,FALSE,FALSE,FALSE
ID022,2025-11-19,3395,82500,,19,19,2844,101,0,0,FALSE,FALSE,FALSE
ID022,2025-11-20,4001,82400,,24,24,3183,101,0,0,FALSE,FALSE,FALSE
ID022,2025-11-21,3183,83300,,32,32,3029,101,0,0,FALSE,FALSE,FALSE
ID022,2025-11-22,3186,84200,,18,18,3046,101,0,0,FALSE,FALSE,FALSE
ID022,2025-11-23,2375,85300,,21,21,2283,101,0,0,FALSE,FALSE,FALSE
ID022,2025-11-24,3623,89200,,20,20,3539,101,0,0,FALSE,FALSE,FALSE
ID022,2025-11-25,3310,89100,,20,20,2819,101,0,0,FALSE,FALSE,FALSE
ID022,2025-11-26,2715,89700,,21,21,2431,101,0,0,FALSE,FALSE,FALSE
ID022,2025-11-27,2782,88300,,32,32,3060,101,0,0,FALSE,FALSE,FALSE
ID022,2025-11-28,3778,91200,,26,26,3294,101,0,0,FALSE,FALSE,FALSE
ID022,2025-11-29,3096,91200,,15,15,2481,101,0,0,FALSE,FALSE,FALSE
ID022,2025-11-30,4263,94100,,16,16,3000,101,0,0,FALSE,FALSE,FALSE
ID022,2025-12-01,3293,94500,,19,19,2610,101,0,0,FALSE,FALSE,FALSE
ID022,2025-12-02,4175,96300,,23,23,3245,101,0,0,FALSE,FALSE,FALSE
ID022,2025-12-03,4605,96300,,21,21,3628,101,0,0,FALSE,FALSE,FALSE
ID022,2025-12-04,3717,97000,,23,23,3092,101,0,0,FALSE,FALSE,FALSE
ID022,2025-12-05,4363,98100,,23,23,3092,101,0,0,FALSE,FALSE,FALSE
ID022,2025-12-06,3342,98800,,28,28,2626,101,0,0,FALSE,FALSE,FALSE
ID022,2025-12-07,4580,100500,,23,23,3325,101,0,0,FALSE,FALSE,FALSE
ID022,2025-12-08,4175,101900,,20,20,3268,101,0,0,FALSE,FALSE,FALSE
ID022,2025-12-09,4189,102050,,16,16,3418,101,0,0,FALSE,FALSE,FALSE
ID022,2025-12-10,3927,106200,,18,18,2985,101,0,0,FALSE,FALSE,FALSE
ID022,2025-12-11,3021,105250,,16,16,1607,101,0,0,FALSE,FALSE,FALSE
ID022,2025-12-12,3540,109100,,13,13,2755,101,0,0,FALSE,FALSE,FALSE
ID022,2025-12-13,4193,110600,,15,15,2956,101,0,0,FALSE,FALSE,FALSE
ID022,2025-12-14,4564,111700,,34,34,3461,101,0,0,FALSE,FALSE,FALSE
ID022,2025-12-15,4690,112000,,18,18,3982,101,0,0,FALSE,FALSE,FALSE
ID022,2025-12-16,4339,109300,,27,27,3113,101,0,0,FALSE,FALSE,FALSE
ID022,2025-12-17,3226,111600,,17,17,2544,101,0,0,FALSE,FALSE,FALSE
ID022,2025-12-18,3708,113100,,9,9,3106,101,0,0,FALSE,FALSE,FALSE
ID022,2025-12-19,3545,113100,,19,19,2258,101,0,0,FALSE,FALSE,FALSE
ID022,2025-12-20,4913,116100,,19,19,3899,101,0,0,FALSE,FALSE,FALSE
ID022,2025-12-21,3641,117550,,18,18,3234,101,0,0,FALSE,FALSE,FALSE
ID022,2025-12-22,1024,119200,,2,0,0,101,0,2,FALSE,FALSE,FALSE
ID023,2025-09-17,288,32700,,5,0,0,100,0,5,FALSE,FALSE,FALSE
ID023,2025-09-18,494,32800,,10,10,2350,100,0,0,FALSE,FALSE,FALSE
ID023,2025-09-19,561,34950,,14,14,3242,100,0,0,FALSE,FALSE,FALSE
ID023,2025-09-20,633,34100,,10,10,2175,100,0,0,FALSE,FALSE,FALSE
ID023,2025-09-21,471,26200,,7,7,2324,100,2,0,FALSE,FALSE,FALSE
ID023,2025-09-22,357,27900,,10,0,0,100,1,10,FALSE,FALSE,FALSE
ID023,2025-09-23,800,28100,,11,11,3745,100,2,0,FALSE,FALSE,FALSE
ID023,2025-09-24,464,28900,,6,0,0,100,0,6,FALSE,FALSE,FALSE
ID023,2025-09-25,1015,28400,,7,7,2985,100,1,0,FALSE,FALSE,FALSE
ID023,2025-09-26,852,29700,,9,9,2413,100,0,0,FALSE,FALSE,FALSE
ID023,2025-09-27,813,30400,,9,9,2462,100,1,0,FALSE,FALSE,FALSE
ID023,2025-09-28,1168,33100,,12,12,2781,100,0,0,FALSE,FALSE,FALSE
ID023,2025-09-29,1100,34700,,12,12,2864,100,0,0,FALSE,FALSE,FALSE
ID023,2025-09-30,828,34100,,11,11,1787,100,0,0,FALSE,FALSE,FALSE
ID023,2025-10-01,775,36000,,8,8,2152,100,0,0,FALSE,FALSE,FALSE
ID023,2025-10-02,1187,36700,,14,14,3844,100,0,0,FALSE,FALSE,FALSE
ID023,2025-10-03,587,38200,,7,7,1622,100,0,0,FALSE,FALSE,FALSE
ID023,2025-10-04,1088,39500,,14,14,2628,100,0,0,FALSE,FALSE,FALSE
ID023,2025-10-05,561,41000,,9,9,2066,100,0,0,FALSE,FALSE,FALSE
ID023,2025-10-06,871,40250,,8,8,1817,100,0,0,FALSE,FALSE,FALSE
ID023,2025-10-07,1176,46250,,10,10,3299,100,0,0,FALSE,FALSE,FALSE
ID023,2025-10-08,754,47800,,9,9,3124,100,0,0,FALSE,FALSE,FALSE
ID023,2025-10-09,1707,48500,,10,10,3028,100,0,0,FALSE,FALSE,FALSE
ID023,2025-10-10,1788,49600,,8,8,3725,100,0,0,FALSE,FALSE,FALSE
ID023,2025-10-11,1645,50600,,12,12,3978,100,0,0,FALSE,FALSE,FALSE
ID023,2025-10-12,660,52300,,8,8,4231,100,0,0,FALSE,FALSE,FALSE
ID023,2025-10-13,1482,53400,,9,9,4678,100,0,0,FALSE,FALSE,FALSE
ID023,2025-10-14,1158,54800,,8,8,1723,100,0,0,FALSE,FALSE,FALSE
ID023,2025-10-15,1676,55350,,10,10,3748,100,0,0,FALSE,FALSE,FALSE
ID023,2025-10-16,954,55700,,8,8,1886,100,0,0,FALSE,FALSE,FALSE
ID023,2025-10-17,1830,57200,,12,12,5122,100,0,0,FALSE,FALSE,FALSE
ID023,2025-10-18,629,59650,,4,4,1531,100,0,0,FALSE,FALSE,FALSE
ID023,2025-10-19,1131,58500,,5,5,3958,100,0,0,FALSE,FALSE,FALSE
ID023,2025-10-20,1570,60500,,12,12,2535,100,0,0,FALSE,FALSE,FALSE
ID023,2025-10-21,950,59700,,11,11,3264,100,0,0,FALSE,FALSE,FALSE
ID023,2025-10-22,1592,60100,,10,10,4515,100,0,0,FALSE,FALSE,FALSE
ID023,2025-10-23,827,62200,,7,7,3502,100,0,0,FALSE,FALSE,FALSE
ID023,2025-10-24,1225,61100,,7,7,3898,100,0,0,FALSE,FALSE,FALSE
ID023,2025-10-25,1051,61750,,10,10,3221,100,0,0,FALSE,FALSE,FALSE
ID023,2025-10-26,1699,61300,,10,10,5652,100,0,0,FALSE,FALSE,FALSE
ID023,2025-10-27,1391,62600,,5,5,3878,100,0,0,FALSE,FALSE,FALSE
ID023,2025-10-28,1440,63100,,9,9,3460,100,0,0,FALSE,FALSE,FALSE
ID023,2025-10-29,1663,64800,,4,4,3059,100,0,0,FALSE,FALSE,FALSE
ID023,2025-10-30,1104,66700,,7,7,2894,100,0,0,FALSE,FALSE,FALSE
ID023,2025-10-31,1730,66500,,7,7,2943,100,0,0,FALSE,FALSE,FALSE
ID023,2025-11-01,1459,67500,,8,8,3046,100,0,0,FALSE,FALSE,FALSE
ID023,2025-11-02,924,65800,,5,5,3549,100,0,0,FALSE,FALSE,FALSE
ID023,2025-11-03,1826,68400,,7,7,4940,100,0,0,FALSE,FALSE,FALSE
ID023,2025-11-04,878,69200,,6,6,3024,100,0,0,FALSE,FALSE,FALSE
ID023,2025-11-05,2972,70200,,10,10,4016,100,0,0,FALSE,FALSE,FALSE
ID023,2025-11-06,1965,71000,,12,12,2581,100,0,0,FALSE,FALSE,FALSE
ID023,2025-11-07,2289,72300,,8,8,3244,100,0,0,FALSE,FALSE,FALSE
ID023,2025-11-08,1942,73550,,6,6,3039,100,0,0,FALSE,FALSE,FALSE
ID023,2025-11-09,1838,77250,,8,8,2386,100,0,0,FALSE,FALSE,FALSE
ID023,2025-11-10,1442,79900,,4,4,1988,100,0,0,FALSE,FALSE,FALSE
ID023,2025-11-11,2161,80900,,13,13,2897,100,0,0,FALSE,FALSE,FALSE
ID023,2025-11-12,2413,80800,,10,10,3286,100,0,0,FALSE,FALSE,FALSE
ID023,2025-11-13,2617,79100,,4,4,3010,100,0,0,FALSE,FALSE,FALSE
ID023,2025-11-14,2537,84700,,8,8,2880,100,0,0,FALSE,FALSE,FALSE
ID023,2025-11-15,2504,85900,,9,9,3275,100,0,0,FALSE,FALSE,FALSE
ID023,2025-11-16,1944,87000,,7,7,2194,100,0,0,FALSE,FALSE,FALSE
ID023,2025-11-17,3221,89200,,12,12,3462,100,0,0,FALSE,FALSE,FALSE
ID023,2025-11-18,3900,90400,,9,9,4612,100,0,0,FALSE,FALSE,FALSE
ID023,2025-11-19,1270,82600,,5,5,1449,100,0,0,FALSE,FALSE,FALSE
ID023,2025-11-20,2610,82900,,9,9,3616,100,0,0,FALSE,FALSE,FALSE
ID023,2025-11-21,2327,83450,,8,8,2807,100,0,0,FALSE,FALSE,FALSE
ID023,2025-11-22,1033,82750,,4,4,3052,100,0,0,FALSE,FALSE,FALSE
ID023,2025-11-23,2428,86650,,6,6,4883,100,0,0,FALSE,FALSE,FALSE
ID023,2025-11-24,3546,89050,,12,12,3694,100,0,0,FALSE,FALSE,FALSE
ID023,2025-11-25,3579,89150,,12,12,3873,100,0,0,FALSE,FALSE,FALSE
ID023,2025-11-26,3906,89900,,14,14,4497,100,0,0,FALSE,FALSE,FALSE
ID023,2025-11-27,3826,92000,,9,9,4285,100,0,0,FALSE,FALSE,FALSE
ID023,2025-11-28,2819,93100,,8,8,3734,100,0,0,FALSE,FALSE,FALSE
ID023,2025-11-29,4110,94400,,5,5,4541,100,0,0,FALSE,FALSE,FALSE
ID023,2025-11-30,3928,97000,,7,7,4216,100,0,0,FALSE,FALSE,FALSE
ID023,2025-12-01,3503,97750,,8,8,4095,100,0,0,FALSE,FALSE,FALSE
ID023,2025-12-02,3583,97250,,6,6,3628,100,0,0,FALSE,FALSE,FALSE
ID023,2025-12-03,3623,101850,,4,4,3616,100,0,0,FALSE,FALSE,FALSE
ID023,2025-12-04,3042,102400,,3,3,2837,100,0,0,FALSE,FALSE,FALSE
ID023,2025-12-05,4038,104950,,4,4,4231,100,0,0,FALSE,FALSE,FALSE
ID023,2025-12-06,4194,105400,,6,6,4485,100,0,0,FALSE,FALSE,FALSE
ID023,2025-12-07,3769,107300,,7,7,3598,100,0,0,FALSE,FALSE,FALSE
ID023,2025-12-08,4167,109300,,7,7,3959,100,0,0,FALSE,FALSE,FALSE
ID023,2025-12-09,2871,110700,,5,5,3263,100,0,0,FALSE,FALSE,FALSE
ID023,2025-12-10,4019,111600,,8,8,3838,100,0,0,FALSE,FALSE,FALSE
ID023,2025-12-11,2883,107000,,3,3,2468,100,0,0,FALSE,FALSE,FALSE
ID023,2025-12-12,2483,112700,,3,3,2664,100,0,0,FALSE,FALSE,FALSE
ID023,2025-12-13,4527,115300,,9,9,4592,100,0,0,FALSE,FALSE,FALSE
ID023,2025-12-14,3808,117200,,6,6,3817,100,0,0,FALSE,FALSE,FALSE
ID023,2025-12-15,3298,116200,,10,10,3354,100,0,0,FALSE,FALSE,FALSE
ID023,2025-12-16,3850,114500,,6,6,3702,100,0,0,FALSE,FALSE,FALSE
ID023,2025-12-17,4711,117550,,8,0,0,100,0,8,FALSE,FALSE,FALSE
ID023,2025-12-18,2509,118000,,5,5,2611,100,0,0,FALSE,FALSE,FALSE
ID023,2025-12-19,4551,115950,,10,10,3977,100,0,0,FALSE,FALSE,FALSE
ID023,2025-12-20,4690,120800,,6,6,4031,100,0,0,FALSE,FALSE,FALSE
ID023,2025-12-21,3930,122950,,6,6,4107,100,0,0,FALSE,FALSE,FALSE
ID023,2025-12-22,987,122000,,1,1,997,100,0,0,FALSE,FALSE,FALSE
ID028,2025-09-12,714,26200,,26,26,1253,92,10,0,FALSE,FALSE,FALSE
ID028,2025-09-13,883,36900,,22,22,1995,92,7,0,FALSE,FALSE,FALSE
ID028,2025-09-14,870,28500,,13,13,2000,92,2,0,FALSE,FALSE,FALSE
ID028,2025-09-15,744,29400,,9,9,2403,92,9,0,FALSE,TRUE,FALSE
ID028,2025-09-16,520,30300,,7,0,0,92,1,7,FALSE,FALSE,FALSE
ID028,2025-09-17,654,30100,,5,5,1731,92,2,0,FALSE,FALSE,FALSE
ID028,2025-09-18,1317,30800,,17,17,2647,92,0,0,FALSE,FALSE,FALSE
ID028,2025-09-19,582,31900,,12,0,0,92,0,12,FALSE,FALSE,FALSE
ID028,2025-09-20,1216,41100,,22,22,2302,92,3,0,FALSE,FALSE,FALSE
ID028,2025-09-21,1006,42350,,18,18,1525,92,4,0,FALSE,FALSE,FALSE
ID028,2025-09-22,653,39100,,9,9,2392,92,1,0,FALSE,FALSE,FALSE
ID028,2025-09-23,1177,31200,,9,9,2929,92,0,0,FALSE,FALSE,FALSE
ID028,2025-09-24,1088,31400,,7,7,3027,92,0,0,FALSE,FALSE,FALSE
ID028,2025-09-25,672,32300,,8,8,1592,92,0,0,FALSE,FALSE,FALSE
ID028,2025-09-26,1177,32400,,7,7,2592,92,0,0,FALSE,FALSE,FALSE
ID028,2025-09-27,577,38500,,5,0,0,92,0,5,FALSE,FALSE,FALSE
ID028,2025-09-28,1375,32450,,8,8,3331,92,0,0,FALSE,FALSE,FALSE
ID028,2025-09-29,696,32800,,7,7,1751,92,0,0,FALSE,FALSE,FALSE
ID028,2025-09-30,1358,34000,,7,7,3741,92,0,0,FALSE,FALSE,FALSE
ID028,2025-10-01,1087,34850,,12,12,2566,92,0,0,FALSE,FALSE,FALSE
ID028,2025-10-02,1865,31750,,10,10,3580,92,0,0,FALSE,FALSE,FALSE
ID028,2025-10-03,1026,35400,,9,9,2314,92,0,0,FALSE,FALSE,FALSE
ID028,2025-10-04,1170,36550,,12,12,2258,92,0,0,FALSE,FALSE,FALSE
ID028,2025-10-05,2009,30900,,16,16,3387,92,0,0,FALSE,FALSE,FALSE
ID028,2025-10-06,1147,31100,,11,11,1902,92,0,0,FALSE,FALSE,FALSE
ID028,2025-10-07,1955,38700,,19,19,3314,92,0,0,FALSE,FALSE,FALSE
ID028,2025-10-08,1750,40000,,18,18,3007,92,0,0,FALSE,FALSE,FALSE
ID028,2025-10-09,1621,41100,,18,18,2624,92,0,0,FALSE,FALSE,FALSE
ID028,2025-10-10,962,40850,,18,18,1809,92,0,0,FALSE,FALSE,FALSE
ID028,2025-10-11,1989,41100,,20,20,2475,92,0,0,FALSE,FALSE,FALSE
ID028,2025-10-12,1717,42600,,19,19,2970,92,0,0,FALSE,FALSE,FALSE
ID028,2025-10-13,1503,43950,,14,14,2126,92,0,0,FALSE,FALSE,FALSE
ID028,2025-10-14,1937,43400,,19,19,3162,92,0,0,FALSE,FALSE,FALSE
ID028,2025-10-15,1662,46800,,7,7,2572,92,0,0,FALSE,FALSE,FALSE
ID028,2025-10-16,2065,47400,,14,14,3177,92,0,0,FALSE,FALSE,FALSE
ID028,2025-10-17,1546,48700,,10,10,2487,92,0,0,FALSE,FALSE,FALSE
ID028,2025-10-18,1628,49100,,10,10,2783,92,0,0,FALSE,FALSE,FALSE
ID028,2025-10-19,1901,48400,,12,12,2720,92,0,0,FALSE,FALSE,FALSE
ID028,2025-10-20,900,49700,,1,1,1305,92,0,0,FALSE,FALSE,FALSE
ID028,2025-10-21,732,49700,,5,5,1690,92,0,0,FALSE,FALSE,FALSE
ID028,2025-10-23,2170,56250,,14,14,3218,92,0,0,FALSE,FALSE,FALSE
ID028,2025-10-24,1345,57300,,5,5,1497,92,0,0,FALSE,FALSE,FALSE
ID028,2025-10-25,2095,58350,,8,8,2863,92,0,0,FALSE,FALSE,FALSE
ID028,2025-10-26,2034,59600,,5,5,2663,92,0,0,FALSE,FALSE,FALSE
ID028,2025-10-27,2105,58700,,4,4,2627,92,0,0,FALSE,FALSE,FALSE
ID028,2025-10-28,2094,62000,,6,6,3291,92,0,0,FALSE,FALSE,FALSE
ID028,2025-10-29,2713,61700,,4,4,3339,92,0,0,FALSE,FALSE,FALSE
ID028,2025-10-30,1906,64900,,5,5,2625,92,0,0,FALSE,FALSE,FALSE
ID028,2025-10-31,2740,65100,,10,10,3964,92,0,0,FALSE,FALSE,FALSE
ID028,2025-11-01,3352,62500,,7,7,4112,92,0,0,FALSE,FALSE,FALSE
ID028,2025-11-02,2098,60900,,3,3,2376,92,0,0,FALSE,FALSE,FALSE
ID028,2025-11-03,1640,62000,,5,5,2308,92,0,0,FALSE,FALSE,FALSE
ID028,2025-11-04,3749,64800,,15,0,0,92,0,15,FALSE,FALSE,FALSE
ID028,2025-11-05,1989,65000,,14,14,2549,92,0,0,FALSE,FALSE,FALSE
ID028,2025-11-06,1459,66200,,7,7,2120,92,0,0,FALSE,FALSE,FALSE
ID028,2025-11-07,1186,64400,,7,7,1806,92,0,0,FALSE,FALSE,FALSE
ID028,2025-11-08,2666,66000,,10,10,3232,92,0,0,FALSE,FALSE,FALSE
ID028,2025-11-09,834,65700,,6,6,891,92,0,0,FALSE,FALSE,FALSE
ID028,2025-11-10,1378,65500,,10,10,1749,92,0,0,FALSE,FALSE,FALSE
ID028,2025-11-11,987,67200,,6,6,1281,92,0,0,FALSE,FALSE,FALSE
ID028,2025-11-13,2362,66650,,6,6,2621,92,0,0,FALSE,FALSE,FALSE
ID028,2025-11-14,3416,70300,,10,0,0,92,0,10,FALSE,FALSE,FALSE
ID028,2025-11-15,1652,71200,,9,9,2139,92,0,0,FALSE,FALSE,FALSE
ID028,2025-11-16,2315,71650,,10,10,2815,92,0,0,FALSE,FALSE,FALSE
ID028,2025-11-17,1813,72500,,9,9,2252,92,0,0,FALSE,FALSE,FALSE
ID028,2025-11-18,3115,72850,,18,18,3713,92,0,0,FALSE,FALSE,FALSE
ID028,2025-11-19,1968,73250,,8,8,1928,92,0,0,FALSE,FALSE,FALSE
ID028,2025-11-20,3696,74800,,16,16,4806,92,0,0,FALSE,FALSE,FALSE
ID028,2025-11-21,1871,75500,,7,7,2093,92,0,0,FALSE,FALSE,FALSE
ID028,2025-11-22,3492,77450,,14,14,4423,92,0,0,FALSE,FALSE,FALSE
ID028,2025-11-23,1927,78950,,6,6,2339,92,0,0,FALSE,FALSE,FALSE
ID028,2025-11-24,2567,78900,,15,15,3149,92,0,0,FALSE,FALSE,FALSE
ID028,2025-11-25,3716,79300,,14,14,4339,92,0,0,FALSE,FALSE,FALSE
ID028,2025-11-26,2986,81350,,8,8,3368,92,0,0,FALSE,FALSE,FALSE
ID028,2025-11-27,1647,83200,,11,0,0,92,0,11,FALSE,FALSE,FALSE
ID028,2025-11-28,3581,84500,,13,13,4066,92,0,0,FALSE,FALSE,FALSE
ID028,2025-11-29,2672,85250,,6,6,3234,92,0,0,FALSE,FALSE,FALSE
ID028,2025-11-30,2756,84700,,8,8,3231,92,0,0,FALSE,FALSE,FALSE
ID028,2025-12-01,3853,86800,,14,14,4520,92,0,0,FALSE,FALSE,FALSE
ID028,2025-12-02,2474,87000,,9,9,2847,92,0,0,FALSE,FALSE,FALSE
ID028,2025-12-03,2800,87400,,10,10,3427,92,0,0,FALSE,FALSE,FALSE
ID028,2025-12-04,1960,86800,,7,7,2332,92,0,0,FALSE,FALSE,FALSE
ID028,2025-12-05,2649,87500,,9,9,3356,92,0,0,FALSE,FALSE,FALSE
ID028,2025-12-06,2379,88650,,12,12,2875,92,0,0,FALSE,FALSE,FALSE
ID028,2025-12-07,3169,88900,,12,12,3551,92,0,0,FALSE,FALSE,FALSE
ID028,2025-12-08,3531,91800,,12,12,4347,92,0,0,FALSE,FALSE,FALSE
ID028,2025-12-09,3559,93100,,9,9,4214,92,0,0,FALSE,FALSE,FALSE
ID028,2025-12-10,3440,96850,,6,6,3939,92,0,0,FALSE,FALSE,FALSE
ID028,2025-12-11,1946,96600,,8,8,1782,92,0,0,FALSE,FALSE,FALSE
ID028,2025-12-12,2575,98250,,10,10,1459,92,0,0,FALSE,FALSE,FALSE
ID028,2025-12-13,4198,99200,,9,0,0,92,0,9,FALSE,FALSE,FALSE
ID028,2025-12-14,2033,100500,,3,3,2069,92,0,0,FALSE,FALSE,FALSE
ID028,2025-12-15,3959,101400,,8,8,3888,92,0,0,FALSE,FALSE,FALSE
ID028,2025-12-16,2937,101400,,8,8,2886,92,0,0,FALSE,FALSE,FALSE
ID028,2025-12-17,4467,103600,,13,0,0,92,0,13,FALSE,FALSE,FALSE
ID028,2025-12-18,3369,104100,,9,9,3113,92,0,0,FALSE,FALSE,FALSE
ID028,2025-12-19,2023,101900,,5,5,2021,92,0,0,FALSE,FALSE,FALSE
ID028,2025-12-20,2640,102400,,5,5,3120,92,0,0,FALSE,FALSE,FALSE
ID028,2025-12-21,3391,104900,,11,11,4035,92,0,0,FALSE,FALSE,FALSE
ID028,2025-12-22,3317,106400,,9,9,3931,92,0,0,FALSE,FALSE,FALSE
ID028,2025-12-23,2244,107500,,7,7,2581,92,0,0,FALSE,FALSE,FALSE
ID028,2025-12-24,2438,105850,,6,6,2058,92,0,0,FALSE,FALSE,FALSE
ID028,2025-12-25,3971,110050,,12,0,0,92,0,12,FALSE,FALSE,FALSE
ID028,2025-12-26,963,111500,,4,4,1153,92,0,0,FALSE,FALSE,FALSE
ID029,2025-09-17,261,38150,,2,2,865,99,0,0,FALSE,FALSE,FALSE
ID029,2025-09-18,500,38800,,7,7,1319,99,0,0,FALSE,FALSE,FALSE
ID029,2025-09-19,736,39800,,7,7,1932,99,0,0,FALSE,FALSE,FALSE
ID029,2025-09-20,599,36300,,7,7,1251,99,0,0,FALSE,FALSE,FALSE
ID029,2025-09-21,201,36000,,4,4,675,99,4,0,FALSE,TRUE,FALSE
ID029,2025-09-22,131,35700,,2,0,0,99,0,2,FALSE,FALSE,FALSE
ID029,2025-09-23,422,36600,,3,3,874,99,0,0,FALSE,FALSE,FALSE
ID029,2025-09-24,1232,36000,,5,5,2318,99,0,0,FALSE,FALSE,FALSE
ID029,2025-09-25,538,36900,,4,4,1294,99,0,0,FALSE,FALSE,FALSE
ID029,2025-09-26,281,37600,,3,3,1382,99,0,0,FALSE,FALSE,FALSE
ID029,2025-09-28,178,39850,,2,2,798,99,0,0,FALSE,FALSE,FALSE
ID029,2025-09-29,1214,40600,,5,5,3183,99,0,0,FALSE,FALSE,FALSE
ID029,2025-09-30,207,41250,,2,2,1630,99,0,0,FALSE,FALSE,FALSE
ID029,2025-10-01,571,42300,,6,6,1961,99,0,0,FALSE,FALSE,FALSE
ID029,2025-10-02,166,43600,,1,1,242,99,0,0,FALSE,FALSE,FALSE
ID029,2025-10-03,551,44650,,6,6,2153,99,0,0,FALSE,FALSE,FALSE
ID029,2025-10-04,1266,45000,,8,8,1876,99,0,0,FALSE,FALSE,FALSE
ID029,2025-10-05,885,47400,,7,7,1726,99,0,0,FALSE,FALSE,FALSE
ID029,2025-10-06,447,47050,,4,4,1532,99,0,0,FALSE,FALSE,FALSE
ID029,2025-10-08,211,48800,,3,3,1356,99,0,0,FALSE,FALSE,FALSE
ID029,2025-10-09,1161,49900,,7,7,4195,99,0,0,FALSE,FALSE,FALSE
ID029,2025-10-10,35,51800,,1,0,0,99,0,1,FALSE,FALSE,FALSE
ID029,2025-10-11,484,51900,,3,3,1133,99,0,0,FALSE,FALSE,FALSE
ID029,2025-10-12,665,52600,,5,5,2430,99,0,0,FALSE,FALSE,FALSE
ID029,2025-10-13,258,54450,,2,2,1060,99,0,0,FALSE,FALSE,FALSE
ID029,2025-10-14,519,55350,,4,4,1889,99,0,0,FALSE,FALSE,FALSE
ID029,2025-10-15,765,57000,,7,7,1929,99,0,0,FALSE,FALSE,FALSE
ID029,2025-10-16,504,57000,,5,5,2270,99,0,0,FALSE,FALSE,FALSE
ID029,2025-10-17,1043,57500,,5,5,4030,99,0,0,FALSE,FALSE,FALSE
ID029,2025-10-18,13,56400,,1,0,0,99,0,1,FALSE,FALSE,FALSE
ID029,2025-10-19,180,57000,,1,1,537,99,0,0,FALSE,FALSE,FALSE
ID029,2025-10-20,878,62300,,6,6,2944,99,0,0,FALSE,FALSE,FALSE
ID029,2025-10-21,976,62400,,5,5,3473,99,0,0,FALSE,FALSE,FALSE
ID029,2025-10-22,1214,63500,,7,7,3004,99,0,0,FALSE,FALSE,FALSE
ID029,2025-10-23,758,63950,,2,2,1530,99,0,0,FALSE,FALSE,FALSE
ID029,2025-10-24,837,65500,,4,4,3136,99,0,0,FALSE,FALSE,FALSE
ID029,2025-10-25,984,66800,,8,8,3189,99,0,0,FALSE,FALSE,FALSE
ID029,2025-10-26,886,67700,,4,4,2545,99,0,0,FALSE,FALSE,FALSE
ID029,2025-10-27,596,68800,,3,3,2171,99,0,0,FALSE,FALSE,FALSE
ID029,2025-10-28,1119,70050,,8,8,4237,99,0,0,FALSE,FALSE,FALSE
ID029,2025-10-29,994,71950,,4,4,2582,99,0,0,FALSE,FALSE,FALSE
ID029,2025-10-30,835,73300,,7,7,2049,99,0,0,FALSE,FALSE,FALSE
ID029,2025-10-31,491,74400,,2,2,1154,99,0,0,FALSE,FALSE,FALSE
ID029,2025-11-01,929,75300,,3,3,1281,99,0,0,FALSE,FALSE,FALSE
ID029,2025-11-02,1375,78500,,5,5,2379,99,0,0,FALSE,FALSE,FALSE
ID029,2025-11-03,2083,79450,,10,10,3597,99,0,0,FALSE,FALSE,FALSE
ID029,2025-11-04,896,81150,,4,4,2783,99,0,0,FALSE,FALSE,FALSE
ID029,2025-11-05,431,82400,,7,7,1352,99,0,0,FALSE,FALSE,FALSE
ID029,2025-11-06,2181,83900,,11,11,2366,99,0,0,FALSE,FALSE,FALSE
ID029,2025-11-07,478,84900,,1,1,576,99,0,0,FALSE,FALSE,FALSE
ID029,2025-11-08,3136,85100,,9,9,2507,99,0,0,FALSE,FALSE,FALSE
ID029,2025-11-09,877,86900,,4,4,712,99,0,0,FALSE,FALSE,FALSE
ID029,2025-11-10,760,87000,,4,4,749,99,0,0,FALSE,FALSE,FALSE
ID029,2025-11-11,2206,86400,,9,9,2111,99,0,0,FALSE,FALSE,FALSE
ID029,2025-11-12,1801,87000,,6,6,1476,99,0,0,FALSE,FALSE,FALSE
ID029,2025-11-13,946,93500,,3,3,884,99,0,0,FALSE,FALSE,FALSE
ID029,2025-11-14,830,95500,,7,7,739,99,0,0,FALSE,FALSE,FALSE
ID029,2025-11-15,2694,95200,,7,7,2164,99,0,0,FALSE,FALSE,FALSE
ID029,2025-11-16,1953,95950,,4,4,2172,99,0,0,FALSE,FALSE,FALSE
ID029,2025-11-17,1910,98000,,6,6,1776,99,0,0,FALSE,FALSE,FALSE
ID029,2025-11-18,1453,99400,,3,3,1537,99,0,0,FALSE,FALSE,FALSE
ID029,2025-11-19,1780,96350,,6,6,1617,99,0,0,FALSE,FALSE,FALSE
ID029,2025-11-20,1936,95600,,7,7,1803,99,0,0,FALSE,FALSE,FALSE
ID029,2025-11-21,2026,95600,,3,3,2056,99,0,0,FALSE,FALSE,FALSE
ID029,2025-11-22,1386,100100,,7,7,2438,99,0,0,FALSE,FALSE,FALSE
ID029,2025-11-23,1122,100800,,7,7,1461,99,0,0,FALSE,FALSE,FALSE
ID029,2025-11-24,3696,100300,,15,15,3813,99,0,0,FALSE,FALSE,FALSE
ID029,2025-11-25,3752,101200,,10,10,2889,99,0,0,FALSE,FALSE,FALSE
ID029,2025-11-26,3431,102800,,6,6,2751,99,0,0,FALSE,FALSE,FALSE
ID029,2025-11-27,3115,101200,,8,8,2517,99,0,0,FALSE,FALSE,FALSE
ID029,2025-11-28,2747,103900,,7,7,2232,99,0,0,FALSE,FALSE,FALSE
ID029,2025-11-29,3979,104400,,9,9,3181,99,0,0,FALSE,FALSE,FALSE
ID029,2025-11-30,4369,107600,,16,16,3423,99,0,0,FALSE,FALSE,FALSE
ID029,2025-12-01,1728,108000,,11,11,1355,99,0,0,FALSE,FALSE,FALSE
ID029,2025-12-02,5586,108350,,18,18,4475,99,0,0,FALSE,FALSE,FALSE
ID029,2025-12-03,3473,109700,,16,16,2909,99,0,0,FALSE,FALSE,FALSE
ID029,2025-12-04,4559,111500,,18,18,3765,99,0,0,FALSE,FALSE,FALSE
ID029,2025-12-05,4424,112200,,17,17,3513,99,0,0,FALSE,FALSE,FALSE
ID029,2025-12-06,4205,114000,,16,16,3487,99,0,0,FALSE,FALSE,FALSE
ID029,2025-12-07,3792,114000,,22,22,3113,99,0,0,FALSE,FALSE,FALSE
ID029,2025-12-08,3709,115800,,15,15,2674,99,0,0,FALSE,FALSE,FALSE
ID029,2025-12-09,4371,117700,,14,14,3209,99,0,0,FALSE,FALSE,FALSE
ID029,2025-12-10,4897,118300,,19,19,3865,99,0,0,FALSE,FALSE,FALSE
ID029,2025-12-11,1452,114750,,2,2,971,99,0,0,FALSE,FALSE,FALSE
ID029,2025-12-12,3676,115750,,6,6,2616,99,0,0,FALSE,FALSE,FALSE
ID029,2025-12-13,3552,119500,,10,10,2391,99,0,0,FALSE,FALSE,FALSE
ID029,2025-12-14,5690,123700,,13,0,0,99,0,13,FALSE,FALSE,FALSE
ID029,2025-12-15,3489,121950,,12,12,3080,99,0,0,FALSE,FALSE,FALSE
ID029,2025-12-16,4258,128800,,9,9,3279,99,0,0,FALSE,FALSE,FALSE
ID029,2025-12-17,3553,131900,,12,12,2684,99,0,0,FALSE,FALSE,FALSE
ID029,2025-12-18,3817,131500,,13,13,2783,99,0,0,FALSE,FALSE,FALSE
ID029,2025-12-19,5097,130900,,17,17,4278,99,0,0,FALSE,FALSE,FALSE
ID029,2025-12-20,4736,134300,,19,19,3577,99,0,0,FALSE,FALSE,FALSE
ID029,2025-12-21,3728,134500,,14,14,3059,99,0,0,FALSE,FALSE,FALSE
ID029,2025-12-22,2003,134400,,7,7,1380,99,0,0,FALSE,FALSE,FALSE
ID031,2025-09-19,200,27900,,6,0,0,93,1,6,FALSE,FALSE,FALSE
ID031,2025-09-20,1093,29500,,22,22,2783,93,4,0,FALSE,FALSE,FALSE
ID031,2025-09-21,1157,30300,,14,14,3356,93,2,0,FALSE,FALSE,FALSE
ID031,2025-09-22,851,40550,,8,8,1729,93,2,0,FALSE,FALSE,FALSE
ID031,2025-09-23,644,41400,,6,6,1451,93,2,0,FALSE,FALSE,FALSE
ID031,2025-09-24,1739,30900,,6,6,4260,93,1,0,FALSE,FALSE,FALSE
ID031,2025-09-25,1314,32550,,10,10,3124,93,2,0,FALSE,FALSE,FALSE
ID031,2025-09-26,1651,32200,,5,5,3038,93,0,0,FALSE,FALSE,FALSE
ID031,2025-09-27,1427,33800,,16,16,3611,93,0,0,FALSE,FALSE,FALSE
ID031,2025-09-28,750,33900,,10,10,1664,93,0,0,FALSE,FALSE,FALSE
ID031,2025-09-29,1518,33700,,10,10,3306,93,0,0,FALSE,FALSE,FALSE
ID031,2025-09-30,1953,35300,,15,15,3279,93,0,0,FALSE,FALSE,FALSE
ID031,2025-10-01,1661,35000,,11,11,2697,93,0,0,FALSE,FALSE,FALSE
ID031,2025-10-02,1636,36100,,12,12,2520,93,1,0,FALSE,FALSE,FALSE
ID031,2025-10-03,2141,37150,,16,16,3518,93,0,0,FALSE,FALSE,FALSE
ID031,2025-10-04,1850,37650,,14,14,2745,93,0,0,FALSE,FALSE,FALSE
ID031,2025-10-05,1765,38500,,18,18,2436,93,0,0,FALSE,FALSE,FALSE
ID031,2025-10-06,2386,39600,,17,17,3002,93,0,0,FALSE,FALSE,FALSE
ID031,2025-10-07,1912,40000,,18,18,2788,93,0,0,FALSE,FALSE,FALSE
ID031,2025-10-08,1818,40800,,16,16,2693,93,0,0,FALSE,FALSE,FALSE
ID031,2025-10-09,1961,40800,,10,10,2533,93,0,0,FALSE,FALSE,FALSE
ID031,2025-10-10,1781,42300,,15,15,2517,93,0,0,FALSE,FALSE,FALSE
ID031,2025-10-11,2146,43600,,19,19,3081,93,0,0,FALSE,FALSE,FALSE
ID031,2025-10-12,1951,43000,,14,14,2458,93,0,0,FALSE,FALSE,FALSE
ID031,2025-10-13,2278,44800,,22,22,3014,93,0,0,FALSE,FALSE,FALSE
ID031,2025-10-14,2330,45500,,20,20,2991,93,0,0,FALSE,FALSE,FALSE
ID031,2025-10-15,2412,46700,,17,17,3026,93,0,0,FALSE,FALSE,FALSE
ID031,2025-10-16,2433,48300,,21,21,2916,93,1,0,FALSE,FALSE,FALSE
ID031,2025-10-17,2490,49000,,22,22,3040,93,0,0,FALSE,FALSE,FALSE
ID031,2025-10-18,822,50250,,6,6,448,93,0,0,FALSE,FALSE,FALSE
ID031,2025-10-19,1656,47700,,9,9,1771,93,0,0,FALSE,FALSE,FALSE
ID031,2025-10-20,1789,52300,,15,15,2659,93,0,0,FALSE,FALSE,FALSE
ID031,2025-10-21,1531,52700,,20,20,1812,93,0,0,FALSE,FALSE,FALSE
ID031,2025-10-22,2593,53600,,24,24,3109,93,0,0,FALSE,FALSE,FALSE
ID031,2025-10-23,2651,52600,,20,20,2740,93,0,0,FALSE,FALSE,FALSE
ID031,2025-10-24,1409,53500,,13,13,1606,93,0,0,FALSE,FALSE,FALSE
ID031,2025-10-25,3249,55400,,23,23,3883,93,0,0,FALSE,FALSE,FALSE
ID031,2025-10-26,2413,56750,,14,14,2288,93,0,0,FALSE,FALSE,FALSE
ID031,2025-10-27,2818,58400,,19,19,2669,93,0,0,FALSE,FALSE,FALSE
ID031,2025-10-28,2438,57300,,15,15,2418,93,0,0,FALSE,FALSE,FALSE
ID031,2025-10-29,2612,59400,,14,14,2563,93,0,0,FALSE,FALSE,FALSE
ID031,2025-10-30,2830,60850,,18,18,2819,93,0,0,FALSE,FALSE,FALSE
ID031,2025-10-31,3167,61500,,14,14,2821,93,0,0,FALSE,FALSE,FALSE
ID031,2025-11-01,2181,62400,,17,17,2175,93,0,0,FALSE,FALSE,FALSE
ID031,2025-11-02,2589,63600,,19,19,2578,93,0,0,FALSE,FALSE,FALSE
ID031,2025-11-03,3379,64400,,17,17,2512,93,0,0,FALSE,FALSE,FALSE
ID031,2025-11-04,3340,65700,,23,23,2647,93,0,0,FALSE,FALSE,FALSE
ID031,2025-11-05,2430,66500,,30,30,2261,93,0,0,FALSE,FALSE,FALSE
ID031,2025-11-06,2111,66600,,13,13,1950,93,0,0,FALSE,FALSE,FALSE
ID031,2025-11-07,3371,69150,,14,14,3059,93,0,0,FALSE,FALSE,FALSE
ID031,2025-11-08,2741,71200,,26,26,2468,93,0,0,FALSE,FALSE,FALSE
ID031,2025-11-09,2477,71500,,15,15,2067,93,0,0,FALSE,FALSE,FALSE
ID031,2025-11-10,3833,72400,,22,22,2906,93,0,0,FALSE,FALSE,FALSE
ID031,2025-11-11,2416,73300,,15,15,2025,93,0,0,FALSE,FALSE,FALSE
ID031,2025-11-12,1655,72500,,3,3,1135,93,0,0,FALSE,FALSE,FALSE
ID031,2025-11-13,647,74600,,7,7,489,93,0,0,FALSE,FALSE,FALSE
ID031,2025-11-14,3576,79350,,12,12,2960,93,0,0,FALSE,FALSE,FALSE
ID031,2025-11-15,3672,80800,,25,25,2954,93,0,0,FALSE,FALSE,FALSE
ID031,2025-11-16,3455,80250,,14,14,2864,93,0,0,FALSE,FALSE,FALSE
ID031,2025-11-17,3090,81900,,17,17,2385,93,0,0,FALSE,FALSE,FALSE
ID031,2025-11-18,2816,83750,,18,18,1995,93,0,0,FALSE,FALSE,FALSE
ID031,2025-11-19,2609,83400,,13,13,1991,93,0,0,FALSE,FALSE,FALSE
ID031,2025-11-20,3447,85200,,20,20,2453,93,0,0,FALSE,FALSE,FALSE
ID031,2025-11-21,3239,85700,,14,14,2462,93,0,0,FALSE,FALSE,FALSE
ID031,2025-11-22,2193,86700,,20,20,1821,93,0,0,FALSE,FALSE,FALSE
ID031,2025-11-23,2109,87000,,17,17,1816,93,0,0,FALSE,FALSE,FALSE
ID031,2025-11-24,4492,86900,,19,19,3739,93,0,0,FALSE,FALSE,FALSE
ID031,2025-11-25,2990,86900,,16,16,1999,93,0,0,FALSE,FALSE,FALSE
ID031,2025-11-26,2842,86800,,24,24,2102,93,0,0,FALSE,FALSE,FALSE
ID031,2025-11-27,3285,90300,,18,18,2641,93,0,0,FALSE,FALSE,FALSE
ID031,2025-11-28,3368,91300,,19,19,2436,93,0,0,FALSE,FALSE,FALSE
ID031,2025-11-29,4163,91900,,29,29,3209,93,0,0,FALSE,FALSE,FALSE
ID031,2025-11-30,3601,91700,,21,21,3027,93,0,0,FALSE,FALSE,FALSE
ID031,2025-12-01,3808,93300,,18,18,2660,93,0,0,FALSE,FALSE,FALSE
ID031,2025-12-02,3105,94200,,25,25,2122,93,0,0,FALSE,FALSE,FALSE
ID031,2025-12-03,3563,94700,,23,23,2830,93,0,0,FALSE,FALSE,FALSE
ID031,2025-12-04,3529,97200,,26,26,2796,93,0,0,FALSE,FALSE,FALSE
ID031,2025-12-05,367,98000,,1,1,340,93,0,0,FALSE,FALSE,FALSE
ID031,2025-12-08,1902,99500,,13,13,1811,93,0,0,FALSE,FALSE,FALSE
ID031,2025-12-09,2584,100000,,25,25,1610,93,0,0,FALSE,FALSE,FALSE
ID031,2025-12-10,3371,100750,,18,18,2769,93,0,0,FALSE,FALSE,FALSE
ID031,2025-12-11,1559,100800,,5,5,874,93,0,0,FALSE,FALSE,FALSE
ID031,2025-12-12,298,103150,,1,0,0,93,1,1,FALSE,TRUE,FALSE
ID031,2025-12-13,59,105500,,2,0,0,93,2,2,FALSE,TRUE,FALSE
ID031,2025-12-15,1888,107850,,14,14,1274,93,0,0,FALSE,FALSE,FALSE
ID031,2025-12-16,3865,106700,,23,23,2373,93,0,0,FALSE,FALSE,FALSE
ID031,2025-12-17,2926,106000,,14,14,1906,93,0,0,FALSE,FALSE,FALSE
ID031,2025-12-18,3549,107750,,24,24,2418,93,0,0,FALSE,FALSE,FALSE
ID031,2025-12-19,2826,108600,,11,11,2160,93,0,0,FALSE,FALSE,FALSE
ID031,2025-12-20,3403,111200,,18,18,2497,93,0,0,FALSE,FALSE,FALSE
ID031,2025-12-21,4514,112000,,33,0,0,93,0,33,FALSE,FALSE,FALSE
ID031,2025-12-22,3736,112300,,24,24,2301,93,0,0,FALSE,FALSE,FALSE
ID031,2025-12-23,3649,112050,,32,32,2459,93,0,0,FALSE,FALSE,FALSE
ID031,2025-12-24,3560,112300,,28,28,2213,93,0,0,FALSE,FALSE,FALSE
ID031,2025-12-25,4016,115500,,19,19,2762,93,0,0,FALSE,FALSE,FALSE
ID031,2025-12-26,933,116700,,5,5,674,93,0,0,FALSE,FALSE,FALSE
ID033,2025-09-13,635,26900,,4,0,0,95,0,4,FALSE,FALSE,FALSE
ID033,2025-09-14,874,28100,,13,13,1968,95,1,0,FALSE,FALSE,FALSE
ID033,2025-09-15,1110,29000,,13,13,2929,95,0,0,FALSE,FALSE,FALSE
ID033,2025-09-16,721,29600,,15,15,1791,95,1,0,FALSE,FALSE,FALSE
ID033,2025-09-17,1071,30700,,18,18,3465,95,0,0,FALSE,FALSE,FALSE
ID033,2025-09-18,912,30900,,19,19,2955,95,0,0,FALSE,FALSE,FALSE
ID033,2025-09-19,1258,31600,,17,17,4684,95,0,0,FALSE,FALSE,FALSE
ID033,2025-09-20,1445,33100,,23,23,4333,95,0,0,FALSE,FALSE,FALSE
ID033,2025-09-21,763,34350,,13,13,1667,95,13,0,FALSE,TRUE,FALSE
ID033,2025-09-22,1249,35600,,11,11,3325,95,0,0,FALSE,FALSE,FALSE
ID033,2025-09-23,1531,36100,,16,16,4022,95,0,0,FALSE,FALSE,FALSE
ID033,2025-09-24,1097,36300,,7,7,2483,95,0,0,FALSE,FALSE,FALSE
ID033,2025-09-25,691,36900,,5,5,2134,95,0,0,FALSE,FALSE,FALSE
ID033,2025-09-26,1067,36850,,9,9,3160,95,1,0,FALSE,FALSE,FALSE
ID033,2025-09-27,839,38500,,7,7,2156,95,0,0,FALSE,FALSE,FALSE
ID033,2025-09-28,1958,39200,,17,17,4664,95,0,0,FALSE,FALSE,FALSE
ID033,2025-09-29,853,39100,,6,6,1284,95,0,0,FALSE,FALSE,FALSE
ID033,2025-09-30,2041,41100,,15,15,4062,95,0,0,FALSE,FALSE,FALSE
ID033,2025-10-01,1789,41200,,12,12,3056,95,0,0,FALSE,FALSE,FALSE
ID033,2025-10-02,1552,42450,,12,12,4161,95,0,0,FALSE,FALSE,FALSE
ID033,2025-10-03,1666,43500,,14,14,3469,95,0,0,FALSE,FALSE,FALSE
ID033,2025-10-04,1482,43500,,9,9,2722,95,0,0,FALSE,FALSE,FALSE
ID033,2025-10-05,1698,44800,,13,13,4408,95,0,0,FALSE,FALSE,FALSE
ID033,2025-10-06,1525,45600,,7,7,3604,95,0,0,FALSE,FALSE,FALSE
ID033,2025-10-07,1682,45700,,14,14,3968,95,0,0,FALSE,FALSE,FALSE
ID033,2025-10-08,1920,45700,,13,13,4878,95,0,0,FALSE,FALSE,FALSE
ID033,2025-10-09,1938,47000,,12,12,4598,95,0,0,FALSE,FALSE,FALSE
ID033,2025-10-10,1936,47600,,14,14,3882,95,0,0,FALSE,FALSE,FALSE
ID033,2025-10-11,337,48500,,3,0,0,95,0,3,FALSE,FALSE,FALSE
ID033,2025-10-14,1837,53150,,16,16,3406,95,0,0,FALSE,FALSE,FALSE
ID033,2025-10-15,1555,52600,,15,15,2616,95,0,0,FALSE,FALSE,FALSE
ID033,2025-10-16,3213,53500,,21,0,0,95,0,21,FALSE,FALSE,FALSE
ID033,2025-10-17,699,53400,,6,0,0,95,0,6,FALSE,FALSE,FALSE
ID033,2025-10-18,93,53550,,2,0,0,95,0,2,FALSE,FALSE,FALSE
ID033,2025-10-19,3311,55150,,12,0,0,95,0,12,FALSE,FALSE,FALSE
ID033,2025-10-20,2012,57000,,10,10,2616,95,0,0,FALSE,FALSE,FALSE
ID033,2025-10-21,2560,57250,,10,10,3195,95,0,0,FALSE,FALSE,FALSE
ID033,2025-10-22,2966,58200,,22,22,3917,95,0,0,FALSE,FALSE,FALSE
ID033,2025-10-23,2612,59700,,16,16,4502,95,0,0,FALSE,FALSE,FALSE
ID033,2025-10-24,3334,60800,,26,26,5704,95,0,0,FALSE,FALSE,FALSE
ID033,2025-10-25,2369,61550,,32,32,3269,95,0,0,FALSE,FALSE,FALSE
ID033,2025-10-26,2766,61300,,18,18,4066,95,0,0,FALSE,FALSE,FALSE
ID033,2025-10-27,2691,62450,,16,16,2643,95,0,0,FALSE,FALSE,FALSE
ID033,2025-10-28,1221,63600,,3,0,0,95,0,3,FALSE,FALSE,FALSE
ID033,2025-10-29,2658,64400,,17,17,3635,95,0,0,FALSE,FALSE,FALSE
ID033,2025-10-30,2665,65800,,14,14,3427,95,0,0,FALSE,FALSE,FALSE
ID033,2025-10-31,2772,66850,,20,20,3655,95,0,0,FALSE,FALSE,FALSE
ID033,2025-11-01,2524,66850,,14,14,3288,95,0,0,FALSE,FALSE,FALSE
ID033,2025-11-02,2319,68300,,14,14,3124,95,0,0,FALSE,FALSE,FALSE
ID033,2025-11-03,3049,69100,,15,15,4069,95,0,0,FALSE,FALSE,FALSE
ID033,2025-11-04,3059,70800,,27,27,3284,95,0,0,FALSE,FALSE,FALSE
ID033,2025-11-05,2640,70750,,26,26,2877,95,0,0,FALSE,FALSE,FALSE
ID033,2025-11-06,2979,71950,,20,20,3170,95,0,0,FALSE,FALSE,FALSE
ID033,2025-11-07,3170,73000,,29,29,3962,95,0,0,FALSE,FALSE,FALSE
ID033,2025-11-08,2758,74100,,33,33,3160,95,0,0,FALSE,FALSE,FALSE
ID033,2025-11-09,3660,75600,,34,34,4977,95,0,0,FALSE,FALSE,FALSE
ID033,2025-11-10,3059,75800,,30,30,4217,95,0,0,FALSE,FALSE,FALSE
ID033,2025-11-11,3629,77400,,35,35,3846,95,0,0,FALSE,FALSE,FALSE
ID033,2025-11-12,1910,80600,,15,0,0,95,0,15,FALSE,FALSE,FALSE
ID033,2025-11-13,1985,80300,,19,0,0,95,0,19,FALSE,FALSE,FALSE
ID033,2025-11-14,3255,81800,,31,31,3505,95,0,0,FALSE,FALSE,FALSE
ID033,2025-11-15,3071,83300,,38,38,3348,95,0,0,FALSE,FALSE,FALSE
ID033,2025-11-16,2487,84200,,29,0,0,95,0,29,FALSE,FALSE,FALSE
ID033,2025-11-17,3130,83600,,35,35,3472,95,0,0,FALSE,FALSE,FALSE
ID033,2025-11-18,3414,85800,,39,39,3815,95,0,0,FALSE,FALSE,FALSE
ID033,2025-11-19,3557,84600,,41,41,3931,95,0,0,FALSE,FALSE,FALSE
ID033,2025-11-20,3212,84500,,42,42,3983,95,0,0,FALSE,FALSE,FALSE
ID033,2025-11-21,2591,86000,,53,53,2270,95,0,0,FALSE,FALSE,FALSE
ID033,2025-11-22,2888,85500,,37,37,3347,95,0,0,FALSE,FALSE,FALSE
ID033,2025-11-23,3097,87100,,37,37,3725,95,0,0,FALSE,FALSE,FALSE
ID033,2025-11-24,2465,87700,,39,39,2622,95,0,0,FALSE,FALSE,FALSE
ID033,2025-11-25,2907,88600,,45,45,2930,95,0,0,FALSE,FALSE,FALSE
ID033,2025-11-26,2530,89200,,39,39,3026,95,0,0,FALSE,FALSE,FALSE
ID033,2025-11-27,2791,90100,,32,32,3417,95,0,0,FALSE,FALSE,FALSE
ID033,2025-11-28,3431,91100,,40,40,4041,95,0,0,FALSE,FALSE,FALSE
ID033,2025-11-29,3191,92450,,40,40,3858,95,0,0,FALSE,FALSE,FALSE
ID033,2025-11-30,2290,92100,,36,0,0,95,0,36,FALSE,FALSE,FALSE
ID033,2025-12-01,2724,93000,,27,27,3286,95,0,0,FALSE,FALSE,FALSE
ID033,2025-12-02,3343,93600,,37,37,3717,95,0,0,FALSE,FALSE,FALSE
ID033,2025-12-03,3048,98400,,45,45,3245,95,0,0,FALSE,FALSE,FALSE
ID033,2025-12-04,3246,99300,,47,47,2971,95,0,0,FALSE,FALSE,FALSE
ID033,2025-12-05,4373,100200,,42,0,0,95,0,42,FALSE,FALSE,FALSE
ID033,2025-12-06,3018,100700,,38,38,2914,95,0,0,FALSE,FALSE,FALSE
ID033,2025-12-07,3015,100700,,44,44,2815,95,0,0,FALSE,FALSE,FALSE
ID033,2025-12-08,3124,102000,,48,48,2655,95,0,0,FALSE,FALSE,FALSE
ID033,2025-12-09,3043,102800,,35,35,3646,95,0,0,FALSE,FALSE,FALSE
ID033,2025-12-10,3165,103500,,29,29,4374,95,0,0,FALSE,FALSE,FALSE
ID033,2025-12-11,2358,107800,,27,27,2102,95,0,0,FALSE,FALSE,FALSE
ID033,2025-12-12,2299,108900,,20,0,0,95,20,20,FALSE,TRUE,FALSE
ID033,2025-12-13,2773,110000,,35,35,3061,95,0,0,FALSE,FALSE,FALSE
ID033,2025-12-14,4051,108900,,47,0,0,95,47,47,FALSE,TRUE,FALSE
ID033,2025-12-15,2975,107800,,33,33,3654,95,0,0,FALSE,FALSE,FALSE
ID033,2025-12-16,4551,107200,,35,0,0,95,0,35,FALSE,FALSE,FALSE
ID033,2025-12-17,3840,108000,,37,37,4183,95,0,0,FALSE,FALSE,FALSE
ID033,2025-12-18,3458,109100,,39,39,3141,95,0,0,FALSE,FALSE,FALSE
ID033,2025-12-19,3803,110250,,42,42,2949,95,0,0,FALSE,FALSE,FALSE
ID033,2025-12-20,3105,110550,,34,34,2518,95,0,0,FALSE,FALSE,FALSE
ID033,2025-12-21,4033,111900,,36,36,4092,95,0,0,FALSE,FALSE,FALSE
ID033,2025-12-22,3607,112500,,24,24,3826,95,0,0,FALSE,FALSE,FALSE
ID033,2025-12-23,3251,112800,,28,28,2695,95,0,0,FALSE,FALSE,FALSE
ID033,2025-12-24,3672,112750,,40,40,3487,95,0,0,FALSE,FALSE,FALSE
ID034,2025-09-20,802,28500,,7,7,1713,101,0,0,FALSE,FALSE,FALSE
ID034,2025-09-21,926,29350,,14,14,2396,101,0,0,FALSE,FALSE,FALSE
ID034,2025-09-22,797,29875,,14,0,0,101,14,14,FALSE,TRUE,FALSE
ID034,2025-09-23,2694,30400,,22,22,4861,101,0,0,FALSE,FALSE,FALSE
ID034,2025-09-24,1114,30500,,11,11,2728,101,0,0,FALSE,FALSE,FALSE
ID034,2025-09-25,2136,31100,,9,9,3382,101,0,0,FALSE,FALSE,FALSE
ID034,2025-09-26,1784,32000,,19,19,3794,101,0,0,FALSE,FALSE,FALSE
ID034,2025-09-27,1541,33000,,9,9,3469,101,0,0,FALSE,FALSE,FALSE
ID034,2025-09-28,2054,32900,,9,9,2547,101,0,0,FALSE,FALSE,FALSE
ID034,2025-09-29,2013,32400,,6,6,2796,101,0,0,FALSE,FALSE,FALSE
ID034,2025-09-30,3127,33900,,6,6,3097,101,0,0,FALSE,FALSE,FALSE
ID034,2025-10-01,2567,34150,,8,8,3316,101,0,0,FALSE,FALSE,FALSE
ID034,2025-10-02,3690,36400,,11,11,4111,101,0,0,FALSE,FALSE,FALSE
ID034,2025-10-03,3849,37000,,14,14,3594,101,0,0,FALSE,FALSE,FALSE
ID034,2025-10-04,3295,37500,,12,12,3858,101,0,0,FALSE,FALSE,FALSE
ID034,2025-10-05,3152,38600,,10,10,3496,101,0,0,FALSE,FALSE,FALSE
ID034,2025-10-06,2911,39900,,9,9,3257,101,0,0,FALSE,FALSE,FALSE
ID034,2025-10-07,3370,40500,,15,15,4211,101,0,0,FALSE,FALSE,FALSE
ID034,2025-10-08,3034,41400,,8,8,3570,101,0,0,FALSE,FALSE,FALSE
ID034,2025-10-09,2991,40800,,11,11,3029,101,0,0,FALSE,FALSE,FALSE
ID034,2025-10-10,2904,42650,,8,8,3302,101,0,0,FALSE,FALSE,FALSE
ID034,2025-10-11,2898,43300,,13,13,3683,101,0,0,FALSE,FALSE,FALSE
ID034,2025-10-12,3503,43900,,8,8,4298,101,0,0,FALSE,FALSE,FALSE
ID034,2025-10-13,4133,45250,,8,8,3722,101,0,0,FALSE,FALSE,FALSE
ID034,2025-10-14,3187,46400,,8,8,2888,101,0,0,FALSE,FALSE,FALSE
ID034,2025-10-15,4471,47350,,6,6,3878,101,0,0,FALSE,FALSE,FALSE
ID034,2025-10-16,3176,48200,,10,10,3163,101,0,0,FALSE,FALSE,FALSE
ID034,2025-10-17,4094,49100,,6,6,3779,101,0,0,FALSE,FALSE,FALSE
ID034,2025-10-18,1219,49500,,2,2,833,101,0,0,FALSE,FALSE,FALSE
ID034,2025-10-19,2443,47950,,2,2,1403,101,0,0,FALSE,FALSE,FALSE
ID034,2025-10-20,3756,50500,,8,8,3649,101,0,0,FALSE,FALSE,FALSE
ID034,2025-10-21,3067,52500,,13,13,3783,101,0,0,FALSE,FALSE,FALSE
ID034,2025-10-22,3374,51500,,5,5,3293,101,0,0,FALSE,FALSE,FALSE
ID034,2025-10-23,3182,51900,,5,5,2520,101,0,0,FALSE,FALSE,FALSE
ID034,2025-10-24,2643,54300,,5,5,2693,101,0,0,FALSE,FALSE,FALSE
ID034,2025-10-25,5046,54800,,14,0,0,101,0,14,FALSE,FALSE,FALSE
ID034,2025-10-26,2463,56200,,6,6,2689,101,0,0,FALSE,FALSE,FALSE
ID034,2025-10-27,2422,55650,,2,2,1577,101,0,0,FALSE,FALSE,FALSE
ID034,2025-10-28,3092,57800,,8,8,1981,101,0,0,FALSE,FALSE,FALSE
ID034,2025-10-29,3232,59250,,6,6,2634,101,0,0,FALSE,FALSE,FALSE
ID034,2025-10-30,1044,58900,,7,7,1368,101,0,0,FALSE,FALSE,FALSE
ID034,2025-10-31,2694,61800,,16,16,3256,101,0,0,FALSE,FALSE,FALSE
ID034,2025-11-01,2737,62900,,23,23,3473,101,0,0,FALSE,FALSE,FALSE
ID034,2025-11-02,2316,62300,,19,19,3263,101,0,0,FALSE,FALSE,FALSE
ID034,2025-11-03,4460,64250,,18,18,5747,101,0,0,FALSE,FALSE,FALSE
ID034,2025-11-04,3592,65600,,16,16,3661,101,0,0,FALSE,FALSE,FALSE
ID034,2025-11-05,4728,66400,,15,15,4079,101,0,0,FALSE,FALSE,FALSE
ID034,2025-11-06,2397,67800,,13,13,2746,101,0,0,FALSE,FALSE,FALSE
ID034,2025-11-07,3288,69300,,20,20,3921,101,0,0,FALSE,FALSE,FALSE
ID034,2025-11-08,4101,69900,,16,16,3350,101,0,0,FALSE,FALSE,FALSE
ID034,2025-11-09,4582,71400,,25,25,3749,101,0,0,FALSE,FALSE,FALSE
ID034,2025-11-10,3644,72900,,17,17,3652,101,0,0,FALSE,FALSE,FALSE
ID034,2025-11-11,2514,72900,,13,13,2947,101,0,0,FALSE,FALSE,FALSE
ID034,2025-11-12,2597,72700,,18,18,2973,101,0,0,FALSE,FALSE,FALSE
ID034,2025-11-13,1736,70800,,5,5,1488,101,0,0,FALSE,FALSE,FALSE
ID034,2025-11-14,1787,73000,,15,15,1846,101,1,0,FALSE,FALSE,FALSE
ID034,2025-11-15,3226,74500,,19,19,3143,101,0,0,FALSE,FALSE,FALSE
ID034,2025-11-16,2137,74600,,17,17,2112,101,0,0,FALSE,FALSE,FALSE
ID034,2025-11-17,2045,75400,,11,11,2761,101,0,0,FALSE,FALSE,FALSE
ID034,2025-11-18,2850,76300,,19,19,3144,101,0,0,FALSE,FALSE,FALSE
ID034,2025-11-19,3196,78650,,26,26,3419,101,0,0,FALSE,FALSE,FALSE
ID034,2025-11-20,2919,78700,,25,25,3057,101,0,0,FALSE,FALSE,FALSE
ID034,2025-11-21,3531,80400,,28,28,3607,101,0,0,FALSE,FALSE,FALSE
ID034,2025-11-22,2491,82000,,24,24,3354,101,0,0,FALSE,FALSE,FALSE
ID034,2025-11-23,3673,82450,,26,26,4471,101,0,0,FALSE,FALSE,FALSE
ID034,2025-11-24,3173,86400,,24,24,3685,101,0,0,FALSE,FALSE,FALSE
ID034,2025-11-25,3012,85400,,15,15,3150,101,0,0,FALSE,FALSE,FALSE
ID034,2025-11-26,3550,87100,,25,25,3935,101,0,0,FALSE,FALSE,FALSE
ID034,2025-11-27,1890,87600,,10,10,1919,101,0,0,FALSE,FALSE,FALSE
ID034,2025-11-28,2248,88300,,16,16,2495,101,0,0,FALSE,FALSE,FALSE
ID034,2025-11-29,2994,87500,,20,20,3517,101,0,0,FALSE,FALSE,FALSE
ID034,2025-11-30,3559,91400,,15,15,3469,101,0,0,FALSE,FALSE,FALSE
ID034,2025-12-01,2711,92050,,18,18,2800,101,0,0,FALSE,FALSE,FALSE
ID034,2025-12-02,3193,91100,,15,15,2882,101,0,0,FALSE,FALSE,FALSE
ID034,2025-12-03,2849,92100,,9,9,2689,101,0,0,FALSE,FALSE,FALSE
ID034,2025-12-04,3293,94300,,17,17,3183,101,0,0,FALSE,FALSE,FALSE
ID034,2025-12-05,3366,95000,,10,10,2492,101,0,0,FALSE,FALSE,FALSE
ID034,2025-12-06,3641,94900,,12,12,3179,101,0,0,FALSE,FALSE,FALSE
ID034,2025-12-07,4522,96200,,20,20,3334,101,0,0,FALSE,FALSE,FALSE
ID034,2025-12-08,1999,96300,,7,7,1675,101,0,0,FALSE,FALSE,FALSE
ID034,2025-12-09,2813,98150,,20,20,2499,101,0,0,FALSE,FALSE,FALSE
ID034,2025-12-10,4447,103500,,22,22,3263,101,0,0,FALSE,FALSE,FALSE
ID034,2025-12-11,505,98700,,6,0,0,101,0,6,FALSE,FALSE,FALSE
ID034,2025-12-12,2543,99300,,24,24,2061,101,0,0,FALSE,FALSE,FALSE
ID034,2025-12-13,3213,104800,,17,17,2210,101,0,0,FALSE,FALSE,FALSE
ID034,2025-12-14,4010,105900,,15,15,3057,101,0,0,FALSE,FALSE,FALSE
ID034,2025-12-15,4437,107000,,24,24,3857,101,0,0,FALSE,FALSE,FALSE
ID034,2025-12-16,3363,107400,,10,10,2743,101,0,0,FALSE,FALSE,FALSE
ID034,2025-12-17,3805,109050,,16,16,3623,101,0,0,FALSE,FALSE,FALSE
ID034,2025-12-18,4035,109900,,15,15,3898,101,0,0,FALSE,FALSE,FALSE
ID034,2025-12-19,3496,109800,,18,18,2960,101,0,0,FALSE,FALSE,FALSE
ID034,2025-12-20,3739,110800,,21,21,2760,101,0,0,FALSE,FALSE,FALSE
ID034,2025-12-21,2715,112000,,22,22,2584,101,0,0,FALSE,FALSE,FALSE
ID034,2025-12-22,471,112800,,3,0,0,101,0,3,FALSE,FALSE,FALSE
ID040,2025-09-19,766,34000,,6,0,0,101,0,6,FALSE,FALSE,FALSE
ID040,2025-09-20,1075,38700,,9,0,0,101,0,9,FALSE,FALSE,FALSE
ID040,2025-09-21,1416,39900,,11,11,4190,101,0,0,FALSE,FALSE,FALSE
ID040,2025-09-22,1208,41000,,10,10,2339,101,0,0,FALSE,FALSE,FALSE
ID040,2025-09-23,1640,41400,,8,8,3745,101,0,0,FALSE,FALSE,FALSE
ID040,2025-09-24,2454,42000,,12,12,5325,101,0,0,FALSE,FALSE,FALSE
ID040,2025-09-25,1987,42900,,8,8,4179,101,0,0,FALSE,FALSE,FALSE
ID040,2025-09-26,2138,44150,,12,12,5149,101,0,0,FALSE,FALSE,FALSE
ID040,2025-09-27,2334,45100,,15,15,4852,101,0,0,FALSE,FALSE,FALSE
ID040,2025-09-28,2371,45500,,8,8,3557,101,0,0,FALSE,FALSE,FALSE
ID040,2025-09-29,4824,46000,,11,11,4875,101,0,0,FALSE,FALSE,FALSE
ID040,2025-09-30,3830,48050,,12,12,3917,101,0,0,FALSE,FALSE,FALSE
ID040,2025-10-01,3949,47400,,15,15,5015,101,0,0,FALSE,FALSE,FALSE
ID040,2025-10-02,4444,49700,,10,10,4346,101,0,0,FALSE,FALSE,FALSE
ID040,2025-10-03,4539,51200,,19,19,4923,101,0,0,FALSE,FALSE,FALSE
ID040,2025-10-04,5199,52400,,10,10,4332,101,0,0,FALSE,FALSE,FALSE
ID040,2025-10-05,5630,53950,,16,16,4694,101,0,0,FALSE,FALSE,FALSE
ID040,2025-10-06,4464,55400,,19,19,5206,101,0,0,FALSE,FALSE,FALSE
ID040,2025-10-07,4644,56500,,16,16,5829,101,0,0,FALSE,FALSE,FALSE
ID040,2025-10-08,5021,58100,,15,15,5295,101,0,0,FALSE,FALSE,FALSE
ID040,2025-10-09,4836,58400,,18,18,5776,101,0,0,FALSE,FALSE,FALSE
ID040,2025-10-10,5096,60250,,18,18,5085,101,0,0,FALSE,FALSE,FALSE
ID040,2025-10-11,4632,60800,,15,15,5654,101,0,0,FALSE,FALSE,FALSE
ID040,2025-10-12,3957,60750,,8,8,4228,101,0,0,FALSE,FALSE,FALSE
ID040,2025-10-13,4717,63000,,9,9,3974,101,0,0,FALSE,FALSE,FALSE
ID040,2025-10-14,4995,64200,,8,8,4470,101,0,0,FALSE,FALSE,FALSE
ID040,2025-10-15,5858,65800,,10,10,4502,101,0,0,FALSE,FALSE,FALSE
ID040,2025-10-16,4349,66400,,12,12,3826,101,0,0,FALSE,FALSE,FALSE
ID040,2025-10-17,4960,67200,,6,6,3968,101,0,0,FALSE,FALSE,FALSE
ID040,2025-10-18,2681,68900,,6,6,1776,101,0,0,FALSE,FALSE,FALSE
ID040,2025-10-19,3369,67700,,4,4,3138,101,0,0,FALSE,FALSE,FALSE
ID040,2025-10-20,5991,70800,,8,8,4591,101,0,0,FALSE,FALSE,FALSE
ID040,2025-10-21,4974,72200,,13,13,4748,101,0,0,FALSE,FALSE,FALSE
ID040,2025-10-22,5207,71950,,10,10,5066,101,0,0,FALSE,FALSE,FALSE
ID040,2025-10-23,4461,74000,,14,14,4510,101,0,0,FALSE,FALSE,FALSE
ID040,2025-10-24,3398.5,75800,,10,10,4433,101,0,0,FALSE,FALSE,TRUE
ID040,2025-10-25,2336,75500,,7,7,2003,101,0,0,FALSE,FALSE,FALSE
ID040,2025-10-26,5959,77150,,6,6,4557,101,0,0,FALSE,FALSE,FALSE
ID040,2025-10-27,4963,79800,,7,7,3372,101,0,0,FALSE,FALSE,FALSE
ID040,2025-10-28,3553,77800,,3,3,2243,101,0,0,FALSE,FALSE,FALSE
ID040,2025-10-29,5167,80700,,5,5,3580,101,0,0,FALSE,FALSE,FALSE
ID040,2025-10-30,1622,81200,,10,10,1814,101,0,0,FALSE,FALSE,FALSE
ID040,2025-10-31,3592,83900,,15,15,3858,101,0,0,FALSE,FALSE,FALSE
ID040,2025-11-01,3522,85400,,15,15,3596,101,0,0,FALSE,FALSE,FALSE
ID040,2025-11-02,3472,86400,,19,19,3872,101,0,0,FALSE,FALSE,FALSE
ID040,2025-11-03,5240,87900,,20,20,5594,101,0,0,FALSE,FALSE,FALSE
ID040,2025-11-04,4781,90250,,18,18,4845,101,0,0,FALSE,FALSE,FALSE
ID040,2025-11-05,4380,91550,,16,0,0,101,0,16,FALSE,FALSE,TRUE
ID040,2025-11-06,3979,92700,,6,6,3104,101,0,0,FALSE,FALSE,FALSE
ID040,2025-11-07,4279,95200,,11,11,3369,101,0,0,FALSE,FALSE,FALSE
ID040,2025-11-08,4033,95550,,18,18,3593,101,0,0,FALSE,FALSE,FALSE
ID040,2025-11-09,5901,97900,,23,23,4498,101,0,0,FALSE,FALSE,FALSE
ID040,2025-11-10,4666,98700,,13,13,3872,101,0,0,FALSE,FALSE,FALSE
ID040,2025-11-11,4072,99350,,16,16,3741,101,0,0,FALSE,FALSE,FALSE
ID040,2025-11-12,3357,99900,,18,18,3436,101,0,0,FALSE,FALSE,FALSE
ID040,2025-11-13,3324,99850,,16,16,2165,101,0,0,FALSE,FALSE,FALSE
ID040,2025-11-14,4935,102400,,19,19,4257,101,0,0,FALSE,FALSE,FALSE
ID040,2025-11-15,4626,104900,,11,11,4146,101,0,0,FALSE,FALSE,FALSE
ID040,2025-11-16,4445,104800,,26,26,4093,101,0,0,FALSE,FALSE,FALSE
ID040,2025-11-17,3940,106500,,18,18,3898,101,0,0,FALSE,FALSE,FALSE
ID040,2025-11-18,4059,106500,,13,13,3884,101,0,0,FALSE,FALSE,FALSE
ID040,2025-11-19,4553,106500,,23,23,3893,101,0,0,FALSE,FALSE,FALSE
ID040,2025-11-20,4483,107500,,15,15,5125,101,0,0,FALSE,FALSE,FALSE
ID040,2025-11-21,3084,107000,,17,17,3244,101,0,0,FALSE,FALSE,FALSE
ID040,2025-11-22,3731,107800,,21,21,3850,101,0,0,FALSE,FALSE,FALSE
ID040,2025-11-23,3171,109600,,27,27,3536,101,0,0,FALSE,FALSE,FALSE
ID040,2025-11-24,3334,109500,,10,10,4002,101,0,0,FALSE,FALSE,FALSE
ID040,2025-11-25,3814,113550,,20,20,4130,101,0,0,FALSE,FALSE,FALSE
ID040,2025-11-26,4380,114700,,23,23,4699,101,0,0,FALSE,FALSE,FALSE
ID040,2025-11-27,4600,116800,,25,25,4636,101,0,0,FALSE,FALSE,FALSE
ID040,2025-11-28,3310,118100,,22,22,3847,101,0,0,FALSE,FALSE,FALSE
ID040,2025-11-29,3822,118600,,14,14,4183,101,0,0,FALSE,FALSE,FALSE
ID040,2025-11-30,4177,119900,,26,26,3817,101,0,0,FALSE,FALSE,FALSE
ID040,2025-12-01,4095,121800,,22,22,3298,101,0,0,FALSE,FALSE,FALSE
ID040,2025-12-02,4238,121300,,25,25,3863,101,0,0,FALSE,FALSE,FALSE
ID040,2025-12-03,3934,122300,,22,22,3625,101,0,0,FALSE,FALSE,FALSE
ID040,2025-12-04,4411,122600,,23,23,4104,101,0,0,FALSE,FALSE,FALSE
ID040,2025-12-05,4731,124900,,22,22,4730,101,0,0,FALSE,FALSE,FALSE
ID040,2025-12-06,2665,124300,,25,25,2419,101,0,0,FALSE,FALSE,FALSE
ID040,2025-12-07,2917,123000,,12,12,2331,101,0,0,FALSE,FALSE,FALSE
ID040,2025-12-08,4035,126000,,29,29,3568,101,0,0,FALSE,FALSE,FALSE
ID040,2025-12-09,4443,127700,,26,26,3850,101,0,0,FALSE,FALSE,FALSE
ID040,2025-12-10,4070,132700,,32,32,3105,101,0,0,FALSE,FALSE,FALSE
ID040,2025-12-11,2091,129100,,10,10,1086,101,0,0,FALSE,FALSE,FALSE
ID040,2025-12-12,5186,134800,,15,15,4078,101,0,0,FALSE,FALSE,FALSE
ID040,2025-12-13,5287,136600,,20,20,4369,101,0,0,FALSE,FALSE,FALSE
ID040,2025-12-14,4060,136800,,22,22,3573,101,1,0,FALSE,FALSE,FALSE
ID040,2025-12-15,4556,138400,,17,17,3934,101,0,0,FALSE,FALSE,FALSE
ID040,2025-12-16,4400,137200,,20,20,3101,101,1,0,FALSE,FALSE,FALSE
ID040,2025-12-17,4597,139500,,7,7,3584,101,2,0,FALSE,FALSE,FALSE
ID040,2025-12-18,3189,139100,,10,10,2844,101,7,0,FALSE,FALSE,FALSE
ID040,2025-12-19,2879,136300,,16,16,2313,101,0,0,FALSE,FALSE,FALSE
ID040,2025-12-20,3012,138700,,9,9,2182,101,0,0,FALSE,FALSE,FALSE
ID040,2025-12-21,4617,140000,,17,17,4109,101,16,0,FALSE,FALSE,FALSE
ID040,2025-12-22,1149,,,1,0,0,101,1,1,FALSE,TRUE,FALSE
ID043,2025-09-12,816,25400,,9,0,0,95,4,9,FALSE,FALSE,FALSE
ID043,2025-09-13,1767,39900,,21,21,3384,95,2,0,FALSE,FALSE,FALSE
ID043,2025-09-14,1027,27900,,8,8,2851,95,1,0,FALSE,FALSE,FALSE
ID043,2025-09-15,1053,29100,,7,7,3154,95,0,0,FALSE,FALSE,FALSE
ID043,2025-09-16,1181,29500,,6,6,3342,95,0,0,FALSE,FALSE,FALSE
ID043,2025-09-17,1677,30300,,19,19,4807,95,1,0,FALSE,FALSE,FALSE
ID043,2025-09-18,1650,30700,,26,26,3104,95,2,0,FALSE,FALSE,FALSE
ID043,2025-09-19,1758,32450,,18,18,4271,95,2,0,FALSE,FALSE,FALSE
ID043,2025-09-20,1216,33300,,16,16,2998,95,0,0,FALSE,FALSE,FALSE
ID043,2025-09-21,1504,33900,,13,13,4108,95,0,0,FALSE,FALSE,FALSE
ID043,2025-09-22,1864,35400,,8,8,4118,95,0,0,FALSE,FALSE,FALSE
ID043,2025-09-23,1727,36300,,7,7,4375,95,0,0,FALSE,FALSE,FALSE
ID043,2025-09-24,1158,36100,,6,6,3165,95,0,0,FALSE,FALSE,FALSE
ID043,2025-09-25,1641,37200,,11,11,3789,95,0,0,FALSE,FALSE,FALSE
ID043,2025-09-26,1010,36600,,9,0,0,95,0,9,FALSE,FALSE,FALSE
ID043,2025-09-27,1457,38400,,7,7,3571,95,0,0,FALSE,FALSE,FALSE
ID043,2025-09-28,839,38850,,6,0,0,95,0,6,FALSE,FALSE,FALSE
ID043,2025-09-29,1693,39600,,3,3,3785,95,0,0,FALSE,FALSE,FALSE
ID043,2025-09-30,1235,41100,,7,7,3188,95,0,0,FALSE,FALSE,FALSE
ID043,2025-10-01,1868,41600,,7,7,4304,95,0,0,FALSE,FALSE,FALSE
ID043,2025-10-02,1790,42300,,6,6,4084,95,0,0,FALSE,FALSE,FALSE
ID043,2025-10-03,1849,43800,,9,9,4217,95,0,0,FALSE,FALSE,FALSE
ID043,2025-10-04,2241,44100,,7,7,4822,95,0,0,FALSE,FALSE,FALSE
ID043,2025-10-05,2272,45100,,7,7,4715,95,0,0,FALSE,FALSE,FALSE
ID043,2025-10-06,2706,46500,,7,7,5295,95,0,0,FALSE,FALSE,FALSE
ID043,2025-10-07,2194,46600,,5,5,4645,95,0,0,FALSE,FALSE,FALSE
ID043,2025-10-08,1786,46800,,5,5,3168,95,0,0,FALSE,FALSE,FALSE
ID043,2025-10-09,2421,48800,,7,7,3626,95,0,0,FALSE,FALSE,FALSE
ID043,2025-10-10,2141,47800,,6,6,4179,95,0,0,FALSE,FALSE,FALSE
ID043,2025-10-11,2530,49250,,8,8,4557,95,0,0,FALSE,FALSE,FALSE
ID043,2025-10-12,2331,49000,,13,13,3691,95,0,0,FALSE,FALSE,FALSE
ID043,2025-10-13,2147,51300,,7,7,4014,95,0,0,FALSE,FALSE,FALSE
ID043,2025-10-14,1992,52300,,8,8,3867,95,0,0,FALSE,FALSE,FALSE
ID043,2025-10-15,2542,52700,,7,7,4622,95,0,0,FALSE,FALSE,FALSE
ID043,2025-10-16,2404,54150,,6,6,4099,95,0,0,FALSE,FALSE,FALSE
ID043,2025-10-17,1416,54900,,5,5,2367,95,0,0,FALSE,FALSE,FALSE
ID043,2025-10-19,3580,53700,,6,6,2726,95,0,0,FALSE,FALSE,FALSE
ID043,2025-10-20,1806,54900,,15,15,2836,95,0,0,FALSE,FALSE,FALSE
ID043,2025-10-21,2764,56100,,5,5,4095,95,0,0,FALSE,FALSE,FALSE
ID043,2025-10-22,2054,57400,,14,14,2545,95,0,0,FALSE,FALSE,FALSE
ID043,2025-10-23,2655,57950,,10,10,4177,95,0,0,FALSE,FALSE,FALSE
ID043,2025-10-24,2409,59100,,5,5,3937,95,0,0,FALSE,FALSE,FALSE
ID043,2025-10-25,3305,61050,,12,12,4132,95,0,0,FALSE,FALSE,FALSE
ID043,2025-10-26,1724,61300,,8,8,2805,95,0,0,FALSE,FALSE,FALSE
ID043,2025-10-27,2758,61550,,10,10,4142,95,0,0,FALSE,FALSE,FALSE
ID043,2025-10-28,1266,63000,,1,0,0,95,0,1,FALSE,FALSE,FALSE
ID043,2025-10-29,2352,64900,,5,5,3405,95,0,0,FALSE,FALSE,FALSE
ID043,2025-10-30,3299,65750,,6,6,4548,95,0,0,FALSE,FALSE,FALSE
ID043,2025-10-31,2342,67950,,8,8,2978,95,0,0,FALSE,FALSE,FALSE
ID043,2025-11-01,3394,67900,,13,13,4750,95,0,0,FALSE,FALSE,FALSE
ID043,2025-11-02,2816,69400,,8,8,3747,95,0,0,FALSE,FALSE,FALSE
ID043,2025-11-03,2468,70000,,17,17,3043,95,0,0,FALSE,FALSE,FALSE
ID043,2025-11-04,2439,70100,,14,14,3197,95,0,0,FALSE,FALSE,FALSE
ID043,2025-11-05,4270,72100,,22,0,0,95,0,22,FALSE,FALSE,FALSE
ID043,2025-11-06,2481,73200,,16,16,2916,95,0,0,FALSE,FALSE,FALSE
ID043,2025-11-07,3273,73650,,14,14,4163,95,0,0,FALSE,FALSE,FALSE
ID043,2025-11-08,3304,75750,,16,16,3353,95,0,0,FALSE,FALSE,FALSE
ID043,2025-11-09,3411,76850,,16,16,3693,95,0,0,FALSE,FALSE,FALSE
ID043,2025-11-10,3142,76850,,10,10,3586,95,0,0,FALSE,FALSE,FALSE
ID043,2025-11-11,3382,78600,,13,13,3622,95,0,0,FALSE,FALSE,FALSE
ID043,2025-11-12,1345,81100,,7,0,0,95,0,7,FALSE,FALSE,FALSE
ID043,2025-11-13,2667,81000,,9,9,2704,95,0,0,FALSE,FALSE,FALSE
ID043,2025-11-14,2459,82700,,11,11,2437,95,0,0,FALSE,FALSE,FALSE
ID043,2025-11-15,3079,84200,,18,18,3033,95,0,0,FALSE,FALSE,FALSE
ID043,2025-11-16,3420,85650,,14,14,3082,95,0,0,FALSE,FALSE,FALSE
ID043,2025-11-17,4250,86800,,11,11,4256,95,0,0,FALSE,FALSE,FALSE
ID043,2025-11-18,4081,88400,,17,17,3585,95,0,0,FALSE,FALSE,FALSE
ID043,2025-11-19,4103,86400,,27,27,3944,95,0,0,FALSE,FALSE,FALSE
ID043,2025-11-20,4190,87200,,29,29,3694,95,0,0,FALSE,FALSE,FALSE
ID043,2025-11-21,3494,89000,,24,24,3293,95,0,0,FALSE,FALSE,FALSE
ID043,2025-11-22,3548,89600,,15,15,3407,95,0,0,FALSE,FALSE,FALSE
ID043,2025-11-23,2266,90000,,18,0,0,95,0,18,FALSE,FALSE,FALSE
ID043,2025-11-24,3333,90300,,19,19,3918,95,0,0,FALSE,FALSE,FALSE
ID043,2025-11-25,4543,92500,,25,25,3808,95,0,0,FALSE,FALSE,FALSE
ID043,2025-11-26,3113,93850,,40,40,2923,95,0,0,FALSE,FALSE,FALSE
ID043,2025-11-27,4407,96100,,24,24,4386,95,0,0,FALSE,FALSE,FALSE
ID043,2025-11-28,4039,96350,,24,24,4375,95,0,0,FALSE,FALSE,FALSE
ID043,2025-11-29,4570,97000,,32,32,4350,95,0,0,FALSE,FALSE,FALSE
ID043,2025-11-30,3430,97700,,38,38,3090,95,0,0,FALSE,FALSE,FALSE
ID043,2025-12-01,3675,100300,,23,23,3602,95,0,0,FALSE,FALSE,FALSE
ID043,2025-12-02,4106,100800,,23,23,4274,95,0,0,FALSE,FALSE,FALSE
ID043,2025-12-03,5798,104300,,41,0,0,95,0,41,FALSE,FALSE,FALSE
ID043,2025-12-04,2728,105400,,29,29,2891,95,0,0,FALSE,FALSE,FALSE
ID043,2025-12-05,3326,106000,,41,41,3338,95,0,0,FALSE,FALSE,FALSE
ID043,2025-12-06,4247,106500,,33,33,4008,95,0,0,FALSE,FALSE,FALSE
ID043,2025-12-07,3240,106700,,15,15,2826,95,0,0,FALSE,FALSE,FALSE
ID043,2025-12-08,3552,108100,,21,21,3661,95,0,0,FALSE,FALSE,FALSE
ID043,2025-12-09,2607,108200,,18,18,3064,95,0,0,FALSE,FALSE,FALSE
ID043,2025-12-10,4543,110000,,25,0,0,95,0,25,FALSE,FALSE,FALSE
ID043,2025-12-11,3112,115300,,15,15,2783,95,0,0,FALSE,FALSE,FALSE
ID043,2025-12-12,3459,116000,,11,11,2682,95,0,0,FALSE,FALSE,FALSE
ID043,2025-12-13,3363,116433.333333333,,26,26,3222,95,26,0,FALSE,TRUE,FALSE
ID043,2025-12-14,4155,116866.666666667,,25,25,3778,95,25,0,FALSE,TRUE,FALSE
ID043,2025-12-15,4013,117300,,38,38,2766,95,0,0,FALSE,FALSE,FALSE
ID043,2025-12-16,4265,114150,,22,22,3546,95,0,0,FALSE,FALSE,FALSE
ID043,2025-12-17,3796,114700,,14,14,4093,95,0,0,FALSE,FALSE,FALSE
ID043,2025-12-18,2699,,,12,12,2880,95,12,0,FALSE,TRUE,FALSE
ID043,2025-12-19,2922,,,16,16,2280,95,16,0,FALSE,TRUE,FALSE
ID043,2025-12-20,3481,,,17,17,3348,95,17,0,FALSE,TRUE,FALSE
ID043,2025-12-21,4376,,,25,0,0,95,25,25,FALSE,TRUE,FALSE
ID043,2025-12-22,1575,,,4,4,1504,95,4,0,FALSE,TRUE,FALSE
ID044,2025-09-17,914,,,9,0,0,98,9,9,FALSE,TRUE,FALSE
ID044,2025-09-18,1185,,,12,12,1974,98,12,0,FALSE,TRUE,FALSE
ID044,2025-09-19,435,,,4,0,0,98,4,4,FALSE,TRUE,FALSE
ID044,2025-09-20,1481,32200,,18,18,3318,98,0,0,FALSE,FALSE,FALSE
ID044,2025-09-21,1385,33200,,25,25,3833,98,0,0,FALSE,FALSE,FALSE
ID044,2025-09-22,1741,32750,,14,14,3015,98,0,0,FALSE,FALSE,FALSE
ID044,2025-09-23,1666,33900,,13,13,3389,98,0,0,FALSE,FALSE,FALSE
ID044,2025-09-24,970,35300,,7,7,2300,98,0,0,FALSE,FALSE,FALSE
ID044,2025-09-25,1796,36100,,7,7,3962,98,0,0,FALSE,FALSE,FALSE
ID044,2025-09-26,1001,37600,,7,7,3205,98,0,0,FALSE,FALSE,FALSE
ID044,2025-09-27,1376,38400,,7,7,3016,98,0,0,FALSE,FALSE,FALSE
ID044,2025-09-28,2079,38800,,8,8,3552,98,0,0,FALSE,FALSE,FALSE
ID044,2025-09-29,2111,39000,,11,11,3673,98,0,0,FALSE,FALSE,FALSE
ID044,2025-09-30,1468,39700,,4,4,3066,98,0,0,FALSE,FALSE,FALSE
ID044,2025-10-01,915,40400,,5,5,2785,98,0,0,FALSE,FALSE,FALSE
ID044,2025-10-02,1987,41000,,9,9,3978,98,0,0,FALSE,FALSE,FALSE
ID044,2025-10-03,2132,43200,,5,5,3787,98,0,0,FALSE,FALSE,FALSE
ID044,2025-10-04,1969,43700,,7,7,3515,98,0,0,FALSE,FALSE,FALSE
ID044,2025-10-05,1910,44600,,4,4,3657,98,0,0,FALSE,FALSE,FALSE
ID044,2025-10-06,2034,45800,,7,7,4096,98,0,0,FALSE,FALSE,FALSE
ID044,2025-10-07,1510,46800,,3,3,2590,98,0,0,FALSE,FALSE,FALSE
ID044,2025-10-08,1687,46800,,5,5,3275,98,0,0,FALSE,FALSE,FALSE
ID044,2025-10-09,2921,49900,,7,7,4538,98,0,0,FALSE,FALSE,FALSE
ID044,2025-10-10,3685,51000,,8,8,4837,98,0,0,FALSE,FALSE,FALSE
ID044,2025-10-11,2969,52000,,12,12,5622,98,0,0,FALSE,FALSE,FALSE
ID044,2025-10-12,3951,53800,,10,10,6058,98,0,0,FALSE,FALSE,FALSE
ID044,2025-10-13,2492,55300,,8,8,3964,98,0,0,FALSE,FALSE,FALSE
ID044,2025-10-14,2869,56200,,8,8,4298,98,0,0,FALSE,FALSE,FALSE
ID044,2025-10-15,2287,57250,,12,12,4172,98,0,0,FALSE,FALSE,FALSE
ID044,2025-10-16,2575,57100,,7,7,4369,98,0,0,FALSE,FALSE,FALSE
ID044,2025-10-17,2699,58050,,6,6,4033,98,0,0,FALSE,FALSE,FALSE
ID044,2025-10-18,2082,59500,,3,3,2814,98,0,0,FALSE,FALSE,FALSE
ID044,2025-10-19,3967,60300,,7,7,5083,98,0,0,FALSE,FALSE,FALSE
ID044,2025-10-20,3210,62400,,8,8,5163,98,0,0,FALSE,FALSE,FALSE
ID044,2025-10-21,2820,62500,,7,7,5866,98,0,0,FALSE,FALSE,FALSE
ID044,2025-10-22,1530,62500,,3,3,2874,98,0,0,FALSE,FALSE,FALSE
ID044,2025-10-23,2229,63350,,4,4,4490,98,0,0,FALSE,FALSE,FALSE
ID044,2025-10-24,2800,64350,,4,4,4607,98,0,0,FALSE,FALSE,FALSE
ID044,2025-10-25,2779,66800,,13,13,5499,98,0,0,FALSE,FALSE,FALSE
ID044,2025-10-26,2991,68000,,10,10,5044,98,0,0,FALSE,FALSE,FALSE
ID044,2025-10-27,3424,70700,,9,9,5329,98,0,0,FALSE,FALSE,FALSE
ID044,2025-10-28,2688,70750,,6,6,3893,98,0,0,FALSE,FALSE,FALSE
ID044,2025-10-29,3195,71950,,6,6,4684,98,0,0,FALSE,FALSE,FALSE
ID044,2025-10-30,2964,73700,,7,7,4431,98,0,0,FALSE,FALSE,FALSE
ID044,2025-10-31,3156,73950,,4,4,4403,98,0,0,FALSE,FALSE,FALSE
ID044,2025-11-01,2826,76100,,7,7,4036,98,0,0,FALSE,FALSE,FALSE
ID044,2025-11-02,3265,77600,,9,9,4813,98,0,0,FALSE,FALSE,FALSE
ID044,2025-11-03,4538,78400,,9,9,5901,98,0,0,FALSE,FALSE,FALSE
ID044,2025-11-04,3239,80900,,6,6,4110,98,0,0,FALSE,FALSE,FALSE
ID044,2025-11-05,3279,80600,,6,6,3996,98,0,0,FALSE,FALSE,FALSE
ID044,2025-11-06,2885,84550,,8,8,3883,98,0,0,FALSE,FALSE,FALSE
ID044,2025-11-07,3381,84800,,9,9,4496,98,0,0,FALSE,FALSE,FALSE
ID044,2025-11-08,3985,86400,,13,13,4709,98,0,0,FALSE,FALSE,FALSE
ID044,2025-11-09,3797,92300,,6,6,4233,98,0,0,FALSE,FALSE,FALSE
ID044,2025-11-10,3200,92975,,9,9,3969,98,9,0,FALSE,TRUE,FALSE
ID044,2025-11-11,3645,93650,,6,6,5112,98,0,0,FALSE,FALSE,FALSE
ID044,2025-11-12,3383,94950,,6,6,4241,98,0,0,FALSE,FALSE,FALSE
ID044,2025-11-13,1521,91000,,2,2,1350,98,0,0,FALSE,FALSE,FALSE
ID044,2025-11-14,4143,93750,,10,10,5464,98,0,0,FALSE,FALSE,FALSE
ID044,2025-11-15,2859,95200,,7,7,3991,98,0,0,FALSE,FALSE,FALSE
ID044,2025-11-16,4432,97200,,9,9,6098,98,0,0,FALSE,FALSE,FALSE
ID044,2025-11-17,3395,99600,,5,5,4297,98,0,0,FALSE,FALSE,FALSE
ID044,2025-11-18,3693,99300,,9,9,5496,98,0,0,FALSE,FALSE,FALSE
ID044,2025-11-19,4417,98100,,7,7,6279,98,0,0,FALSE,FALSE,FALSE
ID044,2025-11-20,3315,98200,,9,9,5032,98,0,0,FALSE,FALSE,FALSE
ID044,2025-11-21,4628,98750,,6,6,5670,98,0,0,FALSE,FALSE,FALSE
ID044,2025-11-22,2885,100300,,5,5,3837,98,0,0,FALSE,FALSE,FALSE
ID044,2025-11-23,4042,101000,,12,12,5928,98,0,0,FALSE,FALSE,FALSE
ID044,2025-11-24,4305,102500,,11,11,5604,98,0,0,FALSE,FALSE,FALSE
ID044,2025-11-25,3538,104400,,11,11,5338,98,0,0,FALSE,FALSE,FALSE
ID044,2025-11-26,3437,106100,,6,6,4792,98,0,0,FALSE,FALSE,FALSE
ID044,2025-11-27,4559,105900,,9,9,6344,98,0,0,FALSE,FALSE,FALSE
ID044,2025-11-28,3680,109250,,12,12,5650,98,0,0,FALSE,FALSE,FALSE
ID044,2025-11-29,1866,105700,,5,5,2436,98,0,0,FALSE,FALSE,FALSE
ID044,2025-11-30,3279,108400,,9,9,3923,98,0,0,FALSE,FALSE,FALSE
ID044,2025-12-01,4020,111150,,6,6,5145,98,0,0,FALSE,FALSE,FALSE
ID044,2025-12-02,3589,110900,,8,8,3605,98,0,0,FALSE,FALSE,FALSE
ID044,2025-12-03,4646,112950,,8,8,5261,98,0,0,FALSE,FALSE,FALSE
ID044,2025-12-04,4378,112600,,13,13,5969,98,0,0,FALSE,FALSE,FALSE
ID044,2025-12-05,4957,116000,,13,13,5303,98,0,0,FALSE,FALSE,FALSE
ID044,2025-12-06,4649,118200,,9,9,5199,98,0,0,FALSE,FALSE,FALSE
ID044,2025-12-07,3626,118400,,12,12,4786,98,0,0,FALSE,FALSE,FALSE
ID044,2025-12-08,5259,118850,,12,0,0,98,0,12,FALSE,FALSE,FALSE
ID044,2025-12-09,4421,121100,,7,7,5210,98,0,0,FALSE,FALSE,FALSE
ID044,2025-12-10,3890,122900,,8,8,4950,98,0,0,FALSE,FALSE,FALSE
ID044,2025-12-11,909,120900,,1,0,0,98,0,1,FALSE,FALSE,FALSE
ID044,2025-12-12,4101,123050,,8,8,4955,98,0,0,FALSE,FALSE,FALSE
ID044,2025-12-13,5119,124800,,13,13,6198,98,0,0,FALSE,FALSE,FALSE
ID044,2025-12-14,3368,126500,,14,14,4306,98,0,0,FALSE,FALSE,FALSE
ID044,2025-12-15,4060,125700,,12,12,4890,98,0,0,FALSE,FALSE,FALSE
ID044,2025-12-16,2099,131100,,4,4,2457,98,0,0,FALSE,FALSE,FALSE
ID044,2025-12-17,3777,132800,,9,9,4993,98,0,0,FALSE,FALSE,FALSE
ID044,2025-12-18,4087,134400,,11,11,5754,98,0,0,FALSE,FALSE,FALSE
ID044,2025-12-19,3220,135800,,5,5,4253,98,0,0,FALSE,FALSE,FALSE
ID044,2025-12-20,3696,137300,,13,13,4836,98,0,0,FALSE,FALSE,FALSE
ID044,2025-12-21,4700,137100,,9,9,5816,98,4,0,FALSE,FALSE,FALSE
ID044,2025-12-22,1621,138600,,4,4,1619,98,0,0,FALSE,FALSE,FALSE
ID044,2025-12-24,3873,136600,,6,6,3579,98,3,0,FALSE,FALSE,FALSE
ID045,2025-09-17,753,,,16,16,2003,98,16,0,FALSE,TRUE,FALSE
ID045,2025-09-18,696,,,15,15,1545,98,15,0,FALSE,TRUE,FALSE
ID045,2025-09-19,138,26750,,2,0,0,98,0,2,FALSE,FALSE,FALSE
ID045,2025-09-20,1278,28900,,13,13,1861,98,2,0,FALSE,FALSE,FALSE
ID045,2025-09-21,333,29600,,9,0,0,98,0,9,FALSE,FALSE,FALSE
ID045,2025-09-22,901,29100,,13,13,1899,98,0,0,FALSE,FALSE,FALSE
ID045,2025-09-23,961,30400,,15,15,1906,98,0,0,FALSE,FALSE,FALSE
ID045,2025-09-24,1365,31500,,15,15,2918,98,0,0,FALSE,FALSE,FALSE
ID045,2025-09-25,1720,32100,,15,15,2811,98,0,0,FALSE,FALSE,FALSE
ID045,2025-09-26,900,32600,,10,10,1637,98,0,0,FALSE,FALSE,FALSE
ID045,2025-09-27,1475,33100,,22,22,2856,98,0,0,FALSE,FALSE,FALSE
ID045,2025-09-28,1923,33300,,16,16,3205,98,0,0,FALSE,FALSE,FALSE
ID045,2025-09-29,1281,34200,,10,10,2639,98,0,0,FALSE,FALSE,FALSE
ID045,2025-09-30,1041,34900,,7,7,2086,98,0,0,FALSE,FALSE,FALSE
ID045,2025-10-01,724,36300,,5,5,1647,98,0,0,FALSE,FALSE,FALSE
ID045,2025-10-02,2097,36800,,11,11,3188,98,0,0,FALSE,FALSE,FALSE
ID045,2025-10-03,2117,36600,,9,9,3598,98,0,0,FALSE,FALSE,FALSE
ID045,2025-10-04,1430,37700,,9,9,2286,98,0,0,FALSE,FALSE,FALSE
ID045,2025-10-05,1703,38800,,11,11,2860,98,0,0,FALSE,FALSE,FALSE
ID045,2025-10-06,1432,39050,,8,8,1964,98,0,0,FALSE,FALSE,FALSE
ID045,2025-10-07,2182,40050,,12,12,2886,98,0,0,FALSE,FALSE,FALSE
ID045,2025-10-08,1729,40600,,9,9,2481,98,0,0,FALSE,FALSE,FALSE
ID045,2025-10-09,2159,41600,,14,14,2920,98,0,0,FALSE,FALSE,FALSE
ID045,2025-10-10,2905,42700,,11,11,3143,98,0,0,FALSE,FALSE,FALSE
ID045,2025-10-11,2151,44800,,15,15,2744,98,0,0,FALSE,FALSE,FALSE
ID045,2025-10-12,2442,44600,,17,17,3688,98,0,0,FALSE,FALSE,FALSE
ID045,2025-10-13,2248,45900,,11,11,2876,98,0,0,FALSE,FALSE,FALSE
ID045,2025-10-14,2758,46900,,16,16,3067,98,0,0,FALSE,FALSE,FALSE
ID045,2025-10-15,2186,47400,,16,16,3337,98,0,0,FALSE,FALSE,FALSE
ID045,2025-10-16,2256,48000,,11,11,2770,98,0,0,FALSE,FALSE,FALSE
ID045,2025-10-17,2490,48800,,6,6,2746,98,0,0,FALSE,FALSE,FALSE
ID045,2025-10-18,1867,50400,,7,7,1922,98,0,0,FALSE,FALSE,FALSE
ID045,2025-10-19,2375,50700,,5,5,3057,98,0,0,FALSE,FALSE,FALSE
ID045,2025-10-20,3245,52700,,10,10,3704,98,0,0,FALSE,FALSE,FALSE
ID045,2025-10-21,1261,53400,,5,5,1759,98,0,0,FALSE,FALSE,FALSE
ID045,2025-10-22,1441,52400,,3,3,2477,98,0,0,FALSE,FALSE,FALSE
ID045,2025-10-23,3113,56000,,12,12,4325,98,0,0,FALSE,FALSE,FALSE
ID045,2025-10-24,2699,57000,,14,14,3764,98,0,0,FALSE,FALSE,FALSE
ID045,2025-10-25,1830,57600,,11,11,2984,98,0,0,FALSE,FALSE,FALSE
ID045,2025-10-26,2260,57400,,9,9,3174,98,0,0,FALSE,FALSE,FALSE
ID045,2025-10-27,2779,58900,,12,12,3545,98,0,0,FALSE,FALSE,FALSE
ID045,2025-10-28,2386,60100,,8,8,2861,98,0,0,FALSE,FALSE,FALSE
ID045,2025-10-29,2224,61600,,10,10,2668,98,0,0,FALSE,FALSE,FALSE
ID045,2025-10-30,2311,62000,,9,9,2865,98,0,0,FALSE,FALSE,FALSE
ID045,2025-10-31,1966,62200,,9,9,2666,98,0,0,FALSE,FALSE,FALSE
ID045,2025-11-01,2461,62800,,7,7,2752,98,0,0,FALSE,FALSE,FALSE
ID045,2025-11-02,2084,65600,,11,11,3015,98,0,0,FALSE,FALSE,FALSE
ID045,2025-11-03,2591,65100,,10,10,2893,98,0,0,FALSE,FALSE,FALSE
ID045,2025-11-04,1880,67850,,10,10,2190,98,0,0,FALSE,FALSE,FALSE
ID045,2025-11-05,2670,66500,,12,12,2645,98,0,0,FALSE,FALSE,FALSE
ID045,2025-11-06,2113,67600,,11,11,2674,98,0,0,FALSE,FALSE,FALSE
ID045,2025-11-07,1867,68600,,7,7,2391,98,0,0,FALSE,FALSE,FALSE
ID045,2025-11-08,2535,70400,,12,12,2984,98,0,0,FALSE,FALSE,FALSE
ID045,2025-11-09,2105,74700,,9,9,2535,98,0,0,FALSE,FALSE,FALSE
ID045,2025-11-10,2597,75400,,13,13,3073,98,0,0,FALSE,FALSE,FALSE
ID045,2025-11-11,2701,77300,,9,9,3056,98,0,0,FALSE,FALSE,FALSE
ID045,2025-11-12,3185,78500,,13,13,3842,98,0,0,FALSE,FALSE,FALSE
ID045,2025-11-13,1123,74300,,3,3,1230,98,0,0,FALSE,FALSE,FALSE
ID045,2025-11-14,1883,76600,,9,9,2281,98,0,0,FALSE,FALSE,FALSE
ID045,2025-11-15,2255,78600,,10,10,2587,98,0,0,FALSE,FALSE,FALSE
ID045,2025-11-16,3356,79500,,15,15,3697,98,0,0,FALSE,FALSE,FALSE
ID045,2025-11-17,1788,79300,,11,11,2147,98,0,0,FALSE,FALSE,FALSE
ID045,2025-11-18,2775,80000,,9,9,3362,98,0,0,FALSE,FALSE,FALSE
ID045,2025-11-19,2809,78700,,13,13,2976,98,0,0,FALSE,FALSE,FALSE
ID045,2025-11-20,2730,76900,,14,14,3333,98,0,0,FALSE,FALSE,FALSE
ID045,2025-11-21,2097,78300,,11,11,2450,98,0,0,FALSE,FALSE,FALSE
ID045,2025-11-22,2382,78500,,9,9,2306,98,0,0,FALSE,FALSE,FALSE
ID045,2025-11-23,4098,82500,,14,14,4978,98,0,0,FALSE,FALSE,FALSE
ID045,2025-11-24,2259,82100,,13,13,2823,98,0,0,FALSE,FALSE,FALSE
ID045,2025-11-25,3566,84100,,13,13,3534,98,0,0,FALSE,FALSE,FALSE
ID045,2025-11-26,3574,84600,,13,13,4249,98,0,0,FALSE,FALSE,FALSE
ID045,2025-11-27,2052,83750,,10,10,2120,98,0,0,FALSE,FALSE,FALSE
ID045,2025-11-28,3006,87800,,12,12,2837,98;102,0,0,FALSE,FALSE,FALSE
ID045,2025-11-29,2976,88350,,6,6,2782,98,0,0,FALSE,FALSE,FALSE
ID045,2025-11-30,2966,90200,,17,17,3137,98,0,0,FALSE,FALSE,FALSE
ID045,2025-12-01,3360,90750,,20,20,3339,98,0,0,FALSE,FALSE,FALSE
ID045,2025-12-02,3261,90200,,13,13,3558,98,0,0,FALSE,FALSE,FALSE
ID045,2025-12-03,2438,91450,,10,10,2088,98,0,0,FALSE,FALSE,FALSE
ID045,2025-12-04,3556,92100,,13,13,3565,98,0,0,FALSE,FALSE,FALSE
ID045,2025-12-05,3094,93200,,18,18,2670,98,0,0,FALSE,FALSE,FALSE
ID045,2025-12-06,4144,94400,,12,12,4148,98,0,0,FALSE,FALSE,FALSE
ID045,2025-12-07,2437,95000,,12,12,2336,98,0,0,FALSE,FALSE,FALSE
ID045,2025-12-08,3797,94200,,16,16,3626,98,0,0,FALSE,FALSE,FALSE
ID045,2025-12-09,2707,97300,,20,20,2237,98,0,0,FALSE,FALSE,FALSE
ID045,2025-12-10,3439,98400,,12,12,3067,98,0,0,FALSE,FALSE,FALSE
ID045,2025-12-11,597,101750,,2,0,0,98,0,2,FALSE,FALSE,FALSE
ID045,2025-12-12,4247,101100,,13,13,3922,98,0,0,FALSE,FALSE,FALSE
ID045,2025-12-13,2361,101900,,13,13,2219,98,0,0,FALSE,FALSE,FALSE
ID045,2025-12-14,3966,101700,,12,12,3458,98,0,0,FALSE,FALSE,FALSE
ID045,2025-12-15,4060,103500,,15,15,4193,98,0,0,FALSE,FALSE,FALSE
ID045,2025-12-16,2338,109250,,8,8,1860,98,0,0,FALSE,FALSE,FALSE
ID045,2025-12-17,3865,109500,,15,15,3935,98,0,0,FALSE,FALSE,FALSE
ID045,2025-12-18,3048,109000,,15,15,2660,98,0,0,FALSE,FALSE,FALSE
ID045,2025-12-19,3422,110900,,10,10,3136,98,0,0,FALSE,FALSE,FALSE
ID045,2025-12-20,4824,114500,,17,0,0,98,0,17,FALSE,FALSE,FALSE
ID045,2025-12-21,3044,113800,,13,13,3140,98,0,0,FALSE,FALSE,FALSE
ID045,2025-12-22,2117,114750,,6,6,1651,98,0,0,FALSE,FALSE,FALSE
ID045,2025-12-24,3443,115800,,30,30,2000,98,0,0,FALSE,FALSE,FALSE
ID046,2025-09-17,507,36800,,6,0,0,97,1,6,FALSE,FALSE,FALSE
ID046,2025-09-18,1206,36600,,8,8,2075,97,8,0,FALSE,TRUE,FALSE
ID046,2025-09-19,1611,36400,,9,9,2829,97,9,0,FALSE,TRUE,FALSE
ID046,2025-09-20,1774,36200,,17,17,3698,97,17,0,FALSE,TRUE,FALSE
ID046,2025-09-21,1243,36000,,8,8,2731,97,0,0,FALSE,FALSE,FALSE
ID046,2025-09-22,1052,37350,,4,0,0,97,0,4,FALSE,FALSE,FALSE
ID046,2025-09-23,1535,37850,,4,4,2549,97,0,0,FALSE,FALSE,FALSE
ID046,2025-09-24,1512,38250,,4,4,2481,97,0,0,FALSE,FALSE,FALSE
ID046,2025-09-25,1851,39400,,7,7,3096,97,0,0,FALSE,FALSE,FALSE
ID046,2025-09-26,2043,40100,,5,5,4341,97,0,0,FALSE,FALSE,FALSE
ID046,2025-09-27,1378,41050,,4,4,2603,97,0,0,FALSE,FALSE,FALSE
ID046,2025-09-28,2083,42400,,3,3,3162,97,0,0,FALSE,FALSE,FALSE
ID046,2025-09-29,2148,44850,,4,4,3516,97,0,0,FALSE,FALSE,FALSE
ID046,2025-09-30,1753,45900,,7,7,3184,97,0,0,FALSE,FALSE,FALSE
ID046,2025-10-01,1813,44900,,5,5,3669,97,0,0,FALSE,FALSE,FALSE
ID046,2025-10-02,1214,46750,,6,6,2546,97,0,0,FALSE,FALSE,FALSE
ID046,2025-10-03,1567,48600,,5,5,2176,97,0,0,FALSE,FALSE,FALSE
ID046,2025-10-04,2964,49900,,6,6,4611,97,0,0,FALSE,FALSE,FALSE
ID046,2025-10-05,2819,51400,,7,7,3695,97,0,0,FALSE,FALSE,FALSE
ID046,2025-10-06,2709,51950,,6,6,4086,97,0,0,FALSE,FALSE,FALSE
ID046,2025-10-07,2644,52300,,4,4,3913,97,0,0,FALSE,FALSE,FALSE
ID046,2025-10-08,2597,53100,,5,5,3700,97,0,0,FALSE,FALSE,FALSE
ID046,2025-10-09,2724,55900,,5,5,3601,97,0,0,FALSE,FALSE,FALSE
ID046,2025-10-10,2954,56400,,7,7,4291,97,0,0,FALSE,FALSE,FALSE
ID046,2025-10-11,2160,56300,,5,5,3259,97,0,0,FALSE,FALSE,FALSE
ID046,2025-10-12,2475,58300,,5,5,3643,97,0,0,FALSE,FALSE,FALSE
ID046,2025-10-13,2044,59700,,3,3,2644,97,0,0,FALSE,FALSE,FALSE
ID046,2025-10-14,2164,61300,,7,7,2971,97,0,0,FALSE,FALSE,FALSE
ID046,2025-10-15,3482,62500,,8,8,4473,97,0,0,FALSE,FALSE,FALSE
ID046,2025-10-16,2660,62900,,7,7,4163,97,0,0,FALSE,FALSE,FALSE
ID046,2025-10-17,1924,64100,,6,6,3011,97,0,0,FALSE,FALSE,FALSE
ID046,2025-10-18,1413,64300,,4,4,1490,97,0,0,FALSE,FALSE,FALSE
ID046,2025-10-19,3750,66700,,6,6,4239,97,0,0,FALSE,FALSE,FALSE
ID046,2025-10-20,2143,67800,,3,3,2549,97,0,0,FALSE,FALSE,FALSE
ID046,2025-10-21,3311,71300,,6,6,5453,97,0,0,FALSE,FALSE,FALSE
ID046,2025-10-22,2614,72600,,6,6,3934,97,0,0,FALSE,FALSE,FALSE
ID046,2025-10-23,2795,73300,,5,5,3950,97,0,0,FALSE,FALSE,FALSE
ID046,2025-10-24,2770,75000,,6,6,3254,97,0,0,FALSE,FALSE,FALSE
ID046,2025-10-25,2907,75100,,6,6,3867,97,0,0,FALSE,FALSE,FALSE
ID046,2025-10-26,2514,75500,,9,9,3957,97,0,0,FALSE,FALSE,FALSE
ID046,2025-10-27,2631,77300,,5,5,3248,97,0,0,FALSE,FALSE,FALSE
ID046,2025-10-28,2492,76700,,6,6,2371,97,0,0,FALSE,FALSE,FALSE
ID046,2025-10-29,2953,78200,,7,7,2932,97,0,0,FALSE,FALSE,FALSE
ID046,2025-10-30,3295,81700,,7,7,3587,97,0,0,FALSE,FALSE,FALSE
ID046,2025-10-31,3294,82100,,5,5,3658,97,0,0,FALSE,FALSE,FALSE
ID046,2025-11-01,2870,79900,,7,7,3273,97,0,0,FALSE,FALSE,FALSE
ID046,2025-11-02,3049,82400,,7,7,3226,97,0,0,FALSE,FALSE,FALSE
ID046,2025-11-03,4180,83500,,11,11,4820,97,0,0,FALSE,FALSE,FALSE
ID046,2025-11-04,2071,84000,,11,11,2040,97,0,0,FALSE,FALSE,FALSE
ID046,2025-11-05,2962,82050,,6,6,3083,97,0,0,FALSE,FALSE,FALSE
ID046,2025-11-06,3259,84900,,8,8,3474,97,0,0,FALSE,FALSE,FALSE
ID046,2025-11-07,2743,86150,,6,6,2940,97,0,0,FALSE,FALSE,FALSE
ID046,2025-11-08,1307,83500,,6,6,1406,97,0,0,FALSE,FALSE,FALSE
ID046,2025-11-09,2257,87900,,5,5,2247,97,0,0,FALSE,FALSE,FALSE
ID046,2025-11-10,1965,89000,,3,3,1738,97,0,0,FALSE,FALSE,FALSE
ID046,2025-11-11,2298,87900,,4,4,2464,97,0,0,FALSE,FALSE,FALSE
ID046,2025-11-12,1433,89550,,4,4,1615,97,0,0,FALSE,FALSE,FALSE
ID046,2025-11-13,1978,87000,,2,2,1897,97,0,0,FALSE,FALSE,FALSE
ID046,2025-11-14,2339,91000,,3,3,2538,97,0,0,FALSE,FALSE,FALSE
ID046,2025-11-15,2853,91200,,5,5,3104,97,0,0,FALSE,FALSE,FALSE
ID046,2025-11-16,2976,90800,,3,3,3031,97,0,0,FALSE,FALSE,FALSE
ID046,2025-11-17,4259,94300,,7,7,3736,97,0,0,FALSE,FALSE,FALSE
ID046,2025-11-18,3379,95100,,11,11,3385,97,0,0,FALSE,FALSE,FALSE
ID046,2025-11-19,4253,93700,,15,15,4150,97,0,0,FALSE,FALSE,FALSE
ID046,2025-11-20,3945,94700,,14,14,3975,97,0,0,FALSE,FALSE,FALSE
ID046,2025-11-21,2939,96250,,12,12,3021,97,0,0,FALSE,FALSE,FALSE
ID046,2025-11-22,3246,97000,,9,9,2979,97,0,0,FALSE,FALSE,FALSE
ID046,2025-11-23,3689,97900,,22,22,3666,97,0,0,FALSE,FALSE,FALSE
ID046,2025-11-24,4048,102450,,20,20,4016,97,0,0,FALSE,FALSE,FALSE
ID046,2025-11-25,3808,102800,,16,16,3800,97,0,0,FALSE,FALSE,FALSE
ID046,2025-11-26,3964,104200,,20,20,3876,97,0,0,FALSE,FALSE,FALSE
ID046,2025-11-27,3422,104300,,13,13,3410,97,0,0,FALSE,FALSE,FALSE
ID046,2025-11-28,3251,104100,,11,11,3304,97,0,0,FALSE,FALSE,FALSE
ID046,2025-11-29,4230,105800,,9,9,3387,97,0,0,FALSE,FALSE,FALSE
ID046,2025-11-30,4124,108400,,9,9,3755,97,0,0,FALSE,FALSE,FALSE
ID046,2025-12-01,2456,108450,,14,14,2431,97,0,0,FALSE,FALSE,FALSE
ID046,2025-12-02,3983,109800,,11,11,3541,97,0,0,FALSE,FALSE,FALSE
ID046,2025-12-03,3772,110800,,14,14,3473,97,0,0,FALSE,FALSE,FALSE
ID046,2025-12-04,4602,113000,,10,10,4311,97,0,0,FALSE,FALSE,FALSE
ID046,2025-12-05,5031,115150,,6,6,4174,97,0,0,FALSE,FALSE,FALSE
ID046,2025-12-06,3517,113600,,12,12,3206,97,0,0,FALSE,FALSE,FALSE
ID046,2025-12-07,4259,115400,,9,9,3851,97,0,0,FALSE,FALSE,FALSE
ID046,2025-12-08,3824,117000,,10,10,3390,97,0,0,FALSE,FALSE,FALSE
ID046,2025-12-09,4136,118400,,11,11,3502,97,0,0,FALSE,FALSE,FALSE
ID046,2025-12-10,3729,120700,,7,7,3070,97,0,0,FALSE,FALSE,FALSE
ID046,2025-12-11,2905,119500,,5,5,2269,97,0,0,FALSE,FALSE,FALSE
ID046,2025-12-12,4724,123500,,9,9,4274,97,0,0,FALSE,FALSE,FALSE
ID046,2025-12-13,4369,125100,,7,7,3689,97,0,0,FALSE,FALSE,FALSE
ID046,2025-12-14,3749,125200,,13,13,2896,97,0,0,FALSE,FALSE,FALSE
ID046,2025-12-15,3552,124500,,9,9,3587,97,0,0,FALSE,FALSE,FALSE
ID046,2025-12-16,4153,129300,,7,7,3404,97,0,0,FALSE,FALSE,FALSE
ID046,2025-12-17,4155,129600,,10,10,3730,97,0,0,FALSE,FALSE,FALSE
ID046,2025-12-18,4296,130600,,5,5,3547,97,0,0,FALSE,FALSE,FALSE
ID046,2025-12-19,3165,132850,,4,4,2615,97,0,0,FALSE,FALSE,FALSE
ID046,2025-12-20,3530,132850,,4,4,2625,97,0,0,FALSE,FALSE,FALSE
ID046,2025-12-21,4630,135100,,9,9,3695,97,0,0,FALSE,FALSE,FALSE
ID046,2025-12-22,1107,134900,,2,0,0,97,0,2,FALSE,FALSE,FALSE
ID046,2025-12-24,5162,137750,,6,0,0,97,2,6,FALSE,FALSE,FALSE
ID047,2025-09-12,2280,,,2,2,46,102,2,0,FALSE,TRUE,FALSE
ID047,2025-09-13,5485,,,6,6,150,102,6,0,FALSE,TRUE,FALSE
ID047,2025-09-15,5507,32200,,8,8,341,102,4,0,FALSE,FALSE,FALSE
ID047,2025-09-16,4755.5,30366.6666666667,,11,0,0,102,11,11,FALSE,TRUE,TRUE
ID047,2025-09-17,4004,28533.3333333333,,2,2,66,102,2,0,FALSE,TRUE,FALSE
ID047,2025-09-19,500,26700,,7,0,0,102,1,7,FALSE,FALSE,FALSE
ID047,2025-09-20,762,28600,,7,0,0,102,0,7,FALSE,FALSE,FALSE
ID047,2025-09-21,1102,27450,,4,4,2778,102,0,0,FALSE,FALSE,FALSE
ID047,2025-09-22,1348,28000,,7,7,2725,102,0,0,FALSE,FALSE,FALSE
ID047,2025-09-23,1337,29300,,5,5,2336,102,0,0,FALSE,FALSE,FALSE
ID047,2025-09-24,1309,29300,,7,7,3187,102,0,0,FALSE,FALSE,FALSE
ID047,2025-09-25,1086,30200,,7,7,2184,102,0,0,FALSE,FALSE,FALSE
ID047,2025-09-26,1248,30900,,5,5,3253,102,0,0,FALSE,FALSE,FALSE
ID047,2025-09-27,1120,31400,,6,6,2939,102,0,0,FALSE,FALSE,FALSE
ID047,2025-09-28,1409,32200,,8,8,3861,102,0,0,FALSE,FALSE,FALSE
ID047,2025-09-29,1274,32600,,24,24,3617,102,0,0,FALSE,FALSE,FALSE
ID047,2025-09-30,1402,33700,,17,17,3626,102,0,0,FALSE,FALSE,FALSE
ID047,2025-10-01,1440,33600,,9,9,3692,102,0,0,FALSE,FALSE,FALSE
ID047,2025-10-02,1439,35200,,10,10,3661,102,0,0,FALSE,FALSE,FALSE
ID047,2025-10-03,1825,35600,,7,7,4135,102,0,0,FALSE,FALSE,FALSE
ID047,2025-10-04,1788,36800,,11,11,4001,102,0,0,FALSE,FALSE,FALSE
ID047,2025-10-05,2169,38200,,16,16,4640,102,0,0,FALSE,FALSE,FALSE
ID047,2025-10-06,2123,39100,,18,18,5052,102,0,0,FALSE,FALSE,FALSE
ID047,2025-10-07,2126,40700,,19,19,4971,102,0,0,FALSE,FALSE,FALSE
ID047,2025-10-08,2394,42100,,18,18,4389,102,0,0,FALSE,FALSE,FALSE
ID047,2025-10-09,2288,43350,,20,20,4066,102,0,0,FALSE,FALSE,FALSE
ID047,2025-10-10,1839,44200,,16,16,3939,102,0,0,FALSE,FALSE,FALSE
ID047,2025-10-11,1165,43200,,8,8,2864,102,0,0,FALSE,FALSE,FALSE
ID047,2025-10-12,922,42950,,6,0,0,102,0,6,FALSE,FALSE,FALSE
ID047,2025-10-13,1247,42600,,11,11,2620,102,0,0,FALSE,FALSE,FALSE
ID047,2025-10-14,1654,44200,,10,10,3086,102,0,0,FALSE,FALSE,FALSE
ID047,2025-10-15,2114,46000,,13,13,3897,102,0,0,FALSE,FALSE,FALSE
ID047,2025-10-16,1669,45400,,17,17,3993,102,0,0,FALSE,FALSE,FALSE
ID047,2025-10-17,1892,46800,,11,11,3336,102,0,0,FALSE,FALSE,FALSE
ID047,2025-10-18,2740,47700,,11,11,2971,102,0,0,FALSE,FALSE,FALSE
ID047,2025-10-19,1713,49000,,14,14,3290,102,0,0,FALSE,FALSE,FALSE
ID047,2025-10-20,2997,49600,,21,21,5479,102,0,0,FALSE,FALSE,FALSE
ID047,2025-10-21,1964,50100,,17,17,4836,102,0,0,FALSE,FALSE,FALSE
ID047,2025-10-22,2585,52300,,10,10,4350,102,0,0,FALSE,FALSE,FALSE
ID047,2025-10-23,2502,54500,,10,10,4405,102,0,0,FALSE,FALSE,FALSE
ID047,2025-10-24,2387,55100,,11,11,4073,102,0,0,FALSE,FALSE,FALSE
ID047,2025-10-25,2479,55200,,13,13,4656,102,0,0,FALSE,FALSE,FALSE
ID047,2025-10-26,2650,57500,,16,16,4528,102,0,0,FALSE,FALSE,FALSE
ID047,2025-10-27,2769,59050,,8,8,3809,102,0,0,FALSE,FALSE,FALSE
ID047,2025-10-28,3143,60000,,17,17,4325,102,0,0,FALSE,FALSE,FALSE
ID047,2025-10-29,2950,60750,,10,10,4049,102,0,0,FALSE,FALSE,FALSE
ID047,2025-10-30,3028,61450,,10,10,3745,102,0,0,FALSE,FALSE,FALSE
ID047,2025-10-31,2791,63550,,12,12,3756,102,0,0,FALSE,FALSE,FALSE
ID047,2025-11-01,2572,62800,,16,16,3215,102,0,0,FALSE,FALSE,FALSE
ID047,2025-11-02,2038,62800,,10,10,2576,102,0,0,FALSE,FALSE,FALSE
ID047,2025-11-03,3686,64950,,16,16,4333,102,0,0,FALSE,FALSE,FALSE
ID047,2025-11-04,3143,65800,,17,17,3709,102,0,0,FALSE,FALSE,FALSE
ID047,2025-11-05,3580,68100,,27,27,4163,102,0,0,FALSE,FALSE,FALSE
ID047,2025-11-06,3192,68950,,16,16,3865,102,0,0,FALSE,FALSE,FALSE
ID047,2025-11-07,2896,71000,,12,12,3394,102,0,0,FALSE,FALSE,FALSE
ID047,2025-11-08,3509,71100,,16,16,3268,102,0,0,FALSE,FALSE,FALSE
ID047,2025-11-09,3300,73600,,17,17,3656,102,0,0,FALSE,FALSE,FALSE
ID047,2025-11-10,2901,74100,,22,22,3265,102,0,0,FALSE,FALSE,FALSE
ID047,2025-11-11,3207,73200,,16,16,3684,102,0,0,FALSE,FALSE,FALSE
ID047,2025-11-12,2636,74750,,18,18,2958,102,0,0,FALSE,FALSE,FALSE
ID047,2025-11-13,1253,76950,,4,4,1280,102,0,0,FALSE,FALSE,FALSE
ID047,2025-11-14,3461,77500,,19,19,3430,102,0,0,FALSE,FALSE,FALSE
ID047,2025-11-15,3007,78300,,19,19,3133,102,0,0,FALSE,FALSE,FALSE
ID047,2025-11-16,3769,79250,,16,16,3484,102,0,0,FALSE,FALSE,FALSE
ID047,2025-11-17,2084,80000,,17,17,2429,102,0,0,FALSE,FALSE,FALSE
ID047,2025-11-18,3561,80900,,20,20,3558,102,0,0,FALSE,FALSE,FALSE
ID047,2025-11-19,3702,85400,,17,17,3523,102,0,0,FALSE,FALSE,FALSE
ID047,2025-11-20,2828,85000,,20,20,2853,102,0,0,FALSE,FALSE,FALSE
ID047,2025-11-21,3791,87000,,9,9,3545,102,0,0,FALSE,FALSE,FALSE
ID047,2025-11-22,3801,89100,,13,13,3489,102,0,0,FALSE,FALSE,FALSE
ID047,2025-11-23,2927,88900,,20,20,2915,102,0,0,FALSE,FALSE,FALSE
ID047,2025-11-24,3639,89700,,27,27,3248,102,0,0,FALSE,FALSE,FALSE
ID047,2025-11-25,2496,89900,,15,15,2351,102,0,0,FALSE,FALSE,FALSE
ID047,2025-11-26,3225,92900,,18,18,2687,102,0,0,FALSE,FALSE,FALSE
ID047,2025-11-27,4077,92900,,23,23,3320,102,0,0,FALSE,FALSE,FALSE
ID047,2025-11-28,3079,94000,,22,22,2646,102,0,0,FALSE,FALSE,FALSE
ID047,2025-11-29,1562,90650,,8,8,1604,102,0,0,FALSE,FALSE,FALSE
ID047,2025-11-30,2875,93700,,14,14,2686,102,0,0,FALSE,FALSE,FALSE
ID047,2025-12-01,2932,97000,,13,13,2473,102,0,0,FALSE,FALSE,FALSE
ID047,2025-12-02,4279,95800,,8,8,2951,102,0,0,FALSE,FALSE,FALSE
ID047,2025-12-03,2649,94950,,10,10,2396,102,0,0,FALSE,FALSE,FALSE
ID047,2025-12-04,2477,94100,,5,5,2186,102,0,0,FALSE,FALSE,FALSE
ID047,2025-12-05,3871,94000,,7,7,3026,102,0,0,FALSE,FALSE,FALSE
ID047,2025-12-06,3003,96600,,9,9,2252,102,0,0,FALSE,FALSE,FALSE
ID047,2025-12-07,2903,95800,,7,7,2060,102,0,0,FALSE,FALSE,FALSE
ID047,2025-12-08,2208,98200,,15,15,1542,102,0,0,FALSE,FALSE,FALSE
ID047,2025-12-09,3111,98700,,19,19,2475,102,0,0,FALSE,FALSE,FALSE
ID047,2025-12-10,2901,101100,,14,14,2642,102,0,0,FALSE,FALSE,FALSE
ID047,2025-12-13,3479,104750,,14,14,3375,102,0,0,FALSE,FALSE,FALSE
ID047,2025-12-14,2601,106200,,10,10,2563,102,0,0,FALSE,FALSE,FALSE
ID047,2025-12-15,2355,105700,,15,15,2293,102,0,0,FALSE,FALSE,FALSE
ID047,2025-12-16,2053,105650,,12,12,2217,102,0,0,FALSE,FALSE,FALSE
ID047,2025-12-17,975,106500,,9,9,1151,102,0,0,FALSE,FALSE,FALSE
ID047,2025-12-18,2291,106750,,12,12,2650,102,0,0,FALSE,FALSE,FALSE
ID047,2025-12-19,2045,108500,,8,8,2297,102,0,0,FALSE,FALSE,FALSE
ID047,2025-12-20,2051,108700,,7,7,1977,102,0,0,FALSE,FALSE,FALSE
ID047,2025-12-21,2536,110500,,9,9,2607,102,0,0,FALSE,FALSE,FALSE
ID051,2025-09-12,54,39000,,3,0,0,95;91,2,3,FALSE,FALSE,FALSE
ID051,2025-09-13,999,40150,,10,10,1236,91,10,0,FALSE,TRUE,FALSE
ID051,2025-09-14,442,41300,,6,0,0,91,6,6,FALSE,TRUE,FALSE
ID051,2025-09-15,621,42450,,14,14,2402,91,8,0,FALSE,FALSE,FALSE
ID051,2025-09-16,671,35000,,9,9,3120,91,6,0,FALSE,FALSE,FALSE
ID051,2025-09-17,671,37400,,8,8,2412,91,5,0,FALSE,FALSE,FALSE
ID051,2025-09-18,862,43300,,11,11,2641,91,6,0,FALSE,FALSE,FALSE
ID051,2025-09-19,927,25600,,9,9,2882,91,0,0,FALSE,FALSE,FALSE
ID051,2025-09-20,911,25600,,16,16,2801,91,0,0,FALSE,FALSE,FALSE
ID051,2025-09-21,1041,27000,,14,14,3793,91,1,0,FALSE,FALSE,FALSE
ID051,2025-09-22,1191,27600,,17,17,3552,91,0,0,FALSE,FALSE,FALSE
ID051,2025-09-23,1304,29700,,17,17,2653,91,0,0,FALSE,FALSE,FALSE
ID051,2025-09-24,1696,29700,,16,16,4210,91,1,0,FALSE,FALSE,FALSE
ID051,2025-09-25,1860,30800,,16,16,3745,91,0,0,FALSE,FALSE,FALSE
ID051,2025-09-26,643,31550,,8,8,1554,91,0,0,FALSE,FALSE,FALSE
ID051,2025-09-27,1420,31600,,8,8,4700,91,0,0,FALSE,FALSE,FALSE
ID051,2025-09-28,778,32600,,4,4,2176,91,4,0,FALSE,TRUE,FALSE
ID051,2025-09-29,1321,33600,,11,11,4098,91,0,0,FALSE,FALSE,FALSE
ID051,2025-09-30,1302,34400,,10,10,3037,91,0,0,FALSE,FALSE,FALSE
ID051,2025-10-01,1840,35200,,12,12,3826,91,0,0,FALSE,FALSE,FALSE
ID051,2025-10-02,1680,36050,,10,10,3916,91,0,0,FALSE,FALSE,FALSE
ID051,2025-10-03,1763,36800,,12,12,4422,91,0,0,FALSE,FALSE,FALSE
ID051,2025-10-04,2036,36900,,11,11,4887,91,0,0,FALSE,FALSE,FALSE
ID051,2025-10-05,2175,38700,,16,16,4756,91,0,0,FALSE,FALSE,FALSE
ID051,2025-10-06,1634,40050,,12,12,3705,91,0,0,FALSE,FALSE,FALSE
ID051,2025-10-07,2126,40100,,13,13,4312,91,0,0,FALSE,FALSE,FALSE
ID051,2025-10-08,1560,39650,,12,12,3289,91,0,0,FALSE,FALSE,FALSE
ID051,2025-10-09,2429,42400,,15,15,5373,91,0,0,FALSE,FALSE,FALSE
ID051,2025-10-10,1721,43000,,11,11,3286,91,0,0,FALSE,FALSE,FALSE
ID051,2025-10-11,2050,43600,,11,11,4052,91,0,0,FALSE,FALSE,FALSE
ID051,2025-10-12,2244,44500,,12,12,4371,91,0,0,FALSE,FALSE,FALSE
ID051,2025-10-13,2452,45300,,20,20,4052,91,0,0,FALSE,FALSE,FALSE
ID051,2025-10-14,2315,46400,,16,16,4394,91,0,0,FALSE,FALSE,FALSE
ID051,2025-10-15,2906,48100,,28,28,4911,91,0,0,FALSE,FALSE,FALSE
ID051,2025-10-16,2879,49150,,20,20,5257,91,0,0,FALSE,FALSE,FALSE
ID051,2025-10-17,2583,50800,,15,15,4914,91,0,0,FALSE,FALSE,FALSE
ID051,2025-10-18,1935,50700,,9,9,2485,91,0,0,FALSE,FALSE,FALSE
ID051,2025-10-19,2549,52300,,23,23,4761,91,0,0,FALSE,FALSE,FALSE
ID051,2025-10-20,2831,53150,,14,14,5371,91,0,0,FALSE,FALSE,FALSE
ID051,2025-10-21,3280,55000,,12,12,4776,91,0,0,FALSE,FALSE,FALSE
ID051,2025-10-22,2675,56600,,15,15,4201,91,0,0,FALSE,FALSE,FALSE
ID051,2025-10-23,2718,56800,,14,14,4178,91,0,0,FALSE,FALSE,FALSE
ID051,2025-10-24,3505,57500,,14,0,0,91,0,14,FALSE,FALSE,FALSE
ID051,2025-10-25,2315,59500,,9,9,3716,91,0,0,FALSE,FALSE,FALSE
ID051,2025-10-26,2896,60300,,12,12,4359,91,0,0,FALSE,FALSE,FALSE
ID051,2025-10-27,4020,61950,,14,0,0,91,0,14,FALSE,FALSE,FALSE
ID051,2025-10-28,2432,63300,,9,9,3417,91,0,0,FALSE,FALSE,FALSE
ID051,2025-10-29,3523,63800,,8,8,4974,91,0,0,FALSE,FALSE,FALSE
ID051,2025-10-30,2430,64250,,16,0,0,91,0,16,FALSE,FALSE,FALSE
ID051,2025-10-31,3283,66500,,11,11,4495,91,0,0,FALSE,FALSE,FALSE
ID051,2025-11-01,3476,67400,,14,14,4559,91,0,0,FALSE,FALSE,FALSE
ID051,2025-11-02,3586,68400,,11,11,4424,91,0,0,FALSE,FALSE,FALSE
ID051,2025-11-03,3743,70000,,11,11,4569,91,0,0,FALSE,FALSE,FALSE
ID051,2025-11-04,2967,71000,,9,9,3797,91,0,0,FALSE,FALSE,FALSE
ID051,2025-11-05,3188,72000,,15,15,4221,91,0,0,FALSE,FALSE,FALSE
ID051,2025-11-06,2729,73700,,24,24,3285,91,0,0,FALSE,FALSE,FALSE
ID051,2025-11-07,3344,74750,,16,16,3943,91,0,0,FALSE,FALSE,FALSE
ID051,2025-11-08,3448,76800,,18,18,4194,91,0,0,FALSE,FALSE,FALSE
ID051,2025-11-09,3812,78200,,11,11,4398,91,0,0,FALSE,FALSE,FALSE
ID051,2025-11-10,3482,79500,,13,13,4157,91,0,0,FALSE,FALSE,FALSE
ID051,2025-11-11,4440,81150,,18,18,5045,91,0,0,FALSE,FALSE,FALSE
ID051,2025-11-12,1647,79300,,7,0,0,91,0,7,FALSE,FALSE,FALSE
ID051,2025-11-13,4038,82500,,9,9,4516,91,0,0,FALSE,FALSE,FALSE
ID051,2025-11-14,2504,84300,,8,0,0,91,0,8,FALSE,FALSE,FALSE
ID051,2025-11-15,3904,86000,,19,19,4036,91,0,0,FALSE,FALSE,FALSE
ID051,2025-11-16,3230,86500,,13,13,3897,91,0,0,FALSE,FALSE,FALSE
ID051,2025-11-17,3664,87450,,16,16,4160,91,0,0,FALSE,FALSE,FALSE
ID051,2025-11-18,3827,88300,,17,17,4179,91,0,0,FALSE,FALSE,FALSE
ID051,2025-11-19,3781,90100,,12,12,4505,91,0,0,FALSE,FALSE,FALSE
ID051,2025-11-20,4658,90800,,9,0,0,91,0,9,FALSE,FALSE,FALSE
ID051,2025-11-21,3647,90800,,16,16,4011,91,0,0,FALSE,FALSE,FALSE
ID051,2025-11-22,3705,92100,,16,16,4059,91,0,0,FALSE,FALSE,FALSE
ID051,2025-11-23,3928,93500,,24,24,4700,91,0,0,FALSE,FALSE,FALSE
ID051,2025-11-24,3734,95800,,16,16,4657,91,0,0,FALSE,FALSE,FALSE
ID051,2025-11-25,4147,96000,,28,28,5015,91,0,0,FALSE,FALSE,FALSE
ID051,2025-11-26,1896,98550,,6,0,0,91,0,6,FALSE,FALSE,FALSE
ID051,2025-11-27,2833,101900,,29,0,0,91,0,29,FALSE,FALSE,FALSE
ID051,2025-11-28,4149,104600,,14,14,4577,91,0,0,FALSE,FALSE,FALSE
ID051,2025-11-29,3896,106000,,19,19,4354,91,0,0,FALSE,FALSE,FALSE
ID051,2025-11-30,4141,107250,,12,12,4531,91,0,0,FALSE,FALSE,FALSE
ID051,2025-12-01,4532,107225,,23,23,4976,91,23,0,FALSE,TRUE,FALSE
ID051,2025-12-02,4862,107200,,25,0,0,91,0,25,FALSE,FALSE,FALSE
ID051,2025-12-03,4051,108200,,13,13,4661,91,0,0,FALSE,FALSE,FALSE
ID051,2025-12-04,3006,108200,,20,0,0,91,0,20,FALSE,FALSE,FALSE
ID051,2025-12-05,4052,108700,,21,21,4527,91,0,0,FALSE,FALSE,FALSE
ID051,2025-12-06,4175,109500,,14,14,4497,91,0,0,FALSE,FALSE,FALSE
ID051,2025-12-07,4464,111400,,16,16,4611,91,0,0,FALSE,FALSE,FALSE
ID051,2025-12-08,3801,112100,,22,22,3939,91,0,0,FALSE,FALSE,FALSE
ID051,2025-12-09,4406,113700,,19,19,4923,91,0,0,FALSE,FALSE,FALSE
ID051,2025-12-10,3831,114500,,14,14,4643,91,0,0,FALSE,FALSE,FALSE
ID051,2025-12-11,3297,114500,,17,17,3494,91,0,0,FALSE,FALSE,FALSE
ID051,2025-12-12,3404,114800,,16,16,2974,91,0,0,FALSE,FALSE,FALSE
ID051,2025-12-13,3631,118250,,8,8,4048,91,0,0,FALSE,FALSE,FALSE
ID051,2025-12-14,4373,119400,,19,19,4165,91,0,0,FALSE,FALSE,FALSE
ID051,2025-12-15,4335,120800,,13,13,5200,91,0,0,FALSE,FALSE,FALSE
ID051,2025-12-16,3272,120750,,14,0,0,91,0,14,FALSE,FALSE,FALSE
ID051,2025-12-17,4515,122400,,20,20,4939,91,0,0,FALSE,FALSE,FALSE
ID051,2025-12-18,4535,124250,,16,16,4337,91,0,0,FALSE,FALSE,FALSE
ID051,2025-12-19,2711,124500,,13,0,0,91,0,13,FALSE,FALSE,FALSE
ID051,2025-12-20,4297,123400,,13,13,4114,91,0,0,FALSE,FALSE,FALSE
ID051,2025-12-21,2979,125800,,12,0,0,91,0,12,FALSE,FALSE,FALSE
ID051,2025-12-22,4150,126200,,13,13,4189,91,0,0,FALSE,FALSE,FALSE
ID051,2025-12-23,4275,127900,,16,16,4303,91,0,0,FALSE,FALSE,FALSE
ID051,2025-12-24,3209,128900,,16,0,0,91,0,16,FALSE,FALSE,FALSE
ID051,2025-12-25,4606,129450,,8,8,4662,91,0,0,FALSE,FALSE,FALSE
ID051,2025-12-26,410,130800,,2,0,0,91,0,2,FALSE,FALSE,FALSE
ID052,2025-09-13,796,,,10,0,0,95,10,10,FALSE,TRUE,FALSE
ID052,2025-09-14,1303,29700,,14,14,2696,95,0,0,FALSE,FALSE,FALSE
ID052,2025-09-15,910,30900,,7,0,0,95,0,7,FALSE,FALSE,FALSE
ID052,2025-09-16,875,31300,,7,0,0,95,0,7,FALSE,FALSE,FALSE
ID052,2025-09-17,1772,32600,,13,13,3077,95,0,0,FALSE,FALSE,FALSE
ID052,2025-09-18,1709,32900,,15,15,2555,95,0,0,FALSE,FALSE,FALSE
ID052,2025-09-19,1566,34000,,17,17,3178,95,0,0,FALSE,FALSE,FALSE
ID052,2025-09-20,1631,35800,,17,17,3209,95,0,0,FALSE,FALSE,FALSE
ID052,2025-09-21,1121,36000,,9,9,2373,95,0,0,FALSE,FALSE,FALSE
ID052,2025-09-22,1964,37300,,12,12,3433,95,0,0,FALSE,FALSE,FALSE
ID052,2025-09-23,1970,38800,,8,8,3911,95,0,0,FALSE,FALSE,FALSE
ID052,2025-09-24,1881,38800,,9,9,3654,95,0,0,FALSE,FALSE,FALSE
ID052,2025-09-25,1702,39600,,13,13,2962,95,0,0,FALSE,FALSE,FALSE
ID052,2025-09-26,1300,40350,,4,4,2265,95,0,0,FALSE,FALSE,FALSE
ID052,2025-09-27,1790,42000,,9,9,2638,95,0,0,FALSE,FALSE,FALSE
ID052,2025-09-28,2474,43300,,13,0,0,95,0,13,FALSE,FALSE,FALSE
ID052,2025-09-29,1694,44900,,7,7,2692,95,0,0,FALSE,FALSE,FALSE
ID052,2025-09-30,1592,44400,,6,6,2140,95,0,0,FALSE,FALSE,FALSE
ID052,2025-10-01,2633,44800,,9,9,3287,95,0,0,FALSE,FALSE,FALSE
ID052,2025-10-02,2153,46500,,9,9,2865,95,0,0,FALSE,FALSE,FALSE
ID052,2025-10-03,2402,47800,,9,9,3395,95,0,0,FALSE,FALSE,FALSE
ID052,2025-10-04,3203,48400,,11,0,0,95,0,11,FALSE,FALSE,FALSE
ID052,2025-10-05,2297,49650,,8,8,3023,95,0,0,FALSE,FALSE,FALSE
ID052,2025-10-06,2874,50800,,8,8,3879,95,0,0,FALSE,FALSE,FALSE
ID052,2025-10-07,3171,51200,,11,11,3780,95,0,0,FALSE,FALSE,FALSE
ID052,2025-10-08,2616,51600,,8,8,3516,95,0,0,FALSE,FALSE,FALSE
ID052,2025-10-09,2999,53200,,13,13,3647,95,0,0,FALSE,FALSE,FALSE
ID052,2025-10-10,2618,53750,,12,12,3192,95,0,0,FALSE,FALSE,FALSE
ID052,2025-10-11,2694,55200,,9,9,3616,95,0,0,FALSE,FALSE,FALSE
ID052,2025-10-12,2411,55250,,6,6,2849,95,0,0,FALSE,FALSE,FALSE
ID052,2025-10-13,2592,58200,,11,11,3137,95,0,0,FALSE,FALSE,FALSE
ID052,2025-10-14,3294,58800,,17,17,3952,95,0,0,FALSE,FALSE,FALSE
ID052,2025-10-15,2610,60000,,10,10,2994,95,0,0,FALSE,FALSE,FALSE
ID052,2025-10-16,3632,60400,,17,17,3798,95,0,0,FALSE,FALSE,FALSE
ID052,2025-10-17,2565,62200,,11,11,3033,95,0,0,FALSE,FALSE,FALSE
ID052,2025-10-18,1409,61050,,2,0,0,95,0,2,FALSE,FALSE,FALSE
ID052,2025-10-19,3422,63300,,14,14,3271,95,0,0,FALSE,FALSE,FALSE
ID052,2025-10-20,2667,65450,,12,12,3329,95,0,0,FALSE,FALSE,FALSE
ID052,2025-10-21,3444,66200,,6,6,3253,95,0,0,FALSE,FALSE,FALSE
ID052,2025-10-22,2949,67300,,10,10,3212,95,0,0,FALSE,FALSE,FALSE
ID052,2025-10-23,3432,67300,,12,12,4036,95,0,0,FALSE,FALSE,FALSE
ID052,2025-10-24,3295,68600,,13,13,3243,95,0,0,FALSE,FALSE,FALSE
ID052,2025-10-25,3173,70200,,9,9,3555,95,0,0,FALSE,FALSE,FALSE
ID052,2025-10-26,2822,71000,,9,9,2441,95,0,0,FALSE,FALSE,FALSE
ID052,2025-10-27,2945,71100,,12,12,3627,95,0,0,FALSE,FALSE,FALSE
ID052,2025-10-28,1735,71850,,2,0,0,95,0,2,FALSE,FALSE,FALSE
ID052,2025-10-29,3102,73800,,5,5,3197,95,0,0,FALSE,FALSE,FALSE
ID052,2025-10-30,3416,75800,,11,11,3264,95,0,0,FALSE,FALSE,FALSE
ID052,2025-10-31,3070,75750,,8,8,3044,95,0,0,FALSE,FALSE,FALSE
ID052,2025-11-01,2463,77200,,7,7,2536,95,0,0,FALSE,FALSE,FALSE
ID052,2025-11-02,3690,78200,,13,13,3123,95,0,0,FALSE,FALSE,FALSE
ID052,2025-11-03,3423,79100,,7,7,3306,95,0,0,FALSE,FALSE,FALSE
ID052,2025-11-04,3918,80200,,8,8,3680,95,0,0,FALSE,FALSE,FALSE
ID052,2025-11-05,2344,82050,,10,0,0,95,0,10,FALSE,FALSE,FALSE
ID052,2025-11-06,2532,83200,,7,0,0,95,0,7,FALSE,FALSE,FALSE
ID052,2025-11-07,3656,83900,,12,12,2905,95,0,0,FALSE,FALSE,FALSE
ID052,2025-11-08,3615,86100,,13,13,2945,95,0,0,FALSE,FALSE,FALSE
ID052,2025-11-09,3675,86900,,19,19,2794,95,0,0,FALSE,FALSE,FALSE
ID052,2025-11-10,3828,87100,,17,17,2511,95,0,0,FALSE,FALSE,FALSE
ID052,2025-11-11,3633,87900,,10,10,2682,95,0,0,FALSE,FALSE,FALSE
ID052,2025-11-12,1974,91200,,7,0,0,95,0,7,FALSE,FALSE,FALSE
ID052,2025-11-13,2484,91000,,12,0,0,95,0,12,FALSE,FALSE,FALSE
ID052,2025-11-14,3341,93300,,15,15,2492,95,0,0,FALSE,FALSE,FALSE
ID052,2025-11-15,3353,95800,,10,10,2698,95,0,0,FALSE,FALSE,FALSE
ID052,2025-11-16,2906,97500,,11,11,2181,95,0,0,FALSE,FALSE,FALSE
ID052,2025-11-17,4217,97400,,12,12,3191,95,0,0,FALSE,FALSE,FALSE
ID052,2025-11-18,4072,99100,,15,15,2728,95,0,0,FALSE,FALSE,FALSE
ID052,2025-11-19,3549,96300,,14,14,2536,95,0,0,FALSE,FALSE,FALSE
ID052,2025-11-20,3724,96150,,16,16,2411,95,0,0,FALSE,FALSE,FALSE
ID052,2025-11-21,3387,97800,,9,9,2397,95,0,0,FALSE,FALSE,FALSE
ID052,2025-11-22,3320,98100,,15,15,2252,95,0,0,FALSE,FALSE,FALSE
ID052,2025-11-23,2091,99150,,12,0,0,95,0,12,FALSE,FALSE,FALSE
ID052,2025-11-24,3651,99050,,14,14,3037,95,0,0,FALSE,FALSE,FALSE
ID052,2025-11-25,3478,100600,,13,13,2837,95,0,0,FALSE,FALSE,FALSE
ID052,2025-11-26,3471,101300,,15,15,2654,95,0,0,FALSE,FALSE,FALSE
ID052,2025-11-27,3121,103800,,7,7,2504,95,0,0,FALSE,FALSE,FALSE
ID052,2025-11-28,3709,104200,,15,15,3145,95,0,0,FALSE,FALSE,FALSE
ID052,2025-11-29,3422,105400,,14,14,2860,95,0,0,FALSE,FALSE,FALSE
ID052,2025-11-30,3433,106000,,8,8,2812,95,0,0,FALSE,FALSE,FALSE
ID052,2025-12-01,4015,107800,,11,11,3189,95,0,0,FALSE,FALSE,FALSE
ID052,2025-12-02,3918,108900,,15,15,3107,95,0,0,FALSE,FALSE,FALSE
ID052,2025-12-03,3604,112150,,16,16,2608,95,0,0,FALSE,FALSE,FALSE
ID052,2025-12-04,3473,114200,,19,19,2519,95,0,0,FALSE,FALSE,FALSE
ID052,2025-12-05,4450,114400,,14,0,0,95,0,14,FALSE,FALSE,FALSE
ID052,2025-12-06,3095,115150,,10,10,2217,95,0,0,FALSE,FALSE,FALSE
ID052,2025-12-07,2872,116400,,12,12,2086,95,0,0,FALSE,FALSE,FALSE
ID052,2025-12-08,3848,117600,,10,10,2963,95,0,0,FALSE,FALSE,FALSE
ID052,2025-12-09,3392,117100,,9,9,2610,95,0,0,FALSE,FALSE,FALSE
ID052,2025-12-10,2969,119250,,14,14,2460,95,0,0,FALSE,FALSE,FALSE
ID052,2025-12-11,4187,119780,,17,17,2959,95,17,0,FALSE,TRUE,FALSE
ID052,2025-12-12,1982,120310,,7,0,0,95,7,7,FALSE,TRUE,FALSE
ID052,2025-12-13,3259,120840,,17,17,2306,95,17,0,FALSE,TRUE,FALSE
ID052,2025-12-14,4242,121370,,14,0,0,95,14,14,FALSE,TRUE,FALSE
ID052,2025-12-15,3172,121900,,14,14,2450,95,0,0,FALSE,FALSE,FALSE
ID052,2025-12-16,3363,121000,,12,12,2364,95,0,0,FALSE,FALSE,FALSE
ID052,2025-12-17,3220,121600,,9,9,2305,95,0,0,FALSE,FALSE,FALSE
ID052,2025-12-18,3610,121400,,8,8,2634,95,0,0,FALSE,FALSE,FALSE
ID052,2025-12-19,3045,122600,,9,9,1680,95,0,0,FALSE,FALSE,FALSE
ID052,2025-12-20,2024,121900,,17,17,1499,95,0,0,FALSE,FALSE,FALSE
ID052,2025-12-21,2290,122200,,11,11,1871,95,0,0,FALSE,FALSE,FALSE
ID052,2025-12-22,3178,123000,,10,10,2368,95,0,0,FALSE,FALSE,FALSE
ID052,2025-12-23,2458,124400,,7,7,2071,95,0,0,FALSE,FALSE,FALSE
ID052,2025-12-24,2357,,,8,8,2083,95,8,0,FALSE,TRUE,FALSE
ID054,2025-09-17,459,39800,,9,9,1451,99,0,0,FALSE,FALSE,FALSE
ID054,2025-09-18,705,40200,,13,13,2290,99,0,0,FALSE,FALSE,FALSE
ID054,2025-09-19,1094,41300,,14,14,3323,99,0,0,FALSE,FALSE,FALSE
ID054,2025-09-20,823,42300,,13,13,3000,99,0,0,FALSE,FALSE,FALSE
ID054,2025-09-21,613,36100,,9,9,2301,99,0,0,FALSE,FALSE,FALSE
ID054,2025-09-22,692,37300,,8,8,2488,99,0,0,FALSE,FALSE,FALSE
ID054,2025-09-23,1201,38400,,8,8,3273,99,1,0,FALSE,FALSE,FALSE
ID054,2025-09-24,1060,37500,,6,6,4797,99,0,0,FALSE,FALSE,FALSE
ID054,2025-09-25,1059,38600,,6,6,2366,99,0,0,FALSE,FALSE,FALSE
ID054,2025-09-26,1445,39450,,12,12,4922,99,0,0,FALSE,FALSE,FALSE
ID054,2025-09-27,791,40100,,3,3,3249,99,0,0,FALSE,FALSE,FALSE
ID054,2025-09-28,982,42000,,7,7,1966,99,0,0,FALSE,FALSE,FALSE
ID054,2025-09-29,660,43800,,4,4,1989,99,0,0,FALSE,FALSE,FALSE
ID054,2025-09-30,770,43300,,4,4,3184,99,0,0,FALSE,FALSE,FALSE
ID054,2025-10-01,878,44800,,7,7,3362,99,0,0,FALSE,FALSE,FALSE
ID054,2025-10-02,592,46700,,5,5,2171,99,0,0,FALSE,FALSE,FALSE
ID054,2025-10-03,522,46700,,4,4,3018,99,0,0,FALSE,FALSE,FALSE
ID054,2025-10-04,396,48100,,6,6,3124,99,0,0,FALSE,FALSE,FALSE
ID054,2025-10-05,877,49600,,5,5,3589,99,0,0,FALSE,FALSE,FALSE
ID054,2025-10-06,33,50800,,1,0,0,99,0,1,FALSE,FALSE,FALSE
ID054,2025-10-07,326,51550,,2,0,0,99,0,2,FALSE,FALSE,FALSE
ID054,2025-10-08,1372,52550,,6,6,4422,99,0,0,FALSE,FALSE,FALSE
ID054,2025-10-09,403,53800,,3,3,2133,99,0,0,FALSE,FALSE,FALSE
ID054,2025-10-10,774,54000,,3,3,4194,99,0,0,FALSE,FALSE,FALSE
ID054,2025-10-11,294,55900,,3,0,0,99,0,3,FALSE,FALSE,FALSE
ID054,2025-10-12,1254,56200,,5,5,4735,99,0,0,FALSE,FALSE,FALSE
ID054,2025-10-13,999,58300,,5,5,4141,99,0,0,FALSE,FALSE,FALSE
ID054,2025-10-14,1065,60000,,6,6,4564,99,0,0,FALSE,FALSE,FALSE
ID054,2025-10-15,1272,60900,,6,6,3997,99,0,0,FALSE,FALSE,FALSE
ID054,2025-10-16,623,61650,,4,4,2450,99,0,0,FALSE,FALSE,FALSE
ID054,2025-10-17,841,61400,,3,3,3906,99,0,0,FALSE,FALSE,FALSE
ID054,2025-10-18,737,63200,,3,3,2747,99,0,0,FALSE,FALSE,FALSE
ID054,2025-10-19,774,64300,,5,5,4915,99,0,0,FALSE,FALSE,FALSE
ID054,2025-10-20,1261,66800,,5,5,3463,99,0,0,FALSE,FALSE,FALSE
ID054,2025-10-21,445,67350,,4,4,3189,99,0,0,FALSE,FALSE,FALSE
ID054,2025-10-22,460,68200,,5,5,3038,99,0,0,FALSE,FALSE,FALSE
ID054,2025-10-23,679,69400,,6,6,3933,99,0,0,FALSE,FALSE,FALSE
ID054,2025-10-24,383,71900,,4,4,3049,99,0,0,FALSE,FALSE,FALSE
ID054,2025-10-25,1320,71850,,6,6,4146,99,0,0,FALSE,FALSE,FALSE
ID054,2025-10-26,779,71000,,4,4,4194,99,0,0,FALSE,FALSE,FALSE
ID054,2025-10-27,413,72250,,2,2,3082,99,0,0,FALSE,FALSE,FALSE
ID054,2025-10-28,719,74200,,3,3,3830,99,0,0,FALSE,FALSE,FALSE
ID054,2025-10-29,1133,76200,,4,4,4416,99,0,0,FALSE,FALSE,FALSE
ID054,2025-10-30,787,77100,,3,3,2907,99,0,0,FALSE,FALSE,FALSE
ID054,2025-10-31,1316,79200,,4,4,3414,99,0,0,FALSE,FALSE,FALSE
ID054,2025-11-01,1298,80400,,7,7,2467,99,0,0,FALSE,FALSE,FALSE
ID054,2025-11-02,1005,83600,,7,7,3197,99,0,0,FALSE,FALSE,FALSE
ID054,2025-11-03,2181,83700,,5,5,4485,99,0,0,FALSE,FALSE,FALSE
ID054,2025-11-04,1012,86350,,4,4,1781,99,0,0,FALSE,FALSE,FALSE
ID054,2025-11-05,1991,88300,,7,7,3705,99,0,0,FALSE,FALSE,FALSE
ID054,2025-11-06,3387,90500,,5,5,4221,99,0,0,FALSE,FALSE,FALSE
ID054,2025-11-07,2740,90700,,5,5,3990,99,0,0,FALSE,FALSE,FALSE
ID054,2025-11-08,1271,90550,,2,2,1732,99,0,0,FALSE,FALSE,FALSE
ID054,2025-11-09,3204,92550,,8,8,3466,99,0,0,FALSE,FALSE,FALSE
ID054,2025-11-10,2979,92300,,5,5,4059,99,0,0,FALSE,FALSE,FALSE
ID054,2025-11-11,3063,94000,,5,5,4033,99,0,0,FALSE,FALSE,FALSE
ID054,2025-11-13,1132,97900,,1,1,1344,99,0,0,FALSE,FALSE,FALSE
ID054,2025-11-14,2045,99000,,4,4,2375,99,0,0,FALSE,FALSE,FALSE
ID054,2025-11-15,3516,102300,,6,6,3616,99,0,0,FALSE,FALSE,FALSE
ID054,2025-11-16,1271,103500,,6,6,2055,99,0,0,FALSE,FALSE,FALSE
ID054,2025-11-17,3860,103800,,7,7,4412,99,0,0,FALSE,FALSE,FALSE
ID054,2025-11-18,2681,103600,,4,4,3009,99,0,0,FALSE,FALSE,FALSE
ID054,2025-11-19,3015,100900,,3,3,3058,99,0,0,FALSE,FALSE,FALSE
ID054,2025-11-20,1609,101200,,3,3,2674,99,0,0,FALSE,FALSE,FALSE
ID054,2025-11-23,501,103650,,4,4,2122,99,0,0,FALSE,FALSE,FALSE
ID054,2025-11-24,3126,100500,,5,5,3378,99,0,0,FALSE,FALSE,FALSE
ID054,2025-11-25,2193,103150,,2,2,1982,99,0,0,FALSE,FALSE,FALSE
ID054,2025-11-26,3047,102100,,10,10,2953,99,0,0,FALSE,FALSE,FALSE
ID054,2025-11-27,1790,105500,,3,3,1643,99,0,0,FALSE,FALSE,FALSE
ID054,2025-11-28,4145,106700,,12,12,3725,99,0,0,FALSE,FALSE,FALSE
ID054,2025-11-29,5538,107600,,8,0,0,99,0,8,FALSE,FALSE,FALSE
ID054,2025-11-30,2825,111900,,9,9,2721,99,0,0,FALSE,FALSE,FALSE
ID054,2025-12-01,4458,111950,,16,16,4633,99,0,0,FALSE,FALSE,FALSE
ID054,2025-12-02,3002,110300,,9,9,2857,99,0,0,FALSE,FALSE,FALSE
ID054,2025-12-03,2473,111900,,8,8,2241,99,0,0,FALSE,FALSE,FALSE
ID054,2025-12-04,4897,112100,,12,12,3866,99,0,0,FALSE,FALSE,FALSE
ID054,2025-12-05,3975,113400,,11,11,3638,99,0,0,FALSE,FALSE,FALSE
ID054,2025-12-06,3663,116600,,11,11,3572,99,0,0,FALSE,FALSE,FALSE
ID054,2025-12-07,4155,116800,,12,12,3214,99,0,0,FALSE,FALSE,FALSE
ID054,2025-12-08,3671,118600,,15,15,3687,99,0,0,FALSE,FALSE,FALSE
ID054,2025-12-09,4611,119400,,11,11,4033,99,0,0,FALSE,FALSE,FALSE
ID054,2025-12-10,3279,118050,,8,8,3151,99,0,0,FALSE,FALSE,FALSE
ID054,2025-12-11,1942,117600,,3,3,1581,99,0,0,FALSE,FALSE,FALSE
ID054,2025-12-12,1510,117800,,5,5,1135,99,0,0,FALSE,FALSE,FALSE
ID054,2025-12-13,3845,119800,,5,5,2812,99,0,0,FALSE,FALSE,FALSE
ID054,2025-12-14,2978,121150,,6,6,3367,99,0,0,FALSE,FALSE,FALSE
ID054,2025-12-15,2884,124900,,6,6,2752,99,0,0,FALSE,FALSE,FALSE
ID054,2025-12-16,3931,129400,,6,6,3577,99,0,0,FALSE,FALSE,FALSE
ID054,2025-12-17,3154,128600,,14,14,3083,99,0,0,FALSE,FALSE,FALSE
ID054,2025-12-18,3128,131000,,8,8,2940,99,0,0,FALSE,FALSE,FALSE
ID054,2025-12-19,3047,131800,,9,9,2740,99,0,0,FALSE,FALSE,FALSE
ID054,2025-12-20,4668,133600,,8,8,4215,99,0,0,FALSE,FALSE,FALSE
ID054,2025-12-21,3322,136300,,10,10,3207,99,0,0,FALSE,FALSE,FALSE
ID054,2025-12-22,1530,136900,,3,3,1536,99,0,0,FALSE,FALSE,FALSE
ID057,2025-09-19,889,33950,,4,0,0,101,0,4,FALSE,FALSE,FALSE
ID057,2025-09-20,939,39300,,7,7,3273,101,0,0,FALSE,FALSE,FALSE
ID057,2025-09-21,1858,40000,,10,10,4242,101,0,0,FALSE,FALSE,FALSE
ID057,2025-09-22,2187,41000,,8,8,4080,101,0,0,FALSE,FALSE,FALSE
ID057,2025-09-23,2186,40700,,6,6,3854,101,0,0,FALSE,FALSE,FALSE
ID057,2025-09-24,2242,41500,,10,10,3994,101,0,0,FALSE,FALSE,FALSE
ID057,2025-09-25,2370,42500,,7,7,4925,101,0,0,FALSE,FALSE,FALSE
ID057,2025-09-26,2040,44400,,11,11,4403,101,0,0,FALSE,FALSE,FALSE
ID057,2025-09-27,2677,45300,,6,6,5344,101,0,0,FALSE,FALSE,FALSE
ID057,2025-09-28,2575,45000,,5,5,4337,101,0,0,FALSE,FALSE,FALSE
ID057,2025-09-29,3971,45300,,9,9,5401,101,0,0,FALSE,FALSE,FALSE
ID057,2025-09-30,2854,47700,,7,7,4383,101,0,0,FALSE,FALSE,FALSE
ID057,2025-10-01,3118,46750,,6,6,3711,101,0,0,FALSE,FALSE,FALSE
ID057,2025-10-02,4769,49950,,6,6,4727,101,0,0,FALSE,FALSE,FALSE
ID057,2025-10-03,4602,50200,,5,5,4960,101,0,0,FALSE,FALSE,FALSE
ID057,2025-10-04,4351,50900,,6,6,4544,101,0,0,FALSE,FALSE,FALSE
ID057,2025-10-05,5053,53400,,7,7,5024,101,0,0,FALSE,FALSE,FALSE
ID057,2025-10-06,5198,55000,,8,8,5756,101,0,0,FALSE,FALSE,FALSE
ID057,2025-10-07,4043,56250,,8,8,5290,101,0,0,FALSE,FALSE,FALSE
ID057,2025-10-08,5312,56900,,9,9,6204,101,0,0,FALSE,FALSE,FALSE
ID057,2025-10-09,5349,58200,,12,12,6474,101,0,0,FALSE,FALSE,FALSE
ID057,2025-10-10,4498,60200,,9,9,5497,101,0,0,FALSE,FALSE,FALSE
ID057,2025-10-11,5882,61150,,12,12,6409,101,0,0,FALSE,FALSE,FALSE
ID057,2025-10-12,4500,62300,,7,7,5747,101,0,0,FALSE,FALSE,FALSE
ID057,2025-10-13,4570,63350,,6,6,4841,101,0,0,FALSE,FALSE,FALSE
ID057,2025-10-14,4897.66666666667,64600,,9,0,0,101,0,9,FALSE,FALSE,TRUE
ID057,2025-10-15,5225.33333333333,66800,,9,9,6271,101,0,0,FALSE,FALSE,TRUE
ID057,2025-10-16,5553,67950,,8,8,6239,101,0,0,FALSE,FALSE,FALSE
ID057,2025-10-17,5642,69175,,4,4,4901,101,4,0,FALSE,TRUE,FALSE
ID057,2025-10-18,3588,70400,,3,3,2849,101,0,0,FALSE,FALSE,FALSE
ID057,2025-10-19,3467,70200,,4,4,3131,101,0,0,FALSE,FALSE,FALSE
ID057,2025-10-20,5712,73000,,5,5,4674,101,0,0,FALSE,FALSE,FALSE
ID057,2025-10-21,4956,73450,,11,11,5822,101,11,0,FALSE,TRUE,FALSE
ID057,2025-10-22,5921,73900,,7,7,6005,101,0,0,FALSE,FALSE,FALSE
ID057,2025-10-23,3848,74600,,7,7,4687,101,0,0,FALSE,FALSE,FALSE
ID057,2025-10-24,4175,75900,,8,8,6535,101,0,0,FALSE,FALSE,TRUE
ID057,2025-10-25,4502,78100,,10,10,5640,101,0,0,FALSE,FALSE,FALSE
ID057,2025-10-26,3835,77900,,10,10,3335,101,0,0,FALSE,FALSE,FALSE
ID057,2025-10-27,5469,80600,,7,7,3907,101,0,0,FALSE,FALSE,FALSE
ID057,2025-10-28,5328,80300,,5,5,3102,101,0,0,FALSE,FALSE,FALSE
ID057,2025-10-29,1839,83800,,5,5,2021,101,0,0,FALSE,FALSE,FALSE
ID057,2025-10-30,1936,81200,,9,9,2407,101,0,0,FALSE,FALSE,FALSE
ID057,2025-10-31,4045,85700,,15,15,5857,101,0,0,FALSE,FALSE,FALSE
ID057,2025-11-01,4024,87400,,11,11,5287,101,0,0,FALSE,FALSE,FALSE
ID057,2025-11-02,4019,88500,,10,10,5577,101,0,0,FALSE,FALSE,FALSE
ID057,2025-11-03,5269,89000,,12,12,6948,101,0,0,FALSE,FALSE,FALSE
ID057,2025-11-04,4981,91200,,7,7,6273,101,0,0,FALSE,FALSE,FALSE
ID057,2025-11-05,5687,91300,,14,14,5207,101,0,0,FALSE,FALSE,FALSE
ID057,2025-11-06,3323,93400,,12,12,3875,101,0,0,FALSE,FALSE,FALSE
ID057,2025-11-07,4912,94050,,18,18,5771,101,0,0,FALSE,FALSE,FALSE
ID057,2025-11-08,4398,96100,,9,9,4603,101,0,0,FALSE,FALSE,FALSE
ID057,2025-11-09,4430,97800,,11,11,5676,101,0,0,FALSE,FALSE,TRUE
ID057,2025-11-10,4462,98700,,14,14,4970,101,0,0,FALSE,FALSE,FALSE
ID057,2025-11-11,3459,98850,,8,8,4102,101,0,0,FALSE,FALSE,FALSE
ID057,2025-11-12,3983,100200,,9,9,4692,101,0,0,FALSE,FALSE,FALSE
ID057,2025-11-13,1516,97300,,5,5,1282,101,0,0,FALSE,FALSE,FALSE
ID057,2025-11-14,3234,102500,,9,9,3979,101,0,0,FALSE,FALSE,FALSE
ID057,2025-11-15,4995,103300,,15,15,5497,101,0,0,FALSE,FALSE,FALSE
ID057,2025-11-16,4495,104500,,13,13,5156,101,0,0,FALSE,FALSE,FALSE
ID057,2025-11-17,4804,106100,,16,16,5832,101,0,0,FALSE,FALSE,FALSE
ID057,2025-11-18,3988,106450,,14,14,4102,101,0,0,FALSE,FALSE,FALSE
ID057,2025-11-19,3595,106700,,13,13,4401,101,0,0,FALSE,FALSE,FALSE
ID057,2025-11-20,4067,105150,,18,18,4360,101,0,0,FALSE,FALSE,FALSE
ID057,2025-11-21,3490,106500,,16,16,3685,101,0,0,FALSE,FALSE,FALSE
ID057,2025-11-22,3032,108600,,8,8,3841,101,0,0,FALSE,FALSE,FALSE
ID057,2025-11-23,3827,109700,,11,11,4349,101,0,0,FALSE,FALSE,FALSE
ID057,2025-11-24,3999,114450,,18,18,4319,101,0,0,FALSE,FALSE,FALSE
ID057,2025-11-25,3775,114700,,23,23,4355,101,0,0,FALSE,FALSE,FALSE
ID057,2025-11-26,3446,116200,,13,13,4129,101,0,0,FALSE,FALSE,FALSE
ID057,2025-11-27,4304,116200,,17,17,4610,101,0,0,FALSE,FALSE,FALSE
ID057,2025-11-28,2372,117200,,29,29,2405,101,0,0,FALSE,FALSE,FALSE
ID057,2025-11-30,3374,120100,,6,6,3637,101,0,0,FALSE,FALSE,FALSE
ID057,2025-12-01,3664,121250,,12,12,3661,101,0,0,FALSE,FALSE,FALSE
ID057,2025-12-02,4262,121600,,13,13,4011,101,0,0,FALSE,FALSE,FALSE
ID057,2025-12-03,3924,122200,,11,11,3638,101,0,0,FALSE,FALSE,FALSE
ID057,2025-12-04,4180,122850,,18,18,4123,101,0,0,FALSE,FALSE,FALSE
ID057,2025-12-05,4896,123400,,19,19,4644,101,0,0,FALSE,FALSE,FALSE
ID057,2025-12-06,3781,124050,,24,24,3503,101,0,0,FALSE,FALSE,FALSE
ID057,2025-12-07,4559,125100,,15,15,3772,101,0,0,FALSE,FALSE,FALSE
ID057,2025-12-08,3815,126150,,12,12,3002,101,0,0,FALSE,FALSE,FALSE
ID057,2025-12-09,4820,129150,,12,12,4374,101,12,0,FALSE,TRUE,FALSE
ID057,2025-12-10,4234,132150,,14,14,3514,101,0,0,FALSE,FALSE,FALSE
ID057,2025-12-11,2181,131450,,8,8,1374,101,0,0,FALSE,FALSE,FALSE
ID057,2025-12-12,3946,130375,,10,10,2807,101,10,0,FALSE,TRUE,FALSE
ID057,2025-12-13,1353,129300,,14,14,769,101,0,0,FALSE,FALSE,FALSE
ID057,2025-12-14,2525,132500,,4,4,1887,101,0,0,FALSE,FALSE,FALSE
ID057,2025-12-15,807,128200,,8,0,0,101,0,8,FALSE,FALSE,FALSE
ID057,2025-12-16,1286,128000,,5,5,868,101,0,0,FALSE,FALSE,FALSE
ID057,2025-12-17,1227,128700,,6,6,1024,101,0,0,FALSE,FALSE,FALSE
ID057,2025-12-18,1913,128800,,6,6,1787,101,0,0,FALSE,FALSE,FALSE
ID057,2025-12-19,1819,127700,,4,4,1704,101,0,0,FALSE,FALSE,FALSE
ID057,2025-12-20,1256,128300,,6,6,1113,101,0,0,FALSE,FALSE,FALSE
ID057,2025-12-21,1866,,,25,25,1287,101,25,0,FALSE,TRUE,FALSE
ID057,2025-12-22,729,,,1,0,0,101,1,1,FALSE,TRUE,FALSE
ID060,2025-09-12,14,,,1,0,0,91,1,1,FALSE,TRUE,FALSE
ID060,2025-09-13,1340,,,10,0,0,93,10,10,FALSE,TRUE,FALSE
ID060,2025-09-14,357,,,2,2,1082,93,2,0,FALSE,TRUE,FALSE
ID060,2025-09-15,657,,,8,8,1772,93,8,0,FALSE,TRUE,FALSE
ID060,2025-09-16,1526,28700,,21,21,3374,93,0,0,FALSE,FALSE,FALSE
ID060,2025-09-17,628,29300,,13,13,1472,93,2,0,FALSE,FALSE,FALSE
ID060,2025-09-18,1622,29900,,21,21,2861,93,1,0,FALSE,FALSE,FALSE
ID060,2025-09-19,1639,30400,,21,21,3461,93,2,0,FALSE,FALSE,FALSE
ID060,2025-09-20,1050,32400,,15,15,2773,93,0,0,FALSE,FALSE,FALSE
ID060,2025-09-21,1603,32833.3333333333,,15,15,3041,93,15,0,FALSE,TRUE,FALSE
ID060,2025-09-22,1088,33266.6666666667,,11,11,2048,93,11,0,FALSE,TRUE,FALSE
ID060,2025-09-23,1880,33700,,9,9,3426,93,0,0,FALSE,FALSE,FALSE
ID060,2025-09-24,1751,34850,,6,6,3142,93,0,0,FALSE,FALSE,FALSE
ID060,2025-09-25,1615,36300,,8,8,2983,93,0,0,FALSE,FALSE,FALSE
ID060,2025-09-26,1422,37500,,9,9,2363,93,0,0,FALSE,FALSE,FALSE
ID060,2025-09-27,1255,37900,,9,9,2593,93,0,0,FALSE,FALSE,FALSE
ID060,2025-09-28,1218,37200,,5,5,1880,93,0,0,FALSE,FALSE,FALSE
ID060,2025-09-29,1710,38800,,9,9,2594,93,0,0,FALSE,FALSE,FALSE
ID060,2025-09-30,1219,39150,,6,6,1327,93,0,0,FALSE,FALSE,FALSE
ID060,2025-10-01,1535,39800,,11,11,2318,93,0,0,FALSE,FALSE,FALSE
ID060,2025-10-02,2214,41200,,15,15,3181,93,0,0,FALSE,FALSE,FALSE
ID060,2025-10-03,1292,41600,,10,10,2239,93,0,0,FALSE,FALSE,FALSE
ID060,2025-10-04,1734,41900,,15,15,2590,93,0,0,FALSE,FALSE,FALSE
ID060,2025-10-05,1881,43200,,9,9,2697,93,0,0,FALSE,FALSE,FALSE
ID060,2025-10-06,2167,44300,,12,12,3138,93,0,0,FALSE,FALSE,FALSE
ID060,2025-10-07,1940,44700,,14,14,2746,93,0,0,FALSE,FALSE,FALSE
ID060,2025-10-08,2125,45700,,10,10,2474,93,0,0,FALSE,FALSE,FALSE
ID060,2025-10-09,1996,46100,,20,20,2565,93,0,0,FALSE,FALSE,FALSE
ID060,2025-10-10,1903,46900,,14,14,2404,93,0,0,FALSE,FALSE,FALSE
ID060,2025-10-11,2040,48300,,18,18,2874,93,0,0,FALSE,FALSE,FALSE
ID060,2025-10-12,2244,48600,,20,20,3166,93,0,0,FALSE,FALSE,FALSE
ID060,2025-10-13,1989,49500,,16,16,2558,93,0,0,FALSE,FALSE,FALSE
ID060,2025-10-14,2330,50500,,25,25,3218,93,0,0,FALSE,FALSE,FALSE
ID060,2025-10-15,2694,51300,,23,23,3354,93,0,0,FALSE,FALSE,FALSE
ID060,2025-10-16,2592,52900,,19,19,3118,93,0,0,FALSE,FALSE,FALSE
ID060,2025-10-17,2215,54100,,16,16,3159,93,0,0,FALSE,FALSE,FALSE
ID060,2025-10-18,1549,53800,,11,11,2087,93,0,0,FALSE,FALSE,FALSE
ID060,2025-10-19,1738,54000,,18,18,1538,93,0,0,FALSE,FALSE,FALSE
ID060,2025-10-20,3069,57500,,17,17,3663,93,0,0,FALSE,FALSE,FALSE
ID060,2025-10-21,3010,58650,,24,24,3109,93,0,0,FALSE,FALSE,FALSE
ID060,2025-10-22,3116,59800,,25,25,3471,93,0,0,FALSE,FALSE,FALSE
ID060,2025-10-23,2642,60200,,18,18,3188,93,0,0,FALSE,FALSE,FALSE
ID060,2025-10-24,2372,60200,,19,19,3068,93,0,0,FALSE,FALSE,FALSE
ID060,2025-10-25,2904,62100,,13,13,3145,93,0,0,FALSE,FALSE,FALSE
ID060,2025-10-26,3073,63500,,20,20,3032,93,0,0,FALSE,FALSE,FALSE
ID060,2025-10-27,3011,64600,,17,17,3138,93,0,0,FALSE,FALSE,FALSE
ID060,2025-10-28,3104,65200,,22,22,3357,93,0,0,FALSE,FALSE,FALSE
ID060,2025-10-29,3309,66800,,26,26,3495,93,0,0,FALSE,FALSE,FALSE
ID060,2025-10-30,2891,67900,,20,20,3080,93,0,0,FALSE,FALSE,FALSE
ID060,2025-10-31,3078,68600,,18,18,3053,93,0,0,FALSE,FALSE,FALSE
ID060,2025-11-01,3822,70650,,16,16,3963,93,0,0,FALSE,FALSE,FALSE
ID060,2025-11-02,2742,71150,,22,22,2789,93,0,0,FALSE,FALSE,FALSE
ID060,2025-11-03,4130,72000,,21,21,3885,93,0,0,FALSE,FALSE,FALSE
ID060,2025-11-04,3825,73900,,29,29,3383,93,0,0,FALSE,FALSE,FALSE
ID060,2025-11-05,2898,74500,,25,25,2798,93,0,0,FALSE,FALSE,FALSE
ID060,2025-11-06,3252,76000,,22,22,3184,93,0,0,FALSE,FALSE,FALSE
ID060,2025-11-07,3000,76600,,17,17,3343,93,0,0,FALSE,FALSE,FALSE
ID060,2025-11-08,2887,78700,,16,16,2590,93,0,0,FALSE,FALSE,FALSE
ID060,2025-11-09,3319,78700,,18,18,3367,93,0,0,FALSE,FALSE,FALSE
ID060,2025-11-10,3483,79800,,21,21,3110,93,0,0,FALSE,FALSE,FALSE
ID060,2025-11-11,3715,81000,,21,21,2925,93,0,0,FALSE,FALSE,FALSE
ID060,2025-11-12,2602,83100,,11,11,1947,93,0,0,FALSE,FALSE,FALSE
ID060,2025-11-13,3613,84900,,9,9,2417,93,0,0,FALSE,FALSE,FALSE
ID060,2025-11-14,4226,87800,,11,11,3319,93,0,0,FALSE,FALSE,FALSE
ID060,2025-11-15,3453,88750,,12,12,3075,93,0,0,FALSE,FALSE,FALSE
ID060,2025-11-16,4507,89400,,15,0,0,93,0,15,FALSE,FALSE,FALSE
ID060,2025-11-17,3198,90900,,16,16,2993,93,0,0,FALSE,FALSE,FALSE
ID060,2025-11-18,2076,93150,,8,0,0,93,0,8,FALSE,FALSE,FALSE
ID060,2025-11-19,3845,94100,,16,16,3045,93,0,0,FALSE,FALSE,FALSE
ID060,2025-11-20,3774,94700,,17,17,3336,93,0,0,FALSE,FALSE,FALSE
ID060,2025-11-21,3909,95200,,12,12,3458,93,0,0,FALSE,FALSE,FALSE
ID060,2025-11-22,2677,95450,,14,14,2506,93,0,0,FALSE,FALSE,FALSE
ID060,2025-11-23,2996,96500,,22,22,3111,93,0,0,FALSE,FALSE,FALSE
ID060,2025-11-24,2885,94100,,13,13,3156,93,0,0,FALSE,FALSE,FALSE
ID060,2025-11-25,3435,95300,,13,13,3349,93,0,0,FALSE,FALSE,FALSE
ID060,2025-11-26,2785,96100,,11,11,2673,93,0,0,FALSE,FALSE,FALSE
ID060,2025-11-27,3646,96950,,18,18,3399,93,0,0,FALSE,FALSE,FALSE
ID060,2025-11-28,2812,97800,,11,11,2563,93,0,0,FALSE,FALSE,FALSE
ID060,2025-11-29,4214,100300,,18,0,0,93,0,18,FALSE,FALSE,FALSE
ID060,2025-11-30,3054,99950,,16,16,2793,93,0,0,FALSE,FALSE,FALSE
ID060,2025-12-01,2936,101900,,11,11,2562,93,0,0,FALSE,FALSE,FALSE
ID060,2025-12-02,3672,102000,,15,15,3161,93,0,0,FALSE,FALSE,FALSE
ID060,2025-12-03,3320,103050,,16,16,2618,93,0,0,FALSE,FALSE,FALSE
ID060,2025-12-04,3364,105600,,9,9,2912,93,0,0,FALSE,FALSE,FALSE
ID060,2025-12-05,4141,105900,,15,15,3294,93,0,0,FALSE,FALSE,FALSE
ID060,2025-12-06,4316,106500,,16,0,0,93,0,16,FALSE,FALSE,FALSE
ID060,2025-12-07,3313,107800,,9,9,2953,93,0,0,FALSE,FALSE,FALSE
ID060,2025-12-08,3319,108300,,11,11,3306,93,0,0,FALSE,FALSE,FALSE
ID060,2025-12-09,2895,109400,,13,13,2547,93,0,0,FALSE,FALSE,FALSE
ID060,2025-12-10,2805,109700,,9,9,2648,93,0,0,FALSE,FALSE,FALSE
ID060,2025-12-11,1889,107500,,9,9,785,93,0,0,FALSE,FALSE,FALSE
ID060,2025-12-12,324,105800,,1,0,0,93,0,1,FALSE,FALSE,FALSE
ID060,2025-12-15,1868,114250,,6,6,1731,93,0,0,FALSE,FALSE,FALSE
ID060,2025-12-16,2265,112800,,7,7,1684,93,0,0,FALSE,FALSE,FALSE
ID060,2025-12-17,3636,114700,,8,8,3077,93,0,0,FALSE,FALSE,FALSE
ID060,2025-12-18,3838,113900,,11,11,3089,93,0,0,FALSE,FALSE,FALSE
ID060,2025-12-19,2728,115300,,16,16,2211,93,0,0,FALSE,FALSE,FALSE
ID060,2025-12-20,3441,117600,,15,15,3157,93,0,0,FALSE,FALSE,FALSE
ID060,2025-12-21,3602,118300,,10,10,2921,93,0,0,FALSE,FALSE,FALSE
ID060,2025-12-22,3343,119150,,14,14,2353,93,0,0,FALSE,FALSE,FALSE
ID060,2025-12-23,2868,119500,,13,13,1981,93,0,0,FALSE,FALSE,FALSE
ID060,2025-12-24,3319,118900,,10,10,1934,93,0,0,FALSE,FALSE,FALSE
ID060,2025-12-25,3869,121900,,14,14,2268,93,0,0,FALSE,FALSE,FALSE
ID060,2025-12-26,353,122450,,2,0,0,93,0,2,FALSE,FALSE,FALSE
ID062,2025-09-19,707,40500,,2,2,1098,93,1,0,FALSE,FALSE,FALSE
ID062,2025-09-20,1349,30100,,7,7,3203,93,0,0,FALSE,FALSE,FALSE
ID062,2025-09-21,296,31916.6666666667,,3,0,0,93,3,3,FALSE,TRUE,FALSE
ID062,2025-09-22,1048,33733.3333333333,,6,6,2355,93,6,0,FALSE,TRUE,FALSE
ID062,2025-09-23,1553,35550,,4,4,2754,93,0,0,FALSE,FALSE,FALSE
ID062,2025-09-24,1589,36150,,6,6,3203,93,0,0,FALSE,FALSE,FALSE
ID062,2025-09-25,2136,37200,,10,10,4269,93,0,0,FALSE,FALSE,FALSE
ID062,2025-09-26,1533,37900,,6,6,2949,93,0,0,FALSE,FALSE,FALSE
ID062,2025-09-27,1682,38850,,8,8,3619,93,0,0,FALSE,FALSE,FALSE
ID062,2025-09-28,1971,39300,,7,7,3747,93,0,0,FALSE,FALSE,FALSE
ID062,2025-09-29,1801,40100,,7,7,2924,93,0,0,FALSE,FALSE,FALSE
ID062,2025-09-30,1972,40900,,5,5,3141,93,0,0,FALSE,FALSE,FALSE
ID062,2025-10-01,2283,41850,,6,6,3564,93,0,0,FALSE,FALSE,FALSE
ID062,2025-10-02,1856,43300,,4,4,2527,93,0,0,FALSE,FALSE,FALSE
ID062,2025-10-03,2420,44300,,8,8,3905,93,0,0,FALSE,FALSE,FALSE
ID062,2025-10-04,2521,45000,,6,6,3788,93,0,0,FALSE,FALSE,FALSE
ID062,2025-10-05,2160,46600,,10,10,3432,93,0,0,FALSE,FALSE,FALSE
ID062,2025-10-06,2064,47650,,8,8,3295,93,0,0,FALSE,FALSE,FALSE
ID062,2025-10-07,2932,47800,,8,8,4598,93,0,0,FALSE,FALSE,FALSE
ID062,2025-10-08,2603,49300,,5,5,3456,93,0,0,FALSE,FALSE,FALSE
ID062,2025-10-09,2519,50700,,9,9,3400,93,0,0,FALSE,FALSE,FALSE
ID062,2025-10-10,2909,51000,,6,6,3872,93,0,0,FALSE,FALSE,FALSE
ID062,2025-10-11,2753,52400,,11,11,3613,93,0,0,FALSE,FALSE,FALSE
ID062,2025-10-12,2593,53200,,11,11,3234,93,0,0,FALSE,FALSE,FALSE
ID062,2025-10-13,1895,54400,,6,6,2836,93,0,0,FALSE,FALSE,FALSE
ID062,2025-10-14,3105,55650,,8,8,3541,93,0,0,FALSE,FALSE,FALSE
ID062,2025-10-15,3003,56700,,9,9,3824,93,0,0,FALSE,FALSE,FALSE
ID062,2025-10-16,2725,58300,,9,9,3328,93,0,0,FALSE,FALSE,FALSE
ID062,2025-10-17,3428,59000,,12,12,4199,93,0,0,FALSE,FALSE,FALSE
ID062,2025-10-18,707,59350,,4,4,665,93,0,0,FALSE,FALSE,FALSE
ID062,2025-10-19,2838,60000,,8,8,2660,93,0,0,FALSE,FALSE,FALSE
ID062,2025-10-20,3008,61500,,6,6,3458,93,0,0,FALSE,FALSE,FALSE
ID062,2025-10-21,2752,62800,,9,9,3132,93,0,0,FALSE,FALSE,FALSE
ID062,2025-10-22,2011,63000,,13,13,2426,93,0,0,FALSE,FALSE,FALSE
ID062,2025-10-23,3148,63300,,11,11,4139,93,0,0,FALSE,FALSE,FALSE
ID062,2025-10-24,2453,64750,,8,8,3176,93,0,0,FALSE,FALSE,FALSE
ID062,2025-10-25,2986,65000,,8,8,3655,93,0,0,FALSE,FALSE,FALSE
ID062,2025-10-26,2427,66700,,6,6,3156,93,0,0,FALSE,FALSE,FALSE
ID062,2025-10-27,1863,67100,,5,5,2022,93,0,0,FALSE,FALSE,FALSE
ID062,2025-10-28,2221,67100,,5,5,2632,93,0,0,FALSE,FALSE,FALSE
ID062,2025-10-29,2957,68200,,5,5,3249,93,0,0,FALSE,FALSE,FALSE
ID062,2025-10-30,2935,69200,,9,9,2942,93,0,0,FALSE,FALSE,FALSE
ID062,2025-10-31,2898,71500,,11,11,3356,93,0,0,FALSE,FALSE,FALSE
ID062,2025-11-01,2819,72150,,10,10,3273,93,0,0,FALSE,FALSE,FALSE
ID062,2025-11-02,2092,73000,,7,7,2449,93,0,0,FALSE,FALSE,FALSE
ID062,2025-11-03,2418,74100,,9,9,2568,93,0,0,FALSE,FALSE,FALSE
ID062,2025-11-04,3735,74500,,11,11,4013,93,0,0,FALSE,FALSE,FALSE
ID062,2025-11-05,1972,75100,,14,14,2222,93,0,0,FALSE,FALSE,FALSE
ID062,2025-11-06,3193,76800,,9,9,3493,93,0,0,FALSE,FALSE,FALSE
ID062,2025-11-07,2328,77500,,6,6,2449,93,0,0,FALSE,FALSE,FALSE
ID062,2025-11-08,2274,79000,,6,6,2487,93,0,0,FALSE,FALSE,FALSE
ID062,2025-11-09,2685,78300,,7,7,2688,93,0,0,FALSE,FALSE,FALSE
ID062,2025-11-10,1919,80450,,6,6,1763,93,0,0,FALSE,FALSE,FALSE
ID062,2025-11-11,3396,80950,,10,10,3001,93,0,0,FALSE,FALSE,FALSE
ID062,2025-11-12,360,82400,,2,0,0,93,0,2,FALSE,FALSE,FALSE
ID062,2025-11-13,1476,83100,,3,3,1005,93,0,0,FALSE,FALSE,FALSE
ID062,2025-11-14,2214,84800,,4,4,2134,93,0,0,FALSE,FALSE,FALSE
ID062,2025-11-15,2934,86450,,10,10,2467,93,0,0,FALSE,FALSE,FALSE
ID062,2025-11-16,2932,87150,,8,8,2904,93,0,0,FALSE,FALSE,FALSE
ID062,2025-11-17,3105,87850,,8,8,2598,93,0,0,FALSE,FALSE,FALSE
ID062,2025-11-18,2435,89600,,13,13,2383,93,0,0,FALSE,FALSE,FALSE
ID062,2025-11-19,2930,91500,,9,9,3157,93,0,0,FALSE,FALSE,FALSE
ID062,2025-11-20,2888,90500,,8,8,2585,93,0,0,FALSE,FALSE,FALSE
ID062,2025-11-21,2695,91250,,6,6,2317,93,0,0,FALSE,FALSE,FALSE
ID062,2025-11-22,2609,93000,,7,7,2380,93,0,0,FALSE,FALSE,FALSE
ID062,2025-11-23,3317,94400,,11,11,2990,93,0,0,FALSE,FALSE,FALSE
ID062,2025-11-24,3797,92700,,11,11,4128,93,0,0,FALSE,FALSE,FALSE
ID062,2025-11-25,3038,92700,,9,9,2794,93,0,0,FALSE,FALSE,FALSE
ID062,2025-11-26,2957,93800,,8,8,2654,93,0,0,FALSE,FALSE,FALSE
ID062,2025-11-27,2981,95400,,8,8,2960,93,0,0,FALSE,FALSE,FALSE
ID062,2025-11-28,2937,95800,,7,7,2839,93,0,0,FALSE,FALSE,FALSE
ID062,2025-11-29,5082,96700,,13,0,0,93,0,13,FALSE,FALSE,FALSE
ID062,2025-11-30,2669,95600,,5,5,2343,93,0,0,FALSE,FALSE,FALSE
ID062,2025-12-01,3878,98300,,9,9,3313,93,0,0,FALSE,FALSE,FALSE
ID062,2025-12-02,2811,99500,,7,7,2619,93,0,0,FALSE,FALSE,FALSE
ID062,2025-12-03,3457,99500,,11,11,2949,93,0,0,FALSE,FALSE,FALSE
ID062,2025-12-04,2712,101600,,9,9,2205,93,0,0,FALSE,FALSE,FALSE
ID062,2025-12-05,3031,100900,,8,8,2509,93,0,0,FALSE,FALSE,FALSE
ID062,2025-12-06,2747,102250,,6,6,2565,93,0,0,FALSE,FALSE,FALSE
ID062,2025-12-07,2681,101600,,5,5,2368,93,0,0,FALSE,FALSE,FALSE
ID062,2025-12-08,4227,103100,,5,5,3816,93,0,0,FALSE,FALSE,FALSE
ID062,2025-12-09,2526,105600,,6,6,2364,93,0,0,FALSE,FALSE,FALSE
ID062,2025-12-10,2886,105900,,5,5,2785,93,0,0,FALSE,FALSE,FALSE
ID062,2025-12-11,1529,105600,,4,4,927,93,0,0,FALSE,FALSE,FALSE
ID062,2025-12-15,1008,107875,,1,1,886,93,1,0,FALSE,TRUE,FALSE
ID062,2025-12-16,2118,110150,,4,4,1725,93,0,0,FALSE,FALSE,FALSE
ID062,2025-12-17,2954,109700,,7,7,2632,93,0,0,FALSE,FALSE,FALSE
ID062,2025-12-18,3663,110550,,8,8,3360,93,0,0,FALSE,FALSE,FALSE
ID062,2025-12-19,2979,111600,,9,9,2302,93,0,0,FALSE,FALSE,FALSE
ID062,2025-12-20,3050,114100,,9,9,2753,93,0,0,FALSE,FALSE,FALSE
ID062,2025-12-21,2847,112800,,13,13,1777,93,0,0,FALSE,FALSE,FALSE
ID062,2025-12-22,3495,114000,,12,12,3030,93,0,0,FALSE,FALSE,FALSE
ID062,2025-12-23,2892,114100,,9,9,2409,93,0,0,FALSE,FALSE,FALSE
ID062,2025-12-24,2288,113500,,8,8,1667,93,0,0,FALSE,FALSE,FALSE
ID062,2025-12-25,2761,116200,,9,9,1971,93,0,0,FALSE,FALSE,FALSE
ID062,2025-12-26,870,115200,,1,1,705,93,0,0,FALSE,FALSE,FALSE
ID063,2025-10-09,1252,41800,,3,3,2482,92,0,0,FALSE,FALSE,FALSE
ID063,2025-10-10,1171,41100,,4,4,2760,92,0,0,FALSE,FALSE,FALSE
ID063,2025-10-11,1201,41850,,4,4,2978,92,0,0,FALSE,FALSE,FALSE
ID063,2025-10-12,1434,42900,,4,4,3390,92,0,0,FALSE,FALSE,FALSE
ID063,2025-10-13,1569,44500,,4,4,2745,92,0,0,FALSE,FALSE,FALSE
ID063,2025-10-14,1845,44000,,5,5,3623,92,0,0,FALSE,FALSE,FALSE
ID063,2025-10-15,2148,45950,,4,4,3423,92,0,0,FALSE,FALSE,FALSE
ID063,2025-10-16,1532,47250,,4,4,3260,92,0,0,FALSE,FALSE,FALSE
ID063,2025-10-17,2355,48000,,4,4,4395,92,0,0,FALSE,FALSE,FALSE
ID063,2025-10-18,1277,47900,,2,2,2823,92,0,0,FALSE,FALSE,FALSE
ID063,2025-10-19,1951,50000,,7,7,3560,92,0,0,FALSE,FALSE,FALSE
ID063,2025-10-20,1457,50200,,4,4,3493,92,0,0,FALSE,FALSE,FALSE
ID063,2025-10-21,786,52300,,5,0,0,92,0,5,FALSE,FALSE,FALSE
ID063,2025-10-22,1239,54700,,1,1,2101,92,0,0,FALSE,FALSE,FALSE
ID063,2025-10-23,1802,59400,,5,5,3227,92,0,0,FALSE,FALSE,FALSE
ID063,2025-10-24,1861,60000,,6,6,2845,92,0,0,FALSE,FALSE,FALSE
ID063,2025-10-25,2097,60850,,4,4,2907,92,0,0,FALSE,FALSE,FALSE
ID063,2025-10-26,2020,60100,,3,3,3122,92,0,0,FALSE,FALSE,FALSE
ID063,2025-10-27,2648,60700,,5,5,3808,92,0,0,FALSE,FALSE,FALSE
ID063,2025-10-28,3837,63800,,5,5,4652,92,0,0,FALSE,FALSE,FALSE
ID063,2025-10-29,1121,63400,,2,2,1494,92,0,0,FALSE,FALSE,FALSE
ID063,2025-10-30,4246,65200,,4,4,4822,92,0,0,FALSE,FALSE,FALSE
ID063,2025-10-31,1912,69050,,4,4,2417,92,0,0,FALSE,FALSE,FALSE
ID063,2025-11-01,3485,65350,,8,8,4224,92,0,0,FALSE,FALSE,FALSE
ID063,2025-11-02,2215,63600,,3,3,2959,92,0,0,FALSE,FALSE,FALSE
ID063,2025-11-03,3350,65100,,7,7,4859,92,0,0,FALSE,FALSE,FALSE
ID063,2025-11-04,3256,67500,,7,7,3742,92,0,0,FALSE,FALSE,FALSE
ID063,2025-11-05,1604,69400,,4,4,2114,92,0,0,FALSE,FALSE,FALSE
ID063,2025-11-06,1611,68600,,9,9,1997,92,0,0,FALSE,FALSE,FALSE
ID063,2025-11-07,2676,66300,,6,6,3691,92,0,0,FALSE,FALSE,FALSE
ID063,2025-11-08,1228,69900,,4,4,1591,92,0,0,FALSE,FALSE,FALSE
ID063,2025-11-09,1837,68350,,6,6,2547,92,0,0,FALSE,FALSE,FALSE
ID063,2025-11-10,2124,70200,,8,8,2991,92,0,0,FALSE,FALSE,FALSE
ID063,2025-11-11,1057,70900,,3,3,1047,92,0,0,FALSE,FALSE,FALSE
ID063,2025-11-12,1089,69450,,2,2,748,92,0,0,FALSE,FALSE,FALSE
ID063,2025-11-13,4441,72200,,5,5,3079,92,0,0,FALSE,FALSE,FALSE
ID063,2025-11-14,2933,77200,,5,5,3125,92,0,0,FALSE,FALSE,FALSE
ID063,2025-11-15,3472,79300,,11,11,3095,92,0,0,FALSE,FALSE,FALSE
ID063,2025-11-16,3399,78100,,6,6,3566,92,0,0,FALSE,FALSE,FALSE
ID063,2025-11-17,2906,79800,,7,7,2883,92,0,0,FALSE,FALSE,FALSE
ID063,2025-11-18,4162,79500,,7,7,4187,92,0,0,FALSE,FALSE,FALSE
ID063,2025-11-19,2123,81300,,7,7,2018,92,0,0,FALSE,FALSE,FALSE
ID063,2025-11-20,3555,80600,,5,5,3516,92,0,0,FALSE,FALSE,FALSE
ID063,2025-11-21,3223,83200,,3,3,3217,92,0,0,FALSE,FALSE,FALSE
ID063,2025-11-22,863,84450,,4,0,0,92,0,4,FALSE,FALSE,FALSE
ID063,2025-11-23,2297,82250,,4,4,2617,92,0,0,FALSE,FALSE,FALSE
ID063,2025-11-24,2990,85700,,5,5,3107,92,0,0,FALSE,FALSE,FALSE
ID063,2025-11-25,2750,87100,,3,3,3076,92,0,0,FALSE,FALSE,FALSE
ID063,2025-11-26,3791,89050,,6,6,3493,92,0,0,FALSE,FALSE,FALSE
ID063,2025-11-27,3682,90700,,5,5,3550,92,0,0,FALSE,FALSE,FALSE
ID063,2025-11-28,4145,92600,,5,5,4252,92,0,0,FALSE,FALSE,FALSE
ID063,2025-11-29,2688,93100,,7,7,2583,92,0,0,FALSE,FALSE,FALSE
ID063,2025-11-30,4872,94750,,8,8,4891,92,0,0,FALSE,FALSE,FALSE
ID063,2025-12-01,1987,94750,,4,4,1787,92,0,0,FALSE,FALSE,FALSE
ID063,2025-12-02,3606,94900,,7,7,3371,92,0,0,FALSE,FALSE,FALSE
ID063,2025-12-03,2742,94850,,4,4,3088,92,0,0,FALSE,FALSE,FALSE
ID063,2025-12-04,3718,95600,,7,7,3925,92,0,0,FALSE,FALSE,FALSE
ID063,2025-12-05,3227,98000,,6,6,3560,92,0,0,FALSE,FALSE,FALSE
ID063,2025-12-06,3309,97200,,7,7,3505,92,0,0,FALSE,FALSE,FALSE
ID063,2025-12-07,3048,97600,,5,5,3278,92,0,0,FALSE,FALSE,FALSE
ID063,2025-12-08,4099,99600,,5,5,4763,92,0,0,FALSE,FALSE,FALSE
ID063,2025-12-09,3115,102900,,6,6,3048,92,0,0,FALSE,FALSE,FALSE
ID063,2025-12-10,5005,107600,,7,7,5417,92,0,0,FALSE,FALSE,FALSE
ID063,2025-12-11,1330,107100,,5,5,857,92,0,0,FALSE,FALSE,FALSE
ID063,2025-12-12,3928,106500,,3,3,4617,92,0,0,FALSE,FALSE,FALSE
ID063,2025-12-13,3592,112000,,5,5,3605,92,0,0,FALSE,FALSE,FALSE
ID063,2025-12-14,4178,113350,,8,8,3965,92,0,0,FALSE,FALSE,FALSE
ID063,2025-12-15,5345,113800,,7,0,0,92,0,7,FALSE,FALSE,FALSE
ID063,2025-12-16,3516,110500,,5,5,3449,92,0,0,FALSE,FALSE,FALSE
ID063,2025-12-17,4099,111900,,5,5,3773,92,0,0,FALSE,FALSE,FALSE
ID063,2025-12-18,4077,114750,,6,6,3976,92,0,0,FALSE,FALSE,FALSE
ID063,2025-12-19,3392,114500,,3,3,3262,92,0,0,FALSE,FALSE,FALSE
ID063,2025-12-20,2853,115800,,5,5,2877,92,0,0,FALSE,FALSE,FALSE
ID063,2025-12-21,3038,116250,,4,4,3211,92,0,0,FALSE,FALSE,FALSE
ID063,2025-12-22,4916,118700,,5,5,5134,92,0,0,FALSE,FALSE,FALSE
ID063,2025-12-23,2058,120300,,7,7,1707,92,0,0,FALSE,FALSE,FALSE
ID063,2025-12-24,4467,119700,,3,3,4163,92,0,0,FALSE,FALSE,FALSE
ID063,2025-12-25,3931,124150,,8,8,3129,92,0,0,FALSE,FALSE,FALSE
ID063,2025-12-26,1456,125200,,3,3,1179,92,0,0,FALSE,FALSE,FALSE
ID068,2025-09-17,87,,,2,0,0,99,2,2,FALSE,TRUE,FALSE
ID068,2025-09-18,704,,,11,11,3094,99,11,0,FALSE,TRUE,FALSE
ID068,2025-09-19,245,,,4,0,0,99,4,4,FALSE,TRUE,FALSE
ID068,2025-09-20,430,36250,,7,7,1954,99,3,0,FALSE,FALSE,FALSE
ID068,2025-09-21,489,43125,,5,5,2248,99,5,0,FALSE,TRUE,FALSE
ID068,2025-09-22,754,50000,,7,7,3046,99,6,0,FALSE,FALSE,FALSE
ID068,2025-09-23,906,43400,,11,11,3063,99,6,0,FALSE,FALSE,FALSE
ID068,2025-09-24,503,25400,,11,11,1984,99,6,0,FALSE,FALSE,FALSE
ID068,2025-09-25,354,26350,,8,8,1442,99,2,0,FALSE,FALSE,FALSE
ID068,2025-09-26,485,27000,,8,8,1804,99,3,0,FALSE,FALSE,FALSE
ID068,2025-09-27,683,27150,,4,4,2202,99,4,0,FALSE,TRUE,FALSE
ID068,2025-09-28,1368,27300,,14,14,4784,99,6,0,FALSE,FALSE,FALSE
ID068,2025-09-29,1119,29000,,13,13,3604,99,2,0,FALSE,FALSE,FALSE
ID068,2025-09-30,714,29600,,10,10,2668,99,2,0,FALSE,FALSE,FALSE
ID068,2025-10-01,576,30000,,3,3,1562,99,0,0,FALSE,FALSE,FALSE
ID068,2025-10-02,758,31400,,9,9,4363,99,0,0,FALSE,FALSE,FALSE
ID068,2025-10-03,254,33100,,3,3,1133,99,0,0,FALSE,FALSE,FALSE
ID068,2025-10-04,462,32800,,5,5,2202,99,0,0,FALSE,FALSE,FALSE
ID068,2025-10-05,726,34600,,3,3,1452,99,0,0,FALSE,FALSE,FALSE
ID068,2025-10-06,309,34500,,6,6,2710,99,0,0,FALSE,FALSE,FALSE
ID068,2025-10-07,951,35750,,8,8,2261,99,0,0,FALSE,FALSE,FALSE
ID068,2025-10-08,270,37400,,4,4,1058,99,0,0,FALSE,FALSE,FALSE
ID068,2025-10-09,624,36800,,7,7,2537,99,0,0,FALSE,FALSE,FALSE
ID068,2025-10-10,855,38200,,5,5,1761,99,0,0,FALSE,FALSE,FALSE
ID068,2025-10-11,905,39600,,11,11,2185,99,0,0,FALSE,FALSE,FALSE
ID068,2025-10-12,672,39600,,7,7,2143,99,0,0,FALSE,FALSE,FALSE
ID068,2025-10-13,529,39900,,11,11,1263,99,0,0,FALSE,FALSE,FALSE
ID068,2025-10-14,1165,39750,,8,8,2709,99,0,0,FALSE,FALSE,FALSE
ID068,2025-10-15,1042,42600,,9,9,2505,99,0,0,FALSE,FALSE,FALSE
ID068,2025-10-16,172,43400,,3,0,0,99,0,3,FALSE,FALSE,FALSE
ID068,2025-10-17,1329,42650,,8,8,4331,99,0,0,FALSE,FALSE,FALSE
ID068,2025-10-18,335,44750,,2,2,1622,99,0,0,FALSE,FALSE,FALSE
ID068,2025-10-19,430,44000,,3,3,3080,99,0,0,FALSE,FALSE,FALSE
ID068,2025-10-20,323,47400,,3,3,2374,99,0,0,FALSE,FALSE,FALSE
ID068,2025-10-21,521,49100,,7,7,1822,99,0,0,FALSE,FALSE,FALSE
ID068,2025-10-22,382,48900,,3,3,1115,99,0,0,FALSE,FALSE,FALSE
ID068,2025-10-23,474,48800,,5,5,4008,99,0,0,FALSE,FALSE,FALSE
ID068,2025-10-24,744,50200,,5,5,4340,99,0,0,FALSE,FALSE,FALSE
ID068,2025-10-25,409,51900,,5,5,1603,99,0,0,FALSE,FALSE,FALSE
ID068,2025-10-26,505,52250,,6,6,3137,99,0,0,FALSE,FALSE,FALSE
ID068,2025-10-27,324,53200,,2,2,1769,99,0,0,FALSE,FALSE,FALSE
ID068,2025-10-28,755,54150,,4,4,1815,99,0,0,FALSE,FALSE,FALSE
ID068,2025-10-29,620,55400,,4,4,2358,99,0,0,FALSE,FALSE,FALSE
ID068,2025-10-30,1101,56550,,8,8,3643,99,0,0,FALSE,FALSE,FALSE
ID068,2025-10-31,1397,57300,,11,11,2653,99,0,0,FALSE,FALSE,FALSE
ID068,2025-11-01,519,59100,,5,5,1591,99,0,0,FALSE,FALSE,FALSE
ID068,2025-11-02,629,59100,,3,3,1897,99,0,0,FALSE,FALSE,FALSE
ID068,2025-11-03,1015,60900,,11,11,4248,99,0,0,FALSE,FALSE,FALSE
ID068,2025-11-04,542,63950,,6,6,2116,99,0,0,FALSE,FALSE,FALSE
ID068,2025-11-05,410,64550,,4,4,534,99,0,0,FALSE,FALSE,FALSE
ID068,2025-11-06,1265,66100,,11,11,1871,99,0,0,FALSE,FALSE,FALSE
ID068,2025-11-07,2385,66700,,12,12,3449,99,0,0,FALSE,FALSE,FALSE
ID068,2025-11-08,1813,67500,,4,4,2432,99,0,0,FALSE,FALSE,FALSE
ID068,2025-11-09,1869,68000,,7,7,2237,99,0,0,FALSE,FALSE,FALSE
ID068,2025-11-10,2264,68600,,10,10,2882,99,0,0,FALSE,FALSE,FALSE
ID068,2025-11-11,1492,70500,,5,5,2021,99,0,0,FALSE,FALSE,FALSE
ID068,2025-11-12,1373,70200,,2,2,1892,99,0,0,FALSE,FALSE,FALSE
ID068,2025-11-13,1757,70350,,2,2,1900,99,0,0,FALSE,FALSE,FALSE
ID068,2025-11-14,3025,75300,,5,5,4301,99,0,0,FALSE,FALSE,FALSE
ID068,2025-11-15,3557,76100,,7,7,2979,99,0,0,FALSE,FALSE,FALSE
ID068,2025-11-16,2197,77900,,7,7,3150,99,0,0,FALSE,FALSE,FALSE
ID068,2025-11-17,2401,78250,,6,6,2583,99,0,0,FALSE,FALSE,FALSE
ID068,2025-11-18,2311,77325,,5,5,3902,99,5,0,FALSE,TRUE,FALSE
ID068,2025-11-19,1316,76400,,3,3,2645,99,0,0,FALSE,FALSE,FALSE
ID068,2025-11-20,2042,77350,,4,4,3010,99,0,0,FALSE,FALSE,FALSE
ID068,2025-11-21,1937,78450,,2,2,2876,99,0,0,FALSE,FALSE,FALSE
ID068,2025-11-22,1726,81550,,6,6,3565,99,0,0,FALSE,FALSE,FALSE
ID068,2025-11-23,1205,81650,,8,8,1680,99,0,0,FALSE,FALSE,FALSE
ID068,2025-11-24,2043,81050,,8,8,4884,99,0,0,FALSE,FALSE,FALSE
ID068,2025-11-25,3507,79800,,8,8,4252,99,0,0,FALSE,FALSE,FALSE
ID068,2025-11-26,3795,82500,,7,7,3593,99,0,0,FALSE,FALSE,FALSE
ID068,2025-11-27,3271,82800,,7,7,3657,99,0,0,FALSE,FALSE,FALSE
ID068,2025-11-28,2519,84375,,7,7,2589,99,7,0,FALSE,TRUE,FALSE
ID068,2025-11-29,4181,85950,,10,10,4844,99,0,0,FALSE,FALSE,FALSE
ID068,2025-11-30,2923,88100,,12,12,3523,99,0,0,FALSE,FALSE,FALSE
ID068,2025-12-01,3065,88900,,15,15,3731,99,0,0,FALSE,FALSE,FALSE
ID068,2025-12-02,4396,89100,,19,19,5314,99,0,0,FALSE,FALSE,FALSE
ID068,2025-12-03,3999,90800,,9,9,4652,99,0,0,FALSE,FALSE,FALSE
ID068,2025-12-04,4879,91900,,17,0,0,99,0,17,FALSE,FALSE,FALSE
ID068,2025-12-05,4183,93900,,15,15,4545,99,0,0,FALSE,FALSE,FALSE
ID068,2025-12-06,4846,95100,,16,16,5184,99,0,0,FALSE,FALSE,FALSE
ID068,2025-12-07,2664,96400,,11,11,3268,99,0,0,FALSE,FALSE,FALSE
ID068,2025-12-08,4514,95800,,15,15,5498,99,0,0,FALSE,FALSE,FALSE
ID068,2025-12-09,3691,97800,,11,11,4126,99,0,0,FALSE,FALSE,FALSE
ID068,2025-12-10,4316,98350,,10,10,4819,99,0,0,FALSE,FALSE,FALSE
ID068,2025-12-11,300,95000,,1,1,106,99,0,0,FALSE,FALSE,FALSE
ID068,2025-12-12,3237,96000,,7,7,3036,99,0,0,FALSE,FALSE,FALSE
ID068,2025-12-13,2680,100200,,5,5,2483,99,0,0,FALSE,FALSE,FALSE
ID068,2025-12-14,4655,101350,,14,14,5025,99,0,0,FALSE,FALSE,FALSE
ID068,2025-12-15,3105,103050,,8,8,3003,99,0,0,FALSE,FALSE,FALSE
ID068,2025-12-16,2225,105450,,10,10,2371,99,0,0,FALSE,FALSE,FALSE
ID068,2025-12-17,3322,104400,,6,6,3739,99,0,0,FALSE,FALSE,FALSE
ID068,2025-12-18,2718,106300,,10,10,3261,99,0,0,FALSE,FALSE,FALSE
ID068,2025-12-19,3323,105800,,10,10,3903,99,0,0,FALSE,FALSE,FALSE
ID068,2025-12-20,3403,107850,,6,6,3708,99,0,0,FALSE,FALSE,FALSE
ID068,2025-12-21,3581,110350,,10,10,4624,99,0,0,FALSE,FALSE,FALSE
ID068,2025-12-22,1272,112050,,2,2,1576,99,0,0,FALSE,FALSE,FALSE
ID070,2025-09-19,352,36100,,3,0,0,97,0,3,FALSE,FALSE,FALSE
ID070,2025-09-20,956,35900,,9,9,2140,97,0,0,FALSE,FALSE,FALSE
ID070,2025-09-21,903,33700,,14,0,0,97,1,14,FALSE,FALSE,FALSE
ID070,2025-09-22,1284,34300,,10,10,1620,97,0,0,FALSE,FALSE,FALSE
ID070,2025-09-23,1453,34600,,6,6,5102,97,0,0,FALSE,FALSE,FALSE
ID070,2025-09-24,1487,35000,,5,5,3729,97,0,0,FALSE,FALSE,FALSE
ID070,2025-09-25,1750,35800,,5,5,4500,97,0,0,FALSE,FALSE,FALSE
ID070,2025-09-26,879,37600,,5,0,0,97,0,5,FALSE,FALSE,FALSE
ID070,2025-09-27,2191,38100,,8,8,5326,97,0,0,FALSE,FALSE,FALSE
ID070,2025-09-28,1878,40250,,6,6,4575,97,0,0,FALSE,FALSE,FALSE
ID070,2025-09-29,2249,41250,,6,6,5871,97,0,0,FALSE,FALSE,FALSE
ID070,2025-09-30,1985,41900,,7,7,4819,97,0,0,FALSE,FALSE,FALSE
ID070,2025-10-01,1837,43100,,5,5,4689,97,0,0,FALSE,FALSE,FALSE
ID070,2025-10-02,2361,45200,,9,9,5730,97,0,0,FALSE,FALSE,FALSE
ID070,2025-10-03,2325,46050,,12,12,6393,97,0,0,FALSE,FALSE,FALSE
ID070,2025-10-04,3033,47300,,9,9,6778,97,0,0,FALSE,FALSE,FALSE
ID070,2025-10-05,2409,48200,,9,9,5523,97,0,0,FALSE,FALSE,FALSE
ID070,2025-10-06,2462,49300,,10,10,6153,97,0,0,FALSE,FALSE,FALSE
ID070,2025-10-07,2386,50100,,9,9,6801,97,0,0,FALSE,FALSE,FALSE
ID070,2025-10-08,2984,50700,,12,12,7886,97,0,0,FALSE,FALSE,FALSE
ID070,2025-10-09,1385,53300,,5,5,3436,97,0,0,FALSE,FALSE,FALSE
ID070,2025-10-10,3448,54850,,8,8,8096,97,0,0,FALSE,FALSE,FALSE
ID070,2025-10-11,2078,55050,,8,8,5410,97,0,0,FALSE,FALSE,FALSE
ID070,2025-10-12,2696,56300,,8,8,6691,97,0,0,FALSE,FALSE,FALSE
ID070,2025-10-13,3405,58000,,7,7,6967,97,0,0,FALSE,FALSE,FALSE
ID070,2025-10-14,3033,59100,,6,6,6753,97,0,0,FALSE,FALSE,FALSE
ID070,2025-10-15,3397,61000,,7,7,7142,97,0,0,FALSE,FALSE,FALSE
ID070,2025-10-16,1751,61000,,7,7,4512,97,0,0,FALSE,FALSE,FALSE
ID070,2025-10-17,2926,62000,,7,7,6868,97,0,0,FALSE,FALSE,FALSE
ID070,2025-10-18,1653,63000,,3,3,2381,97,0,0,FALSE,FALSE,FALSE
ID070,2025-10-19,3208,64250,,6,6,6835,97,0,0,FALSE,FALSE,FALSE
ID070,2025-10-20,3897,67150,,12,12,8024,97,0,0,FALSE,FALSE,FALSE
ID070,2025-10-21,2827,68800,,11,11,7014,97,0,0,FALSE,FALSE,FALSE
ID070,2025-10-22,2875,70900,,7,7,7283,97,0,0,FALSE,FALSE,FALSE
ID070,2025-10-23,3836,73600,,11,11,7978,97,0,0,FALSE,FALSE,FALSE
ID070,2025-10-24,3012,75000,,6,6,5806,97,0,0,FALSE,FALSE,FALSE
ID070,2025-10-25,3078,74600,,7,7,6306,97,0,0,FALSE,FALSE,FALSE
ID070,2025-10-26,3079,75450,,6,6,7238,97,0,0,FALSE,FALSE,FALSE
ID070,2025-10-27,4074,75700,,5,5,7454,97,0,0,FALSE,FALSE,FALSE
ID070,2025-10-28,2779,78000,,7,7,4887,97,0,0,FALSE,FALSE,FALSE
ID070,2025-10-29,3619,78900,,9,9,6862,97,0,0,FALSE,FALSE,FALSE
ID070,2025-10-30,3020,80200,,7,7,5458,97,0,0,FALSE,FALSE,FALSE
ID070,2025-10-31,3243,81800,,7,7,5686,97,0,0,FALSE,FALSE,FALSE
ID070,2025-11-01,3270,83200,,7,7,5839,97,0,0,FALSE,FALSE,FALSE
ID070,2025-11-02,3857,81500,,9,9,6527,97,0,0,FALSE,FALSE,FALSE
ID070,2025-11-03,4534,82950,,12,12,8592,97,0,0,FALSE,FALSE,FALSE
ID070,2025-11-04,2259,80850,,4,4,3702,97,0,0,FALSE,FALSE,FALSE
ID070,2025-11-05,3571,84700,,9,9,6341,97,0,0,FALSE,FALSE,FALSE
ID070,2025-11-06,4336,87300,,8,8,7163,97,0,0,FALSE,FALSE,FALSE
ID070,2025-11-07,4320,89400,,11,11,6786,97,0,0,FALSE,FALSE,FALSE
ID070,2025-11-08,4180,90400,,10,10,6398,97,0,0,FALSE,FALSE,FALSE
ID070,2025-11-09,4530,96400,,9,9,7120,97,0,0,FALSE,FALSE,FALSE
ID070,2025-11-10,4540,98100,,10,10,6671,97,0,0,FALSE,FALSE,FALSE
ID070,2025-11-11,3573,98300,,9,9,6457,97,0,0,FALSE,FALSE,FALSE
ID070,2025-11-12,2317,99000,,5,5,3161,97,0,0,FALSE,FALSE,FALSE
ID070,2025-11-13,3597,99400,,5,5,5772,97,0,0,FALSE,FALSE,FALSE
ID070,2025-11-14,3792,100750,,4,4,5473,97,0,0,FALSE,FALSE,FALSE
ID070,2025-11-15,4464,101000,,7,7,7137,97,0,0,FALSE,FALSE,FALSE
ID070,2025-11-16,4657,103200,,7,7,7260,97,0,0,FALSE,FALSE,FALSE
ID070,2025-11-17,4254,105900,,6,6,6996,97,0,0,FALSE,FALSE,FALSE
ID070,2025-11-18,4169,106400,,5,5,6681,97,0,0,FALSE,FALSE,FALSE
ID070,2025-11-19,4670,104500,,6,6,6705,97,0,0,FALSE,FALSE,FALSE
ID070,2025-11-20,4356,107000,,9,9,7563,97,0,0,FALSE,FALSE,FALSE
ID070,2025-11-21,4655,107000,,5,5,7237,97,0,0,FALSE,FALSE,FALSE
ID070,2025-11-22,5061,108500,,6,6,6705,97,0,0,FALSE,FALSE,FALSE
ID070,2025-11-23,5113,109800,,10,10,8160,97,0,0,FALSE,FALSE,FALSE
ID070,2025-11-24,5947,113450,,8,0,0,97,0,8,FALSE,FALSE,FALSE
ID070,2025-11-25,4099,116400,,9,9,6032,97,0,0,FALSE,FALSE,FALSE
ID070,2025-11-26,4766,116450,,6,6,7207,97,0,0,FALSE,FALSE,FALSE
ID070,2025-11-27,3496,118300,,7,7,5722,97,0,0,FALSE,FALSE,FALSE
ID070,2025-11-28,4696,116850,,8,8,6806,97,0,0,FALSE,FALSE,FALSE
ID070,2025-11-29,5147,119700,,7,7,6342,97,0,0,FALSE,FALSE,FALSE
ID070,2025-11-30,4524,121600,,5,5,6084,97,0,0,FALSE,FALSE,FALSE
ID070,2025-12-01,2863,122400,,7,7,4706,97,0,0,FALSE,FALSE,FALSE
ID070,2025-12-02,3868,121600,,7,7,6519,97,0,0,FALSE,FALSE,FALSE
ID070,2025-12-03,4682,123450,,8,8,6789,97,0,0,FALSE,FALSE,FALSE
ID070,2025-12-04,5356,125650,,8,8,7270,97,0,0,FALSE,FALSE,FALSE
ID070,2025-12-05,4390,126700,,5,5,5468,97,0,0,FALSE,FALSE,FALSE
ID070,2025-12-06,3738,125600,,6,6,5913,97,0,0,FALSE,FALSE,FALSE
ID070,2025-12-07,4641,129350,,10,10,7145,97,0,0,FALSE,FALSE,FALSE
ID070,2025-12-08,5092,129200,,9,9,6595,97,0,0,FALSE,FALSE,FALSE
ID070,2025-12-09,4398,131500,,5,5,5170,97,0,0,FALSE,FALSE,FALSE
ID070,2025-12-10,4888,131900,,9,9,6300,97,0,0,FALSE,FALSE,FALSE
ID070,2025-12-11,4734,132600,,5,5,4977,97,0,0,FALSE,FALSE,FALSE
ID070,2025-12-12,3509,133700,,10,10,4394,97,0,0,FALSE,FALSE,FALSE
ID070,2025-12-13,4687,135200,,6,6,5296,97,0,0,FALSE,FALSE,FALSE
ID070,2025-12-14,3089,136700,,7,7,4085,97,0,0,FALSE,FALSE,FALSE
ID070,2025-12-15,2892,134550,,6,6,3290,97,0,0,FALSE,FALSE,FALSE
ID070,2025-12-16,3264,136200,,7,7,4027,97,0,0,FALSE,FALSE,FALSE
ID070,2025-12-17,3081,135500,,5,5,3742,97,0,0,FALSE,FALSE,FALSE
ID070,2025-12-18,3223,137950,,4,4,3753,97,0,0,FALSE,FALSE,FALSE
ID070,2025-12-19,1358,136550,,2,2,1855,97,0,0,FALSE,FALSE,FALSE
ID070,2025-12-20,2875,136200,,4,4,3445,97,0,0,FALSE,FALSE,FALSE
ID070,2025-12-21,3436,139200,,7,7,5215,97,4,0,FALSE,FALSE,FALSE
ID070,2025-12-22,1598,138700,,3,3,2165,97,0,0,FALSE,FALSE,FALSE
ID070,2025-12-24,2573,139600,,3,3,2540,97,0,0,FALSE,FALSE,FALSE
ID071,2025-09-17,124,35400,,5,0,0,100,0,5,FALSE,FALSE,FALSE
ID071,2025-09-18,599,36100,,6,6,2389,100,0,0,FALSE,FALSE,FALSE
ID071,2025-09-19,674,36500,,12,12,2087,100,0,0,FALSE,FALSE,FALSE
ID071,2025-09-20,674,32850,,16,16,2600,100,2,0,FALSE,FALSE,FALSE
ID071,2025-09-21,323,28900,,10,0,0,100,0,10,FALSE,FALSE,FALSE
ID071,2025-09-22,427,29200,,7,7,1271,100,2,0,FALSE,FALSE,FALSE
ID071,2025-09-23,553,30100,,7,7,1689,100,0,0,FALSE,FALSE,FALSE
ID071,2025-09-24,674,30400,,9,9,1701,100,0,0,FALSE,FALSE,FALSE
ID071,2025-09-25,334,31600,,7,7,784,100,0,0,FALSE,FALSE,FALSE
ID071,2025-09-26,515,31950,,8,8,1338,100,0,0,FALSE,FALSE,FALSE
ID071,2025-09-27,1049,33300,,13,13,4250,100,0,0,FALSE,FALSE,FALSE
ID071,2025-09-28,643,35200,,11,11,2631,100,0,0,FALSE,FALSE,FALSE
ID071,2025-09-29,1694,36000,,20,20,3563,100,0,0,FALSE,FALSE,FALSE
ID071,2025-09-30,1828,36700,,28,28,3760,100,0,0,FALSE,FALSE,FALSE
ID071,2025-10-01,384,37500,,5,5,1051,100,0,0,FALSE,FALSE,FALSE
ID071,2025-10-02,792,38450,,12,12,2191,100,0,0,FALSE,FALSE,FALSE
ID071,2025-10-03,1844,40300,,17,17,3818,100,0,0,FALSE,FALSE,FALSE
ID071,2025-10-04,1013,41600,,20,20,2195,100,0,0,FALSE,FALSE,FALSE
ID071,2025-10-05,1104,42000,,19,19,3134,100,0,0,FALSE,FALSE,FALSE
ID071,2025-10-06,854,41900,,16,16,2574,100,0,0,FALSE,FALSE,FALSE
ID071,2025-10-07,928,46100,,13,13,3003,100,0,0,FALSE,FALSE,FALSE
ID071,2025-10-08,779,48200,,9,9,2672,100,0,0,FALSE,FALSE,FALSE
ID071,2025-10-09,578,49600,,7,7,2928,100,0,0,FALSE,FALSE,FALSE
ID071,2025-10-10,1531,50300,,14,14,4204,100,0,0,FALSE,FALSE,FALSE
ID071,2025-10-11,597,51200,,8,8,2215,100,0,0,FALSE,FALSE,FALSE
ID071,2025-10-12,976,53300,,7,7,4859,100,0,0,FALSE,FALSE,FALSE
ID071,2025-10-13,1158,54000,,16,16,3534,100,0,0,FALSE,FALSE,FALSE
ID071,2025-10-14,1840,55200,,15,15,4407,100,0,0,FALSE,FALSE,FALSE
ID071,2025-10-15,1198,56800,,11,11,2675,100,0,0,FALSE,FALSE,FALSE
ID071,2025-10-16,721,56600,,7,7,1630,100,0,0,FALSE,FALSE,FALSE
ID071,2025-10-17,731,57200,,12,12,3479,100,0,0,FALSE,FALSE,FALSE
ID071,2025-10-18,1660,58200,,7,7,3308,100,0,0,FALSE,FALSE,FALSE
ID071,2025-10-19,1709,58950,,6,6,4103,100,0,0,FALSE,FALSE,FALSE
ID071,2025-10-20,1125,61300,,9,9,2078,100,0,0,FALSE,FALSE,FALSE
ID071,2025-10-21,1063,60900,,14,14,3369,100,0,0,FALSE,FALSE,FALSE
ID071,2025-10-22,1330,61400,,10,10,4038,100,0,0,FALSE,FALSE,FALSE
ID071,2025-10-23,1326,63600,,15,15,4669,100,0,0,FALSE,FALSE,FALSE
ID071,2025-10-24,1529,63800,,16,16,4325,100,0,0,FALSE,FALSE,FALSE
ID071,2025-10-25,837,63100,,10,10,2177,100,0,0,FALSE,FALSE,FALSE
ID071,2025-10-26,1304,62800,,15,15,4035,100,0,0,FALSE,FALSE,FALSE
ID071,2025-10-27,1508,65000,,19,19,2101,100,0,0,FALSE,FALSE,FALSE
ID071,2025-10-28,2175,66900,,18,18,3051,100,0,0,FALSE,FALSE,FALSE
ID071,2025-10-29,808,67400,,7,7,1176,100,0,0,FALSE,FALSE,FALSE
ID071,2025-10-30,1388,67500,,15,15,2681,100,0,0,FALSE,FALSE,FALSE
ID071,2025-10-31,1791,69600,,21,21,3289,100,0,0,FALSE,FALSE,FALSE
ID071,2025-11-01,1384,68400,,22,22,2259,100,0,0,FALSE,FALSE,FALSE
ID071,2025-11-02,1561,69200,,12,12,2656,100,0,0,FALSE,FALSE,FALSE
ID071,2025-11-03,3291,69800,,30,30,3991,100,0,0,FALSE,FALSE,FALSE
ID071,2025-11-04,1744,70500,,17,17,2151,100,0,0,FALSE,FALSE,FALSE
ID071,2025-11-05,2480,72000,,20,20,3011,100,0,0,FALSE,FALSE,FALSE
ID071,2025-11-06,1153,71800,,17,17,1377,100,0,0,FALSE,FALSE,FALSE
ID071,2025-11-07,2215,71500,,9,9,2464,100,0,0,FALSE,FALSE,FALSE
ID071,2025-11-08,2245,72600,,15,15,2558,100,0,0,FALSE,FALSE,FALSE
ID071,2025-11-09,1977,78500,,20,20,2637,100,0,0,FALSE,FALSE,FALSE
ID071,2025-11-10,2466,80800,,26,26,2659,100,0,0,FALSE,FALSE,FALSE
ID071,2025-11-11,1453,79900,,18,18,1663,100,0,0,FALSE,FALSE,FALSE
ID071,2025-11-12,2101,81400,,16,16,2317,100,0,0,FALSE,FALSE,FALSE
ID071,2025-11-13,1905,81400,,3,3,2264,100,0,0,FALSE,FALSE,FALSE
ID071,2025-11-14,1902,83700,,9,9,2502,100,0,0,FALSE,FALSE,FALSE
ID071,2025-11-15,2281,86600,,16,16,2765,100,0,0,FALSE,FALSE,FALSE
ID071,2025-11-16,3303,86700,,12,12,3287,100,0,0,FALSE,FALSE,FALSE
ID071,2025-11-17,2343,88200,,17,17,2269,100,0,0,FALSE,FALSE,FALSE
ID071,2025-11-18,1575,88700,,7,7,1613,100,0,0,FALSE,FALSE,FALSE
ID071,2025-11-19,1492,86500,,10,10,1935,100,0,0,FALSE,FALSE,FALSE
ID071,2025-11-20,2569,82100,,9,9,3096,100,0,0,FALSE,FALSE,FALSE
ID071,2025-11-21,2500,81500,,7,7,3100,100,0,0,FALSE,FALSE,FALSE
ID071,2025-11-22,1087,81650,,14,14,1819,100,0,0,FALSE,FALSE,FALSE
ID071,2025-11-23,1761,82550,,12,12,3254,100,0,0,FALSE,FALSE,FALSE
ID071,2025-11-24,3365,87100,,17,17,3463,100,0,0,FALSE,FALSE,FALSE
ID071,2025-11-25,3987,89400,,21,21,3784,100,0,0,FALSE,FALSE,FALSE
ID071,2025-11-26,4270,90900,,16,16,3907,100,0,0,FALSE,FALSE,FALSE
ID071,2025-11-27,3657,91050,,16,16,3465,100,0,0,FALSE,FALSE,FALSE
ID071,2025-11-28,3995,90800,,15,15,3647,100,0,0,FALSE,FALSE,FALSE
ID071,2025-11-29,2556,91650,,8,8,2685,100,0,0,FALSE,FALSE,FALSE
ID071,2025-11-30,3924,93600,,11,11,3717,100,0,0,FALSE,FALSE,FALSE
ID071,2025-12-01,3155,94200,,11,11,3146,100,0,0,FALSE,FALSE,FALSE
ID071,2025-12-02,3133,97100,,8,8,3180,100,0,0,FALSE,FALSE,FALSE
ID071,2025-12-03,2980,100500,,11,11,2939,100,0,0,FALSE,FALSE,FALSE
ID071,2025-12-04,3743,100200,,10,10,3467,100,0,0,FALSE,FALSE,FALSE
ID071,2025-12-05,3622,103000,,9,9,3362,100,0,0,FALSE,FALSE,FALSE
ID071,2025-12-06,4507,103100,,16,0,0,100,0,16,FALSE,FALSE,FALSE
ID071,2025-12-07,3722,104050,,22,22,3323,100,0,0,FALSE,FALSE,FALSE
ID071,2025-12-08,3588,105200,,11,11,2664,100,0,0,FALSE,FALSE,FALSE
ID071,2025-12-09,3991,105800,,16,16,3479,100,0,0,FALSE,FALSE,FALSE
ID071,2025-12-10,2942,107200,,19,19,2567,100,0,0,FALSE,FALSE,FALSE
ID071,2025-12-11,2341,106400,,4,4,1788,100,0,0,FALSE,FALSE,FALSE
ID071,2025-12-12,2793,106550,,8,8,2166,100,0,0,FALSE,FALSE,FALSE
ID071,2025-12-13,4374,110700,,7,7,3595,100,0,0,FALSE,FALSE,FALSE
ID071,2025-12-14,1867,111600,,14,14,1606,100,0,0,FALSE,FALSE,FALSE
ID071,2025-12-15,3411,111200,,14,14,2777,100,0,0,FALSE,FALSE,FALSE
ID071,2025-12-16,2718,112800,,5,5,2567,100,0,0,FALSE,FALSE,FALSE
ID071,2025-12-17,2482,112200,,4,4,2401,100,0,0,FALSE,FALSE,FALSE
ID071,2025-12-18,2641,112900,,8,8,2340,100,0,0,FALSE,FALSE,FALSE
ID071,2025-12-19,2476,112300,,9,9,1852,100,0,0,FALSE,FALSE,FALSE
ID071,2025-12-20,2586,114000,,4,4,2294,100,0,0,FALSE,FALSE,FALSE
ID071,2025-12-21,3754,115800,,5,5,2926,100,0,0,FALSE,FALSE,FALSE
ID071,2025-12-22,45,116600,,1,0,0,100,0,1,FALSE,FALSE,FALSE
ID074,2025-09-13,287,27900,,3,0,0,94,0,3,FALSE,FALSE,FALSE
ID074,2025-09-14,1025,26900,,9,9,1582,94,9,0,FALSE,TRUE,FALSE
ID074,2025-09-15,891,25900,,8,8,1590,94,3,0,FALSE,FALSE,FALSE
ID074,2025-09-16,609,30400,,10,10,1910,94,1,0,FALSE,FALSE,FALSE
ID074,2025-09-17,667,30700,,4,4,1407,94,0,0,FALSE,FALSE,FALSE
ID074,2025-09-18,1116,31100,,8,8,2436,94,0,0,FALSE,FALSE,FALSE
ID074,2025-09-19,648,32950,,10,10,1479,94,0,0,FALSE,FALSE,FALSE
ID074,2025-09-20,1193,33450,,14,14,1862,94,0,0,FALSE,FALSE,FALSE
ID074,2025-09-21,1382,34600,,15,15,3745,94,0,0,FALSE,FALSE,FALSE
ID074,2025-09-22,684,36000,,9,9,1872,94,0,0,FALSE,FALSE,FALSE
ID074,2025-09-23,1195,36200,,8,8,3141,94,0,0,FALSE,FALSE,FALSE
ID074,2025-09-24,1362,36800,,11,11,3494,94,0,0,FALSE,FALSE,FALSE
ID074,2025-09-25,1481,37900,,12,12,3411,94,0,0,FALSE,FALSE,FALSE
ID074,2025-09-26,1188,38700,,18,18,2997,94,0,0,FALSE,FALSE,FALSE
ID074,2025-09-27,1575,38700,,17,17,3548,94,0,0,FALSE,FALSE,FALSE
ID074,2025-09-28,1647,37200,,11,11,4359,94,0,0,FALSE,FALSE,FALSE
ID074,2025-09-29,1015,38700,,13,13,2671,94,0,0,FALSE,FALSE,FALSE
ID074,2025-09-30,1840,38200,,16,16,4369,94,0,0,FALSE,FALSE,FALSE
ID074,2025-10-01,1576,40050,,10,10,3465,94,0,0,FALSE,FALSE,FALSE
ID074,2025-10-02,1873,41400,,18,18,4178,94,1,0,FALSE,FALSE,FALSE
ID074,2025-10-03,1651,42200,,18,18,3459,94,0,0,FALSE,FALSE,FALSE
ID074,2025-10-04,1695,43200,,15,15,3686,94,0,0,FALSE,FALSE,FALSE
ID074,2025-10-05,1934,43300,,12,12,4044,94,0,0,FALSE,FALSE,FALSE
ID074,2025-10-06,2071,45150,,16,16,4272,94,0,0,FALSE,FALSE,FALSE
ID074,2025-10-07,2114,46500,,12,12,4089,94,0,0,FALSE,FALSE,FALSE
ID074,2025-10-08,1876,47700,,11,11,3562,94,0,0,FALSE,FALSE,FALSE
ID074,2025-10-09,1980,48000,,10,10,3692,94,0,0,FALSE,FALSE,FALSE
ID074,2025-10-10,1960,49800,,11,11,3524,94,0,0,FALSE,FALSE,FALSE
ID074,2025-10-11,2233,50700,,16,16,3985,94,0,0,FALSE,FALSE,FALSE
ID074,2025-10-12,2033,50800,,12,12,3597,94,0,0,FALSE,FALSE,FALSE
ID074,2025-10-13,2332,51200,,9,9,4069,94,0,0,FALSE,FALSE,FALSE
ID074,2025-10-14,2212,53300,,13,13,3719,94,0,0,FALSE,FALSE,FALSE
ID074,2025-10-15,2231,54400,,13,13,3666,94,0,0,FALSE,FALSE,FALSE
ID074,2025-10-16,2313,54800,,11,11,3774,94,0,0,FALSE,FALSE,FALSE
ID074,2025-10-17,2039,56100,,9,9,3108,94,0,0,FALSE,FALSE,FALSE
ID074,2025-10-18,1409,55100,,5,5,2197,94,0,0,FALSE,FALSE,FALSE
ID074,2025-10-19,1273,56200,,3,3,1725,94,0,0,FALSE,FALSE,FALSE
ID074,2025-10-20,2305,58000,,7,7,3246,94,0,0,FALSE,FALSE,FALSE
ID074,2025-10-21,1615,58500,,9,9,2655,94,0,0,FALSE,FALSE,FALSE
ID074,2025-10-22,1849,58400,,9,9,3585,94,0,0,FALSE,FALSE,FALSE
ID074,2025-10-23,2268,58950,,6,6,3855,94,0,0,FALSE,FALSE,FALSE
ID074,2025-10-24,2163,60200,,7,7,3194,94,0,0,FALSE,FALSE,FALSE
ID074,2025-10-25,1546,59200,,5,5,2482,94,0,0,FALSE,FALSE,FALSE
ID074,2025-10-26,2352,59500,,6,6,3598,94,0,0,FALSE,FALSE,FALSE
ID074,2025-10-27,1681,60600,,5,5,2886,94,0,0,FALSE,FALSE,FALSE
ID074,2025-10-28,2274,61900,,7,7,3114,94,0,0,FALSE,FALSE,FALSE
ID074,2025-10-29,2803,63200,,7,7,3598,94,0,0,FALSE,FALSE,FALSE
ID074,2025-10-30,2091,64100,,7,7,2708,94,0,0,FALSE,FALSE,FALSE
ID074,2025-10-31,2611,64900,,9,9,3085,94,0,0,FALSE,FALSE,FALSE
ID074,2025-11-01,2867,66800,,7,7,3402,94,0,0,FALSE,FALSE,FALSE
ID074,2025-11-02,2705,68800,,9,9,3391,94,0,0,FALSE,FALSE,FALSE
ID074,2025-11-03,2533,69300,,7,7,3180,94,0,0,FALSE,FALSE,FALSE
ID074,2025-11-04,2476,69600,,5,5,2897,94,0,0,FALSE,FALSE,FALSE
ID074,2025-11-05,2210,68800,,6,6,2520,94,0,0,FALSE,FALSE,FALSE
ID074,2025-11-06,2937,72500,,9,9,3112,94,0,0,FALSE,FALSE,FALSE
ID074,2025-11-07,2433,74200,,7,7,2718,94,0,0,FALSE,FALSE,FALSE
ID074,2025-11-08,2916,75100,,9,9,3062,94,0,0,FALSE,FALSE,FALSE
ID074,2025-11-09,2454,75300,,6,6,2624,94,0,0,FALSE,FALSE,FALSE
ID074,2025-11-10,2532,74400,,6,6,3039,94,0,0,FALSE,FALSE,FALSE
ID074,2025-11-11,2141,77750,,4,4,2534,94,0,0,FALSE,FALSE,FALSE
ID074,2025-11-12,815,75100,,1,0,0,94,0,1,FALSE,FALSE,FALSE
ID074,2025-11-13,2229,78700,,3,3,2107,94,0,0,FALSE,FALSE,FALSE
ID074,2025-11-14,2475,80000,,7,7,2482,94,0,0,FALSE,FALSE,FALSE
ID074,2025-11-15,2820,78200,,4,4,2633,94,0,0,FALSE,FALSE,FALSE
ID074,2025-11-16,2429,79050,,6,6,2508,94,0,0,FALSE,FALSE,FALSE
ID074,2025-11-17,2028,80600,,7,7,2188,94,0,0,FALSE,FALSE,FALSE
ID074,2025-11-18,2564,83100,,5,5,2865,94,0,0,FALSE,FALSE,FALSE
ID074,2025-11-19,1939,81900,,5,5,2218,94,0,0,FALSE,FALSE,FALSE
ID074,2025-11-20,2903,79050,,4,4,3079,94,0,0,FALSE,FALSE,FALSE
ID074,2025-11-21,1977,83000,,5,5,2199,94,0,0,FALSE,FALSE,FALSE
ID074,2025-11-22,2952,84400,,7,7,2953,94,0,0,FALSE,FALSE,FALSE
ID074,2025-11-23,2362,85050,,8,8,2860,94,0,0,FALSE,FALSE,FALSE
ID074,2025-11-24,2586,87250,,12,12,2527,94,0,0,FALSE,FALSE,FALSE
ID074,2025-11-25,2155,85200,,10,10,2863,94,0,0,FALSE,FALSE,FALSE
ID074,2025-11-26,3196,87600,,13,13,3162,94,0,0,FALSE,FALSE,FALSE
ID074,2025-11-27,2606,89800,,10,10,2726,94,0,0,FALSE,FALSE,FALSE
ID074,2025-11-28,2376,88900,,11,11,2774,94,0,0,FALSE,FALSE,FALSE
ID074,2025-11-29,2704,91000,,31,31,2341,94,0,0,FALSE,FALSE,FALSE
ID074,2025-11-30,2114,87300,,10,10,2764,94,0,0,FALSE,FALSE,FALSE
ID074,2025-12-01,2581,91550,,16,16,2849,94,0,0,FALSE,FALSE,FALSE
ID074,2025-12-02,3147,92300,,19,19,2980,94,0,0,FALSE,FALSE,FALSE
ID074,2025-12-03,2636,94400,,23,23,2635,94,0,0,FALSE,FALSE,FALSE
ID074,2025-12-04,2674,96200,,29,29,2446,94,0,0,FALSE,FALSE,FALSE
ID074,2025-12-05,2640,97600,,26,26,2746,94,0,0,FALSE,FALSE,FALSE
ID074,2025-12-06,2522,97700,,23,23,2215,94,0,0,FALSE,FALSE,FALSE
ID074,2025-12-07,2423,99400,,26,26,2298,94,0,0,FALSE,FALSE,FALSE
ID074,2025-12-08,2263,99000,,30,30,2126,94,0,0,FALSE,FALSE,FALSE
ID074,2025-12-09,3701,100700,,27,0,0,94,1,27,FALSE,FALSE,FALSE
ID074,2025-12-10,2918,100650,,18,18,2516,94,0,0,FALSE,FALSE,FALSE
ID074,2025-12-11,2035,100400,,19,0,0,94,0,19,FALSE,FALSE,FALSE
ID074,2025-12-12,1193,100900,,11,0,0,94,0,11,FALSE,FALSE,FALSE
ID074,2025-12-13,3252,103000,,23,23,2624,94,0,0,FALSE,FALSE,FALSE
ID074,2025-12-14,4304,104600,,37,0,0,94,0,37,FALSE,FALSE,FALSE
ID074,2025-12-15,2705,108200,,29,29,2149,94,0,0,FALSE,FALSE,FALSE
ID074,2025-12-16,2783,107400,,33,33,1938,94,0,0,FALSE,FALSE,FALSE
ID074,2025-12-17,2518,107850,,28,28,2086,94,0,0,FALSE,FALSE,FALSE
ID074,2025-12-18,3262,110300,,26,0,0,94,0,26,FALSE,FALSE,FALSE
ID074,2025-12-19,1739,107900,,37,37,1271,94,0,0,FALSE,FALSE,FALSE
ID074,2025-12-20,2673,111200,,16,0,0,94,0,16,FALSE,FALSE,FALSE
ID074,2025-12-21,3057,112800,,13,0,0,94,0,13,FALSE,FALSE,FALSE
ID074,2025-12-22,353,108400,,1,0,0,94,0,1,FALSE,FALSE,FALSE
ID074,2025-12-24,511,107700,,8,8,531,94,0,0,FALSE,FALSE,FALSE
ID074,2025-12-25,1502,108900,,11,0,0,94,11,11,FALSE,TRUE,FALSE
ID074,2025-12-26,342,110100,,1,0,0,94,0,1,FALSE,FALSE,FALSE
ID076,2025-09-19,555,,,10,0,0,101,10,10,FALSE,TRUE,FALSE
ID076,2025-09-20,712,25800,,12,0,0,101,4,12,FALSE,FALSE,FALSE
ID076,2025-09-21,888,26150,,17,17,1942,101,17,0,FALSE,TRUE,FALSE
ID076,2025-09-22,891,26500,,17,17,2578,101,0,0,FALSE,FALSE,FALSE
ID076,2025-09-23,1082,26600,,9,9,3621,101,0,0,FALSE,FALSE,FALSE
ID076,2025-09-24,1038,26300,,9,9,3717,101,0,0,FALSE,FALSE,FALSE
ID076,2025-09-25,1159,27050,,8,8,3600,101,0,0,FALSE,FALSE,FALSE
ID076,2025-09-26,841,27900,,11,11,2958,101,0,0,FALSE,FALSE,FALSE
ID076,2025-09-27,1268,28400,,10,10,4004,101,0,0,FALSE,FALSE,FALSE
ID076,2025-09-28,1140,28000,,11,11,3209,101,0,0,FALSE,FALSE,FALSE
ID076,2025-09-29,1332,27500,,10,10,3116,101,0,0,FALSE,FALSE,FALSE
ID076,2025-09-30,1991,29000,,12,12,4076,101,0,0,FALSE,FALSE,FALSE
ID076,2025-10-01,2448,28650,,12,12,3466,101,0,0,FALSE,FALSE,FALSE
ID076,2025-10-02,1748,30500,,9,9,3520,101,0,0,FALSE,FALSE,FALSE
ID076,2025-10-03,1393,30200,,12,12,3118,101,0,0,FALSE,FALSE,FALSE
ID076,2025-10-04,2201,31300,,10,10,4137,101,1,0,FALSE,FALSE,FALSE
ID076,2025-10-05,1073,31700,,5,5,1904,101,0,0,FALSE,FALSE,FALSE
ID076,2025-10-06,840,32900,,5,0,0,101,0,5,FALSE,FALSE,FALSE
ID076,2025-10-07,2055,32900,,9,9,3432,101,0,0,FALSE,FALSE,FALSE
ID076,2025-10-08,2243,33700,,13,13,4523,101,0,0,FALSE,FALSE,FALSE
ID076,2025-10-09,2093,33200,,8,8,3198,101,0,0,FALSE,FALSE,FALSE
ID076,2025-10-10,2553,35550,,10,10,3272,101,0,0,FALSE,FALSE,FALSE
ID076,2025-10-11,2044,36200,,8,8,3098,101,0,0,FALSE,FALSE,FALSE
ID076,2025-10-12,2421,36200,,8,8,3350,101,0,0,FALSE,FALSE,FALSE
ID076,2025-10-13,2517,37300,,8,8,2724,101,0,0,FALSE,FALSE,FALSE
ID076,2025-10-14,2477,38450,,10,10,3724,101,0,0,FALSE,FALSE,FALSE
ID076,2025-10-15,2647,39200,,10,10,3228,101,0,0,FALSE,FALSE,FALSE
ID076,2025-10-16,2030,39950,,4,4,3216,101,0,0,FALSE,FALSE,FALSE
ID076,2025-10-17,3410,40700,,6,6,2666,101,0,0,FALSE,FALSE,FALSE
ID076,2025-10-18,1704,41400,,2,2,1480,101,0,0,FALSE,FALSE,FALSE
ID076,2025-10-19,975,39700,,2,2,1829,101,0,0,FALSE,FALSE,FALSE
ID076,2025-10-20,4380,42300,,11,0,0,101,0,11,FALSE,FALSE,FALSE
ID076,2025-10-21,2814,44400,,11,11,3196,101,0,0,FALSE,FALSE,FALSE
ID076,2025-10-22,1928,44200,,5,5,3091,101,0,0,FALSE,FALSE,FALSE
ID076,2025-10-23,2403,43800,,9,9,2806,101,0,0,FALSE,FALSE,FALSE
ID076,2025-10-24,4088,46500,,13,13,3293,101,0,0,FALSE,FALSE,FALSE
ID076,2025-10-25,3085,47100,,8,8,3082,101,0,0,FALSE,FALSE,FALSE
ID076,2025-10-26,3119,48100,,19,19,3215,101,0,0,FALSE,FALSE,FALSE
ID076,2025-10-27,4021,49000,,13,13,3091,101,0,0,FALSE,FALSE,FALSE
ID076,2025-10-28,2332,48600,,7,7,2101,101,0,0,FALSE,FALSE,FALSE
ID076,2025-10-29,3815,50150,,26,26,2894,101,0,0,FALSE,FALSE,FALSE
ID076,2025-10-30,1525,51600,,16,16,1826,101,0,0,FALSE,FALSE,FALSE
ID076,2025-10-31,2360,53000,,31,31,3888,101,0,0,FALSE,FALSE,FALSE
ID076,2025-11-01,2564,53700,,24,24,4050,101,0,0,FALSE,FALSE,FALSE
ID076,2025-11-02,2505,54750,,22,22,3812,101,0,0,FALSE,FALSE,FALSE
ID076,2025-11-03,3176,56200,,22,22,4657,101,0,0,FALSE,FALSE,FALSE
ID076,2025-11-04,2707,56900,,17,17,3569,101,0,0,FALSE,FALSE,FALSE
ID076,2025-11-05,4042,57200,,19,19,4403,101,0,0,FALSE,FALSE,FALSE
ID076,2025-11-06,1925,59150,,12,12,2763,101,0,0,FALSE,FALSE,FALSE
ID076,2025-11-07,2461,59800,,25,25,4038,101,0,0,FALSE,FALSE,FALSE
ID076,2025-11-08,2662,60500,,24,24,3234,101,0,0,FALSE,FALSE,FALSE
ID076,2025-11-09,3049,61600,,26,26,3162,101,0,0,FALSE,FALSE,FALSE
ID076,2025-11-10,3762,62400,,39,39,4568,101,0,0,FALSE,FALSE,FALSE
ID076,2025-11-11,2926,64300,,35,35,3996,101,0,0,FALSE,FALSE,FALSE
ID076,2025-11-12,2405,64600,,30,30,3460,101,0,0,FALSE,FALSE,FALSE
ID076,2025-11-13,1637,64350,,16,16,2052,101,0,0,FALSE,FALSE,FALSE
ID076,2025-11-14,2352,66100,,29,29,3370,101,0,0,FALSE,FALSE,FALSE
ID076,2025-11-15,2482,65900,,25,25,3473,101,0,0,FALSE,FALSE,FALSE
ID076,2025-11-16,2780,66750,,34,34,4766,101,0,0,FALSE,FALSE,FALSE
ID076,2025-11-17,2640,69100,,36,36,5441,101,0,0,FALSE,FALSE,FALSE
ID076,2025-11-18,2964,69300,,35,35,5151,101,0,0,FALSE,FALSE,FALSE
ID076,2025-11-19,2843,68900,,28,28,4418,101,0,0,FALSE,FALSE,FALSE
ID076,2025-11-20,3095,70400,,48,48,4852,101,0,0,FALSE,FALSE,FALSE
ID076,2025-11-21,3563,71300,,33,33,5190,101,0,0,FALSE,FALSE,FALSE
ID076,2025-11-22,2992,72750,,24,24,4332,101,0,0,FALSE,FALSE,FALSE
ID076,2025-11-23,3272,74200,,41,41,4749,101,0,0,FALSE,FALSE,FALSE
ID076,2025-11-24,2928,77700,,25,25,4176,101,0,0,FALSE,FALSE,FALSE
ID076,2025-11-25,3159,76800,,29,29,3882,101,0,0,FALSE,FALSE,FALSE
ID076,2025-11-26,3731,79600,,20,20,5135,101,0,0,FALSE,FALSE,FALSE
ID076,2025-11-27,3178,79400,,31,31,4259,101,0,0,FALSE,FALSE,FALSE
ID076,2025-11-28,2467,80100,,33,33,3664,101,0,0,FALSE,FALSE,FALSE
ID076,2025-11-29,1371,78500,,11,11,1793,98,0,0,FALSE,FALSE,FALSE
ID076,2025-11-30,1530,78400,,15,15,2113,98,0,0,FALSE,FALSE,FALSE
ID076,2025-12-01,2440,81400,,8,8,3432,98,0,0,FALSE,FALSE,FALSE
ID076,2025-12-02,3192,83500,,18,18,4464,98,0,0,FALSE,FALSE,FALSE
ID076,2025-12-03,3030,84600,,17,17,3611,98,0,0,FALSE,FALSE,FALSE
ID076,2025-12-04,3476,85200,,21,21,4752,98,0,0,FALSE,FALSE,FALSE
ID076,2025-12-05,3822,87550,,14,14,4517,98,0,0,FALSE,FALSE,FALSE
ID076,2025-12-06,4313,90100,,20,20,5479,98,0,0,FALSE,FALSE,FALSE
ID076,2025-12-07,3391,90500,,12,12,4976,98,0,0,FALSE,FALSE,FALSE
ID076,2025-12-08,3987,92000,,17,17,5083,98,0,0,FALSE,FALSE,FALSE
ID076,2025-12-09,3405,93600,,17,17,4396,98,0,0,FALSE,FALSE,FALSE
ID076,2025-12-10,4047,94500,,17,17,4452,98,0,0,FALSE,FALSE,FALSE
ID076,2025-12-11,2034,94600,,8,8,1758,98,0,0,FALSE,FALSE,FALSE
ID076,2025-12-12,3960,96500,,16,16,4857,98,0,0,FALSE,FALSE,FALSE
ID076,2025-12-13,3527,98600,,28,28,4216,98,0,0,FALSE,FALSE,FALSE
ID076,2025-12-14,4286,98700,,29,29,4311,98,0,0,FALSE,FALSE,FALSE
ID076,2025-12-15,3260,103700,,23,23,3866,98,0,0,FALSE,FALSE,FALSE
ID076,2025-12-16,3557,106300,,23,23,4146,98,0,0,FALSE,FALSE,FALSE
ID076,2025-12-17,3250,105800,,17,17,3713,98,0,0,FALSE,FALSE,FALSE
ID076,2025-12-18,2326,105650,,10,10,2843,98,0,0,FALSE,FALSE,FALSE
ID076,2025-12-19,3622,107100,,22,22,4232,98,0,0,FALSE,FALSE,FALSE
ID076,2025-12-20,3586,108000,,19,19,4383,98,0,0,FALSE,FALSE,FALSE
ID076,2025-12-21,4204,112000,,21,21,4999,98,0,0,FALSE,FALSE,FALSE
ID076,2025-12-22,1064,110700,,5,5,1372,98,0,0,FALSE,FALSE,FALSE
ID076,2025-12-24,3345,110000,,22,22,2388,98,0,0,FALSE,FALSE,FALSE
ID077,2025-09-12,367,34450,,10,0,0,92,0,10,FALSE,FALSE,FALSE
ID077,2025-09-13,1289,29000,,29,29,2502,92,0,0,FALSE,FALSE,FALSE
ID077,2025-09-14,868,29300,,22,22,1501,92,22,0,FALSE,TRUE,FALSE
ID077,2025-09-15,448,29600,,13,13,1214,92,13,0,FALSE,TRUE,FALSE
ID077,2025-09-16,415,29900,,14,14,1119,92,14,0,FALSE,TRUE,FALSE
ID077,2025-09-17,925,30200,,15,15,1869,92,1,0,FALSE,FALSE,FALSE
ID077,2025-09-18,573,31200,,13,13,1278,92,1,0,FALSE,FALSE,FALSE
ID077,2025-09-19,703,32400,,15,15,1602,92,0,0,FALSE,FALSE,FALSE
ID077,2025-09-20,788,32600,,19,19,1663,92,0,0,FALSE,FALSE,FALSE
ID077,2025-09-21,1164,39200,,18,18,2499,92,1,0,FALSE,FALSE,FALSE
ID077,2025-09-22,1363,30700,,21,21,3218,92,0,0,FALSE,FALSE,FALSE
ID077,2025-09-23,1168,31400,,16,16,2206,92,1,0,FALSE,FALSE,FALSE
ID077,2025-09-24,844,31850,,8,8,1847,92,0,0,FALSE,FALSE,FALSE
ID077,2025-09-25,610,32500,,12,12,1241,92,1,0,FALSE,FALSE,FALSE
ID077,2025-09-26,799,32600,,12,12,1824,92,0,0,FALSE,FALSE,FALSE
ID077,2025-09-27,1141,38550,,8,8,2757,92,0,0,FALSE,FALSE,FALSE
ID077,2025-09-28,905,32800,,6,6,2721,92,0,0,FALSE,FALSE,FALSE
ID077,2025-09-29,1505,33250,,6,6,1796,92,0,0,FALSE,FALSE,FALSE
ID077,2025-09-30,1305,33900,,12,12,3385,92,0,0,FALSE,FALSE,FALSE
ID077,2025-10-01,906,34300,,5,5,2174,92,0,0,FALSE,FALSE,FALSE
ID077,2025-10-02,1391,35100,,9,9,3184,92,0,0,FALSE,FALSE,FALSE
ID077,2025-10-03,1272,35850,,6,6,2701,92,0,0,FALSE,FALSE,FALSE
ID077,2025-10-04,1142,36600,,6,6,2187,92,0,0,FALSE,FALSE,FALSE
ID077,2025-10-05,1315,37800,,10,10,2642,92,0,0,FALSE,FALSE,FALSE
ID077,2025-10-06,1757,38200,,13,13,2984,92,0,0,FALSE,FALSE,FALSE
ID077,2025-10-07,1246,39200,,14,14,2773,92,0,0,FALSE,FALSE,FALSE
ID077,2025-10-08,1554,40300,,13,13,2849,92,0,0,FALSE,FALSE,FALSE
ID077,2025-10-09,1104,39750,,8,8,2135,92,0,0,FALSE,FALSE,FALSE
ID077,2025-10-10,1638,40300,,17,17,2981,92,0,0,FALSE,FALSE,FALSE
ID077,2025-10-11,1504,41300,,11,11,3459,92,0,0,FALSE,FALSE,FALSE
ID077,2025-10-12,1313,43000,,9,9,2335,92,0,0,FALSE,FALSE,FALSE
ID077,2025-10-13,1627,43700,,10,10,2906,92,0,0,FALSE,FALSE,FALSE
ID077,2025-10-14,1301,42300,,8,8,2204,92,0,0,FALSE,FALSE,FALSE
ID077,2025-10-15,1595,44000,,6,6,2355,92,0,0,FALSE,FALSE,FALSE
ID077,2025-10-16,1384,44800,,13,13,2639,92,0,0,FALSE,FALSE,FALSE
ID077,2025-10-17,1245,46500,,7,7,2390,92,0,0,FALSE,FALSE,FALSE
ID077,2025-10-18,1216,47100,,8,8,2099,92,0,0,FALSE,FALSE,FALSE
ID077,2025-10-19,1485,47700,,11,11,2698,92,0,0,FALSE,FALSE,FALSE
ID077,2025-10-20,1378,48600,,13,13,2802,92,0,0,FALSE,FALSE,FALSE
ID077,2025-10-21,509,48200,,3,3,942,92,0,0,FALSE,FALSE,FALSE
ID077,2025-10-22,576,56500,,2,2,1162,92,0,0,FALSE,FALSE,FALSE
ID077,2025-10-23,1435,56200,,10,10,2501,92,0,0,FALSE,FALSE,FALSE
ID077,2025-10-24,1853,56150,,4,4,2257,92,0,0,FALSE,FALSE,FALSE
ID077,2025-10-25,2284,58300,,5,5,3051,92,0,0,FALSE,FALSE,FALSE
ID077,2025-10-26,1849,60100,,7,7,2227,92,0,0,FALSE,FALSE,FALSE
ID077,2025-10-27,2477,59100,,7,7,2953,92,0,0,FALSE,FALSE,FALSE
ID077,2025-10-28,2830,61600,,8,8,3161,92,0,0,FALSE,FALSE,FALSE
ID077,2025-10-29,2014,60300,,6,6,2243,92,0,0,FALSE,FALSE,FALSE
ID077,2025-10-30,2718,62800,,12,12,2972,92,0,0,FALSE,FALSE,FALSE
ID077,2025-10-31,2011,63000,,8,8,2438,92,0,0,FALSE,FALSE,FALSE
ID077,2025-11-01,2136,57500,,7,7,2002,92,0,0,FALSE,FALSE,FALSE
ID077,2025-11-02,1579,59400,,8,8,2278,92,0,0,FALSE,FALSE,FALSE
ID077,2025-11-03,2641,59150,,6,6,2812,92,0,0,FALSE,FALSE,FALSE
ID077,2025-11-04,2604,62600,,10,10,2809,92,0,0,FALSE,FALSE,FALSE
ID077,2025-11-05,2597,64300,,16,16,3016,92,0,0,FALSE,FALSE,FALSE
ID077,2025-11-06,2139,63000,,7,7,2722,92,0,0,FALSE,FALSE,FALSE
ID077,2025-11-07,3118,64100,,9,9,3499,92,0,0,FALSE,FALSE,FALSE
ID077,2025-11-08,1520,65650,,8,8,1964,92,0,0,FALSE,FALSE,FALSE
ID077,2025-11-09,2157,65100,,13,13,2980,92,0,0,FALSE,FALSE,FALSE
ID077,2025-11-10,2002,66950,,12,12,2716,92,0,0,FALSE,FALSE,FALSE
ID077,2025-11-11,1739,66500,,5,5,1918,92,0,0,FALSE,FALSE,FALSE
ID077,2025-11-12,247,67700,,2,0,0,92,0,2,FALSE,FALSE,FALSE
ID077,2025-11-13,3330,69900,,5,0,0,92,0,5,FALSE,FALSE,FALSE
ID077,2025-11-14,3610,72800,,8,0,0,92,0,8,FALSE,FALSE,FALSE
ID077,2025-11-15,2846,72900,,13,13,3071,92,0,0,FALSE,FALSE,FALSE
ID077,2025-11-16,2584,73400,,10,10,2899,92,0,0,FALSE,FALSE,FALSE
ID077,2025-11-17,1978,73700,,11,11,2120,92,0,0,FALSE,FALSE,FALSE
ID077,2025-11-18,3076,75700,,14,14,3250,92,0,0,FALSE,FALSE,FALSE
ID077,2025-11-19,2545,75900,,13,13,2169,92,0,0,FALSE,FALSE,FALSE
ID077,2025-11-20,3136,76600,,14,14,3069,92,0,0,FALSE,FALSE,FALSE
ID077,2025-11-21,3712,77700,,13,13,3975,92,0,0,FALSE,FALSE,FALSE
ID077,2025-11-22,2405,78450,,10,10,2459,92,0,0,FALSE,FALSE,FALSE
ID077,2025-11-23,1917,78700,,9,0,0,92,0,9,FALSE,FALSE,FALSE
ID077,2025-11-24,3936,81100,,13,13,4612,92,0,0,FALSE,FALSE,FALSE
ID077,2025-11-25,3024,81750,,16,16,3153,92,0,0,FALSE,FALSE,FALSE
ID077,2025-11-26,2948,82350,,18,18,3190,92,0,0,FALSE,FALSE,FALSE
ID077,2025-11-27,2595,84200,,9,9,2786,92,0,0,FALSE,FALSE,FALSE
ID077,2025-11-28,3056,85500,,14,14,3217,92,0,0,FALSE,FALSE,FALSE
ID077,2025-11-29,3372,84800,,14,14,3380,92,0,0,FALSE,FALSE,FALSE
ID077,2025-11-30,3433,86800,,13,13,3499,92,0,0,FALSE,FALSE,FALSE
ID077,2025-12-01,2799,88300,,13,13,2844,92,0,0,FALSE,FALSE,FALSE
ID077,2025-12-02,3304,88400,,15,15,3677,92,0,0,FALSE,FALSE,FALSE
ID077,2025-12-03,2925,88400,,15,15,3583,92,0,0,FALSE,FALSE,FALSE
ID077,2025-12-04,1879,88550,,8,8,2015,92,0,0,FALSE,FALSE,FALSE
ID077,2025-12-05,3484,89700,,13,13,3610,92,0,0,FALSE,FALSE,FALSE
ID077,2025-12-06,2531,90000,,11,11,2797,92,0,0,FALSE,FALSE,FALSE
ID077,2025-12-07,3553,91500,,13,13,3837,92,0,0,FALSE,FALSE,FALSE
ID077,2025-12-08,2473,93900,,13,13,2900,92,0,0,FALSE,FALSE,FALSE
ID077,2025-12-09,4478,94200,,15,0,0,92,0,15,FALSE,FALSE,FALSE
ID077,2025-12-10,2706,97350,,6,6,2496,92,0,0,FALSE,FALSE,FALSE
ID077,2025-12-11,263,98200,,1,0,0,92,0,1,FALSE,FALSE,FALSE
ID077,2025-12-12,2913,97350,,6,6,2411,92,0,0,FALSE,FALSE,FALSE
ID077,2025-12-13,4185,100400,,11,11,3382,92,0,0,FALSE,FALSE,FALSE
ID077,2025-12-14,4153,103000,,11,11,3108,92,0,0,FALSE,FALSE,FALSE
ID077,2025-12-15,3939,103800,,9,9,3187,92,0,0,FALSE,FALSE,FALSE
ID077,2025-12-16,3885,103100,,10,10,3349,92,0,0,FALSE,FALSE,FALSE
ID077,2025-12-17,5132,104900,,11,0,0,92,0,11,FALSE,FALSE,FALSE
ID077,2025-12-18,3525,104500,,7,7,2984,92,0,0,FALSE,FALSE,FALSE
ID077,2025-12-19,3053,104700,,6,6,2167,92,0,0,FALSE,FALSE,FALSE
ID077,2025-12-20,3487,105800,,7,7,2900,92,0,0,FALSE,FALSE,FALSE
ID077,2025-12-21,3892,108700,,7,7,3469,92,0,0,FALSE,FALSE,FALSE
ID077,2025-12-22,3603,110050,,8,8,3008,92,0,0,FALSE,FALSE,FALSE
ID077,2025-12-23,3446,109900,,10,10,2931,92,0,0,FALSE,FALSE,FALSE
ID077,2025-12-24,1598,107700,,5,0,0,92,0,5,FALSE,FALSE,FALSE
ID077,2025-12-25,2369,109300,,7,7,2088,92,0,0,FALSE,FALSE,FALSE
ID077,2025-12-26,494,110800,,2,0,0,92,0,2,FALSE,FALSE,FALSE
ID078,2025-09-19,763,30500,,6,0,0,101,1,6,FALSE,FALSE,FALSE
ID078,2025-09-20,1620,35600,,17,17,3340,101,0,0,FALSE,FALSE,FALSE
ID078,2025-09-21,925,35700,,7,0,0,101,0,7,FALSE,FALSE,FALSE
ID078,2025-09-22,1892,35900,,13,13,3084,101,0,0,FALSE,FALSE,FALSE
ID078,2025-09-23,1383,36700,,9,0,0,101,0,9,FALSE,FALSE,FALSE
ID078,2025-09-24,1964,35950,,10,10,2962,101,0,0,FALSE,FALSE,FALSE
ID078,2025-09-25,2049,37300,,15,15,3162,101,0,0,FALSE,FALSE,FALSE
ID078,2025-09-26,1811,38400,,9,9,2923,101,0,0,FALSE,FALSE,FALSE
ID078,2025-09-27,1987,39300,,11,11,2639,101,0,0,FALSE,FALSE,FALSE
ID078,2025-09-28,1913,39150,,8,8,2309,101,0,0,FALSE,FALSE,FALSE
ID078,2025-09-29,3245,39000,,11,11,2640,101,0,0,FALSE,FALSE,FALSE
ID078,2025-09-30,1971,40350,,6,6,1834,101,0,0,FALSE,FALSE,FALSE
ID078,2025-10-01,3232,40050,,10,10,2582,101,0,0,FALSE,FALSE,FALSE
ID078,2025-10-02,3327,42900,,12,12,2948,101,0,0,FALSE,FALSE,FALSE
ID078,2025-10-03,3259,43700,,10,10,3036,101,0,0,FALSE,FALSE,FALSE
ID078,2025-10-04,3764,43900,,11,11,3002,101,0,0,FALSE,FALSE,FALSE
ID078,2025-10-05,4137,45100,,10,10,3315,101,0,0,FALSE,FALSE,FALSE
ID078,2025-10-06,3166,46500,,7,7,2442,101,0,0,FALSE,FALSE,FALSE
ID078,2025-10-07,3891,47400,,10,10,3235,101,0,0,FALSE,FALSE,FALSE
ID078,2025-10-08,3354,48300,,17,17,3102,101,0,0,FALSE,FALSE,FALSE
ID078,2025-10-09,2989,48100,,15,15,2613,101,0,0,FALSE,FALSE,FALSE
ID078,2025-10-10,3249,50200,,9,9,2593,101,0,0,FALSE,FALSE,FALSE
ID078,2025-10-11,3562,51200,,12,12,3184,101,0,0,FALSE,FALSE,FALSE
ID078,2025-10-12,3329,51000,,9,9,2774,101,0,0,FALSE,FALSE,FALSE
ID078,2025-10-13,3300,51600,,11,11,2485,101,0,0,FALSE,FALSE,FALSE
ID078,2025-10-14,3843,53650,,10,10,3003,101,0,0,FALSE,FALSE,FALSE
ID078,2025-10-15,3858,54900,,14,14,3623,101,0,0,FALSE,FALSE,FALSE
ID078,2025-10-16,3835,55700,,14,14,3332,101,0,0,FALSE,FALSE,FALSE
ID078,2025-10-17,4274,56050,,14,14,3932,101,0,0,FALSE,FALSE,FALSE
ID078,2025-10-18,3373,58000,,10,10,2121,101,0,0,FALSE,FALSE,FALSE
ID078,2025-10-19,4144,58400,,3,3,2166,101,0,0,FALSE,FALSE,FALSE
ID078,2025-10-20,4552,58750,,6,6,2923,101,0,0,FALSE,FALSE,FALSE
ID078,2025-10-21,4454,60000,,15,15,4204,101,0,0,FALSE,FALSE,FALSE
ID078,2025-10-22,4022,60500,,17,17,4159,101,0,0,FALSE,FALSE,FALSE
ID078,2025-10-23,3007,60550,,14,14,2759,101,0,0,FALSE,FALSE,FALSE
ID078,2025-10-24,3473,62350,,10,10,2535,101,0,0,FALSE,FALSE,FALSE
ID078,2025-10-25,3775,63600,,13,13,3180,101,0,0,FALSE,FALSE,FALSE
ID078,2025-10-26,3531,64250,,6,6,2559,101,0,0,FALSE,FALSE,FALSE
ID078,2025-10-27,2673,66600,,6,6,1913,101,0,0,FALSE,FALSE,FALSE
ID078,2025-10-28,2963,66450,,8,8,1700,101,0,0,FALSE,FALSE,FALSE
ID078,2025-10-29,3545,67200,,5,5,1933,101,0,0,FALSE,FALSE,FALSE
ID078,2025-10-30,1482,66350,,8,8,1541,101,0,0,FALSE,FALSE,FALSE
ID078,2025-10-31,1971,68100,,13,13,2183,101,0,0,FALSE,FALSE,FALSE
ID078,2025-11-01,2386,69100,,15,15,2597,101,0,0,FALSE,FALSE,FALSE
ID078,2025-11-02,2962,70450,,16,16,3467,101,0,0,FALSE,FALSE,FALSE
ID078,2025-11-03,4231,72300,,19,19,4561,101,0,0,FALSE,FALSE,FALSE
ID078,2025-11-04,3735,73500,,16,16,3639,101,0,0,FALSE,FALSE,FALSE
ID078,2025-11-05,3804,74600,,13,13,2957,101,0,0,FALSE,FALSE,FALSE
ID078,2025-11-06,2721,75700,,11,11,2406,101,0,0,FALSE,FALSE,FALSE
ID078,2025-11-07,3362,76800,,16,16,2888,101,0,0,FALSE,FALSE,FALSE
ID078,2025-11-08,3072,77800,,9,9,2599,101,0,0,FALSE,FALSE,FALSE
ID078,2025-11-09,3841,78000,,12,12,2717,101,0,0,FALSE,FALSE,FALSE
ID078,2025-11-10,3517,80350,,14,14,3338,101,0,0,FALSE,FALSE,FALSE
ID078,2025-11-11,3107,80400,,18,18,2557,101,0,0,FALSE,FALSE,FALSE
ID078,2025-11-12,3245,82500,,14,14,2835,101,0,0,FALSE,FALSE,FALSE
ID078,2025-11-13,1919,82850,,10,10,1879,101,0,0,FALSE,FALSE,FALSE
ID078,2025-11-14,3233,83200,,17,17,2886,101,0,0,FALSE,FALSE,FALSE
ID078,2025-11-15,3758,85250,,16,16,2902,101,0,0,FALSE,FALSE,FALSE
ID078,2025-11-16,2606,83800,,9,9,2306,101,0,0,FALSE,FALSE,FALSE
ID078,2025-11-17,3004,87000,,13,13,3156,101,0,0,FALSE,FALSE,FALSE
ID078,2025-11-18,3118,87300,,17,17,2918,101,0,0,FALSE,FALSE,FALSE
ID078,2025-11-19,3012,87150,,10,10,2865,101,0,0,FALSE,FALSE,FALSE
ID078,2025-11-20,3791,88700,,14,14,3259,101,0,0,FALSE,FALSE,FALSE
ID078,2025-11-21,3735,89650,,10,10,3637,101,0,0,FALSE,FALSE,FALSE
ID078,2025-11-22,2555,91150,,8,8,2885,101,0,0,FALSE,FALSE,FALSE
ID078,2025-11-23,3040,91150,,12,12,2848,101,0,0,FALSE,FALSE,FALSE
ID078,2025-11-24,2982,94850,,16,16,2835,101,0,0,FALSE,FALSE,FALSE
ID078,2025-11-25,3240,95600,,13,13,2845,101,0,0,FALSE,FALSE,FALSE
ID078,2025-11-26,3430,96400,,14,14,2771,101,0,0,FALSE,FALSE,FALSE
ID078,2025-11-27,3330,97650,,24,24,3002,101,0,0,FALSE,FALSE,FALSE
ID078,2025-11-28,1628,98400,,14,14,1572,101;98,0,0,FALSE,FALSE,FALSE
ID078,2025-11-29,3182,98000,,11,11,2562,101,0,0,FALSE,FALSE,FALSE
ID078,2025-11-30,3606,100000,,12,12,3018,101,0,0,FALSE,FALSE,FALSE
ID078,2025-12-01,2845,101900,,14,14,2440,101,0,0,FALSE,FALSE,FALSE
ID078,2025-12-02,3583,101000,,13,13,2847,101,0,0,FALSE,FALSE,FALSE
ID078,2025-12-03,3140,101550,,14,14,2869,101,0,0,FALSE,FALSE,FALSE
ID078,2025-12-04,3539,102750,,8,8,2984,101,0,0,FALSE,FALSE,FALSE
ID078,2025-12-05,3477,103600,,7,7,2791,101,0,0,FALSE,FALSE,FALSE
ID078,2025-12-06,3617,103900,,11,11,2312,101,0,0,FALSE,FALSE,FALSE
ID078,2025-12-07,3749,105700,,11,11,2740,101,0,0,FALSE,FALSE,FALSE
ID078,2025-12-08,4428,106900,,13,13,3227,101,0,0,FALSE,FALSE,FALSE
ID078,2025-12-09,2821,110000,,10,10,2093,101,0,0,FALSE,FALSE,FALSE
ID078,2025-12-10,3686,112300,,11,11,2860,101,0,0,FALSE,FALSE,FALSE
ID078,2025-12-11,2460,111750,,6,6,1664,101,0,0,FALSE,FALSE,FALSE
ID078,2025-12-12,3174,112600,,10,10,2610,101,0,0,FALSE,FALSE,FALSE
ID078,2025-12-13,4611,113300,,9,0,0,101,0,9,FALSE,FALSE,FALSE
ID078,2025-12-14,2938,114700,,7,7,2460,101,0,0,FALSE,FALSE,FALSE
ID078,2025-12-15,4553,117000,,7,7,3609,101,0,0,FALSE,FALSE,FALSE
ID078,2025-12-16,3538,116450,,6,6,2446,101,0,0,FALSE,FALSE,FALSE
ID078,2025-12-17,2821,117350,,8,8,2405,101,0,0,FALSE,FALSE,FALSE
ID078,2025-12-18,3530,119100,,8,8,3265,101,0,0,FALSE,FALSE,FALSE
ID078,2025-12-19,3253,116750,,10,10,2653,101,0,0,FALSE,FALSE,FALSE
ID078,2025-12-20,4223,120350,,8,8,3307,101,0,0,FALSE,FALSE,FALSE
ID078,2025-12-21,3748,122200,,13,13,3620,101,0,0,FALSE,FALSE,FALSE
ID081,2025-09-19,719,34850,,2,0,0,101,0,2,FALSE,FALSE,FALSE
ID081,2025-09-20,633,35975,,4,0,0,101,4,4,FALSE,TRUE,FALSE
ID081,2025-09-21,1173,37100,,5,5,2619,101,0,0,FALSE,FALSE,FALSE
ID081,2025-09-22,1496,38750,,6,6,2458,101,0,0,FALSE,FALSE,FALSE
ID081,2025-09-23,2589,39600,,7,7,4375,101,0,0,FALSE,FALSE,FALSE
ID081,2025-09-24,2042,40000,,8,8,3705,101,0,0,FALSE,FALSE,FALSE
ID081,2025-09-25,1788,40900,,8,8,3063,101,0,0,FALSE,FALSE,FALSE
ID081,2025-09-26,2002,41650,,8,8,4039,101,0,0,FALSE,FALSE,FALSE
ID081,2025-09-27,2185,42850,,12,12,3596,101,0,0,FALSE,FALSE,FALSE
ID081,2025-09-28,2060,42400,,6,6,2508,101,0,0,FALSE,FALSE,FALSE
ID081,2025-09-29,2812,42900,,11,11,3747,101,0,0,FALSE,FALSE,FALSE
ID081,2025-09-30,4348,45100,,9,9,4060,101,0,0,FALSE,FALSE,FALSE
ID081,2025-10-01,3449,44500,,7,7,3654,101,0,0,FALSE,FALSE,FALSE
ID081,2025-10-02,5427,47200,,9,9,4624,101,0,0,FALSE,FALSE,FALSE
ID081,2025-10-03,4196,47400,,7,7,3618,101,0,0,FALSE,FALSE,FALSE
ID081,2025-10-04,4783,48700,,7,7,4305,101,0,0,FALSE,FALSE,FALSE
ID081,2025-10-05,3925,49900,,11,11,3608,101,0,0,FALSE,FALSE,FALSE
ID081,2025-10-06,4628,51550,,14,14,4610,101,0,0,FALSE,FALSE,FALSE
ID081,2025-10-07,4333,51850,,8,8,4120,101,0,0,FALSE,FALSE,FALSE
ID081,2025-10-08,4257,53900,,13,13,4031,101,0,0,FALSE,FALSE,FALSE
ID081,2025-10-09,4417,53550,,12,12,3925,101,0,0,FALSE,FALSE,FALSE
ID081,2025-10-10,3825,55400,,10,10,3406,101,0,0,FALSE,FALSE,FALSE
ID081,2025-10-11,3729,56300,,11,11,3584,101,0,0,FALSE,FALSE,FALSE
ID081,2025-10-12,5029,57200,,11,11,5057,101,0,0,FALSE,FALSE,FALSE
ID081,2025-10-13,5200,58200,,15,15,3802,101,0,0,FALSE,FALSE,FALSE
ID081,2025-10-14,4319,59600,,11,11,3543,101,0,0,FALSE,FALSE,FALSE
ID081,2025-10-15,4838,60500,,8,8,3800,101,0,0,FALSE,FALSE,FALSE
ID081,2025-10-16,3479,61350,,10,10,3524,101,0,0,FALSE,FALSE,FALSE
ID081,2025-10-17,4775,61550,,8,8,3119,101,0,0,FALSE,FALSE,FALSE
ID081,2025-10-18,1676,62300,,4,4,1044,101,0,0,FALSE,FALSE,FALSE
ID081,2025-10-19,2998,62200,,4,4,1921,101,0,0,FALSE,FALSE,FALSE
ID081,2025-10-20,3609.5,64900,,7,0,0,101,0,7,FALSE,FALSE,TRUE
ID081,2025-10-21,4221,66200,,11,11,3860,101,0,0,FALSE,FALSE,FALSE
ID081,2025-10-22,4464,66200,,15,15,3452,101,0,0,FALSE,FALSE,FALSE
ID081,2025-10-23,3837,66500,,15,15,3112,101,0,0,FALSE,FALSE,FALSE
ID081,2025-10-24,5658,68850,,12,12,3759,101,0,0,FALSE,FALSE,FALSE
ID081,2025-10-25,3867,70300,,13,13,3110,101,0,0,FALSE,FALSE,FALSE
ID081,2025-10-26,4242,70200,,13,13,2801,101,0,0,FALSE,FALSE,FALSE
ID081,2025-10-27,4677,72900,,7,7,3177,101,0,0,FALSE,FALSE,FALSE
ID081,2025-10-28,2837,73100,,5,5,1695,101,0,0,FALSE,FALSE,FALSE
ID081,2025-10-29,4672,73400,,13,13,3254,101,0,0,FALSE,FALSE,FALSE
ID081,2025-10-30,1581,73750,,8,8,2078,101,0,0,FALSE,FALSE,FALSE
ID081,2025-10-31,2647,76350,,12,12,3020,101,0,0,FALSE,FALSE,FALSE
ID081,2025-11-01,3080,77700,,16,16,3348,101,0,0,FALSE,FALSE,FALSE
ID081,2025-11-02,3336,78300,,22,22,3414,101,0,0,FALSE,FALSE,FALSE
ID081,2025-11-03,4514,79200,,25,25,4782,101,0,0,FALSE,FALSE,FALSE
ID081,2025-11-04,3904,81100,,22,22,3597,101,0,0,FALSE,FALSE,FALSE
ID081,2025-11-05,4621,81200,,24,24,2830,101,0,0,FALSE,FALSE,FALSE
ID081,2025-11-06,3135,82500,,10,10,2641,101,0,0,FALSE,FALSE,FALSE
ID081,2025-11-07,3217,83850,,22,22,2588,101,0,0,FALSE,FALSE,FALSE
ID081,2025-11-08,3356,85100,,19,19,2601,101,0,0,FALSE,FALSE,FALSE
ID081,2025-11-09,4900,86700,,27,27,3003,101,0,0,FALSE,FALSE,FALSE
ID081,2025-11-10,3616,87350,,30,30,2450,101,0,0,FALSE,FALSE,FALSE
ID081,2025-11-11,3395,87300,,16,16,2947,101,0,0,FALSE,FALSE,FALSE
ID081,2025-11-12,2947,88900,,15,15,2455,101,0,0,FALSE,FALSE,FALSE
ID081,2025-11-13,2294,87700,,7,7,1750,101,0,0,FALSE,FALSE,FALSE
ID081,2025-11-14,3373,90950,,14,14,2893,101,0,0,FALSE,FALSE,FALSE
ID081,2025-11-15,4193,92300,,19,19,3511,101,0,0,FALSE,FALSE,FALSE
ID081,2025-11-16,3138,92300,,16,16,2795,101,0,0,FALSE,FALSE,FALSE
ID081,2025-11-17,3747,94300,,31,31,3226,101,0,0,FALSE,FALSE,FALSE
ID081,2025-11-18,2557,93500,,21,21,2062,101,0,0,FALSE,FALSE,FALSE
ID081,2025-11-19,3030,92950,,24,24,2484,101,0,0,FALSE,FALSE,FALSE
ID081,2025-11-20,3558,94000,,22,22,2886,101,0,0,FALSE,FALSE,FALSE
ID081,2025-11-21,3386,95400,,23,23,2840,101,0,0,FALSE,FALSE,FALSE
ID081,2025-11-22,2428,95450,,12,12,1685,101,0,0,FALSE,FALSE,FALSE
ID081,2025-11-23,3275,96300,,20,20,2761,101,0,0,FALSE,FALSE,FALSE
ID081,2025-11-24,2907,100500,,17,17,2380,101,0,0,FALSE,FALSE,FALSE
ID081,2025-11-25,2465,99400,,17,17,1704,101,0,0,FALSE,FALSE,FALSE
ID081,2025-11-26,3352,101300,,14,14,2438,101,0,0,FALSE,FALSE,FALSE
ID081,2025-11-27,3920,103600,,22,22,2712,101,0,0,FALSE,FALSE,FALSE
ID081,2025-11-28,2974,102800,,26,26,2452,101,0,0,FALSE,FALSE,FALSE
ID081,2025-11-29,3124,103650,,16,16,2564,101,0,0,FALSE,FALSE,FALSE
ID081,2025-11-30,3831,106300,,16,16,3085,101,0,0,FALSE,FALSE,FALSE
ID081,2025-12-01,4031,107000,,23,23,2628,101,0,0,FALSE,FALSE,FALSE
ID081,2025-12-02,2913,107200,,21,21,1929,101,0,0,FALSE,FALSE,FALSE
ID081,2025-12-03,3156,107750,,18,18,2280,101,0,0,FALSE,FALSE,FALSE
ID081,2025-12-04,4571,108000,,28,28,2677,101,0,0,FALSE,FALSE,FALSE
ID081,2025-12-05,3651,108300,,17,17,2625,101,0,0,FALSE,FALSE,FALSE
ID081,2025-12-06,2373,109100,,28,28,1495,101,0,0,FALSE,FALSE,FALSE
ID081,2025-12-07,3975,109600,,20,20,2970,101,0,0,FALSE,FALSE,FALSE
ID081,2025-12-08,3159,110600,,16,16,1782,101,1,0,FALSE,FALSE,FALSE
ID081,2025-12-09,3108,111500,,30,30,2196,101,0,0,FALSE,FALSE,FALSE
ID081,2025-12-10,1958,115300,,19,19,1301,101,0,0,FALSE,FALSE,FALSE
ID081,2025-12-11,818,113300,,3,3,327,101,0,0,FALSE,FALSE,FALSE
ID081,2025-12-12,2425,111900,,15,15,1540,101,0,0,FALSE,FALSE,FALSE
ID081,2025-12-13,3946,115600,,10,10,2632,101,0,0,FALSE,FALSE,FALSE
ID081,2025-12-14,2679,117800,,7,7,1944,101,0,0,FALSE,FALSE,FALSE
ID081,2025-12-15,3740,119200,,18,18,2671,101,0,0,FALSE,FALSE,FALSE
ID081,2025-12-16,4226,118600,,18,18,3088,101,0,0,FALSE,FALSE,FALSE
ID081,2025-12-17,3152,120400,,15,15,2424,101,0,0,FALSE,FALSE,FALSE
ID081,2025-12-18,3598,120200,,23,23,2115,101,0,0,FALSE,FALSE,FALSE
ID081,2025-12-19,3772,120900,,19,19,2699,101,0,0,FALSE,FALSE,FALSE
ID081,2025-12-20,3397,121000,,14,14,2406,101,0,0,FALSE,FALSE,FALSE
ID081,2025-12-21,4313,120600,,16,16,3005,101,0,0,FALSE,FALSE,FALSE
ID081,2025-12-22,784,125000,,1,0,0,101,0,1,FALSE,FALSE,FALSE
ID083,2025-09-12,800,26500,,6,0,0,94,1,6,FALSE,FALSE,FALSE
ID083,2025-09-13,1884,27750,,12,12,2350,94,12,0,FALSE,TRUE,FALSE
ID083,2025-09-14,1390,29000,,16,16,2976,94,0,0,FALSE,FALSE,FALSE
ID083,2025-09-15,1178,29800,,14,14,2087,94,0,0,FALSE,FALSE,FALSE
ID083,2025-09-16,1815,30100,,16,16,3451,94,0,0,FALSE,FALSE,FALSE
ID083,2025-09-17,1308,31300,,15,15,2193,94,1,0,FALSE,FALSE,FALSE
ID083,2025-09-18,1237,32350,,13,13,2174,94,13,0,FALSE,TRUE,FALSE
ID083,2025-09-19,2107,33400,,21,21,3439,94,2,0,FALSE,FALSE,FALSE
ID083,2025-09-20,947,34000,,20,20,1387,94,0,0,FALSE,FALSE,FALSE
ID083,2025-09-21,1236,35200,,7,7,2375,94,0,0,FALSE,FALSE,FALSE
ID083,2025-09-22,1173,36200,,11,11,2373,94,0,0,FALSE,FALSE,FALSE
ID083,2025-09-23,1161,36700,,10,10,2327,94,0,0,FALSE,FALSE,FALSE
ID083,2025-09-24,1576,37200,,11,11,3251,94,0,0,FALSE,FALSE,FALSE
ID083,2025-09-25,1253,38450,,8,8,2406,94,0,0,FALSE,FALSE,FALSE
ID083,2025-09-26,1846,38900,,17,17,3537,94,0,0,FALSE,FALSE,FALSE
ID083,2025-09-27,1287,38900,,7,7,2158,94,0,0,FALSE,FALSE,FALSE
ID083,2025-09-28,1882,37350,,6,6,3094,94,0,0,FALSE,FALSE,FALSE
ID083,2025-09-29,1969,38500,,7,7,3038,94,0,0,FALSE,FALSE,FALSE
ID083,2025-09-30,941,37600,,13,0,0,94,0,13,FALSE,FALSE,FALSE
ID083,2025-10-01,1413,39500,,9,9,2405,94,0,0,FALSE,FALSE,FALSE
ID083,2025-10-02,1882,40900,,11,11,2900,94,0,0,FALSE,FALSE,FALSE
ID083,2025-10-03,1646,41900,,11,11,2513,94,0,0,FALSE,FALSE,FALSE
ID083,2025-10-04,1856,42200,,7,7,2932,94,0,0,FALSE,FALSE,FALSE
ID083,2025-10-05,1996,43100,,6,6,2985,94,0,0,FALSE,FALSE,FALSE
ID083,2025-10-06,2117,44300,,9,9,2705,94,0,0,FALSE,FALSE,FALSE
ID083,2025-10-07,2110,46100,,9,9,3022,94,0,0,FALSE,FALSE,FALSE
ID083,2025-10-08,1970,46700,,9,9,2807,94,0,0,FALSE,FALSE,FALSE
ID083,2025-10-09,1898,47950,,8,8,2735,94,0,0,FALSE,FALSE,FALSE
ID083,2025-10-10,2309,49300,,9,9,3149,94,0,0,FALSE,FALSE,FALSE
ID083,2025-10-11,2215,49750,,10,10,2996,94,0,0,FALSE,FALSE,FALSE
ID083,2025-10-12,2132,50750,,8,8,2935,94,0,0,FALSE,FALSE,FALSE
ID083,2025-10-13,1870,50700,,5,5,2362,94,0,0,FALSE,FALSE,FALSE
ID083,2025-10-14,2368,52450,,6,6,3063,94,0,0,FALSE,FALSE,FALSE
ID083,2025-10-15,2466,53850,,10,10,3314,94,0,0,FALSE,FALSE,FALSE
ID083,2025-10-16,2371,54400,,9,9,2751,94,0,0,FALSE,FALSE,FALSE
ID083,2025-10-17,2328,55300,,5,5,3093,94,0,0,FALSE,FALSE,FALSE
ID083,2025-10-18,1738,54900,,3,3,2112,94,0,0,FALSE,FALSE,FALSE
ID083,2025-10-19,1795,54100,,4,4,1300,94,0,0,FALSE,FALSE,FALSE
ID083,2025-10-20,2090,57400,,3,3,2510,94,0,0,FALSE,FALSE,FALSE
ID083,2025-10-21,2818,59400,,5,5,3184,94,0,0,FALSE,FALSE,FALSE
ID083,2025-10-22,2287,59850,,4,4,2748,94,0,0,FALSE,FALSE,FALSE
ID083,2025-10-23,3055,60350,,10,10,3567,94,0,0,FALSE,FALSE,FALSE
ID083,2025-10-24,2656,60750,,4,4,3055,94,0,0,FALSE,FALSE,FALSE
ID083,2025-10-25,2832,61000,,6,6,3299,94,0,0,FALSE,FALSE,FALSE
ID083,2025-10-26,2194,62050,,4,4,2526,94,0,0,FALSE,FALSE,FALSE
ID083,2025-10-27,2859,61700,,7,7,3182,94,0,0,FALSE,FALSE,FALSE
ID083,2025-10-28,2569,63250,,8,8,2807,94,0,0,FALSE,FALSE,FALSE
ID083,2025-10-29,2257,64400,,5,5,2238,94,0,0,FALSE,FALSE,FALSE
ID083,2025-10-30,3209,64550,,10,10,3543,94,0,0,FALSE,FALSE,FALSE
ID083,2025-10-31,2427,64900,,7,7,2661,94,0,0,FALSE,FALSE,FALSE
ID083,2025-11-01,2441,67350,,4,4,2747,94,0,0,FALSE,FALSE,FALSE
ID083,2025-11-02,3586,69500,,7,7,4115,94,0,0,FALSE,FALSE,FALSE
ID083,2025-11-03,3323,70100,,8,8,3678,94,0,0,FALSE,FALSE,FALSE
ID083,2025-11-04,2888,71100,,6,6,3402,94,0,0,FALSE,FALSE,FALSE
ID083,2025-11-05,2237,69900,,6,6,2587,94,0,0,FALSE,FALSE,FALSE
ID083,2025-11-06,2797,72100,,7,7,3121,94,0,0,FALSE,FALSE,FALSE
ID083,2025-11-07,2919,75700,,6,6,3148,94,0,0,FALSE,FALSE,FALSE
ID083,2025-11-08,2911,74750,,12,12,2658,94,0,0,FALSE,FALSE,FALSE
ID083,2025-11-09,2648,73700,,5,5,2721,94,0,0,FALSE,FALSE,FALSE
ID083,2025-11-10,2659,74650,,8,8,2863,94,0,0,FALSE,FALSE,FALSE
ID083,2025-11-11,2220,80300,,5,5,1752,94,0,0,FALSE,FALSE,FALSE
ID083,2025-11-12,1888,75800,,2,2,1540,94,0,0,FALSE,FALSE,FALSE
ID083,2025-11-13,1886,76100,,1,1,1445,94,0,0,FALSE,FALSE,FALSE
ID083,2025-11-14,2034,80500,,3,3,2025,94,0,0,FALSE,FALSE,FALSE
ID083,2025-11-15,3127,79700,,8,8,3154,94,0,0,FALSE,FALSE,FALSE
ID083,2025-11-16,3193,80000,,7,7,3252,94,0,0,FALSE,FALSE,FALSE
ID083,2025-11-17,3174,82200,,8,8,3449,94,0,0,FALSE,FALSE,FALSE
ID083,2025-11-18,3698,84700,,9,9,3726,94,0,0,FALSE,FALSE,FALSE
ID083,2025-11-19,3609,85850,,8,8,3414,94,0,0,FALSE,FALSE,FALSE
ID083,2025-11-20,2884,80700,,4,4,2719,94,0,0,FALSE,FALSE,FALSE
ID083,2025-11-21,3197,85700,,10,10,2776,94,0,0,FALSE,FALSE,FALSE
ID083,2025-11-22,2402,85000,,6,6,2374,94,0,0,FALSE,FALSE,FALSE
ID083,2025-11-23,3774,85900,,11,0,0,94,0,11,FALSE,FALSE,FALSE
ID083,2025-11-24,2308,87200,,7,7,2369,94,0,0,FALSE,FALSE,FALSE
ID083,2025-11-25,2250,86000,,6,6,2234,94,0,0,FALSE,FALSE,FALSE
ID083,2025-11-26,4197,89200,,17,0,0,94,0,17,FALSE,FALSE,FALSE
ID083,2025-11-27,2146,89550,,10,10,2212,94,0,0,FALSE,FALSE,FALSE
ID083,2025-11-28,3710,91000,,14,0,0,94,0,14,FALSE,FALSE,FALSE
ID083,2025-11-29,3557,93200,,15,15,3660,94,0,0,FALSE,FALSE,FALSE
ID083,2025-11-30,2012,89400,,11,11,1890,94,0,0,FALSE,FALSE,FALSE
ID083,2025-12-01,2876,94400,,11,11,2755,94,0,0,FALSE,FALSE,FALSE
ID083,2025-12-02,2819,97400,,5,5,2834,94,0,0,FALSE,FALSE,FALSE
ID083,2025-12-03,3772,95450,,12,12,2640,94,0,0,FALSE,FALSE,FALSE
ID083,2025-12-04,2967,98300,,4,4,2840,94,0,0,FALSE,FALSE,FALSE
ID083,2025-12-05,2705,100500,,5,5,2738,94,0,0,FALSE,FALSE,FALSE
ID083,2025-12-06,3193,103300,,13,13,2961,94,0,0,FALSE,FALSE,FALSE
ID083,2025-12-07,3117,102700,,14,14,2924,94,0,0,FALSE,FALSE,FALSE
ID083,2025-12-08,2974,104400,,12,12,2974,94,0,0,FALSE,FALSE,FALSE
ID083,2025-12-09,2931,105500,,11,11,2680,94,0,0,FALSE,FALSE,FALSE
ID083,2025-12-10,2645,104100,,14,14,2445,94,0,0,FALSE,FALSE,FALSE
ID083,2025-12-11,3292,103800,,12,12,3101,94,0,0,FALSE,FALSE,FALSE
ID083,2025-12-12,1390,102650,,6,6,997,94,0,0,FALSE,FALSE,FALSE
ID083,2025-12-13,2259,104550,,4,4,1988,94,0,0,FALSE,FALSE,FALSE
ID083,2025-12-14,3892,105000,,9,0,0,94,0,9,FALSE,FALSE,FALSE
ID083,2025-12-15,1439,106800,,7,7,1325,94,0,0,FALSE,FALSE,FALSE
ID083,2025-12-16,1945,106600,,5,5,1575,94,0,0,FALSE,FALSE,FALSE
ID083,2025-12-17,2183,107700,,16,16,1833,94,0,0,FALSE,FALSE,FALSE
ID083,2025-12-18,2429,110350,,12,12,2014,94,0,0,FALSE,FALSE,FALSE
ID083,2025-12-19,4224,110100,,9,0,0,94,0,9,FALSE,FALSE,FALSE
ID083,2025-12-20,2689,112200,,4,4,2303,94,0,0,FALSE,FALSE,FALSE
ID083,2025-12-21,3233,113000,,9,9,2834,94,0,0,FALSE,FALSE,FALSE
ID083,2025-12-22,2274,113550,,10,10,1575,94,0,0,FALSE,FALSE,FALSE
ID083,2025-12-23,1491,111300,,6,6,1422,94,0,0,FALSE,FALSE,FALSE
ID083,2025-12-24,1788,113100,,11,11,1696,94,0,0,FALSE,FALSE,FALSE
ID083,2025-12-25,1941,113950,,8,8,1974,94,8,0,FALSE,TRUE,FALSE
ID083,2025-12-26,519,114800,,1,0,0,94,0,1,FALSE,FALSE,FALSE
ID085,2025-09-12,1893,,,7,7,1063,91,7,0,FALSE,TRUE,FALSE
ID085,2025-09-13,3849,39400,,25,0,0,91,13,25,FALSE,FALSE,FALSE
ID085,2025-09-14,1420,37850,,19,19,3347,91,19,0,FALSE,TRUE,FALSE
ID085,2025-09-15,1334,36300,,16,16,3998,91,5,0,FALSE,FALSE,FALSE
ID085,2025-09-16,1037,26100,,14,14,2716,91,0,0,FALSE,FALSE,FALSE
ID085,2025-09-17,1848,27000,,24,24,4428,91,4,0,FALSE,FALSE,FALSE
ID085,2025-09-18,1659,27800,,11,11,3572,91,2,0,FALSE,FALSE,FALSE
ID085,2025-09-19,1077,28850,,15,15,4114,91,3,0,FALSE,FALSE,FALSE
ID085,2025-09-20,791,29600,,18,0,0,91,1,18,FALSE,FALSE,FALSE
ID085,2025-09-21,985,30200,,14,14,2931,91,1,0,FALSE,FALSE,FALSE
ID085,2025-09-22,1219,31000,,17,17,3229,91,1,0,FALSE,FALSE,FALSE
ID085,2025-09-23,908,32100,,11,0,0,91,0,11,FALSE,FALSE,FALSE
ID085,2025-09-24,1328,32400,,5,5,2423,91,0,0,FALSE,FALSE,FALSE
ID085,2025-09-25,1148,32600,,9,9,2699,91,0,0,FALSE,FALSE,FALSE
ID085,2025-09-26,911,33600,,8,8,1840,91,0,0,FALSE,FALSE,FALSE
ID085,2025-09-27,1571,34900,,10,10,3696,91,0,0,FALSE,FALSE,FALSE
ID085,2025-09-28,1249,36000,,7,7,2779,91,0,0,FALSE,FALSE,FALSE
ID085,2025-09-29,1225,36500,,4,4,3252,91,0,0,FALSE,FALSE,FALSE
ID085,2025-09-30,957,36700,,12,12,1554,91,0,0,FALSE,FALSE,FALSE
ID085,2025-10-01,1681,38000,,9,9,3384,91,0,0,FALSE,FALSE,FALSE
ID085,2025-10-02,1732,38700,,7,7,3574,91,0,0,FALSE,FALSE,FALSE
ID085,2025-10-03,1117,39800,,8,8,2232,91,0,0,FALSE,FALSE,FALSE
ID085,2025-10-04,881,40000,,7,0,0,91,0,7,FALSE,FALSE,FALSE
ID085,2025-10-05,1695,40600,,5,5,3255,91,0,0,FALSE,FALSE,FALSE
ID085,2025-10-06,1395,41900,,9,9,2759,91,0,0,FALSE,FALSE,FALSE
ID085,2025-10-07,1786,43250,,6,6,3540,91,0,0,FALSE,FALSE,FALSE
ID085,2025-10-08,1564,42200,,4,4,2940,91,0,0,FALSE,FALSE,FALSE
ID085,2025-10-09,1698,44150,,4,4,3340,91,0,0,FALSE,FALSE,FALSE
ID085,2025-10-10,2068,45100,,5,5,3416,91,0,0,FALSE,FALSE,FALSE
ID085,2025-10-11,1452,45700,,8,8,2306,91,0,0,FALSE,FALSE,FALSE
ID085,2025-10-12,1798,47300,,7,7,3456,91,0,0,FALSE,FALSE,FALSE
ID085,2025-10-13,2539,48600,,8,8,4261,91,0,0,FALSE,FALSE,FALSE
ID085,2025-10-14,3000,50000,,9,9,4715,91,0,0,FALSE,FALSE,FALSE
ID085,2025-10-15,2235,50500,,9,9,4105,91,0,0,FALSE,FALSE,FALSE
ID085,2025-10-16,2221,51300,,11,11,3954,91,0,0,FALSE,FALSE,FALSE
ID085,2025-10-17,2637,52900,,12,12,4528,91,0,0,FALSE,FALSE,FALSE
ID085,2025-10-18,911,50700,,1,0,0,91,0,1,FALSE,FALSE,FALSE
ID085,2025-10-19,2260,53200,,7,7,3849,91,0,0,FALSE,FALSE,FALSE
ID085,2025-10-20,2789,55700,,6,6,4644,91,0,0,FALSE,FALSE,FALSE
ID085,2025-10-21,2275,56300,,6,6,3224,91,0,0,FALSE,FALSE,FALSE
ID085,2025-10-22,2649,57300,,6,6,3816,91,0,0,FALSE,FALSE,FALSE
ID085,2025-10-23,2746,58400,,9,9,4796,91,0,0,FALSE,FALSE,FALSE
ID085,2025-10-24,2526,58800,,15,15,4348,91,0,0,FALSE,FALSE,FALSE
ID085,2025-10-25,3224,61900,,14,14,4212,91,0,0,FALSE,FALSE,FALSE
ID085,2025-10-26,2177,61600,,9,9,3170,91,0,0,FALSE,FALSE,FALSE
ID085,2025-10-27,3120,63200,,5,5,4424,91,0,0,FALSE,FALSE,FALSE
ID085,2025-10-28,2954,63500,,8,8,4062,91,0,0,FALSE,FALSE,FALSE
ID085,2025-10-29,3583,66500,,5,5,5523,91,0,0,FALSE,FALSE,FALSE
ID085,2025-10-30,2657,66000,,5,5,3980,91,0,0,FALSE,FALSE,FALSE
ID085,2025-10-31,2937,67250,,10,10,4035,91,0,0,FALSE,FALSE,FALSE
ID085,2025-11-01,2113,66800,,7,7,2859,91,0,0,FALSE,FALSE,FALSE
ID085,2025-11-02,3261,68800,,7,7,4679,91,0,0,FALSE,FALSE,FALSE
ID085,2025-11-03,2600,70000,,8,8,3280,91,0,0,FALSE,FALSE,FALSE
ID085,2025-11-04,2419,70800,,12,12,3532,91,0,0,FALSE,FALSE,FALSE
ID085,2025-11-05,2321,71500,,11,11,3372,91,0,0,FALSE,FALSE,FALSE
ID085,2025-11-06,2846,72800,,8,8,3822,91,0,0,FALSE,FALSE,FALSE
ID085,2025-11-07,2406,73750,,12,12,2994,91,0,0,FALSE,FALSE,FALSE
ID085,2025-11-08,2969,75300,,16,16,3473,91,0,0,FALSE,FALSE,FALSE
ID085,2025-11-09,2263,75200,,9,9,2450,91,0,0,FALSE,FALSE,FALSE
ID085,2025-11-10,2491,77900,,11,11,2977,91,0,0,FALSE,FALSE,FALSE
ID085,2025-11-11,3204,78400,,7,7,3798,91,0,0,FALSE,FALSE,FALSE
ID085,2025-11-12,3141,78200,,16,16,2178,91,0,0,FALSE,FALSE,FALSE
ID085,2025-11-13,3464,80050,,10,10,3752,91,0,0,FALSE,FALSE,FALSE
ID085,2025-11-14,3522,82500,,17,17,3714,91,0,0,FALSE,FALSE,FALSE
ID085,2025-11-15,3628,83600,,17,17,3779,91,0,0,FALSE,FALSE,FALSE
ID085,2025-11-16,3582,85100,,21,21,3822,91,0,0,FALSE,FALSE,FALSE
ID085,2025-11-17,3023,85200,,31,31,3157,91,0,0,FALSE,FALSE,FALSE
ID085,2025-11-18,3050,85800,,12,12,3508,91,0,0,FALSE,FALSE,FALSE
ID085,2025-11-19,2311,83500,,19,19,1765,91,0,0,FALSE,FALSE,FALSE
ID085,2025-11-20,3691,86300,,17,17,3998,91,0,0,FALSE,FALSE,FALSE
ID085,2025-11-21,2911,86300,,9,9,3086,91,0,0,FALSE,FALSE,FALSE
ID085,2025-11-22,3386,87700,,13,13,3548,91,0,0,FALSE,FALSE,FALSE
ID085,2025-11-23,2638,87400,,28,28,2357,91,0,0,FALSE,FALSE,FALSE
ID085,2025-11-24,3343,89200,,47,47,2793,91,0,0,FALSE,FALSE,FALSE
ID085,2025-11-25,2968,88950,,46,46,2341,91,0,0,FALSE,FALSE,FALSE
ID085,2025-11-26,1181,92650,,4,0,0,91,0,4,FALSE,FALSE,FALSE
ID085,2025-11-27,3198,94450,,34,34,2248,91,0,0,FALSE,FALSE,FALSE
ID085,2025-11-28,3774,97100,,22,22,3596,91,0,0,FALSE,FALSE,FALSE
ID085,2025-11-29,4035,98200,,37,37,3290,91,37,0,FALSE,TRUE,FALSE
ID085,2025-11-30,3061,99300,,39,39,2517,91,0,0,FALSE,FALSE,FALSE
ID085,2025-12-01,3325,100000,,31,31,2681,91,0,0,FALSE,FALSE,FALSE
ID085,2025-12-02,3430,99700,,36,36,3077,91,0,0,FALSE,FALSE,FALSE
ID085,2025-12-03,3118,97000,,33,33,2680,91,0,0,FALSE,FALSE,FALSE
ID085,2025-12-04,4650,99600,,28,0,0,91,0,28,FALSE,FALSE,FALSE
ID085,2025-12-05,2917,100800,,21,21,2721,91,0,0,FALSE,FALSE,FALSE
ID085,2025-12-06,4316,102400,,16,0,0,91,0,16,FALSE,FALSE,FALSE
ID085,2025-12-07,2586,102900,,8,8,2739,91,0,0,FALSE,FALSE,FALSE
ID085,2025-12-08,4299,103300,,26,0,0,91,0,26,FALSE,FALSE,FALSE
ID085,2025-12-09,1979,103600,,15,15,2183,91,0,0,FALSE,FALSE,FALSE
ID085,2025-12-10,1858,103050,,14,14,1975,91,0,0,FALSE,FALSE,FALSE
ID085,2025-12-11,2606,102300,,14,14,2243,91,0,0,FALSE,FALSE,FALSE
ID085,2025-12-12,1520,103750,,15,0,0,91,15,15,FALSE,TRUE,FALSE
ID085,2025-12-13,3706,105200,,13,13,2962,91,0,0,FALSE,FALSE,FALSE
ID085,2025-12-14,4485,108100,,22,0,0,91,0,22,FALSE,FALSE,FALSE
ID085,2025-12-15,5086,109500,,15,0,0,91,0,15,FALSE,FALSE,FALSE
ID085,2025-12-16,3573,110900,,29,29,2480,91,0,0,FALSE,FALSE,FALSE
ID085,2025-12-17,4504,111400,,28,28,3609,91,0,0,FALSE,FALSE,FALSE
ID085,2025-12-18,3333,111100,,14,14,2839,91,0,0,FALSE,FALSE,FALSE
ID085,2025-12-19,3785,112000,,21,21,2935,91,0,0,FALSE,FALSE,FALSE
ID085,2025-12-20,4306,114700,,14,14,3829,91,0,0,FALSE,FALSE,FALSE
ID085,2025-12-21,3941,114900,,22,22,3151,91,0,0,FALSE,FALSE,FALSE
ID085,2025-12-22,4718,116800,,20,0,0,91,0,20,FALSE,FALSE,FALSE
ID085,2025-12-23,2713,116900,,24,0,0,91,0,24,FALSE,FALSE,FALSE
ID085,2025-12-24,2206,115200,,26,0,0,91,0,26,FALSE,FALSE,FALSE
ID085,2025-12-25,4047,116100,,31,31,3696,91,0,0,FALSE,FALSE,FALSE
ID086,2025-09-12,151,,,2,0,0,91,2,2,FALSE,TRUE,FALSE
ID086,2025-09-13,338,,,5,0,0,91,5,5,FALSE,TRUE,FALSE
ID086,2025-09-14,3610,,,6,0,0,91,6,6,FALSE,TRUE,FALSE
ID086,2025-09-15,3440,40100,,16,0,0,91,12,16,FALSE,FALSE,FALSE
ID086,2025-09-16,2073,40575,,13,0,0,91,13,13,FALSE,TRUE,FALSE
ID086,2025-09-17,1144,41050,,16,16,1965,91,12,0,FALSE,FALSE,FALSE
ID086,2025-09-18,533,40625,,13,13,799,91,13,0,FALSE,TRUE,FALSE
ID086,2025-09-19,1250,40200,,16,16,1619,91,14,0,FALSE,FALSE,FALSE
ID086,2025-09-20,889,48600,,16,16,2932,91,9,0,FALSE,FALSE,FALSE
ID086,2025-09-21,1109,44600,,16,16,3295,91,9,0,FALSE,FALSE,FALSE
ID086,2025-09-22,1179,25900,,17,17,3837,91,2,0,FALSE,FALSE,FALSE
ID086,2025-09-23,1037,26500,,9,9,3248,91,0,0,FALSE,FALSE,FALSE
ID086,2025-09-24,1193,27650,,10,10,3793,91,0,0,FALSE,FALSE,FALSE
ID086,2025-09-25,1125,29150,,17,17,2647,91,1,0,FALSE,FALSE,FALSE
ID086,2025-09-26,881,29400,,18,18,2455,91,1,0,FALSE,FALSE,FALSE
ID086,2025-09-27,1273,29750,,8,8,3677,91,0,0,FALSE,FALSE,FALSE
ID086,2025-09-28,1176,31200,,9,9,3284,91,0,0,FALSE,FALSE,FALSE
ID086,2025-09-29,1229,31700,,10,10,3578,91,0,0,FALSE,FALSE,FALSE
ID086,2025-09-30,1624,32800,,19,19,3918,91,0,0,FALSE,FALSE,FALSE
ID086,2025-10-01,1632,33700,,11,11,3416,91,0,0,FALSE,FALSE,FALSE
ID086,2025-10-02,1466,34700,,13,13,3820,91,0,0,FALSE,FALSE,FALSE
ID086,2025-10-03,1635,35350,,12,12,3427,91,0,0,FALSE,FALSE,FALSE
ID086,2025-10-04,1225,34500,,9,9,2994,91,0,0,FALSE,FALSE,FALSE
ID086,2025-10-05,1550,36600,,8,8,3218,91,0,0,FALSE,FALSE,FALSE
ID086,2025-10-06,1871,37400,,17,17,4069,91,0,0,FALSE,FALSE,FALSE
ID086,2025-10-07,1618,38200,,11,11,2999,91,0,0,FALSE,FALSE,FALSE
ID086,2025-10-08,1718,38500,,11,11,3553,91,0,0,FALSE,FALSE,FALSE
ID086,2025-10-09,1744,40800,,16,16,3609,91,0,0,FALSE,FALSE,FALSE
ID086,2025-10-10,1919,40900,,13,13,3545,91,0,0,FALSE,FALSE,FALSE
ID086,2025-10-11,1604,41500,,8,8,3033,91,0,0,FALSE,FALSE,FALSE
ID086,2025-10-12,1434,43000,,13,13,2812,91,0,0,FALSE,FALSE,FALSE
ID086,2025-10-13,1675,43000,,13,13,2982,91,0,0,FALSE,FALSE,FALSE
ID086,2025-10-14,2300,44000,,17,17,4025,91,0,0,FALSE,FALSE,FALSE
ID086,2025-10-15,2157,45200,,17,17,3445,91,0,0,FALSE,FALSE,FALSE
ID086,2025-10-16,1902,46100,,12,12,3380,91,0,0,FALSE,FALSE,FALSE
ID086,2025-10-17,2066,46800,,13,13,3812,91,0,0,FALSE,FALSE,FALSE
ID086,2025-10-18,798,47550,,2,0,0,91,2,2,FALSE,TRUE,FALSE
ID086,2025-10-19,1812,48300,,12,12,4190,91,0,0,FALSE,FALSE,FALSE
ID086,2025-10-20,1639,49550,,12,12,3792,91,0,0,FALSE,FALSE,FALSE
ID086,2025-10-21,2479,50500,,23,23,4955,91,0,0,FALSE,FALSE,FALSE
ID086,2025-10-22,2274,51600,,17,17,3993,91,0,0,FALSE,FALSE,FALSE
ID086,2025-10-23,2792,52100,,27,27,4547,91,0,0,FALSE,FALSE,FALSE
ID086,2025-10-24,2400,52600,,17,17,4255,91,0,0,FALSE,FALSE,FALSE
ID086,2025-10-25,2903,54500,,19,19,5001,91,0,0,FALSE,FALSE,FALSE
ID086,2025-10-26,2850,55100,,14,14,4369,91,0,0,FALSE,FALSE,FALSE
ID086,2025-10-27,3016,56600,,25,25,4581,91,0,0,FALSE,FALSE,FALSE
ID086,2025-10-28,2008,58400,,12,0,0,91,0,12,FALSE,FALSE,FALSE
ID086,2025-10-29,3050,59200,,13,13,4386,91,0,0,FALSE,FALSE,FALSE
ID086,2025-10-30,2127,60200,,18,18,2907,91,0,0,FALSE,FALSE,FALSE
ID086,2025-10-31,3196,61300,,18,18,4559,91,0,0,FALSE,FALSE,FALSE
ID086,2025-11-01,3013,62000,,19,19,3876,91,0,0,FALSE,FALSE,FALSE
ID086,2025-11-02,2572,64300,,21,21,3895,91,0,0,FALSE,FALSE,FALSE
ID086,2025-11-03,3009,64000,,15,15,3810,91,0,0,FALSE,FALSE,FALSE
ID086,2025-11-04,2755,64800,,16,16,3337,91,0,0,FALSE,FALSE,FALSE
ID086,2025-11-05,1664,66600,,24,24,2191,91,0,0,FALSE,FALSE,FALSE
ID086,2025-11-06,1941,67000,,20,20,2566,91,0,0,FALSE,FALSE,FALSE
ID086,2025-11-07,2129,67200,,17,17,2612,91,0,0,FALSE,FALSE,FALSE
ID086,2025-11-08,3420,68900,,20,0,0,91,0,20,FALSE,FALSE,FALSE
ID086,2025-11-09,1713,70500,,15,15,1934,91,0,0,FALSE,FALSE,FALSE
ID086,2025-11-10,3258,70700,,18,18,3802,91,0,0,FALSE,FALSE,FALSE
ID086,2025-11-11,2756,72900,,20,20,3375,91,0,0,FALSE,FALSE,FALSE
ID086,2025-11-12,784,71850,,6,0,0,91,0,6,FALSE,FALSE,FALSE
ID086,2025-11-13,3122,74400,,15,15,3816,91,0,0,FALSE,FALSE,FALSE
ID086,2025-11-14,4937,77500,,26,0,0,91,0,26,FALSE,FALSE,FALSE
ID086,2025-11-15,3073,78200,,25,25,3541,91,0,0,FALSE,FALSE,FALSE
ID086,2025-11-16,3360,77950,,18,18,3563,91,0,0,FALSE,FALSE,FALSE
ID086,2025-11-17,4030,79500,,21,21,3898,91,0,0,FALSE,FALSE,FALSE
ID086,2025-11-18,2982,78700,,20,20,2868,91,0,0,FALSE,FALSE,FALSE
ID086,2025-11-19,2874,79850,,14,14,3062,91,0,0,FALSE,FALSE,FALSE
ID086,2025-11-20,2304,80800,,14,14,2548,91,0,0,FALSE,FALSE,FALSE
ID086,2025-11-21,4240,82500,,17,0,0,91,0,17,FALSE,FALSE,FALSE
ID086,2025-11-22,2879,83200,,15,15,3256,91,0,0,FALSE,FALSE,FALSE
ID086,2025-11-23,2412,83600,,19,19,3382,91,0,0,FALSE,FALSE,FALSE
ID086,2025-11-24,3174,85050,,16,16,4287,91,0,0,FALSE,FALSE,FALSE
ID086,2025-11-25,2158,84300,,13,0,0,91,0,13,FALSE,FALSE,FALSE
ID086,2025-11-26,3252,88000,,9,9,3758,91,0,0,FALSE,FALSE,FALSE
ID086,2025-11-27,3130,90800,,13,13,4288,91,0,0,FALSE,FALSE,FALSE
ID086,2025-11-28,2793,92550,,10,10,2791,91,10,0,FALSE,TRUE,FALSE
ID086,2025-11-29,3073,94300,,20,20,3352,91,0,0,FALSE,FALSE,FALSE
ID086,2025-11-30,3642,94100,,13,13,3567,91,0,0,FALSE,FALSE,FALSE
ID086,2025-12-01,3367,96000,,14,14,3345,91,0,0,FALSE,FALSE,FALSE
ID086,2025-12-02,3938,96700,,16,16,4712,91,0,0,FALSE,FALSE,FALSE
ID086,2025-12-03,3574,94500,,10,10,3848,91,0,0,FALSE,FALSE,FALSE
ID086,2025-12-04,2949,96500,,19,19,3699,91,0,0,FALSE,FALSE,FALSE
ID086,2025-12-05,3102,95400,,16,16,3294,91,0,0,FALSE,FALSE,FALSE
ID086,2025-12-06,3277,97100,,15,15,3869,91,0,0,FALSE,FALSE,FALSE
ID086,2025-12-07,4251,97500,,24,0,0,91,0,24,FALSE,FALSE,FALSE
ID086,2025-12-08,2610,98700,,11,11,2841,91,0,0,FALSE,FALSE,FALSE
ID086,2025-12-09,2992,98150,,12,12,3287,91,0,0,FALSE,FALSE,FALSE
ID086,2025-12-10,1797,100500,,9,0,0,91,0,9,FALSE,FALSE,FALSE
ID086,2025-12-11,3054,98300,,8,8,3625,91,0,0,FALSE,FALSE,FALSE
ID086,2025-12-12,1999,99450,,6,0,0,91,0,6,FALSE,FALSE,FALSE
ID086,2025-12-13,4126,103400,,10,10,4614,91,0,0,FALSE,FALSE,FALSE
ID086,2025-12-14,3484,104200,,13,13,3165,91,0,0,FALSE,FALSE,FALSE
ID086,2025-12-15,4354,105600,,20,20,4282,91,0,0,FALSE,FALSE,FALSE
ID086,2025-12-16,4274,106600,,9,9,3774,91,0,0,FALSE,FALSE,FALSE
ID086,2025-12-17,3999,107800,,14,14,3931,91,0,0,FALSE,FALSE,FALSE
ID086,2025-12-18,4127,108650,,16,16,3952,91,0,0,FALSE,FALSE,FALSE
ID086,2025-12-19,2331,106700,,10,0,0,91,0,10,FALSE,FALSE,FALSE
ID086,2025-12-20,4057,109500,,11,11,3955,91,0,0,FALSE,FALSE,FALSE
ID086,2025-12-21,4499,111800,,17,0,0,91,0,17,FALSE,FALSE,FALSE
ID086,2025-12-22,4403,114300,,18,18,4343,91,0,0,FALSE,FALSE,FALSE
ID086,2025-12-23,3880,113900,,16,16,4830,91,0,0,FALSE,FALSE,FALSE
ID086,2025-12-24,2151,111500,,8,0,0,91,0,8,FALSE,FALSE,FALSE
ID086,2025-12-25,2628,112050,,14,14,2884,91,0,0,FALSE,FALSE,FALSE
ID086,2025-12-26,32,113300,,1,0,0,91,0,1,FALSE,FALSE,FALSE
ID087,2025-09-12,632,28000,,7,0,0,94,0,7,FALSE,FALSE,FALSE
ID087,2025-09-13,1373,28200,,17,17,3250,94,2,0,FALSE,FALSE,FALSE
ID087,2025-09-14,1670,44800,,19,19,2950,94,2,0,FALSE,FALSE,FALSE
ID087,2025-09-15,1781,30000,,23,23,3283,94,0,0,FALSE,FALSE,FALSE
ID087,2025-09-16,1465,31000,,17,17,2912,94,0,0,FALSE,FALSE,FALSE
ID087,2025-09-17,1678,32000,,17,17,3529,94,2,0,FALSE,FALSE,FALSE
ID087,2025-09-18,1862,33000,,22,22,3063,94,0,0,FALSE,FALSE,FALSE
ID087,2025-09-19,1307,33700,,14,14,2347,94,0,0,FALSE,FALSE,FALSE
ID087,2025-09-20,2065,35650,,30,30,3902,94,0,0,FALSE,FALSE,FALSE
ID087,2025-09-21,1350,36200,,19,19,3428,94,0,0,FALSE,FALSE,FALSE
ID087,2025-09-22,1987,36850,,18,18,4738,94,0,0,FALSE,FALSE,FALSE
ID087,2025-09-23,1637,38400,,14,14,4219,94,0,0,FALSE,FALSE,FALSE
ID087,2025-09-24,1865,39100,,12,12,4137,94,0,0,FALSE,FALSE,FALSE
ID087,2025-09-25,1577,39450,,8,8,3828,94,0,0,FALSE,FALSE,FALSE
ID087,2025-09-26,1665,40500,,15,15,3815,94,0,0,FALSE,FALSE,FALSE
ID087,2025-09-27,1672,41600,,13,13,4021,94,0,0,FALSE,FALSE,FALSE
ID087,2025-09-28,2035,39700,,20,20,4324,94,0,0,FALSE,FALSE,FALSE
ID087,2025-09-29,1733,40600,,13,13,4015,94,0,0,FALSE,FALSE,FALSE
ID087,2025-09-30,1565,40600,,17,17,3452,94,0,0,FALSE,FALSE,FALSE
ID087,2025-10-01,1744,41300,,12,12,3881,94,0,0,FALSE,FALSE,FALSE
ID087,2025-10-02,2115,44000,,21,21,4826,94,0,0,FALSE,FALSE,FALSE
ID087,2025-10-03,2376,44650,,18,18,3806,94,0,0,FALSE,FALSE,FALSE
ID087,2025-10-04,2220,45150,,12,12,4649,94,0,0,FALSE,FALSE,FALSE
ID087,2025-10-05,2057,45900,,20,20,4582,94,0,0,FALSE,FALSE,FALSE
ID087,2025-10-06,2138,47400,,16,16,4321,94,0,0,FALSE,FALSE,FALSE
ID087,2025-10-07,2287,48500,,20,20,4691,94,0,0,FALSE,FALSE,FALSE
ID087,2025-10-08,1458,48400,,13,13,3692,94,0,0,FALSE,FALSE,FALSE
ID087,2025-10-09,1740,46550,,12,12,3910,94,0,0,FALSE,FALSE,FALSE
ID087,2025-10-10,2176,50300,,13,13,4178,94,0,0,FALSE,FALSE,FALSE
ID087,2025-10-11,2460,52100,,15,15,5479,94,0,0,FALSE,FALSE,FALSE
ID087,2025-10-12,2653,52600,,17,17,5363,94,0,0,FALSE,FALSE,FALSE
ID087,2025-10-13,2364,52950,,16,16,4384,94,0,0,FALSE,FALSE,FALSE
ID087,2025-10-14,2854,55500,,18,18,5599,94,0,0,FALSE,FALSE,FALSE
ID087,2025-10-15,2362,55600,,13,13,4265,94,0,0,FALSE,FALSE,FALSE
ID087,2025-10-16,2809,56900,,14,14,5222,94,0,0,FALSE,FALSE,FALSE
ID087,2025-10-17,2616,58100,,10,10,4920,94,0,0,FALSE,FALSE,FALSE
ID087,2025-10-18,1915,56600,,4,0,0,94,0,4,FALSE,FALSE,FALSE
ID087,2025-10-19,3040,59400,,5,5,3805,94,0,0,FALSE,FALSE,FALSE
ID087,2025-10-20,3115,61800,,13,13,5366,94,0,0,FALSE,FALSE,FALSE
ID087,2025-10-21,3569,63550,,16,16,5010,94,0,0,FALSE,FALSE,FALSE
ID087,2025-10-22,3073,64500,,16,16,4377,94,0,0,FALSE,FALSE,FALSE
ID087,2025-10-23,3092,65400,,14,14,4657,94,0,0,FALSE,FALSE,FALSE
ID087,2025-10-24,3361,66600,,13,13,4949,94,0,0,FALSE,FALSE,FALSE
ID087,2025-10-25,3189,65900,,9,9,4622,94,0,0,FALSE,FALSE,FALSE
ID087,2025-10-26,3153,64850,,12,12,4580,94,0,0,FALSE,FALSE,FALSE
ID087,2025-10-27,2420,66500,,5,5,3380,94,0,0,FALSE,FALSE,FALSE
ID087,2025-10-28,3784,69050,,14,14,4781,94,0,0,FALSE,FALSE,FALSE
ID087,2025-10-29,2985,69650,,10,10,4343,94,0,0,FALSE,FALSE,FALSE
ID087,2025-10-30,3094,69900,,9,9,4144,94,0,0,FALSE,FALSE,FALSE
ID087,2025-10-31,2894,70700,,8,8,3843,94,0,0,FALSE,FALSE,FALSE
ID087,2025-11-01,3449,72450,,8,8,4652,94,0,0,FALSE,FALSE,FALSE
ID087,2025-11-02,2954,74200,,13,13,4042,94,0,0,FALSE,FALSE,FALSE
ID087,2025-11-03,2750,75700,,8,8,4041,94,0,0,FALSE,FALSE,FALSE
ID087,2025-11-04,3634,76800,,7,7,4931,94,0,0,FALSE,FALSE,FALSE
ID087,2025-11-05,3147,76800,,13,13,3960,94,0,0,FALSE,FALSE,FALSE
ID087,2025-11-06,3612,79200,,14,14,4736,94,0,0,FALSE,FALSE,FALSE
ID087,2025-11-07,3255,80800,,7,7,4138,94,0,0,FALSE,FALSE,FALSE
ID087,2025-11-08,3510,82100,,11,11,4524,94,0,0,FALSE,FALSE,FALSE
ID087,2025-11-09,4215,82800,,6,6,4412,94,0,0,FALSE,FALSE,FALSE
ID087,2025-11-10,3633,82650,,12,12,4554,94,0,0,FALSE,FALSE,FALSE
ID087,2025-11-11,3474,85800,,13,13,4456,94,0,0,FALSE,FALSE,FALSE
ID087,2025-11-12,4124,82900,,8,8,2804,94,0,0,FALSE,FALSE,FALSE
ID087,2025-11-13,3312,86100,,4,4,3151,94,0,0,FALSE,FALSE,FALSE
ID087,2025-11-14,3424,88700,,13,13,3918,94,0,0,FALSE,FALSE,FALSE
ID087,2025-11-15,3751,87900,,7,7,4161,94,0,0,FALSE,FALSE,FALSE
ID087,2025-11-16,3016,89200,,13,13,3756,94,0,0,FALSE,FALSE,FALSE
ID087,2025-11-17,3208,90500,,14,14,4260,94,0,0,FALSE,FALSE,FALSE
ID087,2025-11-18,3986,92450,,8,8,5017,94,0,0,FALSE,FALSE,FALSE
ID087,2025-11-19,3813,93250,,10,10,4704,94,0,0,FALSE,FALSE,FALSE
ID087,2025-11-20,3841,90750,,12,12,4936,94,0,0,FALSE,FALSE,FALSE
ID087,2025-11-21,2877,93700,,9,9,3394,94,0,0,FALSE,FALSE,FALSE
ID087,2025-11-22,3910,95150,,8,8,5252,94,0,0,FALSE,FALSE,FALSE
ID087,2025-11-23,3310,96600,,14,14,4568,94,0,0,FALSE,FALSE,FALSE
ID087,2025-11-24,4032,97100,,13,13,5705,94,0,0,FALSE,FALSE,FALSE
ID087,2025-11-25,3199,96600,,13,13,4828,94,0,0,FALSE,FALSE,FALSE
ID087,2025-11-26,3121,99800,,6,6,4003,94,0,0,FALSE,FALSE,FALSE
ID087,2025-11-27,4203,99800,,16,16,4834,94,1,0,FALSE,FALSE,FALSE
ID087,2025-11-28,2906,100800,,13,13,4375,94,0,0,FALSE,FALSE,FALSE
ID087,2025-11-29,4211,102200,,15,15,5150,94,0,0,FALSE,FALSE,FALSE
ID087,2025-11-30,4310,100500,,12,12,5034,94,0,0,FALSE,FALSE,FALSE
ID087,2025-12-01,3403,104000,,9,9,4851,94,0,0,FALSE,FALSE,FALSE
ID087,2025-12-02,4540,105900,,13,0,0,94,0,13,FALSE,FALSE,FALSE
ID087,2025-12-03,4050,109200,,9,9,6168,94,0,0,FALSE,FALSE,FALSE
ID087,2025-12-04,3280,110100,,14,14,4101,94,0,0,FALSE,FALSE,FALSE
ID087,2025-12-05,3873,113200,,11,11,5362,94,0,0,FALSE,FALSE,FALSE
ID087,2025-12-06,2736,112500,,19,0,0,94,0,19,FALSE,FALSE,FALSE
ID087,2025-12-07,4219,114850,,18,18,5471,94,0,0,FALSE,FALSE,FALSE
ID087,2025-12-08,3501,113500,,21,21,5026,94,0,0,FALSE,FALSE,FALSE
ID087,2025-12-09,3713,116500,,10,10,4739,94,0,0,FALSE,FALSE,FALSE
ID087,2025-12-10,3637,114200,,22,22,4352,94,0,0,FALSE,FALSE,FALSE
ID087,2025-12-11,2474,113900,,16,16,3178,94,0,0,FALSE,FALSE,FALSE
ID087,2025-12-12,1684,112400,,4,0,0,94,0,4,FALSE,FALSE,FALSE
ID087,2025-12-13,4594,117300,,23,0,0,94,0,23,FALSE,FALSE,FALSE
ID087,2025-12-14,2882,118400,,20,20,3520,94,0,0,FALSE,FALSE,FALSE
ID087,2025-12-15,3156,117000,,9,9,3788,94,0,0,FALSE,FALSE,FALSE
ID087,2025-12-16,3124,122400,,13,13,3752,94,0,0,FALSE,FALSE,FALSE
ID087,2025-12-17,3141,124200,,17,17,3864,94,0,0,FALSE,FALSE,FALSE
ID087,2025-12-18,4002,125350,,18,18,4713,94,0,0,FALSE,FALSE,FALSE
ID087,2025-12-19,3933,124150,,22,22,3931,94,0,0,FALSE,FALSE,FALSE
ID087,2025-12-20,3263,126400,,13,13,3461,94,0,0,FALSE,FALSE,FALSE
ID087,2025-12-21,3654,127400,,15,0,0,94,0,15,FALSE,FALSE,FALSE
ID087,2025-12-22,3560,128100,,17,0,0,94,0,17,FALSE,FALSE,FALSE
ID087,2025-12-23,1890,127300,,11,11,2209,94,0,0,FALSE,FALSE,FALSE
ID087,2025-12-24,361,123400,,3,0,0,94,0,3,FALSE,FALSE,FALSE
ID087,2025-12-25,634,,,5,0,0,94,5,5,FALSE,TRUE,FALSE
ID089,2025-09-12,459,31800,,10,0,0,92,0,10,FALSE,FALSE,FALSE
ID089,2025-09-13,858,32800,,18,18,1921,92,1,0,FALSE,FALSE,FALSE
ID089,2025-09-14,659,33900,,10,10,998,92,10,0,FALSE,TRUE,FALSE
ID089,2025-09-15,802,35000,,14,14,1836,92,0,0,FALSE,FALSE,FALSE
ID089,2025-09-16,563,34900,,13,0,0,92,0,13,FALSE,FALSE,FALSE
ID089,2025-09-17,594,35100,,8,0,0,92,0,8,FALSE,FALSE,FALSE
ID089,2025-09-18,774,35850,,9,9,1847,92,9,0,FALSE,TRUE,FALSE
ID089,2025-09-19,886,36600,,14,14,1641,92,0,0,FALSE,FALSE,FALSE
ID089,2025-09-20,1160,37400,,25,25,2413,92,0,0,FALSE,FALSE,FALSE
ID089,2025-09-21,1586,36850,,24,24,3199,92,0,0,FALSE,FALSE,FALSE
ID089,2025-09-22,1500,37375,,19,19,2681,92,19,0,FALSE,TRUE,FALSE
ID089,2025-09-23,1586,37900,,16,16,3396,92,0,0,FALSE,FALSE,FALSE
ID089,2025-09-24,1258,45150,,12,12,3196,92,0,0,FALSE,FALSE,FALSE
ID089,2025-09-25,1462,38900,,7,7,2685,92,0,0,FALSE,FALSE,FALSE
ID089,2025-09-26,1541,40300,,12,12,2664,92,0,0,FALSE,FALSE,FALSE
ID089,2025-09-27,802,46000,,11,11,1332,92,0,0,FALSE,FALSE,FALSE
ID089,2025-09-28,1247,40000,,7,7,3369,92,0,0,FALSE,FALSE,FALSE
ID089,2025-09-29,1042,40300,,5,5,2693,92,0,0,FALSE,FALSE,FALSE
ID089,2025-09-30,759,41600,,5,5,1601,92,0,0,FALSE,FALSE,FALSE
ID089,2025-10-01,2155,42200,,7,0,0,92,0,7,FALSE,FALSE,FALSE
ID089,2025-10-02,1628,43450,,6,6,2807,92,0,0,FALSE,FALSE,FALSE
ID089,2025-10-03,1565,44100,,6,6,2299,92,0,0,FALSE,FALSE,FALSE
ID089,2025-10-04,2023,44800,,7,7,3578,92,0,0,FALSE,FALSE,FALSE
ID089,2025-10-05,1716,45650,,6,6,2549,92,0,0,FALSE,FALSE,FALSE
ID089,2025-10-06,1867,45950,,4,4,2516,92,0,0,FALSE,FALSE,FALSE
ID089,2025-10-07,1585,47650,,6,6,2559,92,0,0,FALSE,FALSE,FALSE
ID089,2025-10-08,1048,47850,,2,2,1440,92,0,0,FALSE,FALSE,FALSE
ID089,2025-10-09,1875,49400,,3,3,1992,92,0,0,FALSE,FALSE,FALSE
ID089,2025-10-10,1392,49050,,6,6,2518,92,0,0,FALSE,FALSE,FALSE
ID089,2025-10-11,1879,50800,,5,5,3026,92,0,0,FALSE,FALSE,FALSE
ID089,2025-10-12,1926,52500,,8,8,2915,92,0,0,FALSE,FALSE,FALSE
ID089,2025-10-13,1630,53600,,6,6,2177,92,0,0,FALSE,FALSE,FALSE
ID089,2025-10-14,2432,52000,,7,7,3251,92,0,0,FALSE,FALSE,FALSE
ID089,2025-10-15,1974,55000,,7,7,2834,92,0,0,FALSE,FALSE,FALSE
ID089,2025-10-16,2011,55200,,9,9,3154,92,0,0,FALSE,FALSE,FALSE
ID089,2025-10-17,1762,56250,,4,4,2176,92,0,0,FALSE,FALSE,FALSE
ID089,2025-10-18,1904,56900,,8,8,2742,92,0,0,FALSE,FALSE,FALSE
ID089,2025-10-19,1820,58300,,7,7,2763,92,0,0,FALSE,FALSE,FALSE
ID089,2025-10-20,2016,59400,,5,5,2247,92,0,0,FALSE,FALSE,FALSE
ID089,2025-10-21,991,59950,,4,4,1422,92,0,0,FALSE,FALSE,FALSE
ID089,2025-10-22,1241,65200,,1,1,1736,92,0,0,FALSE,FALSE,FALSE
ID089,2025-10-23,1936,67500,,5,5,2778,92,0,0,FALSE,FALSE,FALSE
ID089,2025-10-24,2080,68350,,2,2,2494,92,0,0,FALSE,FALSE,FALSE
ID089,2025-10-25,2567,69450,,6,6,3280,92,0,0,FALSE,FALSE,FALSE
ID089,2025-10-26,2775,70350,,6,6,3189,92,0,0,FALSE,FALSE,FALSE
ID089,2025-10-27,1295,70950,,4,0,0,92,0,4,FALSE,FALSE,FALSE
ID089,2025-10-28,3330,73000,,9,9,3619,92,0,0,FALSE,FALSE,FALSE
ID089,2025-10-29,1017,72400,,1,0,0,92,0,1,FALSE,FALSE,FALSE
ID089,2025-10-30,3057,74500,,9,9,2955,92,0,0,FALSE,FALSE,FALSE
ID089,2025-10-31,2218,75600,,7,7,2165,92,0,0,FALSE,FALSE,FALSE
ID089,2025-11-01,2931,72500,,7,7,3160,92,0,0,FALSE,FALSE,FALSE
ID089,2025-11-02,2558,72700,,9,9,3295,92,0,0,FALSE,FALSE,FALSE
ID089,2025-11-03,1625,73050,,6,6,1566,92,0,0,FALSE,FALSE,FALSE
ID089,2025-11-04,3775,75100,,16,0,0,92,0,16,FALSE,FALSE,FALSE
ID089,2025-11-05,1702,77100,,16,16,2031,92,0,0,FALSE,FALSE,FALSE
ID089,2025-11-06,2792,76100,,12,0,0,92,0,12,FALSE,FALSE,FALSE
ID089,2025-11-07,1346,75000,,3,3,1340,92,0,0,FALSE,FALSE,FALSE
ID089,2025-11-08,1918,76750,,8,8,1992,92,0,0,FALSE,FALSE,FALSE
ID089,2025-11-09,1277,77000,,6,6,1495,92,0,0,FALSE,FALSE,FALSE
ID089,2025-11-10,1014,76800,,5,0,0,92,0,5,FALSE,FALSE,FALSE
ID089,2025-11-11,1853,76400,,4,4,1549,92,0,0,FALSE,FALSE,FALSE
ID089,2025-11-12,2428,78900,,3,3,2081,92,0,0,FALSE,FALSE,FALSE
ID089,2025-11-13,2239,81800,,5,5,1849,92,0,0,FALSE,FALSE,FALSE
ID089,2025-11-14,3572,82900,,10,0,0,92,0,10,FALSE,FALSE,FALSE
ID089,2025-11-15,4055,85100,,10,0,0,92,0,10,FALSE,FALSE,FALSE
ID089,2025-11-16,2883,86100,,7,7,2572,92,0,0,FALSE,FALSE,FALSE
ID089,2025-11-17,3562,86500,,9,9,2593,92,0,0,FALSE,FALSE,FALSE
ID089,2025-11-18,2450,86100,,9,9,2016,92,0,0,FALSE,FALSE,FALSE
ID089,2025-11-19,2481,84900,,7,7,2399,92,0,0,FALSE,FALSE,FALSE
ID089,2025-11-20,2367,88100,,13,13,1781,92,0,0,FALSE,FALSE,FALSE
ID089,2025-11-21,2968,87000,,9,9,2501,92,0,0,FALSE,FALSE,FALSE
ID089,2025-11-22,2948,88300,,11,11,2647,92,0,0,FALSE,FALSE,FALSE
ID089,2025-11-23,3764,91300,,11,11,3018,92,0,0,FALSE,FALSE,FALSE
ID089,2025-11-24,3366,93400,,11,11,3184,92,0,0,FALSE,FALSE,FALSE
ID089,2025-11-25,3725,94900,,9,9,3063,92,0,0,FALSE,FALSE,FALSE
ID089,2025-11-26,3969,96000,,10,10,3014,92,0,0,FALSE,FALSE,FALSE
ID089,2025-11-27,3722,96800,,13,13,3359,92,0,0,FALSE,FALSE,FALSE
ID089,2025-11-28,2013,97200,,5,0,0,92,0,5,FALSE,FALSE,FALSE
ID089,2025-11-29,4534,99000,,16,16,3833,92,0,0,FALSE,FALSE,FALSE
ID089,2025-11-30,3524,99900,,10,10,2618,92,0,0,FALSE,FALSE,FALSE
ID089,2025-12-01,4019,102100,,14,14,2931,92,0,0,FALSE,FALSE,FALSE
ID089,2025-12-02,4720,103000,,13,0,0,92,0,13,FALSE,FALSE,FALSE
ID089,2025-12-03,2569,102550,,12,0,0,92,0,12,FALSE,FALSE,FALSE
ID089,2025-12-04,3696,103600,,17,17,3297,92,0,0,FALSE,FALSE,FALSE
ID089,2025-12-05,4407,104300,,11,0,0,92,0,11,FALSE,FALSE,FALSE
ID089,2025-12-06,3421,106300,,14,14,2806,92,0,0,FALSE,FALSE,FALSE
ID089,2025-12-07,3440,105750,,12,12,2972,92,0,0,FALSE,FALSE,FALSE
ID089,2025-12-08,3540,108400,,12,12,3238,92,0,0,FALSE,FALSE,FALSE
ID089,2025-12-09,2716,108200,,12,12,2432,92,0,0,FALSE,FALSE,FALSE
ID089,2025-12-10,4098,112050,,10,0,0,92,0,10,FALSE,FALSE,FALSE
ID089,2025-12-11,2373,111700,,2,2,1756,92,0,0,FALSE,FALSE,FALSE
ID089,2025-12-12,2324,111500,,5,5,1630,92,0,0,FALSE,FALSE,FALSE
ID089,2025-12-13,2304,114950,,4,4,1475,92,0,0,FALSE,FALSE,FALSE
ID089,2025-12-14,5315,115600,,16,0,0,92,0,16,FALSE,FALSE,FALSE
ID089,2025-12-15,3596,116800,,8,8,2016,92,0,0,FALSE,FALSE,FALSE
ID089,2025-12-16,3090,116000,,5,5,1971,92,0,0,FALSE,FALSE,FALSE
ID089,2025-12-17,3651,115750,,8,8,2583,92,0,0,FALSE,FALSE,FALSE
ID089,2025-12-18,3498,116850,,10,10,2204,92,0,0,FALSE,FALSE,FALSE
ID089,2025-12-19,4599,118350,,14,14,2684,92,0,0,FALSE,FALSE,FALSE
ID089,2025-12-20,2605,116100,,7,0,0,92,0,7,FALSE,FALSE,FALSE
ID089,2025-12-21,4120,121100,,19,19,2599,92,0,0,FALSE,FALSE,FALSE
ID089,2025-12-22,4881,121300,,14,0,0,92,0,14,FALSE,FALSE,FALSE
ID089,2025-12-23,3783,123100,,9,9,2569,92,0,0,FALSE,FALSE,FALSE
ID089,2025-12-24,3784,124050,,10,10,2302,92,0,0,FALSE,FALSE,FALSE
ID089,2025-12-25,4016,125800,,21,21,2506,92,0,0,FALSE,FALSE,FALSE
ID089,2025-12-26,1226,126200,,3,0,0,92,0,3,FALSE,FALSE,FALSE
ID093,2025-09-13,204,26350,,2,0,0,92,0,2,FALSE,FALSE,FALSE
ID093,2025-09-14,651,30675,,7,7,842,92,7,0,FALSE,TRUE,FALSE
ID093,2025-09-15,954,35000,,12,12,2192,92,0,0,FALSE,FALSE,FALSE
ID093,2025-09-16,585,30600,,9,9,1583,92,0,0,FALSE,FALSE,FALSE
ID093,2025-09-17,1216,31250,,12,12,2594,92,0,0,FALSE,FALSE,FALSE
ID093,2025-09-18,1833,32100,,16,16,2925,92,0,0,FALSE,FALSE,FALSE
ID093,2025-09-19,1373,33600,,15,15,3166,92,0,0,FALSE,FALSE,FALSE
ID093,2025-09-20,878,32300,,14,14,2226,92,14,0,FALSE,TRUE,FALSE
ID093,2025-09-21,1029,31000,,9,9,1677,92,0,0,FALSE,FALSE,FALSE
ID093,2025-09-22,1810,33650,,16,16,3746,92,0,0,FALSE,FALSE,FALSE
ID093,2025-09-23,1700,34000,,12,12,2030,92,12,0,FALSE,TRUE,FALSE
ID093,2025-09-24,1349,34350,,6,6,2851,92,0,0,FALSE,FALSE,FALSE
ID093,2025-09-25,2245,35300,,11,11,3402,92,0,0,FALSE,FALSE,FALSE
ID093,2025-09-26,719,41250,,4,4,1241,92,0,0,FALSE,FALSE,FALSE
ID093,2025-09-27,1429,41100,,5,5,2977,92,0,0,FALSE,FALSE,FALSE
ID093,2025-09-28,1170,35400,,5,5,2631,92,0,0,FALSE,FALSE,FALSE
ID093,2025-09-29,389,48550,,2,0,0,92,0,2,FALSE,FALSE,FALSE
ID093,2025-09-30,984,37700,,3,3,2098,92,0,0,FALSE,FALSE,FALSE
ID093,2025-10-01,1711,37800,,8,8,2809,92,0,0,FALSE,FALSE,FALSE
ID093,2025-10-02,1806,39800,,6,6,2780,92,0,0,FALSE,FALSE,FALSE
ID093,2025-10-03,1764,40300,,7,7,3088,92,0,0,FALSE,FALSE,FALSE
ID093,2025-10-04,1276,40700,,6,6,2252,92,0,0,FALSE,FALSE,FALSE
ID093,2025-10-05,1626,42200,,7,7,2872,92,0,0,FALSE,FALSE,FALSE
ID093,2025-10-06,1667,43000,,5,5,3021,92,0,0,FALSE,FALSE,FALSE
ID093,2025-10-07,1597,44300,,10,10,3057,92,0,0,FALSE,FALSE,FALSE
ID093,2025-10-08,1486,46000,,7,7,2411,92,0,0,FALSE,FALSE,FALSE
ID093,2025-10-09,1231,46300,,5,5,2586,92,0,0,FALSE,FALSE,FALSE
ID093,2025-10-10,2129,46600,,7,7,3802,92,0,0,FALSE,FALSE,FALSE
ID093,2025-10-11,1995,47300,,9,9,3381,92,0,0,FALSE,FALSE,FALSE
ID093,2025-10-12,1889,49500,,8,8,3277,92,0,0,FALSE,FALSE,FALSE
ID093,2025-10-13,1822,50500,,9,9,3503,92,0,0,FALSE,FALSE,FALSE
ID093,2025-10-14,2081,49000,,7,7,2748,92,0,0,FALSE,FALSE,FALSE
ID093,2025-10-15,1955,51550,,6,6,3239,92,0,0,FALSE,FALSE,FALSE
ID093,2025-10-16,2432,52500,,6,6,3564,92,0,0,FALSE,FALSE,FALSE
ID093,2025-10-17,1594,53400,,5,5,2454,92,0,0,FALSE,FALSE,FALSE
ID093,2025-10-18,1707,54700,,6,6,3699,92,0,0,FALSE,FALSE,FALSE
ID093,2025-10-19,1590,56200,,7,7,2487,92,0,0,FALSE,FALSE,FALSE
ID093,2025-10-20,1631,56500,,5,5,2912,92,0,0,FALSE,FALSE,FALSE
ID093,2025-10-21,520,57300,,3,0,0,92,0,3,FALSE,FALSE,FALSE
ID093,2025-10-22,1100,60900,,1,1,1599,92,0,0,FALSE,FALSE,FALSE
ID093,2025-10-23,1835,65200,,3,3,2601,92,0,0,FALSE,FALSE,FALSE
ID093,2025-10-24,2785,65300,,6,6,3783,92,0,0,FALSE,FALSE,FALSE
ID093,2025-10-25,2189,65150,,4,4,2846,92,0,0,FALSE,FALSE,FALSE
ID093,2025-10-26,2695,66700,,4,4,2898,92,0,0,FALSE,FALSE,FALSE
ID093,2025-10-27,3168,67000,,5,5,3622,92,0,0,FALSE,FALSE,FALSE
ID093,2025-10-28,2629,69000,,6,6,2874,92,0,0,FALSE,FALSE,FALSE
ID093,2025-10-29,2637,69300,,3,3,3281,92,0,0,FALSE,FALSE,FALSE
ID093,2025-10-30,3661,72900,,7,7,4498,92,0,0,FALSE,FALSE,FALSE
ID093,2025-10-31,2023,74000,,5,5,2635,92,0,0,FALSE,FALSE,FALSE
ID093,2025-11-01,3524,72550,,8,8,4299,92,0,0,FALSE,FALSE,FALSE
ID093,2025-11-02,2678,69800,,10,10,3021,92,0,0,FALSE,FALSE,FALSE
ID093,2025-11-03,3217,71200,,12,12,4149,92,0,0,FALSE,FALSE,FALSE
ID093,2025-11-04,3068,72900,,6,6,3490,92,0,0,FALSE,FALSE,FALSE
ID093,2025-11-05,2504,74800,,11,11,3071,92,0,0,FALSE,FALSE,FALSE
ID093,2025-11-06,2315,74350,,8,8,3330,92,0,0,FALSE,FALSE,FALSE
ID093,2025-11-07,3175,74900,,10,10,3722,92,0,0,FALSE,FALSE,FALSE
ID093,2025-11-08,2671,75900,,8,8,3856,92,0,0,FALSE,FALSE,FALSE
ID093,2025-11-09,2268,76700,,10,10,2890,92,0,0,FALSE,FALSE,FALSE
ID093,2025-11-10,2015,76300,,9,9,2966,92,0,0,FALSE,FALSE,FALSE
ID093,2025-11-11,971,76300,,3,0,0,92,0,3,FALSE,FALSE,FALSE
ID093,2025-11-12,2758,75100,,3,3,2156,92,0,0,FALSE,FALSE,FALSE
ID093,2025-11-13,747,76800,,1,0,0,92,0,1,FALSE,FALSE,FALSE
ID093,2025-11-14,2663,78700,,5,5,2910,92,0,0,FALSE,FALSE,FALSE
ID093,2025-11-15,3404,82400,,6,6,3799,92,0,0,FALSE,FALSE,FALSE
ID093,2025-11-16,1836,82600,,5,5,2318,92,0,0,FALSE,FALSE,FALSE
ID093,2025-11-17,3600,83100,,9,9,3944,92,0,0,FALSE,FALSE,FALSE
ID093,2025-11-18,2586,84900,,10,10,2802,92,0,0,FALSE,FALSE,FALSE
ID093,2025-11-19,4058,87100,,9,9,3730,92,0,0,FALSE,FALSE,FALSE
ID093,2025-11-20,1422,85800,,4,0,0,92,0,4,FALSE,FALSE,FALSE
ID093,2025-11-21,3562,87100,,13,13,3383,92,0,0,FALSE,FALSE,FALSE
ID093,2025-11-22,2365,88700,,19,0,0,92,0,19,FALSE,FALSE,FALSE
ID093,2025-11-23,3686,88900,,13,13,3757,92,0,0,FALSE,FALSE,FALSE
ID093,2025-11-24,4164,91200,,17,17,3987,92,0,0,FALSE,FALSE,FALSE
ID093,2025-11-25,3966,92400,,6,6,3763,92,0,0,FALSE,FALSE,FALSE
ID093,2025-11-26,2779,92800,,11,11,2865,92,0,0,FALSE,FALSE,FALSE
ID093,2025-11-27,3824,94950,,10,10,3697,92,0,0,FALSE,FALSE,FALSE
ID093,2025-11-28,3555,96450,,6,6,3548,92,0,0,FALSE,FALSE,FALSE
ID093,2025-11-29,3950,98300,,11,11,3962,92,0,0,FALSE,FALSE,FALSE
ID093,2025-11-30,3320,98400,,6,6,3672,92,0,0,FALSE,FALSE,FALSE
ID093,2025-12-01,4751,100100,,11,0,0,92,0,11,FALSE,FALSE,FALSE
ID093,2025-12-02,4291,101400,,9,9,4078,92,0,0,FALSE,FALSE,FALSE
ID093,2025-12-03,2241,101800,,12,0,0,92,0,12,FALSE,FALSE,FALSE
ID093,2025-12-04,3342,101950,,10,10,3630,92,0,0,FALSE,FALSE,FALSE
ID093,2025-12-05,4101,103300,,11,11,3921,92,0,0,FALSE,FALSE,FALSE
ID093,2025-12-06,3924,102600,,10,10,3707,92,0,0,FALSE,FALSE,FALSE
ID093,2025-12-07,3590,103000,,8,8,3138,92,0,0,FALSE,FALSE,FALSE
ID093,2025-12-08,3346,106400,,7,7,3396,92,0,0,FALSE,FALSE,FALSE
ID093,2025-12-09,3373,106900,,4,4,2984,92,0,0,FALSE,FALSE,FALSE
ID093,2025-12-10,3742,110050,,6,6,3980,92,0,0,FALSE,FALSE,FALSE
ID093,2025-12-11,2748,110600,,6,6,1725,92,0,0,FALSE,FALSE,FALSE
ID093,2025-12-12,2323,112100,,2,2,2116,92,0,0,FALSE,FALSE,FALSE
ID093,2025-12-13,3163,114900,,6,6,3161,92,0,0,FALSE,FALSE,FALSE
ID093,2025-12-14,4100,114650,,4,4,3348,92,0,0,FALSE,FALSE,FALSE
ID093,2025-12-15,4338,115900,,6,0,0,92,0,6,FALSE,FALSE,FALSE
ID093,2025-12-16,4054,115300,,5,5,3661,92,0,0,FALSE,FALSE,FALSE
ID093,2025-12-17,2935,115300,,5,5,3012,92,0,0,FALSE,FALSE,FALSE
ID093,2025-12-18,3204,114000,,3,3,2991,92,0,0,FALSE,FALSE,FALSE
ID093,2025-12-19,1491,112900,,3,0,0,92,0,3,FALSE,FALSE,FALSE
ID093,2025-12-20,1283,111000,,2,0,0,92,0,2,FALSE,FALSE,FALSE
ID093,2025-12-21,2445,112550,,2,2,2247,92,0,0,FALSE,FALSE,FALSE
ID093,2025-12-22,2989,115550,,4,4,2832,92,0,0,FALSE,FALSE,FALSE
ID093,2025-12-23,2972,117150,,4,4,2851,92,0,0,FALSE,FALSE,FALSE
ID093,2025-12-24,4063,119500,,6,6,3854,92,0,0,FALSE,FALSE,FALSE
ID093,2025-12-25,4269,122100,,5,5,3489,92,0,0,FALSE,FALSE,FALSE
ID093,2025-12-26,706,121850,,2,0,0,92,0,2,FALSE,FALSE,FALSE
ID094,2025-09-12,210,26950,,10,0,0,95,0,10,FALSE,FALSE,FALSE
ID094,2025-09-13,1281,29900,,24,24,1996,95,2,0,FALSE,FALSE,FALSE
ID094,2025-09-14,1282,30500,,30,30,1928,95,0,0,FALSE,FALSE,FALSE
ID094,2025-09-15,1443,30200,,33,33,2598,95,0,0,FALSE,FALSE,FALSE
ID094,2025-09-16,1042,31000,,22,22,2332,95,0,0,FALSE,FALSE,FALSE
ID094,2025-09-17,1616,32100,,40,40,3000,95,0,0,FALSE,FALSE,FALSE
ID094,2025-09-18,1714,33300,,36,36,3595,95,0,0,FALSE,FALSE,FALSE
ID094,2025-09-19,830,33800,,23,0,0,95,0,23,FALSE,FALSE,FALSE
ID094,2025-09-20,1275,33900,,27,27,2468,95,0,0,FALSE,FALSE,FALSE
ID094,2025-09-21,1456,34700,,29,29,3492,95,0,0,FALSE,FALSE,FALSE
ID094,2025-09-22,1656,35900,,26,26,3413,95,0,0,FALSE,FALSE,FALSE
ID094,2025-09-23,1762,36600,,24,24,3606,95,0,0,FALSE,FALSE,FALSE
ID094,2025-09-24,1782,36400,,29,29,3497,95,0,0,FALSE,FALSE,FALSE
ID094,2025-09-25,2178,37700,,37,37,3247,95,0,0,FALSE,FALSE,FALSE
ID094,2025-09-26,1851,38400,,24,24,3106,95,0,0,FALSE,FALSE,FALSE
ID094,2025-09-27,1441,40600,,26,26,2406,95,0,0,FALSE,FALSE,FALSE
ID094,2025-09-28,1693,41100,,25,25,2632,95,0,0,FALSE,FALSE,FALSE
ID094,2025-09-29,1457,40900,,16,16,1811,95,0,0,FALSE,FALSE,FALSE
ID094,2025-09-30,1809,42800,,35,35,2782,95,0,0,FALSE,FALSE,FALSE
ID094,2025-10-01,1756,43000,,21,21,2808,95,0,0,FALSE,FALSE,FALSE
ID094,2025-10-02,2562,44000,,41,41,3146,95,0,0,FALSE,FALSE,FALSE
ID094,2025-10-03,2135,44900,,31,31,2959,95,0,0,FALSE,FALSE,FALSE
ID094,2025-10-04,2122,45600,,21,21,2816,95,0,0,FALSE,FALSE,FALSE
ID094,2025-10-05,2667,46200,,46,46,3399,95,0,0,FALSE,FALSE,FALSE
ID094,2025-10-06,2699,48200,,31,31,3092,95,0,0,FALSE,FALSE,FALSE
ID094,2025-10-07,2613,48500,,30,30,3525,95,0,0,FALSE,FALSE,FALSE
ID094,2025-10-08,2527,49100,,25,25,3258,95,0,0,FALSE,FALSE,FALSE
ID094,2025-10-09,2798,50400,,36,36,3367,95,0,0,FALSE,FALSE,FALSE
ID094,2025-10-10,2494,50200,,26,26,3061,95,0,0,FALSE,FALSE,FALSE
ID094,2025-10-11,2564,52200,,26,26,3394,95,0,0,FALSE,FALSE,FALSE
ID094,2025-10-12,2849,52400,,26,26,3833,95,0,0,FALSE,FALSE,FALSE
ID094,2025-10-13,2841,55400,,38,38,3564,95,0,0,FALSE,FALSE,FALSE
ID094,2025-10-14,2609,56000,,24,24,3324,95,0,0,FALSE,FALSE,FALSE
ID094,2025-10-15,2759,56600,,34,34,3494,95,0,0,FALSE,FALSE,FALSE
ID094,2025-10-16,2868,58500,,35,35,3473,95,0,0,FALSE,FALSE,FALSE
ID094,2025-10-17,2867,59100,,16,16,2620,95,0,0,FALSE,FALSE,FALSE
ID094,2025-10-18,1676,59100,,9,9,1847,95,0,0,FALSE,FALSE,FALSE
ID094,2025-10-19,2813,61100,,23,23,3286,95,0,0,FALSE,FALSE,FALSE
ID094,2025-10-20,2249,62700,,19,19,3079,95,0,0,FALSE,FALSE,FALSE
ID094,2025-10-21,3529,64100,,38,38,3823,95,0,0,FALSE,FALSE,FALSE
ID094,2025-10-22,3467,64700,,26,26,3700,95,0,0,FALSE,FALSE,FALSE
ID094,2025-10-23,3007,65500,,33,33,3414,95,0,0,FALSE,FALSE,FALSE
ID094,2025-10-24,3413,66300,,25,25,3391,95,0,0,FALSE,FALSE,FALSE
ID094,2025-10-25,3213,68300,,34,34,3569,95,0,0,FALSE,FALSE,FALSE
ID094,2025-10-26,3483,69300,,33,33,4057,95,0,0,FALSE,FALSE,FALSE
ID094,2025-10-27,4057,69900,,33,33,3336,95,0,0,FALSE,FALSE,FALSE
ID094,2025-10-28,2265,69900,,19,0,0,95,0,19,FALSE,FALSE,FALSE
ID094,2025-10-29,3250,72500,,45,45,3622,95,0,0,FALSE,FALSE,FALSE
ID094,2025-10-30,3210,73600,,25,25,3504,95,0,0,FALSE,FALSE,FALSE
ID094,2025-10-31,3484,74400,,35,35,3408,95,0,0,FALSE,FALSE,FALSE
ID094,2025-11-01,3133,76100,,25,25,3366,95,0,0,FALSE,FALSE,FALSE
ID094,2025-11-02,3923,77100,,34,34,3587,95,0,0,FALSE,FALSE,FALSE
ID094,2025-11-03,3357,77700,,25,25,3499,95,0,0,FALSE,FALSE,FALSE
ID094,2025-11-04,3618,79150,,28,28,3371,95,0,0,FALSE,FALSE,FALSE
ID094,2025-11-05,3496,79650,,40,40,2909,95,0,0,FALSE,FALSE,FALSE
ID094,2025-11-06,3866,80600,,46,46,3525,95,0,0,FALSE,FALSE,FALSE
ID094,2025-11-07,3409,81500,,26,26,3494,95,0,0,FALSE,FALSE,FALSE
ID094,2025-11-08,3101,83600,,29,29,3226,95,0,0,FALSE,FALSE,FALSE
ID094,2025-11-09,4188,84200,,45,45,3681,95,0,0,FALSE,FALSE,FALSE
ID094,2025-11-10,3778,85600,,33,33,3460,95,0,0,FALSE,FALSE,FALSE
ID094,2025-11-11,3323,86600,,51,51,3341,95,0,0,FALSE,FALSE,FALSE
ID094,2025-11-12,2619,89900,,23,23,2517,95,0,0,FALSE,FALSE,FALSE
ID094,2025-11-13,3542,91250,,40,40,2853,95,0,0,FALSE,FALSE,FALSE
ID094,2025-11-14,3625,92400,,32,32,2732,95,0,0,FALSE,FALSE,FALSE
ID094,2025-11-15,3152,92500,,36,36,2630,95,0,0,FALSE,FALSE,FALSE
ID094,2025-11-16,3642,94200,,28,28,3084,95,0,0,FALSE,FALSE,FALSE
ID094,2025-11-17,4810,95400,,46,0,0,95,0,46,FALSE,FALSE,FALSE
ID094,2025-11-18,4169,97200,,48,48,3893,95,0,0,FALSE,FALSE,FALSE
ID094,2025-11-19,3787,94900,,45,45,3052,95,0,0,FALSE,FALSE,FALSE
ID094,2025-11-20,3379,94200,,47,47,3140,95,0,0,FALSE,FALSE,FALSE
ID094,2025-11-21,3782,96100,,47,47,3043,95,0,0,FALSE,FALSE,FALSE
ID094,2025-11-22,3557,96900,,48,48,3365,95,0,0,FALSE,FALSE,FALSE
ID094,2025-11-23,4474,97700,,50,50,3599,95,0,0,FALSE,FALSE,FALSE
ID094,2025-11-24,4066,98800,,36,36,3835,95,0,0,FALSE,FALSE,FALSE
ID094,2025-11-25,3528,99700,,47,47,2761,95,0,0,FALSE,FALSE,FALSE
ID094,2025-11-26,4535,101300,,41,41,4204,95,0,0,FALSE,FALSE,FALSE
ID094,2025-11-27,3577,102950,,32,32,3589,95,0,0,FALSE,FALSE,FALSE
ID094,2025-11-28,3483,102400,,33,33,3111,95,0,0,FALSE,FALSE,FALSE
ID094,2025-11-29,3953,104350,,42,42,3655,95,0,0,FALSE,FALSE,FALSE
ID094,2025-11-30,4677,104300,,48,0,0,95,0,48,FALSE,FALSE,FALSE
ID094,2025-12-01,4000,106900,,33,33,3560,95,0,0,FALSE,FALSE,FALSE
ID094,2025-12-02,4585,108850,,40,40,3937,95,0,0,FALSE,FALSE,FALSE
ID094,2025-12-03,3814,110800,,43,43,3319,95,0,0,FALSE,FALSE,FALSE
ID094,2025-12-04,4346,112200,,46,46,3599,95,0,0,FALSE,FALSE,FALSE
ID094,2025-12-05,3689,113900,,34,34,3202,95,0,0,FALSE,FALSE,FALSE
ID094,2025-12-06,2867,113400,,35,35,2571,95,0,0,FALSE,FALSE,FALSE
ID094,2025-12-07,3883,113800,,36,36,3052,95,0,0,FALSE,FALSE,FALSE
ID094,2025-12-08,3470,115600,,27,27,3273,95,0,0,FALSE,FALSE,FALSE
ID094,2025-12-09,3934,116600,,35,35,3937,95,0,0,FALSE,FALSE,FALSE
ID094,2025-12-10,3149,117700,,31,31,3260,95,0,0,FALSE,FALSE,FALSE
ID094,2025-12-11,3460,122400,,39,39,2870,95,0,0,FALSE,FALSE,FALSE
ID094,2025-12-12,3472,122700,,33,33,2254,95,0,0,FALSE,FALSE,FALSE
ID094,2025-12-13,4572,124300,,45,0,0,95,0,45,FALSE,FALSE,FALSE
ID094,2025-12-14,387,124800,,8,0,0,95,0,8,FALSE,FALSE,FALSE
ID094,2025-12-15,2619,125400,,31,31,2507,95,0,0,FALSE,FALSE,FALSE
ID094,2025-12-16,1253,123300,,12,0,0,95,0,12,FALSE,FALSE,FALSE
ID094,2025-12-17,2238,122500,,16,16,1787,95,0,0,FALSE,FALSE,FALSE
ID094,2025-12-18,2431,123100,,13,13,2171,95,0,0,FALSE,FALSE,FALSE
ID094,2025-12-19,1133,124750,,12,0,0,95,0,12,FALSE,FALSE,FALSE
ID094,2025-12-20,3340,124300,,24,24,2816,95,0,0,FALSE,FALSE,FALSE
ID094,2025-12-21,3929,125200,,20,20,4052,95,0,0,FALSE,FALSE,FALSE
ID094,2025-12-22,3325,124600,,40,40,2953,95,0,0,FALSE,FALSE,FALSE
ID094,2025-12-23,4204,127400,,24,24,3195,95,0,0,FALSE,FALSE,FALSE
ID094,2025-12-24,3785,127000,,47,47,2912,95,0,0,FALSE,FALSE,FALSE
ID096,2025-09-19,525,,,3,0,0,101,3,3,FALSE,TRUE,FALSE
ID096,2025-09-20,948,29000,,10,0,0,101,0,10,FALSE,FALSE,FALSE
ID096,2025-09-21,1000,29350,,6,6,2520,101,6,0,FALSE,TRUE,FALSE
ID096,2025-09-22,1576,29700,,9,9,3525,101,0,0,FALSE,FALSE,FALSE
ID096,2025-09-23,1581,30300,,5,5,3447,101,5,0,FALSE,TRUE,FALSE
ID096,2025-09-24,1865,30900,,10,10,4440,101,0,0,FALSE,FALSE,FALSE
ID096,2025-09-25,1412,32300,,13,13,3763,101,0,0,FALSE,FALSE,FALSE
ID096,2025-09-26,1402,33000,,7,7,3302,101,0,0,FALSE,FALSE,FALSE
ID096,2025-09-27,1609,33200,,8,8,3684,101,0,0,FALSE,FALSE,FALSE
ID096,2025-09-28,1164,33566.6666666667,,3,3,2492,101,3,0,FALSE,TRUE,FALSE
ID096,2025-09-29,2055,33933.3333333333,,12,12,3689,101,12,0,FALSE,TRUE,FALSE
ID096,2025-09-30,2552,34300,,11,11,3580,101,0,0,FALSE,FALSE,FALSE
ID096,2025-10-01,3185,35075,,5,5,3849,101,5,0,FALSE,TRUE,FALSE
ID096,2025-10-02,3329,35850,,10,10,3907,101,0,0,FALSE,FALSE,FALSE
ID096,2025-10-03,3399,37050,,14,14,3736,101,0,0,FALSE,FALSE,FALSE
ID096,2025-10-04,2975,37100,,10,10,3659,101,0,0,FALSE,FALSE,FALSE
ID096,2025-10-05,2973,37800,,6,6,2857,101,0,0,FALSE,FALSE,FALSE
ID096,2025-10-06,3006,39400,,7,7,3602,101,0,0,FALSE,FALSE,FALSE
ID096,2025-10-07,2865,40200,,7,7,3162,101,0,0,FALSE,FALSE,FALSE
ID096,2025-10-08,2743,40900,,11,11,3545,101,0,0,FALSE,FALSE,FALSE
ID096,2025-10-09,3554,41500,,12,12,4187,101,0,0,FALSE,FALSE,FALSE
ID096,2025-10-10,3318,43200,,13,13,4141,101,0,0,FALSE,FALSE,FALSE
ID096,2025-10-11,1844,44100,,6,6,2050,101,0,0,FALSE,FALSE,FALSE
ID096,2025-10-12,4617,44150,,8,8,4737,101,0,0,FALSE,FALSE,FALSE
ID096,2025-10-13,3351,46000,,8,8,2845,101,0,0,FALSE,FALSE,FALSE
ID096,2025-10-14,4010,46800,,5,5,3303,101,0,0,FALSE,FALSE,FALSE
ID096,2025-10-15,3542,47900,,10,10,3458,101,0,0,FALSE,FALSE,FALSE
ID096,2025-10-16,2859,49200,,8,8,2930,101,0,0,FALSE,FALSE,FALSE
ID096,2025-10-17,4644,49000,,10,10,3626,101,0,0,FALSE,FALSE,FALSE
ID096,2025-10-18,3003,49900,,5,5,2298,101,0,0,FALSE,FALSE,FALSE
ID096,2025-10-19,2418,50400,,3,3,1919,101,0,0,FALSE,FALSE,FALSE
ID096,2025-10-20,2667,52100,,7,7,1949,101,0,0,FALSE,FALSE,FALSE
ID096,2025-10-21,4384,53350,,6,6,3915,101,0,0,FALSE,FALSE,FALSE
ID096,2025-10-22,2892,52700,,9,9,3042,101,0,0,FALSE,FALSE,FALSE
ID096,2025-10-23,4061,54000,,9,9,3491,101,0,0,FALSE,FALSE,FALSE
ID096,2025-10-24,3801,56100,,7,7,3477,101,0,0,FALSE,FALSE,FALSE
ID096,2025-10-25,3362,57850,,12,12,3237,101,0,0,FALSE,FALSE,FALSE
ID096,2025-10-26,2604,57700,,4,4,2690,101,0,0,FALSE,FALSE,FALSE
ID096,2025-10-27,3716,56900,,3,3,3255,101,0,0,FALSE,FALSE,FALSE
ID096,2025-10-28,1330,58850,,2,2,925,101,0,0,FALSE,FALSE,FALSE
ID096,2025-10-29,3823,59200,,3,3,3304,101,0,0,FALSE,FALSE,FALSE
ID096,2025-10-30,1765,59450,,2,2,1999,101,0,0,FALSE,FALSE,FALSE
ID096,2025-10-31,2215,62900,,12,12,2537,101,0,0,FALSE,FALSE,FALSE
ID096,2025-11-01,2081,64900,,13,13,2348,101,0,0,FALSE,FALSE,FALSE
ID096,2025-11-02,3020,65000,,18,18,3272,101,0,0,FALSE,FALSE,FALSE
ID096,2025-11-03,4473,66500,,25,25,4533,101,0,0,FALSE,FALSE,FALSE
ID096,2025-11-04,3580,67550,,16,16,3017,101,0,0,FALSE,FALSE,FALSE
ID096,2025-11-05,4806,69000,,15,0,0,101,0,15,FALSE,FALSE,FALSE
ID096,2025-11-06,2618,70750,,14,14,2416,101,0,0,FALSE,FALSE,FALSE
ID096,2025-11-07,2558,69700,,17,17,2385,101,0,0,FALSE,FALSE,FALSE
ID096,2025-11-08,2957,71350,,22,22,2501,101,0,0,FALSE,FALSE,FALSE
ID096,2025-11-09,2781,72550,,16,16,2117,101,0,0,FALSE,FALSE,FALSE
ID096,2025-11-10,3811,73600,,17,17,2674,101,0,0,FALSE,FALSE,FALSE
ID096,2025-11-11,3991,74200,,18,18,3693,101,0,0,FALSE,FALSE,FALSE
ID096,2025-11-12,3274,75700,,17,17,2709,101,0,0,FALSE,FALSE,FALSE
ID096,2025-11-13,2008,74850,,8,8,2019,101,0,0,FALSE,FALSE,FALSE
ID096,2025-11-14,4002,78200,,16,16,2884,101,0,0,FALSE,FALSE,FALSE
ID096,2025-11-15,3953,80000,,21,21,3061,101,0,0,FALSE,FALSE,FALSE
ID096,2025-11-16,2980,79800,,16,16,2434,101,0,0,FALSE,FALSE,FALSE
ID096,2025-11-17,2992,80700,,21,21,2610,101,0,0,FALSE,FALSE,FALSE
ID096,2025-11-18,3340,81800,,17,17,3028,101,0,0,FALSE,FALSE,FALSE
ID096,2025-11-19,3437,82000,,23,23,3053,101,0,0,FALSE,FALSE,FALSE
ID096,2025-11-20,3558,83100,,23,23,3011,101,0,0,FALSE,FALSE,FALSE
ID096,2025-11-21,3234,83600,,26,26,2685,101,0,0,FALSE,FALSE,FALSE
ID096,2025-11-22,2844,85200,,17,17,2538,101,0,0,FALSE,FALSE,FALSE
ID096,2025-11-23,3695,86400,,20,20,3345,101,0,0,FALSE,FALSE,FALSE
ID096,2025-11-24,3187,90200,,32,32,2388,101,0,0,FALSE,FALSE,FALSE
ID096,2025-11-25,2863,88950,,16,16,2453,101,0,0,FALSE,FALSE,FALSE
ID096,2025-11-26,3663,90200,,23,23,3057,101,0,0,FALSE,FALSE,FALSE
ID096,2025-11-27,2592,90600,,23,23,2188,101,0,0,FALSE,FALSE,FALSE
ID096,2025-11-28,3288,92250,,24,24,2609,101,0,0,FALSE,FALSE,FALSE
ID096,2025-11-29,3138,94500,,13,13,2382,101,0,0,FALSE,FALSE,FALSE
ID096,2025-11-30,3118,94200,,10,10,2521,101,0,0,FALSE,FALSE,FALSE
ID096,2025-12-01,3206,96500,,13,13,2378,101,0,0,FALSE,FALSE,FALSE
ID096,2025-12-02,3790,96200,,23,23,2796,101,0,0,FALSE,FALSE,FALSE
ID096,2025-12-03,3656,97250,,16,16,2844,101,0,0,FALSE,FALSE,FALSE
ID096,2025-12-04,3957,98400,,11,11,3258,101,0,0,FALSE,FALSE,FALSE
ID096,2025-12-05,3806,100350,,14,14,2809,101,0,0,FALSE,FALSE,FALSE
ID096,2025-12-06,2902,99600,,7,7,2224,101,0,0,FALSE,FALSE,FALSE
ID096,2025-12-07,3871,101400,,13,13,2723,101,0,0,FALSE,FALSE,FALSE
ID096,2025-12-08,3221,101600,,23,23,1998,101,0,0,FALSE,FALSE,FALSE
ID096,2025-12-09,3437,103000,,7,7,2671,101,0,0,FALSE,FALSE,FALSE
ID096,2025-12-10,3788,106800,,10,10,2813,101,0,0,FALSE,FALSE,FALSE
ID096,2025-12-11,2287,105500,,13,13,1378,101,0,0,FALSE,FALSE,FALSE
ID096,2025-12-12,3768,107700,,11,11,2438,101,0,0,FALSE,FALSE,FALSE
ID096,2025-12-13,3689,109700,,11,11,2264,101,0,0,FALSE,FALSE,FALSE
ID096,2025-12-14,3923,110800,,13,13,2796,101,0,0,FALSE,FALSE,FALSE
ID096,2025-12-15,2989,111800,,9,9,2140,101,0,0,FALSE,FALSE,FALSE
ID096,2025-12-16,3676,111800,,15,15,2519,101,0,0,FALSE,FALSE,FALSE
ID096,2025-12-17,4127,113500,,12,12,3179,101,0,0,FALSE,FALSE,FALSE
ID096,2025-12-18,2936,114200,,11,11,2291,101,0,0,FALSE,FALSE,FALSE
ID096,2025-12-19,3011,113200,,12,12,1898,101,0,0,FALSE,FALSE,FALSE
ID096,2025-12-20,4428,113900,,14,14,2878,101,0,0,FALSE,FALSE,FALSE
ID096,2025-12-21,3133,115950,,14,14,2473,101,0,0,FALSE,FALSE,FALSE
ID096,2025-12-22,221,119600,,2,0,0,101,0,2,FALSE,FALSE,FALSE
ID103,2025-09-17,751,35250,,12,12,2389,93,0,0,FALSE,FALSE,FALSE
ID103,2025-09-18,1328,34500,,22,22,4053,93,0,0,FALSE,FALSE,FALSE
ID103,2025-09-19,1235,36700,,21,21,3039,93,0,0,FALSE,FALSE,FALSE
ID103,2025-09-20,1399,36800,,25,25,3398,93,0,0,FALSE,FALSE,FALSE
ID103,2025-09-21,1993,34300,,25,25,4431,93,0,0,FALSE,FALSE,FALSE
ID103,2025-09-22,826,34700,,10,10,1965,93,0,0,FALSE,FALSE,FALSE
ID103,2025-09-23,2102,35400,,16,16,4235,93,0,0,FALSE,FALSE,FALSE
ID103,2025-09-24,1903,35900,,9,9,3984,93,0,0,FALSE,FALSE,FALSE
ID103,2025-09-25,1774,37700,,7,7,3773,93,0,0,FALSE,FALSE,FALSE
ID103,2025-09-26,1813,38300,,12,12,3921,93,0,0,FALSE,FALSE,FALSE
ID103,2025-09-27,1645,39500,,13,13,3470,93,0,0,FALSE,FALSE,FALSE
ID103,2025-09-28,2217,39600,,12,12,4937,93,0,0,FALSE,FALSE,FALSE
ID103,2025-09-29,1986,40700,,12,12,3901,93,0,0,FALSE,FALSE,FALSE
ID103,2025-09-30,1502,41700,,7,7,3204,93,0,0,FALSE,FALSE,FALSE
ID103,2025-10-01,1612,41800,,6,6,2850,93,0,0,FALSE,FALSE,FALSE
ID103,2025-10-02,1483,42450,,6,6,2915,93,0,0,FALSE,FALSE,FALSE
ID103,2025-10-03,2052,43250,,8,8,4157,93,0,0,FALSE,FALSE,FALSE
ID103,2025-10-04,1606,43600,,10,10,2605,93,0,0,FALSE,FALSE,FALSE
ID103,2025-10-05,1948,44100,,9,9,2723,93,0,0,FALSE,FALSE,FALSE
ID103,2025-10-06,1541,45200,,8,8,2955,93,0,0,FALSE,FALSE,FALSE
ID103,2025-10-07,2165,46100,,16,16,3719,93,0,0,FALSE,FALSE,FALSE
ID103,2025-10-08,2308,46700,,15,15,3897,93,0,0,FALSE,FALSE,FALSE
ID103,2025-10-09,2130,47000,,11,11,3657,93,0,0,FALSE,FALSE,FALSE
ID103,2025-10-10,1862,49100,,14,14,3194,93,0,0,FALSE,FALSE,FALSE
ID103,2025-10-11,2051,50000,,15,15,3296,93,0,0,FALSE,FALSE,FALSE
ID103,2025-10-12,2118,49400,,12,12,3328,93,0,0,FALSE,FALSE,FALSE
ID103,2025-10-13,2506,51500,,19,19,3791,93,0,0,FALSE,FALSE,FALSE
ID103,2025-10-14,2313,52000,,18,18,2972,93,0,0,FALSE,FALSE,FALSE
ID103,2025-10-15,3071,52600,,17,17,4331,93,0,0,FALSE,FALSE,FALSE
ID103,2025-10-16,2077,54200,,20,20,3124,93,0,0,FALSE,FALSE,FALSE
ID103,2025-10-17,2982,54900,,19,19,4397,93,0,0,FALSE,FALSE,FALSE
ID103,2025-10-18,415,54000,,3,3,135,93,0,0,FALSE,FALSE,FALSE
ID103,2025-10-20,3166,53800,,9,9,3422,93,0,0,FALSE,FALSE,FALSE
ID103,2025-10-21,2138,56300,,12,12,3245,93,0,0,FALSE,FALSE,FALSE
ID103,2025-10-22,1688,58300,,11,11,2454,93,0,0,FALSE,FALSE,FALSE
ID103,2025-10-23,2470,57000,,11,11,3607,93,0,0,FALSE,FALSE,FALSE
ID103,2025-10-24,2076,58400,,10,10,2979,93,0,0,FALSE,FALSE,FALSE
ID103,2025-10-25,3016,58700,,9,9,3776,93,0,0,FALSE,FALSE,FALSE
ID103,2025-10-26,1942,59750,,6,6,2461,93,0,0,FALSE,FALSE,FALSE
ID103,2025-10-27,3186,61000,,12,12,3932,93,0,0,FALSE,FALSE,FALSE
ID103,2025-10-28,2267,61650,,14,14,3168,93,0,0,FALSE,FALSE,FALSE
ID103,2025-10-29,2820,63200,,11,11,3640,93,0,0,FALSE,FALSE,FALSE
ID103,2025-10-30,2516,64300,,9,9,3190,93,0,0,FALSE,FALSE,FALSE
ID103,2025-10-31,3283,64650,,14,14,3308,93,0,0,FALSE,FALSE,FALSE
ID103,2025-11-01,3070,66500,,12,12,3524,93,0,0,FALSE,FALSE,FALSE
ID103,2025-11-02,2731,67400,,16,16,3267,93,0,0,FALSE,FALSE,FALSE
ID103,2025-11-03,3164,69250,,12,12,3593,93,0,0,FALSE,FALSE,FALSE
ID103,2025-11-04,3645,69500,,21,21,3725,93,0,0,FALSE,FALSE,FALSE
ID103,2025-11-05,2619,70400,,17,17,2968,93,0,0,FALSE,FALSE,FALSE
ID103,2025-11-06,3444,72100,,20,20,4056,93,0,0,FALSE,FALSE,FALSE
ID103,2025-11-07,3203,73500,,16,16,3485,93,0,0,FALSE,FALSE,FALSE
ID103,2025-11-08,3334,75500,,14,14,3425,93,0,0,FALSE,FALSE,FALSE
ID103,2025-11-09,2455,74200,,17,17,2998,93,0,0,FALSE,FALSE,FALSE
ID103,2025-11-10,2545,76100,,15,15,3022,93,0,0,FALSE,FALSE,FALSE
ID103,2025-11-11,2208,76250,,10,10,2792,93,0,0,FALSE,FALSE,FALSE
ID103,2025-11-12,1944,76100,,5,5,1704,93,0,0,FALSE,FALSE,FALSE
ID103,2025-11-13,2001,77600,,5,5,1997,93,0,0,FALSE,FALSE,FALSE
ID103,2025-11-14,2532,80600,,4,4,2506,93,0,0,FALSE,FALSE,FALSE
ID103,2025-11-15,3906,84000,,7,7,3295,93,0,0,FALSE,FALSE,FALSE
ID103,2025-11-16,2736,84400,,9,9,2641,93,0,0,FALSE,FALSE,FALSE
ID103,2025-11-17,3965,85200,,16,16,3760,93,0,0,FALSE,FALSE,FALSE
ID103,2025-11-18,2792,86600,,18,18,2274,93,0,0,FALSE,FALSE,FALSE
ID103,2025-11-19,3264,88400,,15,15,2924,93,0,0,FALSE,FALSE,FALSE
ID103,2025-11-20,4690,89400,,23,23,3661,93,0,0,FALSE,FALSE,FALSE
ID103,2025-11-21,3233,90700,,13,13,3068,93,0,0,FALSE,FALSE,FALSE
ID103,2025-11-22,4083,90900,,18,18,3842,93,0,0,FALSE,FALSE,FALSE
ID103,2025-11-23,2590,92400,,14,14,2529,93,0,0,FALSE,FALSE,FALSE
ID103,2025-11-25,2635,90650,,10,10,2284,93,0,0,FALSE,FALSE,FALSE
ID103,2025-11-26,2245,91350,,12,12,1820,93,0,0,FALSE,FALSE,FALSE
ID103,2025-11-27,3554,92800,,18,18,3588,93,0,0,FALSE,FALSE,FALSE
ID103,2025-11-28,3784,94100,,27,27,3316,93,0,0,FALSE,FALSE,FALSE
ID103,2025-11-29,3856,94700,,21,21,3802,93,0,0,FALSE,FALSE,FALSE
ID103,2025-11-30,3287,95500,,15,15,2987,93,0,0,FALSE,FALSE,FALSE
ID103,2025-12-01,4470,96000,,21,21,3883,93,0,0,FALSE,FALSE,FALSE
ID103,2025-12-02,3682,98000,,17,17,3903,93,0,0,FALSE,FALSE,FALSE
ID103,2025-12-03,3669,98200,,22,22,3795,93,0,0,FALSE,FALSE,FALSE
ID103,2025-12-04,2935,100500,,13,13,3127,93,0,0,FALSE,FALSE,FALSE
ID103,2025-12-05,4205,100850,,22,22,4281,93,0,0,FALSE,FALSE,FALSE
ID103,2025-12-06,4125,101100,,16,16,4603,93,0,0,FALSE,FALSE,FALSE
ID103,2025-12-07,4820,102400,,20,0,0,93,0,20,FALSE,FALSE,FALSE
ID103,2025-12-08,3230,103300,,14,14,3116,93,0,0,FALSE,FALSE,FALSE
ID103,2025-12-09,3976,105500,,18,18,4048,93,0,0,FALSE,FALSE,FALSE
ID103,2025-12-10,4596,106100,,21,21,4370,93,0,0,FALSE,FALSE,FALSE
ID103,2025-12-11,1792,106650,,4,4,1052,93,0,0,FALSE,FALSE,FALSE
ID103,2025-12-12,1234,103800,,3,3,1004,93,0,0,FALSE,FALSE,FALSE
ID103,2025-12-13,279,106700,,3,0,0,93,3,3,FALSE,TRUE,FALSE
ID103,2025-12-14,38,109600,,1,0,0,93,1,1,FALSE,TRUE,FALSE
ID103,2025-12-15,1418,112500,,5,5,1145,93,1,0,FALSE,FALSE,FALSE
ID103,2025-12-16,3490,112000,,11,11,2906,93,0,0,FALSE,FALSE,FALSE
ID103,2025-12-17,4514,112450,,16,16,3965,93,0,0,FALSE,FALSE,FALSE
ID103,2025-12-18,3806,112500,,17,17,3815,93,0,0,FALSE,FALSE,FALSE
ID103,2025-12-19,2220,113300,,7,7,1589,93,0,0,FALSE,FALSE,FALSE
ID103,2025-12-20,4007,114000,,12,12,3791,93,0,0,FALSE,FALSE,FALSE
ID103,2025-12-21,3990,114700,,23,23,4479,93,0,0,FALSE,FALSE,FALSE
ID103,2025-12-22,2288,116800,,12,12,2274,93,0,0,FALSE,FALSE,FALSE
ID103,2025-12-23,680,112800,,7,7,777,93,0,0,FALSE,FALSE,FALSE
ID103,2025-12-24,247,,,1,0,0,93,1,1,FALSE,TRUE,FALSE
ID103,2025-12-25,1108,,,11,11,1377,93,11,0,FALSE,TRUE,FALSE
ID103,2025-12-26,639,,,4,4,797,93,4,0,FALSE,TRUE,FALSE
ID105,2025-09-17,457,,,3,0,0,98,3,3,FALSE,TRUE,FALSE
ID105,2025-09-18,822,,,10,10,1744,98,10,0,FALSE,TRUE,FALSE
ID105,2025-09-19,265,29300,,3,0,0,98,0,3,FALSE,FALSE,FALSE
ID105,2025-09-20,1257,35400,,14,14,1433,98,0,0,FALSE,FALSE,FALSE
ID105,2025-09-21,1260,32500,,12,12,2064,98,0,0,FALSE,FALSE,FALSE
ID105,2025-09-22,377,32900,,5,0,0,98,0,5,FALSE,FALSE,FALSE
ID105,2025-09-23,1263,33950,,8,8,2118,98,8,0,FALSE,TRUE,FALSE
ID105,2025-09-24,744,35000,,7,7,2338,98,0,0,FALSE,FALSE,FALSE
ID105,2025-09-25,1331,35800,,11,11,2770,98,0,0,FALSE,FALSE,FALSE
ID105,2025-09-26,1104,36850,,6,6,2321,98,0,0,FALSE,FALSE,FALSE
ID105,2025-09-27,1650,37650,,8,8,3489,98,0,0,FALSE,FALSE,FALSE
ID105,2025-09-28,2339,38200,,9,9,4671,98,0,0,FALSE,FALSE,FALSE
ID105,2025-09-29,1531,39100,,9,9,3598,98,0,0,FALSE,FALSE,FALSE
ID105,2025-09-30,2058,40200,,14,14,4648,98,0,0,FALSE,FALSE,FALSE
ID105,2025-10-01,1713,40900,,7,7,4210,98,0,0,FALSE,FALSE,FALSE
ID105,2025-10-02,2046,41500,,9,9,3926,98,0,0,FALSE,FALSE,FALSE
ID105,2025-10-03,2763,42300,,6,6,4337,98,0,0,FALSE,FALSE,FALSE
ID105,2025-10-04,2521,43700,,9,9,5039,98,0,0,FALSE,FALSE,FALSE
ID105,2025-10-05,2230,45400,,10,10,4118,98,0,0,FALSE,FALSE,FALSE
ID105,2025-10-06,2499,46100,,8,8,5022,98,0,0,FALSE,FALSE,FALSE
ID105,2025-10-07,2316,47200,,9,9,4337,98,0,0,FALSE,FALSE,FALSE
ID105,2025-10-08,2783,48400,,7,7,4716,98,0,0,FALSE,FALSE,FALSE
ID105,2025-10-09,2699,50100,,10,10,4395,98,0,0,FALSE,FALSE,FALSE
ID105,2025-10-10,1883,50300,,10,10,2162,98,0,0,FALSE,FALSE,FALSE
ID105,2025-10-11,2615,51500,,11,11,4466,98,0,0,FALSE,FALSE,FALSE
ID105,2025-10-12,2284,52400,,17,17,4456,98,0,0,FALSE,FALSE,FALSE
ID105,2025-10-13,3221,54000,,17,17,5004,98,0,0,FALSE,FALSE,FALSE
ID105,2025-10-14,2157,55600,,16,16,4102,98,0,0,FALSE,FALSE,FALSE
ID105,2025-10-15,2778,55800,,17,17,4665,98,0,0,FALSE,FALSE,FALSE
ID105,2025-10-16,2710,57150,,16,16,3845,98,0,0,FALSE,FALSE,FALSE
ID105,2025-10-17,2689,57000,,16,16,4312,98,0,0,FALSE,FALSE,FALSE
ID105,2025-10-18,2031,58850,,8,8,2973,98,0,0,FALSE,FALSE,FALSE
ID105,2025-10-19,3171,59900,,12,12,5374,98,0,0,FALSE,FALSE,FALSE
ID105,2025-10-20,2254,60800,,11,11,4035,98,0,0,FALSE,FALSE,FALSE
ID105,2025-10-21,2561,61500,,10,10,4747,98,0,0,FALSE,FALSE,FALSE
ID105,2025-10-22,3394,62550,,8,8,4911,98,0,0,FALSE,FALSE,FALSE
ID105,2025-10-23,1869,64000,,6,6,3428,98,0,0,FALSE,FALSE,FALSE
ID105,2025-10-24,3233,65600,,13,13,5101,98,0,0,FALSE,FALSE,FALSE
ID105,2025-10-25,2648,66450,,12,12,4462,98,0,0,FALSE,FALSE,FALSE
ID105,2025-10-26,3408,67650,,10,10,5977,98,0,0,FALSE,FALSE,FALSE
ID105,2025-10-27,2724,69200,,11,11,4295,98,0,0,FALSE,FALSE,FALSE
ID105,2025-10-28,3119,70600,,18,18,4583,98,0,0,FALSE,FALSE,FALSE
ID105,2025-10-29,3731,72400,,8,8,5154,98,0,0,FALSE,FALSE,FALSE
ID105,2025-10-30,2291,72900,,5,5,3683,98,0,0,FALSE,FALSE,FALSE
ID105,2025-10-31,3871,73800,,12,12,5458,98,0,0,FALSE,FALSE,FALSE
ID105,2025-11-01,2679,75100,,6,6,3296,98,0,0,FALSE,FALSE,FALSE
ID105,2025-11-02,3150,77100,,9,9,4724,98,0,0,FALSE,FALSE,FALSE
ID105,2025-11-03,3830,77500,,10,10,5553,98,0,0,FALSE,FALSE,FALSE
ID105,2025-11-04,3441,78300,,6,6,4875,98,0,0,FALSE,FALSE,FALSE
ID105,2025-11-05,3946,80100,,12,12,4458,98,0,0,FALSE,FALSE,FALSE
ID105,2025-11-06,3096,81650,,20,20,4130,98,0,0,FALSE,FALSE,FALSE
ID105,2025-11-07,2659,81200,,11,11,3685,98,0,0,FALSE,FALSE,FALSE
ID105,2025-11-08,2996,83600,,11,11,4316,98,0,0,FALSE,FALSE,FALSE
ID105,2025-11-09,3068,84200,,9,9,4190,98,9,0,FALSE,TRUE,FALSE
ID105,2025-11-10,3189,84800,,21,21,4328,98,21,0,FALSE,TRUE,FALSE
ID105,2025-11-11,3882,85400,,16,16,5689,98,16,0,FALSE,TRUE,FALSE
ID105,2025-11-12,2730,86000,,21,21,4071,98,21,0,FALSE,TRUE,FALSE
ID105,2025-11-13,1476,86600,,3,3,2217,98,0,0,FALSE,FALSE,FALSE
ID105,2025-11-14,2600,91500,,18,18,4129,98,0,0,FALSE,FALSE,FALSE
ID105,2025-11-15,4211,93300,,15,15,6144,98,0,0,FALSE,FALSE,FALSE
ID105,2025-11-16,3449,94600,,15,15,5173,98,0,0,FALSE,FALSE,FALSE
ID105,2025-11-17,4322,95700,,17,17,5553,98,0,0,FALSE,FALSE,FALSE
ID105,2025-11-18,2853,95350,,6,6,4058,98,0,0,FALSE,FALSE,FALSE
ID105,2025-11-19,3372,94450,,6,6,4731,98,0,0,FALSE,FALSE,FALSE
ID105,2025-11-20,3531,94850,,14,14,4926,98,0,0,FALSE,FALSE,FALSE
ID105,2025-11-21,3628,95700,,12,12,5199,98,0,0,FALSE,FALSE,FALSE
ID105,2025-11-22,3784,96700,,11,11,5064,98,0,0,FALSE,FALSE,FALSE
ID105,2025-11-23,2822,97450,,14,14,3968,98,0,0,FALSE,FALSE,FALSE
ID105,2025-11-24,3602,98600,,9,9,4705,98,0,0,FALSE,FALSE,FALSE
ID105,2025-11-25,3572,99600,,9,9,5069,98,0,0,FALSE,FALSE,FALSE
ID105,2025-11-26,2792,99600,,13,13,2931,98,0,0,FALSE,FALSE,FALSE
ID105,2025-11-27,3061,100800,,5,5,4109,98,0,0,FALSE,FALSE,FALSE
ID105,2025-11-28,2626,103400,,12,12,3217,98,0,0,FALSE,FALSE,FALSE
ID105,2025-11-29,2687,101700,,3,3,3055,98,0,0,FALSE,FALSE,FALSE
ID105,2025-11-30,3995,102700,,12,12,4200,98,0,0,FALSE,FALSE,FALSE
ID105,2025-12-01,2495,105400,,11,11,3070,98,0,0,FALSE,FALSE,FALSE
ID105,2025-12-02,3598,104800,,11,11,3866,98,0,0,FALSE,FALSE,FALSE
ID105,2025-12-03,3687,105900,,9,9,4121,98,0,0,FALSE,FALSE,FALSE
ID105,2025-12-04,2771,104800,,11,11,3121,98,0,0,FALSE,FALSE,FALSE
ID105,2025-12-05,4198,108600,,9,9,4144,98,0,0,FALSE,FALSE,FALSE
ID105,2025-12-06,3049,108900,,9,9,3401,98,0,0,FALSE,FALSE,FALSE
ID105,2025-12-07,3645,110600,,8,8,4360,98,0,0,FALSE,FALSE,FALSE
ID105,2025-12-08,3941,111300,,14,14,4251,98,0,0,FALSE,FALSE,FALSE
ID105,2025-12-09,4101,113200,,13,13,4091,98,0,0,FALSE,FALSE,FALSE
ID105,2025-12-10,3359,114500,,7,7,3832,98,0,0,FALSE,FALSE,FALSE
ID105,2025-12-11,2869,114950,,6,6,2919,98,0,0,FALSE,FALSE,FALSE
ID105,2025-12-12,3628,116600,,8,8,3420,98,0,0,FALSE,FALSE,FALSE
ID105,2025-12-13,3983,117800,,12,12,4236,98,0,0,FALSE,FALSE,FALSE
ID105,2025-12-14,3291,118500,,13,13,3393,98,0,0,FALSE,FALSE,FALSE
ID105,2025-12-15,4881,120000,,15,0,0,98,0,15,FALSE,FALSE,FALSE
ID105,2025-12-16,4337,126300,,14,14,3985,98,0,0,FALSE,FALSE,FALSE
ID105,2025-12-17,4058,127800,,10,10,4287,98,0,0,FALSE,FALSE,FALSE
ID105,2025-12-18,3011,128400,,6,6,3419,98,0,0,FALSE,FALSE,FALSE
ID105,2025-12-19,2368,127100,,9,9,3096,98,0,0,FALSE,FALSE,FALSE
ID105,2025-12-20,2077,126400,,8,8,2171,98,0,0,FALSE,FALSE,FALSE
ID105,2025-12-21,2696,127600,,13,13,3099,98,0,0,FALSE,FALSE,FALSE
ID105,2025-12-22,1208,129900,,7,7,1253,98,0,0,FALSE,FALSE,FALSE
ID105,2025-12-24,1486,128400,,3,3,1470,98,0,0,FALSE,FALSE,FALSE
ID106,2025-09-19,334,29300,,14,0,0,101,1,14,FALSE,FALSE,FALSE
ID106,2025-09-20,875,29600,,22,22,1745,101,0,0,FALSE,FALSE,FALSE
ID106,2025-09-21,740,31700,,15,0,0,101,0,15,FALSE,FALSE,FALSE
ID106,2025-09-22,1629,33400,,26,26,1807,101,0,0,FALSE,FALSE,FALSE
ID106,2025-09-23,1151,34500,,24,24,1365,101,0,0,FALSE,FALSE,FALSE
ID106,2025-09-24,1588,35100,,23,23,2259,101,0,0,FALSE,FALSE,FALSE
ID106,2025-09-25,1524,35900,,31,31,2402,101,0,0,FALSE,FALSE,FALSE
ID106,2025-09-26,2145,37000,,41,41,3455,101,0,0,FALSE,FALSE,FALSE
ID106,2025-09-27,2280,37300,,24,24,4130,101,0,0,FALSE,FALSE,FALSE
ID106,2025-09-28,1232,37000,,17,17,1923,101,0,0,FALSE,FALSE,FALSE
ID106,2025-09-29,4398,37000,,27,27,3462,101,0,0,FALSE,FALSE,FALSE
ID106,2025-09-30,3018,39400,,19,19,3210,101,0,0,FALSE,FALSE,FALSE
ID106,2025-10-01,2948,39300,,7,7,3219,101,0,0,FALSE,FALSE,FALSE
ID106,2025-10-02,4376,41400,,15,15,3390,101,0,0,FALSE,FALSE,FALSE
ID106,2025-10-03,4257,42400,,19,19,3709,101,0,0,FALSE,FALSE,FALSE
ID106,2025-10-04,3227,42600,,17,17,2780,101,0,0,FALSE,FALSE,FALSE
ID106,2025-10-05,3251,43500,,13,13,2850,101,0,0,FALSE,FALSE,FALSE
ID106,2025-10-06,2982,45100,,25,25,2706,101,0,0,FALSE,FALSE,FALSE
ID106,2025-10-07,2195,46000,,27,27,1926,101,0,0,FALSE,FALSE,FALSE
ID106,2025-10-08,2945,45700,,41,41,2558,101,0,0,FALSE,FALSE,FALSE
ID106,2025-10-09,3107,45600,,21,21,1961,101,0,0,FALSE,FALSE,FALSE
ID106,2025-10-10,2978,48100,,33,33,2212,101,0,0,FALSE,FALSE,FALSE
ID106,2025-10-11,3189,48400,,38,38,2057,101,0,0,FALSE,FALSE,FALSE
ID106,2025-10-12,3267,48100,,33,33,2630,101,0,0,FALSE,FALSE,FALSE
ID106,2025-10-13,1358,49300,,27,27,1067,101,0,0,FALSE,FALSE,FALSE
ID106,2025-10-14,3218,48600,,25,25,1698,101,0,0,FALSE,FALSE,FALSE
ID106,2025-10-15,3281,52100,,26,26,2077,101,1,0,FALSE,FALSE,FALSE
ID106,2025-10-16,4635,53700,,35,35,3239,101,0,0,FALSE,FALSE,FALSE
ID106,2025-10-17,3985,54250,,22,22,2207,101,0,0,FALSE,FALSE,FALSE
ID106,2025-10-18,2768,56400,,31,31,1812,101,0,0,FALSE,FALSE,FALSE
ID106,2025-10-19,998,55450,,20,20,659,101,0,0,FALSE,FALSE,FALSE
ID106,2025-10-20,1991,56600,,31,31,1174,101,0,0,FALSE,FALSE,FALSE
ID106,2025-10-21,2909,56300,,31,31,1500,101,0,0,FALSE,FALSE,FALSE
ID106,2025-10-22,1789,55450,,24,24,1036,101,0,0,FALSE,FALSE,FALSE
ID106,2025-10-23,1406,56950,,28,28,753,101,0,0,FALSE,FALSE,FALSE
ID106,2025-10-24,770,55800,,27,27,436,101,0,0,FALSE,FALSE,FALSE
ID106,2025-10-25,2705,57200,,56,56,1594,101,0,0,FALSE,FALSE,FALSE
ID106,2025-10-26,2086,57200,,22,22,1134,101,0,0,FALSE,FALSE,FALSE
ID106,2025-10-27,1486,58000,,27,27,502,101,0,0,FALSE,FALSE,FALSE
ID106,2025-10-28,1221,59600,,38,38,623,101,0,0,FALSE,FALSE,FALSE
ID106,2025-10-29,2089,60500,,31,31,971,101,1,0,FALSE,FALSE,FALSE
ID106,2025-10-30,1684,61300,,36,36,1076,101,0,0,FALSE,FALSE,FALSE
ID106,2025-10-31,1812,62150,,26,26,1695,101,0,0,FALSE,FALSE,FALSE
ID106,2025-11-01,2433,64600,,52,52,2116,101,0,0,FALSE,FALSE,FALSE
ID106,2025-11-02,3487,64700,,71,71,3015,101,0,0,FALSE,FALSE,FALSE
ID106,2025-11-03,3949,66700,,79,79,3140,101,0,0,FALSE,FALSE,FALSE
ID106,2025-11-04,2427,67300,,45,45,1089,101,0,0,FALSE,FALSE,FALSE
ID106,2025-11-05,2751,66400,,69,69,1740,101,0,0,FALSE,FALSE,FALSE
ID106,2025-11-06,2789,68400,,51,51,1921,101,0,0,FALSE,FALSE,FALSE
ID106,2025-11-07,1344,68200,,42,42,792,101,0,0,FALSE,FALSE,FALSE
ID106,2025-11-08,4319,70400,,65,65,2911,101,0,0,FALSE,FALSE,FALSE
ID106,2025-11-09,4265,72800,,49,49,2846,101,0,0,FALSE,FALSE,FALSE
ID106,2025-11-10,3500,73400,,44,44,2444,101,0,0,FALSE,FALSE,FALSE
ID106,2025-11-11,3514,74900,,43,43,2928,101,0,0,FALSE,FALSE,FALSE
ID106,2025-11-12,2242,75100,,50,50,1909,101,0,0,FALSE,FALSE,FALSE
ID106,2025-11-13,1669,74900,,21,21,953,101,0,0,FALSE,FALSE,FALSE
ID106,2025-11-14,5117,77800,,61,61,3939,101,0,0,FALSE,FALSE,FALSE
ID106,2025-11-15,3055,79200,,53,53,1922,101,0,0,FALSE,FALSE,FALSE
ID106,2025-11-16,3476,78900,,38,38,2898,101,0,0,FALSE,FALSE,FALSE
ID106,2025-11-17,2547,80000,,55,55,1816,101,0,0,FALSE,FALSE,FALSE
ID106,2025-11-18,3992,80400,,54,54,3128,101,0,0,FALSE,FALSE,FALSE
ID106,2025-11-19,1989,81050,,38,38,1494,101,0,0,FALSE,FALSE,FALSE
ID106,2025-11-20,2454,81000,,49,49,1912,101,0,0,FALSE,FALSE,FALSE
ID106,2025-11-21,3704,81100,,52,52,2698,101,0,0,FALSE,FALSE,FALSE
ID106,2025-11-22,3717,83200,,42,42,2474,101,0,0,FALSE,FALSE,FALSE
ID106,2025-11-23,3461,84950,,44,44,2507,101,0,0,FALSE,FALSE,FALSE
ID106,2025-11-24,2160,88900,,24,24,1713,101,0,0,FALSE,FALSE,FALSE
ID106,2025-11-25,5256,88700,,44,44,4050,101,0,0,FALSE,FALSE,FALSE
ID106,2025-11-26,2859,91900,,37,37,1778,101,0,0,FALSE,FALSE,FALSE
ID106,2025-11-27,4517,92550,,34,34,3587,101,0,0,FALSE,FALSE,FALSE
ID106,2025-11-28,3692,93400,,43,43,2432,101,0,0,FALSE,FALSE,FALSE
ID106,2025-11-29,2186,94050,,24,24,1502,101,0,0,FALSE,FALSE,FALSE
ID106,2025-11-30,3262,94500,,45,45,1749,101,0,0,FALSE,FALSE,FALSE
ID106,2025-12-01,3125,96000,,51,51,1682,101,0,0,FALSE,FALSE,FALSE
ID106,2025-12-02,3110,96500,,38,38,2029,101,0,0,FALSE,FALSE,FALSE
ID106,2025-12-03,3781,97300,,38,38,2511,101,0,0,FALSE,FALSE,FALSE
ID106,2025-12-04,3097,97600,,47,47,1925,101,0,0,FALSE,FALSE,FALSE
ID106,2025-12-05,2928,96900,,48,48,1325,101,0,0,FALSE,FALSE,FALSE
ID106,2025-12-06,3944,98300,,46,46,2059,101,0,0,FALSE,FALSE,FALSE
ID106,2025-12-07,2260,99300,,23,23,1577,101,0,0,FALSE,FALSE,FALSE
ID106,2025-12-08,2765,99200,,25,25,1256,101,0,0,FALSE,FALSE,FALSE
ID106,2025-12-09,3034,101500,,56,56,1218,101,0,0,FALSE,FALSE,FALSE
ID106,2025-12-10,3759,104700,,53,53,1582,101,0,0,FALSE,FALSE,FALSE
ID106,2025-12-11,315,98000,,1,0,0,101,0,1,FALSE,FALSE,FALSE
ID106,2025-12-12,3962,97400,,23,23,1663,101,0,0,FALSE,FALSE,FALSE
ID106,2025-12-13,2878,101100,,15,15,1469,101,0,0,FALSE,FALSE,FALSE
ID106,2025-12-14,4185,105800,,25,25,1715,101,0,0,FALSE,FALSE,FALSE
ID106,2025-12-15,5160,107350,,18,18,2631,101,0,0,FALSE,FALSE,FALSE
ID106,2025-12-16,4165,107850,,4,4,2324,101,0,0,FALSE,FALSE,FALSE
ID106,2025-12-17,3617.5,110600,,12,0,0,101,0,12,FALSE,FALSE,TRUE
ID106,2025-12-18,3070,111600,,7,7,1941,101,0,0,FALSE,FALSE,FALSE
ID106,2025-12-19,4569,108500,,9,9,2883,101,0,0,FALSE,FALSE,FALSE
ID106,2025-12-20,3273,111100,,17,17,1896,101,0,0,FALSE,FALSE,FALSE
ID106,2025-12-21,5025,111050,,24,24,3283,101,0,0,FALSE,FALSE,FALSE
ID110,2025-09-17,693,,,10,0,0,98,10,10,FALSE,TRUE,FALSE
ID110,2025-09-18,897,,,20,20,2451,98,20,0,FALSE,TRUE,FALSE
ID110,2025-09-20,1346,,,19,19,3081,98,19,0,FALSE,TRUE,FALSE
ID110,2025-09-21,1424,34800,,19,19,3775,98,0,0,FALSE,FALSE,FALSE
ID110,2025-09-22,1544,34750,,16,16,2771,98,0,0,FALSE,FALSE,FALSE
ID110,2025-09-23,1383,36400,,16,16,3959,98,0,0,FALSE,FALSE,FALSE
ID110,2025-09-24,1315,36550,,8,8,2309,98,0,0,FALSE,FALSE,FALSE
ID110,2025-09-25,1402,37450,,10,10,2905,98,0,0,FALSE,FALSE,FALSE
ID110,2025-09-26,1651,39000,,11,11,4493,98,0,0,FALSE,FALSE,FALSE
ID110,2025-09-27,1123,39600,,9,9,2762,98,0,0,FALSE,FALSE,FALSE
ID110,2025-09-28,1750,40100,,12,12,4024,98,0,0,FALSE,FALSE,FALSE
ID110,2025-09-29,2257,41200,,19,19,4534,98,0,0,FALSE,FALSE,FALSE
ID110,2025-09-30,1394,42100,,7,7,2720,98,0,0,FALSE,FALSE,FALSE
ID110,2025-10-01,1427,41800,,9,9,4087,98,0,0,FALSE,FALSE,FALSE
ID110,2025-10-02,1331,42000,,5,5,2674,98,0,0,FALSE,FALSE,FALSE
ID110,2025-10-03,1635,42800,,7,7,3769,98,0,0,FALSE,FALSE,FALSE
ID110,2025-10-04,719,43950,,8,0,0,98,0,8,FALSE,FALSE,FALSE
ID110,2025-10-05,1019,44200,,3,3,2144,98,0,0,FALSE,FALSE,FALSE
ID110,2025-10-06,744,45100,,5,0,0,98,0,5,FALSE,FALSE,FALSE
ID110,2025-10-07,1451,45150,,2,2,2860,98,0,0,FALSE,FALSE,FALSE
ID110,2025-10-08,1840,46700,,5,5,4221,98,0,0,FALSE,FALSE,FALSE
ID110,2025-10-09,2721,47500,,6,6,4207,98,0,0,FALSE,FALSE,FALSE
ID110,2025-10-10,1488,48300,,7,7,3137,98,0,0,FALSE,FALSE,FALSE
ID110,2025-10-11,2041,48100,,5,5,3580,98,0,0,FALSE,FALSE,FALSE
ID110,2025-10-12,843,49050,,4,4,1613,98,0,0,FALSE,FALSE,FALSE
ID110,2025-10-13,2215,50700,,9,9,4403,98,0,0,FALSE,FALSE,FALSE
ID110,2025-10-14,1584,50700,,6,6,3001,98,0,0,FALSE,FALSE,FALSE
ID110,2025-10-15,2010,52300,,17,17,5157,98,0,0,FALSE,FALSE,FALSE
ID110,2025-10-16,2359,52950,,12,12,4228,98,0,0,FALSE,FALSE,FALSE
ID110,2025-10-17,1512,52200,,4,4,3643,98,0,0,FALSE,FALSE,FALSE
ID110,2025-10-18,1771,53900,,7,7,3532,98,0,0,FALSE,FALSE,FALSE
ID110,2025-10-19,1687,53600,,3,3,3410,98,0,0,FALSE,FALSE,FALSE
ID110,2025-10-20,1989,55600,,10,10,4578,98,0,0,FALSE,FALSE,FALSE
ID110,2025-10-21,1841,56000,,9,9,4775,98,0,0,FALSE,FALSE,FALSE
ID110,2025-10-22,1680,56050,,6,6,4529,98,0,0,FALSE,FALSE,FALSE
ID110,2025-10-23,2191,58750,,6,6,5724,98,0,0,FALSE,FALSE,FALSE
ID110,2025-10-24,2515,60200,,10,10,6037,98,0,0,FALSE,FALSE,FALSE
ID110,2025-10-25,989,60600,,7,7,2572,98,0,0,FALSE,FALSE,FALSE
ID110,2025-10-26,2677,61500,,10,10,7155,98,0,0,FALSE,FALSE,FALSE
ID110,2025-10-27,1793,62800,,11,11,3988,98,0,0,FALSE,FALSE,FALSE
ID110,2025-10-28,2661,63600,,15,15,6023,98,0,0,FALSE,FALSE,FALSE
ID110,2025-10-29,2343,64300,,11,11,5367,98,0,0,FALSE,FALSE,FALSE
ID110,2025-10-30,2789,65400,,12,12,5969,98,0,0,FALSE,FALSE,FALSE
ID110,2025-10-31,2504,66700,,11,11,4953,98,0,0,FALSE,FALSE,FALSE
ID110,2025-11-01,1884,67650,,8,8,3717,98,0,0,FALSE,FALSE,FALSE
ID110,2025-11-02,2254,68400,,11,11,5228,98,0,0,FALSE,FALSE,FALSE
ID110,2025-11-03,3549,69400,,13,13,7274,98,0,0,FALSE,FALSE,FALSE
ID110,2025-11-04,3392,71350,,12,12,5458,98,0,0,FALSE,FALSE,FALSE
ID110,2025-11-05,2713,72400,,15,15,4744,98,0,0,FALSE,FALSE,FALSE
ID110,2025-11-06,2898,73400,,27,27,5044,98,0,0,FALSE,FALSE,FALSE
ID110,2025-11-07,2501,74450,,18,18,4583,98,0,0,FALSE,FALSE,FALSE
ID110,2025-11-08,2802,76400,,11,11,5069,98,0,0,FALSE,FALSE,FALSE
ID110,2025-11-09,2658,80300,,13,13,4656,98,0,0,FALSE,FALSE,FALSE
ID110,2025-11-10,2125,81500,,15,15,3987,98,0,0,FALSE,FALSE,FALSE
ID110,2025-11-11,2247,81100,,10,10,4069,98,0,0,FALSE,FALSE,FALSE
ID110,2025-11-12,2427,83100,,11,11,4095,98,0,0,FALSE,FALSE,FALSE
ID110,2025-11-13,769,77100,,2,2,553,98,0,0,FALSE,FALSE,FALSE
ID110,2025-11-14,2821,82600,,17,17,5044,98,0,0,FALSE,FALSE,FALSE
ID110,2025-11-15,3093,84200,,24,24,5514,98,0,0,FALSE,FALSE,FALSE
ID110,2025-11-16,2657,85500,,19,19,4030,98,0,0,FALSE,FALSE,FALSE
ID110,2025-11-17,2923,86000,,22,22,4758,98,0,0,FALSE,FALSE,FALSE
ID110,2025-11-18,2169,85750,,12,12,3561,98,0,0,FALSE,FALSE,FALSE
ID110,2025-11-19,1789,87000,,9,9,2920,98,0,0,FALSE,FALSE,FALSE
ID110,2025-11-20,3064,82800,,11,11,4769,98,0,0,FALSE,FALSE,FALSE
ID110,2025-11-21,3995,84500,,15,15,5595,98,0,0,FALSE,FALSE,FALSE
ID110,2025-11-22,3713,87200,,18,18,5495,98,0,0,FALSE,FALSE,FALSE
ID110,2025-11-23,3074,88300,,14,14,4381,98,0,0,FALSE,FALSE,FALSE
ID110,2025-11-24,4671,88850,,14,14,7437,98,0,0,FALSE,FALSE,FALSE
ID110,2025-11-25,2682,90650,,14,14,3880,98,0,0,FALSE,FALSE,FALSE
ID110,2025-11-26,3316,91300,,10,10,5282,98,0,0,FALSE,FALSE,FALSE
ID110,2025-11-27,3686,91200,,13,13,6191,98,0,0,FALSE,FALSE,FALSE
ID110,2025-11-28,2406,92300,,18,18,4074,98;102,0,0,FALSE,FALSE,FALSE
ID110,2025-11-29,3783,91800,,12,12,5580,98,0,0,FALSE,FALSE,FALSE
ID110,2025-11-30,3487,96400,,16,16,5528,98,0,0,FALSE,FALSE,FALSE
ID110,2025-12-01,2751,96900,,16,16,4261,98,0,0,FALSE,FALSE,FALSE
ID110,2025-12-02,2880,95800,,11,11,4304,98,0,0,FALSE,FALSE,FALSE
ID110,2025-12-03,2618,95200,,9,9,3574,98,0,0,FALSE,FALSE,FALSE
ID110,2025-12-04,3184,95500,,9,9,4827,98,0,0,FALSE,FALSE,FALSE
ID110,2025-12-05,2579,98150,,10,10,3278,98,0,0,FALSE,FALSE,FALSE
ID110,2025-12-06,2868,100000,,9,9,3597,98,0,0,FALSE,FALSE,FALSE
ID110,2025-12-07,3034,100900,,11,11,4534,98,0,0,FALSE,FALSE,FALSE
ID110,2025-12-08,4312,101900,,11,11,5939,98,0,0,FALSE,FALSE,FALSE
ID110,2025-12-09,3087,103400,,8,8,4421,98,0,0,FALSE,FALSE,FALSE
ID110,2025-12-10,3421,103600,,11,11,4792,98,0,0,FALSE,FALSE,FALSE
ID110,2025-12-11,2840,105500,,4,4,3677,98,0,0,FALSE,FALSE,FALSE
ID110,2025-12-12,4689,106500,,13,0,0,98,0,13,FALSE,FALSE,FALSE
ID110,2025-12-13,3340,107300,,11,11,4124,98,0,0,FALSE,FALSE,FALSE
ID110,2025-12-14,2758,108000,,13,13,3715,98,0,0,FALSE,FALSE,FALSE
ID110,2025-12-15,3290,110350,,14,14,4638,98,0,0,FALSE,FALSE,FALSE
ID110,2025-12-16,4385,115800,,13,13,6131,98,0,0,FALSE,FALSE,FALSE
ID110,2025-12-17,4210,117300,,9,9,5483,98,0,0,FALSE,FALSE,FALSE
ID110,2025-12-18,3444,118500,,11,11,4715,98,0,0,FALSE,FALSE,FALSE
ID110,2025-12-19,2763,118000,,7,7,4342,98,0,0,FALSE,FALSE,FALSE
ID110,2025-12-20,4170,118250,,8,8,5832,98,0,0,FALSE,FALSE,FALSE
ID110,2025-12-21,2680,120600,,9,9,3464,98,0,0,FALSE,FALSE,FALSE
ID110,2025-12-22,2098,121300,,5,5,3136,98,0,0,FALSE,FALSE,FALSE
ID110,2025-12-24,2237,117000,,5,5,2257,98,0,0,FALSE,FALSE,FALSE
ID112,2025-09-12,224,27900,,5,0,0,94,0,5,FALSE,FALSE,FALSE
ID112,2025-09-13,1230,28400,,29,29,2717,94,2,0,FALSE,FALSE,FALSE
ID112,2025-09-14,937,29800,,21,21,3005,94,5,0,FALSE,FALSE,FALSE
ID112,2025-09-15,825,30400,,20,20,1363,94,5,0,FALSE,FALSE,FALSE
ID112,2025-09-16,981,30550,,19,19,1899,94,7,0,FALSE,FALSE,FALSE
ID112,2025-09-17,876,30700,,24,24,1736,94,4,0,FALSE,FALSE,FALSE
ID112,2025-09-18,897,31450,,25,25,2240,94,5,0,FALSE,FALSE,FALSE
ID112,2025-09-19,481,31800,,21,0,0,94,5,21,FALSE,FALSE,FALSE
ID112,2025-09-20,883,33000,,23,23,1699,94,0,0,FALSE,FALSE,FALSE
ID112,2025-09-21,1082,34100,,21,21,2424,94,0,0,FALSE,FALSE,FALSE
ID112,2025-09-22,898,30250,,22,22,1714,94,0,0,FALSE,FALSE,FALSE
ID112,2025-09-23,902,35700,,21,21,2083,94,0,0,FALSE,FALSE,FALSE
ID112,2025-09-24,1019,35800,,19,19,2108,94,0,0,FALSE,FALSE,FALSE
ID112,2025-09-25,1186,37000,,29,29,2404,94,0,0,FALSE,FALSE,FALSE
ID112,2025-09-26,840,37200,,23,23,1651,94,0,0,FALSE,FALSE,FALSE
ID112,2025-09-27,1107,37700,,21,21,2083,94,0,0,FALSE,FALSE,FALSE
ID112,2025-09-28,908,35300,,31,31,1418,94,0,0,FALSE,FALSE,FALSE
ID112,2025-09-29,1531,35450,,22,22,2385,94,0,0,FALSE,FALSE,FALSE
ID112,2025-09-30,992,36050,,22,22,1219,94,0,0,FALSE,FALSE,FALSE
ID112,2025-10-01,1251,37600,,26,26,1932,94,0,0,FALSE,FALSE,FALSE
ID112,2025-10-02,1393,38800,,23,23,1943,94,0,0,FALSE,FALSE,FALSE
ID112,2025-10-03,1325,39500,,28,28,1788,94,0,0,FALSE,FALSE,FALSE
ID112,2025-10-04,1284,40100,,21,21,2021,94,0,0,FALSE,FALSE,FALSE
ID112,2025-10-05,1966,40100,,21,21,1964,94,0,0,FALSE,FALSE,FALSE
ID112,2025-10-06,1899,41600,,29,29,2636,94,0,0,FALSE,FALSE,FALSE
ID112,2025-10-07,1516,42800,,24,24,1852,94,0,0,FALSE,FALSE,FALSE
ID112,2025-10-08,2071,44600,,23,23,2268,94,0,0,FALSE,FALSE,FALSE
ID112,2025-10-09,1613,44600,,22,22,2127,94,0,0,FALSE,FALSE,FALSE
ID112,2025-10-10,2316,45100,,20,20,2277,94,0,0,FALSE,FALSE,FALSE
ID112,2025-10-11,1795,46100,,29,29,2370,94,0,0,FALSE,FALSE,FALSE
ID112,2025-10-12,1613,46600,,22,22,1706,94,0,0,FALSE,FALSE,FALSE
ID112,2025-10-13,1820,46800,,28,28,2110,94,0,0,FALSE,FALSE,FALSE
ID112,2025-10-14,2011,48500,,35,35,2293,94,0,0,FALSE,FALSE,FALSE
ID112,2025-10-15,1798,49700,,25,25,2399,94,0,0,FALSE,FALSE,FALSE
ID112,2025-10-16,1496,50300,,19,19,1818,94,0,0,FALSE,FALSE,FALSE
ID112,2025-10-17,2660,51500,,27,27,3324,94,0,0,FALSE,FALSE,FALSE
ID112,2025-10-18,936,52300,,7,0,0,94,0,7,FALSE,FALSE,FALSE
ID112,2025-10-19,1983,51000,,6,6,1304,94,0,0,FALSE,FALSE,FALSE
ID112,2025-10-20,3123,55300,,17,17,3227,94,0,0,FALSE,FALSE,FALSE
ID112,2025-10-21,2815,56200,,20,20,3274,94,0,0,FALSE,FALSE,FALSE
ID112,2025-10-22,3162,56600,,14,14,2682,94,0,0,FALSE,FALSE,FALSE
ID112,2025-10-23,2815,57200,,21,21,2726,94,0,0,FALSE,FALSE,FALSE
ID112,2025-10-24,2602,58500,,13,13,3111,94,0,0,FALSE,FALSE,FALSE
ID112,2025-10-25,2238,59200,,13,13,2844,94,0,0,FALSE,FALSE,FALSE
ID112,2025-10-26,2764,58200,,15,15,2663,94,0,0,FALSE,FALSE,FALSE
ID112,2025-10-27,2751,60150,,18,18,2812,94,0,0,FALSE,FALSE,FALSE
ID112,2025-10-28,2805,61950,,20,20,2879,94,0,0,FALSE,FALSE,FALSE
ID112,2025-10-29,2905,63100,,24,24,3250,94,0,0,FALSE,FALSE,FALSE
ID112,2025-10-30,2995,63200,,22,22,2948,94,0,0,FALSE,FALSE,FALSE
ID112,2025-10-31,2654,63350,,22,22,2885,94,0,0,FALSE,FALSE,FALSE
ID112,2025-11-01,2965,66400,,25,25,3209,94,0,0,FALSE,FALSE,FALSE
ID112,2025-11-02,2974,68300,,28,28,2789,94,0,0,FALSE,FALSE,FALSE
ID112,2025-11-03,2998,69550,,18,18,3231,94,0,0,FALSE,FALSE,FALSE
ID112,2025-11-04,2955,70300,,21,21,3004,94,0,0,FALSE,FALSE,FALSE
ID112,2025-11-05,3051,71100,,25,25,3240,94,0,0,FALSE,FALSE,FALSE
ID112,2025-11-06,3021,73500,,30,30,3051,94,0,0,FALSE,FALSE,FALSE
ID112,2025-11-07,3768,75100,,27,0,0,94,0,27,FALSE,FALSE,FALSE
ID112,2025-11-08,2669,76300,,19,19,2486,94,0,0,FALSE,FALSE,FALSE
ID112,2025-11-09,3121,77400,,14,14,2806,94,0,0,FALSE,FALSE,FALSE
ID112,2025-11-10,2567,77600,,15,15,2690,94,0,0,FALSE,FALSE,FALSE
ID112,2025-11-11,2982,80600,,20,20,2905,94,0,0,FALSE,FALSE,FALSE
ID112,2025-11-12,1765,79000,,3,0,0,94,0,3,FALSE,FALSE,FALSE
ID112,2025-11-13,3423,80900,,8,8,1807,94,0,0,FALSE,FALSE,FALSE
ID112,2025-11-14,3398,83400,,18,18,3062,94,0,0,FALSE,FALSE,FALSE
ID112,2025-11-15,3214,82900,,23,23,2812,94,0,0,FALSE,FALSE,FALSE
ID112,2025-11-16,3511,84200,,24,24,3422,94,0,0,FALSE,FALSE,FALSE
ID112,2025-11-17,3103,84200,,18,18,2522,94,0,0,FALSE,FALSE,FALSE
ID112,2025-11-18,3445,87600,,17,17,3042,94,0,0,FALSE,FALSE,FALSE
ID112,2025-11-19,3914,88600,,14,14,3492,94,0,0,FALSE,FALSE,FALSE
ID112,2025-11-20,3405,85200,,13,13,3453,94,0,0,FALSE,FALSE,FALSE
ID112,2025-11-21,2860,89400,,16,16,2748,94,0,0,FALSE,FALSE,FALSE
ID112,2025-11-22,4432,90800,,19,0,0,94,0,19,FALSE,FALSE,FALSE
ID112,2025-11-23,3242,92300,,23,23,3242,94,0,0,FALSE,FALSE,FALSE
ID112,2025-11-24,3589,94100,,20,20,3483,94,0,0,FALSE,FALSE,FALSE
ID112,2025-11-25,3211,93500,,20,20,3596,94,0,0,FALSE,FALSE,FALSE
ID112,2025-11-26,3298,94800,,23,23,3258,94,0,0,FALSE,FALSE,FALSE
ID112,2025-11-27,2574,96400,,23,23,2402,94,0,0,FALSE,FALSE,FALSE
ID112,2025-11-28,4094,96600,,24,0,0,94,0,24,FALSE,FALSE,FALSE
ID112,2025-11-29,3075,98200,,30,30,3154,94,0,0,FALSE,FALSE,FALSE
ID112,2025-11-30,3314,95600,,26,26,3087,94,0,0,FALSE,FALSE,FALSE
ID112,2025-12-01,3114,100100,,17,17,2691,94,0,0,FALSE,FALSE,FALSE
ID112,2025-12-02,3620,100500,,22,22,3395,94,0,0,FALSE,FALSE,FALSE
ID112,2025-12-03,3780,104200,,25,25,3376,94,0,0,FALSE,FALSE,FALSE
ID112,2025-12-04,3429,105500,,33,33,3106,94,0,0,FALSE,FALSE,FALSE
ID112,2025-12-05,4026,107700,,22,22,2809,94,0,0,FALSE,FALSE,FALSE
ID112,2025-12-06,4291,109200,,35,0,0,94,0,35,FALSE,FALSE,FALSE
ID112,2025-12-07,3501,111000,,27,27,2858,94,0,0,FALSE,FALSE,FALSE
ID112,2025-12-08,4085,110200,,37,37,2985,94,0,0,FALSE,FALSE,FALSE
ID112,2025-12-09,3721,112300,,26,26,3175,94,0,0,FALSE,FALSE,FALSE
ID112,2025-12-10,3027,111500,,21,0,0,94,0,21,FALSE,FALSE,FALSE
ID112,2025-12-11,4043,113200,,29,29,2286,94,0,0,FALSE,FALSE,FALSE
ID112,2025-12-12,3820,112500,,15,15,2080,94,0,0,FALSE,FALSE,FALSE
ID112,2025-12-13,2107,113250,,16,0,0,94,0,16,FALSE,FALSE,FALSE
ID112,2025-12-14,3916,115500,,29,29,2905,94,0,0,FALSE,FALSE,FALSE
ID112,2025-12-15,3291,117950,,28,28,1935,94,0,0,FALSE,FALSE,FALSE
ID112,2025-12-16,3696,118900,,25,25,2775,94,0,0,FALSE,FALSE,FALSE
ID112,2025-12-17,3691,119400,,27,27,2203,94,0,0,FALSE,FALSE,FALSE
ID112,2025-12-18,3213,120700,,20,20,2821,94,0,0,FALSE,FALSE,FALSE
ID112,2025-12-19,3859,120700,,27,27,2486,94,0,0,FALSE,FALSE,FALSE
ID112,2025-12-20,3673,122200,,27,27,2671,94,0,0,FALSE,FALSE,FALSE
ID112,2025-12-21,3910,124600,,32,32,2633,94,0,0,FALSE,FALSE,FALSE
ID112,2025-12-22,3216,124600,,30,30,2601,94,0,0,FALSE,FALSE,FALSE
ID112,2025-12-23,3254,125900,,32,32,2286,94,0,0,FALSE,FALSE,FALSE
ID112,2025-12-24,170,121250,,2,0,0,94,0,2,FALSE,FALSE,FALSE
ID112,2025-12-25,845,,,8,0,0,94,8,8,FALSE,TRUE,FALSE
ID113,2025-09-17,460,,,4,4,306,99,4,0,FALSE,TRUE,FALSE
ID113,2025-09-18,717,,,12,12,1335,99,12,0,FALSE,TRUE,FALSE
ID113,2025-09-19,113,,,4,0,0,99,4,4,FALSE,TRUE,FALSE
ID113,2025-09-20,739,,,10,10,1357,99,10,0,FALSE,TRUE,FALSE
ID113,2025-09-21,775,37200,,15,15,1660,99,0,0,FALSE,FALSE,FALSE
ID113,2025-09-22,434,38700,,8,8,924,99,0,0,FALSE,FALSE,FALSE
ID113,2025-09-23,223,39150,,2,0,0,99,0,2,FALSE,FALSE,FALSE
ID113,2025-09-24,996,39550,,8,8,2298,99,0,0,FALSE,FALSE,FALSE
ID113,2025-09-25,511,39800,,10,10,1453,99,0,0,FALSE,FALSE,FALSE
ID113,2025-09-26,787,40700,,6,6,2051,99,0,0,FALSE,FALSE,FALSE
ID113,2025-09-27,408,41500,,4,4,882,99,0,0,FALSE,FALSE,FALSE
ID113,2025-09-28,790,41500,,6,6,1523,99,0,0,FALSE,FALSE,FALSE
ID113,2025-09-29,336,43100,,4,4,592,99,0,0,FALSE,FALSE,FALSE
ID113,2025-09-30,407,43550,,4,4,621,99,0,0,FALSE,FALSE,FALSE
ID113,2025-10-01,521,44400,,5,5,1715,99,0,0,FALSE,FALSE,FALSE
ID113,2025-10-02,415,45600,,3,3,687,99,0,0,FALSE,FALSE,FALSE
ID113,2025-10-03,532,46100,,4,4,788,99,0,0,FALSE,FALSE,FALSE
ID113,2025-10-04,333,45850,,6,6,1919,99,0,0,FALSE,FALSE,FALSE
ID113,2025-10-05,304,47400,,5,5,2784,99,0,0,FALSE,FALSE,FALSE
ID113,2025-10-06,435,48700,,6,6,2208,99,0,0,FALSE,FALSE,FALSE
ID113,2025-10-07,114,49600,,3,0,0,99,0,3,FALSE,FALSE,FALSE
ID113,2025-10-08,306,50150,,2,2,1532,99,0,0,FALSE,FALSE,FALSE
ID113,2025-10-09,932,50900,,8,8,3633,99,0,0,FALSE,FALSE,FALSE
ID113,2025-10-10,659,52600,,7,7,2242,99,0,0,FALSE,FALSE,FALSE
ID113,2025-10-11,819,53800,,3,3,1522,99,0,0,FALSE,FALSE,FALSE
ID113,2025-10-12,587,54700,,4,4,1489,99,0,0,FALSE,FALSE,FALSE
ID113,2025-10-13,1269,54900,,7,7,2853,99,0,0,FALSE,FALSE,FALSE
ID113,2025-10-14,543,55650,,6,6,1297,99,0,0,FALSE,FALSE,FALSE
ID113,2025-10-15,600,57200,,5,5,1299,99,0,0,FALSE,FALSE,FALSE
ID113,2025-10-16,1494,58250,,8,8,3095,99,0,0,FALSE,FALSE,FALSE
ID113,2025-10-17,1219,58650,,8,8,2796,99,0,0,FALSE,FALSE,FALSE
ID113,2025-10-18,1697,58100,,6,6,1577,99,0,0,FALSE,FALSE,FALSE
ID113,2025-10-19,813,60200,,5,5,2105,99,0,0,FALSE,FALSE,FALSE
ID113,2025-10-20,607,62400,,9,9,2131,99,0,0,FALSE,FALSE,FALSE
ID113,2025-10-21,1132,62600,,8,8,4469,99,0,0,FALSE,FALSE,FALSE
ID113,2025-10-22,1413,63500,,8,8,2357,99,0,0,FALSE,FALSE,FALSE
ID113,2025-10-23,1825,64600,,9,9,4219,99,0,0,FALSE,FALSE,FALSE
ID113,2025-10-24,1078,66250,,8,8,2006,99,0,0,FALSE,FALSE,FALSE
ID113,2025-10-25,287,66300,,5,5,1125,99,0,0,FALSE,FALSE,FALSE
ID113,2025-10-26,1502,67000,,9,9,3740,99,0,0,FALSE,FALSE,FALSE
ID113,2025-10-27,564,69800,,2,2,835,99,0,0,FALSE,FALSE,FALSE
ID113,2025-10-28,583,69600,,7,7,964,99,0,0,FALSE,FALSE,FALSE
ID113,2025-10-29,601,70500,,4,4,3068,99,0,0,FALSE,FALSE,FALSE
ID113,2025-10-30,427,71750,,1,1,881,99,1,0,FALSE,TRUE,FALSE
ID113,2025-10-31,908,73000,,4,4,2029,99,0,0,FALSE,FALSE,FALSE
ID113,2025-11-01,353,73650,,4,4,1510,99,0,0,FALSE,FALSE,FALSE
ID113,2025-11-02,625,75300,,5,5,2500,99,0,0,FALSE,FALSE,FALSE
ID113,2025-11-03,1952,77400,,11,11,5087,99,0,0,FALSE,FALSE,FALSE
ID113,2025-11-04,682,79000,,4,4,2319,99,0,0,FALSE,FALSE,FALSE
ID113,2025-11-05,2120,80500,,5,5,2950,99,0,0,FALSE,FALSE,FALSE
ID113,2025-11-06,1094,81400,,7,7,1293,99,0,0,FALSE,FALSE,FALSE
ID113,2025-11-07,1508,82100,,7,7,1843,99,0,0,FALSE,FALSE,FALSE
ID113,2025-11-08,1766,83450,,8,8,3140,99,0,0,FALSE,FALSE,FALSE
ID113,2025-11-09,1381,83200,,5,5,1640,99,0,0,FALSE,FALSE,FALSE
ID113,2025-11-10,2103,83850,,12,12,3644,99,0,0,FALSE,FALSE,FALSE
ID113,2025-11-11,1078,84800,,3,3,2598,99,0,0,FALSE,FALSE,FALSE
ID113,2025-11-12,2577,84300,,5,5,2838,99,0,0,FALSE,FALSE,FALSE
ID113,2025-11-13,293,86700,,1,1,394,99,0,0,FALSE,FALSE,FALSE
ID113,2025-11-14,2097,91400,,11,11,2615,99,0,0,FALSE,FALSE,FALSE
ID113,2025-11-15,2105,91700,,6,6,2840,99,0,0,FALSE,FALSE,FALSE
ID113,2025-11-16,2568,92700,,9,9,3763,99,0,0,FALSE,FALSE,FALSE
ID113,2025-11-17,1455,93300,,10,10,1830,99,0,0,FALSE,FALSE,FALSE
ID113,2025-11-18,2798,95450,,12,12,4206,99,0,0,FALSE,FALSE,FALSE
ID113,2025-11-19,1344,92400,,6,6,2075,99,0,0,FALSE,FALSE,FALSE
ID113,2025-11-20,1701,93700,,7,7,2221,99,0,0,FALSE,FALSE,FALSE
ID113,2025-11-21,1685,94350,,4,4,2291,99,0,0,FALSE,FALSE,FALSE
ID113,2025-11-23,867,97100,,11,11,2094,99,0,0,FALSE,FALSE,FALSE
ID113,2025-11-24,3479,96600,,14,14,5293,99,0,0,FALSE,FALSE,FALSE
ID113,2025-11-25,3970,96600,,11,11,4209,99,0,0,FALSE,FALSE,FALSE
ID113,2025-11-26,3318,97550,,12,12,4162,99,0,0,FALSE,FALSE,FALSE
ID113,2025-11-27,2891,96400,,7,7,3156,99,0,0,FALSE,FALSE,FALSE
ID113,2025-11-28,4607,98700,,8,8,4264,99,0,0,FALSE,FALSE,FALSE
ID113,2025-11-29,2770,99850,,10,10,2504,99;101,0,0,FALSE,FALSE,FALSE
ID113,2025-11-30,4071,101000,,11,11,3706,101,0,0,FALSE,FALSE,FALSE
ID113,2025-12-01,4431,104900,,10,10,4246,101,0,0,FALSE,FALSE,FALSE
ID113,2025-12-02,4523,105100,,10,10,4824,101,0,0,FALSE,FALSE,FALSE
ID113,2025-12-03,4357,105300,,8,8,4180,101,0,0,FALSE,FALSE,FALSE
ID113,2025-12-04,2555,104900,,5,5,2430,101,0,0,FALSE,FALSE,FALSE
ID113,2025-12-05,4000,105600,,7,7,3928,101,0,0,FALSE,FALSE,FALSE
ID113,2025-12-06,3420,104600,,7,7,3370,101,0,0,FALSE,FALSE,FALSE
ID113,2025-12-07,2787,105700,,11,11,2714,101,0,0,FALSE,FALSE,FALSE
ID113,2025-12-08,3098,106900,,9,9,2890,101,0,0,FALSE,FALSE,FALSE
ID113,2025-12-09,4730,110150,,8,8,3841,101,0,0,FALSE,FALSE,FALSE
ID113,2025-12-10,2482,113400,,7,7,1967,101,0,0,FALSE,FALSE,FALSE
ID113,2025-12-11,1197,110000,,3,3,920,101,0,0,FALSE,FALSE,FALSE
ID113,2025-12-12,4917,113300,,7,0,0,101,0,7,FALSE,FALSE,FALSE
ID113,2025-12-13,4604,116100,,7,7,4225,101,0,0,FALSE,FALSE,FALSE
ID113,2025-12-14,3775,117250,,12,12,3456,101,0,0,FALSE,FALSE,FALSE
ID113,2025-12-15,3243,118100,,15,15,2641,101,0,0,FALSE,FALSE,FALSE
ID113,2025-12-16,4121,117350,,6,6,3568,101,0,0,FALSE,FALSE,FALSE
ID113,2025-12-17,1996,115900,,9,9,1906,101,0,0,FALSE,FALSE,FALSE
ID113,2025-12-18,3130,117850,,12,12,3123,101,0,0,FALSE,FALSE,FALSE
ID113,2025-12-19,1908,118500,,5,5,2191,101,0,0,FALSE,FALSE,FALSE
ID113,2025-12-20,1654,115600,,13,13,1302,101,0,0,FALSE,FALSE,FALSE
ID113,2025-12-21,3935,118450,,20,20,4089,101,0,0,FALSE,FALSE,FALSE
ID113,2025-12-22,1906,119600,,4,4,1649,101,0,0,FALSE,FALSE,FALSE
ID114,2025-09-17,335,,,8,8,1286,99,8,0,FALSE,TRUE,FALSE
ID114,2025-09-18,580,,,7,7,1237,99,7,0,FALSE,TRUE,FALSE
ID114,2025-09-19,519,,,5,5,1181,99,5,0,FALSE,TRUE,FALSE
ID114,2025-09-20,274,,,6,6,539,99,6,0,FALSE,TRUE,FALSE
ID114,2025-09-21,455,30150,,6,6,1026,99,0,0,FALSE,FALSE,FALSE
ID114,2025-09-22,122,30300,,2,2,364,99,1,0,FALSE,FALSE,FALSE
ID114,2025-09-23,462,32200,,5,5,1117,99,0,0,FALSE,FALSE,FALSE
ID114,2025-09-24,650,31900,,9,9,1312,99,0,0,FALSE,FALSE,FALSE
ID114,2025-09-25,430,32500,,5,5,980,99,0,0,FALSE,FALSE,FALSE
ID114,2025-09-26,723,32800,,10,10,1617,99,0,0,FALSE,FALSE,FALSE
ID114,2025-09-27,391,33600,,5,5,1041,99,0,0,FALSE,FALSE,FALSE
ID114,2025-09-28,224,33500,,1,1,594,99,0,0,FALSE,FALSE,FALSE
ID114,2025-09-29,725,35000,,10,10,1604,99,0,0,FALSE,FALSE,FALSE
ID114,2025-09-30,912,35400,,14,14,1668,99,0,0,FALSE,FALSE,FALSE
ID114,2025-10-01,446,36650,,6,6,1156,99,0,0,FALSE,FALSE,FALSE
ID114,2025-10-02,496,37950,,6,6,1028,99,0,0,FALSE,FALSE,FALSE
ID114,2025-10-03,441,38450,,6,6,863,99,0,0,FALSE,FALSE,FALSE
ID114,2025-10-04,748,39800,,8,8,1257,99,0,0,FALSE,FALSE,FALSE
ID114,2025-10-05,546,40200,,6,6,1215,99,0,0,FALSE,FALSE,FALSE
ID114,2025-10-06,677,40200,,9,9,1430,99,0,0,FALSE,FALSE,FALSE
ID114,2025-10-07,451,40600,,5,5,1092,99,0,0,FALSE,FALSE,FALSE
ID114,2025-10-08,567,41800,,5,5,854,99,0,0,FALSE,FALSE,FALSE
ID114,2025-10-09,526,43300,,8,8,932,99,0,0,FALSE,FALSE,FALSE
ID114,2025-10-10,609,44200,,5,5,1125,99,0,0,FALSE,FALSE,FALSE
ID114,2025-10-11,61,44700,,3,0,0,99,3,3,FALSE,TRUE,FALSE
ID114,2025-10-12,604,45200,,8,8,1345,99,0,0,FALSE,FALSE,FALSE
ID114,2025-10-13,453,46200,,6,6,1805,99,0,0,FALSE,FALSE,FALSE
ID114,2025-10-14,740,46600,,5,5,1292,99,0,0,FALSE,FALSE,FALSE
ID114,2025-10-15,706,47300,,8,8,1013,99,0,0,FALSE,FALSE,FALSE
ID114,2025-10-16,482,48600,,7,7,721,99,0,0,FALSE,FALSE,FALSE
ID114,2025-10-17,691,47750,,8,8,1898,99,0,0,FALSE,FALSE,FALSE
ID114,2025-10-18,40,48825,,2,0,0,99,2,2,FALSE,TRUE,FALSE
ID114,2025-10-19,792,49900,,7,7,1851,99,0,0,FALSE,FALSE,FALSE
ID114,2025-10-20,519,51000,,3,3,824,99,0,0,FALSE,FALSE,FALSE
ID114,2025-10-21,1613,51550,,10,10,2230,99,0,0,FALSE,FALSE,FALSE
ID114,2025-10-22,683,53000,,8,8,1858,99,0,0,FALSE,FALSE,FALSE
ID114,2025-10-23,1710,54000,,14,14,3351,99,0,0,FALSE,FALSE,FALSE
ID114,2025-10-24,1747,55400,,11,11,2632,99,0,0,FALSE,FALSE,FALSE
ID114,2025-10-25,927,56000,,10,10,1965,99,0,0,FALSE,FALSE,FALSE
ID114,2025-10-26,1327,57200,,11,11,2598,99,0,0,FALSE,FALSE,FALSE
ID114,2025-10-27,718,59250,,4,4,846,99,0,0,FALSE,FALSE,FALSE
ID114,2025-10-28,659,59200,,7,7,874,99,0,0,FALSE,FALSE,FALSE
ID114,2025-10-29,1229,59400,,7,7,1496,99,0,0,FALSE,FALSE,FALSE
ID114,2025-10-30,1258,60300,,7,7,1561,99,0,0,FALSE,FALSE,FALSE
ID114,2025-10-31,39,62200,,1,0,0,99,0,1,FALSE,FALSE,FALSE
ID114,2025-11-01,1230,62200,,7,7,1619,99,0,0,FALSE,FALSE,FALSE
ID114,2025-11-02,632,65000,,6,6,989,99,0,0,FALSE,FALSE,FALSE
ID114,2025-11-03,813,65250,,8,8,2180,99,0,0,FALSE,FALSE,FALSE
ID114,2025-11-04,1290,67300,,6,6,1307,99,0,0,FALSE,FALSE,FALSE
ID114,2025-11-05,247,68750,,4,4,752,99,0,0,FALSE,FALSE,FALSE
ID114,2025-11-06,787,69500,,9,9,1004,99,0,0,FALSE,FALSE,FALSE
ID114,2025-11-07,631,70300,,8,8,960,99,0,0,FALSE,FALSE,FALSE
ID114,2025-11-08,1435,70550,,8,8,1708,99,0,0,FALSE,FALSE,FALSE
ID114,2025-11-09,1283,71600,,5,5,1214,99,0,0,FALSE,FALSE,FALSE
ID114,2025-11-10,1993,72400,,9,9,2041,99,0,0,FALSE,FALSE,FALSE
ID114,2025-11-11,567,73200,,3,3,843,99,0,0,FALSE,FALSE,FALSE
ID114,2025-11-12,856,74800,,5,5,768,99,0,0,FALSE,FALSE,FALSE
ID114,2025-11-13,931,75400,,5,5,1241,99,0,0,FALSE,FALSE,FALSE
ID114,2025-11-14,835,77900,,7,7,931,99,0,0,FALSE,FALSE,FALSE
ID114,2025-11-15,1253,79900,,11,11,1608,99,0,0,FALSE,FALSE,FALSE
ID114,2025-11-16,1055,81700,,9,9,1248,99,0,0,FALSE,FALSE,FALSE
ID114,2025-11-17,2020,82600,,9,9,1895,99,0,0,FALSE,FALSE,FALSE
ID114,2025-11-18,1359,82150,,10,10,1328,99,0,0,FALSE,FALSE,FALSE
ID114,2025-11-19,1569,79900,,8,8,1425,99,0,0,FALSE,FALSE,FALSE
ID114,2025-11-20,2205,81000,,10,10,2585,99,0,0,FALSE,FALSE,FALSE
ID114,2025-11-21,1995,81700,,9,9,2122,99,0,0,FALSE,FALSE,FALSE
ID114,2025-11-22,526,82600,,4,4,2071,99,0,0,FALSE,FALSE,FALSE
ID114,2025-11-23,1073,83900,,14,14,2277,99,0,0,FALSE,FALSE,FALSE
ID114,2025-11-24,2232,81950,,16,16,2088,99,0,0,FALSE,FALSE,FALSE
ID114,2025-11-25,3508,82400,,15,15,3580,99,0,0,FALSE,FALSE,FALSE
ID114,2025-11-26,2773,84900,,16,16,2510,99,0,0,FALSE,FALSE,FALSE
ID114,2025-11-27,3250,85800,,12,12,3266,99,0,0,FALSE,FALSE,FALSE
ID114,2025-11-28,3261,86100,,18,18,3019,99,0,0,FALSE,FALSE,FALSE
ID114,2025-11-29,3446,86700,,17,17,2996,99,0,0,FALSE,FALSE,FALSE
ID114,2025-11-30,4004,89100,,24,24,3906,99,0,0,FALSE,FALSE,FALSE
ID114,2025-12-01,2837,90550,,18,18,2721,99,0,0,FALSE,FALSE,FALSE
ID114,2025-12-02,3923,90600,,23,23,3897,99,0,0,FALSE,FALSE,FALSE
ID114,2025-12-03,3602,91750,,16,16,3349,99,0,0,FALSE,FALSE,FALSE
ID114,2025-12-04,2697,92700,,18,18,2430,99,0,0,FALSE,FALSE,FALSE
ID114,2025-12-05,3889,93500,,19,19,3780,99,0,0,FALSE,FALSE,FALSE
ID114,2025-12-06,3022,93500,,20,20,2870,99,0,0,FALSE,FALSE,FALSE
ID114,2025-12-07,3673,95200,,24,24,3195,99,0,0,FALSE,FALSE,FALSE
ID114,2025-12-08,3371,96100,,19,19,3088,99,0,0,FALSE,FALSE,FALSE
ID114,2025-12-09,3959,97700,,15,15,3255,99,0,0,FALSE,FALSE,FALSE
ID114,2025-12-10,3605,97900,,18,18,3336,99,0,0,FALSE,FALSE,FALSE
ID114,2025-12-11,2213,94800,,6,6,1468,99,0,0,FALSE,FALSE,FALSE
ID114,2025-12-12,3661,97900,,16,16,2087,99,0,0,FALSE,FALSE,FALSE
ID114,2025-12-13,3763,100500,,18,18,2727,99,0,0,FALSE,FALSE,FALSE
ID114,2025-12-14,3580,101100,,30,30,3358,99,0,0,FALSE,FALSE,FALSE
ID114,2025-12-15,3356,104300,,15,15,2858,99,0,0,FALSE,FALSE,FALSE
ID114,2025-12-16,3300,108400,,14,14,3341,99,0,0,FALSE,FALSE,FALSE
ID114,2025-12-17,3577,109500,,21,21,3695,99,0,0,FALSE,FALSE,FALSE
ID114,2025-12-18,3679,109500,,17,17,3759,99,0,0,FALSE,FALSE,FALSE
ID114,2025-12-19,4406,111300,,19,0,0,99,0,19,FALSE,FALSE,FALSE
ID114,2025-12-20,4126,110900,,16,16,3691,99,0,0,FALSE,FALSE,FALSE
ID114,2025-12-21,3424,112400,,17,17,3292,99,0,0,FALSE,FALSE,FALSE
ID114,2025-12-22,888,112250,,2,2,836,99,0,0,FALSE,FALSE,FALSE
ID117,2025-09-12,447,27200,,6,0,0,95,0,6,FALSE,FALSE,FALSE
ID117,2025-09-13,979,28450,,18,18,1955,95,18,0,FALSE,TRUE,FALSE
ID117,2025-09-14,1611,29700,,19,19,4520,95,1,0,FALSE,FALSE,FALSE
ID117,2025-09-15,1201,31200,,15,15,3073,95,0,0,FALSE,FALSE,FALSE
ID117,2025-09-16,1076,31800,,15,15,3126,95,0,0,FALSE,FALSE,FALSE
ID117,2025-09-17,997,32300,,13,13,2786,95,0,0,FALSE,FALSE,FALSE
ID117,2025-09-18,886,32950,,17,0,0,95,1,17,FALSE,FALSE,FALSE
ID117,2025-09-19,1016,34000,,12,12,3041,95,0,0,FALSE,FALSE,FALSE
ID117,2025-09-20,1717,35800,,13,13,3579,95,0,0,FALSE,FALSE,FALSE
ID117,2025-09-21,746,37100,,11,0,0,95,0,11,FALSE,FALSE,FALSE
ID117,2025-09-22,1585,37700,,9,9,3614,95,0,0,FALSE,FALSE,FALSE
ID117,2025-09-23,1762,38500,,9,9,3842,95,0,0,FALSE,FALSE,FALSE
ID117,2025-09-24,1673,39250,,8,8,3615,95,0,0,FALSE,FALSE,FALSE
ID117,2025-09-25,1178,40400,,7,7,2236,95,0,0,FALSE,FALSE,FALSE
ID117,2025-09-26,2282,41000,,14,14,3948,95,0,0,FALSE,FALSE,FALSE
ID117,2025-09-27,1527,42500,,9,9,3506,95,0,0,FALSE,FALSE,FALSE
ID117,2025-09-28,2089,43200,,10,10,4219,95,0,0,FALSE,FALSE,FALSE
ID117,2025-09-29,1315,43550,,4,4,2036,95,0,0,FALSE,FALSE,FALSE
ID117,2025-09-30,1932,44300,,7,7,3062,95,0,0,FALSE,FALSE,FALSE
ID117,2025-10-01,2231,46000,,9,9,3883,95,0,0,FALSE,FALSE,FALSE
ID117,2025-10-02,2844,46750,,12,12,3579,95,0,0,FALSE,FALSE,FALSE
ID117,2025-10-03,2373,48100,,9,9,3496,95,0,0,FALSE,FALSE,FALSE
ID117,2025-10-04,2549,48350,,8,8,4162,95,0,0,FALSE,FALSE,FALSE
ID117,2025-10-05,2827,49800,,12,12,4531,95,0,0,FALSE,FALSE,FALSE
ID117,2025-10-06,2510,51200,,7,7,3490,95,0,0,FALSE,FALSE,FALSE
ID117,2025-10-07,2681,51600,,13,13,4106,95,0,0,FALSE,FALSE,FALSE
ID117,2025-10-08,2505,51800,,11,11,3464,95,0,0,FALSE,FALSE,FALSE
ID117,2025-10-09,3042,51200,,11,11,3752,95,0,0,FALSE,FALSE,FALSE
ID117,2025-10-10,2610,52900,,17,17,3644,95,0,0,FALSE,FALSE,FALSE
ID117,2025-10-11,3008,54650,,14,14,4609,95,0,0,FALSE,FALSE,FALSE
ID117,2025-10-12,2804,54700,,9,9,3614,95,0,0,FALSE,FALSE,FALSE
ID117,2025-10-13,2806,56500,,18,18,4623,95,0,0,FALSE,FALSE,FALSE
ID117,2025-10-14,3261,58600,,17,17,4979,95,0,0,FALSE,FALSE,FALSE
ID117,2025-10-15,3136,59000,,20,20,4296,95,0,0,FALSE,FALSE,FALSE
ID117,2025-10-16,3290,60000,,12,12,4234,95,0,0,FALSE,FALSE,FALSE
ID117,2025-10-17,3339,61500,,19,19,3862,95,0,0,FALSE,FALSE,FALSE
ID117,2025-10-18,1818,59800,,4,0,0,95,0,4,FALSE,FALSE,FALSE
ID117,2025-10-19,2820,63050,,12,12,3489,95,0,0,FALSE,FALSE,FALSE
ID117,2025-10-20,3710,64700,,17,17,4232,95,0,0,FALSE,FALSE,FALSE
ID117,2025-10-21,3444,66400,,21,21,3872,95,0,0,FALSE,FALSE,FALSE
ID117,2025-10-22,2707,66900,,13,13,3108,95,0,0,FALSE,FALSE,FALSE
ID117,2025-10-23,3096,66600,,17,17,4238,95,0,0,FALSE,FALSE,FALSE
ID117,2025-10-24,2893,67100,,15,15,3829,95,0,0,FALSE,FALSE,FALSE
ID117,2025-10-25,2765,68600,,21,21,3799,95,0,0,FALSE,FALSE,FALSE
ID117,2025-10-26,3075,69850,,16,16,4490,95,0,0,FALSE,FALSE,FALSE
ID117,2025-10-27,2238,70300,,16,16,2670,95,0,0,FALSE,FALSE,FALSE
ID117,2025-10-28,2000,71900,,9,0,0,95,0,9,FALSE,FALSE,FALSE
ID117,2025-10-29,3774,74300,,18,18,4487,95,0,0,FALSE,FALSE,FALSE
ID117,2025-10-30,3753,76300,,15,15,3743,95,0,0,FALSE,FALSE,FALSE
ID117,2025-10-31,3240,76600,,15,15,3010,95,0,0,FALSE,FALSE,FALSE
ID117,2025-11-01,3945,76900,,19,19,4167,95,0,0,FALSE,FALSE,FALSE
ID117,2025-11-02,3595,78800,,19,19,3546,95,0,0,FALSE,FALSE,FALSE
ID117,2025-11-03,3548,79900,,24,24,3444,95,0,0,FALSE,FALSE,FALSE
ID117,2025-11-04,3924,80900,,26,26,4003,95,0,0,FALSE,FALSE,FALSE
ID117,2025-11-05,4174,82400,,34,34,3067,95,0,0,FALSE,FALSE,FALSE
ID117,2025-11-06,3686,82400,,25,25,2645,95,0,0,FALSE,FALSE,FALSE
ID117,2025-11-07,3457,82600,,20,20,3105,95,0,0,FALSE,FALSE,FALSE
ID117,2025-11-08,3518,85000,,32,32,3280,95,0,0,FALSE,FALSE,FALSE
ID117,2025-11-09,2853,85800,,23,23,2568,95,0,0,FALSE,FALSE,FALSE
ID117,2025-11-10,3734,86300,,32,32,3337,95,0,0,FALSE,FALSE,FALSE
ID117,2025-11-11,2955,87700,,30,30,2472,95,0,0,FALSE,FALSE,FALSE
ID117,2025-11-12,3366,90300,,14,14,2278,95,0,0,FALSE,FALSE,FALSE
ID117,2025-11-13,3702,92000,,25,25,2963,95,0,0,FALSE,FALSE,FALSE
ID117,2025-11-14,3540,93150,,32,32,3230,95,0,0,FALSE,FALSE,FALSE
ID117,2025-11-15,3331,94900,,25,25,3346,95,0,0,FALSE,FALSE,FALSE
ID117,2025-11-16,2661,96500,,33,33,2392,95,0,0,FALSE,FALSE,FALSE
ID117,2025-11-17,3504,96750,,20,20,3382,95,0,0,FALSE,FALSE,FALSE
ID117,2025-11-18,4702,99350,,40,0,0,95,0,40,FALSE,FALSE,FALSE
ID117,2025-11-19,4480,96700,,39,39,3046,95,0,0,FALSE,FALSE,FALSE
ID117,2025-11-20,4608,97700,,24,0,0,95,0,24,FALSE,FALSE,FALSE
ID117,2025-11-21,4092,98500,,28,28,3496,95,0,0,FALSE,FALSE,FALSE
ID117,2025-11-22,4269,99600,,34,34,3141,95,0,0,FALSE,FALSE,FALSE
ID117,2025-11-23,3324,100300,,27,27,3001,95,0,0,FALSE,FALSE,FALSE
ID117,2025-11-24,4335,101650,,40,40,4213,95,0,0,FALSE,FALSE,FALSE
ID117,2025-11-25,3465,101500,,32,32,3311,95,0,0,FALSE,FALSE,FALSE
ID117,2025-11-26,4221,103000,,34,34,3968,95,0,0,FALSE,FALSE,FALSE
ID117,2025-11-27,3750,104000,,36,36,3109,95,0,0,FALSE,FALSE,FALSE
ID117,2025-11-28,2899,104000,,32,32,2377,95,0,0,FALSE,FALSE,FALSE
ID117,2025-11-29,3266,105300,,21,21,3071,95,0,0,FALSE,FALSE,FALSE
ID117,2025-11-30,3436,104900,,26,26,2917,95,0,0,FALSE,FALSE,FALSE
ID117,2025-12-01,4273,106350,,32,32,3381,95,0,0,FALSE,FALSE,FALSE
ID117,2025-12-02,3737,109100,,31,31,3404,95,0,0,FALSE,FALSE,FALSE
ID117,2025-12-03,3250,111250,,30,30,2641,95,0,0,FALSE,FALSE,FALSE
ID117,2025-12-04,4195,113100,,29,29,3741,95,0,0,FALSE,FALSE,FALSE
ID117,2025-12-05,3877,115000,,47,47,3762,95,0,0,FALSE,FALSE,FALSE
ID117,2025-12-06,4603,115700,,32,32,4241,95,0,0,FALSE,FALSE,FALSE
ID117,2025-12-07,4232,116850,,38,38,3753,95,0,0,FALSE,FALSE,FALSE
ID117,2025-12-08,4043,117900,,25,25,4317,95,0,0,FALSE,FALSE,FALSE
ID117,2025-12-09,4562,119100,,26,26,4888,95,0,0,FALSE,FALSE,FALSE
ID117,2025-12-10,3743,121150,,24,24,4444,95,0,0,FALSE,FALSE,FALSE
ID117,2025-12-11,3320,120958.333333333,,24,24,3336,95,24,0,FALSE,TRUE,FALSE
ID117,2025-12-12,4485,120766.666666667,,29,0,0,95,29,29,FALSE,TRUE,FALSE
ID117,2025-12-13,2872,120575,,23,23,2841,95,23,0,FALSE,TRUE,FALSE
ID117,2025-12-14,4413,120383.333333333,,35,0,0,95,35,35,FALSE,TRUE,FALSE
ID117,2025-12-15,3274,120191.666666667,,29,29,3292,95,29,0,FALSE,TRUE,FALSE
ID117,2025-12-16,2602,120000,,17,17,2526,95,0,0,FALSE,FALSE,FALSE
ID117,2025-12-17,3266,120800,,33,33,2781,95,0,0,FALSE,FALSE,FALSE
ID117,2025-12-18,3756,122550,,24,24,3834,95,0,0,FALSE,FALSE,FALSE
ID117,2025-12-19,3583,124200,,21,21,3302,95,0,0,FALSE,FALSE,FALSE
ID117,2025-12-20,2114,123100,,9,9,2124,95,0,0,FALSE,FALSE,FALSE
ID117,2025-12-21,1075,,,6,0,0,95,6,6,FALSE,TRUE,FALSE
ID117,2025-12-22,2328,,,13,13,2342,95,13,0,FALSE,TRUE,FALSE
ID117,2025-12-23,2547,,,15,15,2202,95,15,0,FALSE,TRUE,FALSE
ID117,2025-12-24,1576,,,12,12,1604,95,12,0,FALSE,TRUE,FALSE
ID118,2025-09-19,483,36300,,4,0,0,101,1,4,FALSE,FALSE,FALSE
ID118,2025-09-20,631,28900,,7,0,0,101,0,7,FALSE,FALSE,FALSE
ID118,2025-09-21,542,29400,,13,0,0,101,0,13,FALSE,FALSE,FALSE
ID118,2025-09-22,1419,32750,,10,10,3060,101,0,0,FALSE,FALSE,FALSE
ID118,2025-09-23,1742,31350,,16,16,3156,101,0,0,FALSE,FALSE,FALSE
ID118,2025-09-24,1574,31600,,12,12,3931,101,1,0,FALSE,FALSE,FALSE
ID118,2025-09-25,2156,32300,,19,19,4241,101,0,0,FALSE,FALSE,FALSE
ID118,2025-09-26,923,32800,,13,13,2691,101,0,0,FALSE,FALSE,FALSE
ID118,2025-09-27,1294,33050,,10,10,3748,101,0,0,FALSE,FALSE,FALSE
ID118,2025-09-28,2057,32500,,9,9,2885,101,0,0,FALSE,FALSE,FALSE
ID118,2025-09-29,2191,32850,,10,10,3120,101,0,0,FALSE,FALSE,FALSE
ID118,2025-09-30,2581,34950,,10,10,3138,101,0,0,FALSE,FALSE,FALSE
ID118,2025-10-01,2264,30800,,6,6,3549,101,0,0,FALSE,FALSE,FALSE
ID118,2025-10-02,3359,29300,,13,13,3731,101,0,0,FALSE,FALSE,FALSE
ID118,2025-10-03,2948,36950,,12,12,3793,101,0,0,FALSE,FALSE,FALSE
ID118,2025-10-04,2740,30800,,11,11,3519,101,0,0,FALSE,FALSE,FALSE
ID118,2025-10-05,4045,39000,,13,13,4372,101,0,0,FALSE,FALSE,FALSE
ID118,2025-10-06,2544,40450,,10,10,3699,101,0,0,FALSE,FALSE,FALSE
ID118,2025-10-07,2404,33600,,10,10,3512,101,0,0,FALSE,FALSE,FALSE
ID118,2025-10-08,2688,34300,,12,12,3407,101,0,0,FALSE,FALSE,FALSE
ID118,2025-10-09,3125,41400,,13,13,4359,101,0,0,FALSE,FALSE,FALSE
ID118,2025-10-10,3440,43500,,15,15,4394,101,0,0,FALSE,FALSE,FALSE
ID118,2025-10-11,3138,44450,,14,14,4462,101,0,0,FALSE,FALSE,FALSE
ID118,2025-10-12,2100,36100,,16,16,2725,101,0,0,FALSE,FALSE,FALSE
ID118,2025-10-13,3023,36100,,7,7,4093,101,0,0,FALSE,FALSE,FALSE
ID118,2025-10-14,3487,40500,,11,11,3395,101,0,0,FALSE,FALSE,FALSE
ID118,2025-10-15,4051,40200,,13,13,4133,101,0,0,FALSE,FALSE,FALSE
ID118,2025-10-16,3253,39500,,6,6,3447,101,0,0,FALSE,FALSE,FALSE
ID118,2025-10-17,3435,40550,,6,6,3073,101,0,0,FALSE,FALSE,FALSE
ID118,2025-10-18,2027,42050,,6,6,2035,101,0,0,FALSE,FALSE,FALSE
ID118,2025-10-19,3482,43000,,3,3,2815,101,0,0,FALSE,FALSE,FALSE
ID118,2025-10-20,3883,42650,,4,4,3845,101,0,0,FALSE,FALSE,FALSE
ID118,2025-10-21,4819,50100,,8,8,4962,101,0,0,FALSE,FALSE,FALSE
ID118,2025-10-22,3186,44400,,5,5,3428,101,0,0,FALSE,FALSE,FALSE
ID118,2025-10-23,2844,54750,,10,10,3659,101,0,0,FALSE,FALSE,FALSE
ID118,2025-10-24,4856,57300,,9,0,0,101,0,9,FALSE,FALSE,FALSE
ID118,2025-10-25,3209,59250,,8,8,3837,101,0,0,FALSE,FALSE,FALSE
ID118,2025-10-26,2243,58000,,6,6,2718,101,0,0,FALSE,FALSE,FALSE
ID118,2025-10-27,3587,60150,,8,8,2826,101,0,0,FALSE,FALSE,FALSE
ID118,2025-10-28,2753,60900,,5,5,2256,101,0,0,FALSE,FALSE,FALSE
ID118,2025-10-29,3283,61600,,6,6,2785,101,0,0,FALSE,FALSE,FALSE
ID118,2025-10-30,2166,62700,,3,3,2344,101,0,0,FALSE,FALSE,FALSE
ID118,2025-10-31,3409,64900,,17,17,4104,101,0,0,FALSE,FALSE,FALSE
ID118,2025-11-01,3119,67200,,19,19,3855,101,0,0,FALSE,FALSE,FALSE
ID118,2025-11-02,2545,67800,,14,14,3434,101,0,0,FALSE,FALSE,FALSE
ID118,2025-11-03,3700,69100,,17,17,4618,101,0,0,FALSE,FALSE,FALSE
ID118,2025-11-04,3880,69300,,14,14,3356,101,0,0,FALSE,FALSE,FALSE
ID118,2025-11-05,3985,71000,,18,18,3218,101,0,0,FALSE,FALSE,FALSE
ID118,2025-11-06,3128,72850,,20,20,2421,101,0,0,FALSE,FALSE,FALSE
ID118,2025-11-07,2492,73700,,15,15,2488,101,0,0,FALSE,FALSE,FALSE
ID118,2025-11-08,2623,74600,,19,19,2692,101,0,0,FALSE,FALSE,FALSE
ID118,2025-11-09,4154,75800,,17,17,3824,101,0,0,FALSE,FALSE,FALSE
ID118,2025-11-10,2559,76600,,9,9,2850,101,0,0,FALSE,FALSE,FALSE
ID118,2025-11-11,3440,77600,,22,22,2683,101,0,0,FALSE,FALSE,FALSE
ID118,2025-11-12,2455,78400,,18,18,2718,101,0,0,FALSE,FALSE,FALSE
ID118,2025-11-13,2607,77600,,10,10,2577,101,0,0,FALSE,FALSE,FALSE
ID118,2025-11-14,3509,81200,,17,17,3887,101,0,0,FALSE,FALSE,FALSE
ID118,2025-11-15,4506,83300,,33,33,3764,101,0,0,FALSE,FALSE,FALSE
ID118,2025-11-16,3358,83500,,27,27,2991,101,0,0,FALSE,FALSE,FALSE
ID118,2025-11-17,3728,85200,,22,22,3681,101,0,0,FALSE,FALSE,FALSE
ID118,2025-11-18,3338,85400,,17,17,3783,101,0,0,FALSE,FALSE,FALSE
ID118,2025-11-19,4188,86300,,18,18,4280,101,0,0,FALSE,FALSE,FALSE
ID118,2025-11-20,2395,85600,,15,15,2025,101,0,0,FALSE,FALSE,FALSE
ID118,2025-11-21,3045,86500,,17,17,3166,101,0,0,FALSE,FALSE,FALSE
ID118,2025-11-22,4689,87700,,27,27,4549,101,0,0,FALSE,FALSE,FALSE
ID118,2025-11-23,2496,89100,,25,25,2393,101,0,0,FALSE,FALSE,FALSE
ID118,2025-11-24,3801,92750,,36,36,3294,101,0,0,FALSE,FALSE,FALSE
ID118,2025-11-25,3703,92600,,24,24,2718,101,0,0,FALSE,FALSE,FALSE
ID118,2025-11-26,3076,94800,,25,25,2769,101,0,0,FALSE,FALSE,FALSE
ID118,2025-11-27,3550,95300,,27,27,3159,101,0,0,FALSE,FALSE,FALSE
ID118,2025-11-28,3901,97050,,32,32,3749,101,0,0,FALSE,FALSE,FALSE
ID118,2025-11-29,2634,98000,,14,14,2563,101,1,0,FALSE,FALSE,FALSE
ID118,2025-11-30,4566,98800,,20,20,3720,101,0,0,FALSE,FALSE,FALSE
ID118,2025-12-01,3508,100000,,27,27,2595,101,0,0,FALSE,FALSE,FALSE
ID118,2025-12-02,4143,101450,,18,18,3539,101,0,0,FALSE,FALSE,FALSE
ID118,2025-12-03,3395,101000,,15,15,2497,101,0,0,FALSE,FALSE,FALSE
ID118,2025-12-04,3323,102200,,18,18,2760,101,0,0,FALSE,FALSE,FALSE
ID118,2025-12-05,4260,103300,,24,24,3416,101,0,0,FALSE,FALSE,FALSE
ID118,2025-12-06,3123,102800,,25,25,2258,101,0,0,FALSE,FALSE,FALSE
ID118,2025-12-07,4054,104150,,24,24,3255,101,0,0,FALSE,FALSE,FALSE
ID118,2025-12-08,4043,109100,,19,19,3117,101,0,0,FALSE,FALSE,FALSE
ID118,2025-12-09,3694,107950,,14,14,3051,101,0,0,FALSE,FALSE,FALSE
ID118,2025-12-10,4702,113400,,23,23,3182,101,0,0,FALSE,FALSE,FALSE
ID118,2025-12-11,1610,111400,,5,5,1096,101,0,0,FALSE,FALSE,FALSE
ID118,2025-12-12,4258,113300,,25,25,2770,101,0,0,FALSE,FALSE,FALSE
ID118,2025-12-13,3923,117250,,20,20,2987,101,0,0,FALSE,FALSE,FALSE
ID118,2025-12-14,4243,116900,,23,23,2973,101,0,0,FALSE,FALSE,FALSE
ID118,2025-12-15,3356,116600,,14,14,2580,101,0,0,FALSE,FALSE,FALSE
ID118,2025-12-16,3672,115300,,13,13,2519,101,0,0,FALSE,FALSE,FALSE
ID118,2025-12-17,3110,116200,,19,19,2222,101,0,0,FALSE,FALSE,FALSE
ID118,2025-12-18,3148,117900,,15,15,2415,101,0,0,FALSE,FALSE,FALSE
ID118,2025-12-19,3655,118900,,23,23,2060,101,0,0,FALSE,FALSE,FALSE
ID118,2025-12-20,3543,120900,,13,13,2811,101,0,0,FALSE,FALSE,FALSE
ID118,2025-12-21,2932,120000,,16,16,2292,101,0,0,FALSE,FALSE,FALSE
ID118,2025-12-22,855,116900,,2,2,606,101,0,0,FALSE,FALSE,FALSE
ID123,2025-09-12,57,26600,,2,0,0,94,0,2,FALSE,FALSE,FALSE
ID123,2025-09-13,666,25300,,6,6,1468,94,0,0,FALSE,FALSE,FALSE
ID123,2025-09-14,453,27400,,5,5,910,94,0,0,FALSE,FALSE,FALSE
ID123,2025-09-15,1296,28700,,9,9,1878,94,0,0,FALSE,FALSE,FALSE
ID123,2025-09-16,1189,29400,,15,15,1978,94,0,0,FALSE,FALSE,FALSE
ID123,2025-09-17,1422,29400,,7,7,2518,94,0,0,FALSE,FALSE,FALSE
ID123,2025-09-18,1420,30200,,12,12,2518,94,0,0,FALSE,FALSE,FALSE
ID123,2025-09-19,847,31600,,10,10,1362,94,0,0,FALSE,FALSE,FALSE
ID123,2025-09-20,1447,33000,,20,20,2723,94,0,0,FALSE,FALSE,FALSE
ID123,2025-09-21,1970,33300,,23,23,3661,94,0,0,FALSE,FALSE,FALSE
ID123,2025-09-22,1439,34600,,13,13,3827,94,0,0,FALSE,FALSE,FALSE
ID123,2025-09-23,1664,35300,,13,13,4329,94,0,0,FALSE,FALSE,FALSE
ID123,2025-09-24,1703,36000,,8,8,3687,94,0,0,FALSE,FALSE,FALSE
ID123,2025-09-25,1727,37300,,17,17,3273,94,0,0,FALSE,FALSE,FALSE
ID123,2025-09-26,1322,37700,,13,13,2602,94,1,0,FALSE,FALSE,FALSE
ID123,2025-09-27,2057,37700,,11,11,4083,94,0,0,FALSE,FALSE,FALSE
ID123,2025-09-28,1782,35800,,21,21,3063,94,0,0,FALSE,FALSE,FALSE
ID123,2025-09-29,1231,37500,,10,10,2314,94,0,0,FALSE,FALSE,FALSE
ID123,2025-09-30,1347,36850,,8,8,2576,94,0,0,FALSE,FALSE,FALSE
ID123,2025-10-01,1947,38800,,12,12,3562,94,0,0,FALSE,FALSE,FALSE
ID123,2025-10-02,2029,40300,,11,11,3508,94,0,0,FALSE,FALSE,FALSE
ID123,2025-10-03,2121,41200,,7,7,3528,94,0,0,FALSE,FALSE,FALSE
ID123,2025-10-04,2003,42200,,7,7,3331,94,0,0,FALSE,FALSE,FALSE
ID123,2025-10-05,2449,42900,,6,6,3961,94,0,0,FALSE,FALSE,FALSE
ID123,2025-10-06,2332,45000,,12,12,4068,94,0,0,FALSE,FALSE,FALSE
ID123,2025-10-07,2258,46900,,11,11,3536,94,0,0,FALSE,FALSE,FALSE
ID123,2025-10-08,2432,47200,,7,7,3482,94,0,0,FALSE,FALSE,FALSE
ID123,2025-10-09,2120,48700,,12,12,3297,94,0,0,FALSE,FALSE,FALSE
ID123,2025-10-10,2694,49700,,8,8,4003,94,0,0,FALSE,FALSE,FALSE
ID123,2025-10-11,3136,50700,,7,7,3635,94,0,0,FALSE,FALSE,FALSE
ID123,2025-10-12,2798,52600,,9,9,4047,94,0,0,FALSE,FALSE,FALSE
ID123,2025-10-13,2816,52800,,6,6,3945,94,0,0,FALSE,FALSE,FALSE
ID123,2025-10-14,2808,54800,,11,11,3978,94,0,0,FALSE,FALSE,FALSE
ID123,2025-10-15,2905,56200,,9,9,3356,94,0,0,FALSE,FALSE,FALSE
ID123,2025-10-16,2831,56400,,6,6,3841,94,0,0,FALSE,FALSE,FALSE
ID123,2025-10-17,2869,58500,,7,7,3958,94,0,0,FALSE,FALSE,FALSE
ID123,2025-10-18,2545,57100,,5,5,2813,94,0,0,FALSE,FALSE,FALSE
ID123,2025-10-19,2138,57900,,3,3,2480,94,0,0,FALSE,FALSE,FALSE
ID123,2025-10-20,2222,61250,,4,4,2837,94,0,0,FALSE,FALSE,FALSE
ID123,2025-10-21,3004,63800,,15,15,3587,94,0,0,FALSE,FALSE,FALSE
ID123,2025-10-22,3736,64300,,13,0,0,94,0,13,FALSE,FALSE,FALSE
ID123,2025-10-23,2424,64600,,6,6,3038,94,0,0,FALSE,FALSE,FALSE
ID123,2025-10-24,1635,62500,,3,3,2136,94,0,0,FALSE,FALSE,FALSE
ID123,2025-10-25,2247,63600,,5,5,2810,94,0,0,FALSE,FALSE,FALSE
ID123,2025-10-26,3264,64200,,4,4,4112,94,0,0,FALSE,FALSE,FALSE
ID123,2025-10-27,3271,66600,,6,6,3723,94,0,0,FALSE,FALSE,FALSE
ID123,2025-10-28,2886,69250,,8,8,3269,94,0,0,FALSE,FALSE,FALSE
ID123,2025-10-29,1923,67650,,6,6,2234,94,0,0,FALSE,FALSE,FALSE
ID123,2025-10-30,3496,68350,,8,8,3720,94,0,0,FALSE,FALSE,FALSE
ID123,2025-10-31,3413,69600,,5,5,3515,94,0,0,FALSE,FALSE,FALSE
ID123,2025-11-01,3359,72000,,4,4,3354,94,0,0,FALSE,FALSE,FALSE
ID123,2025-11-02,3299,75000,,4,4,3218,94,0,0,FALSE,FALSE,FALSE
ID123,2025-11-03,3687,75150,,6,6,3655,94,0,0,FALSE,FALSE,FALSE
ID123,2025-11-04,3804,77700,,5,5,3906,94,0,0,FALSE,FALSE,FALSE
ID123,2025-11-05,3045,77050,,8,8,3325,94,0,0,FALSE,FALSE,FALSE
ID123,2025-11-06,2451,79300,,5,5,2511,94,0,0,FALSE,FALSE,FALSE
ID123,2025-11-07,3610,81000,,7,7,3498,94,0,0,FALSE,FALSE,FALSE
ID123,2025-11-08,4601,82700,,7,7,4178,94,0,0,FALSE,FALSE,FALSE
ID123,2025-11-09,3640,84000,,7,7,3457,94,0,0,FALSE,FALSE,FALSE
ID123,2025-11-10,2934,82400,,7,7,2891,94,0,0,FALSE,FALSE,FALSE
ID123,2025-11-11,4094,85700,,6,6,3711,94,0,0,FALSE,FALSE,FALSE
ID123,2025-11-12,2516,82900,,3,3,1509,94,0,0,FALSE,FALSE,FALSE
ID123,2025-11-13,169,84900,,1,0,0,94,0,1,FALSE,FALSE,FALSE
ID123,2025-11-14,4499,87900,,5,5,3779,94,0,0,FALSE,FALSE,FALSE
ID123,2025-11-15,3666,87900,,6,6,3264,94,0,0,FALSE,FALSE,FALSE
ID123,2025-11-16,3158,89700,,10,10,2792,94,0,0,FALSE,FALSE,FALSE
ID123,2025-11-17,3602,90550,,8,8,3021,94,0,0,FALSE,FALSE,FALSE
ID123,2025-11-18,4006,92600,,7,7,3404,94,0,0,FALSE,FALSE,FALSE
ID123,2025-11-19,4277,93100,,5,5,3439,94,0,0,FALSE,FALSE,FALSE
ID123,2025-11-20,3124,87600,,3,3,2503,94,0,0,FALSE,FALSE,FALSE
ID123,2025-11-21,2328,94800,,5,5,2054,94,0,0,FALSE,FALSE,FALSE
ID123,2025-11-22,3903,95650,,8,8,3304,94,0,0,FALSE,FALSE,FALSE
ID123,2025-11-23,4001,96600,,11,11,3578,94,0,0,FALSE,FALSE,FALSE
ID123,2025-11-24,3315,98150,,10,10,3108,94,0,0,FALSE,FALSE,FALSE
ID123,2025-11-25,4250,96800,,16,16,3670,94,0,0,FALSE,FALSE,FALSE
ID123,2025-11-26,1098,96450,,2,0,0,94,0,2,FALSE,FALSE,FALSE
ID123,2025-11-27,3345,99800,,11,11,2931,94,0,0,FALSE,FALSE,FALSE
ID123,2025-11-28,2887,99500,,15,15,2705,94,0,0,FALSE,FALSE,FALSE
ID123,2025-11-29,4270,101400,,8,8,3739,94,0,0,FALSE,FALSE,FALSE
ID123,2025-11-30,2897,99600,,9,9,2579,94,0,0,FALSE,FALSE,FALSE
ID123,2025-12-01,3664,103200,,15,15,3157,94,0,0,FALSE,FALSE,FALSE
ID123,2025-12-02,4527,107350,,10,10,4141,94,0,0,FALSE,FALSE,FALSE
ID123,2025-12-03,2744,107300,,13,13,2220,94,0,0,FALSE,FALSE,FALSE
ID123,2025-12-04,3000,106750,,8,8,2855,94,0,0,FALSE,FALSE,FALSE
ID123,2025-12-05,2183,107500,,8,8,1876,94,0,0,FALSE,FALSE,FALSE
ID123,2025-12-06,3065,108500,,13,13,2832,94,0,0,FALSE,FALSE,FALSE
ID123,2025-12-07,2666,108250,,6,6,2369,94,0,0,FALSE,FALSE,FALSE
ID123,2025-12-08,4242,109050,,6,6,3707,94,0,0,FALSE,FALSE,FALSE
ID123,2025-12-09,2577,109700,,5,5,2125,94,0,0,FALSE,FALSE,FALSE
ID123,2025-12-10,3028,109200,,7,7,2904,94,0,0,FALSE,FALSE,FALSE
ID123,2025-12-11,4030,110900,,5,5,3414,94,0,0,FALSE,FALSE,FALSE
ID123,2025-12-12,513,111550,,2,0,0,94,0,2,FALSE,FALSE,FALSE
ID123,2025-12-13,3895,111950,,10,10,3328,94,0,0,FALSE,FALSE,FALSE
ID123,2025-12-14,4001,114000,,7,7,2995,94,0,0,FALSE,FALSE,FALSE
ID123,2025-12-15,4460,117100,,11,11,3656,94,0,0,FALSE,FALSE,FALSE
ID123,2025-12-16,3742,119000,,29,29,3045,94,0,0,FALSE,FALSE,FALSE
ID123,2025-12-17,2930,119000,,13,13,2535,94,0,0,FALSE,FALSE,FALSE
ID123,2025-12-18,4685,121600,,22,0,0,94,0,22,FALSE,FALSE,FALSE
ID123,2025-12-19,2760,122000,,8,8,2304,94,0,0,FALSE,FALSE,FALSE
ID123,2025-12-20,1641,121600,,3,3,1292,94,0,0,FALSE,FALSE,FALSE
ID123,2025-12-25,365,,,4,0,0,94,4,4,FALSE,TRUE,FALSE
ID124,2025-09-17,561,,,5,0,0,98,5,5,FALSE,TRUE,FALSE
ID124,2025-09-18,699,,,9,0,0,98,9,9,FALSE,TRUE,FALSE
ID124,2025-09-19,432,,,4,0,0,98,4,4,FALSE,TRUE,FALSE
ID124,2025-09-20,920,37950,,8,8,1554,98,0,0,FALSE,FALSE,FALSE
ID124,2025-09-21,999,33100,,9,9,2264,98,0,0,FALSE,FALSE,FALSE
ID124,2025-09-22,1686,34150,,9,9,3627,98,9,0,FALSE,TRUE,FALSE
ID124,2025-09-23,1247,35200,,5,5,2801,98,0,0,FALSE,FALSE,FALSE
ID124,2025-09-24,1653,37100,,5,5,3592,98,0,0,FALSE,FALSE,FALSE
ID124,2025-09-25,1634,37600,,5,5,4110,98,0,0,FALSE,FALSE,FALSE
ID124,2025-09-26,1564,39400,,10,10,3705,98,0,0,FALSE,FALSE,FALSE
ID124,2025-09-27,1692,40100,,9,9,2845,98,0,0,FALSE,FALSE,FALSE
ID124,2025-09-28,1192,40750,,8,8,2699,98,0,0,FALSE,FALSE,FALSE
ID124,2025-09-29,2016,41200,,5,5,3953,98,0,0,FALSE,FALSE,FALSE
ID124,2025-09-30,1222,42000,,4,4,2868,98,0,0,FALSE,FALSE,FALSE
ID124,2025-10-01,1872,43150,,4,4,4208,98,0,0,FALSE,FALSE,FALSE
ID124,2025-10-02,767,43500,,2,2,1455,98,0,0,FALSE,FALSE,FALSE
ID124,2025-10-03,1854,44750,,4,4,3867,98,0,0,FALSE,FALSE,FALSE
ID124,2025-10-04,1733,45600,,9,9,3837,98,0,0,FALSE,FALSE,FALSE
ID124,2025-10-05,2983,46700,,9,9,5758,98,0,0,FALSE,FALSE,FALSE
ID124,2025-10-06,2929,48550,,10,10,4963,98,0,0,FALSE,FALSE,FALSE
ID124,2025-10-07,2159,49350,,6,6,3728,98,0,0,FALSE,FALSE,FALSE
ID124,2025-10-08,1797,49400,,5,5,3701,98,0,0,FALSE,FALSE,FALSE
ID124,2025-10-09,2298,50800,,5,5,3811,98,0,0,FALSE,FALSE,FALSE
ID124,2025-10-10,2630,52600,,6,6,4221,98,0,0,FALSE,FALSE,FALSE
ID124,2025-10-11,2366,52400,,8,8,3951,98,0,0,FALSE,FALSE,FALSE
ID124,2025-10-12,2546,54550,,8,8,4098,98,0,0,FALSE,FALSE,FALSE
ID124,2025-10-13,2341,55400,,8,8,3744,98,0,0,FALSE,FALSE,FALSE
ID124,2025-10-14,2649,56100,,7,7,4357,98,0,0,FALSE,FALSE,FALSE
ID124,2025-10-15,2916,57400,,9,9,4402,98,0,0,FALSE,FALSE,FALSE
ID124,2025-10-16,2811,58000,,7,7,3989,98,0,0,FALSE,FALSE,FALSE
ID124,2025-10-17,1573,58800,,5,5,2707,98,0,0,FALSE,FALSE,FALSE
ID124,2025-10-18,2816,59950,,4,4,3232,98,0,0,FALSE,FALSE,FALSE
ID124,2025-10-19,3579,60400,,5,5,5168,98,0,0,FALSE,FALSE,FALSE
ID124,2025-10-20,3001,62700,,9,9,4903,98,0,0,FALSE,FALSE,FALSE
ID124,2025-10-21,2905,63650,,8,8,4907,98,0,0,FALSE,FALSE,FALSE
ID124,2025-10-22,1618,64100,,5,5,2784,98,0,0,FALSE,FALSE,FALSE
ID124,2025-10-23,3339,64850,,6,6,4609,98,0,0,FALSE,FALSE,FALSE
ID124,2025-10-24,1982,66750,,4,4,3536,98,0,0,FALSE,FALSE,FALSE
ID124,2025-10-25,2090,67800,,4,4,3405,98,0,0,FALSE,FALSE,FALSE
ID124,2025-10-26,2758,68300,,6,6,4569,98,0,0,FALSE,FALSE,FALSE
ID124,2025-10-27,3279,69700,,5,5,5192,98,0,0,FALSE,FALSE,FALSE
ID124,2025-10-28,1313,70350,,4,4,2008,98,0,0,FALSE,FALSE,FALSE
ID124,2025-10-29,2355,70800,,6,6,3592,98,0,0,FALSE,FALSE,FALSE
ID124,2025-10-30,3056,71900,,6,6,4236,98,0,0,FALSE,FALSE,FALSE
ID124,2025-10-31,2338,71600,,3,3,3805,98,0,0,FALSE,FALSE,FALSE
ID124,2025-11-01,2246,74000,,5,5,3215,98,0,0,FALSE,FALSE,FALSE
ID124,2025-11-02,2621,75600,,5,5,3619,98,0,0,FALSE,FALSE,FALSE
ID124,2025-11-03,4338,77200,,10,10,5700,98,0,0,FALSE,FALSE,FALSE
ID124,2025-11-04,3137,78300,,8,8,4008,98,0,0,FALSE,FALSE,FALSE
ID124,2025-11-05,2505,78850,,6,6,3157,98,0,0,FALSE,FALSE,FALSE
ID124,2025-11-06,2757,80600,,5,5,3262,98,0,0,FALSE,FALSE,FALSE
ID124,2025-11-07,2909,81950,,8,8,3820,98,0,0,FALSE,FALSE,FALSE
ID124,2025-11-08,2936,82550,,4,4,3609,98,0,0,FALSE,FALSE,FALSE
ID124,2025-11-09,2797,87800,,5,5,3206,98,0,0,FALSE,FALSE,FALSE
ID124,2025-11-10,3023,89700,,7,7,3454,98,0,0,FALSE,FALSE,FALSE
ID124,2025-11-11,2977,90475,,5,5,3491,98,5,0,FALSE,TRUE,FALSE
ID124,2025-11-12,2861,91250,,10,10,3316,98,0,0,FALSE,FALSE,FALSE
ID124,2025-11-13,2770,88600,,4,4,2787,98,0,0,FALSE,FALSE,FALSE
ID124,2025-11-14,3358,90950,,6,6,4034,98,0,0,FALSE,FALSE,FALSE
ID124,2025-11-15,2797,92100,,5,5,3308,98,0,0,FALSE,FALSE,FALSE
ID124,2025-11-16,3864,94400,,9,9,4576,98,0,0,FALSE,FALSE,FALSE
ID124,2025-11-17,3017,96000,,6,6,3771,98,0,0,FALSE,FALSE,FALSE
ID124,2025-11-18,3320,96500,,8,8,4005,98,0,0,FALSE,FALSE,FALSE
ID124,2025-11-19,2168,92900,,3,3,2551,98,0,0,FALSE,FALSE,FALSE
ID124,2025-11-20,2932,93500,,7,7,3769,98,0,0,FALSE,FALSE,FALSE
ID124,2025-11-21,3749,94200,,8,8,4156,98,0,0,FALSE,FALSE,FALSE
ID124,2025-11-22,3057,95150,,4,4,3387,98,0,0,FALSE,FALSE,FALSE
ID124,2025-11-23,2839,95800,,4,4,3592,98,0,0,FALSE,FALSE,FALSE
ID124,2025-11-24,3876,98100,,5,5,4159,98,0,0,FALSE,FALSE,FALSE
ID124,2025-11-25,2982,100100,,5,5,3143,98,0,0,FALSE,FALSE,FALSE
ID124,2025-11-26,4379,100600,,7,7,4841,98,0,0,FALSE,FALSE,FALSE
ID124,2025-11-27,2391,101500,,4,4,2591,98,0,0,FALSE,FALSE,FALSE
ID124,2025-11-28,2765,102400,,11,11,3368,98,0,0,FALSE,FALSE,FALSE
ID124,2025-11-29,2444,99500,,6,6,2345,101,0,0,FALSE,FALSE,FALSE
ID124,2025-11-30,2353,100950,,2,2,2256,101,0,0,FALSE,FALSE,FALSE
ID124,2025-12-01,2921,103000,,5,5,2958,101,0,0,FALSE,FALSE,FALSE
ID124,2025-12-02,3627,103300,,3,3,3253,101,0,0,FALSE,FALSE,FALSE
ID124,2025-12-03,3312,104250,,6,6,2989,101,0,0,FALSE,FALSE,FALSE
ID124,2025-12-04,1646,104300,,2,2,1551,101,0,0,FALSE,FALSE,FALSE
ID124,2025-12-05,4147,104600,,5,5,4105,101,0,0,FALSE,FALSE,FALSE
ID124,2025-12-06,3874,106600,,5,5,3587,101,0,0,FALSE,FALSE,FALSE
ID124,2025-12-07,3198,109200,,3,3,3077,101,0,0,FALSE,FALSE,FALSE
ID124,2025-12-08,4766,109500,,6,6,3703,101,0,0,FALSE,FALSE,FALSE
ID124,2025-12-09,3555,111250,,6,6,2918,101,0,0,FALSE,FALSE,FALSE
ID124,2025-12-10,2956,115100,,6,6,2459,101,0,0,FALSE,FALSE,FALSE
ID124,2025-12-12,4993,113900,,3,0,0,101,0,3,FALSE,FALSE,FALSE
ID124,2025-12-13,3134,115800,,7,7,2589,101,0,0,FALSE,FALSE,FALSE
ID124,2025-12-14,3901,117200,,7,7,2941,101,0,0,FALSE,FALSE,FALSE
ID124,2025-12-15,3041,117900,,9,9,2569,101,0,0,FALSE,FALSE,FALSE
ID124,2025-12-16,4867,117300,,3,3,4038,101,0,0,FALSE,FALSE,FALSE
ID124,2025-12-17,3665,119500,,10,10,2668,101,0,0,FALSE,FALSE,FALSE
ID124,2025-12-18,4070,121300,,7,7,3731,101,0,0,FALSE,FALSE,FALSE
ID124,2025-12-19,2346,119550,,6,6,1997,101,0,0,FALSE,FALSE,FALSE
ID124,2025-12-20,2945,118900,,7,7,2220,101,0,0,FALSE,FALSE,FALSE
ID124,2025-12-21,1522,121850,,4,4,1208,101,0,0,FALSE,FALSE,FALSE
ID124,2025-12-22,1528,120900,,3,3,1240,101,0,0,FALSE,FALSE,FALSE
ID125,2025-09-17,870,,,8,8,2546,97,8,0,FALSE,TRUE,FALSE
ID125,2025-09-18,1198,31600,,11,11,3035,97,0,0,FALSE,FALSE,FALSE
ID125,2025-09-19,788,31083.3333333333,,13,0,0,97,13,13,FALSE,TRUE,FALSE
ID125,2025-09-20,836,30566.6666666667,,13,0,0,97,13,13,FALSE,TRUE,FALSE
ID125,2025-09-21,1912,30050,,10,10,3585,97,0,0,FALSE,FALSE,FALSE
ID125,2025-09-22,997,31300,,7,7,2459,97,0,0,FALSE,FALSE,FALSE
ID125,2025-09-23,1788,30800,,5,5,3859,97,0,0,FALSE,FALSE,FALSE
ID125,2025-09-24,1853,32200,,7,7,4372,97,0,0,FALSE,FALSE,FALSE
ID125,2025-09-25,1476,32450,,4,4,3212,97,0,0,FALSE,FALSE,FALSE
ID125,2025-09-26,1482,34150,,4,4,3482,97,0,0,FALSE,FALSE,FALSE
ID125,2025-09-27,1602,35300,,5,5,3796,97,0,0,FALSE,FALSE,FALSE
ID125,2025-09-28,1696,36250,,4,4,3475,97,0,0,FALSE,FALSE,FALSE
ID125,2025-09-29,1042,38400,,7,7,2357,97,0,0,FALSE,FALSE,FALSE
ID125,2025-09-30,2059,39000,,7,7,3550,97,0,0,FALSE,FALSE,FALSE
ID125,2025-10-01,1887,39800,,7,7,3962,97,0,0,FALSE,FALSE,FALSE
ID125,2025-10-02,1863,40650,,8,8,3458,97,0,0,FALSE,FALSE,FALSE
ID125,2025-10-03,2705,41750,,6,6,5117,97,0,0,FALSE,FALSE,FALSE
ID125,2025-10-04,979,41850,,4,4,1856,97,0,0,FALSE,FALSE,FALSE
ID125,2025-10-05,2629,43500,,4,4,4657,97,0,0,FALSE,FALSE,FALSE
ID125,2025-10-06,1616,44000,,5,5,2815,97,0,0,FALSE,FALSE,FALSE
ID125,2025-10-07,1874,45300,,3,3,3612,97,0,0,FALSE,FALSE,FALSE
ID125,2025-10-08,2192,46000,,3,3,3723,97,0,0,FALSE,FALSE,FALSE
ID125,2025-10-09,2118,48000,,5,5,3943,97,0,0,FALSE,FALSE,FALSE
ID125,2025-10-10,2587,50150,,6,6,4895,97,0,0,FALSE,FALSE,FALSE
ID125,2025-10-11,2119,49400,,4,4,4090,97,0,0,FALSE,FALSE,FALSE
ID125,2025-10-12,2542,50800,,4,4,4399,97,0,0,FALSE,FALSE,FALSE
ID125,2025-10-13,2629,52400,,6,6,4505,97,0,0,FALSE,FALSE,FALSE
ID125,2025-10-14,2928,53400,,7,7,4589,97,0,0,FALSE,FALSE,FALSE
ID125,2025-10-15,2848,55200,,7,7,4547,97,0,0,FALSE,FALSE,FALSE
ID125,2025-10-16,2519,56150,,8,8,4244,97,0,0,FALSE,FALSE,FALSE
ID125,2025-10-17,2895,56800,,7,7,4635,97,0,0,FALSE,FALSE,FALSE
ID125,2025-10-18,1431,57600,,3,3,1807,97,0,0,FALSE,FALSE,FALSE
ID125,2025-10-19,2745,59300,,7,7,3626,97,0,0,FALSE,FALSE,FALSE
ID125,2025-10-20,2220,60300,,5,5,3449,97,0,0,FALSE,FALSE,FALSE
ID125,2025-10-21,2975,60900,,9,9,4910,97,0,0,FALSE,FALSE,FALSE
ID125,2025-10-22,2157,64450,,4,4,3591,97,0,0,FALSE,FALSE,FALSE
ID125,2025-10-23,2688,65000,,3,3,4142,97,0,0,FALSE,FALSE,FALSE
ID125,2025-10-24,2028,66500,,5,5,3264,97,0,0,FALSE,FALSE,FALSE
ID125,2025-10-25,3428,68100,,8,8,4749,97,0,0,FALSE,FALSE,FALSE
ID125,2025-10-26,2606,67800,,7,7,3586,97,0,0,FALSE,FALSE,FALSE
ID125,2025-10-27,2495,69300,,5,5,3668,97,0,0,FALSE,FALSE,FALSE
ID125,2025-10-28,2720,69400,,9,9,4184,97,0,0,FALSE,FALSE,FALSE
ID125,2025-10-29,3036,71700,,7,7,4199,97,0,0,FALSE,FALSE,FALSE
ID125,2025-10-30,3880,73550,,8,8,5725,97,0,0,FALSE,FALSE,FALSE
ID125,2025-10-31,2632,73900,,3,3,3649,97,0,0,FALSE,FALSE,FALSE
ID125,2025-11-01,3966,73900,,11,11,4237,97,0,0,FALSE,FALSE,FALSE
ID125,2025-11-02,3559,75200,,7,7,4689,97,0,0,FALSE,FALSE,FALSE
ID125,2025-11-03,3623,74800,,7,7,4612,97,0,0,FALSE,FALSE,FALSE
ID125,2025-11-04,3580,76800,,7,7,4637,97,0,0,FALSE,FALSE,FALSE
ID125,2025-11-05,2685,77700,,5,5,3235,97,0,0,FALSE,FALSE,FALSE
ID125,2025-11-06,2715,79500,,5,5,3334,97,0,0,FALSE,FALSE,FALSE
ID125,2025-11-07,3193,80400,,5,5,3926,97,0,0,FALSE,FALSE,FALSE
ID125,2025-11-08,3511,82000,,7,7,4118,97,0,0,FALSE,FALSE,FALSE
ID125,2025-11-09,3881,87300,,7,7,4294,97,0,0,FALSE,FALSE,FALSE
ID125,2025-11-10,3760,88700,,7,7,3912,97,0,0,FALSE,FALSE,FALSE
ID125,2025-11-11,3501,89300,,9,9,3774,97,0,0,FALSE,FALSE,FALSE
ID125,2025-11-12,2044,89200,,8,8,2265,97,0,0,FALSE,FALSE,FALSE
ID125,2025-11-13,867,87100,,2,2,1143,97,0,0,FALSE,FALSE,FALSE
ID125,2025-11-14,2349,88250,,4,4,2489,97,0,0,FALSE,FALSE,FALSE
ID125,2025-11-15,2926,90150,,6,6,3298,97,0,0,FALSE,FALSE,FALSE
ID125,2025-11-16,3821,91900,,7,7,4000,97,0,0,FALSE,FALSE,FALSE
ID125,2025-11-17,3073,94400,,6,6,2902,97,0,0,FALSE,FALSE,FALSE
ID125,2025-11-18,4171,95000,,8,8,4883,97,0,0,FALSE,FALSE,FALSE
ID125,2025-11-19,4084,95100,,8,8,4435,97,0,0,FALSE,FALSE,FALSE
ID125,2025-11-20,4008,95450,,6,6,4407,97,0,0,FALSE,FALSE,FALSE
ID125,2025-11-21,3235,96400,,5,5,3597,97,0,0,FALSE,FALSE,FALSE
ID125,2025-11-22,3002,96850,,6,6,3289,97,0,0,FALSE,FALSE,FALSE
ID125,2025-11-23,2822,97200,,5,5,3627,97,0,0,FALSE,FALSE,FALSE
ID125,2025-11-24,3403,100700,,7,7,3197,97,0,0,FALSE,FALSE,FALSE
ID125,2025-11-25,3803,103600,,10,10,3883,97,0,0,FALSE,FALSE,FALSE
ID125,2025-11-26,3249,104400,,9,9,3301,97,0,0,FALSE,FALSE,FALSE
ID125,2025-11-27,3920,106100,,7,7,3932,97,0,0,FALSE,FALSE,FALSE
ID125,2025-11-28,4285,105800,,10,10,4215,97,0,0,FALSE,FALSE,FALSE
ID125,2025-11-29,1322,105000,,2,2,1180,97,0,0,FALSE,FALSE,FALSE
ID125,2025-11-30,4840,107650,,14,14,4054,97,0,0,FALSE,FALSE,FALSE
ID125,2025-12-01,3138,110650,,8,8,3301,97,0,0,FALSE,FALSE,FALSE
ID125,2025-12-02,3354,110350,,8,8,3625,97,0,0,FALSE,FALSE,FALSE
ID125,2025-12-03,3608,110500,,5,5,3521,97,0,0,FALSE,FALSE,FALSE
ID125,2025-12-04,4408,110900,,15,15,4574,97,0,0,FALSE,FALSE,FALSE
ID125,2025-12-05,4340,114250,,8,8,4257,97,0,0,FALSE,FALSE,FALSE
ID125,2025-12-06,3639,111900,,7,7,3628,97,0,0,FALSE,FALSE,FALSE
ID125,2025-12-07,3854,114200,,13,13,3840,97,0,0,FALSE,FALSE,FALSE
ID125,2025-12-08,4135,115600,,11,11,3562,97,0,0,FALSE,FALSE,FALSE
ID125,2025-12-09,3123,119100,,9,9,2960,97,0,0,FALSE,FALSE,FALSE
ID125,2025-12-10,4304,119400,,13,13,3929,97,0,0,FALSE,FALSE,FALSE
ID125,2025-12-11,1331,119800,,5,5,1326,97,0,0,FALSE,FALSE,FALSE
ID125,2025-12-12,4602,121400,,9,9,4904,97,0,0,FALSE,FALSE,FALSE
ID125,2025-12-13,4353,124000,,9,9,4442,97,0,0,FALSE,FALSE,FALSE
ID125,2025-12-14,4205,125200,,14,14,4176,97,0,0,FALSE,FALSE,FALSE
ID125,2025-12-15,4083,126100,,8,8,4030,97,0,0,FALSE,FALSE,FALSE
ID125,2025-12-16,4457,128550,,6,6,4239,97,0,0,FALSE,FALSE,FALSE
ID125,2025-12-17,3629,129900,,10,10,3605,97,0,0,FALSE,FALSE,FALSE
ID125,2025-12-18,3666,131050,,6,6,3492,97,0,0,FALSE,FALSE,FALSE
ID125,2025-12-19,3737,131800,,12,12,3894,97,0,0,FALSE,FALSE,FALSE
ID125,2025-12-20,3315,129650,,4,4,2955,97,0,0,FALSE,FALSE,FALSE
ID125,2025-12-21,5263,134100,,6,0,0,97,0,6,FALSE,FALSE,FALSE
ID125,2025-12-22,166,134300,,2,0,0,97,0,2,FALSE,FALSE,FALSE
ID125,2025-12-24,2844,133000,,3,3,2387,97,0,0,FALSE,FALSE,FALSE
ID126,2025-09-12,174,,,2,0,0,91;96,2,2,FALSE,TRUE,FALSE
ID126,2025-09-13,263,,,3,0,0,96,3,3,FALSE,TRUE,FALSE
ID126,2025-09-14,1193,,,8,8,1461,96,8,0,FALSE,TRUE,FALSE
ID126,2025-09-15,1313,,,13,13,3446,96,13,0,FALSE,TRUE,FALSE
ID126,2025-09-16,408,,,5,0,0,96,5,5,FALSE,TRUE,FALSE
ID126,2025-09-17,1336,,,9,9,3549,96,9,0,FALSE,TRUE,FALSE
ID126,2025-09-18,1522,,,8,8,3831,96,8,0,FALSE,TRUE,FALSE
ID126,2025-09-19,655,,,6,6,1494,96,6,0,FALSE,TRUE,FALSE
ID126,2025-09-20,1176,,,11,11,2969,96,11,0,FALSE,TRUE,FALSE
ID126,2025-09-21,711,33000,,11,11,2071,96,0,0,FALSE,FALSE,FALSE
ID126,2025-09-22,747,33750,,8,8,2338,96,0,0,FALSE,FALSE,FALSE
ID126,2025-09-23,1082,34350,,10,10,2116,96,0,0,FALSE,FALSE,FALSE
ID126,2025-09-24,1071,34850,,6,6,2625,96,0,0,FALSE,FALSE,FALSE
ID126,2025-09-25,1100,35400,,7,7,2033,96,0,0,FALSE,FALSE,FALSE
ID126,2025-09-26,1885,37550,,12,12,4056,96,0,0,FALSE,FALSE,FALSE
ID126,2025-09-27,1212,36400,,11,11,2988,96,0,0,FALSE,FALSE,FALSE
ID126,2025-09-28,1395,38300,,8,8,3237,96,0,0,FALSE,FALSE,FALSE
ID126,2025-09-29,1193,38100,,4,4,2101,96,0,0,FALSE,FALSE,FALSE
ID126,2025-09-30,1518,39800,,8,8,3362,96,0,0,FALSE,FALSE,FALSE
ID126,2025-10-01,2210,40300,,12,12,4721,96,0,0,FALSE,FALSE,FALSE
ID126,2025-10-02,1655,41500,,17,17,3587,96,0,0,FALSE,FALSE,FALSE
ID126,2025-10-03,1919,42500,,12,12,3711,96,0,0,FALSE,FALSE,FALSE
ID126,2025-10-04,1372,43450,,8,8,3028,96,0,0,FALSE,FALSE,FALSE
ID126,2025-10-05,1732,44300,,11,11,3600,96,0,0,FALSE,FALSE,FALSE
ID126,2025-10-06,2373,45550,,10,10,4593,96,0,0,FALSE,FALSE,FALSE
ID126,2025-10-07,1666,46100,,13,13,3294,96,0,0,FALSE,FALSE,FALSE
ID126,2025-10-08,2171,46400,,10,10,3900,96,0,0,FALSE,FALSE,FALSE
ID126,2025-10-09,1396,46550,,6,6,2235,96,0,0,FALSE,FALSE,FALSE
ID126,2025-10-10,3091,48300,,6,6,3119,96,0,0,FALSE,FALSE,FALSE
ID126,2025-10-11,1776,48500,,11,11,2930,96,0,0,FALSE,FALSE,FALSE
ID126,2025-10-12,1442,49200,,11,11,2740,96,0,0,FALSE,FALSE,FALSE
ID126,2025-10-13,2460,49750,,14,14,4317,96,0,0,FALSE,FALSE,FALSE
ID126,2025-10-14,2050,51200,,5,5,4314,96,0,0,FALSE,FALSE,FALSE
ID126,2025-10-15,1811,51600,,12,12,3549,96,0,0,FALSE,FALSE,FALSE
ID126,2025-10-16,2555,53300,,13,13,4481,96,0,0,FALSE,FALSE,FALSE
ID126,2025-10-17,1704,54300,,10,10,3729,96,0,0,FALSE,FALSE,FALSE
ID126,2025-10-18,1561,54500,,6,6,2704,96,0,0,FALSE,FALSE,FALSE
ID126,2025-10-19,1155,54400,,8,8,2409,96,0,0,FALSE,FALSE,FALSE
ID126,2025-10-20,1971,55650,,10,10,4465,96,0,0,FALSE,FALSE,FALSE
ID126,2025-10-21,2068,56600,,11,11,4012,96,0,0,FALSE,FALSE,FALSE
ID126,2025-10-22,1686,57650,,10,10,3114,96,0,0,FALSE,FALSE,FALSE
ID126,2025-10-23,1762,58000,,7,7,3843,96,0,0,FALSE,FALSE,FALSE
ID126,2025-10-24,2178,58700,,10,10,3904,96,0,0,FALSE,FALSE,FALSE
ID126,2025-10-25,2079,59400,,9,9,3145,96,0,0,FALSE,FALSE,FALSE
ID126,2025-10-26,2419,60600,,8,8,4273,96,0,0,FALSE,FALSE,FALSE
ID126,2025-10-27,2534,61400,,8,8,4483,96,0,0,FALSE,FALSE,FALSE
ID126,2025-10-28,1599,62600,,7,7,2824,96,0,0,FALSE,FALSE,FALSE
ID126,2025-10-29,2058,62600,,10,10,3879,96,0,0,FALSE,FALSE,FALSE
ID126,2025-10-30,1781,63400,,8,8,2940,96,0,0,FALSE,FALSE,FALSE
ID126,2025-10-31,1776,64300,,5,5,2994,96,0,0,FALSE,FALSE,FALSE
ID126,2025-11-01,2338,63300,,6,6,3639,96,0,0,FALSE,FALSE,FALSE
ID126,2025-11-02,1668,64100,,9,9,2986,96,0,0,FALSE,FALSE,FALSE
ID126,2025-11-03,2971,66100,,9,9,5087,96,0,0,FALSE,FALSE,FALSE
ID126,2025-11-04,2224,66400,,6,6,3490,96,0,0,FALSE,FALSE,FALSE
ID126,2025-11-05,2678,67750,,12,12,3406,96,0,0,FALSE,FALSE,FALSE
ID126,2025-11-06,2094,68250,,10,10,3240,96,0,0,FALSE,FALSE,FALSE
ID126,2025-11-07,2092,69400,,7,7,2712,96,0,0,FALSE,FALSE,FALSE
ID126,2025-11-08,1908,71250,,4,4,2539,96,0,0,FALSE,FALSE,FALSE
ID126,2025-11-09,2686,71800,,14,14,3501,96,0,0,FALSE,FALSE,FALSE
ID126,2025-11-10,2457,73300,,16,16,3203,96,0,0,FALSE,FALSE,FALSE
ID126,2025-11-11,3059,74300,,16,16,4389,96,0,0,FALSE,FALSE,FALSE
ID126,2025-11-12,1872,73500,,5,5,1471,96,0,0,FALSE,FALSE,FALSE
ID126,2025-11-13,2345,75100,,6,6,3329,96,0,0,FALSE,FALSE,FALSE
ID126,2025-11-14,2596,75800,,8,8,3810,96,0,0,FALSE,FALSE,FALSE
ID126,2025-11-15,2843,77000,,8,8,4242,96,0,0,FALSE,FALSE,FALSE
ID126,2025-11-16,3396,77600,,9,0,0,96,0,9,FALSE,FALSE,FALSE
ID126,2025-11-17,2056,78600,,7,7,2748,96,0,0,FALSE,FALSE,FALSE
ID126,2025-11-18,2427,79600,,10,10,4223,96,0,0,FALSE,FALSE,FALSE
ID126,2025-11-19,2198,79800,,10,10,3507,96,0,0,FALSE,FALSE,FALSE
ID126,2025-11-20,2125,81200,,5,5,3221,96,0,0,FALSE,FALSE,FALSE
ID126,2025-11-21,2848,83250,,14,14,4596,96,0,0,FALSE,FALSE,FALSE
ID126,2025-11-22,2277,83700,,10,10,3876,96,0,0,FALSE,FALSE,FALSE
ID126,2025-11-23,2397,83300,,13,13,3835,96,0,0,FALSE,FALSE,FALSE
ID126,2025-11-24,2576,84150,,12,12,4630,96,0,0,FALSE,FALSE,FALSE
ID126,2025-11-25,3019,84200,,9,9,4976,96,0,0,FALSE,FALSE,FALSE
ID126,2025-11-26,1949,85800,,9,9,3217,96,0,0,FALSE,FALSE,FALSE
ID126,2025-11-27,2818,86100,,7,7,4531,96,0,0,FALSE,FALSE,FALSE
ID126,2025-11-28,2725,86300,,7,7,4133,96,0,0,FALSE,FALSE,FALSE
ID126,2025-11-29,2136,88600,,9,9,3276,96,0,0,FALSE,FALSE,FALSE
ID126,2025-11-30,2857,88650,,8,8,4341,96,0,0,FALSE,FALSE,FALSE
ID126,2025-12-01,3006,89900,,9,9,4237,96,0,0,FALSE,FALSE,FALSE
ID126,2025-12-02,2097,90150,,8,8,3042,96,0,0,FALSE,FALSE,FALSE
ID126,2025-12-03,2981,93200,,9,9,4477,96,0,0,FALSE,FALSE,FALSE
ID126,2025-12-04,2840,93800,,7,7,4001,96,0,0,FALSE,FALSE,FALSE
ID126,2025-12-05,2418,94500,,7,7,3662,96,0,0,FALSE,FALSE,FALSE
ID126,2025-12-06,2801,95000,,10,10,4110,96,0,0,FALSE,FALSE,FALSE
ID126,2025-12-07,2504,95400,,10,10,3593,96,0,0,FALSE,FALSE,FALSE
ID126,2025-12-08,3070,97400,,15,15,3895,96,0,0,FALSE,FALSE,FALSE
ID126,2025-12-09,2657,97300,,11,11,4192,96,0,0,FALSE,FALSE,FALSE
ID126,2025-12-10,3228,97200,,9,9,4341,96,0,0,FALSE,FALSE,FALSE
ID126,2025-12-11,2197,98300,,3,3,2743,96,0,0,FALSE,FALSE,FALSE
ID126,2025-12-12,3068,98400,,6,6,2377,96,0,0,FALSE,FALSE,FALSE
ID126,2025-12-13,4024,100700,,5,0,0,96,0,5,FALSE,FALSE,FALSE
ID126,2025-12-14,2749,102350,,6,6,3266,96,0,0,FALSE,FALSE,FALSE
ID126,2025-12-15,2623,102400,,9,9,3374,96,0,0,FALSE,FALSE,FALSE
ID126,2025-12-16,2676,103500,,9,9,4008,96,0,0,FALSE,FALSE,FALSE
ID126,2025-12-17,3194,104300,,10,10,4212,96,0,0,FALSE,FALSE,FALSE
ID126,2025-12-18,2515,104600,,7,7,3681,96,0,0,FALSE,FALSE,FALSE
ID126,2025-12-19,2420,105900,,6,6,2950,96,0,0,FALSE,FALSE,FALSE
ID126,2025-12-20,2590,106250,,10,10,3532,96,0,0,FALSE,FALSE,FALSE
ID126,2025-12-21,2460,105950,,8,8,3145,96,0,0,FALSE,FALSE,FALSE
ID126,2025-12-22,3170,107700,,11,11,4468,96,0,0,FALSE,FALSE,FALSE
ID126,2025-12-23,2513,109800,,5,5,3226,96,0,0,FALSE,FALSE,FALSE
ID126,2025-12-24,2936,110000,,6,6,3168,96,0,0,FALSE,FALSE,FALSE
ID129,2025-09-12,423,28000,,8,0,0,95;92,1,8,FALSE,FALSE,FALSE
ID129,2025-09-13,1118,29500,,14,14,2697,92,0,0,FALSE,FALSE,FALSE
ID129,2025-09-14,535,29750,,9,9,2015,92,9,0,FALSE,TRUE,FALSE
ID129,2025-09-15,1082,30000,,14,14,3822,92,1,0,FALSE,FALSE,FALSE
ID129,2025-09-16,387,31100,,7,0,0,92,0,7,FALSE,FALSE,FALSE
ID129,2025-09-17,999,31800,,15,15,1991,92,2,0,FALSE,FALSE,FALSE
ID129,2025-09-18,983,32750,,8,8,2607,92,0,0,FALSE,FALSE,FALSE
ID129,2025-09-19,1413,34400,,17,17,2941,92,0,0,FALSE,FALSE,FALSE
ID129,2025-09-20,1096,34400,,15,15,2351,92,0,0,FALSE,FALSE,FALSE
ID129,2025-09-21,937,32000,,17,17,2170,92,0,0,FALSE,FALSE,FALSE
ID129,2025-09-22,1645,32700,,10,10,4332,92,0,0,FALSE,FALSE,FALSE
ID129,2025-09-23,1242,33400,,14,14,3070,92,0,0,FALSE,FALSE,FALSE
ID129,2025-09-24,775,34550,,4,4,1617,92,0,0,FALSE,FALSE,FALSE
ID129,2025-09-25,1521,35100,,9,9,4064,92,0,0,FALSE,FALSE,FALSE
ID129,2025-09-26,1194,35600,,20,20,3242,92,0,0,FALSE,FALSE,FALSE
ID129,2025-09-27,1291,40700,,13,13,2159,92,0,0,FALSE,FALSE,FALSE
ID129,2025-09-28,880,34900,,15,15,3307,92,0,0,FALSE,FALSE,FALSE
ID129,2025-09-29,1080,35700,,12,12,4043,92,0,0,FALSE,FALSE,FALSE
ID129,2025-09-30,846,36100,,14,14,3388,92,0,0,FALSE,FALSE,FALSE
ID129,2025-10-01,624,36100,,5,5,2168,92,0,0,FALSE,FALSE,FALSE
ID129,2025-10-02,1411,38000,,15,15,5625,92,0,0,FALSE,FALSE,FALSE
ID129,2025-10-03,2021,38700,,20,20,7087,92,0,0,FALSE,FALSE,FALSE
ID129,2025-10-04,1157,39600,,12,12,3353,92,1,0,FALSE,FALSE,FALSE
ID129,2025-10-05,1271,40100,,9,9,4490,92,0,0,FALSE,FALSE,FALSE
ID129,2025-10-06,1932,41100,,16,16,6318,92,0,0,FALSE,FALSE,FALSE
ID129,2025-10-07,1684,42400,,11,11,5779,92,0,0,FALSE,FALSE,FALSE
ID129,2025-10-08,1873,43400,,14,14,5376,92,0,0,FALSE,FALSE,FALSE
ID129,2025-10-09,1650,43200,,11,11,5157,92,0,0,FALSE,FALSE,FALSE
ID129,2025-10-10,1269,43400,,8,8,4093,92,0,0,FALSE,FALSE,FALSE
ID129,2025-10-11,1690,44200,,13,13,6830,92,0,0,FALSE,FALSE,FALSE
ID129,2025-10-12,1098,45900,,14,14,5382,92,0,0,FALSE,FALSE,FALSE
ID129,2025-10-13,1776,47650,,28,28,6127,92,0,0,FALSE,FALSE,FALSE
ID129,2025-10-14,1126,46000,,23,23,5184,92,0,0,FALSE,FALSE,FALSE
ID129,2025-10-15,1575,48200,,17,17,6577,92,0,0,FALSE,FALSE,FALSE
ID129,2025-10-16,2149,49200,,27,27,6536,92,0,0,FALSE,FALSE,FALSE
ID129,2025-10-17,1693,50400,,14,14,5527,92,0,0,FALSE,FALSE,FALSE
ID129,2025-10-18,1181,50800,,13,13,5563,92,0,0,FALSE,FALSE,FALSE
ID129,2025-10-19,1617,51500,,16,16,7301,92,0,0,FALSE,FALSE,FALSE
ID129,2025-10-20,1163,52600,,7,7,5223,92,0,0,FALSE,FALSE,FALSE
ID129,2025-10-21,754,54600,,7,7,4050,92,0,0,FALSE,FALSE,FALSE
ID129,2025-10-22,1079,59000,,6,6,3063,92,0,0,FALSE,FALSE,FALSE
ID129,2025-10-23,1540,61700,,14,14,5450,92,0,0,FALSE,FALSE,FALSE
ID129,2025-10-24,1937,61900,,10,10,6161,92,0,0,FALSE,FALSE,FALSE
ID129,2025-10-25,2455,62500,,8,8,6888,92,0,0,FALSE,FALSE,FALSE
ID129,2025-10-26,2728,63000,,9,9,7484,92,0,0,FALSE,FALSE,FALSE
ID129,2025-10-27,2360,64000,,9,9,6387,92,0,0,FALSE,FALSE,FALSE
ID129,2025-10-28,2406,65800,,20,20,6787,92,0,0,FALSE,FALSE,FALSE
ID129,2025-10-29,2136,66400,,12,12,6076,92,0,0,FALSE,FALSE,FALSE
ID129,2025-10-30,2678,68800,,16,16,6452,92,0,0,FALSE,FALSE,FALSE
ID129,2025-10-31,2062,68500,,22,22,6463,92,0,0,FALSE,FALSE,FALSE
ID129,2025-11-01,4355,68050,,14,0,0,92,0,14,FALSE,FALSE,FALSE
ID129,2025-11-02,2070,65400,,13,13,5503,92,0,0,FALSE,FALSE,FALSE
ID129,2025-11-03,2894,66100,,11,11,5842,92,0,0,FALSE,FALSE,FALSE
ID129,2025-11-04,2343,68050,,20,20,5184,92,0,0,FALSE,FALSE,FALSE
ID129,2025-11-05,2840,69000,,24,24,6072,92,0,0,FALSE,FALSE,FALSE
ID129,2025-11-06,2252,69300,,10,10,5517,92,0,0,FALSE,FALSE,FALSE
ID129,2025-11-07,1796,70300,,10,10,4409,92,0,0,FALSE,FALSE,FALSE
ID129,2025-11-08,2579,71400,,22,22,6806,92,0,0,FALSE,FALSE,FALSE
ID129,2025-11-09,1637,71100,,13,13,4639,92,0,0,FALSE,FALSE,FALSE
ID129,2025-11-10,2353,72450,,14,14,6434,92,0,0,FALSE,FALSE,FALSE
ID129,2025-11-11,1713,72200,,6,6,3231,92,0,0,FALSE,FALSE,FALSE
ID129,2025-11-12,2194,72200,,5,5,2785,92,0,0,FALSE,FALSE,FALSE
ID129,2025-11-13,2170,74800,,5,5,3440,92,0,0,FALSE,FALSE,FALSE
ID129,2025-11-14,3758,76600,,19,0,0,92,0,19,FALSE,FALSE,FALSE
ID129,2025-11-15,2904,78500,,15,15,5420,92,0,0,FALSE,FALSE,FALSE
ID129,2025-11-16,1097,79650,,10,10,2170,92,0,0,FALSE,FALSE,FALSE
ID129,2025-11-17,1861,80250,,10,10,3360,92,0,0,FALSE,FALSE,FALSE
ID129,2025-11-18,2061,81600,,9,9,3846,92,0,0,FALSE,FALSE,FALSE
ID129,2025-11-19,2436,80300,,11,11,3540,92,0,0,FALSE,FALSE,FALSE
ID129,2025-11-20,2432,80300,,15,15,4511,92,0,0,FALSE,FALSE,FALSE
ID129,2025-11-21,1583,81750,,8,8,2728,92,0,0,FALSE,FALSE,FALSE
ID129,2025-11-22,2622,83200,,12,12,4952,92,0,0,FALSE,FALSE,FALSE
ID129,2025-11-23,1818,83900,,8,8,3193,92,0,0,FALSE,FALSE,FALSE
ID129,2025-11-24,2984,84950,,12,12,5302,92,0,0,FALSE,FALSE,FALSE
ID129,2025-11-25,3164,85800,,15,15,4265,92,0,0,FALSE,FALSE,FALSE
ID129,2025-11-26,4073,88700,,17,17,6398,92,0,0,FALSE,FALSE,FALSE
ID129,2025-11-27,1959,88400,,11,0,0,92,0,11,FALSE,FALSE,FALSE
ID129,2025-11-28,3088,91150,,24,24,5216,92,0,0,FALSE,FALSE,FALSE
ID129,2025-11-29,3581,90800,,25,25,6196,92,0,0,FALSE,FALSE,FALSE
ID129,2025-11-30,3887,91500,,15,15,6030,92,0,0,FALSE,FALSE,FALSE
ID129,2025-12-01,2877,93300,,17,17,4953,92,0,0,FALSE,FALSE,FALSE
ID129,2025-12-02,3456,93900,,19,19,5931,92,0,0,FALSE,FALSE,FALSE
ID129,2025-12-03,3182,92950,,14,14,4759,92,0,0,FALSE,FALSE,FALSE
ID129,2025-12-04,2530,92900,,13,13,4052,92,0,0,FALSE,FALSE,FALSE
ID129,2025-12-05,2979,94500,,14,14,4840,92,0,0,FALSE,FALSE,FALSE
ID129,2025-12-06,3253,94800,,17,17,4393,92,0,0,FALSE,FALSE,FALSE
ID129,2025-12-07,3022,94400,,11,11,4753,92,0,0,FALSE,FALSE,FALSE
ID129,2025-12-08,3091,97800,,20,20,5705,92,0,0,FALSE,FALSE,FALSE
ID129,2025-12-09,3038,98500,,15,15,4840,92,0,0,FALSE,FALSE,FALSE
ID129,2025-12-10,3315,101450,,8,8,5207,92,0,0,FALSE,FALSE,FALSE
ID129,2025-12-11,1231,101700,,5,0,0,92,0,5,FALSE,FALSE,FALSE
ID129,2025-12-12,2722,101200,,3,3,3464,92,0,0,FALSE,FALSE,FALSE
ID129,2025-12-13,4488,108300,,15,0,0,92,0,15,FALSE,FALSE,FALSE
ID129,2025-12-14,4088,107700,,16,16,6028,92,0,0,FALSE,FALSE,FALSE
ID129,2025-12-15,3054,107400,,9,0,0,92,0,9,FALSE,FALSE,FALSE
ID129,2025-12-16,4274,105900,,12,12,5553,92,0,0,FALSE,FALSE,FALSE
ID129,2025-12-17,4321,107700,,11,11,5624,92,0,0,FALSE,FALSE,FALSE
ID129,2025-12-18,3476,109300,,17,17,6644,92,0,0,FALSE,FALSE,FALSE
ID129,2025-12-19,3316,107950,,8,8,4694,92,0,0,FALSE,FALSE,FALSE
ID129,2025-12-20,3329,110700,,10,10,5452,92,0,0,FALSE,FALSE,FALSE
ID129,2025-12-21,3350,111200,,10,10,5556,92,0,0,FALSE,FALSE,FALSE
ID129,2025-12-22,4248,115500,,17,17,6140,92,0,0,FALSE,FALSE,FALSE
ID129,2025-12-23,3465,115000,,12,12,5844,92,0,0,FALSE,FALSE,FALSE
ID129,2025-12-24,3379,115800,,8,8,5597,92,0,0,FALSE,FALSE,FALSE
ID129,2025-12-25,4103,117250,,10,10,6571,92,0,0,FALSE,FALSE,FALSE
ID129,2025-12-26,93,115150,,2,0,0,92,0,2,FALSE,FALSE,FALSE
ID134,2025-09-17,234,37700,,3,0,0,100,0,3,FALSE,FALSE,FALSE
ID134,2025-09-18,373,38450,,6,0,0,100,0,6,FALSE,FALSE,FALSE
ID134,2025-09-19,1121,39600,,6,6,2832,100,0,0,FALSE,FALSE,FALSE
ID134,2025-09-20,764,40900,,12,12,1467,100,1,0,FALSE,FALSE,FALSE
ID134,2025-09-21,717,32500,,12,12,1707,100,0,0,FALSE,FALSE,FALSE
ID134,2025-09-22,647,33350,,10,10,1281,100,10,0,FALSE,TRUE,FALSE
ID134,2025-09-23,829,34200,,8,8,1738,100,0,0,FALSE,FALSE,FALSE
ID134,2025-09-24,1352,34700,,10,10,3482,100,0,0,FALSE,FALSE,FALSE
ID134,2025-09-25,801,35000,,7,7,1501,100,0,0,FALSE,FALSE,FALSE
ID134,2025-09-26,770,36500,,7,7,1833,100,0,0,FALSE,FALSE,FALSE
ID134,2025-09-27,540,36800,,3,3,1299,100,0,0,FALSE,FALSE,FALSE
ID134,2025-09-28,574,39300,,6,6,1486,100,0,0,FALSE,FALSE,FALSE
ID134,2025-09-29,1394,39700,,7,7,2594,100,0,0,FALSE,FALSE,FALSE
ID134,2025-09-30,1053,41150,,8,8,2142,100,0,0,FALSE,FALSE,FALSE
ID134,2025-10-01,797,41800,,5,5,2392,100,0,0,FALSE,FALSE,FALSE
ID134,2025-10-02,399,42600,,5,5,1582,100,0,0,FALSE,FALSE,FALSE
ID134,2025-10-03,398,42300,,3,3,2851,100,0,0,FALSE,FALSE,FALSE
ID134,2025-10-04,566,43900,,6,6,2038,100,0,0,FALSE,FALSE,FALSE
ID134,2025-10-05,995,45650,,8,8,2564,100,0,0,FALSE,FALSE,FALSE
ID134,2025-10-06,1109,45800,,8,8,2537,100,0,0,FALSE,FALSE,FALSE
ID134,2025-10-07,831,50350,,6,6,1721,100,0,0,FALSE,FALSE,FALSE
ID134,2025-10-08,1243,50250,,6,6,3733,100,0,0,FALSE,FALSE,FALSE
ID134,2025-10-09,645,51950,,2,2,1657,100,0,0,FALSE,FALSE,FALSE
ID134,2025-10-10,588,51900,,3,3,2230,100,0,0,FALSE,FALSE,FALSE
ID134,2025-10-11,386,53600,,5,0,0,100,0,5,FALSE,FALSE,FALSE
ID134,2025-10-12,990,54000,,5,5,2258,100,0,0,FALSE,FALSE,FALSE
ID134,2025-10-13,809,53300,,3,3,2533,100,0,0,FALSE,FALSE,FALSE
ID134,2025-10-14,532,55200,,3,3,2906,100,0,0,FALSE,FALSE,FALSE
ID134,2025-10-15,1448,56150,,4,4,2824,100,0,0,FALSE,FALSE,FALSE
ID134,2025-10-16,1193,57550,,8,8,4210,100,0,0,FALSE,FALSE,FALSE
ID134,2025-10-17,816,59000,,5,5,2477,100,0,0,FALSE,FALSE,FALSE
ID134,2025-10-18,745,60700,,2,2,1538,100,0,0,FALSE,FALSE,FALSE
ID134,2025-10-19,751,60750,,2,2,2077,100,0,0,FALSE,FALSE,FALSE
ID134,2025-10-20,838,62400,,5,5,2671,100,0,0,FALSE,FALSE,FALSE
ID134,2025-10-21,504,63450,,2,2,2202,100,0,0,FALSE,FALSE,FALSE
ID134,2025-10-22,865,63050,,4,4,3652,100,0,0,FALSE,FALSE,FALSE
ID134,2025-10-23,1342,64900,,4,4,4453,100,0,0,FALSE,FALSE,FALSE
ID134,2025-10-24,544,67500,,3,3,2177,100,0,0,FALSE,FALSE,FALSE
ID134,2025-10-25,1349,65750,,4,4,4454,100,0,0,FALSE,FALSE,FALSE
ID134,2025-10-26,1088,68050,,4,4,3925,100,0,0,FALSE,FALSE,FALSE
ID134,2025-10-27,496,67700,,3,3,2419,100,0,0,FALSE,FALSE,FALSE
ID134,2025-10-28,2168,69900,,9,9,4133,100,0,0,FALSE,FALSE,FALSE
ID134,2025-10-29,1223,70100,,3,3,2456,100,0,0,FALSE,FALSE,FALSE
ID134,2025-10-30,966,71100,,3,3,3450,100,0,0,FALSE,FALSE,FALSE
ID134,2025-10-31,697,72800,,4,4,3021,100,0,0,FALSE,FALSE,FALSE
ID134,2025-11-01,846,73250,,4,4,2698,100,0,0,FALSE,FALSE,FALSE
ID134,2025-11-02,1699,72000,,5,5,3832,100,0,0,FALSE,FALSE,FALSE
ID134,2025-11-03,1716,74100,,7,7,4672,100,0,0,FALSE,FALSE,FALSE
ID134,2025-11-04,490,74100,,3,3,1616,100,0,0,FALSE,FALSE,FALSE
ID134,2025-11-05,3211,76450,,4,4,3839,100,0,0,FALSE,FALSE,FALSE
ID134,2025-11-06,1582,77000,,2,2,1913,100,0,0,FALSE,FALSE,FALSE
ID134,2025-11-07,2831,79000,,5,5,3559,100,0,0,FALSE,FALSE,FALSE
ID134,2025-11-08,1447,80700,,2,2,1729,100,0,0,FALSE,FALSE,FALSE
ID134,2025-11-09,1627,84700,,3,3,2385,100,0,0,FALSE,FALSE,FALSE
ID134,2025-11-10,2669,83900,,6,6,3381,100,0,0,FALSE,FALSE,FALSE
ID134,2025-11-11,1679,86100,,3,3,2060,100,0,0,FALSE,FALSE,FALSE
ID134,2025-11-12,1540,87150,,2,2,1937,100,0,0,FALSE,FALSE,FALSE
ID134,2025-11-13,1736,82500,,1,1,2159,100,0,0,FALSE,FALSE,FALSE
ID134,2025-11-14,2923,90050,,4,4,3345,100,0,0,FALSE,FALSE,FALSE
ID134,2025-11-15,3352,91900,,6,6,3712,100,0,0,FALSE,FALSE,FALSE
ID134,2025-11-16,2323,90900,,3,3,3249,100,0,0,FALSE,FALSE,FALSE
ID134,2025-11-17,4297,92000,,7,0,0,100,0,7,FALSE,FALSE,FALSE
ID134,2025-11-18,1531,93100,,2,2,1717,100,0,0,FALSE,FALSE,FALSE
ID134,2025-11-19,1191,85950,,2,2,1479,100,0,0,FALSE,FALSE,FALSE
ID134,2025-11-20,3122,85600,,4,4,3677,100,0,0,FALSE,FALSE,FALSE
ID134,2025-11-21,2056,85550,,2,2,2618,100,0,0,FALSE,FALSE,FALSE
ID134,2025-11-22,1024,86650,,4,4,3387,100,0,0,FALSE,FALSE,FALSE
ID134,2025-11-23,736,88900,,3,3,2500,100,0,0,FALSE,FALSE,FALSE
ID134,2025-11-24,2680,92300,,3,3,2953,100,0,0,FALSE,FALSE,FALSE
ID134,2025-11-25,3859,93100,,6,6,4437,100,0,0,FALSE,FALSE,FALSE
ID134,2025-11-26,2414,94300,,4,4,2996,100,0,0,FALSE,FALSE,FALSE
ID134,2025-11-27,3536,93700,,4,4,3836,100,0,0,FALSE,FALSE,FALSE
ID134,2025-11-28,2985,94750,,2,2,3281,100,0,0,FALSE,FALSE,FALSE
ID134,2025-11-29,2721,96050,,2,2,3299,100,0,0,FALSE,FALSE,FALSE
ID134,2025-11-30,3553,100600,,5,5,3740,100,0,0,FALSE,FALSE,FALSE
ID134,2025-12-01,2770,98750,,2,2,3108,100,0,0,FALSE,FALSE,FALSE
ID134,2025-12-02,3113,99900,,3,3,3422,100,0,0,FALSE,FALSE,FALSE
ID134,2025-12-03,3014,104900,,2,2,3107,100,0,0,FALSE,FALSE,FALSE
ID134,2025-12-04,2691,106700,,3,3,2731,100,0,0,FALSE,FALSE,FALSE
ID134,2025-12-05,4254,107700,,3,3,4350,100,0,0,FALSE,FALSE,FALSE
ID134,2025-12-06,3722,106300,,3,3,3888,100,0,0,FALSE,FALSE,FALSE
ID134,2025-12-07,3578,108850,,6,6,3589,100,0,0,FALSE,FALSE,FALSE
ID134,2025-12-08,2882,111800,,3,3,3184,100,0,0,FALSE,FALSE,FALSE
ID134,2025-12-09,3213,111000,,3,3,2991,100,0,0,FALSE,FALSE,FALSE
ID134,2025-12-10,3999,113800,,3,3,3708,100,0,0,FALSE,FALSE,FALSE
ID134,2025-12-11,3246,109450,,4,4,2133,100,0,0,FALSE,FALSE,FALSE
ID134,2025-12-12,2783,112400,,2,2,2661,100,0,0,FALSE,FALSE,FALSE
ID134,2025-12-13,2975,117000,,3,3,2904,100,0,0,FALSE,FALSE,FALSE
ID134,2025-12-14,3059,117800,,3,3,3079,100,0,0,FALSE,FALSE,FALSE
ID134,2025-12-15,3574,117400,,4,4,3563,100,0,0,FALSE,FALSE,FALSE
ID134,2025-12-16,4011,117250,,4,4,3784,100,0,0,FALSE,FALSE,FALSE
ID134,2025-12-17,2234,117800,,5,5,1874,100,0,0,FALSE,FALSE,FALSE
ID134,2025-12-18,3082,119500,,2,2,2754,100,0,0,FALSE,FALSE,FALSE
ID134,2025-12-19,2044,117250,,2,2,1815,100,0,0,FALSE,FALSE,FALSE
ID134,2025-12-20,3015,118250,,2,2,2978,100,0,0,FALSE,FALSE,FALSE
ID134,2025-12-21,3965,120850,,2,2,3438,100,0,0,FALSE,FALSE,FALSE
ID139,2025-09-12,33,27000,,1,0,0,91,0,1,FALSE,FALSE,FALSE
ID139,2025-09-13,855,27400,,7,0,0,94,0,7,FALSE,FALSE,FALSE
ID139,2025-09-14,1796,29400,,23,23,3868,94,0,0,FALSE,FALSE,FALSE
ID139,2025-09-15,1025,29700,,13,13,1934,94,0,0,FALSE,FALSE,FALSE
ID139,2025-09-16,1265,30200,,13,13,3119,94,0,0,FALSE,FALSE,FALSE
ID139,2025-09-17,1809,31000,,20,20,3735,94,2,0,FALSE,FALSE,FALSE
ID139,2025-09-18,1695,31900,,20,20,3976,94,0,0,FALSE,FALSE,FALSE
ID139,2025-09-19,1599,33000,,20,20,3722,94,0,0,FALSE,FALSE,FALSE
ID139,2025-09-20,2052,33550,,22,22,3553,94,0,0,FALSE,FALSE,FALSE
ID139,2025-09-21,1542,35200,,23,23,4269,94,0,0,FALSE,FALSE,FALSE
ID139,2025-09-22,1646,35500,,16,16,4172,94,0,0,FALSE,FALSE,FALSE
ID139,2025-09-23,1781,36700,,15,15,3975,94,0,0,FALSE,FALSE,FALSE
ID139,2025-09-24,1976,37500,,11,11,5603,94,0,0,FALSE,FALSE,FALSE
ID139,2025-09-25,1850,38200,,11,11,4435,94,0,0,FALSE,FALSE,FALSE
ID139,2025-09-26,1661,39400,,15,15,4967,94,0,0,FALSE,FALSE,FALSE
ID139,2025-09-27,1535,38200,,9,9,3899,94,0,0,FALSE,FALSE,FALSE
ID139,2025-09-28,2389,38000,,13,13,5036,94,0,0,FALSE,FALSE,FALSE
ID139,2025-09-29,2031,39500,,11,11,4508,94,0,0,FALSE,FALSE,FALSE
ID139,2025-09-30,1541,38800,,11,11,3205,94,0,0,FALSE,FALSE,FALSE
ID139,2025-10-01,2291,41400,,12,12,4346,94,0,0,FALSE,FALSE,FALSE
ID139,2025-10-02,2205,42400,,17,17,4126,94,0,0,FALSE,FALSE,FALSE
ID139,2025-10-03,2214,43500,,16,16,3992,94,0,0,FALSE,FALSE,FALSE
ID139,2025-10-04,2411,44300,,7,7,4137,94,0,0,FALSE,FALSE,FALSE
ID139,2025-10-05,2486,44850,,12,12,4191,94,0,0,FALSE,FALSE,FALSE
ID139,2025-10-06,2433,47200,,9,9,4597,94,0,0,FALSE,FALSE,FALSE
ID139,2025-10-07,3314,48200,,17,17,5502,94,0,0,FALSE,FALSE,FALSE
ID139,2025-10-08,2244,49050,,8,8,3542,94,0,0,FALSE,FALSE,FALSE
ID139,2025-10-09,3305,51250,,14,14,5128,94,0,0,FALSE,FALSE,FALSE
ID139,2025-10-10,2562,52100,,9,9,4320,94,0,0,FALSE,FALSE,FALSE
ID139,2025-10-11,2420,53300,,16,16,4031,94,0,0,FALSE,FALSE,FALSE
ID139,2025-10-12,3530,53900,,15,15,4938,94,0,0,FALSE,FALSE,FALSE
ID139,2025-10-13,2503,54800,,9,9,4048,94,0,0,FALSE,FALSE,FALSE
ID139,2025-10-14,3373,56700,,11,11,4986,94,0,0,FALSE,FALSE,FALSE
ID139,2025-10-15,2987,58200,,16,16,4732,94,0,0,FALSE,FALSE,FALSE
ID139,2025-10-16,3277,59100,,12,12,5376,94,0,0,FALSE,FALSE,FALSE
ID139,2025-10-17,3225,60700,,11,11,4963,94,0,0,FALSE,FALSE,FALSE
ID139,2025-10-18,2521,60800,,5,5,3204,94,0,0,FALSE,FALSE,FALSE
ID139,2025-10-19,3266,61300,,7,7,5003,94,0,0,FALSE,FALSE,FALSE
ID139,2025-10-20,3060,64950,,12,12,4385,94,0,0,FALSE,FALSE,FALSE
ID139,2025-10-21,3573,65600,,22,22,4766,94,0,0,FALSE,FALSE,FALSE
ID139,2025-10-22,3495,65600,,13,13,4442,94,0,0,FALSE,FALSE,FALSE
ID139,2025-10-23,2914,66100,,10,10,3994,94,0,0,FALSE,FALSE,FALSE
ID139,2025-10-24,3122,67400,,8,8,4560,94,0,0,FALSE,FALSE,FALSE
ID139,2025-10-25,2618,66800,,7,7,3765,94,0,0,FALSE,FALSE,FALSE
ID139,2025-10-26,3880,68100,,8,8,5504,94,0,0,FALSE,FALSE,FALSE
ID139,2025-10-27,3668,69700,,11,11,4935,94,0,0,FALSE,FALSE,FALSE
ID139,2025-10-28,3822,70800,,11,11,5063,94,0,0,FALSE,FALSE,FALSE
ID139,2025-10-29,3359,72100,,8,8,4441,94,0,0,FALSE,FALSE,FALSE
ID139,2025-10-30,4244,72450,,12,12,5148,94,0,0,FALSE,FALSE,FALSE
ID139,2025-10-31,3758,73100,,10,10,4463,94,0,0,FALSE,FALSE,FALSE
ID139,2025-11-01,3575,76200,,8,8,4155,94,0,0,FALSE,FALSE,FALSE
ID139,2025-11-02,3664,77400,,11,11,4190,94,0,0,FALSE,FALSE,FALSE
ID139,2025-11-03,3239,78200,,11,11,4035,94,0,0,FALSE,FALSE,FALSE
ID139,2025-11-04,3960,80500,,12,12,4987,94,0,0,FALSE,FALSE,FALSE
ID139,2025-11-05,3167,78900,,16,16,3965,94,0,0,FALSE,FALSE,FALSE
ID139,2025-11-06,3521,81500,,14,14,4323,94,0,0,FALSE,FALSE,FALSE
ID139,2025-11-07,3020,83200,,9,9,3609,94,0,0,FALSE,FALSE,FALSE
ID139,2025-11-08,4322,84000,,15,15,4900,94,0,0,FALSE,FALSE,FALSE
ID139,2025-11-09,3899,85700,,11,11,3856,94,0,0,FALSE,FALSE,FALSE
ID139,2025-11-10,3848,84200,,9,9,4389,94,0,0,FALSE,FALSE,FALSE
ID139,2025-11-11,3408,88300,,13,13,3868,94,0,0,FALSE,FALSE,FALSE
ID139,2025-11-12,2740,88250,,4,4,2873,94,0,0,FALSE,FALSE,FALSE
ID139,2025-11-13,3659,88300,,5,5,3290,94,0,0,FALSE,FALSE,FALSE
ID139,2025-11-14,4291,91750,,10,10,4342,94,0,0,FALSE,FALSE,FALSE
ID139,2025-11-15,4371,90800,,11,11,4678,94,0,0,FALSE,FALSE,FALSE
ID139,2025-11-16,3770,92550,,14,14,4472,94,0,0,FALSE,FALSE,FALSE
ID139,2025-11-17,3581,93800,,13,13,4089,94,0,0,FALSE,FALSE,FALSE
ID139,2025-11-18,3967,96350,,12,12,4646,94,0,0,FALSE,FALSE,FALSE
ID139,2025-11-19,3951,95750,,14,14,4632,94,0,0,FALSE,FALSE,FALSE
ID139,2025-11-20,4172,94100,,12,12,4769,94,0,0,FALSE,FALSE,FALSE
ID139,2025-11-21,3236,97100,,15,15,3579,94,0,0,FALSE,FALSE,FALSE
ID139,2025-11-22,4130,98700,,17,17,4992,94,0,0,FALSE,FALSE,FALSE
ID139,2025-11-23,3180,98700,,15,15,3858,94,0,0,FALSE,FALSE,FALSE
ID139,2025-11-24,3746,100300,,19,19,4342,94,0,0,FALSE,FALSE,FALSE
ID139,2025-11-25,3275,99000,,12,12,4035,94,0,0,FALSE,FALSE,FALSE
ID139,2025-11-26,4085,101400,,13,13,4626,94,0,0,FALSE,FALSE,FALSE
ID139,2025-11-27,4089,102800,,27,27,4397,94,0,0,FALSE,FALSE,FALSE
ID139,2025-11-28,3288,101700,,13,13,3806,94,0,0,FALSE,FALSE,FALSE
ID139,2025-11-29,3698,104900,,11,11,4253,94,0,0,FALSE,FALSE,FALSE
ID139,2025-11-30,3842,102300,,14,14,4401,94,0,0,FALSE,FALSE,FALSE
ID139,2025-12-01,4223,106000,,16,16,4689,94,0,0,FALSE,FALSE,FALSE
ID139,2025-12-02,4280,109700,,19,19,4682,94,0,0,FALSE,FALSE,FALSE
ID139,2025-12-03,3811,111600,,16,16,4799,94,0,0,FALSE,FALSE,FALSE
ID139,2025-12-04,4754,112300,,26,0,0,94,0,26,FALSE,FALSE,FALSE
ID139,2025-12-05,3462,114300,,19,19,3753,94,0,0,FALSE,FALSE,FALSE
ID139,2025-12-06,4739,115550,,18,18,5057,94,0,0,FALSE,FALSE,FALSE
ID139,2025-12-07,3716,114700,,17,17,3880,94,0,0,FALSE,FALSE,FALSE
ID139,2025-12-08,3238,116300,,13,13,3638,94,0,0,FALSE,FALSE,FALSE
ID139,2025-12-09,3877,117300,,28,28,4363,94,0,0,FALSE,FALSE,FALSE
ID139,2025-12-10,4471,117500,,18,18,5287,94,0,0,FALSE,FALSE,FALSE
ID139,2025-12-11,3047,119400,,15,15,3475,94,0,0,FALSE,FALSE,FALSE
ID139,2025-12-12,2810,118300,,13,13,1645,94,0,0,FALSE,FALSE,FALSE
ID139,2025-12-13,3916,119900,,14,14,3698,94,0,0,FALSE,FALSE,FALSE
ID139,2025-12-14,2913,118100,,37,37,2595,94,0,0,FALSE,FALSE,FALSE
ID139,2025-12-15,4754,123700,,25,0,0,94,0,25,FALSE,FALSE,FALSE
ID139,2025-12-16,3363,125750,,16,16,3260,94,0,0,FALSE,FALSE,FALSE
ID139,2025-12-17,2971,125400,,16,16,2979,94,0,0,FALSE,FALSE,FALSE
ID139,2025-12-18,3465,126000,,20,20,3111,94,0,0,FALSE,FALSE,FALSE
ID139,2025-12-19,4467,127800,,14,0,0,94,0,14,FALSE,FALSE,FALSE
ID139,2025-12-20,3464,128500,,13,13,3746,94,0,0,FALSE,FALSE,FALSE
ID139,2025-12-21,1883,128500,,9,9,2070,94,0,0,FALSE,FALSE,FALSE
ID139,2025-12-22,3380,128500,,15,0,0,94,0,15,FALSE,FALSE,FALSE
ID139,2025-12-24,1335,130050,,8,8,1420,94,0,0,FALSE,FALSE,FALSE
ID139,2025-12-25,1704,129925,,6,6,2043,94,6,0,FALSE,TRUE,FALSE
ID139,2025-12-26,540,129800,,1,0,0,94,0,1,FALSE,FALSE,FALSE
ID142,2025-09-17,1308,42800,,10,10,2660,100,0,0,FALSE,FALSE,FALSE
ID142,2025-09-18,521,43500,,7,0,0,100,0,7,FALSE,FALSE,FALSE
ID142,2025-09-19,926,44500,,9,9,2532,100,0,0,FALSE,FALSE,FALSE
ID142,2025-09-20,307,35450,,6,0,0,100,0,6,FALSE,FALSE,FALSE
ID142,2025-09-21,720,36300,,8,8,2229,100,0,0,FALSE,FALSE,FALSE
ID142,2025-09-22,945,37200,,9,9,2673,100,0,0,FALSE,FALSE,FALSE
ID142,2025-09-23,633,38400,,5,5,1632,100,0,0,FALSE,FALSE,FALSE
ID142,2025-09-24,740,39000,,6,6,2123,100,0,0,FALSE,FALSE,FALSE
ID142,2025-09-25,1570,39800,,10,10,2764,100,0,0,FALSE,FALSE,FALSE
ID142,2025-09-26,944,40900,,11,11,2016,100,0,0,FALSE,FALSE,FALSE
ID142,2025-09-27,523,42200,,6,6,1504,100,0,0,FALSE,FALSE,FALSE
ID142,2025-09-28,1305,44200,,8,8,3432,100,0,0,FALSE,FALSE,FALSE
ID142,2025-09-29,346,44800,,5,0,0,100,0,5,FALSE,FALSE,FALSE
ID142,2025-09-30,1535,46700,,11,11,2645,100,0,0,FALSE,FALSE,FALSE
ID142,2025-10-01,1432,47600,,8,8,2704,100,0,0,FALSE,FALSE,FALSE
ID142,2025-10-02,570,48500,,5,5,2510,100,0,0,FALSE,FALSE,FALSE
ID142,2025-10-03,1652,49800,,7,7,3158,100,0,0,FALSE,FALSE,FALSE
ID142,2025-10-04,1105,49500,,11,11,3811,100,0,0,FALSE,FALSE,FALSE
ID142,2025-10-05,1789,51550,,12,12,4893,100,0,0,FALSE,FALSE,FALSE
ID142,2025-10-06,1689,52000,,15,15,4409,100,0,0,FALSE,FALSE,FALSE
ID142,2025-10-07,884,57300,,11,11,3879,100,0,0,FALSE,FALSE,FALSE
ID142,2025-10-08,1076,58900,,9,9,3701,100,0,0,FALSE,FALSE,FALSE
ID142,2025-10-09,1106,59550,,6,6,3451,100,0,0,FALSE,FALSE,FALSE
ID142,2025-10-10,1602,61100,,8,8,3906,100,0,0,FALSE,FALSE,FALSE
ID142,2025-10-11,1204,61750,,10,10,3341,100,0,0,FALSE,FALSE,FALSE
ID142,2025-10-12,546,63600,,5,5,3789,100,0,0,FALSE,FALSE,FALSE
ID142,2025-10-13,1733,64300,,7,7,3744,100,0,0,FALSE,FALSE,FALSE
ID142,2025-10-14,1788,66900,,11,11,4324,100,0,0,FALSE,FALSE,FALSE
ID142,2025-10-15,1540,68200,,11,11,4307,100,0,0,FALSE,FALSE,FALSE
ID142,2025-10-16,3098,69200,,17,17,5195,100,0,0,FALSE,FALSE,FALSE
ID142,2025-10-17,1609,70600,,9,9,5829,100,0,0,FALSE,FALSE,FALSE
ID142,2025-10-18,1896,71150,,6,6,2562,100,0,0,FALSE,FALSE,FALSE
ID142,2025-10-19,1676,72800,,8,8,5410,100,0,0,FALSE,FALSE,FALSE
ID142,2025-10-20,835,74600,,5,5,3565,100,0,0,FALSE,FALSE,FALSE
ID142,2025-10-21,1476,74500,,9,9,4635,100,0,0,FALSE,FALSE,FALSE
ID142,2025-10-22,656,75900,,5,5,4297,100,0,0,FALSE,FALSE,FALSE
ID142,2025-10-23,1310,76650,,8,8,4383,100,0,0,FALSE,FALSE,FALSE
ID142,2025-10-24,2086,78100,,6,6,5137,100,0,0,FALSE,FALSE,FALSE
ID142,2025-10-25,1617,77100,,10,10,5215,100,0,0,FALSE,FALSE,FALSE
ID142,2025-10-26,1513,78300,,7,7,5379,100,0,0,FALSE,FALSE,FALSE
ID142,2025-10-27,2105,80150,,8,8,4382,100,0,0,FALSE,FALSE,FALSE
ID142,2025-10-28,1270,81500,,11,11,2785,100,0,0,FALSE,FALSE,FALSE
ID142,2025-10-29,1721,82600,,7,7,3040,100,0,0,FALSE,FALSE,FALSE
ID142,2025-10-30,1449,83200,,11,11,3737,100,0,0,FALSE,FALSE,FALSE
ID142,2025-10-31,1012,84750,,8,8,3431,100,0,0,FALSE,FALSE,FALSE
ID142,2025-11-01,597,84900,,6,6,2281,100,0,0,FALSE,FALSE,FALSE
ID142,2025-11-02,547,83800,,4,4,1820,100,0,0,FALSE,FALSE,FALSE
ID142,2025-11-03,2477,85350,,10,10,5072,100,0,0,FALSE,FALSE,FALSE
ID142,2025-11-04,1330,86400,,9,9,3430,100,0,0,FALSE,FALSE,FALSE
ID142,2025-11-05,4001,88400,,7,7,4458,100,0,0,FALSE,FALSE,FALSE
ID142,2025-11-06,1964,88750,,6,6,2080,100,0,0,FALSE,FALSE,FALSE
ID142,2025-11-07,2706,90700,,10,10,3073,100,0,0,FALSE,FALSE,FALSE
ID142,2025-11-08,2864,91500,,9,9,2972,100,0,0,FALSE,FALSE,FALSE
ID142,2025-11-09,2850,97700,,12,12,3136,100,0,0,FALSE,FALSE,FALSE
ID142,2025-11-10,3125,98900,,11,11,3707,100,0,0,FALSE,FALSE,FALSE
ID142,2025-11-11,1775,99900,,7,7,2061,100,0,0,FALSE,FALSE,FALSE
ID142,2025-11-12,3200,101200,,10,10,3953,100,0,0,FALSE,FALSE,FALSE
ID142,2025-11-13,3264,99150,,4,4,3438,100,0,0,FALSE,FALSE,FALSE
ID142,2025-11-14,3773,104250,,10,10,4098,100,0,0,FALSE,FALSE,FALSE
ID142,2025-11-15,3778,105300,,14,14,4076,100,0,0,FALSE,FALSE,FALSE
ID142,2025-11-16,3379,106650,,8,8,3559,100,0,0,FALSE,FALSE,FALSE
ID142,2025-11-17,3903,108200,,13,13,4254,100,0,0,FALSE,FALSE,FALSE
ID142,2025-11-18,3092,109600,,6,6,3170,100,0,0,FALSE,FALSE,FALSE
ID142,2025-11-19,2553,99800,,11,11,2965,100,0,0,FALSE,FALSE,FALSE
ID142,2025-11-20,3642,100500,,7,7,4157,100,0,0,FALSE,FALSE,FALSE
ID142,2025-11-21,2726,103000,,7,7,3389,100,0,0,FALSE,FALSE,FALSE
ID142,2025-11-22,965,101100,,5,5,3295,100,0,0,FALSE,FALSE,FALSE
ID142,2025-11-23,1760,102800,,11,11,3373,100,0,0,FALSE,FALSE,FALSE
ID142,2025-11-24,3609,107500,,7,7,3769,100,0,0,FALSE,FALSE,FALSE
ID142,2025-11-25,4761,109300,,12,12,5217,100,0,0,FALSE,FALSE,FALSE
ID142,2025-11-26,4692,110600,,10,10,4915,100,0,0,FALSE,FALSE,FALSE
ID142,2025-11-27,4388,111750,,6,6,4402,100,0,0,FALSE,FALSE,FALSE
ID142,2025-11-28,3772,113000,,5,5,4080,100,0,0,FALSE,FALSE,FALSE
ID142,2025-11-29,3609,114000,,4,4,3565,100,0,0,FALSE,FALSE,FALSE
ID142,2025-11-30,3926,115250,,6,6,4095,100,0,0,FALSE,FALSE,FALSE
ID142,2025-12-01,4084,116850,,6,6,3873,100,0,0,FALSE,FALSE,FALSE
ID142,2025-12-02,3697,117400,,5,5,3906,100,0,0,FALSE,FALSE,FALSE
ID142,2025-12-03,4396,122300,,5,5,4163,100,0,0,FALSE,FALSE,FALSE
ID142,2025-12-04,3949,123650,,6,6,3440,100,0,0,FALSE,FALSE,FALSE
ID142,2025-12-05,4589,125100,,5,5,4599,100,0,0,FALSE,FALSE,FALSE
ID142,2025-12-06,4346,125100,,6,6,4097,100,0,0,FALSE,FALSE,FALSE
ID142,2025-12-07,4721,126400,,10,10,4516,100,0,0,FALSE,FALSE,FALSE
ID142,2025-12-08,5090,127950,,8,8,4567,100,0,0,FALSE,FALSE,FALSE
ID142,2025-12-09,4386,129000,,4,4,3679,100,0,0,FALSE,FALSE,FALSE
ID142,2025-12-10,3982,130600,,6,6,3870,100,0,0,FALSE,FALSE,FALSE
ID142,2025-12-11,3377,127150,,4,4,2209,100,0,0,FALSE,FALSE,FALSE
ID142,2025-12-12,4067,133850,,6,6,3448,100,0,0,FALSE,FALSE,FALSE
ID142,2025-12-13,4737,136300,,9,9,3772,100,0,0,FALSE,FALSE,FALSE
ID142,2025-12-14,4787,136500,,8,8,4004,100,0,0,FALSE,FALSE,FALSE
ID142,2025-12-15,5433,136700,,14,0,0,100,0,14,FALSE,FALSE,FALSE
ID142,2025-12-16,2830,136400,,7,7,2646,100,0,0,FALSE,FALSE,FALSE
ID142,2025-12-17,4797,135500,,9,9,3164,100,1,0,FALSE,FALSE,FALSE
ID142,2025-12-18,3770,138600,,5,5,3237,100,0,0,FALSE,FALSE,FALSE
ID142,2025-12-19,2974,136400,,7,7,1761,100,0,0,FALSE,FALSE,FALSE
ID142,2025-12-20,3504,139300,,5,5,2965,100,0,0,FALSE,FALSE,FALSE
ID142,2025-12-21,4560,139300,,8,8,4181,100,3,0,FALSE,FALSE,FALSE
ID142,2025-12-22,712,139600,,2,2,497,100,1,0,FALSE,FALSE,FALSE
ID143,2025-09-12,369,,,1,0,0,102,1,1,FALSE,TRUE,FALSE
ID143,2025-09-13,2933,,,4,4,138,102,4,0,FALSE,TRUE,FALSE
ID143,2025-09-14,3627,,,6,0,0,102,6,6,FALSE,TRUE,FALSE
ID143,2025-09-15,1472,,,3,3,40,102,3,0,FALSE,TRUE,FALSE
ID143,2025-09-16,1690,,,1,1,15,102,1,0,FALSE,TRUE,FALSE
ID143,2025-09-17,496,,,1,0,0,102,1,1,FALSE,TRUE,FALSE
ID143,2025-09-19,843,33200,,5,0,0,102,0,5,FALSE,FALSE,FALSE
ID143,2025-09-20,1167,33100,,7,7,3086,102,0,0,FALSE,FALSE,FALSE
ID143,2025-09-21,1221,32250,,10,10,3197,102,0,0,FALSE,FALSE,FALSE
ID143,2025-09-22,2085,33650,,8,8,4247,102,0,0,FALSE,FALSE,FALSE
ID143,2025-09-23,1115,34800,,8,8,2864,102,0,0,FALSE,FALSE,FALSE
ID143,2025-09-24,1993,35300,,15,15,4830,102,0,0,FALSE,FALSE,FALSE
ID143,2025-09-25,2195,36650,,12,12,4817,102,0,0,FALSE,FALSE,FALSE
ID143,2025-09-26,1960,38000,,12,12,3873,102,0,0,FALSE,FALSE,FALSE
ID143,2025-09-27,2067,38200,,9,9,4602,102,0,0,FALSE,FALSE,FALSE
ID143,2025-09-28,1513,39700,,5,5,3311,102,0,0,FALSE,FALSE,FALSE
ID143,2025-09-29,1877,40800,,7,7,3832,102,0,0,FALSE,FALSE,FALSE
ID143,2025-09-30,1831,42000,,8,8,3893,102,0,0,FALSE,FALSE,FALSE
ID143,2025-10-01,1769,42500,,11,11,3962,102,0,0,FALSE,FALSE,FALSE
ID143,2025-10-02,1941,43900,,12,12,3775,102,0,0,FALSE,FALSE,FALSE
ID143,2025-10-03,2194,44800,,16,16,4189,102,0,0,FALSE,FALSE,FALSE
ID143,2025-10-04,2192,45900,,7,7,3613,102,0,0,FALSE,FALSE,FALSE
ID143,2025-10-05,2194,47000,,10,10,3888,102,0,0,FALSE,FALSE,FALSE
ID143,2025-10-06,2098,48200,,11,11,3914,102,0,0,FALSE,FALSE,FALSE
ID143,2025-10-07,1733,49700,,10,10,3220,102,0,0,FALSE,FALSE,FALSE
ID143,2025-10-08,2505,50800,,11,11,4077,102,0,0,FALSE,FALSE,FALSE
ID143,2025-10-09,2292,51800,,10,10,3722,102,0,0,FALSE,FALSE,FALSE
ID143,2025-10-10,2523,52400,,13,13,3817,102,0,0,FALSE,FALSE,FALSE
ID143,2025-10-11,2258,53700,,16,16,3927,102,0,0,FALSE,FALSE,FALSE
ID143,2025-10-12,2327,55450,,14,14,3527,102,0,0,FALSE,FALSE,FALSE
ID143,2025-10-13,3032,56500,,23,23,4945,102,0,0,FALSE,FALSE,FALSE
ID143,2025-10-14,2195,57200,,14,14,3550,102,0,0,FALSE,FALSE,FALSE
ID143,2025-10-15,2648,59050,,18,18,4263,102,0,0,FALSE,FALSE,FALSE
ID143,2025-10-16,2185,59500,,16,16,3428,102,0,0,FALSE,FALSE,FALSE
ID143,2025-10-17,2588,59950,,12,12,3940,102,0,0,FALSE,FALSE,FALSE
ID143,2025-10-18,1486,60400,,11,11,2094,102,0,0,FALSE,FALSE,FALSE
ID143,2025-10-19,2921,62300,,10,10,4394,102,0,0,FALSE,FALSE,FALSE
ID143,2025-10-20,2143,62700,,15,15,3601,102,0,0,FALSE,FALSE,FALSE
ID143,2025-10-21,2422,62400,,14,14,4105,102,0,0,FALSE,FALSE,FALSE
ID143,2025-10-22,2352,64300,,19,19,2646,102,0,0,FALSE,FALSE,FALSE
ID143,2025-10-23,2864,64900,,15,15,4118,102,0,0,FALSE,FALSE,FALSE
ID143,2025-10-24,1616,64700,,7,0,0,102,0,7,FALSE,FALSE,FALSE
ID143,2025-10-25,2929,67400,,21,21,3655,102,0,0,FALSE,FALSE,FALSE
ID143,2025-10-26,3138,68900,,26,26,4423,102,0,0,FALSE,FALSE,FALSE
ID143,2025-10-27,2259,69950,,12,12,3117,102,0,0,FALSE,FALSE,FALSE
ID143,2025-10-28,3686,70900,,14,14,4119,102,0,0,FALSE,FALSE,FALSE
ID143,2025-10-29,2737,71800,,13,13,3754,102,0,0,FALSE,FALSE,FALSE
ID143,2025-10-30,3517,73300,,17,17,4465,102,0,0,FALSE,FALSE,FALSE
ID143,2025-10-31,3040,74700,,27,27,3955,102,0,0,FALSE,FALSE,FALSE
ID143,2025-11-01,2779,75700,,17,17,3460,102,0,0,FALSE,FALSE,FALSE
ID143,2025-11-02,2758,75100,,17,17,3455,102,0,0,FALSE,FALSE,FALSE
ID143,2025-11-03,2762,74900,,25,25,3266,102,0,0,FALSE,FALSE,FALSE
ID143,2025-11-04,3110,77100,,11,11,3771,102,0,0,FALSE,FALSE,FALSE
ID143,2025-11-05,2250,77200,,11,11,2699,102,0,0,FALSE,FALSE,FALSE
ID143,2025-11-06,3064,78100,,13,13,2767,102,0,0,FALSE,FALSE,FALSE
ID143,2025-11-07,3388,81850,,14,14,4242,102,0,0,FALSE,FALSE,FALSE
ID143,2025-11-08,2726,81900,,19,19,3177,102,0,0,FALSE,FALSE,FALSE
ID143,2025-11-09,4068,83200,,20,20,4352,102,0,0,FALSE,FALSE,FALSE
ID143,2025-11-10,2668,83300,,21,21,3213,102,0,0,FALSE,FALSE,FALSE
ID143,2025-11-11,4337,84500,,26,0,0,102,0,26,FALSE,FALSE,FALSE
ID143,2025-11-12,3207,86500,,14,14,3519,102,0,0,FALSE,FALSE,FALSE
ID143,2025-11-13,1782,87100,,7,0,0,102,0,7,FALSE,FALSE,FALSE
ID143,2025-11-14,3605,88700,,16,16,3618,102,0,0,FALSE,FALSE,FALSE
ID143,2025-11-15,2849,90100,,16,16,2999,102,0,0,FALSE,FALSE,FALSE
ID143,2025-11-16,3390,90500,,13,13,4111,102,0,0,FALSE,FALSE,FALSE
ID143,2025-11-17,3285,91400,,26,26,4256,102,0,0,FALSE,FALSE,FALSE
ID143,2025-11-18,3273,92600,,15,15,3793,102,0,0,FALSE,FALSE,FALSE
ID143,2025-11-19,3362,96800,,11,11,3854,102,0,0,FALSE,FALSE,FALSE
ID143,2025-11-20,3744,98000,,22,22,4248,102,0,0,FALSE,FALSE,FALSE
ID143,2025-11-21,3497,99200,,12,12,4260,102,0,0,FALSE,FALSE,FALSE
ID143,2025-11-22,3818,99800,,20,20,3841,102,0,0,FALSE,FALSE,FALSE
ID143,2025-11-23,3823,100600,,18,18,4239,102,0,0,FALSE,FALSE,FALSE
ID143,2025-11-24,3457,102500,,13,13,3731,102,0,0,FALSE,FALSE,FALSE
ID143,2025-11-25,3397,102800,,21,21,3552,102,0,0,FALSE,FALSE,FALSE
ID143,2025-11-26,3950,105800,,11,11,4516,102,0,0,FALSE,FALSE,FALSE
ID143,2025-11-27,3802,106100,,16,16,4439,102,0,0,FALSE,FALSE,FALSE
ID143,2025-11-28,3623,105500,,19,19,3604,102,0,0,FALSE,FALSE,FALSE
ID143,2025-11-29,3060,106100,,7,7,3388,102,0,0,FALSE,FALSE,FALSE
ID143,2025-11-30,3884,109200,,6,6,3964,102,0,0,FALSE,FALSE,FALSE
ID143,2025-12-01,3571,109950,,15,15,3745,102,15,0,FALSE,TRUE,FALSE
ID143,2025-12-02,3785,110700,,9,9,3735,102,0,0,FALSE,FALSE,FALSE
ID143,2025-12-03,3371,109050,,8,8,3340,102,0,0,FALSE,FALSE,FALSE
ID143,2025-12-04,3580,109050,,8,8,3710,102,0,0,FALSE,FALSE,FALSE
ID143,2025-12-05,3910,110050,,10,10,3649,102,0,0,FALSE,FALSE,FALSE
ID143,2025-12-06,4291,111300,,15,15,4201,102,0,0,FALSE,FALSE,FALSE
ID143,2025-12-07,4071,112700,,12,12,2973,102,0,0,FALSE,FALSE,FALSE
ID143,2025-12-08,3792,113700,,8,8,3746,102,0,0,FALSE,FALSE,FALSE
ID143,2025-12-09,5145,114700,,14,0,0,102,0,14,FALSE,FALSE,FALSE
ID143,2025-12-10,4211,118450,,14,0,0,102,0,14,FALSE,FALSE,FALSE
ID143,2025-12-11,2110,117600,,11,11,2611,102,0,0,FALSE,FALSE,FALSE
ID143,2025-12-12,2128,119700,,14,14,2661,102,0,0,FALSE,FALSE,FALSE
ID143,2025-12-13,2269,121150,,12,12,3507,102,0,0,FALSE,FALSE,FALSE
ID143,2025-12-14,2799,121000,,16,16,3786,102,0,0,FALSE,FALSE,FALSE
ID143,2025-12-15,2018,120600,,5,5,2776,102,0,0,FALSE,FALSE,FALSE
ID143,2025-12-16,2910,119300,,7,7,3427,102,0,0,FALSE,FALSE,FALSE
ID143,2025-12-17,2868,121800,,13,13,3455,102,0,0,FALSE,FALSE,FALSE
ID143,2025-12-18,2226,122200,,10,10,2961,102,0,0,FALSE,FALSE,FALSE
ID143,2025-12-19,1017,,,8,8,1464,102,8,0,FALSE,TRUE,FALSE
ID143,2025-12-20,1671,,,8,8,2579,102,8,0,FALSE,TRUE,FALSE
ID143,2025-12-21,1689,,,13,13,2395,102,13,0,FALSE,TRUE,FALSE
ID148,2025-09-13,427,25700,,6,6,1337,92,2,0,FALSE,FALSE,FALSE
ID148,2025-09-14,418,26700,,8,0,0,92,8,8,FALSE,TRUE,FALSE
ID148,2025-09-15,417,27700,,5,0,0,92,0,5,FALSE,FALSE,FALSE
ID148,2025-09-16,695,27900,,6,6,2280,92,0,0,FALSE,FALSE,FALSE
ID148,2025-09-17,407,32550,,9,0,0,92,9,9,FALSE,TRUE,FALSE
ID148,2025-09-18,911,37200,,15,15,2457,92,1,0,FALSE,FALSE,FALSE
ID148,2025-09-19,1131,32100,,17,17,3189,92,0,0,FALSE,FALSE,FALSE
ID148,2025-09-20,1056,31050,,14,14,2365,92,0,0,FALSE,FALSE,FALSE
ID148,2025-09-21,928,30925,,15,15,2101,92,15,0,FALSE,TRUE,FALSE
ID148,2025-09-22,1105,30800,,19,19,2418,92,0,0,FALSE,FALSE,FALSE
ID148,2025-09-23,1194,32200,,13,13,3016,92,0,0,FALSE,FALSE,FALSE
ID148,2025-09-24,1122,31800,,10,10,3130,92,0,0,FALSE,FALSE,FALSE
ID148,2025-09-25,816,32500,,14,14,1949,92,0,0,FALSE,FALSE,FALSE
ID148,2025-09-26,1479,33100,,44,44,3602,92,2,0,FALSE,FALSE,FALSE
ID148,2025-09-27,896,38900,,16,16,3095,92,0,0,FALSE,FALSE,FALSE
ID148,2025-09-28,810,32700,,9,9,2312,92,0,0,FALSE,FALSE,FALSE
ID148,2025-09-29,717,34400,,12,12,3218,92,0,0,FALSE,FALSE,FALSE
ID148,2025-09-30,832,34600,,13,13,2786,92,0,0,FALSE,FALSE,FALSE
ID148,2025-10-01,815,34800,,14,14,3621,92,0,0,FALSE,FALSE,FALSE
ID148,2025-10-02,1424,35300,,16,16,4803,92,0,0,FALSE,FALSE,FALSE
ID148,2025-10-03,1080,36700,,11,11,3855,92,0,0,FALSE,FALSE,FALSE
ID148,2025-10-04,1148,36900,,11,11,4314,92,0,0,FALSE,FALSE,FALSE
ID148,2025-10-05,990,38200,,11,11,4445,92,0,0,FALSE,FALSE,FALSE
ID148,2025-10-06,1447,39000,,15,15,4698,92,0,0,FALSE,FALSE,FALSE
ID148,2025-10-07,1357,39800,,19,19,4512,92,0,0,FALSE,FALSE,FALSE
ID148,2025-10-08,1481,40500,,16,16,5326,92,0,0,FALSE,FALSE,FALSE
ID148,2025-10-09,1336,41300,,11,11,4514,92,0,0,FALSE,FALSE,FALSE
ID148,2025-10-10,998,40900,,12,12,3907,92,0,0,FALSE,FALSE,FALSE
ID148,2025-10-11,1372,41600,,7,7,4999,92,0,0,FALSE,FALSE,FALSE
ID148,2025-10-12,635,43200,,7,7,3227,92,0,0,FALSE,FALSE,FALSE
ID148,2025-10-13,1491,44200,,14,14,4511,92,0,0,FALSE,FALSE,FALSE
ID148,2025-10-14,1864,43500,,15,15,5327,92,0,0,FALSE,FALSE,FALSE
ID148,2025-10-15,1171,44600,,12,12,3998,92,0,0,FALSE,FALSE,FALSE
ID148,2025-10-16,1375,45700,,16,16,5198,92,0,0,FALSE,FALSE,FALSE
ID148,2025-10-17,1869,47400,,15,15,5984,92,0,0,FALSE,FALSE,FALSE
ID148,2025-10-18,877,47400,,7,7,2994,92,0,0,FALSE,FALSE,FALSE
ID148,2025-10-19,1154,48400,,11,11,4139,92,0,0,FALSE,FALSE,FALSE
ID148,2025-10-20,1381,48400,,15,15,4145,92,0,0,FALSE,FALSE,FALSE
ID148,2025-10-21,621,50500,,7,7,2216,92,0,0,FALSE,FALSE,FALSE
ID148,2025-10-22,989,54600,,1,1,2007,92,0,0,FALSE,FALSE,FALSE
ID148,2025-10-23,2347,57100,,11,11,5011,92,0,0,FALSE,FALSE,FALSE
ID148,2025-10-24,2569,58850,,8,8,5298,92,0,0,FALSE,FALSE,FALSE
ID148,2025-10-25,2332,60000,,8,8,4910,92,0,0,FALSE,FALSE,FALSE
ID148,2025-10-26,2292,60200,,5,5,4672,92,0,0,FALSE,FALSE,FALSE
ID148,2025-10-27,2571,61850,,6,6,4868,92,0,0,FALSE,FALSE,FALSE
ID148,2025-10-28,2809,63100,,9,9,4603,92,0,0,FALSE,FALSE,FALSE
ID148,2025-10-29,1583,64100,,7,7,3862,92,0,0,FALSE,FALSE,FALSE
ID148,2025-10-30,1766,64400,,11,11,3814,92,0,0,FALSE,FALSE,FALSE
ID148,2025-10-31,2919,65050,,12,12,5636,92,0,0,FALSE,FALSE,FALSE
ID148,2025-11-01,2248,61700,,9,9,4566,92,0,0,FALSE,FALSE,FALSE
ID148,2025-11-02,1709,61200,,6,6,3707,92,0,0,FALSE,FALSE,FALSE
ID148,2025-11-03,2660,61000,,7,7,4564,92,0,0,FALSE,FALSE,FALSE
ID148,2025-11-04,2489,64900,,12,12,4408,92,0,0,FALSE,FALSE,FALSE
ID148,2025-11-05,1647,64800,,8,8,3370,92,0,0,FALSE,FALSE,FALSE
ID148,2025-11-06,2477,65650,,10,10,4435,92,0,0,FALSE,FALSE,FALSE
ID148,2025-11-07,2745,66100,,9,9,4868,92,0,0,FALSE,FALSE,FALSE
ID148,2025-11-08,1360,67600,,4,4,2548,92,0,0,FALSE,FALSE,FALSE
ID148,2025-11-09,2430,68000,,9,9,3930,92,0,0,FALSE,FALSE,FALSE
ID148,2025-11-10,1566,67500,,4,4,2235,92,0,0,FALSE,FALSE,FALSE
ID148,2025-11-11,2046,68850,,6,6,3234,92,0,0,FALSE,FALSE,FALSE
ID148,2025-11-12,1534,67750,,4,4,660,92,0,0,FALSE,FALSE,FALSE
ID148,2025-11-13,3889,69000,,5,0,0,92,0,5,FALSE,FALSE,FALSE
ID148,2025-11-14,2771,73250,,6,6,3761,92,0,0,FALSE,FALSE,FALSE
ID148,2025-11-15,3190,75300,,11,11,4649,92,0,0,FALSE,FALSE,FALSE
ID148,2025-11-16,3106,75550,,12,12,4418,92,0,0,FALSE,FALSE,FALSE
ID148,2025-11-17,3035,75600,,9,9,4677,92,0,0,FALSE,FALSE,FALSE
ID148,2025-11-18,2132,76700,,4,4,3489,92,0,0,FALSE,FALSE,FALSE
ID148,2025-11-19,3159,77600,,7,7,5160,92,0,0,FALSE,FALSE,FALSE
ID148,2025-11-20,2695,78900,,7,7,4651,92,0,0,FALSE,FALSE,FALSE
ID148,2025-11-21,3817,79200,,9,9,5037,92,0,0,FALSE,FALSE,FALSE
ID148,2025-11-22,2336,80400,,4,4,3015,92,0,0,FALSE,FALSE,FALSE
ID148,2025-11-23,4223,82400,,13,13,6336,92,0,0,FALSE,FALSE,FALSE
ID148,2025-11-24,3404,84900,,9,9,4374,92,0,0,FALSE,FALSE,FALSE
ID148,2025-11-25,3147,85350,,4,4,4015,92,0,0,FALSE,FALSE,FALSE
ID148,2025-11-26,3255,86300,,6,6,4663,92,0,0,FALSE,FALSE,FALSE
ID148,2025-11-27,2040,87900,,6,0,0,92,0,6,FALSE,FALSE,FALSE
ID148,2025-11-28,3064,89050,,6,6,4143,92,0,0,FALSE,FALSE,FALSE
ID148,2025-11-29,3210,89400,,9,9,4064,92,0,0,FALSE,FALSE,FALSE
ID148,2025-11-30,3527,91000,,8,8,4213,92,0,0,FALSE,FALSE,FALSE
ID148,2025-12-01,4805,93300,,13,0,0,92,0,13,FALSE,FALSE,FALSE
ID148,2025-12-02,2231,92600,,8,8,2992,92,0,0,FALSE,FALSE,FALSE
ID148,2025-12-03,2795,93700,,5,5,3767,92,0,0,FALSE,FALSE,FALSE
ID148,2025-12-04,3562,93700,,13,13,5520,92,0,0,FALSE,FALSE,FALSE
ID148,2025-12-05,3327,95400,,10,10,3734,92,0,0,FALSE,FALSE,FALSE
ID148,2025-12-06,3043,95200,,7,7,4502,92,0,0,FALSE,FALSE,FALSE
ID148,2025-12-07,3231,94950,,6,6,4057,92,0,0,FALSE,FALSE,FALSE
ID148,2025-12-08,5112,97500,,12,0,0,92,0,12,FALSE,FALSE,FALSE
ID148,2025-12-09,2435,98400,,4,4,2380,92,0,0,FALSE,FALSE,FALSE
ID148,2025-12-10,4072,103050,,8,0,0,92,0,8,FALSE,FALSE,FALSE
ID148,2025-12-11,3003,102800,,3,3,2714,92,0,0,FALSE,FALSE,FALSE
ID148,2025-12-12,1934,103450,,2,2,1723,92,0,0,FALSE,FALSE,FALSE
ID148,2025-12-14,3369,107750,,4,4,3719,92,0,0,FALSE,FALSE,FALSE
ID148,2025-12-15,2456,110000,,4,4,2815,92,0,0,FALSE,FALSE,FALSE
ID148,2025-12-16,4377,106550,,8,8,4448,92,0,0,FALSE,FALSE,FALSE
ID148,2025-12-17,3453,109550,,10,10,3974,92,0,0,FALSE,FALSE,FALSE
ID148,2025-12-18,2774,110350,,8,8,3203,92,0,0,FALSE,FALSE,FALSE
ID148,2025-12-19,3604,109400,,12,12,4260,92,0,0,FALSE,FALSE,FALSE
ID148,2025-12-20,2782,110700,,8,8,3412,92,0,0,FALSE,FALSE,FALSE
ID148,2025-12-21,2208,111800,,8,8,1862,92,0,0,FALSE,FALSE,FALSE
ID148,2025-12-22,4128,114200,,12,12,4951,92,0,0,FALSE,FALSE,FALSE
ID148,2025-12-23,2983,113200,,11,11,2597,92,0,0,FALSE,FALSE,FALSE
ID148,2025-12-24,3533,116000,,3,3,3171,92,0,0,FALSE,FALSE,FALSE
ID148,2025-12-25,3719,116200,,8,8,3144,92,0,0,FALSE,FALSE,FALSE
ID148,2025-12-26,1719,117400,,6,0,0,92,0,6,FALSE,FALSE,FALSE
ID149,2025-09-19,1312,,,5,5,2542,101,5,0,FALSE,TRUE,FALSE
ID149,2025-09-20,1249,,,10,0,0,101,10,10,FALSE,TRUE,FALSE
ID149,2025-09-21,1454,42900,,6,6,2686,101,0,0,FALSE,FALSE,FALSE
ID149,2025-09-22,2363,44500,,12,12,4084,101,0,0,FALSE,FALSE,FALSE
ID149,2025-09-23,2411,44400,,16,16,3949,101,0,0,FALSE,FALSE,FALSE
ID149,2025-09-24,2567,44800,,17,17,4103,101,0,0,FALSE,FALSE,FALSE
ID149,2025-09-25,1884,45800,,9,9,2910,101,0,0,FALSE,FALSE,FALSE
ID149,2025-09-26,3541,46800,,17,17,4468,101,0,0,FALSE,FALSE,FALSE
ID149,2025-09-27,2194,48350,,16,16,3218,101,0,0,FALSE,FALSE,FALSE
ID149,2025-09-28,3047,48600,,23,23,3337,101,0,0,FALSE,FALSE,FALSE
ID149,2025-09-29,3688,48400,,16,16,3376,101,0,0,FALSE,FALSE,FALSE
ID149,2025-09-30,4568,50900,,18,18,3663,101,0,0,FALSE,FALSE,FALSE
ID149,2025-10-01,3668,50200,,15,15,3581,101,0,0,FALSE,FALSE,FALSE
ID149,2025-10-02,5993,52700,,13,13,4220,101,0,0,FALSE,FALSE,FALSE
ID149,2025-10-03,4682,53600,,16,16,3223,101,0,0,FALSE,FALSE,FALSE
ID149,2025-10-04,4220,54200,,10,10,3300,101,0,0,FALSE,FALSE,FALSE
ID149,2025-10-05,4761,56000,,16,16,3875,101,0,0,FALSE,FALSE,FALSE
ID149,2025-10-06,4072,57100,,18,18,3433,101,0,0,FALSE,FALSE,FALSE
ID149,2025-10-07,4366,57800,,9,9,3812,101,0,0,FALSE,FALSE,FALSE
ID149,2025-10-08,4298,59100,,9,9,3708,101,0,0,FALSE,FALSE,FALSE
ID149,2025-10-09,4456,59700,,16,16,3714,101,0,0,FALSE,FALSE,FALSE
ID149,2025-10-10,4781,61100,,11,11,3942,101,0,0,FALSE,FALSE,FALSE
ID149,2025-10-11,4293,62700,,16,16,3637,101,0,0,FALSE,FALSE,FALSE
ID149,2025-10-12,3906,62600,,19,19,3567,101,0,0,FALSE,FALSE,FALSE
ID149,2025-10-13,4365,63300,,9,9,3470,101,0,0,FALSE,FALSE,FALSE
ID149,2025-10-14,3923,65600,,15,15,3107,101,0,0,FALSE,FALSE,FALSE
ID149,2025-10-15,4623,66300,,12,12,3593,101,0,0,FALSE,FALSE,FALSE
ID149,2025-10-16,4514,67400,,13,13,3712,101,0,0,FALSE,FALSE,FALSE
ID149,2025-10-17,5596,67950,,10,10,3721,101,0,0,FALSE,FALSE,FALSE
ID149,2025-10-18,5227,69750,,10,10,2543,101,0,0,FALSE,FALSE,FALSE
ID149,2025-10-19,3559,70400,,4,4,2051,101,0,0,FALSE,FALSE,FALSE
ID149,2025-10-20,3863,72100,,11,11,2705,101,0,0,FALSE,FALSE,FALSE
ID149,2025-10-21,4109.5,73500,,22,22,4413,101,0,0,FALSE,FALSE,TRUE
ID149,2025-10-22,4356,72800,,15,15,3382,101,0,0,FALSE,FALSE,FALSE
ID149,2025-10-23,4670,74300,,17,0,0,101,0,17,FALSE,FALSE,TRUE
ID149,2025-10-24,4984,76100,,14,14,3655,101,0,0,FALSE,FALSE,FALSE
ID149,2025-10-25,4220,77400,,21,21,4255,101,0,0,FALSE,FALSE,FALSE
ID149,2025-10-26,5392,77400,,7,7,3445,101,0,0,FALSE,FALSE,FALSE
ID149,2025-10-27,4135,80650,,12,12,2801,101,0,0,FALSE,FALSE,FALSE
ID149,2025-10-28,3729,80300,,8,8,1943,101,0,0,FALSE,FALSE,FALSE
ID149,2025-10-29,2780,80600,,11,11,2028,101,0,0,FALSE,FALSE,FALSE
ID149,2025-10-30,878,81000,,8,0,0,101,0,8,FALSE,FALSE,FALSE
ID149,2025-10-31,2744,81900,,17,17,2273,101,0,0,FALSE,FALSE,FALSE
ID149,2025-11-01,2874,82700,,17,17,2478,101,0,0,FALSE,FALSE,FALSE
ID149,2025-11-02,2634,83300,,15,15,2698,101,0,0,FALSE,FALSE,FALSE
ID149,2025-11-03,2884,83900,,13,13,2980,101,0,0,FALSE,FALSE,FALSE
ID149,2025-11-04,2314,85000,,17,17,2340,101,0,0,FALSE,FALSE,FALSE
ID149,2025-11-05,3898,85950,,22,22,3180,101,0,0,FALSE,FALSE,FALSE
ID149,2025-11-06,2169,86800,,17,17,1920,101,0,0,FALSE,FALSE,FALSE
ID149,2025-11-07,2588,86700,,19,19,1984,101,0,0,FALSE,FALSE,FALSE
ID149,2025-11-08,2520,87100,,19,19,2467,101,0,0,FALSE,FALSE,FALSE
ID149,2025-11-09,2671,89100,,19,19,2313,101,0,0,FALSE,FALSE,FALSE
ID149,2025-11-10,3560,89200,,17,17,2960,101,0,0,FALSE,FALSE,FALSE
ID149,2025-11-11,3002,89200,,37,37,2467,101,0,0,FALSE,FALSE,FALSE
ID149,2025-11-12,2683,90600,,25,25,3125,101,0,0,FALSE,FALSE,FALSE
ID149,2025-11-13,1750,89900,,10,10,1582,101,0,0,FALSE,FALSE,FALSE
ID149,2025-11-14,4070,92100,,23,23,4519,101,0,0,FALSE,FALSE,FALSE
ID149,2025-11-15,3851,94100,,37,37,3793,101,0,0,FALSE,FALSE,FALSE
ID149,2025-11-16,3985,95300,,36,36,3873,101,0,0,FALSE,FALSE,FALSE
ID149,2025-11-17,4425,97800,,35,35,4738,101,0,0,FALSE,FALSE,FALSE
ID149,2025-11-18,3851,98400,,51,51,3569,101,0,0,FALSE,FALSE,FALSE
ID149,2025-11-19,2900,98300,,39,39,2612,101,0,0,FALSE,FALSE,FALSE
ID149,2025-11-20,3462,98600,,45,45,3315,101,0,0,FALSE,FALSE,FALSE
ID149,2025-11-21,3888,99300,,38,38,3853,101,0,0,FALSE,FALSE,FALSE
ID149,2025-11-22,3212,99900,,25,25,3458,101,0,0,FALSE,FALSE,FALSE
ID149,2025-11-23,3421,100800,,39,39,3699,101,0,0,FALSE,FALSE,FALSE
ID149,2025-11-24,3739,105050,,56,56,3977,101,0,0,FALSE,FALSE,FALSE
ID149,2025-11-25,3920,105000,,29,29,3785,101,0,0,FALSE,FALSE,FALSE
ID149,2025-11-26,3575,106700,,37,37,3395,101,0,0,FALSE,FALSE,FALSE
ID149,2025-11-27,3959,107300,,36,36,4382,101,0,0,FALSE,FALSE,FALSE
ID149,2025-11-28,2833,108200,,41,41,2949,101,0,0,FALSE,FALSE,FALSE
ID149,2025-11-29,2161,106700,,7,7,2525,101,0,0,FALSE,FALSE,FALSE
ID149,2025-11-30,3159,109750,,14,14,3228,101,0,0,FALSE,FALSE,FALSE
ID149,2025-12-01,4077,110800,,25,25,3753,101,0,0,FALSE,FALSE,FALSE
ID149,2025-12-02,3600,110250,,26,26,3373,101,0,0,FALSE,FALSE,FALSE
ID149,2025-12-03,3580,111200,,27,27,3069,101,0,0,FALSE,FALSE,FALSE
ID149,2025-12-04,4163,113000,,35,35,3970,101,0,0,FALSE,FALSE,FALSE
ID149,2025-12-05,4620,114100,,47,47,3743,101,0,0,FALSE,FALSE,FALSE
ID149,2025-12-06,3950,114500,,44,44,3660,101,0,0,FALSE,FALSE,FALSE
ID149,2025-12-07,4189,114700,,45,45,3403,101,0,0,FALSE,FALSE,FALSE
ID149,2025-12-08,3151,115000,,21,21,2587,101,0,0,FALSE,FALSE,FALSE
ID149,2025-12-09,3307,117000,,26,26,2755,101,0,0,FALSE,FALSE,FALSE
ID149,2025-12-10,2801,118400,,33,33,2271,101,0,0,FALSE,FALSE,FALSE
ID149,2025-12-11,1595,118000,,21,21,1240,101,0,0,FALSE,FALSE,FALSE
ID149,2025-12-12,2712,119500,,33,33,2039,101,0,0,FALSE,FALSE,FALSE
ID149,2025-12-13,4372,120900,,34,34,3302,101,0,0,FALSE,FALSE,FALSE
ID149,2025-12-14,3640,123400,,44,44,2890,101,0,0,FALSE,FALSE,FALSE
ID149,2025-12-15,4395,123200,,60,60,4143,101,0,0,FALSE,FALSE,FALSE
ID149,2025-12-16,3568,123000,,39,39,3113,101,0,0,FALSE,FALSE,FALSE
ID149,2025-12-17,3895,123300,,27,27,3284,101,0,0,FALSE,FALSE,FALSE
ID149,2025-12-18,4393,125300,,30,30,3608,101,0,0,FALSE,FALSE,FALSE
ID149,2025-12-19,3584,125800,,47,47,2866,101,0,0,FALSE,FALSE,FALSE
ID149,2025-12-20,3834,127300,,40,40,3232,101,0,0,FALSE,FALSE,FALSE
ID149,2025-12-21,4454,128900,,41,41,3439,101,0,0,FALSE,FALSE,FALSE
ID149,2025-12-22,751,128900,,7,0,0,101,0,7,FALSE,FALSE,FALSE
ID155,2025-09-12,443,25750,,5,0,0,95,1,5,FALSE,FALSE,FALSE
ID155,2025-09-13,1277,34500,,20,20,3428,95,8,0,FALSE,FALSE,FALSE
ID155,2025-09-14,1162,27950,,18,0,0,95,2,18,FALSE,FALSE,FALSE
ID155,2025-09-15,1152,29075,,19,0,0,95,19,19,FALSE,TRUE,FALSE
ID155,2025-09-16,1379,30200,,20,20,4717,95,0,0,FALSE,FALSE,FALSE
ID155,2025-09-17,1553,31200,,16,16,4839,95,0,0,FALSE,FALSE,FALSE
ID155,2025-09-18,1398,31250,,21,21,3912,95,1,0,FALSE,FALSE,FALSE
ID155,2025-09-19,1514,32600,,21,21,4299,95,0,0,FALSE,FALSE,FALSE
ID155,2025-09-20,1749,33900,,21,21,4130,95,0,0,FALSE,FALSE,FALSE
ID155,2025-09-21,1272,34800,,11,11,3425,95,0,0,FALSE,FALSE,FALSE
ID155,2025-09-22,1319,36850,,12,12,2827,95,0,0,FALSE,FALSE,FALSE
ID155,2025-09-23,1619,37100,,8,8,3766,95,0,0,FALSE,FALSE,FALSE
ID155,2025-09-24,1658,37250,,4,4,3195,95,0,0,FALSE,FALSE,FALSE
ID155,2025-09-25,1601,37800,,10,10,3798,95,0,0,FALSE,FALSE,FALSE
ID155,2025-09-26,2011,38500,,7,7,4696,95,0,0,FALSE,FALSE,FALSE
ID155,2025-09-27,1522,40100,,13,13,3615,95,0,0,FALSE,FALSE,FALSE
ID155,2025-09-28,1824,41250,,6,6,3726,95,0,0,FALSE,FALSE,FALSE
ID155,2025-09-29,3458,41950,,6,0,0,95,0,6,FALSE,FALSE,FALSE
ID155,2025-09-30,1551,42450,,6,6,3149,95,0,0,FALSE,FALSE,FALSE
ID155,2025-10-01,2655,44150,,10,10,4792,95,0,0,FALSE,FALSE,FALSE
ID155,2025-10-02,2437,45600,,7,7,4670,95,0,0,FALSE,FALSE,FALSE
ID155,2025-10-03,2562,45900,,7,7,4771,95,0,0,FALSE,FALSE,FALSE
ID155,2025-10-04,2316,47300,,7,7,4291,95,0,0,FALSE,FALSE,FALSE
ID155,2025-10-05,2885,48000,,7,7,4491,95,0,0,FALSE,FALSE,FALSE
ID155,2025-10-06,2508,48800,,7,7,4336,95,0,0,FALSE,FALSE,FALSE
ID155,2025-10-07,2696,49100,,6,6,4317,95,0,0,FALSE,FALSE,FALSE
ID155,2025-10-08,3106,49950,,7,7,5134,95,7,0,FALSE,TRUE,FALSE
ID155,2025-10-09,2531,50800,,7,7,4005,95,0,0,FALSE,FALSE,FALSE
ID155,2025-10-10,2527,51000,,9,9,4093,95,0,0,FALSE,FALSE,FALSE
ID155,2025-10-11,2972,54000,,11,11,4926,95,0,0,FALSE,FALSE,FALSE
ID155,2025-10-12,2729,53600,,7,7,4355,95,0,0,FALSE,FALSE,FALSE
ID155,2025-10-13,2508,55700,,7,7,3873,95,0,0,FALSE,FALSE,FALSE
ID155,2025-10-14,2826,56450,,6,6,3853,95,0,0,FALSE,FALSE,FALSE
ID155,2025-10-15,3100,57950,,14,14,4632,95,0,0,FALSE,FALSE,FALSE
ID155,2025-10-16,3369,58750,,12,12,4826,95,0,0,FALSE,FALSE,FALSE
ID155,2025-10-17,2219,60400,,9,9,3339,95,0,0,FALSE,FALSE,FALSE
ID155,2025-10-18,2971,58850,,8,8,2565,95,0,0,FALSE,FALSE,FALSE
ID155,2025-10-19,2647,61300,,11,11,3029,95,0,0,FALSE,FALSE,FALSE
ID155,2025-10-20,3843,64000,,15,15,4710,95,0,0,FALSE,FALSE,FALSE
ID155,2025-10-21,2713,63500,,12,12,3029,95,0,0,FALSE,FALSE,FALSE
ID155,2025-10-22,4225,65500,,16,16,4636,95,0,0,FALSE,FALSE,FALSE
ID155,2025-10-23,1818,65800,,3,0,0,95,0,3,FALSE,FALSE,FALSE
ID155,2025-10-24,3871,67250,,8,8,5121,95,0,0,FALSE,FALSE,FALSE
ID155,2025-10-25,3473,69100,,7,7,4936,95,0,0,FALSE,FALSE,FALSE
ID155,2025-10-26,3366,69650,,8,8,4613,95,0,0,FALSE,FALSE,FALSE
ID155,2025-10-27,1833,69900,,5,0,0,95,0,5,FALSE,FALSE,FALSE
ID155,2025-10-28,1766,70400,,3,0,0,95,0,3,FALSE,FALSE,FALSE
ID155,2025-10-29,3248,72500,,7,7,4038,95,0,0,FALSE,FALSE,FALSE
ID155,2025-10-30,3031,74100,,7,7,3506,95,0,0,FALSE,FALSE,FALSE
ID155,2025-10-31,3489,74650,,8,8,4001,95,0,0,FALSE,FALSE,FALSE
ID155,2025-11-01,2695,74800,,14,14,3032,95,0,0,FALSE,FALSE,FALSE
ID155,2025-11-02,4697,76400,,13,0,0,95,0,13,FALSE,FALSE,FALSE
ID155,2025-11-03,3468,77400,,11,11,3841,95,0,0,FALSE,FALSE,FALSE
ID155,2025-11-04,3687,77800,,19,19,3813,95,0,0,FALSE,FALSE,FALSE
ID155,2025-11-05,2884,79900,,14,14,3009,95,0,0,FALSE,FALSE,FALSE
ID155,2025-11-06,3210,80400,,10,10,3390,95,0,0,FALSE,FALSE,FALSE
ID155,2025-11-07,3713,80800,,15,15,3959,95,0,0,FALSE,FALSE,FALSE
ID155,2025-11-08,3669,83500,,13,13,3960,95,0,0,FALSE,FALSE,FALSE
ID155,2025-11-09,3724,83800,,23,23,3725,95,0,0,FALSE,FALSE,FALSE
ID155,2025-11-10,3408,84100,,18,18,3127,95,0,0,FALSE,FALSE,FALSE
ID155,2025-11-11,3623,85600,,15,15,3226,95,0,0,FALSE,FALSE,FALSE
ID155,2025-11-12,2945,89100,,5,5,2918,95,0,0,FALSE,FALSE,FALSE
ID155,2025-11-13,2149,89000,,14,14,1654,95,0,0,FALSE,FALSE,FALSE
ID155,2025-11-14,3603,90700,,7,7,3382,95,0,0,FALSE,FALSE,FALSE
ID155,2025-11-15,2601,91350,,16,16,2112,95,0,0,FALSE,FALSE,FALSE
ID155,2025-11-16,3037,92800,,12,12,2583,95,0,0,FALSE,FALSE,FALSE
ID155,2025-11-17,2802,92700,,12,12,2335,95,0,0,FALSE,FALSE,FALSE
ID155,2025-11-18,3238,94500,,22,22,2598,95,0,0,FALSE,FALSE,FALSE
ID155,2025-11-19,3237,91100,,11,11,2608,95,0,0,FALSE,FALSE,FALSE
ID155,2025-11-20,2668,91100,,7,7,2331,95,0,0,FALSE,FALSE,FALSE
ID155,2025-11-21,3408,92500,,16,16,2764,95,0,0,FALSE,FALSE,FALSE
ID155,2025-11-22,2604,93000,,20,20,2272,95,0,0,FALSE,FALSE,FALSE
ID155,2025-11-23,3480,94400,,15,15,2948,95,0,0,FALSE,FALSE,FALSE
ID155,2025-11-24,3034,95400,,8,8,2855,95,0,0,FALSE,FALSE,FALSE
ID155,2025-11-25,2508,95300,,11,11,2564,95,0,0,FALSE,FALSE,FALSE
ID155,2025-11-26,2294,95600,,13,13,2334,95,0,0,FALSE,FALSE,FALSE
ID155,2025-11-27,3390,97000,,15,15,3320,95,0,0,FALSE,FALSE,FALSE
ID155,2025-11-28,3481,97700,,20,20,3288,95,0,0,FALSE,FALSE,FALSE
ID155,2025-11-29,3385,98900,,21,21,2940,95,0,0,FALSE,FALSE,FALSE
ID155,2025-11-30,3526,100300,,21,21,3609,95,0,0,FALSE,FALSE,FALSE
ID155,2025-12-01,3563,102000,,24,24,3096,95,0,0,FALSE,FALSE,FALSE
ID155,2025-12-02,3299,104800,,15,15,3092,95,0,0,FALSE,FALSE,FALSE
ID155,2025-12-03,3264,103800,,27,27,2741,95,0,0,FALSE,FALSE,FALSE
ID155,2025-12-04,3947,106600,,32,32,3851,95,0,0,FALSE,FALSE,FALSE
ID155,2025-12-05,3833,108400,,23,23,3339,95,0,0,FALSE,FALSE,FALSE
ID155,2025-12-06,4025,109100,,22,22,3560,95,0,0,FALSE,FALSE,FALSE
ID155,2025-12-07,3248,109950,,20,20,3017,95,0,0,FALSE,FALSE,FALSE
ID155,2025-12-08,3911,111000,,24,24,3613,95,0,0,FALSE,FALSE,FALSE
ID155,2025-12-09,2930,110750,,16,16,2537,95,0,0,FALSE,FALSE,FALSE
ID155,2025-12-10,3043,112900,,16,16,2829,95,0,0,FALSE,FALSE,FALSE
ID155,2025-12-11,3699,116350,,14,14,3211,95,0,0,FALSE,FALSE,FALSE
ID155,2025-12-12,2618,117700,,3,3,2187,95,0,0,FALSE,FALSE,FALSE
ID155,2025-12-13,3538,118250,,14,14,3428,95,14,0,FALSE,TRUE,FALSE
ID155,2025-12-14,3771,118800,,16,16,3272,95,0,0,FALSE,FALSE,FALSE
ID155,2025-12-15,2566,114300,,34,34,1825,95,0,0,FALSE,FALSE,FALSE
ID155,2025-12-16,3145,112000,,13,13,2568,95,0,0,FALSE,FALSE,FALSE
ID155,2025-12-17,3702,113700,,21,21,2800,95,0,0,FALSE,FALSE,FALSE
ID155,2025-12-18,2439,115900,,24,24,1850,95,0,0,FALSE,FALSE,FALSE
ID155,2025-12-19,3615,116500,,18,18,2861,95,0,0,FALSE,FALSE,FALSE
ID155,2025-12-20,2483,117000,,13,13,2091,95,0,0,FALSE,FALSE,FALSE
ID155,2025-12-21,3321,118600,,9,9,3071,95,0,0,FALSE,FALSE,FALSE
ID155,2025-12-22,2787,117000,,23,23,2082,95,0,0,FALSE,FALSE,FALSE
ID155,2025-12-23,4744,120300,,15,0,0,95,0,15,FALSE,FALSE,FALSE
ID155,2025-12-24,4481,121700,,7,7,3627,95,0,0,FALSE,FALSE,FALSE
ID158,2025-09-17,288,,,7,7,880,99,7,0,FALSE,TRUE,FALSE
ID158,2025-09-18,581,35500,,8,8,2099,99,0,0,FALSE,FALSE,FALSE
ID158,2025-09-19,462,34366.6666666667,,11,11,1596,99,11,0,FALSE,TRUE,FALSE
ID158,2025-09-20,1000,33233.3333333333,,20,20,3384,99,20,0,FALSE,TRUE,FALSE
ID158,2025-09-21,613,32100,,10,10,2264,99,0,0,FALSE,FALSE,FALSE
ID158,2025-09-22,445,34700,,6,6,1432,99,1,0,FALSE,FALSE,FALSE
ID158,2025-09-23,568,34900,,5,5,2801,99,0,0,FALSE,FALSE,FALSE
ID158,2025-09-24,143,34375,,1,1,674,99,1,0,FALSE,TRUE,FALSE
ID158,2025-09-25,138,33850,,2,2,2020,99,0,0,FALSE,FALSE,FALSE
ID158,2025-09-26,960,35500,,8,8,4290,99,0,0,FALSE,FALSE,FALSE
ID158,2025-09-27,582,36500,,7,7,1883,99,0,0,FALSE,FALSE,FALSE
ID158,2025-09-28,485,36500,,5,5,3597,99,0,0,FALSE,FALSE,FALSE
ID158,2025-09-29,536,37400,,3,3,2200,99,0,0,FALSE,FALSE,FALSE
ID158,2025-09-30,288,38500,,5,5,1484,99,0,0,FALSE,FALSE,FALSE
ID158,2025-10-01,34,38550,,2,0,0,99,0,2,FALSE,FALSE,FALSE
ID158,2025-10-02,149,39300,,1,1,1341,99,0,0,FALSE,FALSE,FALSE
ID158,2025-10-03,192,40150,,2,2,1330,99,2,0,FALSE,TRUE,FALSE
ID158,2025-10-04,257,41000,,3,3,2429,99,0,0,FALSE,FALSE,FALSE
ID158,2025-10-05,396,42000,,2,2,3216,99,0,0,FALSE,FALSE,FALSE
ID158,2025-10-06,281,43400,,3,3,2643,99,0,0,FALSE,FALSE,FALSE
ID158,2025-10-07,112,43900,,1,1,1191,99,0,0,FALSE,FALSE,FALSE
ID158,2025-10-08,638,44000,,3,3,4454,99,0,0,FALSE,FALSE,FALSE
ID158,2025-10-09,404,45700,,2,2,2106,99,0,0,FALSE,FALSE,FALSE
ID158,2025-10-10,370,45950,,2,2,960,99,0,0,FALSE,FALSE,FALSE
ID158,2025-10-11,100,46100,,2,0,0,99,0,2,FALSE,FALSE,FALSE
ID158,2025-10-12,414,47500,,5,5,1208,99,0,0,FALSE,FALSE,FALSE
ID158,2025-10-13,590,48900,,3,3,2315,99,0,0,FALSE,FALSE,FALSE
ID158,2025-10-14,508,49600,,5,5,3620,99,0,0,FALSE,FALSE,FALSE
ID158,2025-10-15,824,51000,,3,3,3646,99,0,0,FALSE,FALSE,FALSE
ID158,2025-10-16,563,52100,,3,3,2022,99,0,0,FALSE,FALSE,FALSE
ID158,2025-10-17,523,51600,,4,4,3909,99,0,0,FALSE,FALSE,FALSE
ID158,2025-10-18,391,54200,,3,3,1652,99,0,0,FALSE,FALSE,FALSE
ID158,2025-10-19,444,53800,,5,5,1745,99,0,0,FALSE,FALSE,FALSE
ID158,2025-10-20,432,56400,,9,9,1011,99,0,0,FALSE,FALSE,FALSE
ID158,2025-10-21,830,56450,,10,10,2521,99,0,0,FALSE,FALSE,FALSE
ID158,2025-10-22,952,55900,,8,8,2870,99,0,0,FALSE,FALSE,FALSE
ID158,2025-10-23,482,57150,,4,4,2837,99,0,0,FALSE,FALSE,FALSE
ID158,2025-10-24,940,58600,,5,5,3976,99,0,0,FALSE,FALSE,FALSE
ID158,2025-10-25,91,59400,,4,0,0,99,0,4,FALSE,FALSE,FALSE
ID158,2025-10-26,1142,57600,,3,3,4056,99,0,0,FALSE,FALSE,FALSE
ID158,2025-10-27,1559,61400,,4,4,3299,99,0,0,FALSE,FALSE,FALSE
ID158,2025-10-28,354,64100,,4,4,1934,99,0,0,FALSE,FALSE,FALSE
ID158,2025-10-29,371,62800,,2,2,2547,99,0,0,FALSE,FALSE,FALSE
ID158,2025-10-30,793,64900,,3,3,3790,99,0,0,FALSE,FALSE,FALSE
ID158,2025-10-31,1471,65600,,4,4,3088,99,0,0,FALSE,FALSE,FALSE
ID158,2025-11-01,1014,66200,,3,3,2842,99,0,0,FALSE,FALSE,FALSE
ID158,2025-11-02,1093,69000,,6,6,3884,99,0,0,FALSE,FALSE,FALSE
ID158,2025-11-03,969,69600,,5,5,2990,99,0,0,FALSE,FALSE,FALSE
ID158,2025-11-04,1545,70850,,6,6,3448,99,0,0,FALSE,FALSE,FALSE
ID158,2025-11-05,2475,72700,,13,13,3948,99,0,0,FALSE,FALSE,FALSE
ID158,2025-11-06,1463,73700,,5,5,2169,99,0,0,FALSE,FALSE,FALSE
ID158,2025-11-07,2024,74900,,12,12,3789,99,0,0,FALSE,FALSE,FALSE
ID158,2025-11-08,2109,75700,,6,6,3101,99,0,0,FALSE,FALSE,FALSE
ID158,2025-11-09,1772,75600,,7,7,2360,99,0,0,FALSE,FALSE,FALSE
ID158,2025-11-10,2040,77100,,9,9,2908,99,0,0,FALSE,FALSE,FALSE
ID158,2025-11-11,2406,77400,,7,7,2449,99,0,0,FALSE,FALSE,FALSE
ID158,2025-11-12,2766,78700,,8,8,1577,99,0,0,FALSE,FALSE,FALSE
ID158,2025-11-13,621,81300,,2,2,989,99,0,0,FALSE,FALSE,FALSE
ID158,2025-11-14,2172,82150,,6,6,3451,99,0,0,FALSE,FALSE,FALSE
ID158,2025-11-15,1967,85100,,6,6,3046,99,0,0,FALSE,FALSE,FALSE
ID158,2025-11-16,2545,85900,,11,11,3998,99,0,0,FALSE,FALSE,FALSE
ID158,2025-11-17,2364,86150,,8,8,3252,99,0,0,FALSE,FALSE,FALSE
ID158,2025-11-18,2426,87100,,5,5,3341,99,0,0,FALSE,FALSE,FALSE
ID158,2025-11-19,442,84600,,3,3,833,99,0,0,FALSE,FALSE,FALSE
ID158,2025-11-20,2228,85200,,7,7,3773,99,0,0,FALSE,FALSE,FALSE
ID158,2025-11-21,2589,84100,,3,3,3174,99,0,0,FALSE,FALSE,FALSE
ID158,2025-11-22,1277,87500,,8,8,3168,99,0,0,FALSE,FALSE,FALSE
ID158,2025-11-23,1284,89600,,7,7,3231,99,0,0,FALSE,FALSE,FALSE
ID158,2025-11-24,3514,86800,,9,9,3874,99,0,0,FALSE,FALSE,FALSE
ID158,2025-11-25,3740,88900,,9,9,3951,99,0,0,FALSE,FALSE,FALSE
ID158,2025-11-26,2593,89600,,7,7,3333,99,0,0,FALSE,FALSE,FALSE
ID158,2025-11-27,3532,90200,,9,9,4216,99,0,0,FALSE,FALSE,FALSE
ID158,2025-11-28,2352,91100,,7,7,2651,99,0,0,FALSE,FALSE,FALSE
ID158,2025-11-29,4075,91650,,12,12,4616,99,0,0,FALSE,FALSE,FALSE
ID158,2025-11-30,3594,95600,,11,11,4250,99,0,0,FALSE,FALSE,FALSE
ID158,2025-12-01,3599,96700,,18,18,4615,99,0,0,FALSE,FALSE,FALSE
ID158,2025-12-02,3183,95750,,4,4,3635,99,0,0,FALSE,FALSE,FALSE
ID158,2025-12-03,3408,97550,,10,10,3865,99,0,0,FALSE,FALSE,FALSE
ID158,2025-12-04,3132,99450,,12,12,3699,99,0,0,FALSE,FALSE,FALSE
ID158,2025-12-05,4428,99200,,9,0,0,99,0,9,FALSE,FALSE,FALSE
ID158,2025-12-06,3841,100900,,11,11,4258,99,0,0,FALSE,FALSE,FALSE
ID158,2025-12-07,3611,102500,,11,11,4103,99,0,0,FALSE,FALSE,FALSE
ID158,2025-12-08,4093,102700,,13,13,4448,99,0,0,FALSE,FALSE,FALSE
ID158,2025-12-09,3228,103600,,7,7,3524,99,0,0,FALSE,FALSE,FALSE
ID158,2025-12-10,3649,105600,,17,17,3869,99,0,0,FALSE,FALSE,FALSE
ID158,2025-12-11,508,103800,,1,1,586,99,0,0,FALSE,FALSE,FALSE
ID158,2025-12-12,3253,102150,,6,6,2993,99,0,0,FALSE,FALSE,FALSE
ID158,2025-12-13,3762,108500,,6,6,4139,99,0,0,FALSE,FALSE,FALSE
ID158,2025-12-14,2179,108200,,8,8,2327,99,0,0,FALSE,FALSE,FALSE
ID158,2025-12-15,3669,106650,,12,12,4383,99,0,0,FALSE,FALSE,FALSE
ID158,2025-12-16,3548,115300,,7,7,3672,99,0,0,FALSE,FALSE,FALSE
ID158,2025-12-17,3693,115800,,7,7,3983,99,0,0,FALSE,FALSE,FALSE
ID158,2025-12-18,3694,117000,,12,12,4284,99,0,0,FALSE,FALSE,FALSE
ID158,2025-12-19,1887,114300,,5,5,2092,99,0,0,FALSE,FALSE,FALSE
ID158,2025-12-20,2797,115400,,8,8,3360,99,0,0,FALSE,FALSE,FALSE
ID158,2025-12-21,3573,117400,,10,10,4297,99,0,0,FALSE,FALSE,FALSE
ID158,2025-12-22,924,117900,,3,3,1134,99,0,0,FALSE,FALSE,FALSE
ID159,2025-09-17,324,44500,,4,0,0,100,0,4,FALSE,FALSE,FALSE
ID159,2025-09-18,606,44350,,6,6,1794,100,0,0,FALSE,FALSE,FALSE
ID159,2025-09-19,1257,46000,,11,11,3909,100,0,0,FALSE,FALSE,FALSE
ID159,2025-09-20,319,45500,,3,0,0,100,0,3,FALSE,FALSE,FALSE
ID159,2025-09-21,577,36600,,7,7,2249,100,0,0,FALSE,FALSE,FALSE
ID159,2025-09-22,538,38350,,4,4,1694,100,0,0,FALSE,FALSE,FALSE
ID159,2025-09-23,158,39100,,4,0,0,100,0,4,FALSE,FALSE,FALSE
ID159,2025-09-24,932,39300,,7,7,2329,100,0,0,FALSE,FALSE,FALSE
ID159,2025-09-25,1186,39600,,7,7,3194,100,0,0,FALSE,FALSE,FALSE
ID159,2025-09-26,361,41100,,4,4,874,100,0,0,FALSE,FALSE,FALSE
ID159,2025-09-27,661,41900,,6,6,1661,100,0,0,FALSE,FALSE,FALSE
ID159,2025-09-28,673,44450,,6,6,2688,100,0,0,FALSE,FALSE,FALSE
ID159,2025-09-29,760,44600,,6,6,1644,100,0,0,FALSE,FALSE,FALSE
ID159,2025-09-30,973,45600,,7,7,2339,100,0,0,FALSE,FALSE,FALSE
ID159,2025-10-01,418,45700,,3,3,1307,100,0,0,FALSE,FALSE,FALSE
ID159,2025-10-02,386,46600,,3,3,2855,100,0,0,FALSE,FALSE,FALSE
ID159,2025-10-03,523,47700,,1,1,1061,100,0,0,FALSE,FALSE,FALSE
ID159,2025-10-04,435,49000,,3,3,887,100,0,0,FALSE,FALSE,FALSE
ID159,2025-10-05,1328,50500,,6,6,2692,100,0,0,FALSE,FALSE,FALSE
ID159,2025-10-06,798,50300,,6,6,2592,100,0,0,FALSE,FALSE,FALSE
ID159,2025-10-07,1460,55700,,10,10,5491,100,0,0,FALSE,FALSE,FALSE
ID159,2025-10-08,1177,56300,,10,10,3803,100,0,0,FALSE,FALSE,FALSE
ID159,2025-10-09,602,58300,,5,5,3831,100,0,0,FALSE,FALSE,FALSE
ID159,2025-10-10,1524,59900,,11,11,5321,100,0,0,FALSE,FALSE,FALSE
ID159,2025-10-11,1694,61000,,9,9,5761,100,0,0,FALSE,FALSE,FALSE
ID159,2025-10-12,1104,62900,,5,5,2256,100,0,0,FALSE,FALSE,FALSE
ID159,2025-10-13,1262,63000,,6,6,3877,100,0,0,FALSE,FALSE,FALSE
ID159,2025-10-14,1572,64000,,7,7,4213,100,0,0,FALSE,FALSE,FALSE
ID159,2025-10-15,1071,64750,,6,6,3282,100,0,0,FALSE,FALSE,FALSE
ID159,2025-10-16,1657,67200,,14,14,3866,100,0,0,FALSE,FALSE,FALSE
ID159,2025-10-17,902,67300,,6,6,4316,100,0,0,FALSE,FALSE,FALSE
ID159,2025-10-18,1124,69700,,3,3,3287,100,0,0,FALSE,FALSE,FALSE
ID159,2025-10-19,2084,69600,,5,5,5064,100,0,0,FALSE,FALSE,FALSE
ID159,2025-10-20,1578,71300,,7,7,2969,100,0,0,FALSE,FALSE,FALSE
ID159,2025-10-21,915,72900,,5,5,4502,100,0,0,FALSE,FALSE,FALSE
ID159,2025-10-22,1668,73750,,10,10,5823,100,0,0,FALSE,FALSE,FALSE
ID159,2025-10-23,1135,73800,,6,6,4633,100,0,0,FALSE,FALSE,FALSE
ID159,2025-10-24,1565,74300,,9,9,5259,100,0,0,FALSE,FALSE,FALSE
ID159,2025-10-25,1200,74200,,11,11,5136,100,0,0,FALSE,FALSE,FALSE
ID159,2025-10-26,1167,76800,,5,5,3616,100,0,0,FALSE,FALSE,FALSE
ID159,2025-10-27,1149,76100,,5,5,4371,100,0,0,FALSE,FALSE,FALSE
ID159,2025-10-28,1416,78600,,9,9,4074,100,0,0,FALSE,FALSE,FALSE
ID159,2025-10-29,1247,79800,,5,5,4496,100,0,0,FALSE,FALSE,FALSE
ID159,2025-10-30,530,80800,,3,3,1629,100,0,0,FALSE,FALSE,FALSE
ID159,2025-10-31,827,82200,,7,7,4732,100,0,0,FALSE,FALSE,FALSE
ID159,2025-11-01,1269,82050,,4,4,3336,100,0,0,FALSE,FALSE,FALSE
ID159,2025-11-02,969,80250,,4,4,3394,100,0,0,FALSE,FALSE,FALSE
ID159,2025-11-03,1415,83300,,7,7,6371,100,0,0,FALSE,FALSE,FALSE
ID159,2025-11-04,1568,84800,,9,9,3257,100,0,0,FALSE,FALSE,FALSE
ID159,2025-11-05,1238,85250,,8,8,1518,100,0,0,FALSE,FALSE,FALSE
ID159,2025-11-06,695,86000,,6,6,861,100,0,0,FALSE,FALSE,FALSE
ID159,2025-11-07,2985,85900,,6,6,3986,100,0,0,FALSE,FALSE,FALSE
ID159,2025-11-08,2770,87300,,15,15,3895,100,0,0,FALSE,FALSE,FALSE
ID159,2025-11-09,2134,94400,,9,9,2856,100,0,0,FALSE,FALSE,FALSE
ID159,2025-11-10,1268,95100,,9,9,1840,100,0,0,FALSE,FALSE,FALSE
ID159,2025-11-11,3258,95350,,10,10,4458,100,0,0,FALSE,FALSE,FALSE
ID159,2025-11-12,2309,96600,,9,9,3006,100,0,0,FALSE,FALSE,FALSE
ID159,2025-11-13,2929,94200,,3,3,3472,100,0,0,FALSE,FALSE,FALSE
ID159,2025-11-14,2933,98500,,5,5,3810,100,0,0,FALSE,FALSE,FALSE
ID159,2025-11-15,1165,99900,,3,3,1525,100,0,0,FALSE,FALSE,FALSE
ID159,2025-11-16,3809,100950,,4,4,5336,100,0,0,FALSE,FALSE,FALSE
ID159,2025-11-17,1894,101750,,2,2,2542,100,0,0,FALSE,FALSE,FALSE
ID159,2025-11-18,964,102000,,1,1,1340,100,0,0,FALSE,FALSE,FALSE
ID159,2025-11-19,2524,96500,,6,6,3500,100,0,0,FALSE,FALSE,FALSE
ID159,2025-11-20,3443,96300,,3,3,4359,100,0,0,FALSE,FALSE,FALSE
ID159,2025-11-21,4420,97000,,5,5,5029,100,0,0,FALSE,FALSE,FALSE
ID159,2025-11-22,832,96200,,3,3,2935,100,0,0,FALSE,FALSE,FALSE
ID159,2025-11-23,1680,98900,,9,9,5284,100,0,0,FALSE,FALSE,FALSE
ID159,2025-11-24,3234,102050,,6,6,4009,100,0,0,FALSE,FALSE,FALSE
ID159,2025-11-25,3226,103400,,6,6,3996,100,0,0,FALSE,FALSE,FALSE
ID159,2025-11-26,2748,105350,,8,8,3956,100,0,0,FALSE,FALSE,FALSE
ID159,2025-11-27,4427,105100,,8,8,5084,100,0,0,FALSE,FALSE,FALSE
ID159,2025-11-28,3018,107400,,5,5,4377,100,0,0,FALSE,FALSE,FALSE
ID159,2025-11-29,3061,106400,,6,6,3887,100,0,0,FALSE,FALSE,FALSE
ID159,2025-11-30,3783,109000,,4,4,4534,100,0,0,FALSE,FALSE,FALSE
ID159,2025-12-01,3790,110450,,4,4,5032,100,0,0,FALSE,FALSE,FALSE
ID159,2025-12-02,3514,111400,,3,3,4404,100,0,0,FALSE,FALSE,FALSE
ID159,2025-12-03,4328,115550,,4,4,4226,100,0,0,FALSE,FALSE,FALSE
ID159,2025-12-04,3325,115000,,3,3,4065,100,0,0,FALSE,FALSE,FALSE
ID159,2025-12-05,4029,117000,,5,5,4725,100,0,0,FALSE,FALSE,FALSE
ID159,2025-12-06,3686,117100,,5,5,4376,100,0,0,FALSE,FALSE,FALSE
ID159,2025-12-07,4345,120300,,5,5,4895,100,0,0,FALSE,FALSE,FALSE
ID159,2025-12-08,3057,121100,,3,3,3952,100,0,0,FALSE,FALSE,FALSE
ID159,2025-12-09,4322,122600,,5,5,4984,100,0,0,FALSE,FALSE,FALSE
ID159,2025-12-10,4922,123800,,7,0,0,100,0,7,FALSE,FALSE,FALSE
ID159,2025-12-11,1590,119000,,1,1,1277,100,0,0,FALSE,FALSE,FALSE
ID159,2025-12-12,3656,121300,,3,3,3755,100,0,0,FALSE,FALSE,FALSE
ID159,2025-12-13,3416,127800,,3,3,3759,100,0,0,FALSE,FALSE,FALSE
ID159,2025-12-14,3368,128250,,6,6,3534,100,0,0,FALSE,FALSE,FALSE
ID159,2025-12-15,4340,128450,,4,4,5324,100,0,0,FALSE,FALSE,FALSE
ID159,2025-12-16,3387,129100,,3,3,4460,100,0,0,FALSE,FALSE,FALSE
ID159,2025-12-17,3429,128900,,3,3,4031,100,0,0,FALSE,FALSE,FALSE
ID159,2025-12-18,3966,131100,,4,4,4761,100,0,0,FALSE,FALSE,FALSE
ID159,2025-12-19,3784,130250,,4,4,3423,100,0,0,FALSE,FALSE,FALSE
ID159,2025-12-20,3581,131200,,2,2,3492,100,0,0,FALSE,FALSE,FALSE
ID159,2025-12-21,3327,133750,,4,4,3352,100,0,0,FALSE,FALSE,FALSE
ID160,2025-09-16,860,27200,,10,10,1698,94,0,0,FALSE,FALSE,FALSE
ID160,2025-09-17,1398,28400,,19,19,2740,94,0,0,FALSE,FALSE,FALSE
ID160,2025-09-18,1013,29000,,13,13,2128,94,0,0,FALSE,FALSE,FALSE
ID160,2025-09-19,1144,29200,,21,21,2124,94,0,0,FALSE,FALSE,FALSE
ID160,2025-09-20,1551,30100,,17,17,2819,94,1,0,FALSE,FALSE,FALSE
ID160,2025-09-21,1348,31450,,12,12,3178,94,0,0,FALSE,FALSE,FALSE
ID160,2025-09-22,991,32500,,9,9,2333,94,0,0,FALSE,FALSE,FALSE
ID160,2025-09-23,1143,33300,,15,15,2828,94,0,0,FALSE,FALSE,FALSE
ID160,2025-09-24,1573,33600,,15,15,3702,94,0,0,FALSE,FALSE,FALSE
ID160,2025-09-25,1100,34650,,16,16,2586,94,0,0,FALSE,FALSE,FALSE
ID160,2025-09-26,882,35700,,13,13,2227,94,0,0,FALSE,FALSE,FALSE
ID160,2025-09-27,1608,35400,,16,16,3411,94,0,0,FALSE,FALSE,FALSE
ID160,2025-09-28,1315,33900,,9,9,2658,94,0,0,FALSE,FALSE,FALSE
ID160,2025-09-29,1177,35900,,6,6,2801,94,0,0,FALSE,FALSE,FALSE
ID160,2025-09-30,1414,36000,,9,9,3473,94,0,0,FALSE,FALSE,FALSE
ID160,2025-10-01,1528,37700,,9,9,3242,94,0,0,FALSE,FALSE,FALSE
ID160,2025-10-02,1827,38400,,9,9,3819,94,0,0,FALSE,FALSE,FALSE
ID160,2025-10-03,1510,39000,,8,8,3896,94,0,0,FALSE,FALSE,FALSE
ID160,2025-10-04,2269,40800,,13,13,4997,94,0,0,FALSE,FALSE,FALSE
ID160,2025-10-05,1812,40850,,12,12,3768,94,0,0,FALSE,FALSE,FALSE
ID160,2025-10-06,1986,42500,,13,13,3826,94,0,0,FALSE,FALSE,FALSE
ID160,2025-10-07,1681,43400,,12,12,3452,94,0,0,FALSE,FALSE,FALSE
ID160,2025-10-08,1988,44600,,10,10,3539,94,0,0,FALSE,FALSE,FALSE
ID160,2025-10-09,1403,45400,,7,7,2720,94,0,0,FALSE,FALSE,FALSE
ID160,2025-10-10,1809,45250,,10,10,3313,94,0,0,FALSE,FALSE,FALSE
ID160,2025-10-11,1732,46850,,8,8,3467,94,0,0,FALSE,FALSE,FALSE
ID160,2025-10-12,2348,48100,,18,18,4240,94,0,0,FALSE,FALSE,FALSE
ID160,2025-10-13,1873,47400,,8,8,2759,94,0,0,FALSE,FALSE,FALSE
ID160,2025-10-14,2445,50300,,11,11,3968,94,0,0,FALSE,FALSE,FALSE
ID160,2025-10-15,1890,51250,,10,10,3100,94,0,0,FALSE,FALSE,FALSE
ID160,2025-10-16,1858,51000,,10,10,2960,94,0,0,FALSE,FALSE,FALSE
ID160,2025-10-17,2358,52800,,10,10,3588,94,0,0,FALSE,FALSE,FALSE
ID160,2025-10-18,2351,52100,,8,8,3061,94,0,0,FALSE,FALSE,FALSE
ID160,2025-10-19,1798,52950,,4,4,1979,94,0,0,FALSE,FALSE,FALSE
ID160,2025-10-20,2237,55100,,5,5,3287,94,0,0,FALSE,FALSE,FALSE
ID160,2025-10-21,2982,56900,,14,14,3979,94,0,0,FALSE,FALSE,FALSE
ID160,2025-10-22,1825,57600,,7,7,2621,94,0,0,FALSE,FALSE,FALSE
ID160,2025-10-23,2562,57700,,10,10,3653,94,0,0,FALSE,FALSE,FALSE
ID160,2025-10-24,2229,59700,,7,7,2973,94,0,0,FALSE,FALSE,FALSE
ID160,2025-10-25,3281,58900,,11,11,3960,94,0,0,FALSE,FALSE,FALSE
ID160,2025-10-26,2026,58000,,7,7,2500,94,0,0,FALSE,FALSE,FALSE
ID160,2025-10-27,2487,59650,,6,6,2870,94,0,0,FALSE,FALSE,FALSE
ID160,2025-10-28,2606,61700,,10,10,3252,94,0,0,FALSE,FALSE,FALSE
ID160,2025-10-29,3219,61700,,7,7,3969,94,0,0,FALSE,FALSE,FALSE
ID160,2025-10-30,1736,62500,,8,8,2397,94,0,0,FALSE,FALSE,FALSE
ID160,2025-10-31,2913,63750,,8,8,3661,94,0,0,FALSE,FALSE,FALSE
ID160,2025-11-01,3132,65600,,11,11,3743,94,0,0,FALSE,FALSE,FALSE
ID160,2025-11-02,2346,67500,,7,7,2809,94,0,0,FALSE,FALSE,FALSE
ID160,2025-11-03,2239,68250,,12,12,2933,94,0,0,FALSE,FALSE,FALSE
ID160,2025-11-04,3131,69800,,12,12,3867,94,0,0,FALSE,FALSE,FALSE
ID160,2025-11-05,2819,69100,,11,11,3566,94,0,0,FALSE,FALSE,FALSE
ID160,2025-11-06,2378,70600,,13,13,2857,94,0,0,FALSE,FALSE,FALSE
ID160,2025-11-07,3233,72500,,9,9,3658,94,0,0,FALSE,FALSE,FALSE
ID160,2025-11-08,2057,74250,,8,0,0,94,0,8,FALSE,FALSE,FALSE
ID160,2025-11-09,3103,73950,,6,6,3296,94,0,0,FALSE,FALSE,FALSE
ID160,2025-11-10,3339,74600,,9,9,3703,94,0,0,FALSE,FALSE,FALSE
ID160,2025-11-11,1795,77700,,7,7,1955,94,0,0,FALSE,FALSE,FALSE
ID160,2025-11-12,2284,76500,,2,2,2032,94,0,0,FALSE,FALSE,FALSE
ID160,2025-11-13,2521,80400,,6,6,2245,94,0,0,FALSE,FALSE,FALSE
ID160,2025-11-14,1447,80100,,10,10,1670,94,0,0,FALSE,FALSE,FALSE
ID160,2025-11-15,3483,79400,,10,10,3777,94,0,0,FALSE,FALSE,FALSE
ID160,2025-11-16,2287,79550,,6,6,2517,94,0,0,FALSE,FALSE,FALSE
ID160,2025-11-17,1808,80500,,9,9,2349,94,0,0,FALSE,FALSE,FALSE
ID160,2025-11-18,3665,82400,,13,13,4018,94,0,0,FALSE,FALSE,FALSE
ID160,2025-11-19,3173,84100,,12,12,3784,94,0,0,FALSE,FALSE,FALSE
ID160,2025-11-20,2911,80550,,4,4,3020,94,0,0,FALSE,FALSE,FALSE
ID160,2025-11-21,2683,85200,,11,11,3004,94,0,0,FALSE,FALSE,FALSE
ID160,2025-11-22,3718,85400,,9,9,3965,94,0,0,FALSE,FALSE,FALSE
ID160,2025-11-23,2429,86700,,7,7,2699,94,0,0,FALSE,FALSE,FALSE
ID160,2025-11-24,3346,88200,,10,10,3879,94,0,0,FALSE,FALSE,FALSE
ID160,2025-11-25,2147,87000,,6,6,2540,94,0,0,FALSE,FALSE,FALSE
ID160,2025-11-26,3393,90700,,6,6,3620,94,0,0,FALSE,FALSE,FALSE
ID160,2025-11-27,3146,90400,,7,7,3095,94,0,0,FALSE,FALSE,FALSE
ID160,2025-11-28,3722,92300,,14,14,4104,94,0,0,FALSE,FALSE,FALSE
ID160,2025-11-29,2088,93100,,15,0,0,94,0,15,FALSE,FALSE,FALSE
ID160,2025-11-30,3396,91300,,16,16,3604,94,0,0,FALSE,FALSE,FALSE
ID160,2025-12-01,2929,94400,,16,16,3143,94,0,0,FALSE,FALSE,FALSE
ID160,2025-12-02,3447,96050,,14,14,3567,94,0,0,FALSE,FALSE,FALSE
ID160,2025-12-03,3925,98700,,13,0,0,94,0,13,FALSE,FALSE,FALSE
ID160,2025-12-04,2879,100900,,11,11,3046,94,0,0,FALSE,FALSE,FALSE
ID160,2025-12-05,3224,102800,,19,19,3472,94,0,0,FALSE,FALSE,FALSE
ID160,2025-12-06,2667,103300,,10,10,2622,94,0,0,FALSE,FALSE,FALSE
ID160,2025-12-07,3423,103800,,13,13,3493,94,0,0,FALSE,FALSE,FALSE
ID160,2025-12-08,2863,104000,,14,14,4048,94,0,0,FALSE,FALSE,FALSE
ID160,2025-12-09,3036,105000,,10,10,2871,94,0,0,FALSE,FALSE,FALSE
ID160,2025-12-10,3148,105000,,11,11,3382,94,0,0,FALSE,FALSE,FALSE
ID160,2025-12-11,3661,106700,,14,14,3421,94,0,0,FALSE,FALSE,FALSE
ID160,2025-12-12,2648,107800,,7,7,1904,94,0,0,FALSE,FALSE,FALSE
ID160,2025-12-13,785,107950,,2,0,0,94,0,2,FALSE,FALSE,FALSE
ID160,2025-12-14,2618,106900,,15,15,2087,94,0,0,FALSE,FALSE,FALSE
ID160,2025-12-15,3135,108050,,8,8,3000,94,0,0,FALSE,FALSE,FALSE
ID160,2025-12-16,2836,111300,,7,7,2553,94,0,0,FALSE,FALSE,FALSE
ID160,2025-12-17,2618,111300,,15,15,2219,94,0,0,FALSE,FALSE,FALSE
ID160,2025-12-18,4140,113300,,19,0,0,94,0,19,FALSE,FALSE,FALSE
ID160,2025-12-19,1918,112300,,14,14,1259,94,0,0,FALSE,FALSE,FALSE
ID160,2025-12-20,3418,115300,,13,0,0,94,0,13,FALSE,FALSE,FALSE
ID160,2025-12-21,3168,114600,,36,0,0,94,0,36,FALSE,FALSE,FALSE
ID160,2025-12-22,3713,117050,,20,0,0,94,0,20,FALSE,FALSE,FALSE
ID160,2025-12-23,644,112400,,4,0,0,94,0,4,FALSE,FALSE,FALSE
ID160,2025-12-24,812,,,10,10,1057,94,10,0,FALSE,TRUE,FALSE
ID160,2025-12-25,615,,,5,0,0,94,5,5,FALSE,TRUE,FALSE
ID160,2025-12-26,402,,,1,0,0,94,1,1,FALSE,TRUE,FALSE
ID161,2025-09-12,738,25550,,2,0,0,93,0,2,FALSE,FALSE,FALSE
ID161,2025-09-13,820,26825,,15,0,0,93,15,15,FALSE,TRUE,TRUE
ID161,2025-09-14,902,28100,,1,0,0,93,1,1,FALSE,TRUE,FALSE
ID161,2025-09-15,2770,29375,,15,0,0,93,15,15,FALSE,TRUE,TRUE
ID161,2025-09-16,4638,30650,,9,9,300,93,9,0,FALSE,TRUE,FALSE
ID161,2025-09-17,1274,31925,,4,0,0,93,4,4,FALSE,TRUE,FALSE
ID161,2025-09-19,998,33200,,8,0,0,93,0,8,FALSE,FALSE,FALSE
ID161,2025-09-20,1320,33750,,4,4,3107,93,0,0,FALSE,FALSE,FALSE
ID161,2025-09-21,729,33800,,4,0,0,93,0,4,FALSE,FALSE,FALSE
ID161,2025-09-22,1101,35200,,8,8,2813,93,0,0,FALSE,FALSE,FALSE
ID161,2025-09-23,1132,35800,,7,7,2251,93,0,0,FALSE,FALSE,FALSE
ID161,2025-09-24,1134,34650,,6,6,2895,93,0,0,FALSE,FALSE,FALSE
ID161,2025-09-25,1263,36300,,4,4,2560,93,0,0,FALSE,FALSE,FALSE
ID161,2025-09-26,1647,37700,,5,5,2998,93,0,0,FALSE,FALSE,FALSE
ID161,2025-09-27,893,39250,,10,10,1914,93,0,0,FALSE,FALSE,FALSE
ID161,2025-09-28,1592,38000,,5,5,3500,93,0,0,FALSE,FALSE,FALSE
ID161,2025-09-29,1025,39550,,8,8,2759,93,0,0,FALSE,FALSE,FALSE
ID161,2025-09-30,1124,40400,,4,4,2155,93,0,0,FALSE,FALSE,FALSE
ID161,2025-10-01,1740,40300,,6,6,3024,93,0,0,FALSE,FALSE,FALSE
ID161,2025-10-02,2117,42550,,6,6,4437,93,0,0,FALSE,FALSE,FALSE
ID161,2025-10-03,2003,42700,,13,13,4184,93,0,0,FALSE,FALSE,FALSE
ID161,2025-10-04,2498,44400,,15,15,3145,93,0,0,FALSE,FALSE,FALSE
ID161,2025-10-05,2723,44900,,20,20,3942,93,0,0,FALSE,FALSE,FALSE
ID161,2025-10-06,2527,46400,,16,16,4616,93,0,0,FALSE,FALSE,FALSE
ID161,2025-10-07,2184,46950,,16,16,3572,93,0,0,FALSE,FALSE,FALSE
ID161,2025-10-08,2570,47950,,14,14,3248,93,0,0,FALSE,FALSE,FALSE
ID161,2025-10-09,3049,48800,,21,21,3913,93,0,0,FALSE,FALSE,FALSE
ID161,2025-10-10,2460,50750,,10,10,3481,93,0,0,FALSE,FALSE,FALSE
ID161,2025-10-11,2595,51500,,17,17,3249,93,0,0,FALSE,FALSE,FALSE
ID161,2025-10-12,2501,52700,,18,18,3436,93,0,0,FALSE,FALSE,FALSE
ID161,2025-10-13,2652,53400,,21,21,3561,93,0,0,FALSE,FALSE,FALSE
ID161,2025-10-14,2507,53800,,21,21,2971,93,0,0,FALSE,FALSE,FALSE
ID161,2025-10-15,2714,54900,,29,29,3569,93,0,0,FALSE,FALSE,FALSE
ID161,2025-10-16,2687,56200,,17,17,3388,93,0,0,FALSE,FALSE,FALSE
ID161,2025-10-17,2408,57500,,13,13,3043,93,0,0,FALSE,FALSE,FALSE
ID161,2025-10-18,1167,57900,,7,7,1686,93,0,0,FALSE,FALSE,FALSE
ID161,2025-10-19,3981,59450,,12,0,0,93,0,12,FALSE,FALSE,FALSE
ID161,2025-10-20,2055,60900,,14,14,2990,93,0,0,FALSE,FALSE,FALSE
ID161,2025-10-21,3759,62100,,32,0,0,93,0,32,FALSE,FALSE,FALSE
ID161,2025-10-22,2839,62800,,27,27,3286,93,0,0,FALSE,FALSE,FALSE
ID161,2025-10-23,2571,63500,,19,19,3137,93,0,0,FALSE,FALSE,FALSE
ID161,2025-10-24,2787,64700,,18,18,3656,93,0,0,FALSE,FALSE,FALSE
ID161,2025-10-25,2980,65100,,23,23,3539,93,0,0,FALSE,FALSE,FALSE
ID161,2025-10-26,2394,65700,,11,11,2869,93,0,0,FALSE,FALSE,FALSE
ID161,2025-10-27,3038,67600,,15,15,3509,93,0,0,FALSE,FALSE,FALSE
ID161,2025-10-28,3052,68000,,14,14,3465,93,0,0,FALSE,FALSE,FALSE
ID161,2025-10-29,3400,70500,,12,12,3732,93,0,0,FALSE,FALSE,FALSE
ID161,2025-10-30,3504,71200,,9,9,3523,93,0,0,FALSE,FALSE,FALSE
ID161,2025-10-31,3541,72800,,15,15,3586,93,0,0,FALSE,FALSE,FALSE
ID161,2025-11-01,3145,73100,,19,19,3427,93,0,0,FALSE,FALSE,FALSE
ID161,2025-11-02,2754,74700,,19,19,3080,93,0,0,FALSE,FALSE,FALSE
ID161,2025-11-03,3388,74700,,15,15,3398,93,0,0,FALSE,FALSE,FALSE
ID161,2025-11-04,3181,76600,,17,17,3334,93,0,0,FALSE,FALSE,FALSE
ID161,2025-11-05,2781,77200,,21,21,2960,93,0,0,FALSE,FALSE,FALSE
ID161,2025-11-06,2730,78200,,16,16,2568,93,0,0,FALSE,FALSE,FALSE
ID161,2025-11-07,3100,80000,,18,18,3295,93,0,0,FALSE,FALSE,FALSE
ID161,2025-11-08,3027,81300,,27,27,2874,93,0,0,FALSE,FALSE,FALSE
ID161,2025-11-09,3183,81250,,18,18,2711,93,0,0,FALSE,FALSE,FALSE
ID161,2025-11-10,3264,83900,,13,13,3373,93,0,0,FALSE,FALSE,FALSE
ID161,2025-11-11,4275,84200,,12,0,0,93,0,12,FALSE,FALSE,FALSE
ID161,2025-11-12,2222,85000,,4,4,1820,93,0,0,FALSE,FALSE,FALSE
ID161,2025-11-13,4607,86800,,11,0,0,93,0,11,FALSE,FALSE,FALSE
ID161,2025-11-14,2770,90700,,10,10,3116,93,0,0,FALSE,FALSE,FALSE
ID161,2025-11-15,2391,89200,,13,13,2622,93,0,0,FALSE,FALSE,FALSE
ID161,2025-11-16,2710,90100,,16,16,2988,93,0,0,FALSE,FALSE,FALSE
ID161,2025-11-17,3054,92500,,16,16,3537,93,0,0,FALSE,FALSE,FALSE
ID161,2025-11-18,2685,94400,,11,11,2827,93,0,0,FALSE,FALSE,FALSE
ID161,2025-11-19,3073,95100,,9,9,3188,93,0,0,FALSE,FALSE,FALSE
ID161,2025-11-20,3390,96100,,16,16,3362,93,0,0,FALSE,FALSE,FALSE
ID161,2025-11-21,2918,96600,,10,10,2993,93,0,0,FALSE,FALSE,FALSE
ID161,2025-11-22,3804,98400,,10,10,3891,93,0,0,FALSE,FALSE,FALSE
ID161,2025-11-23,3063,98600,,15,15,3242,93,0,0,FALSE,FALSE,FALSE
ID161,2025-11-24,3283,99400,,19,19,3458,93,0,0,FALSE,FALSE,FALSE
ID161,2025-11-25,3632,96900,,17,17,3840,93,0,0,FALSE,FALSE,FALSE
ID161,2025-11-26,2877,98050,,10,10,3217,93,0,0,FALSE,FALSE,FALSE
ID161,2025-11-27,3820,99050,,20,20,3540,93,0,0,FALSE,FALSE,FALSE
ID161,2025-11-28,3652,100150,,22,22,3632,93,0,0,FALSE,FALSE,FALSE
ID161,2025-11-29,2792,101250,,18,18,2753,93,0,0,FALSE,FALSE,FALSE
ID161,2025-11-30,3227,101850,,16,16,3778,93,0,0,FALSE,FALSE,FALSE
ID161,2025-12-01,3759,102200,,22,22,3385,93,0,0,FALSE,FALSE,FALSE
ID161,2025-12-02,3302,102800,,15,15,3754,93,0,0,FALSE,FALSE,FALSE
ID161,2025-12-03,2519,104400,,13,13,2955,93,0,0,FALSE,FALSE,FALSE
ID161,2025-12-04,3115,105500,,9,9,3734,93,0,0,FALSE,FALSE,FALSE
ID161,2025-12-05,3021,106350,,26,26,2777,93,0,0,FALSE,FALSE,FALSE
ID161,2025-12-06,2511,107000,,18,18,2769,93,0,0,FALSE,FALSE,FALSE
ID161,2025-12-07,3608,108000,,21,21,3818,93,0,0,FALSE,FALSE,FALSE
ID161,2025-12-08,2884,109400,,17,17,3228,93,0,0,FALSE,FALSE,FALSE
ID161,2025-12-09,3461,110550,,18,18,3915,93,0,0,FALSE,FALSE,FALSE
ID161,2025-12-10,2706,110300,,9,9,3561,93,0,0,FALSE,FALSE,FALSE
ID161,2025-12-11,1845,110200,,5,5,1282,93,0,0,FALSE,FALSE,FALSE
ID161,2025-12-13,53,113650,,2,0,0,93,2,2,FALSE,TRUE,FALSE
ID161,2025-12-15,2310,117100,,14,14,2739,93,0,0,FALSE,FALSE,FALSE
ID161,2025-12-16,2849,117300,,14,14,3056,93,0,0,FALSE,FALSE,FALSE
ID161,2025-12-17,3595,114900,,18,18,3697,93,0,0,FALSE,FALSE,FALSE
ID161,2025-12-18,2634,116700,,11,11,2748,93,0,0,FALSE,FALSE,FALSE
ID161,2025-12-19,3507,116900,,14,14,3666,93,0,0,FALSE,FALSE,FALSE
ID161,2025-12-20,2813,119800,,15,15,3136,93,0,0,FALSE,FALSE,FALSE
ID161,2025-12-21,2832,119100,,15,15,3040,93,0,0,FALSE,FALSE,FALSE
ID161,2025-12-22,3616,122200,,15,15,3229,93,0,0,FALSE,FALSE,FALSE
ID161,2025-12-23,5026,122800,,25,0,0,93,0,25,FALSE,FALSE,FALSE
ID161,2025-12-24,2881,123350,,16,16,2297,93,0,0,FALSE,FALSE,FALSE
ID161,2025-12-25,4343,125000,,19,19,4320,93,0,0,FALSE,FALSE,FALSE
ID161,2025-12-26,170,125500,,3,0,0,93,0,3,FALSE,FALSE,FALSE
ID163,2025-09-17,324,,,6,6,865,100,6,0,FALSE,TRUE,FALSE
ID163,2025-09-18,312,37400,,5,5,1567,100,0,0,FALSE,FALSE,FALSE
ID163,2025-09-19,840,39000,,8,8,3368,100,0,0,FALSE,FALSE,FALSE
ID163,2025-09-20,369,39700,,10,10,1378,100,10,0,FALSE,TRUE,FALSE
ID163,2025-09-21,194,40400,,4,0,0,100,0,4,FALSE,FALSE,FALSE
ID163,2025-09-22,144,31700,,4,0,0,100,0,4,FALSE,FALSE,FALSE
ID163,2025-09-23,697,32750,,6,6,2540,100,0,0,FALSE,FALSE,FALSE
ID163,2025-09-24,1022,32800,,6,6,2827,100,0,0,FALSE,FALSE,FALSE
ID163,2025-09-25,1118,33100,,9,9,3381,100,0,0,FALSE,FALSE,FALSE
ID163,2025-09-26,765,35000,,9,9,2146,100,0,0,FALSE,FALSE,FALSE
ID163,2025-09-27,1391,35800,,10,10,4185,100,0,0,FALSE,FALSE,FALSE
ID163,2025-09-28,1045,37800,,8,8,3112,100,0,0,FALSE,FALSE,FALSE
ID163,2025-09-29,897,38400,,5,5,2249,100,0,0,FALSE,FALSE,FALSE
ID163,2025-09-30,710,39000,,5,5,2843,100,0,0,FALSE,FALSE,FALSE
ID163,2025-10-01,1156,39750,,6,6,3677,100,0,0,FALSE,FALSE,FALSE
ID163,2025-10-02,1010,41100,,7,7,3828,100,0,0,FALSE,FALSE,FALSE
ID163,2025-10-03,1048,42800,,8,8,2765,100,0,0,FALSE,FALSE,FALSE
ID163,2025-10-04,843,42600,,5,5,1668,100,0,0,FALSE,FALSE,FALSE
ID163,2025-10-05,865,44350,,6,6,2927,100,0,0,FALSE,FALSE,FALSE
ID163,2025-10-06,692,43800,,7,7,2841,100,0,0,FALSE,FALSE,FALSE
ID163,2025-10-07,715,48700,,7,7,4765,100,0,0,FALSE,FALSE,FALSE
ID163,2025-10-08,649,50300,,6,6,3496,100,0,0,FALSE,FALSE,FALSE
ID163,2025-10-09,580,50800,,3,3,3172,100,0,0,FALSE,FALSE,FALSE
ID163,2025-10-10,1193,51750,,6,6,4029,100,0,0,FALSE,FALSE,FALSE
ID163,2025-10-11,1044,52600,,7,7,4247,100,0,0,FALSE,FALSE,FALSE
ID163,2025-10-12,466,54100,,3,3,1823,100,0,0,FALSE,FALSE,FALSE
ID163,2025-10-13,518,54700,,5,5,3483,100,0,0,FALSE,FALSE,FALSE
ID163,2025-10-14,353,56900,,3,3,1510,100,0,0,FALSE,FALSE,FALSE
ID163,2025-10-15,977,56800,,5,5,4079,100,0,0,FALSE,FALSE,FALSE
ID163,2025-10-16,1302,58500,,5,5,2620,100,0,0,FALSE,FALSE,FALSE
ID163,2025-10-17,1139,59450,,6,6,5200,100,0,0,FALSE,FALSE,FALSE
ID163,2025-10-18,1441,60800,,4,4,2920,100,0,0,FALSE,FALSE,FALSE
ID163,2025-10-19,823,60300,,3,3,3213,100,0,0,FALSE,FALSE,FALSE
ID163,2025-10-20,865,62400,,3,3,3091,100,0,0,FALSE,FALSE,FALSE
ID163,2025-10-21,1087,62450,,8,8,5017,100,0,0,FALSE,FALSE,FALSE
ID163,2025-10-22,638,63600,,5,5,3576,100,0,0,FALSE,FALSE,FALSE
ID163,2025-10-23,748,65200,,6,6,4059,100,0,0,FALSE,FALSE,FALSE
ID163,2025-10-24,1120,64800,,5,5,3854,100,0,0,FALSE,FALSE,FALSE
ID163,2025-10-25,886,65200,,4,4,3059,100,0,0,FALSE,FALSE,FALSE
ID163,2025-10-26,928,66500,,5,5,4525,100,0,0,FALSE,FALSE,FALSE
ID163,2025-10-27,1897,68200,,5,5,4180,100,0,0,FALSE,FALSE,FALSE
ID163,2025-10-28,2129,69600,,8,8,5144,100,0,0,FALSE,FALSE,FALSE
ID163,2025-10-29,1373,71100,,7,7,4043,100,0,0,FALSE,FALSE,FALSE
ID163,2025-10-30,784,72700,,5,5,3925,100,0,0,FALSE,FALSE,FALSE
ID163,2025-10-31,1219,72400,,4,4,3715,100,0,0,FALSE,FALSE,FALSE
ID163,2025-11-01,1923,73700,,7,7,5086,100,0,0,FALSE,FALSE,FALSE
ID163,2025-11-02,1476,72800,,3,3,3480,100,0,0,FALSE,FALSE,FALSE
ID163,2025-11-03,1998,73800,,8,8,5859,100,0,0,FALSE,FALSE,FALSE
ID163,2025-11-04,1339,74900,,5,5,4059,100,0,0,FALSE,FALSE,FALSE
ID163,2025-11-05,1296,74900,,3,3,2045,100,0,0,FALSE,FALSE,FALSE
ID163,2025-11-06,2948,75600,,7,7,4247,100,0,0,FALSE,FALSE,FALSE
ID163,2025-11-07,2618,78900,,5,5,3887,100,0,0,FALSE,FALSE,FALSE
ID163,2025-11-08,922,78700,,5,5,1465,100,0,0,FALSE,FALSE,FALSE
ID163,2025-11-09,1709,82700,,4,4,2718,100,0,0,FALSE,FALSE,FALSE
ID163,2025-11-10,787,84700,,3,3,1130,100,0,0,FALSE,FALSE,FALSE
ID163,2025-11-11,2000,84900,,4,4,3000,100,0,0,FALSE,FALSE,FALSE
ID163,2025-11-12,1415,85400,,5,5,2503,100,0,0,FALSE,FALSE,FALSE
ID163,2025-11-14,2034,85900,,6,6,3396,100,0,0,FALSE,FALSE,FALSE
ID163,2025-11-15,1413,87500,,5,5,2017,100,0,0,FALSE,FALSE,FALSE
ID163,2025-11-16,2404,90950,,6,6,3766,100,0,0,FALSE,FALSE,FALSE
ID163,2025-11-17,4008,92300,,8,8,5880,100,0,0,FALSE,FALSE,FALSE
ID163,2025-11-18,3180,92750,,4,4,4530,100,0,0,FALSE,FALSE,FALSE
ID163,2025-11-19,3880,85200,,8,8,5319,100,0,0,FALSE,FALSE,FALSE
ID163,2025-11-20,3534,87800,,5,5,5515,100,0,0,FALSE,FALSE,FALSE
ID163,2025-11-21,2811,87000,,4,4,3959,100,0,0,FALSE,FALSE,FALSE
ID163,2025-11-22,2091,87200,,8,8,4521,100,0,0,FALSE,FALSE,FALSE
ID163,2025-11-23,1835,89100,,6,6,4533,100,0,0,FALSE,FALSE,FALSE
ID163,2025-11-24,3078,92000,,6,6,3820,100,0,0,FALSE,FALSE,FALSE
ID163,2025-11-25,2783,93550,,8,8,3971,100,0,0,FALSE,FALSE,FALSE
ID163,2025-11-26,2814,93300,,6,6,3638,100,0,0,FALSE,FALSE,FALSE
ID163,2025-11-27,4277,95650,,6,6,4910,100,0,0,FALSE,FALSE,FALSE
ID163,2025-11-28,3436,97000,,6,6,4334,100,0,0,FALSE,FALSE,FALSE
ID163,2025-11-29,2473,97900,,4,4,2708,100,0,0,FALSE,FALSE,FALSE
ID163,2025-11-30,3924,100150,,4,4,4336,100,0,0,FALSE,FALSE,FALSE
ID163,2025-12-01,2172,99900,,3,3,2708,100,0,0,FALSE,FALSE,FALSE
ID163,2025-12-02,3980,102850,,4,4,4739,100,0,0,FALSE,FALSE,FALSE
ID163,2025-12-03,3099,106500,,3,3,3610,100,0,0,FALSE,FALSE,FALSE
ID163,2025-12-04,3064,105800,,3,3,3253,100,0,0,FALSE,FALSE,FALSE
ID163,2025-12-05,3895,109400,,4,4,4258,100,0,0,FALSE,FALSE,FALSE
ID163,2025-12-06,3410,108150,,4,4,4097,100,0,0,FALSE,FALSE,FALSE
ID163,2025-12-07,3231,110200,,7,7,3496,100,0,0,FALSE,FALSE,FALSE
ID163,2025-12-08,3251,109650,,4,4,3903,100,0,0,FALSE,FALSE,FALSE
ID163,2025-12-09,3267,111000,,4,4,3855,100,0,0,FALSE,FALSE,FALSE
ID163,2025-12-10,3790,113300,,7,7,4759,100,0,0,FALSE,FALSE,FALSE
ID163,2025-12-11,253,111000,,1,0,0,100,0,1,FALSE,FALSE,FALSE
ID163,2025-12-12,2695,110300,,3,3,3094,100,0,0,FALSE,FALSE,FALSE
ID163,2025-12-13,4622,116100,,7,0,0,100,0,7,FALSE,FALSE,FALSE
ID163,2025-12-14,3610,118650,,6,6,4062,100,0,0,FALSE,FALSE,FALSE
ID163,2025-12-15,3394,115600,,5,5,3537,100,0,0,FALSE,FALSE,FALSE
ID163,2025-12-16,4023,118100,,4,4,3993,100,0,0,FALSE,FALSE,FALSE
ID163,2025-12-17,3884,119050,,4,4,3983,100,0,0,FALSE,FALSE,FALSE
ID163,2025-12-18,3912,121000,,5,5,3868,100,0,0,FALSE,FALSE,FALSE
ID163,2025-12-19,2214,119050,,2,2,2138,100,0,0,FALSE,FALSE,FALSE
ID163,2025-12-20,1345,117950,,2,2,1128,100,0,0,FALSE,FALSE,FALSE
ID163,2025-12-21,1515,115850,,2,2,1694,100,0,0,FALSE,FALSE,FALSE
ID164,2025-09-17,162,27400,,1,0,0,98,0,1,FALSE,FALSE,FALSE
ID164,2025-09-19,103,32090,,1,0,0,98,1,1,FALSE,TRUE,FALSE
ID164,2025-09-20,56,36780,,3,0,0,98,3,3,FALSE,TRUE,FALSE
ID164,2025-09-21,201,41470,,2,2,115,98,2,0,FALSE,TRUE,FALSE
ID164,2025-09-22,839,46160,,2,2,232,98,2,0,FALSE,TRUE,FALSE
ID164,2025-09-23,1392,50850,,16,16,2186,98,6,0,FALSE,FALSE,FALSE
ID164,2025-09-24,295,43800,,4,4,684,98,4,0,FALSE,TRUE,FALSE
ID164,2025-09-25,1177,36750,,13,13,2385,98,13,0,FALSE,TRUE,FALSE
ID164,2025-09-26,750,29700,,6,6,1104,98,2,0,FALSE,FALSE,FALSE
ID164,2025-09-27,261,30125,,2,2,274,98,2,0,FALSE,TRUE,FALSE
ID164,2025-09-28,648,30550,,5,5,692,98,1,0,FALSE,FALSE,FALSE
ID164,2025-09-29,826,26700,,5,5,1942,98,2,0,FALSE,FALSE,FALSE
ID164,2025-09-30,803,29450,,4,4,2151,98,4,0,FALSE,TRUE,FALSE
ID164,2025-10-01,494,32200,,2,2,1562,98,1,0,FALSE,FALSE,FALSE
ID164,2025-10-02,862,33175,,6,6,1558,98,6,0,FALSE,TRUE,FALSE
ID164,2025-10-03,444,34150,,5,5,1054,98,1,0,FALSE,FALSE,FALSE
ID164,2025-10-04,1557,34900,,5,5,3420,98,1,0,FALSE,FALSE,FALSE
ID164,2025-10-05,1639,36500,,8,8,3068,98,1,0,FALSE,FALSE,FALSE
ID164,2025-10-06,777,37150,,6,6,1504,98,0,0,FALSE,FALSE,FALSE
ID164,2025-10-07,402,37900,,1,1,789,98,0,0,FALSE,FALSE,FALSE
ID164,2025-10-08,1497,35800,,5,5,2268,98,0,0,FALSE,FALSE,FALSE
ID164,2025-10-09,1537,38600,,4,4,1966,98,0,0,FALSE,FALSE,FALSE
ID164,2025-10-10,2394,39500,,4,4,3412,98,0,0,FALSE,FALSE,FALSE
ID164,2025-10-11,1351,41800,,6,6,2032,98,0,0,FALSE,FALSE,FALSE
ID164,2025-10-12,1970,41200,,8,8,3221,98,0,0,FALSE,FALSE,FALSE
ID164,2025-10-13,1087,43200,,5,5,1676,98,0,0,FALSE,FALSE,FALSE
ID164,2025-10-14,1914,43450,,4,4,3383,98,0,0,FALSE,FALSE,FALSE
ID164,2025-10-15,1753,44800,,4,4,3064,98,0,0,FALSE,FALSE,FALSE
ID164,2025-10-16,1933,46200,,7,7,3548,98,0,0,FALSE,FALSE,FALSE
ID164,2025-10-17,1384,46500,,6,6,2192,98,0,0,FALSE,FALSE,FALSE
ID164,2025-10-18,1737,45700,,4,4,2401,98,0,0,FALSE,FALSE,FALSE
ID164,2025-10-19,2399,48400,,5,5,3177,98,0,0,FALSE,FALSE,FALSE
ID164,2025-10-20,2671,50800,,11,11,4091,98,0,0,FALSE,FALSE,FALSE
ID164,2025-10-21,2930,51150,,8,8,4054,98,0,0,FALSE,FALSE,FALSE
ID164,2025-10-22,2009,52600,,5,5,3402,98,0,0,FALSE,FALSE,FALSE
ID164,2025-10-23,2568,54400,,6,6,4532,98,0,0,FALSE,FALSE,FALSE
ID164,2025-10-24,2348,53900,,8,8,3931,98,0,0,FALSE,FALSE,FALSE
ID164,2025-10-25,2051,55000,,7,7,3785,98,0,0,FALSE,FALSE,FALSE
ID164,2025-10-26,2131,56100,,6,6,3715,98,0,0,FALSE,FALSE,FALSE
ID164,2025-10-27,2314,57700,,11,11,3616,98,0,0,FALSE,FALSE,FALSE
ID164,2025-10-28,1986,56700,,4,4,3131,98,0,0,FALSE,FALSE,FALSE
ID164,2025-10-29,2663,58850,,8,8,4333,98,0,0,FALSE,FALSE,FALSE
ID164,2025-10-30,2195,59550,,8,8,3596,98,0,0,FALSE,FALSE,FALSE
ID164,2025-10-31,2078,60250,,4,4,2183,98,0,0,FALSE,FALSE,FALSE
ID164,2025-11-01,2250,59800,,4,4,2884,98,0,0,FALSE,FALSE,FALSE
ID164,2025-11-02,2233,62500,,5,5,3293,98,0,0,FALSE,FALSE,FALSE
ID164,2025-11-03,2885,63300,,5,5,4155,98,0,0,FALSE,FALSE,FALSE
ID164,2025-11-04,2441,65500,,6,6,3224,98,0,0,FALSE,FALSE,FALSE
ID164,2025-11-05,3057,65900,,6,6,3354,98,0,0,FALSE,FALSE,FALSE
ID164,2025-11-06,2835,68350,,10,10,3961,98,0,0,FALSE,FALSE,FALSE
ID164,2025-11-07,2426,69050,,8,8,3427,98,0,0,FALSE,FALSE,FALSE
ID164,2025-11-08,1817,69400,,9,9,2374,98,0,0,FALSE,FALSE,FALSE
ID164,2025-11-09,3211,73800,,7,7,4033,98,0,0,FALSE,FALSE,FALSE
ID164,2025-11-10,3300,75900,,7,7,4353,98,0,0,FALSE,FALSE,FALSE
ID164,2025-11-11,2819,78300,,4,4,3064,98,0,0,FALSE,FALSE,FALSE
ID164,2025-11-12,2782,79100,,7,7,3428,98,0,0,FALSE,FALSE,FALSE
ID164,2025-11-14,1650,73600,,4,4,1938,98,0,0,FALSE,FALSE,FALSE
ID164,2025-11-15,2082,74950,,4,4,2541,98,0,0,FALSE,FALSE,FALSE
ID164,2025-11-16,2063,76900,,3,3,2370,98,0,0,FALSE,FALSE,FALSE
ID164,2025-11-17,2063,78000,,3,3,2477,98,0,0,FALSE,FALSE,FALSE
ID164,2025-11-18,2448,79300,,3,3,3278,98,0,0,FALSE,FALSE,FALSE
ID164,2025-11-19,2031,76400,,3,3,2621,98,0,0,FALSE,FALSE,FALSE
ID164,2025-11-20,2296,77700,,4,4,3177,98,0,0,FALSE,FALSE,FALSE
ID164,2025-11-21,3254,78000,,5,5,4319,98,0,0,FALSE,FALSE,FALSE
ID164,2025-11-22,2282,78300,,5,5,3372,98,0,0,FALSE,FALSE,FALSE
ID164,2025-11-23,2123,81200,,5,5,3022,98,0,0,FALSE,FALSE,FALSE
ID164,2025-11-24,3670,82450,,6,6,4915,98,0,0,FALSE,FALSE,FALSE
ID164,2025-11-25,2379,81650,,6,6,2866,98,0,0,FALSE,FALSE,FALSE
ID164,2025-11-26,3381,84600,,9,9,4210,98,0,0,FALSE,FALSE,FALSE
ID164,2025-11-27,2823,85750,,4,4,3678,98,0,0,FALSE,FALSE,FALSE
ID164,2025-11-28,3303,87200,,7,7,4130,98,0,0,FALSE,FALSE,FALSE
ID164,2025-11-29,3052,88300,,7,7,3828,98,0,0,FALSE,FALSE,FALSE
ID164,2025-11-30,3158,90400,,8,8,3722,98,0,0,FALSE,FALSE,FALSE
ID164,2025-12-01,3557,90500,,12,12,4408,98,0,0,FALSE,FALSE,FALSE
ID164,2025-12-02,4112,91800,,7,7,4650,98,0,0,FALSE,FALSE,FALSE
ID164,2025-12-03,3079,93150,,10,10,3365,98,0,0,FALSE,FALSE,FALSE
ID164,2025-12-04,2879,93700,,7,7,3461,98,0,0,FALSE,FALSE,FALSE
ID164,2025-12-05,3025,94200,,9,9,3360,98,0,0,FALSE,FALSE,FALSE
ID164,2025-12-06,4689,96800,,8,0,0,98,0,8,FALSE,FALSE,FALSE
ID164,2025-12-07,3484,97200,,7,7,3871,98,0,0,FALSE,FALSE,FALSE
ID164,2025-12-08,3205,99300,,6,6,3267,98,0,0,FALSE,FALSE,FALSE
ID164,2025-12-09,4106,100600,,7,7,4826,98,0,0,FALSE,FALSE,FALSE
ID164,2025-12-10,2879,98750,,10,10,3675,98,0,0,FALSE,FALSE,FALSE
ID164,2025-12-11,2181,98350,,2,2,3041,98,0,0,FALSE,FALSE,FALSE
ID164,2025-12-12,3227,102350,,6,6,4142,98,0,0,FALSE,FALSE,FALSE
ID164,2025-12-13,2794,103700,,6,6,3873,98,0,0,FALSE,FALSE,FALSE
ID164,2025-12-14,4006,105400,,7,7,5215,98,0,0,FALSE,FALSE,FALSE
ID164,2025-12-15,3937,107600,,15,15,5231,98,0,0,FALSE,FALSE,FALSE
ID164,2025-12-16,3758,111300,,11,11,4999,98,0,0,FALSE,FALSE,FALSE
ID164,2025-12-17,2700,110200,,11,11,3523,98,0,0,FALSE,FALSE,FALSE
ID164,2025-12-18,2727,112300,,9,9,3445,98,0,0,FALSE,FALSE,FALSE
ID164,2025-12-19,2559,113250,,6,6,3625,98,0,0,FALSE,FALSE,FALSE
ID164,2025-12-20,242,113500,,1,1,326,98,0,0,FALSE,FALSE,FALSE
ID164,2025-12-21,1414,108800,,7,7,2100,98,0,0,FALSE,FALSE,FALSE
ID164,2025-12-22,807,111000,,3,3,796,98,0,0,FALSE,FALSE,FALSE
ID164,2025-12-24,2792,111000,,6,6,3347,98,0,0,FALSE,FALSE,FALSE
ID166,2025-09-12,448,40800,,19,0,0,91,14,19,FALSE,FALSE,FALSE
ID166,2025-09-13,641,40450,,11,0,0,91,7,11,FALSE,FALSE,FALSE
ID166,2025-09-14,1087,37900,,32,32,3262,91,17,0,FALSE,FALSE,FALSE
ID166,2025-09-15,948,25700,,22,22,2637,91,1,0,FALSE,FALSE,FALSE
ID166,2025-09-16,455,26400,,11,0,0,91,2,11,FALSE,FALSE,FALSE
ID166,2025-09-17,922,27200,,19,19,1753,91,19,0,FALSE,TRUE,FALSE
ID166,2025-09-18,1540,28000,,38,38,2465,91,38,0,FALSE,TRUE,FALSE
ID166,2025-09-19,1045,28800,,16,16,1985,91,16,0,FALSE,TRUE,FALSE
ID166,2025-09-20,932,29600,,24,24,1713,91,5,0,FALSE,FALSE,FALSE
ID166,2025-09-21,996,34150,,16,16,2582,91,16,0,FALSE,TRUE,FALSE
ID166,2025-09-22,1265,38700,,28,28,2947,91,1,0,FALSE,FALSE,FALSE
ID166,2025-09-23,927,32000,,15,15,2562,91,4,0,FALSE,FALSE,FALSE
ID166,2025-09-24,1054,42100,,11,11,3016,91,1,0,FALSE,FALSE,FALSE
ID166,2025-09-25,1253,38150,,17,17,2838,91,17,0,FALSE,TRUE,FALSE
ID166,2025-09-26,945,34200,,16,16,2402,91,1,0,FALSE,FALSE,FALSE
ID166,2025-09-27,1777,35200,,9,9,3592,91,0,0,FALSE,FALSE,FALSE
ID166,2025-09-28,1143,36000,,11,11,3201,91,0,0,FALSE,FALSE,FALSE
ID166,2025-09-29,1885,36300,,11,11,3626,91,0,0,FALSE,FALSE,FALSE
ID166,2025-09-30,1778,36800,,13,13,3933,91,0,0,FALSE,FALSE,FALSE
ID166,2025-10-01,1678,38400,,9,9,2807,91,0,0,FALSE,FALSE,FALSE
ID166,2025-10-02,2302,39200,,18,18,4154,91,0,0,FALSE,FALSE,FALSE
ID166,2025-10-03,2341,40600,,8,8,4051,91,0,0,FALSE,FALSE,FALSE
ID166,2025-10-04,2105,41600,,11,11,3605,91,0,0,FALSE,FALSE,FALSE
ID166,2025-10-05,2603,42500,,16,16,3755,91,0,0,FALSE,FALSE,FALSE
ID166,2025-10-06,2123,43200,,6,6,2957,91,0,0,FALSE,FALSE,FALSE
ID166,2025-10-07,1491,44600,,9,9,2234,91,0,0,FALSE,FALSE,FALSE
ID166,2025-10-08,1605,44300,,8,8,1982,91,0,0,FALSE,FALSE,FALSE
ID166,2025-10-09,2247,46350,,6,6,3217,91,0,0,FALSE,FALSE,FALSE
ID166,2025-10-10,675,47250,,4,0,0,91,0,4,FALSE,FALSE,FALSE
ID166,2025-10-12,1858,49800,,12,12,2802,91,0,0,FALSE,FALSE,FALSE
ID166,2025-10-13,2120,50900,,12,12,3012,91,0,0,FALSE,FALSE,FALSE
ID166,2025-10-14,2225,51200,,25,25,3454,91,0,0,FALSE,FALSE,FALSE
ID166,2025-10-15,1692,51600,,13,13,2920,91,0,0,FALSE,FALSE,FALSE
ID166,2025-10-16,2474,52600,,14,14,2992,91,0,0,FALSE,FALSE,FALSE
ID166,2025-10-17,2225,55400,,16,16,3802,91,0,0,FALSE,FALSE,FALSE
ID166,2025-10-18,1534,55850,,2,2,1431,91,2,0,FALSE,TRUE,FALSE
ID166,2025-10-19,2531,56300,,17,17,3756,91,0,0,FALSE,FALSE,FALSE
ID166,2025-10-20,2370,57200,,17,17,4108,91,0,0,FALSE,FALSE,FALSE
ID166,2025-10-21,2823,58700,,19,19,4767,91,0,0,FALSE,FALSE,FALSE
ID166,2025-10-22,2623,59600,,17,17,3570,91,0,0,FALSE,FALSE,FALSE
ID166,2025-10-23,2345,59800,,12,12,4032,91,0,0,FALSE,FALSE,FALSE
ID166,2025-10-24,2656,61400,,14,14,4262,91,0,0,FALSE,FALSE,FALSE
ID166,2025-10-25,2419,62500,,12,12,3682,91,0,0,FALSE,FALSE,FALSE
ID166,2025-10-26,2724,63500,,13,13,4113,91,0,0,FALSE,FALSE,FALSE
ID166,2025-10-27,2386,64200,,12,12,3863,91,0,0,FALSE,FALSE,FALSE
ID166,2025-10-28,2808,65550,,12,12,4188,91,0,0,FALSE,FALSE,FALSE
ID166,2025-10-29,2218,67300,,13,13,3160,91,0,0,FALSE,FALSE,FALSE
ID166,2025-10-30,2632,67300,,14,14,3666,91,0,0,FALSE,FALSE,FALSE
ID166,2025-10-31,3270,68600,,14,14,3972,91,0,0,FALSE,FALSE,FALSE
ID166,2025-11-01,2293,69700,,11,11,3132,91,0,0,FALSE,FALSE,FALSE
ID166,2025-11-02,2609,70200,,9,9,3447,91,0,0,FALSE,FALSE,FALSE
ID166,2025-11-03,4145,72300,,33,0,0,91,0,33,FALSE,FALSE,FALSE
ID166,2025-11-04,3011,73300,,22,22,4230,91,0,0,FALSE,FALSE,FALSE
ID166,2025-11-05,2454,74800,,31,31,3306,91,0,0,FALSE,FALSE,FALSE
ID166,2025-11-06,2821,75600,,27,27,3699,91,0,0,FALSE,FALSE,FALSE
ID166,2025-11-07,2687,75500,,17,17,3475,91,0,0,FALSE,FALSE,FALSE
ID166,2025-11-08,3891,77900,,20,0,0,91,0,20,FALSE,FALSE,FALSE
ID166,2025-11-09,2676,78500,,17,17,3567,91,0,0,FALSE,FALSE,FALSE
ID166,2025-11-10,2926,78200,,19,19,4021,91,0,0,FALSE,FALSE,FALSE
ID166,2025-11-11,4116,80900,,27,0,0,91,0,27,FALSE,FALSE,FALSE
ID166,2025-11-12,2728,81200,,17,17,2925,91,0,0,FALSE,FALSE,FALSE
ID166,2025-11-13,3003,83150,,10,10,4203,91,0,0,FALSE,FALSE,FALSE
ID166,2025-11-14,3594,85600,,21,21,4863,91,0,0,FALSE,FALSE,FALSE
ID166,2025-11-15,3703,85400,,26,26,4293,91,0,0,FALSE,FALSE,FALSE
ID166,2025-11-16,2876,87200,,15,15,3306,91,0,0,FALSE,FALSE,FALSE
ID166,2025-11-17,3341,87600,,17,17,4448,91,0,0,FALSE,FALSE,FALSE
ID166,2025-11-18,3745,88400,,18,18,4403,91,1,0,FALSE,FALSE,FALSE
ID166,2025-11-19,3028,87600,,12,12,3914,91,0,0,FALSE,FALSE,FALSE
ID166,2025-11-20,3456,89400,,20,20,4584,91,0,0,FALSE,FALSE,FALSE
ID166,2025-11-21,2786,89650,,12,12,3457,91,0,0,FALSE,FALSE,FALSE
ID166,2025-11-22,3622,91500,,14,14,5048,91,0,0,FALSE,FALSE,FALSE
ID166,2025-11-23,2447,90550,,20,20,3799,91,0,0,FALSE,FALSE,FALSE
ID166,2025-11-24,4948,93250,,20,0,0,91,0,20,FALSE,FALSE,FALSE
ID166,2025-11-25,3053,94300,,17,17,4256,91,0,0,FALSE,FALSE,FALSE
ID166,2025-11-26,665,96100,,2,0,0,91,0,2,FALSE,FALSE,FALSE
ID166,2025-11-27,4456,97550,,23,0,0,91,1,23,FALSE,FALSE,FALSE
ID166,2025-11-28,3335,101800,,16,16,3589,91,0,0,FALSE,FALSE,FALSE
ID166,2025-11-29,2942,102500,,9,9,4112,91,0,0,FALSE,FALSE,FALSE
ID166,2025-11-30,3230,103600,,7,7,4580,91,0,0,FALSE,FALSE,FALSE
ID166,2025-12-01,4958,104500,,22,0,0,91,0,22,FALSE,FALSE,FALSE
ID166,2025-12-02,4746,104550,,18,0,0,91,0,18,FALSE,FALSE,FALSE
ID166,2025-12-03,3684,104200,,15,15,4960,91,0,0,FALSE,FALSE,FALSE
ID166,2025-12-04,3703,104900,,13,13,5349,91,0,0,FALSE,FALSE,FALSE
ID166,2025-12-05,4266,106000,,16,16,5624,91,0,0,FALSE,FALSE,FALSE
ID166,2025-12-06,3419,105550,,8,8,4144,91,0,0,FALSE,FALSE,FALSE
ID166,2025-12-07,3287,106850,,18,18,4748,91,0,0,FALSE,FALSE,FALSE
ID166,2025-12-08,3496,108100,,18,18,4737,91,0,0,FALSE,FALSE,FALSE
ID166,2025-12-09,3470,109300,,17,17,4335,91,0,0,FALSE,FALSE,FALSE
ID166,2025-12-10,3523,110400,,16,16,4766,91,0,0,FALSE,FALSE,FALSE
ID166,2025-12-11,2937,109950,,10,10,3552,91,0,0,FALSE,FALSE,FALSE
ID166,2025-12-12,2809,110250,,8,0,0,91,0,8,FALSE,FALSE,FALSE
ID166,2025-12-13,3948,113400,,9,9,5005,91,0,0,FALSE,FALSE,FALSE
ID166,2025-12-14,4635,114300,,12,0,0,91,0,12,FALSE,FALSE,FALSE
ID166,2025-12-15,3768,115500,,13,13,4871,91,0,0,FALSE,FALSE,FALSE
ID166,2025-12-16,3348,116900,,21,21,4182,91,0,0,FALSE,FALSE,FALSE
ID166,2025-12-17,4521,116700,,19,0,0,91,0,19,FALSE,FALSE,FALSE
ID166,2025-12-18,4159,117650,,18,18,4276,91,0,0,FALSE,FALSE,FALSE
ID166,2025-12-19,3171,117000,,26,0,0,91,0,26,FALSE,FALSE,FALSE
ID166,2025-12-20,3834,117800,,13,13,4643,91,0,0,FALSE,FALSE,FALSE
ID166,2025-12-21,3693,119500,,20,20,4045,91,0,0,FALSE,FALSE,FALSE
ID166,2025-12-22,3792,120400,,23,23,3858,91,0,0,FALSE,FALSE,FALSE
ID166,2025-12-23,3499,121750,,18,18,4263,91,0,0,FALSE,FALSE,FALSE
ID166,2025-12-24,3166,123400,,15,15,4383,91,0,0,FALSE,FALSE,FALSE
ID166,2025-12-25,3084,121800,,13,13,3813,91,0,0,FALSE,FALSE,FALSE
ID168,2025-09-12,60,26000,,1,0,0,91,0,1,FALSE,FALSE,FALSE
ID168,2025-09-13,628,26475,,6,6,2090,96,6,0,FALSE,TRUE,FALSE
ID168,2025-09-14,1046,26950,,16,16,3986,96,16,0,FALSE,TRUE,FALSE
ID168,2025-09-15,277,27425,,4,0,0,96,4,4,FALSE,TRUE,FALSE
ID168,2025-09-16,691,27900,,5,5,1703,96,5,0,FALSE,TRUE,FALSE
ID168,2025-09-17,1175,28375,,13,13,3602,96,13,0,FALSE,TRUE,FALSE
ID168,2025-09-18,1560,28850,,11,11,3967,96,11,0,FALSE,TRUE,FALSE
ID168,2025-09-19,661,29325,,6,6,1518,96,6,0,FALSE,TRUE,FALSE
ID168,2025-09-20,357,29800,,3,3,899,96,0,0,FALSE,FALSE,FALSE
ID168,2025-09-21,424,30100,,5,5,2095,96,0,0,FALSE,FALSE,FALSE
ID168,2025-09-22,1563,30900,,9,9,3475,96,0,0,FALSE,FALSE,FALSE
ID168,2025-09-23,558,31500,,8,8,2103,96,0,0,FALSE,FALSE,FALSE
ID168,2025-09-24,270,31100,,3,0,0,96,0,3,FALSE,FALSE,FALSE
ID168,2025-09-25,668,34800,,5,5,1640,96,0,0,FALSE,FALSE,FALSE
ID168,2025-09-26,851,32500,,7,7,1601,96,0,0,FALSE,FALSE,FALSE
ID168,2025-09-27,1077,33800,,7,7,2466,96,0,0,FALSE,FALSE,FALSE
ID168,2025-09-28,951,34700,,9,9,2046,96,0,0,FALSE,FALSE,FALSE
ID168,2025-09-29,775,33600,,5,5,1850,96,0,0,FALSE,FALSE,FALSE
ID168,2025-09-30,1509,34900,,9,9,3224,96,0,0,FALSE,FALSE,FALSE
ID168,2025-10-01,1412,35300,,10,10,3143,96,0,0,FALSE,FALSE,FALSE
ID168,2025-10-02,1804,36900,,13,13,3835,96,0,0,FALSE,FALSE,FALSE
ID168,2025-10-03,1498,38000,,15,15,3433,96,0,0,FALSE,FALSE,FALSE
ID168,2025-10-04,1052,37000,,9,9,2565,96,0,0,FALSE,FALSE,FALSE
ID168,2025-10-05,1833,38700,,11,11,3963,96,0,0,FALSE,FALSE,FALSE
ID168,2025-10-06,1748,39600,,10,10,3697,96,0,0,FALSE,FALSE,FALSE
ID168,2025-10-07,2042,40200,,11,11,3686,96,0,0,FALSE,FALSE,FALSE
ID168,2025-10-08,1783,40600,,6,6,3234,96,0,0,FALSE,FALSE,FALSE
ID168,2025-10-09,1569,41800,,9,9,3010,96,0,0,FALSE,FALSE,FALSE
ID168,2025-10-10,844,40500,,1,1,1852,96,0,0,FALSE,FALSE,FALSE
ID168,2025-10-11,1798,42900,,10,10,3260,96,0,0,FALSE,FALSE,FALSE
ID168,2025-10-12,2190,44900,,11,11,4193,96,0,0,FALSE,FALSE,FALSE
ID168,2025-10-13,1894,45100,,20,20,3348,96,0,0,FALSE,FALSE,FALSE
ID168,2025-10-14,2018,46200,,15,15,2996,96,0,0,FALSE,FALSE,FALSE
ID168,2025-10-15,2779,46100,,21,21,5029,96,0,0,FALSE,FALSE,FALSE
ID168,2025-10-16,1551,47450,,10,10,2644,96,0,0,FALSE,FALSE,FALSE
ID168,2025-10-17,2071,48800,,12,12,3216,96,0,0,FALSE,FALSE,FALSE
ID168,2025-10-18,1422,47800,,4,4,2426,96,0,0,FALSE,FALSE,FALSE
ID168,2025-10-19,1837,50250,,6,6,2852,96,0,0,FALSE,FALSE,FALSE
ID168,2025-10-20,2014,51900,,8,8,3533,96,0,0,FALSE,FALSE,FALSE
ID168,2025-10-21,2091,53000,,13,13,3901,96,0,0,FALSE,FALSE,FALSE
ID168,2025-10-22,2458,54100,,10,10,4024,96,0,0,FALSE,FALSE,FALSE
ID168,2025-10-23,2599,55300,,20,20,4125,96,0,0,FALSE,FALSE,FALSE
ID168,2025-10-24,2656,54900,,9,9,3755,96,0,0,FALSE,FALSE,FALSE
ID168,2025-10-25,2236,56400,,8,8,3334,96,0,0,FALSE,FALSE,FALSE
ID168,2025-10-26,3110,57400,,15,15,4880,96,0,0,FALSE,FALSE,FALSE
ID168,2025-10-27,2775,59800,,12,12,4209,96,0,0,FALSE,FALSE,FALSE
ID168,2025-10-28,3549,61200,,13,13,5056,96,0,0,FALSE,FALSE,FALSE
ID168,2025-10-29,2018,61800,,13,13,2818,96,0,0,FALSE,FALSE,FALSE
ID168,2025-10-30,2633,62000,,11,11,3736,96,0,0,FALSE,FALSE,FALSE
ID168,2025-10-31,3124,63900,,8,8,3991,96,0,0,FALSE,FALSE,FALSE
ID168,2025-11-01,1661,64900,,17,17,2144,96,0,0,FALSE,FALSE,FALSE
ID168,2025-11-02,2274,64300,,7,7,3160,96,0,0,FALSE,FALSE,FALSE
ID168,2025-11-03,1995,66100,,7,7,2488,96,0,0,FALSE,FALSE,FALSE
ID168,2025-11-04,3510,66700,,11,11,4927,96,0,0,FALSE,FALSE,FALSE
ID168,2025-11-05,1673,68350,,10,10,2102,96,0,0,FALSE,FALSE,FALSE
ID168,2025-11-06,3514,68400,,11,11,4757,96,0,0,FALSE,FALSE,FALSE
ID168,2025-11-07,1954,70850,,10,10,2516,96,0,0,FALSE,FALSE,FALSE
ID168,2025-11-08,3612,71800,,15,15,4237,96,0,0,FALSE,FALSE,FALSE
ID168,2025-11-09,3000,73550,,12,12,3409,96,0,0,FALSE,FALSE,FALSE
ID168,2025-11-10,1628,73800,,9,9,1365,96,0,0,FALSE,FALSE,FALSE
ID168,2025-11-11,3379,74150,,14,14,3948,96,0,0,FALSE,FALSE,FALSE
ID168,2025-11-12,2448,75750,,6,6,1995,96,0,0,FALSE,FALSE,FALSE
ID168,2025-11-13,3075,76800,,11,11,3746,96,0,0,FALSE,FALSE,FALSE
ID168,2025-11-14,3096,78900,,19,19,3571,96,0,0,FALSE,FALSE,FALSE
ID168,2025-11-15,3569,79900,,11,11,4025,96,0,0,FALSE,FALSE,FALSE
ID168,2025-11-16,3008,79900,,12,12,3487,96,0,0,FALSE,FALSE,FALSE
ID168,2025-11-17,3115,81700,,11,11,3556,96,0,0,FALSE,FALSE,FALSE
ID168,2025-11-18,1208,80400,,3,3,1906,96,0,0,FALSE,FALSE,FALSE
ID168,2025-11-19,2177,81000,,9,9,2719,96,0,0,FALSE,FALSE,FALSE
ID168,2025-11-20,2362,82700,,8,8,2845,96,0,0,FALSE,FALSE,FALSE
ID168,2025-11-21,1364,83550,,4,4,1525,96,0,0,FALSE,FALSE,FALSE
ID168,2025-11-22,2785,84000,,13,13,3652,96,0,0,FALSE,FALSE,FALSE
ID168,2025-11-23,2387,85100,,17,17,2734,96,0,0,FALSE,FALSE,FALSE
ID168,2025-11-24,3806,87100,,21,21,4890,96,0,0,FALSE,FALSE,FALSE
ID168,2025-11-25,1882,85300,,7,7,2026,96,0,0,FALSE,FALSE,FALSE
ID168,2025-11-26,3222,86650,,10,10,3755,96,0,0,FALSE,FALSE,FALSE
ID168,2025-11-27,3308,88650,,12,12,3004,96,0,0,FALSE,FALSE,FALSE
ID168,2025-11-28,3230,89200,,13,13,3415,96,0,0,FALSE,FALSE,FALSE
ID168,2025-11-29,2564,91400,,14,14,2797,96,0,0,FALSE,FALSE,FALSE
ID168,2025-11-30,2902,91200,,13,13,2927,96,0,0,FALSE,FALSE,FALSE
ID168,2025-12-01,3827,92000,,14,14,4044,96,0,0,FALSE,FALSE,FALSE
ID168,2025-12-02,2200,94200,,7,7,3034,96,0,0,FALSE,FALSE,FALSE
ID168,2025-12-03,2842,95300,,13,13,3649,96,0,0,FALSE,FALSE,FALSE
ID168,2025-12-04,4122,95300,,23,0,0,96,0,23,FALSE,FALSE,FALSE
ID168,2025-12-05,3323,98100,,11,11,3544,96,0,0,FALSE,FALSE,FALSE
ID168,2025-12-06,2853,97800,,21,21,2925,96,0,0,FALSE,FALSE,FALSE
ID168,2025-12-07,2911,99150,,16,16,2872,96,0,0,FALSE,FALSE,FALSE
ID168,2025-12-08,3571,100600,,12,12,3402,96,0,0,FALSE,FALSE,FALSE
ID168,2025-12-09,2602,101100,,14,14,3116,96,0,0,FALSE,FALSE,FALSE
ID168,2025-12-10,2925,98500,,11,11,3419,96,0,0,FALSE,FALSE,FALSE
ID168,2025-12-11,1976,100900,,5,5,2108,96,0,0,FALSE,FALSE,FALSE
ID168,2025-12-12,1168,99500,,4,4,1141,96,0,0,FALSE,FALSE,FALSE
ID168,2025-12-13,3199,102500,,9,9,3757,96,0,0,FALSE,FALSE,FALSE
ID168,2025-12-14,3377,102500,,14,14,3043,96,0,0,FALSE,FALSE,FALSE
ID168,2025-12-15,3386,106700,,7,7,3245,96,0,0,FALSE,FALSE,FALSE
ID168,2025-12-16,2230,105250,,6,6,2510,96,0,0,FALSE,FALSE,FALSE
ID168,2025-12-17,3799,105700,,8,8,4029,96,0,0,FALSE,FALSE,FALSE
ID168,2025-12-18,1139,104300,,2,0,0,96,0,2,FALSE,FALSE,FALSE
ID168,2025-12-19,1728,104800,,9,9,1826,96,0,0,FALSE,FALSE,FALSE
ID168,2025-12-20,3368,106500,,8,8,4116,96,0,0,FALSE,FALSE,FALSE
ID168,2025-12-21,2324,108200,,7,7,2919,96,0,0,FALSE,FALSE,FALSE
ID168,2025-12-22,4734,109800,,15,0,0,96,0,15,FALSE,FALSE,FALSE
ID168,2025-12-23,3441,112700,,15,15,3995,96,0,0,FALSE,FALSE,FALSE
ID168,2025-12-24,2629,110000,,9,9,2144,96,0,0,FALSE,FALSE,FALSE
ID172,2025-09-12,198,27150,,2,0,0,95,0,2,FALSE,FALSE,FALSE
ID172,2025-09-13,3138,28266.6666666667,,24,24,5981,96,24,0,FALSE,TRUE,FALSE
ID172,2025-09-14,2859,29383.3333333333,,19,19,4872,96,19,0,FALSE,TRUE,FALSE
ID172,2025-09-15,2491,30500,,14,14,5174,96,14,0,FALSE,TRUE,FALSE
ID172,2025-09-16,2164,31616.6666666667,,15,15,5184,96,15,0,FALSE,TRUE,FALSE
ID172,2025-09-17,2695,32733.3333333333,,15,15,6274,96,15,0,FALSE,TRUE,FALSE
ID172,2025-09-18,2034,33850,,11,11,3692,96,11,0,FALSE,TRUE,FALSE
ID172,2025-09-19,2596,34966.6666666667,,15,15,5141,96,15,0,FALSE,TRUE,FALSE
ID172,2025-09-20,2431,36083.3333333333,,10,10,5441,96,10,0,FALSE,TRUE,FALSE
ID172,2025-09-21,1246,37200,,8,0,0,96,0,8,FALSE,FALSE,FALSE
ID172,2025-09-22,1941,38300,,10,10,4737,96,0,0,FALSE,FALSE,FALSE
ID172,2025-09-23,1374,38700,,13,0,0,96,0,13,FALSE,FALSE,FALSE
ID172,2025-09-24,1423,38400,,8,8,3078,96,0,0,FALSE,FALSE,FALSE
ID172,2025-09-25,2103,39950,,8,8,4056,96,0,0,FALSE,FALSE,FALSE
ID172,2025-09-26,2396,41800,,19,19,4334,96,0,0,FALSE,FALSE,FALSE
ID172,2025-09-27,1667,41800,,13,13,3667,96,0,0,FALSE,FALSE,FALSE
ID172,2025-09-28,2349,43600,,14,14,3636,96,0,0,FALSE,FALSE,FALSE
ID172,2025-09-29,2214,43350,,10,10,4297,96,0,0,FALSE,FALSE,FALSE
ID172,2025-09-30,2208,45300,,16,16,4743,96,0,0,FALSE,FALSE,FALSE
ID172,2025-10-01,2860,45400,,10,10,5055,96,0,0,FALSE,FALSE,FALSE
ID172,2025-10-02,1679,47000,,19,19,3636,96,0,0,FALSE,FALSE,FALSE
ID172,2025-10-03,2569,48000,,9,9,5130,96,0,0,FALSE,FALSE,FALSE
ID172,2025-10-04,2645,48700,,12,12,5060,96,0,0,FALSE,FALSE,FALSE
ID172,2025-10-05,3099,50900,,16,16,5267,96,0,0,FALSE,FALSE,FALSE
ID172,2025-10-06,2633,51600,,21,21,4844,96,0,0,FALSE,FALSE,FALSE
ID172,2025-10-07,2615,52100,,16,16,4334,96,0,0,FALSE,FALSE,FALSE
ID172,2025-10-08,3183,52400,,16,16,5499,96,0,0,FALSE,FALSE,FALSE
ID172,2025-10-09,2924,53800,,9,9,3191,96,0,0,FALSE,FALSE,FALSE
ID172,2025-10-10,2320,53300,,7,7,2927,96,0,0,FALSE,FALSE,FALSE
ID172,2025-10-11,2706,56400,,14,14,4442,96,0,0,FALSE,FALSE,FALSE
ID172,2025-10-12,2985,57200,,19,19,4113,96,0,0,FALSE,FALSE,FALSE
ID172,2025-10-13,2787,58000,,15,15,3131,96,0,0,FALSE,FALSE,FALSE
ID172,2025-10-14,3533,58500,,13,13,5349,96,0,0,FALSE,FALSE,FALSE
ID172,2025-10-15,3086,59500,,11,11,4418,96,0,0,FALSE,FALSE,FALSE
ID172,2025-10-16,3233,61500,,19,19,5157,96,0,0,FALSE,FALSE,FALSE
ID172,2025-10-17,3123,63000,,19,19,5097,96,0,0,FALSE,FALSE,FALSE
ID172,2025-10-18,3885,64300,,15,15,4365,96,0,0,FALSE,FALSE,FALSE
ID172,2025-10-19,2871,65500,,18,18,5599,96,0,0,FALSE,FALSE,FALSE
ID172,2025-10-20,2963,65600,,16,16,5556,96,0,0,FALSE,FALSE,FALSE
ID172,2025-10-21,3399,67300,,20,20,6060,96,0,0,FALSE,FALSE,FALSE
ID172,2025-10-22,2690,68900,,15,15,4677,96,0,0,FALSE,FALSE,FALSE
ID172,2025-10-23,3386,68700,,15,15,4954,96,0,0,FALSE,FALSE,FALSE
ID172,2025-10-24,2544,69450,,18,18,4248,96,0,0,FALSE,FALSE,FALSE
ID172,2025-10-25,2525,70750,,16,16,3996,96,0,0,FALSE,FALSE,FALSE
ID172,2025-10-26,3611,71500,,15,15,5432,96,0,0,FALSE,FALSE,FALSE
ID172,2025-10-27,3480,72300,,18,18,4868,96,0,0,FALSE,FALSE,FALSE
ID172,2025-10-28,2804,73800,,28,28,4059,96,0,0,FALSE,FALSE,FALSE
ID172,2025-10-29,3579,74850,,16,16,4855,96,0,0,FALSE,FALSE,FALSE
ID172,2025-10-30,2806,75400,,15,15,3439,96,0,0,FALSE,FALSE,FALSE
ID172,2025-10-31,4653,77200,,27,0,0,96,0,27,FALSE,FALSE,FALSE
ID172,2025-11-01,2780,78000,,18,18,3320,96,0,0,FALSE,FALSE,FALSE
ID172,2025-11-02,3733,77650,,22,22,4488,96,0,0,FALSE,FALSE,FALSE
ID172,2025-11-03,3301,79700,,19,19,3799,96,0,0,FALSE,FALSE,FALSE
ID172,2025-11-04,3590,80000,,17,17,4162,96,0,0,FALSE,FALSE,FALSE
ID172,2025-11-05,3451,81800,,23,23,3897,96,0,0,FALSE,FALSE,FALSE
ID172,2025-11-06,3278,82700,,12,12,4022,96,0,0,FALSE,FALSE,FALSE
ID172,2025-11-07,3404,83900,,10,10,3823,96,0,0,FALSE,FALSE,FALSE
ID172,2025-11-08,3819,85500,,16,16,4511,96,0,0,FALSE,FALSE,FALSE
ID172,2025-11-09,3780,87600,,17,17,4753,96,0,0,FALSE,FALSE,FALSE
ID172,2025-11-10,3016,87400,,14,14,3362,96,0,0,FALSE,FALSE,FALSE
ID172,2025-11-11,3746,88700,,11,11,4262,96,0,0,FALSE,FALSE,FALSE
ID172,2025-11-12,2807,90000,,7,7,2546,96,0,0,FALSE,FALSE,FALSE
ID172,2025-11-13,2870,89500,,12,12,3213,96,0,0,FALSE,FALSE,FALSE
ID172,2025-11-14,4584,91800,,17,0,0,96,0,17,FALSE,FALSE,FALSE
ID172,2025-11-15,4141,93200,,13,13,4152,96,0,0,FALSE,FALSE,FALSE
ID172,2025-11-16,3789,94200,,14,14,4117,96,0,0,FALSE,FALSE,FALSE
ID172,2025-11-17,3339,95000,,18,18,3672,96,0,0,FALSE,FALSE,FALSE
ID172,2025-11-18,2989,96100,,18,18,3437,96,0,0,FALSE,FALSE,FALSE
ID172,2025-11-19,4430,97550,,14,14,4603,96,0,0,FALSE,FALSE,FALSE
ID172,2025-11-20,4308,99400,,18,18,3756,96,0,0,FALSE,FALSE,FALSE
ID172,2025-11-21,4290,102000,,21,21,4081,96,0,0,FALSE,FALSE,FALSE
ID172,2025-11-22,3643,101000,,34,34,3840,96,0,0,FALSE,FALSE,FALSE
ID172,2025-11-23,2444,101700,,17,17,3059,96,0,0,FALSE,FALSE,FALSE
ID172,2025-11-24,3509,101100,,17,17,3832,96,0,0,FALSE,FALSE,FALSE
ID172,2025-11-25,2203,99850,,16,16,2174,96,0,0,FALSE,FALSE,FALSE
ID172,2025-11-26,4260,102800,,11,11,4230,96,0,0,FALSE,FALSE,FALSE
ID172,2025-11-27,3508,103100,,17,17,3535,96,1,0,FALSE,FALSE,FALSE
ID172,2025-11-28,2687,104300,,10,10,2665,96,0,0,FALSE,FALSE,FALSE
ID172,2025-11-29,3424,104850,,14,14,2935,96,0,0,FALSE,FALSE,FALSE
ID172,2025-11-30,3783,105800,,23,23,3594,96,0,0,FALSE,FALSE,FALSE
ID172,2025-12-01,4095,107700,,18,18,4383,96,0,0,FALSE,FALSE,FALSE
ID172,2025-12-02,3934,109000,,15,15,4149,96,0,0,FALSE,FALSE,FALSE
ID172,2025-12-03,3652,111300,,16,16,3920,96,0,0,FALSE,FALSE,FALSE
ID172,2025-12-04,2777,111700,,21,21,2685,96,0,0,FALSE,FALSE,FALSE
ID172,2025-12-05,3813,111700,,15,15,3304,96,0,0,FALSE,FALSE,FALSE
ID172,2025-12-06,4157,113900,,28,28,4231,96,0,0,FALSE,FALSE,FALSE
ID172,2025-12-07,3185,114300,,17,17,3034,96,0,0,FALSE,FALSE,FALSE
ID172,2025-12-08,4033,115300,,15,15,3686,96,0,0,FALSE,FALSE,FALSE
ID172,2025-12-09,2976,115800,,21,21,3147,96,0,0,FALSE,FALSE,FALSE
ID172,2025-12-10,3382,114700,,17,17,3346,96,0,0,FALSE,FALSE,FALSE
ID172,2025-12-11,2418,115000,,7,7,2223,96,0,0,FALSE,FALSE,FALSE
ID172,2025-12-12,2209,116400,,9,9,2382,96,0,0,FALSE,FALSE,FALSE
ID172,2025-12-13,3562,116800,,11,11,2904,96,0,0,FALSE,FALSE,FALSE
ID172,2025-12-14,3307,118900,,11,11,2961,96,0,0,FALSE,FALSE,FALSE
ID172,2025-12-15,3058,119000,,9,9,2405,96,0,0,FALSE,FALSE,FALSE
ID172,2025-12-16,4266,120000,,15,15,3167,96,0,0,FALSE,FALSE,FALSE
ID172,2025-12-17,3204,121050,,14,14,3003,96,0,0,FALSE,FALSE,FALSE
ID172,2025-12-18,2659,121050,,16,16,2673,96,0,0,FALSE,FALSE,FALSE
ID172,2025-12-19,3080,120700,,15,15,2336,96,0,0,FALSE,FALSE,FALSE
ID172,2025-12-20,3922,123900,,19,19,3119,96,0,0,FALSE,FALSE,FALSE
ID172,2025-12-21,3378,123600,,16,16,2882,96,0,0,FALSE,FALSE,FALSE
ID172,2025-12-22,2994,123500,,14,14,2599,96,0,0,FALSE,FALSE,FALSE
ID172,2025-12-23,4250,125200,,33,33,3550,96,0,0,FALSE,FALSE,FALSE
ID172,2025-12-24,1932,125000,,20,20,1626,96,0,0,FALSE,FALSE,FALSE
ID174,2025-09-17,474,,,6,6,1277,99,6,0,FALSE,TRUE,FALSE
ID174,2025-09-18,358,,,7,7,979,99,7,0,FALSE,TRUE,FALSE
ID174,2025-09-19,438,,,7,7,1501,99,7,0,FALSE,TRUE,FALSE
ID174,2025-09-20,191,,,5,5,452,99,5,0,FALSE,TRUE,FALSE
ID174,2025-09-21,572,26800,,9,9,1480,99,0,0,FALSE,FALSE,FALSE
ID174,2025-09-22,565,29500,,6,6,1395,99,0,0,FALSE,FALSE,FALSE
ID174,2025-09-23,1107,30100,,12,12,2595,99,0,0,FALSE,FALSE,FALSE
ID174,2025-09-24,1208,29800,,8,8,3163,99,0,0,FALSE,FALSE,FALSE
ID174,2025-09-25,962,30600,,7,7,2259,99,0,0,FALSE,FALSE,FALSE
ID174,2025-09-26,782,31200,,12,12,1709,99,0,0,FALSE,FALSE,FALSE
ID174,2025-09-27,429,32200,,5,5,1604,99,0,0,FALSE,FALSE,FALSE
ID174,2025-09-28,587,31700,,5,5,2419,99,0,0,FALSE,FALSE,FALSE
ID174,2025-09-29,878,33200,,8,8,2051,99,0,0,FALSE,FALSE,FALSE
ID174,2025-09-30,1019,33100,,10,10,1938,99,0,0,FALSE,FALSE,FALSE
ID174,2025-10-01,823,33100,,8,8,1947,99,0,0,FALSE,FALSE,FALSE
ID174,2025-10-02,648,33700,,6,6,1511,99,0,0,FALSE,FALSE,FALSE
ID174,2025-10-03,797,34950,,6,6,1918,99,0,0,FALSE,FALSE,FALSE
ID174,2025-10-04,795,35700,,5,5,1692,99,0,0,FALSE,FALSE,FALSE
ID174,2025-10-05,349,36000,,4,4,1329,99,0,0,FALSE,FALSE,FALSE
ID174,2025-10-06,144,36700,,2,0,0,99,0,2,FALSE,FALSE,FALSE
ID174,2025-10-07,609,37400,,5,5,1712,99,0,0,FALSE,FALSE,FALSE
ID174,2025-10-08,1156,38400,,7,7,1706,99,0,0,FALSE,FALSE,FALSE
ID174,2025-10-09,532,40000,,6,6,1117,99,0,0,FALSE,FALSE,FALSE
ID174,2025-10-10,814,40050,,8,8,1355,99,0,0,FALSE,FALSE,FALSE
ID174,2025-10-11,452,41150,,6,6,1651,99,0,0,FALSE,FALSE,FALSE
ID174,2025-10-12,537,41500,,5,5,1139,99,0,0,FALSE,FALSE,FALSE
ID174,2025-10-13,150,41500,,3,3,280,99,0,0,FALSE,FALSE,FALSE
ID174,2025-10-14,93,41800,,1,0,0,99,0,1,FALSE,FALSE,FALSE
ID174,2025-10-15,755,45300,,6,6,1413,99,0,0,FALSE,FALSE,FALSE
ID174,2025-10-16,744,45850,,6,6,1409,99,0,0,FALSE,FALSE,FALSE
ID174,2025-10-17,571,45050,,4,4,926,99,0,0,FALSE,FALSE,FALSE
ID174,2025-10-18,662,46300,,7,7,1104,99,0,0,FALSE,FALSE,FALSE
ID174,2025-10-19,937,47500,,9,9,2663,99,0,0,FALSE,FALSE,FALSE
ID174,2025-10-20,1130,47800,,11,11,3081,99,0,0,FALSE,FALSE,FALSE
ID174,2025-10-21,410,49500,,6,6,2245,99,0,0,FALSE,FALSE,FALSE
ID174,2025-10-22,502,48800,,4,4,1701,99,0,0,FALSE,FALSE,FALSE
ID174,2025-10-23,880,50750,,8,8,2893,99,0,0,FALSE,FALSE,FALSE
ID174,2025-10-24,804,51500,,7,7,2403,99,0,0,FALSE,FALSE,FALSE
ID174,2025-10-25,243,51100,,4,4,911,99,0,0,FALSE,FALSE,FALSE
ID174,2025-10-26,619,51600,,6,6,1841,99,0,0,FALSE,FALSE,FALSE
ID174,2025-10-27,158,54100,,2,2,720,99,0,0,FALSE,FALSE,FALSE
ID174,2025-10-28,418,52600,,5,5,689,99,0,0,FALSE,FALSE,FALSE
ID174,2025-10-29,470,54150,,6,6,939,99,0,0,FALSE,FALSE,FALSE
ID174,2025-10-30,668,56050,,4,4,790,99,0,0,FALSE,FALSE,FALSE
ID174,2025-10-31,362,55350,,2,2,1384,99,0,0,FALSE,FALSE,FALSE
ID174,2025-11-01,1172,57200,,7,7,1892,99,0,0,FALSE,FALSE,FALSE
ID174,2025-11-02,619,60500,,5,5,2114,99,0,0,FALSE,FALSE,FALSE
ID174,2025-11-03,1139,61300,,8,8,1957,99,0,0,FALSE,FALSE,FALSE
ID174,2025-11-04,534,60350,,4,4,1663,99,0,0,FALSE,FALSE,FALSE
ID174,2025-11-05,687,63800,,3,3,790,99,0,0,FALSE,FALSE,FALSE
ID174,2025-11-06,896,66400,,5,5,1018,99,0,0,FALSE,FALSE,FALSE
ID174,2025-11-07,109,64100,,1,0,0,99,0,1,FALSE,FALSE,FALSE
ID174,2025-11-08,2098,65200,,4,4,1789,99,0,0,FALSE,FALSE,FALSE
ID174,2025-11-09,1552,67200,,5,5,1552,99,0,0,FALSE,FALSE,FALSE
ID174,2025-11-10,770,66750,,2,2,979,99,0,0,FALSE,FALSE,FALSE
ID174,2025-11-11,1209,68400,,6,6,1888,99,0,0,FALSE,FALSE,FALSE
ID174,2025-11-12,2771,68600,,7,7,2262,99,0,0,FALSE,FALSE,FALSE
ID174,2025-11-13,992,72800,,2,2,1137,99,0,0,FALSE,FALSE,FALSE
ID174,2025-11-14,854,73900,,3,3,1027,99,0,0,FALSE,FALSE,FALSE
ID174,2025-11-15,1256,75900,,9,9,1313,99,0,0,FALSE,FALSE,FALSE
ID174,2025-11-16,1948,76600,,7,7,3027,99,0,0,FALSE,FALSE,FALSE
ID174,2025-11-17,1057,78000,,4,4,1018,99,0,0,FALSE,FALSE,FALSE
ID174,2025-11-18,1782,78900,,5,5,1951,99,0,0,FALSE,FALSE,FALSE
ID174,2025-11-19,4664,78750,,6,0,0,99,0,6,FALSE,FALSE,FALSE
ID174,2025-11-20,2204,78800,,6,6,2141,99,0,0,FALSE,FALSE,FALSE
ID174,2025-11-21,2070,79250,,8,8,2970,99,0,0,FALSE,FALSE,FALSE
ID174,2025-11-22,2328,80450,,6,6,2767,99,0,0,FALSE,FALSE,FALSE
ID174,2025-11-23,551,81900,,5,5,1626,99,0,0,FALSE,FALSE,FALSE
ID174,2025-11-24,1542,81250,,10,10,2180,99,0,0,FALSE,FALSE,FALSE
ID174,2025-11-25,3690,80600,,8,8,3794,99,0,0,FALSE,FALSE,FALSE
ID174,2025-11-26,3197,82200,,9,9,2902,99,0,0,FALSE,FALSE,FALSE
ID174,2025-11-27,2096,83500,,7,7,2221,99,0,0,FALSE,FALSE,FALSE
ID174,2025-11-28,3115,83900,,9,9,2957,99,0,0,FALSE,FALSE,FALSE
ID174,2025-11-29,3459,85250,,8,8,2967,99,0,0,FALSE,FALSE,FALSE
ID174,2025-11-30,2447,88300,,11,11,2488,99,0,0,FALSE,FALSE,FALSE
ID174,2025-12-01,2926,88300,,10,10,3196,99,0,0,FALSE,FALSE,FALSE
ID174,2025-12-02,3189,88900,,10,10,3424,99,0,0,FALSE,FALSE,FALSE
ID174,2025-12-03,4374,89600,,13,13,3956,99,0,0,FALSE,FALSE,FALSE
ID174,2025-12-04,2714,91300,,11,11,2508,99,0,0,FALSE,FALSE,FALSE
ID174,2025-12-05,3825,92700,,13,13,3791,99,0,0,FALSE,FALSE,FALSE
ID174,2025-12-06,2982,93500,,11,11,3036,99,0,0,FALSE,FALSE,FALSE
ID174,2025-12-07,3521,93600,,8,8,3518,99,0,0,FALSE,FALSE,FALSE
ID174,2025-12-08,3036,95100,,12,12,2769,99,0,0,FALSE,FALSE,FALSE
ID174,2025-12-09,3551,96900,,9,9,3257,99,0,0,FALSE,FALSE,FALSE
ID174,2025-12-10,3437,96900,,15,15,3451,99,0,0,FALSE,FALSE,FALSE
ID174,2025-12-12,2569,96100,,9,9,1648,99,0,0,FALSE,FALSE,FALSE
ID174,2025-12-13,3460,98300,,9,9,2592,99,0,0,FALSE,FALSE,FALSE
ID174,2025-12-14,4201,100500,,12,12,3631,99,0,0,FALSE,FALSE,FALSE
ID174,2025-12-15,2793,100000,,10,10,2513,99,0,0,FALSE,FALSE,FALSE
ID174,2025-12-16,2936,106700,,7,7,2672,99,0,0,FALSE,FALSE,FALSE
ID174,2025-12-17,3168,107700,,11,11,2923,99,0,0,FALSE,FALSE,FALSE
ID174,2025-12-18,3244,106900,,9,9,3343,99,0,0,FALSE,FALSE,FALSE
ID174,2025-12-19,3104,107850,,6,6,2399,99,0,0,FALSE,FALSE,FALSE
ID174,2025-12-20,4319,110450,,10,10,3971,99,0,0,FALSE,FALSE,FALSE
ID174,2025-12-21,3562,112600,,11,11,2926,99,0,0,FALSE,FALSE,FALSE
ID174,2025-12-22,1517,113200,,3,3,1417,99,0,0,FALSE,FALSE,FALSE
ID177,2025-09-12,413,,,1,0,0,102,1,1,FALSE,TRUE,FALSE
ID177,2025-09-13,649,,,1,1,26,102,1,0,FALSE,TRUE,FALSE
ID177,2025-09-14,369,,,1,0,0,102,1,1,FALSE,TRUE,FALSE
ID177,2025-09-15,5007,,,6,0,0,102,6,6,FALSE,TRUE,FALSE
ID177,2025-09-17,717,,,1,1,20,102,1,0,FALSE,TRUE,FALSE
ID177,2025-09-19,569,28900,,7,7,1395,102,0,0,FALSE,FALSE,FALSE
ID177,2025-09-20,1109,28800,,11,11,1808,102,1,0,FALSE,FALSE,FALSE
ID177,2025-09-21,328,29000,,4,0,0,102,0,4,FALSE,FALSE,FALSE
ID177,2025-09-22,1589,29900,,14,14,3400,102,0,0,FALSE,FALSE,FALSE
ID177,2025-09-23,1612,30500,,12,12,3978,102,0,0,FALSE,FALSE,FALSE
ID177,2025-09-24,1689,30900,,13,13,3530,102,0,0,FALSE,FALSE,FALSE
ID177,2025-09-25,1814,32600,,15,15,3903,102,0,0,FALSE,FALSE,FALSE
ID177,2025-09-26,1128,33650,,10,10,2673,102,0,0,FALSE,FALSE,FALSE
ID177,2025-09-27,1750,34200,,15,15,3909,102,0,0,FALSE,FALSE,FALSE
ID177,2025-09-28,1680,35900,,12,12,3805,102,0,0,FALSE,FALSE,FALSE
ID177,2025-09-29,1696,36900,,10,10,3280,102,0,0,FALSE,FALSE,FALSE
ID177,2025-09-30,1684,37700,,15,15,3020,102,0,0,FALSE,FALSE,FALSE
ID177,2025-10-01,1897,38500,,9,9,4163,102,0,0,FALSE,FALSE,FALSE
ID177,2025-10-02,1806,39700,,11,11,3747,102,0,0,FALSE,FALSE,FALSE
ID177,2025-10-03,2083,40200,,11,11,3285,102,0,0,FALSE,FALSE,FALSE
ID177,2025-10-04,2060,41400,,10,10,3982,102,0,0,FALSE,FALSE,FALSE
ID177,2025-10-05,2459,42650,,12,12,3759,102,0,0,FALSE,FALSE,FALSE
ID177,2025-10-06,1527,44100,,11,11,3141,102,0,0,FALSE,FALSE,FALSE
ID177,2025-10-07,2338,45200,,10,10,3888,102,0,0,FALSE,FALSE,FALSE
ID177,2025-10-08,2425,46800,,19,19,4088,102,0,0,FALSE,FALSE,FALSE
ID177,2025-10-09,1994,48300,,10,10,3026,102,0,0,FALSE,FALSE,FALSE
ID177,2025-10-10,2541,49000,,9,9,3560,102,0,0,FALSE,FALSE,FALSE
ID177,2025-10-11,2237,49500,,16,16,3362,102,0,0,FALSE,FALSE,FALSE
ID177,2025-10-12,1287,50750,,10,10,1899,102,0,0,FALSE,FALSE,FALSE
ID177,2025-10-13,2670,51500,,9,9,3556,102,0,0,FALSE,FALSE,FALSE
ID177,2025-10-14,3235,52750,,10,10,4414,102,0,0,FALSE,FALSE,FALSE
ID177,2025-10-15,2434,54200,,10,10,3707,102,0,0,FALSE,FALSE,FALSE
ID177,2025-10-16,2182,54600,,11,11,3002,102,0,0,FALSE,FALSE,FALSE
ID177,2025-10-17,1274,55100,,5,5,1954,102,0,0,FALSE,FALSE,FALSE
ID177,2025-10-18,2622,55400,,5,5,2991,102,0,0,FALSE,FALSE,FALSE
ID177,2025-10-19,1999,56900,,5,5,2731,102,0,0,FALSE,FALSE,FALSE
ID177,2025-10-20,2679,57400,,9,9,3685,102,0,0,FALSE,FALSE,FALSE
ID177,2025-10-21,2003,57400,,12,12,2926,102,0,0,FALSE,FALSE,FALSE
ID177,2025-10-22,3176,58200,,9,9,4138,102,0,0,FALSE,FALSE,FALSE
ID177,2025-10-23,2618,60550,,8,8,3269,102,0,0,FALSE,FALSE,FALSE
ID177,2025-10-24,2239,61400,,12,12,3124,102,0,0,FALSE,FALSE,FALSE
ID177,2025-10-25,2775,62400,,11,11,3745,102,0,0,FALSE,FALSE,FALSE
ID177,2025-10-26,2117,62400,,9,9,2881,102,0,0,FALSE,FALSE,FALSE
ID177,2025-10-27,2263,62700,,4,4,2610,102,0,0,FALSE,FALSE,FALSE
ID177,2025-10-28,2469,64300,,7,7,3102,102,0,0,FALSE,FALSE,FALSE
ID177,2025-10-29,2681,65500,,14,14,3312,102,0,0,FALSE,FALSE,FALSE
ID177,2025-10-30,2877,68000,,11,11,3370,102,0,0,FALSE,FALSE,FALSE
ID177,2025-10-31,3448,68100,,16,16,3623,102,0,0,FALSE,FALSE,FALSE
ID177,2025-11-01,2634,68550,,16,16,2937,102,0,0,FALSE,FALSE,FALSE
ID177,2025-11-02,3105,69300,,14,14,3575,102,0,0,FALSE,FALSE,FALSE
ID177,2025-11-03,3471,70450,,16,16,3920,102,0,0,FALSE,FALSE,FALSE
ID177,2025-11-04,3035,71400,,15,15,2970,102,0,0,FALSE,FALSE,FALSE
ID177,2025-11-05,4245,73900,,21,21,3793,102,0,0,FALSE,FALSE,FALSE
ID177,2025-11-06,3556,73700,,17,17,3156,102,0,0,FALSE,FALSE,FALSE
ID177,2025-11-07,2834,74300,,10,10,2813,102,0,0,FALSE,FALSE,FALSE
ID177,2025-11-08,878,75400,,6,0,0,102,0,6,FALSE,FALSE,FALSE
ID177,2025-11-09,3123,77100,,19,19,3213,102,0,0,FALSE,FALSE,FALSE
ID177,2025-11-10,2384,76900,,13,13,2731,102,0,0,FALSE,FALSE,FALSE
ID177,2025-11-11,2526,77250,,14,14,2902,102,0,0,FALSE,FALSE,FALSE
ID177,2025-11-12,2058,78800,,12,12,2394,102,0,0,FALSE,FALSE,FALSE
ID177,2025-11-13,2773,79050,,4,4,2344,102,0,0,FALSE,FALSE,FALSE
ID177,2025-11-14,2805,79650,,10,10,2854,102,0,0,FALSE,FALSE,FALSE
ID177,2025-11-15,3185,81300,,15,15,3623,102,0,0,FALSE,FALSE,FALSE
ID177,2025-11-16,2809,82600,,12,12,2817,102,0,0,FALSE,FALSE,FALSE
ID177,2025-11-17,3641,83600,,11,11,3614,102,0,0,FALSE,FALSE,FALSE
ID177,2025-11-18,3098,85400,,13,13,3272,102,0,0,FALSE,FALSE,FALSE
ID177,2025-11-19,4535,89600,,20,0,0,102,0,20,FALSE,FALSE,FALSE
ID177,2025-11-20,2808,89650,,10,10,3288,102,0,0,FALSE,FALSE,FALSE
ID177,2025-11-21,3048,91300,,11,11,2854,102,0,0,FALSE,FALSE,FALSE
ID177,2025-11-22,3593,91300,,9,9,3247,102,0,0,FALSE,FALSE,FALSE
ID177,2025-11-23,3176,92600,,11,11,2911,102,0,0,FALSE,FALSE,FALSE
ID177,2025-11-24,4596,95200,,20,20,4179,102,0,0,FALSE,FALSE,FALSE
ID177,2025-11-25,2892,96200,,13,13,2926,102,0,0,FALSE,FALSE,FALSE
ID177,2025-11-26,4036,96000,,16,16,3518,102,0,0,FALSE,FALSE,FALSE
ID177,2025-11-27,3273,97000,,14,14,3059,102,0,0,FALSE,FALSE,FALSE
ID177,2025-11-28,2965,98000,,12,12,2740,102,0,0,FALSE,FALSE,FALSE
ID177,2025-11-29,2882,96000,,5,5,2616,102,0,0,FALSE,FALSE,FALSE
ID177,2025-11-30,4238,100000,,11,11,4030,102,0,0,FALSE,FALSE,FALSE
ID177,2025-12-01,2962,101050,,8,8,2747,102,0,0,FALSE,FALSE,FALSE
ID177,2025-12-02,3871,101700,,9,9,3466,102,0,0,FALSE,FALSE,FALSE
ID177,2025-12-03,2626,98400,,5,5,2348,102,0,0,FALSE,FALSE,FALSE
ID177,2025-12-04,3848,98500,,9,9,3327,102,0,0,FALSE,FALSE,FALSE
ID177,2025-12-05,3050,100700,,7,7,2417,102,0,0,FALSE,FALSE,FALSE
ID177,2025-12-06,3223,103000,,11,11,2769,102,0,0,FALSE,FALSE,FALSE
ID177,2025-12-07,3650,102800,,15,15,3070,102,0,0,FALSE,FALSE,FALSE
ID177,2025-12-08,4215,104000,,14,14,3790,102,0,0,FALSE,FALSE,FALSE
ID177,2025-12-09,3560,107700,,11,11,3235,102,0,0,FALSE,FALSE,FALSE
ID177,2025-12-10,2709,108000,,11,11,2439,102,0,0,FALSE,FALSE,FALSE
ID177,2025-12-11,2310,107900,,6,6,2523,102,0,0,FALSE,FALSE,FALSE
ID177,2025-12-12,2800,111500,,14,14,3037,102,0,0,FALSE,FALSE,FALSE
ID177,2025-12-13,2127,112200,,10,10,2409,102,0,0,FALSE,FALSE,FALSE
ID177,2025-12-14,1666,112600,,14,14,2297,102,0,0,FALSE,FALSE,FALSE
ID177,2025-12-15,2325,111100,,7,7,2890,102,0,0,FALSE,FALSE,FALSE
ID177,2025-12-16,2497,111500,,10,10,2973,102,0,0,FALSE,FALSE,FALSE
ID177,2025-12-17,1634,111400,,9,9,2181,102,0,0,FALSE,FALSE,FALSE
ID177,2025-12-18,1858,113100,,7,7,2798,102,0,0,FALSE,FALSE,FALSE
ID177,2025-12-19,2044,114100,,9,9,2489,102,0,0,FALSE,FALSE,FALSE
ID177,2025-12-20,1786,115800,,11,11,2268,102,0,0,FALSE,FALSE,FALSE
ID177,2025-12-21,2304,115000,,6,6,2606,102,0,0,FALSE,FALSE,FALSE
ID177,2025-12-22,592,115600,,1,0,0,102,0,1,FALSE,FALSE,FALSE
ID180,2025-09-17,198,36750,,4,0,0,100,0,4,FALSE,FALSE,FALSE
ID180,2025-09-18,753,37900,,7,7,2351,100,0,0,FALSE,FALSE,FALSE
ID180,2025-09-19,877,39550,,8,8,2942,100,0,0,FALSE,FALSE,FALSE
ID180,2025-09-20,356,39800,,6,6,1056,100,0,0,FALSE,FALSE,FALSE
ID180,2025-09-21,412,30800,,3,3,1102,100,0,0,FALSE,FALSE,FALSE
ID180,2025-09-22,392,31666.6666666667,,5,5,1393,100,5,0,FALSE,TRUE,FALSE
ID180,2025-09-23,247,32533.3333333333,,3,0,0,100,3,3,FALSE,TRUE,FALSE
ID180,2025-09-24,714,33400,,6,6,1583,100,0,0,FALSE,FALSE,FALSE
ID180,2025-09-25,704,34100,,10,10,2495,100,0,0,FALSE,FALSE,FALSE
ID180,2025-09-26,576,35400,,6,6,1408,100,0,0,FALSE,FALSE,FALSE
ID180,2025-09-27,211,36550,,4,0,0,100,0,4,FALSE,FALSE,FALSE
ID180,2025-09-28,1216,38800,,7,7,2776,100,0,0,FALSE,FALSE,FALSE
ID180,2025-09-29,720,39800,,5,5,2552,100,0,0,FALSE,FALSE,FALSE
ID180,2025-09-30,1021,40100,,6,6,2405,100,0,0,FALSE,FALSE,FALSE
ID180,2025-10-01,515,41000,,5,5,2378,100,0,0,FALSE,FALSE,FALSE
ID180,2025-10-02,645,41500,,5,5,2404,100,0,0,FALSE,FALSE,FALSE
ID180,2025-10-03,642,42400,,6,6,2230,100,0,0,FALSE,FALSE,FALSE
ID180,2025-10-04,990,43500,,8,8,3997,100,0,0,FALSE,FALSE,FALSE
ID180,2025-10-05,1035,45100,,5,5,1910,100,0,0,FALSE,FALSE,FALSE
ID180,2025-10-06,576,45100,,3,3,998,100,0,0,FALSE,FALSE,FALSE
ID180,2025-10-07,869,50100,,7,7,2669,100,0,0,FALSE,FALSE,FALSE
ID180,2025-10-08,819,51250,,4,4,2355,100,0,0,FALSE,FALSE,FALSE
ID180,2025-10-09,1311,52100,,6,6,4074,100,0,0,FALSE,FALSE,FALSE
ID180,2025-10-10,1403,53400,,7,7,2887,100,0,0,FALSE,FALSE,FALSE
ID180,2025-10-11,882,53700,,6,6,2817,100,0,0,FALSE,FALSE,FALSE
ID180,2025-10-12,1471,56200,,9,9,4317,100,0,0,FALSE,FALSE,FALSE
ID180,2025-10-13,797,56650,,6,6,4164,100,0,0,FALSE,FALSE,FALSE
ID180,2025-10-14,682,58950,,4,4,3483,100,0,0,FALSE,FALSE,FALSE
ID180,2025-10-15,938,59700,,8,8,3525,100,0,0,FALSE,FALSE,FALSE
ID180,2025-10-16,429,59900,,5,5,1924,100,0,0,FALSE,FALSE,FALSE
ID180,2025-10-17,929,61050,,12,12,4107,100,0,0,FALSE,FALSE,FALSE
ID180,2025-10-18,386,62400,,3,3,1729,100,0,0,FALSE,FALSE,FALSE
ID180,2025-10-19,1244,62000,,5,5,3761,100,0,0,FALSE,FALSE,FALSE
ID180,2025-10-20,1429,65050,,6,6,3925,100,0,0,FALSE,FALSE,FALSE
ID180,2025-10-21,533,65700,,7,7,3421,100,0,0,FALSE,FALSE,FALSE
ID180,2025-10-22,1493,65900,,5,5,4679,100,0,0,FALSE,FALSE,FALSE
ID180,2025-10-23,1414,67100,,6,6,5476,100,0,0,FALSE,FALSE,FALSE
ID180,2025-10-24,1566,68700,,7,7,4668,100,0,0,FALSE,FALSE,FALSE
ID180,2025-10-25,1326,70000,,10,10,4541,100,0,0,FALSE,FALSE,FALSE
ID180,2025-10-26,970,69800,,5,5,3725,100,0,0,FALSE,FALSE,FALSE
ID180,2025-10-27,1396,70250,,6,6,3948,100,0,0,FALSE,FALSE,FALSE
ID180,2025-10-28,1091,73100,,8,8,3457,100,0,0,FALSE,FALSE,FALSE
ID180,2025-10-29,1957,73500,,7,7,3609,100,0,0,FALSE,FALSE,FALSE
ID180,2025-10-30,1598,74900,,7,7,2996,100,0,0,FALSE,FALSE,FALSE
ID180,2025-10-31,876,76600,,7,7,3138,100,0,0,FALSE,FALSE,FALSE
ID180,2025-11-01,1430,77700,,6,6,3876,100,0,0,FALSE,FALSE,FALSE
ID180,2025-11-02,1864,76800,,7,7,4516,100,0,0,FALSE,FALSE,FALSE
ID180,2025-11-03,981,76950,,8,8,5356,100,0,0,FALSE,FALSE,FALSE
ID180,2025-11-04,1552,78300,,8,8,4144,100,0,0,FALSE,FALSE,FALSE
ID180,2025-11-05,2441,78850,,6,6,2958,100,0,0,FALSE,FALSE,FALSE
ID180,2025-11-06,2794,80200,,13,13,3127,100,0,0,FALSE,FALSE,FALSE
ID180,2025-11-07,2473,82400,,10,10,2806,100,0,0,FALSE,FALSE,FALSE
ID180,2025-11-08,3327,82300,,11,11,3817,100,0,0,FALSE,FALSE,FALSE
ID180,2025-11-09,2879,88300,,9,9,3205,100,0,0,FALSE,FALSE,FALSE
ID180,2025-11-10,1822,89300,,10,10,2274,100,0,0,FALSE,FALSE,FALSE
ID180,2025-11-11,2487,90350,,8,8,2801,100,0,0,FALSE,FALSE,FALSE
ID180,2025-11-12,3070,90100,,5,5,2693,100,0,0,FALSE,FALSE,FALSE
ID180,2025-11-13,2674,86600,,2,2,2098,100,0,0,FALSE,FALSE,FALSE
ID180,2025-11-14,3361,94400,,8,8,3832,100,0,0,FALSE,FALSE,FALSE
ID180,2025-11-15,3317,95600,,5,5,3750,100,0,0,FALSE,FALSE,FALSE
ID180,2025-11-16,1755,95800,,3,3,1801,100,0,0,FALSE,FALSE,FALSE
ID180,2025-11-17,1734,98300,,6,6,1998,100,0,0,FALSE,FALSE,FALSE
ID180,2025-11-18,992,99600,,1,1,1135,100,0,0,FALSE,FALSE,FALSE
ID180,2025-11-19,2067,94500,,6,6,2537,100,0,0,FALSE,FALSE,FALSE
ID180,2025-11-20,2887,90300,,7,7,3602,100,0,0,FALSE,FALSE,FALSE
ID180,2025-11-21,3178,92100,,7,7,4568,100,0,0,FALSE,FALSE,FALSE
ID180,2025-11-22,2076,92000,,6,6,3369,100,0,0,FALSE,FALSE,FALSE
ID180,2025-11-23,1095,93700,,5,5,3379,100,0,0,FALSE,FALSE,FALSE
ID180,2025-11-24,3340,96700,,11,11,3911,100,0,0,FALSE,FALSE,FALSE
ID180,2025-11-25,3143,97700,,9,9,3663,100,0,0,FALSE,FALSE,FALSE
ID180,2025-11-26,3539,99400,,7,7,4133,100,0,0,FALSE,FALSE,FALSE
ID180,2025-11-27,3684,101350,,6,6,4259,100,0,0,FALSE,FALSE,FALSE
ID180,2025-11-28,2751,102050,,6,6,3179,100,0,0,FALSE,FALSE,FALSE
ID180,2025-11-29,3390,102200,,4,4,3664,100,0,0,FALSE,FALSE,FALSE
ID180,2025-11-30,4013,104500,,7,7,3862,100,0,0,FALSE,FALSE,FALSE
ID180,2025-12-01,4323,105300,,9,9,4318,100,0,0,FALSE,FALSE,FALSE
ID180,2025-12-02,2042,105550,,4,4,2276,100,0,0,FALSE,FALSE,FALSE
ID180,2025-12-03,3941,109800,,5,5,3662,100,0,0,FALSE,FALSE,FALSE
ID180,2025-12-04,3792,109850,,6,6,3554,100,0,0,FALSE,FALSE,FALSE
ID180,2025-12-05,2493,111500,,3,3,2221,100,0,0,FALSE,FALSE,FALSE
ID180,2025-12-06,4846,113300,,5,0,0,100,0,5,FALSE,FALSE,FALSE
ID180,2025-12-07,2772,113800,,9,9,3110,100,0,0,FALSE,FALSE,FALSE
ID180,2025-12-08,4829,114200,,5,5,4811,100,0,0,FALSE,FALSE,FALSE
ID180,2025-12-09,4420,116300,,5,5,4155,100,0,0,FALSE,FALSE,FALSE
ID180,2025-12-10,4043,119300,,7,7,4098,100,0,0,FALSE,FALSE,FALSE
ID180,2025-12-11,556,112700,,1,1,16,100,0,0,FALSE,FALSE,FALSE
ID180,2025-12-12,3110,115500,,2,2,3030,100,0,0,FALSE,FALSE,FALSE
ID180,2025-12-13,2478,120950,,4,4,2414,100,0,0,FALSE,FALSE,FALSE
ID180,2025-12-14,4501,122800,,7,7,4263,100,0,0,FALSE,FALSE,FALSE
ID180,2025-12-15,4794,122900,,10,10,4512,100,0,0,FALSE,FALSE,FALSE
ID180,2025-12-16,3516,123300,,3,3,3519,100,0,0,FALSE,FALSE,FALSE
ID180,2025-12-17,4690,123350,,6,6,4430,100,0,0,FALSE,FALSE,FALSE
ID180,2025-12-18,4122,127500,,6,6,3997,100,0,0,FALSE,FALSE,FALSE
ID180,2025-12-19,3300,123950,,4,4,3145,100,0,0,FALSE,FALSE,FALSE
ID180,2025-12-20,2557,124700,,2,2,2757,100,0,0,FALSE,FALSE,FALSE
ID180,2025-12-21,3319,125300,,5,5,3742,100,0,0,FALSE,FALSE,FALSE
ID181,2025-09-15,336,27100,,10,0,0,95,0,10,FALSE,FALSE,FALSE
ID181,2025-09-16,441,27100,,14,14,1364,95,3,0,FALSE,FALSE,FALSE
ID181,2025-09-17,496,27900,,12,12,824,95,4,0,FALSE,FALSE,FALSE
ID181,2025-09-18,1012,27700,,22,22,2132,95,5,0,FALSE,FALSE,FALSE
ID181,2025-09-19,871,28800,,20,20,2040,95,1,0,FALSE,FALSE,FALSE
ID181,2025-09-20,508,29750,,13,13,1225,95,1,0,FALSE,FALSE,FALSE
ID181,2025-09-21,1003,31000,,19,19,2442,95,0,0,FALSE,FALSE,FALSE
ID181,2025-09-22,517,31600,,22,22,829,95,0,0,FALSE,FALSE,FALSE
ID181,2025-09-23,963,32300,,23,23,1127,95,0,0,FALSE,FALSE,FALSE
ID181,2025-09-24,993,32100,,14,14,1935,95,0,0,FALSE,FALSE,FALSE
ID181,2025-09-25,841,33900,,19,19,1267,95,0,0,FALSE,FALSE,FALSE
ID181,2025-09-26,650,34200,,13,13,1135,95,0,0,FALSE,FALSE,FALSE
ID181,2025-09-27,1375,35200,,18,18,2684,95,0,0,FALSE,FALSE,FALSE
ID181,2025-09-28,1063,35500,,21,21,1600,95,0,0,FALSE,FALSE,FALSE
ID181,2025-09-29,1129,36000,,10,10,1457,95,0,0,FALSE,FALSE,FALSE
ID181,2025-09-30,937,36000,,19,19,1312,95,0,0,FALSE,FALSE,FALSE
ID181,2025-10-01,1259,36300,,15,15,2015,95,0,0,FALSE,FALSE,FALSE
ID181,2025-10-02,1634,38700,,19,19,2242,95,0,0,FALSE,FALSE,FALSE
ID181,2025-10-03,1474,39300,,15,15,2355,95,0,0,FALSE,FALSE,FALSE
ID181,2025-10-04,1232,38000,,18,18,1401,95,0,0,FALSE,FALSE,FALSE
ID181,2025-10-05,1465,39500,,13,13,1910,95,0,0,FALSE,FALSE,FALSE
ID181,2025-10-06,2057,40700,,16,16,3056,95,0,0,FALSE,FALSE,FALSE
ID181,2025-10-07,1695,41300,,19,19,2455,95,0,0,FALSE,FALSE,FALSE
ID181,2025-10-08,1463,41500,,16,16,1428,95,0,0,FALSE,FALSE,FALSE
ID181,2025-10-09,2537,42800,,30,30,3194,95,0,0,FALSE,FALSE,FALSE
ID181,2025-10-10,1094,43500,,24,24,1089,95,0,0,FALSE,FALSE,FALSE
ID181,2025-10-11,1128,44500,,24,24,1152,95,0,0,FALSE,FALSE,FALSE
ID181,2025-10-12,1475,44800,,20,20,1664,95,0,0,FALSE,FALSE,FALSE
ID181,2025-10-13,2642,47150,,26,26,2919,95,0,0,FALSE,FALSE,FALSE
ID181,2025-10-14,2206,48300,,35,35,2614,95,0,0,FALSE,FALSE,FALSE
ID181,2025-10-15,1919,48200,,40,40,1878,95,0,0,FALSE,FALSE,FALSE
ID181,2025-10-16,894,49000,,27,27,701,95,0,0,FALSE,FALSE,FALSE
ID181,2025-10-17,1696,51300,,20,20,1838,95,0,0,FALSE,FALSE,FALSE
ID181,2025-10-18,2779,50500,,14,14,2453,95,0,0,FALSE,FALSE,FALSE
ID181,2025-10-19,653,50550,,6,0,0,95,0,6,FALSE,FALSE,FALSE
ID181,2025-10-20,1793,50200,,18,18,2644,95,0,0,FALSE,FALSE,FALSE
ID181,2025-10-21,1562,52500,,18,18,1753,95,0,0,FALSE,FALSE,FALSE
ID181,2025-10-22,2494,53300,,24,24,2023,95,0,0,FALSE,FALSE,FALSE
ID181,2025-10-23,2396,53600,,25,25,2527,95,0,0,FALSE,FALSE,FALSE
ID181,2025-10-24,2564,54400,,30,30,2212,95,0,0,FALSE,FALSE,FALSE
ID181,2025-10-25,2702,56700,,22,22,3083,95,0,0,FALSE,FALSE,FALSE
ID181,2025-10-26,3268,57800,,30,30,2569,95,0,0,FALSE,FALSE,FALSE
ID181,2025-10-27,3086,58300,,34,34,2892,95,0,0,FALSE,FALSE,FALSE
ID181,2025-10-28,55,58100,,2,0,0,95,0,2,FALSE,FALSE,FALSE
ID181,2025-10-29,2788,61100,,26,26,2249,95,0,0,FALSE,FALSE,FALSE
ID181,2025-10-30,3524,61300,,29,29,2076,95,0,0,FALSE,FALSE,FALSE
ID181,2025-10-31,1974,62200,,34,34,1150,95,0,0,FALSE,FALSE,FALSE
ID181,2025-11-01,3843,61850,,26,26,2650,95,0,0,FALSE,FALSE,FALSE
ID181,2025-11-02,2590,65700,,21,21,2219,95,0,0,FALSE,FALSE,FALSE
ID181,2025-11-03,3371,65000,,25,25,3027,95,0,0,FALSE,FALSE,FALSE
ID181,2025-11-04,1576,66800,,28,28,1009,95,0,0,FALSE,FALSE,FALSE
ID181,2025-11-05,2461,65900,,28,28,1992,95,0,0,FALSE,FALSE,FALSE
ID181,2025-11-06,1615,67500,,25,25,1297,95,0,0,FALSE,FALSE,FALSE
ID181,2025-11-07,4133,68600,,28,0,0,95,0,28,FALSE,FALSE,FALSE
ID181,2025-11-08,2271,70500,,31,31,1202,95,0,0,FALSE,FALSE,FALSE
ID181,2025-11-09,3218,70000,,37,37,2110,95,0,0,FALSE,FALSE,FALSE
ID181,2025-11-10,1476,71000,,37,37,728,95,0,0,FALSE,FALSE,FALSE
ID181,2025-11-11,2431,72300,,38,38,1592,95,0,0,FALSE,FALSE,FALSE
ID181,2025-11-12,100,70800,,3,0,0,95,0,3,FALSE,FALSE,FALSE
ID181,2025-11-13,1833,76400,,29,29,1200,95,0,0,FALSE,FALSE,FALSE
ID181,2025-11-14,2465,75600,,35,35,1644,95,0,0,FALSE,FALSE,FALSE
ID181,2025-11-15,3090,77900,,39,39,2022,95,0,0,FALSE,FALSE,FALSE
ID181,2025-11-16,2641,78800,,50,50,1608,95,0,0,FALSE,FALSE,FALSE
ID181,2025-11-17,2797,78800,,42,42,1820,95,0,0,FALSE,FALSE,FALSE
ID181,2025-11-18,2579,81200,,40,40,1385,95,0,0,FALSE,FALSE,FALSE
ID181,2025-11-19,2585,78500,,57,57,1136,95,0,0,FALSE,FALSE,FALSE
ID181,2025-11-20,2722,78000,,56,56,1130,95,0,0,FALSE,FALSE,FALSE
ID181,2025-11-21,1977,79600,,51,51,867,95,0,0,FALSE,FALSE,FALSE
ID181,2025-11-22,3246,80500,,67,67,1791,95,0,0,FALSE,FALSE,FALSE
ID181,2025-11-23,3099,81000,,58,58,2019,95,0,0,FALSE,FALSE,FALSE
ID181,2025-11-24,2840,82200,,41,41,2041,95,0,0,FALSE,FALSE,FALSE
ID181,2025-11-25,3725,83300,,51,51,2719,95,0,0,FALSE,FALSE,FALSE
ID181,2025-11-26,2639,84150,,38,38,1798,95,0,0,FALSE,FALSE,FALSE
ID181,2025-11-27,3385,84900,,39,39,2297,95,0,0,FALSE,FALSE,FALSE
ID181,2025-11-28,2452,85300,,35,35,1582,95,0,0,FALSE,FALSE,FALSE
ID181,2025-11-29,3229,87200,,45,45,2413,95,0,0,FALSE,FALSE,FALSE
ID181,2025-11-30,3707,88800,,58,58,2621,95,0,0,FALSE,FALSE,FALSE
ID181,2025-12-01,2919,89600,,45,45,2006,95,0,0,FALSE,FALSE,FALSE
ID181,2025-12-02,3914,90950,,52,52,2710,95,0,0,FALSE,FALSE,FALSE
ID181,2025-12-03,2240,92900,,46,46,1212,95,0,0,FALSE,FALSE,FALSE
ID181,2025-12-04,3517,95900,,44,44,2358,95,0,0,FALSE,FALSE,FALSE
ID181,2025-12-05,3563,96900,,47,47,2386,95,0,0,FALSE,FALSE,FALSE
ID181,2025-12-06,3607,96900,,51,51,2049,95,0,0,FALSE,FALSE,FALSE
ID181,2025-12-07,4173,97700,,49,0,0,95,0,49,FALSE,FALSE,FALSE
ID181,2025-12-08,2913,99700,,36,36,1906,95,0,0,FALSE,FALSE,FALSE
ID181,2025-12-09,2892,99650,,36,36,2055,95,0,0,FALSE,FALSE,FALSE
ID181,2025-12-10,4137,100850,,42,42,2938,95,0,0,FALSE,FALSE,FALSE
ID181,2025-12-11,2704,106100,,30,30,1732,95,0,0,FALSE,FALSE,FALSE
ID181,2025-12-12,1887,107100,,14,14,1250,95,14,0,FALSE,TRUE,FALSE
ID181,2025-12-13,3044,108100,,40,40,1767,95,40,0,FALSE,TRUE,FALSE
ID181,2025-12-14,3072,109100,,48,48,1990,95,0,0,FALSE,FALSE,FALSE
ID181,2025-12-15,3741,108000,,42,42,2380,95,0,0,FALSE,FALSE,FALSE
ID181,2025-12-16,3168,104250,,36,36,1897,95,0,0,FALSE,FALSE,FALSE
ID181,2025-12-17,3427,104400,,57,57,1881,95,0,0,FALSE,FALSE,FALSE
ID181,2025-12-18,2856,106400,,42,42,1510,95,0,0,FALSE,FALSE,FALSE
ID181,2025-12-19,3853,107700,,45,45,2169,95,0,0,FALSE,FALSE,FALSE
ID181,2025-12-20,3897,108000,,33,33,2586,95,0,0,FALSE,FALSE,FALSE
ID181,2025-12-21,3836,110200,,48,48,2398,95,0,0,FALSE,FALSE,FALSE
ID181,2025-12-22,3671,110500,,50,50,2324,95,0,0,FALSE,FALSE,FALSE
ID181,2025-12-23,3887,111900,,41,41,2299,95,0,0,FALSE,FALSE,FALSE
ID181,2025-12-24,3050,112150,,18,18,2172,95,0,0,FALSE,FALSE,FALSE
ID183,2025-09-19,859,32400,,4,0,0,101,1,4,FALSE,FALSE,FALSE
ID183,2025-09-20,914,43450,,12,0,0,101,8,12,FALSE,FALSE,FALSE
ID183,2025-09-21,1019,48475,,13,13,3001,101,13,0,FALSE,TRUE,FALSE
ID183,2025-09-22,1421,53500,,16,16,2540,101,6,0,FALSE,FALSE,FALSE
ID183,2025-09-23,1677,27100,,13,13,3851,101,2,0,FALSE,FALSE,FALSE
ID183,2025-09-24,1753,26800,,10,10,4102,101,1,0,FALSE,FALSE,FALSE
ID183,2025-09-25,1453,32400,,12,12,3593,101,0,0,FALSE,FALSE,FALSE
ID183,2025-09-26,944,32800,,15,15,1934,101,0,0,FALSE,FALSE,FALSE
ID183,2025-09-27,1727,29700,,15,15,4302,101,0,0,FALSE,FALSE,FALSE
ID183,2025-09-28,1863,34400,,7,7,3112,101,0,0,FALSE,FALSE,FALSE
ID183,2025-09-29,2390,27750,,14,14,3548,101,0,0,FALSE,FALSE,FALSE
ID183,2025-09-30,2333,30100,,9,9,2983,101,0,0,FALSE,FALSE,FALSE
ID183,2025-10-01,2455,28100,,5,5,3231,101,0,0,FALSE,FALSE,FALSE
ID183,2025-10-02,3157,36700,,9,9,3599,101,0,0,FALSE,FALSE,FALSE
ID183,2025-10-03,2538,37100,,9,9,3275,101,0,0,FALSE,FALSE,FALSE
ID183,2025-10-04,2484,37850,,6,6,3482,101,0,0,FALSE,FALSE,FALSE
ID183,2025-10-05,3247,39300,,11,11,4100,101,0,0,FALSE,FALSE,FALSE
ID183,2025-10-06,1984,39700,,17,17,3638,101,0,0,FALSE,FALSE,FALSE
ID183,2025-10-07,3926,40850,,16,16,4841,101,0,0,FALSE,FALSE,FALSE
ID183,2025-10-08,2903,42050,,14,14,3720,101,0,0,FALSE,FALSE,FALSE
ID183,2025-10-09,3369,33750,,10,10,4021,101,0,0,FALSE,FALSE,FALSE
ID183,2025-10-10,3622,35900,,12,12,4100,101,0,0,FALSE,FALSE,FALSE
ID183,2025-10-11,3950,35800,,19,19,4669,101,0,0,FALSE,FALSE,FALSE
ID183,2025-10-12,2678,37350,,8,8,3725,101,0,0,FALSE,FALSE,FALSE
ID183,2025-10-13,3633,38400,,11,11,3604,101,0,0,FALSE,FALSE,FALSE
ID183,2025-10-14,4148,47200,,15,15,4596,101,0,0,FALSE,FALSE,FALSE
ID183,2025-10-15,3545,40800,,11,11,3769,101,0,0,FALSE,FALSE,FALSE
ID183,2025-10-16,3709,49550,,12,12,3545,101,0,0,FALSE,FALSE,FALSE
ID183,2025-10-17,4357,50750,,8,8,4500,101,0,0,FALSE,FALSE,FALSE
ID183,2025-10-18,2078,43850,,6,6,1024,101,0,0,FALSE,FALSE,FALSE
ID183,2025-10-19,1907,42300,,3,3,1822,101,0,0,FALSE,FALSE,FALSE
ID183,2025-10-20,3319,43350,,8,8,3527,101,0,0,FALSE,FALSE,FALSE
ID183,2025-10-21,2670,54400,,10,10,4075,101,0,0,FALSE,FALSE,FALSE
ID183,2025-10-22,3448,53750,,12,12,3922,101,0,0,FALSE,FALSE,FALSE
ID183,2025-10-23,3087,51925,,9,9,4063,101,9,0,FALSE,TRUE,FALSE
ID183,2025-10-24,3886,50100,,6,6,3744,101,0,0,FALSE,FALSE,FALSE
ID183,2025-10-25,4037,57600,,15,15,4063,101,0,0,FALSE,FALSE,FALSE
ID183,2025-10-26,2404,57600,,7,7,2953,101,0,0,FALSE,FALSE,FALSE
ID183,2025-10-27,4023,59700,,9,9,3784,101,0,0,FALSE,FALSE,FALSE
ID183,2025-10-28,1917,61000,,8,8,1533,101,0,0,FALSE,FALSE,FALSE
ID183,2025-10-29,4567,61050,,14,14,3815,101,0,0,FALSE,FALSE,FALSE
ID183,2025-10-30,1712,61200,,14,14,1804,101,0,0,FALSE,FALSE,FALSE
ID183,2025-10-31,2396,61800,,18,18,2188,101,0,0,FALSE,FALSE,FALSE
ID183,2025-11-01,2542,63300,,23,23,3221,101,0,0,FALSE,FALSE,FALSE
ID183,2025-11-02,2579,64100,,28,28,3531,101,0,0,FALSE,FALSE,FALSE
ID183,2025-11-03,4273,65600,,40,40,5266,101,0,0,FALSE,FALSE,FALSE
ID183,2025-11-04,3351,66700,,24,24,3445,101,0,0,FALSE,FALSE,FALSE
ID183,2025-11-05,4593,68400,,26,26,3544,101,0,0,FALSE,FALSE,FALSE
ID183,2025-11-06,2269,68200,,23,23,1672,101,0,0,FALSE,FALSE,FALSE
ID183,2025-11-07,2992,69300,,32,32,2848,101,0,0,FALSE,FALSE,FALSE
ID183,2025-11-08,3168,71000,,26,26,3097,101,0,0,FALSE,FALSE,FALSE
ID183,2025-11-09,4274,71900,,27,27,3493,101,0,0,FALSE,FALSE,FALSE
ID183,2025-11-10,3166,73200,,21,21,3579,101,0,0,FALSE,FALSE,FALSE
ID183,2025-11-11,3031,74200,,23,23,3493,101,0,0,FALSE,FALSE,FALSE
ID183,2025-11-12,3030,74300,,24,24,3601,101,0,0,FALSE,FALSE,FALSE
ID183,2025-11-13,2632,74000,,10,10,2703,101,0,0,FALSE,FALSE,FALSE
ID183,2025-11-14,3139,76200,,28,28,3417,101,0,0,FALSE,FALSE,FALSE
ID183,2025-11-15,3764,78900,,27,27,3790,101,0,0,FALSE,FALSE,FALSE
ID183,2025-11-16,2745,77200,,27,27,3122,101,0,0,FALSE,FALSE,FALSE
ID183,2025-11-17,2733,79900,,22,22,3405,101,0,0,FALSE,FALSE,FALSE
ID183,2025-11-18,2997,79600,,22,22,3345,101,0,0,FALSE,FALSE,FALSE
ID183,2025-11-19,3444,80000,,16,16,4010,101,0,0,FALSE,FALSE,FALSE
ID183,2025-11-20,3221,80800,,27,27,4084,101,0,0,FALSE,FALSE,FALSE
ID183,2025-11-21,3654,80800,,17,17,4359,101,0,0,FALSE,FALSE,FALSE
ID183,2025-11-22,3370,82550,,14,14,3270,101,0,0,FALSE,FALSE,FALSE
ID183,2025-11-23,2949,83750,,18,18,3402,101,0,0,FALSE,FALSE,FALSE
ID183,2025-11-24,4435,87900,,21,21,4071,101,0,0,FALSE,FALSE,FALSE
ID183,2025-11-25,3077,87300,,16,16,3553,101,0,0,FALSE,FALSE,FALSE
ID183,2025-11-26,3619,89600,,19,19,4096,101,0,0,FALSE,FALSE,FALSE
ID183,2025-11-27,3351,89700,,23,23,3398,101,0,0,FALSE,FALSE,FALSE
ID183,2025-11-28,3521,91600,,28,28,4057,101,0,0,FALSE,FALSE,FALSE
ID183,2025-11-29,3124,91500,,14,14,2980,101,0,0,FALSE,FALSE,FALSE
ID183,2025-11-30,4173,92600,,18,18,3603,101,0,0,FALSE,FALSE,FALSE
ID183,2025-12-01,3501,94250,,16,16,3694,101,0,0,FALSE,FALSE,FALSE
ID183,2025-12-02,3654,94700,,15,15,3611,101,0,0,FALSE,FALSE,FALSE
ID183,2025-12-03,4811,95700,,18,18,3915,101,0,0,FALSE,FALSE,FALSE
ID183,2025-12-04,3742,96600,,21,21,3518,101,0,0,FALSE,FALSE,FALSE
ID183,2025-12-05,4404,97250,,12,12,4458,101,0,0,FALSE,FALSE,FALSE
ID183,2025-12-06,4321,97950,,24,24,3292,101,0,0,FALSE,FALSE,FALSE
ID183,2025-12-07,3276,98800,,31,31,3352,101,0,0,FALSE,FALSE,FALSE
ID183,2025-12-08,4431,99800,,20,20,4443,101,0,0,FALSE,FALSE,FALSE
ID183,2025-12-09,3721,101300,,22,22,3305,101,0,0,FALSE,FALSE,FALSE
ID183,2025-12-10,3995,104200,,21,21,3678,101,0,0,FALSE,FALSE,FALSE
ID183,2025-12-11,1451,103100,,7,7,1151,101,0,0,FALSE,FALSE,FALSE
ID183,2025-12-12,4540,104750,,18,18,3887,101,0,0,FALSE,FALSE,FALSE
ID183,2025-12-13,4648,106900,,13,13,4016,101,0,0,FALSE,FALSE,FALSE
ID183,2025-12-14,4085,109500,,19,19,3756,101,0,0,FALSE,FALSE,FALSE
ID183,2025-12-15,5124,110550,,18,0,0,101,0,18,FALSE,FALSE,FALSE
ID183,2025-12-16,4442,110700,,16,16,3535,101,0,0,FALSE,FALSE,FALSE
ID183,2025-12-17,4190,111450,,16,16,3338,101,0,0,FALSE,FALSE,FALSE
ID183,2025-12-18,4260,114350,,20,20,3519,101,0,0,FALSE,FALSE,FALSE
ID183,2025-12-19,4448,112400,,27,27,2960,101,0,0,FALSE,FALSE,FALSE
ID183,2025-12-20,4091,114000,,18,18,3099,101,0,0,FALSE,FALSE,FALSE
ID183,2025-12-21,3862,114500,,21,21,3525,101,0,0,FALSE,FALSE,FALSE
ID183,2025-12-22,400,114400,,1,0,0,101,0,1,FALSE,FALSE,FALSE
ID184,2025-09-17,1226,32800,,8,8,2232,97,1,0,FALSE,FALSE,FALSE
ID184,2025-09-18,914,38233.3333333333,,11,11,1260,97,11,0,FALSE,TRUE,FALSE
ID184,2025-09-19,549,43666.6666666667,,4,0,0,97,4,4,FALSE,TRUE,FALSE
ID184,2025-09-20,812,49100,,7,7,1571,97,2,0,FALSE,FALSE,FALSE
ID184,2025-09-21,703,38050,,5,5,1121,97,5,0,FALSE,TRUE,FALSE
ID184,2025-09-22,677,27000,,7,7,972,97,0,0,FALSE,FALSE,FALSE
ID184,2025-09-23,590,26200,,5,5,1345,97,0,0,FALSE,FALSE,FALSE
ID184,2025-09-24,539,27150,,2,0,0,97,0,2,FALSE,FALSE,FALSE
ID184,2025-09-25,918,27900,,5,5,1602,97,0,0,FALSE,FALSE,FALSE
ID184,2025-09-26,1165,28550,,6,6,2207,97,0,0,FALSE,FALSE,FALSE
ID184,2025-09-27,1181,29800,,11,11,2911,97,0,0,FALSE,FALSE,FALSE
ID184,2025-09-28,1234,31050,,4,4,2719,97,0,0,FALSE,FALSE,FALSE
ID184,2025-09-29,455,31850,,4,0,0,97,0,4,FALSE,FALSE,FALSE
ID184,2025-09-30,1645,32200,,10,10,3382,97,0,0,FALSE,FALSE,FALSE
ID184,2025-10-01,2078,33050,,10,10,4592,97,0,0,FALSE,FALSE,FALSE
ID184,2025-10-02,2475,34850,,12,12,3954,97,0,0,FALSE,FALSE,FALSE
ID184,2025-10-03,1925,35800,,8,8,3404,97,0,0,FALSE,FALSE,FALSE
ID184,2025-10-04,1058,36200,,5,5,1991,97,0,0,FALSE,FALSE,FALSE
ID184,2025-10-05,2247,37000,,10,10,3773,97,0,0,FALSE,FALSE,FALSE
ID184,2025-10-06,1871,38200,,9,9,3605,97,0,0,FALSE,FALSE,FALSE
ID184,2025-10-07,2373,39400,,8,8,4388,97,0,0,FALSE,FALSE,FALSE
ID184,2025-10-08,1725,39850,,10,10,2972,97,0,0,FALSE,FALSE,FALSE
ID184,2025-10-09,2538,42250,,10,10,4083,97,0,0,FALSE,FALSE,FALSE
ID184,2025-10-10,2649,43150,,6,6,4177,97,0,0,FALSE,FALSE,FALSE
ID184,2025-10-11,2303,43600,,12,12,4368,97,0,0,FALSE,FALSE,FALSE
ID184,2025-10-12,2788,44900,,8,8,3871,97,0,0,FALSE,FALSE,FALSE
ID184,2025-10-13,2084,45900,,7,7,3103,97,0,0,FALSE,FALSE,FALSE
ID184,2025-10-14,1866,45500,,7,7,2516,97,0,0,FALSE,FALSE,FALSE
ID184,2025-10-15,2212,47200,,7,7,3326,97,0,0,FALSE,FALSE,FALSE
ID184,2025-10-16,2382,47700,,9,9,3658,97,0,0,FALSE,FALSE,FALSE
ID184,2025-10-17,3161,48500,,7,7,4080,97,0,0,FALSE,FALSE,FALSE
ID184,2025-10-18,1178,49800,,3,3,1046,97,0,0,FALSE,FALSE,FALSE
ID184,2025-10-19,2426,49700,,5,5,3002,97,0,0,FALSE,FALSE,FALSE
ID184,2025-10-20,2022,51000,,4,4,2632,97,0,0,FALSE,FALSE,FALSE
ID184,2025-10-21,2583,53100,,10,10,3897,97,0,0,FALSE,FALSE,FALSE
ID184,2025-10-22,2031,57400,,6,6,3175,97,0,0,FALSE,FALSE,FALSE
ID184,2025-10-23,3335,57500,,6,6,4144,97,0,0,FALSE,FALSE,FALSE
ID184,2025-10-24,2331,59500,,11,11,2937,97,0,0,FALSE,FALSE,FALSE
ID184,2025-10-25,3101,59850,,14,14,3824,97,0,0,FALSE,FALSE,FALSE
ID184,2025-10-26,1938,59800,,8,8,2422,97,0,0,FALSE,FALSE,FALSE
ID184,2025-10-27,3294,58750,,14,14,3367,97,0,0,FALSE,FALSE,FALSE
ID184,2025-10-28,3025,61050,,14,14,3769,97,0,0,FALSE,FALSE,FALSE
ID184,2025-10-29,2148,63350,,10,10,2382,97,0,0,FALSE,FALSE,FALSE
ID184,2025-10-30,3141,63050,,10,10,3917,97,0,0,FALSE,FALSE,FALSE
ID184,2025-10-31,2523,64450,,8,8,3228,97,0,0,FALSE,FALSE,FALSE
ID184,2025-11-01,2679,65300,,15,15,3048,97,0,0,FALSE,FALSE,FALSE
ID184,2025-11-02,2818,65150,,12,12,3767,97,0,0,FALSE,FALSE,FALSE
ID184,2025-11-03,4226,65800,,16,16,5505,97,0,0,FALSE,FALSE,FALSE
ID184,2025-11-04,2908,67500,,20,20,3042,97,0,0,FALSE,FALSE,FALSE
ID184,2025-11-05,2477,67850,,12,12,2903,97,0,0,FALSE,FALSE,FALSE
ID184,2025-11-06,3545,68650,,18,18,4076,97,0,0,FALSE,FALSE,FALSE
ID184,2025-11-07,3137,69950,,18,18,3620,97,0,0,FALSE,FALSE,FALSE
ID184,2025-11-08,2735,71100,,19,19,3463,97,0,0,FALSE,FALSE,FALSE
ID184,2025-11-09,3420,74500,,15,15,3823,97,0,0,FALSE,FALSE,FALSE
ID184,2025-11-10,3262,77050,,14,14,2982,97,0,0,FALSE,FALSE,FALSE
ID184,2025-11-11,3181,78250,,14,14,3215,97,0,0,FALSE,FALSE,FALSE
ID184,2025-11-12,2659,80100,,10,10,2909,97,0,0,FALSE,FALSE,FALSE
ID184,2025-11-13,2810,79200,,5,5,2537,97,0,0,FALSE,FALSE,FALSE
ID184,2025-11-14,3479,81100,,18,18,3620,97,0,0,FALSE,FALSE,FALSE
ID184,2025-11-15,3716,81450,,14,14,3735,97,0,0,FALSE,FALSE,FALSE
ID184,2025-11-16,2993,80750,,6,6,2674,97,0,0,FALSE,FALSE,FALSE
ID184,2025-11-17,3814,84500,,13,13,4085,97,0,0,FALSE,FALSE,FALSE
ID184,2025-11-18,2893,84000,,13,13,3066,97,0,0,FALSE,FALSE,FALSE
ID184,2025-11-19,3295,82100,,14,14,3452,97,0,0,FALSE,FALSE,FALSE
ID184,2025-11-20,3595,83800,,14,14,3808,97,0,0,FALSE,FALSE,FALSE
ID184,2025-11-21,3369,85100,,14,14,3567,97,0,0,FALSE,FALSE,FALSE
ID184,2025-11-22,4223,87200,,17,17,4444,97,0,0,FALSE,FALSE,FALSE
ID184,2025-11-23,3221,87000,,12,12,3375,97,0,0,FALSE,FALSE,FALSE
ID184,2025-11-24,4034,90100,,15,15,3700,97,0,0,FALSE,FALSE,FALSE
ID184,2025-11-25,3471,92400,,28,28,3304,97,0,0,FALSE,FALSE,FALSE
ID184,2025-11-26,2329,92400,,13,13,3015,97,0,0,FALSE,FALSE,FALSE
ID184,2025-11-27,3505,94050,,20,20,3331,97,0,0,FALSE,FALSE,FALSE
ID184,2025-11-28,3985,94800,,22,22,3723,97,0,0,FALSE,FALSE,FALSE
ID184,2025-11-29,3747,95700,,21,21,3113,97,0,0,FALSE,FALSE,FALSE
ID184,2025-11-30,3802,98100,,23,23,3073,97,1,0,FALSE,FALSE,FALSE
ID184,2025-12-01,3649,99700,,27,27,3283,97,0,0,FALSE,FALSE,FALSE
ID184,2025-12-02,3838,100350,,16,16,3865,97,0,0,FALSE,FALSE,FALSE
ID184,2025-12-03,4135,99500,,19,19,3644,97,0,0,FALSE,FALSE,FALSE
ID184,2025-12-04,3571,100400,,13,13,3455,97,0,0,FALSE,FALSE,FALSE
ID184,2025-12-05,3562,102500,,21,21,3260,97,0,0,FALSE,FALSE,FALSE
ID184,2025-12-06,4161,101400,,17,17,3396,97,0,0,FALSE,FALSE,FALSE
ID184,2025-12-07,3519,103400,,19,19,2990,97,0,0,FALSE,FALSE,FALSE
ID184,2025-12-08,4151,106000,,14,14,3308,97,0,0,FALSE,FALSE,FALSE
ID184,2025-12-09,3902,106400,,13,13,3222,97,0,0,FALSE,FALSE,FALSE
ID184,2025-12-10,3439,108050,,14,14,3152,97,0,0,FALSE,FALSE,FALSE
ID184,2025-12-11,3132,108900,,9,9,3064,97,0,0,FALSE,FALSE,FALSE
ID184,2025-12-12,4616,111750,,18,0,0,97,0,18,FALSE,FALSE,FALSE
ID184,2025-12-13,3619,111600,,17,17,3220,97,0,0,FALSE,FALSE,FALSE
ID184,2025-12-14,3965,112600,,20,20,3327,97,0,0,FALSE,FALSE,FALSE
ID184,2025-12-15,3855,111500,,18,18,3802,97,0,0,FALSE,FALSE,FALSE
ID184,2025-12-16,3550,115800,,14,14,3365,97,0,0,FALSE,FALSE,FALSE
ID184,2025-12-17,3663,116300,,15,15,3116,97,0,0,FALSE,FALSE,FALSE
ID184,2025-12-18,2309,114900,,24,24,2233,97,0,0,FALSE,FALSE,FALSE
ID184,2025-12-19,1805,113950,,8,8,1687,97,0,0,FALSE,FALSE,FALSE
ID184,2025-12-20,2664,116900,,9,9,2295,97,0,0,FALSE,FALSE,FALSE
ID184,2025-12-21,3166,117500,,8,8,3063,97,0,0,FALSE,FALSE,FALSE
ID184,2025-12-22,1953,118700,,11,11,1462,97,0,0,FALSE,FALSE,FALSE
ID184,2025-12-24,3585,119550,,14,14,2073,97,0,0,FALSE,FALSE,FALSE
ID187,2025-09-14,293,,,6,0,0,91,6,6,FALSE,TRUE,FALSE
ID187,2025-09-15,219,41200,,7,0,0,91,4,7,FALSE,FALSE,FALSE
ID187,2025-09-16,296,42066.6666666667,,5,5,390,91,5,0,FALSE,TRUE,FALSE
ID187,2025-09-17,685,42933.3333333333,,10,10,1671,91,10,0,FALSE,TRUE,FALSE
ID187,2025-09-18,788,43800,,12,12,2265,91,9,0,FALSE,FALSE,FALSE
ID187,2025-09-19,789,35500,,12,12,2396,91,11,0,FALSE,FALSE,FALSE
ID187,2025-09-20,1282,51000,,24,24,3340,91,22,0,FALSE,FALSE,FALSE
ID187,2025-09-21,1099,46700,,12,12,3425,91,9,0,FALSE,FALSE,FALSE
ID187,2025-09-22,1335,51600,,20,20,3264,91,19,0,FALSE,FALSE,FALSE
ID187,2025-09-23,826,47800,,14,14,2566,91,13,0,FALSE,FALSE,FALSE
ID187,2025-09-24,1303,25100,,17,17,3112,91,13,0,FALSE,FALSE,FALSE
ID187,2025-09-25,1414,25200,,16,16,4052,91,8,0,FALSE,FALSE,FALSE
ID187,2025-09-26,1219,26450,,20,20,2918,91,0,0,FALSE,FALSE,FALSE
ID187,2025-09-27,1038,26300,,8,8,2763,91,0,0,FALSE,FALSE,FALSE
ID187,2025-09-28,1251,27200,,14,14,3065,91,0,0,FALSE,FALSE,FALSE
ID187,2025-09-29,935,27650,,10,10,2485,91,0,0,FALSE,FALSE,FALSE
ID187,2025-09-30,1522,28900,,16,16,3588,91,0,0,FALSE,FALSE,FALSE
ID187,2025-10-01,1586,28600,,14,14,3675,91,0,0,FALSE,FALSE,FALSE
ID187,2025-10-02,1253,29900,,16,16,2868,91,0,0,FALSE,FALSE,FALSE
ID187,2025-10-03,1592,30700,,19,19,3893,91,0,0,FALSE,FALSE,FALSE
ID187,2025-10-04,2089,30900,,14,14,4440,91,0,0,FALSE,FALSE,FALSE
ID187,2025-10-05,1126,32400,,16,16,2706,91,0,0,FALSE,FALSE,FALSE
ID187,2025-10-06,2370,33200,,24,24,5569,91,0,0,FALSE,FALSE,FALSE
ID187,2025-10-07,2085,34200,,22,22,4430,91,0,0,FALSE,FALSE,FALSE
ID187,2025-10-08,2133,34600,,18,18,4405,91,0,0,FALSE,FALSE,FALSE
ID187,2025-10-09,1904,36100,,17,17,3901,91,0,0,FALSE,FALSE,FALSE
ID187,2025-10-10,2682,36900,,19,19,5051,91,0,0,FALSE,FALSE,FALSE
ID187,2025-10-11,2023,38100,,12,12,4048,91,0,0,FALSE,FALSE,FALSE
ID187,2025-10-12,2160,39350,,16,16,3838,91,0,0,FALSE,FALSE,FALSE
ID187,2025-10-13,2607,40100,,21,21,3518,91,0,0,FALSE,FALSE,FALSE
ID187,2025-10-14,2714,41100,,23,23,4158,91,0,0,FALSE,FALSE,FALSE
ID187,2025-10-15,2411,42700,,22,22,4705,91,0,0,FALSE,FALSE,FALSE
ID187,2025-10-16,2349,43200,,21,21,4419,91,0,0,FALSE,FALSE,FALSE
ID187,2025-10-17,2513,44100,,19,19,4217,91,0,0,FALSE,FALSE,FALSE
ID187,2025-10-18,203,44150,,4,0,0,91,4,4,FALSE,TRUE,FALSE
ID187,2025-10-19,2079,44200,,14,14,4084,91,0,0,FALSE,FALSE,FALSE
ID187,2025-10-20,2042,45700,,14,14,4420,91,0,0,FALSE,FALSE,FALSE
ID187,2025-10-21,3065,47000,,18,18,5606,91,0,0,FALSE,FALSE,FALSE
ID187,2025-10-22,2680,48100,,14,14,4698,91,0,0,FALSE,FALSE,FALSE
ID187,2025-10-23,1779,48000,,13,13,3157,91,0,0,FALSE,FALSE,FALSE
ID187,2025-10-24,1962,49700,,10,10,3503,91,0,0,FALSE,FALSE,FALSE
ID187,2025-10-25,2926,50000,,14,14,4753,91,0,0,FALSE,FALSE,FALSE
ID187,2025-10-26,1282,51250,,8,0,0,91,0,8,FALSE,FALSE,FALSE
ID187,2025-10-27,2724,52050,,14,14,4369,91,0,0,FALSE,FALSE,FALSE
ID187,2025-10-28,3603,53950,,20,20,5251,91,0,0,FALSE,FALSE,FALSE
ID187,2025-10-29,2412,54800,,11,11,3734,91,0,0,FALSE,FALSE,FALSE
ID187,2025-10-30,3074,56050,,20,20,4816,91,0,0,FALSE,FALSE,FALSE
ID187,2025-10-31,1911,56600,,13,0,0,91,0,13,FALSE,FALSE,FALSE
ID187,2025-11-01,2916,57700,,19,19,4547,91,0,0,FALSE,FALSE,FALSE
ID187,2025-11-02,3021,58350,,14,14,4520,91,0,0,FALSE,FALSE,FALSE
ID187,2025-11-03,2712,60400,,19,19,4108,91,0,0,FALSE,FALSE,FALSE
ID187,2025-11-04,2759,60900,,15,15,4074,91,0,0,FALSE,FALSE,FALSE
ID187,2025-11-05,1546,62200,,19,0,0,91,0,19,FALSE,FALSE,FALSE
ID187,2025-11-06,2325,62200,,15,15,3238,91,0,0,FALSE,FALSE,FALSE
ID187,2025-11-07,3442,64000,,17,17,4359,91,0,0,FALSE,FALSE,FALSE
ID187,2025-11-08,2749,65900,,15,15,3904,91,0,0,FALSE,FALSE,FALSE
ID187,2025-11-09,3045,65600,,12,12,3890,91,0,0,FALSE,FALSE,FALSE
ID187,2025-11-10,2425,67200,,15,15,3399,91,0,0,FALSE,FALSE,FALSE
ID187,2025-11-11,2600,67500,,15,15,3772,91,0,0,FALSE,FALSE,FALSE
ID187,2025-11-12,1681,67800,,4,0,0,91,0,4,FALSE,FALSE,FALSE
ID187,2025-11-13,2662,70400,,9,9,3175,91,0,0,FALSE,FALSE,FALSE
ID187,2025-11-14,4127,72000,,14,14,5855,91,0,0,FALSE,FALSE,FALSE
ID187,2025-11-15,3218,73400,,10,10,4113,91,0,0,FALSE,FALSE,FALSE
ID187,2025-11-16,3935,74900,,10,10,4851,91,0,0,FALSE,FALSE,FALSE
ID187,2025-11-17,3651,76000,,13,13,4515,91,0,0,FALSE,FALSE,FALSE
ID187,2025-11-18,2779,76200,,6,6,3452,91,0,0,FALSE,FALSE,FALSE
ID187,2025-11-19,4334,77600,,13,13,5068,91,0,0,FALSE,FALSE,FALSE
ID187,2025-11-20,3727,78350,,12,12,4368,91,0,0,FALSE,FALSE,FALSE
ID187,2025-11-21,2866,78000,,6,6,3297,91,0,0,FALSE,FALSE,FALSE
ID187,2025-11-22,1811,78500,,5,5,2087,91,0,0,FALSE,FALSE,FALSE
ID187,2025-11-23,3613,79400,,17,17,4384,91,0,0,FALSE,FALSE,FALSE
ID187,2025-11-24,2235,82000,,7,7,2577,91,0,0,FALSE,FALSE,FALSE
ID187,2025-11-25,4887,82050,,14,0,0,91,0,14,FALSE,FALSE,FALSE
ID187,2025-11-26,2437,85600,,5,5,2641,91,0,0,FALSE,FALSE,FALSE
ID187,2025-11-27,2712,88300,,6,6,3892,91,0,0,FALSE,FALSE,FALSE
ID187,2025-11-28,3469,88983.3333333333,,9,9,4073,91,9,0,FALSE,TRUE,FALSE
ID187,2025-11-29,3704,89666.6666666667,,16,16,3834,91,16,0,FALSE,TRUE,FALSE
ID187,2025-11-30,4718,90350,,14,14,5246,91,14,0,FALSE,TRUE,FALSE
ID187,2025-12-01,3349,91033.3333333333,,6,6,3880,91,6,0,FALSE,TRUE,FALSE
ID187,2025-12-02,3976,91716.6666666667,,15,15,4434,91,15,0,FALSE,TRUE,FALSE
ID187,2025-12-03,4096,92400,,10,10,4849,91,0,0,FALSE,FALSE,FALSE
ID187,2025-12-04,3766,93100,,14,14,4005,91,0,0,FALSE,FALSE,FALSE
ID187,2025-12-05,4074,94500,,12,12,4782,91,0,0,FALSE,FALSE,FALSE
ID187,2025-12-06,2956,95400,,13,13,3372,91,0,0,FALSE,FALSE,FALSE
ID187,2025-12-07,3584,95400,,9,9,3868,91,0,0,FALSE,FALSE,FALSE
ID187,2025-12-08,3111,96800,,11,11,2868,91,0,0,FALSE,FALSE,FALSE
ID187,2025-12-09,2615,97500,,13,13,3070,91,0,0,FALSE,FALSE,FALSE
ID187,2025-12-10,3491,98600,,9,9,4284,91,0,0,FALSE,FALSE,FALSE
ID187,2025-12-11,1656,99350,,6,0,0,91,0,6,FALSE,FALSE,FALSE
ID187,2025-12-12,3633,98550,,10,10,2627,91,0,0,FALSE,FALSE,FALSE
ID187,2025-12-13,5008,101700,,11,0,0,91,0,11,FALSE,FALSE,FALSE
ID187,2025-12-14,3503,103900,,7,7,3594,91,0,0,FALSE,FALSE,FALSE
ID187,2025-12-15,3272,103300,,6,6,3191,91,0,0,FALSE,FALSE,FALSE
ID187,2025-12-16,3926,103300,,7,7,4147,91,0,0,FALSE,FALSE,FALSE
ID187,2025-12-17,3427,105350,,8,8,3494,91,0,0,FALSE,FALSE,FALSE
ID187,2025-12-18,3425,105750,,8,8,3738,91,0,0,FALSE,FALSE,FALSE
ID187,2025-12-19,3840,107200,,7,7,4267,91,0,0,FALSE,FALSE,FALSE
ID187,2025-12-20,2874,109050,,6,6,3051,91,0,0,FALSE,FALSE,FALSE
ID187,2025-12-21,3463,109200,,8,8,3705,91,0,0,FALSE,FALSE,FALSE
ID187,2025-12-22,3043,110100,,6,6,3002,91,0,0,FALSE,FALSE,FALSE
ID187,2025-12-23,3727,112200,,10,10,4051,91,0,0,FALSE,FALSE,FALSE
ID187,2025-12-24,2442,111350,,6,6,2530,91,0,0,FALSE,FALSE,FALSE
ID187,2025-12-25,3555,113100,,7,7,3741,91,0,0,FALSE,FALSE,FALSE
ID187,2025-12-26,1418,112950,,4,0,0,91,0,4,FALSE,FALSE,FALSE
ID191,2025-09-12,180,27200,,4,0,0,92,1,4,FALSE,FALSE,FALSE
ID191,2025-09-13,265,42000,,5,0,0,92,3,5,FALSE,FALSE,FALSE
ID191,2025-09-14,258,39200,,4,0,0,92,2,4,FALSE,FALSE,FALSE
ID191,2025-09-15,779,29150,,13,13,2024,92,1,0,FALSE,FALSE,FALSE
ID191,2025-09-16,618,29300,,7,7,1924,92,0,0,FALSE,FALSE,FALSE
ID191,2025-09-17,365,29300,,5,5,1431,92,0,0,FALSE,FALSE,FALSE
ID191,2025-09-18,783,31650,,10,10,2124,92,0,0,FALSE,FALSE,FALSE
ID191,2025-09-19,532,32725,,8,8,996,92,8,0,FALSE,TRUE,FALSE
ID191,2025-09-20,532,33800,,9,9,1262,92,0,0,FALSE,FALSE,FALSE
ID191,2025-09-21,830,32300,,12,12,1432,92,12,0,FALSE,TRUE,FALSE
ID191,2025-09-22,593,30800,,9,9,1713,92,0,0,FALSE,FALSE,FALSE
ID191,2025-09-23,1352,31400,,8,8,2926,92,1,0,FALSE,FALSE,FALSE
ID191,2025-09-24,315,32250,,4,4,615,92,4,0,FALSE,TRUE,FALSE
ID191,2025-09-25,881,33100,,8,8,2008,92,0,0,FALSE,FALSE,FALSE
ID191,2025-09-26,657,38900,,11,11,1683,92,0,0,FALSE,FALSE,FALSE
ID191,2025-09-27,705,39400,,12,12,1696,92,1,0,FALSE,FALSE,FALSE
ID191,2025-09-28,571,33400,,4,4,1983,92,0,0,FALSE,FALSE,FALSE
ID191,2025-09-29,1276,35100,,8,8,2832,92,0,0,FALSE,FALSE,FALSE
ID191,2025-09-30,1083,35700,,10,10,3487,92,0,0,FALSE,FALSE,FALSE
ID191,2025-10-01,1125,35850,,8,8,2945,92,0,0,FALSE,FALSE,FALSE
ID191,2025-10-02,1608,37400,,23,23,3658,92,0,0,FALSE,FALSE,FALSE
ID191,2025-10-03,1388,38400,,13,13,2511,92,0,0,FALSE,FALSE,FALSE
ID191,2025-10-04,1556,39200,,12,12,3547,92,0,0,FALSE,FALSE,FALSE
ID191,2025-10-05,1397,39800,,19,19,3486,92,0,0,FALSE,FALSE,FALSE
ID191,2025-10-06,1780,40600,,23,23,3957,92,0,0,FALSE,FALSE,FALSE
ID191,2025-10-07,1700,41500,,16,16,3808,92,0,0,FALSE,FALSE,FALSE
ID191,2025-10-08,946,42000,,6,6,2109,92,0,0,FALSE,FALSE,FALSE
ID191,2025-10-09,2000,42500,,16,16,3517,92,0,0,FALSE,FALSE,FALSE
ID191,2025-10-10,1199,42600,,7,7,2792,92,0,0,FALSE,FALSE,FALSE
ID191,2025-10-11,1667,43900,,9,9,3298,92,0,0,FALSE,FALSE,FALSE
ID191,2025-10-12,1623,45500,,12,12,3383,92,0,0,FALSE,FALSE,FALSE
ID191,2025-10-13,1428,45800,,9,9,3204,92,0,0,FALSE,FALSE,FALSE
ID191,2025-10-14,1387,44750,,8,8,2856,92,0,0,FALSE,FALSE,FALSE
ID191,2025-10-15,1566,47000,,6,6,2834,92,0,0,FALSE,FALSE,FALSE
ID191,2025-10-16,1274,47900,,9,9,3022,92,0,0,FALSE,FALSE,FALSE
ID191,2025-10-17,1586,48850,,12,12,3424,92,0,0,FALSE,FALSE,FALSE
ID191,2025-10-18,1417,49400,,9,9,3140,92,0,0,FALSE,FALSE,FALSE
ID191,2025-10-19,1425,50450,,10,10,3287,92,0,0,FALSE,FALSE,FALSE
ID191,2025-10-20,1378,51200,,5,5,2956,92,0,0,FALSE,FALSE,FALSE
ID191,2025-10-21,301,51650,,4,0,0,92,0,4,FALSE,FALSE,FALSE
ID191,2025-10-22,1023,56500,,2,2,1919,92,0,0,FALSE,FALSE,FALSE
ID191,2025-10-23,1898,58800,,9,9,2762,92,0,0,FALSE,FALSE,FALSE
ID191,2025-10-24,1805,59600,,9,9,3204,92,0,0,FALSE,FALSE,FALSE
ID191,2025-10-25,2818,60500,,5,5,4111,92,0,0,FALSE,FALSE,FALSE
ID191,2025-10-26,2302,60700,,7,7,3317,92,0,0,FALSE,FALSE,FALSE
ID191,2025-10-27,2363,61700,,5,5,3579,92,0,0,FALSE,FALSE,FALSE
ID191,2025-10-28,2419,62800,,6,6,3588,92,0,0,FALSE,FALSE,FALSE
ID191,2025-10-29,2484,64200,,8,8,4004,92,0,0,FALSE,FALSE,FALSE
ID191,2025-10-30,1965,65700,,7,7,3266,92,0,0,FALSE,FALSE,FALSE
ID191,2025-10-31,2074,65800,,8,8,3429,92,0,0,FALSE,FALSE,FALSE
ID191,2025-11-01,2314,67200,,9,9,3700,92,0,0,FALSE,FALSE,FALSE
ID191,2025-11-02,2311,63050,,10,10,3970,92,0,0,FALSE,FALSE,FALSE
ID191,2025-11-03,2307,64000,,5,5,3721,92,0,0,FALSE,FALSE,FALSE
ID191,2025-11-04,2889,65600,,13,13,4411,92,0,0,FALSE,FALSE,FALSE
ID191,2025-11-05,2153,66500,,13,13,3707,92,0,0,FALSE,FALSE,FALSE
ID191,2025-11-06,1706,66500,,13,13,3410,92,0,0,FALSE,FALSE,FALSE
ID191,2025-11-07,2521,67700,,9,9,3951,92,0,0,FALSE,FALSE,FALSE
ID191,2025-11-08,1127,67200,,5,5,1907,92,0,0,FALSE,FALSE,FALSE
ID191,2025-11-09,2265,68600,,7,7,3916,92,0,0,FALSE,FALSE,FALSE
ID191,2025-11-10,1294,67400,,2,2,2149,92,0,0,FALSE,FALSE,FALSE
ID191,2025-11-11,841,68600,,5,0,0,92,0,5,FALSE,FALSE,FALSE
ID191,2025-11-12,1079,68000,,3,3,1189,92,0,0,FALSE,FALSE,FALSE
ID191,2025-11-13,3641,70600,,7,0,0,92,0,7,FALSE,FALSE,FALSE
ID191,2025-11-14,3065,74150,,12,12,4284,92,0,0,FALSE,FALSE,FALSE
ID191,2025-11-15,2774,75700,,14,14,3751,92,0,0,FALSE,FALSE,FALSE
ID191,2025-11-16,2976,76100,,11,11,4331,92,0,0,FALSE,FALSE,FALSE
ID191,2025-11-17,2407,76850,,8,8,3585,92,0,0,FALSE,FALSE,FALSE
ID191,2025-11-18,2285,77600,,7,7,3409,92,0,0,FALSE,FALSE,FALSE
ID191,2025-11-19,3147,76900,,11,0,0,92,0,11,FALSE,FALSE,FALSE
ID191,2025-11-20,1835,79100,,6,6,2597,92,0,0,FALSE,FALSE,FALSE
ID191,2025-11-21,3575,79800,,9,0,0,92,0,9,FALSE,FALSE,FALSE
ID191,2025-11-22,2372,81000,,19,19,3561,92,0,0,FALSE,FALSE,FALSE
ID191,2025-11-23,2877,81700,,10,10,4516,92,0,0,FALSE,FALSE,FALSE
ID191,2025-11-24,2844,83900,,5,5,3494,92,0,0,FALSE,FALSE,FALSE
ID191,2025-11-25,3638,83900,,8,8,5307,92,0,0,FALSE,FALSE,FALSE
ID191,2025-11-26,2522,84400,,5,5,2879,92,0,0,FALSE,FALSE,FALSE
ID191,2025-11-27,3418,86300,,9,9,4605,92,0,0,FALSE,FALSE,FALSE
ID191,2025-11-28,3168,87350,,14,14,4003,92,0,0,FALSE,FALSE,FALSE
ID191,2025-11-29,2828,88450,,12,12,3338,92,0,0,FALSE,FALSE,FALSE
ID191,2025-11-30,4767,90450,,12,0,0,92,0,12,FALSE,FALSE,FALSE
ID191,2025-12-01,3397,92200,,10,10,3493,92,0,0,FALSE,FALSE,FALSE
ID191,2025-12-02,2725,90300,,12,12,3090,92,0,0,FALSE,FALSE,FALSE
ID191,2025-12-03,3056,91400,,12,12,3634,92,0,0,FALSE,FALSE,FALSE
ID191,2025-12-04,3206,91200,,9,9,3517,92,0,0,FALSE,FALSE,FALSE
ID191,2025-12-05,3264,93350,,6,6,4143,92,0,0,FALSE,FALSE,FALSE
ID191,2025-12-06,2864,94800,,11,11,4104,92,0,0,FALSE,FALSE,FALSE
ID191,2025-12-07,2819,96300,,7,7,3941,92,0,0,FALSE,FALSE,FALSE
ID191,2025-12-08,3521,97200,,13,13,4209,92,0,0,FALSE,FALSE,FALSE
ID191,2025-12-09,3556,99300,,7,7,4634,92,0,0,FALSE,FALSE,FALSE
ID191,2025-12-10,3281,102500,,9,9,3922,92,0,0,FALSE,FALSE,FALSE
ID191,2025-12-11,2578,102000,,7,7,2930,92,0,0,FALSE,FALSE,FALSE
ID191,2025-12-12,3046,101300,,4,4,3144,92,0,0,FALSE,FALSE,FALSE
ID191,2025-12-13,1928,102400,,4,0,0,92,0,4,FALSE,FALSE,FALSE
ID191,2025-12-14,4317,105800,,7,7,4619,92,0,0,FALSE,FALSE,FALSE
ID191,2025-12-15,3932,105800,,7,7,3998,92,0,0,FALSE,FALSE,FALSE
ID191,2025-12-16,3709,106000,,8,8,4158,92,0,0,FALSE,FALSE,FALSE
ID191,2025-12-17,3434,107250,,8,8,3577,92,0,0,FALSE,FALSE,FALSE
ID191,2025-12-18,3609,108800,,13,13,3429,92,0,0,FALSE,FALSE,FALSE
ID191,2025-12-19,2624,106600,,4,4,2239,92,0,0,FALSE,FALSE,FALSE
ID191,2025-12-20,3392,109500,,7,7,3500,92,0,0,FALSE,FALSE,FALSE
ID191,2025-12-21,3093,111100,,7,7,3058,92,0,0,FALSE,FALSE,FALSE
ID191,2025-12-22,2586,111300,,21,21,2640,92,0,0,FALSE,FALSE,FALSE
ID191,2025-12-23,3900,111900,,10,10,4109,92,0,0,FALSE,FALSE,FALSE
ID191,2025-12-24,3270,115850,,6,6,3726,92,0,0,FALSE,FALSE,FALSE
ID191,2025-12-25,4923,115550,,12,0,0,92,0,12,FALSE,FALSE,FALSE
ID191,2025-12-26,782,117250,,2,0,0,92,0,2,FALSE,FALSE,FALSE
ID192,2025-09-19,381,,,1,0,0,101,1,1,FALSE,TRUE,FALSE
ID192,2025-09-20,888,33700,,5,0,0,101,0,5,FALSE,FALSE,FALSE
ID192,2025-09-21,1671,34550,,20,20,2802,101,0,0,FALSE,FALSE,FALSE
ID192,2025-09-22,1867,36000,,10,10,3127,101,0,0,FALSE,FALSE,FALSE
ID192,2025-09-23,2201,36300,,9,9,4386,101,0,0,FALSE,FALSE,FALSE
ID192,2025-09-24,2056,36850,,8,8,3279,101,0,0,FALSE,FALSE,FALSE
ID192,2025-09-25,1836,38400,,10,10,3239,101,0,0,FALSE,FALSE,FALSE
ID192,2025-09-26,2154,39900,,13,13,3557,101,0,0,FALSE,FALSE,FALSE
ID192,2025-09-27,2042,39900,,14,14,3548,101,0,0,FALSE,FALSE,FALSE
ID192,2025-09-28,2230,40000,,5,5,3436,101,0,0,FALSE,FALSE,FALSE
ID192,2025-09-29,2829,40600,,13,13,3010,101,0,0,FALSE,FALSE,FALSE
ID192,2025-09-30,4576,42700,,12,12,3394,101,0,0,FALSE,FALSE,FALSE
ID192,2025-10-01,2422,41700,,10,10,2486,101,0,0,FALSE,FALSE,FALSE
ID192,2025-10-02,5067,44150,,8,0,0,101,0,8,FALSE,FALSE,FALSE
ID192,2025-10-03,3772,45650,,16,16,2917,101,0,0,FALSE,FALSE,FALSE
ID192,2025-10-04,2391,45600,,11,11,2427,101,0,0,FALSE,FALSE,FALSE
ID192,2025-10-05,3544,46900,,9,9,3126,101,0,0,FALSE,FALSE,FALSE
ID192,2025-10-06,4116,49400,,16,16,3736,101,0,0,FALSE,FALSE,FALSE
ID192,2025-10-07,2542,48800,,12,12,3213,101,0,0,FALSE,FALSE,FALSE
ID192,2025-10-08,3851,49700,,12,12,3453,101,0,0,FALSE,FALSE,FALSE
ID192,2025-10-09,4557,49300,,16,16,3641,101,0,0,FALSE,FALSE,FALSE
ID192,2025-10-10,2315,51300,,13,13,2559,101,0,0,FALSE,FALSE,FALSE
ID192,2025-10-11,3357,52050,,12,12,3358,101,0,0,FALSE,FALSE,FALSE
ID192,2025-10-12,3364,52400,,7,7,3331,101,0,0,FALSE,FALSE,FALSE
ID192,2025-10-13,3683,54500,,10,10,2766,101,0,0,FALSE,FALSE,FALSE
ID192,2025-10-14,4477,55750,,14,14,3274,101,0,0,FALSE,FALSE,FALSE
ID192,2025-10-15,4992,56600,,14,14,3597,101,0,0,FALSE,FALSE,FALSE
ID192,2025-10-16,2428,57300,,15,15,2513,101,0,0,FALSE,FALSE,FALSE
ID192,2025-10-17,4072,57500,,5,5,3244,101,0,0,FALSE,FALSE,FALSE
ID192,2025-10-18,2470,57300,,5,5,446,101,0,0,FALSE,FALSE,FALSE
ID192,2025-10-19,1402,55900,,2,2,979,101,0,0,FALSE,FALSE,FALSE
ID192,2025-10-20,4806,59700,,4,4,3942,101,0,0,FALSE,FALSE,FALSE
ID192,2025-10-21,3426,60850,,8,8,3390,101,0,0,FALSE,FALSE,FALSE
ID192,2025-10-22,2651,60800,,7,7,3099,101,0,0,FALSE,FALSE,FALSE
ID192,2025-10-23,2605,61300,,8,8,2950,101,0,0,FALSE,FALSE,FALSE
ID192,2025-10-24,3794,63300,,3,3,3220,101,0,0,FALSE,FALSE,FALSE
ID192,2025-10-25,3738,65900,,8,8,3583,101,0,0,FALSE,FALSE,FALSE
ID192,2025-10-26,3985,66200,,15,15,3425,101,0,0,FALSE,FALSE,FALSE
ID192,2025-10-27,3800,65750,,12,12,2681,101,0,0,FALSE,FALSE,FALSE
ID192,2025-10-28,3998,67600,,9,9,2800,101,0,0,FALSE,FALSE,FALSE
ID192,2025-10-29,4039,67800,,3,3,2799,101,0,0,FALSE,FALSE,FALSE
ID192,2025-10-30,3474,67900,,4,4,3135,101,0,0,FALSE,FALSE,FALSE
ID192,2025-10-31,2693,72000,,9,9,3218,101,0,0,FALSE,FALSE,FALSE
ID192,2025-11-01,4288,72500,,12,12,4657,101,0,0,FALSE,FALSE,FALSE
ID192,2025-11-02,2646,73700,,8,8,2779,101,0,0,FALSE,FALSE,FALSE
ID192,2025-11-03,4845,75100,,22,22,4931,101,0,0,FALSE,FALSE,FALSE
ID192,2025-11-04,2989,75700,,9,9,2933,101,0,0,FALSE,FALSE,FALSE
ID192,2025-11-05,5004,77750,,12,12,3878,101,0,0,FALSE,FALSE,FALSE
ID192,2025-11-06,2526,78100,,13,13,2398,101,0,0,FALSE,FALSE,FALSE
ID192,2025-11-07,2793,78350,,16,16,2569,101,0,0,FALSE,FALSE,FALSE
ID192,2025-11-08,4341,81100,,14,14,3789,101,0,0,FALSE,FALSE,FALSE
ID192,2025-11-09,3418,80100,,10,10,2867,101,0,0,FALSE,FALSE,FALSE
ID192,2025-11-10,3586,82800,,13,13,3145,101,0,0,FALSE,FALSE,FALSE
ID192,2025-11-11,2684,83900,,15,15,2714,101,0,0,FALSE,FALSE,FALSE
ID192,2025-11-12,3955,84800,,17,17,3401,101,0,0,FALSE,FALSE,FALSE
ID192,2025-11-13,3636,84300,,20,20,3067,101,0,0,FALSE,FALSE,FALSE
ID192,2025-11-14,3145,86500,,18,18,2830,101,0,0,FALSE,FALSE,FALSE
ID192,2025-11-15,3805,88300,,25,25,3260,101,0,0,FALSE,FALSE,FALSE
ID192,2025-11-16,3760,87500,,22,22,3574,101,0,0,FALSE,FALSE,FALSE
ID192,2025-11-17,2589,89800,,12,12,2878,101,0,0,FALSE,FALSE,FALSE
ID192,2025-11-18,3124,88950,,10,10,3235,101,0,0,FALSE,FALSE,FALSE
ID192,2025-11-19,3718,90600,,25,25,3301,101,0,0,FALSE,FALSE,FALSE
ID192,2025-11-20,2344,90300,,28,28,2375,101,0,0,FALSE,FALSE,FALSE
ID192,2025-11-21,4554,92000,,17,17,4632,101,0,0,FALSE,FALSE,FALSE
ID192,2025-11-22,1419,93300,,13,13,1423,101,0,0,FALSE,FALSE,FALSE
ID192,2025-11-23,3801,92800,,18,18,3472,101,0,0,FALSE,FALSE,FALSE
ID192,2025-11-24,2640,96400,,20,20,2201,101,0,0,FALSE,FALSE,FALSE
ID192,2025-11-25,3046,95700,,29,29,2490,101,0,0,FALSE,FALSE,FALSE
ID192,2025-11-26,3229,97900,,28,28,2545,101,0,0,FALSE,FALSE,FALSE
ID192,2025-11-27,2956,99200,,34,34,2259,101,0,0,FALSE,FALSE,FALSE
ID192,2025-11-28,2234,99700,,44,44,1840,101,0,0,FALSE,FALSE,FALSE
ID192,2025-11-29,3357,100150,,26,26,3051,101,0,0,FALSE,FALSE,FALSE
ID192,2025-11-30,2650,100500,,19,19,2039,101,0,0,FALSE,FALSE,FALSE
ID192,2025-12-01,3289,100500,,23,23,2530,101,0,0,FALSE,FALSE,FALSE
ID192,2025-12-02,2086,101550,,20,20,1603,101,0,0,FALSE,FALSE,FALSE
ID192,2025-12-03,3338,101350,,26,26,2477,101,0,0,FALSE,FALSE,FALSE
ID192,2025-12-04,4593,104750,,24,24,3280,101,0,0,FALSE,FALSE,FALSE
ID192,2025-12-05,3345,104300,,18,18,2641,101,0,0,FALSE,FALSE,FALSE
ID192,2025-12-06,4377,104850,,26,26,2880,101,0,0,FALSE,FALSE,FALSE
ID192,2025-12-07,2601,105750,,10,10,2229,101,0,0,FALSE,FALSE,FALSE
ID192,2025-12-08,3130,109500,,12,12,2587,101,0,0,FALSE,FALSE,FALSE
ID192,2025-12-09,2566,110000,,10,10,2254,101,0,0,FALSE,FALSE,FALSE
ID192,2025-12-10,3336,110500,,9,9,2933,101,0,0,FALSE,FALSE,FALSE
ID192,2025-12-11,2820,111850,,16,16,1887,101,0,0,FALSE,FALSE,FALSE
ID192,2025-12-12,4088,113600,,12,12,3711,101,0,0,FALSE,FALSE,FALSE
ID192,2025-12-13,2892,113700,,11,11,2570,101,0,0,FALSE,FALSE,FALSE
ID192,2025-12-14,2802,115600,,12,12,2593,101,0,0,FALSE,FALSE,FALSE
ID192,2025-12-15,4228,116800,,11,11,3196,101,0,0,FALSE,FALSE,FALSE
ID192,2025-12-16,3082,115900,,10,10,2503,101,0,0,FALSE,FALSE,FALSE
ID192,2025-12-17,2782,116400,,9,9,2527,101,0,0,FALSE,FALSE,FALSE
ID192,2025-12-18,3076,117300,,11,11,2924,101,0,0,FALSE,FALSE,FALSE
ID192,2025-12-19,3589,116600,,20,20,2255,101,0,0,FALSE,FALSE,FALSE
ID192,2025-12-20,3576,120700,,13,13,2548,101,0,0,FALSE,FALSE,FALSE
ID192,2025-12-21,2632,120800,,24,24,1904,101,0,0,FALSE,FALSE,FALSE
ID192,2025-12-22,966,121050,,4,0,0,101,0,4,FALSE,FALSE,FALSE
ID193,2025-09-19,829,41350,,8,0,0,101,2,8,FALSE,FALSE,FALSE
ID193,2025-09-20,1286,33650,,16,16,4224,101,0,0,FALSE,FALSE,FALSE
ID193,2025-09-21,1595,34225,,28,28,3620,101,28,0,FALSE,TRUE,FALSE
ID193,2025-09-22,1916,34800,,15,15,4007,101,0,0,FALSE,FALSE,FALSE
ID193,2025-09-23,2123,35400,,16,16,3956,101,0,0,FALSE,FALSE,FALSE
ID193,2025-09-24,1549,35500,,6,6,2979,101,0,0,FALSE,FALSE,FALSE
ID193,2025-09-25,1228,36250,,8,8,3115,101,0,0,FALSE,FALSE,FALSE
ID193,2025-09-26,2145,36900,,10,10,4336,101,0,0,FALSE,FALSE,FALSE
ID193,2025-09-27,1598,38200,,14,14,3742,101,0,0,FALSE,FALSE,FALSE
ID193,2025-09-28,1787,37400,,9,9,4011,101,0,0,FALSE,FALSE,FALSE
ID193,2025-09-29,2116,37600,,9,9,2735,101,0,0,FALSE,FALSE,FALSE
ID193,2025-09-30,3485,39500,,16,16,4024,101,0,0,FALSE,FALSE,FALSE
ID193,2025-10-01,2705,38500,,14,14,3547,101,0,0,FALSE,FALSE,FALSE
ID193,2025-10-02,3177,40800,,13,13,3451,101,0,0,FALSE,FALSE,FALSE
ID193,2025-10-03,4175,41500,,22,22,5132,101,0,0,FALSE,FALSE,FALSE
ID193,2025-10-04,3352,42100,,10,10,3952,101,0,0,FALSE,FALSE,FALSE
ID193,2025-10-05,2909,43900,,11,11,3583,101,0,0,FALSE,FALSE,FALSE
ID193,2025-10-06,2974,44950,,14,14,3370,101,0,0,FALSE,FALSE,FALSE
ID193,2025-10-07,4318,45950,,20,20,6596,101,0,0,FALSE,FALSE,FALSE
ID193,2025-10-08,3849,46600,,22,22,5093,101,0,0,FALSE,FALSE,FALSE
ID193,2025-10-09,3101,46800,,18,18,4260,101,0,0,FALSE,FALSE,FALSE
ID193,2025-10-10,3858,48100,,18,18,4879,101,0,0,FALSE,FALSE,FALSE
ID193,2025-10-11,3125,49000,,11,11,4860,101,0,0,FALSE,FALSE,FALSE
ID193,2025-10-12,3782,49700,,16,16,5644,101,0,0,FALSE,FALSE,FALSE
ID193,2025-10-13,4751,51000,,11,11,5015,101,0,0,FALSE,FALSE,FALSE
ID193,2025-10-14,4758,52100,,15,15,4682,101,0,0,FALSE,FALSE,FALSE
ID193,2025-10-15,3243,52600,,10,10,3663,101,0,0,FALSE,FALSE,FALSE
ID193,2025-10-16,3998,53300,,11,11,5182,101,0,0,FALSE,FALSE,FALSE
ID193,2025-10-17,4015,54050,,10,10,5473,101,0,0,FALSE,FALSE,FALSE
ID193,2025-10-18,1410,55950,,4,4,1382,101,0,0,FALSE,FALSE,FALSE
ID193,2025-10-19,2580,54250,,4,4,2605,101,0,0,FALSE,FALSE,FALSE
ID193,2025-10-20,4866,57600,,12,12,6166,101,0,0,FALSE,FALSE,FALSE
ID193,2025-10-21,4060,58200,,14,14,5885,101,0,0,FALSE,FALSE,FALSE
ID193,2025-10-22,4990,58100,,11,11,5999,101,0,0,FALSE,FALSE,FALSE
ID193,2025-10-23,3444,57950,,8,8,5119,101,0,0,FALSE,FALSE,FALSE
ID193,2025-10-24,4858,60900,,12,12,5501,101,0,0,FALSE,FALSE,FALSE
ID193,2025-10-25,3455,62000,,19,19,4961,101,0,0,FALSE,FALSE,FALSE
ID193,2025-10-26,5099,62900,,10,10,4672,101,0,0,FALSE,FALSE,FALSE
ID193,2025-10-27,3287,62000,,4,4,2486,101,0,0,FALSE,FALSE,FALSE
ID193,2025-10-28,2894,62300,,4,4,2303,101,0,0,FALSE,FALSE,FALSE
ID193,2025-10-29,4926,63500,,7,7,3973,101,0,0,FALSE,FALSE,FALSE
ID193,2025-10-30,1974,65500,,12,12,2819,101,0,0,FALSE,FALSE,FALSE
ID193,2025-10-31,1985,67800,,25,25,3335,101,0,0,FALSE,FALSE,FALSE
ID193,2025-11-01,3011,68900,,20,20,4169,101,0,0,FALSE,FALSE,FALSE
ID193,2025-11-02,3089,69950,,22,22,4546,101,0,0,FALSE,FALSE,FALSE
ID193,2025-11-03,5430,71300,,24,24,7385,101,0,0,FALSE,FALSE,FALSE
ID193,2025-11-04,3939,72900,,15,15,4964,101,0,0,FALSE,FALSE,FALSE
ID193,2025-11-05,5495,73900,,21,0,0,101,0,21,FALSE,FALSE,FALSE
ID193,2025-11-06,3082,74500,,17,17,3558,101,0,0,FALSE,FALSE,FALSE
ID193,2025-11-07,3448,75450,,18,18,4030,101,0,0,FALSE,FALSE,FALSE
ID193,2025-11-08,3417,76350,,22,22,3642,101,0,0,FALSE,FALSE,FALSE
ID193,2025-11-09,4262,78350,,20,20,4582,101,0,0,FALSE,FALSE,FALSE
ID193,2025-11-10,3535,78600,,19,19,4372,101,0,0,FALSE,FALSE,FALSE
ID193,2025-11-11,3427,79300,,19,19,4774,101,0,0,FALSE,FALSE,FALSE
ID193,2025-11-12,4093,80700,,22,22,5576,101,0,0,FALSE,FALSE,FALSE
ID193,2025-11-13,2232,79150,,12,12,2613,101,0,0,FALSE,FALSE,FALSE
ID193,2025-11-14,4215,83200,,23,23,4351,101,0,0,FALSE,FALSE,FALSE
ID193,2025-11-15,3874,84100,,17,17,4706,101,0,0,FALSE,FALSE,FALSE
ID193,2025-11-16,4090,85200,,20,20,5533,101,0,0,FALSE,FALSE,FALSE
ID193,2025-11-17,3499,86500,,21,21,5215,101,0,0,FALSE,FALSE,FALSE
ID193,2025-11-18,3995,86400,,22,22,4747,101,0,0,FALSE,FALSE,FALSE
ID193,2025-11-19,3577,86800,,25,25,4901,101,0,0,FALSE,FALSE,FALSE
ID193,2025-11-20,4187,87000,,34,34,5413,101,0,0,FALSE,FALSE,FALSE
ID193,2025-11-21,3876,88300,,20,20,5219,101,0,0,FALSE,FALSE,FALSE
ID193,2025-11-22,3062,89400,,21,21,4301,101,0,0,FALSE,FALSE,FALSE
ID193,2025-11-23,3267,90000,,27,27,4088,101,0,0,FALSE,FALSE,FALSE
ID193,2025-11-24,3602,94200,,27,27,4942,101,0,0,FALSE,FALSE,FALSE
ID193,2025-11-25,3853,93100,,28,28,4735,101,0,0,FALSE,FALSE,FALSE
ID193,2025-11-26,3100,94550,,24,24,3803,101,0,0,FALSE,FALSE,FALSE
ID193,2025-11-27,3909,96200,,26,26,5004,101,0,0,FALSE,FALSE,FALSE
ID193,2025-11-28,2387,97000,,26,26,3240,101,0,0,FALSE,FALSE,FALSE
ID193,2025-11-30,872,94000,,3,0,0,98,0,3,FALSE,FALSE,FALSE
ID193,2025-12-01,817,92600,,2,0,0,98,0,2,FALSE,FALSE,FALSE
ID193,2025-12-02,1012,93400,,5,5,709,98,0,0,FALSE,FALSE,FALSE
ID193,2025-12-03,3138,96050,,6,6,3725,98,0,0,FALSE,FALSE,FALSE
ID193,2025-12-04,2295,95350,,10,10,3153,98,0,0,FALSE,FALSE,FALSE
ID193,2025-12-05,3146,98700,,5,5,3827,98,0,0,FALSE,FALSE,FALSE
ID193,2025-12-06,3972,101150,,10,10,4634,98,0,0,FALSE,FALSE,FALSE
ID193,2025-12-07,4232,102500,,11,11,5432,98,0,0,FALSE,FALSE,FALSE
ID193,2025-12-08,3860,104050,,14,14,4541,98,0,0,FALSE,FALSE,FALSE
ID193,2025-12-09,3497,105300,,10,10,4124,98,0,0,FALSE,FALSE,FALSE
ID193,2025-12-10,3025,105100,,8,8,3599,98,0,0,FALSE,FALSE,FALSE
ID193,2025-12-11,940,105750,,2,2,1275,98,0,0,FALSE,FALSE,FALSE
ID193,2025-12-12,4487,108050,,10,10,6008,98,0,0,FALSE,FALSE,FALSE
ID193,2025-12-13,5238,110000,,11,11,6012,98,0,0,FALSE,FALSE,FALSE
ID193,2025-12-14,4311,111000,,13,13,4606,98,0,0,FALSE,FALSE,FALSE
ID193,2025-12-15,2577,111000,,9,9,2926,98,0,0,FALSE,FALSE,FALSE
ID193,2025-12-16,3784,115100,,10,10,4890,98,0,0,FALSE,FALSE,FALSE
ID193,2025-12-17,3728,118000,,16,16,5104,98,0,0,FALSE,FALSE,FALSE
ID193,2025-12-18,3399,116900,,8,8,4479,98,0,0,FALSE,FALSE,FALSE
ID193,2025-12-19,3153,117600,,11,11,3652,98,0,0,FALSE,FALSE,FALSE
ID193,2025-12-20,4857,121300,,11,11,6194,98,0,0,FALSE,FALSE,FALSE
ID193,2025-12-21,3526,123500,,11,11,4295,98,0,0,FALSE,FALSE,FALSE
ID193,2025-12-22,1197,123100,,7,7,1297,98,0,0,FALSE,FALSE,FALSE
ID193,2025-12-24,3671,122450,,16,16,3426,98,0,0,FALSE,FALSE,FALSE
ID196,2025-09-17,448,,,1,0,0,97,1,1,FALSE,TRUE,FALSE
ID196,2025-09-18,634,37700,,10,10,1457,97,2,0,FALSE,FALSE,FALSE
ID196,2025-09-19,960,32400,,5,5,2666,97,2,0,FALSE,FALSE,FALSE
ID196,2025-09-20,109,30500,,3,0,0,97,3,3,FALSE,TRUE,FALSE
ID196,2025-09-21,280,28600,,4,0,0,97,4,4,FALSE,TRUE,FALSE
ID196,2025-09-22,752,26700,,6,6,2200,97,3,0,FALSE,FALSE,FALSE
ID196,2025-09-23,635,27150,,7,7,1793,97,1,0,FALSE,FALSE,FALSE
ID196,2025-09-24,636,27300,,3,3,1550,97,0,0,FALSE,FALSE,FALSE
ID196,2025-09-25,1307,28200,,5,5,1865,97,0,0,FALSE,FALSE,FALSE
ID196,2025-09-26,1220,29000,,7,7,2852,97,0,0,FALSE,FALSE,FALSE
ID196,2025-09-27,621,29350,,4,4,1868,97,0,0,FALSE,FALSE,FALSE
ID196,2025-09-28,1655,31100,,9,9,3777,97,0,0,FALSE,FALSE,FALSE
ID196,2025-09-29,1063,32100,,6,6,2684,97,0,0,FALSE,FALSE,FALSE
ID196,2025-09-30,1096,32300,,5,5,1985,97,0,0,FALSE,FALSE,FALSE
ID196,2025-10-01,1511,33300,,7,7,3554,97,0,0,FALSE,FALSE,FALSE
ID196,2025-10-02,1467,34800,,7,7,3880,97,0,0,FALSE,FALSE,FALSE
ID196,2025-10-03,1196,35400,,5,5,2885,97,0,0,FALSE,FALSE,FALSE
ID196,2025-10-04,1264,36300,,4,4,2683,97,4,0,FALSE,TRUE,FALSE
ID196,2025-10-05,2462,37200,,10,10,4074,97,0,0,FALSE,FALSE,FALSE
ID196,2025-10-06,1467,33500,,4,4,2569,97,0,0,FALSE,FALSE,FALSE
ID196,2025-10-07,1994,38600,,8,8,4056,97,0,0,FALSE,FALSE,FALSE
ID196,2025-10-08,1101,38600,,5,5,2158,97,0,0,FALSE,FALSE,FALSE
ID196,2025-10-09,1140,39700,,4,4,1983,97,0,0,FALSE,FALSE,FALSE
ID196,2025-10-10,1324,41450,,6,6,2308,97,0,0,FALSE,FALSE,FALSE
ID196,2025-10-11,1924,41800,,6,6,3990,97,0,0,FALSE,FALSE,FALSE
ID196,2025-10-12,1816,42600,,6,6,3506,97,0,0,FALSE,FALSE,FALSE
ID196,2025-10-13,1319,43600,,5,5,2456,97,0,0,FALSE,FALSE,FALSE
ID196,2025-10-14,1902,44800,,9,9,3181,97,0,0,FALSE,FALSE,FALSE
ID196,2025-10-15,1006,45200,,5,5,1998,97,0,0,FALSE,FALSE,FALSE
ID196,2025-10-16,2499,46100,,5,5,4199,97,0,0,FALSE,FALSE,FALSE
ID196,2025-10-17,1851,47200,,7,7,3545,97,0,0,FALSE,FALSE,FALSE
ID196,2025-10-18,2029,48900,,5,5,2189,97,0,0,FALSE,FALSE,FALSE
ID196,2025-10-19,2962,48550,,6,6,3875,97,0,0,FALSE,FALSE,FALSE
ID196,2025-10-20,2123,50900,,7,7,3437,97,0,0,FALSE,FALSE,FALSE
ID196,2025-10-21,1145,51850,,4,4,2086,97,0,0,FALSE,FALSE,FALSE
ID196,2025-10-22,2509,54800,,7,7,3840,97,0,0,FALSE,FALSE,FALSE
ID196,2025-10-23,2209,56200,,6,6,3368,97,0,0,FALSE,FALSE,FALSE
ID196,2025-10-24,3103,58400,,9,9,4740,97,0,0,FALSE,FALSE,FALSE
ID196,2025-10-25,2670,58800,,10,10,4598,97,0,0,FALSE,FALSE,FALSE
ID196,2025-10-26,2336,57700,,7,7,4025,97,0,0,FALSE,FALSE,FALSE
ID196,2025-10-27,2631,58650,,4,4,3905,97,0,0,FALSE,FALSE,FALSE
ID196,2025-10-28,2965,61000,,10,10,3824,97,0,0,FALSE,FALSE,FALSE
ID196,2025-10-29,3077,61700,,8,8,4474,97,0,0,FALSE,FALSE,FALSE
ID196,2025-10-30,1727,61400,,11,11,2790,97,0,0,FALSE,FALSE,FALSE
ID196,2025-10-31,2112,61100,,7,7,3201,97,0,0,FALSE,FALSE,FALSE
ID196,2025-11-01,1671,62200,,8,8,2722,97,0,0,FALSE,FALSE,FALSE
ID196,2025-11-02,1176,58300,,8,8,1862,97,0,0,FALSE,FALSE,FALSE
ID196,2025-11-03,1481,59550,,6,6,2604,97,0,0,FALSE,FALSE,FALSE
ID196,2025-11-04,2433,60800,,10,10,3806,97,0,0,FALSE,FALSE,FALSE
ID196,2025-11-05,2072,61200,,9,9,3173,97,0,0,FALSE,FALSE,FALSE
ID196,2025-11-06,2385,61300,,14,14,3508,97,0,0,FALSE,FALSE,FALSE
ID196,2025-11-07,2575,65000,,15,15,4170,97,0,0,FALSE,FALSE,FALSE
ID196,2025-11-08,3197,67900,,11,11,4188,97,0,0,FALSE,FALSE,FALSE
ID196,2025-11-09,3265,71700,,14,14,4756,97,0,0,FALSE,FALSE,FALSE
ID196,2025-11-10,3196,72200,,7,7,3643,97,0,0,FALSE,FALSE,FALSE
ID196,2025-11-11,4086,73900,,20,20,5066,97,0,0,FALSE,FALSE,FALSE
ID196,2025-11-12,2867,76100,,10,10,3165,97,0,0,FALSE,FALSE,FALSE
ID196,2025-11-13,1741,74800,,5,5,1540,97,0,0,FALSE,FALSE,FALSE
ID196,2025-11-14,3718,76850,,12,12,3987,97,0,0,FALSE,FALSE,FALSE
ID196,2025-11-15,3103,77600,,11,11,3412,97,0,0,FALSE,FALSE,FALSE
ID196,2025-11-16,4259,79500,,9,9,4784,97,0,0,FALSE,FALSE,FALSE
ID196,2025-11-17,3875,81250,,8,8,4260,97,0,0,FALSE,FALSE,FALSE
ID196,2025-11-18,3206,81500,,15,15,2858,97,0,0,FALSE,FALSE,FALSE
ID196,2025-11-19,5112,80100,,17,0,0,97,0,17,FALSE,FALSE,FALSE
ID196,2025-11-20,3104,81200,,7,7,3212,97,0,0,FALSE,FALSE,FALSE
ID196,2025-11-21,3408,82600,,11,11,3579,97,0,0,FALSE,FALSE,FALSE
ID196,2025-11-22,3733,83800,,12,12,4208,97,0,0,FALSE,FALSE,FALSE
ID196,2025-11-23,2195,82500,,10,10,2291,97,0,0,FALSE,FALSE,FALSE
ID196,2025-11-24,2977,84850,,8,8,3170,97,0,0,FALSE,FALSE,FALSE
ID196,2025-11-25,3587,86400,,10,10,3379,97,0,0,FALSE,FALSE,FALSE
ID196,2025-11-26,3988,89000,,10,10,3310,97,0,0,FALSE,FALSE,FALSE
ID196,2025-11-27,3674,92400,,12,12,3688,97,0,0,FALSE,FALSE,FALSE
ID196,2025-11-28,3783,93100,,7,7,4241,97,0,0,FALSE,FALSE,FALSE
ID196,2025-11-29,3518,92300,,7,7,3143,97,0,0,FALSE,FALSE,FALSE
ID196,2025-11-30,4453,95200,,12,12,4077,97,1,0,FALSE,FALSE,FALSE
ID196,2025-12-01,3704,96300,,11,11,3853,97,0,0,FALSE,FALSE,FALSE
ID196,2025-12-02,2204,97900,,3,3,1962,97,0,0,FALSE,FALSE,FALSE
ID196,2025-12-06,2883,100400,,7,7,3099,97,0,0,FALSE,FALSE,FALSE
ID196,2025-12-07,3765,103500,,8,8,3652,97,0,0,FALSE,FALSE,FALSE
ID196,2025-12-08,3515,102600,,11,11,3244,97,0,0,FALSE,FALSE,FALSE
ID196,2025-12-09,3899,103100,,12,12,3580,97,0,0,FALSE,FALSE,FALSE
ID196,2025-12-10,3314,104750,,8,8,3169,97,0,0,FALSE,FALSE,FALSE
ID196,2025-12-11,3923,105850,,8,8,2585,97,0,0,FALSE,FALSE,FALSE
ID196,2025-12-12,4107,108900,,11,11,3640,97,0,0,FALSE,FALSE,FALSE
ID196,2025-12-13,4005,108400,,10,10,2957,97,0,0,FALSE,FALSE,FALSE
ID196,2025-12-14,3804,109800,,11,11,3722,97,0,0,FALSE,FALSE,FALSE
ID196,2025-12-15,3822,109700,,9,9,3656,97,0,0,FALSE,FALSE,FALSE
ID196,2025-12-16,4546,114200,,9,9,4202,97,0,0,FALSE,FALSE,FALSE
ID196,2025-12-17,3405,114000,,9,9,3175,97,0,0,FALSE,FALSE,FALSE
ID196,2025-12-18,3810,114100,,10,10,3759,97,0,0,FALSE,FALSE,FALSE
ID196,2025-12-19,2611,113200,,5,5,2519,97,0,0,FALSE,FALSE,FALSE
ID196,2025-12-20,3089,114400,,6,6,2508,97,0,0,FALSE,FALSE,FALSE
ID196,2025-12-21,2694,114700,,7,7,2282,97,0,0,FALSE,FALSE,FALSE
ID196,2025-12-22,1924,116600,,4,4,1705,97,0,0,FALSE,FALSE,FALSE
ID196,2025-12-24,924,,,2,2,542,97,2,0,FALSE,TRUE,FALSE
