animal_number,lifenumber,responder,location,visit_time,duration,state,weight,feed_intake
70834137,LL22136804M,982091101334137,1708,2022-11-09 00:04:56,594,0,34500,165
70839149,LL22151302M,982091101339149,1708,2022-11-09 00:32:02,330,0,55000,100
70821254,LL22145301M,982091101121254,1708,2022-11-09 00:37:32,1467,0,36500,380
70839149,LL22151302M,982091101339149,1708,2022-11-09 01:26:31,457,0,37000,168
70834912,LL22137303M,982091101334912,1708,2022-11-09 01:51:19,418,0,29000,143
70821306,LL22145602M,982091101121306,1708,2022-11-09 02:34:47,267,0,41500,124
70834904,LL22149702M,982091101334904,1708,2022-11-09 02:41:02,538,0,52500,155
70832894,LL22137003M,982091101332894,1708,2022-11-09 02:50:04,329,0,36000,72
70834115,LL22151701M,982091101334115,1708,2022-11-09 03:39:35,400,0,37500,240
70834137,LL22136804M,982091101334137,1708,2022-11-09 04:22:37,808,0,34500,253
70821306,LL22145602M,982091101121306,1708,2022-11-09 04:39:22,388,0,42000,208
70834870,LL22138604M,982091101334870,1708,2022-11-09 04:46:02,769,0,33500,240
70839149,LL22151302M,982091101339149,1708,2022-11-09 05:07:26,487,0,37500,195
70832894,LL22137003M,982091101332894,1708,2022-11-09 05:38:40,724,0,35500,246
70821306,LL22145602M,982091101121306,1708,2022-11-09 06:41:21,441,0,41500,242
70839149,LL22151302M,982091101339149,1708,2022-11-09 07:33:21,383,0,53500,164
70834137,LL22136804M,982091101334137,1708,2022-11-09 07:39:53,179,0,65500,38
70834137,LL22136804M,982091101334137,1708,2022-11-09 07:43:41,16,0,,17
70834870,LL22138604M,982091101334870,1708,2022-11-09 07:43:57,539,0,33000,91
70832894,LL22137003M,982091101332894,1708,2022-11-09 07:56:15,698,0,36000,289
70821276,LL22142904M,982091101121276,1708,2022-11-09 08:08:09,663,0,33000,257
70834912,LL22137303M,982091101334912,1708,2022-11-09 08:21:22,157,0,46000,44
70834912,LL22137303M,982091101334912,1708,2022-11-09 08:24:44,391,0,43500,197
70821254,LL22145301M,982091101121254,1708,2022-11-09 08:40:55,616,0,36500,186
70821254,LL22145301M,982091101121254,1708,2022-11-09 08:51:43,57,0,,34
70821269,LL22146202M,982091101121269,1708,2022-11-09 08:52:40,84,0,55500,5
70821254,LL22145301M,982091101121254,1708,2022-11-09 08:55:12,300,0,67000,169
70834870,LL22138604M,982091101334870,1708,2022-11-09 09:00:29,26,0,,5
70821254,LL22145301M,982091101121254,1708,2022-11-09 09:00:55,25,0,,13
70821254,LL22145301M,982091101121254,1708,2022-11-09 09:01:46,8,0,,1
70821254,LL22145301M,982091101121254,1708,2022-11-09 09:01:59,24,0,,13
70834870,LL22138604M,982091101334870,1708,2022-11-09 09:02:23,47,0,,8
70834870,LL22138604M,982091101334870,1708,2022-11-09 09:03:16,16,0,,5
70821254,LL22145301M,982091101121254,1708,2022-11-09 09:03:32,58,0,,12
70834870,LL22138604M,982091101334870,1708,2022-11-09 09:04:30,941,0,65500,430
70821269,LL22146202M,982091101121269,1708,2022-11-09 09:31:11,13,0,,212
70834904,LL22149702M,982091101334904,1708,2022-11-09 09:31:24,57,0,,23
70834904,LL22149702M,982091101334904,1708,2022-11-09 09:32:23,27,0,,15
70834904,LL22149702M,982091101334904,1708,2022-11-09 09:32:54,2,0,,3
70839149,LL22151302M,982091101339149,1708,2022-11-09 09:32:56,5,0,,1
70834904,LL22149702M,982091101334904,1708,2022-11-09 09:33:08,13,0,,7
70839149,LL22151302M,982091101339149,1708,2022-11-09 09:33:21,11,0,,1
70834904,LL22149702M,982091101334904,1708,2022-11-09 09:33:32,2,0,,9
70839149,LL22151302M,982091101339149,1708,2022-11-09 09:33:34,19,0,,6
70834904,LL22149702M,982091101334904,1708,2022-11-09 09:33:53,3,0,,1
70839149,LL22151302M,982091101339149,1708,2022-11-09 09:33:56,14,0,,5
70834904,LL22149702M,982091101334904,1708,2022-11-09 09:34:10,7,0,,6
70834904,LL22149702M,982091101334904,1708,2022-11-09 09:34:24,7,0,,1
70834904,LL22149702M,982091101334904,1708,2022-11-09 09:34:37,37,0,,15
70839149,LL22151302M,982091101339149,1708,2022-11-09 09:35:14,3,0,,1
70839149,LL22151302M,982091101339149,1708,2022-11-09 09:35:19,46,0,,30
70834904,LL22149702M,982091101334904,1708,2022-11-09 09:36:21,40,0,,15
70839149,LL22151302M,982091101339149,1708,2022-11-09 09:37:01,10,0,,3
70839149,LL22151302M,982091101339149,1708,2022-11-09 09:37:16,29,0,,18
70834904,LL22149702M,982091101334904,1708,2022-11-09 09:37:45,379,0,28500,159
70839149,LL22151302M,982091101339149,1708,2022-11-09 09:44:16,788,0,60000,381
70834137,LL22136804M,982091101334137,1708,2022-11-09 09:57:40,1330,0,34000,542
70834115,LL22151701M,982091101334115,1708,2022-11-09 10:21:16,879,0,37000,401
70821276,LL22142904M,982091101121276,1708,2022-11-09 10:36:19,449,0,32500,225
70821306,LL22145602M,982091101121306,1708,2022-11-09 10:44:16,832,0,42000,457
70834912,LL22137303M,982091101334912,1708,2022-11-09 10:58:08,1116,0,64000,377
70832894,LL22137003M,982091101332894,1708,2022-11-09 11:16:44,419,0,36000,106
70832894,LL22137003M,982091101332894,1708,2022-11-09 11:33:35,289,0,46000,2
70821254,LL22145301M,982091101121254,1708,2022-11-09 11:51:34,1075,0,37500,304
70821269,LL22146202M,982091101121269,1708,2022-11-09 12:09:33,11,0,,5
70821269,LL22146202M,982091101121269,1708,2022-11-09 12:09:49,87,0,55000,25
70821269,LL22146202M,982091101121269,1708,2022-11-09 12:14:38,835,0,32500,311
70834115,LL22151701M,982091101334115,1708,2022-11-09 12:29:47,397,0,37500,173
70834870,LL22138604M,982091101334870,1708,2022-11-09 12:36:53,156,0,33500,32
70834870,LL22138604M,982091101334870,1708,2022-11-09 12:40:35,45,0,,29
70834904,LL22149702M,982091101334904,1708,2022-11-09 12:41:20,261,0,28500,65
70839149,LL22151302M,982091101339149,1708,2022-11-09 12:45:41,139,0,37500,40
70839190,LL22149102M,982091101339190,1708,2022-11-09 12:48:20,1233,0,39500,468
70821276,LL22142904M,982091101121276,1708,2022-11-09 13:14:23,443,0,61500,206
70834870,LL22138604M,982091101334870,1708,2022-11-09 13:21:46,93,0,70500,16
70834870,LL22138604M,982091101334870,1708,2022-11-09 13:23:21,207,0,48500,64
70834870,LL22138604M,982091101334870,1708,2022-11-09 13:27:30,41,0,,44
70834904,LL22149702M,982091101334904,1708,2022-11-09 13:28:11,47,0,,12
70839149,LL22151302M,982091101339149,1708,2022-11-09 13:29:10,5,0,,11
70834904,LL22149702M,982091101334904,1708,2022-11-09 13:29:45,77,0,29000,14
70834904,LL22149702M,982091101334904,1708,2022-11-09 13:32:38,49,0,,26
70834904,LL22149702M,982091101334904,1708,2022-11-09 13:33:47,30,0,,13
70834912,LL22137303M,982091101334912,1708,2022-11-09 13:34:32,243,0,30000,56
70839149,LL22151302M,982091101339149,1708,2022-11-09 13:38:39,198,0,46000,51
70834912,LL22137303M,982091101334912,1708,2022-11-09 13:41:57,1848,0,30000,326
70832894,LL22137003M,982091101332894,1708,2022-11-09 14:13:02,702,0,36000,137
70821306,LL22145602M,982091101121306,1708,2022-11-09 14:43:14,879,0,58500,346
70834870,LL22138604M,982091101334870,1708,2022-11-09 14:57:53,291,0,44250,133
70834870,LL22138604M,982091101334870,1708,2022-11-09 15:02:52,108,0,54000,104
70839149,LL22151302M,982091101339149,1708,2022-11-09 15:04:53,635,0,54000,257
70839149,LL22151302M,982091101339149,1708,2022-11-09 15:19:59,191,0,52500,296
70832894,LL22137003M,982091101332894,1708,2022-11-09 15:23:10,1119,0,36500,480
70821269,LL22146202M,982091101121269,1708,2022-11-09 15:41:49,78,0,32500,25
70821269,LL22146202M,982091101121269,1708,2022-11-09 15:45:32,5,0,,47
70821269,LL22146202M,982091101121269,1708,2022-11-09 15:45:44,5,0,,3
70834904,LL22149702M,982091101334904,1708,2022-11-09 15:45:49,40,0,,16
70821269,LL22146202M,982091101121269,1708,2022-11-09 15:46:29,7,0,,9
70834904,LL22149702M,982091101334904,1708,2022-11-09 15:46:44,430,0,28500,98
70821254,LL22145301M,982091101121254,1708,2022-11-09 15:53:54,24,0,,1
70834904,LL22149702M,982091101334904,1708,2022-11-09 15:54:18,526,0,57000,237
70821254,LL22145301M,982091101121254,1708,2022-11-09 16:03:04,803,0,37500,231
70821276,LL22142904M,982091101121276,1708,2022-11-09 16:16:37,394,0,63750,210
70834115,LL22151701M,982091101334115,1708,2022-11-09 16:23:11,650,0,67000,297
70834137,LL22136804M,982091101334137,1708,2022-11-09 16:39:41,60,0,,54
70821269,LL22146202M,982091101121269,1708,2022-11-09 16:40:53,3,0,,8
70834137,LL22136804M,982091101334137,1708,2022-11-09 16:40:56,20,0,,10
70821269,LL22146202M,982091101121269,1708,2022-11-09 16:41:16,11,0,,3
70834137,LL22136804M,982091101334137,1708,2022-11-09 16:41:27,7,0,,22
70821269,LL22146202M,982091101121269,1708,2022-11-09 16:41:46,82,0,66000,62
70834137,LL22136804M,982091101334137,1708,2022-11-09 16:43:08,931,0,35000,366
70821269,LL22146202M,982091101121269,1708,2022-11-09 16:58:39,843,0,33000,265
70834912,LL22137303M,982091101334912,1708,2022-11-09 17:14:33,353,0,59500,61
70834115,LL22151701M,982091101334115,1708,2022-11-09 17:21:20,654,0,37000,272
70832894,LL22137003M,982091101332894,1708,2022-11-09 17:36:29,447,0,36500,172
70839190,LL22149102M,982091101339190,1708,2022-11-09 17:44:12,727,0,59500,423
70821276,LL22142904M,982091101121276,1708,2022-11-09 18:01:48,789,0,34000,353
70839149,LL22151302M,982091101339149,1708,2022-11-09 18:21:21,432,0,39500,141
70834137,LL22136804M,982091101334137,1708,2022-11-09 18:28:53,857,0,36000,240
70834870,LL22138604M,982091101334870,1708,2022-11-09 18:43:38,443,0,34500,147
70821269,LL22146202M,982091101121269,1708,2022-11-09 18:59:23,474,0,33000,128
70821276,LL22142904M,982091101121276,1708,2022-11-09 19:07:34,714,0,34000,276
70834904,LL22149702M,982091101334904,1708,2022-11-09 19:20:24,703,0,29500,247
70821306,LL22145602M,982091101121306,1708,2022-11-09 19:32:23,741,0,42500,400
70834115,LL22151701M,982091101334115,1708,2022-11-09 20:40:19,479,0,38500,261
70834115,LL22151701M,982091101334115,1708,2022-11-09 20:50:52,31,0,,1
70832894,LL22137003M,982091101332894,1708,2022-11-09 21:08:34,457,0,37000,151
70839149,LL22151302M,982091101339149,1708,2022-11-09 21:54:33,399,0,39500,196
70832894,LL22137003M,982091101332894,1708,2022-11-09 22:25:18,444,0,37000,180
70834870,LL22138604M,982091101334870,1708,2022-11-09 22:32:58,560,0,35000,137
70839190,LL22149102M,982091101339190,1708,2022-11-09 22:43:02,576,0,41000,252
70821306,LL22145602M,982091101121306,1708,2022-11-09 23:07:46,222,0,43500,91
70821276,LL22142904M,982091101121276,1708,2022-11-09 23:16:12,138,0,34500,27
70839190,LL22149102M,982091101339190,1708,2022-11-09 23:26:26,437,0,41500,186
70834912,LL22137303M,982091101334912,1708,2022-11-09 23:35:45,560,0,22500,158
70839149,LL22151302M,982091101339149,1708,2022-11-09 23:45:26,411,0,39500,180
70821306,LL22145602M,982091101121306,1708,2022-11-10 00:47:43,207,0,43000,72
70834137,LL22136804M,982091101334137,1708,2022-11-10 00:52:48,544,0,36000,128
70834870,LL22138604M,982091101334870,1708,2022-11-10 01:02:00,431,0,35000,76
70821254,LL22145301M,982091101121254,1708,2022-11-10 01:09:11,632,0,37500,112
70834904,LL22149702M,982091101334904,1708,2022-11-10 01:19:43,3,0,,3
70834904,LL22149702M,982091101334904,1708,2022-11-10 01:19:48,37,0,,1
70821254,LL22145301M,982091101121254,1708,2022-11-10 01:20:25,3,0,,14
70834904,LL22149702M,982091101334904,1708,2022-11-10 01:20:28,15,0,,1
70821254,LL22145301M,982091101121254,1708,2022-11-10 01:20:50,10,0,,11
70834904,LL22149702M,982091101334904,1708,2022-11-10 01:21:05,4,0,,6
70834904,LL22149702M,982091101334904,1708,2022-11-10 01:21:36,24,0,,21
70821254,LL22145301M,982091101121254,1708,2022-11-10 01:22:00,536,0,37500,173
70821276,LL22142904M,982091101121276,1708,2022-11-10 01:31:00,119,0,34000,21
70834904,LL22149702M,982091101334904,1708,2022-11-10 01:35:00,608,0,29000,225
70834904,LL22149702M,982091101334904,1708,2022-11-10 02:02:51,52,0,,6
70821306,LL22145602M,982091101121306,1708,2022-11-10 02:40:19,366,0,44000,182
70834870,LL22138604M,982091101334870,1708,2022-11-10 02:46:41,269,0,34500,63
70821269,LL22146202M,982091101121269,1708,2022-11-10 02:51:10,453,0,52500,102
70834115,LL22151701M,982091101334115,1708,2022-11-10 02:58:43,229,0,38500,54
70834912,LL22137303M,982091101334912,1708,2022-11-10 03:06:53,212,0,29500,69
70839149,LL22151302M,982091101339149,1708,2022-11-10 03:15:11,383,0,39500,194
70832894,LL22137003M,982091101332894,1708,2022-11-10 04:10:14,765,0,36000,160
70832894,LL22137003M,982091101332894,1708,2022-11-10 04:25:03,521,0,36000,260
70821306,LL22145602M,982091101121306,1708,2022-11-10 05:08:23,310,0,42500,127
70821306,LL22145602M,982091101121306,1708,2022-11-10 05:36:36,215,0,42500,65
70839149,LL22151302M,982091101339149,1708,2022-11-10 05:40:28,90,0,39000,25
70834904,LL22149702M,982091101334904,1708,2022-11-10 05:44:01,447,0,29000,165
70834115,LL22151701M,982091101334115,1708,2022-11-10 06:09:04,355,0,38000,200
70834870,LL22138604M,982091101334870,1708,2022-11-10 06:25:33,703,0,34000,150
70839149,LL22151302M,982091101339149,1708,2022-11-10 06:40:35,423,0,39500,218
70834137,LL22136804M,982091101334137,1708,2022-11-10 06:47:46,786,0,35000,216
70839149,LL22151302M,982091101339149,1708,2022-11-10 07:16:24,62,0,39000,14
70832894,LL22137003M,982091101332894,1708,2022-11-10 07:22:41,103,0,36500,6
70834115,LL22151701M,982091101334115,1708,2022-11-10 07:42:33,291,0,37000,70
70834870,LL22138604M,982091101334870,1708,2022-11-10 07:56:02,773,0,34500,345
70834912,LL22137303M,982091101334912,1708,2022-11-10 08:09:16,279,0,29500,47
70834115,LL22151701M,982091101334115,1708,2022-11-10 08:14:31,196,0,37500,57
70832894,LL22137003M,982091101332894,1708,2022-11-10 08:19:32,208,0,36500,19
70832894,LL22137003M,982091101332894,1708,2022-11-10 08:25:01,424,0,37000,219
70834912,LL22137303M,982091101334912,1708,2022-11-10 08:32:38,459,0,29500,85
70821276,LL22142904M,982091101121276,1708,2022-11-10 08:40:34,1038,0,34000,341
70834115,LL22151701M,982091101334115,1708,2022-11-10 08:59:15,128,0,37500,23
70834870,LL22138604M,982091101334870,1708,2022-11-10 09:02:54,26,0,,1
70832894,LL22137003M,982091101332894,1708,2022-11-10 09:05:22,518,0,36500,239
70834904,LL22149702M,982091101334904,1708,2022-11-10 09:54:38,773,0,54500,200
70834115,LL22151701M,982091101334115,1708,2022-11-10 10:07:43,659,0,38500,362
70821269,LL22146202M,982091101121269,1708,2022-11-10 10:19:39,593,0,52500,151
70839149,LL22151302M,982091101339149,1708,2022-11-10 10:29:32,132,0,50500,31
70834912,LL22137303M,982091101334912,1708,2022-11-10 10:34:37,862,0,43000,215
70834137,LL22136804M,982091101334137,1708,2022-11-10 10:48:59,460,0,35500,127
70839149,LL22151302M,982091101339149,1708,2022-11-10 10:56:47,1011,0,39500,354
70834870,LL22138604M,982091101334870,1708,2022-11-10 11:13:55,165,0,53250,8
70821276,LL22142904M,982091101121276,1708,2022-11-10 11:16:45,806,0,34500,293
70821269,LL22146202M,982091101121269,1708,2022-11-10 11:30:11,750,0,33000,263
70839190,LL22149102M,982091101339190,1708,2022-11-10 11:47:28,1369,0,57500,580
70821254,LL22145301M,982091101121254,1708,2022-11-10 12:10:17,646,0,68500,147
70821254,LL22145301M,982091101121254,1708,2022-11-10 12:21:30,5,0,,2
70834870,LL22138604M,982091101334870,1708,2022-11-10 12:21:59,7,0,,8
70821254,LL22145301M,982091101121254,1708,2022-11-10 12:22:43,513,0,93000,186
70821254,LL22145301M,982091101121254,1708,2022-11-10 12:31:23,163,0,66500,47
70834870,LL22138604M,982091101334870,1708,2022-11-10 12:44:15,21,0,,3
70834870,LL22138604M,982091101334870,1708,2022-11-10 12:54:19,1107,0,44500,447
70834904,LL22149702M,982091101334904,1708,2022-11-10 13:15:20,50,0,,126
70834870,LL22138604M,982091101334870,1708,2022-11-10 13:16:10,7,0,,8
70834904,LL22149702M,982091101334904,1708,2022-11-10 13:16:17,42,0,,25
70834912,LL22137303M,982091101334912,1708,2022-11-10 13:17:21,4,0,,7
70834912,LL22137303M,982091101334912,1708,2022-11-10 13:20:38,1780,0,30500,325
70832894,LL22137003M,982091101332894,1708,2022-11-10 13:50:35,1021,0,37000,407
70834137,LL22136804M,982091101334137,1708,2022-11-10 14:08:25,643,0,35000,170
70834137,LL22136804M,982091101334137,1708,2022-11-10 14:19:10,2,0,,12
70839149,LL22151302M,982091101339149,1708,2022-11-10 14:19:22,9,0,,16
70839149,LL22151302M,982091101339149,1708,2022-11-10 14:19:39,3,0,,10
70834137,LL22136804M,982091101334137,1708,2022-11-10 14:21:57,17,0,,102
70839149,LL22151302M,982091101339149,1708,2022-11-10 14:22:30,711,0,63000,289
70821254,LL22145301M,982091101121254,1708,2022-11-10 14:34:29,689,0,57500,288
70834904,LL22149702M,982091101334904,1708,2022-11-10 14:45:58,404,0,47000,125
70834904,LL22149702M,982091101334904,1708,2022-11-10 14:55:33,5,0,,37
70821276,LL22142904M,982091101121276,1708,2022-11-10 14:57:08,295,0,44500,104
70834115,LL22151701M,982091101334115,1708,2022-11-10 15:14:57,348,0,38500,204
70821269,LL22146202M,982091101121269,1708,2022-11-10 15:20:45,12,0,,11
70821269,LL22146202M,982091101121269,1708,2022-11-10 15:21:05,32,0,,12
70821269,LL22146202M,982091101121269,1708,2022-11-10 15:21:39,10,0,,1
70834115,LL22151701M,982091101334115,1708,2022-11-10 15:21:53,9,0,,2
70834115,LL22151701M,982091101334115,1708,2022-11-10 15:22:05,13,0,,5
70834115,LL22151701M,982091101334115,1708,2022-11-10 15:22:46,395,0,38500,217
70821269,LL22146202M,982091101121269,1708,2022-11-10 15:29:42,346,0,57500,14
70821269,LL22146202M,982091101121269,1708,2022-11-10 15:35:36,594,0,56000,271
70821269,LL22146202M,982091101121269,1708,2022-11-10 15:45:43,89,0,47250,18
70821269,LL22146202M,982091101121269,1708,2022-11-10 15:48:11,81,0,47250,86
70834912,LL22137303M,982091101334912,1708,2022-11-10 15:49:32,732,0,48500,218
70821276,LL22142904M,982091101121276,1708,2022-11-10 16:03:18,420,0,34500,217
70832894,LL22137003M,982091101332894,1708,2022-11-10 16:10:18,866,0,38000,409
70834137,LL22136804M,982091101334137,1708,2022-11-10 16:24:44,1134,0,70000,468
70821254,LL22145301M,982091101121254,1708,2022-11-10 16:43:38,150,0,53500,34
70821254,LL22145301M,982091101121254,1708,2022-11-10 16:47:31,44,0,,9
70821306,LL22145602M,982091101121306,1708,2022-11-10 16:50:54,267,0,65750,250
70821306,LL22145602M,982091101121306,1708,2022-11-10 16:55:29,4,0,,1
70834904,LL22149702M,982091101334904,1708,2022-11-10 16:55:33,208,0,59000,112
70834904,LL22149702M,982091101334904,1708,2022-11-10 17:02:08,26,0,,67
70839149,LL22151302M,982091101339149,1708,2022-11-10 17:02:45,22,0,,8
70834904,LL22149702M,982091101334904,1708,2022-11-10 17:03:07,148,0,55000,37
70834904,LL22149702M,982091101334904,1708,2022-11-10 17:10:09,13,0,,54
70839149,LL22151302M,982091101339149,1708,2022-11-10 17:10:41,39,0,,33
70839149,LL22151302M,982091101339149,1708,2022-11-10 17:11:25,11,0,,15
70839149,LL22151302M,982091101339149,1708,2022-11-10 17:11:38,2,0,,2
70834904,LL22149702M,982091101334904,1708,2022-11-10 17:11:40,3,0,,1
70839149,LL22151302M,982091101339149,1708,2022-11-10 17:11:43,4,0,,1
70834904,LL22149702M,982091101334904,1708,2022-11-10 17:11:47,43,0,,29
70839149,LL22151302M,982091101339149,1708,2022-11-10 17:12:30,11,0,,4
70839149,LL22151302M,982091101339149,1708,2022-11-10 17:12:45,10,0,,1
70839149,LL22151302M,982091101339149,1708,2022-11-10 17:12:57,18,0,,14
70839149,LL22151302M,982091101339149,1708,2022-11-10 17:13:18,20,0,,13
70834904,LL22149702M,982091101334904,1708,2022-11-10 17:13:38,8,0,,3
70839149,LL22151302M,982091101339149,1708,2022-11-10 17:13:46,9,0,,9
70834904,LL22149702M,982091101334904,1708,2022-11-10 17:14:03,41,0,,18
70834904,LL22149702M,982091101334904,1708,2022-11-10 17:14:46,9,0,,1
70839149,LL22151302M,982091101339149,1708,2022-11-10 17:15:07,1087,0,80000,483
70839190,LL22149102M,982091101339190,1708,2022-11-10 17:33:14,1300,0,41500,698
70821306,LL22145602M,982091101121306,1708,2022-11-10 17:55:24,1445,0,42500,598
70821306,LL22145602M,982091101121306,1708,2022-11-10 18:24:24,204,0,43000,72
70832894,LL22137003M,982091101332894,1708,2022-11-10 18:41:48,278,0,38500,116
70834912,LL22137303M,982091101334912,1708,2022-11-10 18:47:36,457,0,65000,118
70834870,LL22138604M,982091101334870,1708,2022-11-10 18:55:13,1351,0,51000,521
70821269,LL22146202M,982091101121269,1708,2022-11-10 19:17:48,708,0,34500,156
70821276,LL22142904M,982091101121276,1708,2022-11-10 19:30:21,396,0,34500,208
70834137,LL22136804M,982091101334137,1708,2022-11-10 19:46:05,1077,0,37000,492
70834904,LL22149702M,982091101334904,1708,2022-11-10 20:07:17,878,0,30000,403
70834115,LL22151701M,982091101334115,1708,2022-11-10 20:22:31,488,0,38500,199
70834904,LL22149702M,982091101334904,1708,2022-11-10 20:42:02,246,0,30000,83
70839149,LL22151302M,982091101339149,1708,2022-11-10 20:48:09,264,0,54500,64
70821276,LL22142904M,982091101121276,1708,2022-11-10 20:52:45,883,0,35000,432
70821276,LL22142904M,982091101121276,1708,2022-11-10 21:25:05,256,0,35000,101
70839149,LL22151302M,982091101339149,1708,2022-11-10 21:33:01,267,0,40500,85
70834115,LL22151701M,982091101334115,1708,2022-11-10 21:38:33,724,0,39000,376
70832894,LL22137003M,982091101332894,1708,2022-11-10 22:48:32,479,0,38000,217
70821254,LL22145301M,982091101121254,1708,2022-11-10 23:01:58,951,0,38500,366
70821269,LL22146202M,982091101121269,1708,2022-11-10 23:18:33,429,0,34000,134
70821306,LL22145602M,982091101121306,1708,2022-11-10 23:31:38,319,0,43000,190
70834137,LL22136804M,982091101334137,1708,2022-11-10 23:37:05,438,0,38000,131
70821276,LL22142904M,982091101121276,1708,2022-11-10 23:46:00,186,0,35500,66
70821276,LL22142904M,982091101121276,1708,2022-11-11 00:05:28,210,0,36000,75
70821306,LL22145602M,982091101121306,1708,2022-11-11 00:11:11,74,0,44000,29
70839190,LL22149102M,982091101339190,1708,2022-11-11 00:12:41,247,0,43000,98
70821254,LL22145301M,982091101121254,1708,2022-11-11 00:18:33,750,0,38500,223
70832894,LL22137003M,982091101332894,1708,2022-11-11 00:33:04,576,0,38000,309
70821306,LL22145602M,982091101121306,1708,2022-11-11 01:35:14,49,0,,19
70834904,LL22149702M,982091101334904,1708,2022-11-11 01:37:04,312,0,30500,112
70834870,LL22138604M,982091101334870,1708,2022-11-11 01:42:28,496,0,37000,184
70839149,LL22151302M,982091101339149,1708,2022-11-11 01:50:44,562,0,40000,236
70839190,LL22149102M,982091101339190,1708,2022-11-11 02:47:55,236,0,42500,88
70834870,LL22138604M,982091101334870,1708,2022-11-11 02:52:52,315,0,36500,119
70821306,LL22145602M,982091101121306,1708,2022-11-11 03:00:10,428,0,43500,252
70821306,LL22145602M,982091101121306,1708,2022-11-11 03:09:35,31,0,,7
70834904,LL22149702M,982091101334904,1708,2022-11-11 03:11:54,66,0,30000,21
70834115,LL22151701M,982091101334115,1708,2022-11-11 03:38:42,319,0,39500,163
70834137,LL22136804M,982091101334137,1708,2022-11-11 04:06:38,596,0,37500,283
70834115,LL22151701M,982091101334115,1708,2022-11-11 05:41:19,261,0,39500,155
70834904,LL22149702M,982091101334904,1708,2022-11-11 06:01:14,497,0,30500,244
70821306,LL22145602M,982091101121306,1708,2022-11-11 06:11:32,93,0,44000,38
70821276,LL22142904M,982091101121276,1708,2022-11-11 06:13:33,145,0,35500,48
70839149,LL22151302M,982091101339149,1708,2022-11-11 06:28:08,374,0,40500,199
70832894,LL22137003M,982091101332894,1708,2022-11-11 06:36:19,569,0,38000,238
70834912,LL22137303M,982091101334912,1708,2022-11-11 06:46:36,903,0,30500,281
70821306,LL22145602M,982091101121306,1708,2022-11-11 07:31:24,320,0,39250,184
70834870,LL22138604M,982091101334870,1708,2022-11-11 07:39:19,446,0,36000,187
70834115,LL22151701M,982091101334115,1708,2022-11-11 07:58:12,486,0,39500,290
70821254,LL22145301M,982091101121254,1708,2022-11-11 08:16:00,759,0,37500,206
70839149,LL22151302M,982091101339149,1708,2022-11-11 08:29:16,549,0,40000,211
70834904,LL22149702M,982091101334904,1708,2022-11-11 08:41:00,533,0,29500,202
70821269,LL22146202M,982091101121269,1708,2022-11-11 08:51:15,434,0,32500,112
70821269,LL22146202M,982091101121269,1708,2022-11-11 08:59:24,320,0,33500,89
70821276,LL22142904M,982091101121276,1708,2022-11-11 09:06:13,323,0,70500,139
70834137,LL22136804M,982091101334137,1708,2022-11-11 09:11:36,682,0,36500,263
70832894,LL22137003M,982091101332894,1708,2022-11-11 09:27:21,794,0,37500,370
70821306,LL22145602M,982091101121306,1708,2022-11-11 10:14:16,439,0,44000,291
70834870,LL22138604M,982091101334870,1708,2022-11-11 10:21:43,784,0,35500,316
70834912,LL22137303M,982091101334912,1708,2022-11-11 10:41:53,674,0,49500,198
70839190,LL22149102M,982091101339190,1708,2022-11-11 10:53:07,1184,0,41500,606
70821276,LL22142904M,982091101121276,1708,2022-11-11 11:14:12,437,0,35000,198
70834115,LL22151701M,982091101334115,1708,2022-11-11 11:21:45,425,0,39000,201
70821276,LL22142904M,982091101121276,1708,2022-11-11 11:29:47,68,0,35000,21
70834912,LL22137303M,982091101334912,1708,2022-11-11 11:33:29,436,0,30500,105
70839149,LL22151302M,982091101339149,1708,2022-11-11 11:40:49,987,0,40000,406
70832894,LL22137003M,982091101332894,1708,2022-11-11 11:57:36,484,0,38000,190
70821269,LL22146202M,982091101121269,1708,2022-11-11 12:05:44,879,0,33500,304
70834137,LL22136804M,982091101334137,1708,2022-11-11 12:30:34,596,0,37000,213
70821254,LL22145301M,982091101121254,1708,2022-11-11 12:40:30,1216,0,38000,407
70821306,LL22145602M,982091101121306,1708,2022-11-11 13:02:49,829,0,44500,446
70821276,LL22142904M,982091101121276,1708,2022-11-11 13:18:40,522,0,55500,193
70834115,LL22151701M,982091101334115,1708,2022-11-11 13:27:22,438,0,40000,255
70834912,LL22137303M,982091101334912,1708,2022-11-11 13:36:26,595,0,30500,90
70834115,LL22151701M,982091101334115,1708,2022-11-11 13:46:38,67,0,39500,8
70821306,LL22145602M,982091101121306,1708,2022-11-11 14:05:42,85,0,44000,31
70834870,LL22138604M,982091101334870,1708,2022-11-11 14:07:12,658,0,36500,249
70821269,LL22146202M,982091101121269,1708,2022-11-11 14:18:48,607,0,34000,175
70834904,LL22149702M,982091101334904,1708,2022-11-11 14:30:13,364,0,30000,174
70834912,LL22137303M,982091101334912,1708,2022-11-11 14:36:26,6,0,,10
70834904,LL22149702M,982091101334904,1708,2022-11-11 14:36:48,93,0,59000,28
70834912,LL22137303M,982091101334912,1708,2022-11-11 14:38:21,17,0,,8
70834904,LL22149702M,982091101334904,1708,2022-11-11 14:38:38,74,0,59500,17
70834912,LL22137303M,982091101334912,1708,2022-11-11 14:40:01,1198,0,57500,282
70834870,LL22138604M,982091101334870,1708,2022-11-11 14:59:59,668,0,57000,273
70832894,LL22137003M,982091101332894,1708,2022-11-11 15:11:15,1010,0,38000,466
70834137,LL22136804M,982091101334137,1708,2022-11-11 15:30:08,1042,0,37000,437
70839190,LL22149102M,982091101339190,1708,2022-11-11 16:26:04,997,0,43500,470
70834115,LL22151701M,982091101334115,1708,2022-11-11 16:42:57,225,0,39500,71
70834912,LL22137303M,982091101334912,1708,2022-11-11 16:48:19,184,0,30500,19
70821269,LL22146202M,982091101121269,1708,2022-11-11 16:51:44,210,0,33500,47
70839149,LL22151302M,982091101339149,1708,2022-11-11 16:55:14,1066,0,40000,425
70821269,LL22146202M,982091101121269,1708,2022-11-11 17:13:13,228,0,34500,33
70834912,LL22137303M,982091101334912,1708,2022-11-11 17:19:47,812,0,31500,224
70821269,LL22146202M,982091101121269,1708,2022-11-11 17:35:54,392,0,34000,100
70821306,LL22145602M,982091101121306,1708,2022-11-11 17:42:54,309,0,44000,116
70832894,LL22137003M,982091101332894,1708,2022-11-11 17:48:11,91,0,38500,6
70834904,LL22149702M,982091101334904,1708,2022-11-11 17:50:11,231,0,30000,44
70832894,LL22137003M,982091101332894,1708,2022-11-11 17:54:11,53,0,,3
70834870,LL22138604M,982091101334870,1708,2022-11-11 17:55:13,107,0,35250,5
70821276,LL22142904M,982091101121276,1708,2022-11-11 17:57:33,640,0,35500,249
70834115,LL22151701M,982091101334115,1708,2022-11-11 18:08:25,383,0,40000,213
70834137,LL22136804M,982091101334137,1708,2022-11-11 18:15:04,759,0,37500,340
70821306,LL22145602M,982091101121306,1708,2022-11-11 18:46:08,441,0,43500,190
70834870,LL22138604M,982091101334870,1708,2022-11-11 19:38:19,456,0,36500,283
70834904,LL22149702M,982091101334904,1708,2022-11-11 19:45:55,543,0,30500,174
70839149,LL22151302M,982091101339149,1708,2022-11-11 19:55:02,935,0,41500,316
70821276,LL22142904M,982091101121276,1708,2022-11-11 20:12:39,718,0,36000,286
70832894,LL22137003M,982091101332894,1708,2022-11-11 20:36:25,653,0,59000,385
70834137,LL22136804M,982091101334137,1708,2022-11-11 20:47:39,317,0,37500,76
70834870,LL22138604M,982091101334870,1708,2022-11-11 20:53:17,17,0,,1
70821269,LL22146202M,982091101121269,1708,2022-11-11 20:55:16,485,0,34500,122
70834904,LL22149702M,982091101334904,1708,2022-11-11 21:36:05,608,0,64500,284
70821254,LL22145301M,982091101121254,1708,2022-11-11 21:46:13,1326,0,38500,432
70834115,LL22151701M,982091101334115,1708,2022-11-11 22:08:19,423,0,40000,163
70839190,LL22149102M,982091101339190,1708,2022-11-11 22:15:34,892,0,43500,445
70821276,LL22142904M,982091101121276,1708,2022-11-11 22:30:42,599,0,36500,280
70834912,LL22137303M,982091101334912,1708,2022-11-11 22:51:53,526,0,31500,143
70834115,LL22151701M,982091101334115,1708,2022-11-11 23:00:39,706,0,40000,439
70832894,LL22137003M,982091101332894,1708,2022-11-11 23:14:26,546,0,39500,292
70834870,LL22138604M,982091101334870,1708,2022-11-11 23:28:18,442,0,37000,208
70821269,LL22146202M,982091101121269,1708,2022-11-11 23:43:18,453,0,51500,136
70834137,LL22136804M,982091101334137,1708,2022-11-11 23:50:51,639,0,38500,290
70834904,LL22149702M,982091101334904,1708,2022-11-12 00:02:51,730,0,31000,197
70834137,LL22136804M,982091101334137,1708,2022-11-12 00:16:54,155,0,37500,13
70821306,LL22145602M,982091101121306,1708,2022-11-12 00:21:31,882,0,44000,460
70821276,LL22142904M,982091101121276,1708,2022-11-12 00:37:29,83,0,35000,25
70839149,LL22151302M,982091101339149,1708,2022-11-12 00:39:04,445,0,42000,210
70834912,LL22137303M,982091101334912,1708,2022-11-12 00:47:50,354,0,32000,75
70821276,LL22142904M,982091101121276,1708,2022-11-12 00:55:52,67,0,37000,21
70834904,LL22149702M,982091101334904,1708,2022-11-12 01:00:21,434,0,31000,167
70839190,LL22149102M,982091101339190,1708,2022-11-12 01:15:41,631,0,44000,333
70821254,LL22145301M,982091101121254,1708,2022-11-12 01:30:33,985,0,39500,348
70821276,LL22142904M,982091101121276,1708,2022-11-12 02:11:01,160,0,36500,49
70834137,LL22136804M,982091101334137,1708,2022-11-12 02:14:49,727,0,38000,212
70821306,LL22145602M,982091101121306,1708,2022-11-12 03:08:27,455,0,46000,280
70821276,LL22142904M,982091101121276,1708,2022-11-12 03:16:35,188,0,37000,73
70839149,LL22151302M,982091101339149,1708,2022-11-12 03:20:03,411,0,41500,140
70834115,LL22151701M,982091101334115,1708,2022-11-12 03:27:52,514,0,40500,336
70832894,LL22137003M,982091101332894,1708,2022-11-12 03:41:18,469,0,39500,246
70832894,LL22137003M,982091101332894,1708,2022-11-12 03:59:12,40,0,,1
70839149,LL22151302M,982091101339149,1708,2022-11-12 05:27:06,414,0,52500,196
70834904,LL22149702M,982091101334904,1708,2022-11-12 05:36:02,533,0,31000,171
70821254,LL22145301M,982091101121254,1708,2022-11-12 05:48:09,749,0,39500,270
70834870,LL22138604M,982091101334870,1708,2022-11-12 06:02:39,501,0,37000,185
70821306,LL22145602M,982091101121306,1708,2022-11-12 06:13:46,328,0,45000,182
70821276,LL22142904M,982091101121276,1708,2022-11-12 06:27:42,287,0,36500,111
70834137,LL22136804M,982091101334137,1708,2022-11-12 06:57:41,547,0,37500,169
70834115,LL22151701M,982091101334115,1708,2022-11-12 07:11:41,275,0,40500,175
70832894,LL22137003M,982091101332894,1708,2022-11-12 07:22:05,464,0,39000,209
70834904,LL22149702M,982091101334904,1708,2022-11-12 07:34:35,374,0,31500,100
70832894,LL22137003M,982091101332894,1708,2022-11-12 07:44:38,569,0,38500,280
70834870,LL22138604M,982091101334870,1708,2022-11-12 07:56:10,418,0,36500,158
70834870,LL22138604M,982091101334870,1708,2022-11-12 08:07:19,34,0,,1
70834912,LL22137303M,982091101334912,1708,2022-11-12 08:15:15,252,0,31500,45
70839149,LL22151302M,982091101339149,1708,2022-11-12 08:19:43,166,0,41000,50
70834912,LL22137303M,982091101334912,1708,2022-11-12 08:23:22,287,0,31000,34
70821306,LL22145602M,982091101121306,1708,2022-11-12 08:28:50,200,0,44500,44
70834870,LL22138604M,982091101334870,1708,2022-11-12 08:32:35,13,0,,1
70834912,LL22137303M,982091101334912,1708,2022-11-12 08:33:33,162,0,31000,15
70821306,LL22145602M,982091101121306,1708,2022-11-12 08:38:02,19,0,,1
70821306,LL22145602M,982091101121306,1708,2022-11-12 08:40:23,230,0,45500,121
70834912,LL22137303M,982091101334912,1708,2022-11-12 08:44:25,996,0,30500,251
70834870,LL22138604M,982091101334870,1708,2022-11-12 09:08:38,363,0,36500,169
70839149,LL22151302M,982091101339149,1708,2022-11-12 09:14:57,482,0,41000,214
70821269,LL22146202M,982091101121269,1708,2022-11-12 09:40:48,463,0,33500,90
70834137,LL22136804M,982091101334137,1708,2022-11-12 09:48:31,659,0,37500,135
70839190,LL22149102M,982091101339190,1708,2022-11-12 10:00:20,771,0,43000,387
70834870,LL22138604M,982091101334870,1708,2022-11-12 10:13:15,345,0,37000,96
70821306,LL22145602M,982091101121306,1708,2022-11-12 10:19:53,616,0,46000,343
70834137,LL22136804M,982091101334137,1708,2022-11-12 10:30:33,101,0,54000,40
70821276,LL22142904M,982091101121276,1708,2022-11-12 10:46:24,330,0,35500,173
70821269,LL22146202M,982091101121269,1708,2022-11-12 10:51:54,1155,0,33500,317
70832894,LL22137003M,982091101332894,1708,2022-11-12 11:11:33,407,0,39500,205
70834870,LL22138604M,982091101334870,1708,2022-11-12 11:18:33,342,0,37000,104
70834912,LL22137303M,982091101334912,1708,2022-11-12 11:24:24,427,0,50250,58
70834115,LL22151701M,982091101334115,1708,2022-11-12 11:31:44,803,0,53000,406
70821276,LL22142904M,982091101121276,1708,2022-11-12 11:45:24,215,0,36000,100
70834904,LL22149702M,982091101334904,1708,2022-11-12 11:48:59,1062,0,31000,470
70821306,LL22145602M,982091101121306,1708,2022-11-12 12:41:29,483,0,46000,267
70834137,LL22136804M,982091101334137,1708,2022-11-12 12:49:37,1384,0,38000,564
70839149,LL22151302M,982091101339149,1708,2022-11-12 13:13:31,734,0,42000,323
70821254,LL22145301M,982091101121254,1708,2022-11-12 13:25:45,1956,0,39500,633
70821276,LL22142904M,982091101121276,1708,2022-11-12 13:58:25,348,0,52500,223
70834912,LL22137303M,982091101334912,1708,2022-11-12 14:04:13,198,0,47250,80
70834912,LL22137303M,982091101334912,1708,2022-11-12 14:07:33,536,0,52000,194
70834870,LL22138604M,982091101334870,1708,2022-11-12 14:16:29,418,0,37500,179
70834870,LL22138604M,982091101334870,1708,2022-11-12 14:23:42,469,0,66000,344
70832894,LL22137003M,982091101332894,1708,2022-11-12 14:31:31,134,0,59500,50
70821269,LL22146202M,982091101121269,1708,2022-11-12 14:33:45,265,0,35000,67
70834115,LL22151701M,982091101334115,1708,2022-11-12 15:00:00,678,0,42500,513
70821306,LL22145602M,982091101121306,1708,2022-11-12 15:11:18,266,0,46000,187
70839149,LL22151302M,982091101339149,1708,2022-11-12 15:16:08,466,0,41500,195
70821269,LL22146202M,982091101121269,1708,2022-11-12 15:24:02,204,0,34000,39
70821269,LL22146202M,982091101121269,1708,2022-11-12 15:27:40,490,0,72000,191
70832894,LL22137003M,982091101332894,1708,2022-11-12 15:35:50,1002,0,39000,564
70834904,LL22149702M,982091101334904,1708,2022-11-12 16:06:00,504,0,31000,225
70839190,LL22149102M,982091101339190,1708,2022-11-12 16:14:32,992,0,42500,614
70834870,LL22138604M,982091101334870,1708,2022-11-12 16:31:37,341,0,38000,231
70821276,LL22142904M,982091101121276,1708,2022-11-12 16:41:40,253,0,35500,175
70834137,LL22136804M,982091101334137,1708,2022-11-12 16:46:51,314,0,38500,186
70834912,LL22137303M,982091101334912,1708,2022-11-12 16:52:34,698,0,31000,177
70839149,LL22151302M,982091101339149,1708,2022-11-12 17:07:52,821,0,42000,324
70834912,LL22137303M,982091101334912,1708,2022-11-12 17:40:26,859,0,31500,212
70834912,LL22137303M,982091101334912,1708,2022-11-12 18:02:24,518,0,32000,143
70834137,LL22136804M,982091101334137,1708,2022-11-12 18:12:47,433,0,39000,192
70832894,LL22137003M,982091101332894,1708,2022-11-12 19:01:49,333,0,39500,100
70834115,LL22151701M,982091101334115,1708,2022-11-12 19:22:31,392,0,40500,307
70821306,LL22145602M,982091101121306,1708,2022-11-12 19:29:49,197,0,46000,105
70839149,LL22151302M,982091101339149,1708,2022-11-12 19:33:18,201,0,42000,66
70821276,LL22142904M,982091101121276,1708,2022-11-12 19:37:59,436,0,35500,155
70821269,LL22146202M,982091101121269,1708,2022-11-12 19:45:15,440,0,35000,146
70821276,LL22142904M,982091101121276,1708,2022-11-12 19:53:19,323,0,36000,138
70821306,LL22145602M,982091101121306,1708,2022-11-12 20:10:24,51,0,,6
70834137,LL22136804M,982091101334137,1708,2022-11-12 20:24:29,398,0,39000,171
70839149,LL22151302M,982091101339149,1708,2022-11-12 20:43:20,489,0,42500,210
70821254,LL22145301M,982091101121254,1708,2022-11-12 21:18:50,1240,0,40000,438
70821269,LL22146202M,982091101121269,1708,2022-11-12 21:39:38,75,0,43500,15
70821269,LL22146202M,982091101121269,1708,2022-11-12 21:41:52,609,0,35000,217
70834870,LL22138604M,982091101334870,1708,2022-11-12 21:57:49,508,0,38500,281
70821276,LL22142904M,982091101121276,1708,2022-11-12 22:11:08,67,0,36000,21
70839190,LL22149102M,982091101339190,1708,2022-11-12 22:16:28,803,0,44000,433
70821306,LL22145602M,982091101121306,1708,2022-11-12 22:30:50,91,0,45500,39
70821306,LL22145602M,982091101121306,1708,2022-11-12 22:34:23,225,0,45500,155
70834904,LL22149702M,982091101334904,1708,2022-11-12 22:38:32,787,0,31500,378
70832894,LL22137003M,982091101332894,1708,2022-11-12 22:51:39,257,0,39500,49
70821276,LL22142904M,982091101121276,1708,2022-11-12 22:56:04,89,0,36750,54
70832894,LL22137003M,982091101332894,1708,2022-11-12 22:57:33,106,0,40000,75
70832894,LL22137003M,982091101332894,1708,2022-11-12 22:59:22,106,0,63500,56
70839149,LL22151302M,982091101339149,1708,2022-11-12 23:01:12,378,0,43000,169
70834115,LL22151701M,982091101334115,1708,2022-11-12 23:09:31,289,0,41500,157
70834912,LL22137303M,982091101334912,1708,2022-11-12 23:17:26,325,0,32500,60
70834137,LL22136804M,982091101334137,1708,2022-11-12 23:23:03,370,0,38500,145
70821276,LL22142904M,982091101121276,1708,2022-11-12 23:30:14,473,0,36500,216
70821254,LL22145301M,982091101121254,1708,2022-11-12 23:41:23,873,0,40500,339
70839190,LL22149102M,982091101339190,1708,2022-11-13 00:16:21,431,0,44500,109
70834137,LL22136804M,982091101334137,1708,2022-11-13 00:24:32,190,0,39000,31
70821306,LL22145602M,982091101121306,1708,2022-11-13 00:28:26,148,0,59500,46
70832894,LL22137003M,982091101332894,1708,2022-11-13 01:19:03,455,0,39500,207
70834904,LL22149702M,982091101334904,1708,2022-11-13 01:28:21,696,0,31500,251
70821254,LL22145301M,982091101121254,1708,2022-11-13 01:50:34,695,0,42000,234
70834904,LL22149702M,982091101334904,1708,2022-11-13 02:02:46,106,0,31500,22
70834115,LL22151701M,982091101334115,1708,2022-11-13 02:09:23,415,0,41500,263
70821306,LL22145602M,982091101121306,1708,2022-11-13 02:17:23,434,0,46000,194
70821276,LL22142904M,982091101121276,1708,2022-11-13 02:52:31,378,0,37000,177
70839190,LL22149102M,982091101339190,1708,2022-11-13 03:17:50,113,0,45000,28
70832894,LL22137003M,982091101332894,1708,2022-11-13 03:23:21,280,0,39000,88
70839149,LL22151302M,982091101339149,1708,2022-11-13 03:29:15,189,0,42500,76
70821306,LL22145602M,982091101121306,1708,2022-11-13 04:24:42,460,0,46000,320
70834137,LL22136804M,982091101334137,1708,2022-11-13 04:32:39,400,0,39500,123
70834870,LL22138604M,982091101334870,1708,2022-11-13 04:39:19,284,0,37500,74
70834137,LL22136804M,982091101334137,1708,2022-11-13 04:51:35,541,0,38500,238
70832894,LL22137003M,982091101332894,1708,2022-11-13 05:04:13,475,0,39500,174
70832894,LL22137003M,982091101332894,1708,2022-11-13 05:14:09,664,0,39500,372
70821276,LL22142904M,982091101121276,1708,2022-11-13 05:25:17,146,0,37500,63
70839149,LL22151302M,982091101339149,1708,2022-11-13 05:27:51,346,0,42500,141
70834912,LL22137303M,982091101334912,1708,2022-11-13 05:37:26,659,0,32000,185
70821276,LL22142904M,982091101121276,1708,2022-11-13 05:48:41,294,0,37500,139
70834904,LL22149702M,982091101334904,1708,2022-11-13 06:07:37,510,0,32000,260
70839149,LL22151302M,982091101339149,1708,2022-11-13 07:20:37,446,0,43000,216
70834870,LL22138604M,982091101334870,1708,2022-11-13 07:28:03,473,0,38000,145
70834870,LL22138604M,982091101334870,1708,2022-11-13 07:50:34,462,0,37000,221
70834115,LL22151701M,982091101334115,1708,2022-11-13 08:08:27,323,0,40500,187
70821306,LL22145602M,982091101121306,1708,2022-11-13 08:15:50,283,0,45500,205
70839149,LL22151302M,982091101339149,1708,2022-11-13 08:22:02,268,0,42000,101
70834137,LL22136804M,982091101334137,1708,2022-11-13 08:42:13,253,0,39000,68
70832894,LL22137003M,982091101332894,1708,2022-11-13 09:10:06,79,0,39500,17
70821269,LL22146202M,982091101121269,1708,2022-11-13 09:11:25,1104,0,66000,296
70821254,LL22145301M,982091101121254,1708,2022-11-13 09:29:53,990,0,41000,353
70834870,LL22138604M,982091101334870,1708,2022-11-13 09:48:23,77,0,42500,8
70834912,LL22137303M,982091101334912,1708,2022-11-13 09:49:48,732,0,48000,217
70821276,LL22142904M,982091101121276,1708,2022-11-13 10:02:04,886,0,37000,441
70834870,LL22138604M,982091101334870,1708,2022-11-13 10:19:25,532,0,38000,222
70832894,LL22137003M,982091101332894,1708,2022-11-13 10:54:53,898,0,39500,463
70834904,LL22149702M,982091101334904,1708,2022-11-13 11:10:15,143,0,32000,58
70821306,LL22145602M,982091101121306,1708,2022-11-13 11:12:42,371,0,46000,248
70839149,LL22151302M,982091101339149,1708,2022-11-13 11:18:57,607,0,43500,285
70834137,LL22136804M,982091101334137,1708,2022-11-13 11:29:16,718,0,39000,330
70834115,LL22151701M,982091101334115,1708,2022-11-13 11:41:58,899,0,41000,577
70834870,LL22138604M,982091101334870,1708,2022-11-13 11:58:00,18,0,,1
70821276,LL22142904M,982091101121276,1708,2022-11-13 11:58:43,355,0,37500,156
70834115,LL22151701M,982091101334115,1708,2022-11-13 12:06:00,286,0,41500,106
70839190,LL22149102M,982091101339190,1708,2022-11-13 12:10:58,1233,0,43500,644
70821254,LL22145301M,982091101121254,1708,2022-11-13 12:32:35,1097,0,42000,389
70821269,LL22146202M,982091101121269,1708,2022-11-13 12:50:52,92,0,50000,3
70821269,LL22146202M,982091101121269,1708,2022-11-13 12:53:35,143,0,50750,101
70821269,LL22146202M,982091101121269,1708,2022-11-13 12:56:16,839,0,36000,192
70834912,LL22137303M,982091101334912,1708,2022-11-13 13:13:56,176,0,46500,38
70834912,LL22137303M,982091101334912,1708,2022-11-13 13:17:36,46,0,,47
70834912,LL22137303M,982091101334912,1708,2022-11-13 13:18:46,81,0,48250,30
70834870,LL22138604M,982091101334870,1708,2022-11-13 13:40:50,493,0,38500,203
70834904,LL22149702M,982091101334904,1708,2022-11-13 13:50:21,1039,0,32000,488
70834137,LL22136804M,982091101334137,1708,2022-11-13 14:08:09,642,0,39000,206
70821306,LL22145602M,982091101121306,1708,2022-11-13 14:22:33,932,0,46000,551
70832894,LL22137003M,982091101332894,1708,2022-11-13 14:38:17,416,0,40500,207
70834912,LL22137303M,982091101334912,1708,2022-11-13 14:45:21,205,0,32000,46
70839149,LL22151302M,982091101339149,1708,2022-11-13 14:48:51,770,0,43000,364
70834912,LL22137303M,982091101334912,1708,2022-11-13 15:01:41,1561,0,33500,438
70821276,LL22142904M,982091101121276,1708,2022-11-13 15:29:44,654,0,38500,339
70832894,LL22137003M,982091101332894,1708,2022-11-13 15:42:38,501,0,40500,295
70834115,LL22151701M,982091101334115,1708,2022-11-13 15:51:19,442,0,42000,325
70834904,LL22149702M,982091101334904,1708,2022-11-13 15:59:26,557,0,32000,176
70832894,LL22137003M,982091101332894,1708,2022-11-13 16:09:04,19,0,,1
70821276,LL22142904M,982091101121276,1708,2022-11-13 16:09:27,188,0,39000,80
70834137,LL22136804M,982091101334137,1708,2022-11-13 16:12:43,522,0,39000,228
70821269,LL22146202M,982091101121269,1708,2022-11-13 16:21:25,1185,0,35500,357
70834115,LL22151701M,982091101334115,1708,2022-11-13 16:43:45,315,0,42500,211
70821306,LL22145602M,982091101121306,1708,2022-11-13 16:49:16,242,0,47000,88
70834870,LL22138604M,982091101334870,1708,2022-11-13 17:16:23,194,0,42000,97
70839190,LL22149102M,982091101339190,1708,2022-11-13 17:19:46,1008,0,45000,497
70821306,LL22145602M,982091101121306,1708,2022-11-13 17:38:37,248,0,48000,181
70839149,LL22151302M,982091101339149,1708,2022-11-13 17:44:14,740,0,43500,347
70834912,LL22137303M,982091101334912,1708,2022-11-13 17:59:19,790,0,33500,193
70834912,LL22137303M,982091101334912,1708,2022-11-13 18:17:45,58,0,,2
70834137,LL22136804M,982091101334137,1708,2022-11-13 18:19:16,225,0,39000,83
70834870,LL22138604M,982091101334870,1708,2022-11-13 18:51:22,491,0,66000,256
70832894,LL22137003M,982091101332894,1708,2022-11-13 18:59:33,490,0,41000,234
70839149,LL22151302M,982091101339149,1708,2022-11-13 19:11:00,490,0,43000,188
70821254,LL22145301M,982091101121254,1708,2022-11-13 20:51:14,1786,0,41500,594
70834137,LL22136804M,982091101334137,1708,2022-11-13 21:21:41,167,0,39000,44
70821276,LL22142904M,982091101121276,1708,2022-11-13 21:25:38,564,0,38000,235
70839149,LL22151302M,982091101339149,1708,2022-11-13 21:35:23,475,0,44000,200
70834912,LL22137303M,982091101334912,1708,2022-11-13 21:44:27,363,0,33500,35
70834137,LL22136804M,982091101334137,1708,2022-11-13 21:51:27,410,0,39500,131
70834904,LL22149702M,982091101334904,1708,2022-11-13 22:01:34,720,0,32500,365
70821269,LL22146202M,982091101121269,1708,2022-11-13 22:13:54,515,0,36000,127
70821276,LL22142904M,982091101121276,1708,2022-11-13 22:22:50,356,0,56750,166
70834870,LL22138604M,982091101334870,1708,2022-11-13 22:28:58,380,0,39000,212
70832894,LL22137003M,982091101332894,1708,2022-11-13 22:37:19,793,0,40500,453
70821276,LL22142904M,982091101121276,1708,2022-11-13 22:50:36,395,0,38500,172
70834904,LL22149702M,982091101334904,1708,2022-11-13 22:58:05,25,0,,7
70839190,LL22149102M,982091101339190,1708,2022-11-13 22:59:47,1236,0,45000,724
70834137,LL22136804M,982091101334137,1708,2022-11-13 23:20:52,680,0,39500,282
70821276,LL22142904M,982091101121276,1708,2022-11-13 23:32:48,388,0,38500,209
70834115,LL22151701M,982091101334115,1708,2022-11-14 00:05:06,668,0,43000,431
70821254,LL22145301M,982091101121254,1708,2022-11-14 00:20:24,637,0,41500,226
70821276,LL22142904M,982091101121276,1708,2022-11-14 01:03:27,183,0,38500,68
70821306,LL22145602M,982091101121306,1708,2022-11-14 01:10:42,387,0,46500,293
70834115,LL22151701M,982091101334115,1708,2022-11-14 01:36:48,361,0,43500,261
70834137,LL22136804M,982091101334137,1708,2022-11-14 01:43:16,525,0,39500,226
70834904,LL22149702M,982091101334904,1708,2022-11-14 02:40:27,501,0,32500,246
70821269,LL22146202M,982091101121269,1708,2022-11-14 02:49:17,644,0,35500,209
70834912,LL22137303M,982091101334912,1708,2022-11-14 03:00:17,364,0,33000,84
70821276,LL22142904M,982091101121276,1708,2022-11-14 03:07:02,59,0,,2
70834912,LL22137303M,982091101334912,1708,2022-11-14 03:08:01,181,0,32500,58
70834904,LL22149702M,982091101334904,1708,2022-11-14 03:19:28,99,0,32500,23
70839149,LL22151302M,982091101339149,1708,2022-11-14 03:23:08,417,0,43500,163
70834115,LL22151701M,982091101334115,1708,2022-11-14 04:37:58,295,0,43000,214
70821306,LL22145602M,982091101121306,1708,2022-11-14 04:44:39,337,0,46500,248
70834870,LL22138604M,982091101334870,1708,2022-11-14 04:50:25,273,0,38500,139
70832894,LL22137003M,982091101332894,1708,2022-11-14 05:37:00,561,0,40500,269
70839149,LL22151302M,982091101339149,1708,2022-11-14 06:29:14,596,0,43000,277
70834912,LL22137303M,982091101334912,1708,2022-11-14 06:40:08,928,0,33000,285
70821276,LL22142904M,982091101121276,1708,2022-11-14 06:56:09,248,0,37500,67
70832894,LL22137003M,982091101332894,1708,2022-11-14 07:00:34,113,0,40500,17
70821269,LL22146202M,982091101121269,1708,2022-11-14 07:42:31,629,0,35000,193
70834904,LL22149702M,982091101334904,1708,2022-11-14 07:54:47,660,0,33000,336
70834870,LL22138604M,982091101334870,1708,2022-11-14 08:08:30,81,0,37500,1
70821306,LL22145602M,982091101121306,1708,2022-11-14 08:11:24,615,0,47000,392
70821254,LL22145301M,982091101121254,1708,2022-11-14 08:24:11,1516,0,41000,551
70834115,LL22151701M,982091101334115,1708,2022-11-14 08:51:22,210,0,43000,85
70834137,LL22136804M,982091101334137,1708,2022-11-14 08:55:57,687,0,39000,281
70839149,LL22151302M,982091101339149,1708,2022-11-14 09:07:40,684,0,43000,305
70832894,LL22137003M,982091101332894,1708,2022-11-14 09:19:24,575,0,40500,296
70834870,LL22138604M,982091101334870,1708,2022-11-14 09:28:59,57,0,,20
70821276,LL22142904M,982091101121276,1708,2022-11-14 09:30:37,22,0,,12
70834912,LL22137303M,982091101334912,1708,2022-11-14 09:31:04,846,0,33000,260
70834870,LL22138604M,982091101334870,1708,2022-11-14 09:45:18,995,0,38500,439
70821276,LL22142904M,982091101121276,1708,2022-11-14 10:02:17,341,0,38000,159
70834137,LL22136804M,982091101334137,1708,2022-11-14 10:13:25,638,0,39500,283
70821269,LL22146202M,982091101121269,1708,2022-11-14 11:38:48,340,0,34500,86
70832894,LL22137003M,982091101332894,1708,2022-11-14 12:08:38,313,0,41500,98
70834912,LL22137303M,982091101334912,1708,2022-11-14 12:14:12,662,0,33000,104
70821276,LL22142904M,982091101121276,1708,2022-11-14 12:25:14,287,0,39000,184
70839149,LL22151302M,982091101339149,1708,2022-11-14 12:30:01,416,0,43000,192
70832894,LL22137003M,982091101332894,1708,2022-11-14 12:37:42,777,0,41500,395
70821269,LL22146202M,982091101121269,1708,2022-11-14 12:50:47,251,0,35500,73
70834137,LL22136804M,982091101334137,1708,2022-11-14 12:55:43,391,0,40500,132
70821276,LL22142904M,982091101121276,1708,2022-11-14 13:02:47,541,0,38500,276
70839190,LL22149102M,982091101339190,1708,2022-11-14 13:13:51,676,0,45000,329
70834904,LL22149702M,982091101334904,1708,2022-11-14 13:25:07,1145,0,33000,516
70834912,LL22137303M,982091101334912,1708,2022-11-14 13:47:34,228,0,33500,46
70839149,LL22151302M,982091101339149,1708,2022-11-14 13:52:20,884,0,44500,337
70834115,LL22151701M,982091101334115,1708,2022-11-14 14:07:17,769,0,43000,497
70821269,LL22146202M,982091101121269,1708,2022-11-14 14:20:27,694,0,36000,211
70821306,LL22145602M,982091101121306,1708,2022-11-14 14:32:14,941,0,47000,645
70834137,LL22136804M,982091101334137,1708,2022-11-14 14:47:59,454,0,41000,199
70834912,LL22137303M,982091101334912,1708,2022-11-14 14:56:14,610,0,33500,136
70821306,LL22145602M,982091101121306,1708,2022-11-14 15:06:44,46,0,,7
70821269,LL22146202M,982091101121269,1708,2022-11-14 15:07:38,351,0,59000,123
70821254,LL22145301M,982091101121254,1708,2022-11-14 15:13:42,1495,0,42000,613
70834870,LL22138604M,982091101334870,1708,2022-11-14 15:38:50,623,0,39000,234
70834904,LL22149702M,982091101334904,1708,2022-11-14 15:51:16,483,0,34000,192
70832894,LL22137003M,982091101332894,1708,2022-11-14 16:00:00,545,0,42000,257
70834870,LL22138604M,982091101334870,1708,2022-11-14 16:16:14,576,0,39500,259
70839190,LL22149102M,982091101339190,1708,2022-11-14 16:26:19,1317,0,46000,573
70834115,LL22151701M,982091101334115,1708,2022-11-14 16:48:29,284,0,44500,204
70839149,LL22151302M,982091101339149,1708,2022-11-14 16:53:21,455,0,45500,208
70834912,LL22137303M,982091101334912,1708,2022-11-14 17:06:06,18,0,,7
70821306,LL22145602M,982091101121306,1708,2022-11-14 17:06:28,7,0,,3
70834912,LL22137303M,982091101334912,1708,2022-11-14 17:08:37,97,0,33500,28
70832894,LL22137003M,982091101332894,1708,2022-11-14 17:11:27,526,0,42500,305
70834912,LL22137303M,982091101334912,1708,2022-11-14 17:21:02,283,0,34500,75
70821276,LL22142904M,982091101121276,1708,2022-11-14 17:25:53,218,0,38500,132
70821269,LL22146202M,982091101121269,1708,2022-11-14 17:30:31,11,0,,4
70821269,LL22146202M,982091101121269,1708,2022-11-14 17:32:48,225,0,36000,96
70821254,LL22145301M,982091101121254,1708,2022-11-14 17:37:01,329,0,43000,170
70834115,LL22151701M,982091101334115,1708,2022-11-14 17:42:47,256,0,44000,156
70821269,LL22146202M,982091101121269,1708,2022-11-14 17:47:31,166,0,36500,32
70834115,LL22151701M,982091101334115,1708,2022-11-14 17:53:03,95,0,43500,10
70821276,LL22142904M,982091101121276,1708,2022-11-14 17:54:50,495,0,39000,284
70821269,LL22146202M,982091101121269,1708,2022-11-14 18:03:33,395,0,36500,121
70834137,LL22136804M,982091101334137,1708,2022-11-14 18:23:08,666,0,41500,277
70834870,LL22138604M,982091101334870,1708,2022-11-14 18:34:46,422,0,40000,180
70821269,LL22146202M,982091101121269,1708,2022-11-14 18:42:09,341,0,36500,64
70834912,LL22137303M,982091101334912,1708,2022-11-14 18:49:35,97,0,50000,18
70839149,LL22151302M,982091101339149,1708,2022-11-14 18:51:12,637,0,45500,280
70834912,LL22137303M,982091101334912,1708,2022-11-14 19:02:01,1350,0,34000,386
70834137,LL22136804M,982091101334137,1708,2022-11-14 19:25:04,437,0,41000,175
70839149,LL22151302M,982091101339149,1708,2022-11-14 20:04:45,423,0,45000,165
70821306,LL22145602M,982091101121306,1708,2022-11-14 20:13:14,300,0,48500,247
70834912,LL22137303M,982091101334912,1708,2022-11-14 20:18:50,434,0,34500,85
70821269,LL22146202M,982091101121269,1708,2022-11-14 21:44:41,659,0,68000,226
70834870,LL22138604M,982091101334870,1708,2022-11-14 21:55:40,451,0,41000,236
70839190,LL22149102M,982091101339190,1708,2022-11-14 22:03:20,975,0,46500,443
70834115,LL22151701M,982091101334115,1708,2022-11-14 22:20:23,692,0,44000,470
70832894,LL22137003M,982091101332894,1708,2022-11-14 22:35:11,559,0,42500,293
70834904,LL22149702M,982091101334904,1708,2022-11-14 22:46:11,812,0,33500,323
70821306,LL22145602M,982091101121306,1708,2022-11-14 23:00:51,459,0,49500,353
70821276,LL22142904M,982091101121276,1708,2022-11-14 23:08:39,548,0,38000,226
70834904,LL22149702M,982091101334904,1708,2022-11-14 23:23:33,397,0,33500,157
70834137,LL22136804M,982091101334137,1708,2022-11-14 23:30:31,516,0,41000,193
70839190,LL22149102M,982091101339190,1708,2022-11-14 23:39:28,626,0,47000,271
70821276,LL22142904M,982091101121276,1708,2022-11-14 23:54:38,437,0,39500,156
70834115,LL22151701M,982091101334115,1708,2022-11-15 00:02:10,170,0,44000,66
70821276,LL22142904M,982091101121276,1708,2022-11-15 00:08:49,296,0,39500,112
70839149,LL22151302M,982091101339149,1708,2022-11-15 00:15:15,73,0,45500,25
70821254,LL22145301M,982091101121254,1708,2022-11-15 00:22:50,1399,0,43000,574
70821254,LL22145301M,982091101121254,1708,2022-11-15 00:48:12,233,0,43000,68
70834904,LL22149702M,982091101334904,1708,2022-11-15 00:54:06,481,0,35000,212
70834115,LL22151701M,982091101334115,1708,2022-11-15 01:17:37,264,0,44000,136
70821276,LL22142904M,982091101121276,1708,2022-11-15 01:22:37,628,0,40000,265
70834870,LL22138604M,982091101334870,1708,2022-11-15 01:33:25,38,0,,15
70839149,LL22151302M,982091101339149,1708,2022-11-15 01:34:11,112,0,45500,31
70832894,LL22137003M,982091101332894,1708,2022-11-15 01:45:49,578,0,42500,339
70821269,LL22146202M,982091101121269,1708,2022-11-15 02:48:54,480,0,36500,147
70821306,LL22145602M,982091101121306,1708,2022-11-15 02:59:59,272,0,48500,188
70834912,LL22137303M,982091101334912,1708,2022-11-15 03:04:51,325,0,33500,104
70834904,LL22149702M,982091101334904,1708,2022-11-15 03:13:01,283,0,34500,105
70834870,LL22138604M,982091101334870,1708,2022-11-15 03:18:00,550,0,40000,263
70839149,LL22151302M,982091101339149,1708,2022-11-15 03:27:14,525,0,46500,208
70821276,LL22142904M,982091101121276,1708,2022-11-15 03:36:03,234,0,39500,70
70839190,LL22149102M,982091101339190,1708,2022-11-15 03:39:57,590,0,47500,312
70834115,LL22151701M,982091101334115,1708,2022-11-15 04:52:23,395,0,45000,291
70832894,LL22137003M,982091101332894,1708,2022-11-15 05:04:13,369,0,42500,176
70834904,LL22149702M,982091101334904,1708,2022-11-15 05:12:23,399,0,34500,179
70834137,LL22136804M,982091101334137,1708,2022-11-15 05:47:27,1039,0,41000,435
70821306,LL22145602M,982091101121306,1708,2022-11-15 06:05:23,495,0,49000,391
70821269,LL22146202M,982091101121269,1708,2022-11-15 06:15:07,174,0,36500,43
70832894,LL22137003M,982091101332894,1708,2022-11-15 06:52:33,722,0,42000,379
70834904,LL22149702M,982091101334904,1708,2022-11-15 07:07:19,299,0,33000,108
70834870,LL22138604M,982091101334870,1708,2022-11-15 07:36:39,51,0,,35
70834115,LL22151701M,982091101334115,1708,2022-11-15 07:40:05,286,0,44000,161
70834912,LL22137303M,982091101334912,1708,2022-11-15 07:51:14,109,0,34000,18
70839149,LL22151302M,982091101339149,1708,2022-11-15 07:53:24,458,0,44500,215
70839149,LL22151302M,982091101339149,1708,2022-11-15 08:27:12,341,0,44500,136
70821276,LL22142904M,982091101121276,1708,2022-11-15 08:39:13,264,0,38500,110
70834870,LL22138604M,982091101334870,1708,2022-11-15 08:46:44,184,0,39000,65
70821269,LL22146202M,982091101121269,1708,2022-11-15 08:53:26,343,0,37000,69
70839149,LL22151302M,982091101339149,1708,2022-11-15 09:01:10,316,0,45000,87
70834912,LL22137303M,982091101334912,1708,2022-11-15 09:06:46,1080,0,33500,239
70834115,LL22151701M,982091101334115,1708,2022-11-15 10:14:45,405,0,45000,265
70834137,LL22136804M,982091101334137,1708,2022-11-15 10:25:52,1154,0,41000,493
70821254,LL22145301M,982091101121254,1708,2022-11-15 10:45:43,1151,0,42500,430
70832894,LL22137003M,982091101332894,1708,2022-11-15 11:06:56,770,0,43000,387
70821306,LL22145602M,982091101121306,1708,2022-11-15 11:19:50,965,0,48500,563
70821269,LL22146202M,982091101121269,1708,2022-11-15 11:39:55,549,0,36500,135
70821276,LL22142904M,982091101121276,1708,2022-11-15 11:49:16,833,0,38500,354
70834115,LL22151701M,982091101334115,1708,2022-11-15 12:05:11,91,0,44000,1
70839149,LL22151302M,982091101339149,1708,2022-11-15 12:07:31,382,0,45000,166
70834904,LL22149702M,982091101334904,1708,2022-11-15 12:19:10,834,0,34000,352
70834870,LL22138604M,982091101334870,1708,2022-11-15 12:33:42,771,0,40000,312
70834115,LL22151701M,982091101334115,1708,2022-11-15 13:06:22,273,0,44500,143
70839149,LL22151302M,982091101339149,1708,2022-11-15 13:12:56,369,0,45000,149
70834912,LL22137303M,982091101334912,1708,2022-11-15 13:50:18,596,0,33500,181
70821269,LL22146202M,982091101121269,1708,2022-11-15 14:01:11,740,0,36500,185
70839149,LL22151302M,982091101339149,1708,2022-11-15 14:13:59,120,0,45500,14
70821276,LL22142904M,982091101121276,1708,2022-11-15 14:16:12,616,0,40000,256
70839149,LL22151302M,982091101339149,1708,2022-11-15 14:27:01,62,0,46250,26
70821276,LL22142904M,982091101121276,1708,2022-11-15 14:28:07,154,0,40000,56
70832894,LL22137003M,982091101332894,1708,2022-11-15 14:30:54,142,0,43000,4
70834115,LL22151701M,982091101334115,1708,2022-11-15 14:33:41,201,0,45000,92
70821276,LL22142904M,982091101121276,1708,2022-11-15 14:37:34,108,0,40500,20
70839190,LL22149102M,982091101339190,1708,2022-11-15 14:39:55,1124,0,46000,512
70821306,LL22145602M,982091101121306,1708,2022-11-15 14:58:51,87,0,48500,11
70839149,LL22151302M,982091101339149,1708,2022-11-15 15:00:43,161,0,45500,22
70834137,LL22136804M,982091101334137,1708,2022-11-15 15:03:32,182,0,41000,69
70839149,LL22151302M,982091101339149,1708,2022-11-15 15:06:38,98,0,45500,29
70834115,LL22151701M,982091101334115,1708,2022-11-15 15:08:20,252,0,45000,163
70834870,LL22138604M,982091101334870,1708,2022-11-15 15:14:27,396,0,40000,119
70832894,LL22137003M,982091101332894,1708,2022-11-15 15:21:15,1227,0,43500,498
70834912,LL22137303M,982091101334912,1708,2022-11-15 15:43:43,156,0,65500,65
70821254,LL22145301M,982091101121254,1708,2022-11-15 15:46:23,1313,0,43500,479
70834870,LL22138604M,982091101334870,1708,2022-11-15 16:09:05,14,0,,1
70821269,LL22146202M,982091101121269,1708,2022-11-15 16:10:48,886,0,50250,272
70834137,LL22136804M,982091101334137,1708,2022-11-15 16:25:38,1099,0,42000,442
70821276,LL22142904M,982091101121276,1708,2022-11-15 16:44:29,142,0,41000,66
70821306,LL22145602M,982091101121306,1708,2022-11-15 16:46:59,146,0,68500,82
70834912,LL22137303M,982091101334912,1708,2022-11-15 16:49:25,131,0,57750,46
70834870,LL22138604M,982091101334870,1708,2022-11-15 16:51:39,29,0,,2
70839149,LL22151302M,982091101339149,1708,2022-11-15 16:52:08,733,0,46500,364
70834912,LL22137303M,982091101334912,1708,2022-11-15 17:04:26,620,0,34500,230
70834904,LL22149702M,982091101334904,1708,2022-11-15 17:15:07,796,0,35000,440
70821276,LL22142904M,982091101121276,1708,2022-11-15 17:28:35,265,0,40500,99
70834870,LL22138604M,982091101334870,1708,2022-11-15 17:33:10,1115,0,40000,481
70821306,LL22145602M,982091101121306,1708,2022-11-15 17:52:02,716,0,50000,471
70834115,LL22151701M,982091101334115,1708,2022-11-15 18:04:23,521,0,45000,341
70839190,LL22149102M,982091101339190,1708,2022-11-15 18:20:45,891,0,47500,428
70832894,LL22137003M,982091101332894,1708,2022-11-15 19:16:39,616,0,43000,349
70834870,LL22138604M,982091101334870,1708,2022-11-15 19:38:04,198,0,40500,50
70821269,LL22146202M,982091101121269,1708,2022-11-15 19:43:18,481,0,37500,124
70834912,LL22137303M,982091101334912,1708,2022-11-15 19:51:31,1055,0,34500,291
70834115,LL22151701M,982091101334115,1708,2022-11-15 20:11:00,403,0,45500,219
70821306,LL22145602M,982091101121306,1708,2022-11-15 20:18:31,9,0,,1
70821269,LL22146202M,982091101121269,1708,2022-11-15 20:27:54,547,0,37000,140
70834137,LL22136804M,982091101334137,1708,2022-11-15 20:37:38,344,0,42000,150
70839149,LL22151302M,982091101339149,1708,2022-11-15 21:08:31,408,0,46500,158
70821254,LL22145301M,982091101121254,1708,2022-11-15 21:24:02,1121,0,44000,422
70821276,LL22142904M,982091101121276,1708,2022-11-15 21:42:51,858,0,39500,285
70839149,LL22151302M,982091101339149,1708,2022-11-15 22:13:11,560,0,46500,234
70821306,LL22145602M,982091101121306,1708,2022-11-15 22:48:26,222,0,50000,161
70834912,LL22137303M,982091101334912,1708,2022-11-15 23:04:56,468,0,35000,148
70834870,LL22138604M,982091101334870,1708,2022-11-15 23:13:09,338,0,40500,133
70834904,LL22149702M,982091101334904,1708,2022-11-15 23:19:24,740,0,35000,353
70821269,LL22146202M,982091101121269,1708,2022-11-15 23:32:12,720,0,37500,185
70834115,LL22151701M,982091101334115,1708,2022-11-15 23:44:37,650,0,45500,466
70839190,LL22149102M,982091101339190,1708,2022-11-15 23:55:39,941,0,48500,474
70821276,LL22142904M,982091101121276,1708,2022-11-16 00:11:20,694,0,40000,348
70821276,LL22142904M,982091101121276,1708,2022-11-16 00:30:19,43,0,,12
70839149,LL22151302M,982091101339149,1708,2022-11-16 00:31:10,715,0,46500,330
70834115,LL22151701M,982091101334115,1708,2022-11-16 00:43:18,316,0,46000,197
70821269,LL22146202M,982091101121269,1708,2022-11-16 00:50:03,554,0,37500,136
70821254,LL22145301M,982091101121254,1708,2022-11-16 01:02:00,702,0,43500,299
70821276,LL22142904M,982091101121276,1708,2022-11-16 01:14:34,273,0,39500,123
70821306,LL22145602M,982091101121306,1708,2022-11-16 01:19:24,562,0,49500,384
70839149,LL22151302M,982091101339149,1708,2022-11-16 01:29:15,174,0,47000,79
70821276,LL22142904M,982091101121276,1708,2022-11-16 01:37:03,50,0,,4
70821269,LL22146202M,982091101121269,1708,2022-11-16 01:51:51,302,0,37500,83
70834137,LL22136804M,982091101334137,1708,2022-11-16 01:57:49,697,0,42500,340
70832894,LL22137003M,982091101332894,1708,2022-11-16 02:09:59,267,0,43000,91
70834115,LL22151701M,982091101334115,1708,2022-11-16 02:15:11,18,0,,5
70832894,LL22137003M,982091101332894,1708,2022-11-16 02:37:58,548,0,43000,253
70821254,LL22145301M,982091101121254,1708,2022-11-16 02:58:44,442,0,44500,150
70834870,LL22138604M,982091101334870,1708,2022-11-16 03:06:30,272,0,41000,92
70821276,LL22142904M,982091101121276,1708,2022-11-16 03:12:35,435,0,40500,172
70834904,LL22149702M,982091101334904,1708,2022-11-16 03:20:10,746,0,35000,330
70821276,LL22142904M,982091101121276,1708,2022-11-16 03:33:34,41,0,,9
70821306,LL22145602M,982091101121306,1708,2022-11-16 03:36:10,11,0,,3
70834912,LL22137303M,982091101334912,1708,2022-11-16 03:38:15,146,0,34000,18
70834912,LL22137303M,982091101334912,1708,2022-11-16 03:42:43,301,0,34500,69
70821269,LL22146202M,982091101121269,1708,2022-11-16 04:00:39,354,0,38000,109
70834904,LL22149702M,982091101334904,1708,2022-11-16 04:08:36,450,0,35000,162
70839190,LL22149102M,982091101339190,1708,2022-11-16 04:16:22,503,0,48000,141
70834115,LL22151701M,982091101334115,1708,2022-11-16 04:25:18,355,0,46000,215
70834870,LL22138604M,982091101334870,1708,2022-11-16 04:34:18,481,0,40000,167
70821306,LL22145602M,982091101121306,1708,2022-11-16 04:42:48,144,0,50000,29
70821306,LL22145602M,982091101121306,1708,2022-11-16 04:47:55,338,0,50500,260
70839190,LL22149102M,982091101339190,1708,2022-11-16 04:56:38,543,0,47500,230
70834904,LL22149702M,982091101334904,1708,2022-11-16 06:18:26,414,0,36000,176
70834137,LL22136804M,982091101334137,1708,2022-11-16 06:33:52,792,0,41500,243
70832894,LL22137003M,982091101332894,1708,2022-11-16 07:39:57,635,0,42500,300
70839149,LL22151302M,982091101339149,1708,2022-11-16 07:50:56,271,0,46500,135
70821276,LL22142904M,982091101121276,1708,2022-11-16 07:57:27,299,0,40000,86
70821306,LL22145602M,982091101121306,1708,2022-11-16 08:05:30,317,0,50000,226
70821306,LL22145602M,982091101121306,1708,2022-11-16 08:16:09,40,0,,4
70839149,LL22151302M,982091101339149,1708,2022-11-16 08:23:46,355,0,46000,158
70834912,LL22137303M,982091101334912,1708,2022-11-16 08:30:14,547,0,34500,102
70834870,LL22138604M,982091101334870,1708,2022-11-16 08:39:53,40,0,,1
70821276,LL22142904M,982091101121276,1708,2022-11-16 08:41:02,75,0,39500,23
70821254,LL22145301M,982091101121254,1708,2022-11-16 08:43:39,390,0,43500,63
70821276,LL22142904M,982091101121276,1708,2022-11-16 08:50:58,502,0,39500,202
70834870,LL22138604M,982091101334870,1708,2022-11-16 08:59:28,721,0,39500,245
70834137,LL22136804M,982091101334137,1708,2022-11-16 09:14:43,843,0,41500,378
70834912,LL22137303M,982091101334912,1708,2022-11-16 09:29:07,82,0,34000,26
70839190,LL22149102M,982091101339190,1708,2022-11-16 09:30:33,967,0,47500,494
70834870,LL22138604M,982091101334870,1708,2022-11-16 09:46:48,43,0,,1
70821276,LL22142904M,982091101121276,1708,2022-11-16 09:47:43,38,0,,8
70839149,LL22151302M,982091101339149,1708,2022-11-16 09:49:18,344,0,46500,123
70834912,LL22137303M,982091101334912,1708,2022-11-16 09:55:31,1333,0,35000,377
70821276,LL22142904M,982091101121276,1708,2022-11-16 10:20:28,361,0,40000,167
70834115,LL22151701M,982091101334115,1708,2022-11-16 11:04:05,434,0,45000,307
70821306,LL22145602M,982091101121306,1708,2022-11-16 11:12:24,233,0,49500,74
70821269,LL22146202M,982091101121269,1708,2022-11-16 11:16:33,1068,0,37000,263
70821254,LL22145301M,982091101121254,1708,2022-11-16 11:36:10,1025,0,43500,298
70839149,LL22151302M,982091101339149,1708,2022-11-16 11:53:31,153,0,46000,23
70821306,LL22145602M,982091101121306,1708,2022-11-16 11:58:47,398,0,66750,183
70832894,LL22137003M,982091101332894,1708,2022-11-16 12:05:38,648,0,42500,205
70832894,LL22137003M,982091101332894,1708,2022-11-16 12:18:28,678,0,42500,338
70839149,LL22151302M,982091101339149,1708,2022-11-16 12:33:26,669,0,46500,250
70834870,LL22138604M,982091101334870,1708,2022-11-16 12:44:43,35,0,,1
70821306,LL22145602M,982091101121306,1708,2022-11-16 12:47:20,159,0,49500,36
70839149,LL22151302M,982091101339149,1708,2022-11-16 12:50:03,355,0,46500,161
70834870,LL22138604M,982091101334870,1708,2022-11-16 12:56:06,661,0,39500,233
70834115,LL22151701M,982091101334115,1708,2022-11-16 13:07:28,329,0,45000,84
70834137,LL22136804M,982091101334137,1708,2022-11-16 13:13:10,812,0,43000,315
70821276,LL22142904M,982091101121276,1708,2022-11-16 13:27:07,547,0,40000,203
70839149,LL22151302M,982091101339149,1708,2022-11-16 13:42:37,110,0,47000,23
70834870,LL22138604M,982091101334870,1708,2022-11-16 13:44:56,604,0,40000,253
70834904,LL22149702M,982091101334904,1708,2022-11-16 13:55:28,958,0,36000,421
70834115,LL22151701M,982091101334115,1708,2022-11-16 14:11:50,381,0,45000,239
70821254,LL22145301M,982091101121254,1708,2022-11-16 14:20:56,1059,0,44000,428
70821269,LL22146202M,982091101121269,1708,2022-11-16 14:38:52,781,0,37000,261
70821306,LL22145602M,982091101121306,1708,2022-11-16 14:51:53,154,0,50000,114
70834912,LL22137303M,982091101334912,1708,2022-11-16 14:55:07,517,0,35000,128
70821276,LL22142904M,982091101121276,1708,2022-11-16 15:04:17,492,0,41000,260
70821306,LL22145602M,982091101121306,1708,2022-11-16 15:12:45,390,0,50500,253
70839149,LL22151302M,982091101339149,1708,2022-11-16 15:19:35,509,0,47000,235
70821269,LL22146202M,982091101121269,1708,2022-11-16 15:28:41,210,0,37500,61
70834870,LL22138604M,982091101334870,1708,2022-11-16 15:36:24,468,0,41000,78
70834137,LL22136804M,982091101334137,1708,2022-11-16 15:44:24,992,0,42500,313
70832894,LL22137003M,982091101332894,1708,2022-11-16 16:01:20,620,0,43500,274
70839190,LL22149102M,982091101339190,1708,2022-11-16 16:12:00,852,0,48000,472
70834912,LL22137303M,982091101334912,1708,2022-11-16 16:26:37,803,0,35500,201
70834115,LL22151701M,982091101334115,1708,2022-11-16 16:40:00,917,0,46000,566
70832894,LL22137003M,982091101332894,1708,2022-11-16 16:55:37,364,0,44000,151
70834870,LL22138604M,982091101334870,1708,2022-11-16 17:01:59,40,0,,1
70834912,LL22137303M,982091101334912,1708,2022-11-16 17:03:57,592,0,35000,79
70834870,LL22138604M,982091101334870,1708,2022-11-16 17:14:53,94,0,40500,1
70834912,LL22137303M,982091101334912,1708,2022-11-16 17:16:44,55,0,,7
70834870,LL22138604M,982091101334870,1708,2022-11-16 17:22:02,319,0,40500,130
70821276,LL22142904M,982091101121276,1708,2022-11-16 17:27:42,529,0,41000,256
70839149,LL22151302M,982091101339149,1708,2022-11-16 17:37:28,776,0,47500,300
70834904,LL22149702M,982091101334904,1708,2022-11-16 17:51:33,494,0,35500,238
70834904,LL22149702M,982091101334904,1708,2022-11-16 18:11:10,461,0,35500,220
70821269,LL22146202M,982091101121269,1708,2022-11-16 18:49:52,1247,0,37500,300
70821254,LL22145301M,982091101121254,1708,2022-11-16 19:12:31,426,0,74000,56
70821306,LL22145602M,982091101121306,1708,2022-11-16 19:19:45,26,0,,1
70821254,LL22145301M,982091101121254,1708,2022-11-16 19:21:03,108,0,44000,18
70839149,LL22151302M,982091101339149,1708,2022-11-16 19:23:07,445,0,48000,182
70821276,LL22142904M,982091101121276,1708,2022-11-16 19:30:40,168,0,40000,60
70821306,LL22145602M,982091101121306,1708,2022-11-16 19:33:44,317,0,50500,163
70821269,LL22146202M,982091101121269,1708,2022-11-16 19:39:38,201,0,37500,39
70839190,LL22149102M,982091101339190,1708,2022-11-16 19:44:07,655,0,49000,250
70834912,LL22137303M,982091101334912,1708,2022-11-16 19:56:15,690,0,37500,104
70834137,LL22136804M,982091101334137,1708,2022-11-16 20:20:43,588,0,42500,306
70834870,LL22138604M,982091101334870,1708,2022-11-16 20:30:31,528,0,41000,169
70821306,LL22145602M,982091101121306,1708,2022-11-16 20:42:24,35,0,,7
70834912,LL22137303M,982091101334912,1708,2022-11-16 20:44:12,217,0,35000,37
70832894,LL22137003M,982091101332894,1708,2022-11-16 21:07:07,38,0,,1
70839190,LL22149102M,982091101339190,1708,2022-11-16 21:44:11,106,0,49000,34
70834137,LL22136804M,982091101334137,1708,2022-11-16 21:49:01,327,0,42500,158
70839149,LL22151302M,982091101339149,1708,2022-11-16 22:08:16,83,0,48000,13
70821254,LL22145301M,982091101121254,1708,2022-11-16 22:12:13,1151,0,44000,344
70839149,LL22151302M,982091101339149,1708,2022-11-16 22:33:25,499,0,48500,208
70834115,LL22151701M,982091101334115,1708,2022-11-16 22:57:08,277,0,46500,219
70832894,LL22137003M,982091101332894,1708,2022-11-16 23:15:11,644,0,43500,346
70834912,LL22137303M,982091101334912,1708,2022-11-16 23:26:43,450,0,35000,74
70839190,LL22149102M,982091101339190,1708,2022-11-16 23:36:06,285,0,48500,83
70821269,LL22146202M,982091101121269,1708,2022-11-16 23:41:07,197,0,58500,42
70834870,LL22138604M,982091101334870,1708,2022-11-16 23:44:24,504,0,40500,93
70839149,LL22151302M,982091101339149,1708,2022-11-16 23:54:33,54,0,,1
70839190,LL22149102M,982091101339190,1708,2022-11-16 23:56:31,58,0,,8
70821269,LL22146202M,982091101121269,1708,2022-11-16 23:57:33,884,0,38000,250
70834115,LL22151701M,982091101334115,1708,2022-11-17 00:12:38,434,0,46500,235
70821254,LL22145301M,982091101121254,1708,2022-11-17 00:20:11,906,0,44500,344
70839190,LL22149102M,982091101339190,1708,2022-11-17 00:47:10,1001,0,48500,529
70821276,LL22142904M,982091101121276,1708,2022-11-17 01:03:51,729,0,40500,269
70834904,LL22149702M,982091101334904,1708,2022-11-17 01:18:00,495,0,35500,257
70839149,LL22151302M,982091101339149,1708,2022-11-17 01:26:20,714,0,48500,235
70834870,LL22138604M,982091101334870,1708,2022-11-17 01:38:14,753,0,41000,334
70834115,LL22151701M,982091101334115,1708,2022-11-17 02:22:58,446,0,47000,404
70821306,LL22145602M,982091101121306,1708,2022-11-17 02:30:40,841,0,50500,496
70834904,LL22149702M,982091101334904,1708,2022-11-17 02:45:09,107,0,36500,27
70839149,LL22151302M,982091101339149,1708,2022-11-17 02:47:00,598,0,48500,278
70821276,LL22142904M,982091101121276,1708,2022-11-17 02:57:15,500,0,40000,245
70821269,LL22146202M,982091101121269,1708,2022-11-17 03:06:27,619,0,37500,201
70834137,LL22136804M,982091101334137,1708,2022-11-17 03:20:25,547,0,43000,220
70834912,LL22137303M,982091101334912,1708,2022-11-17 03:56:26,748,0,35500,274
70834115,LL22151701M,982091101334115,1708,2022-11-17 04:09:10,242,0,47500,171
70834904,LL22149702M,982091101334904,1708,2022-11-17 04:13:28,967,0,36500,459
70821254,LL22145301M,982091101121254,1708,2022-11-17 04:37:38,699,0,75500,289
70832894,LL22137003M,982091101332894,1708,2022-11-17 04:49:25,511,0,43500,177
70821276,LL22142904M,982091101121276,1708,2022-11-17 04:58:04,499,0,40500,167
70834904,LL22149702M,982091101334904,1708,2022-11-17 05:24:43,284,0,37000,129
70821276,LL22142904M,982091101121276,1708,2022-11-17 05:29:51,93,0,40500,33
70834115,LL22151701M,982091101334115,1708,2022-11-17 05:44:13,267,0,47000,190
70834904,LL22149702M,982091101334904,1708,2022-11-17 06:15:11,179,0,37000,46
70839190,LL22149102M,982091101339190,1708,2022-11-17 06:39:33,625,0,49000,294
70821306,LL22145602M,982091101121306,1708,2022-11-17 06:51:22,308,0,50000,115
70834870,LL22138604M,982091101334870,1708,2022-11-17 06:56:34,384,0,40500,84
70821306,LL22145602M,982091101121306,1708,2022-11-17 07:04:02,50,0,,4
70832894,LL22137003M,982091101332894,1708,2022-11-17 07:06:54,663,0,42500,271
70834137,LL22136804M,982091101334137,1708,2022-11-17 07:21:02,868,0,42500,210
70839149,LL22151302M,982091101339149,1708,2022-11-17 07:52:40,146,0,47500,65
70821306,LL22145602M,982091101121306,1708,2022-11-17 08:20:47,370,0,50500,233
70834912,LL22137303M,982091101334912,1708,2022-11-17 08:34:52,715,0,35000,110
70821276,LL22142904M,982091101121276,1708,2022-11-17 08:49:53,227,0,40000,77
70839149,LL22151302M,982091101339149,1708,2022-11-17 08:54:20,51,0,,12
70821276,LL22142904M,982091101121276,1708,2022-11-17 08:55:48,25,0,,4
70834912,LL22137303M,982091101334912,1708,2022-11-17 08:56:33,71,0,35000,10
70839149,LL22151302M,982091101339149,1708,2022-11-17 08:57:56,31,0,,8
70821269,LL22146202M,982091101121269,1708,2022-11-17 09:00:28,337,0,52500,78
70834870,LL22138604M,982091101334870,1708,2022-11-17 09:06:05,1044,0,41000,329
70834137,LL22136804M,982091101334137,1708,2022-11-17 09:24:02,422,0,42500,85
70839149,LL22151302M,982091101339149,1708,2022-11-17 09:31:33,47,0,,9
70834115,LL22151701M,982091101334115,1708,2022-11-17 09:32:20,344,0,46500,62
70839149,LL22151302M,982091101339149,1708,2022-11-17 09:39:29,47,0,,12
70834115,LL22151701M,982091101334115,1708,2022-11-17 09:41:46,49,0,,9
70839149,LL22151302M,982091101339149,1708,2022-11-17 09:42:47,24,0,,5
70821276,LL22142904M,982091101121276,1708,2022-11-17 09:43:31,418,0,40500,86
70839149,LL22151302M,982091101339149,1708,2022-11-17 09:50:29,593,0,48000,279
70834870,LL22138604M,982091101334870,1708,2022-11-17 10:00:30,116,0,41000,1
70832894,LL22137003M,982091101332894,1708,2022-11-17 10:02:47,349,0,43000,62
70839149,LL22151302M,982091101339149,1708,2022-11-17 10:10:38,288,0,48500,91
70834870,LL22138604M,982091101334870,1708,2022-11-17 10:15:46,578,0,42000,181
70834912,LL22137303M,982091101334912,1708,2022-11-17 10:29:04,1141,0,70750,221
70834137,LL22136804M,982091101334137,1708,2022-11-17 10:48:29,680,0,42500,120
70821276,LL22142904M,982091101121276,1708,2022-11-17 11:00:22,631,0,40500,319
70834115,LL22151701M,982091101334115,1708,2022-11-17 11:11:49,423,0,46500,198
70834904,LL22149702M,982091101334904,1708,2022-11-17 11:43:43,793,0,36500,388
70821306,LL22145602M,982091101121306,1708,2022-11-17 11:57:12,701,0,50500,130
70839149,LL22151302M,982091101339149,1708,2022-11-17 12:26:17,504,0,48500,192
70834137,LL22136804M,982091101334137,1708,2022-11-17 12:35:06,1250,0,43000,302
70832894,LL22137003M,982091101332894,1708,2022-11-17 12:55:56,76,0,52500,4
70821269,LL22146202M,982091101121269,1708,2022-11-17 12:58:17,1202,0,38000,345
70821276,LL22142904M,982091101121276,1708,2022-11-17 13:18:23,228,0,42000,68
70834115,LL22151701M,982091101334115,1708,2022-11-17 13:23:20,375,0,47000,101
70821254,LL22145301M,982091101121254,1708,2022-11-17 13:29:47,150,0,44000,6
70839190,LL22149102M,982091101339190,1708,2022-11-17 13:32:46,219,0,49000,105
70834912,LL22137303M,982091101334912,1708,2022-11-17 13:36:29,1063,0,36000,311
70832894,LL22137003M,982091101332894,1708,2022-11-17 13:54:12,829,0,43500,90
70821254,LL22145301M,982091101121254,1708,2022-11-17 14:08:25,1489,0,45000,491
70821306,LL22145602M,982091101121306,1708,2022-11-17 14:33:23,1073,0,51000,773
70834137,LL22136804M,982091101334137,1708,2022-11-17 14:51:28,275,0,43000,165
70834870,LL22138604M,982091101334870,1708,2022-11-17 14:56:03,137,0,49000,44
70839149,LL22151302M,982091101339149,1708,2022-11-17 14:58:28,179,0,50000,100
70832894,LL22137003M,982091101332894,1708,2022-11-17 15:01:27,668,0,43000,391
70839149,LL22151302M,982091101339149,1708,2022-11-17 15:12:47,639,0,49000,304
70821254,LL22145301M,982091101121254,1708,2022-11-17 15:24:22,716,0,45000,222
70834870,LL22138604M,982091101334870,1708,2022-11-17 15:36:22,924,0,41500,486
70834137,LL22136804M,982091101334137,1708,2022-11-17 15:52:36,746,0,43500,382
70834115,LL22151701M,982091101334115,1708,2022-11-17 16:05:22,810,0,47000,522
70821276,LL22142904M,982091101121276,1708,2022-11-17 16:19:13,651,0,41500,300
70834912,LL22137303M,982091101334912,1708,2022-11-17 16:30:12,333,0,49000,114
70834904,LL22149702M,982091101334904,1708,2022-11-17 16:35:45,750,0,37000,202
70821269,LL22146202M,982091101121269,1708,2022-11-17 16:48:39,293,0,60250,105
70834912,LL22137303M,982091101334912,1708,2022-11-17 16:53:44,32,0,,13
70821269,LL22146202M,982091101121269,1708,2022-11-17 16:54:16,46,0,,27
70834912,LL22137303M,982091101334912,1708,2022-11-17 16:55:02,18,0,,7
70839149,LL22151302M,982091101339149,1708,2022-11-17 16:55:20,518,0,49000,184
70834912,LL22137303M,982091101334912,1708,2022-11-17 17:04:10,315,0,36000,50
70821269,LL22146202M,982091101121269,1708,2022-11-17 17:09:25,1192,0,38500,335
70834912,LL22137303M,982091101334912,1708,2022-11-17 17:29:29,828,0,36500,163
70839190,LL22149102M,982091101339190,1708,2022-11-17 18:30:49,815,0,47500,378
70839149,LL22151302M,982091101339149,1708,2022-11-17 18:48:33,140,0,49000,32
70834912,LL22137303M,982091101334912,1708,2022-11-17 18:51:05,135,0,36500,18
70832894,LL22137003M,982091101332894,1708,2022-11-17 18:53:25,164,0,43500,19
70834912,LL22137303M,982091101334912,1708,2022-11-17 18:56:26,91,0,36000,11
70832894,LL22137003M,982091101332894,1708,2022-11-17 18:59:59,690,0,43000,335
70839190,LL22149102M,982091101339190,1708,2022-11-17 19:11:58,68,0,49500,5
70821276,LL22142904M,982091101121276,1708,2022-11-17 19:13:14,424,0,41500,134
70834904,LL22149702M,982091101334904,1708,2022-11-17 19:20:38,817,0,36500,103
70834904,LL22149702M,982091101334904,1708,2022-11-17 19:39:07,681,0,36500,348
70834115,LL22151701M,982091101334115,1708,2022-11-17 20:24:11,362,0,47500,135
70834870,LL22138604M,982091101334870,1708,2022-11-17 20:36:42,622,0,41500,310
70834137,LL22136804M,982091101334137,1708,2022-11-17 20:47:20,668,0,44000,122
70821254,LL22145301M,982091101121254,1708,2022-11-17 20:59:33,172,0,44500,5
70821254,LL22145301M,982091101121254,1708,2022-11-17 21:49:40,64,0,44250,3
70839149,LL22151302M,982091101339149,1708,2022-11-17 21:50:52,188,0,49000,31
70834912,LL22137303M,982091101334912,1708,2022-11-17 21:54:29,468,0,36000,37
70821254,LL22145301M,982091101121254,1708,2022-11-17 22:02:25,121,0,43500,4
70834912,LL22137303M,982091101334912,1708,2022-11-17 22:04:34,295,0,36000,16
70839190,LL22149102M,982091101339190,1708,2022-11-17 22:09:57,377,0,48000,48
70821254,LL22145301M,982091101121254,1708,2022-11-17 22:16:22,29,0,,1
70839190,LL22149102M,982091101339190,1708,2022-11-17 22:17:11,88,0,47500,7
70839149,LL22151302M,982091101339149,1708,2022-11-17 22:18:47,917,0,49500,386
70821269,LL22146202M,982091101121269,1708,2022-11-17 22:34:37,553,0,39500,98
70834137,LL22136804M,982091101334137,1708,2022-11-17 22:44:06,743,0,43500,90
70832894,LL22137003M,982091101332894,1708,2022-11-17 22:57:05,719,0,44000,378
70834137,LL22136804M,982091101334137,1708,2022-11-17 23:09:12,672,0,43000,97
70839190,LL22149102M,982091101339190,1708,2022-11-17 23:30:04,962,0,48000,465
70821306,LL22145602M,982091101121306,1708,2022-11-17 23:46:38,126,0,51000,26
70834912,LL22137303M,982091101334912,1708,2022-11-17 23:49:28,456,0,65500,41
70834870,LL22138604M,982091101334870,1708,2022-11-17 23:57:36,162,0,42000,1
70821254,LL22145301M,982091101121254,1708,2022-11-18 00:01:38,1465,0,44000,491
70821306,LL22145602M,982091101121306,1708,2022-11-18 00:26:15,38,0,,2
70834912,LL22137303M,982091101334912,1708,2022-11-18 00:26:57,1084,0,36500,280
70821276,LL22142904M,982091101121276,1708,2022-11-18 00:45:18,660,0,68250,256
70834870,LL22138604M,982091101334870,1708,2022-11-18 00:56:18,287,0,42500,213
70839149,LL22151302M,982091101339149,1708,2022-11-18 01:01:09,695,0,50000,285
70834115,LL22151701M,982091101334115,1708,2022-11-18 01:12:56,648,0,48000,504
70821269,LL22146202M,982091101121269,1708,2022-11-18 01:24:52,751,0,39500,284
70821269,LL22146202M,982091101121269,1708,2022-11-18 01:37:41,46,0,,20
70834904,LL22149702M,982091101334904,1708,2022-11-18 01:41:00,1073,0,38500,560
70834137,LL22136804M,982091101334137,1708,2022-11-18 01:59:05,1221,0,44000,595
70821269,LL22146202M,982091101121269,1708,2022-11-18 02:20:18,597,0,39500,165
70821254,LL22145301M,982091101121254,1708,2022-11-18 02:30:15,983,0,45500,412
70821306,LL22145602M,982091101121306,1708,2022-11-18 02:46:58,1185,0,51500,716
70821276,LL22142904M,982091101121276,1708,2022-11-18 03:06:47,73,0,41500,43
70839149,LL22151302M,982091101339149,1708,2022-11-18 03:08:00,414,0,49500,173
70821276,LL22142904M,982091101121276,1708,2022-11-18 03:15:35,691,0,41500,385
70834115,LL22151701M,982091101334115,1708,2022-11-18 04:22:14,364,0,48000,193
70834870,LL22138604M,982091101334870,1708,2022-11-18 04:28:27,666,0,42500,337
70839190,LL22149102M,982091101339190,1708,2022-11-18 04:42:06,1139,0,49500,635
70834904,LL22149702M,982091101334904,1708,2022-11-18 05:03:06,548,0,38000,277
70821276,LL22142904M,982091101121276,1708,2022-11-18 05:18:32,351,0,41500,152
70834904,LL22149702M,982091101334904,1708,2022-11-18 05:24:56,14,0,,1
70839190,LL22149102M,982091101339190,1708,2022-11-18 05:28:25,241,0,49500,112
70821276,LL22142904M,982091101121276,1708,2022-11-18 05:39:48,102,0,41500,39
70834115,LL22151701M,982091101334115,1708,2022-11-18 05:44:27,267,0,48500,182
70834137,LL22136804M,982091101334137,1708,2022-11-18 06:17:04,230,0,44000,52
70832894,LL22137003M,982091101332894,1708,2022-11-18 06:21:10,624,0,43000,110
70832894,LL22137003M,982091101332894,1708,2022-11-18 06:33:34,641,0,43000,335
70839149,LL22151302M,982091101339149,1708,2022-11-18 06:54:30,336,0,49500,129
70834904,LL22149702M,982091101334904,1708,2022-11-18 07:20:26,224,0,37500,40
70834115,LL22151701M,982091101334115,1708,2022-11-18 07:29:34,408,0,48500,345
70834912,LL22137303M,982091101334912,1708,2022-11-18 07:42:11,756,0,36000,143
70821306,LL22145602M,982091101121306,1708,2022-11-18 07:57:53,32,0,,1
70834137,LL22136804M,982091101334137,1708,2022-11-18 08:09:06,821,0,44000,106
70821276,LL22142904M,982091101121276,1708,2022-11-18 08:27:07,282,0,41500,132
70834904,LL22149702M,982091101334904,1708,2022-11-18 08:36:33,474,0,38000,229
70839149,LL22151302M,982091101339149,1708,2022-11-18 08:44:35,517,0,48500,170
70832894,LL22137003M,982091101332894,1708,2022-11-18 08:53:32,23,0,,1
70832894,LL22137003M,982091101332894,1708,2022-11-18 08:55:57,572,0,44000,291
70839149,LL22151302M,982091101339149,1708,2022-11-18 09:06:01,256,0,49500,97
70821306,LL22145602M,982091101121306,1708,2022-11-18 09:12:19,192,0,51000,40
70839149,LL22151302M,982091101339149,1708,2022-11-18 09:17:34,394,0,49000,166
70821269,LL22146202M,982091101121269,1708,2022-11-18 09:24:53,699,0,38500,177
70834912,LL22137303M,982091101334912,1708,2022-11-18 09:36:44,2432,0,35500,234
70834137,LL22136804M,982091101334137,1708,2022-11-18 10:17:33,926,0,44000,79
70834137,LL22136804M,982091101334137,1708,2022-11-18 10:38:23,972,0,44000,418
70821306,LL22145602M,982091101121306,1708,2022-11-18 10:55:04,640,0,50500,90
70821306,LL22145602M,982091101121306,1708,2022-11-18 11:07:47,535,0,51000,339
70834137,LL22136804M,982091101334137,1708,2022-11-18 11:18:43,452,0,44500,191
70821276,LL22142904M,982091101121276,1708,2022-11-18 11:26:31,74,0,40500,46
70839149,LL22151302M,982091101339149,1708,2022-11-18 11:27:45,464,0,50000,172
70832894,LL22137003M,982091101332894,1708,2022-11-18 11:39:41,30,0,,1
70839149,LL22151302M,982091101339149,1708,2022-11-18 11:47:05,45,0,,4
70821276,LL22142904M,982091101121276,1708,2022-11-18 11:48:07,419,0,41500,140
70839149,LL22151302M,982091101339149,1708,2022-11-18 11:55:14,20,0,,2
70832894,LL22137003M,982091101332894,1708,2022-11-18 11:57:36,610,0,44500,335
70839149,LL22151302M,982091101339149,1708,2022-11-18 12:08:11,56,0,,24
70821276,LL22142904M,982091101121276,1708,2022-11-18 12:09:36,441,0,41500,142
70834115,LL22151701M,982091101334115,1708,2022-11-18 12:17:29,144,0,47000,31
70834115,LL22151701M,982091101334115,1708,2022-11-18 12:21:55,450,0,48000,356
70821254,LL22145301M,982091101121254,1708,2022-11-18 12:29:45,489,0,44500,118
70839149,LL22151302M,982091101339149,1708,2022-11-18 12:38:02,221,0,50000,65
70834870,LL22138604M,982091101334870,1708,2022-11-18 12:41:47,452,0,41500,50
70821254,LL22145301M,982091101121254,1708,2022-11-18 12:49:40,545,0,44500,130
70839149,LL22151302M,982091101339149,1708,2022-11-18 12:58:58,610,0,50000,293
70821254,LL22145301M,982091101121254,1708,2022-11-18 13:11:54,841,0,45000,366
70821269,LL22146202M,982091101121269,1708,2022-11-18 13:27:56,882,0,38500,214
70821306,LL22145602M,982091101121306,1708,2022-11-18 13:42:46,594,0,52500,428
70839149,LL22151302M,982091101339149,1708,2022-11-18 13:54:43,238,0,50000,84
70821269,LL22146202M,982091101121269,1708,2022-11-18 14:00:43,629,0,38500,241
70821276,LL22142904M,982091101121276,1708,2022-11-18 14:11:25,446,0,44000,235
70834870,LL22138604M,982091101334870,1708,2022-11-18 14:18:56,811,0,42500,468
70821269,LL22146202M,982091101121269,1708,2022-11-18 14:33:15,69,0,39500,20
70839149,LL22151302M,982091101339149,1708,2022-11-18 14:36:26,441,0,50500,153
70834912,LL22137303M,982091101334912,1708,2022-11-18 14:44:12,858,0,36000,341
70834904,LL22149702M,982091101334904,1708,2022-11-18 14:58:30,862,0,37500,460
70821269,LL22146202M,982091101121269,1708,2022-11-18 15:13:46,1139,0,39500,312
70834137,LL22136804M,982091101334137,1708,2022-11-18 15:33:25,619,0,44000,277
70821254,LL22145301M,982091101121254,1708,2022-11-18 15:44:21,230,0,46000,37
70832894,LL22137003M,982091101332894,1708,2022-11-18 15:49:02,61,0,45000,4
70834137,LL22136804M,982091101334137,1708,2022-11-18 15:50:56,401,0,45000,193
70832894,LL22137003M,982091101332894,1708,2022-11-18 15:57:45,453,0,44500,180
70834115,LL22151701M,982091101334115,1708,2022-11-18 16:05:46,458,0,47500,115
70832894,LL22137003M,982091101332894,1708,2022-11-18 16:15:27,178,0,45500,41
70839149,LL22151302M,982091101339149,1708,2022-11-18 16:18:25,550,0,51000,277
70834870,LL22138604M,982091101334870,1708,2022-11-18 16:28:00,207,0,42500,3
70821276,LL22142904M,982091101121276,1708,2022-11-18 16:31:39,443,0,42500,155
70821306,LL22145602M,982091101121306,1708,2022-11-18 16:39:59,42,0,,5
70834870,LL22138604M,982091101334870,1708,2022-11-18 16:41:50,18,0,,2
70821276,LL22142904M,982091101121276,1708,2022-11-18 16:42:21,30,0,,1
70839190,LL22149102M,982091101339190,1708,2022-11-18 16:43:20,844,0,50000,464
70834870,LL22138604M,982091101334870,1708,2022-11-18 16:57:29,92,0,42250,3
70834912,LL22137303M,982091101334912,1708,2022-11-18 16:59:41,517,0,37000,67
70821254,LL22145301M,982091101121254,1708,2022-11-18 17:08:50,987,0,46000,408
70834870,LL22138604M,982091101334870,1708,2022-11-18 17:25:33,406,0,42000,31
70834115,LL22151701M,982091101334115,1708,2022-11-18 17:32:31,233,0,48500,56
70834115,LL22151701M,982091101334115,1708,2022-11-18 17:38:26,444,0,48500,324
70834912,LL22137303M,982091101334912,1708,2022-11-18 17:46:14,2444,0,36500,406
70821254,LL22145301M,982091101121254,1708,2022-11-18 18:32:11,592,0,47000,157
70834870,LL22138604M,982091101334870,1708,2022-11-18 18:42:19,639,0,42000,97
70834870,LL22138604M,982091101334870,1708,2022-11-18 18:55:41,511,0,42500,254
70834137,LL22136804M,982091101334137,1708,2022-11-18 19:04:24,296,0,45500,87
70834115,LL22151701M,982091101334115,1708,2022-11-18 19:36:36,90,0,47000,24
70834904,LL22149702M,982091101334904,1708,2022-11-18 19:41:54,554,0,38000,320
70821306,LL22145602M,982091101121306,1708,2022-11-18 19:52:05,281,0,52500,118
70839190,LL22149102M,982091101339190,1708,2022-11-18 19:57:15,376,0,51000,113
70834137,LL22136804M,982091101334137,1708,2022-11-18 20:08:55,252,0,45000,102
70834904,LL22149702M,982091101334904,1708,2022-11-18 20:33:22,316,0,38500,164
70834870,LL22138604M,982091101334870,1708,2022-11-18 20:39:15,274,0,43000,88
70839190,LL22149102M,982091101339190,1708,2022-11-18 20:44:14,406,0,50500,141
70832894,LL22137003M,982091101332894,1708,2022-11-18 20:53:02,602,0,44000,310
70821276,LL22142904M,982091101121276,1708,2022-11-18 21:03:08,485,0,42500,199
70834870,LL22138604M,982091101334870,1708,2022-11-18 21:13:14,315,0,43000,121
70839149,LL22151302M,982091101339149,1708,2022-11-18 21:18:33,474,0,50500,221
70834115,LL22151701M,982091101334115,1708,2022-11-18 21:29:18,493,0,48500,213
70834115,LL22151701M,982091101334115,1708,2022-11-18 21:39:31,381,0,49000,299
70839149,LL22151302M,982091101339149,1708,2022-11-18 22:00:47,283,0,50500,103
70834904,LL22149702M,982091101334904,1708,2022-11-18 22:25:45,65,0,38500,5
70821269,LL22146202M,982091101121269,1708,2022-11-18 23:28:54,164,0,39500,29
70834115,LL22151701M,982091101334115,1708,2022-11-18 23:31:46,54,0,,22
70821254,LL22145301M,982091101121254,1708,2022-11-18 23:33:33,43,0,,5
70821269,LL22146202M,982091101121269,1708,2022-11-18 23:35:49,48,0,,4
70821254,LL22145301M,982091101121254,1708,2022-11-18 23:37:11,221,0,46500,36
70821254,LL22145301M,982091101121254,1708,2022-11-18 23:42:54,737,0,46500,337
70839190,LL22149102M,982091101339190,1708,2022-11-18 23:55:55,461,0,50000,163
70821269,LL22146202M,982091101121269,1708,2022-11-19 00:07:54,578,0,39750,191
70821254,LL22145301M,982091101121254,1708,2022-11-19 00:19:36,572,0,46500,203
70832894,LL22137003M,982091101332894,1708,2022-11-19 00:29:16,417,0,44500,54
70821269,LL22146202M,982091101121269,1708,2022-11-19 00:37:29,245,0,39500,15
70832894,LL22137003M,982091101332894,1708,2022-11-19 00:41:54,67,0,44500,8
70821276,LL22142904M,982091101121276,1708,2022-11-19 00:43:09,94,0,42000,40
70839149,LL22151302M,982091101339149,1708,2022-11-19 00:44:43,203,0,51000,51
70821276,LL22142904M,982091101121276,1708,2022-11-19 00:48:10,822,0,42500,322
70834912,LL22137303M,982091101334912,1708,2022-11-19 01:02:00,449,0,37500,115
70821269,LL22146202M,982091101121269,1708,2022-11-19 01:11:30,677,0,40000,225
70839190,LL22149102M,982091101339190,1708,2022-11-19 01:22:55,799,0,50000,311
70821269,LL22146202M,982091101121269,1708,2022-11-19 01:38:15,303,0,40500,58
70832894,LL22137003M,982091101332894,1708,2022-11-19 01:43:34,656,0,44500,294
70834115,LL22151701M,982091101334115,1708,2022-11-19 01:54:34,553,0,49500,112
70834137,LL22136804M,982091101334137,1708,2022-11-19 02:04:27,774,0,46000,127
70821306,LL22145602M,982091101121306,1708,2022-11-19 02:17:38,125,0,51250,10
70839149,LL22151302M,982091101339149,1708,2022-11-19 02:19:47,860,0,50500,384
70834115,LL22151701M,982091101334115,1708,2022-11-19 02:34:23,221,0,50000,115
70834904,LL22149702M,982091101334904,1708,2022-11-19 02:38:44,579,0,38000,71
70834904,LL22149702M,982091101334904,1708,2022-11-19 03:14:45,662,0,38000,374
70834904,LL22149702M,982091101334904,1708,2022-11-19 03:33:19,330,0,38500,100
70821306,LL22145602M,982091101121306,1708,2022-11-19 03:39:02,1021,0,51500,467
70839190,LL22149102M,982091101339190,1708,2022-11-19 03:57:24,1029,0,51500,534
70839149,LL22151302M,982091101339149,1708,2022-11-19 04:36:06,494,0,50500,222
70834115,LL22151701M,982091101334115,1708,2022-11-19 04:52:51,411,0,49000,229
70834137,LL22136804M,982091101334137,1708,2022-11-19 05:00:19,1300,0,45500,438
70821276,LL22142904M,982091101121276,1708,2022-11-19 05:22:15,902,0,42000,398
70821276,LL22142904M,982091101121276,1708,2022-11-19 05:39:50,140,0,42500,40
70821269,LL22146202M,982091101121269,1708,2022-11-19 05:47:23,553,0,39500,153
70834115,LL22151701M,982091101334115,1708,2022-11-19 05:56:44,287,0,49500,73
70821276,LL22142904M,982091101121276,1708,2022-11-19 06:02:17,61,0,42500,13
70834912,LL22137303M,982091101334912,1708,2022-11-19 06:05:15,1391,0,36500,409
70839190,LL22149102M,982091101339190,1708,2022-11-19 06:28:43,401,0,51000,105
70834115,LL22151701M,982091101334115,1708,2022-11-19 06:37:25,450,0,49000,342
70821306,LL22145602M,982091101121306,1708,2022-11-19 06:46:36,146,0,52000,54
70832894,LL22137003M,982091101332894,1708,2022-11-19 06:49:46,20,0,,2
70821306,LL22145602M,982091101121306,1708,2022-11-19 06:51:31,17,0,,4
70834904,LL22149702M,982091101334904,1708,2022-11-19 06:53:50,458,0,38500,246
70832894,LL22137003M,982091101332894,1708,2022-11-19 07:11:32,421,0,44500,111
70832894,LL22137003M,982091101332894,1708,2022-11-19 07:22:12,91,0,43500,9
70839190,LL22149102M,982091101339190,1708,2022-11-19 07:29:04,287,0,51000,78
70834904,LL22149702M,982091101334904,1708,2022-11-19 07:38:44,65,0,38500,21
70834904,LL22149702M,982091101334904,1708,2022-11-19 07:56:24,33,0,,2
70839190,LL22149102M,982091101339190,1708,2022-11-19 08:08:44,460,0,51500,229
70839149,LL22151302M,982091101339149,1708,2022-11-19 08:22:46,133,0,50500,56
70834870,LL22138604M,982091101334870,1708,2022-11-19 08:25:12,674,0,41500,211
70834137,LL22136804M,982091101334137,1708,2022-11-19 08:36:26,32,0,,6
70834870,LL22138604M,982091101334870,1708,2022-11-19 08:37:03,26,0,,2
70839149,LL22151302M,982091101339149,1708,2022-11-19 08:37:29,466,0,50000,124
70834137,LL22136804M,982091101334137,1708,2022-11-19 08:45:34,358,0,45000,39
70834912,LL22137303M,982091101334912,1708,2022-11-19 08:51:53,483,0,37250,14
70821276,LL22142904M,982091101121276,1708,2022-11-19 09:00:13,56,0,,17
70839149,LL22151302M,982091101339149,1708,2022-11-19 09:01:09,426,0,51500,240
70832894,LL22137003M,982091101332894,1708,2022-11-19 09:08:59,213,0,45000,77
70821269,LL22146202M,982091101121269,1708,2022-11-19 09:13:09,164,0,39000,34
70834904,LL22149702M,982091101334904,1708,2022-11-19 09:16:50,13,0,,2
70821276,LL22142904M,982091101121276,1708,2022-11-19 09:17:59,75,0,39000,38
70821269,LL22146202M,982091101121269,1708,2022-11-19 09:19:46,103,0,39500,24
70821254,LL22145301M,982091101121254,1708,2022-11-19 09:21:33,487,0,46000,78
70832894,LL22137003M,982091101332894,1708,2022-11-19 09:30:00,79,0,44500,3
70834870,LL22138604M,982091101334870,1708,2022-11-19 09:31:56,501,0,42500,271
70821269,LL22146202M,982091101121269,1708,2022-11-19 09:41:07,396,0,39500,102
70834137,LL22136804M,982091101334137,1708,2022-11-19 09:47:55,1299,0,45000,398
70821276,LL22142904M,982091101121276,1708,2022-11-19 10:09:46,949,0,43500,373
70821306,LL22145602M,982091101121306,1708,2022-11-19 10:25:43,858,0,50500,377
70834912,LL22137303M,982091101334912,1708,2022-11-19 10:40:17,316,0,37000,96
70832894,LL22137003M,982091101332894,1708,2022-11-19 10:45:33,465,0,43000,256
70821254,LL22145301M,982091101121254,1708,2022-11-19 10:53:22,807,0,45500,138
70834912,LL22137303M,982091101334912,1708,2022-11-19 11:07:18,358,0,36500,23
70839149,LL22151302M,982091101339149,1708,2022-11-19 11:13:21,725,0,50500,312
70834912,LL22137303M,982091101334912,1708,2022-11-19 11:25:43,1160,0,36500,142
70821306,LL22145602M,982091101121306,1708,2022-11-19 11:46:49,106,0,51500,8
70821269,LL22146202M,982091101121269,1708,2022-11-19 11:48:43,581,0,39500,53
70821306,LL22145602M,982091101121306,1708,2022-11-19 12:01:40,549,0,51500,335
70839149,LL22151302M,982091101339149,1708,2022-11-19 12:41:09,395,0,50500,164
70839149,LL22151302M,982091101339149,1708,2022-11-19 13:11:51,424,0,51500,145
70834115,LL22151701M,982091101334115,1708,2022-11-19 13:19:15,414,0,48500,194
70834904,LL22149702M,982091101334904,1708,2022-11-19 13:27:22,493,0,38000,104
70834115,LL22151701M,982091101334115,1708,2022-11-19 13:35:51,19,0,,1
70834137,LL22136804M,982091101334137,1708,2022-11-19 13:36:51,774,0,45500,102
70821254,LL22145301M,982091101121254,1708,2022-11-19 13:49:58,60,0,,5
70839149,LL22151302M,982091101339149,1708,2022-11-19 13:51:24,32,0,,1
70821254,LL22145301M,982091101121254,1708,2022-11-19 13:52:21,1318,0,45500,456
70821306,LL22145602M,982091101121306,1708,2022-11-19 14:14:47,55,0,,2
70832894,LL22137003M,982091101332894,1708,2022-11-19 14:15:51,207,0,44500,14
70834137,LL22136804M,982091101334137,1708,2022-11-19 14:19:27,554,0,45500,223
70832894,LL22137003M,982091101332894,1708,2022-11-19 14:28:41,984,0,44000,285
70832894,LL22137003M,982091101332894,1708,2022-11-19 14:47:06,551,0,44000,363
70834137,LL22136804M,982091101334137,1708,2022-11-19 14:56:41,223,0,45500,88
70821269,LL22146202M,982091101121269,1708,2022-11-19 15:00:48,332,0,39000,78
70834115,LL22151701M,982091101334115,1708,2022-11-19 15:06:41,77,0,48500,24
70834904,LL22149702M,982091101334904,1708,2022-11-19 15:08:28,28,0,,7
70834870,LL22138604M,982091101334870,1708,2022-11-19 15:09:00,194,0,42000,95
70821306,LL22145602M,982091101121306,1708,2022-11-19 15:12:22,248,0,52500,207
70834115,LL22151701M,982091101334115,1708,2022-11-19 15:17:48,216,0,48000,144
70834904,LL22149702M,982091101334904,1708,2022-11-19 15:22:13,193,0,38000,72
70834870,LL22138604M,982091101334870,1708,2022-11-19 15:25:38,725,0,42000,393
70834912,LL22137303M,982091101334912,1708,2022-11-19 15:38:08,1567,0,37000,437
70821254,LL22145301M,982091101121254,1708,2022-11-19 16:04:44,184,0,47000,60
70821306,LL22145602M,982091101121306,1708,2022-11-19 16:07:52,31,0,,13
70839149,LL22151302M,982091101339149,1708,2022-11-19 16:08:35,664,0,51000,335
70821269,LL22146202M,982091101121269,1708,2022-11-19 16:19:55,1387,0,39750,531
70834137,LL22136804M,982091101334137,1708,2022-11-19 16:43:14,1266,0,46500,608
70834115,LL22151701M,982091101334115,1708,2022-11-19 17:05:18,285,0,48500,162
70821276,LL22142904M,982091101121276,1708,2022-11-19 17:10:24,742,0,42500,407
70834904,LL22149702M,982091101334904,1708,2022-11-19 17:22:54,980,0,37500,514
70834115,LL22151701M,982091101334115,1708,2022-11-19 18:35:58,431,0,49000,340
70821254,LL22145301M,982091101121254,1708,2022-11-19 18:46:14,967,0,46000,246
70839190,LL22149102M,982091101339190,1708,2022-11-19 19:02:37,960,0,50000,455
70821254,LL22145301M,982091101121254,1708,2022-11-19 20:21:04,922,0,47000,391
70821276,LL22142904M,982091101121276,1708,2022-11-19 20:44:22,52,0,,1
70834912,LL22137303M,982091101334912,1708,2022-11-19 21:12:35,223,0,37000,42
70821254,LL22145301M,982091101121254,1708,2022-11-19 22:42:57,83,0,47500,11
70821269,LL22146202M,982091101121269,1708,2022-11-19 22:46:54,110,0,39500,21
70834904,LL22149702M,982091101334904,1708,2022-11-19 23:15:41,486,0,39000,282
70834115,LL22151701M,982091101334115,1708,2022-11-19 23:24:23,211,0,56000,134
70834870,LL22138604M,982091101334870,1708,2022-11-19 23:28:06,492,0,42500,104
70834912,LL22137303M,982091101334912,1708,2022-11-19 23:40:05,264,0,37500,91
70821254,LL22145301M,982091101121254,1708,2022-11-19 23:59:25,677,0,48000,260
70821269,LL22146202M,982091101121269,1708,2022-11-20 00:23:33,293,0,40000,59
70839149,LL22151302M,982091101339149,1708,2022-11-20 00:35:48,317,0,51500,110
70821254,LL22145301M,982091101121254,1708,2022-11-20 00:45:27,682,0,48000,268
70821269,LL22146202M,982091101121269,1708,2022-11-20 00:57:54,705,0,40500,181
70821254,LL22145301M,982091101121254,1708,2022-11-20 01:11:00,61,0,48000,12
70834115,LL22151701M,982091101334115,1708,2022-11-20 01:13:47,88,0,49000,17
70821269,LL22146202M,982091101121269,1708,2022-11-20 01:16:04,104,0,48250,3
70834870,LL22138604M,982091101334870,1708,2022-11-20 01:17:48,676,0,42500,108
70834870,LL22138604M,982091101334870,1708,2022-11-20 01:31:06,587,0,42500,312
70839190,LL22149102M,982091101339190,1708,2022-11-20 01:41:01,632,0,49500,182
70834904,LL22149702M,982091101334904,1708,2022-11-20 01:53:34,451,0,39000,247
70834912,LL22137303M,982091101334912,1708,2022-11-20 02:03:38,418,0,37000,94
70834137,LL22136804M,982091101334137,1708,2022-11-20 02:14:15,723,0,46000,167
70834115,LL22151701M,982091101334115,1708,2022-11-20 02:33:22,523,0,49500,374
70834870,LL22138604M,982091101334870,1708,2022-11-20 02:42:34,12,0,,2
70821306,LL22145602M,982091101121306,1708,2022-11-20 02:49:37,190,0,52000,58
70821269,LL22146202M,982091101121269,1708,2022-11-20 03:13:36,816,0,40250,155
70821269,LL22146202M,982091101121269,1708,2022-11-20 03:29:15,669,0,40500,253
70821269,LL22146202M,982091101121269,1708,2022-11-20 03:42:57,111,0,40000,16
70821269,LL22146202M,982091101121269,1708,2022-11-20 03:46:49,125,0,41250,27
70839190,LL22149102M,982091101339190,1708,2022-11-20 03:49:51,297,0,51000,108
70839149,LL22151302M,982091101339149,1708,2022-11-20 03:54:52,1098,0,50000,483
70821306,LL22145602M,982091101121306,1708,2022-11-20 04:14:03,370,0,51500,137
70834912,LL22137303M,982091101334912,1708,2022-11-20 04:20:33,345,0,37500,34
70821276,LL22142904M,982091101121276,1708,2022-11-20 04:27:11,685,0,42000,268
70834115,LL22151701M,982091101334115,1708,2022-11-20 04:39:05,408,0,50500,181
70839190,LL22149102M,982091101339190,1708,2022-11-20 04:46:05,1304,0,51000,545
70834904,LL22149702M,982091101334904,1708,2022-11-20 05:09:01,429,0,39000,71
70834904,LL22149702M,982091101334904,1708,2022-11-20 05:18:11,669,0,39500,339
70834904,LL22149702M,982091101334904,1708,2022-11-20 05:39:10,314,0,39500,135
70834904,LL22149702M,982091101334904,1708,2022-11-20 05:49:08,29,0,,1
70821254,LL22145301M,982091101121254,1708,2022-11-20 06:26:19,773,0,48000,294
70821306,LL22145602M,982091101121306,1708,2022-11-20 06:41:14,594,0,51000,170
70834137,LL22136804M,982091101334137,1708,2022-11-20 06:51:12,1467,0,45500,526
70839190,LL22149102M,982091101339190,1708,2022-11-20 07:17:37,65,0,51500,20
70834115,LL22151701M,982091101334115,1708,2022-11-20 07:19:15,135,0,50000,27
70839149,LL22151302M,982091101339149,1708,2022-11-20 07:22:11,691,0,50500,313
70821276,LL22142904M,982091101121276,1708,2022-11-20 07:34:03,881,0,42500,357
70834870,LL22138604M,982091101334870,1708,2022-11-20 07:48:53,662,0,44000,271
70834115,LL22151701M,982091101334115,1708,2022-11-20 08:00:03,631,0,49500,430
70834912,LL22137303M,982091101334912,1708,2022-11-20 08:11:27,1693,0,37000,444
70832894,LL22137003M,982091101332894,1708,2022-11-20 08:39:40,534,0,44000,151
70821269,LL22146202M,982091101121269,1708,2022-11-20 08:48:42,309,0,40750,72
70839190,LL22149102M,982091101339190,1708,2022-11-20 08:53:56,255,0,51000,47
70821306,LL22145602M,982091101121306,1708,2022-11-20 08:58:19,1171,0,51000,467
70821269,LL22146202M,982091101121269,1708,2022-11-20 09:17:54,1121,0,41000,367
70839190,LL22149102M,982091101339190,1708,2022-11-20 09:38:36,214,0,51000,90
70834115,LL22151701M,982091101334115,1708,2022-11-20 09:42:14,105,0,49250,12
70821276,LL22142904M,982091101121276,1708,2022-11-20 09:44:16,298,0,42500,88
70839149,LL22151302M,982091101339149,1708,2022-11-20 09:49:18,33,0,,5
70839190,LL22149102M,982091101339190,1708,2022-11-20 09:51:37,122,0,51500,61
70839149,LL22151302M,982091101339149,1708,2022-11-20 09:53:39,606,0,51000,290
70834904,LL22149702M,982091101334904,1708,2022-11-20 10:04:01,495,0,40000,115
70834904,LL22149702M,982091101334904,1708,2022-11-20 10:14:19,354,0,41000,230
70839190,LL22149102M,982091101339190,1708,2022-11-20 10:27:04,419,0,52000,188
70832894,LL22137003M,982091101332894,1708,2022-11-20 10:37:20,662,0,42000,319
70834137,LL22136804M,982091101334137,1708,2022-11-20 10:48:26,1142,0,45500,220
70834137,LL22136804M,982091101334137,1708,2022-11-20 11:26:56,685,0,46000,329
70834115,LL22151701M,982091101334115,1708,2022-11-20 12:03:46,169,0,49500,67
70832894,LL22137003M,982091101332894,1708,2022-11-20 12:09:08,65,0,42500,2
70834912,LL22137303M,982091101334912,1708,2022-11-20 12:10:22,459,0,37500,39
70821276,LL22142904M,982091101121276,1708,2022-11-20 12:18:26,1125,0,43000,434
70834912,LL22137303M,982091101334912,1708,2022-11-20 12:37:19,287,0,70750,89
70834870,LL22138604M,982091101334870,1708,2022-11-20 12:42:06,595,0,43500,156
70839149,LL22151302M,982091101339149,1708,2022-11-20 12:52:05,222,0,51500,46
70834912,LL22137303M,982091101334912,1708,2022-11-20 12:56:00,570,0,70000,203
70834870,LL22138604M,982091101334870,1708,2022-11-20 13:05:30,213,0,43000,119
70839149,LL22151302M,982091101339149,1708,2022-11-20 13:09:03,1020,0,51000,421
70821306,LL22145602M,982091101121306,1708,2022-11-20 13:27:04,1102,0,52500,575
70832894,LL22137003M,982091101332894,1708,2022-11-20 13:45:50,847,0,43000,226
70834870,LL22138604M,982091101334870,1708,2022-11-20 14:00:01,836,0,43500,442
70834115,LL22151701M,982091101334115,1708,2022-11-20 14:14:42,663,0,49500,505
70832894,LL22137003M,982091101332894,1708,2022-11-20 14:26:30,482,0,43250,86
70821276,LL22142904M,982091101121276,1708,2022-11-20 14:34:45,532,0,43500,315
70839190,LL22149102M,982091101339190,1708,2022-11-20 14:43:45,397,0,52000,205
70834904,LL22149702M,982091101334904,1708,2022-11-20 14:51:11,133,0,39500,46
70832894,LL22137003M,982091101332894,1708,2022-11-20 14:53:33,450,0,44500,304
70834137,LL22136804M,982091101334137,1708,2022-11-20 15:01:03,361,0,47500,125
70821254,LL22145301M,982091101121254,1708,2022-11-20 15:08:19,1229,0,47000,534
70821306,LL22145602M,982091101121306,1708,2022-11-20 15:30:47,251,0,53500,9
70834912,LL22137303M,982091101334912,1708,2022-11-20 15:35:34,198,0,37500,37
70839149,LL22151302M,982091101339149,1708,2022-11-20 15:38:52,579,0,52000,299
70821254,LL22145301M,982091101121254,1708,2022-11-20 15:49:04,505,0,47500,129
70834912,LL22137303M,982091101334912,1708,2022-11-20 15:58:39,1565,0,38000,393
70834137,LL22136804M,982091101334137,1708,2022-11-20 16:25:00,1365,0,47000,602
70821269,LL22146202M,982091101121269,1708,2022-11-20 16:48:13,1315,0,41000,492
70834870,LL22138604M,982091101334870,1708,2022-11-20 17:10:48,405,0,44000,100
70821269,LL22146202M,982091101121269,1708,2022-11-20 17:21:23,616,0,41000,233
70834115,LL22151701M,982091101334115,1708,2022-11-20 17:41:13,323,0,49500,235
70839190,LL22149102M,982091101339190,1708,2022-11-20 17:47:09,774,0,50000,527
70821269,LL22146202M,982091101121269,1708,2022-11-20 18:08:11,229,0,41000,63
70832894,LL22137003M,982091101332894,1708,2022-11-20 18:12:16,387,0,64500,221
70821276,LL22142904M,982091101121276,1708,2022-11-20 18:18:47,184,0,43500,115
70839149,LL22151302M,982091101339149,1708,2022-11-20 18:21:55,666,0,51500,363
70834904,LL22149702M,982091101334904,1708,2022-11-20 18:33:09,1056,0,39000,580
70821276,LL22142904M,982091101121276,1708,2022-11-20 19:00:00,421,0,43500,198
70832894,LL22137003M,982091101332894,1708,2022-11-20 19:46:51,411,0,44500,210
70834115,LL22151701M,982091101334115,1708,2022-11-20 19:53:46,218,0,50500,149
70834115,LL22151701M,982091101334115,1708,2022-11-20 19:59:28,387,0,50500,316
70821254,LL22145301M,982091101121254,1708,2022-11-20 20:38:43,564,0,47500,174
70834870,LL22138604M,982091101334870,1708,2022-11-20 20:48:35,483,0,43500,121
70834870,LL22138604M,982091101334870,1708,2022-11-20 20:59:54,433,0,43500,250
70821254,LL22145301M,982091101121254,1708,2022-11-20 22:15:01,709,0,47500,199
70834904,LL22149702M,982091101334904,1708,2022-11-20 22:28:16,61,0,40250,14
70834904,LL22149702M,982091101334904,1708,2022-11-20 22:31:19,440,0,41000,271
70821254,LL22145301M,982091101121254,1708,2022-11-20 22:43:20,588,0,47500,175
70832894,LL22137003M,982091101332894,1708,2022-11-20 22:53:24,365,0,45000,48
70834912,LL22137303M,982091101334912,1708,2022-11-20 23:50:45,695,0,38000,237
70821269,LL22146202M,982091101121269,1708,2022-11-21 00:04:57,260,0,41500,64
70839149,LL22151302M,982091101339149,1708,2022-11-21 00:18:21,251,0,51000,127
70839149,LL22151302M,982091101339149,1708,2022-11-21 00:24:36,460,0,52000,232
70832894,LL22137003M,982091101332894,1708,2022-11-21 00:32:20,425,0,44000,193
70821254,LL22145301M,982091101121254,1708,2022-11-21 00:40:05,552,0,48000,108
70821254,LL22145301M,982091101121254,1708,2022-11-21 00:55:14,686,0,48500,330
70834137,LL22136804M,982091101334137,1708,2022-11-21 01:06:56,1003,0,47000,272
70821276,LL22142904M,982091101121276,1708,2022-11-21 01:23:47,659,0,43500,307
70832894,LL22137003M,982091101332894,1708,2022-11-21 01:36:44,343,0,44500,129
70821306,LL22145602M,982091101121306,1708,2022-11-21 01:42:51,320,0,51000,91
70821254,LL22145301M,982091101121254,1708,2022-11-21 01:50:13,389,0,48000,181
70834115,LL22151701M,982091101334115,1708,2022-11-21 02:08:40,419,0,50000,267
70834870,LL22138604M,982091101334870,1708,2022-11-21 02:29:06,707,0,44000,413
70821306,LL22145602M,982091101121306,1708,2022-11-21 02:41:17,529,0,52000,207
70839149,LL22151302M,982091101339149,1708,2022-11-21 02:50:06,574,0,52000,311
70834912,LL22137303M,982091101334912,1708,2022-11-21 02:59:44,1577,0,38000,465
70821269,LL22146202M,982091101121269,1708,2022-11-21 03:26:33,746,0,41500,169
70834137,LL22136804M,982091101334137,1708,2022-11-21 03:39:12,1583,0,47500,760
70821269,LL22146202M,982091101121269,1708,2022-11-21 04:06:08,515,0,41500,168
70834115,LL22151701M,982091101334115,1708,2022-11-21 04:14:56,228,0,50500,77
70821276,LL22142904M,982091101121276,1708,2022-11-21 04:19:00,387,0,43500,197
70821269,LL22146202M,982091101121269,1708,2022-11-21 04:25:35,414,0,41000,156
70821276,LL22142904M,982091101121276,1708,2022-11-21 04:32:47,370,0,43000,164
70834904,LL22149702M,982091101334904,1708,2022-11-21 04:39:42,1059,0,40500,471
70839190,LL22149102M,982091101339190,1708,2022-11-21 04:58:09,889,0,50500,530
70839149,LL22151302M,982091101339149,1708,2022-11-21 05:13:14,548,0,52500,281
70839149,LL22151302M,982091101339149,1708,2022-11-21 05:24:23,67,0,51500,21
70832894,LL22137003M,982091101332894,1708,2022-11-21 05:25:42,335,0,45000,123
70821306,LL22145602M,982091101121306,1708,2022-11-21 05:34:01,743,0,52000,479
70834115,LL22151701M,982091101334115,1708,2022-11-21 05:46:33,342,0,50500,103
70821269,LL22146202M,982091101121269,1708,2022-11-21 05:52:59,241,0,42500,17
70834115,LL22151701M,982091101334115,1708,2022-11-21 05:59:02,462,0,50000,382
70821269,LL22146202M,982091101121269,1708,2022-11-21 06:06:53,72,0,41500,20
70839190,LL22149102M,982091101339190,1708,2022-11-21 06:08:13,406,0,50500,99
70821276,LL22142904M,982091101121276,1708,2022-11-21 06:15:43,559,0,43500,287
70821269,LL22146202M,982091101121269,1708,2022-11-21 06:25:07,251,0,41500,87
70821269,LL22146202M,982091101121269,1708,2022-11-21 06:31:21,208,0,42000,52
70821276,LL22142904M,982091101121276,1708,2022-11-21 06:35:09,214,0,43000,111
70821269,LL22146202M,982091101121269,1708,2022-11-21 06:41:19,266,0,42000,69
70839190,LL22149102M,982091101339190,1708,2022-11-21 06:45:58,619,0,50500,276
70834904,LL22149702M,982091101334904,1708,2022-11-21 06:58:19,461,0,41000,274
70832894,LL22137003M,982091101332894,1708,2022-11-21 07:07:09,372,0,44500,145
70821306,LL22145602M,982091101121306,1708,2022-11-21 07:13:46,98,0,51500,30
70821276,LL22142904M,982091101121276,1708,2022-11-21 07:17:18,502,0,44500,36
70821306,LL22145602M,982091101121306,1708,2022-11-21 07:28:56,314,0,52000,168
70834115,LL22151701M,982091101334115,1708,2022-11-21 07:34:50,289,0,51000,221
70821276,LL22142904M,982091101121276,1708,2022-11-21 07:45:30,96,0,44000,27
70821269,LL22146202M,982091101121269,1708,2022-11-21 07:50:46,52,0,,14
70821254,LL22145301M,982091101121254,1708,2022-11-21 07:54:45,91,0,48000,7
70839149,LL22151302M,982091101339149,1708,2022-11-21 07:59:54,378,0,52000,119
70839149,LL22151302M,982091101339149,1708,2022-11-21 08:08:13,376,0,51000,186
70832894,LL22137003M,982091101332894,1708,2022-11-21 08:15:46,351,0,44000,156
70834137,LL22136804M,982091101334137,1708,2022-11-21 08:21:53,211,0,47000,54
70834137,LL22136804M,982091101334137,1708,2022-11-21 08:32:20,112,0,46500,20
70834904,LL22149702M,982091101334904,1708,2022-11-21 08:35:22,36,0,,1
70839190,LL22149102M,982091101339190,1708,2022-11-21 08:36:52,98,0,52500,20
70834115,LL22151701M,982091101334115,1708,2022-11-21 08:38:53,20,0,,3
70834912,LL22137303M,982091101334912,1708,2022-11-21 08:43:01,859,0,38500,263
70834870,LL22138604M,982091101334870,1708,2022-11-21 08:59:09,514,0,43500,162
70839190,LL22149102M,982091101339190,1708,2022-11-21 09:08:28,78,0,51500,25
70821276,LL22142904M,982091101121276,1708,2022-11-21 09:13:16,367,0,44000,103
70832894,LL22137003M,982091101332894,1708,2022-11-21 09:19:44,42,0,,1
70834904,LL22149702M,982091101334904,1708,2022-11-21 09:25:20,391,0,41000,236
70834115,LL22151701M,982091101334115,1708,2022-11-21 09:38:15,127,0,50500,59
70832894,LL22137003M,982091101332894,1708,2022-11-21 09:42:58,215,0,44000,45
70834912,LL22137303M,982091101334912,1708,2022-11-21 09:47:47,201,0,39000,27
70834137,LL22136804M,982091101334137,1708,2022-11-21 09:51:40,570,0,47000,113
70839190,LL22149102M,982091101339190,1708,2022-11-21 10:01:45,170,0,52500,45
70832894,LL22137003M,982091101332894,1708,2022-11-21 10:06:37,591,0,44500,316
70834912,LL22137303M,982091101334912,1708,2022-11-21 10:16:48,156,0,38500,26
70839190,LL22149102M,982091101339190,1708,2022-11-21 10:19:48,280,0,52500,95
70834904,LL22149702M,982091101334904,1708,2022-11-21 10:26:29,310,0,41500,184
70839149,LL22151302M,982091101339149,1708,2022-11-21 10:34:16,375,0,51000,164
70821306,LL22145602M,982091101121306,1708,2022-11-21 10:41:43,213,0,53000,70
70821254,LL22145301M,982091101121254,1708,2022-11-21 10:45:20,906,0,47500,146
70834870,LL22138604M,982091101334870,1708,2022-11-21 11:02:08,214,0,43500,4
70839149,LL22151302M,982091101339149,1708,2022-11-21 11:05:54,7,0,,1
70834870,LL22138604M,982091101334870,1708,2022-11-21 11:06:18,201,0,43500,3
70839190,LL22149102M,982091101339190,1708,2022-11-21 11:10:03,37,0,,6
70834870,LL22138604M,982091101334870,1708,2022-11-21 11:11:04,48,0,,1
70839190,LL22149102M,982091101339190,1708,2022-11-21 11:12:00,90,0,52000,23
70834870,LL22138604M,982091101334870,1708,2022-11-21 11:13:43,104,0,43000,1
70839149,LL22151302M,982091101339149,1708,2022-11-21 11:17:00,68,0,53000,4
70821306,LL22145602M,982091101121306,1708,2022-11-21 11:18:16,311,0,53000,20
70821306,LL22145602M,982091101121306,1708,2022-11-21 11:25:29,175,0,52500,149
70839149,LL22151302M,982091101339149,1708,2022-11-21 11:28:28,572,0,52500,260
70834912,LL22137303M,982091101334912,1708,2022-11-21 11:38:09,376,0,38250,44
70834870,LL22138604M,982091101334870,1708,2022-11-21 11:44:29,896,0,43500,114
70834912,LL22137303M,982091101334912,1708,2022-11-21 11:59:37,47,0,,2
70834137,LL22136804M,982091101334137,1708,2022-11-21 12:00:32,1045,0,47500,478
70834912,LL22137303M,982091101334912,1708,2022-11-21 12:18:21,425,0,37000,40
70834870,LL22138604M,982091101334870,1708,2022-11-21 12:25:54,861,0,44500,472
70821306,LL22145602M,982091101121306,1708,2022-11-21 12:40:31,177,0,51500,43
70834115,LL22151701M,982091101334115,1708,2022-11-21 12:44:09,404,0,51500,414
70821306,LL22145602M,982091101121306,1708,2022-11-21 12:51:09,702,0,53000,493
70834912,LL22137303M,982091101334912,1708,2022-11-21 13:22:31,725,0,38500,305
70839149,LL22151302M,982091101339149,1708,2022-11-21 13:34:36,508,0,52500,263
70821276,LL22142904M,982091101121276,1708,2022-11-21 13:43:33,388,0,44750,209
70834912,LL22137303M,982091101334912,1708,2022-11-21 13:52:36,113,0,39250,36
70832894,LL22137003M,982091101332894,1708,2022-11-21 13:54:29,470,0,45500,251
70821254,LL22145301M,982091101121254,1708,2022-11-21 14:03:00,1076,0,47500,491
70834137,LL22136804M,982091101334137,1708,2022-11-21 14:21:20,620,0,47500,362
70821254,LL22145301M,982091101121254,1708,2022-11-21 14:32:09,437,0,48000,165
70839149,LL22151302M,982091101339149,1708,2022-11-21 14:39:46,583,0,52000,304
70834912,LL22137303M,982091101334912,1708,2022-11-21 14:49:38,627,0,39000,186
70834870,LL22138604M,982091101334870,1708,2022-11-21 15:01:18,652,0,45500,374
70832894,LL22137003M,982091101332894,1708,2022-11-21 15:12:22,299,0,45500,135
70821276,LL22142904M,982091101121276,1708,2022-11-21 15:17:29,342,0,44000,218
70821269,LL22146202M,982091101121269,1708,2022-11-21 15:23:19,421,0,41000,148
70821269,LL22146202M,982091101121269,1708,2022-11-21 15:32:23,106,0,41000,38
70839190,LL22149102M,982091101339190,1708,2022-11-21 15:36:44,909,0,52500,602
70834137,LL22136804M,982091101334137,1708,2022-11-21 15:52:05,464,0,48000,192
70821254,LL22145301M,982091101121254,1708,2022-11-21 16:02:56,331,0,48000,137
70834870,LL22138604M,982091101334870,1708,2022-11-21 16:08:39,85,0,45000,2
70832894,LL22137003M,982091101332894,1708,2022-11-21 16:10:24,354,0,45500,94
70834115,LL22151701M,982091101334115,1708,2022-11-21 16:16:39,783,0,51000,439
70821269,LL22146202M,982091101121269,1708,2022-11-21 16:32:26,406,0,41000,158
70834912,LL22137303M,982091101334912,1708,2022-11-21 16:39:41,667,0,39500,226
70821276,LL22142904M,982091101121276,1708,2022-11-21 16:52:01,426,0,44500,203
70821269,LL22146202M,982091101121269,1708,2022-11-21 17:22:35,193,0,41500,62
70821306,LL22145602M,982091101121306,1708,2022-11-21 17:35:24,500,0,53500,367
70832894,LL22137003M,982091101332894,1708,2022-11-21 17:43:56,310,0,46500,54
70834904,LL22149702M,982091101334904,1708,2022-11-21 17:51:08,731,0,40500,385
70839149,LL22151302M,982091101339149,1708,2022-11-21 18:03:47,408,0,53500,163
70834137,LL22136804M,982091101334137,1708,2022-11-21 18:13:52,367,0,48500,182
70834115,LL22151701M,982091101334115,1708,2022-11-21 18:37:44,257,0,52000,216
70821276,LL22142904M,982091101121276,1708,2022-11-21 19:28:12,236,0,44500,97
70834870,LL22138604M,982091101334870,1708,2022-11-21 19:32:29,535,0,46500,286
70821254,LL22145301M,982091101121254,1708,2022-11-21 19:43:14,363,0,49000,113
70839149,LL22151302M,982091101339149,1708,2022-11-21 19:49:25,152,0,54500,42
70834870,LL22138604M,982091101334870,1708,2022-11-21 19:55:45,454,0,46000,193
70821269,LL22146202M,982091101121269,1708,2022-11-21 20:03:31,778,0,41500,241
70832894,LL22137003M,982091101332894,1708,2022-11-21 20:16:45,238,0,46500,38
70821269,LL22146202M,982091101121269,1708,2022-11-21 20:21:03,19,0,,4
70832894,LL22137003M,982091101332894,1708,2022-11-21 20:21:34,117,0,46500,33
70832894,LL22137003M,982091101332894,1708,2022-11-21 20:26:14,640,0,45500,381
70839190,LL22149102M,982091101339190,1708,2022-11-21 20:37:50,376,0,52500,147
70834115,LL22151701M,982091101334115,1708,2022-11-21 20:46:08,426,0,52500,310
70821269,LL22146202M,982091101121269,1708,2022-11-21 20:53:34,283,0,41500,64
70821269,LL22146202M,982091101121269,1708,2022-11-21 21:01:23,228,0,41500,51
70839149,LL22151302M,982091101339149,1708,2022-11-21 21:05:15,254,0,52500,76
70834904,LL22149702M,982091101334904,1708,2022-11-21 21:14:20,472,0,41500,283
70821306,LL22145602M,982091101121306,1708,2022-11-21 21:24:14,185,0,54500,84
70839190,LL22149102M,982091101339190,1708,2022-11-21 21:31:30,324,0,52500,119
70834137,LL22136804M,982091101334137,1708,2022-11-21 21:45:34,475,0,48500,224
70834912,LL22137303M,982091101334912,1708,2022-11-21 22:28:13,428,0,38500,127
70821276,LL22142904M,982091101121276,1708,2022-11-21 22:38:29,156,0,44500,55
70834115,LL22151701M,982091101334115,1708,2022-11-21 22:43:08,97,0,52000,61
70821254,LL22145301M,982091101121254,1708,2022-11-21 22:59:11,934,0,49500,359
70832894,LL22137003M,982091101332894,1708,2022-11-21 23:15:05,121,0,46000,39
70821276,LL22142904M,982091101121276,1708,2022-11-21 23:17:47,104,0,44500,40
70832894,LL22137003M,982091101332894,1708,2022-11-21 23:21:32,516,0,46000,250
70821254,LL22145301M,982091101121254,1708,2022-11-21 23:30:32,632,0,48500,182
70821254,LL22145301M,982091101121254,1708,2022-11-22 00:24:52,264,0,49500,40
70834904,LL22149702M,982091101334904,1708,2022-11-22 00:33:57,220,0,41000,44
70821254,LL22145301M,982091101121254,1708,2022-11-22 00:39:39,324,0,48500,122
70834870,LL22138604M,982091101334870,1708,2022-11-22 00:51:25,557,0,46000,273
70821254,LL22145301M,982091101121254,1708,2022-11-22 01:09:12,52,0,,2
70821306,LL22145602M,982091101121306,1708,2022-11-22 01:17:29,138,0,54000,49
70834115,LL22151701M,982091101334115,1708,2022-11-22 01:25:01,180,0,52500,86
70834870,LL22138604M,982091101334870,1708,2022-11-22 01:31:30,25,0,,1
70839149,LL22151302M,982091101339149,1708,2022-11-22 01:39:49,585,0,53000,315
70821269,LL22146202M,982091101121269,1708,2022-11-22 01:53:12,287,0,42500,75
70834870,LL22138604M,982091101334870,1708,2022-11-22 02:12:55,51,0,,3
70821254,LL22145301M,982091101121254,1708,2022-11-22 02:14:06,211,0,50000,70
70834904,LL22149702M,982091101334904,1708,2022-11-22 02:18:14,456,0,41500,110
70834115,LL22151701M,982091101334115,1708,2022-11-22 02:27:51,463,0,53000,352
70834904,LL22149702M,982091101334904,1708,2022-11-22 02:35:59,311,0,42000,107
70821276,LL22142904M,982091101121276,1708,2022-11-22 02:41:46,841,0,45500,326
70834137,LL22136804M,982091101334137,1708,2022-11-22 02:55:56,997,0,49000,282
70834904,LL22149702M,982091101334904,1708,2022-11-22 03:23:24,496,0,42000,320
70834912,LL22137303M,982091101334912,1708,2022-11-22 03:47:54,581,0,40000,227
70821254,LL22145301M,982091101121254,1708,2022-11-22 04:03:55,569,0,49500,243
70821269,LL22146202M,982091101121269,1708,2022-11-22 04:14:13,438,0,42000,103
70821306,LL22145602M,982091101121306,1708,2022-11-22 04:22:28,352,0,54000,95
70839190,LL22149102M,982091101339190,1708,2022-11-22 04:28:48,871,0,52500,465
70821269,LL22146202M,982091101121269,1708,2022-11-22 04:43:47,204,0,42000,29
70839149,LL22151302M,982091101339149,1708,2022-11-22 04:47:15,662,0,53000,354
70834137,LL22136804M,982091101334137,1708,2022-11-22 04:58:30,1150,0,48500,491
70821269,LL22146202M,982091101121269,1708,2022-11-22 05:17:56,757,0,42500,170
70839190,LL22149102M,982091101339190,1708,2022-11-22 05:30:49,216,0,52500,89
70821306,LL22145602M,982091101121306,1708,2022-11-22 05:34:45,705,0,53000,411
70821269,LL22146202M,982091101121269,1708,2022-11-22 05:46:34,730,0,43500,312
70821276,LL22142904M,982091101121276,1708,2022-11-22 05:58:52,519,0,45000,191
70834912,LL22137303M,982091101334912,1708,2022-11-22 06:09:30,908,0,39500,275
70834115,LL22151701M,982091101334115,1708,2022-11-22 06:25:11,318,0,53000,172
70821269,LL22146202M,982091101121269,1708,2022-11-22 06:31:10,141,0,43500,2
70834115,LL22151701M,982091101334115,1708,2022-11-22 06:33:41,53,0,,17
70821276,LL22142904M,982091101121276,1708,2022-11-22 06:35:23,352,0,45000,146
70821269,LL22146202M,982091101121269,1708,2022-11-22 06:41:40,280,0,43000,93
70834912,LL22137303M,982091101334912,1708,2022-11-22 06:47:26,94,0,39500,11
70834870,LL22138604M,982091101334870,1708,2022-11-22 07:36:40,570,0,45500,264
70834115,LL22151701M,982091101334115,1708,2022-11-22 07:46:27,502,0,53500,410
70839190,LL22149102M,982091101339190,1708,2022-11-22 07:56:51,46,0,,21
70839149,LL22151302M,982091101339149,1708,2022-11-22 07:57:37,598,0,54000,356
70832894,LL22137003M,982091101332894,1708,2022-11-22 08:07:35,565,0,46000,160
70821276,LL22142904M,982091101121276,1708,2022-11-22 08:17:04,466,0,46000,152
70839190,LL22149102M,982091101339190,1708,2022-11-22 08:24:59,388,0,54000,270
70834904,LL22149702M,982091101334904,1708,2022-11-22 08:32:12,1005,0,41500,564
70839149,LL22151302M,982091101339149,1708,2022-11-22 08:49:30,20,0,,4
70821269,LL22146202M,982091101121269,1708,2022-11-22 08:49:54,57,0,,15
70821306,LL22145602M,982091101121306,1708,2022-11-22 08:51:00,718,0,54000,453
70839190,LL22149102M,982091101339190,1708,2022-11-22 09:03:02,19,0,,4
70839149,LL22151302M,982091101339149,1708,2022-11-22 09:03:34,127,0,54000,39
70821306,LL22145602M,982091101121306,1708,2022-11-22 09:05:41,75,0,53500,19
70821269,LL22146202M,982091101121269,1708,2022-11-22 09:07:29,23,0,,3
70834137,LL22136804M,982091101334137,1708,2022-11-22 09:09:19,821,0,49000,332
70821276,LL22142904M,982091101121276,1708,2022-11-22 09:23:29,140,0,45000,64
70834904,LL22149702M,982091101334904,1708,2022-11-22 09:31:49,376,0,44000,235
70834115,LL22151701M,982091101334115,1708,2022-11-22 09:40:07,161,0,55000,90
70821269,LL22146202M,982091101121269,1708,2022-11-22 09:44:51,194,0,43500,45
70834137,LL22136804M,982091101334137,1708,2022-11-22 09:50:02,29,0,,10
70834912,LL22137303M,982091101334912,1708,2022-11-22 09:52:06,746,0,39500,138
70839190,LL22149102M,982091101339190,1708,2022-11-22 10:23:01,675,0,53500,388
70832894,LL22137003M,982091101332894,1708,2022-11-22 10:34:16,100,0,46000,4
70839149,LL22151302M,982091101339149,1708,2022-11-22 10:39:37,67,0,51500,24
70832894,LL22137003M,982091101332894,1708,2022-11-22 10:40:56,75,0,46000,15
70832894,LL22137003M,982091101332894,1708,2022-11-22 10:43:23,95,0,45500,25
70839149,LL22151302M,982091101339149,1708,2022-11-22 10:45:06,31,0,,14
70834115,LL22151701M,982091101334115,1708,2022-11-22 10:45:41,12,0,,1
70834137,LL22136804M,982091101334137,1708,2022-11-22 10:46:01,24,0,,3
70821276,LL22142904M,982091101121276,1708,2022-11-22 10:47:52,19,0,,4
70839149,LL22151302M,982091101339149,1708,2022-11-22 10:50:13,223,0,51000,124
70839190,LL22149102M,982091101339190,1708,2022-11-22 10:54:16,28,0,,15
70832894,LL22137003M,982091101332894,1708,2022-11-22 10:55:59,409,0,45500,231
70834912,LL22137303M,982091101334912,1708,2022-11-22 11:04:24,276,0,39500,49
70821269,LL22146202M,982091101121269,1708,2022-11-22 11:09:05,398,0,42500,89
70834912,LL22137303M,982091101334912,1708,2022-11-22 11:17:34,49,0,,6
70834870,LL22138604M,982091101334870,1708,2022-11-22 11:19:04,20,0,,1
70821306,LL22145602M,982091101121306,1708,2022-11-22 11:19:28,108,0,55000,6
70834870,LL22138604M,982091101334870,1708,2022-11-22 11:23:18,350,0,45500,209
70834137,LL22136804M,982091101334137,1708,2022-11-22 11:29:49,160,0,49500,73
70821306,LL22145602M,982091101121306,1708,2022-11-22 11:33:32,140,0,53000,69
70821269,LL22146202M,982091101121269,1708,2022-11-22 11:42:27,223,0,42500,59
70834912,LL22137303M,982091101334912,1708,2022-11-22 11:46:22,175,0,40000,25
70832894,LL22137003M,982091101332894,1708,2022-11-22 11:56:14,42,0,,1
70839190,LL22149102M,982091101339190,1708,2022-11-22 12:04:26,229,0,54500,59
70839190,LL22149102M,982091101339190,1708,2022-11-22 12:10:18,597,0,54500,389
70834912,LL22137303M,982091101334912,1708,2022-11-22 12:20:19,834,0,39500,139
70832894,LL22137003M,982091101332894,1708,2022-11-22 12:34:21,138,0,46000,6
70834912,LL22137303M,982091101334912,1708,2022-11-22 12:36:47,139,0,40000,12
70832894,LL22137003M,982091101332894,1708,2022-11-22 12:39:10,28,0,,1
70834912,LL22137303M,982091101334912,1708,2022-11-22 12:39:55,50,0,,4
70821306,LL22145602M,982091101121306,1708,2022-11-22 12:41:17,133,0,54500,12
70839149,LL22151302M,982091101339149,1708,2022-11-22 12:43:39,303,0,54000,71
70821276,LL22142904M,982091101121276,1708,2022-11-22 12:48:58,98,0,43000,25
70832894,LL22137003M,982091101332894,1708,2022-11-22 12:50:36,114,0,88500,102
70821276,LL22142904M,982091101121276,1708,2022-11-22 12:52:34,129,0,46500,70
70839149,LL22151302M,982091101339149,1708,2022-11-22 12:54:43,639,0,54000,300
70834137,LL22136804M,982091101334137,1708,2022-11-22 13:05:31,777,0,50000,414
70832894,LL22137003M,982091101332894,1708,2022-11-22 13:18:48,1107,0,46000,534
70834912,LL22137303M,982091101334912,1708,2022-11-22 13:37:27,1198,0,41000,366
70821306,LL22145602M,982091101121306,1708,2022-11-22 13:57:37,870,0,54500,627
70834870,LL22138604M,982091101334870,1708,2022-11-22 14:12:11,1105,0,46000,540
70834115,LL22151701M,982091101334115,1708,2022-11-22 14:32:14,641,0,52500,522
70821254,LL22145301M,982091101121254,1708,2022-11-22 14:43:15,1248,0,48500,492
70821276,LL22142904M,982091101121276,1708,2022-11-22 15:04:07,328,0,45000,197
70839149,LL22151302M,982091101339149,1708,2022-11-22 15:09:35,445,0,53500,203
70821254,LL22145301M,982091101121254,1708,2022-11-22 15:17:05,328,0,48250,115
70834137,LL22136804M,982091101334137,1708,2022-11-22 15:28:36,362,0,49500,242
70834870,LL22138604M,982091101334870,1708,2022-11-22 15:48:38,83,0,46250,2
70821254,LL22145301M,982091101121254,1708,2022-11-22 15:52:04,239,0,48000,79
70834904,LL22149702M,982091101334904,1708,2022-11-22 16:01:32,538,0,44500,366
70839149,LL22151302M,982091101339149,1708,2022-11-22 16:10:30,498,0,55000,195
70834115,LL22151701M,982091101334115,1708,2022-11-22 16:20:50,407,0,54000,275
70834137,LL22136804M,982091101334137,1708,2022-11-22 16:33:57,360,0,49000,147
70832894,LL22137003M,982091101332894,1708,2022-11-22 17:20:44,621,0,47500,347
70839190,LL22149102M,982091101339190,1708,2022-11-22 17:34:42,171,0,54500,78
70839149,LL22151302M,982091101339149,1708,2022-11-22 17:40:18,561,0,55500,321
70821269,LL22146202M,982091101121269,1708,2022-11-22 17:50:08,1327,0,43500,499
70821276,LL22142904M,982091101121276,1708,2022-11-22 18:19:40,569,0,46000,288
70834870,LL22138604M,982091101334870,1708,2022-11-22 18:35:40,607,0,47500,397
70834904,LL22149702M,982091101334904,1708,2022-11-22 18:59:53,287,0,43500,167
70834912,LL22137303M,982091101334912,1708,2022-11-22 19:07:16,232,0,41000,68
70834137,LL22136804M,982091101334137,1708,2022-11-22 19:13:42,438,0,51000,250
70821269,LL22146202M,982091101121269,1708,2022-11-22 19:21:16,46,0,,10
70834870,LL22138604M,982091101334870,1708,2022-11-22 19:23:30,11,0,,1
70839149,LL22151302M,982091101339149,1708,2022-11-22 19:24:21,90,0,56500,23
70821269,LL22146202M,982091101121269,1708,2022-11-22 19:49:03,381,0,43500,130
70834137,LL22136804M,982091101334137,1708,2022-11-22 19:56:00,407,0,50500,213
70832894,LL22137003M,982091101332894,1708,2022-11-22 20:07:10,622,0,48500,382
70834904,LL22149702M,982091101334904,1708,2022-11-22 20:22:48,125,0,44000,61
70821269,LL22146202M,982091101121269,1708,2022-11-22 20:25:57,87,0,43000,28
70834115,LL22151701M,982091101334115,1708,2022-11-22 21:22:36,398,0,54000,356
70839149,LL22151302M,982091101339149,1708,2022-11-22 21:32:20,314,0,56000,181
70834870,LL22138604M,982091101334870,1708,2022-11-22 22:13:39,377,0,47500,171
70832894,LL22137003M,982091101332894,1708,2022-11-22 22:21:29,83,0,47500,23
70821254,LL22145301M,982091101121254,1708,2022-11-22 22:39:54,1129,0,49000,376
70834912,LL22137303M,982091101334912,1708,2022-11-22 22:59:16,1003,0,40500,328
70821254,LL22145301M,982091101121254,1708,2022-11-22 23:17:12,400,0,48500,150
70834904,LL22149702M,982091101334904,1708,2022-11-23 00:20:26,617,0,43500,398
70839149,LL22151302M,982091101339149,1708,2022-11-23 00:30:43,630,0,55000,388
70821276,LL22142904M,982091101121276,1708,2022-11-23 00:58:22,122,0,45500,19
70832894,LL22137003M,982091101332894,1708,2022-11-23 01:02:25,174,0,48000,76
70834115,LL22151701M,982091101334115,1708,2022-11-23 01:05:48,439,0,54500,364
70839149,LL22151302M,982091101339149,1708,2022-11-23 01:19:59,109,0,55500,58
70821254,LL22145301M,982091101121254,1708,2022-11-23 01:28:17,729,0,50000,321
70839190,LL22149102M,982091101339190,1708,2022-11-23 01:40:34,1212,0,54500,620
70832894,LL22137003M,982091101332894,1708,2022-11-23 02:01:14,423,0,48000,192
70834137,LL22136804M,982091101334137,1708,2022-11-23 02:11:35,328,0,50500,152
70821254,LL22145301M,982091101121254,1708,2022-11-23 02:17:36,53,0,,18
70821254,LL22145301M,982091101121254,1708,2022-11-23 02:27:29,60,0,,1
70821269,LL22146202M,982091101121269,1708,2022-11-23 03:19:12,408,0,44000,143
70834870,LL22138604M,982091101334870,1708,2022-11-23 03:26:04,379,0,47500,164
70821276,LL22142904M,982091101121276,1708,2022-11-23 03:32:35,586,0,45500,254
70821306,LL22145602M,982091101121306,1708,2022-11-23 03:49:13,1011,0,55000,660
70834912,LL22137303M,982091101334912,1708,2022-11-23 04:10:58,929,0,41000,332
70834115,LL22151701M,982091101334115,1708,2022-11-23 04:45:39,252,0,53500,191
70834137,LL22136804M,982091101334137,1708,2022-11-23 05:09:53,430,0,50500,224
70832894,LL22137003M,982091101332894,1708,2022-11-23 05:19:38,424,0,47500,215
70834904,LL22149702M,982091101334904,1708,2022-11-23 05:26:46,295,0,44000,136
70839149,LL22151302M,982091101339149,1708,2022-11-23 05:31:41,418,0,55500,241
70834904,LL22149702M,982091101334904,1708,2022-11-23 05:40:26,714,0,43500,472
70821254,LL22145301M,982091101121254,1708,2022-11-23 05:52:28,936,0,50000,375
70821276,LL22142904M,982091101121276,1708,2022-11-23 06:08:08,611,0,45000,276
70834115,LL22151701M,982091101334115,1708,2022-11-23 06:18:52,42,0,,22
70821306,LL22145602M,982091101121306,1708,2022-11-23 06:19:46,418,0,56000,242
70834912,LL22137303M,982091101334912,1708,2022-11-23 06:27:05,432,0,40500,134
70821269,LL22146202M,982091101121269,1708,2022-11-23 06:34:17,1025,0,43500,413
70839149,LL22151302M,982091101339149,1708,2022-11-23 06:51:38,134,0,54500,72
70821269,LL22146202M,982091101121269,1708,2022-11-23 06:54:00,184,0,44000,22
70839149,LL22151302M,982091101339149,1708,2022-11-23 06:57:16,65,0,56000,30
70821269,LL22146202M,982091101121269,1708,2022-11-23 06:59:10,607,0,44000,199
70839190,LL22149102M,982091101339190,1708,2022-11-23 07:09:21,632,0,54500,314
70834115,LL22151701M,982091101334115,1708,2022-11-23 07:21:18,81,0,54000,17
70839190,LL22149102M,982091101339190,1708,2022-11-23 07:23:11,689,0,55000,324
70834137,LL22136804M,982091101334137,1708,2022-11-23 07:34:44,542,0,50000,127
70834115,LL22151701M,982091101334115,1708,2022-11-23 07:44:59,105,0,54500,6
70834137,LL22136804M,982091101334137,1708,2022-11-23 07:47:40,136,0,50000,15
70834115,LL22151701M,982091101334115,1708,2022-11-23 07:51:58,464,0,54000,330
70834904,LL22149702M,982091101334904,1708,2022-11-23 08:01:40,211,0,44000,59
70834137,LL22136804M,982091101334137,1708,2022-11-23 08:06:04,338,0,50000,57
70839149,LL22151302M,982091101339149,1708,2022-11-23 08:24:11,366,0,55500,217
70834912,LL22137303M,982091101334912,1708,2022-11-23 08:30:55,50,0,,20
70832894,LL22137003M,982091101332894,1708,2022-11-23 08:32:18,236,0,48000,103
70834870,LL22138604M,982091101334870,1708,2022-11-23 08:36:30,538,0,46500,162
70821276,LL22142904M,982091101121276,1708,2022-11-23 08:45:44,436,0,45500,222
70839149,LL22151302M,982091101339149,1708,2022-11-23 08:53:04,176,0,55500,122
70832894,LL22137003M,982091101332894,1708,2022-11-23 08:56:04,131,0,47500,42
70834137,LL22136804M,982091101334137,1708,2022-11-23 08:58:43,52,0,,13
70834912,LL22137303M,982091101334912,1708,2022-11-23 08:59:52,11,0,,2
70821306,LL22145602M,982091101121306,1708,2022-11-23 09:00:28,16,0,,2
70834137,LL22136804M,982091101334137,1708,2022-11-23 09:02:29,51,0,,20
70834912,LL22137303M,982091101334912,1708,2022-11-23 09:04:25,84,0,40000,14
70834904,LL22149702M,982091101334904,1708,2022-11-23 09:07:08,19,0,,3
70834137,LL22136804M,982091101334137,1708,2022-11-23 09:09:29,599,0,50000,345
70839149,LL22151302M,982091101339149,1708,2022-11-23 09:20:01,20,0,,4
70821269,LL22146202M,982091101121269,1708,2022-11-23 09:21:28,188,0,44000,32
70821276,LL22142904M,982091101121276,1708,2022-11-23 09:24:48,705,0,45000,151
70834912,LL22137303M,982091101334912,1708,2022-11-23 09:36:42,189,0,40500,15
70821269,LL22146202M,982091101121269,1708,2022-11-23 09:39:55,81,0,44000,3
70834912,LL22137303M,982091101334912,1708,2022-11-23 09:41:50,79,0,40750,7
70821306,LL22145602M,982091101121306,1708,2022-11-23 09:43:13,98,0,56500,1
70834870,LL22138604M,982091101334870,1708,2022-11-23 09:47:02,41,0,,1
70834912,LL22137303M,982091101334912,1708,2022-11-23 09:48:00,83,0,41000,7
70834870,LL22138604M,982091101334870,1708,2022-11-23 09:49:44,592,0,46500,293
70832894,LL22137003M,982091101332894,1708,2022-11-23 09:59:41,325,0,47000,80
70834912,LL22137303M,982091101334912,1708,2022-11-23 10:05:10,575,0,40500,74
70821269,LL22146202M,982091101121269,1708,2022-11-23 10:15:36,86,0,44000,9
70834912,LL22137303M,982091101334912,1708,2022-11-23 10:17:29,165,0,41000,13
70821306,LL22145602M,982091101121306,1708,2022-11-23 10:21:13,244,0,55500,4
70832894,LL22137003M,982091101332894,1708,2022-11-23 10:25:33,72,0,47500,1
70821276,LL22142904M,982091101121276,1708,2022-11-23 10:26:49,402,0,45500,148
70834115,LL22151701M,982091101334115,1708,2022-11-23 10:33:39,314,0,54000,219
70834137,LL22136804M,982091101334137,1708,2022-11-23 10:45:23,281,0,50500,194
70821306,LL22145602M,982091101121306,1708,2022-11-23 10:50:04,51,0,,37
70832894,LL22137003M,982091101332894,1708,2022-11-23 10:50:55,452,0,47500,210
70834912,LL22137303M,982091101334912,1708,2022-11-23 10:58:31,261,0,41500,56
70839149,LL22151302M,982091101339149,1708,2022-11-23 11:02:52,295,0,56250,98
70839190,LL22149102M,982091101339190,1708,2022-11-23 11:08:14,28,0,,4
70834912,LL22137303M,982091101334912,1708,2022-11-23 11:08:48,125,0,41000,18
70839190,LL22149102M,982091101339190,1708,2022-11-23 11:10:57,949,0,55500,426
70821269,LL22146202M,982091101121269,1708,2022-11-23 11:26:54,808,0,45000,315
70832894,LL22137003M,982091101332894,1708,2022-11-23 11:40:38,395,0,46500,179
70832894,LL22137003M,982091101332894,1708,2022-11-23 11:49:15,390,0,47250,241
70839149,LL22151302M,982091101339149,1708,2022-11-23 11:55:45,1029,0,55500,518
70834904,LL22149702M,982091101334904,1708,2022-11-23 12:14:56,1030,0,42500,651
70834912,LL22137303M,982091101334912,1708,2022-11-23 12:32:51,1247,0,41000,457
70821306,LL22145602M,982091101121306,1708,2022-11-23 12:55:11,1433,0,55500,851
70834912,LL22137303M,982091101334912,1708,2022-11-23 13:19:52,39,0,,9
70834137,LL22136804M,982091101334137,1708,2022-11-23 13:21:16,434,0,51000,193
70834870,LL22138604M,982091101334870,1708,2022-11-23 13:30:25,616,0,47000,368
70821254,LL22145301M,982091101121254,1708,2022-11-23 13:41:06,1489,0,50000,560
70821276,LL22142904M,982091101121276,1708,2022-11-23 14:06:16,589,0,46500,247
70832894,LL22137003M,982091101332894,1708,2022-11-23 14:16:46,530,0,48500,247
70839190,LL22149102M,982091101339190,1708,2022-11-23 14:26:37,623,0,56000,251
70834137,LL22136804M,982091101334137,1708,2022-11-23 14:37:12,558,0,51500,266
70834137,LL22136804M,982091101334137,1708,2022-11-23 15:09:24,433,0,52000,260
70821276,LL22142904M,982091101121276,1708,2022-11-23 15:16:58,195,0,47000,113
70839149,LL22151302M,982091101339149,1708,2022-11-23 15:20:13,228,0,56500,97
70834115,LL22151701M,982091101334115,1708,2022-11-23 15:24:10,672,0,54000,434
70834870,LL22138604M,982091101334870,1708,2022-11-23 15:35:38,152,0,48000,28
70839149,LL22151302M,982091101339149,1708,2022-11-23 15:38:19,705,0,57000,296
70834904,LL22149702M,982091101334904,1708,2022-11-23 15:50:37,397,0,44500,213
70834870,LL22138604M,982091101334870,1708,2022-11-23 15:57:26,246,0,48000,52
70821254,LL22145301M,982091101121254,1708,2022-11-23 16:02:01,884,0,50000,373
70832894,LL22137003M,982091101332894,1708,2022-11-23 16:17:06,351,0,49250,116
70821276,LL22142904M,982091101121276,1708,2022-11-23 16:23:01,481,0,47000,245
70832894,LL22137003M,982091101332894,1708,2022-11-23 16:31:30,442,0,48500,228
70834115,LL22151701M,982091101334115,1708,2022-11-23 17:16:16,385,0,54500,291
70834904,LL22149702M,982091101334904,1708,2022-11-23 18:21:53,70,0,44500,27
70834870,LL22138604M,982091101334870,1708,2022-11-23 18:26:40,327,0,47500,135
70834137,LL22136804M,982091101334137,1708,2022-11-23 18:36:08,192,0,51250,96
70821306,LL22145602M,982091101121306,1708,2022-11-23 18:40:05,322,0,57000,259
70839149,LL22151302M,982091101339149,1708,2022-11-23 18:46:00,151,0,57000,74
70839149,LL22151302M,982091101339149,1708,2022-11-23 18:50:32,94,0,57000,37
70834115,LL22151701M,982091101334115,1708,2022-11-23 18:54:40,121,0,54500,72
70821306,LL22145602M,982091101121306,1708,2022-11-23 18:58:10,167,0,57500,121
70839190,LL22149102M,982091101339190,1708,2022-11-23 19:39:08,245,0,57000,138
70821269,LL22146202M,982091101121269,1708,2022-11-23 19:45:15,935,0,44500,388
70839149,LL22151302M,982091101339149,1708,2022-11-23 20:00:58,237,0,56500,97
70834870,LL22138604M,982091101334870,1708,2022-11-23 20:05:03,426,0,48500,188
70834912,LL22137303M,982091101334912,1708,2022-11-23 20:12:58,527,0,42000,198
70834137,LL22136804M,982091101334137,1708,2022-11-23 20:22:37,252,0,52500,173
70832894,LL22137003M,982091101332894,1708,2022-11-23 20:49:50,737,0,48500,433
70821276,LL22142904M,982091101121276,1708,2022-11-23 21:17:09,225,0,47000,80
70839149,LL22151302M,982091101339149,1708,2022-11-23 21:21:14,621,0,57000,387
70834115,LL22151701M,982091101334115,1708,2022-11-23 22:12:30,427,0,55000,305
70834137,LL22136804M,982091101334137,1708,2022-11-23 22:20:09,395,0,52000,217
70821254,LL22145301M,982091101121254,1708,2022-11-23 22:33:44,1104,0,51000,398
70821306,LL22145602M,982091101121306,1708,2022-11-23 23:01:41,40,0,,1
70832894,LL22137003M,982091101332894,1708,2022-11-24 00:02:17,90,0,49500,28
70839149,LL22151302M,982091101339149,1708,2022-11-24 00:14:28,58,0,,11
70834904,LL22149702M,982091101334904,1708,2022-11-24 00:18:00,402,0,43000,174
70834912,LL22137303M,982091101334912,1708,2022-11-24 00:30:38,801,0,42000,319
70821254,LL22145301M,982091101121254,1708,2022-11-24 00:46:01,672,0,51000,296
70821269,LL22146202M,982091101121269,1708,2022-11-24 00:59:13,830,0,45000,277
70834904,LL22149702M,982091101334904,1708,2022-11-24 02:02:05,591,0,44000,363
70821306,LL22145602M,982091101121306,1708,2022-11-24 02:14:30,232,0,57500,113
70839149,LL22151302M,982091101339149,1708,2022-11-24 02:19:50,165,0,57000,65
70821306,LL22145602M,982091101121306,1708,2022-11-24 02:22:48,88,0,58000,26
70821276,LL22142904M,982091101121276,1708,2022-11-24 02:24:33,366,0,47500,126
70832894,LL22137003M,982091101332894,1708,2022-11-24 02:38:04,170,0,49500,4
70834115,LL22151701M,982091101334115,1708,2022-11-24 02:41:02,356,0,55000,246
70821254,LL22145301M,982091101121254,1708,2022-11-24 02:47:11,697,0,51500,290
70832894,LL22137003M,982091101332894,1708,2022-11-24 03:01:55,110,0,49500,1
70834912,LL22137303M,982091101334912,1708,2022-11-24 03:04:10,422,0,42500,147
70839190,LL22149102M,982091101339190,1708,2022-11-24 03:11:33,968,0,55000,457
70832894,LL22137003M,982091101332894,1708,2022-11-24 03:29:44,261,0,49000,42
70834137,LL22136804M,982091101334137,1708,2022-11-24 03:34:46,502,0,52000,195
70834904,LL22149702M,982091101334904,1708,2022-11-24 03:47:48,204,0,44500,79
70821269,LL22146202M,982091101121269,1708,2022-11-24 04:16:23,413,0,45000,138
70821269,LL22146202M,982091101121269,1708,2022-11-24 04:26:54,284,0,44500,90
70821269,LL22146202M,982091101121269,1708,2022-11-24 04:39:12,102,0,44500,19
70834870,LL22138604M,982091101334870,1708,2022-11-24 04:41:27,389,0,47500,141
70834912,LL22137303M,982091101334912,1708,2022-11-24 04:57:52,415,0,43000,128
70821276,LL22142904M,982091101121276,1708,2022-11-24 05:04:55,372,0,46500,172
70839149,LL22151302M,982091101339149,1708,2022-11-24 05:11:07,201,0,57000,113
70821306,LL22145602M,982091101121306,1708,2022-11-24 05:14:32,1117,0,57500,514
70834904,LL22149702M,982091101334904,1708,2022-11-24 05:34:54,394,0,45000,230
70834137,LL22136804M,982091101334137,1708,2022-11-24 05:59:44,713,0,51500,259
70839149,LL22151302M,982091101339149,1708,2022-11-24 06:11:49,542,0,56500,317
70821276,LL22142904M,982091101121276,1708,2022-11-24 06:20:55,664,0,46500,284
70834912,LL22137303M,982091101334912,1708,2022-11-24 06:32:36,594,0,42500,193
70834115,LL22151701M,982091101334115,1708,2022-11-24 06:42:38,207,0,54000,143
70821269,LL22146202M,982091101121269,1708,2022-11-24 06:46:13,489,0,45500,187
70839149,LL22151302M,982091101339149,1708,2022-11-24 06:54:26,12,0,,1
70821269,LL22146202M,982091101121269,1708,2022-11-24 06:54:38,33,0,,14
70832894,LL22137003M,982091101332894,1708,2022-11-24 06:55:11,211,0,48000,46
70834115,LL22151701M,982091101334115,1708,2022-11-24 06:59:11,362,0,54500,229
70821276,LL22142904M,982091101121276,1708,2022-11-24 07:06:05,394,0,46500,138
70834870,LL22138604M,982091101334870,1708,2022-11-24 07:13:33,400,0,47000,184
70821269,LL22146202M,982091101121269,1708,2022-11-24 07:20:21,131,0,45500,48
70834904,LL22149702M,982091101334904,1708,2022-11-24 07:23:21,54,0,,27
70839190,LL22149102M,982091101339190,1708,2022-11-24 07:24:51,878,0,56000,501
70839149,LL22151302M,982091101339149,1708,2022-11-24 07:41:32,322,0,56500,155
70821269,LL22146202M,982091101121269,1708,2022-11-24 07:49:30,228,0,45250,62
70834904,LL22149702M,982091101334904,1708,2022-11-24 07:53:43,195,0,43500,97
70834137,LL22136804M,982091101334137,1708,2022-11-24 07:57:10,288,0,51500,98
70821269,LL22146202M,982091101121269,1708,2022-11-24 08:05:16,196,0,45500,46
70839149,LL22151302M,982091101339149,1708,2022-11-24 08:09:13,84,0,57000,46
70821269,LL22146202M,982091101121269,1708,2022-11-24 08:13:12,298,0,46000,105
70821306,LL22145602M,982091101121306,1708,2022-11-24 08:26:00,584,0,57000,330
70834115,LL22151701M,982091101334115,1708,2022-11-24 08:36:37,176,0,55500,51
70832894,LL22137003M,982091101332894,1708,2022-11-24 08:39:59,133,0,48500,18
70834912,LL22137303M,982091101334912,1708,2022-11-24 08:42:40,920,0,42500,280
70839149,LL22151302M,982091101339149,1708,2022-11-24 08:58:08,112,0,56500,59
70821276,LL22142904M,982091101121276,1708,2022-11-24 09:00:13,388,0,47000,141
70839149,LL22151302M,982091101339149,1708,2022-11-24 09:07:46,30,0,,11
70821276,LL22142904M,982091101121276,1708,2022-11-24 09:08:53,196,0,47000,51
70834912,LL22137303M,982091101334912,1708,2022-11-24 09:12:29,30,0,,2
70834904,LL22149702M,982091101334904,1708,2022-11-24 09:15:01,426,0,45000,217
70834115,LL22151701M,982091101334115,1708,2022-11-24 09:34:55,243,0,55000,145
70839190,LL22149102M,982091101339190,1708,2022-11-24 09:39:26,323,0,57000,53
70834115,LL22151701M,982091101334115,1708,2022-11-24 09:46:50,342,0,55500,206
70832894,LL22137003M,982091101332894,1708,2022-11-24 09:52:56,648,0,48500,279
70834870,LL22138604M,982091101334870,1708,2022-11-24 10:03:52,785,0,48500,437
70821276,LL22142904M,982091101121276,1708,2022-11-24 10:23:21,30,0,,10
70839149,LL22151302M,982091101339149,1708,2022-11-24 10:23:51,697,0,57500,390
70821276,LL22142904M,982091101121276,1708,2022-11-24 10:35:28,301,0,48000,128
70821254,LL22145301M,982091101121254,1708,2022-11-24 10:40:37,1476,0,52000,613
70821269,LL22146202M,982091101121269,1708,2022-11-24 11:05:17,682,0,45500,285
70821269,LL22146202M,982091101121269,1708,2022-11-24 11:19:55,219,0,46000,90
70834912,LL22137303M,982091101334912,1708,2022-11-24 11:28:52,816,0,43500,274
70839190,LL22149102M,982091101339190,1708,2022-11-24 11:42:36,1001,0,57000,608
70832894,LL22137003M,982091101332894,1708,2022-11-24 11:59:22,948,0,49500,485
70834904,LL22149702M,982091101334904,1708,2022-11-24 12:15:34,720,0,45000,473
70834115,LL22151701M,982091101334115,1708,2022-11-24 12:29:15,155,0,55000,106
70839149,LL22151302M,982091101339149,1708,2022-11-24 12:32:03,445,0,58500,236
70821276,LL22142904M,982091101121276,1708,2022-11-24 12:39:32,326,0,48000,147
70839190,LL22149102M,982091101339190,1708,2022-11-24 12:47:44,322,0,58000,166
70821276,LL22142904M,982091101121276,1708,2022-11-24 12:53:35,181,0,47500,79
70821306,LL22145602M,982091101121306,1708,2022-11-24 12:56:48,886,0,58000,580
70821306,LL22145602M,982091101121306,1708,2022-11-24 13:21:06,73,0,58500,2
70839149,LL22151302M,982091101339149,1708,2022-11-24 13:24:54,278,0,58500,139
70832894,LL22137003M,982091101332894,1708,2022-11-24 13:31:46,450,0,50500,247
70834912,LL22137303M,982091101334912,1708,2022-11-24 13:40:54,673,0,44000,213
70821276,LL22142904M,982091101121276,1708,2022-11-24 14:27:10,515,0,48000,219
70821306,LL22145602M,982091101121306,1708,2022-11-24 14:51:32,247,0,59000,166
70834870,LL22138604M,982091101334870,1708,2022-11-24 14:59:31,736,0,49000,369
70839149,LL22151302M,982091101339149,1708,2022-11-24 15:32:16,369,0,58000,150
70834904,LL22149702M,982091101334904,1708,2022-11-24 15:41:08,670,0,46500,380
70834137,LL22136804M,982091101334137,1708,2022-11-24 16:14:23,135,0,50000,1
70821276,LL22142904M,982091101121276,1708,2022-11-24 16:16:50,326,0,48000,141
70832894,LL22137003M,982091101332894,1708,2022-11-24 16:22:24,251,0,51000,80
70821254,LL22145301M,982091101121254,1708,2022-11-24 16:33:01,661,0,53000,280
70839149,LL22151302M,982091101339149,1708,2022-11-24 16:44:02,199,0,59000,86
70832894,LL22137003M,982091101332894,1708,2022-11-24 16:49:23,567,0,50500,370
70821254,LL22145301M,982091101121254,1708,2022-11-24 16:59:59,194,0,53000,111
70834115,LL22151701M,982091101334115,1708,2022-11-24 17:03:49,700,0,55500,479
70834870,LL22138604M,982091101334870,1708,2022-11-24 17:15:37,121,0,48500,26
70839149,LL22151302M,982091101339149,1708,2022-11-24 17:19:41,87,0,58500,55
70821269,LL22146202M,982091101121269,1708,2022-11-24 17:21:28,686,0,45500,279
70821254,LL22145301M,982091101121254,1708,2022-11-24 17:33:52,335,0,53000,131
70834870,LL22138604M,982091101334870,1708,2022-11-24 17:40:53,325,0,48000,105
70821269,LL22146202M,982091101121269,1708,2022-11-24 17:47:07,244,0,45500,93
70834912,LL22137303M,982091101334912,1708,2022-11-24 17:51:19,395,0,44000,138
70821276,LL22142904M,982091101121276,1708,2022-11-24 17:58:15,194,0,48000,87
70839190,LL22149102M,982091101339190,1708,2022-11-24 18:01:53,168,0,58000,98
70821276,LL22142904M,982091101121276,1708,2022-11-24 18:07:16,22,0,,1
70834870,LL22138604M,982091101334870,1708,2022-11-24 19:04:37,751,0,49000,476
70834904,LL22149702M,982091101334904,1708,2022-11-24 19:18:21,177,0,45500,65
70834115,LL22151701M,982091101334115,1708,2022-11-24 19:25:05,73,0,55500,23
70839149,LL22151302M,982091101339149,1708,2022-11-24 19:26:27,588,0,58500,366
70834904,LL22149702M,982091101334904,1708,2022-11-24 20:28:53,521,0,46500,358
70834115,LL22151701M,982091101334115,1708,2022-11-24 21:05:24,139,0,56000,90
70839149,LL22151302M,982091101339149,1708,2022-11-24 21:27:43,217,0,59500,107
70821269,LL22146202M,982091101121269,1708,2022-11-24 21:58:02,370,0,47000,157
70834115,LL22151701M,982091101334115,1708,2022-11-24 22:04:29,195,0,56500,176
70832894,LL22137003M,982091101332894,1708,2022-11-24 22:08:00,183,0,51500,57
70832894,LL22137003M,982091101332894,1708,2022-11-24 22:13:04,499,0,51000,331
70821276,LL22142904M,982091101121276,1708,2022-11-24 22:50:23,55,0,,11
70834870,LL22138604M,982091101334870,1708,2022-11-24 22:51:31,284,0,50000,128
70839149,LL22151302M,982091101339149,1708,2022-11-24 22:58:58,76,0,59000,31
70821254,LL22145301M,982091101121254,1708,2022-11-24 23:01:55,1068,0,52500,428
70834115,LL22151701M,982091101334115,1708,2022-11-24 23:31:35,390,0,56500,300
70834912,LL22137303M,982091101334912,1708,2022-11-24 23:40:40,259,0,43500,86
70821254,LL22145301M,982091101121254,1708,2022-11-25 00:40:30,333,0,53500,112
70821276,LL22142904M,982091101121276,1708,2022-11-25 00:46:59,410,0,47500,170
70839149,LL22151302M,982091101339149,1708,2022-11-25 00:56:29,333,0,59000,196
70821254,LL22145301M,982091101121254,1708,2022-11-25 01:04:35,264,0,53000,127
70839149,LL22151302M,982091101339149,1708,2022-11-25 01:10:15,148,0,58500,99
70832894,LL22137003M,982091101332894,1708,2022-11-25 01:15:19,742,0,51000,420
70834912,LL22137303M,982091101334912,1708,2022-11-25 01:30:58,886,0,44500,306
70834115,LL22151701M,982091101334115,1708,2022-11-25 01:50:28,268,0,57000,188
70821254,LL22145301M,982091101121254,1708,2022-11-25 02:00:24,195,0,54000,89
70821254,LL22145301M,982091101121254,1708,2022-11-25 02:09:28,224,0,53500,99
70821306,LL22145602M,982091101121306,1708,2022-11-25 02:19:00,471,0,59000,304
70821269,LL22146202M,982091101121269,1708,2022-11-25 02:37:41,397,0,46500,152
70834870,LL22138604M,982091101334870,1708,2022-11-25 02:45:46,489,0,50500,277
70821254,LL22145301M,982091101121254,1708,2022-11-25 03:11:13,180,0,54000,74
70834904,LL22149702M,982091101334904,1708,2022-11-25 03:15:57,521,0,47000,321
70839149,LL22151302M,982091101339149,1708,2022-11-25 04:16:50,174,0,58500,90
70834115,LL22151701M,982091101334115,1708,2022-11-25 04:20:16,169,0,56750,106
70821276,LL22142904M,982091101121276,1708,2022-11-25 04:23:21,703,0,48000,275
70821269,LL22146202M,982091101121269,1708,2022-11-25 04:35:16,359,0,47000,127
70832894,LL22137003M,982091101332894,1708,2022-11-25 04:45:06,617,0,52000,343
70839190,LL22149102M,982091101339190,1708,2022-11-25 04:55:27,650,0,57500,268
70821269,LL22146202M,982091101121269,1708,2022-11-25 05:06:21,615,0,46500,253
70839149,LL22151302M,982091101339149,1708,2022-11-25 05:25:39,304,0,58000,183
70821269,LL22146202M,982091101121269,1708,2022-11-25 05:30:55,102,0,46500,26
70834912,LL22137303M,982091101334912,1708,2022-11-25 05:35:20,971,0,44000,334
70834115,LL22151701M,982091101334115,1708,2022-11-25 05:51:39,267,0,57000,179
70834912,LL22137303M,982091101334912,1708,2022-11-25 05:56:18,18,0,,2
70821306,LL22145602M,982091101121306,1708,2022-11-25 05:56:56,768,0,58000,426
70821276,LL22142904M,982091101121276,1708,2022-11-25 06:10:01,542,0,48000,264
70821269,LL22146202M,982091101121269,1708,2022-11-25 06:19:15,271,0,47000,91
70821276,LL22142904M,982091101121276,1708,2022-11-25 06:24:14,330,0,48500,128
70821254,LL22145301M,982091101121254,1708,2022-11-25 06:29:56,720,0,53500,343
70834870,LL22138604M,982091101334870,1708,2022-11-25 06:55:49,736,0,50000,472
70834115,LL22151701M,982091101334115,1708,2022-11-25 07:12:48,431,0,56500,317
70839149,LL22151302M,982091101339149,1708,2022-11-25 07:20:20,506,0,58000,301
70839190,LL22149102M,982091101339190,1708,2022-11-25 07:28:51,1011,0,57500,566
70821276,LL22142904M,982091101121276,1708,2022-11-25 07:50:04,278,0,49000,138
70839149,LL22151302M,982091101339149,1708,2022-11-25 07:55:05,34,0,,16
70821276,LL22142904M,982091101121276,1708,2022-11-25 07:58:11,237,0,49000,62
70821269,LL22146202M,982091101121269,1708,2022-11-25 08:02:25,471,0,48500,186
70834904,LL22149702M,982091101334904,1708,2022-11-25 08:10:21,674,0,46500,446
70821254,LL22145301M,982091101121254,1708,2022-11-25 08:23:09,514,0,54500,267
70821276,LL22142904M,982091101121276,1708,2022-11-25 08:42:36,109,0,48000,49
70832894,LL22137003M,982091101332894,1708,2022-11-25 08:44:33,364,0,51500,198
70834904,LL22149702M,982091101334904,1708,2022-11-25 08:51:18,291,0,46000,108
70821269,LL22146202M,982091101121269,1708,2022-11-25 08:56:13,138,0,48000,64
70821276,LL22142904M,982091101121276,1708,2022-11-25 09:01:44,17,0,,8
70839149,LL22151302M,982091101339149,1708,2022-11-25 09:03:23,142,0,59000,96
70834912,LL22137303M,982091101334912,1708,2022-11-25 09:05:49,808,0,44000,274
70821269,LL22146202M,982091101121269,1708,2022-11-25 09:19:21,678,0,47500,197
70821269,LL22146202M,982091101121269,1708,2022-11-25 09:33:47,68,0,48000,20
70834115,LL22151701M,982091101334115,1708,2022-11-25 09:35:52,293,0,57000,238
70821269,LL22146202M,982091101121269,1708,2022-11-25 09:46:14,218,0,48000,67
70821269,LL22146202M,982091101121269,1708,2022-11-25 09:52:25,134,0,47500,42
70821269,LL22146202M,982091101121269,1708,2022-11-25 10:06:53,18,0,,1
70834912,LL22137303M,982091101334912,1708,2022-11-25 10:07:16,19,0,,1
70821269,LL22146202M,982091101121269,1708,2022-11-25 10:09:36,36,0,,14
70834904,LL22149702M,982091101334904,1708,2022-11-25 10:13:18,362,0,46500,212
70839190,LL22149102M,982091101339190,1708,2022-11-25 10:19:32,81,0,58000,22
70839149,LL22151302M,982091101339149,1708,2022-11-25 10:22:23,117,0,58500,78
70834137,LL22136804M,982091101334137,1708,2022-11-25 10:26:20,447,0,48500,47
70839149,LL22151302M,982091101339149,1708,2022-11-25 10:33:55,341,0,58500,179
70839149,LL22151302M,982091101339149,1708,2022-11-25 10:41:19,25,0,,11
70834137,LL22136804M,982091101334137,1708,2022-11-25 10:41:48,36,0,,1
70839190,LL22149102M,982091101339190,1708,2022-11-25 10:42:37,578,0,58500,315
70834137,LL22136804M,982091101334137,1708,2022-11-25 10:52:19,96,0,48000,1
70834912,LL22137303M,982091101334912,1708,2022-11-25 10:54:20,80,0,44000,25
70821306,LL22145602M,982091101121306,1708,2022-11-25 10:57:14,675,0,58500,502
70834912,LL22137303M,982091101334912,1708,2022-11-25 11:08:50,72,0,44000,20
70821276,LL22142904M,982091101121276,1708,2022-11-25 11:10:06,382,0,49000,155
70821269,LL22146202M,982091101121269,1708,2022-11-25 11:16:53,190,0,47500,62
70839190,LL22149102M,982091101339190,1708,2022-11-25 11:20:28,340,0,58500,157
70834115,LL22151701M,982091101334115,1708,2022-11-25 11:26:28,190,0,57000,117
70834912,LL22137303M,982091101334912,1708,2022-11-25 11:30:19,621,0,44500,217
70834115,LL22151701M,982091101334115,1708,2022-11-25 11:40:48,243,0,57000,219
70834904,LL22149702M,982091101334904,1708,2022-11-25 11:48:05,439,0,47000,268
70821276,LL22142904M,982091101121276,1708,2022-11-25 11:55:41,480,0,48500,205
70832894,LL22137003M,982091101332894,1708,2022-11-25 12:03:49,866,0,51000,531
70821269,LL22146202M,982091101121269,1708,2022-11-25 12:21:42,105,0,47500,44
70821254,LL22145301M,982091101121254,1708,2022-11-25 12:28:10,641,0,53500,274
70839149,LL22151302M,982091101339149,1708,2022-11-25 12:41:48,642,0,59000,309
70839190,LL22149102M,982091101339190,1708,2022-11-25 13:35:58,846,0,59000,508
70821254,LL22145301M,982091101121254,1708,2022-11-25 13:54:06,371,0,54000,169
70834904,LL22149702M,982091101334904,1708,2022-11-25 14:01:47,43,0,,23
70834870,LL22138604M,982091101334870,1708,2022-11-25 14:07:00,903,0,50500,544
70832894,LL22137003M,982091101332894,1708,2022-11-25 14:28:56,812,0,52000,536
70821276,LL22142904M,982091101121276,1708,2022-11-25 14:42:28,553,0,50000,259
70834912,LL22137303M,982091101334912,1708,2022-11-25 14:52:09,703,0,45000,182
70821306,LL22145602M,982091101121306,1708,2022-11-25 15:04:00,516,0,59000,433
70821269,LL22146202M,982091101121269,1708,2022-11-25 15:13:48,614,0,48000,236
70834912,LL22137303M,982091101334912,1708,2022-11-25 15:24:06,763,0,45000,283
70821254,LL22145301M,982091101121254,1708,2022-11-25 15:41:04,176,0,54000,67
70839149,LL22151302M,982091101339149,1708,2022-11-25 15:47:10,28,0,,14
70834115,LL22151701M,982091101334115,1708,2022-11-25 15:48:15,412,0,58000,367
70834137,LL22136804M,982091101334137,1708,2022-11-25 15:55:35,233,0,48500,1
70839149,LL22151302M,982091101339149,1708,2022-11-25 16:00:13,384,0,59000,193
70821254,LL22145301M,982091101121254,1708,2022-11-25 16:06:45,436,0,54500,219
70821276,LL22142904M,982091101121276,1708,2022-11-25 16:14:10,471,0,49500,249
70832894,LL22137003M,982091101332894,1708,2022-11-25 16:23:39,467,0,53000,232
70834904,LL22149702M,982091101334904,1708,2022-11-25 16:55:32,655,0,47000,496
70834870,LL22138604M,982091101334870,1708,2022-11-25 17:16:50,744,0,51000,428
70834115,LL22151701M,982091101334115,1708,2022-11-25 18:27:33,219,0,57500,214
70821254,LL22145301M,982091101121254,1708,2022-11-25 18:44:10,503,0,55000,239
70821306,LL22145602M,982091101121306,1708,2022-11-25 18:56:10,255,0,59000,219
70834904,LL22149702M,982091101334904,1708,2022-11-25 19:06:46,469,0,47500,320
70832894,LL22137003M,982091101332894,1708,2022-11-25 19:41:49,277,0,53000,147
70821276,LL22142904M,982091101121276,1708,2022-11-25 19:58:49,52,0,,10
70839149,LL22151302M,982091101339149,1708,2022-11-25 20:00:17,475,0,59000,270
70834870,LL22138604M,982091101334870,1708,2022-11-25 21:01:33,34,0,,3
70839190,LL22149102M,982091101339190,1708,2022-11-25 21:04:05,428,0,58500,268
70832894,LL22137003M,982091101332894,1708,2022-11-25 21:19:20,197,0,52500,53
70821269,LL22146202M,982091101121269,1708,2022-11-25 21:35:43,79,0,47000,21
70839149,LL22151302M,982091101339149,1708,2022-11-25 21:53:00,83,0,59750,38
70834870,LL22138604M,982091101334870,1708,2022-11-25 21:54:32,340,0,51500,182
70821276,LL22142904M,982091101121276,1708,2022-11-25 22:00:20,260,0,49500,136
70839149,LL22151302M,982091101339149,1708,2022-11-25 22:09:33,231,0,60500,131
70834912,LL22137303M,982091101334912,1708,2022-11-25 22:17:02,321,0,45000,107
70821254,LL22145301M,982091101121254,1708,2022-11-25 22:22:51,200,0,54500,76
70834115,LL22151701M,982091101334115,1708,2022-11-25 22:36:51,178,0,57500,145
70821254,LL22145301M,982091101121254,1708,2022-11-25 23:38:21,705,0,54500,297
70821269,LL22146202M,982091101121269,1708,2022-11-26 00:19:16,329,0,46500,143
70821254,LL22145301M,982091101121254,1708,2022-11-26 00:28:33,402,0,55000,196
70821306,LL22145602M,982091101121306,1708,2022-11-26 00:36:23,327,0,59500,303
70839149,LL22151302M,982091101339149,1708,2022-11-26 00:49:24,345,0,60500,195
70832894,LL22137003M,982091101332894,1708,2022-11-26 00:58:47,474,0,53000,232
70834115,LL22151701M,982091101334115,1708,2022-11-26 01:11:54,268,0,58000,171
70834912,LL22137303M,982091101334912,1708,2022-11-26 02:03:01,533,0,45000,205
70821276,LL22142904M,982091101121276,1708,2022-11-26 02:53:41,216,0,49500,73
70832894,LL22137003M,982091101332894,1708,2022-11-26 03:08:30,531,0,52500,264
70834904,LL22149702M,982091101334904,1708,2022-11-26 03:17:49,645,0,47500,397
70834115,LL22151701M,982091101334115,1708,2022-11-26 03:31:17,579,0,58000,447
70821254,LL22145301M,982091101121254,1708,2022-11-26 03:41:20,622,0,55000,229
70821306,LL22145602M,982091101121306,1708,2022-11-26 03:52:38,250,0,59500,198
70832894,LL22137003M,982091101332894,1708,2022-11-26 03:57:16,254,0,52000,107
70832894,LL22137003M,982091101332894,1708,2022-11-26 04:05:50,322,0,52500,132
70821254,LL22145301M,982091101121254,1708,2022-11-26 04:11:16,543,0,55000,278
70821276,LL22142904M,982091101121276,1708,2022-11-26 04:20:43,979,0,49500,442
70834870,LL22138604M,982091101334870,1708,2022-11-26 04:40:10,322,0,51500,162
70821269,LL22146202M,982091101121269,1708,2022-11-26 04:45:40,163,0,47000,38
70821276,LL22142904M,982091101121276,1708,2022-11-26 04:48:43,243,0,49000,100
70834870,LL22138604M,982091101334870,1708,2022-11-26 05:06:06,401,0,51000,167
70821269,LL22146202M,982091101121269,1708,2022-11-26 05:14:51,195,0,47000,63
70834115,LL22151701M,982091101334115,1708,2022-11-26 05:20:04,230,0,58000,194
70821269,LL22146202M,982091101121269,1708,2022-11-26 05:25:27,262,0,46000,69
70821306,LL22145602M,982091101121306,1708,2022-11-26 05:30:09,251,0,59000,193
70839149,LL22151302M,982091101339149,1708,2022-11-26 05:34:32,129,0,59500,86
70839190,LL22149102M,982091101339190,1708,2022-11-26 05:36:45,508,0,58500,243
70821269,LL22146202M,982091101121269,1708,2022-11-26 05:47:47,166,0,46000,53
70834904,LL22149702M,982091101334904,1708,2022-11-26 06:10:55,325,0,48000,205
70834912,LL22137303M,982091101334912,1708,2022-11-26 06:26:24,571,0,44500,186
70839149,LL22151302M,982091101339149,1708,2022-11-26 06:35:55,382,0,59000,257
70821276,LL22142904M,982091101121276,1708,2022-11-26 06:42:21,243,0,49500,132
70834904,LL22149702M,982091101334904,1708,2022-11-26 06:51:53,345,0,48000,220
70834137,LL22136804M,982091101334137,1708,2022-11-26 06:57:54,45,0,,1
70839149,LL22151302M,982091101339149,1708,2022-11-26 06:59:44,159,0,59000,85
70821269,LL22146202M,982091101121269,1708,2022-11-26 07:02:27,130,0,46500,48
70834912,LL22137303M,982091101334912,1708,2022-11-26 07:10:03,610,0,44500,198
70832894,LL22137003M,982091101332894,1708,2022-11-26 07:20:21,822,0,52500,471
70834870,LL22138604M,982091101334870,1708,2022-11-26 07:35:16,681,0,51500,339
70821276,LL22142904M,982091101121276,1708,2022-11-26 07:54:41,367,0,49500,147
70821306,LL22145602M,982091101121306,1708,2022-11-26 08:00:53,508,0,60000,345
70839190,LL22149102M,982091101339190,1708,2022-11-26 08:09:26,419,0,57000,220
70839149,LL22151302M,982091101339149,1708,2022-11-26 08:17:42,104,0,59000,65
70834912,LL22137303M,982091101334912,1708,2022-11-26 08:19:31,698,0,44500,182
70834115,LL22151701M,982091101334115,1708,2022-11-26 08:31:17,267,0,58500,209
70832894,LL22137003M,982091101332894,1708,2022-11-26 08:36:04,193,0,52500,81
70821269,LL22146202M,982091101121269,1708,2022-11-26 08:39:25,197,0,45500,82
70834904,LL22149702M,982091101334904,1708,2022-11-26 08:42:46,114,0,48000,75
70821254,LL22145301M,982091101121254,1708,2022-11-26 08:45:33,200,0,54500,93
70821269,LL22146202M,982091101121269,1708,2022-11-26 08:49:02,308,0,46500,117
70839190,LL22149102M,982091101339190,1708,2022-11-26 08:54:31,243,0,57500,105
70834904,LL22149702M,982091101334904,1708,2022-11-26 09:10:12,355,0,47500,189
70834115,LL22151701M,982091101334115,1708,2022-11-26 09:16:27,243,0,57500,199
70821269,LL22146202M,982091101121269,1708,2022-11-26 09:21:06,687,0,47000,265
70839149,LL22151302M,982091101339149,1708,2022-11-26 09:33:06,263,0,59500,174
70834912,LL22137303M,982091101334912,1708,2022-11-26 09:38:31,210,0,44500,25
70834137,LL22136804M,982091101334137,1708,2022-11-26 09:44:41,1423,0,47500,70
70834115,LL22151701M,982091101334115,1708,2022-11-26 10:16:55,168,0,59000,140
70821269,LL22146202M,982091101121269,1708,2022-11-26 10:19:55,374,0,47000,174
70834870,LL22138604M,982091101334870,1708,2022-11-26 10:26:41,580,0,51500,254
70839190,LL22149102M,982091101339190,1708,2022-11-26 10:41:07,53,0,,20
70821269,LL22146202M,982091101121269,1708,2022-11-26 10:43:38,130,0,47000,57
70834912,LL22137303M,982091101334912,1708,2022-11-26 10:45:52,613,0,45000,213
70839190,LL22149102M,982091101339190,1708,2022-11-26 10:56:30,198,0,58000,91
70821276,LL22142904M,982091101121276,1708,2022-11-26 10:59:57,110,0,50000,52
70839149,LL22151302M,982091101339149,1708,2022-11-26 11:01:47,594,0,60500,397
70834904,LL22149702M,982091101334904,1708,2022-11-26 11:11:49,498,0,48500,360
70821276,LL22142904M,982091101121276,1708,2022-11-26 11:21:46,825,0,50000,419
70821306,LL22145602M,982091101121306,1708,2022-11-26 11:35:35,744,0,60000,595
70834137,LL22136804M,982091101334137,1708,2022-11-26 11:48:11,189,0,47500,1
70839190,LL22149102M,982091101339190,1708,2022-11-26 11:51:29,769,0,57500,451
70832894,LL22137003M,982091101332894,1708,2022-11-26 12:04:30,734,0,52500,431
70834912,LL22137303M,982091101334912,1708,2022-11-26 12:16:52,465,0,46000,172
70834115,LL22151701M,982091101334115,1708,2022-11-26 12:24:49,459,0,59500,393
70834137,LL22136804M,982091101334137,1708,2022-11-26 12:32:40,815,0,48000,1
70821276,LL22142904M,982091101121276,1708,2022-11-26 12:46:19,453,0,50500,220
70839149,LL22151302M,982091101339149,1708,2022-11-26 12:53:52,580,0,61000,334
70834137,LL22136804M,982091101334137,1708,2022-11-26 13:03:36,916,0,48000,128
70821269,LL22146202M,982091101121269,1708,2022-11-26 13:19:33,708,0,47500,317
70821269,LL22146202M,982091101121269,1708,2022-11-26 13:33:23,190,0,47500,45
70834904,LL22149702M,982091101334904,1708,2022-11-26 13:37:33,330,0,48000,210
70821269,LL22146202M,982091101121269,1708,2022-11-26 13:53:48,263,0,47500,112
70821306,LL22145602M,982091101121306,1708,2022-11-26 14:00:37,479,0,61000,294
70821254,LL22145301M,982091101121254,1708,2022-11-26 14:08:40,1674,0,53500,693
70839190,LL22149102M,982091101339190,1708,2022-11-26 14:38:18,376,0,58000,221
70834137,LL22136804M,982091101334137,1708,2022-11-26 14:46:36,536,0,38500,213
70821276,LL22142904M,982091101121276,1708,2022-11-26 14:55:44,330,0,50500,193
70832894,LL22137003M,982091101332894,1708,2022-11-26 15:03:16,165,0,52000,97
70834912,LL22137303M,982091101334912,1708,2022-11-26 15:06:17,729,0,44500,322
70821276,LL22142904M,982091101121276,1708,2022-11-26 15:18:42,212,0,50500,117
70834904,LL22149702M,982091101334904,1708,2022-11-26 15:22:22,359,0,48000,241
70821276,LL22142904M,982091101121276,1708,2022-11-26 15:28:49,114,0,50500,19
70821254,LL22145301M,982091101121254,1708,2022-11-26 15:30:47,362,0,54500,207
70839190,LL22149102M,982091101339190,1708,2022-11-26 15:36:53,85,0,56750,42
70834912,LL22137303M,982091101334912,1708,2022-11-26 15:38:38,48,0,,16
70839149,LL22151302M,982091101339149,1708,2022-11-26 15:41:29,581,0,60000,299
70832894,LL22137003M,982091101332894,1708,2022-11-26 15:51:22,854,0,53000,528
70834137,LL22136804M,982091101334137,1708,2022-11-26 16:05:44,704,0,49000,257
70821254,LL22145301M,982091101121254,1708,2022-11-26 16:17:40,431,0,55000,206
70834870,LL22138604M,982091101334870,1708,2022-11-26 16:26:45,1110,0,51500,568
70834912,LL22137303M,982091101334912,1708,2022-11-26 16:45:32,429,0,45500,128
70834904,LL22149702M,982091101334904,1708,2022-11-26 16:52:55,208,0,47500,104
70832894,LL22137003M,982091101332894,1708,2022-11-26 16:56:59,161,0,53500,93
70821254,LL22145301M,982091101121254,1708,2022-11-26 17:02:14,361,0,55500,118
70832894,LL22137003M,982091101332894,1708,2022-11-26 17:08:23,30,0,,5
70821254,LL22145301M,982091101121254,1708,2022-11-26 17:13:16,59,0,,21
70834137,LL22136804M,982091101334137,1708,2022-11-26 17:14:48,332,0,49000,149
70821254,LL22145301M,982091101121254,1708,2022-11-26 17:28:55,90,0,56000,45
70821269,LL22146202M,982091101121269,1708,2022-11-26 17:47:03,534,0,47500,197
70834137,LL22136804M,982091101334137,1708,2022-11-26 18:29:53,496,0,49500,194
70834115,LL22151701M,982091101334115,1708,2022-11-26 19:06:53,432,0,59000,367
70839149,LL22151302M,982091101339149,1708,2022-11-26 19:32:15,665,0,61000,412
70821306,LL22145602M,982091101121306,1708,2022-11-26 20:08:59,589,0,61500,447
70832894,LL22137003M,982091101332894,1708,2022-11-26 20:18:57,532,0,53500,330
70821276,LL22142904M,982091101121276,1708,2022-11-26 21:03:51,384,0,50500,167
70834904,LL22149702M,982091101334904,1708,2022-11-26 22:08:57,653,0,48000,410
70832894,LL22137003M,982091101332894,1708,2022-11-26 22:32:02,102,0,53000,29
70834115,LL22151701M,982091101334115,1708,2022-11-26 22:46:32,214,0,58500,196
70834870,LL22138604M,982091101334870,1708,2022-11-26 22:50:15,355,0,52000,189
70834137,LL22136804M,982091101334137,1708,2022-11-26 23:05:45,601,0,50500,216
70839149,LL22151302M,982091101339149,1708,2022-11-26 23:17:00,471,0,62000,323
70821276,LL22142904M,982091101121276,1708,2022-11-26 23:32:15,331,0,50500,150
70834912,LL22137303M,982091101334912,1708,2022-11-26 23:40:21,148,0,45500,48
70839190,LL22149102M,982091101339190,1708,2022-11-26 23:48:38,495,0,59000,268
70821254,LL22145301M,982091101121254,1708,2022-11-27 00:41:27,207,0,55500,59
70821254,LL22145301M,982091101121254,1708,2022-11-27 00:46:55,113,0,55000,49
70834912,LL22137303M,982091101334912,1708,2022-11-27 00:59:21,139,0,45500,58
70832894,LL22137003M,982091101332894,1708,2022-11-27 01:10:07,377,0,53000,217
70821254,LL22145301M,982091101121254,1708,2022-11-27 01:29:20,1003,0,55500,402
70821306,LL22145602M,982091101121306,1708,2022-11-27 01:47:08,15,0,,2
70834870,LL22138604M,982091101334870,1708,2022-11-27 01:47:47,248,0,51500,120
70821254,LL22145301M,982091101121254,1708,2022-11-27 01:59:30,480,0,55500,216
70834904,LL22149702M,982091101334904,1708,2022-11-27 02:07:47,290,0,48000,184
70839149,LL22151302M,982091101339149,1708,2022-11-27 02:14:38,578,0,62000,391
70834115,LL22151701M,982091101334115,1708,2022-11-27 02:24:53,278,0,59000,214
70821276,LL22142904M,982091101121276,1708,2022-11-27 02:31:15,22,0,,2
70834115,LL22151701M,982091101334115,1708,2022-11-27 02:33:21,268,0,59500,201
70821269,LL22146202M,982091101121269,1708,2022-11-27 03:18:40,429,0,48000,179
70821306,LL22145602M,982091101121306,1708,2022-11-27 03:36:04,428,0,61500,309
70834904,LL22149702M,982091101334904,1708,2022-11-27 03:44:18,461,0,48000,298
70834137,LL22136804M,982091101334137,1708,2022-11-27 03:52:23,255,0,50500,86
70834115,LL22151701M,982091101334115,1708,2022-11-27 04:21:11,222,0,60000,166
70832894,LL22137003M,982091101332894,1708,2022-11-27 04:45:14,770,0,53000,425
70834912,LL22137303M,982091101334912,1708,2022-11-27 05:03:19,516,0,45000,186
70821276,LL22142904M,982091101121276,1708,2022-11-27 05:11:59,1116,0,50500,441
70821306,LL22145602M,982091101121306,1708,2022-11-27 05:35:31,402,0,61500,239
70821276,LL22142904M,982091101121276,1708,2022-11-27 05:44:11,262,0,50500,128
70821276,LL22142904M,982091101121276,1708,2022-11-27 05:51:40,70,0,51000,15
70821276,LL22142904M,982091101121276,1708,2022-11-27 05:56:27,44,0,,3
70821269,LL22146202M,982091101121269,1708,2022-11-27 06:01:52,507,0,47500,189
70834115,LL22151701M,982091101334115,1708,2022-11-27 06:11:53,241,0,60000,149
70839149,LL22151302M,982091101339149,1708,2022-11-27 06:16:27,158,0,61500,97
70834870,LL22138604M,982091101334870,1708,2022-11-27 06:20:22,310,0,51500,109
70832894,LL22137003M,982091101332894,1708,2022-11-27 06:27:05,120,0,53500,33
70834912,LL22137303M,982091101334912,1708,2022-11-27 06:33:59,325,0,45500,113
70839190,LL22149102M,982091101339190,1708,2022-11-27 06:39:32,743,0,58500,396
70832894,LL22137003M,982091101332894,1708,2022-11-27 06:52:36,177,0,53500,84
70839149,LL22151302M,982091101339149,1708,2022-11-27 06:55:37,80,0,61250,55
70834115,LL22151701M,982091101334115,1708,2022-11-27 06:57:34,45,0,,1
70834904,LL22149702M,982091101334904,1708,2022-11-27 07:01:05,590,0,48500,359
70834912,LL22137303M,982091101334912,1708,2022-11-27 07:10:59,352,0,45500,119
70834870,LL22138604M,982091101334870,1708,2022-11-27 07:17:15,29,0,,1
70834912,LL22137303M,982091101334912,1708,2022-11-27 07:17:52,630,0,45500,206
70834115,LL22151701M,982091101334115,1708,2022-11-27 07:28:35,93,0,60000,46
70821276,LL22142904M,982091101121276,1708,2022-11-27 07:30:29,257,0,51500,140
70834137,LL22136804M,982091101334137,1708,2022-11-27 07:35:52,413,0,51000,75
70834904,LL22149702M,982091101334904,1708,2022-11-27 07:43:18,127,0,48500,31
70821269,LL22146202M,982091101121269,1708,2022-11-27 07:47:02,1055,0,48000,349
70834115,LL22151701M,982091101334115,1708,2022-11-27 08:08:48,63,0,59000,1
70821269,LL22146202M,982091101121269,1708,2022-11-27 08:11:44,150,0,48500,63
70834115,LL22151701M,982091101334115,1708,2022-11-27 08:15:51,95,0,59500,72
70832894,LL22137003M,982091101332894,1708,2022-11-27 08:29:51,542,0,53500,418
70839149,LL22151302M,982091101339149,1708,2022-11-27 08:39:34,53,0,,44
70821276,LL22142904M,982091101121276,1708,2022-11-27 08:40:31,15,0,,8
70821254,LL22145301M,982091101121254,1708,2022-11-27 08:41:03,527,0,56000,212
70839149,LL22151302M,982091101339149,1708,2022-11-27 08:49:50,526,0,61000,386
70821276,LL22142904M,982091101121276,1708,2022-11-27 08:58:36,472,0,51500,248
70834870,LL22138604M,982091101334870,1708,2022-11-27 09:08:30,964,0,51500,563
70834912,LL22137303M,982091101334912,1708,2022-11-27 09:24:50,149,0,46000,49
70834137,LL22136804M,982091101334137,1708,2022-11-27 09:27:27,408,0,51000,115
70834115,LL22151701M,982091101334115,1708,2022-11-27 09:34:34,433,0,59000,298
70834912,LL22137303M,982091101334912,1708,2022-11-27 09:42:12,323,0,46000,110
70821306,LL22145602M,982091101121306,1708,2022-11-27 09:48:41,936,0,61500,543
70834904,LL22149702M,982091101334904,1708,2022-11-27 10:19:20,825,0,49000,516
70821269,LL22146202M,982091101121269,1708,2022-11-27 10:33:26,673,0,49000,218
70821276,LL22142904M,982091101121276,1708,2022-11-27 10:44:47,204,0,51500,122
70834912,LL22137303M,982091101334912,1708,2022-11-27 10:48:19,229,0,46000,94
70839149,LL22151302M,982091101339149,1708,2022-11-27 10:52:12,833,0,62000,532
70839190,LL22149102M,982091101339190,1708,2022-11-27 11:06:09,1032,0,58000,513
70821269,LL22146202M,982091101121269,1708,2022-11-27 11:23:29,525,0,49000,206
70821269,LL22146202M,982091101121269,1708,2022-11-27 11:34:16,53,0,,17
70821276,LL22142904M,982091101121276,1708,2022-11-27 11:35:54,396,0,51500,212
70834912,LL22137303M,982091101334912,1708,2022-11-27 11:43:07,718,0,46000,302
70832894,LL22137003M,982091101332894,1708,2022-11-27 11:55:10,732,0,53500,500
70821254,LL22145301M,982091101121254,1708,2022-11-27 12:07:26,1252,0,54500,545
70834904,LL22149702M,982091101334904,1708,2022-11-27 12:28:35,370,0,48500,267
70834115,LL22151701M,982091101334115,1708,2022-11-27 12:35:15,535,0,59000,491
70839149,LL22151302M,982091101339149,1708,2022-11-27 12:44:22,497,0,61500,267
70821269,LL22146202M,982091101121269,1708,2022-11-27 12:55:16,376,0,49500,146
70821254,LL22145301M,982091101121254,1708,2022-11-27 13:01:36,380,0,55000,145
70821269,LL22146202M,982091101121269,1708,2022-11-27 13:08:01,256,0,49000,95
70839149,LL22151302M,982091101339149,1708,2022-11-27 13:13:19,264,0,61500,153
70821269,LL22146202M,982091101121269,1708,2022-11-27 13:18:28,38,0,,21
70839190,LL22149102M,982091101339190,1708,2022-11-27 13:19:14,90,0,58500,46
70821306,LL22145602M,982091101121306,1708,2022-11-27 13:20:52,746,0,62000,479
70839149,LL22151302M,982091101339149,1708,2022-11-27 13:39:50,112,0,62500,7
70834904,LL22149702M,982091101334904,1708,2022-11-27 13:41:50,79,0,48500,22
70821276,LL22142904M,982091101121276,1708,2022-11-27 13:43:26,175,0,50500,81
70839190,LL22149102M,982091101339190,1708,2022-11-27 13:46:58,79,0,58000,31
70839190,LL22149102M,982091101339190,1708,2022-11-27 13:50:19,139,0,58000,60
70834137,LL22136804M,982091101334137,1708,2022-11-27 13:52:59,933,0,50500,259
70834912,LL22137303M,982091101334912,1708,2022-11-27 14:09:50,513,0,45500,122
70821254,LL22145301M,982091101121254,1708,2022-11-27 14:18:39,197,0,55000,73
70834870,LL22138604M,982091101334870,1708,2022-11-27 14:22:16,94,0,50500,63
70834870,LL22138604M,982091101334870,1708,2022-11-27 14:25:10,191,0,50500,138
70839190,LL22149102M,982091101339190,1708,2022-11-27 14:28:37,104,0,58500,57
70834137,LL22136804M,982091101334137,1708,2022-11-27 14:30:49,330,0,50000,54
70821306,LL22145602M,982091101121306,1708,2022-11-27 14:37:56,194,0,62000,118
70821276,LL22142904M,982091101121276,1708,2022-11-27 14:41:14,301,0,50500,169
70821269,LL22146202M,982091101121269,1708,2022-11-27 14:46:27,62,0,49500,20
70834870,LL22138604M,982091101334870,1708,2022-11-27 14:47:38,235,0,51000,157
70834904,LL22149702M,982091101334904,1708,2022-11-27 14:52:47,97,0,48000,62
70832894,LL22137003M,982091101332894,1708,2022-11-27 14:54:41,94,0,53000,49
70839149,LL22151302M,982091101339149,1708,2022-11-27 14:56:15,100,0,62000,58
70834912,LL22137303M,982091101334912,1708,2022-11-27 14:57:55,30,0,,23
70821254,LL22145301M,982091101121254,1708,2022-11-27 14:58:25,311,0,55500,195
70839149,LL22151302M,982091101339149,1708,2022-11-27 15:04:00,198,0,62500,115
70834904,LL22149702M,982091101334904,1708,2022-11-27 15:07:22,138,0,49000,91
70821254,LL22145301M,982091101121254,1708,2022-11-27 15:20:36,48,0,,19
70821276,LL22142904M,982091101121276,1708,2022-11-27 15:26:11,144,0,51000,79
70821254,LL22145301M,982091101121254,1708,2022-11-27 15:29:56,70,0,55000,43
70832894,LL22137003M,982091101332894,1708,2022-11-27 15:31:35,440,0,52500,291
70821254,LL22145301M,982091101121254,1708,2022-11-27 15:51:58,259,0,55500,120
70834912,LL22137303M,982091101334912,1708,2022-11-27 16:13:54,151,0,45000,58
70832894,LL22137003M,982091101332894,1708,2022-11-27 16:17:10,268,0,51250,195
70839190,LL22149102M,982091101339190,1708,2022-11-27 16:22:56,293,0,58500,174
70834870,LL22138604M,982091101334870,1708,2022-11-27 16:28:50,25,0,,1
70834912,LL22137303M,982091101334912,1708,2022-11-27 16:30:36,47,0,,17
70821269,LL22146202M,982091101121269,1708,2022-11-27 16:31:23,392,0,48500,161
70821254,LL22145301M,982091101121254,1708,2022-11-27 16:37:55,86,0,55500,62
70821276,LL22142904M,982091101121276,1708,2022-11-27 16:39:33,274,0,50000,173
70834137,LL22136804M,982091101334137,1708,2022-11-27 16:47:26,354,0,50000,105
70821276,LL22142904M,982091101121276,1708,2022-11-27 16:53:40,223,0,50000,129
70834912,LL22137303M,982091101334912,1708,2022-11-27 16:57:40,674,0,45000,297
70821254,LL22145301M,982091101121254,1708,2022-11-27 17:09:06,165,0,55500,73
70834904,LL22149702M,982091101334904,1708,2022-11-27 17:12:27,533,0,48000,365
70834137,LL22136804M,982091101334137,1708,2022-11-27 17:22:00,445,0,50500,151
70821269,LL22146202M,982091101121269,1708,2022-11-27 17:29:41,449,0,48500,156
70821269,LL22146202M,982091101121269,1708,2022-11-27 17:41:56,106,0,49000,30
70834137,LL22136804M,982091101334137,1708,2022-11-27 17:43:47,371,0,51000,136
70834870,LL22138604M,982091101334870,1708,2022-11-27 17:50:22,307,0,51000,151
70821254,LL22145301M,982091101121254,1708,2022-11-27 17:57:24,313,0,56500,144
70834137,LL22136804M,982091101334137,1708,2022-11-27 18:04:40,197,0,51000,40
70821269,LL22146202M,982091101121269,1708,2022-11-27 18:10:32,308,0,49000,118
70839190,LL22149102M,982091101339190,1708,2022-11-27 18:16:58,111,0,59500,77
70821269,LL22146202M,982091101121269,1708,2022-11-27 18:20:05,64,0,49500,25
70832894,LL22137003M,982091101332894,1708,2022-11-27 18:22:38,218,0,54500,84
70834115,LL22151701M,982091101334115,1708,2022-11-27 19:44:11,434,0,59000,401
70821306,LL22145602M,982091101121306,1708,2022-11-27 19:52:13,488,0,62500,265
70839149,LL22151302M,982091101339149,1708,2022-11-27 20:00:21,435,0,61500,314
70821276,LL22142904M,982091101121276,1708,2022-11-27 20:32:48,349,0,51000,99
70834870,LL22138604M,982091101334870,1708,2022-11-27 20:38:41,522,0,51500,335
70834137,LL22136804M,982091101334137,1708,2022-11-27 21:42:05,514,0,51000,2
70834137,LL22136804M,982091101334137,1708,2022-11-27 22:14:13,833,0,51000,275
70834904,LL22149702M,982091101334904,1708,2022-11-27 22:29:39,392,0,48500,230
70839149,LL22151302M,982091101339149,1708,2022-11-27 22:38:57,211,0,62000,126
70834912,LL22137303M,982091101334912,1708,2022-11-27 22:48:13,266,0,46500,105
70832894,LL22137003M,982091101332894,1708,2022-11-27 23:00:02,287,0,52000,158
70821276,LL22142904M,982091101121276,1708,2022-11-28 00:05:35,363,0,50500,171
70834137,LL22136804M,982091101334137,1708,2022-11-28 00:14:53,654,0,52000,289
70834115,LL22151701M,982091101334115,1708,2022-11-28 00:27:48,236,0,59500,173
70832894,LL22137003M,982091101332894,1708,2022-11-28 00:32:01,97,0,52250,37
70839190,LL22149102M,982091101339190,1708,2022-11-28 00:33:46,265,0,59000,137
70839149,LL22151302M,982091101339149,1708,2022-11-28 00:38:11,465,0,62000,369
70821254,LL22145301M,982091101121254,1708,2022-11-28 00:46:00,1112,0,55500,461
70821269,LL22146202M,982091101121269,1708,2022-11-28 01:18:29,398,0,48250,141
70821254,LL22145301M,982091101121254,1708,2022-11-28 02:20:51,318,0,56000,167
70834912,LL22137303M,982091101334912,1708,2022-11-28 02:27:02,369,0,45000,150
70834904,LL22149702M,982091101334904,1708,2022-11-28 02:37:30,704,0,48000,407
70832894,LL22137003M,982091101332894,1708,2022-11-28 02:51:15,869,0,52500,512
70821306,LL22145602M,982091101121306,1708,2022-11-28 03:05:52,872,0,61500,544
70834115,LL22151701M,982091101334115,1708,2022-11-28 03:39:45,514,0,58500,412
70821276,LL22142904M,982091101121276,1708,2022-11-28 03:49:51,356,0,51000,170
70821254,LL22145301M,982091101121254,1708,2022-11-28 04:36:37,454,0,56000,207
70839149,LL22151302M,982091101339149,1708,2022-11-28 04:45:23,144,0,60500,90
70821306,LL22145602M,982091101121306,1708,2022-11-28 04:49:16,70,0,63000,48
70834870,LL22138604M,982091101334870,1708,2022-11-28 04:50:35,242,0,50500,106
70832894,LL22137003M,982091101332894,1708,2022-11-28 04:57:54,105,0,53000,39
70834870,LL22138604M,982091101334870,1708,2022-11-28 05:00:16,399,0,51000,153
70834870,LL22138604M,982091101334870,1708,2022-11-28 05:12:11,32,0,,1
70834912,LL22137303M,982091101334912,1708,2022-11-28 05:13:16,493,0,45500,181
70834870,LL22138604M,982091101334870,1708,2022-11-28 05:33:25,37,0,,2
70834115,LL22151701M,982091101334115,1708,2022-11-28 05:35:40,415,0,60000,323
70834870,LL22138604M,982091101334870,1708,2022-11-28 05:47:52,98,0,50000,1
70821276,LL22142904M,982091101121276,1708,2022-11-28 05:49:46,915,0,51000,336
70839190,LL22149102M,982091101339190,1708,2022-11-28 06:05:42,718,0,58500,403
70839149,LL22151302M,982091101339149,1708,2022-11-28 06:17:44,137,0,61000,80
70834904,LL22149702M,982091101334904,1708,2022-11-28 06:20:05,490,0,48000,339
70839149,LL22151302M,982091101339149,1708,2022-11-28 06:31:32,346,0,60000,216
70834870,LL22138604M,982091101334870,1708,2022-11-28 06:37:39,607,0,51000,293
70834912,LL22137303M,982091101334912,1708,2022-11-28 06:47:46,587,0,45500,157
70832894,LL22137003M,982091101332894,1708,2022-11-28 06:57:57,531,0,52500,291
70834137,LL22136804M,982091101334137,1708,2022-11-28 07:07:00,1178,0,51500,323
70821269,LL22146202M,982091101121269,1708,2022-11-28 07:27:19,759,0,47500,270
70821269,LL22146202M,982091101121269,1708,2022-11-28 07:42:00,378,0,48000,137
70834137,LL22136804M,982091101334137,1708,2022-11-28 07:48:27,669,0,51500,185
70821276,LL22142904M,982091101121276,1708,2022-11-28 08:00:13,492,0,50500,275
70821269,LL22146202M,982091101121269,1708,2022-11-28 08:10:28,253,0,48500,88
70821276,LL22142904M,982091101121276,1708,2022-11-28 08:15:31,90,0,51000,59
70839149,LL22151302M,982091101339149,1708,2022-11-28 08:17:05,127,0,60500,83
70821269,LL22146202M,982091101121269,1708,2022-11-28 08:19:20,24,0,,18
70821306,LL22145602M,982091101121306,1708,2022-11-28 08:19:57,707,0,61500,501
70834912,LL22137303M,982091101334912,1708,2022-11-28 08:31:44,582,0,46000,198
70834870,LL22138604M,982091101334870,1708,2022-11-28 08:41:46,198,0,51500,44
70834115,LL22151701M,982091101334115,1708,2022-11-28 08:45:22,344,0,59000,287
70839190,LL22149102M,982091101339190,1708,2022-11-28 08:51:30,288,0,58500,155
70832894,LL22137003M,982091101332894,1708,2022-11-28 08:56:55,96,0,53500,19
70832894,LL22137003M,982091101332894,1708,2022-11-28 09:00:34,595,0,54000,303
70839190,LL22149102M,982091101339190,1708,2022-11-28 09:11:26,307,0,58500,118
70834137,LL22136804M,982091101334137,1708,2022-11-28 09:17:38,754,0,52500,114
70821276,LL22142904M,982091101121276,1708,2022-11-28 09:30:56,253,0,51000,136
70834115,LL22151701M,982091101334115,1708,2022-11-28 09:35:37,331,0,59000,163
70821276,LL22142904M,982091101121276,1708,2022-11-28 09:41:20,53,0,,26
70834870,LL22138604M,982091101334870,1708,2022-11-28 09:45:13,649,0,52500,296
70821276,LL22142904M,982091101121276,1708,2022-11-28 09:56:54,44,0,,22
70834904,LL22149702M,982091101334904,1708,2022-11-28 09:57:54,949,0,47500,516
70834912,LL22137303M,982091101334912,1708,2022-11-28 10:33:02,673,0,45000,227
70821269,LL22146202M,982091101121269,1708,2022-11-28 10:44:40,287,0,49000,53
70839149,LL22151302M,982091101339149,1708,2022-11-28 10:49:35,507,0,60000,372
70821269,LL22146202M,982091101121269,1708,2022-11-28 10:58:07,632,0,49500,142
70821254,LL22145301M,982091101121254,1708,2022-11-28 11:08:43,1200,0,53500,514
70832894,LL22137003M,982091101332894,1708,2022-11-28 11:28:48,432,0,52000,105
70821269,LL22146202M,982091101121269,1708,2022-11-28 11:36:08,187,0,48000,79
70834912,LL22137303M,982091101334912,1708,2022-11-28 11:39:19,520,0,43500,215
70834115,LL22151701M,982091101334115,1708,2022-11-28 11:48:11,147,0,57500,90
70821269,LL22146202M,982091101121269,1708,2022-11-28 11:51:07,458,0,48000,157
70821306,LL22145602M,982091101121306,1708,2022-11-28 11:59:43,815,0,61000,544
70821276,LL22142904M,982091101121276,1708,2022-11-28 12:13:18,403,0,52500,252
70834870,LL22138604M,982091101334870,1708,2022-11-28 12:20:01,643,0,53000,419
70834137,LL22136804M,982091101334137,1708,2022-11-28 12:31:00,550,0,52000,242
70839149,LL22151302M,982091101339149,1708,2022-11-28 12:40:10,443,0,60500,272
70832894,LL22137003M,982091101332894,1708,2022-11-28 12:47:45,201,0,52000,54
70839190,LL22149102M,982091101339190,1708,2022-11-28 12:51:31,1053,0,58500,741
70832894,LL22137003M,982091101332894,1708,2022-11-28 13:09:24,382,0,50500,182
70834912,LL22137303M,982091101334912,1708,2022-11-28 13:16:07,391,0,74500,119
70834137,LL22136804M,982091101334137,1708,2022-11-28 13:22:38,801,0,52500,347
70834115,LL22151701M,982091101334115,1708,2022-11-28 13:36:19,541,0,59500,538
70839190,LL22149102M,982091101339190,1708,2022-11-28 13:45:45,220,0,56750,87
70834904,LL22149702M,982091101334904,1708,2022-11-28 13:50:06,966,0,48000,678
70821306,LL22145602M,982091101121306,1708,2022-11-28 14:06:24,397,0,63000,229
70821254,LL22145301M,982091101121254,1708,2022-11-28 14:14:15,267,0,54000,97
70839149,LL22151302M,982091101339149,1708,2022-11-28 14:18:59,448,0,60500,270
70821254,LL22145301M,982091101121254,1708,2022-11-28 14:27:09,482,0,55000,227
70821276,LL22142904M,982091101121276,1708,2022-11-28 14:35:20,280,0,51000,145
70821269,LL22146202M,982091101121269,1708,2022-11-28 14:40:12,534,0,47500,224
70821254,LL22145301M,982091101121254,1708,2022-11-28 14:50:03,172,0,55000,98
70821269,LL22146202M,982091101121269,1708,2022-11-28 14:53:52,43,0,,9
70832894,LL22137003M,982091101332894,1708,2022-11-28 14:54:43,18,0,,1
70821269,LL22146202M,982091101121269,1708,2022-11-28 14:56:19,271,0,48000,106
70821254,LL22145301M,982091101121254,1708,2022-11-28 15:03:57,451,0,53000,218
70821254,LL22145301M,982091101121254,1708,2022-11-28 15:15:17,29,0,,10
70832894,LL22137003M,982091101332894,1708,2022-11-28 15:16:03,693,0,50500,534
70821254,LL22145301M,982091101121254,1708,2022-11-28 15:29:38,77,0,52500,44
70834870,LL22138604M,982091101334870,1708,2022-11-28 15:31:29,120,0,52000,45
70839190,LL22149102M,982091101339190,1708,2022-11-28 15:35:02,274,0,58500,146
70821269,LL22146202M,982091101121269,1708,2022-11-28 15:40:41,44,0,,25
70821276,LL22142904M,982091101121276,1708,2022-11-28 15:41:30,185,0,51000,123
70821269,LL22146202M,982091101121269,1708,2022-11-28 15:44:39,202,0,49500,27
70821254,LL22145301M,982091101121254,1708,2022-11-28 15:51:08,164,0,55500,24
70821276,LL22142904M,982091101121276,1708,2022-11-28 15:54:04,13,0,,6
70821269,LL22146202M,982091101121269,1708,2022-11-28 15:54:53,265,0,48750,33
70839190,LL22149102M,982091101339190,1708,2022-11-28 16:04:43,321,0,58500,152
70821306,LL22145602M,982091101121306,1708,2022-11-28 16:12:05,289,0,62000,234
70821306,LL22145602M,982091101121306,1708,2022-11-28 16:18:56,49,0,,30
70821254,LL22145301M,982091101121254,1708,2022-11-28 16:21:06,193,0,55500,64
70821254,LL22145301M,982091101121254,1708,2022-11-28 16:27:35,103,0,55000,59
70821276,LL22142904M,982091101121276,1708,2022-11-28 16:32:25,291,0,50500,182
70821269,LL22146202M,982091101121269,1708,2022-11-28 16:45:44,451,0,48500,204
70821269,LL22146202M,982091101121269,1708,2022-11-28 16:55:17,371,0,49500,96
70821276,LL22142904M,982091101121276,1708,2022-11-28 17:03:25,441,0,52000,265
70834137,LL22136804M,982091101334137,1708,2022-11-28 17:10:58,764,0,52500,309
70834904,LL22149702M,982091101334904,1708,2022-11-28 17:24:11,20,0,,4
70834904,LL22149702M,982091101334904,1708,2022-11-28 17:44:28,448,0,49000,323
70834912,LL22137303M,982091101334912,1708,2022-11-28 17:52:04,386,0,45000,115
70834870,LL22138604M,982091101334870,1708,2022-11-28 17:58:30,232,0,80000,69
70834137,LL22136804M,982091101334137,1708,2022-11-28 18:02:30,67,0,51500,9
70839149,LL22151302M,982091101339149,1708,2022-11-28 18:03:37,258,0,60500,214
70834115,LL22151701M,982091101334115,1708,2022-11-28 18:08:08,113,0,59500,115
70832894,LL22137003M,982091101332894,1708,2022-11-28 18:11:01,119,0,53000,44
70834904,LL22149702M,982091101334904,1708,2022-11-28 18:13:30,120,0,49500,40
70839149,LL22151302M,982091101339149,1708,2022-11-28 18:16:00,396,0,61000,204
70821254,LL22145301M,982091101121254,1708,2022-11-28 18:22:49,49,0,,23
70834137,LL22136804M,982091101334137,1708,2022-11-28 18:23:42,683,0,54000,238
70821254,LL22145301M,982091101121254,1708,2022-11-28 18:35:22,96,0,58000,33
70832894,LL22137003M,982091101332894,1708,2022-11-28 18:39:00,447,0,53000,269
70834870,LL22138604M,982091101334870,1708,2022-11-28 19:11:33,460,0,53000,240
70834137,LL22136804M,982091101334137,1708,2022-11-28 19:31:01,425,0,53000,183
70834904,LL22149702M,982091101334904,1708,2022-11-28 20:02:08,52,0,,8
70834115,LL22151701M,982091101334115,1708,2022-11-28 20:57:38,213,0,59500,174
70821306,LL22145602M,982091101121306,1708,2022-11-28 21:29:48,233,0,62500,167
70834137,LL22136804M,982091101334137,1708,2022-11-28 22:01:09,43,0,,2
70834912,LL22137303M,982091101334912,1708,2022-11-28 22:03:49,460,0,45500,235
70834870,LL22138604M,982091101334870,1708,2022-11-28 22:35:38,88,0,52000,2
70839149,LL22151302M,982091101339149,1708,2022-11-28 22:38:34,264,0,61500,165
70834904,LL22149702M,982091101334904,1708,2022-11-28 23:39:47,563,0,50000,326
70821276,LL22142904M,982091101121276,1708,2022-11-28 23:50:04,225,0,52500,96
70839149,LL22151302M,982091101339149,1708,2022-11-28 23:56:32,449,0,61500,346
70821254,LL22145301M,982091101121254,1708,2022-11-29 00:07:12,658,0,56000,251
70832894,LL22137003M,982091101332894,1708,2022-11-29 00:23:03,364,0,53500,192
70834912,LL22137303M,982091101334912,1708,2022-11-29 00:52:35,412,0,46000,172
70834115,LL22151701M,982091101334115,1708,2022-11-29 01:02:10,243,0,60000,183
70821269,LL22146202M,982091101121269,1708,2022-11-29 01:06:30,599,0,49500,246
70821254,LL22145301M,982091101121254,1708,2022-11-29 01:26:31,411,0,56500,162
70834137,LL22136804M,982091101334137,1708,2022-11-29 01:50:05,927,0,55000,411
70821306,LL22145602M,982091101121306,1708,2022-11-29 02:18:27,506,0,63500,419
70821269,LL22146202M,982091101121269,1708,2022-11-29 08:07:14,722,0,88000,339
70832894,LL22137003M,982091101332894,1708,2022-11-29 08:19:16,1108,0,83250,794
70834870,LL22138604M,982091101334870,1708,2022-11-29 08:37:44,120,0,93000,54
70839149,LL22151302M,982091101339149,1708,2022-11-29 08:39:48,229,0,104000,175
70834870,LL22138604M,982091101334870,1708,2022-11-29 08:43:37,769,0,53500,534
70821276,LL22142904M,982091101121276,1708,2022-11-29 08:56:51,33,0,,29
70834904,LL22149702M,982091101334904,1708,2022-11-29 08:57:24,702,0,71500,492
70834904,LL22149702M,982091101334904,1708,2022-11-29 09:09:11,238,0,93250,154
70834912,LL22137303M,982091101334912,1708,2022-11-29 09:13:09,78,0,76750,18
70834912,LL22137303M,982091101334912,1708,2022-11-29 09:14:30,1346,0,48500,522
70839190,LL22149102M,982091101339190,1708,2022-11-29 09:37:41,818,0,59000,523
70834137,LL22136804M,982091101334137,1708,2022-11-29 09:51:19,18,0,,2
70832894,LL22137003M,982091101332894,1708,2022-11-29 09:51:37,30,0,,10
70839149,LL22151302M,982091101339149,1708,2022-11-29 09:52:07,650,0,62500,432
70834137,LL22136804M,982091101334137,1708,2022-11-29 10:03:05,1846,0,55000,755
70821276,LL22142904M,982091101121276,1708,2022-11-29 10:33:59,1071,0,51000,510
70821306,LL22145602M,982091101121306,1708,2022-11-29 10:52:44,1197,0,63000,949
70834115,LL22151701M,982091101334115,1708,2022-11-29 11:27:40,1485,0,59500,927
70821269,LL22146202M,982091101121269,1708,2022-11-29 11:52:33,1402,0,49500,564
70821269,LL22146202M,982091101121269,1708,2022-11-29 12:18:29,55,0,,27
70839190,LL22149102M,982091101339190,1708,2022-11-29 12:19:45,390,0,59500,205
70834870,LL22138604M,982091101334870,1708,2022-11-29 12:26:23,825,0,54000,452
70834912,LL22137303M,982091101334912,1708,2022-11-29 12:40:12,759,0,49000,258
70821254,LL22145301M,982091101121254,1708,2022-11-29 12:53:11,1134,0,55500,380
70839149,LL22151302M,982091101339149,1708,2022-11-29 13:12:10,459,0,62000,324
70832894,LL22137003M,982091101332894,1708,2022-11-29 13:21:03,851,0,55500,449
70821276,LL22142904M,982091101121276,1708,2022-11-29 13:35:19,738,0,51500,384
70834137,LL22136804M,982091101334137,1708,2022-11-29 13:47:50,1193,0,55500,423
70839190,LL22149102M,982091101339190,1708,2022-11-29 14:23:33,884,0,61000,441
70834115,LL22151701M,982091101334115,1708,2022-11-29 14:40:53,309,0,60000,248
70834904,LL22149702M,982091101334904,1708,2022-11-29 14:46:10,1024,0,50000,724
70839149,LL22151302M,982091101339149,1708,2022-11-29 15:03:35,513,0,63000,329
70821269,LL22146202M,982091101121269,1708,2022-11-29 15:12:45,287,0,52500,122
70834912,LL22137303M,982091101334912,1708,2022-11-29 15:17:32,797,0,48000,286
70821306,LL22145602M,982091101121306,1708,2022-11-29 15:31:09,663,0,65000,442
70821276,LL22142904M,982091101121276,1708,2022-11-29 15:42:49,180,0,51500,64
70821254,LL22145301M,982091101121254,1708,2022-11-29 15:46:09,1089,0,55000,537
70821269,LL22146202M,982091101121269,1708,2022-11-29 16:04:22,412,0,50000,153
70834912,LL22137303M,982091101334912,1708,2022-11-29 16:12:23,561,0,48500,231
70839190,LL22149102M,982091101339190,1708,2022-11-29 16:22:34,479,0,65500,255
70832894,LL22137003M,982091101332894,1708,2022-11-29 16:30:37,621,0,57000,362
70821276,LL22142904M,982091101121276,1708,2022-11-29 16:41:10,174,0,53000,92
70839149,LL22151302M,982091101339149,1708,2022-11-29 16:44:04,309,0,63500,164
70834137,LL22136804M,982091101334137,1708,2022-11-29 16:49:17,586,0,55500,233
70834115,LL22151701M,982091101334115,1708,2022-11-29 16:59:56,348,0,62500,289
70821276,LL22142904M,982091101121276,1708,2022-11-29 17:05:57,460,0,52500,276
70821269,LL22146202M,982091101121269,1708,2022-11-29 17:13:53,498,0,50500,183
70832894,LL22137003M,982091101332894,1708,2022-11-29 17:23:57,422,0,55500,235
70821269,LL22146202M,982091101121269,1708,2022-11-29 17:39:40,316,0,50500,96
70834870,LL22138604M,982091101334870,1708,2022-11-29 17:45:44,541,0,106500,301
70839149,LL22151302M,982091101339149,1708,2022-11-29 17:54:57,193,0,82750,94
70834137,LL22136804M,982091101334137,1708,2022-11-29 17:58:26,738,0,56500,382
70821254,LL22145301M,982091101121254,1708,2022-11-29 18:11:32,459,0,55500,200
70834904,LL22149702M,982091101334904,1708,2022-11-29 18:42:45,498,0,51000,367
70821254,LL22145301M,982091101121254,1708,2022-11-29 19:40:23,171,0,55500,81
70821276,LL22142904M,982091101121276,1708,2022-11-29 20:21:20,91,0,52000,36
70821306,LL22145602M,982091101121306,1708,2022-11-29 20:24:53,233,0,64500,204
70834904,LL22149702M,982091101334904,1708,2022-11-29 20:37:23,353,0,51500,242
70821276,LL22142904M,982091101121276,1708,2022-11-29 21:16:30,203,0,52500,107
70839190,LL22149102M,982091101339190,1708,2022-11-29 21:20:30,130,0,61500,76
70834904,LL22149702M,982091101334904,1708,2022-11-29 21:22:57,30,0,,15
70839149,LL22151302M,982091101339149,1708,2022-11-29 21:29:16,228,0,64000,148
70821269,LL22146202M,982091101121269,1708,2022-11-29 21:33:20,214,0,51000,69
70834904,LL22149702M,982091101334904,1708,2022-11-29 21:37:43,11,0,,2
70821269,LL22146202M,982091101121269,1708,2022-11-29 21:39:04,210,0,50500,87
70839190,LL22149102M,982091101339190,1708,2022-11-29 21:44:35,608,0,62000,399
70832894,LL22137003M,982091101332894,1708,2022-11-29 21:56:43,599,0,56000,394
70821276,LL22142904M,982091101121276,1708,2022-11-29 22:06:47,505,0,53500,286
70839149,LL22151302M,982091101339149,1708,2022-11-29 22:26:55,395,0,63500,269
70834137,LL22136804M,982091101334137,1708,2022-11-29 22:53:33,560,0,56500,313
70834912,LL22137303M,982091101334912,1708,2022-11-29 23:48:04,284,0,48000,118
70821306,LL22145602M,982091101121306,1708,2022-11-29 23:54:05,576,0,64500,488
70832894,LL22137003M,982091101332894,1708,2022-11-30 00:12:21,466,0,56500,254
70839190,LL22149102M,982091101339190,1708,2022-11-30 00:20:16,71,0,61000,42
70821276,LL22142904M,982091101121276,1708,2022-11-30 00:27:47,139,0,52500,55
70821254,LL22145301M,982091101121254,1708,2022-11-30 01:23:43,639,0,54500,248
70834137,LL22136804M,982091101334137,1708,2022-11-30 01:34:47,561,0,56000,245
70839149,LL22151302M,982091101339149,1708,2022-11-30 01:46:08,307,0,63500,200
70834912,LL22137303M,982091101334912,1708,2022-11-30 01:52:36,168,0,48000,51
70839149,LL22151302M,982091101339149,1708,2022-11-30 01:55:33,274,0,64000,193
70821254,LL22145301M,982091101121254,1708,2022-11-30 02:00:40,429,0,55500,215
70834870,LL22138604M,982091101334870,1708,2022-11-30 02:12:45,887,0,53000,459
70834115,LL22151701M,982091101334115,1708,2022-11-30 02:46:53,630,0,60500,515
70821306,LL22145602M,982091101121306,1708,2022-11-30 02:58:15,66,0,64500,42
70821254,LL22145301M,982091101121254,1708,2022-11-30 03:00:34,59,0,,23
70834115,LL22151701M,982091101334115,1708,2022-11-30 04:39:20,421,0,60500,357
70821306,LL22145602M,982091101121306,1708,2022-11-30 04:47:34,656,0,65500,544
70821276,LL22142904M,982091101121276,1708,2022-11-30 05:01:48,159,0,52500,47
70821269,LL22146202M,982091101121269,1708,2022-11-30 05:04:32,561,0,49000,238
70832894,LL22137003M,982091101332894,1708,2022-11-30 05:20:12,310,0,56000,150
70834904,LL22149702M,982091101334904,1708,2022-11-30 05:26:14,899,0,51000,621
70834870,LL22138604M,982091101334870,1708,2022-11-30 06:15:14,241,0,54000,103
70839149,LL22151302M,982091101339149,1708,2022-11-30 06:24:01,268,0,64000,180
70821276,LL22142904M,982091101121276,1708,2022-11-30 06:30:19,588,0,53000,292
70832894,LL22137003M,982091101332894,1708,2022-11-30 06:42:10,707,0,56000,420
70834912,LL22137303M,982091101334912,1708,2022-11-30 06:54:25,874,0,48500,310
70834137,LL22136804M,982091101334137,1708,2022-11-30 07:23:42,822,0,56000,295
70839149,LL22151302M,982091101339149,1708,2022-11-30 07:52:25,333,0,64000,236
70839149,LL22151302M,982091101339149,1708,2022-11-30 07:59:59,203,0,63500,110
70821269,LL22146202M,982091101121269,1708,2022-11-30 08:06:31,864,0,50000,319
70832894,LL22137003M,982091101332894,1708,2022-11-30 08:22:28,132,0,56500,68
70821276,LL22142904M,982091101121276,1708,2022-11-30 08:24:45,318,0,52500,186
70834870,LL22138604M,982091101334870,1708,2022-11-30 08:30:07,290,0,54000,86
70821254,LL22145301M,982091101121254,1708,2022-11-30 08:36:06,583,0,55000,274
70834904,LL22149702M,982091101334904,1708,2022-11-30 08:45:57,454,0,50500,311
70839190,LL22149102M,982091101339190,1708,2022-11-30 08:53:35,914,0,61000,604
70821269,LL22146202M,982091101121269,1708,2022-11-30 09:09:01,294,0,51000,113
70834912,LL22137303M,982091101334912,1708,2022-11-30 09:13:55,97,0,76250,42
70834870,LL22138604M,982091101334870,1708,2022-11-30 09:15:32,661,0,53500,284
70834115,LL22151701M,982091101334115,1708,2022-11-30 09:26:57,354,0,61500,243
70839149,LL22151302M,982091101339149,1708,2022-11-30 09:33:16,248,0,64500,119
70821306,LL22145602M,982091101121306,1708,2022-11-30 09:38:57,874,0,65500,606
70821276,LL22142904M,982091101121276,1708,2022-11-30 09:53:35,796,0,53500,379
70832894,LL22137003M,982091101332894,1708,2022-11-30 10:07:03,1138,0,57000,686
70834912,LL22137303M,982091101334912,1708,2022-11-30 10:43:15,1030,0,47500,419
70834115,LL22151701M,982091101334115,1708,2022-11-30 11:01:49,143,0,61000,133
70834870,LL22138604M,982091101334870,1708,2022-11-30 11:05:06,141,0,54000,25
70834870,LL22138604M,982091101334870,1708,2022-11-30 11:09:30,87,0,54000,2
70834904,LL22149702M,982091101334904,1708,2022-11-30 11:11:02,320,0,53500,217
70839149,LL22151302M,982091101339149,1708,2022-11-30 11:16:26,369,0,65500,191
70821269,LL22146202M,982091101121269,1708,2022-11-30 11:22:39,791,0,52000,286
70821276,LL22142904M,982091101121276,1708,2022-11-30 11:35:54,244,0,54000,119
70834137,LL22136804M,982091101334137,1708,2022-11-30 11:40:11,1797,0,56000,818
70839190,LL22149102M,982091101339190,1708,2022-11-30 12:10:28,917,0,63000,537
70834870,LL22138604M,982091101334870,1708,2022-11-30 12:26:18,1130,0,56000,733
70821269,LL22146202M,982091101121269,1708,2022-11-30 12:53:21,551,0,51500,224
70834115,LL22151701M,982091101334115,1708,2022-11-30 13:03:29,404,0,62000,299
70821269,LL22146202M,982091101121269,1708,2022-11-30 13:10:30,58,0,,14
70839149,LL22151302M,982091101339149,1708,2022-11-30 13:11:28,667,0,64500,451
70821254,LL22145301M,982091101121254,1708,2022-11-30 13:22:39,1021,0,56000,474
70834912,LL22137303M,982091101334912,1708,2022-11-30 13:39:45,183,0,50500,56
70832894,LL22137003M,982091101332894,1708,2022-11-30 13:42:48,681,0,57500,457
70821276,LL22142904M,982091101121276,1708,2022-11-30 13:54:17,815,0,54000,400
70834912,LL22137303M,982091101334912,1708,2022-11-30 14:08:00,492,0,49500,236
70821306,LL22145602M,982091101121306,1708,2022-11-30 14:16:36,733,0,65500,556
70821254,LL22145301M,982091101121254,1708,2022-11-30 14:28:57,674,0,56000,277
70834904,LL22149702M,982091101334904,1708,2022-11-30 14:40:47,904,0,50000,629
70834912,LL22137303M,982091101334912,1708,2022-11-30 15:09:20,736,0,49750,336
70839149,LL22151302M,982091101339149,1708,2022-11-30 15:21:40,464,0,65000,294
70832894,LL22137003M,982091101332894,1708,2022-11-30 15:29:36,387,0,57500,238
70834115,LL22151701M,982091101334115,1708,2022-11-30 15:36:11,324,0,62000,356
70834115,LL22151701M,982091101334115,1708,2022-11-30 15:49:13,351,0,62500,276
70839190,LL22149102M,982091101339190,1708,2022-11-30 15:55:25,100,0,63750,76
70821269,LL22146202M,982091101121269,1708,2022-11-30 15:59:07,242,0,51000,105
70839190,LL22149102M,982091101339190,1708,2022-11-30 16:03:45,151,0,63000,106
70821269,LL22146202M,982091101121269,1708,2022-11-30 16:08:03,87,0,51000,27
70821276,LL22142904M,982091101121276,1708,2022-11-30 16:09:43,157,0,53000,86
70821269,LL22146202M,982091101121269,1708,2022-11-30 16:13:38,786,0,52000,295
70839149,LL22151302M,982091101339149,1708,2022-11-30 16:32:11,309,0,66000,147
70834137,LL22136804M,982091101334137,1708,2022-11-30 16:39:13,712,0,56500,342
70821276,LL22142904M,982091101121276,1708,2022-11-30 16:52:51,165,0,54000,90
70821269,LL22146202M,982091101121269,1708,2022-11-30 16:55:57,76,0,51000,19
70821306,LL22145602M,982091101121306,1708,2022-11-30 17:00:59,339,0,66000,234
70821306,LL22145602M,982091101121306,1708,2022-11-30 17:15:05,37,0,,2
70821254,LL22145301M,982091101121254,1708,2022-11-30 17:59:27,240,0,57000,90
70821276,LL22142904M,982091101121276,1708,2022-11-30 18:03:43,141,0,54000,57
70839190,LL22149102M,982091101339190,1708,2022-11-30 18:08:05,43,0,,2
70821269,LL22146202M,982091101121269,1708,2022-11-30 18:18:18,249,0,52000,87
70834870,LL22138604M,982091101334870,1708,2022-11-30 18:31:55,26,0,,1
70821269,LL22146202M,982091101121269,1708,2022-11-30 18:42:45,349,0,51500,151
70821269,LL22146202M,982091101121269,1708,2022-11-30 18:59:07,263,0,52000,106
70821269,LL22146202M,982091101121269,1708,2022-11-30 19:14:39,87,0,52250,30
70834912,LL22137303M,982091101334912,1708,2022-11-30 22:25:04,258,0,48500,81
70834137,LL22136804M,982091101334137,1708,2022-11-30 23:16:33,607,0,54500,375
70821269,LL22146202M,982091101121269,1708,2022-11-30 23:33:31,95,0,52000,30
70839190,LL22149102M,982091101339190,1708,2022-11-30 23:39:49,401,0,61000,159
70839149,LL22151302M,982091101339149,1708,2022-11-30 23:48:30,447,0,64250,316
70821276,LL22142904M,982091101121276,1708,2022-11-30 23:56:05,105,0,54000,38
70834904,LL22149702M,982091101334904,1708,2022-11-30 23:59:27,376,0,51000,216
70821254,LL22145301M,982091101121254,1708,2022-12-01 00:20:18,616,0,57000,298
70834870,LL22138604M,982091101334870,1708,2022-12-01 01:08:17,766,0,53500,301
70821269,LL22146202M,982091101121269,1708,2022-12-01 01:22:52,385,0,51500,178
70839190,LL22149102M,982091101339190,1708,2022-12-01 01:29:21,315,0,61500,183
70839190,LL22149102M,982091101339190,1708,2022-12-01 01:37:53,263,0,61500,140
70821254,LL22145301M,982091101121254,1708,2022-12-01 01:44:12,493,0,57500,251
70832894,LL22137003M,982091101332894,1708,2022-12-01 01:54:30,714,0,55500,470
70834115,LL22151701M,982091101334115,1708,2022-12-01 03:15:18,34,0,,3
70821306,LL22145602M,982091101121306,1708,2022-12-01 03:35:33,470,0,66000,416
70821254,LL22145301M,982091101121254,1708,2022-12-01 03:44:47,131,0,58000,74
70821276,LL22142904M,982091101121276,1708,2022-12-01 03:48:07,377,0,53000,176
70839149,LL22151302M,982091101339149,1708,2022-12-01 03:54:24,411,0,64000,345
70834137,LL22136804M,982091101334137,1708,2022-12-01 04:02:40,848,0,55000,481
70834904,LL22149702M,982091101334904,1708,2022-12-01 04:51:51,698,0,50500,519
70821306,LL22145602M,982091101121306,1708,2022-12-01 05:38:58,161,0,65500,103
70834912,LL22137303M,982091101334912,1708,2022-12-01 06:00:17,714,0,49000,264
70834870,LL22138604M,982091101334870,1708,2022-12-01 06:13:20,1086,0,53500,560
70832894,LL22137003M,982091101332894,1708,2022-12-01 06:33:28,688,0,55500,395
70834137,LL22136804M,982091101334137,1708,2022-12-01 07:39:05,882,0,55500,389
70834115,LL22151701M,982091101334115,1708,2022-12-01 07:54:12,721,0,61000,509
70839149,LL22151302M,982091101339149,1708,2022-12-01 08:06:25,691,0,65000,506
70821269,LL22146202M,982091101121269,1708,2022-12-01 08:18:00,893,0,53000,312
70821276,LL22142904M,982091101121276,1708,2022-12-01 08:34:57,1006,0,52500,477
70834904,LL22149702M,982091101334904,1708,2022-12-01 08:53:47,527,0,51000,390
70834912,LL22137303M,982091101334912,1708,2022-12-01 09:02:39,743,0,48000,307
70832894,LL22137003M,982091101332894,1708,2022-12-01 09:15:14,289,0,56000,145
70839190,LL22149102M,982091101339190,1708,2022-12-01 09:20:15,786,0,62000,378
70821254,LL22145301M,982091101121254,1708,2022-12-01 09:34:06,934,0,57000,425
70832894,LL22137003M,982091101332894,1708,2022-12-01 09:50:00,362,0,56500,156
70834137,LL22136804M,982091101334137,1708,2022-12-01 10:26:22,1172,0,56000,542
70834115,LL22151701M,982091101334115,1708,2022-12-01 10:49:11,508,0,62000,352
70821276,LL22142904M,982091101121276,1708,2022-12-01 11:03:40,343,0,52500,182
70832894,LL22137003M,982091101332894,1708,2022-12-01 11:16:18,484,0,56500,294
70834912,LL22137303M,982091101334912,1708,2022-12-01 11:30:58,617,0,49500,282
70834870,LL22138604M,982091101334870,1708,2022-12-01 11:41:15,1527,0,55000,768
70839190,LL22149102M,982091101339190,1708,2022-12-01 12:06:51,666,0,62000,248
70821306,LL22145602M,982091101121306,1708,2022-12-01 12:18:01,465,0,64500,353
70839149,LL22151302M,982091101339149,1708,2022-12-01 12:25:46,578,0,64500,328
70821254,LL22145301M,982091101121254,1708,2022-12-01 12:35:32,1039,0,56500,443
70821269,LL22146202M,982091101121269,1708,2022-12-01 12:53:03,1222,0,52000,502
70832894,LL22137003M,982091101332894,1708,2022-12-01 13:13:38,410,0,57000,143
70834912,LL22137303M,982091101334912,1708,2022-12-01 13:20:44,1161,0,49500,434
70832894,LL22137003M,982091101332894,1708,2022-12-01 13:48:48,587,0,53500,314
70821276,LL22142904M,982091101121276,1708,2022-12-01 13:58:43,64,0,98500,42
70834904,LL22149702M,982091101334904,1708,2022-12-01 13:59:47,1151,0,51500,832
70821276,LL22142904M,982091101121276,1708,2022-12-01 14:19:19,773,0,53000,394
70839149,LL22151302M,982091101339149,1708,2022-12-01 14:32:16,559,0,66000,300
70834115,LL22151701M,982091101334115,1708,2022-12-01 14:42:00,730,0,62500,595
70821306,LL22145602M,982091101121306,1708,2022-12-01 14:54:26,1007,0,66000,915
70839190,LL22149102M,982091101339190,1708,2022-12-01 15:11:46,858,0,62500,504
70834912,LL22137303M,982091101334912,1708,2022-12-01 15:26:13,73,0,50000,25
70834137,LL22136804M,982091101334137,1708,2022-12-01 15:27:26,734,0,57000,466
70834870,LL22138604M,982091101334870,1708,2022-12-01 15:39:40,851,0,57000,503
70834115,LL22151701M,982091101334115,1708,2022-12-01 15:54:19,406,0,62500,320
70821276,LL22142904M,982091101121276,1708,2022-12-01 16:01:29,386,0,53500,217
70834137,LL22136804M,982091101334137,1708,2022-12-01 16:08:03,772,0,56500,438
70821269,LL22146202M,982091101121269,1708,2022-12-01 16:20:59,903,0,53500,401
70834912,LL22137303M,982091101334912,1708,2022-12-01 16:37:12,474,0,49500,185
70834904,LL22149702M,982091101334904,1708,2022-12-01 16:45:10,328,0,53500,292
70839149,LL22151302M,982091101339149,1708,2022-12-01 16:50:43,614,0,65500,413
70832894,LL22137003M,982091101332894,1708,2022-12-01 17:01:22,295,0,56500,143
70821269,LL22146202M,982091101121269,1708,2022-12-01 17:07:10,963,0,53000,287
70834115,LL22151701M,982091101334115,1708,2022-12-01 17:24:03,349,0,64000,267
70821269,LL22146202M,982091101121269,1708,2022-12-01 17:30:29,203,0,53000,21
70821269,LL22146202M,982091101121269,1708,2022-12-01 18:27:11,481,0,53500,201
70821276,LL22142904M,982091101121276,1708,2022-12-01 18:35:41,269,0,53500,151
70821269,LL22146202M,982091101121269,1708,2022-12-01 18:40:46,79,0,53500,33
70834904,LL22149702M,982091101334904,1708,2022-12-01 18:43:18,294,0,53000,189
70834137,LL22136804M,982091101334137,1708,2022-12-01 18:48:16,566,0,57000,302
70821269,LL22146202M,982091101121269,1708,2022-12-01 19:12:48,119,0,53500,51
70834912,LL22137303M,982091101334912,1708,2022-12-01 19:54:57,563,0,49000,250
70839149,LL22151302M,982091101339149,1708,2022-12-01 20:17:47,173,0,66500,130
70821306,LL22145602M,982091101121306,1708,2022-12-01 20:33:37,411,0,67000,400
70821254,LL22145301M,982091101121254,1708,2022-12-01 20:59:19,1078,0,58000,504
70821254,LL22145301M,982091101121254,1708,2022-12-01 21:26:26,428,0,57500,196
70839149,LL22151302M,982091101339149,1708,2022-12-01 21:34:07,373,0,66500,298
70839149,LL22151302M,982091101339149,1708,2022-12-01 21:42:21,143,0,66000,61
70834904,LL22149702M,982091101334904,1708,2022-12-01 21:56:27,473,0,54500,372
70839190,LL22149102M,982091101339190,1708,2022-12-01 22:04:24,451,0,63000,222
70821276,LL22142904M,982091101121276,1708,2022-12-01 22:12:11,435,0,53500,220
70839190,LL22149102M,982091101339190,1708,2022-12-01 22:20:42,410,0,62500,222
70821269,LL22146202M,982091101121269,1708,2022-12-01 22:27:48,101,0,53500,27
70839190,LL22149102M,982091101339190,1708,2022-12-01 22:32:11,241,0,63000,70
70834904,LL22149702M,982091101334904,1708,2022-12-01 22:38:16,112,0,53000,65
70821254,LL22145301M,982091101121254,1708,2022-12-02 00:22:13,96,0,58000,37
70832894,LL22137003M,982091101332894,1708,2022-12-02 00:33:19,62,0,54500,1
70834912,LL22137303M,982091101334912,1708,2022-12-02 00:37:26,153,0,49500,76
70834115,LL22151701M,982091101334115,1708,2022-12-02 00:45:46,245,0,63000,196
70821254,LL22145301M,982091101121254,1708,2022-12-02 00:50:03,403,0,58500,127
70834870,LL22138604M,982091101334870,1708,2022-12-02 01:03:40,582,0,55500,239
70834137,LL22136804M,982091101334137,1708,2022-12-02 02:02:14,647,0,57000,343
70834904,LL22149702M,982091101334904,1708,2022-12-02 02:38:07,467,0,52500,293
70839149,LL22151302M,982091101339149,1708,2022-12-02 02:50:44,557,0,66500,368
70821269,LL22146202M,982091101121269,1708,2022-12-02 03:19:17,326,0,53000,137
70821269,LL22146202M,982091101121269,1708,2022-12-02 03:26:44,330,0,53000,155
70821306,LL22145602M,982091101121306,1708,2022-12-02 03:33:12,375,0,67000,309
70821254,LL22145301M,982091101121254,1708,2022-12-02 03:40:03,167,0,58000,58
70821254,LL22145301M,982091101121254,1708,2022-12-02 03:50:24,487,0,58000,233
70839190,LL22149102M,982091101339190,1708,2022-12-02 03:58:36,625,0,63000,284
70821306,LL22145602M,982091101121306,1708,2022-12-02 04:09:09,31,0,,6
70832894,LL22137003M,982091101332894,1708,2022-12-02 04:18:19,271,0,54000,70
70821276,LL22142904M,982091101121276,1708,2022-12-02 04:22:58,363,0,52500,156
70821254,LL22145301M,982091101121254,1708,2022-12-02 04:39:47,434,0,58500,223
70834904,LL22149702M,982091101334904,1708,2022-12-02 05:08:37,553,0,53000,383
70834115,LL22151701M,982091101334115,1708,2022-12-02 05:22:45,619,0,63000,478
70839149,LL22151302M,982091101339149,1708,2022-12-02 05:40:40,335,0,67000,262
70821306,LL22145602M,982091101121306,1708,2022-12-02 05:50:25,413,0,67000,355
70832894,LL22137003M,982091101332894,1708,2022-12-02 06:05:55,33,0,,1
70834912,LL22137303M,982091101334912,1708,2022-12-02 06:16:33,1008,0,50000,410
70821306,LL22145602M,982091101121306,1708,2022-12-02 07:05:44,374,0,68000,321
70834870,LL22138604M,982091101334870,1708,2022-12-02 07:12:02,1231,0,55500,354
70834137,LL22136804M,982091101334137,1708,2022-12-02 07:33:55,1379,0,56500,570
70821276,LL22142904M,982091101121276,1708,2022-12-02 08:02:31,630,0,52500,311
70832894,LL22137003M,982091101332894,1708,2022-12-02 08:13:10,23,0,,1
70834115,LL22151701M,982091101334115,1708,2022-12-02 08:14:06,418,0,64000,356
70821276,LL22142904M,982091101121276,1708,2022-12-02 08:21:20,60,0,,36
70834904,LL22149702M,982091101334904,1708,2022-12-02 08:23:17,484,0,54000,350
70839149,LL22151302M,982091101339149,1708,2022-12-02 08:32:56,241,0,66500,192
70832894,LL22137003M,982091101332894,1708,2022-12-02 08:36:57,27,0,,1
70821276,LL22142904M,982091101121276,1708,2022-12-02 08:38:14,38,0,,2
70832894,LL22137003M,982091101332894,1708,2022-12-02 08:40:26,19,0,,1
70821269,LL22146202M,982091101121269,1708,2022-12-02 08:41:17,897,0,53000,349
70821254,LL22145301M,982091101121254,1708,2022-12-02 08:56:39,789,0,59000,353
70821276,LL22142904M,982091101121276,1708,2022-12-02 09:10:05,157,0,53500,63
70839149,LL22151302M,982091101339149,1708,2022-12-02 09:13:02,239,0,66500,160
70839190,LL22149102M,982091101339190,1708,2022-12-02 09:17:05,974,0,63000,564
70834912,LL22137303M,982091101334912,1708,2022-12-02 09:35:08,1041,0,50000,416
70821269,LL22146202M,982091101121269,1708,2022-12-02 10:37:16,508,0,52500,211
70834870,LL22138604M,982091101334870,1708,2022-12-02 10:53:17,781,0,55500,259
70839149,LL22151302M,982091101339149,1708,2022-12-02 11:06:18,691,0,66500,456
70821306,LL22145602M,982091101121306,1708,2022-12-02 11:17:57,820,0,67500,607
70832894,LL22137003M,982091101332894,1708,2022-12-02 11:32:06,115,0,52500,1
70834115,LL22151701M,982091101334115,1708,2022-12-02 11:34:22,364,0,63500,259
70834137,LL22136804M,982091101334137,1708,2022-12-02 11:40:38,639,0,58500,271
70821254,LL22145301M,982091101121254,1708,2022-12-02 11:51:29,693,0,60000,286
70821269,LL22146202M,982091101121269,1708,2022-12-02 12:03:14,264,0,54000,101
70821276,LL22142904M,982091101121276,1708,2022-12-02 12:07:38,664,0,54250,347
70832894,LL22137003M,982091101332894,1708,2022-12-02 12:18:42,299,0,55000,4
70834912,LL22137303M,982091101334912,1708,2022-12-02 12:23:45,130,0,50500,22
70834870,LL22138604M,982091101334870,1708,2022-12-02 12:25:55,1014,0,56500,563
70834904,LL22149702M,982091101334904,1708,2022-12-02 12:42:53,870,0,54000,635
70834912,LL22137303M,982091101334912,1708,2022-12-02 13:00:23,56,0,,5
70832894,LL22137003M,982091101332894,1708,2022-12-02 13:01:19,106,0,53500,20
70821276,LL22142904M,982091101121276,1708,2022-12-02 13:03:14,82,0,54000,39
70839149,LL22151302M,982091101339149,1708,2022-12-02 13:05:09,421,0,67500,220
70821306,LL22145602M,982091101121306,1708,2022-12-02 13:14:44,123,0,68500,68
70821276,LL22142904M,982091101121276,1708,2022-12-02 13:18:48,82,0,79500,27
70821306,LL22145602M,982091101121306,1708,2022-12-02 13:20:43,61,0,67500,38
70821276,LL22142904M,982091101121276,1708,2022-12-02 13:22:31,104,0,54000,57
70821254,LL22145301M,982091101121254,1708,2022-12-02 13:25:29,774,0,59500,388
70821306,LL22145602M,982091101121306,1708,2022-12-02 13:38:31,15,0,,7
70834912,LL22137303M,982091101334912,1708,2022-12-02 13:38:59,551,0,50500,134
70832894,LL22137003M,982091101332894,1708,2022-12-02 13:48:10,2,0,,62
70832894,LL22137003M,982091101332894,1708,2022-12-02 13:48:15,59,0,,2
70839190,LL22149102M,982091101339190,1708,2022-12-02 13:49:26,743,0,63500,435
70821269,LL22146202M,982091101121269,1708,2022-12-02 14:02:01,732,0,59000,293
70834137,LL22136804M,982091101334137,1708,2022-12-02 14:14:34,629,0,85000,326
70832894,LL22137003M,982091101332894,1708,2022-12-02 14:25:07,216,0,53500,1
70834870,LL22138604M,982091101334870,1708,2022-12-02 14:28:51,993,0,57500,433
70821276,LL22142904M,982091101121276,1708,2022-12-02 14:46:10,448,0,54000,171
70834912,LL22137303M,982091101334912,1708,2022-12-02 14:53:50,598,0,51000,215
70834137,LL22136804M,982091101334137,1708,2022-12-02 15:04:21,737,0,58000,430
70834912,LL22137303M,982091101334912,1708,2022-12-02 15:17:44,538,0,50500,241
70839149,LL22151302M,982091101339149,1708,2022-12-02 15:26:42,834,0,67500,565
70821269,LL22146202M,982091101121269,1708,2022-12-02 15:41:13,397,0,54000,159
70839190,LL22149102M,982091101339190,1708,2022-12-02 15:48:03,806,0,64500,471
70821254,LL22145301M,982091101121254,1708,2022-12-02 16:01:33,674,0,61000,315
70834904,LL22149702M,982091101334904,1708,2022-12-02 16:13:00,684,0,54500,480
70834137,LL22136804M,982091101334137,1708,2022-12-02 16:24:48,939,0,59500,526
70834912,LL22137303M,982091101334912,1708,2022-12-02 16:40:40,199,0,51000,100
70834115,LL22151701M,982091101334115,1708,2022-12-02 16:43:59,746,0,63500,612
70834115,LL22151701M,982091101334115,1708,2022-12-02 17:08:51,377,0,63500,293
70821254,LL22145301M,982091101121254,1708,2022-12-02 17:36:42,156,0,61000,70
70834115,LL22151701M,982091101334115,1708,2022-12-02 17:45:17,301,0,64500,249
70821306,LL22145602M,982091101121306,1708,2022-12-02 17:50:26,706,0,68000,397
70821269,LL22146202M,982091101121269,1708,2022-12-02 18:02:36,853,0,54000,353
70821276,LL22142904M,982091101121276,1708,2022-12-02 18:17:01,442,0,53000,268
70834904,LL22149702M,982091101334904,1708,2022-12-02 18:24:36,351,0,55000,285
70821269,LL22146202M,982091101121269,1708,2022-12-02 18:30:43,838,0,53500,308
70821269,LL22146202M,982091101121269,1708,2022-12-02 18:48:18,106,0,53500,36
70834137,LL22136804M,982091101334137,1708,2022-12-02 18:50:08,707,0,59500,350
70821254,LL22145301M,982091101121254,1708,2022-12-02 19:07:13,633,0,61500,317
70821269,LL22146202M,982091101121269,1708,2022-12-02 19:24:48,243,0,54500,99
70839149,LL22151302M,982091101339149,1708,2022-12-02 20:21:30,510,0,68000,389
70834115,LL22151701M,982091101334115,1708,2022-12-02 21:14:02,194,0,65000,177
70821306,LL22145602M,982091101121306,1708,2022-12-02 21:17:53,297,0,67500,275
70834870,LL22138604M,982091101334870,1708,2022-12-02 21:22:54,319,0,57000,125
70834870,LL22138604M,982091101334870,1708,2022-12-02 21:29:40,18,0,,1
70832894,LL22137003M,982091101332894,1708,2022-12-02 21:34:16,79,0,52000,1
70821306,LL22145602M,982091101121306,1708,2022-12-02 21:52:12,97,0,67500,69
70821276,LL22142904M,982091101121276,1708,2022-12-02 21:54:01,299,0,54500,179
70839190,LL22149102M,982091101339190,1708,2022-12-02 21:59:08,843,0,64000,567
70834904,LL22149702M,982091101334904,1708,2022-12-02 22:17:01,327,0,55500,245
70821269,LL22146202M,982091101121269,1708,2022-12-02 22:22:36,67,0,55000,37
70821269,LL22146202M,982091101121269,1708,2022-12-02 22:25:43,148,0,54500,35
70834912,LL22137303M,982091101334912,1708,2022-12-02 23:32:32,335,0,51000,145
70834137,LL22136804M,982091101334137,1708,2022-12-02 23:49:50,309,0,59250,136
70839149,LL22151302M,982091101339149,1708,2022-12-03 00:00:20,54,0,,33
70834904,LL22149702M,982091101334904,1708,2022-12-03 00:47:32,358,0,54500,244
70839190,LL22149102M,982091101339190,1708,2022-12-03 00:57:08,39,0,,30
70821254,LL22145301M,982091101121254,1708,2022-12-03 00:58:11,800,0,60500,211
70821254,LL22145301M,982091101121254,1708,2022-12-03 01:14:16,528,0,60500,279
70834870,LL22138604M,982091101334870,1708,2022-12-03 01:24:09,459,0,56500,176
70821276,LL22142904M,982091101121276,1708,2022-12-03 01:32:45,267,0,54000,121
70839190,LL22149102M,982091101339190,1708,2022-12-03 01:38:33,33,0,,5
70834137,LL22136804M,982091101334137,1708,2022-12-03 01:39:26,31,0,,3
70839190,LL22149102M,982091101339190,1708,2022-12-03 01:41:09,186,0,64000,102
70821306,LL22145602M,982091101121306,1708,2022-12-03 02:21:14,393,0,68000,323
70832894,LL22137003M,982091101332894,1708,2022-12-03 03:10:49,17,0,,2
70821269,LL22146202M,982091101121269,1708,2022-12-03 03:14:45,145,0,53500,53
70834115,LL22151701M,982091101334115,1708,2022-12-03 03:21:22,345,0,64000,305
70834904,LL22149702M,982091101334904,1708,2022-12-03 03:35:35,327,0,54000,164
70839149,LL22151302M,982091101339149,1708,2022-12-03 03:56:08,584,0,67500,412
70834912,LL22137303M,982091101334912,1708,2022-12-03 04:11:58,919,0,52000,415
70821306,LL22145602M,982091101121306,1708,2022-12-03 04:37:23,61,0,68000,42
70821276,LL22142904M,982091101121276,1708,2022-12-03 05:04:50,568,0,54500,242
70834904,LL22149702M,982091101334904,1708,2022-12-03 05:17:55,308,0,55000,226
70821254,LL22145301M,982091101121254,1708,2022-12-03 05:27:46,555,0,61500,145
70821306,LL22145602M,982091101121306,1708,2022-12-03 06:17:26,471,0,68500,437
70834115,LL22151701M,982091101334115,1708,2022-12-03 06:25:54,71,0,64000,43
70821306,LL22145602M,982091101121306,1708,2022-12-03 06:27:17,24,0,,9
70834870,LL22138604M,982091101334870,1708,2022-12-03 06:28:26,1283,0,57500,484
70834904,LL22149702M,982091101334904,1708,2022-12-03 06:50:17,146,0,56500,71
70834137,LL22136804M,982091101334137,1708,2022-12-03 06:52:43,44,0,,9
70839149,LL22151302M,982091101339149,1708,2022-12-03 06:53:27,529,0,67500,424
70839190,LL22149102M,982091101339190,1708,2022-12-03 07:02:20,116,0,64500,58
70839149,LL22151302M,982091101339149,1708,2022-12-03 07:06:16,118,0,67500,66
70821276,LL22142904M,982091101121276,1708,2022-12-03 07:10:36,542,0,54500,221
70834137,LL22136804M,982091101334137,1708,2022-12-03 07:27:42,1368,0,59500,678
70834904,LL22149702M,982091101334904,1708,2022-12-03 08:31:43,571,0,55500,435
70834912,LL22137303M,982091101334912,1708,2022-12-03 08:41:47,1251,0,51000,479
70839149,LL22151302M,982091101339149,1708,2022-12-03 09:03:48,54,0,,24
70821276,LL22142904M,982091101121276,1708,2022-12-03 09:05:15,342,0,54500,200
70821269,LL22146202M,982091101121269,1708,2022-12-03 09:13:32,598,0,53500,198
70839190,LL22149102M,982091101339190,1708,2022-12-03 09:23:34,1037,0,64000,612
70821254,LL22145301M,982091101121254,1708,2022-12-03 09:41:00,1208,0,60500,567
70821306,LL22145602M,982091101121306,1708,2022-12-03 10:51:27,1106,0,69000,926
70834137,LL22136804M,982091101334137,1708,2022-12-03 11:10:01,308,0,60500,106
70839149,LL22151302M,982091101339149,1708,2022-12-03 11:15:22,494,0,68000,356
70821276,LL22142904M,982091101121276,1708,2022-12-03 11:23:48,605,0,56500,294
70834870,LL22138604M,982091101334870,1708,2022-12-03 11:34:14,1157,0,57000,442
70821269,LL22146202M,982091101121269,1708,2022-12-03 11:53:59,30,0,,27
70834115,LL22151701M,982091101334115,1708,2022-12-03 11:54:29,968,0,64000,714
70832894,LL22137003M,982091101332894,1708,2022-12-03 12:10:58,59,0,,1
70834870,LL22138604M,982091101334870,1708,2022-12-03 12:12:13,22,0,,2
70834912,LL22137303M,982091101334912,1708,2022-12-03 12:12:44,705,0,51000,118
70821276,LL22142904M,982091101121276,1708,2022-12-03 12:24:41,346,0,55500,157
70821269,LL22146202M,982091101121269,1708,2022-12-03 12:31:20,390,0,53000,193
70839149,LL22151302M,982091101339149,1708,2022-12-03 12:37:50,334,0,68500,144
70834137,LL22136804M,982091101334137,1708,2022-12-03 12:43:29,1120,0,60000,550
70839149,LL22151302M,982091101339149,1708,2022-12-03 13:02:09,518,0,68500,340
70832894,LL22137003M,982091101332894,1708,2022-12-03 13:10:47,89,0,52500,1
70821254,LL22145301M,982091101121254,1708,2022-12-03 13:12:28,498,0,61000,216
70832894,LL22137003M,982091101332894,1708,2022-12-03 13:20:46,268,0,52500,2
70834137,LL22136804M,982091101334137,1708,2022-12-03 13:25:47,546,0,60500,305
70832894,LL22137003M,982091101332894,1708,2022-12-03 13:35:05,44,0,,1
70821254,LL22145301M,982091101121254,1708,2022-12-03 13:37:36,802,0,61000,418
70834904,LL22149702M,982091101334904,1708,2022-12-03 14:08:20,1369,0,55000,945
70839190,LL22149102M,982091101339190,1708,2022-12-03 14:31:21,518,0,65500,247
70834912,LL22137303M,982091101334912,1708,2022-12-03 14:40:16,573,0,79000,279
70832894,LL22137003M,982091101332894,1708,2022-12-03 14:49:49,1605,0,91500,637
70834870,LL22138604M,982091101334870,1708,2022-12-03 15:16:34,981,0,58000,640
70821269,LL22146202M,982091101121269,1708,2022-12-03 15:32:59,43,0,,35
70839149,LL22151302M,982091101339149,1708,2022-12-03 15:33:42,529,0,69000,376
70821306,LL22145602M,982091101121306,1708,2022-12-03 15:42:31,562,0,69500,463
70821276,LL22142904M,982091101121276,1708,2022-12-03 15:52:18,460,0,56000,233
70821269,LL22146202M,982091101121269,1708,2022-12-03 16:00:02,1701,0,53000,746
70834137,LL22136804M,982091101334137,1708,2022-12-03 16:28:48,846,0,61500,410
70839190,LL22149102M,982091101339190,1708,2022-12-03 16:43:26,424,0,66000,200
70834912,LL22137303M,982091101334912,1708,2022-12-03 16:50:34,176,0,51500,92
70839149,LL22151302M,982091101339149,1708,2022-12-03 16:53:34,239,0,68500,147
70821276,LL22142904M,982091101121276,1708,2022-12-03 16:57:33,382,0,56000,189
70839190,LL22149102M,982091101339190,1708,2022-12-03 17:04:03,869,0,65000,504
70821269,LL22146202M,982091101121269,1708,2022-12-03 17:18:49,533,0,56000,64
70834912,LL22137303M,982091101334912,1708,2022-12-03 17:27:42,1104,0,51000,482
70834137,LL22136804M,982091101334137,1708,2022-12-03 17:46:23,136,0,60500,20
70834115,LL22151701M,982091101334115,1708,2022-12-03 17:49:07,961,0,64000,766
70834904,LL22149702M,982091101334904,1708,2022-12-03 18:54:10,370,0,54500,204
70832894,LL22137003M,982091101332894,1708,2022-12-03 19:02:23,792,0,54000,448
70834137,LL22136804M,982091101334137,1708,2022-12-03 19:15:52,407,0,60500,246
70839149,LL22151302M,982091101339149,1708,2022-12-03 19:22:43,213,0,69000,198
70821254,LL22145301M,982091101121254,1708,2022-12-03 19:26:28,1127,0,61000,539
70821269,LL22146202M,982091101121269,1708,2022-12-03 20:17:56,755,0,54500,331
70834904,LL22149702M,982091101334904,1708,2022-12-03 20:33:04,242,0,54250,135
70821269,LL22146202M,982091101121269,1708,2022-12-03 20:37:23,10,0,,1
70821254,LL22145301M,982091101121254,1708,2022-12-03 20:39:11,119,0,61500,32
70834137,LL22136804M,982091101334137,1708,2022-12-03 20:42:02,190,0,60500,62
70834870,LL22138604M,982091101334870,1708,2022-12-03 20:47:54,806,0,58000,445
70821269,LL22146202M,982091101121269,1708,2022-12-03 21:19:40,425,0,54500,187
70832894,LL22137003M,982091101332894,1708,2022-12-03 21:31:27,210,0,43500,81
70834115,LL22151701M,982091101334115,1708,2022-12-03 21:35:02,290,0,65000,236
70821306,LL22145602M,982091101121306,1708,2022-12-03 22:39:34,459,0,69000,413
70821276,LL22142904M,982091101121276,1708,2022-12-03 22:47:29,554,0,55500,274
70839149,LL22151302M,982091101339149,1708,2022-12-03 22:58:24,411,0,68000,307
70834904,LL22149702M,982091101334904,1708,2022-12-03 23:05:27,321,0,53500,105
70834904,LL22149702M,982091101334904,1708,2022-12-03 23:15:10,347,0,54500,304
70834904,LL22149702M,982091101334904,1708,2022-12-03 23:26:42,33,0,,2
70834115,LL22151701M,982091101334115,1708,2022-12-03 23:31:24,153,0,65000,108
70834904,LL22149702M,982091101334904,1708,2022-12-03 23:37:12,117,0,55000,70
70834912,LL22137303M,982091101334912,1708,2022-12-04 00:37:07,387,0,51000,201
70832894,LL22137003M,982091101332894,1708,2022-12-04 00:59:37,34,0,,1
70821276,LL22142904M,982091101121276,1708,2022-12-04 01:45:51,354,0,55500,204
70821306,LL22145602M,982091101121306,1708,2022-12-04 01:58:46,425,0,68500,374
70839190,LL22149102M,982091101339190,1708,2022-12-04 02:05:55,396,0,66000,209
70834904,LL22149702M,982091101334904,1708,2022-12-04 02:12:43,476,0,55000,366
70834137,LL22136804M,982091101334137,1708,2022-12-04 02:55:39,1000,0,60000,641
70821254,LL22145301M,982091101121254,1708,2022-12-04 03:59:34,749,0,61000,378
70839149,LL22151302M,982091101339149,1708,2022-12-04 04:12:07,147,0,66500,96
70821306,LL22145602M,982091101121306,1708,2022-12-04 04:15:27,48,0,,18
70834115,LL22151701M,982091101334115,1708,2022-12-04 04:16:20,97,0,64500,93
70839149,LL22151302M,982091101339149,1708,2022-12-04 04:18:34,400,0,67500,308
70834912,LL22137303M,982091101334912,1708,2022-12-04 05:35:18,875,0,52000,428
70834870,LL22138604M,982091101334870,1708,2022-12-04 05:51:10,1149,0,57000,555
70821306,LL22145602M,982091101121306,1708,2022-12-04 06:10:27,580,0,69000,454
70834115,LL22151701M,982091101334115,1708,2022-12-04 06:23:56,536,0,64500,441
70832894,LL22137003M,982091101332894,1708,2022-12-04 06:33:40,294,0,54000,29
70834904,LL22149702M,982091101334904,1708,2022-12-04 06:38:46,398,0,55000,148
70832894,LL22137003M,982091101332894,1708,2022-12-04 06:45:48,120,0,52500,1
70821269,LL22146202M,982091101121269,1708,2022-12-04 07:29:56,568,0,54000,239
70832894,LL22137003M,982091101332894,1708,2022-12-04 07:41:24,725,0,52500,169
70839149,LL22151302M,982091101339149,1708,2022-12-04 08:07:22,452,0,67500,321
70839149,LL22151302M,982091101339149,1708,2022-12-04 08:16:58,57,0,,17
70821276,LL22142904M,982091101121276,1708,2022-12-04 08:19:21,744,0,55000,354
70834137,LL22136804M,982091101334137,1708,2022-12-04 08:31:57,945,0,59500,451
70839190,LL22149102M,982091101339190,1708,2022-12-04 08:48:44,817,0,64500,502
70821254,LL22145301M,982091101121254,1708,2022-12-04 09:02:29,941,0,68500,370
70834870,LL22138604M,982091101334870,1708,2022-12-04 09:18:38,21,0,,23
70821254,LL22145301M,982091101121254,1708,2022-12-04 09:19:03,182,0,60000,100
70834912,LL22137303M,982091101334912,1708,2022-12-04 09:22:13,61,0,51500,22
70821306,LL22145602M,982091101121306,1708,2022-12-04 09:23:30,107,0,69500,42
70821276,LL22142904M,982091101121276,1708,2022-12-04 09:25:49,130,0,54750,82
70821254,LL22145301M,982091101121254,1708,2022-12-04 09:28:03,494,0,61000,338
70821269,LL22146202M,982091101121269,1708,2022-12-04 09:36:21,821,0,89500,290
70832894,LL22137003M,982091101332894,1708,2022-12-04 09:50:02,122,0,55500,96
70839190,LL22149102M,982091101339190,1708,2022-12-04 09:52:12,66,0,86000,44
70832894,LL22137003M,982091101332894,1708,2022-12-04 09:53:18,46,0,,18
70839149,LL22151302M,982091101339149,1708,2022-12-04 09:54:04,279,0,67000,133
70821276,LL22142904M,982091101121276,1708,2022-12-04 09:58:55,328,0,55500,157
70832894,LL22137003M,982091101332894,1708,2022-12-04 10:04:23,428,0,72750,279
70834904,LL22149702M,982091101334904,1708,2022-12-04 10:11:35,932,0,54000,602
70834870,LL22138604M,982091101334870,1708,2022-12-04 11:27:21,964,0,57000,491
70839149,LL22151302M,982091101339149,1708,2022-12-04 11:45:26,597,0,68000,436
70821306,LL22145602M,982091101121306,1708,2022-12-04 11:55:27,1194,0,69000,1045
70821276,LL22142904M,982091101121276,1708,2022-12-04 12:15:37,455,0,56000,257
70834137,LL22136804M,982091101334137,1708,2022-12-04 12:23:12,286,0,112000,206
70832894,LL22137003M,982091101332894,1708,2022-12-04 12:27:58,822,0,57000,572
70834912,LL22137303M,982091101334912,1708,2022-12-04 12:41:40,907,0,50500,503
70839149,LL22151302M,982091101339149,1708,2022-12-04 12:56:51,61,0,67000,25
70821254,LL22145301M,982091101121254,1708,2022-12-04 12:58:00,701,0,61000,414
70839190,LL22149102M,982091101339190,1708,2022-12-04 13:09:45,697,0,64500,555
70821269,LL22146202M,982091101121269,1708,2022-12-04 13:21:26,842,0,55500,395
70834870,LL22138604M,982091101334870,1708,2022-12-04 13:35:33,417,0,58000,251
70839149,LL22151302M,982091101339149,1708,2022-12-04 13:42:43,502,0,69000,298
70839190,LL22149102M,982091101339190,1708,2022-12-04 13:51:09,287,0,65500,111
70834912,LL22137303M,982091101334912,1708,2022-12-04 13:56:08,1094,0,51500,424
70834137,LL22136804M,982091101334137,1708,2022-12-04 14:14:42,1484,0,60000,923
70832894,LL22137003M,982091101332894,1708,2022-12-04 14:39:30,1049,0,57000,556
70821276,LL22142904M,982091101121276,1708,2022-12-04 14:57:03,859,0,56000,506
70834904,LL22149702M,982091101334904,1708,2022-12-04 15:11:22,859,0,55000,606
70834115,LL22151701M,982091101334115,1708,2022-12-04 15:26:13,1122,0,64500,944
70839190,LL22149102M,982091101339190,1708,2022-12-04 15:45:24,666,0,66500,440
70832894,LL22137003M,982091101332894,1708,2022-12-04 15:56:50,130,0,57000,3
70834912,LL22137303M,982091101334912,1708,2022-12-04 15:59:33,261,0,52500,88
70839149,LL22151302M,982091101339149,1708,2022-12-04 16:03:54,570,0,70000,400
70821254,LL22145301M,982091101121254,1708,2022-12-04 16:13:28,872,0,61500,447
70821269,LL22146202M,982091101121269,1708,2022-12-04 16:28:08,199,0,55000,91
70834870,LL22138604M,982091101334870,1708,2022-12-04 16:31:27,907,0,58500,637
70821269,LL22146202M,982091101121269,1708,2022-12-04 16:46:34,596,0,84500,313
70832894,LL22137003M,982091101332894,1708,2022-12-04 16:56:30,918,0,57500,577
70821254,LL22145301M,982091101121254,1708,2022-12-04 17:14:33,528,0,62500,280
70834912,LL22137303M,982091101334912,1708,2022-12-04 17:23:34,586,0,53000,252
70834137,LL22136804M,982091101334137,1708,2022-12-04 17:33:44,683,0,61000,454
70834870,LL22138604M,982091101334870,1708,2022-12-04 17:45:36,530,0,59000,344
70834115,LL22151701M,982091101334115,1708,2022-12-04 18:59:40,764,0,66000,679
70821306,LL22145602M,982091101121306,1708,2022-12-04 19:12:37,596,0,69500,568
70821276,LL22142904M,982091101121276,1708,2022-12-04 19:22:33,737,0,56000,496
70821269,LL22146202M,982091101121269,1708,2022-12-04 19:35:02,933,0,56000,442
70821276,LL22142904M,982091101121276,1708,2022-12-04 19:53:18,136,0,56500,82
70821269,LL22146202M,982091101121269,1708,2022-12-04 19:59:11,491,0,56000,216
70821254,LL22145301M,982091101121254,1708,2022-12-04 20:15:52,319,0,61500,175
70834115,LL22151701M,982091101334115,1708,2022-12-04 20:22:41,118,0,67000,79
70834115,LL22151701M,982091101334115,1708,2022-12-04 20:52:11,282,0,67000,191
70834115,LL22151701M,982091101334115,1708,2022-12-04 21:11:54,208,0,67000,152
70839149,LL22151302M,982091101339149,1708,2022-12-04 21:17:22,622,0,69000,454
70834904,LL22149702M,982091101334904,1708,2022-12-04 21:39:28,916,0,55000,604
70821269,LL22146202M,982091101121269,1708,2022-12-04 21:56:04,104,0,56500,33
70834904,LL22149702M,982091101334904,1708,2022-12-04 22:03:13,249,0,55500,197
70832894,LL22137003M,982091101332894,1708,2022-12-04 22:12:07,366,0,59000,159
70834137,LL22136804M,982091101334137,1708,2022-12-04 22:18:29,485,0,61000,187
70821306,LL22145602M,982091101121306,1708,2022-12-04 23:33:26,228,0,70000,195
70821269,LL22146202M,982091101121269,1708,2022-12-04 23:39:47,164,0,56500,71
70834137,LL22136804M,982091101334137,1708,2022-12-04 23:43:35,392,0,61000,237
70821254,LL22145301M,982091101121254,1708,2022-12-04 23:58:13,539,0,61000,312
70839190,LL22149102M,982091101339190,1708,2022-12-05 00:09:12,380,0,65500,182
70834912,LL22137303M,982091101334912,1708,2022-12-05 00:16:33,180,0,51500,39
70839190,LL22149102M,982091101339190,1708,2022-12-05 00:19:53,574,0,65000,379
70821269,LL22146202M,982091101121269,1708,2022-12-05 00:29:40,727,0,56000,289
70834904,LL22149702M,982091101334904,1708,2022-12-05 01:37:37,79,0,55500,40
70834904,LL22149702M,982091101334904,1708,2022-12-05 01:58:38,351,0,56750,261
70821276,LL22142904M,982091101121276,1708,2022-12-05 02:12:06,530,0,56500,266
70821269,LL22146202M,982091101121269,1708,2022-12-05 02:21:00,91,0,56000,49
70821306,LL22145602M,982091101121306,1708,2022-12-05 02:35:19,213,0,70250,183
70834904,LL22149702M,982091101334904,1708,2022-12-05 02:39:20,20,0,,5
70834115,LL22151701M,982091101334115,1708,2022-12-05 02:42:23,303,0,67500,281
70832894,LL22137003M,982091101332894,1708,2022-12-05 02:58:33,487,0,58500,200
70839149,LL22151302M,982091101339149,1708,2022-12-05 03:20:45,585,0,69000,432
70834912,LL22137303M,982091101334912,1708,2022-12-05 03:30:46,945,0,52500,431
70821276,LL22142904M,982091101121276,1708,2022-12-05 03:47:35,264,0,57000,181
70821269,LL22146202M,982091101121269,1708,2022-12-05 03:58:53,98,0,56500,49
70839149,LL22151302M,982091101339149,1708,2022-12-05 04:36:55,252,0,68500,162
70821306,LL22145602M,982091101121306,1708,2022-12-05 04:49:06,332,0,70500,187
70821276,LL22142904M,982091101121276,1708,2022-12-05 04:55:02,103,0,55500,60
70834137,LL22136804M,982091101334137,1708,2022-12-05 05:42:30,677,0,61000,376
70839149,LL22151302M,982091101339149,1708,2022-12-05 06:16:55,403,0,69000,286
70832894,LL22137003M,982091101332894,1708,2022-12-05 07:02:49,534,0,58500,275
70821306,LL22145602M,982091101121306,1708,2022-12-05 07:14:57,508,0,70500,466
70834115,LL22151701M,982091101334115,1708,2022-12-05 07:26:10,317,0,67500,275
70821306,LL22145602M,982091101121306,1708,2022-12-05 07:34:34,233,0,70000,171
70832894,LL22137003M,982091101332894,1708,2022-12-05 08:19:03,579,0,58000,370
70821276,LL22142904M,982091101121276,1708,2022-12-05 08:28:55,510,0,57000,271
70834870,LL22138604M,982091101334870,1708,2022-12-05 08:37:34,1628,0,57500,672
70834912,LL22137303M,982091101334912,1708,2022-12-05 09:04:50,123,0,51500,67
70839190,LL22149102M,982091101339190,1708,2022-12-05 09:07:01,298,0,65500,193
70839149,LL22151302M,982091101339149,1708,2022-12-05 09:11:59,500,0,69500,315
70821254,LL22145301M,982091101121254,1708,2022-12-05 09:20:23,1445,0,60500,707
70834912,LL22137303M,982091101334912,1708,2022-12-05 09:44:41,1572,0,52500,690
70834137,LL22136804M,982091101334137,1708,2022-12-05 10:11:01,1121,0,60500,646
70821269,LL22146202M,982091101121269,1708,2022-12-05 10:32:26,1057,0,57000,431
70834904,LL22149702M,982091101334904,1708,2022-12-05 11:03:09,1065,0,55500,633
70821306,LL22145602M,982091101121306,1708,2022-12-05 11:21:06,858,0,71000,514
70834115,LL22151701M,982091101334115,1708,2022-12-05 11:35:28,654,0,66500,475
70832894,LL22137003M,982091101332894,1708,2022-12-05 11:46:47,199,0,59000,37
70821276,LL22142904M,982091101121276,1708,2022-12-05 11:50:10,176,0,55500,112
70839190,LL22149102M,982091101339190,1708,2022-12-05 11:53:11,254,0,66000,187
70839149,LL22151302M,982091101339149,1708,2022-12-05 11:57:29,285,0,70000,180
70839190,LL22149102M,982091101339190,1708,2022-12-05 12:02:18,739,0,66000,499
70834912,LL22137303M,982091101334912,1708,2022-12-05 12:14:46,92,0,52000,6
70821276,LL22142904M,982091101121276,1708,2022-12-05 12:16:39,59,0,,19
70821254,LL22145301M,982091101121254,1708,2022-12-05 12:29:05,684,0,62000,309
70834912,LL22137303M,982091101334912,1708,2022-12-05 12:40:41,37,0,,13
70832894,LL22137003M,982091101332894,1708,2022-12-05 12:41:38,1196,0,58500,603
70834115,LL22151701M,982091101334115,1708,2022-12-05 13:01:51,192,0,67500,89
70821269,LL22146202M,982091101121269,1708,2022-12-05 13:07:48,1214,0,57000,499
70821276,LL22142904M,982091101121276,1708,2022-12-05 13:28:06,898,0,56500,572
70821276,LL22142904M,982091101121276,1708,2022-12-05 13:46:43,201,0,57000,99
70834137,LL22136804M,982091101334137,1708,2022-12-05 13:52:06,1011,0,62000,637
70834870,LL22138604M,982091101334870,1708,2022-12-05 14:09:33,1781,0,58000,1036
70834137,LL22136804M,982091101334137,1708,2022-12-05 14:39:59,430,0,61500,278
70821306,LL22145602M,982091101121306,1708,2022-12-05 14:47:17,769,0,71500,734
70839190,LL22149102M,982091101339190,1708,2022-12-05 15:00:39,556,0,67500,345
70834912,LL22137303M,982091101334912,1708,2022-12-05 15:10:00,65,0,51500,31
70839149,LL22151302M,982091101339149,1708,2022-12-05 15:11:10,291,0,70000,182
70821254,LL22145301M,982091101121254,1708,2022-12-05 15:16:13,577,0,63000,315
70834912,LL22137303M,982091101334912,1708,2022-12-05 15:25:54,613,0,52000,227
70839149,LL22151302M,982091101339149,1708,2022-12-05 15:36:31,445,0,70500,307
70832894,LL22137003M,982091101332894,1708,2022-12-05 15:43:56,379,0,58500,87
70821254,LL22145301M,982091101121254,1708,2022-12-05 15:50:36,322,0,63500,70
70834904,LL22149702M,982091101334904,1708,2022-12-05 15:55:58,795,0,55500,496
70834115,LL22151701M,982091101334115,1708,2022-12-05 16:09:13,603,0,67000,441
70839190,LL22149102M,982091101339190,1708,2022-12-05 16:19:53,76,0,66500,36
70821276,LL22142904M,982091101121276,1708,2022-12-05 16:21:26,288,0,59000,140
70832894,LL22137003M,982091101332894,1708,2022-12-05 16:26:18,544,0,60000,333
70839190,LL22149102M,982091101339190,1708,2022-12-05 16:35:39,160,0,67000,40
70834912,LL22137303M,982091101334912,1708,2022-12-05 16:38:36,1147,0,53000,438
70821269,LL22146202M,982091101121269,1708,2022-12-05 16:58:04,906,0,57500,394
70821276,LL22142904M,982091101121276,1708,2022-12-05 17:13:48,376,0,58500,215
70839149,LL22151302M,982091101339149,1708,2022-12-05 17:20:13,501,0,71000,346
70821269,LL22146202M,982091101121269,1708,2022-12-05 17:28:40,204,0,58000,74
70834115,LL22151701M,982091101334115,1708,2022-12-05 17:32:08,500,0,68000,370
70832894,LL22137003M,982091101332894,1708,2022-12-05 17:41:18,97,0,59500,7
70821254,LL22145301M,982091101121254,1708,2022-12-05 17:43:24,781,0,63000,428
70821276,LL22142904M,982091101121276,1708,2022-12-05 17:56:54,17,0,,8
70832894,LL22137003M,982091101332894,1708,2022-12-05 17:58:25,82,0,58000,6
70821254,LL22145301M,982091101121254,1708,2022-12-05 18:01:38,114,0,63000,48
70834904,LL22149702M,982091101334904,1708,2022-12-05 18:03:44,732,0,56500,567
70834137,LL22136804M,982091101334137,1708,2022-12-05 18:16:04,571,0,62500,374
70821269,LL22146202M,982091101121269,1708,2022-12-05 18:26:40,339,0,58000,146
70821276,LL22142904M,982091101121276,1708,2022-12-05 18:33:08,218,0,58500,159
70821306,LL22145602M,982091101121306,1708,2022-12-05 19:42:28,285,0,72000,272
70834870,LL22138604M,982091101334870,1708,2022-12-05 19:47:42,859,0,60000,669
70834115,LL22151701M,982091101334115,1708,2022-12-05 20:05:06,435,0,68500,433
70834115,LL22151701M,982091101334115,1708,2022-12-05 20:14:21,132,0,69000,97
70839149,LL22151302M,982091101339149,1708,2022-12-05 20:16:49,272,0,70000,220
70821254,LL22145301M,982091101121254,1708,2022-12-05 20:21:25,579,0,63500,379
70832894,LL22137003M,982091101332894,1708,2022-12-05 20:31:08,1028,0,59500,699
70821276,LL22142904M,982091101121276,1708,2022-12-05 21:13:33,364,0,58500,212
70832894,LL22137003M,982091101332894,1708,2022-12-05 21:22:11,461,0,59500,281
70834115,LL22151701M,982091101334115,1708,2022-12-05 21:38:30,249,0,68500,213
70821269,LL22146202M,982091101121269,1708,2022-12-05 21:53:21,531,0,58000,228
70821269,LL22146202M,982091101121269,1708,2022-12-05 22:04:12,304,0,58250,156
70834904,LL22149702M,982091101334904,1708,2022-12-05 22:10:33,390,0,57500,339
70834115,LL22151701M,982091101334115,1708,2022-12-05 22:17:23,34,0,,15
70821269,LL22146202M,982091101121269,1708,2022-12-05 22:19:58,421,0,57500,183
70834904,LL22149702M,982091101334904,1708,2022-12-05 22:33:55,189,0,56000,143
70821269,LL22146202M,982091101121269,1708,2022-12-05 22:37:17,34,0,,23
70821269,LL22146202M,982091101121269,1708,2022-12-05 22:40:56,31,0,,7
70839190,LL22149102M,982091101339190,1708,2022-12-05 22:49:54,422,0,67000,243
70821306,LL22145602M,982091101121306,1708,2022-12-05 23:00:11,375,0,72000,373
70834870,LL22138604M,982091101334870,1708,2022-12-05 23:06:34,93,0,60500,59
70821269,LL22146202M,982091101121269,1708,2022-12-05 23:10:08,32,0,,10
70839190,LL22149102M,982091101339190,1708,2022-12-05 23:17:12,680,0,67000,443
70821269,LL22146202M,982091101121269,1708,2022-12-05 23:30:22,12,0,,1
70834912,LL22137303M,982091101334912,1708,2022-12-05 23:38:41,493,0,52500,254
70834904,LL22149702M,982091101334904,1708,2022-12-06 00:02:02,102,0,57000,63
70834137,LL22136804M,982091101334137,1708,2022-12-06 00:05:01,857,0,61000,558
70834115,LL22151701M,982091101334115,1708,2022-12-06 01:01:10,373,0,69000,412
70821276,LL22142904M,982091101121276,1708,2022-12-06 01:09:03,377,0,58000,271
70839149,LL22151302M,982091101339149,1708,2022-12-06 01:43:41,509,0,71000,368
70834904,LL22149702M,982091101334904,1708,2022-12-06 02:36:47,404,0,58500,350
70834904,LL22149702M,982091101334904,1708,2022-12-06 03:13:28,80,0,57500,53
70834904,LL22149702M,982091101334904,1708,2022-12-06 03:24:54,28,0,,12
70832894,LL22137003M,982091101332894,1708,2022-12-06 04:05:07,524,0,59500,304
70834912,LL22137303M,982091101334912,1708,2022-12-06 04:14:52,384,0,53500,175
70821306,LL22145602M,982091101121306,1708,2022-12-06 04:29:42,268,0,71500,183
70834904,LL22149702M,982091101334904,1708,2022-12-06 05:12:11,306,0,58500,261
70821276,LL22142904M,982091101121276,1708,2022-12-06 05:17:30,321,0,57500,195
70839149,LL22151302M,982091101339149,1708,2022-12-06 05:22:55,478,0,69500,268
70839149,LL22151302M,982091101339149,1708,2022-12-06 05:48:01,86,0,70000,50
70821276,LL22142904M,982091101121276,1708,2022-12-06 05:50:08,305,0,58000,188
70821254,LL22145301M,982091101121254,1708,2022-12-06 05:55:29,976,0,62500,441
70839190,LL22149102M,982091101339190,1708,2022-12-06 06:26:15,757,0,67000,471
70821269,LL22146202M,982091101121269,1708,2022-12-06 06:38:52,223,0,57000,78
70834115,LL22151701M,982091101334115,1708,2022-12-06 06:42:43,344,0,68500,269
70834137,LL22136804M,982091101334137,1708,2022-12-06 07:11:45,932,0,62000,542
70821306,LL22145602M,982091101121306,1708,2022-12-06 07:40:43,1065,0,71500,906
70839149,LL22151302M,982091101339149,1708,2022-12-06 08:28:35,379,0,70500,263
70834912,LL22137303M,982091101334912,1708,2022-12-06 08:35:14,41,0,,14
70839149,LL22151302M,982091101339149,1708,2022-12-06 08:36:03,26,0,,6
70834912,LL22137303M,982091101334912,1708,2022-12-06 08:36:29,780,0,53500,377
70839149,LL22151302M,982091101339149,1708,2022-12-06 08:49:37,451,0,70500,331
70832894,LL22137003M,982091101332894,1708,2022-12-06 09:33:46,415,0,60500,211
70834870,LL22138604M,982091101334870,1708,2022-12-06 09:40:49,1146,0,59500,564
70821276,LL22142904M,982091101121276,1708,2022-12-06 10:25:11,811,0,58000,454
70821269,LL22146202M,982091101121269,1708,2022-12-06 10:41:58,844,0,57000,380
70821269,LL22146202M,982091101121269,1708,2022-12-06 10:58:47,410,0,57000,180
70839190,LL22149102M,982091101339190,1708,2022-12-06 11:05:41,632,0,68000,315
70821254,LL22145301M,982091101121254,1708,2022-12-06 11:16:18,757,0,62500,370
70834912,LL22137303M,982091101334912,1708,2022-12-06 11:28:59,408,0,53000,185
70821306,LL22145602M,982091101121306,1708,2022-12-06 11:36:27,40,0,,14
70834912,LL22137303M,982091101334912,1708,2022-12-06 11:37:16,22,0,,8
70834137,LL22136804M,982091101334137,1708,2022-12-06 11:38:19,143,0,62000,54
70839149,LL22151302M,982091101339149,1708,2022-12-06 11:40:42,598,0,72000,443
70834137,LL22136804M,982091101334137,1708,2022-12-06 11:50:48,748,0,63500,478
70834904,LL22149702M,982091101334904,1708,2022-12-06 12:03:32,851,0,57000,605
70834912,LL22137303M,982091101334912,1708,2022-12-06 12:17:47,475,0,53500,242
70821254,LL22145301M,982091101121254,1708,2022-12-06 12:25:46,444,0,62500,273
70832894,LL22137003M,982091101332894,1708,2022-12-06 12:33:18,714,0,59500,321
70821269,LL22146202M,982091101121269,1708,2022-12-06 12:45:20,540,0,56500,220
70821254,LL22145301M,982091101121254,1708,2022-12-06 12:54:41,450,0,63000,264
70821269,LL22146202M,982091101121269,1708,2022-12-06 13:07:38,99,0,58000,25
70834870,LL22138604M,982091101334870,1708,2022-12-06 13:09:33,1381,0,60000,804
70834115,LL22151701M,982091101334115,1708,2022-12-06 13:32:38,923,0,68000,719
70821306,LL22145602M,982091101121306,1708,2022-12-06 13:48:14,820,0,72500,736
70834912,LL22137303M,982091101334912,1708,2022-12-06 14:01:58,918,0,53500,240
70821276,LL22142904M,982091101121276,1708,2022-12-06 14:17:24,322,0,58000,206
70832894,LL22137003M,982091101332894,1708,2022-12-06 14:22:46,236,0,60500,103
70821254,LL22145301M,982091101121254,1708,2022-12-06 14:26:46,84,0,64500,59
70839149,LL22151302M,982091101339149,1708,2022-12-06 14:28:10,204,0,71500,108
70832894,LL22137003M,982091101332894,1708,2022-12-06 14:31:47,121,0,60000,47
70839149,LL22151302M,982091101339149,1708,2022-12-06 14:33:52,587,0,72000,380
70839190,LL22149102M,982091101339190,1708,2022-12-06 14:43:43,946,0,67500,557
70832894,LL22137003M,982091101332894,1708,2022-12-06 14:59:42,828,0,61000,464
70821254,LL22145301M,982091101121254,1708,2022-12-06 15:13:54,249,0,64000,95
70839149,LL22151302M,982091101339149,1708,2022-12-06 15:18:27,307,0,72000,222
70834904,LL22149702M,982091101334904,1708,2022-12-06 15:23:42,623,0,58000,505
70821276,LL22142904M,982091101121276,1708,2022-12-06 15:34:13,799,0,58500,498
70821254,LL22145301M,982091101121254,1708,2022-12-06 15:47:44,692,0,63500,304
70821254,LL22145301M,982091101121254,1708,2022-12-06 16:01:50,217,0,64500,93
70834137,LL22136804M,982091101334137,1708,2022-12-06 16:05:27,1060,0,63500,721
70834912,LL22137303M,982091101334912,1708,2022-12-06 16:23:19,1652,0,54000,809
70834870,LL22138604M,982091101334870,1708,2022-12-06 16:56:07,816,0,61000,549
70832894,LL22137003M,982091101332894,1708,2022-12-06 17:10:07,447,0,61000,154
70821276,LL22142904M,982091101121276,1708,2022-12-06 17:21:23,256,0,59000,156
70834870,LL22138604M,982091101334870,1708,2022-12-06 17:25:55,288,0,61500,121
70832894,LL22137003M,982091101332894,1708,2022-12-06 17:33:18,955,0,61500,656
70821276,LL22142904M,982091101121276,1708,2022-12-06 17:49:33,146,0,59000,115
70834115,LL22151701M,982091101334115,1708,2022-12-06 17:52:03,920,0,69500,794
70834137,LL22136804M,982091101334137,1708,2022-12-06 18:07:44,612,0,64000,487
70839190,LL22149102M,982091101339190,1708,2022-12-06 18:18:16,191,0,69000,99
70834904,LL22149702M,982091101334904,1708,2022-12-06 18:21:59,520,0,58500,470
70821269,LL22146202M,982091101121269,1708,2022-12-06 18:30:51,1467,0,57000,718
70821254,LL22145301M,982091101121254,1708,2022-12-06 18:56:23,455,0,64000,169
70821269,LL22146202M,982091101121269,1708,2022-12-06 19:04:06,256,0,56500,102
70821254,LL22145301M,982091101121254,1708,2022-12-06 19:09:10,42,0,,19
70821276,LL22142904M,982091101121276,1708,2022-12-06 19:13:07,392,0,59500,197
70821269,LL22146202M,982091101121269,1708,2022-12-06 19:19:43,125,0,56500,70
70839190,LL22149102M,982091101339190,1708,2022-12-06 19:21:56,545,0,68000,412
70839149,LL22151302M,982091101339149,1708,2022-12-06 19:31:01,328,0,72000,225
70834115,LL22151701M,982091101334115,1708,2022-12-06 19:36:38,145,0,69500,44
70821306,LL22145602M,982091101121306,1708,2022-12-06 19:40:29,535,0,72500,421
70834115,LL22151701M,982091101334115,1708,2022-12-06 20:42:38,401,0,70500,353
70834904,LL22149702M,982091101334904,1708,2022-12-06 21:11:43,37,0,,14
70839149,LL22151302M,982091101339149,1708,2022-12-06 21:35:19,161,0,72500,83
70834870,LL22138604M,982091101334870,1708,2022-12-06 21:58:26,150,0,61500,72
70834115,LL22151701M,982091101334115,1708,2022-12-06 22:01:20,313,0,70500,332
70834115,LL22151701M,982091101334115,1708,2022-12-06 22:55:50,103,0,70500,77
70834137,LL22136804M,982091101334137,1708,2022-12-06 22:59:26,354,0,63500,166
70834912,LL22137303M,982091101334912,1708,2022-12-06 23:08:02,277,0,54500,116
70834904,LL22149702M,982091101334904,1708,2022-12-06 23:16:49,414,0,58500,314
70834904,LL22149702M,982091101334904,1708,2022-12-06 23:34:02,63,0,59000,37
70834904,LL22149702M,982091101334904,1708,2022-12-06 23:40:19,21,0,,7
70821269,LL22146202M,982091101121269,1708,2022-12-06 23:42:41,538,0,57500,191
70834904,LL22149702M,982091101334904,1708,2022-12-06 23:59:02,202,0,57500,133
70821269,LL22146202M,982091101121269,1708,2022-12-07 00:02:38,11,0,,1
70821254,LL22145301M,982091101121254,1708,2022-12-07 00:09:19,294,0,62500,166
70834904,LL22149702M,982091101334904,1708,2022-12-07 00:14:49,222,0,59000,202
70821269,LL22146202M,982091101121269,1708,2022-12-07 00:45:17,410,0,57000,142
70834870,LL22138604M,982091101334870,1708,2022-12-07 01:04:30,606,0,61500,349
70834137,LL22136804M,982091101334137,1708,2022-12-07 01:26:48,342,0,63500,210
70832894,LL22137003M,982091101332894,1708,2022-12-07 01:34:30,675,0,61000,470
70832894,LL22137003M,982091101332894,1708,2022-12-07 01:47:47,43,0,,10
70821306,LL22145602M,982091101121306,1708,2022-12-07 01:57:35,396,0,73000,382
70839190,LL22149102M,982091101339190,1708,2022-12-07 02:26:47,767,0,68500,524
70834912,LL22137303M,982091101334912,1708,2022-12-07 02:46:04,575,0,54500,305
70834904,LL22149702M,982091101334904,1708,2022-12-07 03:02:32,74,0,59500,59
70821276,LL22142904M,982091101121276,1708,2022-12-07 03:05:19,388,0,58500,227
70821269,LL22146202M,982091101121269,1708,2022-12-07 03:17:10,300,0,57000,143
70839149,LL22151302M,982091101339149,1708,2022-12-07 03:22:14,486,0,69500,329
70821276,LL22142904M,982091101121276,1708,2022-12-07 03:32:10,113,0,58500,60
70839149,LL22151302M,982091101339149,1708,2022-12-07 03:34:03,424,0,70500,317
70834904,LL22149702M,982091101334904,1708,2022-12-07 03:41:07,497,0,59000,442
70821269,LL22146202M,982091101121269,1708,2022-12-07 03:49:32,353,0,55500,168
70834904,LL22149702M,982091101334904,1708,2022-12-07 04:03:32,31,0,,3
70821306,LL22145602M,982091101121306,1708,2022-12-07 04:22:41,364,0,72500,303
70832894,LL22137003M,982091101332894,1708,2022-12-07 05:33:13,866,0,61000,621
70834115,LL22151701M,982091101334115,1708,2022-12-07 05:59:31,488,0,71000,459
70821306,LL22145602M,982091101121306,1708,2022-12-07 06:13:02,264,0,73500,221
70834137,LL22136804M,982091101334137,1708,2022-12-07 06:20:31,854,0,64000,571
70821306,LL22145602M,982091101121306,1708,2022-12-07 06:36:46,92,0,73000,58
70839149,LL22151302M,982091101339149,1708,2022-12-07 06:41:01,89,0,71500,50
70821276,LL22142904M,982091101121276,1708,2022-12-07 06:54:07,385,0,58000,174
70834870,LL22138604M,982091101334870,1708,2022-12-07 07:48:45,204,0,60500,91
70839149,LL22151302M,982091101339149,1708,2022-12-07 07:52:17,200,0,71000,169
70821254,LL22145301M,982091101121254,1708,2022-12-07 07:55:41,1059,0,62000,556
70839149,LL22151302M,982091101339149,1708,2022-12-07 08:13:49,111,0,71000,83
70839190,LL22149102M,982091101339190,1708,2022-12-07 08:15:44,619,0,67500,353
70834912,LL22137303M,982091101334912,1708,2022-12-07 08:26:45,892,0,54500,390
70839149,LL22151302M,982091101339149,1708,2022-12-07 08:42:01,245,0,71000,199
70832894,LL22137003M,982091101332894,1708,2022-12-07 08:46:11,7,0,,1
70839149,LL22151302M,982091101339149,1708,2022-12-07 08:48:21,117,0,71000,52
70821276,LL22142904M,982091101121276,1708,2022-12-07 08:50:22,930,0,59000,498
70832894,LL22137003M,982091101332894,1708,2022-12-07 09:07:13,53,0,,1
70839149,LL22151302M,982091101339149,1708,2022-12-07 09:08:30,66,0,69500,32
70834115,LL22151701M,982091101334115,1708,2022-12-07 09:18:31,485,0,70000,402
70834870,LL22138604M,982091101334870,1708,2022-12-07 10:21:06,984,0,60500,511
70832894,LL22137003M,982091101332894,1708,2022-12-07 10:37:42,1347,0,61000,731
70839149,LL22151302M,982091101339149,1708,2022-12-07 11:00:18,90,0,70500,74
70834912,LL22137303M,982091101334912,1708,2022-12-07 11:02:21,211,0,54000,68
70821254,LL22145301M,982091101121254,1708,2022-12-07 11:06:01,348,0,63000,98
70821306,LL22145602M,982091101121306,1708,2022-12-07 11:12:01,564,0,73000,386
70821276,LL22142904M,982091101121276,1708,2022-12-07 11:21:29,199,0,60000,138
70821269,LL22146202M,982091101121269,1708,2022-12-07 11:24:57,729,0,56000,343
70834904,LL22149702M,982091101334904,1708,2022-12-07 11:37:18,1002,0,58000,682
70821269,LL22146202M,982091101121269,1708,2022-12-07 11:54:08,252,0,57500,142
70834870,LL22138604M,982091101334870,1708,2022-12-07 11:58:53,126,0,60000,41
70834137,LL22136804M,982091101334137,1708,2022-12-07 12:01:15,359,0,63000,191
70834912,LL22137303M,982091101334912,1708,2022-12-07 12:07:47,126,0,54000,24
70839149,LL22151302M,982091101339149,1708,2022-12-07 12:10:06,607,0,71500,458
70839190,LL22149102M,982091101339190,1708,2022-12-07 12:20:17,1008,0,66500,668
70821269,LL22146202M,982091101121269,1708,2022-12-07 12:37:09,390,0,54000,173
70821306,LL22145602M,982091101121306,1708,2022-12-07 12:45:24,266,0,72500,134
70834912,LL22137303M,982091101334912,1708,2022-12-07 12:50:11,927,0,54500,487
70839149,LL22151302M,982091101339149,1708,2022-12-07 13:06:10,32,0,,19
70821254,LL22145301M,982091101121254,1708,2022-12-07 13:06:42,1379,0,63000,776
70821276,LL22142904M,982091101121276,1708,2022-12-07 13:29:55,754,0,59000,479
70821269,LL22146202M,982091101121269,1708,2022-12-07 13:42:41,432,0,57500,247
70839190,LL22149102M,982091101339190,1708,2022-12-07 13:50:06,207,0,68500,94
70834137,LL22136804M,982091101334137,1708,2022-12-07 13:53:42,1016,0,64000,676
70839149,LL22151302M,982091101339149,1708,2022-12-07 14:10:42,483,0,72000,311
70834870,LL22138604M,982091101334870,1708,2022-12-07 14:19:13,1140,0,61000,669
70821306,LL22145602M,982091101121306,1708,2022-12-07 14:50:48,639,0,74000,482
70832894,LL22137003M,982091101332894,1708,2022-12-07 15:05:21,185,0,61500,4
70834912,LL22137303M,982091101334912,1708,2022-12-07 15:19:13,997,0,55000,493
70834137,LL22136804M,982091101334137,1708,2022-12-07 15:37:52,506,0,64500,235
70832894,LL22137003M,982091101332894,1708,2022-12-07 15:51:34,545,0,61500,332
70834904,LL22149702M,982091101334904,1708,2022-12-07 16:00:43,666,0,59000,411
70821276,LL22142904M,982091101121276,1708,2022-12-07 16:11:53,316,0,60500,200
70839190,LL22149102M,982091101339190,1708,2022-12-07 16:17:17,551,0,69000,260
70821254,LL22145301M,982091101121254,1708,2022-12-07 16:26:36,568,0,64000,307
70821269,LL22146202M,982091101121269,1708,2022-12-07 16:36:16,488,0,57500,216
70821254,LL22145301M,982091101121254,1708,2022-12-07 16:44:40,189,0,64000,66
70821254,LL22145301M,982091101121254,1708,2022-12-07 16:49:50,246,0,64000,129
70834115,LL22151701M,982091101334115,1708,2022-12-07 16:54:42,840,0,69500,726
70839149,LL22151302M,982091101339149,1708,2022-12-07 17:09:03,208,0,72000,141
70839190,LL22149102M,982091101339190,1708,2022-12-07 17:14:48,52,0,,15
70834870,LL22138604M,982091101334870,1708,2022-12-07 17:16:33,148,0,60500,3
70821269,LL22146202M,982091101121269,1708,2022-12-07 17:19:14,556,0,58500,278
70832894,LL22137003M,982091101332894,1708,2022-12-07 17:28:58,111,0,60000,5
70832894,LL22137003M,982091101332894,1708,2022-12-07 17:35:01,1055,0,61500,660
70821276,LL22142904M,982091101121276,1708,2022-12-07 17:54:37,445,0,60000,228
70821269,LL22146202M,982091101121269,1708,2022-12-07 18:03:47,707,0,59000,224
70839149,LL22151302M,982091101339149,1708,2022-12-07 18:15:38,237,0,71000,233
70834137,LL22136804M,982091101334137,1708,2022-12-07 18:29:54,460,0,65500,310
70834912,LL22137303M,982091101334912,1708,2022-12-07 18:38:44,586,0,55500,277
70834870,LL22138604M,982091101334870,1708,2022-12-07 18:48:38,682,0,61500,468
70834137,LL22136804M,982091101334137,1708,2022-12-07 19:00:16,259,0,65000,169
70832894,LL22137003M,982091101332894,1708,2022-12-07 19:05:16,740,0,61000,542
70821254,LL22145301M,982091101121254,1708,2022-12-07 19:17:45,568,0,65000,362
70821254,LL22145301M,982091101121254,1708,2022-12-07 19:32:40,32,0,,3
70834115,LL22151701M,982091101334115,1708,2022-12-07 20:24:35,372,0,70000,344
70821306,LL22145602M,982091101121306,1708,2022-12-07 20:37:08,690,0,74000,694
70821276,LL22142904M,982091101121276,1708,2022-12-07 20:48:47,232,0,59000,130
70821276,LL22142904M,982091101121276,1708,2022-12-07 20:59:30,149,0,60000,81
70834115,LL22151701M,982091101334115,1708,2022-12-07 21:09:54,291,0,71000,303
70834904,LL22149702M,982091101334904,1708,2022-12-07 21:21:13,920,0,59500,665
70834904,LL22149702M,982091101334904,1708,2022-12-07 21:44:59,52,0,,32
70834904,LL22149702M,982091101334904,1708,2022-12-07 21:58:31,28,0,,14
70839190,LL22149102M,982091101339190,1708,2022-12-07 21:59:53,788,0,69500,551
70821276,LL22142904M,982091101121276,1708,2022-12-07 22:13:14,160,0,60000,114
70834904,LL22149702M,982091101334904,1708,2022-12-07 22:16:02,19,0,,15
70821269,LL22146202M,982091101121269,1708,2022-12-07 22:18:50,639,0,59000,332
70834115,LL22151701M,982091101334115,1708,2022-12-07 22:37:27,158,0,71500,126
70834115,LL22151701M,982091101334115,1708,2022-12-07 22:55:06,234,0,71500,206
70821306,LL22145602M,982091101121306,1708,2022-12-07 23:55:45,70,0,73500,47
70834870,LL22138604M,982091101334870,1708,2022-12-07 23:59:28,510,0,62500,348
70821269,LL22146202M,982091101121269,1708,2022-12-08 00:12:37,328,0,59500,156
70832894,LL22137003M,982091101332894,1708,2022-12-08 00:20:38,455,0,62500,270
70834137,LL22136804M,982091101334137,1708,2022-12-08 01:17:13,701,0,64000,482
70834904,LL22149702M,982091101334904,1708,2022-12-08 02:28:32,684,0,59500,577
70821276,LL22142904M,982091101121276,1708,2022-12-08 02:40:05,133,0,59000,75
70839149,LL22151302M,982091101339149,1708,2022-12-08 02:42:22,632,0,69500,521
70821254,LL22145301M,982091101121254,1708,2022-12-08 02:53:10,542,0,64000,265
70821269,LL22146202M,982091101121269,1708,2022-12-08 03:13:00,349,0,58500,175
70821269,LL22146202M,982091101121269,1708,2022-12-08 03:22:26,72,0,58500,25
70821269,LL22146202M,982091101121269,1708,2022-12-08 03:38:00,216,0,59000,110
70821269,LL22146202M,982091101121269,1708,2022-12-08 03:44:18,46,0,,23
70821276,LL22142904M,982091101121276,1708,2022-12-08 04:08:33,754,0,59500,486
70821269,LL22146202M,982091101121269,1708,2022-12-08 04:21:27,145,0,59500,82
70839190,LL22149102M,982091101339190,1708,2022-12-08 04:23:56,791,0,70000,545
70821254,LL22145301M,982091101121254,1708,2022-12-08 04:40:45,76,0,64000,48
70839149,LL22151302M,982091101339149,1708,2022-12-08 04:42:49,52,0,,30
70821306,LL22145602M,982091101121306,1708,2022-12-08 05:30:47,148,0,72500,129
70834904,LL22149702M,982091101334904,1708,2022-12-08 05:50:52,194,0,59250,140
70832894,LL22137003M,982091101332894,1708,2022-12-08 05:54:30,1212,0,62000,940
70839149,LL22151302M,982091101339149,1708,2022-12-08 06:43:52,111,0,71000,61
70821276,LL22142904M,982091101121276,1708,2022-12-08 06:51:00,142,0,59000,88
70834912,LL22137303M,982091101334912,1708,2022-12-08 06:53:26,768,0,55000,368
70834137,LL22136804M,982091101334137,1708,2022-12-08 07:06:26,787,0,64000,517
70839149,LL22151302M,982091101339149,1708,2022-12-08 07:20:17,100,0,70000,63
70834115,LL22151701M,982091101334115,1708,2022-12-08 08:00:42,520,0,70500,429
70834870,LL22138604M,982091101334870,1708,2022-12-08 08:10:47,366,0,60500,177
70839149,LL22151302M,982091101339149,1708,2022-12-08 08:17:25,370,0,70500,341
70834904,LL22149702M,982091101334904,1708,2022-12-08 08:23:35,599,0,59750,519
70834115,LL22151701M,982091101334115,1708,2022-12-08 08:34:19,346,0,69500,325
70839149,LL22151302M,982091101339149,1708,2022-12-08 08:40:34,136,0,71500,88
70839190,LL22149102M,982091101339190,1708,2022-12-08 08:44:52,805,0,69000,470
70821254,LL22145301M,982091101121254,1708,2022-12-08 09:02:07,539,0,63000,273
70821306,LL22145602M,982091101121306,1708,2022-12-08 09:11:10,870,0,72500,720
70839149,LL22151302M,982091101339149,1708,2022-12-08 09:47:15,491,0,71000,379
70821276,LL22142904M,982091101121276,1708,2022-12-08 09:55:30,604,0,60000,351
70821276,LL22142904M,982091101121276,1708,2022-12-08 10:10:16,103,0,59000,72
70821269,LL22146202M,982091101121269,1708,2022-12-08 10:20:03,49,0,,29
70834912,LL22137303M,982091101334912,1708,2022-12-08 10:20:52,900,0,54500,502
70834870,LL22138604M,982091101334870,1708,2022-12-08 10:37:01,940,0,61000,557
70839149,LL22151302M,982091101339149,1708,2022-12-08 10:53:18,94,0,70500,75
70832894,LL22137003M,982091101332894,1708,2022-12-08 10:54:56,1181,0,62500,817
70834115,LL22151701M,982091101334115,1708,2022-12-08 11:14:45,391,0,70500,285
70839190,LL22149102M,982091101339190,1708,2022-12-08 11:22:01,530,0,69500,336
70821269,LL22146202M,982091101121269,1708,2022-12-08 11:30:55,692,0,58500,324
70834912,LL22137303M,982091101334912,1708,2022-12-08 11:42:47,749,0,54500,264
70834137,LL22136804M,982091101334137,1708,2022-12-08 11:55:36,1066,0,63500,714
70834870,LL22138604M,982091101334870,1708,2022-12-08 13:17:07,20,0,,4
70821306,LL22145602M,982091101121306,1708,2022-12-08 13:20:33,814,0,73500,671
70821269,LL22146202M,982091101121269,1708,2022-12-08 13:34:07,261,0,58500,133
70834904,LL22149702M,982091101334904,1708,2022-12-08 13:38:41,266,0,59000,189
70839149,LL22151302M,982091101339149,1708,2022-12-08 13:43:07,842,0,72500,714
70821276,LL22142904M,982091101121276,1708,2022-12-08 13:57:09,769,0,60000,473
70839190,LL22149102M,982091101339190,1708,2022-12-08 14:10:10,451,0,69500,228
70834870,LL22138604M,982091101334870,1708,2022-12-08 14:17:49,786,0,62000,468
70821269,LL22146202M,982091101121269,1708,2022-12-08 14:31:28,303,0,56000,177
70832894,LL22137003M,982091101332894,1708,2022-12-08 14:37:16,75,0,63000,1
70834137,LL22136804M,982091101334137,1708,2022-12-08 14:38:59,314,0,65500,214
70839190,LL22149102M,982091101339190,1708,2022-12-08 14:45:21,86,0,70500,56
70834904,LL22149702M,982091101334904,1708,2022-12-08 14:46:55,508,0,59500,442
70834115,LL22151701M,982091101334115,1708,2022-12-08 14:55:35,599,0,70500,534
70821306,LL22145602M,982091101121306,1708,2022-12-08 15:06:39,21,0,,3
70834115,LL22151701M,982091101334115,1708,2022-12-08 15:07:29,174,0,70500,147
70832894,LL22137003M,982091101332894,1708,2022-12-08 15:14:04,607,0,62500,316
70821306,LL22145602M,982091101121306,1708,2022-12-08 15:31:51,126,0,73500,90
70834912,LL22137303M,982091101334912,1708,2022-12-08 15:34:31,839,0,55500,340
70834912,LL22137303M,982091101334912,1708,2022-12-08 15:50:32,65,0,55000,17
70821269,LL22146202M,982091101121269,1708,2022-12-08 15:56:22,354,0,59000,204
70834904,LL22149702M,982091101334904,1708,2022-12-08 16:03:09,310,0,60000,234
70821269,LL22146202M,982091101121269,1708,2022-12-08 16:08:23,113,0,61500,44
70821254,LL22145301M,982091101121254,1708,2022-12-08 16:10:20,1055,0,62500,427
70839190,LL22149102M,982091101339190,1708,2022-12-08 16:28:28,151,0,70000,75
70821276,LL22142904M,982091101121276,1708,2022-12-08 16:31:16,675,0,60500,424
70821269,LL22146202M,982091101121269,1708,2022-12-08 16:42:35,426,0,59500,244
70834115,LL22151701M,982091101334115,1708,2022-12-08 16:50:21,165,0,70500,152
70834870,LL22138604M,982091101334870,1708,2022-12-08 16:53:27,655,0,62500,442
70834137,LL22136804M,982091101334137,1708,2022-12-08 17:04:42,624,0,65500,474
70834912,LL22137303M,982091101334912,1708,2022-12-08 17:16:47,739,0,55500,381
70839149,LL22151302M,982091101339149,1708,2022-12-08 17:29:16,310,0,73500,259
70832894,LL22137003M,982091101332894,1708,2022-12-08 17:34:54,1063,0,63000,834
70834137,LL22136804M,982091101334137,1708,2022-12-08 18:02:18,295,0,65500,227
70821306,LL22145602M,982091101121306,1708,2022-12-08 18:07:37,373,0,74000,324
70839190,LL22149102M,982091101339190,1708,2022-12-08 18:56:54,666,0,70500,453
70821276,LL22142904M,982091101121276,1708,2022-12-08 19:08:16,107,0,61500,43
70821269,LL22146202M,982091101121269,1708,2022-12-08 19:16:32,592,0,60000,318
70821306,LL22145602M,982091101121306,1708,2022-12-08 19:29:38,346,0,75000,329
70821276,LL22142904M,982091101121276,1708,2022-12-08 19:35:41,52,0,,38
70834115,LL22151701M,982091101334115,1708,2022-12-08 19:36:49,335,0,71500,261
70821276,LL22142904M,982091101121276,1708,2022-12-08 19:45:07,53,0,,27
70834904,LL22149702M,982091101334904,1708,2022-12-08 19:53:21,406,0,60750,345
70834904,LL22149702M,982091101334904,1708,2022-12-08 20:10:22,30,0,,5
70839149,LL22151302M,982091101339149,1708,2022-12-08 20:15:05,343,0,73500,278
70834870,LL22138604M,982091101334870,1708,2022-12-08 20:31:54,301,0,62000,190
70821276,LL22142904M,982091101121276,1708,2022-12-08 21:01:07,293,0,61500,216
70834115,LL22151701M,982091101334115,1708,2022-12-08 21:54:50,273,0,71500,259
70834115,LL22151701M,982091101334115,1708,2022-12-08 22:01:24,295,0,71500,250
70834115,LL22151701M,982091101334115,1708,2022-12-08 22:13:12,130,0,71500,121
70821254,LL22145301M,982091101121254,1708,2022-12-08 22:17:26,181,0,62500,85
70834115,LL22151701M,982091101334115,1708,2022-12-08 22:22:29,85,0,72000,49
70821276,LL22142904M,982091101121276,1708,2022-12-08 22:24:55,33,0,,17
70821269,LL22146202M,982091101121269,1708,2022-12-08 22:30:12,186,0,59000,86
70834870,LL22138604M,982091101334870,1708,2022-12-08 22:40:08,371,0,63000,238
70834904,LL22149702M,982091101334904,1708,2022-12-08 22:57:58,178,0,60000,56
70834870,LL22138604M,982091101334870,1708,2022-12-08 23:07:24,162,0,62500,95
70821269,LL22146202M,982091101121269,1708,2022-12-08 23:10:51,770,0,59500,321
70834115,LL22151701M,982091101334115,1708,2022-12-08 23:45:28,62,0,71000,29
70821276,LL22142904M,982091101121276,1708,2022-12-09 00:06:21,272,0,60500,181
70839149,LL22151302M,982091101339149,1708,2022-12-09 00:11:25,33,0,,15
70832894,LL22137003M,982091101332894,1708,2022-12-09 00:17:20,586,0,63000,392
70832894,LL22137003M,982091101332894,1708,2022-12-09 00:29:07,519,0,63500,375
70834137,LL22136804M,982091101334137,1708,2022-12-09 00:39:30,365,0,65500,202
70839190,LL22149102M,982091101339190,1708,2022-12-09 00:46:48,54,0,,2
70839149,LL22151302M,982091101339149,1708,2022-12-09 00:48:27,56,0,,12
70839149,LL22151302M,982091101339149,1708,2022-12-09 00:51:25,403,0,73000,315
70834904,LL22149702M,982091101334904,1708,2022-12-09 00:58:16,641,0,59500,505
70834912,LL22137303M,982091101334912,1708,2022-12-09 01:13:49,442,0,55500,157
70834904,LL22149702M,982091101334904,1708,2022-12-09 01:21:24,43,0,,37
70834904,LL22149702M,982091101334904,1708,2022-12-09 01:44:02,84,0,60000,54
70821276,LL22142904M,982091101121276,1708,2022-12-09 01:51:14,86,0,60500,40
70834137,LL22136804M,982091101334137,1708,2022-12-09 01:52:48,638,0,65500,494
70834904,LL22149702M,982091101334904,1708,2022-12-09 02:07:03,30,0,,13
70839190,LL22149102M,982091101339190,1708,2022-12-09 02:07:57,990,0,70500,680
70834870,LL22138604M,982091101334870,1708,2022-12-09 02:24:59,472,0,62500,310
70834115,LL22151701M,982091101334115,1708,2022-12-09 03:20:21,190,0,71500,193
70821269,LL22146202M,982091101121269,1708,2022-12-09 03:28:23,365,0,59500,182
70821269,LL22146202M,982091101121269,1708,2022-12-09 03:36:29,139,0,60000,62
70821306,LL22145602M,982091101121306,1708,2022-12-09 03:40:14,329,0,74000,253
70821269,LL22146202M,982091101121269,1708,2022-12-09 03:48:29,424,0,59000,167
70834904,LL22149702M,982091101334904,1708,2022-12-09 03:55:37,263,0,60000,222
70821269,LL22146202M,982091101121269,1708,2022-12-09 04:13:25,102,0,60000,51
70821269,LL22146202M,982091101121269,1708,2022-12-09 04:19:19,53,0,,38
70834115,LL22151701M,982091101334115,1708,2022-12-09 04:37:57,255,0,71500,246
70839149,LL22151302M,982091101339149,1708,2022-12-09 04:53:54,226,0,73000,155
70821269,LL22146202M,982091101121269,1708,2022-12-09 05:03:35,77,0,60000,38
70834912,LL22137303M,982091101334912,1708,2022-12-09 06:15:17,943,0,56000,427
70821269,LL22146202M,982091101121269,1708,2022-12-09 06:31:20,204,0,60000,67
70832894,LL22137003M,982091101332894,1708,2022-12-09 06:46:00,676,0,63500,492
70821276,LL22142904M,982091101121276,1708,2022-12-09 06:59:17,820,0,60000,437
70839190,LL22149102M,982091101339190,1708,2022-12-09 07:13:26,71,0,71000,46
70839149,LL22151302M,982091101339149,1708,2022-12-09 07:14:37,430,0,72500,345
70821306,LL22145602M,982091101121306,1708,2022-12-09 07:22:27,656,0,73500,602
70834904,LL22149702M,982091101334904,1708,2022-12-09 07:33:52,369,0,60000,311
70839190,LL22149102M,982091101339190,1708,2022-12-09 07:40:05,218,0,70000,146
70839190,LL22149102M,982091101339190,1708,2022-12-09 07:53:56,565,0,70500,335
70839149,LL22151302M,982091101339149,1708,2022-12-09 08:23:53,125,0,72500,106
70821269,LL22146202M,982091101121269,1708,2022-12-09 08:26:11,157,0,60500,65
70821276,LL22142904M,982091101121276,1708,2022-12-09 08:29:12,242,0,60500,141
70821254,LL22145301M,982091101121254,1708,2022-12-09 08:33:39,360,0,61500,115
70821254,LL22145301M,982091101121254,1708,2022-12-09 08:41:40,315,0,61500,14
70834137,LL22136804M,982091101334137,1708,2022-12-09 08:47:23,905,0,65000,442
70839149,LL22151302M,982091101339149,1708,2022-12-09 09:03:12,266,0,72500,183
70834115,LL22151701M,982091101334115,1708,2022-12-09 09:34:43,447,0,71000,395
70821306,LL22145602M,982091101121306,1708,2022-12-09 10:16:02,337,0,74250,210
70834137,LL22136804M,982091101334137,1708,2022-12-09 10:26:20,329,0,65000,217
70821276,LL22142904M,982091101121276,1708,2022-12-09 10:32:21,320,0,60500,206
70832894,LL22137003M,982091101332894,1708,2022-12-09 10:37:57,302,0,63000,22
70834870,LL22138604M,982091101334870,1708,2022-12-09 10:44:52,694,0,61500,347
70832894,LL22137003M,982091101332894,1708,2022-12-09 10:56:47,7,0,,1
70834115,LL22151701M,982091101334115,1708,2022-12-09 10:57:42,129,0,71000,71
70839149,LL22151302M,982091101339149,1708,2022-12-09 11:00:04,123,0,73000,16
70834870,LL22138604M,982091101334870,1708,2022-12-09 11:02:23,78,0,61500,1
70839149,LL22151302M,982091101339149,1708,2022-12-09 11:06:23,64,0,73000,7
70839149,LL22151302M,982091101339149,1708,2022-12-09 11:09:28,402,0,73500,332
70834912,LL22137303M,982091101334912,1708,2022-12-09 11:16:14,897,0,55000,163
70839149,LL22151302M,982091101339149,1708,2022-12-09 11:34:52,376,0,73000,295
70834912,LL22137303M,982091101334912,1708,2022-12-09 11:41:24,453,0,54500,159
70821254,LL22145301M,982091101121254,1708,2022-12-09 11:49:29,188,0,61000,1
70834115,LL22151701M,982091101334115,1708,2022-12-09 11:53:34,145,0,71000,3
70839190,LL22149102M,982091101339190,1708,2022-12-09 11:56:11,248,0,69500,45
70834904,LL22149702M,982091101334904,1708,2022-12-09 12:02:29,788,0,59000,431
70832894,LL22137003M,982091101332894,1708,2022-12-09 12:15:50,865,0,62000,504
70839190,LL22149102M,982091101339190,1708,2022-12-09 12:30:48,83,0,69000,31
70821306,LL22145602M,982091101121306,1708,2022-12-09 12:32:24,129,0,73000,2
70834912,LL22137303M,982091101334912,1708,2022-12-09 12:34:46,158,0,54500,14
70821306,LL22145602M,982091101121306,1708,2022-12-09 12:37:44,283,0,74000,9
70834912,LL22137303M,982091101334912,1708,2022-12-09 12:42:31,752,0,55000,294
70821276,LL22142904M,982091101121276,1708,2022-12-09 12:55:20,781,0,60500,492
70821269,LL22146202M,982091101121269,1708,2022-12-09 13:08:33,1104,0,59000,500
70834137,LL22136804M,982091101334137,1708,2022-12-09 13:27:45,915,0,65500,566
70834115,LL22151701M,982091101334115,1708,2022-12-09 13:43:58,598,0,71500,504
70821254,LL22145301M,982091101121254,1708,2022-12-09 13:54:12,707,0,61000,286
70821269,LL22146202M,982091101121269,1708,2022-12-09 14:17:46,152,0,58000,86
70832894,LL22137003M,982091101332894,1708,2022-12-09 15:07:46,652,0,63500,592
70834870,LL22138604M,982091101334870,1708,2022-12-09 15:18:47,28,0,,19
70821269,LL22146202M,982091101121269,1708,2022-12-09 15:19:35,42,0,,24
70839190,LL22149102M,982091101339190,1708,2022-12-09 15:20:21,15,0,,10
70821306,LL22145602M,982091101121306,1708,2022-12-09 15:20:36,133,0,73000,12
70834904,LL22149702M,982091101334904,1708,2022-12-09 15:33:06,593,0,59000,415
70834912,LL22137303M,982091101334912,1708,2022-12-09 15:43:03,126,0,56000,51
70839190,LL22149102M,982091101339190,1708,2022-12-09 15:45:16,946,0,69000,830
70821306,LL22145602M,982091101121306,1708,2022-12-09 16:01:10,117,0,73250,82
70839149,LL22151302M,982091101339149,1708,2022-12-09 16:03:11,606,0,74000,533
70834115,LL22151701M,982091101334115,1708,2022-12-09 16:13:46,27,0,,16
70821269,LL22146202M,982091101121269,1708,2022-12-09 16:16:57,44,0,,42
70834912,LL22137303M,982091101334912,1708,2022-12-09 16:17:57,58,0,,33
70821306,LL22145602M,982091101121306,1708,2022-12-09 16:19:03,972,0,73500,983
70821276,LL22142904M,982091101121276,1708,2022-12-09 16:35:32,610,0,61500,391
70834912,LL22137303M,982091101334912,1708,2022-12-09 16:46:02,868,0,55500,446
70834137,LL22136804M,982091101334137,1708,2022-12-09 17:00:58,598,0,65500,468
70832894,LL22137003M,982091101332894,1708,2022-12-09 17:11:27,63,0,63500,1
70834904,LL22149702M,982091101334904,1708,2022-12-09 17:12:55,544,0,61000,429
70832894,LL22137003M,982091101332894,1708,2022-12-09 17:22:55,312,0,63500,113
70834115,LL22151701M,982091101334115,1708,2022-12-09 17:28:19,122,0,71000,122
70821269,LL22146202M,982091101121269,1708,2022-12-09 17:30:57,351,0,59000,177
70834115,LL22151701M,982091101334115,1708,2022-12-09 17:37:34,135,0,71500,114
70821269,LL22146202M,982091101121269,1708,2022-12-09 17:40:41,95,0,60500,23
70821269,LL22146202M,982091101121269,1708,2022-12-09 17:44:17,309,0,49500,161
70832894,LL22137003M,982091101332894,1708,2022-12-09 17:50:52,457,0,63500,289
70832894,LL22137003M,982091101332894,1708,2022-12-09 18:00:30,411,0,63500,320
70834912,LL22137303M,982091101334912,1708,2022-12-09 18:46:56,383,0,56000,141
70834115,LL22151701M,982091101334115,1708,2022-12-09 19:43:09,363,0,71500,385
70821306,LL22145602M,982091101121306,1708,2022-12-09 20:18:28,12,0,,2
70821276,LL22142904M,982091101121276,1708,2022-12-09 20:24:25,25,0,,3
70821269,LL22146202M,982091101121269,1708,2022-12-09 21:28:33,108,0,60500,36
70839149,LL22151302M,982091101339149,1708,2022-12-09 21:34:44,513,0,74500,435
70834137,LL22136804M,982091101334137,1708,2022-12-09 21:45:17,278,0,66000,136
70821269,LL22146202M,982091101121269,1708,2022-12-09 21:53:43,369,0,53750,202
70834115,LL22151701M,982091101334115,1708,2022-12-09 22:00:08,113,0,72000,114
70839149,LL22151302M,982091101339149,1708,2022-12-09 22:07:14,69,0,74500,23
70834904,LL22149702M,982091101334904,1708,2022-12-09 22:17:00,57,0,,13
70834137,LL22136804M,982091101334137,1708,2022-12-09 22:31:15,539,0,67000,403
70834912,LL22137303M,982091101334912,1708,2022-12-09 22:44:24,115,0,55000,39
70834115,LL22151701M,982091101334115,1708,2022-12-09 22:46:52,52,0,,17
70834904,LL22149702M,982091101334904,1708,2022-12-09 23:43:29,188,0,58500,92
70832894,LL22137003M,982091101332894,1708,2022-12-09 23:48:05,32,0,,1
70834115,LL22151701M,982091101334115,1708,2022-12-09 23:51:20,300,0,72000,292
70821306,LL22145602M,982091101121306,1708,2022-12-09 23:57:40,65,0,75500,56
70839149,LL22151302M,982091101339149,1708,2022-12-09 23:59:49,87,0,75500,58
70821276,LL22142904M,982091101121276,1708,2022-12-10 00:02:02,392,0,61500,205
70834137,LL22136804M,982091101334137,1708,2022-12-10 01:49:09,538,0,67000,380
70832894,LL22137003M,982091101332894,1708,2022-12-10 02:00:50,601,0,65000,430
70834115,LL22151701M,982091101334115,1708,2022-12-10 02:22:42,339,0,72500,344
70839190,LL22149102M,982091101339190,1708,2022-12-10 02:34:42,443,0,71000,187
70821269,LL22146202M,982091101121269,1708,2022-12-10 02:42:18,211,0,60500,67
70834904,LL22149702M,982091101334904,1708,2022-12-10 03:04:08,474,0,60500,379
70839190,LL22149102M,982091101339190,1708,2022-12-10 03:24:53,809,0,71000,473
70821306,LL22145602M,982091101121306,1708,2022-12-10 03:47:28,407,0,75000,385
70821269,LL22146202M,982091101121269,1708,2022-12-10 04:45:00,484,0,60000,189
70821269,LL22146202M,982091101121269,1708,2022-12-10 04:55:05,508,0,60000,274
70821269,LL22146202M,982091101121269,1708,2022-12-10 05:05:34,38,0,,14
70834137,LL22136804M,982091101334137,1708,2022-12-10 05:07:32,292,0,67500,169
70832894,LL22137003M,982091101332894,1708,2022-12-10 05:36:34,512,0,63500,431
70839149,LL22151302M,982091101339149,1708,2022-12-10 05:45:11,113,0,73000,50
70821269,LL22146202M,982091101121269,1708,2022-12-10 05:49:02,42,0,,18
70839190,LL22149102M,982091101339190,1708,2022-12-10 05:50:00,24,0,,7
70839149,LL22151302M,982091101339149,1708,2022-12-10 05:51:00,82,0,71500,23
70839190,LL22149102M,982091101339190,1708,2022-12-10 05:54:20,51,0,,11
70821276,LL22142904M,982091101121276,1708,2022-12-10 05:57:54,891,0,61000,450
70839149,LL22151302M,982091101339149,1708,2022-12-10 06:12:53,499,0,73250,443
70834137,LL22136804M,982091101334137,1708,2022-12-10 06:26:37,535,0,66500,403
70821306,LL22145602M,982091101121306,1708,2022-12-10 06:53:25,403,0,75000,382
70834912,LL22137303M,982091101334912,1708,2022-12-10 07:05:27,275,0,55500,84
70834904,LL22149702M,982091101334904,1708,2022-12-10 07:16:03,600,0,60500,470
70832894,LL22137003M,982091101332894,1708,2022-12-10 07:47:08,365,0,63000,278
70821276,LL22142904M,982091101121276,1708,2022-12-10 07:57:57,303,0,60500,188
70839149,LL22151302M,982091101339149,1708,2022-12-10 08:07:21,470,0,74500,358
70834912,LL22137303M,982091101334912,1708,2022-12-10 08:27:55,686,0,55500,166
70839190,LL22149102M,982091101339190,1708,2022-12-10 08:39:34,301,0,71000,78
70839149,LL22151302M,982091101339149,1708,2022-12-10 08:46:01,125,0,75000,2
70839190,LL22149102M,982091101339190,1708,2022-12-10 08:48:10,307,0,71000,47
70839190,LL22149102M,982091101339190,1708,2022-12-10 08:57:05,697,0,70500,429
70821306,LL22145602M,982091101121306,1708,2022-12-10 09:09:58,94,0,74500,16
70839190,LL22149102M,982091101339190,1708,2022-12-10 09:13:32,600,0,70500,328
70834904,LL22149702M,982091101334904,1708,2022-12-10 09:29:18,89,0,58500,33
70834115,LL22151701M,982091101334115,1708,2022-12-10 09:36:03,307,0,71000,156
70834870,LL22138604M,982091101334870,1708,2022-12-10 09:41:27,1051,0,59500,439
70839149,LL22151302M,982091101339149,1708,2022-12-10 09:59:51,46,0,,12
70821276,LL22142904M,982091101121276,1708,2022-12-10 10:00:45,481,0,61500,281
70839149,LL22151302M,982091101339149,1708,2022-12-10 10:08:50,258,0,75500,191
70821269,LL22146202M,982091101121269,1708,2022-12-10 10:13:37,677,0,59500,127
70834912,LL22137303M,982091101334912,1708,2022-12-10 10:25:02,1054,0,55000,379
70832894,LL22137003M,982091101332894,1708,2022-12-10 10:42:45,9,0,,1
70834904,LL22149702M,982091101334904,1708,2022-12-10 10:44:07,254,0,60000,33
70839149,LL22151302M,982091101339149,1708,2022-12-10 10:48:34,62,0,74000,1
70832894,LL22137003M,982091101332894,1708,2022-12-10 10:53:45,588,0,62500,376
70839149,LL22151302M,982091101339149,1708,2022-12-10 12:06:37,540,0,74500,438
70834115,LL22151701M,982091101334115,1708,2022-12-10 12:15:37,222,0,71000,94
70821306,LL22145602M,982091101121306,1708,2022-12-10 12:19:32,282,0,74250,24
70821306,LL22145602M,982091101121306,1708,2022-12-10 12:26:16,548,0,74500,429
70821276,LL22142904M,982091101121276,1708,2022-12-10 12:37:27,396,0,61000,250
70821269,LL22146202M,982091101121269,1708,2022-12-10 12:53:10,723,0,59000,271
70821269,LL22146202M,982091101121269,1708,2022-12-10 13:07:15,426,0,58000,259
70839190,LL22149102M,982091101339190,1708,2022-12-10 13:14:30,283,0,72000,165
70834137,LL22136804M,982091101334137,1708,2022-12-10 13:19:26,374,0,66000,95
70832894,LL22137003M,982091101332894,1708,2022-12-10 13:26:04,32,0,,1
70834870,LL22138604M,982091101334870,1708,2022-12-10 13:27:13,1225,0,60000,499
70839190,LL22149102M,982091101339190,1708,2022-12-10 13:48:03,344,0,72500,116
70832894,LL22137003M,982091101332894,1708,2022-12-10 13:53:55,793,0,64000,487
70834912,LL22137303M,982091101334912,1708,2022-12-10 14:07:20,1021,0,56000,416
70839149,LL22151302M,982091101339149,1708,2022-12-10 14:24:34,155,0,74000,71
70834137,LL22136804M,982091101334137,1708,2022-12-10 14:27:17,1109,0,67000,863
70839149,LL22151302M,982091101339149,1708,2022-12-10 14:46:07,645,0,75000,486
70821276,LL22142904M,982091101121276,1708,2022-12-10 14:56:56,852,0,62500,578
70834115,LL22151701M,982091101334115,1708,2022-12-10 15:11:17,130,0,89250,100
70834904,LL22149702M,982091101334904,1708,2022-12-10 15:13:35,1005,0,60000,854
70821254,LL22145301M,982091101121254,1708,2022-12-10 15:30:32,1214,0,60500,396
70834912,LL22137303M,982091101334912,1708,2022-12-10 15:51:23,889,0,56500,163
70834870,LL22138604M,982091101334870,1708,2022-12-10 16:06:20,699,0,61000,462
70839190,LL22149102M,982091101339190,1708,2022-12-10 16:18:19,1145,0,72000,899
70821306,LL22145602M,982091101121306,1708,2022-12-10 16:37:36,807,0,75000,663
70832894,LL22137003M,982091101332894,1708,2022-12-10 16:51:03,387,0,64500,366
70834115,LL22151701M,982091101334115,1708,2022-12-10 16:57:39,978,0,71500,970
70821269,LL22146202M,982091101121269,1708,2022-12-10 17:14:30,1496,0,60500,769
70839149,LL22151302M,982091101339149,1708,2022-12-10 17:40:19,281,0,76000,244
70832894,LL22137003M,982091101332894,1708,2022-12-10 17:45:52,715,0,65000,490
70821269,LL22146202M,982091101121269,1708,2022-12-10 18:00:33,209,0,60000,119
70834904,LL22149702M,982091101334904,1708,2022-12-10 18:04:10,311,0,61000,270
70821269,LL22146202M,982091101121269,1708,2022-12-10 18:11:22,89,0,60500,33
70821276,LL22142904M,982091101121276,1708,2022-12-10 18:13:31,607,0,63000,418
70839149,LL22151302M,982091101339149,1708,2022-12-10 19:32:19,433,0,76500,397
70834912,LL22137303M,982091101334912,1708,2022-12-10 19:43:44,680,0,57000,213
70834137,LL22136804M,982091101334137,1708,2022-12-10 20:37:28,590,0,68500,456
70834870,LL22138604M,982091101334870,1708,2022-12-10 20:48:07,535,0,62500,245
70821306,LL22145602M,982091101121306,1708,2022-12-10 20:59:04,246,0,75500,210
70832894,LL22137003M,982091101332894,1708,2022-12-10 21:08:01,444,0,66000,359
70834115,LL22151701M,982091101334115,1708,2022-12-10 21:53:56,191,0,73000,137
70839190,LL22149102M,982091101339190,1708,2022-12-10 22:00:23,511,0,74500,355
70834115,LL22151701M,982091101334115,1708,2022-12-10 22:11:28,257,0,73000,139
70834870,LL22138604M,982091101334870,1708,2022-12-10 22:19:01,538,0,62500,343
70821306,LL22145602M,982091101121306,1708,2022-12-10 22:39:06,36,0,,19
70821269,LL22146202M,982091101121269,1708,2022-12-10 23:04:14,74,0,62000,25
70834115,LL22151701M,982091101334115,1708,2022-12-10 23:29:25,258,0,72500,132
70834912,LL22137303M,982091101334912,1708,2022-12-10 23:38:36,806,0,57000,395
70834137,LL22136804M,982091101334137,1708,2022-12-10 23:53:14,227,0,67500,84
70839149,LL22151302M,982091101339149,1708,2022-12-10 23:59:45,340,0,76000,267
70834115,LL22151701M,982091101334115,1708,2022-12-11 00:07:23,249,0,73500,212
70821254,LL22145301M,982091101121254,1708,2022-12-11 00:34:41,263,0,61000,130
70834137,LL22136804M,982091101334137,1708,2022-12-11 00:39:20,405,0,67500,325
70834115,LL22151701M,982091101334115,1708,2022-12-11 01:24:57,474,0,74000,484
70832894,LL22137003M,982091101332894,1708,2022-12-11 01:33:32,180,0,64500,21
70832894,LL22137003M,982091101332894,1708,2022-12-11 01:38:34,449,0,66000,376
70834904,LL22149702M,982091101334904,1708,2022-12-11 01:48:04,386,0,61500,186
70834904,LL22149702M,982091101334904,1708,2022-12-11 01:56:34,401,0,62500,392
70821276,LL22142904M,982091101121276,1708,2022-12-11 02:04:19,342,0,63000,191
70834904,LL22149702M,982091101334904,1708,2022-12-11 02:10:26,155,0,61500,157
70821306,LL22145602M,982091101121306,1708,2022-12-11 02:24:42,661,0,76000,686
70834904,LL22149702M,982091101334904,1708,2022-12-11 02:36:07,30,0,,14
70834115,LL22151701M,982091101334115,1708,2022-12-11 02:38:40,307,0,74000,314
70834137,LL22136804M,982091101334137,1708,2022-12-11 04:08:34,729,0,68500,559
70834904,LL22149702M,982091101334904,1708,2022-12-11 04:26:38,138,0,62500,88
70821269,LL22146202M,982091101121269,1708,2022-12-11 04:32:01,720,0,61000,338
70821269,LL22146202M,982091101121269,1708,2022-12-11 04:49:57,335,0,60500,192
70821269,LL22146202M,982091101121269,1708,2022-12-11 05:01:17,69,0,61000,27
70821276,LL22142904M,982091101121276,1708,2022-12-11 05:10:22,834,0,63000,458
70821269,LL22146202M,982091101121269,1708,2022-12-11 05:24:16,64,0,60500,53
70839190,LL22149102M,982091101339190,1708,2022-12-11 05:25:36,625,0,74500,397
70839149,LL22151302M,982091101339149,1708,2022-12-11 05:36:05,516,0,75500,417
70834904,LL22149702M,982091101334904,1708,2022-12-11 05:46:18,181,0,61500,92
70834912,LL22137303M,982091101334912,1708,2022-12-11 05:49:35,974,0,57000,412
70832894,LL22137003M,982091101332894,1708,2022-12-11 06:09:08,608,0,65000,414
70834904,LL22149702M,982091101334904,1708,2022-12-11 06:20:49,58,0,,46
70834870,LL22138604M,982091101334870,1708,2022-12-11 06:23:20,890,0,63000,497
70834904,LL22149702M,982091101334904,1708,2022-12-11 06:41:59,375,0,62000,311
70839190,LL22149102M,982091101339190,1708,2022-12-11 06:48:18,462,0,74000,249
70834115,LL22151701M,982091101334115,1708,2022-12-11 07:00:21,231,0,74500,203
70821306,LL22145602M,982091101121306,1708,2022-12-11 07:15:54,497,0,76500,286
70821276,LL22142904M,982091101121276,1708,2022-12-11 07:24:19,684,0,63500,425
70821269,LL22146202M,982091101121269,1708,2022-12-11 07:38:26,523,0,61500,287
70821306,LL22145602M,982091101121306,1708,2022-12-11 07:47:37,300,0,76000,197
70821269,LL22146202M,982091101121269,1708,2022-12-11 07:55:08,31,0,,13
70839149,LL22151302M,982091101339149,1708,2022-12-11 08:15:38,348,0,75000,309
70839149,LL22151302M,982091101339149,1708,2022-12-11 08:25:04,107,0,75500,55
70834904,LL22149702M,982091101334904,1708,2022-12-11 08:27:53,338,0,63000,99
70839190,LL22149102M,982091101339190,1708,2022-12-11 08:33:47,177,0,73500,36
70839190,LL22149102M,982091101339190,1708,2022-12-11 08:38:47,695,0,73500,416
70834904,LL22149702M,982091101334904,1708,2022-12-11 08:58:02,246,0,63000,219
70834912,LL22137303M,982091101334912,1708,2022-12-11 09:02:13,36,0,,22
70834115,LL22151701M,982091101334115,1708,2022-12-11 09:04:31,142,0,73500,146
70839190,LL22149102M,982091101339190,1708,2022-12-11 09:10:01,115,0,73500,47
70834137,LL22136804M,982091101334137,1708,2022-12-11 09:12:57,127,0,67500,51
70834912,LL22137303M,982091101334912,1708,2022-12-11 09:15:57,491,0,56500,43
70821276,LL22142904M,982091101121276,1708,2022-12-11 09:24:32,384,0,64000,172
70834904,LL22149702M,982091101334904,1708,2022-12-11 09:31:16,246,0,63000,223
70832894,LL22137003M,982091101332894,1708,2022-12-11 09:35:55,16,0,,1
70839149,LL22151302M,982091101339149,1708,2022-12-11 09:36:56,151,0,74500,101
70834912,LL22137303M,982091101334912,1708,2022-12-11 09:40:35,336,0,57000,47
70834912,LL22137303M,982091101334912,1708,2022-12-11 09:48:50,268,0,57000,19
70834912,LL22137303M,982091101334912,1708,2022-12-11 09:57:38,816,0,57500,363
70839149,LL22151302M,982091101339149,1708,2022-12-11 10:11:27,32,0,,16
70839149,LL22151302M,982091101339149,1708,2022-12-11 10:14:00,348,0,75000,249
70834912,LL22137303M,982091101334912,1708,2022-12-11 10:19:56,24,0,,3
70839149,LL22151302M,982091101339149,1708,2022-12-11 10:25:34,50,0,,15
70832894,LL22137003M,982091101332894,1708,2022-12-11 10:32:48,361,0,65500,195
70832894,LL22137003M,982091101332894,1708,2022-12-11 10:40:51,508,0,65500,421
70834912,LL22137303M,982091101334912,1708,2022-12-11 11:40:28,84,0,57000,20
70821276,LL22142904M,982091101121276,1708,2022-12-11 11:53:50,431,0,64500,290
70834137,LL22136804M,982091101334137,1708,2022-12-11 12:01:05,564,0,68000,302
70821269,LL22146202M,982091101121269,1708,2022-12-11 12:12:18,1034,0,62000,433
70839149,LL22151302M,982091101339149,1708,2022-12-11 12:29:47,46,0,,36
70834870,LL22138604M,982091101334870,1708,2022-12-11 12:30:33,1039,0,62500,574
70821306,LL22145602M,982091101121306,1708,2022-12-11 12:48:12,1013,0,75500,917
70834912,LL22137303M,982091101334912,1708,2022-12-11 13:06:47,402,0,58000,143
70839149,LL22151302M,982091101339149,1708,2022-12-11 13:13:33,364,0,75500,349
70834115,LL22151701M,982091101334115,1708,2022-12-11 13:19:45,564,0,73000,488
70839190,LL22149102M,982091101339190,1708,2022-12-11 13:29:50,1093,0,73500,880
70839149,LL22151302M,982091101339149,1708,2022-12-11 13:48:15,689,0,76500,476
70834137,LL22136804M,982091101334137,1708,2022-12-11 13:59:48,853,0,67500,633
70832894,LL22137003M,982091101332894,1708,2022-12-11 14:14:50,719,0,66000,464
70834912,LL22137303M,982091101334912,1708,2022-12-11 14:26:49,929,0,57500,457
70821276,LL22142904M,982091101121276,1708,2022-12-11 14:42:30,590,0,64000,406
70834912,LL22137303M,982091101334912,1708,2022-12-11 14:52:32,335,0,58000,129
70821276,LL22142904M,982091101121276,1708,2022-12-11 14:59:52,66,0,61000,44
70834912,LL22137303M,982091101334912,1708,2022-12-11 15:01:23,244,0,59000,84
70834137,LL22136804M,982091101334137,1708,2022-12-11 15:06:04,378,0,68500,269
70834870,LL22138604M,982091101334870,1708,2022-12-11 15:12:55,850,0,64000,617
70834904,LL22149702M,982091101334904,1708,2022-12-11 15:27:21,867,0,63000,727
70821254,LL22145301M,982091101121254,1708,2022-12-11 15:41:56,718,0,59500,186
70821269,LL22146202M,982091101121269,1708,2022-12-11 15:54:07,600,0,61500,339
70834115,LL22151701M,982091101334115,1708,2022-12-11 16:05:12,586,0,75000,477
70832894,LL22137003M,982091101332894,1708,2022-12-11 16:15:27,563,0,66000,141
70832894,LL22137003M,982091101332894,1708,2022-12-11 16:26:53,496,0,66500,386
70834912,LL22137303M,982091101334912,1708,2022-12-11 17:06:18,443,0,59500,207
70821269,LL22146202M,982091101121269,1708,2022-12-11 17:14:52,544,0,62000,302
70834870,LL22138604M,982091101334870,1708,2022-12-11 17:24:16,848,0,65000,496
70834904,LL22149702M,982091101334904,1708,2022-12-11 17:38:37,83,0,63500,33
70834137,LL22136804M,982091101334137,1708,2022-12-11 17:40:09,96,0,68500,25
70821269,LL22146202M,982091101121269,1708,2022-12-11 17:42:17,174,0,62500,26
70821276,LL22142904M,982091101121276,1708,2022-12-11 17:45:19,714,0,64500,535
70821306,LL22145602M,982091101121306,1708,2022-12-11 17:57:41,760,0,78000,775
70834904,LL22149702M,982091101334904,1708,2022-12-11 18:10:33,157,0,62250,125
70821269,LL22146202M,982091101121269,1708,2022-12-11 18:13:31,469,0,62500,271
70839190,LL22149102M,982091101339190,1708,2022-12-11 18:24:25,363,0,75500,232
70834904,LL22149702M,982091101334904,1708,2022-12-11 18:32:29,311,0,63000,272
70834870,LL22138604M,982091101334870,1708,2022-12-11 18:40:46,215,0,65000,96
70821269,LL22146202M,982091101121269,1708,2022-12-11 18:47:37,423,0,62500,278
70821276,LL22142904M,982091101121276,1708,2022-12-11 18:57:46,132,0,64500,78
70821269,LL22146202M,982091101121269,1708,2022-12-11 19:28:48,161,0,63500,83
70821269,LL22146202M,982091101121269,1708,2022-12-11 19:33:32,149,0,63000,61
70834115,LL22151701M,982091101334115,1708,2022-12-11 19:38:02,512,0,74500,390
70834137,LL22136804M,982091101334137,1708,2022-12-11 19:49:49,491,0,69000,421
70839149,LL22151302M,982091101339149,1708,2022-12-11 19:58:41,447,0,76000,193
70821276,LL22142904M,982091101121276,1708,2022-12-11 20:07:01,176,0,64000,83
70839149,LL22151302M,982091101339149,1708,2022-12-11 20:10:05,370,0,77000,332
70834870,LL22138604M,982091101334870,1708,2022-12-11 21:36:40,671,0,65500,452
70834115,LL22151701M,982091101334115,1708,2022-12-11 21:49:39,49,0,,38
70832894,LL22137003M,982091101332894,1708,2022-12-11 21:52:29,476,0,67000,387
70821276,LL22142904M,982091101121276,1708,2022-12-11 22:30:21,117,0,64000,70
70821254,LL22145301M,982091101121254,1708,2022-12-11 22:37:14,897,0,59500,407
70834137,LL22136804M,982091101334137,1708,2022-12-11 22:53:19,277,0,69000,160
70832894,LL22137003M,982091101332894,1708,2022-12-11 22:59:48,15,0,,1
70832894,LL22137003M,982091101332894,1708,2022-12-11 23:02:05,486,0,66500,367
70839149,LL22151302M,982091101339149,1708,2022-12-11 23:10:23,91,0,76500,60
70834115,LL22151701M,982091101334115,1708,2022-12-12 00:13:30,320,0,75000,341
70834912,LL22137303M,982091101334912,1708,2022-12-12 00:19:10,285,0,59000,113
70832894,LL22137003M,982091101332894,1708,2022-12-12 00:25:57,456,0,66500,322
70834870,LL22138604M,982091101334870,1708,2022-12-12 00:33:37,349,0,66000,184
70834115,LL22151701M,982091101334115,1708,2022-12-12 00:42:09,383,0,75500,355
70834115,LL22151701M,982091101334115,1708,2022-12-12 01:38:17,89,0,75500,63
70834904,LL22149702M,982091101334904,1708,2022-12-12 01:41:47,607,0,64000,453
70839149,LL22151302M,982091101339149,1708,2022-12-12 01:53:57,90,0,75500,56
70834137,LL22136804M,982091101334137,1708,2022-12-12 01:59:14,500,0,69000,410
70821276,LL22142904M,982091101121276,1708,2022-12-12 02:09:30,606,0,64000,264
70832894,LL22137003M,982091101332894,1708,2022-12-12 02:19:48,87,0,65000,51
70821276,LL22142904M,982091101121276,1708,2022-12-12 02:21:40,438,0,64500,252
70821276,LL22142904M,982091101121276,1708,2022-12-12 02:33:53,96,0,63000,58
70839190,LL22149102M,982091101339190,1708,2022-12-12 02:35:57,694,0,75000,483
70832894,LL22137003M,982091101332894,1708,2022-12-12 02:51:50,145,0,65750,91
70821306,LL22145602M,982091101121306,1708,2022-12-12 02:56:47,396,0,77500,371
70821269,LL22146202M,982091101121269,1708,2022-12-12 03:03:27,684,0,62500,378
70821269,LL22146202M,982091101121269,1708,2022-12-12 03:16:52,174,0,53000,91
70834904,LL22149702M,982091101334904,1708,2022-12-12 03:21:47,284,0,63000,234
70821276,LL22142904M,982091101121276,1708,2022-12-12 03:27:59,198,0,64000,98
70821269,LL22146202M,982091101121269,1708,2022-12-12 03:36:00,138,0,63000,65
70834115,LL22151701M,982091101334115,1708,2022-12-12 04:22:49,274,0,76000,269
70821306,LL22145602M,982091101121306,1708,2022-12-12 04:35:53,294,0,77500,216
70821269,LL22146202M,982091101121269,1708,2022-12-12 04:41:31,47,0,,14
70821269,LL22146202M,982091101121269,1708,2022-12-12 04:44:18,216,0,55000,127
70832894,LL22137003M,982091101332894,1708,2022-12-12 04:52:39,97,0,66500,57
70834912,LL22137303M,982091101334912,1708,2022-12-12 04:54:52,739,0,58500,263
70821306,LL22145602M,982091101121306,1708,2022-12-12 05:07:36,21,0,,8
70821269,LL22146202M,982091101121269,1708,2022-12-12 05:20:51,117,0,62000,57
70839149,LL22151302M,982091101339149,1708,2022-12-12 05:36:35,323,0,75500,303
70834870,LL22138604M,982091101334870,1708,2022-12-12 06:09:18,297,0,65500,144
70834904,LL22149702M,982091101334904,1708,2022-12-12 06:19:08,275,0,64000,203
70821254,LL22145301M,982091101121254,1708,2022-12-12 06:34:52,766,0,60500,283
70839190,LL22149102M,982091101339190,1708,2022-12-12 06:47:50,345,0,73000,57
70821269,LL22146202M,982091101121269,1708,2022-12-12 06:55:12,90,0,63000,29
70839190,LL22149102M,982091101339190,1708,2022-12-12 06:57:19,230,0,73500,44
70821269,LL22146202M,982091101121269,1708,2022-12-12 07:03:09,397,0,57500,233
70821269,LL22146202M,982091101121269,1708,2022-12-12 07:12:21,133,0,65000,37
70834137,LL22136804M,982091101334137,1708,2022-12-12 07:14:34,492,0,69000,204
70821276,LL22142904M,982091101121276,1708,2022-12-12 07:23:02,109,0,64000,84
70839190,LL22149102M,982091101339190,1708,2022-12-12 07:25:07,1072,0,74000,756
70821306,LL22145602M,982091101121306,1708,2022-12-12 07:43:03,725,0,78000,574
70821276,LL22142904M,982091101121276,1708,2022-12-12 07:55:21,68,0,65000,52
70839149,LL22151302M,982091101339149,1708,2022-12-12 07:56:29,533,0,76500,438
70834912,LL22137303M,982091101334912,1708,2022-12-12 08:05:26,1168,0,58000,497
70821269,LL22146202M,982091101121269,1708,2022-12-12 08:25:02,65,0,62500,17
70834904,LL22149702M,982091101334904,1708,2022-12-12 08:26:51,27,0,,4
70834904,LL22149702M,982091101334904,1708,2022-12-12 08:29:18,468,0,63000,407
70821276,LL22142904M,982091101121276,1708,2022-12-12 08:37:26,561,0,64000,364
70839149,LL22151302M,982091101339149,1708,2022-12-12 08:47:03,95,0,73500,75
70832894,LL22137003M,982091101332894,1708,2022-12-12 08:48:59,863,0,63500,531
70832894,LL22137003M,982091101332894,1708,2022-12-12 09:05:25,504,0,64000,360
70834904,LL22149702M,982091101334904,1708,2022-12-12 09:14:05,18,0,,11
70821269,LL22146202M,982091101121269,1708,2022-12-12 09:18:13,504,0,59000,271
70821306,LL22145602M,982091101121306,1708,2022-12-12 09:27:18,108,0,77500,82
70834904,LL22149702M,982091101334904,1708,2022-12-12 09:34:54,34,0,,16
70839149,LL22151302M,982091101339149,1708,2022-12-12 09:35:37,53,0,,36
70834904,LL22149702M,982091101334904,1708,2022-12-12 09:36:38,81,0,63500,33
70839149,LL22151302M,982091101339149,1708,2022-12-12 09:38:19,39,0,,21
70839149,LL22151302M,982091101339149,1708,2022-12-12 09:41:01,323,0,76000,231
70834137,LL22136804M,982091101334137,1708,2022-12-12 09:56:33,587,0,68500,374
70834137,LL22136804M,982091101334137,1708,2022-12-12 10:09:04,477,0,69000,382
70821276,LL22142904M,982091101121276,1708,2022-12-12 10:19:04,651,0,65000,388
70839149,LL22151302M,982091101339149,1708,2022-12-12 10:29:55,94,0,76000,58
70834115,LL22151701M,982091101334115,1708,2022-12-12 11:22:42,621,0,75500,601
70834912,LL22137303M,982091101334912,1708,2022-12-12 11:33:11,637,0,58000,61
70821306,LL22145602M,982091101121306,1708,2022-12-12 11:45:30,54,0,,2
70834912,LL22137303M,982091101334912,1708,2022-12-12 11:46:36,798,0,58500,398
70839190,LL22149102M,982091101339190,1708,2022-12-12 12:00:02,814,0,74000,551
70821254,LL22145301M,982091101121254,1708,2022-12-12 12:13:40,1019,0,60000,477
70839149,LL22151302M,982091101339149,1708,2022-12-12 12:30:48,38,0,,1
70834904,LL22149702M,982091101334904,1708,2022-12-12 12:32:26,778,0,64000,705
70834912,LL22137303M,982091101334912,1708,2022-12-12 12:45:28,178,0,58000,72
70839149,LL22151302M,982091101339149,1708,2022-12-12 12:48:26,750,0,76500,606
70834912,LL22137303M,982091101334912,1708,2022-12-12 13:01:05,37,0,,15
70821276,LL22142904M,982091101121276,1708,2022-12-12 13:01:58,445,0,66000,295
70821306,LL22145602M,982091101121306,1708,2022-12-12 13:15:48,823,0,77500,693
70821306,LL22145602M,982091101121306,1708,2022-12-12 13:32:48,364,0,77500,300
70832894,LL22137003M,982091101332894,1708,2022-12-12 13:39:08,527,0,65500,157
70832894,LL22137003M,982091101332894,1708,2022-12-12 13:49:57,565,0,66500,374
70839149,LL22151302M,982091101339149,1708,2022-12-12 14:02:39,399,0,77000,308
70834870,LL22138604M,982091101334870,1708,2022-12-12 14:12:58,1905,0,64500,1107
70821269,LL22146202M,982091101121269,1708,2022-12-12 14:45:00,954,0,63000,482
70834137,LL22136804M,982091101334137,1708,2022-12-12 15:01:55,280,0,69000,184
70834912,LL22137303M,982091101334912,1708,2022-12-12 15:06:56,793,0,59000,416
70839190,LL22149102M,982091101339190,1708,2022-12-12 15:20:25,601,0,74500,525
70832894,LL22137003M,982091101332894,1708,2022-12-12 15:30:34,11,0,,1
70834137,LL22136804M,982091101334137,1708,2022-12-12 15:31:02,470,0,69000,433
70834904,LL22149702M,982091101334904,1708,2022-12-12 15:39:29,53,0,,38
70821306,LL22145602M,982091101121306,1708,2022-12-12 15:40:31,15,0,,1
70834904,LL22149702M,982091101334904,1708,2022-12-12 15:40:55,586,0,65500,465
70821276,LL22142904M,982091101121276,1708,2022-12-12 15:51:22,686,0,66000,511
70834115,LL22151701M,982091101334115,1708,2022-12-12 16:02:56,799,0,75500,768
70821269,LL22146202M,982091101121269,1708,2022-12-12 16:16:36,118,0,62500,76
70834912,LL22137303M,982091101334912,1708,2022-12-12 16:18:58,872,0,59500,394
70832894,LL22137003M,982091101332894,1708,2022-12-12 16:33:46,488,0,66750,181
70832894,LL22137003M,982091101332894,1708,2022-12-12 16:43:57,506,0,66000,412
70821276,LL22142904M,982091101121276,1708,2022-12-12 16:52:44,178,0,66000,135
70839149,LL22151302M,982091101339149,1708,2022-12-12 16:58:16,453,0,78000,402
70821269,LL22146202M,982091101121269,1708,2022-12-12 17:07:22,402,0,61000,183
70821269,LL22146202M,982091101121269,1708,2022-12-12 17:16:37,123,0,55000,95
70821269,LL22146202M,982091101121269,1708,2022-12-12 17:21:48,102,0,59000,46
70834115,LL22151701M,982091101334115,1708,2022-12-12 17:24:27,73,0,76500,77
70821269,LL22146202M,982091101121269,1708,2022-12-12 17:28:25,74,0,64000,57
70834137,LL22136804M,982091101334137,1708,2022-12-12 17:31:39,424,0,70500,389
70834870,LL22138604M,982091101334870,1708,2022-12-12 17:43:37,668,0,66500,432
70821269,LL22146202M,982091101121269,1708,2022-12-12 17:55:02,50,0,,28
70821254,LL22145301M,982091101121254,1708,2022-12-12 17:55:56,376,0,61000,129
70821254,LL22145301M,982091101121254,1708,2022-12-12 18:04:14,669,0,61000,365
70834904,LL22149702M,982091101334904,1708,2022-12-12 18:20:17,416,0,65000,346
70821306,LL22145602M,982091101121306,1708,2022-12-12 20:15:06,296,0,79500,217
70834870,LL22138604M,982091101334870,1708,2022-12-12 20:21:35,143,0,67500,59
70821269,LL22146202M,982091101121269,1708,2022-12-12 20:25:11,13,0,,1
70821306,LL22145602M,982091101121306,1708,2022-12-12 20:25:44,390,0,79500,371
70821276,LL22142904M,982091101121276,1708,2022-12-12 20:32:50,205,0,66000,122
70839149,LL22151302M,982091101339149,1708,2022-12-12 20:40:25,268,0,79500,213
70834870,LL22138604M,982091101334870,1708,2022-12-12 20:53:54,874,0,68000,653
70832894,LL22137003M,982091101332894,1708,2022-12-12 21:28:53,579,0,69000,472
70834137,LL22136804M,982091101334137,1708,2022-12-12 21:46:37,486,0,70500,412
70834870,LL22138604M,982091101334870,1708,2022-12-12 23:06:32,342,0,68000,251
70821269,LL22146202M,982091101121269,1708,2022-12-13 00:07:17,673,0,63500,280
70834115,LL22151701M,982091101334115,1708,2022-12-13 00:20:30,477,0,76500,445
70839190,LL22149102M,982091101339190,1708,2022-12-13 00:28:59,443,0,76000,133
70839149,LL22151302M,982091101339149,1708,2022-12-13 00:38:23,426,0,78500,345
70821269,LL22146202M,982091101121269,1708,2022-12-13 00:46:21,134,0,62500,66
70821254,LL22145301M,982091101121254,1708,2022-12-13 00:50:39,336,0,62500,157
70821269,LL22146202M,982091101121269,1708,2022-12-13 00:58:15,287,0,62000,164
70832894,LL22137003M,982091101332894,1708,2022-12-13 01:04:02,174,0,69500,69
70821269,LL22146202M,982091101121269,1708,2022-12-13 01:07:49,88,0,60000,37
70832894,LL22137003M,982091101332894,1708,2022-12-13 01:11:18,590,0,69000,414
70834870,LL22138604M,982091101334870,1708,2022-12-13 01:25:17,190,0,68500,78
70834870,LL22138604M,982091101334870,1708,2022-12-13 01:30:28,334,0,69000,210
70839149,LL22151302M,982091101339149,1708,2022-12-13 01:39:40,118,0,79500,79
70834912,LL22137303M,982091101334912,1708,2022-12-13 01:41:50,356,0,61000,138
70821306,LL22145602M,982091101121306,1708,2022-12-13 01:49:47,302,0,79500,336
70821269,LL22146202M,982091101121269,1708,2022-12-13 01:57:22,308,0,65000,148
70834115,LL22151701M,982091101334115,1708,2022-12-13 02:03:42,280,0,76500,167
70834115,LL22151701M,982091101334115,1708,2022-12-13 02:10:22,376,0,77000,294
70821269,LL22146202M,982091101121269,1708,2022-12-13 02:17:03,83,0,58000,49
70834137,LL22136804M,982091101334137,1708,2022-12-13 02:45:27,525,0,71500,446
70834904,LL22149702M,982091101334904,1708,2022-12-13 02:56:55,621,0,66000,491
70834115,LL22151701M,982091101334115,1708,2022-12-13 03:50:14,362,0,77500,389
70821306,LL22145602M,982091101121306,1708,2022-12-13 03:57:36,52,0,,40
70834904,LL22149702M,982091101334904,1708,2022-12-13 04:36:40,316,0,66000,306
70832894,LL22137003M,982091101332894,1708,2022-12-13 04:43:13,10,0,,1
70821276,LL22142904M,982091101121276,1708,2022-12-13 04:50:46,758,0,66000,449
70834870,LL22138604M,982091101334870,1708,2022-12-13 05:06:30,387,0,69000,241
70839190,LL22149102M,982091101339190,1708,2022-12-13 05:20:28,1157,0,75500,825
70821306,LL22145602M,982091101121306,1708,2022-12-13 05:39:57,303,0,79500,248
70834912,LL22137303M,982091101334912,1708,2022-12-13 05:45:08,892,0,60500,444
70821269,LL22146202M,982091101121269,1708,2022-12-13 06:00:04,291,0,64500,169
70821269,LL22146202M,982091101121269,1708,2022-12-13 06:08:02,252,0,64500,154
70834904,LL22149702M,982091101334904,1708,2022-12-13 06:13:26,170,0,66500,147
70839149,LL22151302M,982091101339149,1708,2022-12-13 06:16:20,446,0,78000,423
70821269,LL22146202M,982091101121269,1708,2022-12-13 06:23:50,179,0,64500,83
70834904,LL22149702M,982091101334904,1708,2022-12-13 06:28:34,21,0,,13
70821269,LL22146202M,982091101121269,1708,2022-12-13 06:30:55,249,0,64000,155
70834904,LL22149702M,982091101334904,1708,2022-12-13 06:35:37,62,0,66500,68
70821269,LL22146202M,982091101121269,1708,2022-12-13 06:38:05,168,0,59500,88
70821269,LL22146202M,982091101121269,1708,2022-12-13 07:07:26,51,0,,38
70832894,LL22137003M,982091101332894,1708,2022-12-13 07:11:54,704,0,68000,555
70834904,LL22149702M,982091101334904,1708,2022-12-13 07:23:46,17,0,,4
70834137,LL22136804M,982091101334137,1708,2022-12-13 07:24:47,952,0,71000,783
70834904,LL22149702M,982091101334904,1708,2022-12-13 07:46:25,131,0,66000,104
70839149,LL22151302M,982091101339149,1708,2022-12-13 08:31:07,319,0,77500,326
70821276,LL22142904M,982091101121276,1708,2022-12-13 08:36:30,889,0,64500,597
70834912,LL22137303M,982091101334912,1708,2022-12-13 08:51:39,298,0,60000,134
70821306,LL22145602M,982091101121306,1708,2022-12-13 08:56:41,879,0,79500,842
70834912,LL22137303M,982091101334912,1708,2022-12-13 09:11:24,875,0,60000,367
70839190,LL22149102M,982091101339190,1708,2022-12-13 09:26:03,886,0,75000,627
70821269,LL22146202M,982091101121269,1708,2022-12-13 09:40:53,716,0,64500,390
70821276,LL22142904M,982091101121276,1708,2022-12-13 09:53:09,402,0,65500,146
70834115,LL22151701M,982091101334115,1708,2022-12-13 10:00:04,811,0,76500,763
70821269,LL22146202M,982091101121269,1708,2022-12-13 10:13:47,176,0,64500,115
70821269,LL22146202M,982091101121269,1708,2022-12-13 10:18:45,201,0,65000,58
70821269,LL22146202M,982091101121269,1708,2022-12-13 10:32:45,43,0,,11
70821269,LL22146202M,982091101121269,1708,2022-12-13 10:45:10,56,0,,31
70832894,LL22137003M,982091101332894,1708,2022-12-13 10:47:31,533,0,68500,450
70839149,LL22151302M,982091101339149,1708,2022-12-13 10:56:44,466,0,80000,445
70834904,LL22149702M,982091101334904,1708,2022-12-13 11:04:54,705,0,65500,686
70821254,LL22145301M,982091101121254,1708,2022-12-13 11:16:48,942,0,61500,442
70821276,LL22142904M,982091101121276,1708,2022-12-13 11:34:30,167,0,65500,104
70839149,LL22151302M,982091101339149,1708,2022-12-13 11:37:25,240,0,78000,177
70839190,LL22149102M,982091101339190,1708,2022-12-13 11:43:16,261,0,76000,125
70834137,LL22136804M,982091101334137,1708,2022-12-13 11:48:54,319,0,72000,220
70821306,LL22145602M,982091101121306,1708,2022-12-13 11:55:06,563,0,80500,494
70834912,LL22137303M,982091101334912,1708,2022-12-13 12:04:29,1165,0,61000,520
70839190,LL22149102M,982091101339190,1708,2022-12-13 12:23:58,720,0,76000,513
70839149,LL22151302M,982091101339149,1708,2022-12-13 12:41:10,506,0,80000,430
70832894,LL22137003M,982091101332894,1708,2022-12-13 12:50:01,1167,0,69500,970
70839190,LL22149102M,982091101339190,1708,2022-12-13 13:11:03,213,0,77000,120
70834870,LL22138604M,982091101334870,1708,2022-12-13 13:20:26,885,0,67000,505
70839149,LL22151302M,982091101339149,1708,2022-12-13 13:45:22,116,0,80000,66
70839190,LL22149102M,982091101339190,1708,2022-12-13 13:55:37,184,0,77000,141
70834115,LL22151701M,982091101334115,1708,2022-12-13 13:58:53,394,0,78000,329
70821276,LL22142904M,982091101121276,1708,2022-12-13 14:05:40,718,0,66000,576
70834137,LL22136804M,982091101334137,1708,2022-12-13 14:17:42,671,0,72500,582
70834115,LL22151701M,982091101334115,1708,2022-12-13 14:39:16,452,0,77500,309
70839149,LL22151302M,982091101339149,1708,2022-12-13 14:47:04,329,0,81000,283
70839149,LL22151302M,982091101339149,1708,2022-12-13 14:59:38,56,0,,1
70834912,LL22137303M,982091101334912,1708,2022-12-13 15:02:03,647,0,62000,336
70834870,LL22138604M,982091101334870,1708,2022-12-13 15:12:59,524,0,67500,384
70821306,LL22145602M,982091101121306,1708,2022-12-13 15:21:47,576,0,81500,579
70834912,LL22137303M,982091101334912,1708,2022-12-13 15:35:56,356,0,62000,149
70821269,LL22146202M,982091101121269,1708,2022-12-13 15:42:00,550,0,65000,305
70832894,LL22137003M,982091101332894,1708,2022-12-13 15:52:17,21,0,,1
70832894,LL22137003M,982091101332894,1708,2022-12-13 15:54:39,576,0,70500,459
70832894,LL22137003M,982091101332894,1708,2022-12-13 16:06:16,319,0,71000,198
70839149,LL22151302M,982091101339149,1708,2022-12-13 16:39:03,214,0,81000,182
70834912,LL22137303M,982091101334912,1708,2022-12-13 16:50:53,72,0,63000,19
70834904,LL22149702M,982091101334904,1708,2022-12-13 16:54:09,743,0,66500,656
70834912,LL22137303M,982091101334912,1708,2022-12-13 17:08:12,48,0,,13
70821269,LL22146202M,982091101121269,1708,2022-12-13 17:09:32,595,0,66000,329
70834912,LL22137303M,982091101334912,1708,2022-12-13 17:20:12,39,0,,18
70821306,LL22145602M,982091101121306,1708,2022-12-13 17:22:56,181,0,82000,182
70821254,LL22145301M,982091101121254,1708,2022-12-13 17:26:25,393,0,62000,199
70821269,LL22146202M,982091101121269,1708,2022-12-13 17:33:38,48,0,,21
70834137,LL22136804M,982091101334137,1708,2022-12-13 17:37:02,135,0,71000,90
70834115,LL22151701M,982091101334115,1708,2022-12-13 17:40:26,155,0,78000,125
70834115,LL22151701M,982091101334115,1708,2022-12-13 17:45:45,367,0,78000,313
70821276,LL22142904M,982091101121276,1708,2022-12-13 17:55:32,344,0,66500,256
70834870,LL22138604M,982091101334870,1708,2022-12-13 18:02:58,620,0,68500,415
70821276,LL22142904M,982091101121276,1708,2022-12-13 18:38:47,92,0,66000,65
70839149,LL22151302M,982091101339149,1708,2022-12-13 18:42:52,402,0,81000,328
70834137,LL22136804M,982091101334137,1708,2022-12-13 18:51:11,526,0,72500,481
70834904,LL22149702M,982091101334904,1708,2022-12-13 19:50:07,64,0,67000,39
70834115,LL22151701M,982091101334115,1708,2022-12-13 20:06:03,426,0,78500,436
70834870,LL22138604M,982091101334870,1708,2022-12-13 20:14:37,698,0,68000,484
70821254,LL22145301M,982091101121254,1708,2022-12-13 20:53:48,493,0,62000,259
70821306,LL22145602M,982091101121306,1708,2022-12-13 21:03:10,31,0,,27
70821269,LL22146202M,982091101121269,1708,2022-12-13 21:06:13,266,0,62500,157
70834870,LL22138604M,982091101334870,1708,2022-12-13 21:10:56,89,0,66500,51
70832894,LL22137003M,982091101332894,1708,2022-12-13 21:14:26,276,0,69500,186
70821276,LL22142904M,982091101121276,1708,2022-12-13 21:19:07,510,0,66500,356
70834870,LL22138604M,982091101334870,1708,2022-12-13 21:28:21,17,0,,2
70834904,LL22149702M,982091101334904,1708,2022-12-13 22:22:29,498,0,67000,429
70821254,LL22145301M,982091101121254,1708,2022-12-13 22:32:47,61,0,62000,21
70821269,LL22146202M,982091101121269,1708,2022-12-13 22:34:13,73,0,66000,17
70839149,LL22151302M,982091101339149,1708,2022-12-13 22:35:26,389,0,80250,380
70821269,LL22146202M,982091101121269,1708,2022-12-13 22:48:26,556,0,65500,351
70821269,LL22146202M,982091101121269,1708,2022-12-13 22:59:44,32,0,,16
70834870,LL22138604M,982091101334870,1708,2022-12-13 23:41:04,724,0,69500,552
70834137,LL22136804M,982091101334137,1708,2022-12-13 23:53:40,568,0,72000,489
70832894,LL22137003M,982091101332894,1708,2022-12-14 00:14:59,194,0,70000,132
70832894,LL22137003M,982091101332894,1708,2022-12-14 00:40:04,348,0,69500,291
70821269,LL22146202M,982091101121269,1708,2022-12-14 00:45:56,201,0,66000,112
70839149,LL22151302M,982091101339149,1708,2022-12-14 01:00:39,98,0,80500,61
70834870,LL22138604M,982091101334870,1708,2022-12-14 01:15:57,464,0,69000,377
70821306,LL22145602M,982091101121306,1708,2022-12-14 01:23:53,108,0,81500,59
70834115,LL22151701M,982091101334115,1708,2022-12-14 01:31:38,432,0,79250,330
70832894,LL22137003M,982091101332894,1708,2022-12-14 01:40:50,49,0,,1
70821276,LL22142904M,982091101121276,1708,2022-12-14 02:26:45,272,0,66000,170
70832894,LL22137003M,982091101332894,1708,2022-12-14 02:34:25,411,0,70000,360
70832894,LL22137003M,982091101332894,1708,2022-12-14 02:43:16,408,0,70500,389
70834904,LL22149702M,982091101334904,1708,2022-12-14 02:50:12,220,0,66500,145
70834115,LL22151701M,982091101334115,1708,2022-12-14 03:09:30,334,0,79000,287
70821306,LL22145602M,982091101121306,1708,2022-12-14 03:17:47,592,0,81000,565
70839190,LL22149102M,982091101339190,1708,2022-12-14 03:27:51,763,0,76000,560
70834912,LL22137303M,982091101334912,1708,2022-12-14 04:22:44,909,0,61500,441
70834115,LL22151701M,982091101334115,1708,2022-12-14 04:38:37,57,0,,53
70834904,LL22149702M,982091101334904,1708,2022-12-14 04:41:27,439,0,66500,399
70834137,LL22136804M,982091101334137,1708,2022-12-14 04:50:46,497,0,72000,423
70834904,LL22149702M,982091101334904,1708,2022-12-14 05:01:06,169,0,65500,173
70821269,LL22146202M,982091101121269,1708,2022-12-14 05:05:56,497,0,65000,246
70834115,LL22151701M,982091101334115,1708,2022-12-14 05:16:56,350,0,79000,284
70821269,LL22146202M,982091101121269,1708,2022-12-14 05:23:02,281,0,65500,120
70821269,LL22146202M,982091101121269,1708,2022-12-14 05:42:46,192,0,64500,77
70821306,LL22145602M,982091101121306,1708,2022-12-14 05:52:50,366,0,81500,353
70834904,LL22149702M,982091101334904,1708,2022-12-14 05:59:17,20,0,,16
70839149,LL22151302M,982091101339149,1708,2022-12-14 06:01:23,112,0,80000,82
70834137,LL22136804M,982091101334137,1708,2022-12-14 06:05:17,74,0,72500,40
70839149,LL22151302M,982091101339149,1708,2022-12-14 06:08:20,421,0,80000,360
70821276,LL22142904M,982091101121276,1708,2022-12-14 06:15:25,793,0,66000,550
70821269,LL22146202M,982091101121269,1708,2022-12-14 06:28:47,339,0,66000,131
70839190,LL22149102M,982091101339190,1708,2022-12-14 06:34:54,765,0,76500,486
70834904,LL22149702M,982091101334904,1708,2022-12-14 06:49:41,304,0,66000,284
70821276,LL22142904M,982091101121276,1708,2022-12-14 06:54:53,116,0,64500,94
70832894,LL22137003M,982091101332894,1708,2022-12-14 07:49:19,445,0,70000,346
70821306,LL22145602M,982091101121306,1708,2022-12-14 07:56:49,607,0,81500,549
70834912,LL22137303M,982091101334912,1708,2022-12-14 08:07:04,937,0,60500,421
70839149,LL22151302M,982091101339149,1708,2022-12-14 08:23:26,72,0,78500,58
70834115,LL22151701M,982091101334115,1708,2022-12-14 08:24:38,429,0,78500,385
70834904,LL22149702M,982091101334904,1708,2022-12-14 08:31:59,195,0,66500,104
70821254,LL22145301M,982091101121254,1708,2022-12-14 08:36:03,876,0,60500,353
70821269,LL22146202M,982091101121269,1708,2022-12-14 08:50:48,391,0,65500,173
70821276,LL22142904M,982091101121276,1708,2022-12-14 08:57:19,62,0,66250,25
70839190,LL22149102M,982091101339190,1708,2022-12-14 08:58:21,334,0,76500,241
70834870,LL22138604M,982091101334870,1708,2022-12-14 09:03:59,288,0,68500,206
70821269,LL22146202M,982091101121269,1708,2022-12-14 09:09:45,33,0,,18
70839149,LL22151302M,982091101339149,1708,2022-12-14 09:10:22,33,0,,1
70839190,LL22149102M,982091101339190,1708,2022-12-14 09:11:03,286,0,77000,252
70834137,LL22136804M,982091101334137,1708,2022-12-14 09:15:58,688,0,71500,587
70821254,LL22145301M,982091101121254,1708,2022-12-14 09:28:16,58,0,,1
70834870,LL22138604M,982091101334870,1708,2022-12-14 09:29:30,560,0,69500,375
70839190,LL22149102M,982091101339190,1708,2022-12-14 09:41:01,346,0,78000,199
70821276,LL22142904M,982091101121276,1708,2022-12-14 09:47:12,158,0,67000,141
70839149,LL22151302M,982091101339149,1708,2022-12-14 09:49:54,731,0,81000,725
70821269,LL22146202M,982091101121269,1708,2022-12-14 10:03:44,78,0,65000,54
70821306,LL22145602M,982091101121306,1708,2022-12-14 10:05:06,34,0,,16
70821269,LL22146202M,982091101121269,1708,2022-12-14 10:05:56,475,0,67000,332
70834904,LL22149702M,982091101334904,1708,2022-12-14 10:13:51,420,0,67500,445
70834115,LL22151701M,982091101334115,1708,2022-12-14 10:21:03,171,0,79000,134
70821269,LL22146202M,982091101121269,1708,2022-12-14 10:24:15,37,0,,13
70834912,LL22137303M,982091101334912,1708,2022-12-14 10:24:56,883,0,61500,471
70821306,LL22145602M,982091101121306,1708,2022-12-14 11:03:05,370,0,83500,327
70821306,LL22145602M,982091101121306,1708,2022-12-14 11:37:18,515,0,83500,502
70834904,LL22149702M,982091101334904,1708,2022-12-14 11:46:05,334,0,67500,328
70821276,LL22142904M,982091101121276,1708,2022-12-14 11:51:43,535,0,67500,478
70839149,LL22151302M,982091101339149,1708,2022-12-14 12:00:51,271,0,80750,211
70832894,LL22137003M,982091101332894,1708,2022-12-14 12:05:27,1335,0,70000,1129
70821269,LL22146202M,982091101121269,1708,2022-12-14 12:27:46,435,0,66500,274
70834912,LL22137303M,982091101334912,1708,2022-12-14 12:35:05,792,0,62000,384
70839149,LL22151302M,982091101339149,1708,2022-12-14 12:48:25,94,0,80500,53
70839190,LL22149102M,982091101339190,1708,2022-12-14 12:50:07,1157,0,78000,835
70834904,LL22149702M,982091101334904,1708,2022-12-14 13:19:10,86,0,66500,59
70821306,LL22145602M,982091101121306,1708,2022-12-14 13:22:37,56,0,,18
70834137,LL22136804M,982091101334137,1708,2022-12-14 13:26:07,592,0,73000,494
70839149,LL22151302M,982091101339149,1708,2022-12-14 13:52:25,494,0,82500,463
70834137,LL22136804M,982091101334137,1708,2022-12-14 14:01:07,29,0,,16
70839149,LL22151302M,982091101339149,1708,2022-12-14 14:03:38,299,0,82500,249
70839149,LL22151302M,982091101339149,1708,2022-12-14 14:10:40,29,0,,1
70821306,LL22145602M,982091101121306,1708,2022-12-14 14:15:23,257,0,83500,220
70834115,LL22151701M,982091101334115,1708,2022-12-14 14:19:44,691,0,79500,640
70834912,LL22137303M,982091101334912,1708,2022-12-14 14:31:24,568,0,62500,309
70821276,LL22142904M,982091101121276,1708,2022-12-14 14:41:00,717,0,68000,545
70821269,LL22146202M,982091101121269,1708,2022-12-14 14:53:26,429,0,65000,274
70839149,LL22151302M,982091101339149,1708,2022-12-14 15:00:43,272,0,83000,80
70834912,LL22137303M,982091101334912,1708,2022-12-14 15:07:06,42,0,,14
70821254,LL22145301M,982091101121254,1708,2022-12-14 15:08:54,1133,0,61500,539
70832894,LL22137003M,982091101332894,1708,2022-12-14 15:30:22,431,0,72000,390
70834137,LL22136804M,982091101334137,1708,2022-12-14 15:39:27,438,0,73000,326
70839149,LL22151302M,982091101339149,1708,2022-12-14 16:24:47,205,0,82000,179
70834912,LL22137303M,982091101334912,1708,2022-12-14 16:29:01,723,0,63000,401
70834870,LL22138604M,982091101334870,1708,2022-12-14 16:42:31,711,0,68000,410
70834115,LL22151701M,982091101334115,1708,2022-12-14 17:00:23,344,0,79000,308
70834904,LL22149702M,982091101334904,1708,2022-12-14 17:13:00,149,0,66500,123
70832894,LL22137003M,982091101332894,1708,2022-12-14 17:15:41,70,0,71000,4
70839149,LL22151302M,982091101339149,1708,2022-12-14 17:19:25,95,0,82500,52
70832894,LL22137003M,982091101332894,1708,2022-12-14 17:30:18,100,0,72000,3
70821276,LL22142904M,982091101121276,1708,2022-12-14 17:37:51,129,0,68000,102
70821269,LL22146202M,982091101121269,1708,2022-12-14 17:45:11,359,0,65500,216
70834904,LL22149702M,982091101334904,1708,2022-12-14 19:32:06,64,0,66000,48
70821269,LL22146202M,982091101121269,1708,2022-12-14 19:46:57,210,0,66000,107
70821306,LL22145602M,982091101121306,1708,2022-12-14 19:50:51,24,0,,8
70821306,LL22145602M,982091101121306,1708,2022-12-14 19:53:16,340,0,83500,333
70834115,LL22151701M,982091101334115,1708,2022-12-14 20:00:24,147,0,80000,153
70834870,LL22138604M,982091101334870,1708,2022-12-14 20:05:34,754,0,68000,455
70832894,LL22137003M,982091101332894,1708,2022-12-14 20:41:26,426,0,72500,374
70821269,LL22146202M,982091101121269,1708,2022-12-14 21:02:53,355,0,66000,158
70832894,LL22137003M,982091101332894,1708,2022-12-14 21:12:36,412,0,72000,363
70834904,LL22149702M,982091101334904,1708,2022-12-14 21:49:57,95,0,66500,73
70821276,LL22142904M,982091101121276,1708,2022-12-14 22:05:59,412,0,67500,336
70834870,LL22138604M,982091101334870,1708,2022-12-14 22:13:07,253,0,68000,188
70821254,LL22145301M,982091101121254,1708,2022-12-14 22:20:02,311,0,61250,149
70834137,LL22136804M,982091101334137,1708,2022-12-14 22:25:37,542,0,73000,394
70834870,LL22138604M,982091101334870,1708,2022-12-14 22:38:59,534,0,68500,343
70834904,LL22149702M,982091101334904,1708,2022-12-14 23:02:56,540,0,66500,475
70834870,LL22138604M,982091101334870,1708,2022-12-14 23:12:00,59,0,,2
70834115,LL22151701M,982091101334115,1708,2022-12-14 23:22:40,387,0,79500,360
70821269,LL22146202M,982091101121269,1708,2022-12-14 23:29:15,470,0,66500,176
70834870,LL22138604M,982091101334870,1708,2022-12-15 00:18:38,580,0,69500,405
70832894,LL22137003M,982091101332894,1708,2022-12-15 00:32:37,454,0,72000,378
70839149,LL22151302M,982091101339149,1708,2022-12-15 00:49:52,528,0,81500,505
70821269,LL22146202M,982091101121269,1708,2022-12-15 01:26:05,623,0,66500,377
70834115,LL22151701M,982091101334115,1708,2022-12-15 01:46:31,229,0,79500,191
70834870,LL22138604M,982091101334870,1708,2022-12-15 02:16:06,71,0,69000,40
70834904,LL22149702M,982091101334904,1708,2022-12-15 02:24:10,90,0,66000,51
70821276,LL22142904M,982091101121276,1708,2022-12-15 02:36:13,497,0,67500,328
70821306,LL22145602M,982091101121306,1708,2022-12-15 02:45:55,504,0,82500,457
70834870,LL22138604M,982091101334870,1708,2022-12-15 03:05:39,157,0,69500,74
70832894,LL22137003M,982091101332894,1708,2022-12-15 03:09:36,30,0,,1
70832894,LL22137003M,982091101332894,1708,2022-12-15 03:28:46,274,0,71500,215
70832894,LL22137003M,982091101332894,1708,2022-12-15 03:38:39,288,0,72000,223
70832894,LL22137003M,982091101332894,1708,2022-12-15 03:45:30,486,0,72000,394
70834904,LL22149702M,982091101334904,1708,2022-12-15 04:05:31,455,0,67500,344
70834115,LL22151701M,982091101334115,1708,2022-12-15 04:43:32,186,0,79500,151
70834137,LL22136804M,982091101334137,1708,2022-12-15 04:47:10,314,0,73000,120
70834912,LL22137303M,982091101334912,1708,2022-12-15 04:53:00,758,0,62500,363
70839190,LL22149102M,982091101339190,1708,2022-12-15 05:05:54,733,0,77500,510
70821269,LL22146202M,982091101121269,1708,2022-12-15 05:18:23,62,0,65500,6
70821276,LL22142904M,982091101121276,1708,2022-12-15 05:19:37,321,0,67000,226
70821269,LL22146202M,982091101121269,1708,2022-12-15 05:25:02,387,0,65500,218
70834137,LL22136804M,982091101334137,1708,2022-12-15 05:31:37,722,0,72500,522
70821269,LL22146202M,982091101121269,1708,2022-12-15 05:44:03,151,0,66500,43
70834115,LL22151701M,982091101334115,1708,2022-12-15 05:46:34,401,0,79500,370
70821269,LL22146202M,982091101121269,1708,2022-12-15 05:53:27,143,0,66000,71
70821306,LL22145602M,982091101121306,1708,2022-12-15 05:55:59,76,0,81000,3
70821269,LL22146202M,982091101121269,1708,2022-12-15 05:58:23,83,0,64750,27
70834904,LL22149702M,982091101334904,1708,2022-12-15 05:59:46,309,0,66500,286
70834904,LL22149702M,982091101334904,1708,2022-12-15 06:07:53,10,0,,3
70821269,LL22146202M,982091101121269,1708,2022-12-15 06:10:05,275,0,66500,109
70821306,LL22145602M,982091101121306,1708,2022-12-15 06:14:52,348,0,82000,337
70834904,LL22149702M,982091101334904,1708,2022-12-15 06:27:41,21,0,,4
70834115,LL22151701M,982091101334115,1708,2022-12-15 06:56:30,183,0,79000,136
70834870,LL22138604M,982091101334870,1708,2022-12-15 07:01:36,658,0,69500,510
70839190,LL22149102M,982091101339190,1708,2022-12-15 07:29:47,795,0,77000,474
70821276,LL22142904M,982091101121276,1708,2022-12-15 07:44:03,407,0,67500,244
70821276,LL22142904M,982091101121276,1708,2022-12-15 07:52:51,48,0,,39
70834912,LL22137303M,982091101334912,1708,2022-12-15 08:00:41,662,0,62500,355
70821269,LL22146202M,982091101121269,1708,2022-12-15 08:11:59,113,0,67750,82
70839149,LL22151302M,982091101339149,1708,2022-12-15 08:13:52,590,0,79500,561
70821269,LL22146202M,982091101121269,1708,2022-12-15 08:24:02,76,0,66500,48
70834115,LL22151701M,982091101334115,1708,2022-12-15 08:25:18,148,0,79500,149
70821306,LL22145602M,982091101121306,1708,2022-12-15 08:28:35,329,0,82000,319
70821276,LL22142904M,982091101121276,1708,2022-12-15 08:34:13,261,0,67500,153
70821254,LL22145301M,982091101121254,1708,2022-12-15 08:38:42,134,0,60500,27
70821276,LL22142904M,982091101121276,1708,2022-12-15 08:41:21,198,0,68000,49
70821269,LL22146202M,982091101121269,1708,2022-12-15 08:45:01,362,0,66750,218
70832894,LL22137003M,982091101332894,1708,2022-12-15 08:54:07,660,0,71500,477
70834904,LL22149702M,982091101334904,1708,2022-12-15 09:06:09,531,0,66500,358
70839149,LL22151302M,982091101339149,1708,2022-12-15 09:16:14,33,0,,13
70834912,LL22137303M,982091101334912,1708,2022-12-15 09:17:16,280,0,61000,107
70839149,LL22151302M,982091101339149,1708,2022-12-15 09:22:09,16,0,,1
70834870,LL22138604M,982091101334870,1708,2022-12-15 09:22:41,393,0,69500,237
70839149,LL22151302M,982091101339149,1708,2022-12-15 09:29:47,321,0,80500,270
70821269,LL22146202M,982091101121269,1708,2022-12-15 09:35:12,37,0,,20
70834137,LL22136804M,982091101334137,1708,2022-12-15 09:36:02,599,0,73000,502
70839190,LL22149102M,982091101339190,1708,2022-12-15 09:46:30,392,0,76500,107
70821269,LL22146202M,982091101121269,1708,2022-12-15 09:53:22,332,0,67500,199
70821306,LL22145602M,982091101121306,1708,2022-12-15 09:59:19,172,0,81500,126
70821269,LL22146202M,982091101121269,1708,2022-12-15 10:02:28,63,0,67500,5
70839190,LL22149102M,982091101339190,1708,2022-12-15 10:04:19,348,0,77000,161
70834904,LL22149702M,982091101334904,1708,2022-12-15 10:10:39,213,0,66500,119
70834115,LL22151701M,982091101334115,1708,2022-12-15 10:14:17,412,0,79000,412
70821276,LL22142904M,982091101121276,1708,2022-12-15 10:21:17,553,0,67500,409
70821269,LL22146202M,982091101121269,1708,2022-12-15 10:30:42,209,0,67000,117
70839190,LL22149102M,982091101339190,1708,2022-12-15 10:34:32,411,0,77000,239
70821254,LL22145301M,982091101121254,1708,2022-12-15 10:41:56,530,0,60000,229
70834904,LL22149702M,982091101334904,1708,2022-12-15 10:50:54,369,0,66000,365
70839190,LL22149102M,982091101339190,1708,2022-12-15 11:01:14,492,0,78500,331
70821276,LL22142904M,982091101121276,1708,2022-12-15 11:10:10,19,0,,10
70832894,LL22137003M,982091101332894,1708,2022-12-15 11:14:48,936,0,71500,913
70834912,LL22137303M,982091101334912,1708,2022-12-15 11:58:04,896,0,62000,488
70821306,LL22145602M,982091101121306,1708,2022-12-15 12:14:21,812,0,82500,917
70834912,LL22137303M,982091101334912,1708,2022-12-15 12:28:01,28,0,,3
70839149,LL22151302M,982091101339149,1708,2022-12-15 12:29:10,554,0,81500,467
70821269,LL22146202M,982091101121269,1708,2022-12-15 12:38:32,47,0,,25
70834904,LL22149702M,982091101334904,1708,2022-12-15 12:39:35,303,0,67250,251
70839190,LL22149102M,982091101339190,1708,2022-12-15 12:44:54,772,0,78500,658
70821269,LL22146202M,982091101121269,1708,2022-12-15 12:57:51,74,0,67500,24
70834870,LL22138604M,982091101334870,1708,2022-12-15 12:59:41,698,0,69500,461
70834137,LL22136804M,982091101334137,1708,2022-12-15 13:11:23,567,0,73500,458
70821276,LL22142904M,982091101121276,1708,2022-12-15 13:21:51,676,0,69000,487
70821269,LL22146202M,982091101121269,1708,2022-12-15 13:44:00,445,0,67500,279
70839149,LL22151302M,982091101339149,1708,2022-12-15 14:07:28,810,0,81500,608
70832894,LL22137003M,982091101332894,1708,2022-12-15 15:06:17,36,0,,3
70839190,LL22149102M,982091101339190,1708,2022-12-15 15:10:31,125,0,79000,79
70839149,LL22151302M,982091101339149,1708,2022-12-15 15:13:45,53,0,,47
70834912,LL22137303M,982091101334912,1708,2022-12-15 15:14:42,647,0,62000,361
70821254,LL22145301M,982091101121254,1708,2022-12-15 15:25:46,180,0,60000,48
70834912,LL22137303M,982091101334912,1708,2022-12-15 15:30:23,813,0,63000,363
70839149,LL22151302M,982091101339149,1708,2022-12-15 15:44:13,52,0,,19
70834115,LL22151701M,982091101334115,1708,2022-12-15 15:51:15,243,0,78000,261
70821254,LL22145301M,982091101121254,1708,2022-12-15 15:57:40,79,0,60500,40
70821269,LL22146202M,982091101121269,1708,2022-12-15 16:02:06,201,0,67000,115
70821276,LL22142904M,982091101121276,1708,2022-12-15 16:13:01,34,0,,24
70834904,LL22149702M,982091101334904,1708,2022-12-15 16:13:55,185,0,67000,145
70834137,LL22136804M,982091101334137,1708,2022-12-15 16:17:09,130,0,73500,144
70834115,LL22151701M,982091101334115,1708,2022-12-15 16:29:26,135,0,78000,131
70834137,LL22136804M,982091101334137,1708,2022-12-15 16:47:53,312,0,74000,310
70839149,LL22151302M,982091101339149,1708,2022-12-15 16:54:18,166,0,82000,142
70832894,LL22137003M,982091101332894,1708,2022-12-15 17:27:13,242,0,71500,103
70832894,LL22137003M,982091101332894,1708,2022-12-15 17:33:17,473,0,71500,387
70834115,LL22151701M,982091101334115,1708,2022-12-15 17:45:32,218,0,79000,178
70834904,LL22149702M,982091101334904,1708,2022-12-15 19:11:17,318,0,68000,250
70834870,LL22138604M,982091101334870,1708,2022-12-15 19:42:42,160,0,69000,88
70821306,LL22145602M,982091101121306,1708,2022-12-15 19:45:50,147,0,82500,47
70834137,LL22136804M,982091101334137,1708,2022-12-15 19:49:21,47,0,,13
70821306,LL22145602M,982091101121306,1708,2022-12-15 19:53:25,277,0,83000,338
70821269,LL22146202M,982091101121269,1708,2022-12-15 19:58:14,251,0,67250,122
70832894,LL22137003M,982091101332894,1708,2022-12-15 20:06:13,460,0,72500,405
70834904,LL22149702M,982091101334904,1708,2022-12-15 20:49:55,46,0,,20
70834912,LL22137303M,982091101334912,1708,2022-12-15 21:03:23,353,0,63500,183
70821276,LL22142904M,982091101121276,1708,2022-12-15 21:09:28,445,0,68000,327
70834115,LL22151701M,982091101334115,1708,2022-12-15 21:17:57,405,0,79000,416
70839149,LL22151302M,982091101339149,1708,2022-12-15 21:25:02,188,0,81500,189
70821269,LL22146202M,982091101121269,1708,2022-12-15 21:28:58,358,0,65500,205
70821306,LL22145602M,982091101121306,1708,2022-12-15 21:46:41,37,0,,11
70834870,LL22138604M,982091101334870,1708,2022-12-15 22:23:06,541,0,69000,270
70821254,LL22145301M,982091101121254,1708,2022-12-15 22:32:32,451,0,60000,214
70821306,LL22145602M,982091101121306,1708,2022-12-15 23:19:02,201,0,83000,195
70834137,LL22136804M,982091101334137,1708,2022-12-15 23:30:29,675,0,74000,526
70834904,LL22149702M,982091101334904,1708,2022-12-15 23:44:59,517,0,68500,406
70834870,LL22138604M,982091101334870,1708,2022-12-15 23:53:40,787,0,69500,526
70832894,LL22137003M,982091101332894,1708,2022-12-16 00:19:12,587,0,73000,481
70834870,LL22138604M,982091101334870,1708,2022-12-16 00:32:14,218,0,69000,1
70834912,LL22137303M,982091101334912,1708,2022-12-16 00:37:01,537,0,63500,311
70834115,LL22151701M,982091101334115,1708,2022-12-16 00:56:45,446,0,79000,412
70839149,LL22151302M,982091101339149,1708,2022-12-16 01:04:39,642,0,81500,603
70821269,LL22146202M,982091101121269,1708,2022-12-16 01:15:53,664,0,66500,332
70821306,LL22145602M,982091101121306,1708,2022-12-16 01:29:31,158,0,81500,126
70821276,LL22142904M,982091101121276,1708,2022-12-16 01:33:42,251,0,67500,152
70821306,LL22145602M,982091101121306,1708,2022-12-16 02:43:55,357,0,84000,371
70839190,LL22149102M,982091101339190,1708,2022-12-16 02:50:12,716,0,77500,543
70832894,LL22137003M,982091101332894,1708,2022-12-16 03:04:50,476,0,72500,399
70834870,LL22138604M,982091101334870,1708,2022-12-16 03:14:48,583,0,69500,342
70834115,LL22151701M,982091101334115,1708,2022-12-16 03:27:39,108,0,79500,111
70821276,LL22142904M,982091101121276,1708,2022-12-16 03:32:13,105,0,67500,61
70834904,LL22149702M,982091101334904,1708,2022-12-16 03:35:40,411,0,67500,350
70834904,LL22149702M,982091101334904,1708,2022-12-16 03:56:34,158,0,68000,152
70834870,LL22138604M,982091101334870,1708,2022-12-16 03:59:32,225,0,69500,149
70834115,LL22151701M,982091101334115,1708,2022-12-16 04:27:21,211,0,80000,187
70834904,LL22149702M,982091101334904,1708,2022-12-16 04:32:55,43,0,,4
70834137,LL22136804M,982091101334137,1708,2022-12-16 04:44:19,650,0,73500,491
70834912,LL22137303M,982091101334912,1708,2022-12-16 05:05:56,526,0,63500,247
70821276,LL22142904M,982091101121276,1708,2022-12-16 05:14:50,608,0,67500,388
70839149,LL22151302M,982091101339149,1708,2022-12-16 05:27:36,440,0,82000,407
70821306,LL22145602M,982091101121306,1708,2022-12-16 05:35:00,415,0,83000,445
70821269,LL22146202M,982091101121269,1708,2022-12-16 05:42:00,220,0,67000,83
70821269,LL22146202M,982091101121269,1708,2022-12-16 05:47:41,573,0,66500,275
70821254,LL22145301M,982091101121254,1708,2022-12-16 05:57:39,80,0,59500,20
70834115,LL22151701M,982091101334115,1708,2022-12-16 06:08:53,522,0,80000,389
70832894,LL22137003M,982091101332894,1708,2022-12-16 06:29:18,286,0,72000,122
70832894,LL22137003M,982091101332894,1708,2022-12-16 06:36:05,537,0,73000,381
70834904,LL22149702M,982091101334904,1708,2022-12-16 06:51:20,558,0,67500,204
70821269,LL22146202M,982091101121269,1708,2022-12-16 07:01:11,69,0,67000,20
70834904,LL22149702M,982091101334904,1708,2022-12-16 07:04:24,222,0,67500,196
70834870,LL22138604M,982091101334870,1708,2022-12-16 07:08:10,437,0,70000,241
70834137,LL22136804M,982091101334137,1708,2022-12-16 07:15:35,65,0,73500,10
70821269,LL22146202M,982091101121269,1708,2022-12-16 07:18:09,43,0,,10
70821269,LL22146202M,982091101121269,1708,2022-12-16 07:19:12,204,0,67000,16
70839190,LL22149102M,982091101339190,1708,2022-12-16 07:23:29,805,0,78000,435
70834912,LL22137303M,982091101334912,1708,2022-12-16 07:37:15,511,0,63500,78
70821276,LL22142904M,982091101121276,1708,2022-12-16 07:46:19,452,0,68000,264
70821269,LL22146202M,982091101121269,1708,2022-12-16 07:53:59,199,0,67000,116
70821276,LL22142904M,982091101121276,1708,2022-12-16 07:57:34,213,0,67500,106
70834912,LL22137303M,982091101334912,1708,2022-12-16 08:01:27,684,0,63500,337
70821269,LL22146202M,982091101121269,1708,2022-12-16 08:13:08,130,0,66000,72
70839190,LL22149102M,982091101339190,1708,2022-12-16 08:15:23,64,0,77000,22
70839149,LL22151302M,982091101339149,1708,2022-12-16 08:18:51,105,0,81000,10
70834870,LL22138604M,982091101334870,1708,2022-12-16 08:20:57,338,0,70000,208
70839149,LL22151302M,982091101339149,1708,2022-12-16 08:26:35,303,0,82000,232
70821269,LL22146202M,982091101121269,1708,2022-12-16 08:31:46,46,0,,30
70834115,LL22151701M,982091101334115,1708,2022-12-16 08:32:53,143,0,80000,67
70839149,LL22151302M,982091101339149,1708,2022-12-16 08:35:49,417,0,83000,347
70834115,LL22151701M,982091101334115,1708,2022-12-16 08:44:49,340,0,80500,273
70834870,LL22138604M,982091101334870,1708,2022-12-16 08:51:10,230,0,70000,143
70821306,LL22145602M,982091101121306,1708,2022-12-16 08:55:20,54,0,,38
70821276,LL22142904M,982091101121276,1708,2022-12-16 08:56:30,200,0,68000,121
70821306,LL22145602M,982091101121306,1708,2022-12-16 08:59:50,249,0,83500,265
70834137,LL22136804M,982091101334137,1708,2022-12-16 09:04:23,1067,0,74000,907
70821269,LL22146202M,982091101121269,1708,2022-12-16 09:22:22,855,0,67000,514
70834904,LL22149702M,982091101334904,1708,2022-12-16 09:36:46,619,0,67000,524
70834904,LL22149702M,982091101334904,1708,2022-12-16 10:03:15,99,0,68500,70
70832894,LL22137003M,982091101332894,1708,2022-12-16 10:10:11,523,0,71000,503
70832894,LL22137003M,982091101332894,1708,2022-12-16 10:20:55,539,0,71000,438
70834904,LL22149702M,982091101334904,1708,2022-12-16 10:30:11,10,0,,6
70821269,LL22146202M,982091101121269,1708,2022-12-16 10:34:10,305,0,68000,184
70821276,LL22142904M,982091101121276,1708,2022-12-16 10:40:04,319,0,68000,309
70839190,LL22149102M,982091101339190,1708,2022-12-16 10:47:05,760,0,78000,566
70834912,LL22137303M,982091101334912,1708,2022-12-16 11:01:05,827,0,63500,451
70821276,LL22142904M,982091101121276,1708,2022-12-16 11:15:45,146,0,68500,15
70834912,LL22137303M,982091101334912,1708,2022-12-16 11:18:19,412,0,64500,182
70821269,LL22146202M,982091101121269,1708,2022-12-16 11:25:32,88,0,68000,67
70839190,LL22149102M,982091101339190,1708,2022-12-16 11:27:33,346,0,78500,228
70821269,LL22146202M,982091101121269,1708,2022-12-16 11:38:12,72,0,68000,47
70821269,LL22146202M,982091101121269,1708,2022-12-16 11:42:32,46,0,,24
70821269,LL22146202M,982091101121269,1708,2022-12-16 11:45:19,68,0,68000,44
70821269,LL22146202M,982091101121269,1708,2022-12-16 11:58:12,282,0,68500,178
70821306,LL22145602M,982091101121306,1708,2022-12-16 12:03:30,816,0,83000,625
70839190,LL22149102M,982091101339190,1708,2022-12-16 12:24:43,599,0,79000,364
70839149,LL22151302M,982091101339149,1708,2022-12-16 12:38:09,594,0,83500,416
70839190,LL22149102M,982091101339190,1708,2022-12-16 12:48:15,85,0,80000,56
70832894,LL22137003M,982091101332894,1708,2022-12-16 12:50:04,8,0,,1
70839149,LL22151302M,982091101339149,1708,2022-12-16 12:55:06,330,0,83500,205
70821254,LL22145301M,982091101121254,1708,2022-12-16 13:01:01,478,0,59500,190
70834870,LL22138604M,982091101334870,1708,2022-12-16 13:09:23,514,0,70500,224
70839190,LL22149102M,982091101339190,1708,2022-12-16 13:18:09,30,0,,7
70834115,LL22151701M,982091101334115,1708,2022-12-16 13:41:45,322,0,80500,259
70834870,LL22138604M,982091101334870,1708,2022-12-16 13:50:50,406,0,70500,223
70821276,LL22142904M,982091101121276,1708,2022-12-16 13:58:54,176,0,68000,124
70839149,LL22151302M,982091101339149,1708,2022-12-16 14:01:59,266,0,83000,225
70821306,LL22145602M,982091101121306,1708,2022-12-16 14:06:29,585,0,84000,432
70834912,LL22137303M,982091101334912,1708,2022-12-16 14:16:18,302,0,64500,114
70839190,LL22149102M,982091101339190,1708,2022-12-16 14:21:29,96,0,80000,72
70834912,LL22137303M,982091101334912,1708,2022-12-16 14:23:50,218,0,65000,48
70821306,LL22145602M,982091101121306,1708,2022-12-16 14:30:04,240,0,84000,235
70834912,LL22137303M,982091101334912,1708,2022-12-16 14:34:09,48,0,,15
70834137,LL22136804M,982091101334137,1708,2022-12-16 14:35:05,340,0,75500,203
70834904,LL22149702M,982091101334904,1708,2022-12-16 14:41:30,310,0,69500,279
70834137,LL22136804M,982091101334137,1708,2022-12-16 14:47:30,187,0,76000,128
70839149,LL22151302M,982091101339149,1708,2022-12-16 14:52:23,38,0,,1
70821276,LL22142904M,982091101121276,1708,2022-12-16 14:53:25,177,0,68000,159
70839149,LL22151302M,982091101339149,1708,2022-12-16 14:56:22,276,0,83500,245
70821276,LL22142904M,982091101121276,1708,2022-12-16 15:09:41,179,0,69500,136
70832894,LL22137003M,982091101332894,1708,2022-12-16 15:28:19,509,0,73500,395
70834137,LL22136804M,982091101334137,1708,2022-12-16 15:36:53,132,0,76000,76
70821254,LL22145301M,982091101121254,1708,2022-12-16 15:41:13,170,0,59500,28
70834912,LL22137303M,982091101334912,1708,2022-12-16 15:44:24,81,0,65000,13
70834912,LL22137303M,982091101334912,1708,2022-12-16 15:47:48,600,0,65000,317
70839149,LL22151302M,982091101339149,1708,2022-12-16 16:04:23,396,0,86000,361
70821276,LL22142904M,982091101121276,1708,2022-12-16 16:12:58,468,0,70000,337
70834115,LL22151701M,982091101334115,1708,2022-12-16 16:46:05,485,0,81000,440
70839149,LL22151302M,982091101339149,1708,2022-12-16 17:45:58,340,0,85500,285
70821254,LL22145301M,982091101121254,1708,2022-12-16 18:16:20,323,0,60500,154
70832894,LL22137003M,982091101332894,1708,2022-12-16 18:56:44,487,0,75000,416
70834912,LL22137303M,982091101334912,1708,2022-12-16 19:37:03,494,0,66000,284
70834115,LL22151701M,982091101334115,1708,2022-12-16 19:48:23,143,0,81000,136
70821306,LL22145602M,982091101121306,1708,2022-12-16 19:59:48,34,0,,5
70834137,LL22136804M,982091101334137,1708,2022-12-16 20:17:30,396,0,76500,172
70834904,LL22149702M,982091101334904,1708,2022-12-16 20:31:39,353,0,70500,294
70839190,LL22149102M,982091101339190,1708,2022-12-16 21:12:56,515,0,80000,245
70821254,LL22145301M,982091101121254,1708,2022-12-16 21:23:34,384,0,60000,186
70834115,LL22151701M,982091101334115,1708,2022-12-16 21:30:38,268,0,81000,259
70834870,LL22138604M,982091101334870,1708,2022-12-16 21:38:22,909,0,71000,503
70834137,LL22136804M,982091101334137,1708,2022-12-16 21:56:15,571,0,76000,478
70834904,LL22149702M,982091101334904,1708,2022-12-16 22:40:11,49,0,,25
70821269,LL22146202M,982091101121269,1708,2022-12-16 22:42:25,560,0,68500,308
70821276,LL22142904M,982091101121276,1708,2022-12-16 22:51:53,316,0,70000,255
70821306,LL22145602M,982091101121306,1708,2022-12-16 23:23:49,314,0,86000,333
70834115,LL22151701M,982091101334115,1708,2022-12-16 23:56:01,382,0,80500,358
70832894,LL22137003M,982091101332894,1708,2022-12-17 00:03:07,195,0,74000,114
70839149,LL22151302M,982091101339149,1708,2022-12-17 00:13:24,415,0,84500,397
70834870,LL22138604M,982091101334870,1708,2022-12-17 00:25:00,1081,0,71500,656
70834904,LL22149702M,982091101334904,1708,2022-12-17 01:37:18,465,0,69500,394
70832894,LL22137003M,982091101332894,1708,2022-12-17 01:54:42,588,0,73000,475
70834870,LL22138604M,982091101334870,1708,2022-12-17 02:13:40,471,0,71000,333
70821306,LL22145602M,982091101121306,1708,2022-12-17 03:08:35,197,0,86000,152
70821269,LL22146202M,982091101121269,1708,2022-12-17 03:13:12,326,0,68500,121
70834904,LL22149702M,982091101334904,1708,2022-12-17 03:33:46,201,0,70000,188
70832894,LL22137003M,982091101332894,1708,2022-12-17 04:09:45,40,0,,2
70821276,LL22142904M,982091101121276,1708,2022-12-17 04:25:51,199,0,69500,91
70832894,LL22137003M,982091101332894,1708,2022-12-17 04:44:41,302,0,72500,156
70832894,LL22137003M,982091101332894,1708,2022-12-17 04:51:45,642,0,72500,427
70821306,LL22145602M,982091101121306,1708,2022-12-17 05:02:59,103,0,84500,58
70834912,LL22137303M,982091101334912,1708,2022-12-17 05:04:59,121,0,65000,30
70834115,LL22151701M,982091101334115,1708,2022-12-17 05:07:32,172,0,80500,92
70839190,LL22149102M,982091101339190,1708,2022-12-17 05:10:40,632,0,80000,461
70834137,LL22136804M,982091101334137,1708,2022-12-17 05:21:32,653,0,75500,474
70821276,LL22142904M,982091101121276,1708,2022-12-17 05:32:29,556,0,69500,382
70839149,LL22151302M,982091101339149,1708,2022-12-17 05:41:53,217,0,83000,151
70821269,LL22146202M,982091101121269,1708,2022-12-17 05:45:42,857,0,67500,408
70834912,LL22137303M,982091101334912,1708,2022-12-17 06:00:24,1247,0,64000,474
70821269,LL22146202M,982091101121269,1708,2022-12-17 06:21:15,226,0,68000,66
70834115,LL22151701M,982091101334115,1708,2022-12-17 06:25:05,636,0,80000,422
70821306,LL22145602M,982091101121306,1708,2022-12-17 06:36:05,177,0,84000,68
70839149,LL22151302M,982091101339149,1708,2022-12-17 06:49:22,466,0,83500,386
70821269,LL22146202M,982091101121269,1708,2022-12-17 06:57:50,596,0,67500,49
70834137,LL22136804M,982091101334137,1708,2022-12-17 07:08:34,55,0,,4
70821269,LL22146202M,982091101121269,1708,2022-12-17 07:11:32,283,0,68000,149
70821306,LL22145602M,982091101121306,1708,2022-12-17 07:17:20,341,0,84000,277
70821306,LL22145602M,982091101121306,1708,2022-12-17 07:23:50,48,0,,2
70821269,LL22146202M,982091101121269,1708,2022-12-17 07:26:40,88,0,67500,31
70821269,LL22146202M,982091101121269,1708,2022-12-17 07:36:42,92,0,68500,53
70834137,LL22136804M,982091101334137,1708,2022-12-17 07:43:37,312,0,75000,230
70821276,LL22142904M,982091101121276,1708,2022-12-17 07:50:47,394,0,67500,284
70834904,LL22149702M,982091101334904,1708,2022-12-17 07:57:25,655,0,68500,485
70839190,LL22149102M,982091101339190,1708,2022-12-17 08:08:48,783,0,79000,483
70821276,LL22142904M,982091101121276,1708,2022-12-17 08:22:08,275,0,67500,129
70821306,LL22145602M,982091101121306,1708,2022-12-17 08:27:36,389,0,84000,352
70839149,LL22151302M,982091101339149,1708,2022-12-17 08:34:58,28,0,,1
70834137,LL22136804M,982091101334137,1708,2022-12-17 08:35:50,93,0,74000,29
70834870,LL22138604M,982091101334870,1708,2022-12-17 08:37:36,268,0,69500,115
70839149,LL22151302M,982091101339149,1708,2022-12-17 08:42:17,35,0,,5
70834870,LL22138604M,982091101334870,1708,2022-12-17 08:44:05,408,0,70000,304
70834904,LL22149702M,982091101334904,1708,2022-12-17 08:51:01,89,0,68000,18
70821269,LL22146202M,982091101121269,1708,2022-12-17 08:54:28,136,0,67000,36
70839190,LL22149102M,982091101339190,1708,2022-12-17 08:57:30,89,0,78750,23
70834912,LL22137303M,982091101334912,1708,2022-12-17 08:59:07,1162,0,64000,364
70821254,LL22145301M,982091101121254,1708,2022-12-17 09:18:54,332,0,59000,86
70834912,LL22137303M,982091101334912,1708,2022-12-17 09:24:38,70,0,64500,2
70821254,LL22145301M,982091101121254,1708,2022-12-17 09:26:17,38,0,,1
70834870,LL22138604M,982091101334870,1708,2022-12-17 09:27:44,123,0,69500,18
70821269,LL22146202M,982091101121269,1708,2022-12-17 09:30:56,10,0,,1
70832894,LL22137003M,982091101332894,1708,2022-12-17 09:33:01,262,0,70500,16
70821269,LL22146202M,982091101121269,1708,2022-12-17 09:37:39,546,0,67500,10
70834904,LL22149702M,982091101334904,1708,2022-12-17 09:47:02,21,0,,1
70832894,LL22137003M,982091101332894,1708,2022-12-17 09:49:52,400,0,70500,14
70821269,LL22146202M,982091101121269,1708,2022-12-17 09:58:02,189,0,67500,2
70832894,LL22137003M,982091101332894,1708,2022-12-17 10:08:57,655,0,71000,414
70832894,LL22137003M,982091101332894,1708,2022-12-17 10:24:04,587,0,71500,394
70834870,LL22138604M,982091101334870,1708,2022-12-17 10:44:14,586,0,70000,457
70821306,LL22145602M,982091101121306,1708,2022-12-17 10:54:16,304,0,83000,69
70821269,LL22146202M,982091101121269,1708,2022-12-17 10:59:29,297,0,67500,57
70839190,LL22149102M,982091101339190,1708,2022-12-17 11:04:34,153,0,78500,30
70821269,LL22146202M,982091101121269,1708,2022-12-17 11:07:15,137,0,67000,27
70839190,LL22149102M,982091101339190,1708,2022-12-17 11:09:57,255,0,79000,17
70834137,LL22136804M,982091101334137,1708,2022-12-17 11:14:16,609,0,74000,459
70839149,LL22151302M,982091101339149,1708,2022-12-17 11:24:42,555,0,82000,475
70839190,LL22149102M,982091101339190,1708,2022-12-17 11:34:18,763,0,79000,539
70821276,LL22142904M,982091101121276,1708,2022-12-17 11:47:01,646,0,68000,413
70839190,LL22149102M,982091101339190,1708,2022-12-17 11:57:59,417,0,79000,216
70834904,LL22149702M,982091101334904,1708,2022-12-17 12:04:56,663,0,66500,528
70821276,LL22142904M,982091101121276,1708,2022-12-17 12:18:00,224,0,68000,154
70834912,LL22137303M,982091101334912,1708,2022-12-17 12:25:01,970,0,64000,505
70821269,LL22146202M,982091101121269,1708,2022-12-17 12:43:03,813,0,67500,523
70834137,LL22136804M,982091101334137,1708,2022-12-17 12:56:36,157,0,73500,84
70821276,LL22142904M,982091101121276,1708,2022-12-17 12:59:58,214,0,68500,114
70821269,LL22146202M,982091101121269,1708,2022-12-17 13:03:45,225,0,68000,126
70839190,LL22149102M,982091101339190,1708,2022-12-17 13:08:32,62,0,78500,1
70821254,LL22145301M,982091101121254,1708,2022-12-17 13:09:42,652,0,58500,244
70839149,LL22151302M,982091101339149,1708,2022-12-17 13:20:42,43,0,,1
70821306,LL22145602M,982091101121306,1708,2022-12-17 13:21:29,633,0,82500,499
70834115,LL22151701M,982091101334115,1708,2022-12-17 13:32:02,586,0,79500,473
70839190,LL22149102M,982091101339190,1708,2022-12-17 13:43:10,144,0,78500,7
70821306,LL22145602M,982091101121306,1708,2022-12-17 13:45:54,59,0,,1
70839190,LL22149102M,982091101339190,1708,2022-12-17 13:47:46,556,0,78500,450
70839149,LL22151302M,982091101339149,1708,2022-12-17 13:57:18,607,0,81500,441
70821306,LL22145602M,982091101121306,1708,2022-12-17 14:08:50,51,0,,21
70821276,LL22142904M,982091101121276,1708,2022-12-17 14:12:25,60,0,,18
70834904,LL22149702M,982091101334904,1708,2022-12-17 14:18:43,37,0,,14
70834870,LL22138604M,982091101334870,1708,2022-12-17 14:19:32,474,0,69500,348
70832894,LL22137003M,982091101332894,1708,2022-12-17 14:30:45,393,0,70500,258
70821276,LL22142904M,982091101121276,1708,2022-12-17 14:37:30,72,0,68000,35
70834137,LL22136804M,982091101334137,1708,2022-12-17 14:38:58,440,0,74000,275
70834115,LL22151701M,982091101334115,1708,2022-12-17 14:46:47,161,0,79000,61
70821306,LL22145602M,982091101121306,1708,2022-12-17 14:53:41,34,0,,1
70834904,LL22149702M,982091101334904,1708,2022-12-17 14:55:57,13,0,,1
70821306,LL22145602M,982091101121306,1708,2022-12-17 14:56:22,29,0,,2
70821269,LL22146202M,982091101121269,1708,2022-12-17 14:58:29,90,0,67500,19
70834912,LL22137303M,982091101334912,1708,2022-12-17 15:00:28,779,0,63000,325
70821269,LL22146202M,982091101121269,1708,2022-12-17 15:14:08,298,0,67500,121
70834115,LL22151701M,982091101334115,1708,2022-12-17 15:21:07,466,0,79500,362
70834870,LL22138604M,982091101334870,1708,2022-12-17 15:39:46,23,0,,1
70821276,LL22142904M,982091101121276,1708,2022-12-17 15:40:17,187,0,68500,144
70834912,LL22137303M,982091101334912,1708,2022-12-17 15:55:46,285,0,63500,97
70839149,LL22151302M,982091101339149,1708,2022-12-17 16:02:16,387,0,82000,248
70832894,LL22137003M,982091101332894,1708,2022-12-17 16:09:51,94,0,71000,23
70839190,LL22149102M,982091101339190,1708,2022-12-17 16:11:42,145,0,79000,68
70834137,LL22136804M,982091101334137,1708,2022-12-17 16:16:08,320,0,73500,202
70839149,LL22151302M,982091101339149,1708,2022-12-17 16:36:31,226,0,82500,140
70834904,LL22149702M,982091101334904,1708,2022-12-17 16:43:23,45,0,,13
70834904,LL22149702M,982091101334904,1708,2022-12-17 16:46:11,278,0,67000,78
70821269,LL22146202M,982091101121269,1708,2022-12-17 17:27:29,295,0,66500,152
70821306,LL22145602M,982091101121306,1708,2022-12-17 17:32:37,331,0,83000,282
70839149,LL22151302M,982091101339149,1708,2022-12-17 17:38:25,112,0,82000,57
70821254,LL22145301M,982091101121254,1708,2022-12-17 17:40:25,36,0,,3
70834904,LL22149702M,982091101334904,1708,2022-12-17 17:41:25,14,0,,2
70839149,LL22151302M,982091101339149,1708,2022-12-17 17:43:42,276,0,83000,91
70834115,LL22151701M,982091101334115,1708,2022-12-17 17:48:30,375,0,80500,306
70821276,LL22142904M,982091101121276,1708,2022-12-17 17:54:57,182,0,68500,62
70834137,LL22136804M,982091101334137,1708,2022-12-17 18:09:22,372,0,74500,303
70834115,LL22151701M,982091101334115,1708,2022-12-17 18:38:09,106,0,80500,89
70832894,LL22137003M,982091101332894,1708,2022-12-17 18:40:48,175,0,72000,61
70832894,LL22137003M,982091101332894,1708,2022-12-17 18:45:44,87,0,71750,25
70832894,LL22137003M,982091101332894,1708,2022-12-17 18:49:12,459,0,72000,375
70839149,LL22151302M,982091101339149,1708,2022-12-17 19:22:37,180,0,83000,98
70834904,LL22149702M,982091101334904,1708,2022-12-17 19:38:25,307,0,67500,70
70821254,LL22145301M,982091101121254,1708,2022-12-17 19:45:34,750,0,59000,333
70834137,LL22136804M,982091101334137,1708,2022-12-17 20:04:53,162,0,74000,112
70821276,LL22142904M,982091101121276,1708,2022-12-17 20:44:40,130,0,68500,80
70821276,LL22142904M,982091101121276,1708,2022-12-17 20:54:15,173,0,68000,131
70834912,LL22137303M,982091101334912,1708,2022-12-17 20:57:33,356,0,64000,195
70821276,LL22142904M,982091101121276,1708,2022-12-17 21:04:05,177,0,68500,83
70839149,LL22151302M,982091101339149,1708,2022-12-17 22:03:34,299,0,82500,285
70834904,LL22149702M,982091101334904,1708,2022-12-17 22:43:57,207,0,67500,158
70839190,LL22149102M,982091101339190,1708,2022-12-17 22:53:12,313,0,80000,161
70834870,LL22138604M,982091101334870,1708,2022-12-17 22:58:41,17,0,,1
70834912,LL22137303M,982091101334912,1708,2022-12-17 23:02:14,643,0,64000,355
70834870,LL22138604M,982091101334870,1708,2022-12-17 23:13:09,173,0,68500,66
70834870,LL22138604M,982091101334870,1708,2022-12-17 23:18:04,471,0,68500,263
70839149,LL22151302M,982091101339149,1708,2022-12-17 23:42:59,191,0,83000,158
70821306,LL22145602M,982091101121306,1708,2022-12-18 00:00:40,353,0,83000,370
70832894,LL22137003M,982091101332894,1708,2022-12-18 00:58:00,47,0,,2
70834904,LL22149702M,982091101334904,1708,2022-12-18 01:03:30,300,0,68000,168
70832894,LL22137003M,982091101332894,1708,2022-12-18 01:10:30,54,0,,8
70834870,LL22138604M,982091101334870,1708,2022-12-18 01:11:31,73,0,68500,40
70821269,LL22146202M,982091101121269,1708,2022-12-18 01:14:21,453,0,68500,225
70839190,LL22149102M,982091101339190,1708,2022-12-18 01:22:18,434,0,80000,277
70834870,LL22138604M,982091101334870,1708,2022-12-18 01:29:37,72,0,68250,2
70821306,LL22145602M,982091101121306,1708,2022-12-18 01:32:50,268,0,83000,280
70834870,LL22138604M,982091101334870,1708,2022-12-18 01:44:09,266,0,68500,85
70834904,LL22149702M,982091101334904,1708,2022-12-18 02:25:33,391,0,67500,331
70832894,LL22137003M,982091101332894,1708,2022-12-18 02:36:13,281,0,70500,135
70832894,LL22137003M,982091101332894,1708,2022-12-18 02:42:55,569,0,71000,401
70834137,LL22136804M,982091101334137,1708,2022-12-18 03:01:23,260,0,73500,112
70834115,LL22151701M,982091101334115,1708,2022-12-18 03:40:04,499,0,80500,419
70834870,LL22138604M,982091101334870,1708,2022-12-18 03:48:39,154,0,68000,59
70839149,LL22151302M,982091101339149,1708,2022-12-18 03:57:09,327,0,82500,312
70821306,LL22145602M,982091101121306,1708,2022-12-18 04:03:05,220,0,84000,116
70821276,LL22142904M,982091101121276,1708,2022-12-18 04:08:02,445,0,67500,258
70834912,LL22137303M,982091101334912,1708,2022-12-18 04:42:11,45,0,,9
70821269,LL22146202M,982091101121269,1708,2022-12-18 04:43:04,375,0,68000,202
70834115,LL22151701M,982091101334115,1708,2022-12-18 04:49:43,196,0,80500,160
70821269,LL22146202M,982091101121269,1708,2022-12-18 04:53:07,129,0,69000,57
70834870,LL22138604M,982091101334870,1708,2022-12-18 04:55:20,703,0,68500,448
70834137,LL22136804M,982091101334137,1708,2022-12-18 05:19:57,731,0,74000,536
70834137,LL22136804M,982091101334137,1708,2022-12-18 05:35:12,397,0,74000,306
70839149,LL22151302M,982091101339149,1708,2022-12-18 05:42:09,138,0,83000,105
70834912,LL22137303M,982091101334912,1708,2022-12-18 05:44:35,301,0,63000,75
70839190,LL22149102M,982091101339190,1708,2022-12-18 05:49:44,619,0,79500,420
70821276,LL22142904M,982091101121276,1708,2022-12-18 06:00:15,484,0,67500,333
70832894,LL22137003M,982091101332894,1708,2022-12-18 06:09:15,382,0,70000,193
70821269,LL22146202M,982091101121269,1708,2022-12-18 06:15:41,720,0,67500,349
70834115,LL22151701M,982091101334115,1708,2022-12-18 06:28:14,274,0,80000,161
70834912,LL22137303M,982091101334912,1708,2022-12-18 06:33:49,284,0,62500,136
70834904,LL22149702M,982091101334904,1708,2022-12-18 06:38:41,555,0,67500,356
70821306,LL22145602M,982091101121306,1708,2022-12-18 06:48:08,450,0,83000,435
70834115,LL22151701M,982091101334115,1708,2022-12-18 06:57:07,33,0,,1
70821306,LL22145602M,982091101121306,1708,2022-12-18 06:58:45,22,0,,8
70832894,LL22137003M,982091101332894,1708,2022-12-18 07:01:08,43,0,,8
70821269,LL22146202M,982091101121269,1708,2022-12-18 07:01:59,408,0,67000,144
70821269,LL22146202M,982091101121269,1708,2022-12-18 07:21:05,84,0,68000,54
70821306,LL22145602M,982091101121306,1708,2022-12-18 07:23:25,339,0,83500,285
70834870,LL22138604M,982091101334870,1708,2022-12-18 07:31:05,72,0,67500,26
70821276,LL22142904M,982091101121276,1708,2022-12-18 07:36:50,146,0,67500,105
70839149,LL22151302M,982091101339149,1708,2022-12-18 07:39:24,245,0,82000,243
70821306,LL22145602M,982091101121306,1708,2022-12-18 07:44:42,17,0,,6
70821276,LL22142904M,982091101121276,1708,2022-12-18 07:45:27,248,0,67500,139
70832894,LL22137003M,982091101332894,1708,2022-12-18 07:51:36,817,0,70000,432
70834137,LL22136804M,982091101334137,1708,2022-12-18 08:05:26,78,0,73500,1
70834115,LL22151701M,982091101334115,1708,2022-12-18 08:08:18,47,0,,13
70834870,LL22138604M,982091101334870,1708,2022-12-18 08:09:17,63,0,68000,8
70821254,LL22145301M,982091101121254,1708,2022-12-18 08:10:40,174,0,58500,33
70821254,LL22145301M,982091101121254,1708,2022-12-18 08:15:36,410,0,59000,87
70834115,LL22151701M,982091101334115,1708,2022-12-18 08:23:16,156,0,80000,31
70839149,LL22151302M,982091101339149,1708,2022-12-18 08:26:00,243,0,82500,186
70834115,LL22151701M,982091101334115,1708,2022-12-18 08:30:11,11,0,,1
70834870,LL22138604M,982091101334870,1708,2022-12-18 08:30:31,153,0,67500,47
70834115,LL22151701M,982091101334115,1708,2022-12-18 08:40:11,453,0,80500,336
70839190,LL22149102M,982091101339190,1708,2022-12-18 08:49:47,332,0,79000,170
70834904,LL22149702M,982091101334904,1708,2022-12-18 09:01:11,371,0,67500,303
70834912,LL22137303M,982091101334912,1708,2022-12-18 09:25:00,578,0,62500,153
70834137,LL22136804M,982091101334137,1708,2022-12-18 09:36:00,74,0,74000,2
70834912,LL22137303M,982091101334912,1708,2022-12-18 09:40:31,373,0,62750,169
70821306,LL22145602M,982091101121306,1708,2022-12-18 09:47:50,175,0,83000,163
70834912,LL22137303M,982091101334912,1708,2022-12-18 09:51:17,31,0,,8
70821306,LL22145602M,982091101121306,1708,2022-12-18 09:53:49,48,0,,4
70821269,LL22146202M,982091101121269,1708,2022-12-18 10:00:59,200,0,67500,81
70821276,LL22142904M,982091101121276,1708,2022-12-18 10:08:31,245,0,68000,46
70821269,LL22146202M,982091101121269,1708,2022-12-18 10:12:48,113,0,68000,41
70839149,LL22151302M,982091101339149,1708,2022-12-18 10:16:27,60,0,,16
70839190,LL22149102M,982091101339190,1708,2022-12-18 10:17:31,80,0,78750,23
70821269,LL22146202M,982091101121269,1708,2022-12-18 10:24:22,422,0,68000,228
70834870,LL22138604M,982091101334870,1708,2022-12-18 10:32:01,76,0,67500,69
70839190,LL22149102M,982091101339190,1708,2022-12-18 10:33:17,156,0,80500,112
70821254,LL22145301M,982091101121254,1708,2022-12-18 10:37:11,176,0,59000,30
70839190,LL22149102M,982091101339190,1708,2022-12-18 10:40:28,61,0,80000,28
70821254,LL22145301M,982091101121254,1708,2022-12-18 10:42:34,82,0,59500,9
70834115,LL22151701M,982091101334115,1708,2022-12-18 10:45:59,75,0,82000,3
70834904,LL22149702M,982091101334904,1708,2022-12-18 10:47:47,712,0,70500,65
70834912,LL22137303M,982091101334912,1708,2022-12-18 11:00:25,27,0,,1
70821276,LL22142904M,982091101121276,1708,2022-12-18 11:01:21,920,0,70500,565
70821254,LL22145301M,982091101121254,1708,2022-12-18 11:16:49,1001,0,60500,424
70821269,LL22146202M,982091101121269,1708,2022-12-18 11:33:34,148,0,68500,43
70834137,LL22136804M,982091101334137,1708,2022-12-18 11:36:06,1036,0,77500,936
70839190,LL22149102M,982091101339190,1708,2022-12-18 11:53:39,1129,0,81500,978
70832894,LL22137003M,982091101332894,1708,2022-12-18 12:12:32,1057,0,74000,1005
70834870,LL22138604M,982091101334870,1708,2022-12-18 12:30:13,1135,0,71500,908
70834904,LL22149702M,982091101334904,1708,2022-12-18 12:49:20,833,0,70000,853
70821269,LL22146202M,982091101121269,1708,2022-12-18 13:03:17,1139,0,70500,645
70834912,LL22137303M,982091101334912,1708,2022-12-18 13:22:33,1493,0,64500,870
70821306,LL22145602M,982091101121306,1708,2022-12-18 13:47:52,953,0,86000,1043
70821269,LL22146202M,982091101121269,1708,2022-12-18 14:04:22,183,0,70500,89
70821276,LL22142904M,982091101121276,1708,2022-12-18 14:07:29,601,0,71500,516
70821269,LL22146202M,982091101121269,1708,2022-12-18 14:26:46,363,0,70000,220
70821269,LL22146202M,982091101121269,1708,2022-12-18 14:35:23,188,0,70500,55
70839149,LL22151302M,982091101339149,1708,2022-12-18 14:38:36,896,0,84500,989
70839190,LL22149102M,982091101339190,1708,2022-12-18 14:53:45,781,0,82000,653
70821269,LL22146202M,982091101121269,1708,2022-12-18 15:08:49,136,0,70000,82
70839149,LL22151302M,982091101339149,1708,2022-12-18 15:24:29,316,0,85000,319
70839190,LL22149102M,982091101339190,1708,2022-12-18 15:30:05,128,0,83000,121
70839149,LL22151302M,982091101339149,1708,2022-12-18 15:34:16,204,0,86500,143
70821276,LL22142904M,982091101121276,1708,2022-12-18 15:37:48,62,0,73500,48
70834115,LL22151701M,982091101334115,1708,2022-12-18 15:38:54,757,0,82000,779
70821254,LL22145301M,982091101121254,1708,2022-12-18 15:53:34,957,0,61000,476
70834137,LL22136804M,982091101334137,1708,2022-12-18 16:10:40,734,0,78000,689
70834904,LL22149702M,982091101334904,1708,2022-12-18 16:24:55,446,0,71500,450
70834115,LL22151701M,982091101334115,1708,2022-12-18 17:44:14,542,0,83000,578
70821276,LL22142904M,982091101121276,1708,2022-12-18 17:54:26,392,0,71500,323
70821276,LL22142904M,982091101121276,1708,2022-12-18 18:07:22,74,0,72500,53
70832894,LL22137003M,982091101332894,1708,2022-12-18 19:03:48,601,0,75500,591
70834115,LL22151701M,982091101334115,1708,2022-12-18 20:03:06,128,0,84000,112
70834115,LL22151701M,982091101334115,1708,2022-12-18 21:12:35,310,0,84000,372
70821254,LL22145301M,982091101121254,1708,2022-12-18 21:20:51,661,0,62000,334
70839190,LL22149102M,982091101339190,1708,2022-12-18 21:35:32,371,0,83500,215
70839149,LL22151302M,982091101339149,1708,2022-12-18 21:46:24,104,0,85000,81
70834912,LL22137303M,982091101334912,1708,2022-12-18 21:51:25,657,0,66000,402
70839190,LL22149102M,982091101339190,1708,2022-12-18 22:04:10,236,0,83500,167
70839149,LL22151302M,982091101339149,1708,2022-12-18 22:09:50,33,0,,13
70839149,LL22151302M,982091101339149,1708,2022-12-18 22:12:27,329,0,85500,295
70834904,LL22149702M,982091101334904,1708,2022-12-18 22:18:45,569,0,71500,463
70821276,LL22142904M,982091101121276,1708,2022-12-18 22:28:34,48,0,,39
70834137,LL22136804M,982091101334137,1708,2022-12-18 22:37:28,235,0,78000,224
70821306,LL22145602M,982091101121306,1708,2022-12-19 00:31:16,410,0,87000,368
70839149,LL22151302M,982091101339149,1708,2022-12-19 00:38:31,27,0,,13
70834137,LL22136804M,982091101334137,1708,2022-12-19 00:42:14,411,0,77750,378
70832894,LL22137003M,982091101332894,1708,2022-12-19 01:51:51,586,0,75000,504
70821269,LL22146202M,982091101121269,1708,2022-12-19 02:15:07,378,0,70500,187
70821276,LL22142904M,982091101121276,1708,2022-12-19 02:23:25,485,0,71000,316
70834904,LL22149702M,982091101334904,1708,2022-12-19 02:33:14,30,0,,16
70834870,LL22138604M,982091101334870,1708,2022-12-19 02:34:09,205,0,70500,103
70834870,LL22138604M,982091101334870,1708,2022-12-19 02:39:34,828,0,71500,463
70834115,LL22151701M,982091101334115,1708,2022-12-19 02:56:04,310,0,83500,268
70834904,LL22149702M,982091101334904,1708,2022-12-19 03:12:23,331,0,71500,215
70834904,LL22149702M,982091101334904,1708,2022-12-19 03:25:56,328,0,71500,333
70821269,LL22146202M,982091101121269,1708,2022-12-19 04:00:24,62,0,65250,47
70839149,LL22151302M,982091101339149,1708,2022-12-19 04:03:28,383,0,85500,400
70834870,LL22138604M,982091101334870,1708,2022-12-19 04:11:20,300,0,71500,160
70821306,LL22145602M,982091101121306,1708,2022-12-19 04:18:01,48,0,,19
70821306,LL22145602M,982091101121306,1708,2022-12-19 04:20:52,387,0,86000,408
70834870,LL22138604M,982091101334870,1708,2022-12-19 04:27:36,75,0,71500,38
70821306,LL22145602M,982091101121306,1708,2022-12-19 04:37:31,282,0,86500,291
70821269,LL22146202M,982091101121269,1708,2022-12-19 05:02:28,387,0,69500,126
70832894,LL22137003M,982091101332894,1708,2022-12-19 05:38:05,573,0,74000,482
70834137,LL22136804M,982091101334137,1708,2022-12-19 05:48:42,105,0,78000,54
70834115,LL22151701M,982091101334115,1708,2022-12-19 05:52:27,241,0,83000,220
70821269,LL22146202M,982091101121269,1708,2022-12-19 05:57:08,225,0,66000,150
70821276,LL22142904M,982091101121276,1708,2022-12-19 06:01:58,317,0,71000,222
70821269,LL22146202M,982091101121269,1708,2022-12-19 06:07:28,224,0,69500,137
70834912,LL22137303M,982091101334912,1708,2022-12-19 06:11:28,318,0,64500,173
70821269,LL22146202M,982091101121269,1708,2022-12-19 06:16:50,66,0,69000,37
70821276,LL22142904M,982091101121276,1708,2022-12-19 06:18:08,292,0,70000,223
70834912,LL22137303M,982091101334912,1708,2022-12-19 06:23:16,613,0,64500,334
70834904,LL22149702M,982091101334904,1708,2022-12-19 06:33:50,533,0,71000,475
70834870,LL22138604M,982091101334870,1708,2022-12-19 06:42:55,757,0,72000,544
70834137,LL22136804M,982091101334137,1708,2022-12-19 06:55:49,512,0,77000,424
70832894,LL22137003M,982091101332894,1708,2022-12-19 07:05:14,14,0,,1
70821254,LL22145301M,982091101121254,1708,2022-12-19 07:05:36,914,0,61500,425
70821269,LL22146202M,982091101121269,1708,2022-12-19 07:22:14,68,0,69000,33
70834904,LL22149702M,982091101334904,1708,2022-12-19 07:24:40,29,0,,16
70834870,LL22138604M,982091101334870,1708,2022-12-19 07:27:53,125,0,72000,34
70821269,LL22146202M,982091101121269,1708,2022-12-19 07:33:38,199,0,69500,135
70834904,LL22149702M,982091101334904,1708,2022-12-19 07:41:41,49,0,,47
70839149,LL22151302M,982091101339149,1708,2022-12-19 07:55:22,304,0,85000,215
70834115,LL22151701M,982091101334115,1708,2022-12-19 08:00:31,542,0,83000,497
70839190,LL22149102M,982091101339190,1708,2022-12-19 08:09:53,349,0,80500,170
70839149,LL22151302M,982091101339149,1708,2022-12-19 08:16:07,118,0,84500,171
70834912,LL22137303M,982091101334912,1708,2022-12-19 08:18:05,666,0,64500,199
70821276,LL22142904M,982091101121276,1708,2022-12-19 08:29:23,270,0,69500,193
70839149,LL22151302M,982091101339149,1708,2022-12-19 08:33:53,250,0,85500,244
70821306,LL22145602M,982091101121306,1708,2022-12-19 08:38:24,879,0,86500,691
70832894,LL22137003M,982091101332894,1708,2022-12-19 08:53:07,934,0,75000,716
70834137,LL22136804M,982091101334137,1708,2022-12-19 09:08:49,534,0,77000,422
70834904,LL22149702M,982091101334904,1708,2022-12-19 09:57:04,443,0,71500,397
70834115,LL22151701M,982091101334115,1708,2022-12-19 10:06:30,273,0,84000,234
70839190,LL22149102M,982091101339190,1708,2022-12-19 10:11:11,613,0,80500,433
70821269,LL22146202M,982091101121269,1708,2022-12-19 10:21:32,619,0,69000,331
70821276,LL22142904M,982091101121276,1708,2022-12-19 10:31:59,293,0,69500,220
70821254,LL22145301M,982091101121254,1708,2022-12-19 10:37:00,944,0,62000,415
70821276,LL22142904M,982091101121276,1708,2022-12-19 10:53:00,364,0,70000,271
70834912,LL22137303M,982091101334912,1708,2022-12-19 10:59:56,120,0,65000,65
70839149,LL22151302M,982091101339149,1708,2022-12-19 11:02:01,562,0,84500,544
70839190,LL22149102M,982091101339190,1708,2022-12-19 11:11:40,732,0,80500,573
70832894,LL22137003M,982091101332894,1708,2022-12-19 11:24:33,733,0,75500,799
70821269,LL22146202M,982091101121269,1708,2022-12-19 11:37:08,704,0,69000,441
70834912,LL22137303M,982091101334912,1708,2022-12-19 11:49:08,399,0,65000,172
70821269,LL22146202M,982091101121269,1708,2022-12-19 11:56:03,13,0,,1
70821276,LL22142904M,982091101121276,1708,2022-12-19 12:03:23,71,0,71000,33
70821306,LL22145602M,982091101121306,1708,2022-12-19 12:05:11,461,0,87500,442
70821269,LL22146202M,982091101121269,1708,2022-12-19 12:13:04,77,0,67500,67
70834115,LL22151701M,982091101334115,1708,2022-12-19 12:14:25,431,0,83500,425
70821306,LL22145602M,982091101121306,1708,2022-12-19 12:22:09,264,0,87000,213
70834137,LL22136804M,982091101334137,1708,2022-12-19 12:26:38,759,0,78000,669
70834904,LL22149702M,982091101334904,1708,2022-12-19 12:39:33,809,0,71500,793
70821269,LL22146202M,982091101121269,1708,2022-12-19 12:53:26,155,0,70000,113
70821276,LL22142904M,982091101121276,1708,2022-12-19 12:56:05,95,0,69500,67
70839149,LL22151302M,982091101339149,1708,2022-12-19 12:57:40,88,0,85500,60
70821306,LL22145602M,982091101121306,1708,2022-12-19 13:00:50,19,0,,1
70821269,LL22146202M,982091101121269,1708,2022-12-19 13:01:29,69,0,70500,2
70821269,LL22146202M,982091101121269,1708,2022-12-19 13:04:41,266,0,70500,174
70839149,LL22151302M,982091101339149,1708,2022-12-19 13:09:15,355,0,85000,291
70834912,LL22137303M,982091101334912,1708,2022-12-19 13:15:22,1186,0,65000,699
70839149,LL22151302M,982091101339149,1708,2022-12-19 13:35:37,171,0,86000,140
70839190,LL22149102M,982091101339190,1708,2022-12-19 13:38:32,738,0,82500,578
70834870,LL22138604M,982091101334870,1708,2022-12-19 13:50:54,1159,0,71500,917
70832894,LL22137003M,982091101332894,1708,2022-12-19 14:10:26,603,0,76500,498
70821269,LL22146202M,982091101121269,1708,2022-12-19 14:23:44,109,0,70500,82
70821276,LL22142904M,982091101121276,1708,2022-12-19 14:26:26,645,0,71500,445
70821276,LL22142904M,982091101121276,1708,2022-12-19 14:43:37,30,0,,20
70821269,LL22146202M,982091101121269,1708,2022-12-19 14:44:20,502,0,71000,341
70821269,LL22146202M,982091101121269,1708,2022-12-19 14:55:18,128,0,71500,61
70834870,LL22138604M,982091101334870,1708,2022-12-19 15:00:01,366,0,72500,226
70834904,LL22149702M,982091101334904,1708,2022-12-19 15:10:20,263,0,72000,202
70821306,LL22145602M,982091101121306,1708,2022-12-19 15:16:45,408,0,88500,364
70839149,LL22151302M,982091101339149,1708,2022-12-19 15:23:37,131,0,88000,128
70839190,LL22149102M,982091101339190,1708,2022-12-19 15:26:51,149,0,83500,113
70834912,LL22137303M,982091101334912,1708,2022-12-19 15:30:06,58,0,,12
70821254,LL22145301M,982091101121254,1708,2022-12-19 15:31:08,64,0,61500,16
70839149,LL22151302M,982091101339149,1708,2022-12-19 15:32:28,13,0,,1
70821254,LL22145301M,982091101121254,1708,2022-12-19 15:32:53,952,0,62500,449
70821306,LL22145602M,982091101121306,1708,2022-12-19 15:49:34,15,0,,2
70834912,LL22137303M,982091101334912,1708,2022-12-19 15:50:06,231,0,66000,28
70821269,LL22146202M,982091101121269,1708,2022-12-19 15:54:25,253,0,67000,1
70839149,LL22151302M,982091101339149,1708,2022-12-19 15:59:51,19,0,,1
70834904,LL22149702M,982091101334904,1708,2022-12-19 16:00:22,19,0,,2
70821269,LL22146202M,982091101121269,1708,2022-12-19 16:05:03,314,0,71500,199
70834115,LL22151701M,982091101334115,1708,2022-12-19 16:10:49,274,0,82000,260
70821276,LL22142904M,982091101121276,1708,2022-12-19 16:23:30,255,0,72000,140
70821276,LL22142904M,982091101121276,1708,2022-12-19 16:31:26,54,0,,45
70821276,LL22142904M,982091101121276,1708,2022-12-19 16:38:42,253,0,72500,212
70839149,LL22151302M,982091101339149,1708,2022-12-19 17:02:55,369,0,87500,399
70834912,LL22137303M,982091101334912,1708,2022-12-19 17:09:29,311,0,66000,163
70839190,LL22149102M,982091101339190,1708,2022-12-19 17:15:08,361,0,83000,279
70821306,LL22145602M,982091101121306,1708,2022-12-19 17:23:10,70,0,88250,44
70821269,LL22146202M,982091101121269,1708,2022-12-19 17:24:29,48,0,,35
70834904,LL22149702M,982091101334904,1708,2022-12-19 17:27:10,31,0,,26
70821254,LL22145301M,982091101121254,1708,2022-12-19 17:28:26,664,0,63000,382
70821269,LL22146202M,982091101121269,1708,2022-12-19 17:40:02,256,0,71500,173
70834115,LL22151701M,982091101334115,1708,2022-12-19 17:46:18,354,0,84000,325
70821276,LL22142904M,982091101121276,1708,2022-12-19 17:56:52,76,0,72500,39
70832894,LL22137003M,982091101332894,1708,2022-12-19 18:00:11,597,0,76500,548
70839149,LL22151302M,982091101339149,1708,2022-12-19 19:23:52,400,0,87500,398
70834904,LL22149702M,982091101334904,1708,2022-12-19 19:32:33,440,0,73500,419
70821269,LL22146202M,982091101121269,1708,2022-12-19 20:41:33,44,0,,7
70834137,LL22136804M,982091101334137,1708,2022-12-19 20:50:12,1041,0,79500,926
70839149,LL22151302M,982091101339149,1708,2022-12-19 22:45:03,155,0,87500,149
70834912,LL22137303M,982091101334912,1708,2022-12-19 22:50:19,693,0,67000,444
70834904,LL22149702M,982091101334904,1708,2022-12-19 23:16:57,231,0,72500,187
70839190,LL22149102M,982091101339190,1708,2022-12-19 23:25:30,573,0,84500,487
70834115,LL22151701M,982091101334115,1708,2022-12-19 23:35:03,654,0,84000,690
70821306,LL22145602M,982091101121306,1708,2022-12-19 23:49:37,200,0,89000,197
70821254,LL22145301M,982091101121254,1708,2022-12-20 00:00:32,698,0,64000,404
70821276,LL22142904M,982091101121276,1708,2022-12-20 00:12:43,173,0,72500,97
70832894,LL22137003M,982091101332894,1708,2022-12-20 00:54:45,479,0,75500,398
70834904,LL22149702M,982091101334904,1708,2022-12-20 02:01:12,367,0,72000,293
70821306,LL22145602M,982091101121306,1708,2022-12-20 02:54:24,702,0,87500,617
70834137,LL22136804M,982091101334137,1708,2022-12-20 04:06:55,415,0,79000,344
70834904,LL22149702M,982091101334904,1708,2022-12-20 04:15:54,31,0,,28
70821276,LL22142904M,982091101121276,1708,2022-12-20 04:17:21,326,0,72000,175
70821269,LL22146202M,982091101121269,1708,2022-12-20 04:25:30,645,0,70500,365
70834870,LL22138604M,982091101334870,1708,2022-12-20 04:36:52,250,0,71500,115
70839149,LL22151302M,982091101339149,1708,2022-12-20 04:41:30,473,0,86500,471
70834870,LL22138604M,982091101334870,1708,2022-12-20 04:49:27,666,0,72000,395
70832894,LL22137003M,982091101332894,1708,2022-12-20 05:32:57,679,0,76000,551
70834115,LL22151701M,982091101334115,1708,2022-12-20 05:44:28,507,0,83500,452
70821306,LL22145602M,982091101121306,1708,2022-12-20 05:53:20,350,0,87500,233
70834904,LL22149702M,982091101334904,1708,2022-12-20 05:59:27,563,0,70500,485
70834912,LL22137303M,982091101334912,1708,2022-12-20 06:14:36,1285,0,66500,621
70821269,LL22146202M,982091101121269,1708,2022-12-20 06:36:17,222,0,70500,114
70834870,LL22138604M,982091101334870,1708,2022-12-20 06:41:34,34,0,,12
70821306,LL22145602M,982091101121306,1708,2022-12-20 06:44:10,37,0,,5
70834115,LL22151701M,982091101334115,1708,2022-12-20 06:46:49,240,0,82500,199
70834870,LL22138604M,982091101334870,1708,2022-12-20 06:51:05,147,0,72000,80
70821254,LL22145301M,982091101121254,1708,2022-12-20 06:54:56,813,0,63000,406
70821269,LL22146202M,982091101121269,1708,2022-12-20 07:08:45,219,0,66500,140
70839149,LL22151302M,982091101339149,1708,2022-12-20 07:12:40,73,0,86250,51
70821269,LL22146202M,982091101121269,1708,2022-12-20 07:14:33,69,0,68500,35
70834870,LL22138604M,982091101334870,1708,2022-12-20 07:16:22,115,0,71500,26
70821269,LL22146202M,982091101121269,1708,2022-12-20 07:19:48,67,0,70500,24
70839149,LL22151302M,982091101339149,1708,2022-12-20 07:20:55,466,0,86000,364
70821269,LL22146202M,982091101121269,1708,2022-12-20 07:30:28,30,0,,25
70834870,LL22138604M,982091101334870,1708,2022-12-20 07:31:46,538,0,72000,307
70834904,LL22149702M,982091101334904,1708,2022-12-20 07:40:57,55,0,,30
70821269,LL22146202M,982091101121269,1708,2022-12-20 07:47:11,118,0,70500,73
70821306,LL22145602M,982091101121306,1708,2022-12-20 07:49:21,173,0,86500,133
70821276,LL22142904M,982091101121276,1708,2022-12-20 07:53:19,873,0,71000,494
70834137,LL22136804M,982091101334137,1708,2022-12-20 08:08:04,616,0,78000,467
70839190,LL22149102M,982091101339190,1708,2022-12-20 08:18:32,732,0,81500,481
70821269,LL22146202M,982091101121269,1708,2022-12-20 08:32:26,41,0,,19
70821306,LL22145602M,982091101121306,1708,2022-12-20 08:33:11,329,0,85500,321
70839149,LL22151302M,982091101339149,1708,2022-12-20 08:38:52,39,0,,9
70834115,LL22151701M,982091101334115,1708,2022-12-20 08:41:13,24,0,,4
70839149,LL22151302M,982091101339149,1708,2022-12-20 08:41:49,15,0,,1
70821254,LL22145301M,982091101121254,1708,2022-12-20 08:42:12,258,0,63000,87
70834904,LL22149702M,982091101334904,1708,2022-12-20 08:49:55,206,0,70000,157
70834912,LL22137303M,982091101334912,1708,2022-12-20 08:53:38,460,0,65500,197
70821269,LL22146202M,982091101121269,1708,2022-12-20 09:01:47,43,0,,11
70839149,LL22151302M,982091101339149,1708,2022-12-20 09:02:51,67,0,84000,1
70821269,LL22146202M,982091101121269,1708,2022-12-20 09:04:48,33,0,,19
70832894,LL22137003M,982091101332894,1708,2022-12-20 09:11:08,625,0,73500,454
70821269,LL22146202M,982091101121269,1708,2022-12-20 09:22:14,289,0,69500,93
70821269,LL22146202M,982091101121269,1708,2022-12-20 09:28:25,155,0,70000,20
70834870,LL22138604M,982091101334870,1708,2022-12-20 09:32:14,132,0,70250,2
70834904,LL22149702M,982091101334904,1708,2022-12-20 09:34:59,16,0,,1
70821269,LL22146202M,982091101121269,1708,2022-12-20 09:38:38,379,0,69500,193
70834870,LL22138604M,982091101334870,1708,2022-12-20 09:46:06,186,0,71000,30
70821306,LL22145602M,982091101121306,1708,2022-12-20 09:51:01,200,0,86000,174
70834115,LL22151701M,982091101334115,1708,2022-12-20 09:56:23,319,0,82000,231
70821306,LL22145602M,982091101121306,1708,2022-12-20 10:13:50,277,0,86250,227
70834870,LL22138604M,982091101334870,1708,2022-12-20 10:18:43,180,0,70500,76
70834870,LL22138604M,982091101334870,1708,2022-12-20 10:23:43,355,0,71000,20
70834904,LL22149702M,982091101334904,1708,2022-12-20 10:33:18,228,0,70500,179
70839149,LL22151302M,982091101339149,1708,2022-12-20 10:37:06,224,0,84500,206
70834904,LL22149702M,982091101334904,1708,2022-12-20 10:41:02,114,0,71000,56
70839149,LL22151302M,982091101339149,1708,2022-12-20 10:43:09,94,0,85000,24
70821276,LL22142904M,982091101121276,1708,2022-12-20 10:44:47,255,0,70500,148
70834912,LL22137303M,982091101334912,1708,2022-12-20 10:49:15,601,0,65500,319
70839190,LL22149102M,982091101339190,1708,2022-12-20 10:59:25,940,0,81500,774
70834137,LL22136804M,982091101334137,1708,2022-12-20 11:15:09,741,0,77500,610
70821276,LL22142904M,982091101121276,1708,2022-12-20 11:27:51,439,0,70500,292
70821269,LL22146202M,982091101121269,1708,2022-12-20 11:35:22,250,0,70500,148
70832894,LL22137003M,982091101332894,1708,2022-12-20 11:39:52,124,0,71500,1
70834912,LL22137303M,982091101334912,1708,2022-12-20 11:43:50,34,0,,9
70821269,LL22146202M,982091101121269,1708,2022-12-20 11:44:52,17,0,,6
70821306,LL22145602M,982091101121306,1708,2022-12-20 11:46:14,300,0,86000,271
70834870,LL22138604M,982091101334870,1708,2022-12-20 11:51:22,212,0,70500,40
70834912,LL22137303M,982091101334912,1708,2022-12-20 11:55:18,47,0,,11
70832894,LL22137003M,982091101332894,1708,2022-12-20 11:57:06,814,0,73000,663
70821254,LL22145301M,982091101121254,1708,2022-12-20 12:13:00,927,0,63000,456
70839190,LL22149102M,982091101339190,1708,2022-12-20 12:29:57,108,0,82000,7
70821306,LL22145602M,982091101121306,1708,2022-12-20 12:38:17,223,0,86500,208
70834870,LL22138604M,982091101334870,1708,2022-12-20 12:42:12,1006,0,71000,720
70834904,LL22149702M,982091101334904,1708,2022-12-20 12:59:15,645,0,71000,490
70821269,LL22146202M,982091101121269,1708,2022-12-20 13:10:00,81,0,69500,12
70839149,LL22151302M,982091101339149,1708,2022-12-20 13:11:33,533,0,84500,468
70821269,LL22146202M,982091101121269,1708,2022-12-20 13:20:46,614,0,70500,341
70832894,LL22137003M,982091101332894,1708,2022-12-20 13:32:10,23,0,,1
70821269,LL22146202M,982091101121269,1708,2022-12-20 13:34:25,86,0,70000,36
70839149,LL22151302M,982091101339149,1708,2022-12-20 13:48:20,182,0,85500,142
70821269,LL22146202M,982091101121269,1708,2022-12-20 13:52:06,422,0,71000,245
70839190,LL22149102M,982091101339190,1708,2022-12-20 13:59:12,233,0,81500,170
70821269,LL22146202M,982091101121269,1708,2022-12-20 14:03:42,9,0,,1
70839190,LL22149102M,982091101339190,1708,2022-12-20 14:05:37,82,0,82250,28
70832894,LL22137003M,982091101332894,1708,2022-12-20 14:13:36,486,0,74000,304
70834912,LL22137303M,982091101334912,1708,2022-12-20 14:21:50,249,0,64000,65
70834912,LL22137303M,982091101334912,1708,2022-12-20 14:31:56,349,0,65000,22
70821276,LL22142904M,982091101121276,1708,2022-12-20 14:37:54,489,0,70000,404
70821306,LL22145602M,982091101121306,1708,2022-12-20 14:47:13,360,0,87000,190
70834137,LL22136804M,982091101334137,1708,2022-12-20 14:54:21,201,0,77500,151
70839149,LL22151302M,982091101339149,1708,2022-12-20 14:57:54,91,0,85000,37
70834115,LL22151701M,982091101334115,1708,2022-12-20 14:59:37,359,0,82500,314
70834904,LL22149702M,982091101334904,1708,2022-12-20 15:05:44,9,0,,3
70834870,LL22138604M,982091101334870,1708,2022-12-20 15:09:10,90,0,72000,1
70834904,LL22149702M,982091101334904,1708,2022-12-20 15:18:43,77,0,72000,42
70839190,LL22149102M,982091101339190,1708,2022-12-20 15:21:16,505,0,83500,420
70821254,LL22145301M,982091101121254,1708,2022-12-20 15:32:26,105,0,65000,6
70834137,LL22136804M,982091101334137,1708,2022-12-20 15:35:00,274,0,80000,233
70832894,LL22137003M,982091101332894,1708,2022-12-20 15:40:06,14,0,,1
70821269,LL22146202M,982091101121269,1708,2022-12-20 15:40:29,1017,0,73500,539
70834912,LL22137303M,982091101334912,1708,2022-12-20 15:57:42,1223,0,67000,604
70834137,LL22136804M,982091101334137,1708,2022-12-20 16:18:18,59,0,,15
70821276,LL22142904M,982091101121276,1708,2022-12-20 16:19:29,516,0,73500,384
70839149,LL22151302M,982091101339149,1708,2022-12-20 16:28:10,537,0,87750,531
70839190,LL22149102M,982091101339190,1708,2022-12-20 16:37:11,812,0,86000,715
70834904,LL22149702M,982091101334904,1708,2022-12-20 16:50:56,614,0,74000,606
70821306,LL22145602M,982091101121306,1708,2022-12-20 17:01:35,545,0,89500,555
70821254,LL22145301M,982091101121254,1708,2022-12-20 17:17:10,44,0,,2
70821276,LL22142904M,982091101121276,1708,2022-12-20 17:25:22,57,0,,45
70834115,LL22151701M,982091101334115,1708,2022-12-20 17:27:58,860,0,85000,818
70821276,LL22142904M,982091101121276,1708,2022-12-20 17:42:30,302,0,74500,253
70832894,LL22137003M,982091101332894,1708,2022-12-20 17:47:36,687,0,77500,739
70839149,LL22151302M,982091101339149,1708,2022-12-20 19:12:04,442,0,89500,473
70821254,LL22145301M,982091101121254,1708,2022-12-20 19:21:06,758,0,65000,331
70821276,LL22142904M,982091101121276,1708,2022-12-20 19:33:52,291,0,73500,148
70834904,LL22149702M,982091101334904,1708,2022-12-20 19:40:44,76,0,73000,35
70821276,LL22142904M,982091101121276,1708,2022-12-20 19:42:29,30,0,,20
70834137,LL22136804M,982091101334137,1708,2022-12-20 20:45:24,679,0,81000,616
70821254,LL22145301M,982091101121254,1708,2022-12-20 21:03:03,719,0,65500,401
70834870,LL22138604M,982091101334870,1708,2022-12-20 21:25:48,643,0,73000,512
70834912,LL22137303M,982091101334912,1708,2022-12-20 21:59:35,393,0,68500,228
70834904,LL22149702M,982091101334904,1708,2022-12-20 22:10:19,107,0,73500,61
70839149,LL22151302M,982091101339149,1708,2022-12-21 00:12:43,185,0,88500,183
70821269,LL22146202M,982091101121269,1708,2022-12-21 00:16:20,506,0,63000,283
70834115,LL22151701M,982091101334115,1708,2022-12-21 01:51:27,502,0,85000,409
70834115,LL22151701M,982091101334115,1708,2022-12-21 02:02:22,88,0,84500,62
70839190,LL22149102M,982091101339190,1708,2022-12-21 02:06:23,353,0,84500,219
70821306,LL22145602M,982091101121306,1708,2022-12-21 02:34:07,95,0,90000,17
70834137,LL22136804M,982091101334137,1708,2022-12-21 03:05:34,382,0,81000,284
70821306,LL22145602M,982091101121306,1708,2022-12-21 03:26:29,247,0,89000,201
70832894,LL22137003M,982091101332894,1708,2022-12-21 03:43:53,327,0,78000,193
70832894,LL22137003M,982091101332894,1708,2022-12-21 04:39:48,171,0,76500,100
70832894,LL22137003M,982091101332894,1708,2022-12-21 04:45:22,426,0,76500,367
70834904,LL22149702M,982091101334904,1708,2022-12-21 04:52:44,456,0,72000,208
70834904,LL22149702M,982091101334904,1708,2022-12-21 05:04:07,339,0,72000,319
70839149,LL22151302M,982091101339149,1708,2022-12-21 05:10:03,148,0,88000,123
70821306,LL22145602M,982091101121306,1708,2022-12-21 05:32:29,367,0,88500,336
70821269,LL22146202M,982091101121269,1708,2022-12-21 05:38:44,164,0,70500,67
70821269,LL22146202M,982091101121269,1708,2022-12-21 05:43:30,246,0,72000,109
70834912,LL22137303M,982091101334912,1708,2022-12-21 05:47:56,298,0,67500,74
70834870,LL22138604M,982091101334870,1708,2022-12-21 05:58:18,488,0,73000,253
70834137,LL22136804M,982091101334137,1708,2022-12-21 06:07:02,319,0,81000,211
70821269,LL22146202M,982091101121269,1708,2022-12-21 06:12:54,48,0,,23
70821276,LL22142904M,982091101121276,1708,2022-12-21 06:13:54,846,0,72000,510
70834115,LL22151701M,982091101334115,1708,2022-12-21 06:28:16,590,0,83500,508
70834912,LL22137303M,982091101334912,1708,2022-12-21 06:38:18,1417,0,67500,728
70839149,LL22151302M,982091101339149,1708,2022-12-21 07:02:11,235,0,87500,222
70821269,LL22146202M,982091101121269,1708,2022-12-21 07:06:30,75,0,70500,46
70832894,LL22137003M,982091101332894,1708,2022-12-21 07:07:45,494,0,76000,396
70839190,LL22149102M,982091101339190,1708,2022-12-21 07:16:03,743,0,83000,543
70821269,LL22146202M,982091101121269,1708,2022-12-21 07:28:30,423,0,70500,263
70821254,LL22145301M,982091101121254,1708,2022-12-21 07:35:41,968,0,64000,476
70821306,LL22145602M,982091101121306,1708,2022-12-21 07:52:01,277,0,87250,196
70834904,LL22149702M,982091101334904,1708,2022-12-21 07:58:00,432,0,71500,325
70834137,LL22136804M,982091101334137,1708,2022-12-21 08:05:20,307,0,79500,209
70834115,LL22151701M,982091101334115,1708,2022-12-21 08:15:20,347,0,83500,236
70834137,LL22136804M,982091101334137,1708,2022-12-21 08:21:28,222,0,80000,198
70834904,LL22149702M,982091101334904,1708,2022-12-21 08:27:12,115,0,71500,75
70839149,LL22151302M,982091101339149,1708,2022-12-21 08:29:32,472,0,87000,442
70821276,LL22142904M,982091101121276,1708,2022-12-21 08:37:28,519,0,72000,338
70839149,LL22151302M,982091101339149,1708,2022-12-21 08:46:32,175,0,86500,135
70834870,LL22138604M,982091101334870,1708,2022-12-21 08:49:31,820,0,72500,468
70821306,LL22145602M,982091101121306,1708,2022-12-21 09:03:16,47,0,,20
70834870,LL22138604M,982091101334870,1708,2022-12-21 09:04:11,620,0,72500,371
70832894,LL22137003M,982091101332894,1708,2022-12-21 09:14:35,268,0,75000,1
70821269,LL22146202M,982091101121269,1708,2022-12-21 09:19:11,321,0,69500,145
70821269,LL22146202M,982091101121269,1708,2022-12-21 09:55:14,905,0,70000,370
70821269,LL22146202M,982091101121269,1708,2022-12-21 10:12:20,42,0,,11
70832894,LL22137003M,982091101332894,1708,2022-12-21 10:14:03,443,0,74500,374
70832894,LL22137003M,982091101332894,1708,2022-12-21 10:23:28,52,0,,22
70821276,LL22142904M,982091101121276,1708,2022-12-21 10:24:36,195,0,72000,145
70821276,LL22142904M,982091101121276,1708,2022-12-21 10:29:52,71,0,72500,19
70834115,LL22151701M,982091101334115,1708,2022-12-21 10:39:02,278,0,83000,239
70839149,LL22151302M,982091101339149,1708,2022-12-21 10:43:52,172,0,86000,170
70834115,LL22151701M,982091101334115,1708,2022-12-21 10:47:05,17,0,,6
70839149,LL22151302M,982091101339149,1708,2022-12-21 10:49:22,341,0,86500,155
70821306,LL22145602M,982091101121306,1708,2022-12-21 10:55:32,628,0,87000,416
70834912,LL22137303M,982091101334912,1708,2022-12-21 11:06:08,748,0,67000,329
70834904,LL22149702M,982091101334904,1708,2022-12-21 11:21:51,481,0,72000,419
70834870,LL22138604M,982091101334870,1708,2022-12-21 11:30:17,251,0,71500,11
70834137,LL22136804M,982091101334137,1708,2022-12-21 11:34:41,443,0,79000,243
70821254,LL22145301M,982091101121254,1708,2022-12-21 11:42:16,873,0,64000,356
70834904,LL22149702M,982091101334904,1708,2022-12-21 12:00:11,43,0,,12
70832894,LL22137003M,982091101332894,1708,2022-12-21 12:00:54,555,0,74000,443
70832894,LL22137003M,982091101332894,1708,2022-12-21 12:12:12,35,0,,1
70839190,LL22149102M,982091101339190,1708,2022-12-21 12:12:47,635,0,82000,537
70834137,LL22136804M,982091101334137,1708,2022-12-21 12:23:22,580,0,79000,457
70834912,LL22137303M,982091101334912,1708,2022-12-21 12:33:34,170,0,66000,27
70821269,LL22146202M,982091101121269,1708,2022-12-21 12:37:16,121,0,69000,73
70821276,LL22142904M,982091101121276,1708,2022-12-21 12:39:58,116,0,70500,75
70832894,LL22137003M,982091101332894,1708,2022-12-21 12:41:54,2,0,,1
70834870,LL22138604M,982091101334870,1708,2022-12-21 12:42:12,217,0,71000,3
70821269,LL22146202M,982091101121269,1708,2022-12-21 12:46:26,198,0,70500,114
70832894,LL22137003M,982091101332894,1708,2022-12-21 12:49:48,56,0,,1
70834870,LL22138604M,982091101334870,1708,2022-12-21 12:51:17,126,0,70750,5
70821269,LL22146202M,982091101121269,1708,2022-12-21 12:53:52,155,0,71500,98
70839190,LL22149102M,982091101339190,1708,2022-12-21 12:56:31,228,0,83000,164
70821306,LL22145602M,982091101121306,1708,2022-12-21 13:00:35,153,0,86500,56
70834904,LL22149702M,982091101334904,1708,2022-12-21 13:05:05,86,0,72000,53
70821269,LL22146202M,982091101121269,1708,2022-12-21 13:09:59,42,0,,30
70821276,LL22142904M,982091101121276,1708,2022-12-21 13:10:49,243,0,71500,169
70821306,LL22145602M,982091101121306,1708,2022-12-21 13:15:05,258,0,86500,219
70821306,LL22145602M,982091101121306,1708,2022-12-21 13:20:41,36,0,,16
70821254,LL22145301M,982091101121254,1708,2022-12-21 13:26:18,574,0,63500,238
70821276,LL22142904M,982091101121276,1708,2022-12-21 13:36:21,65,0,71500,23
70839149,LL22151302M,982091101339149,1708,2022-12-21 13:38:03,177,0,85000,109
70834912,LL22137303M,982091101334912,1708,2022-12-21 13:45:10,652,0,66000,326
70839190,LL22149102M,982091101339190,1708,2022-12-21 13:56:55,46,0,,1
70821269,LL22146202M,982091101121269,1708,2022-12-21 13:57:45,69,0,69000,29
70834870,LL22138604M,982091101334870,1708,2022-12-21 13:58:58,110,0,71000,19
70834137,LL22136804M,982091101334137,1708,2022-12-21 14:00:56,164,0,79000,116
70834904,LL22149702M,982091101334904,1708,2022-12-21 14:06:31,218,0,70500,136
70839149,LL22151302M,982091101339149,1708,2022-12-21 14:10:21,60,0,,4
70834904,LL22149702M,982091101334904,1708,2022-12-21 14:11:45,231,0,71500,180
70839149,LL22151302M,982091101339149,1708,2022-12-21 14:15:41,11,0,,1
70834904,LL22149702M,982091101334904,1708,2022-12-21 14:16:05,22,0,,19
70821306,LL22145602M,982091101121306,1708,2022-12-21 14:16:35,249,0,85750,199
70832894,LL22137003M,982091101332894,1708,2022-12-21 14:21:33,8,0,,1
70821276,LL22142904M,982091101121276,1708,2022-12-21 14:22:50,126,0,70000,75
70821269,LL22146202M,982091101121269,1708,2022-12-21 14:25:16,193,0,70500,96
70821276,LL22142904M,982091101121276,1708,2022-12-21 14:28:37,31,0,,30
70834115,LL22151701M,982091101334115,1708,2022-12-21 14:29:21,389,0,83000,293
70839190,LL22149102M,982091101339190,1708,2022-12-21 14:36:03,275,0,81500,216
70834870,LL22138604M,982091101334870,1708,2022-12-21 14:42:42,765,0,71500,484
70821276,LL22142904M,982091101121276,1708,2022-12-21 14:55:39,80,0,71000,38
70821276,LL22142904M,982091101121276,1708,2022-12-21 15:05:34,19,0,,11
70821276,LL22142904M,982091101121276,1708,2022-12-21 15:08:29,70,0,72000,3
70839149,LL22151302M,982091101339149,1708,2022-12-21 15:12:52,74,0,85500,1
70832894,LL22137003M,982091101332894,1708,2022-12-21 15:16:17,516,0,74000,183
70832894,LL22137003M,982091101332894,1708,2022-12-21 15:26:55,307,0,73500,114
70839149,LL22151302M,982091101339149,1708,2022-12-21 15:32:59,384,0,85000,293
70821269,LL22146202M,982091101121269,1708,2022-12-21 15:41:24,524,0,72500,278
70821306,LL22145602M,982091101121306,1708,2022-12-21 15:50:24,357,0,86500,334
70834870,LL22138604M,982091101334870,1708,2022-12-21 15:56:50,10,0,,1
70821306,LL22145602M,982091101121306,1708,2022-12-21 16:02:05,61,0,90250,26
70834904,LL22149702M,982091101334904,1708,2022-12-21 16:03:10,753,0,75000,641
70839149,LL22151302M,982091101339149,1708,2022-12-21 16:16:04,255,0,89500,259
70839190,LL22149102M,982091101339190,1708,2022-12-21 16:20:23,650,0,87000,560
70834912,LL22137303M,982091101334912,1708,2022-12-21 16:33:36,753,0,68000,395
70821276,LL22142904M,982091101121276,1708,2022-12-21 16:46:30,890,0,75500,594
70821254,LL22145301M,982091101121254,1708,2022-12-21 17:01:20,872,0,66000,434
70821269,LL22146202M,982091101121269,1708,2022-12-21 17:16:25,603,0,73000,383
70839190,LL22149102M,982091101339190,1708,2022-12-21 17:26:44,228,0,85500,140
70821276,LL22142904M,982091101121276,1708,2022-12-21 17:31:13,25,0,,6
70821276,LL22142904M,982091101121276,1708,2022-12-21 17:36:57,51,0,,21
70821269,LL22146202M,982091101121269,1708,2022-12-21 17:57:43,53,0,,26
70834904,LL22149702M,982091101334904,1708,2022-12-21 17:59:47,33,0,,29
70832894,LL22137003M,982091101332894,1708,2022-12-21 18:00:32,358,0,79500,347
70839190,LL22149102M,982091101339190,1708,2022-12-21 18:06:38,491,0,84500,428
70832894,LL22137003M,982091101332894,1708,2022-12-21 18:14:57,128,0,77000,69
70821269,LL22146202M,982091101121269,1708,2022-12-21 18:29:07,52,0,,49
70834115,LL22151701M,982091101334115,1708,2022-12-21 18:30:45,500,0,84000,464
70839149,LL22151302M,982091101339149,1708,2022-12-21 18:39:10,527,0,88500,411
70834137,LL22136804M,982091101334137,1708,2022-12-21 18:54:56,570,0,80500,529
70834904,LL22149702M,982091101334904,1708,2022-12-21 20:05:05,50,0,,17
70834870,LL22138604M,982091101334870,1708,2022-12-21 20:18:39,516,0,74500,369
70821254,LL22145301M,982091101121254,1708,2022-12-21 20:27:28,90,0,64500,17
70834912,LL22137303M,982091101334912,1708,2022-12-21 20:33:06,167,0,68000,74
70821276,LL22142904M,982091101121276,1708,2022-12-21 20:43:49,162,0,74000,108
70832894,LL22137003M,982091101332894,1708,2022-12-21 21:55:06,41,0,,4
70821306,LL22145602M,982091101121306,1708,2022-12-21 22:10:37,325,0,89500,217
70821269,LL22146202M,982091101121269,1708,2022-12-21 22:34:13,63,0,71500,33
70839149,LL22151302M,982091101339149,1708,2022-12-21 22:55:35,38,0,,1
70832894,LL22137003M,982091101332894,1708,2022-12-21 23:08:24,254,0,78000,54
70834115,LL22151701M,982091101334115,1708,2022-12-21 23:14:39,401,0,85000,327
70839149,LL22151302M,982091101339149,1708,2022-12-21 23:21:36,76,0,86750,61
70834912,LL22137303M,982091101334912,1708,2022-12-21 23:23:20,47,0,,19
70821254,LL22145301M,982091101121254,1708,2022-12-21 23:27:33,22,0,,1
70834904,LL22149702M,982091101334904,1708,2022-12-21 23:42:33,26,0,,5
70839149,LL22151302M,982091101339149,1708,2022-12-21 23:55:42,61,0,87500,24
70834137,LL22136804M,982091101334137,1708,2022-12-22 00:15:56,324,0,80500,137
70834904,LL22149702M,982091101334904,1708,2022-12-22 00:53:05,409,0,73500,339
70821306,LL22145602M,982091101121306,1708,2022-12-22 01:48:11,24,0,,13
70832894,LL22137003M,982091101332894,1708,2022-12-22 01:49:35,232,0,76500,78
70832894,LL22137003M,982091101332894,1708,2022-12-22 01:55:28,480,0,77000,399
70839149,LL22151302M,982091101339149,1708,2022-12-22 02:08:43,72,0,87000,39
70821276,LL22142904M,982091101121276,1708,2022-12-22 02:11:08,399,0,73500,256
70821306,LL22145602M,982091101121306,1708,2022-12-22 02:18:04,302,0,89000,309
70834137,LL22136804M,982091101334137,1708,2022-12-22 03:34:24,829,0,80000,586
70821269,LL22146202M,982091101121269,1708,2022-12-22 04:37:09,526,0,72000,269
70834115,LL22151701M,982091101334115,1708,2022-12-22 04:51:09,370,0,85000,285
70832894,LL22137003M,982091101332894,1708,2022-12-22 05:00:33,523,0,78000,403
70834904,LL22149702M,982091101334904,1708,2022-12-22 05:09:24,154,0,72500,60
70821306,LL22145602M,982091101121306,1708,2022-12-22 05:12:26,47,0,,14
70834904,LL22149702M,982091101334904,1708,2022-12-22 05:13:54,38,0,,20
70821306,LL22145602M,982091101121306,1708,2022-12-22 05:15:29,14,0,,2
70834904,LL22149702M,982091101334904,1708,2022-12-22 05:16:20,26,0,,10
70821306,LL22145602M,982091101121306,1708,2022-12-22 05:16:54,17,0,,2
70834912,LL22137303M,982091101334912,1708,2022-12-22 05:25:17,818,0,68500,406
70821306,LL22145602M,982091101121306,1708,2022-12-22 06:09:09,552,0,88000,490
70821254,LL22145301M,982091101121254,1708,2022-12-22 06:18:21,440,0,64500,93
70834870,LL22138604M,982091101334870,1708,2022-12-22 06:26:36,792,0,73500,412
70821276,LL22142904M,982091101121276,1708,2022-12-22 06:39:56,746,0,73000,465
70839149,LL22151302M,982091101339149,1708,2022-12-22 06:52:42,104,0,85000,88
70821276,LL22142904M,982091101121276,1708,2022-12-22 06:54:50,107,0,71000,46
70834870,LL22138604M,982091101334870,1708,2022-12-22 06:57:25,533,0,73500,309
70821306,LL22145602M,982091101121306,1708,2022-12-22 07:06:50,27,0,,14
70821306,LL22145602M,982091101121306,1708,2022-12-22 07:09:18,225,0,88500,181
70839149,LL22151302M,982091101339149,1708,2022-12-22 07:32:47,217,0,86500,200
70821269,LL22146202M,982091101121269,1708,2022-12-22 07:36:45,242,0,71500,96
70834904,LL22149702M,982091101334904,1708,2022-12-22 07:40:55,180,0,72500,63
70821269,LL22146202M,982091101121269,1708,2022-12-22 07:44:28,44,0,,19
70821306,LL22145602M,982091101121306,1708,2022-12-22 07:45:24,13,0,,1
70834904,LL22149702M,982091101334904,1708,2022-12-22 07:45:42,92,0,72000,31
70834904,LL22149702M,982091101334904,1708,2022-12-22 07:49:17,347,0,70500,240
70834912,LL22137303M,982091101334912,1708,2022-12-22 07:55:12,168,0,67000,71
70834115,LL22151701M,982091101334115,1708,2022-12-22 07:58:09,225,0,83000,108
70834912,LL22137303M,982091101334912,1708,2022-12-22 08:02:31,26,0,,4
70832894,LL22137003M,982091101332894,1708,2022-12-22 08:04:22,12,0,,1
70821276,LL22142904M,982091101121276,1708,2022-12-22 08:05:03,152,0,71500,43
70834115,LL22151701M,982091101334115,1708,2022-12-22 08:07:44,141,0,83000,33
70834912,LL22137303M,982091101334912,1708,2022-12-22 08:11:18,41,0,,5
70832894,LL22137003M,982091101332894,1708,2022-12-22 08:14:01,586,0,76500,327
70821269,LL22146202M,982091101121269,1708,2022-12-22 08:24:44,37,0,,17
70839190,LL22149102M,982091101339190,1708,2022-12-22 08:25:21,65,0,84000,31
70839149,LL22151302M,982091101339149,1708,2022-12-22 08:27:44,30,0,,6
70821254,LL22145301M,982091101121254,1708,2022-12-22 08:28:31,584,0,64000,106
70839190,LL22149102M,982091101339190,1708,2022-12-22 08:38:24,176,0,84000,13
70821254,LL22145301M,982091101121254,1708,2022-12-22 08:41:54,110,0,63000,2
70839190,LL22149102M,982091101339190,1708,2022-12-22 08:44:53,59,0,,8
70832894,LL22137003M,982091101332894,1708,2022-12-22 08:46:28,10,0,,1
70834912,LL22137303M,982091101334912,1708,2022-12-22 08:46:54,278,0,66500,12
70821269,LL22146202M,982091101121269,1708,2022-12-22 08:51:40,252,0,71000,4
70834912,LL22137303M,982091101334912,1708,2022-12-22 08:58:03,28,0,,3
70821254,LL22145301M,982091101121254,1708,2022-12-22 08:59:28,21,0,,1
70821269,LL22146202M,982091101121269,1708,2022-12-22 09:00:13,69,0,69500,2
70834137,LL22136804M,982091101334137,1708,2022-12-22 09:02:22,721,0,79000,404
70821269,LL22146202M,982091101121269,1708,2022-12-22 09:14:51,556,0,70500,81
70834870,LL22138604M,982091101334870,1708,2022-12-22 09:24:51,125,0,72500,1
70821269,LL22146202M,982091101121269,1708,2022-12-22 09:27:00,56,0,,12
70834870,LL22138604M,982091101334870,1708,2022-12-22 09:28:21,15,0,,1
70834115,LL22151701M,982091101334115,1708,2022-12-22 09:30:37,34,0,,1
70821269,LL22146202M,982091101121269,1708,2022-12-22 09:35:51,38,0,,3
70834137,LL22136804M,982091101334137,1708,2022-12-22 09:36:53,35,0,,1
70821306,LL22145602M,982091101121306,1708,2022-12-22 09:43:39,272,0,87000,256
70834870,LL22138604M,982091101334870,1708,2022-12-22 09:50:11,354,0,71500,68
70834115,LL22151701M,982091101334115,1708,2022-12-22 09:56:09,341,0,82500,145
70839149,LL22151302M,982091101339149,1708,2022-12-22 10:02:10,18,0,,1
70834912,LL22137303M,982091101334912,1708,2022-12-22 10:03:08,267,0,66500,22
70821254,LL22145301M,982091101121254,1708,2022-12-22 10:08:48,150,0,63000,27
70834912,LL22137303M,982091101334912,1708,2022-12-22 10:13:57,98,0,66500,7
70821254,LL22145301M,982091101121254,1708,2022-12-22 10:16:56,25,0,,1
70839190,LL22149102M,982091101339190,1708,2022-12-22 10:17:45,640,0,83500,432
70839149,LL22151302M,982091101339149,1708,2022-12-22 10:28:54,51,0,,19
70821254,LL22145301M,982091101121254,1708,2022-12-22 10:29:57,1375,0,64000,490
70821269,LL22146202M,982091101121269,1708,2022-12-22 10:52:56,954,0,71000,366
70834912,LL22137303M,982091101334912,1708,2022-12-22 11:08:54,401,0,66250,94
70832894,LL22137003M,982091101332894,1708,2022-12-22 11:15:52,208,0,75000,2
70839149,LL22151302M,982091101339149,1708,2022-12-22 11:19:36,185,0,84000,42
70832894,LL22137003M,982091101332894,1708,2022-12-22 11:22:49,52,0,,1
70821306,LL22145602M,982091101121306,1708,2022-12-22 11:24:37,393,0,88000,6
70834912,LL22137303M,982091101334912,1708,2022-12-22 11:31:22,257,0,66000,32
70834904,LL22149702M,982091101334904,1708,2022-12-22 11:36:24,323,0,71500,17
70821306,LL22145602M,982091101121306,1708,2022-12-22 11:45:24,147,0,88000,1
70834137,LL22136804M,982091101334137,1708,2022-12-22 11:50:18,659,0,78500,373
70821276,LL22142904M,982091101121276,1708,2022-12-22 12:02:06,872,0,72000,551
70834912,LL22137303M,982091101334912,1708,2022-12-22 12:16:42,105,0,67000,41
70832894,LL22137003M,982091101332894,1708,2022-12-22 12:18:31,939,0,75500,447
70834870,LL22138604M,982091101334870,1708,2022-12-22 12:34:18,1102,0,72500,525
70834904,LL22149702M,982091101334904,1708,2022-12-22 12:52:44,194,0,71000,52
70839149,LL22151302M,982091101339149,1708,2022-12-22 12:56:03,568,0,84500,427
70834912,LL22137303M,982091101334912,1708,2022-12-22 13:05:43,502,0,66000,67
70834115,LL22151701M,982091101334115,1708,2022-12-22 13:14:39,206,0,82000,3
70839190,LL22149102M,982091101339190,1708,2022-12-22 13:18:17,219,0,82500,13
70832894,LL22137003M,982091101332894,1708,2022-12-22 13:24:47,558,0,76000,394
70834115,LL22151701M,982091101334115,1708,2022-12-22 13:34:09,813,0,82000,579
70821269,LL22146202M,982091101121269,1708,2022-12-22 13:47:54,164,0,71000,26
70821276,LL22142904M,982091101121276,1708,2022-12-22 13:50:50,73,0,72000,5
70821269,LL22146202M,982091101121269,1708,2022-12-22 13:52:03,205,0,70250,144
70839190,LL22149102M,982091101339190,1708,2022-12-22 13:55:36,140,0,82500,143
70821306,LL22145602M,982091101121306,1708,2022-12-22 13:57:56,437,0,88000,210
70839190,LL22149102M,982091101339190,1708,2022-12-22 14:05:29,164,0,83000,133
70821254,LL22145301M,982091101121254,1708,2022-12-22 14:08:21,918,0,64500,349
70834912,LL22137303M,982091101334912,1708,2022-12-22 14:23:43,1106,0,66000,512
70821306,LL22145602M,982091101121306,1708,2022-12-22 14:42:30,56,0,,4
70834904,LL22149702M,982091101334904,1708,2022-12-22 14:43:43,1192,0,71500,876
70834137,LL22136804M,982091101334137,1708,2022-12-22 15:03:39,290,0,78500,114
70839190,LL22149102M,982091101339190,1708,2022-12-22 15:08:50,608,0,83000,513
70821269,LL22146202M,982091101121269,1708,2022-12-22 15:19:10,772,0,70000,353
70834870,LL22138604M,982091101334870,1708,2022-12-22 15:32:06,420,0,72000,137
70821276,LL22142904M,982091101121276,1708,2022-12-22 15:39:22,237,0,71500,61
70832894,LL22137003M,982091101332894,1708,2022-12-22 15:43:44,464,0,75500,332
70834115,LL22151701M,982091101334115,1708,2022-12-22 15:51:53,588,0,82500,520
70821254,LL22145301M,982091101121254,1708,2022-12-22 16:02:05,1277,0,65500,552
70839190,LL22149102M,982091101339190,1708,2022-12-22 16:23:34,425,0,87000,268
70821306,LL22145602M,982091101121306,1708,2022-12-22 16:30:43,424,0,90000,256
70821276,LL22142904M,982091101121276,1708,2022-12-22 16:37:51,79,0,71000,33
70839149,LL22151302M,982091101339149,1708,2022-12-22 16:39:10,475,0,89250,447
70832894,LL22137003M,982091101332894,1708,2022-12-22 16:47:22,170,0,80500,19
70834904,LL22149702M,982091101334904,1708,2022-12-22 16:53:43,652,0,76500,463
70839190,LL22149102M,982091101339190,1708,2022-12-22 17:04:44,142,0,87500,51
70832894,LL22137003M,982091101332894,1708,2022-12-22 17:07:31,143,0,80500,3
70821276,LL22142904M,982091101121276,1708,2022-12-22 17:10:35,135,0,75000,54
70839149,LL22151302M,982091101339149,1708,2022-12-22 17:12:55,390,0,88000,412
70821276,LL22142904M,982091101121276,1708,2022-12-22 17:19:30,704,0,76000,560
70832894,LL22137003M,982091101332894,1708,2022-12-22 17:32:40,596,0,78500,433
70821269,LL22146202M,982091101121269,1708,2022-12-22 17:42:45,1096,0,73500,823
70821269,LL22146202M,982091101121269,1708,2022-12-22 18:03:04,78,0,71750,59
70821276,LL22142904M,982091101121276,1708,2022-12-22 18:05:03,212,0,75000,201
70821269,LL22146202M,982091101121269,1708,2022-12-22 18:08:59,247,0,73500,147
70821276,LL22142904M,982091101121276,1708,2022-12-22 18:14:43,20,0,,19
70821269,LL22146202M,982091101121269,1708,2022-12-22 18:15:12,148,0,73500,63
70821269,LL22146202M,982091101121269,1708,2022-12-22 18:20:14,40,0,,28
70821276,LL22142904M,982091101121276,1708,2022-12-22 18:22:03,19,0,,21
70821269,LL22146202M,982091101121269,1708,2022-12-22 18:22:46,15,0,,16
70821269,LL22146202M,982091101121269,1708,2022-12-22 18:25:03,45,0,,12
70821276,LL22142904M,982091101121276,1708,2022-12-22 18:30:31,29,0,,26
70821254,LL22145301M,982091101121254,1708,2022-12-22 18:46:31,743,0,66500,452
70821269,LL22146202M,982091101121269,1708,2022-12-22 19:12:56,297,0,68000,182
70834912,LL22137303M,982091101334912,1708,2022-12-22 19:17:58,644,0,68500,387
70821276,LL22142904M,982091101121276,1708,2022-12-22 19:29:14,221,0,74500,159
70834115,LL22151701M,982091101334115,1708,2022-12-22 19:33:15,434,0,86000,450
70834137,LL22136804M,982091101334137,1708,2022-12-22 19:40:41,598,0,79000,493
70834870,LL22138604M,982091101334870,1708,2022-12-22 20:59:32,566,0,75000,448
70832894,LL22137003M,982091101332894,1708,2022-12-22 21:10:58,401,0,80000,361
70821269,LL22146202M,982091101121269,1708,2022-12-22 21:26:36,38,0,,19
70821306,LL22145602M,982091101121306,1708,2022-12-22 22:15:21,66,0,90000,29
70821269,LL22146202M,982091101121269,1708,2022-12-22 22:21:09,28,0,,5
70839190,LL22149102M,982091101339190,1708,2022-12-22 22:23:38,620,0,85500,487
70834870,LL22138604M,982091101334870,1708,2022-12-22 22:47:47,31,0,,1
70834115,LL22151701M,982091101334115,1708,2022-12-22 23:49:39,65,0,81000,19
70839149,LL22151302M,982091101339149,1708,2022-12-23 00:02:17,77,0,87750,27
70834904,LL22149702M,982091101334904,1708,2022-12-23 00:19:08,547,0,74500,471
70834137,LL22136804M,982091101334137,1708,2022-12-23 00:31:32,616,0,80500,478
70834904,LL22149702M,982091101334904,1708,2022-12-23 02:39:38,42,0,,17
70821306,LL22145602M,982091101121306,1708,2022-12-23 02:45:36,246,0,89500,46
70821269,LL22146202M,982091101121269,1708,2022-12-23 02:51:43,64,0,64500,47
70832894,LL22137003M,982091101332894,1708,2022-12-23 04:03:26,450,0,78000,328
70834115,LL22151701M,982091101334115,1708,2022-12-23 04:12:37,490,0,86000,268
70821306,LL22145602M,982091101121306,1708,2022-12-23 04:26:41,1044,0,88000,949
70834912,LL22137303M,982091101334912,1708,2022-12-23 04:44:34,881,0,68000,529
70839190,LL22149102M,982091101339190,1708,2022-12-23 05:01:16,1053,0,85500,857
70832894,LL22137003M,982091101332894,1708,2022-12-23 05:21:33,551,0,79000,529
70834870,LL22138604M,982091101334870,1708,2022-12-23 05:30:52,296,0,74000,154
70834904,LL22149702M,982091101334904,1708,2022-12-23 05:39:04,439,0,75500,385
70834137,LL22136804M,982091101334137,1708,2022-12-23 05:50:45,614,0,80000,489
70834115,LL22151701M,982091101334115,1708,2022-12-23 06:03:01,629,0,85000,480
70821276,LL22142904M,982091101121276,1708,2022-12-23 07:39:12,374,0,74500,191
70839149,LL22151302M,982091101339149,1708,2022-12-23 07:45:38,369,0,84500,361
70821276,LL22142904M,982091101121276,1708,2022-12-23 07:51:51,391,0,73500,309
70839149,LL22151302M,982091101339149,1708,2022-12-23 07:58:30,197,0,86500,209
70834912,LL22137303M,982091101334912,1708,2022-12-23 08:01:55,346,0,67000,73
70834870,LL22138604M,982091101334870,1708,2022-12-23 08:09:22,204,0,73000,26
70821254,LL22145301M,982091101121254,1708,2022-12-23 08:13:27,916,0,65000,469
70834870,LL22138604M,982091101334870,1708,2022-12-23 08:29:32,324,0,73000,51
70834115,LL22151701M,982091101334115,1708,2022-12-23 08:36:59,520,0,85000,422
70834870,LL22138604M,982091101334870,1708,2022-12-23 08:45:43,928,0,73500,547
70834912,LL22137303M,982091101334912,1708,2022-12-23 09:01:19,383,0,66500,33
70821269,LL22146202M,982091101121269,1708,2022-12-23 09:08:06,664,0,72500,350
70821306,LL22145602M,982091101121306,1708,2022-12-23 09:19:51,254,0,87500,113
70832894,LL22137003M,982091101332894,1708,2022-12-23 09:24:34,84,0,78250,1
70832894,LL22137003M,982091101332894,1708,2022-12-23 09:28:00,567,0,77000,389
70821306,LL22145602M,982091101121306,1708,2022-12-23 09:37:51,192,0,88000,92
70834137,LL22136804M,982091101334137,1708,2022-12-23 09:45:25,590,0,79500,422
70821306,LL22145602M,982091101121306,1708,2022-12-23 09:58:00,376,0,87000,352
70834912,LL22137303M,982091101334912,1708,2022-12-23 10:07:57,1009,0,66000,228
70821276,LL22142904M,982091101121276,1708,2022-12-23 10:24:54,428,0,72500,297
70834904,LL22149702M,982091101334904,1708,2022-12-23 10:32:18,433,0,72500,289
70821269,LL22146202M,982091101121269,1708,2022-12-23 10:39:52,519,0,71500,289
70834115,LL22151701M,982091101334115,1708,2022-12-23 10:48:35,239,0,84500,156
70821269,LL22146202M,982091101121269,1708,2022-12-23 10:52:38,141,0,73000,31
70839149,LL22151302M,982091101339149,1708,2022-12-23 10:54:59,85,0,83250,26
70834137,LL22136804M,982091101334137,1708,2022-12-23 10:57:01,55,0,,5
70821306,LL22145602M,982091101121306,1708,2022-12-23 11:01:45,421,0,88000,366
70839190,LL22149102M,982091101339190,1708,2022-12-23 11:09:07,90,0,85500,50
70834912,LL22137303M,982091101334912,1708,2022-12-23 11:10:41,1204,0,67000,530
70821254,LL22145301M,982091101121254,1708,2022-12-23 11:31:01,212,0,65000,1
70839149,LL22151302M,982091101339149,1708,2022-12-23 11:34:50,103,0,83500,42
70821269,LL22146202M,982091101121269,1708,2022-12-23 11:37:54,36,0,,12
70834870,LL22138604M,982091101334870,1708,2022-12-23 11:39:06,687,0,73000,479
70821269,LL22146202M,982091101121269,1708,2022-12-23 11:50:50,67,0,71000,24
70821254,LL22145301M,982091101121254,1708,2022-12-23 11:52:05,1049,0,65000,471
70834870,LL22138604M,982091101334870,1708,2022-12-23 12:11:03,74,0,72750,1
70834115,LL22151701M,982091101334115,1708,2022-12-23 12:14:19,395,0,84500,348
70834137,LL22136804M,982091101334137,1708,2022-12-23 12:21:11,374,0,78500,160
70821269,LL22146202M,982091101121269,1708,2022-12-23 12:28:18,46,0,,13
70839190,LL22149102M,982091101339190,1708,2022-12-23 12:33:22,279,0,84250,28
70839190,LL22149102M,982091101339190,1708,2022-12-23 12:41:07,72,0,84500,1
70821306,LL22145602M,982091101121306,1708,2022-12-23 12:45:28,165,0,88250,1
70839190,LL22149102M,982091101339190,1708,2022-12-23 12:49:35,663,0,83000,501
70834137,LL22136804M,982091101334137,1708,2022-12-23 13:01:02,385,0,77500,310
70839149,LL22151302M,982091101339149,1708,2022-12-23 13:07:40,719,0,85500,656
70834904,LL22149702M,982091101334904,1708,2022-12-23 13:19:43,1061,0,73000,796
70832894,LL22137003M,982091101332894,1708,2022-12-23 13:37:32,444,0,76500,239
70834912,LL22137303M,982091101334912,1708,2022-12-23 13:45:32,1021,0,66500,431
70834870,LL22138604M,982091101334870,1708,2022-12-23 14:03:17,700,0,72500,470
70832894,LL22137003M,982091101332894,1708,2022-12-23 14:15:09,809,0,76000,588
70821276,LL22142904M,982091101121276,1708,2022-12-23 14:28:46,840,0,72500,521
70821269,LL22146202M,982091101121269,1708,2022-12-23 14:42:51,318,0,72250,140
70821254,LL22145301M,982091101121254,1708,2022-12-23 14:48:30,792,0,65000,482
70821269,LL22146202M,982091101121269,1708,2022-12-23 15:02:16,185,0,71500,93
70839190,LL22149102M,982091101339190,1708,2022-12-23 15:05:33,370,0,83000,350
70839149,LL22151302M,982091101339149,1708,2022-12-23 15:16:44,452,0,83500,428
70834115,LL22151701M,982091101334115,1708,2022-12-23 15:24:29,705,0,83500,672
70821269,LL22146202M,982091101121269,1708,2022-12-23 15:36:22,334,0,72000,212
70839190,LL22149102M,982091101339190,1708,2022-12-23 15:42:32,55,0,,35
70832894,LL22137003M,982091101332894,1708,2022-12-23 15:46:43,70,0,77500,14
70821269,LL22146202M,982091101121269,1708,2022-12-23 15:50:59,226,0,74000,143
70821306,LL22145602M,982091101121306,1708,2022-12-23 15:55:21,341,0,88000,336
70821269,LL22146202M,982091101121269,1708,2022-12-23 16:01:43,77,0,73000,53
70821276,LL22142904M,982091101121276,1708,2022-12-23 16:04:16,26,0,,23
70834904,LL22149702M,982091101334904,1708,2022-12-23 16:04:55,16,0,,5
70821276,LL22142904M,982091101121276,1708,2022-12-23 16:05:32,40,0,,30
70839149,LL22151302M,982091101339149,1708,2022-12-23 16:06:52,55,0,,36
70834904,LL22149702M,982091101334904,1708,2022-12-23 16:08:43,17,0,,9
70834912,LL22137303M,982091101334912,1708,2022-12-23 16:09:13,626,0,70500,326
70821254,LL22145301M,982091101121254,1708,2022-12-23 16:20:12,299,0,68000,158
70821269,LL22146202M,982091101121269,1708,2022-12-23 16:25:23,69,0,75500,27
70839149,LL22151302M,982091101339149,1708,2022-12-23 16:26:37,395,0,89000,394
70821269,LL22146202M,982091101121269,1708,2022-12-23 16:33:24,757,0,75500,504
70832894,LL22137003M,982091101332894,1708,2022-12-23 16:46:14,605,0,79500,594
70821306,LL22145602M,982091101121306,1708,2022-12-23 16:56:44,754,0,91000,779
70821276,LL22142904M,982091101121276,1708,2022-12-23 17:09:35,374,0,78000,305
70821254,LL22145301M,982091101121254,1708,2022-12-23 17:15:57,542,0,68500,377
70821276,LL22142904M,982091101121276,1708,2022-12-23 17:45:06,267,0,77500,214
70839190,LL22149102M,982091101339190,1708,2022-12-23 17:49:41,1112,0,86500,1153
70832894,LL22137003M,982091101332894,1708,2022-12-23 18:08:42,208,0,80000,196
70832894,LL22137003M,982091101332894,1708,2022-12-23 18:14:12,375,0,79500,377
70834870,LL22138604M,982091101334870,1708,2022-12-23 18:53:31,920,0,77000,908
70834137,LL22136804M,982091101334137,1708,2022-12-23 19:08:55,964,0,81500,1019
70834904,LL22149702M,982091101334904,1708,2022-12-23 19:25:07,621,0,76500,667
70821276,LL22142904M,982091101121276,1708,2022-12-23 19:35:48,481,0,77500,406
70834115,LL22151701M,982091101334115,1708,2022-12-23 19:47:07,258,0,88500,191
70839149,LL22151302M,982091101339149,1708,2022-12-23 19:52:11,293,0,90500,281
70834115,LL22151701M,982091101334115,1708,2022-12-23 19:58:13,57,0,,55
70834912,LL22137303M,982091101334912,1708,2022-12-23 19:59:42,841,0,70500,494
70821254,LL22145301M,982091101121254,1708,2022-12-23 20:13:59,486,0,69000,347
70821269,LL22146202M,982091101121269,1708,2022-12-23 20:45:04,871,0,76500,447
70821269,LL22146202M,982091101121269,1708,2022-12-23 21:02:10,40,0,,12
70832894,LL22137003M,982091101332894,1708,2022-12-23 22:53:54,173,0,82500,162
70832894,LL22137003M,982091101332894,1708,2022-12-23 22:58:49,203,0,82000,208
70834115,LL22151701M,982091101334115,1708,2022-12-23 23:33:13,391,0,90000,430
70821269,LL22146202M,982091101121269,1708,2022-12-23 23:39:44,532,0,77000,301
70821254,LL22145301M,982091101121254,1708,2022-12-23 23:50:36,294,0,70000,183
70821276,LL22142904M,982091101121276,1708,2022-12-24 00:07:56,90,0,78000,47
70821254,LL22145301M,982091101121254,1708,2022-12-24 00:11:27,421,0,69500,265
70834904,LL22149702M,982091101334904,1708,2022-12-24 00:24:58,622,0,76500,572
70821269,LL22146202M,982091101121269,1708,2022-12-24 00:35:29,159,0,75500,57
70821269,LL22146202M,982091101121269,1708,2022-12-24 00:40:09,172,0,77000,92
70834137,LL22136804M,982091101334137,1708,2022-12-24 04:08:18,520,0,82500,441
70821306,LL22145602M,982091101121306,1708,2022-12-24 04:55:42,334,0,93000,331
70832894,LL22137003M,982091101332894,1708,2022-12-24 05:02:45,61,0,80500,36
70832894,LL22137003M,982091101332894,1708,2022-12-24 05:05:47,443,0,80500,399
70834870,LL22138604M,982091101334870,1708,2022-12-24 05:13:46,702,0,78000,527
70839190,LL22149102M,982091101339190,1708,2022-12-24 05:25:44,650,0,87500,582
70821306,LL22145602M,982091101121306,1708,2022-12-24 05:36:46,293,0,91500,341
70834904,LL22149702M,982091101334904,1708,2022-12-24 05:48:29,774,0,76500,655
70834115,LL22151701M,982091101334115,1708,2022-12-24 06:01:51,953,0,87500,875
70821306,LL22145602M,982091101121306,1708,2022-12-24 07:24:45,99,0,94500,103
70821306,LL22145602M,982091101121306,1708,2022-12-24 07:28:25,229,0,94000,236
70834912,LL22137303M,982091101334912,1708,2022-12-24 07:32:26,1398,0,70000,766
70821276,LL22142904M,982091101121276,1708,2022-12-24 07:55:57,161,0,75500,130
70839149,LL22151302M,982091101339149,1708,2022-12-24 07:58:43,870,0,90500,824
70832894,LL22137003M,982091101332894,1708,2022-12-24 08:13:27,1056,0,80500,1009
70834137,LL22136804M,982091101334137,1708,2022-12-24 08:31:15,152,0,81500,109
70821254,LL22145301M,982091101121254,1708,2022-12-24 08:34:08,962,0,68500,585
70821269,LL22146202M,982091101121269,1708,2022-12-24 08:50:22,1318,0,75000,736
70834115,LL22151701M,982091101334115,1708,2022-12-24 09:13:38,321,0,89500,250
70834137,LL22136804M,982091101334137,1708,2022-12-24 09:19:11,930,0,81500,826
70834115,LL22151701M,982091101334115,1708,2022-12-24 10:39:03,469,0,90000,415
70834904,LL22149702M,982091101334904,1708,2022-12-24 10:47:24,244,0,77000,154
70821306,LL22145602M,982091101121306,1708,2022-12-24 10:51:45,997,0,91000,982
70821276,LL22142904M,982091101121276,1708,2022-12-24 11:08:26,689,0,75000,555
70834870,LL22138604M,982091101334870,1708,2022-12-24 11:20:20,1209,0,77500,926
70839190,LL22149102M,982091101339190,1708,2022-12-24 11:40:54,981,0,86000,831
70821269,LL22146202M,982091101121269,1708,2022-12-24 11:57:15,475,0,75500,324
70821306,LL22145602M,982091101121306,1708,2022-12-24 12:05:26,68,0,93000,27
70834904,LL22149702M,982091101334904,1708,2022-12-24 12:06:43,837,0,76000,794
70832894,LL22137003M,982091101332894,1708,2022-12-24 12:20:48,455,0,79500,322
70834137,LL22136804M,982091101334137,1708,2022-12-24 12:28:23,497,0,83000,411
70834912,LL22137303M,982091101334912,1708,2022-12-24 12:36:53,1392,0,70500,746
70839149,LL22151302M,982091101339149,1708,2022-12-24 13:02:06,818,0,89000,851
70839149,LL22151302M,982091101339149,1708,2022-12-24 13:22:13,44,0,,2
70821306,LL22145602M,982091101121306,1708,2022-12-24 13:34:06,401,0,93000,394
70821269,LL22146202M,982091101121269,1708,2022-12-24 13:40:51,135,0,75500,88
70821306,LL22145602M,982091101121306,1708,2022-12-24 13:43:10,25,0,,19
70821269,LL22146202M,982091101121269,1708,2022-12-24 13:43:43,57,0,,42
70834115,LL22151701M,982091101334115,1708,2022-12-24 13:44:52,572,0,87500,591
70821276,LL22142904M,982091101121276,1708,2022-12-24 13:54:36,613,0,76250,554
70821254,LL22145301M,982091101121254,1708,2022-12-24 14:04:53,1038,0,68500,613
70839190,LL22149102M,982091101339190,1708,2022-12-24 14:22:35,452,0,87500,360
70834870,LL22138604M,982091101334870,1708,2022-12-24 14:30:19,601,0,78500,479
70834904,LL22149702M,982091101334904,1708,2022-12-24 14:40:20,563,0,76500,608
70834912,LL22137303M,982091101334912,1708,2022-12-24 14:49:47,832,0,72000,458
70832894,LL22137003M,982091101332894,1708,2022-12-24 15:03:55,863,0,78500,888
70821269,LL22146202M,982091101121269,1708,2022-12-24 15:18:26,632,0,75500,395
70821254,LL22145301M,982091101121254,1708,2022-12-24 15:29:06,246,0,68000,120
70821269,LL22146202M,982091101121269,1708,2022-12-24 15:33:12,19,0,,45
70839149,LL22151302M,982091101339149,1708,2022-12-24 15:33:39,512,0,91000,448
70821269,LL22146202M,982091101121269,1708,2022-12-24 15:42:47,67,0,75500,42
70839190,LL22149102M,982091101339190,1708,2022-12-24 15:43:58,528,0,87000,469
70821269,LL22146202M,982091101121269,1708,2022-12-24 15:52:46,171,0,76000,111
70834137,LL22136804M,982091101334137,1708,2022-12-24 15:55:57,327,0,83000,323
70821276,LL22142904M,982091101121276,1708,2022-12-24 16:10:07,422,0,76500,352
70834115,LL22151701M,982091101334115,1708,2022-12-24 16:17:25,561,0,89500,517
70821254,LL22145301M,982091101121254,1708,2022-12-24 16:27:07,640,0,69500,364
70832894,LL22137003M,982091101332894,1708,2022-12-24 16:38:17,101,0,80250,84
70839190,LL22149102M,982091101339190,1708,2022-12-24 16:40:59,287,0,88500,219
70832894,LL22137003M,982091101332894,1708,2022-12-24 16:45:46,337,0,80500,370
70821269,LL22146202M,982091101121269,1708,2022-12-24 17:03:24,105,0,76000,62
70839149,LL22151302M,982091101339149,1708,2022-12-24 17:19:41,337,0,90000,290
70821276,LL22142904M,982091101121276,1708,2022-12-24 17:27:13,426,0,77000,353
70832894,LL22137003M,982091101332894,1708,2022-12-24 17:34:52,336,0,82000,357
70834904,LL22149702M,982091101334904,1708,2022-12-24 17:40:36,427,0,78500,461
70821306,LL22145602M,982091101121306,1708,2022-12-24 17:47:48,426,0,91500,504
70839190,LL22149102M,982091101339190,1708,2022-12-24 17:55:07,55,0,,26
70834870,LL22138604M,982091101334870,1708,2022-12-24 17:56:10,573,0,79500,406
70834137,LL22136804M,982091101334137,1708,2022-12-24 19:18:56,457,0,82500,417
70821269,LL22146202M,982091101121269,1708,2022-12-24 19:52:16,345,0,76000,161
70821276,LL22142904M,982091101121276,1708,2022-12-24 20:00:44,51,0,,30
70821276,LL22142904M,982091101121276,1708,2022-12-24 20:05:12,263,0,78500,219
70834912,LL22137303M,982091101334912,1708,2022-12-24 20:09:59,406,0,73000,277
70821269,LL22146202M,982091101121269,1708,2022-12-24 20:31:24,467,0,76250,322
70821269,LL22146202M,982091101121269,1708,2022-12-24 20:54:49,206,0,78500,104
70821269,LL22146202M,982091101121269,1708,2022-12-24 21:01:52,33,0,,35
70821254,LL22145301M,982091101121254,1708,2022-12-24 21:04:25,603,0,70000,375
70839190,LL22149102M,982091101339190,1708,2022-12-24 21:14:32,649,0,90000,609
70821269,LL22146202M,982091101121269,1708,2022-12-24 21:26:46,117,0,77250,44
70834904,LL22149702M,982091101334904,1708,2022-12-24 21:42:15,60,0,,39
70821276,LL22142904M,982091101121276,1708,2022-12-24 21:50:39,35,0,,30
70821269,LL22146202M,982091101121269,1708,2022-12-24 22:08:16,368,0,76500,236
70821269,LL22146202M,982091101121269,1708,2022-12-24 22:16:24,183,0,75500,47
70834115,LL22151701M,982091101334115,1708,2022-12-24 22:36:11,434,0,90000,417
70839149,LL22151302M,982091101339149,1708,2022-12-24 23:47:17,125,0,91500,118
70832894,LL22137003M,982091101332894,1708,2022-12-25 00:20:04,334,0,84000,310
70839149,LL22151302M,982091101339149,1708,2022-12-25 00:26:22,161,0,92000,182
70834137,LL22136804M,982091101334137,1708,2022-12-25 00:32:19,468,0,83000,435
70834870,LL22138604M,982091101334870,1708,2022-12-25 00:49:06,85,0,79000,38
70832894,LL22137003M,982091101332894,1708,2022-12-25 01:02:21,302,0,83000,300
70834912,LL22137303M,982091101334912,1708,2022-12-25 01:07:31,164,0,72500,84
70821269,LL22146202M,982091101121269,1708,2022-12-25 02:05:37,89,0,77000,55
70834904,LL22149702M,982091101334904,1708,2022-12-25 02:07:42,78,0,77000,54
70821269,LL22146202M,982091101121269,1708,2022-12-25 03:48:47,431,0,75000,243
70821306,LL22145602M,982091101121306,1708,2022-12-25 04:59:36,200,0,94000,172
70821306,LL22145602M,982091101121306,1708,2022-12-25 05:04:57,51,0,,28
70834137,LL22136804M,982091101334137,1708,2022-12-25 05:35:48,231,0,85000,96
70821306,LL22145602M,982091101121306,1708,2022-12-25 05:43:27,325,0,93500,376
70834115,LL22151701M,982091101334115,1708,2022-12-25 05:49:20,252,0,89000,215
70834904,LL22149702M,982091101334904,1708,2022-12-25 05:54:05,595,0,75500,498
70839190,LL22149102M,982091101339190,1708,2022-12-25 06:07:16,601,0,89250,457
70834912,LL22137303M,982091101334912,1708,2022-12-25 06:20:33,891,0,71500,504
70834137,LL22136804M,982091101334137,1708,2022-12-25 06:35:32,543,0,83000,483
70834912,LL22137303M,982091101334912,1708,2022-12-25 06:47:51,667,0,72000,352
70834115,LL22151701M,982091101334115,1708,2022-12-25 07:07:06,702,0,88500,632
70821306,LL22145602M,982091101121306,1708,2022-12-25 07:27:29,386,0,91500,282
70821306,LL22145602M,982091101121306,1708,2022-12-25 07:59:40,38,0,,33
70821306,LL22145602M,982091101121306,1708,2022-12-25 08:04:06,174,0,90500,110
70834870,LL22138604M,982091101334870,1708,2022-12-25 08:07:04,692,0,77000,439
70821254,LL22145301M,982091101121254,1708,2022-12-25 08:18:48,1046,0,68500,605
70839149,LL22151302M,982091101339149,1708,2022-12-25 08:36:51,401,0,89500,435
70832894,LL22137003M,982091101332894,1708,2022-12-25 08:43:36,191,0,81000,82
70821276,LL22142904M,982091101121276,1708,2022-12-25 08:46:47,869,0,76000,625
70834912,LL22137303M,982091101334912,1708,2022-12-25 09:01:21,872,0,73500,329
70834904,LL22149702M,982091101334904,1708,2022-12-25 09:16:05,646,0,76500,650
70834115,LL22151701M,982091101334115,1708,2022-12-25 09:26:55,545,0,89000,458
70832894,LL22137003M,982091101332894,1708,2022-12-25 09:40:43,796,0,80500,729
70834870,LL22138604M,982091101334870,1708,2022-12-25 10:51:09,797,0,77500,497
70821306,LL22145602M,982091101121306,1708,2022-12-25 11:04:34,793,0,93500,878
70821269,LL22146202M,982091101121269,1708,2022-12-25 11:17:47,992,0,76000,643
70834912,LL22137303M,982091101334912,1708,2022-12-25 11:34:23,747,0,73500,298
70821276,LL22142904M,982091101121276,1708,2022-12-25 11:46:58,405,0,77000,397
70839149,LL22151302M,982091101339149,1708,2022-12-25 11:53:43,796,0,90500,828
70839190,LL22149102M,982091101339190,1708,2022-12-25 12:07:12,1221,0,87000,984
70821269,LL22146202M,982091101121269,1708,2022-12-25 12:27:41,649,0,77500,356
70834137,LL22136804M,982091101334137,1708,2022-12-25 12:38:34,1102,0,82500,1057
70821306,LL22145602M,982091101121306,1708,2022-12-25 13:05:37,345,0,92750,347
70834115,LL22151701M,982091101334115,1708,2022-12-25 13:11:39,805,0,89000,741
70832894,LL22137003M,982091101332894,1708,2022-12-25 13:25:12,770,0,81000,535
70834904,LL22149702M,982091101334904,1708,2022-12-25 13:38:06,872,0,77000,836
70821254,LL22145301M,982091101121254,1708,2022-12-25 13:52:42,1193,0,68500,762
70821276,LL22142904M,982091101121276,1708,2022-12-25 14:12:51,578,0,77250,472
70834912,LL22137303M,982091101334912,1708,2022-12-25 14:22:37,859,0,72500,430
70834115,LL22151701M,982091101334115,1708,2022-12-25 14:38:44,395,0,89500,320
70834870,LL22138604M,982091101334870,1708,2022-12-25 14:45:31,966,0,77000,685
70821306,LL22145602M,982091101121306,1708,2022-12-25 15:01:41,381,0,94000,367
70839149,LL22151302M,982091101339149,1708,2022-12-25 15:08:14,947,0,90000,766
70834870,LL22138604M,982091101334870,1708,2022-12-25 15:24:22,402,0,77000,300
70821276,LL22142904M,982091101121276,1708,2022-12-25 15:31:29,151,0,77000,100
70834115,LL22151701M,982091101334115,1708,2022-12-25 15:34:17,166,0,90500,115
70821269,LL22146202M,982091101121269,1708,2022-12-25 15:40:11,962,0,77500,570
70834912,LL22137303M,982091101334912,1708,2022-12-25 15:57:22,28,0,,20
70834904,LL22149702M,982091101334904,1708,2022-12-25 15:58:52,23,0,,16
70834912,LL22137303M,982091101334912,1708,2022-12-25 15:59:28,19,0,,6
70832894,LL22137003M,982091101332894,1708,2022-12-25 16:00:28,651,0,80250,686
70834904,LL22149702M,982091101334904,1708,2022-12-25 16:11:27,507,0,79500,518
70821254,LL22145301M,982091101121254,1708,2022-12-25 16:20:10,390,0,70000,265
70839149,LL22151302M,982091101339149,1708,2022-12-25 16:37:54,610,0,93000,600
70821254,LL22145301M,982091101121254,1708,2022-12-25 16:48:32,72,0,69000,56
70832894,LL22137003M,982091101332894,1708,2022-12-25 16:50:08,51,0,,22
70834115,LL22151701M,982091101334115,1708,2022-12-25 16:53:00,43,0,,29
70834870,LL22138604M,982091101334870,1708,2022-12-25 16:53:51,28,0,,4
70834912,LL22137303M,982091101334912,1708,2022-12-25 16:54:43,690,0,74000,491
70834904,LL22149702M,982091101334904,1708,2022-12-25 17:08:14,22,0,,14
70821276,LL22142904M,982091101121276,1708,2022-12-25 17:16:43,369,0,79000,303
70821276,LL22142904M,982091101121276,1708,2022-12-25 17:30:29,88,0,77500,44
70839190,LL22149102M,982091101339190,1708,2022-12-25 18:21:20,1112,0,90000,1041
70832894,LL22137003M,982091101332894,1708,2022-12-25 18:39:56,704,0,82000,776
70834115,LL22151701M,982091101334115,1708,2022-12-25 19:04:27,230,0,91000,212
70821269,LL22146202M,982091101121269,1708,2022-12-25 19:08:33,722,0,77500,445
70834904,LL22149702M,982091101334904,1708,2022-12-25 19:36:12,214,0,81000,234
70834137,LL22136804M,982091101334137,1708,2022-12-25 19:42:20,846,0,84000,824
70821269,LL22146202M,982091101121269,1708,2022-12-25 19:57:23,539,0,78500,260
70821269,LL22146202M,982091101121269,1708,2022-12-25 20:14:17,47,0,,30
70821276,LL22142904M,982091101121276,1708,2022-12-25 20:15:08,261,0,78000,257
70821269,LL22146202M,982091101121269,1708,2022-12-25 20:19:33,216,0,78000,86
70821276,LL22142904M,982091101121276,1708,2022-12-25 20:23:38,19,0,,20
70821269,LL22146202M,982091101121269,1708,2022-12-25 20:25:58,51,0,,40
70821269,LL22146202M,982091101121269,1708,2022-12-25 20:28:49,34,0,,30
70821254,LL22145301M,982091101121254,1708,2022-12-25 20:37:19,296,0,70500,201
70821276,LL22142904M,982091101121276,1708,2022-12-25 20:47:41,460,0,80000,402
70832894,LL22137003M,982091101332894,1708,2022-12-25 21:02:56,388,0,84500,386
70839190,LL22149102M,982091101339190,1708,2022-12-25 21:18:21,690,0,91000,561
70834870,LL22138604M,982091101334870,1708,2022-12-25 21:45:50,630,0,79500,543
70834115,LL22151701M,982091101334115,1708,2022-12-25 22:03:20,419,0,91000,441
70834904,LL22149702M,982091101334904,1708,2022-12-25 22:22:29,241,0,81000,101
70821269,LL22146202M,982091101121269,1708,2022-12-25 23:44:56,63,0,79000,37
70821254,LL22145301M,982091101121254,1708,2022-12-25 23:52:51,659,0,70500,450
70834912,LL22137303M,982091101334912,1708,2022-12-26 00:04:07,639,0,73500,381
70821276,LL22142904M,982091101121276,1708,2022-12-26 00:15:43,277,0,80000,243
70834904,LL22149702M,982091101334904,1708,2022-12-26 00:20:52,70,0,80000,72
70821269,LL22146202M,982091101121269,1708,2022-12-26 00:23:35,350,0,80000,211
70821269,LL22146202M,982091101121269,1708,2022-12-26 01:02:17,312,0,79500,215
70839149,LL22151302M,982091101339149,1708,2022-12-26 01:13:15,364,0,94000,389
70834904,LL22149702M,982091101334904,1708,2022-12-26 03:12:54,557,0,80000,496
70832894,LL22137003M,982091101332894,1708,2022-12-26 03:22:36,54,0,,30
70834137,LL22136804M,982091101334137,1708,2022-12-26 03:24:22,566,0,84500,500
70821306,LL22145602M,982091101121306,1708,2022-12-26 04:53:19,821,0,95000,879
70832894,LL22137003M,982091101332894,1708,2022-12-26 05:07:48,569,0,83500,531
70834912,LL22137303M,982091101334912,1708,2022-12-26 07:04:30,729,0,72000,458
70821269,LL22146202M,982091101121269,1708,2022-12-26 07:24:12,602,0,78000,335
70839190,LL22149102M,982091101339190,1708,2022-12-26 07:34:18,997,0,89500,715
70834904,LL22149702M,982091101334904,1708,2022-12-26 07:51:51,491,0,78000,463
70839149,LL22151302M,982091101339149,1708,2022-12-26 08:25:52,482,0,93000,465
70834912,LL22137303M,982091101334912,1708,2022-12-26 08:34:02,160,0,73500,27
70821306,LL22145602M,982091101121306,1708,2022-12-26 08:36:42,566,0,94750,630
70834115,LL22151701M,982091101334115,1708,2022-12-26 08:46:24,755,0,91500,711
70821306,LL22145602M,982091101121306,1708,2022-12-26 09:06:03,56,0,,20
70821306,LL22145602M,982091101121306,1708,2022-12-26 09:10:05,21,0,,8
70834912,LL22137303M,982091101334912,1708,2022-12-26 09:16:12,649,0,74000,399
70821276,LL22142904M,982091101121276,1708,2022-12-26 09:27:09,904,0,78500,641
70834870,LL22138604M,982091101334870,1708,2022-12-26 09:42:25,1129,0,78000,821
70834137,LL22136804M,982091101334137,1708,2022-12-26 10:02:14,854,0,86500,755
70834115,LL22151701M,982091101334115,1708,2022-12-26 10:16:44,82,0,92000,28
70839190,LL22149102M,982091101339190,1708,2022-12-26 10:18:14,561,0,91500,365
70821254,LL22145301M,982091101121254,1708,2022-12-26 10:27:46,1103,0,69000,697
70832894,LL22137003M,982091101332894,1708,2022-12-26 10:47:05,1070,0,84500,940
70834904,LL22149702M,982091101334904,1708,2022-12-26 11:05:00,594,0,80500,601
70839149,LL22151302M,982091101339149,1708,2022-12-26 11:49:10,912,0,94500,850
70821306,LL22145602M,982091101121306,1708,2022-12-26 12:14:00,203,0,96500,80
70834115,LL22151701M,982091101334115,1708,2022-12-26 12:34:07,588,0,92000,516
70821306,LL22145602M,982091101121306,1708,2022-12-26 12:47:46,472,0,97000,524
70821276,LL22142904M,982091101121276,1708,2022-12-26 12:55:42,463,0,80000,313
70834912,LL22137303M,982091101334912,1708,2022-12-26 13:03:29,1327,0,74500,757
70821269,LL22146202M,982091101121269,1708,2022-12-26 13:28:22,565,0,79000,359
70834870,LL22138604M,982091101334870,1708,2022-12-26 13:38:12,288,0,79000,172
70834137,LL22136804M,982091101334137,1708,2022-12-26 13:43:43,483,0,87500,436
70839149,LL22151302M,982091101339149,1708,2022-12-26 13:52:06,61,0,92000,36
70821306,LL22145602M,982091101121306,1708,2022-12-26 13:53:15,246,0,97000,221
70821269,LL22146202M,982091101121269,1708,2022-12-26 13:58:19,140,0,80000,127
70821276,LL22142904M,982091101121276,1708,2022-12-26 14:00:55,222,0,79500,191
70821269,LL22146202M,982091101121269,1708,2022-12-26 14:04:37,149,0,80000,78
70821276,LL22142904M,982091101121276,1708,2022-12-26 14:08:15,158,0,80000,133
70839190,LL22149102M,982091101339190,1708,2022-12-26 14:11:05,372,0,91500,281
70821269,LL22146202M,982091101121269,1708,2022-12-26 14:17:17,40,0,,48
70834870,LL22138604M,982091101334870,1708,2022-12-26 14:18:53,447,0,79000,293
70832894,LL22137003M,982091101332894,1708,2022-12-26 14:26:32,266,0,86000,60
70821254,LL22145301M,982091101121254,1708,2022-12-26 14:31:02,641,0,70500,428
70821306,LL22145602M,982091101121306,1708,2022-12-26 14:42:04,282,0,97500,266
70834137,LL22136804M,982091101334137,1708,2022-12-26 14:46:58,353,0,88000,338
70834115,LL22151701M,982091101334115,1708,2022-12-26 14:54:49,281,0,93000,236
70821269,LL22146202M,982091101121269,1708,2022-12-26 15:01:33,390,0,77500,152
70834912,LL22137303M,982091101334912,1708,2022-12-26 15:23:17,509,0,75500,238
70821269,LL22146202M,982091101121269,1708,2022-12-26 15:31:58,121,0,79250,90
70821306,LL22145602M,982091101121306,1708,2022-12-26 15:34:03,340,0,98000,328
70839190,LL22149102M,982091101339190,1708,2022-12-26 15:40:33,671,0,93000,475
70834870,LL22138604M,982091101334870,1708,2022-12-26 15:51:44,554,0,80000,400
70834904,LL22149702M,982091101334904,1708,2022-12-26 16:01:22,986,0,81000,954
70832894,LL22137003M,982091101332894,1708,2022-12-26 16:17:52,744,0,85500,643
70821276,LL22142904M,982091101121276,1708,2022-12-26 16:30:34,16,0,,21
70839149,LL22151302M,982091101339149,1708,2022-12-26 16:31:19,643,0,95000,569
70839149,LL22151302M,982091101339149,1708,2022-12-26 16:46:56,199,0,95500,159
70821276,LL22142904M,982091101121276,1708,2022-12-26 16:50:19,276,0,80500,260
70821269,LL22146202M,982091101121269,1708,2022-12-26 16:54:59,480,0,80500,269
70834870,LL22138604M,982091101334870,1708,2022-12-26 17:04:08,551,0,81000,490
70821254,LL22145301M,982091101121254,1708,2022-12-26 17:13:59,595,0,71000,413
70821276,LL22142904M,982091101121276,1708,2022-12-26 17:24:19,127,0,79500,112
70821276,LL22142904M,982091101121276,1708,2022-12-26 17:27:57,150,0,80500,110
70839190,LL22149102M,982091101339190,1708,2022-12-26 17:31:41,472,0,93500,378
70832894,LL22137003M,982091101332894,1708,2022-12-26 18:07:20,724,0,86000,807
70839190,LL22149102M,982091101339190,1708,2022-12-26 18:46:41,444,0,93000,286
70821254,LL22145301M,982091101121254,1708,2022-12-26 19:00:22,560,0,71500,416
70821269,LL22146202M,982091101121269,1708,2022-12-26 19:09:55,73,0,79500,42
70834137,LL22136804M,982091101334137,1708,2022-12-26 19:11:48,607,0,88500,636
70821269,LL22146202M,982091101121269,1708,2022-12-26 19:22:43,147,0,75000,119
70821276,LL22142904M,982091101121276,1708,2022-12-26 19:25:35,357,0,81000,298
70821269,LL22146202M,982091101121269,1708,2022-12-26 19:32:00,23,0,,26
70832894,LL22137003M,982091101332894,1708,2022-12-26 19:37:06,32,0,,17
70821269,LL22146202M,982091101121269,1708,2022-12-26 20:00:06,486,0,80500,296
70821269,LL22146202M,982091101121269,1708,2022-12-26 20:10:55,101,0,80000,30
70821254,LL22145301M,982091101121254,1708,2022-12-26 21:24:51,228,0,72000,170
70821276,LL22142904M,982091101121276,1708,2022-12-26 21:43:05,196,0,81500,158
70834870,LL22138604M,982091101334870,1708,2022-12-26 21:47:14,31,0,,9
70821276,LL22142904M,982091101121276,1708,2022-12-26 21:48:30,24,0,,25
70834904,LL22149702M,982091101334904,1708,2022-12-26 21:50:50,30,0,,23
70821269,LL22146202M,982091101121269,1708,2022-12-26 21:51:28,210,0,80500,121
70834115,LL22151701M,982091101334115,1708,2022-12-26 21:55:06,717,0,93000,764
70821276,LL22142904M,982091101121276,1708,2022-12-26 22:20:56,287,0,81500,236
70834904,LL22149702M,982091101334904,1708,2022-12-26 22:25:51,432,0,82000,472
70832894,LL22137003M,982091101332894,1708,2022-12-26 23:11:43,340,0,87500,355
70834870,LL22138604M,982091101334870,1708,2022-12-27 00:26:51,589,0,82000,519
70839149,LL22151302M,982091101339149,1708,2022-12-27 01:12:04,585,0,95500,601
70832894,LL22137003M,982091101332894,1708,2022-12-27 01:24:31,396,0,88500,392
70834912,LL22137303M,982091101334912,1708,2022-12-27 01:47:48,787,0,75500,467
70821276,LL22142904M,982091101121276,1708,2022-12-27 02:01:11,203,0,81500,165
70839190,LL22149102M,982091101339190,1708,2022-12-27 02:10:52,1057,0,94000,857
70834137,LL22136804M,982091101334137,1708,2022-12-27 02:40:21,512,0,89000,466
70834904,LL22149702M,982091101334904,1708,2022-12-27 03:44:06,454,0,81500,438
70821306,LL22145602M,982091101121306,1708,2022-12-27 03:58:11,441,0,98500,469
70834137,LL22136804M,982091101334137,1708,2022-12-27 05:08:26,308,0,89000,314
70821306,LL22145602M,982091101121306,1708,2022-12-27 05:41:56,201,0,98000,208
70834115,LL22151701M,982091101334115,1708,2022-12-27 06:28:21,603,0,93500,630
70834115,LL22151701M,982091101334115,1708,2022-12-27 06:40:27,52,0,,28
70839149,LL22151302M,982091101339149,1708,2022-12-27 06:42:05,405,0,95000,414
70821306,LL22145602M,982091101121306,1708,2022-12-27 06:49:11,174,0,98000,55
70832894,LL22137003M,982091101332894,1708,2022-12-27 06:54:08,352,0,87500,274
70821306,LL22145602M,982091101121306,1708,2022-12-27 07:00:41,143,0,98000,161
70821306,LL22145602M,982091101121306,1708,2022-12-27 07:05:05,54,0,,24
70834912,LL22137303M,982091101334912,1708,2022-12-27 07:20:24,777,0,74500,417
70839190,LL22149102M,982091101339190,1708,2022-12-27 07:33:57,197,0,92500,92
70839190,LL22149102M,982091101339190,1708,2022-12-27 07:39:15,605,0,93500,458
70834904,LL22149702M,982091101334904,1708,2022-12-27 08:17:33,587,0,83000,495
70834870,LL22138604M,982091101334870,1708,2022-12-27 08:27:28,44,0,,1
70832894,LL22137003M,982091101332894,1708,2022-12-27 08:39:09,391,0,87000,362
70834912,LL22137303M,982091101334912,1708,2022-12-27 08:45:44,216,0,74250,64
70834115,LL22151701M,982091101334115,1708,2022-12-27 08:49:33,45,0,,35
70821306,LL22145602M,982091101121306,1708,2022-12-27 08:50:54,39,0,,9
70821306,LL22145602M,982091101121306,1708,2022-12-27 08:56:23,306,0,98000,341
70821254,LL22145301M,982091101121254,1708,2022-12-27 09:02:14,398,0,70500,214
70834137,LL22136804M,982091101334137,1708,2022-12-27 09:12:41,367,0,88000,282
70821276,LL22142904M,982091101121276,1708,2022-12-27 09:20:05,770,0,80000,501
70834912,LL22137303M,982091101334912,1708,2022-12-27 09:33:00,63,0,75000,28
70839190,LL22149102M,982091101339190,1708,2022-12-27 09:34:11,117,0,93500,109
70839149,LL22151302M,982091101339149,1708,2022-12-27 09:36:17,631,0,96500,530
70834870,LL22138604M,982091101334870,1708,2022-12-27 09:46:57,882,0,80000,542
70834115,LL22151701M,982091101334115,1708,2022-12-27 10:02:28,558,0,93500,477
70834115,LL22151701M,982091101334115,1708,2022-12-27 11:15:46,334,0,94500,306
70832894,LL22137003M,982091101332894,1708,2022-12-27 11:25:14,624,0,87000,560
70834904,LL22149702M,982091101334904,1708,2022-12-27 11:38:57,675,0,82000,592
70834904,LL22149702M,982091101334904,1708,2022-12-27 11:53:28,211,0,81500,223
70821276,LL22142904M,982091101121276,1708,2022-12-27 12:02:49,295,0,80500,235
70821306,LL22145602M,982091101121306,1708,2022-12-27 12:08:46,879,0,98000,960
70839149,LL22151302M,982091101339149,1708,2022-12-27 12:23:29,20,0,,1
70839190,LL22149102M,982091101339190,1708,2022-12-27 12:24:27,711,0,94000,602
70834870,LL22138604M,982091101334870,1708,2022-12-27 12:36:26,888,0,80500,438
70821269,LL22146202M,982091101121269,1708,2022-12-27 12:51:26,845,0,78500,406
70834912,LL22137303M,982091101334912,1708,2022-12-27 13:05:43,1380,0,74500,620
70834137,LL22136804M,982091101334137,1708,2022-12-27 13:28:51,748,0,88000,511
70834115,LL22151701M,982091101334115,1708,2022-12-27 13:42:08,96,0,94000,10
70821269,LL22146202M,982091101121269,1708,2022-12-27 13:44:05,237,0,78750,2
70821269,LL22146202M,982091101121269,1708,2022-12-27 13:50:04,300,0,78500,145
70834115,LL22151701M,982091101334115,1708,2022-12-27 13:57:07,415,0,94000,308
70821254,LL22145301M,982091101121254,1708,2022-12-27 14:04:15,972,0,69000,536
70839149,LL22151302M,982091101339149,1708,2022-12-27 14:20:48,624,0,95000,489
70834912,LL22137303M,982091101334912,1708,2022-12-27 14:31:20,780,0,75500,409
70821276,LL22142904M,982091101121276,1708,2022-12-27 14:44:44,557,0,80000,487
70821269,LL22146202M,982091101121269,1708,2022-12-27 14:55:26,319,0,80000,106
70834870,LL22138604M,982091101334870,1708,2022-12-27 15:00:45,718,0,81000,488
70834904,LL22149702M,982091101334904,1708,2022-12-27 15:12:59,534,0,82000,429
70832894,LL22137003M,982091101332894,1708,2022-12-27 15:21:58,778,0,86500,541
70839190,LL22149102M,982091101339190,1708,2022-12-27 15:35:04,624,0,94500,449
70834115,LL22151701M,982091101334115,1708,2022-12-27 15:47:31,504,0,94000,431
70832894,LL22137003M,982091101332894,1708,2022-12-27 16:01:38,25,0,,1
70821306,LL22145602M,982091101121306,1708,2022-12-27 16:02:11,252,0,99000,250
70834912,LL22137303M,982091101334912,1708,2022-12-27 16:07:16,497,0,75500,213
70821269,LL22146202M,982091101121269,1708,2022-12-27 16:15:49,299,0,79500,66
70821276,LL22142904M,982091101121276,1708,2022-12-27 16:22:10,200,0,81000,135
70839149,LL22151302M,982091101339149,1708,2022-12-27 16:25:30,491,0,96000,461
70821269,LL22146202M,982091101121269,1708,2022-12-27 16:33:53,107,0,79500,30
70821254,LL22145301M,982091101121254,1708,2022-12-27 16:35:40,578,0,70500,359
70834137,LL22136804M,982091101334137,1708,2022-12-27 16:45:47,671,0,89000,545
70839149,LL22151302M,982091101339149,1708,2022-12-27 17:03:30,460,0,96500,474
70832894,LL22137003M,982091101332894,1708,2022-12-27 17:40:01,580,0,87500,500
70821276,LL22142904M,982091101121276,1708,2022-12-27 17:49:49,387,0,81500,337
70821276,LL22142904M,982091101121276,1708,2022-12-27 17:59:24,33,0,,21
70834870,LL22138604M,982091101334870,1708,2022-12-27 18:20:27,856,0,82000,724
70821276,LL22142904M,982091101121276,1708,2022-12-27 18:36:36,128,0,81500,64
70832894,LL22137003M,982091101332894,1708,2022-12-27 18:38:56,425,0,88000,427
70839149,LL22151302M,982091101339149,1708,2022-12-27 18:52:33,391,0,98000,401
70821269,LL22146202M,982091101121269,1708,2022-12-27 19:07:27,830,0,80500,476
70821269,LL22146202M,982091101121269,1708,2022-12-27 19:23:20,449,0,80000,274
70821254,LL22145301M,982091101121254,1708,2022-12-27 19:32:10,311,0,71500,196
70834904,LL22149702M,982091101334904,1708,2022-12-27 19:41:00,336,0,83000,115
70839190,LL22149102M,982091101339190,1708,2022-12-27 19:47:04,156,0,94500,26
70834904,LL22149702M,982091101334904,1708,2022-12-27 19:51:37,17,0,,2
70821269,LL22146202M,982091101121269,1708,2022-12-27 19:53:07,8,0,,1
70834904,LL22149702M,982091101334904,1708,2022-12-27 19:55:17,289,0,82500,294
70839190,LL22149102M,982091101339190,1708,2022-12-27 20:00:10,221,0,94500,186
70821276,LL22142904M,982091101121276,1708,2022-12-27 20:05:04,316,0,81000,210
70839190,LL22149102M,982091101339190,1708,2022-12-27 20:12:51,377,0,94500,324
70834115,LL22151701M,982091101334115,1708,2022-12-27 20:19:16,519,0,94500,520
70821269,LL22146202M,982091101121269,1708,2022-12-27 20:28:07,43,0,,1
70821269,LL22146202M,982091101121269,1708,2022-12-27 20:31:33,367,0,80500,224
70834904,LL22149702M,982091101334904,1708,2022-12-27 20:38:40,37,0,,38
70821269,LL22146202M,982091101121269,1708,2022-12-27 20:39:41,29,0,,8
70834904,LL22149702M,982091101334904,1708,2022-12-27 20:40:31,20,0,,20
70832894,LL22137003M,982091101332894,1708,2022-12-27 20:50:53,33,0,,1
70834137,LL22136804M,982091101334137,1708,2022-12-27 20:53:02,189,0,90000,139
70821276,LL22142904M,982091101121276,1708,2022-12-27 20:58:22,372,0,82000,189
70832894,LL22137003M,982091101332894,1708,2022-12-27 21:06:18,410,0,88000,345
70839190,LL22149102M,982091101339190,1708,2022-12-27 21:20:12,522,0,95000,407
70821254,LL22145301M,982091101121254,1708,2022-12-27 21:34:40,337,0,71000,165
70834137,LL22136804M,982091101334137,1708,2022-12-27 21:40:30,102,0,90000,37
70832894,LL22137003M,982091101332894,1708,2022-12-27 22:03:45,157,0,88500,127
70821269,LL22146202M,982091101121269,1708,2022-12-27 23:12:34,294,0,81500,192
70821276,LL22142904M,982091101121276,1708,2022-12-27 23:27:02,474,0,82000,395
70834115,LL22151701M,982091101334115,1708,2022-12-27 23:35:08,574,0,94500,655
70834870,LL22138604M,982091101334870,1708,2022-12-27 23:46:42,534,0,83000,525
70834904,LL22149702M,982091101334904,1708,2022-12-28 02:30:53,392,0,82500,369
70821306,LL22145602M,982091101121306,1708,2022-12-28 02:40:40,278,0,98000,246
70834912,LL22137303M,982091101334912,1708,2022-12-28 02:45:34,958,0,75500,516
70839190,LL22149102M,982091101339190,1708,2022-12-28 03:10:42,368,0,94000,244
70834137,LL22136804M,982091101334137,1708,2022-12-28 03:18:50,893,0,88500,740
70821306,LL22145602M,982091101121306,1708,2022-12-28 04:39:02,359,0,97500,366
70839149,LL22151302M,982091101339149,1708,2022-12-28 04:45:41,94,0,96000,97
70839149,LL22151302M,982091101339149,1708,2022-12-28 04:49:16,395,0,96500,388
70821269,LL22146202M,982091101121269,1708,2022-12-28 05:10:44,369,0,80500,72
70834904,LL22149702M,982091101334904,1708,2022-12-28 05:16:57,393,0,81000,121
70832894,LL22137003M,982091101332894,1708,2022-12-28 05:50:58,481,0,87000,390
70832894,LL22137003M,982091101332894,1708,2022-12-28 06:01:03,360,0,87500,356
70821306,LL22145602M,982091101121306,1708,2022-12-28 06:35:24,39,0,,4
70821306,LL22145602M,982091101121306,1708,2022-12-28 06:41:18,45,0,,12
70821306,LL22145602M,982091101121306,1708,2022-12-28 06:47:49,192,0,98000,59
70834904,LL22149702M,982091101334904,1708,2022-12-28 06:51:21,22,0,,17
70834904,LL22149702M,982091101334904,1708,2022-12-28 07:41:31,362,0,80500,117
70834904,LL22149702M,982091101334904,1708,2022-12-28 07:49:34,415,0,81000,374
70834904,LL22149702M,982091101334904,1708,2022-12-28 07:59:34,40,0,,1
70834912,LL22137303M,982091101334912,1708,2022-12-28 08:02:47,343,0,74500,83
70834115,LL22151701M,982091101334115,1708,2022-12-28 08:09:07,73,0,94000,22
70839190,LL22149102M,982091101339190,1708,2022-12-28 08:10:41,63,0,93000,4
70821269,LL22146202M,982091101121269,1708,2022-12-28 08:13:14,40,0,,3
70834912,LL22137303M,982091101334912,1708,2022-12-28 08:14:07,180,0,74000,19
70839190,LL22149102M,982091101339190,1708,2022-12-28 08:23:12,527,0,93000,365
70834912,LL22137303M,982091101334912,1708,2022-12-28 08:32:03,195,0,74000,70
70834115,LL22151701M,982091101334115,1708,2022-12-28 08:36:10,125,0,94000,83
70821276,LL22142904M,982091101121276,1708,2022-12-28 08:38:35,237,0,80500,198
70821306,LL22145602M,982091101121306,1708,2022-12-28 08:42:36,940,0,98000,925
70834912,LL22137303M,982091101334912,1708,2022-12-28 08:58:45,886,0,74500,492
70839190,LL22149102M,982091101339190,1708,2022-12-28 09:17:21,129,0,92500,98
70839190,LL22149102M,982091101339190,1708,2022-12-28 09:26:23,264,0,93000,211
70834137,LL22136804M,982091101334137,1708,2022-12-28 09:30:51,901,0,88000,652
70839149,LL22151302M,982091101339149,1708,2022-12-28 09:46:13,77,0,96000,23
70821254,LL22145301M,982091101121254,1708,2022-12-28 09:47:39,978,0,69500,562
70821269,LL22146202M,982091101121269,1708,2022-12-28 10:04:06,733,0,81000,393
70834904,LL22149702M,982091101334904,1708,2022-12-28 10:16:23,234,0,83000,119
70821276,LL22142904M,982091101121276,1708,2022-12-28 10:20:49,1024,0,82500,743
70834115,LL22151701M,982091101334115,1708,2022-12-28 10:38:26,884,0,94000,769
70834912,LL22137303M,982091101334912,1708,2022-12-28 11:51:28,860,0,75500,483
70834870,LL22138604M,982091101334870,1708,2022-12-28 12:10:08,589,0,81500,428
70832894,LL22137003M,982091101332894,1708,2022-12-28 12:20:15,222,0,85750,60
70832894,LL22137003M,982091101332894,1708,2022-12-28 12:25:58,540,0,86000,449
70821254,LL22145301M,982091101121254,1708,2022-12-28 12:35:10,291,0,70500,99
70834912,LL22137303M,982091101334912,1708,2022-12-28 12:40:45,88,0,76000,10
70821276,LL22142904M,982091101121276,1708,2022-12-28 12:42:33,43,0,,1
70821306,LL22145602M,982091101121306,1708,2022-12-28 12:43:16,318,0,97500,3
70839149,LL22151302M,982091101339149,1708,2022-12-28 12:48:54,69,0,94000,1
70839190,LL22149102M,982091101339190,1708,2022-12-28 12:50:47,129,0,93000,13
70834870,LL22138604M,982091101334870,1708,2022-12-28 12:53:16,89,0,80000,1
70834904,LL22149702M,982091101334904,1708,2022-12-28 12:56:03,915,0,81500,861
70821269,LL22146202M,982091101121269,1708,2022-12-28 13:11:30,1042,0,80000,552
70839190,LL22149102M,982091101339190,1708,2022-12-28 13:28:57,178,0,92000,99
70821306,LL22145602M,982091101121306,1708,2022-12-28 13:31:55,655,0,98000,524
70821269,LL22146202M,982091101121269,1708,2022-12-28 13:43:02,11,0,,1
70834137,LL22136804M,982091101334137,1708,2022-12-28 13:43:37,583,0,88000,473
70832894,LL22137003M,982091101332894,1708,2022-12-28 14:04:11,390,0,86500,359
70821306,LL22145602M,982091101121306,1708,2022-12-28 14:10:45,258,0,98000,171
70834115,LL22151701M,982091101334115,1708,2022-12-28 14:15:07,589,0,95000,512
70834137,LL22136804M,982091101334137,1708,2022-12-28 14:25:37,36,0,,10
70834912,LL22137303M,982091101334912,1708,2022-12-28 14:26:45,878,0,75500,490
70839149,LL22151302M,982091101339149,1708,2022-12-28 14:41:47,496,0,94500,530
70821254,LL22145301M,982091101121254,1708,2022-12-28 14:50:16,1041,0,70500,738
70821269,LL22146202M,982091101121269,1708,2022-12-28 15:07:46,357,0,81000,186
70834870,LL22138604M,982091101334870,1708,2022-12-28 15:14:28,1112,0,81500,582
70834137,LL22136804M,982091101334137,1708,2022-12-28 15:33:08,512,0,89000,427
70839149,LL22151302M,982091101339149,1708,2022-12-28 15:42:16,107,0,96000,56
70839190,LL22149102M,982091101339190,1708,2022-12-28 15:44:15,675,0,93500,538
70821276,LL22142904M,982091101121276,1708,2022-12-28 15:55:34,102,0,82250,81
70839149,LL22151302M,982091101339149,1708,2022-12-28 15:57:20,485,0,96500,429
70821276,LL22142904M,982091101121276,1708,2022-12-28 16:05:41,127,0,82250,104
70821306,LL22145602M,982091101121306,1708,2022-12-28 16:08:01,414,0,99000,382
70821276,LL22142904M,982091101121276,1708,2022-12-28 16:15:15,381,0,82500,340
70839149,LL22151302M,982091101339149,1708,2022-12-28 16:21:40,218,0,96000,202
70821276,LL22142904M,982091101121276,1708,2022-12-28 16:26:48,94,0,82500,64
70834115,LL22151701M,982091101334115,1708,2022-12-28 16:29:23,489,0,95000,459
70834912,LL22137303M,982091101334912,1708,2022-12-28 16:38:53,700,0,77000,418
70832894,LL22137003M,982091101332894,1708,2022-12-28 16:50:49,181,0,86500,14
70832894,LL22137003M,982091101332894,1708,2022-12-28 16:55:52,441,0,86500,458
70821276,LL22142904M,982091101121276,1708,2022-12-28 17:03:42,208,0,82500,155
70834870,LL22138604M,982091101334870,1708,2022-12-28 17:07:10,1191,0,82000,896
70834115,LL22151701M,982091101334115,1708,2022-12-28 17:27:13,529,0,95000,527
70839149,LL22151302M,982091101339149,1708,2022-12-28 17:36:06,119,0,96500,82
70821276,LL22142904M,982091101121276,1708,2022-12-28 17:40:07,249,0,82500,66
70839149,LL22151302M,982091101339149,1708,2022-12-28 17:44:44,529,0,96500,391
70834904,LL22149702M,982091101334904,1708,2022-12-28 17:53:42,713,0,82500,712
70832894,LL22137003M,982091101332894,1708,2022-12-28 18:07:23,426,0,87000,329
70832894,LL22137003M,982091101332894,1708,2022-12-28 18:16:30,436,0,88000,432
70821254,LL22145301M,982091101121254,1708,2022-12-28 18:25:47,681,0,71500,517
70821269,LL22146202M,982091101121269,1708,2022-12-28 18:37:16,266,0,80000,118
70834904,LL22149702M,982091101334904,1708,2022-12-28 18:41:42,29,0,,35
70821269,LL22146202M,982091101121269,1708,2022-12-28 18:42:15,637,0,81000,332
70821269,LL22146202M,982091101121269,1708,2022-12-28 19:02:04,429,0,81500,289
70821276,LL22142904M,982091101121276,1708,2022-12-28 19:10:30,222,0,82500,211
70834904,LL22149702M,982091101334904,1708,2022-12-28 19:15:22,19,0,,11
70832894,LL22137003M,982091101332894,1708,2022-12-28 19:17:43,43,0,,4
70839190,LL22149102M,982091101339190,1708,2022-12-28 19:19:43,685,0,93500,605
70821254,LL22145301M,982091101121254,1708,2022-12-28 19:31:25,48,0,,1
70821269,LL22146202M,982091101121269,1708,2022-12-28 19:40:51,17,0,,2
70821269,LL22146202M,982091101121269,1708,2022-12-28 19:43:50,457,0,82000,264
70832894,LL22137003M,982091101332894,1708,2022-12-28 19:52:00,289,0,88500,169
70832894,LL22137003M,982091101332894,1708,2022-12-28 19:58:49,493,0,88500,381
70834904,LL22149702M,982091101334904,1708,2022-12-28 20:07:22,264,0,82500,192
70834912,LL22137303M,982091101334912,1708,2022-12-28 20:13:16,92,0,76500,19
70834904,LL22149702M,982091101334904,1708,2022-12-28 20:15:08,16,0,,2
70821276,LL22142904M,982091101121276,1708,2022-12-28 20:35:27,47,0,,15
70821276,LL22142904M,982091101121276,1708,2022-12-28 20:42:32,48,0,,37
70821254,LL22145301M,982091101121254,1708,2022-12-28 21:12:45,216,0,72000,160
70821269,LL22146202M,982091101121269,1708,2022-12-28 21:17:18,228,0,82000,151
70821306,LL22145602M,982091101121306,1708,2022-12-28 21:21:59,75,0,99500,63
70821269,LL22146202M,982091101121269,1708,2022-12-28 21:25:59,44,0,,33
70821276,LL22142904M,982091101121276,1708,2022-12-28 22:21:53,497,0,83500,441
70834870,LL22138604M,982091101334870,1708,2022-12-28 22:40:25,459,0,83500,433
70821276,LL22142904M,982091101121276,1708,2022-12-28 22:49:33,72,0,82500,54
70834904,LL22149702M,982091101334904,1708,2022-12-28 23:31:08,310,0,84000,302
70834137,LL22136804M,982091101334137,1708,2022-12-29 00:06:08,935,0,88500,772
70821276,LL22142904M,982091101121276,1708,2022-12-29 00:22:04,216,0,83000,196
70839149,LL22151302M,982091101339149,1708,2022-12-29 00:25:44,674,0,96500,754
70832894,LL22137003M,982091101332894,1708,2022-12-29 01:50:20,404,0,90500,463
70821269,LL22146202M,982091101121269,1708,2022-12-29 03:05:02,539,0,82500,353
70834912,LL22137303M,982091101334912,1708,2022-12-29 03:17:09,414,0,77000,223
70821306,LL22145602M,982091101121306,1708,2022-12-29 03:26:05,450,0,99000,496
70834912,LL22137303M,982091101334912,1708,2022-12-29 03:54:30,727,0,76000,470
70834870,LL22138604M,982091101334870,1708,2022-12-29 04:09:21,630,0,83500,497
70834115,LL22151701M,982091101334115,1708,2022-12-29 04:37:36,846,0,95000,908
70834904,LL22149702M,982091101334904,1708,2022-12-29 04:58:41,508,0,82500,468
70839190,LL22149102M,982091101339190,1708,2022-12-29 05:37:36,288,0,93000,183
70839190,LL22149102M,982091101339190,1708,2022-12-29 05:44:24,597,0,93500,447
70821269,LL22146202M,982091101121269,1708,2022-12-29 06:05:06,218,0,82000,140
70821306,LL22145602M,982091101121306,1708,2022-12-29 06:21:30,397,0,98750,314
70834137,LL22136804M,982091101334137,1708,2022-12-29 06:28:51,205,0,89000,103
70834137,LL22136804M,982091101334137,1708,2022-12-29 06:38:13,409,0,87500,370
70821306,LL22145602M,982091101121306,1708,2022-12-29 06:45:35,145,0,98000,88
70821306,LL22145602M,982091101121306,1708,2022-12-29 06:50:00,289,0,98500,313
70832894,LL22137003M,982091101332894,1708,2022-12-29 07:16:15,74,0,89500,12
70821276,LL22142904M,982091101121276,1708,2022-12-29 07:49:51,716,0,83500,447
70821306,LL22145602M,982091101121306,1708,2022-12-29 08:15:06,238,0,99000,238
70839149,LL22151302M,982091101339149,1708,2022-12-29 08:21:05,488,0,96500,539
70839190,LL22149102M,982091101339190,1708,2022-12-29 08:29:50,83,0,93000,48
70834912,LL22137303M,982091101334912,1708,2022-12-29 08:31:17,801,0,76750,376
70834904,LL22149702M,982091101334904,1708,2022-12-29 08:44:54,257,0,81500,110
70832894,LL22137003M,982091101332894,1708,2022-12-29 08:50:05,6,0,,1
70834115,LL22151701M,982091101334115,1708,2022-12-29 08:51:07,487,0,95500,471
70839190,LL22149102M,982091101339190,1708,2022-12-29 08:59:18,221,0,93000,140
70834904,LL22149702M,982091101334904,1708,2022-12-29 09:03:28,355,0,82000,346
70834137,LL22136804M,982091101334137,1708,2022-12-29 09:09:43,76,0,89500,28
70834137,LL22136804M,982091101334137,1708,2022-12-29 09:28:24,141,0,89000,113
70821254,LL22145301M,982091101121254,1708,2022-12-29 09:31:17,687,0,71000,435
70832894,LL22137003M,982091101332894,1708,2022-12-29 09:46:58,544,0,87000,424
70832894,LL22137003M,982091101332894,1708,2022-12-29 09:58:04,425,0,87000,400
70834912,LL22137303M,982091101334912,1708,2022-12-29 10:27:27,757,0,76500,436
70834870,LL22138604M,982091101334870,1708,2022-12-29 10:40:33,102,0,82500,59
70839190,LL22149102M,982091101339190,1708,2022-12-29 10:48:39,105,0,93000,34
70839190,LL22149102M,982091101339190,1708,2022-12-29 10:52:26,614,0,94000,508
70821306,LL22145602M,982091101121306,1708,2022-12-29 11:03:48,66,0,98500,12
70834137,LL22136804M,982091101334137,1708,2022-12-29 11:06:55,605,0,88500,511
70834115,LL22151701M,982091101334115,1708,2022-12-29 11:19:01,429,0,96000,436
70834904,LL22149702M,982091101334904,1708,2022-12-29 11:26:22,80,0,82500,49
70821269,LL22146202M,982091101121269,1708,2022-12-29 11:29:44,783,0,81000,387
70834912,LL22137303M,982091101334912,1708,2022-12-29 11:45:22,403,0,77000,53
70821276,LL22142904M,982091101121276,1708,2022-12-29 11:56:55,291,0,80500,258
70834870,LL22138604M,982091101334870,1708,2022-12-29 12:02:27,723,0,82000,359
70821254,LL22145301M,982091101121254,1708,2022-12-29 12:14:38,829,0,71000,565
70839149,LL22151302M,982091101339149,1708,2022-12-29 12:30:30,548,0,95500,518
70821306,LL22145602M,982091101121306,1708,2022-12-29 12:39:46,1093,0,98000,1084
70834904,LL22149702M,982091101334904,1708,2022-12-29 12:58:11,920,0,82500,912
70832894,LL22137003M,982091101332894,1708,2022-12-29 14:02:32,504,0,88500,493
70834912,LL22137303M,982091101334912,1708,2022-12-29 14:11:00,878,0,78000,493
70821276,LL22142904M,982091101121276,1708,2022-12-29 14:25:46,793,0,82000,626
70834137,LL22136804M,982091101334137,1708,2022-12-29 14:39:16,815,0,88500,837
70839190,LL22149102M,982091101339190,1708,2022-12-29 14:52:55,505,0,94000,489
70821269,LL22146202M,982091101121269,1708,2022-12-29 15:01:20,561,0,80500,415
70839149,LL22151302M,982091101339149,1708,2022-12-29 15:11:14,814,0,96000,1024
70821269,LL22146202M,982091101121269,1708,2022-12-29 15:25:00,240,0,80000,151
70834115,LL22151701M,982091101334115,1708,2022-12-29 15:29:00,676,0,95500,670
70821254,LL22145301M,982091101121254,1708,2022-12-29 15:40:28,300,0,72500,241
70834870,LL22138604M,982091101334870,1708,2022-12-29 15:45:52,123,0,80500,37
70821306,LL22145602M,982091101121306,1708,2022-12-29 15:48:07,440,0,99000,425
70834912,LL22137303M,982091101334912,1708,2022-12-29 15:56:00,32,0,,20
70821269,LL22146202M,982091101121269,1708,2022-12-29 15:56:45,214,0,81000,50
70821276,LL22142904M,982091101121276,1708,2022-12-29 16:01:33,178,0,80500,120
70839190,LL22149102M,982091101339190,1708,2022-12-29 16:07:05,392,0,93500,347
70821254,LL22145301M,982091101121254,1708,2022-12-29 16:16:56,382,0,72500,277
70834904,LL22149702M,982091101334904,1708,2022-12-29 16:40:06,249,0,82500,239
70832894,LL22137003M,982091101332894,1708,2022-12-29 16:54:31,535,0,87500,536
70834904,LL22149702M,982091101334904,1708,2022-12-29 17:03:34,87,0,83500,15
70834870,LL22138604M,982091101334870,1708,2022-12-29 17:07:05,1076,0,81500,1009
70839149,LL22151302M,982091101339149,1708,2022-12-29 17:25:09,858,0,98000,765
70834912,LL22137303M,982091101334912,1708,2022-12-29 17:39:47,593,0,77500,397
70821269,LL22146202M,982091101121269,1708,2022-12-29 17:50:24,364,0,81500,274
70821276,LL22142904M,982091101121276,1708,2022-12-29 17:56:36,665,0,82500,513
70839149,LL22151302M,982091101339149,1708,2022-12-29 18:08:10,78,0,97000,27
70821269,LL22146202M,982091101121269,1708,2022-12-29 18:10:21,355,0,82000,275
70832894,LL22137003M,982091101332894,1708,2022-12-29 18:17:35,791,0,87500,709
70834115,LL22151701M,982091101334115,1708,2022-12-29 18:30:59,489,0,95500,506
70834870,LL22138604M,982091101334870,1708,2022-12-29 18:39:40,111,0,82000,1
70821269,LL22146202M,982091101121269,1708,2022-12-29 18:42:28,33,0,,26
70834870,LL22138604M,982091101334870,1708,2022-12-29 18:43:09,31,0,,1
70821269,LL22146202M,982091101121269,1708,2022-12-29 18:43:48,431,0,82000,266
70839190,LL22149102M,982091101339190,1708,2022-12-29 18:51:19,140,0,92500,128
70821276,LL22142904M,982091101121276,1708,2022-12-29 18:54:08,226,0,83500,1
70821254,LL22145301M,982091101121254,1708,2022-12-29 18:59:41,56,0,,21
70834870,LL22138604M,982091101334870,1708,2022-12-29 19:02:37,804,0,82500,503
70821254,LL22145301M,982091101121254,1708,2022-12-29 19:49:59,484,0,73000,362
70832894,LL22137003M,982091101332894,1708,2022-12-29 20:18:17,82,0,85500,42
70832894,LL22137003M,982091101332894,1708,2022-12-29 20:21:41,456,0,88500,437
70821254,LL22145301M,982091101121254,1708,2022-12-29 21:24:58,122,0,73000,69
70821254,LL22145301M,982091101121254,1708,2022-12-29 21:29:02,370,0,73500,302
70821276,LL22142904M,982091101121276,1708,2022-12-29 21:35:28,522,0,83000,364
70821269,LL22146202M,982091101121269,1708,2022-12-29 21:51:15,151,0,83500,85
70832894,LL22137003M,982091101332894,1708,2022-12-29 21:59:02,313,0,89500,230
70834904,LL22149702M,982091101334904,1708,2022-12-29 22:12:22,494,0,83000,516
70834904,LL22149702M,982091101334904,1708,2022-12-29 22:22:37,73,0,83000,34
70834137,LL22136804M,982091101334137,1708,2022-12-29 22:47:51,673,0,87500,589
70834904,LL22149702M,982091101334904,1708,2022-12-29 23:01:42,15,0,,4
70821276,LL22142904M,982091101121276,1708,2022-12-29 23:02:17,97,0,82000,82
70834115,LL22151701M,982091101334115,1708,2022-12-29 23:10:45,376,0,96000,417
70839149,LL22151302M,982091101339149,1708,2022-12-29 23:19:01,470,0,98500,468
70821269,LL22146202M,982091101121269,1708,2022-12-30 00:37:13,550,0,83000,383
70834912,LL22137303M,982091101334912,1708,2022-12-30 00:46:35,890,0,77000,572
70821306,LL22145602M,982091101121306,1708,2022-12-30 01:36:59,323,0,101000,394
70834904,LL22149702M,982091101334904,1708,2022-12-30 02:02:18,352,0,83500,390
70832894,LL22137003M,982091101332894,1708,2022-12-30 02:08:27,210,0,88500,199
70832894,LL22137003M,982091101332894,1708,2022-12-30 02:13:58,309,0,89500,342
70821276,LL22142904M,982091101121276,1708,2022-12-30 02:34:29,534,0,83000,467
70821269,LL22146202M,982091101121269,1708,2022-12-30 04:04:07,153,0,82500,108
70821269,LL22146202M,982091101121269,1708,2022-12-30 04:27:40,231,0,82500,170
70834137,LL22136804M,982091101334137,1708,2022-12-30 04:31:59,709,0,87500,669
70834115,LL22151701M,982091101334115,1708,2022-12-30 04:52:12,600,0,96500,657
70834137,LL22136804M,982091101334137,1708,2022-12-30 05:14:03,27,0,,1
70821306,LL22145602M,982091101121306,1708,2022-12-30 05:25:10,359,0,100000,427
70834870,LL22138604M,982091101334870,1708,2022-12-30 05:32:02,837,0,83000,690
70834912,LL22137303M,982091101334912,1708,2022-12-30 06:06:06,654,0,77000,394
70821269,LL22146202M,982091101121269,1708,2022-12-30 06:18:38,15,0,,3
70821306,LL22145602M,982091101121306,1708,2022-12-30 06:20:10,343,0,99500,355
70839190,LL22149102M,982091101339190,1708,2022-12-30 06:26:02,953,0,93000,720
70821254,LL22145301M,982091101121254,1708,2022-12-30 06:43:04,646,0,73500,443
70839149,LL22151302M,982091101339149,1708,2022-12-30 06:54:03,773,0,97500,811
70839190,LL22149102M,982091101339190,1708,2022-12-30 07:12:12,39,0,,1
70821269,LL22146202M,982091101121269,1708,2022-12-30 07:39:43,562,0,82000,387
70834904,LL22149702M,982091101334904,1708,2022-12-30 07:49:09,783,0,82500,752
70834912,LL22137303M,982091101334912,1708,2022-12-30 08:03:04,842,0,78000,502
70834912,LL22137303M,982091101334912,1708,2022-12-30 08:22:33,76,0,78500,3
70832894,LL22137003M,982091101332894,1708,2022-12-30 08:26:26,571,0,88500,442
70834137,LL22136804M,982091101334137,1708,2022-12-30 08:36:10,179,0,88750,100
70839190,LL22149102M,982091101339190,1708,2022-12-30 08:40:22,677,0,93000,471
70821306,LL22145602M,982091101121306,1708,2022-12-30 08:55:29,390,0,100000,411
70821276,LL22142904M,982091101121276,1708,2022-12-30 09:31:43,32,0,,29
70821306,LL22145602M,982091101121306,1708,2022-12-30 09:32:19,353,0,101000,372
70821276,LL22142904M,982091101121276,1708,2022-12-30 09:38:25,279,0,82500,281
70834137,LL22136804M,982091101334137,1708,2022-12-30 09:43:04,506,0,87000,435
70821276,LL22142904M,982091101121276,1708,2022-12-30 09:51:50,415,0,82500,369
70834115,LL22151701M,982091101334115,1708,2022-12-30 09:58:49,898,0,96000,968
70834904,LL22149702M,982091101334904,1708,2022-12-30 10:29:27,250,0,84000,235
70834912,LL22137303M,982091101334912,1708,2022-12-30 10:34:38,656,0,78000,326
70839149,LL22151302M,982091101339149,1708,2022-12-30 10:51:02,405,0,97000,435
70821254,LL22145301M,982091101121254,1708,2022-12-30 10:57:55,523,0,73000,390
70834904,LL22149702M,982091101334904,1708,2022-12-30 11:07:07,32,0,,32
70834904,LL22149702M,982091101334904,1708,2022-12-30 11:19:57,57,0,,17
70834870,LL22138604M,982091101334870,1708,2022-12-30 11:34:45,75,0,81500,3
70832894,LL22137003M,982091101332894,1708,2022-12-30 11:48:16,35,0,,1
70821306,LL22145602M,982091101121306,1708,2022-12-30 11:54:17,329,0,101000,318
70832894,LL22137003M,982091101332894,1708,2022-12-30 12:05:37,41,0,,1
70834115,LL22151701M,982091101334115,1708,2022-12-30 12:10:30,319,0,96500,312
70832894,LL22137003M,982091101332894,1708,2022-12-30 12:18:43,576,0,87500,536
70834870,LL22138604M,982091101334870,1708,2022-12-30 13:29:23,419,0,82000,294
70821276,LL22142904M,982091101121276,1708,2022-12-30 13:37:06,141,0,82000,97
70839190,LL22149102M,982091101339190,1708,2022-12-30 13:39:47,663,0,92500,619
70821269,LL22146202M,982091101121269,1708,2022-12-30 13:51:18,639,0,81000,442
70839149,LL22151302M,982091101339149,1708,2022-12-30 14:02:02,929,0,98000,895
70821269,LL22146202M,982091101121269,1708,2022-12-30 14:17:51,152,0,81000,117
70834912,LL22137303M,982091101334912,1708,2022-12-30 14:20:35,855,0,78000,386
70821269,LL22146202M,982091101121269,1708,2022-12-30 14:35:18,141,0,79500,95
70834904,LL22149702M,982091101334904,1708,2022-12-30 14:37:43,695,0,82000,679
70834137,LL22136804M,982091101334137,1708,2022-12-30 14:49:18,844,0,84500,800
70821269,LL22146202M,982091101121269,1708,2022-12-30 15:03:42,47,0,,28
70821306,LL22145602M,982091101121306,1708,2022-12-30 15:04:45,740,0,100000,782
70832894,LL22137003M,982091101332894,1708,2022-12-30 15:17:09,326,0,87000,185
70834912,LL22137303M,982091101334912,1708,2022-12-30 15:22:47,866,0,78500,464
70834115,LL22151701M,982091101334115,1708,2022-12-30 15:40:29,516,0,97000,503
70839190,LL22149102M,982091101339190,1708,2022-12-30 15:49:45,882,0,93500,816
70821254,LL22145301M,982091101121254,1708,2022-12-30 16:06:30,921,0,73000,659
70832894,LL22137003M,982091101332894,1708,2022-12-30 16:22:11,32,0,,1
70821276,LL22142904M,982091101121276,1708,2022-12-30 16:22:47,872,0,82000,679
70821269,LL22146202M,982091101121269,1708,2022-12-30 16:37:26,425,0,82000,292
70834904,LL22149702M,982091101334904,1708,2022-12-30 16:46:34,498,0,83000,533
70832894,LL22137003M,982091101332894,1708,2022-12-30 16:54:56,989,0,87000,903
70834870,LL22138604M,982091101334870,1708,2022-12-30 17:11:41,1114,0,80500,629
70821269,LL22146202M,982091101121269,1708,2022-12-30 17:30:27,764,0,83000,389
70821269,LL22146202M,982091101121269,1708,2022-12-30 17:45:12,190,0,80750,101
70839149,LL22151302M,982091101339149,1708,2022-12-30 17:53:06,564,0,98000,466
70821269,LL22146202M,982091101121269,1708,2022-12-30 18:45:26,314,0,82500,144
70834870,LL22138604M,982091101334870,1708,2022-12-30 18:52:41,784,0,82000,348
70834115,LL22151701M,982091101334115,1708,2022-12-30 19:05:50,172,0,97500,7
70821276,LL22142904M,982091101121276,1708,2022-12-30 19:10:11,694,0,83000,530
70834870,LL22138604M,982091101334870,1708,2022-12-30 19:21:49,275,0,82000,149
70839149,LL22151302M,982091101339149,1708,2022-12-30 19:26:36,272,0,99500,246
70821269,LL22146202M,982091101121269,1708,2022-12-30 19:31:33,39,0,,24
70821254,LL22145301M,982091101121254,1708,2022-12-30 19:33:17,614,0,73500,405
70821269,LL22146202M,982091101121269,1708,2022-12-30 19:44:04,47,0,,24
70832894,LL22137003M,982091101332894,1708,2022-12-30 19:44:55,40,0,,1
70839149,LL22151302M,982091101339149,1708,2022-12-30 19:47:59,455,0,99000,376
70834870,LL22138604M,982091101334870,1708,2022-12-30 19:56:15,80,0,82500,2
70821269,LL22146202M,982091101121269,1708,2022-12-30 20:01:14,108,0,81500,56
70821269,LL22146202M,982091101121269,1708,2022-12-30 20:32:04,503,0,83000,328
70832894,LL22137003M,982091101332894,1708,2022-12-30 20:42:27,312,0,87000,157
70834115,LL22151701M,982091101334115,1708,2022-12-30 20:47:47,312,0,96000,200
70821276,LL22142904M,982091101121276,1708,2022-12-30 20:53:20,110,0,82500,51
70834137,LL22136804M,982091101334137,1708,2022-12-30 20:56:18,443,0,85000,420
70821276,LL22142904M,982091101121276,1708,2022-12-30 21:05:39,102,0,83000,80
70832894,LL22137003M,982091101332894,1708,2022-12-30 21:07:42,419,0,87000,356
70821276,LL22142904M,982091101121276,1708,2022-12-30 21:15:13,155,0,84000,147
70832894,LL22137003M,982091101332894,1708,2022-12-30 21:50:32,459,0,89000,385
70834904,LL22149702M,982091101334904,1708,2022-12-30 22:00:00,26,0,,21
70834904,LL22149702M,982091101334904,1708,2022-12-30 22:30:33,490,0,84000,517
70821254,LL22145301M,982091101121254,1708,2022-12-30 22:57:33,493,0,74000,397
70821269,LL22146202M,982091101121269,1708,2022-12-30 23:06:26,131,0,82500,75
70821269,LL22146202M,982091101121269,1708,2022-12-30 23:34:30,358,0,83500,233
70834904,LL22149702M,982091101334904,1708,2022-12-31 01:25:59,48,0,,27
70821276,LL22142904M,982091101121276,1708,2022-12-31 01:33:38,543,0,84000,502
70834115,LL22151701M,982091101334115,1708,2022-12-31 01:51:39,738,0,97500,937
70834912,LL22137303M,982091101334912,1708,2022-12-31 02:04:09,1069,0,77000,658
70832894,LL22137003M,982091101332894,1708,2022-12-31 02:23:58,435,0,89000,469
70839149,LL22151302M,982091101339149,1708,2022-12-31 02:33:14,136,0,99250,76
70821276,LL22142904M,982091101121276,1708,2022-12-31 02:35:42,30,0,,29
70834137,LL22136804M,982091101334137,1708,2022-12-31 02:36:29,731,0,86000,738
70821306,LL22145602M,982091101121306,1708,2022-12-31 04:18:38,636,0,100000,685
70821269,LL22146202M,982091101121269,1708,2022-12-31 04:40:00,179,0,84000,119
70839190,LL22149102M,982091101339190,1708,2022-12-31 04:47:08,1041,0,95000,750
70834870,LL22138604M,982091101334870,1708,2022-12-31 05:58:15,789,0,82000,707
70834115,LL22151701M,982091101334115,1708,2022-12-31 07:00:40,399,0,97500,463
70821306,LL22145602M,982091101121306,1708,2022-12-31 07:12:42,388,0,99500,430
70839149,LL22151302M,982091101339149,1708,2022-12-31 07:26:47,656,0,98000,552
70834904,LL22149702M,982091101334904,1708,2022-12-31 07:41:31,736,0,83500,748
70834912,LL22137303M,982091101334912,1708,2022-12-31 07:53:51,1377,0,76500,708
70821269,LL22146202M,982091101121269,1708,2022-12-31 08:17:00,433,0,82000,309
70839190,LL22149102M,982091101339190,1708,2022-12-31 08:25:38,989,0,93500,704
70821269,LL22146202M,982091101121269,1708,2022-12-31 08:42:27,193,0,81000,156
70821306,LL22145602M,982091101121306,1708,2022-12-31 08:46:20,135,0,100500,67
70821306,LL22145602M,982091101121306,1708,2022-12-31 09:21:53,121,0,101000,32
70834115,LL22151701M,982091101334115,1708,2022-12-31 09:26:28,474,0,98000,536
70821276,LL22142904M,982091101121276,1708,2022-12-31 10:13:24,867,0,83000,601
70832894,LL22137003M,982091101332894,1708,2022-12-31 10:29:08,546,0,89000,652
70821306,LL22145602M,982091101121306,1708,2022-12-31 10:42:58,421,0,99500,428
70834137,LL22136804M,982091101334137,1708,2022-12-31 10:50:39,968,0,87500,979
70821254,LL22145301M,982091101121254,1708,2022-12-31 11:07:23,949,0,73000,669
70834912,LL22137303M,982091101334912,1708,2022-12-31 11:23:29,599,0,76500,315
70834904,LL22149702M,982091101334904,1708,2022-12-31 11:33:56,429,0,82500,433
70834912,LL22137303M,982091101334912,1708,2022-12-31 11:41:33,157,0,78000,39
70821269,LL22146202M,982091101121269,1708,2022-12-31 11:48:32,354,0,82000,233
70839149,LL22151302M,982091101339149,1708,2022-12-31 11:54:50,251,0,96500,286
70821269,LL22146202M,982091101121269,1708,2022-12-31 11:59:41,70,0,81500,33
70839149,LL22151302M,982091101339149,1708,2022-12-31 12:00:51,227,0,97000,212
70839190,LL22149102M,982091101339190,1708,2022-12-31 12:04:51,1306,0,94500,1136
70839149,LL22151302M,982091101339149,1708,2022-12-31 12:46:06,373,0,98000,393
70832894,LL22137003M,982091101332894,1708,2022-12-31 13:42:34,187,0,85000,148
70832894,LL22137003M,982091101332894,1708,2022-12-31 13:47:43,485,0,87500,454
70821306,LL22145602M,982091101121306,1708,2022-12-31 13:57:49,1006,0,99500,938
70821254,LL22145301M,982091101121254,1708,2022-12-31 14:14:39,308,0,74500,172
70834870,LL22138604M,982091101334870,1708,2022-12-31 14:21:50,809,0,81500,492
70834904,LL22149702M,982091101334904,1708,2022-12-31 14:35:23,720,0,83000,794
70834115,LL22151701M,982091101334115,1708,2022-12-31 14:47:27,283,0,96500,311
70821269,LL22146202M,982091101121269,1708,2022-12-31 14:52:35,53,0,,59
70834912,LL22137303M,982091101334912,1708,2022-12-31 14:53:49,10,0,,10
70821276,LL22142904M,982091101121276,1708,2022-12-31 14:53:59,22,0,,19
70821269,LL22146202M,982091101121269,1708,2022-12-31 14:54:37,41,0,,58
70834912,LL22137303M,982091101334912,1708,2022-12-31 14:55:47,17,0,,12
70821276,LL22142904M,982091101121276,1708,2022-12-31 14:56:25,52,0,,60
70821269,LL22146202M,982091101121269,1708,2022-12-31 14:57:29,92,0,79500,76
70821276,LL22142904M,982091101121276,1708,2022-12-31 14:59:09,127,0,81500,107
70821269,LL22146202M,982091101121269,1708,2022-12-31 15:01:16,50,0,,101
70821276,LL22142904M,982091101121276,1708,2022-12-31 15:03:52,20,0,,39
70821269,LL22146202M,982091101121269,1708,2022-12-31 15:04:20,23,0,,36
70834912,LL22137303M,982091101334912,1708,2022-12-31 15:05:43,28,0,,28
70834115,LL22151701M,982091101334115,1708,2022-12-31 15:06:39,305,0,97000,395
70834904,LL22149702M,982091101334904,1708,2022-12-31 15:17:34,43,0,,3
70821269,LL22146202M,982091101121269,1708,2022-12-31 15:19:15,44,0,,51
70821276,LL22142904M,982091101121276,1708,2022-12-31 15:21:55,423,0,82500,449
70834870,LL22138604M,982091101334870,1708,2022-12-31 15:31:34,523,0,80500,384
70821269,LL22146202M,982091101121269,1708,2022-12-31 15:40:17,565,0,81500,383
70834912,LL22137303M,982091101334912,1708,2022-12-31 15:49:46,1012,0,78500,581
70821276,LL22142904M,982091101121276,1708,2022-12-31 16:08:07,309,0,83500,234
70839149,LL22151302M,982091101339149,1708,2022-12-31 16:13:20,638,0,97000,703
70834137,LL22136804M,982091101334137,1708,2022-12-31 16:24:14,538,0,86000,563
70832894,LL22137003M,982091101332894,1708,2022-12-31 16:33:37,296,0,91000,1
70821254,LL22145301M,982091101121254,1708,2022-12-31 16:39:47,532,0,74000,382
70832894,LL22137003M,982091101332894,1708,2022-12-31 16:48:52,285,0,87500,100
70834115,LL22151701M,982091101334115,1708,2022-12-31 16:53:49,441,0,97500,445
70839190,LL22149102M,982091101339190,1708,2022-12-31 17:01:50,380,0,96250,319
70834137,LL22136804M,982091101334137,1708,2022-12-31 17:10:13,377,0,87250,393
70832894,LL22137003M,982091101332894,1708,2022-12-31 17:17:02,623,0,87500,641
70839149,LL22151302M,982091101339149,1708,2022-12-31 18:02:02,315,0,98500,299
70821254,LL22145301M,982091101121254,1708,2022-12-31 18:07:34,432,0,74500,316
70821276,LL22142904M,982091101121276,1708,2022-12-31 18:15:12,121,0,84500,94
70821276,LL22142904M,982091101121276,1708,2022-12-31 18:24:06,95,0,85000,57
70821269,LL22146202M,982091101121269,1708,2022-12-31 18:31:59,85,0,81500,72
70821269,LL22146202M,982091101121269,1708,2022-12-31 18:39:43,132,0,82500,89
70821269,LL22146202M,982091101121269,1708,2022-12-31 20:27:22,410,0,83500,247
70821269,LL22146202M,982091101121269,1708,2022-12-31 20:36:12,326,0,84000,186
70834904,LL22149702M,982091101334904,1708,2022-12-31 20:47:24,83,0,83000,65
70821254,LL22145301M,982091101121254,1708,2022-12-31 21:00:56,224,0,75250,177
70834870,LL22138604M,982091101334870,1708,2022-12-31 21:42:43,576,0,83500,546
70839149,LL22151302M,982091101339149,1708,2022-12-31 21:54:23,331,0,99000,361
70834904,LL22149702M,982091101334904,1708,2022-12-31 22:01:10,132,0,85000,103
70832894,LL22137003M,982091101332894,1708,2022-12-31 22:06:04,466,0,87500,425
70832894,LL22137003M,982091101332894,1708,2022-12-31 22:15:54,277,0,88500,221
70834912,LL22137303M,982091101334912,1708,2022-12-31 22:59:29,393,0,77500,197
70821276,LL22142904M,982091101121276,1708,2022-12-31 23:14:27,634,0,84500,617
70821276,LL22142904M,982091101121276,1708,2022-12-31 23:34:12,59,0,,33
70832894,LL22137003M,982091101332894,1708,2023-01-01 00:34:04,309,0,88500,348
70834904,LL22149702M,982091101334904,1708,2023-01-01 00:46:02,365,0,84500,246
70834904,LL22149702M,982091101334904,1708,2023-01-01 00:55:23,302,0,84250,326
70834115,LL22151701M,982091101334115,1708,2023-01-01 01:00:49,530,0,97500,616
70821269,LL22146202M,982091101121269,1708,2023-01-01 01:09:43,29,0,,1
70821269,LL22146202M,982091101121269,1708,2023-01-01 01:12:13,469,0,83000,276
70821254,LL22145301M,982091101121254,1708,2023-01-01 01:20:27,372,0,75000,223
70834137,LL22136804M,982091101334137,1708,2023-01-01 01:47:38,274,0,88500,218
70834904,LL22149702M,982091101334904,1708,2023-01-01 02:53:10,41,0,,22
70821306,LL22145602M,982091101121306,1708,2023-01-01 03:21:07,216,0,100500,175
70821276,LL22142904M,982091101121276,1708,2023-01-01 03:37:09,409,0,85000,353
70821306,LL22145602M,982091101121306,1708,2023-01-01 03:48:07,184,0,99000,188
70834912,LL22137303M,982091101334912,1708,2023-01-01 04:00:21,778,0,79000,497
70834137,LL22136804M,982091101334137,1708,2023-01-01 04:53:06,426,0,88500,431
70834115,LL22151701M,982091101334115,1708,2023-01-01 05:18:28,431,0,98500,490
70821306,LL22145602M,982091101121306,1708,2023-01-01 05:36:26,457,0,100000,476
70834870,LL22138604M,982091101334870,1708,2023-01-01 05:44:11,320,0,81500,102
70832894,LL22137003M,982091101332894,1708,2023-01-01 05:51:32,399,0,88500,445
70834870,LL22138604M,982091101334870,1708,2023-01-01 05:59:32,242,0,81500,83
70834870,LL22138604M,982091101334870,1708,2023-01-01 06:06:41,538,0,82000,437
70834912,LL22137303M,982091101334912,1708,2023-01-01 06:16:08,206,0,79000,27
70834912,LL22137303M,982091101334912,1708,2023-01-01 06:27:39,601,0,78000,360
70839190,LL22149102M,982091101339190,1708,2023-01-01 06:41:18,400,0,95000,183
70821269,LL22146202M,982091101121269,1708,2023-01-01 06:51:46,540,0,83000,328
70834904,LL22149702M,982091101334904,1708,2023-01-01 07:00:50,686,0,82500,633
70834904,LL22149702M,982091101334904,1708,2023-01-01 07:14:16,61,0,79500,41
70834115,LL22151701M,982091101334115,1708,2023-01-01 07:29:40,264,0,97750,267
70821269,LL22146202M,982091101121269,1708,2023-01-01 07:34:52,27,0,,33
70821306,LL22145602M,982091101121306,1708,2023-01-01 07:37:11,161,0,100000,158
70821269,LL22146202M,982091101121269,1708,2023-01-01 07:40:40,27,0,,19
70839149,LL22151302M,982091101339149,1708,2023-01-01 07:41:19,186,0,97000,19
70821269,LL22146202M,982091101121269,1708,2023-01-01 07:45:41,70,0,83000,21
70821269,LL22146202M,982091101121269,1708,2023-01-01 08:02:20,172,0,81000,105
70821269,LL22146202M,982091101121269,1708,2023-01-01 08:13:41,54,0,,49
70839149,LL22151302M,982091101339149,1708,2023-01-01 08:20:24,354,0,96500,315
70821254,LL22145301M,982091101121254,1708,2023-01-01 08:27:02,927,0,74000,641
70839190,LL22149102M,982091101339190,1708,2023-01-01 08:42:37,1053,0,94000,844
70821306,LL22145602M,982091101121306,1708,2023-01-01 09:04:33,382,0,100500,327
70834912,LL22137303M,982091101334912,1708,2023-01-01 09:11:07,535,0,78500,129
70834870,LL22138604M,982091101334870,1708,2023-01-01 09:20:26,384,0,82500,71
70834912,LL22137303M,982091101334912,1708,2023-01-01 09:27:06,627,0,78500,307
70834115,LL22151701M,982091101334115,1708,2023-01-01 09:37:57,154,0,98000,108
70834137,LL22136804M,982091101334137,1708,2023-01-01 09:40:56,656,0,86500,496
70821276,LL22142904M,982091101121276,1708,2023-01-01 09:53:18,503,0,83000,414
70839149,LL22151302M,982091101339149,1708,2023-01-01 10:01:57,110,0,95000,109
70821269,LL22146202M,982091101121269,1708,2023-01-01 10:04:11,95,0,81500,44
70821276,LL22142904M,982091101121276,1708,2023-01-01 10:06:34,169,0,82500,152
70839149,LL22151302M,982091101339149,1708,2023-01-01 10:09:27,340,0,95750,363
70839149,LL22151302M,982091101339149,1708,2023-01-01 10:17:10,372,0,97500,375
70821306,LL22145602M,982091101121306,1708,2023-01-01 11:02:23,491,0,100500,495
70832894,LL22137003M,982091101332894,1708,2023-01-01 11:12:37,547,0,88500,477
70834115,LL22151701M,982091101334115,1708,2023-01-01 11:27:12,502,0,97000,536
70834904,LL22149702M,982091101334904,1708,2023-01-01 11:38:19,493,0,84000,471
70834115,LL22151701M,982091101334115,1708,2023-01-01 11:47:25,53,0,,17
70839149,LL22151302M,982091101339149,1708,2023-01-01 11:50:20,58,0,,1
70834904,LL22149702M,982091101334904,1708,2023-01-01 11:56:03,278,0,85000,340
70839190,LL22149102M,982091101339190,1708,2023-01-01 12:03:49,158,0,95000,104
70834904,LL22149702M,982091101334904,1708,2023-01-01 12:08:29,50,0,,27
70839190,LL22149102M,982091101339190,1708,2023-01-01 12:10:52,568,0,96000,460
70821269,LL22146202M,982091101121269,1708,2023-01-01 12:21:50,1018,0,82500,561
70821254,LL22145301M,982091101121254,1708,2023-01-01 12:39:00,207,0,74500,110
70821276,LL22142904M,982091101121276,1708,2023-01-01 12:42:52,384,0,83500,325
70834912,LL22137303M,982091101334912,1708,2023-01-01 12:49:20,1227,0,78000,635
70821306,LL22145602M,982091101121306,1708,2023-01-01 13:09:59,645,0,100500,540
70821276,LL22142904M,982091101121276,1708,2023-01-01 13:20:53,404,0,84500,349
70834137,LL22136804M,982091101334137,1708,2023-01-01 13:27:46,670,0,87000,616
70821254,LL22145301M,982091101121254,1708,2023-01-01 13:39:14,735,0,74000,503
70834870,LL22138604M,982091101334870,1708,2023-01-01 13:53:11,1756,0,81000,1023
70834115,LL22151701M,982091101334115,1708,2023-01-01 14:22:44,622,0,98000,489
70839190,LL22149102M,982091101339190,1708,2023-01-01 14:33:38,606,0,96000,529
70821269,LL22146202M,982091101121269,1708,2023-01-01 14:43:57,156,0,82000,32
70834912,LL22137303M,982091101334912,1708,2023-01-01 14:46:33,643,0,79500,362
70821269,LL22146202M,982091101121269,1708,2023-01-01 14:57:41,111,0,81500,69
70832894,LL22137003M,982091101332894,1708,2023-01-01 15:00:00,186,0,89500,4
70821269,LL22146202M,982091101121269,1708,2023-01-01 15:03:35,86,0,80000,50
70832894,LL22137003M,982091101332894,1708,2023-01-01 15:08:01,570,0,85500,373
70821306,LL22145602M,982091101121306,1708,2023-01-01 15:17:43,218,0,101000,113
70832894,LL22137003M,982091101332894,1708,2023-01-01 15:23:24,579,0,86000,358
70821254,LL22145301M,982091101121254,1708,2023-01-01 15:33:28,20,0,,3
70821306,LL22145602M,982091101121306,1708,2023-01-01 15:34:29,107,0,100000,69
70839149,LL22151302M,982091101339149,1708,2023-01-01 16:17:10,412,0,97000,463
70839149,LL22151302M,982091101339149,1708,2023-01-01 16:26:04,383,0,97500,393
70821254,LL22145301M,982091101121254,1708,2023-01-01 16:32:31,232,0,75000,96
70834137,LL22136804M,982091101334137,1708,2023-01-01 16:36:52,130,0,89500,29
70821269,LL22146202M,982091101121269,1708,2023-01-01 16:39:23,82,0,81000,17
70832894,LL22137003M,982091101332894,1708,2023-01-01 16:43:32,30,0,,1
70821269,LL22146202M,982091101121269,1708,2023-01-01 16:44:15,681,0,81500,448
70821254,LL22145301M,982091101121254,1708,2023-01-01 16:55:57,105,0,75000,1
70821276,LL22142904M,982091101121276,1708,2023-01-01 16:58:35,357,0,81500,332
70834115,LL22151701M,982091101334115,1708,2023-01-01 17:04:41,310,0,98000,327
70834137,LL22136804M,982091101334137,1708,2023-01-01 17:10:03,448,0,87000,475
70834904,LL22149702M,982091101334904,1708,2023-01-01 17:17:43,812,0,82500,919
70821269,LL22146202M,982091101121269,1708,2023-01-01 17:31:23,279,0,82000,150
70821306,LL22145602M,982091101121306,1708,2023-01-01 17:36:02,455,0,98500,452
70821276,LL22142904M,982091101121276,1708,2023-01-01 17:43:54,138,0,83500,129
70821269,LL22146202M,982091101121269,1708,2023-01-01 17:46:29,390,0,83000,277
70821269,LL22146202M,982091101121269,1708,2023-01-01 17:55:01,57,0,,21
70821269,LL22146202M,982091101121269,1708,2023-01-01 18:18:00,292,0,84000,203
70834870,LL22138604M,982091101334870,1708,2023-01-01 18:36:17,667,0,82500,404
70821254,LL22145301M,982091101121254,1708,2023-01-01 18:49:26,1077,0,75500,768
70832894,LL22137003M,982091101332894,1708,2023-01-01 19:07:39,328,0,87000,222
70834115,LL22151701M,982091101334115,1708,2023-01-01 19:13:51,453,0,98000,532
70832894,LL22137003M,982091101332894,1708,2023-01-01 19:21:57,16,0,,1
70832894,LL22137003M,982091101332894,1708,2023-01-01 19:24:14,603,0,86000,384
70834870,LL22138604M,982091101334870,1708,2023-01-01 19:34:42,168,0,83000,11
70834870,LL22138604M,982091101334870,1708,2023-01-01 19:39:32,584,0,83000,386
70839149,LL22151302M,982091101339149,1708,2023-01-01 20:32:11,300,0,98250,134
70839149,LL22151302M,982091101339149,1708,2023-01-01 20:45:16,337,0,98000,393
70821276,LL22142904M,982091101121276,1708,2023-01-01 20:51:18,302,0,84000,258
70839149,LL22151302M,982091101339149,1708,2023-01-01 20:56:48,140,0,97000,135
70821276,LL22142904M,982091101121276,1708,2023-01-01 21:00:23,210,0,84000,194
70821276,LL22142904M,982091101121276,1708,2023-01-01 21:26:32,52,0,,24
70839190,LL22149102M,982091101339190,1708,2023-01-01 21:57:59,572,0,96000,492
70834912,LL22137303M,982091101334912,1708,2023-01-01 22:32:16,703,0,78500,437
70821269,LL22146202M,982091101121269,1708,2023-01-01 22:46:00,78,0,81750,24
70834137,LL22136804M,982091101334137,1708,2023-01-01 22:47:50,149,0,90000,92
70821254,LL22145301M,982091101121254,1708,2023-01-01 22:51:44,9,0,,1
70832894,LL22137003M,982091101332894,1708,2023-01-01 22:55:12,509,0,89000,369
70821276,LL22142904M,982091101121276,1708,2023-01-01 23:04:05,417,0,85500,322
70832894,LL22137003M,982091101332894,1708,2023-01-01 23:11:42,445,0,88000,355
70839149,LL22151302M,982091101339149,1708,2023-01-02 01:04:23,326,0,97500,449
70834904,LL22149702M,982091101334904,1708,2023-01-02 01:10:09,210,0,85000,89
70834904,LL22149702M,982091101334904,1708,2023-01-02 01:16:23,355,0,83500,373
70834904,LL22149702M,982091101334904,1708,2023-01-02 01:24:50,36,0,,1
70834137,LL22136804M,982091101334137,1708,2023-01-02 01:29:35,293,0,88000,171
70834137,LL22136804M,982091101334137,1708,2023-01-02 01:44:06,504,0,87500,463
70834904,LL22149702M,982091101334904,1708,2023-01-02 02:51:54,404,0,84500,431
70832894,LL22137003M,982091101332894,1708,2023-01-02 02:58:42,116,0,88250,13
70832894,LL22137003M,982091101332894,1708,2023-01-02 03:02:39,449,0,88000,454
70834115,LL22151701M,982091101334115,1708,2023-01-02 03:49:20,125,0,99500,84
70821306,LL22145602M,982091101121306,1708,2023-01-02 03:55:21,465,0,100500,457
70834904,LL22149702M,982091101334904,1708,2023-01-02 04:05:07,63,0,85750,61
70834870,LL22138604M,982091101334870,1708,2023-01-02 04:06:27,587,0,83500,433
70821269,LL22146202M,982091101121269,1708,2023-01-02 04:20:01,618,0,83000,383
70821269,LL22146202M,982091101121269,1708,2023-01-02 04:35:04,39,0,,2
70834912,LL22137303M,982091101334912,1708,2023-01-02 04:45:17,398,0,78500,122
70821276,LL22142904M,982091101121276,1708,2023-01-02 04:52:19,635,0,84500,550
70834912,LL22137303M,982091101334912,1708,2023-01-02 05:03:06,972,0,78000,566
70834115,LL22151701M,982091101334115,1708,2023-01-02 05:27:56,447,0,99000,512
70834137,LL22136804M,982091101334137,1708,2023-01-02 06:04:22,542,0,86500,506
70821306,LL22145602M,982091101121306,1708,2023-01-02 06:13:56,174,0,102000,18
70834870,LL22138604M,982091101334870,1708,2023-01-02 06:18:12,25,0,,1
70821254,LL22145301M,982091101121254,1708,2023-01-02 06:20:14,103,0,74500,37
70821254,LL22145301M,982091101121254,1708,2023-01-02 06:27:07,670,0,74500,460
70839190,LL22149102M,982091101339190,1708,2023-01-02 06:38:41,191,0,95500,43
70821269,LL22146202M,982091101121269,1708,2023-01-02 06:42:25,10,0,,1
70834912,LL22137303M,982091101334912,1708,2023-01-02 06:42:44,144,0,79500,5
70839190,LL22149102M,982091101339190,1708,2023-01-02 06:45:53,76,0,91500,22
70821269,LL22146202M,982091101121269,1708,2023-01-02 06:47:18,703,0,82500,361
70821269,LL22146202M,982091101121269,1708,2023-01-02 07:01:02,43,0,,46
70821269,LL22146202M,982091101121269,1708,2023-01-02 07:07:00,52,0,,34
70821306,LL22145602M,982091101121306,1708,2023-01-02 07:13:41,434,0,99500,472
70839149,LL22151302M,982091101339149,1708,2023-01-02 08:26:22,317,0,97500,382
70834870,LL22138604M,982091101334870,1708,2023-01-02 08:31:52,465,0,83000,181
70834912,LL22137303M,982091101334912,1708,2023-01-02 08:39:53,1229,0,78500,541
70839190,LL22149102M,982091101339190,1708,2023-01-02 09:00:38,1234,0,94000,1003
70821254,LL22145301M,982091101121254,1708,2023-01-02 09:21:20,575,0,74500,419
70834870,LL22138604M,982091101334870,1708,2023-01-02 09:31:14,931,0,82000,596
70821269,LL22146202M,982091101121269,1708,2023-01-02 09:47:02,67,0,83500,2
70821306,LL22145602M,982091101121306,1708,2023-01-02 09:49:19,710,0,100000,536
70821276,LL22142904M,982091101121276,1708,2023-01-02 10:01:17,518,0,85000,413
70821269,LL22146202M,982091101121269,1708,2023-01-02 10:10:07,180,0,81500,116
70834904,LL22149702M,982091101334904,1708,2023-01-02 10:13:07,881,0,83000,882
70821269,LL22146202M,982091101121269,1708,2023-01-02 10:27:52,196,0,83000,108
70834115,LL22151701M,982091101334115,1708,2023-01-02 10:31:08,859,0,97500,950
70832894,LL22137003M,982091101332894,1708,2023-01-02 10:47:28,557,0,87000,517
70832894,LL22137003M,982091101332894,1708,2023-01-02 10:58:46,491,0,88000,415
70834904,LL22149702M,982091101334904,1708,2023-01-02 11:24:26,62,0,85500,41
70821269,LL22146202M,982091101121269,1708,2023-01-02 11:48:18,613,0,82000,403
70821269,LL22146202M,982091101121269,1708,2023-01-02 12:02:12,33,0,,19
70834912,LL22137303M,982091101334912,1708,2023-01-02 12:07:31,526,0,79500,160
70821306,LL22145602M,982091101121306,1708,2023-01-02 12:16:58,265,0,100250,42
70839190,LL22149102M,982091101339190,1708,2023-01-02 12:21:55,207,0,96500,162
70821254,LL22145301M,982091101121254,1708,2023-01-02 12:25:42,519,0,74500,360
70821276,LL22142904M,982091101121276,1708,2023-01-02 12:34:54,295,0,84500,268
70839149,LL22151302M,982091101339149,1708,2023-01-02 12:39:49,541,0,95500,682
70834912,LL22137303M,982091101334912,1708,2023-01-02 12:48:54,843,0,80000,518
70821306,LL22145602M,982091101121306,1708,2023-01-02 13:04:15,929,0,100000,943
70839190,LL22149102M,982091101339190,1708,2023-01-02 13:19:53,651,0,96500,549
70821254,LL22145301M,982091101121254,1708,2023-01-02 13:32:45,498,0,76000,379
70834137,LL22136804M,982091101334137,1708,2023-01-02 13:41:20,1249,0,86500,1094
70834912,LL22137303M,982091101334912,1708,2023-01-02 14:09:14,695,0,81000,413
70834115,LL22151701M,982091101334115,1708,2023-01-02 14:21:14,282,0,99250,187
70821306,LL22145602M,982091101121306,1708,2023-01-02 14:26:50,38,0,,2
70839190,LL22149102M,982091101339190,1708,2023-01-02 14:34:32,487,0,97500,434
70834904,LL22149702M,982091101334904,1708,2023-01-02 14:42:43,208,0,85000,76
70834115,LL22151701M,982091101334115,1708,2023-01-02 14:47:12,473,0,99500,467
70821276,LL22142904M,982091101121276,1708,2023-01-02 14:55:58,702,0,85000,617
70821269,LL22146202M,982091101121269,1708,2023-01-02 15:07:44,567,0,83500,354
70832894,LL22137003M,982091101332894,1708,2023-01-02 15:17:19,134,0,91500,2
70834870,LL22138604M,982091101334870,1708,2023-01-02 15:20:13,524,0,82500,84
70834870,LL22138604M,982091101334870,1708,2023-01-02 15:30:33,609,0,82000,459
70839149,LL22151302M,982091101339149,1708,2023-01-02 15:40:58,176,0,96500,9
70832894,LL22137003M,982091101332894,1708,2023-01-02 15:44:16,270,0,85000,26
70821269,LL22146202M,982091101121269,1708,2023-01-02 15:48:54,28,0,,3
70821254,LL22145301M,982091101121254,1708,2023-01-02 15:49:42,367,0,76500,260
70821269,LL22146202M,982091101121269,1708,2023-01-02 15:56:50,334,0,83500,188
70834904,LL22149702M,982091101334904,1708,2023-01-02 16:02:28,19,0,,8
70834904,LL22149702M,982091101334904,1708,2023-01-02 16:03:37,719,0,85500,564
70839190,LL22149102M,982091101339190,1708,2023-01-02 16:15:48,154,0,97000,155
70839149,LL22151302M,982091101339149,1708,2023-01-02 16:18:55,263,0,97500,269
70834137,LL22136804M,982091101334137,1708,2023-01-02 16:23:42,545,0,87500,551
70821269,LL22146202M,982091101121269,1708,2023-01-02 16:34:56,46,0,,5
70821306,LL22145602M,982091101121306,1708,2023-01-02 16:36:48,377,0,100000,353
70821269,LL22146202M,982091101121269,1708,2023-01-02 16:43:09,337,0,84000,183
70821276,LL22142904M,982091101121276,1708,2023-01-02 16:50:07,497,0,87500,442
70834904,LL22149702M,982091101334904,1708,2023-01-02 16:58:36,404,0,84500,452
70832894,LL22137003M,982091101332894,1708,2023-01-02 17:05:24,113,0,82500,24
70821269,LL22146202M,982091101121269,1708,2023-01-02 17:08:35,97,0,84500,66
70834912,LL22137303M,982091101334912,1708,2023-01-02 17:10:12,566,0,80500,295
70832894,LL22137003M,982091101332894,1708,2023-01-02 17:20:01,1124,0,88000,1210
70834115,LL22151701M,982091101334115,1708,2023-01-02 17:39:18,779,0,99000,954
70821269,LL22146202M,982091101121269,1708,2023-01-02 17:53:14,588,0,84500,426
70839149,LL22151302M,982091101339149,1708,2023-01-02 19:18:04,534,0,98500,614
70832894,LL22137003M,982091101332894,1708,2023-01-02 19:31:18,491,0,89000,429
70834870,LL22138604M,982091101334870,1708,2023-01-02 19:39:41,738,0,84500,613
70821254,LL22145301M,982091101121254,1708,2023-01-02 19:52:07,593,0,77000,495
70834115,LL22151701M,982091101334115,1708,2023-01-02 20:04:01,348,0,101000,398
70821276,LL22142904M,982091101121276,1708,2023-01-02 21:43:30,60,0,,60
70839149,LL22151302M,982091101339149,1708,2023-01-02 21:59:54,352,0,99000,420
70821276,LL22142904M,982091101121276,1708,2023-01-02 22:05:50,354,0,87000,307
70821254,LL22145301M,982091101121254,1708,2023-01-02 22:11:52,396,0,77000,334
70839190,LL22149102M,982091101339190,1708,2023-01-02 22:19:00,601,0,98000,522
70834870,LL22138604M,982091101334870,1708,2023-01-02 22:29:21,689,0,85500,704
70821276,LL22142904M,982091101121276,1708,2023-01-02 22:46:03,325,0,87750,284
70832894,LL22137003M,982091101332894,1708,2023-01-02 23:53:18,17,0,,4
70832894,LL22137003M,982091101332894,1708,2023-01-03 00:22:25,15,0,,1
70832894,LL22137003M,982091101332894,1708,2023-01-03 00:48:14,969,0,92000,905
70834137,LL22136804M,982091101334137,1708,2023-01-03 01:10:19,988,0,86750,1033
70821276,LL22142904M,982091101121276,1708,2023-01-03 01:27:11,217,0,88000,202
70834904,LL22149702M,982091101334904,1708,2023-01-03 01:36:05,634,0,86000,710
70821269,LL22146202M,982091101121269,1708,2023-01-03 02:18:18,371,0,85500,242
70834912,LL22137303M,982091101334912,1708,2023-01-03 03:08:57,1005,0,82000,684
70832894,LL22137003M,982091101332894,1708,2023-01-03 03:29:18,227,0,91000,187
70821306,LL22145602M,982091101121306,1708,2023-01-03 03:36:21,401,0,102750,497
70834904,LL22149702M,982091101334904,1708,2023-01-03 04:20:41,64,0,88500,65
70834904,LL22149702M,982091101334904,1708,2023-01-03 04:29:45,249,0,87000,317
70821276,LL22142904M,982091101121276,1708,2023-01-03 04:34:06,460,0,86750,421
70821306,LL22145602M,982091101121306,1708,2023-01-03 05:55:13,388,0,104000,451
70834912,LL22137303M,982091101334912,1708,2023-01-03 06:15:34,668,0,82000,394
70834115,LL22151701M,982091101334115,1708,2023-01-03 06:27:03,587,0,101500,721
70834137,LL22136804M,982091101334137,1708,2023-01-03 06:37:06,396,0,86500,381
70834912,LL22137303M,982091101334912,1708,2023-01-03 06:45:15,78,0,81500,43
70834870,LL22138604M,982091101334870,1708,2023-01-03 07:09:43,932,0,87000,898
70821269,LL22146202M,982091101121269,1708,2023-01-03 07:25:23,379,0,84000,260
70821269,LL22146202M,982091101121269,1708,2023-01-03 07:35:30,291,0,83500,201
70821269,LL22146202M,982091101121269,1708,2023-01-03 07:43:27,127,0,84500,83
70839149,LL22151302M,982091101339149,1708,2023-01-03 07:46:31,158,0,98500,194
70821254,LL22145301M,982091101121254,1708,2023-01-03 07:50:02,675,0,76000,516
70839149,LL22151302M,982091101339149,1708,2023-01-03 08:01:17,318,0,98000,367
70839149,LL22151302M,982091101339149,1708,2023-01-03 08:08:38,122,0,97000,97
70834904,LL22149702M,982091101334904,1708,2023-01-03 08:11:08,101,0,86000,106
70821306,LL22145602M,982091101121306,1708,2023-01-03 08:13:13,305,0,103000,380
70839190,LL22149102M,982091101339190,1708,2023-01-03 08:18:47,1182,0,96500,857
70821269,LL22146202M,982091101121269,1708,2023-01-03 08:39:07,317,0,85000,148
70834912,LL22137303M,982091101334912,1708,2023-01-03 08:46:22,701,0,81500,288
70821269,LL22146202M,982091101121269,1708,2023-01-03 08:59:17,199,0,84000,120
70839149,LL22151302M,982091101339149,1708,2023-01-03 09:51:18,278,0,99000,306
70821269,LL22146202M,982091101121269,1708,2023-01-03 09:56:16,74,0,83500,70
70832894,LL22137003M,982091101332894,1708,2023-01-03 09:58:07,267,0,91250,206
70832894,LL22137003M,982091101332894,1708,2023-01-03 10:04:57,459,0,91000,460
70821269,LL22146202M,982091101121269,1708,2023-01-03 10:13:13,149,0,84500,38
70834904,LL22149702M,982091101334904,1708,2023-01-03 10:16:02,788,0,86500,857
70834137,LL22136804M,982091101334137,1708,2023-01-03 10:29:42,644,0,90500,603
70821276,LL22142904M,982091101121276,1708,2023-01-03 10:41:03,825,0,86500,703
70821254,LL22145301M,982091101121254,1708,2023-01-03 10:55:12,585,0,76500,443
70821306,LL22145602M,982091101121306,1708,2023-01-03 11:05:13,498,0,102500,498
70821269,LL22146202M,982091101121269,1708,2023-01-03 11:28:05,464,0,86000,316
70821306,LL22145602M,982091101121306,1708,2023-01-03 11:35:53,36,0,,26
70834115,LL22151701M,982091101334115,1708,2023-01-03 11:36:46,225,0,101000,41
70834115,LL22151701M,982091101334115,1708,2023-01-03 11:42:32,347,0,100500,262
70821306,LL22145602M,982091101121306,1708,2023-01-03 12:00:06,370,0,102500,409
70834912,LL22137303M,982091101334912,1708,2023-01-03 12:06:20,619,0,81500,311
70834912,LL22137303M,982091101334912,1708,2023-01-03 12:29:07,400,0,82000,241
70839190,LL22149102M,982091101339190,1708,2023-01-03 12:36:32,956,0,97500,762
70839149,LL22151302M,982091101339149,1708,2023-01-03 12:52:28,375,0,97500,435
70834115,LL22151701M,982091101334115,1708,2023-01-03 13:00:13,803,0,100500,1016
70834137,LL22136804M,982091101334137,1708,2023-01-03 13:16:54,430,0,89000,436
70839149,LL22151302M,982091101339149,1708,2023-01-03 13:38:07,342,0,98500,404
70832894,LL22137003M,982091101332894,1708,2023-01-03 13:50:50,572,0,91000,571
70821306,LL22145602M,982091101121306,1708,2023-01-03 14:01:51,58,0,,48
70821306,LL22145602M,982091101121306,1708,2023-01-03 14:04:50,89,0,103500,84
70834912,LL22137303M,982091101334912,1708,2023-01-03 14:08:20,552,0,83500,282
70834870,LL22138604M,982091101334870,1708,2023-01-03 14:18:54,33,0,,1
70821254,LL22145301M,982091101121254,1708,2023-01-03 14:20:41,627,0,76000,497
70821269,LL22146202M,982091101121269,1708,2023-01-03 14:31:21,829,0,85500,559
70834912,LL22137303M,982091101334912,1708,2023-01-03 14:45:39,40,0,,9
70834904,LL22149702M,982091101334904,1708,2023-01-03 14:46:44,509,0,86500,577
70839190,LL22149102M,982091101339190,1708,2023-01-03 14:55:50,957,0,99000,715
70834137,LL22136804M,982091101334137,1708,2023-01-03 15:11:47,261,0,89500,253
70834904,LL22149702M,982091101334904,1708,2023-01-03 15:33:01,39,0,,18
70821269,LL22146202M,982091101121269,1708,2023-01-03 15:33:44,390,0,87000,254
70821276,LL22142904M,982091101121276,1708,2023-01-03 15:40:22,287,0,86500,270
70821306,LL22145602M,982091101121306,1708,2023-01-03 15:45:25,367,0,102000,423
70834115,LL22151701M,982091101334115,1708,2023-01-03 15:51:40,645,0,102500,823
70821276,LL22142904M,982091101121276,1708,2023-01-03 16:04:27,366,0,87250,288
70834912,LL22137303M,982091101334912,1708,2023-01-03 16:12:34,33,0,,7
70821276,LL22142904M,982091101121276,1708,2023-01-03 16:13:19,201,0,87500,192
70839149,LL22151302M,982091101339149,1708,2023-01-03 16:17:01,321,0,99500,344
70834912,LL22137303M,982091101334912,1708,2023-01-03 16:25:27,250,0,81500,118
70832894,LL22137003M,982091101332894,1708,2023-01-03 16:36:01,781,0,90000,738
70821276,LL22142904M,982091101121276,1708,2023-01-03 16:49:23,60,0,,23
70839149,LL22151302M,982091101339149,1708,2023-01-03 16:50:23,339,0,101000,373
70834870,LL22138604M,982091101334870,1708,2023-01-03 16:56:11,1092,0,86000,1012
70834904,LL22149702M,982091101334904,1708,2023-01-03 17:49:44,453,0,87000,565
70834137,LL22136804M,982091101334137,1708,2023-01-03 17:58:34,719,0,89500,903
70821269,LL22146202M,982091101121269,1708,2023-01-03 19:30:12,119,0,88000,52
70821276,LL22142904M,982091101121276,1708,2023-01-03 19:41:11,157,0,88500,87
70821254,LL22145301M,982091101121254,1708,2023-01-03 19:45:13,645,0,77000,579
70821276,LL22142904M,982091101121276,1708,2023-01-03 20:06:07,171,0,88000,170
70821306,LL22145602M,982091101121306,1708,2023-01-03 20:15:27,446,0,104000,628
70821276,LL22142904M,982091101121276,1708,2023-01-03 20:24:02,93,0,88000,78
70821269,LL22146202M,982091101121269,1708,2023-01-03 20:26:03,603,0,87500,428
70821269,LL22146202M,982091101121269,1708,2023-01-03 20:38:49,129,0,87500,83
70839149,LL22151302M,982091101339149,1708,2023-01-03 20:43:00,304,0,101000,329
70834115,LL22151701M,982091101334115,1708,2023-01-03 21:29:23,393,0,102500,531
70832894,LL22137003M,982091101332894,1708,2023-01-03 21:36:08,25,0,,2
70832894,LL22137003M,982091101332894,1708,2023-01-03 21:39:15,577,0,92000,494
70832894,LL22137003M,982091101332894,1708,2023-01-03 21:50:56,457,0,92000,455
70839190,LL22149102M,982091101339190,1708,2023-01-03 22:45:46,614,0,100500,554
70834870,LL22138604M,982091101334870,1708,2023-01-04 00:12:49,68,0,86000,4
70821276,LL22142904M,982091101121276,1708,2023-01-04 00:18:07,692,0,88500,591
70834870,LL22138604M,982091101334870,1708,2023-01-04 00:30:36,447,0,87500,320
70839149,LL22151302M,982091101339149,1708,2023-01-04 00:40:04,499,0,101500,527
70839149,LL22151302M,982091101339149,1708,2023-01-04 00:50:24,65,0,104000,1
70834870,LL22138604M,982091101334870,1708,2023-01-04 00:58:20,20,0,,1
70821276,LL22142904M,982091101121276,1708,2023-01-04 01:08:21,382,0,90000,364
70834115,LL22151701M,982091101334115,1708,2023-01-04 01:15:40,347,0,102000,510
70834870,LL22138604M,982091101334870,1708,2023-01-04 01:24:41,126,0,87500,1
70834904,LL22149702M,982091101334904,1708,2023-01-04 01:31:39,496,0,86500,544
70832894,LL22137003M,982091101332894,1708,2023-01-04 01:41:56,648,0,93000,576
70834912,LL22137303M,982091101334912,1708,2023-01-04 02:41:27,761,0,82000,512
70834904,LL22149702M,982091101334904,1708,2023-01-04 03:00:05,311,0,87000,351
70821306,LL22145602M,982091101121306,1708,2023-01-04 03:06:12,22,0,,28
70834912,LL22137303M,982091101334912,1708,2023-01-04 03:22:10,595,0,81000,371
70834137,LL22136804M,982091101334137,1708,2023-01-04 03:32:57,647,0,89000,663
70821269,LL22146202M,982091101121269,1708,2023-01-04 04:36:19,482,0,87000,351
70821306,LL22145602M,982091101121306,1708,2023-01-04 05:44:26,481,0,104500,533
70821269,LL22146202M,982091101121269,1708,2023-01-04 05:53:11,243,0,87000,122
70821254,LL22145301M,982091101121254,1708,2023-01-04 05:59:16,703,0,76000,515
70834904,LL22149702M,982091101334904,1708,2023-01-04 06:12:56,18,0,,7
70834870,LL22138604M,982091101334870,1708,2023-01-04 06:14:00,244,0,87500,2
70834912,LL22137303M,982091101334912,1708,2023-01-04 06:19:08,45,0,,3
70834870,LL22138604M,982091101334870,1708,2023-01-04 06:23:41,644,0,86500,445
70834912,LL22137303M,982091101334912,1708,2023-01-04 06:34:37,125,0,82500,20
70834904,LL22149702M,982091101334904,1708,2023-01-04 06:36:50,306,0,86500,362
70834137,LL22136804M,982091101334137,1708,2023-01-04 06:44:38,579,0,91500,561
70834115,LL22151701M,982091101334115,1708,2023-01-04 06:54:58,87,0,102000,33
70834115,LL22151701M,982091101334115,1708,2023-01-04 06:58:27,363,0,102000,418
70834912,LL22137303M,982091101334912,1708,2023-01-04 07:32:07,836,0,82000,540
70834904,LL22149702M,982091101334904,1708,2023-01-04 07:47:59,20,0,,10
70821306,LL22145602M,982091101121306,1708,2023-01-04 07:48:40,449,0,104500,475
70821276,LL22142904M,982091101121276,1708,2023-01-04 07:56:13,572,0,89000,536
70832894,LL22137003M,982091101332894,1708,2023-01-04 08:21:57,922,0,92500,908
70821269,LL22146202M,982091101121269,1708,2023-01-04 08:37:23,698,0,86500,484
70839190,LL22149102M,982091101339190,1708,2023-01-04 08:49:25,877,0,97000,604
70821269,LL22146202M,982091101121269,1708,2023-01-04 09:05:40,292,0,86500,232
70834870,LL22138604M,982091101334870,1708,2023-01-04 09:11:28,827,0,86500,728
70821269,LL22146202M,982091101121269,1708,2023-01-04 09:25:31,195,0,84000,105
70834912,LL22137303M,982091101334912,1708,2023-01-04 09:32:56,584,0,81500,347
70839149,LL22151302M,982091101339149,1708,2023-01-04 09:44:37,455,0,100000,476
70821306,LL22145602M,982091101121306,1708,2023-01-04 09:54:54,299,0,104250,310
70821306,LL22145602M,982091101121306,1708,2023-01-04 10:01:53,23,0,,14
70821269,LL22146202M,982091101121269,1708,2023-01-04 10:04:00,128,0,86000,100
70834870,LL22138604M,982091101334870,1708,2023-01-04 10:21:49,752,0,87500,523
70821254,LL22145301M,982091101121254,1708,2023-01-04 10:34:33,660,0,76000,528
70821269,LL22146202M,982091101121269,1708,2023-01-04 10:46:46,11,0,,1
70821269,LL22146202M,982091101121269,1708,2023-01-04 10:48:58,181,0,87500,102
70821306,LL22145602M,982091101121306,1708,2023-01-04 10:53:08,234,0,104500,282
70839190,LL22149102M,982091101339190,1708,2023-01-04 11:07:49,820,0,98000,640
70834904,LL22149702M,982091101334904,1708,2023-01-04 11:28:26,893,0,87500,926
70821276,LL22142904M,982091101121276,1708,2023-01-04 11:45:56,403,0,87500,355
70839149,LL22151302M,982091101339149,1708,2023-01-04 11:52:39,190,0,99500,147
70834912,LL22137303M,982091101334912,1708,2023-01-04 11:56:22,749,0,82500,394
70834115,LL22151701M,982091101334115,1708,2023-01-04 12:09:07,867,0,102500,1009
70834137,LL22136804M,982091101334137,1708,2023-01-04 12:27:52,579,0,91000,535
70834904,LL22149702M,982091101334904,1708,2023-01-04 12:37:55,86,0,88500,41
70834137,LL22136804M,982091101334137,1708,2023-01-04 12:55:31,382,0,91000,393
70821306,LL22145602M,982091101121306,1708,2023-01-04 13:02:14,122,0,103500,40
70821306,LL22145602M,982091101121306,1708,2023-01-04 13:06:28,41,0,,4
70839149,LL22151302M,982091101339149,1708,2023-01-04 13:11:43,373,0,99250,318
70821306,LL22145602M,982091101121306,1708,2023-01-04 13:18:17,188,0,104000,177
70839149,LL22151302M,982091101339149,1708,2023-01-04 13:33:22,333,0,101500,384
70834137,LL22136804M,982091101334137,1708,2023-01-04 13:40:38,80,0,93500,54
70821269,LL22146202M,982091101121269,1708,2023-01-04 13:44:44,443,0,87500,330
70821306,LL22145602M,982091101121306,1708,2023-01-04 13:52:19,499,0,104500,563
70821269,LL22146202M,982091101121269,1708,2023-01-04 14:01:16,65,0,87000,41
70839190,LL22149102M,982091101339190,1708,2023-01-04 14:06:42,615,0,99000,557
70832894,LL22137003M,982091101332894,1708,2023-01-04 14:18:58,405,0,92500,389
70832894,LL22137003M,982091101332894,1708,2023-01-04 14:33:23,22,0,,1
70821269,LL22146202M,982091101121269,1708,2023-01-04 14:46:40,425,0,88000,288
70834912,LL22137303M,982091101334912,1708,2023-01-04 14:53:49,558,0,83000,251
70821276,LL22142904M,982091101121276,1708,2023-01-04 15:03:23,646,0,88000,585
70839149,LL22151302M,982091101339149,1708,2023-01-04 15:14:09,448,0,101000,410
70821269,LL22146202M,982091101121269,1708,2023-01-04 15:24:22,339,0,87500,244
70821254,LL22145301M,982091101121254,1708,2023-01-04 15:30:09,796,0,76000,450
70834904,LL22149702M,982091101334904,1708,2023-01-04 15:43:41,297,0,85000,254
70834912,LL22137303M,982091101334912,1708,2023-01-04 15:48:42,424,0,83500,53
70834904,LL22149702M,982091101334904,1708,2023-01-04 16:00:56,361,0,86500,431
70834137,LL22136804M,982091101334137,1708,2023-01-04 16:07:09,61,0,94000,14
70834912,LL22137303M,982091101334912,1708,2023-01-04 16:09:15,219,0,83000,55
70839190,LL22149102M,982091101339190,1708,2023-01-04 16:13:35,919,0,100000,742
70821269,LL22146202M,982091101121269,1708,2023-01-04 16:29:26,45,0,,26
70834115,LL22151701M,982091101334115,1708,2023-01-04 16:34:22,219,0,102000,147
70834115,LL22151701M,982091101334115,1708,2023-01-04 16:40:03,352,0,102000,421
70832894,LL22137003M,982091101332894,1708,2023-01-04 16:47:58,538,0,92000,478
70834137,LL22136804M,982091101334137,1708,2023-01-04 16:57:04,139,0,91500,84
70834137,LL22136804M,982091101334137,1708,2023-01-04 17:02:11,215,0,93000,209
70834115,LL22151701M,982091101334115,1708,2023-01-04 17:23:01,197,0,101000,220
70834137,LL22136804M,982091101334137,1708,2023-01-04 17:40:51,341,0,91500,406
70834115,LL22151701M,982091101334115,1708,2023-01-04 17:59:23,484,0,103000,526
70821254,LL22145301M,982091101121254,1708,2023-01-04 18:34:10,517,0,77500,449
70821276,LL22142904M,982091101121276,1708,2023-01-04 18:43:11,437,0,88000,399
70834870,LL22138604M,982091101334870,1708,2023-01-04 18:50:32,868,0,86000,762
70821276,LL22142904M,982091101121276,1708,2023-01-04 19:12:32,57,0,,15
70832894,LL22137003M,982091101332894,1708,2023-01-04 19:37:29,428,0,91000,407
70821276,LL22142904M,982091101121276,1708,2023-01-04 20:11:56,446,0,90500,349
70839149,LL22151302M,982091101339149,1708,2023-01-04 20:20:46,553,0,101000,653
70821306,LL22145602M,982091101121306,1708,2023-01-04 20:33:38,353,0,105500,486
70821269,LL22146202M,982091101121269,1708,2023-01-04 20:39:48,35,0,,12
70821254,LL22145301M,982091101121254,1708,2023-01-04 20:40:35,36,0,,2
70834115,LL22151701M,982091101334115,1708,2023-01-04 21:35:02,73,0,103000,54
70821269,LL22146202M,982091101121269,1708,2023-01-04 22:57:14,440,0,86500,320
70821276,LL22142904M,982091101121276,1708,2023-01-04 23:08:20,66,0,89500,56
70821276,LL22142904M,982091101121276,1708,2023-01-04 23:11:59,370,0,89000,332
70834904,LL22149702M,982091101334904,1708,2023-01-04 23:19:33,612,0,88500,661
70834115,LL22151701M,982091101334115,1708,2023-01-04 23:33:35,114,0,103500,103
70834870,LL22138604M,982091101334870,1708,2023-01-04 23:37:46,19,0,,1
70839190,LL22149102M,982091101339190,1708,2023-01-04 23:39:45,573,0,100000,485
70832894,LL22137003M,982091101332894,1708,2023-01-04 23:49:34,15,0,,1
70832894,LL22137003M,982091101332894,1708,2023-01-04 23:51:50,533,0,91000,437
70834870,LL22138604M,982091101334870,1708,2023-01-05 00:00:52,249,0,87000,25
70834870,LL22138604M,982091101334870,1708,2023-01-05 00:07:03,676,0,86000,481
70834870,LL22138604M,982091101334870,1708,2023-01-05 00:48:20,50,0,,1
70821306,LL22145602M,982091101121306,1708,2023-01-05 01:00:53,68,0,105000,38
70832894,LL22137003M,982091101332894,1708,2023-01-05 01:11:32,522,0,91750,392
70834912,LL22137303M,982091101334912,1708,2023-01-05 01:20:38,1013,0,82000,545
70834115,LL22151701M,982091101334115,1708,2023-01-05 01:39:35,231,0,104000,319
70834870,LL22138604M,982091101334870,1708,2023-01-05 01:44:07,382,0,87000,175
70821276,LL22142904M,982091101121276,1708,2023-01-05 01:51:50,364,0,89500,275
70821269,LL22146202M,982091101121269,1708,2023-01-05 01:58:55,797,0,85500,539
70834904,LL22149702M,982091101334904,1708,2023-01-05 02:20:05,49,0,,15
70839149,LL22151302M,982091101339149,1708,2023-01-05 02:22:55,465,0,100500,522
70839149,LL22151302M,982091101339149,1708,2023-01-05 02:32:40,387,0,102500,367
70821276,LL22142904M,982091101121276,1708,2023-01-05 02:43:52,284,0,89500,274
70834904,LL22149702M,982091101334904,1708,2023-01-05 02:58:48,380,0,87000,428
70834137,LL22136804M,982091101334137,1708,2023-01-05 03:17:00,557,0,90000,515
70834904,LL22149702M,982091101334904,1708,2023-01-05 03:28:18,115,0,87000,83
70834912,LL22137303M,982091101334912,1708,2023-01-05 04:22:12,588,0,82500,385
70834912,LL22137303M,982091101334912,1708,2023-01-05 04:34:01,503,0,83000,292
70821269,LL22146202M,982091101121269,1708,2023-01-05 04:44:57,76,0,87500,29
70821306,LL22145602M,982091101121306,1708,2023-01-05 05:31:33,121,0,105500,122
70821254,LL22145301M,982091101121254,1708,2023-01-05 05:34:06,184,0,77000,93
70834870,LL22138604M,982091101334870,1708,2023-01-05 05:37:58,51,0,,15
70834115,LL22151701M,982091101334115,1708,2023-01-05 05:40:50,333,0,103500,446
70821306,LL22145602M,982091101121306,1708,2023-01-05 05:46:55,104,0,104000,47
70821269,LL22146202M,982091101121269,1708,2023-01-05 05:50:23,21,0,,4
70821306,LL22145602M,982091101121306,1708,2023-01-05 05:56:42,316,0,104000,404
70821254,LL22145301M,982091101121254,1708,2023-01-05 06:04:00,664,0,76500,512
70832894,LL22137003M,982091101332894,1708,2023-01-05 06:15:24,14,0,,1
70821276,LL22142904M,982091101121276,1708,2023-01-05 06:16:27,397,0,88500,385
70834912,LL22137303M,982091101334912,1708,2023-01-05 06:23:17,52,0,,23
70821276,LL22142904M,982091101121276,1708,2023-01-05 06:24:39,43,0,,38
70832894,LL22137003M,982091101332894,1708,2023-01-05 06:27:24,571,0,91000,484
70832894,LL22137003M,982091101332894,1708,2023-01-05 06:38:55,397,0,92500,332
70834137,LL22136804M,982091101334137,1708,2023-01-05 06:47:33,50,0,,41
70821269,LL22146202M,982091101121269,1708,2023-01-05 06:50:16,23,0,,14
70834137,LL22136804M,982091101334137,1708,2023-01-05 06:51:53,73,0,92500,47
70834904,LL22149702M,982091101334904,1708,2023-01-05 06:53:42,221,0,87500,134
70834904,LL22149702M,982091101334904,1708,2023-01-05 06:59:10,56,0,,13
70834904,LL22149702M,982091101334904,1708,2023-01-05 07:08:19,309,0,87000,343
70821269,LL22146202M,982091101121269,1708,2023-01-05 07:13:53,246,0,85500,118
70834870,LL22138604M,982091101334870,1708,2023-01-05 07:21:01,535,0,87000,381
70834137,LL22136804M,982091101334137,1708,2023-01-05 07:30:08,132,0,93750,50
70834870,LL22138604M,982091101334870,1708,2023-01-05 07:32:57,15,0,,1
70821306,LL22145602M,982091101121306,1708,2023-01-05 07:33:20,134,0,104500,28
70834912,LL22137303M,982091101334912,1708,2023-01-05 07:35:47,162,0,83500,9
70821269,LL22146202M,982091101121269,1708,2023-01-05 07:39:21,22,0,,1
70821269,LL22146202M,982091101121269,1708,2023-01-05 07:41:43,317,0,85750,231
70834912,LL22137303M,982091101334912,1708,2023-01-05 07:47:04,365,0,83000,161
70821269,LL22146202M,982091101121269,1708,2023-01-05 07:56:14,27,0,,1
70834912,LL22137303M,982091101334912,1708,2023-01-05 08:00:52,74,0,82500,13
70834115,LL22151701M,982091101334115,1708,2023-01-05 08:17:20,58,0,,1
70839149,LL22151302M,982091101339149,1708,2023-01-05 08:23:37,38,0,,1
70821306,LL22145602M,982091101121306,1708,2023-01-05 08:24:24,35,0,,1
70839190,LL22149102M,982091101339190,1708,2023-01-05 08:31:38,435,0,99000,107
70821254,LL22145301M,982091101121254,1708,2023-01-05 08:40:56,498,0,76500,363
70821306,LL22145602M,982091101121306,1708,2023-01-05 08:50:26,196,0,102500,122
70834115,LL22151701M,982091101334115,1708,2023-01-05 08:54:22,18,0,,1
70821306,LL22145602M,982091101121306,1708,2023-01-05 08:55:16,19,0,,5
70821306,LL22145602M,982091101121306,1708,2023-01-05 08:57:36,389,0,103500,446
70834115,LL22151701M,982091101334115,1708,2023-01-05 09:05:05,79,0,103000,33
70834912,LL22137303M,982091101334912,1708,2023-01-05 09:07:50,275,0,82500,39
70821269,LL22146202M,982091101121269,1708,2023-01-05 09:12:45,13,0,,1
70834912,LL22137303M,982091101334912,1708,2023-01-05 09:16:44,610,0,82500,389
70821269,LL22146202M,982091101121269,1708,2023-01-05 09:27:35,74,0,84000,44
70839149,LL22151302M,982091101339149,1708,2023-01-05 09:28:57,29,0,,1
70834137,LL22136804M,982091101334137,1708,2023-01-05 09:29:38,349,0,92000,118
70834115,LL22151701M,982091101334115,1708,2023-01-05 09:37:28,35,0,,1
70834137,LL22136804M,982091101334137,1708,2023-01-05 09:39:48,100,0,91000,24
70821306,LL22145602M,982091101121306,1708,2023-01-05 09:46:48,347,0,103000,428
70834870,LL22138604M,982091101334870,1708,2023-01-05 09:52:43,119,0,86000,42
70821269,LL22146202M,982091101121269,1708,2023-01-05 09:54:59,49,0,,12
70834912,LL22137303M,982091101334912,1708,2023-01-05 09:55:56,23,0,,1
70834870,LL22138604M,982091101334870,1708,2023-01-05 09:56:54,223,0,87500,26
70821269,LL22146202M,982091101121269,1708,2023-01-05 10:00:42,84,0,84500,19
70834870,LL22138604M,982091101334870,1708,2023-01-05 10:02:31,81,0,88250,1
70839149,LL22151302M,982091101339149,1708,2023-01-05 10:05:35,18,0,,1
70834870,LL22138604M,982091101334870,1708,2023-01-05 10:10:16,264,0,88500,10
70834904,LL22149702M,982091101334904,1708,2023-01-05 10:17:21,29,0,,1
70821269,LL22146202M,982091101121269,1708,2023-01-05 10:19:29,144,0,83000,1
70834870,LL22138604M,982091101334870,1708,2023-01-05 10:22:31,131,0,87500,1
70821269,LL22146202M,982091101121269,1708,2023-01-05 10:26:44,512,0,85000,412
70834870,LL22138604M,982091101334870,1708,2023-01-05 10:36:30,137,0,84500,61
70839190,LL22149102M,982091101339190,1708,2023-01-05 10:40:51,213,0,99000,45
70821276,LL22142904M,982091101121276,1708,2023-01-05 10:49:05,598,0,89000,519
70834115,LL22151701M,982091101334115,1708,2023-01-05 10:59:03,727,0,101500,923
70839190,LL22149102M,982091101339190,1708,2023-01-05 11:12:02,1262,0,97000,1082
70821269,LL22146202M,982091101121269,1708,2023-01-05 11:33:04,598,0,86000,484
70834137,LL22136804M,982091101334137,1708,2023-01-05 11:43:02,1166,0,89500,1238
70821306,LL22145602M,982091101121306,1708,2023-01-05 12:04:31,183,0,103500,207
70834870,LL22138604M,982091101334870,1708,2023-01-05 12:10:49,969,0,86000,1054
70834912,LL22137303M,982091101334912,1708,2023-01-05 12:27:06,841,0,82000,452
70839149,LL22151302M,982091101339149,1708,2023-01-05 12:41:20,105,0,99500,2
70834904,LL22149702M,982091101334904,1708,2023-01-05 12:43:09,807,0,85500,542
70839149,LL22151302M,982091101339149,1708,2023-01-05 12:58:39,472,0,99250,435
70821254,LL22145301M,982091101121254,1708,2023-01-05 13:06:51,264,0,76500,45
70834912,LL22137303M,982091101334912,1708,2023-01-05 13:22:43,622,0,83000,393
70821306,LL22145602M,982091101121306,1708,2023-01-05 13:33:22,12,0,,1
70832894,LL22137003M,982091101332894,1708,2023-01-05 13:35:37,600,0,90500,464
70839149,LL22151302M,982091101339149,1708,2023-01-05 13:45:53,192,0,99500,72
70832894,LL22137003M,982091101332894,1708,2023-01-05 13:51:07,515,0,91500,376
70821306,LL22145602M,982091101121306,1708,2023-01-05 14:26:39,326,0,104000,110
70821254,LL22145301M,982091101121254,1708,2023-01-05 14:35:00,695,0,77000,455
70821254,LL22145301M,982091101121254,1708,2023-01-05 14:48:36,437,0,77500,327
70839149,LL22151302M,982091101339149,1708,2023-01-05 14:56:18,324,0,101000,210
70821269,LL22146202M,982091101121269,1708,2023-01-05 15:03:42,22,0,,1
70821269,LL22146202M,982091101121269,1708,2023-01-05 15:08:28,590,0,85000,365
70821269,LL22146202M,982091101121269,1708,2023-01-05 15:20:53,50,0,,13
70821269,LL22146202M,982091101121269,1708,2023-01-05 15:24:50,64,0,87500,21
70839149,LL22151302M,982091101339149,1708,2023-01-05 15:29:01,40,0,,2
70834115,LL22151701M,982091101334115,1708,2023-01-05 15:30:54,58,0,,49
70834904,LL22149702M,982091101334904,1708,2023-01-05 15:33:51,24,0,,3
70834912,LL22137303M,982091101334912,1708,2023-01-05 15:35:17,26,0,,5
70821306,LL22145602M,982091101121306,1708,2023-01-05 15:35:55,41,0,,13
70821276,LL22142904M,982091101121276,1708,2023-01-05 15:37:13,252,0,87500,215
70834115,LL22151701M,982091101334115,1708,2023-01-05 15:41:25,309,0,103000,368
70839190,LL22149102M,982091101339190,1708,2023-01-05 15:48:10,90,0,100500,52
70834912,LL22137303M,982091101334912,1708,2023-01-05 15:49:53,75,0,83500,9
70821306,LL22145602M,982091101121306,1708,2023-01-05 15:51:25,21,0,,4
70821276,LL22142904M,982091101121276,1708,2023-01-05 15:51:58,391,0,88000,351
70839190,LL22149102M,982091101339190,1708,2023-01-05 15:58:41,288,0,100000,189
70834904,LL22149702M,982091101334904,1708,2023-01-05 16:03:37,637,0,86500,477
70821306,LL22145602M,982091101121306,1708,2023-01-05 16:17:20,468,0,104500,474
70839149,LL22151302M,982091101339149,1708,2023-01-05 16:26:21,246,0,99500,93
70834137,LL22136804M,982091101334137,1708,2023-01-05 16:31:33,511,0,93500,362
70821306,LL22145602M,982091101121306,1708,2023-01-05 16:42:06,362,0,105000,462
70832894,LL22137003M,982091101332894,1708,2023-01-05 16:48:13,13,0,,1
70821269,LL22146202M,982091101121269,1708,2023-01-05 16:49:07,575,0,87000,179
70834904,LL22149702M,982091101334904,1708,2023-01-05 17:00:40,200,0,83750,4
70839190,LL22149102M,982091101339190,1708,2023-01-05 17:06:19,72,0,99250,17
70821254,LL22145301M,982091101121254,1708,2023-01-05 17:11:15,601,0,78500,444
70839190,LL22149102M,982091101339190,1708,2023-01-05 17:50:00,514,0,100500,479
70834115,LL22151701M,982091101334115,1708,2023-01-05 17:58:59,176,0,104000,63
70832894,LL22137003M,982091101332894,1708,2023-01-05 18:03:24,17,0,,1
70834115,LL22151701M,982091101334115,1708,2023-01-05 18:04:26,86,0,105000,11
70834115,LL22151701M,982091101334115,1708,2023-01-05 18:07:54,414,0,103000,477
70834115,LL22151701M,982091101334115,1708,2023-01-05 18:16:49,341,0,104000,402
70821276,LL22142904M,982091101121276,1708,2023-01-05 19:08:53,92,0,88500,49
70832894,LL22137003M,982091101332894,1708,2023-01-05 19:13:32,500,0,92000,502
70821276,LL22142904M,982091101121276,1708,2023-01-05 19:21:56,702,0,90000,613
70834137,LL22136804M,982091101334137,1708,2023-01-05 19:33:38,386,0,92500,484
70821276,LL22142904M,982091101121276,1708,2023-01-05 19:40:53,89,0,90500,42
70839149,LL22151302M,982091101339149,1708,2023-01-05 20:22:00,415,0,101500,474
70834904,LL22149702M,982091101334904,1708,2023-01-05 20:29:45,390,0,89500,490
70821269,LL22146202M,982091101121269,1708,2023-01-05 22:25:01,584,0,87000,421
70821254,LL22145301M,982091101121254,1708,2023-01-05 22:36:45,558,0,79500,416
70832894,LL22137003M,982091101332894,1708,2023-01-05 22:46:27,51,0,,1
70821276,LL22142904M,982091101121276,1708,2023-01-05 22:47:47,259,0,90500,202
70832894,LL22137003M,982091101332894,1708,2023-01-05 22:52:27,484,0,93000,405
70834115,LL22151701M,982091101334115,1708,2023-01-05 23:17:13,265,0,103500,334
70834870,LL22138604M,982091101334870,1708,2023-01-05 23:34:22,310,0,88500,168
70839190,LL22149102M,982091101339190,1708,2023-01-05 23:39:47,282,0,102250,58
70834870,LL22138604M,982091101334870,1708,2023-01-05 23:45:01,477,0,87500,23
70834870,LL22138604M,982091101334870,1708,2023-01-05 23:55:01,549,0,87500,442
70834912,LL22137303M,982091101334912,1708,2023-01-06 00:25:18,586,0,83000,390
70821269,LL22146202M,982091101121269,1708,2023-01-06 00:36:33,43,0,,21
70839149,LL22151302M,982091101339149,1708,2023-01-06 00:39:18,379,0,101500,427
70834904,LL22149702M,982091101334904,1708,2023-01-06 00:45:53,132,0,89000,92
70821276,LL22142904M,982091101121276,1708,2023-01-06 00:48:21,275,0,90500,191
70834115,LL22151701M,982091101334115,1708,2023-01-06 00:52:56,272,0,103500,436
70834904,LL22149702M,982091101334904,1708,2023-01-06 01:04:27,503,0,89000,529
70839190,LL22149102M,982091101339190,1708,2023-01-06 01:13:18,1074,0,100000,1006
70821276,LL22142904M,982091101121276,1708,2023-01-06 01:31:40,294,0,90000,229
70832894,LL22137003M,982091101332894,1708,2023-01-06 01:36:51,386,0,91500,279
70832894,LL22137003M,982091101332894,1708,2023-01-06 01:45:18,440,0,92500,417
70832894,LL22137003M,982091101332894,1708,2023-01-06 01:54:40,436,0,92500,358
70839149,LL22151302M,982091101339149,1708,2023-01-06 02:53:51,70,0,101500,46
70834870,LL22138604M,982091101334870,1708,2023-01-06 03:07:12,193,0,90000,80
70834870,LL22138604M,982091101334870,1708,2023-01-06 03:33:31,595,0,89500,430
70834912,LL22137303M,982091101334912,1708,2023-01-06 03:43:42,320,0,83500,73
70834912,LL22137303M,982091101334912,1708,2023-01-06 03:52:17,656,0,83500,388
70821269,LL22146202M,982091101121269,1708,2023-01-06 04:33:44,94,0,86250,31
70821306,LL22145602M,982091101121306,1708,2023-01-06 04:35:38,64,0,103750,20
70834904,LL22149702M,982091101334904,1708,2023-01-06 04:39:48,42,0,,10
70834904,LL22149702M,982091101334904,1708,2023-01-06 04:44:08,24,0,,4
70834137,LL22136804M,982091101334137,1708,2023-01-06 04:51:41,60,0,,24
70834904,LL22149702M,982091101334904,1708,2023-01-06 04:54:43,324,0,90000,396
70821306,LL22145602M,982091101121306,1708,2023-01-06 05:00:15,243,0,104500,128
70821276,LL22142904M,982091101121276,1708,2023-01-06 05:04:43,457,0,91000,402
70821269,LL22146202M,982091101121269,1708,2023-01-06 05:12:24,264,0,85500,210
70821306,LL22145602M,982091101121306,1708,2023-01-06 05:16:56,501,0,104000,538
70834912,LL22137303M,982091101334912,1708,2023-01-06 05:25:29,896,0,84250,431
70839149,LL22151302M,982091101339149,1708,2023-01-06 05:42:26,123,0,100000,45
70839149,LL22151302M,982091101339149,1708,2023-01-06 05:46:30,422,0,101000,424
70834137,LL22136804M,982091101334137,1708,2023-01-06 05:54:29,692,0,93000,565
70834904,LL22149702M,982091101334904,1708,2023-01-06 06:45:44,580,0,90000,505
70821269,LL22146202M,982091101121269,1708,2023-01-06 07:17:57,713,0,87000,415
70821306,LL22145602M,982091101121306,1708,2023-01-06 07:30:14,163,0,106500,50
70821269,LL22146202M,982091101121269,1708,2023-01-06 07:34:59,253,0,87500,207
70821306,LL22145602M,982091101121306,1708,2023-01-06 07:39:53,213,0,106000,218
70821269,LL22146202M,982091101121269,1708,2023-01-06 07:45:27,17,0,,1
70821306,LL22145602M,982091101121306,1708,2023-01-06 07:45:52,22,0,,10
70821269,LL22146202M,982091101121269,1708,2023-01-06 07:51:01,28,0,,1
70821306,LL22145602M,982091101121306,1708,2023-01-06 07:56:14,37,0,,8
70821306,LL22145602M,982091101121306,1708,2023-01-06 07:58:54,262,0,107500,252
70821254,LL22145301M,982091101121254,1708,2023-01-06 08:03:24,371,0,78500,190
70834115,LL22151701M,982091101334115,1708,2023-01-06 08:13:22,61,0,104250,17
70821254,LL22145301M,982091101121254,1708,2023-01-06 08:34:20,93,0,77500,1
70834912,LL22137303M,982091101334912,1708,2023-01-06 08:45:35,161,0,84500,19
70834870,LL22138604M,982091101334870,1708,2023-01-06 08:48:41,250,0,90000,2
70834870,LL22138604M,982091101334870,1708,2023-01-06 08:57:38,71,0,89000,1
70834912,LL22137303M,982091101334912,1708,2023-01-06 09:03:02,107,0,83000,15
70834912,LL22137303M,982091101334912,1708,2023-01-06 09:06:35,99,0,84500,18
70821269,LL22146202M,982091101121269,1708,2023-01-06 09:09:03,103,0,86500,17
70834115,LL22151701M,982091101334115,1708,2023-01-06 09:10:54,53,0,,1
70821276,LL22142904M,982091101121276,1708,2023-01-06 09:11:56,535,0,90000,459
70839149,LL22151302M,982091101339149,1708,2023-01-06 09:20:55,200,0,100500,124
70834912,LL22137303M,982091101334912,1708,2023-01-06 09:25:04,156,0,83750,42
70834870,LL22138604M,982091101334870,1708,2023-01-06 09:28:09,212,0,88500,35
70834870,LL22138604M,982091101334870,1708,2023-01-06 09:33:16,66,0,86000,5
70832894,LL22137003M,982091101332894,1708,2023-01-06 09:34:58,28,0,,1
70832894,LL22137003M,982091101332894,1708,2023-01-06 09:37:26,480,0,91500,338
70832894,LL22137003M,982091101332894,1708,2023-01-06 09:47:28,435,0,93000,415
70834912,LL22137303M,982091101334912,1708,2023-01-06 09:56:44,600,0,83500,157
70834870,LL22138604M,982091101334870,1708,2023-01-06 10:08:44,678,0,89000,518
70821269,LL22146202M,982091101121269,1708,2023-01-06 10:20:30,40,0,,13
70834870,LL22138604M,982091101334870,1708,2023-01-06 10:22:02,72,0,89500,10
70834870,LL22138604M,982091101334870,1708,2023-01-06 10:25:58,621,0,89500,439
70834912,LL22137303M,982091101334912,1708,2023-01-06 10:36:35,176,0,82000,39
70834912,LL22137303M,982091101334912,1708,2023-01-06 10:44:24,797,0,84000,463
70834137,LL22136804M,982091101334137,1708,2023-01-06 10:58:14,454,0,95500,138
70821269,LL22146202M,982091101121269,1708,2023-01-06 11:07:49,726,0,88000,474
70821254,LL22145301M,982091101121254,1708,2023-01-06 11:20:03,1328,0,78000,946
70834137,LL22136804M,982091101334137,1708,2023-01-06 11:42:27,569,0,92000,597
70839190,LL22149102M,982091101339190,1708,2023-01-06 11:52:25,1090,0,100500,1037
70839149,LL22151302M,982091101339149,1708,2023-01-06 12:10:39,1205,0,101500,1331
70834115,LL22151701M,982091101334115,1708,2023-01-06 12:32:46,927,0,102500,1066
70834904,LL22149702M,982091101334904,1708,2023-01-06 12:48:38,872,0,89000,1032
70834912,LL22137303M,982091101334912,1708,2023-01-06 13:03:14,886,0,84000,556
70821306,LL22145602M,982091101121306,1708,2023-01-06 13:18:33,947,0,104000,1017
70834137,LL22136804M,982091101334137,1708,2023-01-06 13:34:20,511,0,93000,465
70821269,LL22146202M,982091101121269,1708,2023-01-06 13:43:04,738,0,88000,520
70834870,LL22138604M,982091101334870,1708,2023-01-06 13:56:34,881,0,89500,498
70839190,LL22149102M,982091101339190,1708,2023-01-06 14:12:16,63,0,101750,23
70821276,LL22142904M,982091101121276,1708,2023-01-06 14:13:36,680,0,90000,544
70821254,LL22145301M,982091101121254,1708,2023-01-06 14:25:24,393,0,80000,314
70821306,LL22145602M,982091101121306,1708,2023-01-06 14:33:11,64,0,105000,51
70821254,LL22145301M,982091101121254,1708,2023-01-06 14:36:17,135,0,80000,90
70839149,LL22151302M,982091101339149,1708,2023-01-06 14:39:05,368,0,103500,316
70832894,LL22137003M,982091101332894,1708,2023-01-06 14:48:54,158,0,93750,72
70821269,LL22146202M,982091101121269,1708,2023-01-06 14:51:48,264,0,89000,118
70834912,LL22137303M,982091101334912,1708,2023-01-06 14:57:50,268,0,84000,39
70821306,LL22145602M,982091101121306,1708,2023-01-06 15:02:34,98,0,106000,6
70839190,LL22149102M,982091101339190,1708,2023-01-06 15:04:16,516,0,101500,479
70832894,LL22137003M,982091101332894,1708,2023-01-06 15:13:53,24,0,,1
70821276,LL22142904M,982091101121276,1708,2023-01-06 15:15:19,166,0,91000,90
70834904,LL22149702M,982091101334904,1708,2023-01-06 15:18:37,315,0,89250,373
70821269,LL22146202M,982091101121269,1708,2023-01-06 15:24:05,209,0,89500,84
70832894,LL22137003M,982091101332894,1708,2023-01-06 15:27:34,482,0,92000,431
70834904,LL22149702M,982091101334904,1708,2023-01-06 15:37:38,245,0,90000,271
70834912,LL22137303M,982091101334912,1708,2023-01-06 15:45:55,263,0,84500,171
70834115,LL22151701M,982091101334115,1708,2023-01-06 15:50:59,149,0,99250,90
70834115,LL22151701M,982091101334115,1708,2023-01-06 15:55:48,28,0,,2
70834870,LL22138604M,982091101334870,1708,2023-01-06 15:58:19,419,0,90500,431
70821276,LL22142904M,982091101121276,1708,2023-01-06 16:05:39,422,0,90500,426
70821269,LL22146202M,982091101121269,1708,2023-01-06 16:12:45,640,0,89000,571
70832894,LL22137003M,982091101332894,1708,2023-01-06 16:23:54,204,0,90000,101
70839149,LL22151302M,982091101339149,1708,2023-01-06 16:29:20,410,0,103000,358
70832894,LL22137003M,982091101332894,1708,2023-01-06 16:36:22,260,0,91250,121
70832894,LL22137003M,982091101332894,1708,2023-01-06 16:43:27,456,0,92000,454
70834137,LL22136804M,982091101334137,1708,2023-01-06 16:58:41,505,0,93000,563
70834137,LL22136804M,982091101334137,1708,2023-01-06 17:31:27,312,0,92000,365
70839190,LL22149102M,982091101339190,1708,2023-01-06 17:38:40,478,0,102500,501
70821254,LL22145301M,982091101121254,1708,2023-01-06 18:12:02,584,0,80500,503
70834115,LL22151701M,982091101334115,1708,2023-01-06 18:22:06,823,0,105250,1054
70821276,LL22142904M,982091101121276,1708,2023-01-06 20:21:16,398,0,93000,334
70821276,LL22142904M,982091101121276,1708,2023-01-06 20:35:49,105,0,93000,72
70834115,LL22151701M,982091101334115,1708,2023-01-06 20:39:36,362,0,105500,490
70821269,LL22146202M,982091101121269,1708,2023-01-06 22:33:00,451,0,90000,353
70839149,LL22151302M,982091101339149,1708,2023-01-06 23:09:51,163,0,104000,148
70834115,LL22151701M,982091101334115,1708,2023-01-06 23:14:35,158,0,108000,158
70832894,LL22137003M,982091101332894,1708,2023-01-06 23:17:25,289,0,95500,274
70821276,LL22142904M,982091101121276,1708,2023-01-06 23:22:26,674,0,91500,556
70832894,LL22137003M,982091101332894,1708,2023-01-07 00:02:11,479,0,94500,455
70834904,LL22149702M,982091101334904,1708,2023-01-07 00:12:45,254,0,91500,130
70834912,LL22137303M,982091101334912,1708,2023-01-07 01:21:25,897,0,85000,431
70834904,LL22149702M,982091101334904,1708,2023-01-07 01:51:48,63,0,91500,15
70834870,LL22138604M,982091101334870,1708,2023-01-07 01:57:35,200,0,90500,65
70821276,LL22142904M,982091101121276,1708,2023-01-07 02:01:15,517,0,93000,463
70821254,LL22145301M,982091101121254,1708,2023-01-07 02:10:13,175,0,79500,117
70821254,LL22145301M,982091101121254,1708,2023-01-07 02:15:08,384,0,80000,315
70834870,LL22138604M,982091101334870,1708,2023-01-07 02:21:52,323,0,89000,184
70832894,LL22137003M,982091101332894,1708,2023-01-07 02:29:16,44,0,,3
70834870,LL22138604M,982091101334870,1708,2023-01-07 02:31:07,480,0,90000,458
70834115,LL22151701M,982091101334115,1708,2023-01-07 02:44:29,362,0,107000,438
70839149,LL22151302M,982091101339149,1708,2023-01-07 02:50:36,76,0,104500,34
70834904,LL22149702M,982091101334904,1708,2023-01-07 02:52:57,169,0,90500,55
70834904,LL22149702M,982091101334904,1708,2023-01-07 02:58:30,448,0,90500,477
70821306,LL22145602M,982091101121306,1708,2023-01-07 03:06:35,110,0,103000,37
70834904,LL22149702M,982091101334904,1708,2023-01-07 03:08:50,8,0,,1
70834904,LL22149702M,982091101334904,1708,2023-01-07 03:11:00,278,0,91000,305
70839190,LL22149102M,982091101339190,1708,2023-01-07 03:20:55,372,0,101500,228
70832894,LL22137003M,982091101332894,1708,2023-01-07 03:29:52,474,0,92500,447
70832894,LL22137003M,982091101332894,1708,2023-01-07 03:39:48,423,0,92000,438
70832894,LL22137003M,982091101332894,1708,2023-01-07 03:48:52,382,0,93500,331
70821306,LL22145602M,982091101121306,1708,2023-01-07 04:56:08,446,0,105000,313
70834912,LL22137303M,982091101334912,1708,2023-01-07 05:03:43,1192,0,83000,516
70821306,LL22145602M,982091101121306,1708,2023-01-07 05:29:32,459,0,103500,487
70834904,LL22149702M,982091101334904,1708,2023-01-07 05:44:12,266,0,90500,291
70834137,LL22136804M,982091101334137,1708,2023-01-07 05:48:42,691,0,94000,682
70839149,LL22151302M,982091101339149,1708,2023-01-07 06:01:42,96,0,102000,40
70821269,LL22146202M,982091101121269,1708,2023-01-07 06:03:38,506,0,88500,372
70839149,LL22151302M,982091101339149,1708,2023-01-07 06:13:34,692,0,102500,586
70834912,LL22137303M,982091101334912,1708,2023-01-07 06:25:38,792,0,83500,466
70821306,LL22145602M,982091101121306,1708,2023-01-07 06:40:50,416,0,105500,439
70834912,LL22137303M,982091101334912,1708,2023-01-07 07:30:53,690,0,83500,448
70821306,LL22145602M,982091101121306,1708,2023-01-07 07:59:05,116,0,105500,115
70821269,LL22146202M,982091101121269,1708,2023-01-07 08:04:39,298,0,88000,213
70834115,LL22151701M,982091101334115,1708,2023-01-07 08:21:16,186,0,106000,167
70821254,LL22145301M,982091101121254,1708,2023-01-07 08:26:23,276,0,78500,85
70834870,LL22138604M,982091101334870,1708,2023-01-07 08:31:23,149,0,89000,30
70839190,LL22149102M,982091101339190,1708,2023-01-07 08:35:25,277,0,101500,46
70834870,LL22138604M,982091101334870,1708,2023-01-07 08:40:22,165,0,90500,3
70821269,LL22146202M,982091101121269,1708,2023-01-07 08:46:30,26,0,,3
70834870,LL22138604M,982091101334870,1708,2023-01-07 08:49:17,60,0,,1
70821269,LL22146202M,982091101121269,1708,2023-01-07 08:51:07,44,0,,3
70821306,LL22145602M,982091101121306,1708,2023-01-07 08:54:25,549,0,104000,256
70839190,LL22149102M,982091101339190,1708,2023-01-07 09:03:47,272,0,99500,227
70839190,LL22149102M,982091101339190,1708,2023-01-07 09:12:09,40,0,,20
70821276,LL22142904M,982091101121276,1708,2023-01-07 09:12:57,708,0,93500,625
70821269,LL22146202M,982091101121269,1708,2023-01-07 09:24:49,357,0,89500,318
70839190,LL22149102M,982091101339190,1708,2023-01-07 09:30:50,33,0,,38
70839190,LL22149102M,982091101339190,1708,2023-01-07 09:33:26,353,0,100500,390
70821269,LL22146202M,982091101121269,1708,2023-01-07 09:41:20,483,0,88500,313
70832894,LL22137003M,982091101332894,1708,2023-01-07 09:49:27,341,0,94500,175
70834912,LL22137303M,982091101334912,1708,2023-01-07 09:55:53,605,0,85000,139
70834115,LL22151701M,982091101334115,1708,2023-01-07 10:06:10,90,0,103000,31
70821254,LL22145301M,982091101121254,1708,2023-01-07 10:09:41,696,0,77500,480
70834870,LL22138604M,982091101334870,1708,2023-01-07 10:22:13,293,0,86000,23
70834870,LL22138604M,982091101334870,1708,2023-01-07 10:32:55,780,0,86500,522
70832894,LL22137003M,982091101332894,1708,2023-01-07 10:48:38,34,0,,1
70832894,LL22137003M,982091101332894,1708,2023-01-07 10:54:59,32,0,,1
70839149,LL22151302M,982091101339149,1708,2023-01-07 10:56:28,390,0,99500,411
70834912,LL22137303M,982091101334912,1708,2023-01-07 11:03:06,220,0,82500,67
70834912,LL22137303M,982091101334912,1708,2023-01-07 11:08:47,657,0,84000,436
70834115,LL22151701M,982091101334115,1708,2023-01-07 11:19:44,916,0,103500,1051
70834904,LL22149702M,982091101334904,1708,2023-01-07 11:35:24,887,0,88000,1040
70821306,LL22145602M,982091101121306,1708,2023-01-07 11:50:23,636,0,103500,762
70821254,LL22145301M,982091101121254,1708,2023-01-07 12:10:03,706,0,78500,598
70834137,LL22136804M,982091101334137,1708,2023-01-07 12:22:54,917,0,91500,1064
70839190,LL22149102M,982091101339190,1708,2023-01-07 12:38:24,295,0,99000,307
70832894,LL22137003M,982091101332894,1708,2023-01-07 12:43:19,227,0,88000,265
70832894,LL22137003M,982091101332894,1708,2023-01-07 12:49:09,449,0,91000,505
70834912,LL22137303M,982091101334912,1708,2023-01-07 12:57:35,406,0,84500,291
70839149,LL22151302M,982091101339149,1708,2023-01-07 13:04:42,919,0,102000,992
70834870,LL22138604M,982091101334870,1708,2023-01-07 13:20:14,1196,0,88000,1409
70821269,LL22146202M,982091101121269,1708,2023-01-07 13:40:26,815,0,88500,664
70821306,LL22145602M,982091101121306,1708,2023-01-07 13:54:05,262,0,102000,120
70834912,LL22137303M,982091101334912,1708,2023-01-07 14:00:29,20,0,,5
70834912,LL22137303M,982091101334912,1708,2023-01-07 14:02:51,65,0,83000,34
70839149,LL22151302M,982091101339149,1708,2023-01-07 14:04:13,346,0,101000,269
70821254,LL22145301M,982091101121254,1708,2023-01-07 14:11:46,53,0,,48
70821254,LL22145301M,982091101121254,1708,2023-01-07 14:14:40,434,0,76750,197
70821254,LL22145301M,982091101121254,1708,2023-01-07 14:23:56,31,0,,1
70821269,LL22146202M,982091101121269,1708,2023-01-07 14:29:13,302,0,86000,205
70821276,LL22142904M,982091101121276,1708,2023-01-07 14:34:23,299,0,89000,294
70821269,LL22146202M,982091101121269,1708,2023-01-07 14:39:27,129,0,87000,98
70821254,LL22145301M,982091101121254,1708,2023-01-07 14:41:44,451,0,79500,231
70821276,LL22142904M,982091101121276,1708,2023-01-07 14:51:16,189,0,89000,199
70839149,LL22151302M,982091101339149,1708,2023-01-07 14:54:25,337,0,100000,311
70839190,LL22149102M,982091101339190,1708,2023-01-07 15:00:06,989,0,97000,1034
70821254,LL22145301M,982091101121254,1708,2023-01-07 15:18:24,196,0,76000,62
70821254,LL22145301M,982091101121254,1708,2023-01-07 15:23:41,49,0,,53
70839149,LL22151302M,982091101339149,1708,2023-01-07 15:24:54,326,0,100000,309
70834904,LL22149702M,982091101334904,1708,2023-01-07 15:32:10,513,0,87500,641
70834137,LL22136804M,982091101334137,1708,2023-01-07 15:42:45,389,0,89500,472
70834137,LL22136804M,982091101334137,1708,2023-01-07 15:51:16,43,0,,12
70834870,LL22138604M,982091101334870,1708,2023-01-07 15:52:11,449,0,87000,498
70834137,LL22136804M,982091101334137,1708,2023-01-07 16:01:40,43,0,,14
70821254,LL22145301M,982091101121254,1708,2023-01-07 16:13:02,52,0,,26
70834115,LL22151701M,982091101334115,1708,2023-01-07 16:16:29,723,0,104500,896
70834904,LL22149702M,982091101334904,1708,2023-01-07 16:29:29,22,0,,20
70834904,LL22149702M,982091101334904,1708,2023-01-07 16:31:54,54,0,,44
70821306,LL22145602M,982091101121306,1708,2023-01-07 16:34:26,293,0,105000,392
70834912,LL22137303M,982091101334912,1708,2023-01-07 16:41:21,15,0,,9
70821306,LL22145602M,982091101121306,1708,2023-01-07 16:43:33,150,0,103000,143
70821276,LL22142904M,982091101121276,1708,2023-01-07 16:46:16,347,0,89000,374
70821269,LL22146202M,982091101121269,1708,2023-01-07 16:52:07,200,0,88000,149
70839149,LL22151302M,982091101339149,1708,2023-01-07 16:55:27,258,0,100000,255
70821269,LL22146202M,982091101121269,1708,2023-01-07 17:01:38,138,0,91000,113
70834904,LL22149702M,982091101334904,1708,2023-01-07 17:04:12,13,0,,6
70834912,LL22137303M,982091101334912,1708,2023-01-07 17:05:10,604,0,84000,410
70839190,LL22149102M,982091101339190,1708,2023-01-07 17:19:27,146,0,101000,131
70839190,LL22149102M,982091101339190,1708,2023-01-07 17:23:54,203,0,102000,185
70832894,LL22137003M,982091101332894,1708,2023-01-07 17:29:51,538,0,89500,305
70832894,LL22137003M,982091101332894,1708,2023-01-07 17:40:51,441,0,90000,444
70834904,LL22149702M,982091101334904,1708,2023-01-07 19:54:37,314,0,91000,366
70821269,LL22146202M,982091101121269,1708,2023-01-07 20:01:51,211,0,90500,137
70821254,LL22145301M,982091101121254,1708,2023-01-07 20:06:39,95,0,79750,23
70821254,LL22145301M,982091101121254,1708,2023-01-07 20:10:14,414,0,80000,352
70821276,LL22142904M,982091101121276,1708,2023-01-07 21:07:22,330,0,91000,243
70821269,LL22146202M,982091101121269,1708,2023-01-07 21:17:44,207,0,89500,166
70834115,LL22151701M,982091101334115,1708,2023-01-07 21:21:48,257,0,104500,337
70821276,LL22142904M,982091101121276,1708,2023-01-07 21:45:59,345,0,92000,364
70821276,LL22142904M,982091101121276,1708,2023-01-07 21:54:59,60,0,,33
70832894,LL22137003M,982091101332894,1708,2023-01-07 23:12:27,542,0,92500,512
70834115,LL22151701M,982091101334115,1708,2023-01-08 00:06:48,739,0,106000,980
70821276,LL22142904M,982091101121276,1708,2023-01-08 00:19:36,445,0,93000,408
70821269,LL22146202M,982091101121269,1708,2023-01-08 00:56:32,421,0,89500,323
70834904,LL22149702M,982091101334904,1708,2023-01-08 01:05:07,548,0,90000,668
70839149,LL22151302M,982091101339149,1708,2023-01-08 02:31:01,497,0,103500,514
70839190,LL22149102M,982091101339190,1708,2023-01-08 02:40:11,768,0,100500,632
70821276,LL22142904M,982091101121276,1708,2023-01-08 02:54:11,283,0,90750,275
70821276,LL22142904M,982091101121276,1708,2023-01-08 03:10:33,84,0,94000,22
70832894,LL22137003M,982091101332894,1708,2023-01-08 03:28:40,726,0,92500,704
70834870,LL22138604M,982091101334870,1708,2023-01-08 04:40:47,540,0,90500,468
70821306,LL22145602M,982091101121306,1708,2023-01-08 04:49:47,766,0,104500,953
70834912,LL22137303M,982091101334912,1708,2023-01-08 05:02:41,1206,0,83000,948
70821269,LL22146202M,982091101121269,1708,2023-01-08 05:24:31,402,0,90000,302
70834137,LL22136804M,982091101334137,1708,2023-01-08 05:32:02,990,0,91500,1056
70834912,LL22137303M,982091101334912,1708,2023-01-08 05:53:47,212,0,81500,65
70834904,LL22149702M,982091101334904,1708,2023-01-08 05:59:20,748,0,89000,786
70821306,LL22145602M,982091101121306,1708,2023-01-08 06:13:43,311,0,99500,100
70839149,LL22151302M,982091101339149,1708,2023-01-08 06:28:58,236,0,104000,235
70834904,LL22149702M,982091101334904,1708,2023-01-08 06:34:58,41,0,,34
70821276,LL22142904M,982091101121276,1708,2023-01-08 08:19:11,624,0,93000,386
70839149,LL22151302M,982091101339149,1708,2023-01-08 08:29:40,544,0,103500,523
70821269,LL22146202M,982091101121269,1708,2023-01-08 08:39:12,25,0,,29
70821254,LL22145301M,982091101121254,1708,2023-01-08 08:40:31,681,0,78500,486
70821254,LL22145301M,982091101121254,1708,2023-01-08 08:53:53,305,0,79000,255
70834912,LL22137303M,982091101334912,1708,2023-01-08 08:59:27,400,0,85500,189
70834137,LL22136804M,982091101334137,1708,2023-01-08 09:06:48,274,0,90500,70
70834904,LL22149702M,982091101334904,1708,2023-01-08 09:12:34,576,0,90500,445
70821269,LL22146202M,982091101121269,1708,2023-01-08 09:22:18,516,0,88000,359
70821306,LL22145602M,982091101121306,1708,2023-01-08 09:31:06,521,0,104250,567
70832894,LL22137003M,982091101332894,1708,2023-01-08 09:41:51,730,0,89500,472
70834115,LL22151701M,982091101334115,1708,2023-01-08 09:56:01,587,0,102500,614
70839190,LL22149102M,982091101339190,1708,2023-01-08 10:07:23,1075,0,99250,867
70834870,LL22138604M,982091101334870,1708,2023-01-08 10:25:34,1022,0,87500,958
70834912,LL22137303M,982091101334912,1708,2023-01-08 10:43:12,1254,0,84000,932
70821269,LL22146202M,982091101121269,1708,2023-01-08 11:04:19,747,0,87500,618
70821269,LL22146202M,982091101121269,1708,2023-01-08 11:18:49,47,0,,41
70821269,LL22146202M,982091101121269,1708,2023-01-08 11:21:37,79,0,89000,61
70834115,LL22151701M,982091101334115,1708,2023-01-08 11:27:40,710,0,102500,876
70821269,LL22146202M,982091101121269,1708,2023-01-08 11:39:59,121,0,84500,69
70821269,LL22146202M,982091101121269,1708,2023-01-08 11:45:50,21,0,,31
70821269,LL22146202M,982091101121269,1708,2023-01-08 11:49:16,32,0,,46
70821269,LL22146202M,982091101121269,1708,2023-01-08 11:51:50,40,0,,38
70821269,LL22146202M,982091101121269,1708,2023-01-08 11:58:50,41,0,,31
70821254,LL22145301M,982091101121254,1708,2023-01-08 12:08:00,304,0,78500,162
70834912,LL22137303M,982091101334912,1708,2023-01-08 12:14:45,244,0,83000,185
70834912,LL22137303M,982091101334912,1708,2023-01-08 12:20:52,507,0,83500,342
70834137,LL22136804M,982091101334137,1708,2023-01-08 12:30:57,945,0,91500,1115
70839149,LL22151302M,982091101339149,1708,2023-01-08 12:46:58,604,0,101750,521
70832894,LL22137003M,982091101332894,1708,2023-01-08 12:57:27,944,0,88000,1027
70821254,LL22145301M,982091101121254,1708,2023-01-08 13:15:14,541,0,78000,445
70821306,LL22145602M,982091101121306,1708,2023-01-08 13:25:04,822,0,104000,1157
70821254,LL22145301M,982091101121254,1708,2023-01-08 13:39:39,128,0,79500,133
70834904,LL22149702M,982091101334904,1708,2023-01-08 13:42:08,514,0,88500,661
70821306,LL22145602M,982091101121306,1708,2023-01-08 13:51:55,344,0,105000,462
70821269,LL22146202M,982091101121269,1708,2023-01-08 13:58:36,210,0,86000,125
70839190,LL22149102M,982091101339190,1708,2023-01-08 14:02:51,893,0,100500,991
70821276,LL22142904M,982091101121276,1708,2023-01-08 14:18:38,48,0,,2
70839149,LL22151302M,982091101339149,1708,2023-01-08 14:19:26,57,0,,2
70839149,LL22151302M,982091101339149,1708,2023-01-08 14:22:26,423,0,101000,363
70821276,LL22142904M,982091101121276,1708,2023-01-08 14:29:41,788,0,89000,742
70834137,LL22136804M,982091101334137,1708,2023-01-08 14:43:43,549,0,93000,597
70834870,LL22138604M,982091101334870,1708,2023-01-08 14:53:33,528,0,88000,349
70839149,LL22151302M,982091101339149,1708,2023-01-08 15:02:29,680,0,103000,686
70821276,LL22142904M,982091101121276,1708,2023-01-08 15:16:55,112,0,89500,94
70839190,LL22149102M,982091101339190,1708,2023-01-08 15:19:15,653,0,100500,659
70834904,LL22149702M,982091101334904,1708,2023-01-08 15:38:10,467,0,90000,639
70834912,LL22137303M,982091101334912,1708,2023-01-08 15:46:13,742,0,84500,487
70821269,LL22146202M,982091101121269,1708,2023-01-08 15:58:41,555,0,88000,434
70839149,LL22151302M,982091101339149,1708,2023-01-08 16:11:38,34,0,,1
70834904,LL22149702M,982091101334904,1708,2023-01-08 16:13:28,16,0,,10
70834115,LL22151701M,982091101334115,1708,2023-01-08 16:14:29,514,0,104500,679
70839149,LL22151302M,982091101339149,1708,2023-01-08 16:24:29,396,0,102500,303
70821254,LL22145301M,982091101121254,1708,2023-01-08 16:32:03,477,0,79000,370
70832894,LL22137003M,982091101332894,1708,2023-01-08 16:43:48,63,0,54500,5
70834904,LL22149702M,982091101334904,1708,2023-01-08 16:50:42,68,0,84000,21
70834870,LL22138604M,982091101334870,1708,2023-01-08 16:52:39,482,0,87500,518
70821269,LL22146202M,982091101121269,1708,2023-01-08 17:01:06,529,0,88500,366
70821254,LL22145301M,982091101121254,1708,2023-01-08 17:11:59,143,0,80500,114
70832894,LL22137003M,982091101332894,1708,2023-01-08 17:14:47,718,0,88500,954
70821254,LL22145301M,982091101121254,1708,2023-01-08 17:28:47,116,0,82000,70
70839149,LL22151302M,982091101339149,1708,2023-01-08 17:37:03,319,0,102000,349
70821276,LL22142904M,982091101121276,1708,2023-01-08 17:57:29,228,0,90000,100
70834870,LL22138604M,982091101334870,1708,2023-01-08 18:43:37,644,0,88500,751
70834137,LL22136804M,982091101334137,1708,2023-01-08 19:08:07,457,0,90000,602
70834904,LL22149702M,982091101334904,1708,2023-01-08 19:22:13,50,0,,26
70834137,LL22136804M,982091101334137,1708,2023-01-08 19:51:21,313,0,93000,394
70821276,LL22142904M,982091101121276,1708,2023-01-08 20:26:09,772,0,91500,574
70834115,LL22151701M,982091101334115,1708,2023-01-08 21:09:03,730,0,105000,1020
70821269,LL22146202M,982091101121269,1708,2023-01-08 21:46:00,39,0,,17
70821254,LL22145301M,982091101121254,1708,2023-01-08 22:20:52,355,0,81000,299
70821276,LL22142904M,982091101121276,1708,2023-01-08 22:33:42,78,0,95000,8
70834904,LL22149702M,982091101334904,1708,2023-01-08 22:44:00,204,0,87250,178
70821276,LL22142904M,982091101121276,1708,2023-01-08 23:20:44,377,0,90000,343
70821269,LL22146202M,982091101121269,1708,2023-01-09 01:37:03,267,0,87000,200
70832894,LL22137003M,982091101332894,1708,2023-01-09 03:08:32,590,0,91000,431
70821276,LL22142904M,982091101121276,1708,2023-01-09 03:18:51,373,0,89000,381
70834904,LL22149702M,982091101334904,1708,2023-01-09 03:34:04,633,0,89000,696
70839190,LL22149102M,982091101339190,1708,2023-01-09 03:45:21,658,0,100500,544
70839149,LL22151302M,982091101339149,1708,2023-01-09 03:56:19,378,0,103500,421
70834912,LL22137303M,982091101334912,1708,2023-01-09 04:04:38,995,0,82500,533
70821306,LL22145602M,982091101121306,1708,2023-01-09 04:30:57,333,0,105500,346
70821276,LL22142904M,982091101121276,1708,2023-01-09 04:36:38,348,0,91000,333
70834115,LL22151701M,982091101334115,1708,2023-01-09 04:42:26,757,0,105500,1143
70832894,LL22137003M,982091101332894,1708,2023-01-09 05:24:05,21,0,,2
70832894,LL22137003M,982091101332894,1708,2023-01-09 05:31:19,662,0,90500,668
70839190,LL22149102M,982091101339190,1708,2023-01-09 05:42:25,490,0,101500,412
70821269,LL22146202M,982091101121269,1708,2023-01-09 05:53:18,583,0,88000,422
70821269,LL22146202M,982091101121269,1708,2023-01-09 06:05:01,43,0,,39
70821269,LL22146202M,982091101121269,1708,2023-01-09 06:17:23,82,0,89500,67
70821269,LL22146202M,982091101121269,1708,2023-01-09 06:21:24,141,0,89750,98
70834904,LL22149702M,982091101334904,1708,2023-01-09 06:26:18,157,0,89500,180
70834904,LL22149702M,982091101334904,1708,2023-01-09 06:38:29,114,0,91000,108
70834137,LL22136804M,982091101334137,1708,2023-01-09 07:13:37,556,0,94000,563
70821306,LL22145602M,982091101121306,1708,2023-01-09 07:23:29,382,0,104000,449
70834904,LL22149702M,982091101334904,1708,2023-01-09 07:30:08,19,0,,20
70821254,LL22145301M,982091101121254,1708,2023-01-09 07:30:39,858,0,80500,704
70839149,LL22151302M,982091101339149,1708,2023-01-09 07:46:31,629,0,102500,698
70834912,LL22137303M,982091101334912,1708,2023-01-09 07:57:17,941,0,83000,620
70821269,LL22146202M,982091101121269,1708,2023-01-09 08:14:02,133,0,86000,114
70834912,LL22137303M,982091101334912,1708,2023-01-09 08:21:00,461,0,84500,264
70834137,LL22136804M,982091101334137,1708,2023-01-09 08:29:47,167,0,91500,143
70834904,LL22149702M,982091101334904,1708,2023-01-09 08:40:10,421,0,90250,496
70839149,LL22151302M,982091101339149,1708,2023-01-09 08:49:13,136,0,102250,111
70821269,LL22146202M,982091101121269,1708,2023-01-09 08:54:36,147,0,90000,108
70821306,LL22145602M,982091101121306,1708,2023-01-09 08:58:37,184,0,77500,71
70832894,LL22137003M,982091101332894,1708,2023-01-09 09:02:21,139,0,92500,137
70821306,LL22145602M,982091101121306,1708,2023-01-09 09:06:41,254,0,104750,316
70834904,LL22149702M,982091101334904,1708,2023-01-09 09:11:03,42,0,,46
70821269,LL22146202M,982091101121269,1708,2023-01-09 09:13:14,142,0,90500,69
70821269,LL22146202M,982091101121269,1708,2023-01-09 09:23:07,99,0,91250,68
70832894,LL22137003M,982091101332894,1708,2023-01-09 09:25:51,349,0,93500,319
70821276,LL22142904M,982091101121276,1708,2023-01-09 09:36:22,310,0,91500,303
70821269,LL22146202M,982091101121269,1708,2023-01-09 09:46:48,156,0,88000,114
70821276,LL22142904M,982091101121276,1708,2023-01-09 09:50:08,31,0,,30
70832894,LL22137003M,982091101332894,1708,2023-01-09 09:51:16,181,0,93000,153
70821269,LL22146202M,982091101121269,1708,2023-01-09 09:54:21,34,0,,34
70821306,LL22145602M,982091101121306,1708,2023-01-09 09:59:46,45,0,,30
70821276,LL22142904M,982091101121276,1708,2023-01-09 10:04:42,21,0,,1
70834115,LL22151701M,982091101334115,1708,2023-01-09 10:06:16,39,0,,74
70839149,LL22151302M,982091101339149,1708,2023-01-09 10:07:07,34,0,,32
70834904,LL22149702M,982091101334904,1708,2023-01-09 10:07:49,254,0,89500,322
70834115,LL22151701M,982091101334115,1708,2023-01-09 10:12:11,123,0,105500,117
70834870,LL22138604M,982091101334870,1708,2023-01-09 10:15:44,701,0,86000,502
70834912,LL22137303M,982091101334912,1708,2023-01-09 10:27:53,168,0,81500,11
70821254,LL22145301M,982091101121254,1708,2023-01-09 10:31:59,257,0,80000,2
70821254,LL22145301M,982091101121254,1708,2023-01-09 10:40:16,302,0,77750,287
70821269,LL22146202M,982091101121269,1708,2023-01-09 10:52:02,33,0,,28
70821269,LL22146202M,982091101121269,1708,2023-01-09 10:54:36,43,0,,38
70834912,LL22137303M,982091101334912,1708,2023-01-09 12:03:45,712,0,83500,546
70834912,LL22137303M,982091101334912,1708,2023-01-09 12:18:38,54,0,,14
70832894,LL22137003M,982091101332894,1708,2023-01-09 12:19:56,589,0,88000,533
70839190,LL22149102M,982091101339190,1708,2023-01-09 12:29:49,1211,0,98000,1029
70834870,LL22138604M,982091101334870,1708,2023-01-09 12:50:29,853,0,88500,463
70821254,LL22145301M,982091101121254,1708,2023-01-09 13:04:54,624,0,78000,513
70821269,LL22146202M,982091101121269,1708,2023-01-09 13:15:54,261,0,84000,218
70821276,LL22142904M,982091101121276,1708,2023-01-09 13:20:23,283,0,89000,296
70839149,LL22151302M,982091101339149,1708,2023-01-09 13:25:06,741,0,101500,820
70821276,LL22142904M,982091101121276,1708,2023-01-09 13:37:31,497,0,89000,534
70821306,LL22145602M,982091101121306,1708,2023-01-09 13:47:13,950,0,104000,1399
70834115,LL22151701M,982091101334115,1708,2023-01-09 14:03:11,839,0,102500,1094
70834912,LL22137303M,982091101334912,1708,2023-01-09 14:17:38,104,0,78500,52
70834904,LL22149702M,982091101334904,1708,2023-01-09 14:21:24,416,0,87500,489
70834137,LL22136804M,982091101334137,1708,2023-01-09 14:28:40,854,0,92000,991
70832894,LL22137003M,982091101332894,1708,2023-01-09 14:42:58,262,0,89500,48
70834912,LL22137303M,982091101334912,1708,2023-01-09 14:47:45,568,0,83000,414
70832894,LL22137003M,982091101332894,1708,2023-01-09 14:58:02,184,0,90750,82
70821254,LL22145301M,982091101121254,1708,2023-01-09 15:04:41,522,0,80000,429
70832894,LL22137003M,982091101332894,1708,2023-01-09 15:14:30,174,0,90500,33
70834870,LL22138604M,982091101334870,1708,2023-01-09 15:20:12,135,0,88500,9
70832894,LL22137003M,982091101332894,1708,2023-01-09 15:22:44,450,0,88500,418
70834870,LL22138604M,982091101334870,1708,2023-01-09 15:30:39,25,0,,1
70834870,LL22138604M,982091101334870,1708,2023-01-09 15:33:06,527,0,90500,412
70839149,LL22151302M,982091101339149,1708,2023-01-09 15:42:26,60,0,,41
70821269,LL22146202M,982091101121269,1708,2023-01-09 15:45:18,784,0,84000,568
70839149,LL22151302M,982091101339149,1708,2023-01-09 15:58:30,131,0,77500,1
70839149,LL22151302M,982091101339149,1708,2023-01-09 16:03:30,12,0,,1
70821254,LL22145301M,982091101121254,1708,2023-01-09 16:05:44,451,0,78500,309
70839149,LL22151302M,982091101339149,1708,2023-01-09 16:18:01,370,0,102000,205
70821306,LL22145602M,982091101121306,1708,2023-01-09 16:24:28,44,0,,19
70839190,LL22149102M,982091101339190,1708,2023-01-09 16:25:50,34,0,,26
70834904,LL22149702M,982091101334904,1708,2023-01-09 16:27:33,11,0,,3
70821269,LL22146202M,982091101121269,1708,2023-01-09 16:29:46,87,0,88000,74
70834115,LL22151701M,982091101334115,1708,2023-01-09 16:32:14,265,0,107000,388
70839190,LL22149102M,982091101339190,1708,2023-01-09 16:37:15,656,0,100500,553
70839149,LL22151302M,982091101339149,1708,2023-01-09 16:48:24,401,0,102500,438
70834904,LL22149702M,982091101334904,1708,2023-01-09 16:57:08,391,0,87500,485
70834137,LL22136804M,982091101334137,1708,2023-01-09 17:05:01,473,0,91500,543
70821269,LL22146202M,982091101121269,1708,2023-01-09 17:16:14,368,0,87250,313
70839149,LL22151302M,982091101339149,1708,2023-01-09 17:47:22,480,0,104500,564
70839149,LL22151302M,982091101339149,1708,2023-01-09 17:57:25,237,0,103000,190
70834912,LL22137303M,982091101334912,1708,2023-01-09 18:02:23,320,0,85000,249
70834870,LL22138604M,982091101334870,1708,2023-01-09 18:08:07,155,0,89500,57
70821269,LL22146202M,982091101121269,1708,2023-01-09 18:12:44,336,0,89000,288
70834870,LL22138604M,982091101334870,1708,2023-01-09 18:20:22,368,0,88000,220
70834904,LL22149702M,982091101334904,1708,2023-01-09 18:26:54,51,0,,1
70821276,LL22142904M,982091101121276,1708,2023-01-09 18:28:05,500,0,89500,392
70832894,LL22137003M,982091101332894,1708,2023-01-09 18:36:33,290,0,89500,196
70834870,LL22138604M,982091101334870,1708,2023-01-09 18:42:40,33,0,,3
70832894,LL22137003M,982091101332894,1708,2023-01-09 18:45:15,461,0,90500,419
70834904,LL22149702M,982091101334904,1708,2023-01-09 20:42:21,280,0,90000,368
70821276,LL22142904M,982091101121276,1708,2023-01-09 21:03:28,401,0,89000,266
70834870,LL22138604M,982091101334870,1708,2023-01-09 21:58:19,397,0,89000,397
70834115,LL22151701M,982091101334115,1708,2023-01-09 22:57:56,372,0,106000,506
70821254,LL22145301M,982091101121254,1708,2023-01-09 23:06:08,58,0,,11
70834137,LL22136804M,982091101334137,1708,2023-01-09 23:24:11,318,0,92500,343
70821254,LL22145301M,982091101121254,1708,2023-01-09 23:29:57,52,0,,31
70821269,LL22146202M,982091101121269,1708,2023-01-09 23:33:55,166,0,89500,27
70821276,LL22142904M,982091101121276,1708,2023-01-10 00:22:11,263,0,91000,178
70834870,LL22138604M,982091101334870,1708,2023-01-10 00:29:50,403,0,90000,361
70821276,LL22142904M,982091101121276,1708,2023-01-10 00:36:49,74,0,83250,67
70832894,LL22137003M,982091101332894,1708,2023-01-10 00:40:50,419,0,92000,416
70821276,LL22142904M,982091101121276,1708,2023-01-10 00:49:41,415,0,92500,269
70821276,LL22142904M,982091101121276,1708,2023-01-10 01:03:04,55,0,,48
70821276,LL22142904M,982091101121276,1708,2023-01-10 02:22:43,314,0,90500,225
70834115,LL22151701M,982091101334115,1708,2023-01-10 02:30:31,151,0,103500,193
70834115,LL22151701M,982091101334115,1708,2023-01-10 02:35:04,310,0,107000,441
70832894,LL22137003M,982091101332894,1708,2023-01-10 02:43:30,421,0,91000,463
70839149,LL22151302M,982091101339149,1708,2023-01-10 02:53:47,314,0,101500,385
70834912,LL22137303M,982091101334912,1708,2023-01-10 03:13:58,319,0,84000,152
70821269,LL22146202M,982091101121269,1708,2023-01-10 03:25:16,475,0,89000,354
70821306,LL22145602M,982091101121306,1708,2023-01-10 05:01:02,480,0,107000,247
70834912,LL22137303M,982091101334912,1708,2023-01-10 05:09:23,250,0,85500,25
70821254,LL22145301M,982091101121254,1708,2023-01-10 05:15:35,628,0,79000,498
70839190,LL22149102M,982091101339190,1708,2023-01-10 05:26:47,907,0,99500,579
70834912,LL22137303M,982091101334912,1708,2023-01-10 05:41:54,739,0,81500,464
70834912,LL22137303M,982091101334912,1708,2023-01-10 05:56:56,561,0,83000,394
70834912,LL22137303M,982091101334912,1708,2023-01-10 06:09:33,64,0,84500,9
70821276,LL22142904M,982091101121276,1708,2023-01-10 06:11:02,330,0,94000,207
70834115,LL22151701M,982091101334115,1708,2023-01-10 06:17:24,259,0,104000,368
70821306,LL22145602M,982091101121306,1708,2023-01-10 06:22:32,482,0,103000,91
70834904,LL22149702M,982091101334904,1708,2023-01-10 06:31:47,1257,0,89500,495
70821269,LL22146202M,982091101121269,1708,2023-01-10 07:24:30,374,0,87500,261
70839149,LL22151302M,982091101339149,1708,2023-01-10 07:31:16,82,0,103750,77
70832894,LL22137003M,982091101332894,1708,2023-01-10 07:32:59,79,0,96500,55
70839149,LL22151302M,982091101339149,1708,2023-01-10 07:36:19,301,0,103500,346
70832894,LL22137003M,982091101332894,1708,2023-01-10 07:42:17,147,0,92000,63
70834137,LL22136804M,982091101334137,1708,2023-01-10 07:44:48,383,0,92500,177
70821306,LL22145602M,982091101121306,1708,2023-01-10 07:53:26,297,0,105500,65
70839149,LL22151302M,982091101339149,1708,2023-01-10 07:59:40,70,0,61750,1
70821269,LL22146202M,982091101121269,1708,2023-01-10 08:02:51,231,0,87000,196
70834904,LL22149702M,982091101334904,1708,2023-01-10 08:07:43,324,0,89000,273
70839190,LL22149102M,982091101339190,1708,2023-01-10 08:13:43,219,0,97500,33
70834904,LL22149702M,982091101334904,1708,2023-01-10 08:19:23,287,0,88500,382
70839190,LL22149102M,982091101339190,1708,2023-01-10 08:24:31,169,0,97250,118
70821276,LL22142904M,982091101121276,1708,2023-01-10 08:27:20,657,0,90000,574
70821254,LL22145301M,982091101121254,1708,2023-01-10 08:38:37,776,0,79000,420
70832894,LL22137003M,982091101332894,1708,2023-01-10 08:53:34,534,0,90000,463
70834912,LL22137303M,982091101334912,1708,2023-01-10 09:02:32,299,0,87500,23
70834912,LL22137303M,982091101334912,1708,2023-01-10 09:09:32,611,0,83000,393
70834904,LL22149702M,982091101334904,1708,2023-01-10 09:26:34,25,0,,1
70821306,LL22145602M,982091101121306,1708,2023-01-10 09:27:24,656,0,103000,220
70834115,LL22151701M,982091101334115,1708,2023-01-10 09:38:33,571,0,105500,498
70821306,LL22145602M,982091101121306,1708,2023-01-10 09:48:49,538,0,103000,536
70834137,LL22136804M,982091101334137,1708,2023-01-10 09:57:55,576,0,90000,536
70839149,LL22151302M,982091101339149,1708,2023-01-10 10:21:06,261,0,101000,339
70821269,LL22146202M,982091101121269,1708,2023-01-10 10:39:00,672,0,84000,444
70834912,LL22137303M,982091101334912,1708,2023-01-10 10:53:16,309,0,84500,152
70834912,LL22137303M,982091101334912,1708,2023-01-10 11:01:00,345,0,81000,21
70821269,LL22146202M,982091101121269,1708,2023-01-10 11:08:46,131,0,86500,128
70834870,LL22138604M,982091101334870,1708,2023-01-10 11:11:17,420,0,86000,361
70834912,LL22137303M,982091101334912,1708,2023-01-10 11:19:03,20,0,,4
70832894,LL22137003M,982091101332894,1708,2023-01-10 11:19:48,30,0,,1
70834870,LL22138604M,982091101334870,1708,2023-01-10 11:21:10,39,0,,12
70821269,LL22146202M,982091101121269,1708,2023-01-10 11:26:01,53,0,,62
70834870,LL22138604M,982091101334870,1708,2023-01-10 11:28:15,480,0,87500,413
70821254,LL22145301M,982091101121254,1708,2023-01-10 11:39:35,344,0,79000,64
70832894,LL22137003M,982091101332894,1708,2023-01-10 11:48:29,149,0,88500,19
70821306,LL22145602M,982091101121306,1708,2023-01-10 11:51:43,23,0,,1
70832894,LL22137003M,982091101332894,1708,2023-01-10 11:56:27,545,0,91000,506
70834115,LL22151701M,982091101334115,1708,2023-01-10 12:05:40,401,0,105000,509
70821306,LL22145602M,982091101121306,1708,2023-01-10 12:13:14,741,0,104500,934
70834912,LL22137303M,982091101334912,1708,2023-01-10 12:25:39,259,0,86000,69
70821269,LL22146202M,982091101121269,1708,2023-01-10 12:31:47,10,0,,1
70834904,LL22149702M,982091101334904,1708,2023-01-10 12:32:01,90,0,83750,26
70834904,LL22149702M,982091101334904,1708,2023-01-10 12:35:33,412,0,90000,454
70821254,LL22145301M,982091101121254,1708,2023-01-10 12:42:58,81,0,76250,27
70821269,LL22146202M,982091101121269,1708,2023-01-10 12:45:45,90,0,63250,5
70821254,LL22145301M,982091101121254,1708,2023-01-10 12:49:18,561,0,78500,441
70832894,LL22137003M,982091101332894,1708,2023-01-10 13:00:41,527,0,89000,406
70821254,LL22145301M,982091101121254,1708,2023-01-10 13:09:53,9,0,,1
70821254,LL22145301M,982091101121254,1708,2023-01-10 13:12:06,423,0,79500,378
70832894,LL22137003M,982091101332894,1708,2023-01-10 13:22:18,237,0,93000,68
70821269,LL22146202M,982091101121269,1708,2023-01-10 13:34:37,262,0,86000,93
70821269,LL22146202M,982091101121269,1708,2023-01-10 13:41:01,428,0,88500,340
70834115,LL22151701M,982091101334115,1708,2023-01-10 13:48:13,117,0,100500,104
70834137,LL22136804M,982091101334137,1708,2023-01-10 13:52:12,566,0,92000,171
70834912,LL22137303M,982091101334912,1708,2023-01-10 14:01:46,500,0,82500,34
70839190,LL22149102M,982091101339190,1708,2023-01-10 14:10:52,1330,0,98000,1039
70821276,LL22142904M,982091101121276,1708,2023-01-10 14:33:10,79,0,87500,46
70839149,LL22151302M,982091101339149,1708,2023-01-10 14:34:29,911,0,102000,940
70832894,LL22137003M,982091101332894,1708,2023-01-10 14:49:52,174,0,91000,42
70834870,LL22138604M,982091101334870,1708,2023-01-10 14:52:55,193,0,89500,4
70834870,LL22138604M,982091101334870,1708,2023-01-10 14:58:01,720,0,87500,487
70834912,LL22137303M,982091101334912,1708,2023-01-10 15:10:05,766,0,84500,488
70834904,LL22149702M,982091101334904,1708,2023-01-10 15:23:32,94,0,95000,16
70834115,LL22151701M,982091101334115,1708,2023-01-10 15:25:18,22,0,,1
70834115,LL22151701M,982091101334115,1708,2023-01-10 15:27:41,432,0,104250,400
70821276,LL22142904M,982091101121276,1708,2023-01-10 15:35:18,526,0,92000,544
70832894,LL22137003M,982091101332894,1708,2023-01-10 15:44:04,722,0,92500,508
70834137,LL22136804M,982091101334137,1708,2023-01-10 15:56:06,1124,0,92000,1057
70834904,LL22149702M,982091101334904,1708,2023-01-10 16:14:54,893,0,89000,974
70839190,LL22149102M,982091101339190,1708,2023-01-10 16:31:38,973,0,100500,1021
70821269,LL22146202M,982091101121269,1708,2023-01-10 16:48:04,391,0,87500,348
70839149,LL22151302M,982091101339149,1708,2023-01-10 16:55:08,673,0,102000,754
70834912,LL22137303M,982091101334912,1708,2023-01-10 17:06:33,686,0,85000,463
70834115,LL22151701M,982091101334115,1708,2023-01-10 17:18:19,119,0,101500,48
70821306,LL22145602M,982091101121306,1708,2023-01-10 17:20:42,486,0,107000,518
70834115,LL22151701M,982091101334115,1708,2023-01-10 17:29:04,399,0,105500,474
70834870,LL22138604M,982091101334870,1708,2023-01-10 17:36:40,1247,0,90000,50
70834870,LL22138604M,982091101334870,1708,2023-01-10 17:59:29,539,0,89500,464
70821276,LL22142904M,982091101121276,1708,2023-01-10 18:18:17,446,0,95000,503
70832894,LL22137003M,982091101332894,1708,2023-01-10 18:26:12,93,0,92000,33
70832894,LL22137003M,982091101332894,1708,2023-01-10 18:29:47,379,0,93000,392
70834137,LL22136804M,982091101334137,1708,2023-01-10 18:50:09,442,0,93000,483
70821254,LL22145301M,982091101121254,1708,2023-01-10 19:19:29,106,0,77000,57
70821254,LL22145301M,982091101121254,1708,2023-01-10 19:23:18,414,0,80500,390
70821269,LL22146202M,982091101121269,1708,2023-01-10 20:02:55,167,0,85500,65
70834870,LL22138604M,982091101334870,1708,2023-01-10 20:07:10,15,0,,1
70834115,LL22151701M,982091101334115,1708,2023-01-10 20:15:52,46,0,,10
70821269,LL22146202M,982091101121269,1708,2023-01-10 20:26:43,222,0,89500,82
70821269,LL22146202M,982091101121269,1708,2023-01-10 20:32:26,494,0,87000,301
70821269,LL22146202M,982091101121269,1708,2023-01-10 20:49:40,33,0,,7
70821254,LL22145301M,982091101121254,1708,2023-01-10 20:57:39,206,0,80000,104
70839149,LL22151302M,982091101339149,1708,2023-01-10 21:03:56,56,0,,13
70834115,LL22151701M,982091101334115,1708,2023-01-10 21:26:22,50,0,,2
70834115,LL22151701M,982091101334115,1708,2023-01-10 21:29:47,50,0,,2
70834904,LL22149702M,982091101334904,1708,2023-01-10 21:38:02,223,0,91250,17
70834870,LL22138604M,982091101334870,1708,2023-01-10 21:56:08,110,0,93000,39
70834870,LL22138604M,982091101334870,1708,2023-01-10 22:00:02,461,0,92000,426
70834904,LL22149702M,982091101334904,1708,2023-01-10 22:25:17,20,0,,1
70832894,LL22137003M,982091101332894,1708,2023-01-10 23:07:48,24,0,,3
70821306,LL22145602M,982091101121306,1708,2023-01-10 23:11:17,33,0,,2
70834870,LL22138604M,982091101334870,1708,2023-01-11 00:35:10,71,0,91500,10
70821276,LL22142904M,982091101121276,1708,2023-01-11 00:49:06,406,0,90500,313
70821276,LL22142904M,982091101121276,1708,2023-01-11 00:58:57,90,0,91500,71
70821276,LL22142904M,982091101121276,1708,2023-01-11 01:05:10,144,0,91000,153
70821276,LL22142904M,982091101121276,1708,2023-01-11 01:18:42,97,0,95750,46
70832894,LL22137003M,982091101332894,1708,2023-01-11 01:24:06,500,0,93000,500
70821276,LL22142904M,982091101121276,1708,2023-01-11 01:32:39,201,0,91500,185
70834904,LL22149702M,982091101334904,1708,2023-01-11 01:42:30,521,0,92000,498
70834904,LL22149702M,982091101334904,1708,2023-01-11 01:53:15,342,0,92000,398
70834870,LL22138604M,982091101334870,1708,2023-01-11 02:01:39,411,0,91500,454
70834115,LL22151701M,982091101334115,1708,2023-01-11 02:14:15,340,0,104500,219
70821276,LL22142904M,982091101121276,1708,2023-01-11 02:41:55,40,0,,22
70821276,LL22142904M,982091101121276,1708,2023-01-11 02:55:50,114,0,91000,94
70821254,LL22145301M,982091101121254,1708,2023-01-11 03:08:51,538,0,82000,384
70821269,LL22146202M,982091101121269,1708,2023-01-11 03:22:08,408,0,87500,274
70821306,LL22145602M,982091101121306,1708,2023-01-11 03:54:36,254,0,107500,235
70834115,LL22151701M,982091101334115,1708,2023-01-11 04:00:51,755,0,106500,1003
70839149,LL22151302M,982091101339149,1708,2023-01-11 04:17:14,369,0,104500,437
70821276,LL22142904M,982091101121276,1708,2023-01-11 04:24:12,33,0,,20
70821306,LL22145602M,982091101121306,1708,2023-01-11 04:25:55,443,0,106500,581
70821276,LL22142904M,982091101121276,1708,2023-01-11 04:33:39,30,0,,5
70832894,LL22137003M,982091101332894,1708,2023-01-11 04:36:09,427,0,91000,405
70839190,LL22149102M,982091101339190,1708,2023-01-11 04:45:17,751,0,99500,587
70834912,LL22137303M,982091101334912,1708,2023-01-11 05:35:59,638,0,84500,463
70834912,LL22137303M,982091101334912,1708,2023-01-11 05:49:23,598,0,85000,412
70834912,LL22137303M,982091101334912,1708,2023-01-11 06:01:45,30,0,,6
70834912,LL22137303M,982091101334912,1708,2023-01-11 06:09:39,13,0,,1
70821269,LL22146202M,982091101121269,1708,2023-01-11 06:27:29,36,0,,3
70839149,LL22151302M,982091101339149,1708,2023-01-11 06:32:15,87,0,104500,59
70821269,LL22146202M,982091101121269,1708,2023-01-11 06:35:19,13,0,,1
70839149,LL22151302M,982091101339149,1708,2023-01-11 06:37:33,471,0,103500,440
70834904,LL22149702M,982091101334904,1708,2023-01-11 06:46:57,21,0,,12
70834904,LL22149702M,982091101334904,1708,2023-01-11 07:03:17,71,0,94000,29
70834904,LL22149702M,982091101334904,1708,2023-01-11 07:06:29,391,0,93500,459
70834137,LL22136804M,982091101334137,1708,2023-01-11 07:14:48,389,0,95000,180
70832894,LL22137003M,982091101332894,1708,2023-01-11 07:23:19,350,0,93250,399
70832894,LL22137003M,982091101332894,1708,2023-01-11 07:31:09,445,0,94750,363
70821306,LL22145602M,982091101121306,1708,2023-01-11 07:40:18,279,0,107500,210
70821269,LL22146202M,982091101121269,1708,2023-01-11 07:46:25,142,0,84000,27
70821276,LL22142904M,982091101121276,1708,2023-01-11 07:49:00,207,0,93000,185
70821254,LL22145301M,982091101121254,1708,2023-01-11 07:52:31,491,0,80500,390
70821269,LL22146202M,982091101121269,1708,2023-01-11 08:01:35,746,0,88500,486
70821306,LL22145602M,982091101121306,1708,2023-01-11 08:16:02,300,0,107500,438
70821269,LL22146202M,982091101121269,1708,2023-01-11 08:21:47,46,0,,31
70821306,LL22145602M,982091101121306,1708,2023-01-11 08:22:41,124,0,107000,69
70821269,LL22146202M,982091101121269,1708,2023-01-11 08:26:19,93,0,90500,26
70834137,LL22136804M,982091101334137,1708,2023-01-11 08:30:28,698,0,92000,561
70839190,LL22149102M,982091101339190,1708,2023-01-11 08:42:47,581,0,101500,515
70834912,LL22137303M,982091101334912,1708,2023-01-11 08:53:01,246,0,84500,10
70821306,LL22145602M,982091101121306,1708,2023-01-11 08:59:09,290,0,107000,333
70834904,LL22149702M,982091101334904,1708,2023-01-11 09:04:51,200,0,91000,150
70834912,LL22137303M,982091101334912,1708,2023-01-11 09:08:44,209,0,85000,22
70834912,LL22137303M,982091101334912,1708,2023-01-11 09:16:58,558,0,86500,403
70834904,LL22149702M,982091101334904,1708,2023-01-11 09:26:33,58,0,,33
70821254,LL22145301M,982091101121254,1708,2023-01-11 09:28:03,88,0,78500,20
70834904,LL22149702M,982091101334904,1708,2023-01-11 09:29:51,17,0,,10
70821254,LL22145301M,982091101121254,1708,2023-01-11 09:32:10,578,0,79500,513
70821306,LL22145602M,982091101121306,1708,2023-01-11 09:43:51,187,0,106500,235
70834904,LL22149702M,982091101334904,1708,2023-01-11 09:50:38,278,0,88500,272
70839149,LL22151302M,982091101339149,1708,2023-01-11 09:57:18,370,0,104000,458
70834912,LL22137303M,982091101334912,1708,2023-01-11 10:03:37,508,0,87500,115
70834912,LL22137303M,982091101334912,1708,2023-01-11 10:14:30,33,0,,9
70834912,LL22137303M,982091101334912,1708,2023-01-11 10:17:17,22,0,,2
70834912,LL22137303M,982091101334912,1708,2023-01-11 10:20:22,551,0,86000,409
70834912,LL22137303M,982091101334912,1708,2023-01-11 10:31:33,344,0,88500,184
70839149,LL22151302M,982091101339149,1708,2023-01-11 10:48:19,246,0,103000,259
70832894,LL22137003M,982091101332894,1708,2023-01-11 10:58:24,392,0,94500,501
70821269,LL22146202M,982091101121269,1708,2023-01-11 11:19:06,371,0,89500,334
70834115,LL22151701M,982091101334115,1708,2023-01-11 11:26:19,331,0,106500,312
70834870,LL22138604M,982091101334870,1708,2023-01-11 11:33:23,92,0,87000,22
70834137,LL22136804M,982091101334137,1708,2023-01-11 11:38:13,111,0,92000,11
70834870,LL22138604M,982091101334870,1708,2023-01-11 11:41:26,63,0,87750,13
70821269,LL22146202M,982091101121269,1708,2023-01-11 11:44:32,325,0,89500,297
70834870,LL22138604M,982091101334870,1708,2023-01-11 11:50:01,898,0,87250,720
70834137,LL22136804M,982091101334137,1708,2023-01-11 12:05:07,510,0,93000,498
70832894,LL22137003M,982091101332894,1708,2023-01-11 12:19:27,397,0,94000,422
70821269,LL22146202M,982091101121269,1708,2023-01-11 12:26:41,35,0,,8
70821254,LL22145301M,982091101121254,1708,2023-01-11 12:28:01,287,0,79750,68
70834115,LL22151701M,982091101334115,1708,2023-01-11 12:35:58,389,0,105000,475
70834912,LL22137303M,982091101334912,1708,2023-01-11 12:44:29,461,0,89000,310
70821254,LL22145301M,982091101121254,1708,2023-01-11 12:54:07,204,0,79500,146
70821254,LL22145301M,982091101121254,1708,2023-01-11 12:59:32,485,0,80500,443
70821306,LL22145602M,982091101121306,1708,2023-01-11 13:08:17,102,0,109000,24
70821306,LL22145602M,982091101121306,1708,2023-01-11 13:12:01,363,0,108500,449
70821306,LL22145602M,982091101121306,1708,2023-01-11 13:21:42,34,0,,9
70821269,LL22146202M,982091101121269,1708,2023-01-11 13:29:12,79,0,90500,33
70821269,LL22146202M,982091101121269,1708,2023-01-11 13:32:31,462,0,90500,368
70832894,LL22137003M,982091101332894,1708,2023-01-11 13:42:02,200,0,91500,104
70839149,LL22151302M,982091101339149,1708,2023-01-11 13:46:06,323,0,104000,169
70821276,LL22142904M,982091101121276,1708,2023-01-11 13:51:33,657,0,91000,592
70839149,LL22151302M,982091101339149,1708,2023-01-11 14:02:34,756,0,104500,930
70834904,LL22149702M,982091101334904,1708,2023-01-11 14:15:47,827,0,90000,1048
70821276,LL22142904M,982091101121276,1708,2023-01-11 14:29:46,429,0,89500,420
70839190,LL22149102M,982091101339190,1708,2023-01-11 14:38:56,1117,0,100500,1110
70834870,LL22138604M,982091101334870,1708,2023-01-11 14:57:45,668,0,88000,535
70834137,LL22136804M,982091101334137,1708,2023-01-11 15:09:59,881,0,92500,1003
70834115,LL22151701M,982091101334115,1708,2023-01-11 15:27:25,429,0,106000,524
70821306,LL22145602M,982091101121306,1708,2023-01-11 15:35:03,465,0,107500,515
70834912,LL22137303M,982091101334912,1708,2023-01-11 15:43:16,724,0,86500,501
70832894,LL22137003M,982091101332894,1708,2023-01-11 15:55:45,137,0,94750,2
70821254,LL22145301M,982091101121254,1708,2023-01-11 16:05:40,1068,0,81000,954
70832894,LL22137003M,982091101332894,1708,2023-01-11 16:23:57,965,0,92500,1038
70839149,LL22151302M,982091101339149,1708,2023-01-11 16:40:10,558,0,105000,558
70821269,LL22146202M,982091101121269,1708,2023-01-11 16:49:36,627,0,89500,458
70839190,LL22149102M,982091101339190,1708,2023-01-11 17:00:20,582,0,102500,559
70834137,LL22136804M,982091101334137,1708,2023-01-11 17:10:27,402,0,90500,490
70821269,LL22146202M,982091101121269,1708,2023-01-11 17:23:14,445,0,91500,310
70834115,LL22151701M,982091101334115,1708,2023-01-11 17:40:47,550,0,106500,715
70839149,LL22151302M,982091101339149,1708,2023-01-11 17:52:27,347,0,105500,387
70834870,LL22138604M,982091101334870,1708,2023-01-11 17:58:19,801,0,89250,145
70834870,LL22138604M,982091101334870,1708,2023-01-11 18:13:42,565,0,89500,493
70821276,LL22142904M,982091101121276,1708,2023-01-11 18:23:44,338,0,92000,177
70834870,LL22138604M,982091101334870,1708,2023-01-11 18:31:55,341,0,90500,310
70839190,LL22149102M,982091101339190,1708,2023-01-11 18:38:54,39,0,,3
70821276,LL22142904M,982091101121276,1708,2023-01-11 18:39:53,50,0,,23
70834904,LL22149702M,982091101334904,1708,2023-01-11 18:41:03,87,0,96500,10
70821276,LL22142904M,982091101121276,1708,2023-01-11 18:43:19,111,0,91250,93
70834904,LL22149702M,982091101334904,1708,2023-01-11 18:45:27,288,0,91500,353
70834904,LL22149702M,982091101334904,1708,2023-01-11 18:58:56,298,0,94750,402
70821276,LL22142904M,982091101121276,1708,2023-01-11 19:05:19,196,0,92000,191
70834904,LL22149702M,982091101334904,1708,2023-01-11 19:22:07,250,0,93500,320
70821276,LL22142904M,982091101121276,1708,2023-01-11 20:22:04,179,0,89000,110
70821254,LL22145301M,982091101121254,1708,2023-01-11 20:48:03,432,0,81500,388
70839149,LL22151302M,982091101339149,1708,2023-01-11 21:41:31,80,0,107000,45
70821306,LL22145602M,982091101121306,1708,2023-01-11 21:51:16,27,0,,5
70834912,LL22137303M,982091101334912,1708,2023-01-11 22:15:40,75,0,89000,16
70821306,LL22145602M,982091101121306,1708,2023-01-11 22:18:56,283,0,108750,387
70821269,LL22146202M,982091101121269,1708,2023-01-11 22:54:05,45,0,,14
70834870,LL22138604M,982091101334870,1708,2023-01-11 23:01:41,218,0,90750,125
70834137,LL22136804M,982091101334137,1708,2023-01-11 23:07:08,215,0,94000,94
70832894,LL22137003M,982091101332894,1708,2023-01-11 23:13:58,361,0,95000,384
70821276,LL22142904M,982091101121276,1708,2023-01-12 01:11:17,331,0,93500,336
70821276,LL22142904M,982091101121276,1708,2023-01-12 01:22:34,193,0,90500,196
70821276,LL22142904M,982091101121276,1708,2023-01-12 01:28:19,152,0,92000,118
70834870,LL22138604M,982091101334870,1708,2023-01-12 02:06:45,1023,0,91500,1071
70839149,LL22151302M,982091101339149,1708,2023-01-12 02:34:00,369,0,104500,425
70834904,LL22149702M,982091101334904,1708,2023-01-12 02:40:13,147,0,95500,112
70834115,LL22151701M,982091101334115,1708,2023-01-12 02:44:01,698,0,107000,993
70832894,LL22137003M,982091101332894,1708,2023-01-12 02:57:40,526,0,94500,486
70821276,LL22142904M,982091101121276,1708,2023-01-12 03:08:10,81,0,94500,30
70821276,LL22142904M,982091101121276,1708,2023-01-12 03:20:20,244,0,95500,207
70821276,LL22142904M,982091101121276,1708,2023-01-12 03:27:29,78,0,94250,46
70821306,LL22145602M,982091101121306,1708,2023-01-12 04:05:06,191,0,109250,236
70832894,LL22137003M,982091101332894,1708,2023-01-12 04:45:16,350,0,95000,448
70839149,LL22151302M,982091101339149,1708,2023-01-12 04:53:06,264,0,104000,311
70834115,LL22151701M,982091101334115,1708,2023-01-12 05:45:39,173,0,108000,224
70834912,LL22137303M,982091101334912,1708,2023-01-12 05:51:15,709,0,86000,503
70821276,LL22142904M,982091101121276,1708,2023-01-12 06:05:04,271,0,96500,230
70834904,LL22149702M,982091101334904,1708,2023-01-12 06:09:43,881,0,92750,1037
70834137,LL22136804M,982091101334137,1708,2023-01-12 06:24:32,1015,0,93000,1160
70821306,LL22145602M,982091101121306,1708,2023-01-12 06:42:18,740,0,109500,1015
70834115,LL22151701M,982091101334115,1708,2023-01-12 06:56:39,403,0,108500,497
70839190,LL22149102M,982091101339190,1708,2023-01-12 07:16:18,1224,0,100500,1067
70821254,LL22145301M,982091101121254,1708,2023-01-12 07:36:58,738,0,81500,494
70821254,LL22145301M,982091101121254,1708,2023-01-12 07:51:18,357,0,81500,321
70839149,LL22151302M,982091101339149,1708,2023-01-12 08:01:27,37,0,,1
70834912,LL22137303M,982091101334912,1708,2023-01-12 08:02:17,395,0,85000,132
70821276,LL22142904M,982091101121276,1708,2023-01-12 08:10:53,358,0,94000,350
70834912,LL22137303M,982091101334912,1708,2023-01-12 08:16:59,506,0,85500,175
70839149,LL22151302M,982091101339149,1708,2023-01-12 08:27:54,424,0,101500,409
70834912,LL22137303M,982091101334912,1708,2023-01-12 08:35:52,167,0,85000,51
70832894,LL22137003M,982091101332894,1708,2023-01-12 08:39:54,12,0,,1
70834904,LL22149702M,982091101334904,1708,2023-01-12 08:40:39,203,0,93250,24
70834904,LL22149702M,982091101334904,1708,2023-01-12 08:46:04,327,0,91500,397
70821269,LL22146202M,982091101121269,1708,2023-01-12 08:51:44,179,0,88500,99
70832894,LL22137003M,982091101332894,1708,2023-01-12 08:55:33,80,0,92000,19
70832894,LL22137003M,982091101332894,1708,2023-01-12 08:58:55,183,0,91500,124
70834904,LL22149702M,982091101334904,1708,2023-01-12 09:03:19,90,0,95000,125
70839149,LL22151302M,982091101339149,1708,2023-01-12 09:10:05,150,0,101750,117
70821269,LL22146202M,982091101121269,1708,2023-01-12 09:22:23,32,0,,14
70839149,LL22151302M,982091101339149,1708,2023-01-12 09:27:39,84,0,112000,1
70821269,LL22146202M,982091101121269,1708,2023-01-12 09:33:14,89,0,84000,41
70821269,LL22146202M,982091101121269,1708,2023-01-12 09:37:48,70,0,90500,35
70821269,LL22146202M,982091101121269,1708,2023-01-12 09:40:58,164,0,84500,144
70821306,LL22145602M,982091101121306,1708,2023-01-12 09:44:26,329,0,107000,391
70821269,LL22146202M,982091101121269,1708,2023-01-12 09:50:20,21,0,,3
70832894,LL22137003M,982091101332894,1708,2023-01-12 09:52:44,406,0,94000,492
70821269,LL22146202M,982091101121269,1708,2023-01-12 10:01:20,24,0,,4
70834904,LL22149702M,982091101334904,1708,2023-01-12 10:03:45,252,0,93500,292
70821269,LL22146202M,982091101121269,1708,2023-01-12 10:08:01,153,0,82500,120
70821276,LL22142904M,982091101121276,1708,2023-01-12 10:13:51,92,0,93750,75
70834115,LL22151701M,982091101334115,1708,2023-01-12 10:15:41,286,0,107500,404
70821254,LL22145301M,982091101121254,1708,2023-01-12 10:25:22,32,0,,36
70821306,LL22145602M,982091101121306,1708,2023-01-12 10:26:43,243,0,106500,328
70821254,LL22145301M,982091101121254,1708,2023-01-12 10:30:50,233,0,81500,209
70821306,LL22145602M,982091101121306,1708,2023-01-12 10:35:48,9,0,,1
70821306,LL22145602M,982091101121306,1708,2023-01-12 10:37:58,242,0,108500,270
70834912,LL22137303M,982091101334912,1708,2023-01-12 10:45:08,391,0,86500,253
70839149,LL22151302M,982091101339149,1708,2023-01-12 10:54:23,381,0,104500,416
70834912,LL22137303M,982091101334912,1708,2023-01-12 11:03:29,614,0,86000,549
70834912,LL22137303M,982091101334912,1708,2023-01-12 11:16:27,324,0,87500,250
70821254,LL22145301M,982091101121254,1708,2023-01-12 11:23:46,183,0,80500,205
70834904,LL22149702M,982091101334904,1708,2023-01-12 11:38:43,22,0,,10
70832894,LL22137003M,982091101332894,1708,2023-01-12 11:39:30,554,0,93000,496
70834904,LL22149702M,982091101334904,1708,2023-01-12 12:05:01,145,0,100000,15
70821254,LL22145301M,982091101121254,1708,2023-01-12 12:07:55,25,0,,36
70821254,LL22145301M,982091101121254,1708,2023-01-12 12:14:10,311,0,79000,281
70834912,LL22137303M,982091101334912,1708,2023-01-12 12:19:42,106,0,88500,81
70834912,LL22137303M,982091101334912,1708,2023-01-12 12:24:04,81,0,88500,54
70821269,LL22146202M,982091101121269,1708,2023-01-12 12:27:27,231,0,88500,139
70821306,LL22145602M,982091101121306,1708,2023-01-12 12:42:02,292,0,107500,364
70834904,LL22149702M,982091101334904,1708,2023-01-12 13:08:03,350,0,92000,466
70839149,LL22151302M,982091101339149,1708,2023-01-12 13:18:48,370,0,104000,509
70834870,LL22138604M,982091101334870,1708,2023-01-12 13:25:02,123,0,88500,93
70834115,LL22151701M,982091101334115,1708,2023-01-12 13:27:13,23,0,,11
70834870,LL22138604M,982091101334870,1708,2023-01-12 13:28:49,81,0,87500,28
70834912,LL22137303M,982091101334912,1708,2023-01-12 13:32:11,581,0,86500,462
70834870,LL22138604M,982091101334870,1708,2023-01-12 13:44:37,516,0,87000,543
70821254,LL22145301M,982091101121254,1708,2023-01-12 13:53:25,100,0,85000,2
70821254,LL22145301M,982091101121254,1708,2023-01-12 13:57:06,91,0,76500,100
70834137,LL22136804M,982091101334137,1708,2023-01-12 13:59:09,819,0,90000,878
70834137,LL22136804M,982091101334137,1708,2023-01-12 14:14:49,387,0,88750,427
70821254,LL22145301M,982091101121254,1708,2023-01-12 14:23:19,402,0,79750,373
70832894,LL22137003M,982091101332894,1708,2023-01-12 14:43:14,31,0,,1
70821254,LL22145301M,982091101121254,1708,2023-01-12 14:48:27,202,0,81500,129
70834912,LL22137303M,982091101334912,1708,2023-01-12 14:52:34,65,0,85500,29
70821269,LL22146202M,982091101121269,1708,2023-01-12 14:53:51,725,0,82500,514
70834115,LL22151701M,982091101334115,1708,2023-01-12 15:06:00,380,0,106750,530
70821276,LL22142904M,982091101121276,1708,2023-01-12 15:13:33,342,0,86500,207
70821276,LL22142904M,982091101121276,1708,2023-01-12 15:24:33,150,0,87000,189
70839149,LL22151302M,982091101339149,1708,2023-01-12 15:27:44,294,0,101000,458
70839149,LL22151302M,982091101339149,1708,2023-01-12 15:34:39,120,0,102500,108
70834870,LL22138604M,982091101334870,1708,2023-01-12 15:36:51,143,0,88000,217
70834870,LL22138604M,982091101334870,1708,2023-01-12 15:39:39,61,0,88000,80
70821276,LL22142904M,982091101121276,1708,2023-01-12 15:41:00,108,0,89000,142
70839190,LL22149102M,982091101339190,1708,2023-01-12 15:43:28,519,0,98500,538
70821306,LL22145602M,982091101121306,1708,2023-01-12 15:52:24,10,0,,2
70834870,LL22138604M,982091101334870,1708,2023-01-12 15:52:46,129,0,84750,12
70832894,LL22137003M,982091101332894,1708,2023-01-12 16:06:46,251,0,92500,356
70839149,LL22151302M,982091101339149,1708,2023-01-12 16:12:25,23,0,,20
70832894,LL22137003M,982091101332894,1708,2023-01-12 16:13:33,7,0,,1
70832894,LL22137003M,982091101332894,1708,2023-01-12 16:15:40,188,0,90000,171
70834115,LL22151701M,982091101334115,1708,2023-01-12 16:24:06,115,0,107000,181
70821276,LL22142904M,982091101121276,1708,2023-01-12 16:26:13,216,0,89000,243
70834870,LL22138604M,982091101334870,1708,2023-01-12 16:34:11,493,0,90000,542
70832894,LL22137003M,982091101332894,1708,2023-01-12 16:44:25,207,0,94250,297
70821306,LL22145602M,982091101121306,1708,2023-01-12 16:49:05,40,0,,56
70821254,LL22145301M,982091101121254,1708,2023-01-12 16:50:02,231,0,82000,155
70821254,LL22145301M,982091101121254,1708,2023-01-12 16:57:07,270,0,82000,284
70834137,LL22136804M,982091101334137,1708,2023-01-12 17:13:16,154,0,90500,144
70839190,LL22149102M,982091101339190,1708,2023-01-12 17:33:42,608,0,101500,603
70821269,LL22146202M,982091101121269,1708,2023-01-12 17:45:51,392,0,90000,312
70834137,LL22136804M,982091101334137,1708,2023-01-12 17:52:48,109,0,93000,124
70821269,LL22146202M,982091101121269,1708,2023-01-12 17:56:38,44,0,,39
70834137,LL22136804M,982091101334137,1708,2023-01-12 17:57:34,155,0,91500,218
70821276,LL22142904M,982091101121276,1708,2023-01-12 18:00:21,180,0,94000,214
