animal_number,lifenumber,responder,location,visit_time,duration,state,weight,feed_intake
70734848,LL22148404M,9.82091E+14,1707,2022/11/9 1:28,476,0,32500,204
70739179,LL22133202M,699b78b7-0c70-4ae2-ab86-2d616dd829b8,1707,2022/11/9 1:37,209,0,36500,34
70732905,LL22141101M,9.82091E+14,1707,2022/11/9 1:42,450,0,22500,131
70734891,LL22149402M,9.82091E+14,1707,2022/11/9 2:02,428,0,28500,151
70734876,LL22153804M,9.82091E+14,1707,2022/11/9 2:35,514,0,29500,128
70734162,LL22150204M,9.82091E+14,1707,2022/11/9 3:28,362,0,24500,157
70739179,LL22133202M,699b78b7-0c70-4ae2-ab86-2d616dd829b8,1707,2022/11/9 4:22,402,0,36500,218
70734852,LL22148101M,9.82091E+14,1707,2022/11/9 4:30,785,0,25500,180
70721340,LL22144904M,9.82091E+14,1707,2022/11/9 4:49,454,0,36000,246
70734162,LL22150204M,9.82091E+14,1707,2022/11/9 6:01,300,0,24000,93
70734848,LL22148404M,9.82091E+14,1707,2022/11/9 6:07,759,0,56500,363
70739142,LL22150005M,9.82091E+14,1707,2022/11/9 6:19,516,0,25000,102
70732905,LL22141101M,9.82091E+14,1707,2022/11/9 6:28,174,0,27000,35
70739142,LL22150005M,9.82091E+14,1707,2022/11/9 6:33,18,0,,1
70734891,LL22149402M,9.82091E+14,1707,2022/11/9 6:42,73,0,28000,1
70734119,LL22150501M,9.82091E+14,1707,2022/11/9 6:46,671,0,27000,185
70739179,LL22133202M,699b78b7-0c70-4ae2-ab86-2d616dd829b8,1707,2022/11/9 7:07,437,0,36500,235
70734162,LL22150204M,9.82091E+14,1707,2022/11/9 7:30,160,0,23500,28
70739142,LL22150005M,9.82091E+14,1707,2022/11/9 7:42,204,0,28500,150
70734154,LL22150506M,9.82091E+14,1707,2022/11/9 7:46,273,0,66500,64
70721340,LL22144904M,9.82091E+14,1707,2022/11/9 7:51,818,0,35500,337
70732905,LL22141101M,9.82091E+14,1707,2022/11/9 8:06,603,0,27000,112
70734162,LL22150204M,9.82091E+14,1707,2022/11/9 8:16,536,0,24000,67
70734162,LL22150204M,9.82091E+14,1707,2022/11/9 8:27,319,0,23500,94
70734852,LL22148101M,9.82091E+14,1707,2022/11/9 8:33,515,0,26500,156
70734876,LL22153804M,9.82091E+14,1707,2022/11/9 8:42,7,0,,14
70734852,LL22148101M,9.82091E+14,1707,2022/11/9 8:42,480,0,26000,105
70732905,LL22141101M,9.82091E+14,1707,2022/11/9 8:51,427,0,27000,89
70734162,LL22150204M,9.82091E+14,1707,2022/11/9 8:58,260,0,24000,31
70734119,LL22150501M,9.82091E+14,1707,2022/11/9 9:02,397,0,27500,132
70734162,LL22150204M,9.82091E+14,1707,2022/11/9 9:11,285,0,24000,69
70732905,LL22141101M,9.82091E+14,1707,2022/11/9 9:16,477,0,27000,146
70721340,LL22144904M,9.82091E+14,1707,2022/11/9 9:24,454,0,36000,76
70734119,LL22150501M,9.82091E+14,1707,2022/11/9 9:32,197,0,27500,47
70739179,LL22133202M,699b78b7-0c70-4ae2-ab86-2d616dd829b8,1707,2022/11/9 9:35,623,0,37000,248
70734891,LL22149402M,9.82091E+14,1707,2022/11/9 9:52,480,0,39000,200
70734876,LL22153804M,9.82091E+14,1707,2022/11/9 10:01,1521,0,29000,411
70739142,LL22150005M,9.82091E+14,1707,2022/11/9 10:31,1032,0,25500,234
70734848,LL22148404M,9.82091E+14,1707,2022/11/9 10:50,660,0,33000,283
70721340,LL22144904M,9.82091E+14,1707,2022/11/9 11:03,366,0,50000,156
70732905,LL22141101M,9.82091E+14,1707,2022/11/9 11:09,52,0,,11
70732905,LL22141101M,9.82091E+14,1707,2022/11/9 11:11,523,0,58000,190
70734154,LL22150506M,9.82091E+14,1707,2022/11/9 11:20,1231,0,32000,262
70734852,LL22148101M,9.82091E+14,1707,2022/11/9 11:42,111,0,47750,37
70734162,LL22150204M,9.82091E+14,1707,2022/11/9 11:44,65,0,47500,18
70734852,LL22148101M,9.82091E+14,1707,2022/11/9 11:45,3,0,,10
70734162,LL22150204M,9.82091E+14,1707,2022/11/9 11:45,218,0,24500,87
70721340,LL22144904M,9.82091E+14,1707,2022/11/9 11:49,306,0,36000,101
70734162,LL22150204M,9.82091E+14,1707,2022/11/9 11:54,377,0,24000,82
70734852,LL22148101M,9.82091E+14,1707,2022/11/9 12:02,619,0,53000,158
70734891,LL22149402M,9.82091E+14,1707,2022/11/9 12:12,158,0,52000,6
70739179,LL22133202M,699b78b7-0c70-4ae2-ab86-2d616dd829b8,1707,2022/11/9 12:15,783,0,37500,293
70734162,LL22150204M,9.82091E+14,1707,2022/11/9 12:29,391,0,38000,69
70734119,LL22150501M,9.82091E+14,1707,2022/11/9 12:35,217,0,54000,85
70734891,LL22149402M,9.82091E+14,1707,2022/11/9 12:39,556,0,54000,159
70734119,LL22150501M,9.82091E+14,1707,2022/11/9 12:48,457,0,28000,187
70734162,LL22150204M,9.82091E+14,1707,2022/11/9 12:56,498,0,25000,109
70739142,LL22150005M,9.82091E+14,1707,2022/11/9 13:04,783,0,25500,74
70734852,LL22148101M,9.82091E+14,1707,2022/11/9 13:19,932,0,42500,257
70734876,LL22153804M,9.82091E+14,1707,2022/11/9 13:35,1037,0,30000,215
70734119,LL22150501M,9.82091E+14,1707,2022/11/9 13:52,275,0,28000,84
70739179,LL22133202M,699b78b7-0c70-4ae2-ab86-2d616dd829b8,1707,2022/11/9 13:57,476,0,38000,263
70734848,LL22148404M,9.82091E+14,1707,2022/11/9 14:05,502,0,33500,186
70734162,LL22150204M,9.82091E+14,1707,2022/11/9 14:13,465,0,25000,103
70739179,LL22133202M,699b78b7-0c70-4ae2-ab86-2d616dd829b8,1707,2022/11/9 14:22,378,0,38000,102
70734119,LL22150501M,9.82091E+14,1707,2022/11/9 14:29,290,0,28000,111
70734876,LL22153804M,9.82091E+14,1707,2022/11/9 14:35,175,0,52500,39
70734154,LL22150506M,9.82091E+14,1707,2022/11/9 14:38,1268,0,59500,425
70734891,LL22149402M,9.82091E+14,1707,2022/11/9 15:08,927,0,28500,318
70721340,LL22144904M,9.82091E+14,1707,2022/11/9 15:24,548,0,36000,283
70734162,LL22150204M,9.82091E+14,1707,2022/11/9 15:33,76,0,25000,11
70721340,LL22144904M,9.82091E+14,1707,2022/11/9 15:35,325,0,36000,42
70739142,LL22150005M,9.82091E+14,1707,2022/11/9 15:41,469,0,26000,41
70739179,LL22133202M,699b78b7-0c70-4ae2-ab86-2d616dd829b8,1707,2022/11/9 15:50,17,0,,1
70739142,LL22150005M,9.82091E+14,1707,2022/11/9 15:52,210,0,26000,18
70734891,LL22149402M,9.82091E+14,1707,2022/11/9 15:56,404,0,28000,56
70739179,LL22133202M,699b78b7-0c70-4ae2-ab86-2d616dd829b8,1707,2022/11/9 16:05,86,0,37500,32
70734119,LL22150501M,9.82091E+14,1707,2022/11/9 16:07,233,0,28500,94
70734852,LL22148101M,9.82091E+14,1707,2022/11/9 16:11,557,0,26500,152
70739179,LL22133202M,699b78b7-0c70-4ae2-ab86-2d616dd829b8,1707,2022/11/9 16:21,279,0,37500,71
70739142,LL22150005M,9.82091E+14,1707,2022/11/9 16:26,53,0,,2
70739142,LL22150005M,9.82091E+14,1707,2022/11/9 16:27,98,0,50500,17
70732905,LL22141101M,9.82091E+14,1707,2022/11/9 16:29,379,0,23500,50
70734848,LL22148404M,9.82091E+14,1707,2022/11/9 16:35,624,0,33500,353
70734876,LL22153804M,9.82091E+14,1707,2022/11/9 17:00,1100,0,29500,342
70721340,LL22144904M,9.82091E+14,1707,2022/11/9 17:20,482,0,36500,108
70739142,LL22150005M,9.82091E+14,1707,2022/11/9 17:28,418,0,25500,87
70734876,LL22153804M,9.82091E+14,1707,2022/11/9 17:36,433,0,30000,49
70734891,LL22149402M,9.82091E+14,1707,2022/11/9 17:45,457,0,28500,35
70732905,LL22141101M,9.82091E+14,1707,2022/11/9 18:00,193,0,27500,81
70732905,LL22141101M,9.82091E+14,1707,2022/11/9 18:06,240,0,31250,199
70734891,LL22149402M,9.82091E+14,1707,2022/11/9 18:13,295,0,28500,68
70734876,LL22153804M,9.82091E+14,1707,2022/11/9 18:54,520,0,30500,77
70739142,LL22150005M,9.82091E+14,1707,2022/11/9 19:03,391,0,25500,83
70734162,LL22150204M,9.82091E+14,1707,2022/11/9 19:10,133,0,25500,13
70734162,LL22150204M,9.82091E+14,1707,2022/11/9 19:24,351,0,25000,129
70734119,LL22150501M,9.82091E+14,1707,2022/11/9 19:35,142,0,28500,36
70734852,LL22148101M,9.82091E+14,1707,2022/11/9 19:38,481,0,27000,150
70721340,LL22144904M,9.82091E+14,1707,2022/11/9 19:47,451,0,36500,140
70734848,LL22148404M,9.82091E+14,1707,2022/11/9 19:55,360,0,34000,92
70734848,LL22148404M,9.82091E+14,1707,2022/11/9 20:09,389,0,34000,255
70734891,LL22149402M,9.82091E+14,1707,2022/11/9 20:15,345,0,28500,120
70721340,LL22144904M,9.82091E+14,1707,2022/11/9 20:44,459,0,36500,290
70732905,LL22141101M,9.82091E+14,1707,2022/11/9 21:36,287,0,24500,85
70734154,LL22150506M,9.82091E+14,1707,2022/11/9 22:05,219,0,32500,52
70732905,LL22141101M,9.82091E+14,1707,2022/11/9 22:28,155,0,46000,34
70734119,LL22150501M,9.82091E+14,1707,2022/11/9 22:30,466,0,28500,152
70734891,LL22149402M,9.82091E+14,1707,2022/11/9 22:38,190,0,45750,26
70734891,LL22149402M,9.82091E+14,1707,2022/11/9 22:42,57,0,,6
70732905,LL22141101M,9.82091E+14,1707,2022/11/9 22:43,641,0,27500,175
70734876,LL22153804M,9.82091E+14,1707,2022/11/9 22:54,743,0,31000,180
70732905,LL22141101M,9.82091E+14,1707,2022/11/9 23:10,363,0,27250,87
70739179,LL22133202M,699b78b7-0c70-4ae2-ab86-2d616dd829b8,1707,2022/11/9 23:43,341,0,37500,159
70739142,LL22150005M,9.82091E+14,1707,2022/11/10 0:33,656,0,26000,168
70734162,LL22150204M,9.82091E+14,1707,2022/11/10 0:46,145,0,25000,16
70739179,LL22133202M,699b78b7-0c70-4ae2-ab86-2d616dd829b8,1707,2022/11/10 1:39,122,0,37000,17
70734891,LL22149402M,9.82091E+14,1707,2022/11/10 1:46,57,0,,11
70734891,LL22149402M,9.82091E+14,1707,2022/11/10 1:47,245,0,41000,49
70734162,LL22150204M,9.82091E+14,1707,2022/11/10 1:51,619,0,26000,292
70721340,LL22144904M,9.82091E+14,1707,2022/11/10 2:01,426,0,36500,147
70732905,LL22141101M,9.82091E+14,1707,2022/11/10 2:09,268,0,28000,33
70734119,LL22150501M,9.82091E+14,1707,2022/11/10 2:15,173,0,28000,48
70721340,LL22144904M,9.82091E+14,1707,2022/11/10 2:20,314,0,37000,137
70734154,LL22150506M,9.82091E+14,1707,2022/11/10 2:26,271,0,32500,97
70734119,LL22150501M,9.82091E+14,1707,2022/11/10 2:34,241,0,28500,77
70734119,LL22150501M,9.82091E+14,1707,2022/11/10 2:53,155,0,28500,49
70734876,LL22153804M,9.82091E+14,1707,2022/11/10 4:20,514,0,30500,100
70739179,LL22133202M,699b78b7-0c70-4ae2-ab86-2d616dd829b8,1707,2022/11/10 4:31,438,0,37500,231
70734848,LL22148404M,9.82091E+14,1707,2022/11/10 5:12,297,0,34000,165
70734852,LL22148101M,9.82091E+14,1707,2022/11/10 5:19,666,0,26500,147
70734162,LL22150204M,9.82091E+14,1707,2022/11/10 5:32,19,0,,1
70734891,LL22149402M,9.82091E+14,1707,2022/11/10 5:33,499,0,28500,110
70732905,LL22141101M,9.82091E+14,1707,2022/11/10 6:08,540,0,27500,162
70739142,LL22150005M,9.82091E+14,1707,2022/11/10 6:17,176,0,41500,7
70739142,LL22150005M,9.82091E+14,1707,2022/11/10 6:21,102,0,42500,88
70734876,LL22153804M,9.82091E+14,1707,2022/11/10 6:23,679,0,30000,168
70734162,LL22150204M,9.82091E+14,1707,2022/11/10 6:36,520,0,25000,191
70734154,LL22150506M,9.82091E+14,1707,2022/11/10 6:47,812,0,32000,229
70739142,LL22150005M,9.82091E+14,1707,2022/11/10 7:01,871,0,25500,113
70721340,LL22144904M,9.82091E+14,1707,2022/11/10 7:17,551,0,36000,280
70734848,LL22148404M,9.82091E+14,1707,2022/11/10 7:46,414,0,33500,162
70739179,LL22133202M,699b78b7-0c70-4ae2-ab86-2d616dd829b8,1707,2022/11/10 7:54,121,0,50000,31
70739142,LL22150005M,9.82091E+14,1707,2022/11/10 7:56,341,0,26000,39
70739142,LL22150005M,9.82091E+14,1707,2022/11/10 8:04,488,0,26000,130
70734891,LL22149402M,9.82091E+14,1707,2022/11/10 8:12,207,0,28500,77
70734162,LL22150204M,9.82091E+14,1707,2022/11/10 8:16,17,0,,4
70734891,LL22149402M,9.82091E+14,1707,2022/11/10 8:16,299,0,28500,79
70739179,LL22133202M,699b78b7-0c70-4ae2-ab86-2d616dd829b8,1707,2022/11/10 8:23,341,0,55500,102
70732905,LL22141101M,9.82091E+14,1707,2022/11/10 8:29,113,0,27500,21
70734119,LL22150501M,9.82091E+14,1707,2022/11/10 8:31,29,0,,7
70734876,LL22153804M,9.82091E+14,1707,2022/11/10 8:32,420,0,35750,74
70734162,LL22150204M,9.82091E+14,1707,2022/11/10 8:39,157,0,24500,14
70734154,LL22150506M,9.82091E+14,1707,2022/11/10 8:42,558,0,33000,154
70732905,LL22141101M,9.82091E+14,1707,2022/11/10 8:52,524,0,28000,168
70734852,LL22148101M,9.82091E+14,1707,2022/11/10 9:10,1118,0,26000,243
70734876,LL22153804M,9.82091E+14,1707,2022/11/10 9:29,433,0,30500,149
70734162,LL22150204M,9.82091E+14,1707,2022/11/10 9:37,299,0,52000,112
70734119,LL22150501M,9.82091E+14,1707,2022/11/10 9:42,175,0,28500,53
70734119,LL22150501M,9.82091E+14,1707,2022/11/10 9:45,28,0,,11
70734162,LL22150204M,9.82091E+14,1707,2022/11/10 9:45,280,0,25000,71
70739179,LL22133202M,699b78b7-0c70-4ae2-ab86-2d616dd829b8,1707,2022/11/10 9:50,263,0,37500,54
70734848,LL22148404M,9.82091E+14,1707,2022/11/10 9:55,769,0,33500,353
70739142,LL22150005M,9.82091E+14,1707,2022/11/10 10:08,498,0,26500,100
70739179,LL22133202M,699b78b7-0c70-4ae2-ab86-2d616dd829b8,1707,2022/11/10 10:17,167,0,37500,39
70721340,LL22144904M,9.82091E+14,1707,2022/11/10 10:21,561,0,36500,261
70739179,LL22133202M,699b78b7-0c70-4ae2-ab86-2d616dd829b8,1707,2022/11/10 10:32,250,0,38000,115
70734119,LL22150501M,9.82091E+14,1707,2022/11/10 10:38,583,0,28500,177
70734162,LL22150204M,9.82091E+14,1707,2022/11/10 10:48,406,0,25500,108
70734119,LL22150501M,9.82091E+14,1707,2022/11/10 10:55,135,0,44000,48
70732905,LL22141101M,9.82091E+14,1707,2022/11/10 10:57,781,0,28000,205
70734119,LL22150501M,9.82091E+14,1707,2022/11/10 11:11,251,0,28500,66
70734162,LL22150204M,9.82091E+14,1707,2022/11/10 11:15,109,0,25000,12
70739142,LL22150005M,9.82091E+14,1707,2022/11/10 11:17,435,0,27000,76
70734852,LL22148101M,9.82091E+14,1707,2022/11/10 11:30,496,0,53500,276
70734891,LL22149402M,9.82091E+14,1707,2022/11/10 11:38,473,0,57000,117
70734876,LL22153804M,9.82091E+14,1707,2022/11/10 11:46,1174,0,30500,297
70734891,LL22149402M,9.82091E+14,1707,2022/11/10 12:06,746,0,28500,171
70721340,LL22144904M,9.82091E+14,1707,2022/11/10 12:19,473,0,36500,83
70734162,LL22150204M,9.82091E+14,1707,2022/11/10 12:27,731,0,25500,251
70734848,LL22148404M,9.82091E+14,1707,2022/11/10 12:40,287,0,70500,108
70739179,LL22133202M,699b78b7-0c70-4ae2-ab86-2d616dd829b8,1707,2022/11/10 12:45,349,0,37500,70
70734891,LL22149402M,9.82091E+14,1707,2022/11/10 12:52,127,0,28500,3
70734119,LL22150501M,9.82091E+14,1707,2022/11/10 12:58,578,0,28500,176
70734891,LL22149402M,9.82091E+14,1707,2022/11/10 13:12,42,0,,1
70739179,LL22133202M,699b78b7-0c70-4ae2-ab86-2d616dd829b8,1707,2022/11/10 13:15,358,0,37500,110
70739142,LL22150005M,9.82091E+14,1707,2022/11/10 13:36,338,0,27000,73
70734154,LL22150506M,9.82091E+14,1707,2022/11/10 13:41,1203,0,32500,211
70734154,LL22150506M,9.82091E+14,1707,2022/11/10 14:02,47,0,,5
70734162,LL22150204M,9.82091E+14,1707,2022/11/10 14:02,182,0,25500,6
70734119,LL22150501M,9.82091E+14,1707,2022/11/10 14:06,223,0,48750,61
70734162,LL22150204M,9.82091E+14,1707,2022/11/10 14:10,2,0,,2
70734162,LL22150204M,9.82091E+14,1707,2022/11/10 14:10,364,0,43750,155
70721340,LL22144904M,9.82091E+14,1707,2022/11/10 14:16,542,0,37000,179
70734852,LL22148101M,9.82091E+14,1707,2022/11/10 14:25,648,0,27000,141
70734162,LL22150204M,9.82091E+14,1707,2022/11/10 14:36,345,0,26000,107
70734154,LL22150506M,9.82091E+14,1707,2022/11/10 14:42,403,0,58000,158
70739179,LL22133202M,699b78b7-0c70-4ae2-ab86-2d616dd829b8,1707,2022/11/10 14:49,436,0,38500,88
70739142,LL22150005M,9.82091E+14,1707,2022/11/10 14:57,1007,0,27000,108
70734852,LL22148101M,9.82091E+14,1707,2022/11/10 15:14,343,0,44000,75
70721340,LL22144904M,9.82091E+14,1707,2022/11/10 15:20,387,0,37000,239
70732905,LL22141101M,9.82091E+14,1707,2022/11/10 15:26,342,0,28500,66
70734848,LL22148404M,9.82091E+14,1707,2022/11/10 15:32,429,0,34500,160
70734162,LL22150204M,9.82091E+14,1707,2022/11/10 15:39,4,0,,8
70734848,LL22148404M,9.82091E+14,1707,2022/11/10 15:39,338,0,34500,200
70734162,LL22150204M,9.82091E+14,1707,2022/11/10 15:48,217,0,26000,53
70739142,LL22150005M,9.82091E+14,1707,2022/11/10 15:53,858,0,27000,163
70734876,LL22153804M,9.82091E+14,1707,2022/11/10 16:08,1630,0,31000,341
70739142,LL22150005M,9.82091E+14,1707,2022/11/10 16:36,285,0,27000,46
70739179,LL22133202M,699b78b7-0c70-4ae2-ab86-2d616dd829b8,1707,2022/11/10 16:40,181,0,38000,53
70734154,LL22150506M,9.82091E+14,1707,2022/11/10 16:44,562,0,33000,88
70734891,LL22149402M,9.82091E+14,1707,2022/11/10 16:55,436,0,28500,76
70739179,LL22133202M,699b78b7-0c70-4ae2-ab86-2d616dd829b8,1707,2022/11/10 17:02,469,0,38000,238
70734891,LL22149402M,9.82091E+14,1707,2022/11/10 17:13,173,0,28500,1
70732905,LL22141101M,9.82091E+14,1707,2022/11/10 17:41,817,0,28000,263
70734876,LL22153804M,9.82091E+14,1707,2022/11/10 17:55,650,0,31500,199
70734154,LL22150506M,9.82091E+14,1707,2022/11/10 18:06,139,0,33000,46
70734852,LL22148101M,9.82091E+14,1707,2022/11/10 18:18,358,0,27000,91
70734876,LL22153804M,9.82091E+14,1707,2022/11/10 18:43,582,0,32000,166
70734119,LL22150501M,9.82091E+14,1707,2022/11/10 18:53,205,0,29000,79
70734891,LL22149402M,9.82091E+14,1707,2022/11/10 18:57,642,0,28000,92
70734848,LL22148404M,9.82091E+14,1707,2022/11/10 19:10,456,0,35000,168
70734119,LL22150501M,9.82091E+14,1707,2022/11/10 19:18,474,0,29000,149
70734848,LL22148404M,9.82091E+14,1707,2022/11/10 19:28,295,0,34500,181
70734119,LL22150501M,9.82091E+14,1707,2022/11/10 19:34,150,0,29000,65
70734848,LL22148404M,9.82091E+14,1707,2022/11/10 19:39,50,0,,1
70734119,LL22150501M,9.82091E+14,1707,2022/11/10 19:41,59,0,,26
70734848,LL22148404M,9.82091E+14,1707,2022/11/10 19:46,109,0,35000,23
70734848,LL22148404M,9.82091E+14,1707,2022/11/10 19:51,79,0,35000,4
70734119,LL22150501M,9.82091E+14,1707,2022/11/10 20:00,111,0,29000,31
70734848,LL22148404M,9.82091E+14,1707,2022/11/10 20:02,82,0,35000,1
70734154,LL22150506M,9.82091E+14,1707,2022/11/10 20:06,277,0,33000,117
70721340,LL22144904M,9.82091E+14,1707,2022/11/10 20:13,444,0,37000,239
70734154,LL22150506M,9.82091E+14,1707,2022/11/10 21:36,290,0,33000,86
70739179,LL22133202M,699b78b7-0c70-4ae2-ab86-2d616dd829b8,1707,2022/11/10 21:42,215,0,54000,59
70739142,LL22150005M,9.82091E+14,1707,2022/11/10 21:46,620,0,44500,94
70734848,LL22148404M,9.82091E+14,1707,2022/11/10 21:58,271,0,35500,133
70739179,LL22133202M,699b78b7-0c70-4ae2-ab86-2d616dd829b8,1707,2022/11/10 22:43,325,0,38500,170
70734162,LL22150204M,9.82091E+14,1707,2022/11/10 22:51,260,0,45500,55
70732905,LL22141101M,9.82091E+14,1707,2022/11/10 22:55,280,0,51000,53
70739142,LL22150005M,9.82091E+14,1707,2022/11/10 23:00,66,0,42000,7
70734852,LL22148101M,9.82091E+14,1707,2022/11/10 23:01,279,0,46500,93
70734891,LL22149402M,9.82091E+14,1707,2022/11/10 23:06,124,0,42500,34
70734891,LL22149402M,9.82091E+14,1707,2022/11/10 23:08,28,0,,22
70734154,LL22150506M,9.82091E+14,1707,2022/11/10 23:09,22,0,,12
70734891,LL22149402M,9.82091E+14,1707,2022/11/10 23:09,37,0,,16
70734154,LL22150506M,9.82091E+14,1707,2022/11/10 23:10,7,0,,9
70734891,LL22149402M,9.82091E+14,1707,2022/11/10 23:10,151,0,60250,29
70732905,LL22141101M,9.82091E+14,1707,2022/11/10 23:16,622,0,24000,142
70734162,LL22150204M,9.82091E+14,1707,2022/11/10 23:30,224,0,26000,44
70734154,LL22150506M,9.82091E+14,1707,2022/11/10 23:34,430,0,33000,132
70734852,LL22148101M,9.82091E+14,1707,2022/11/10 23:42,624,0,27000,177
70721340,LL22144904M,9.82091E+14,1707,2022/11/10 23:53,557,0,37500,250
70734162,LL22150204M,9.82091E+14,1707,2022/11/11 0:05,206,0,26000,81
70732905,LL22141101M,9.82091E+14,1707,2022/11/11 1:33,435,0,28000,127
70734891,LL22149402M,9.82091E+14,1707,2022/11/11 1:40,313,0,57000,111
70734119,LL22150501M,9.82091E+14,1707,2022/11/11 1:46,785,0,29500,226
70734876,LL22153804M,9.82091E+14,1707,2022/11/11 1:59,643,0,31500,66
70734154,LL22150506M,9.82091E+14,1707,2022/11/11 2:11,170,0,33000,33
70721340,LL22144904M,9.82091E+14,1707,2022/11/11 2:15,411,0,53000,206
70739142,LL22150005M,9.82091E+14,1707,2022/11/11 2:22,1172,0,27000,267
70739179,LL22133202M,699b78b7-0c70-4ae2-ab86-2d616dd829b8,1707,2022/11/11 3:00,401,0,38500,237
70734162,LL22150204M,9.82091E+14,1707,2022/11/11 3:24,295,0,25500,132
70734848,LL22148404M,9.82091E+14,1707,2022/11/11 4:28,439,0,35500,245
70739179,LL22133202M,699b78b7-0c70-4ae2-ab86-2d616dd829b8,1707,2022/11/11 4:38,285,0,39000,129
70734154,LL22150506M,9.82091E+14,1707,2022/11/11 4:54,628,0,48500,177
70734852,LL22148101M,9.82091E+14,1707,2022/11/11 5:04,696,0,46000,168
70732905,LL22141101M,9.82091E+14,1707,2022/11/11 5:16,672,0,28000,172
70739142,LL22150005M,9.82091E+14,1707,2022/11/11 6:03,672,0,26500,183
70721340,LL22144904M,9.82091E+14,1707,2022/11/11 6:39,455,0,36500,234
70734162,LL22150204M,9.82091E+14,1707,2022/11/11 6:50,273,0,25500,102
70734876,LL22153804M,9.82091E+14,1707,2022/11/11 6:55,324,0,31000,73
70734154,LL22150506M,9.82091E+14,1707,2022/11/11 7:01,154,0,32500,45
70734162,LL22150204M,9.82091E+14,1707,2022/11/11 7:10,310,0,25500,124
70734891,LL22149402M,9.82091E+14,1707,2022/11/11 7:16,404,0,28500,166
70739179,LL22133202M,699b78b7-0c70-4ae2-ab86-2d616dd829b8,1707,2022/11/11 7:32,316,0,38000,125
70734848,LL22148404M,9.82091E+14,1707,2022/11/11 7:39,373,0,35000,110
70739142,LL22150005M,9.82091E+14,1707,2022/11/11 7:46,503,0,26500,55
70739142,LL22150005M,9.82091E+14,1707,2022/11/11 7:56,424,0,27000,118
70734119,LL22150501M,9.82091E+14,1707,2022/11/11 8:03,568,0,29000,184
70734848,LL22148404M,9.82091E+14,1707,2022/11/11 8:16,298,0,35000,109
70732905,LL22141101M,9.82091E+14,1707,2022/11/11 8:23,262,0,27500,41
70734154,LL22150506M,9.82091E+14,1707,2022/11/11 8:28,360,0,32500,86
70734154,LL22150506M,9.82091E+14,1707,2022/11/11 8:36,407,0,33000,142
70734876,LL22153804M,9.82091E+14,1707,2022/11/11 8:43,690,0,31000,164
70734852,LL22148101M,9.82091E+14,1707,2022/11/11 8:55,193,0,27000,43
70734852,LL22148101M,9.82091E+14,1707,2022/11/11 8:58,444,0,53000,39
70732905,LL22141101M,9.82091E+14,1707,2022/11/11 9:06,1355,0,28500,412
70721340,LL22144904M,9.82091E+14,1707,2022/11/11 9:28,695,0,37000,205
70732905,LL22141101M,9.82091E+14,1707,2022/11/11 9:45,435,0,28500,90
70734162,LL22150204M,9.82091E+14,1707,2022/11/11 9:52,455,0,62500,157
70739179,LL22133202M,699b78b7-0c70-4ae2-ab86-2d616dd829b8,1707,2022/11/11 10:00,395,0,63500,155
70739142,LL22150005M,9.82091E+14,1707,2022/11/11 10:08,909,0,27000,146
70739142,LL22150005M,9.82091E+14,1707,2022/11/11 10:24,252,0,27500,117
70734891,LL22149402M,9.82091E+14,1707,2022/11/11 10:28,215,0,28500,39
70734852,LL22148101M,9.82091E+14,1707,2022/11/11 10:34,907,0,27500,242
70734162,LL22150204M,9.82091E+14,1707,2022/11/11 10:50,117,0,25500,4
70734876,LL22153804M,9.82091E+14,1707,2022/11/11 10:52,314,0,30500,43
70734119,LL22150501M,9.82091E+14,1707,2022/11/11 10:58,424,0,29000,128
70734162,LL22150204M,9.82091E+14,1707,2022/11/11 11:05,370,0,25500,116
70734119,LL22150501M,9.82091E+14,1707,2022/11/11 11:11,310,0,29000,111
70734891,LL22149402M,9.82091E+14,1707,2022/11/11 11:17,348,0,28500,65
70721340,LL22144904M,9.82091E+14,1707,2022/11/11 11:23,850,0,37000,352
70739142,LL22150005M,9.82091E+14,1707,2022/11/11 11:39,452,0,28000,97
70739179,LL22133202M,699b78b7-0c70-4ae2-ab86-2d616dd829b8,1707,2022/11/11 11:46,668,0,38500,159
70734154,LL22150506M,9.82091E+14,1707,2022/11/11 11:57,634,0,33500,245
70734876,LL22153804M,9.82091E+14,1707,2022/11/11 12:09,656,0,31500,136
70734891,LL22149402M,9.82091E+14,1707,2022/11/11 12:20,361,0,45000,60
70734848,LL22148404M,9.82091E+14,1707,2022/11/11 12:26,750,0,35000,355
70734162,LL22150204M,9.82091E+14,1707,2022/11/11 12:39,556,0,26500,116
70734891,LL22149402M,9.82091E+14,1707,2022/11/11 12:49,430,0,28500,91
70734162,LL22150204M,9.82091E+14,1707,2022/11/11 12:56,745,0,26500,157
70739142,LL22150005M,9.82091E+14,1707,2022/11/11 13:09,146,0,28000,40
70739179,LL22133202M,699b78b7-0c70-4ae2-ab86-2d616dd829b8,1707,2022/11/11 13:11,482,0,39000,196
70734891,LL22149402M,9.82091E+14,1707,2022/11/11 13:19,310,0,28500,52
70734119,LL22150501M,9.82091E+14,1707,2022/11/11 13:24,507,0,29500,131
70734852,LL22148101M,9.82091E+14,1707,2022/11/11 13:33,1391,0,40000,360
70732905,LL22141101M,9.82091E+14,1707,2022/11/11 13:56,772,0,28500,212
70721340,LL22144904M,9.82091E+14,1707,2022/11/11 14:10,443,0,48500,237
70734891,LL22149402M,9.82091E+14,1707,2022/11/11 14:17,444,0,29000,84
70739179,LL22133202M,699b78b7-0c70-4ae2-ab86-2d616dd829b8,1707,2022/11/11 14:25,477,0,39000,221
70734876,LL22153804M,9.82091E+14,1707,2022/11/11 14:33,1196,0,31000,249
70734119,LL22150501M,9.82091E+14,1707,2022/11/11 14:54,179,0,42000,65
70739142,LL22150005M,9.82091E+14,1707,2022/11/11 14:57,945,0,27500,274
70734162,LL22150204M,9.82091E+14,1707,2022/11/11 15:13,266,0,55000,66
70734162,LL22150204M,9.82091E+14,1707,2022/11/11 15:18,129,0,54500,34
70734891,LL22149402M,9.82091E+14,1707,2022/11/11 15:20,151,0,29500,53
70734891,LL22149402M,9.82091E+14,1707,2022/11/11 15:22,656,0,29000,176
70734119,LL22150501M,9.82091E+14,1707,2022/11/11 15:35,462,0,29500,192
70739179,LL22133202M,699b78b7-0c70-4ae2-ab86-2d616dd829b8,1707,2022/11/11 15:50,249,0,39500,79
70739179,LL22133202M,699b78b7-0c70-4ae2-ab86-2d616dd829b8,1707,2022/11/11 15:56,94,0,38500,17
70734154,LL22150506M,9.82091E+14,1707,2022/11/11 16:26,405,0,33500,186
70734848,LL22148404M,9.82091E+14,1707,2022/11/11 16:34,543,0,36000,319
70721340,LL22144904M,9.82091E+14,1707,2022/11/11 16:44,262,0,38000,66
70721340,LL22144904M,9.82091E+14,1707,2022/11/11 16:51,56,0,,6
70739179,LL22133202M,699b78b7-0c70-4ae2-ab86-2d616dd829b8,1707,2022/11/11 16:53,95,0,39000,13
70739142,LL22150005M,9.82091E+14,1707,2022/11/11 16:56,245,0,28500,26
70734891,LL22149402M,9.82091E+14,1707,2022/11/11 17:00,415,0,56500,173
70739142,LL22150005M,9.82091E+14,1707,2022/11/11 17:07,488,0,28500,145
70734154,LL22150506M,9.82091E+14,1707,2022/11/11 17:15,317,0,33500,91
70721340,LL22144904M,9.82091E+14,1707,2022/11/11 17:21,339,0,38000,67
70734162,LL22150204M,9.82091E+14,1707,2022/11/11 17:28,365,0,27000,36
70734876,LL22153804M,9.82091E+14,1707,2022/11/11 17:34,676,0,31000,193
70734162,LL22150204M,9.82091E+14,1707,2022/11/11 17:46,328,0,26500,127
70734119,LL22150501M,9.82091E+14,1707,2022/11/11 17:52,132,0,30000,45
70721340,LL22144904M,9.82091E+14,1707,2022/11/11 17:55,421,0,37500,111
70734891,LL22149402M,9.82091E+14,1707,2022/11/11 18:03,71,0,29500,1
70734119,LL22150501M,9.82091E+14,1707,2022/11/11 18:05,131,0,30000,58
70734848,LL22148404M,9.82091E+14,1707,2022/11/11 18:11,355,0,35500,173
70734891,LL22149402M,9.82091E+14,1707,2022/11/11 18:26,33,0,,1
70739179,LL22133202M,699b78b7-0c70-4ae2-ab86-2d616dd829b8,1707,2022/11/11 18:27,296,0,39000,146
70734876,LL22153804M,9.82091E+14,1707,2022/11/11 19:29,707,0,32000,218
70734119,LL22150501M,9.82091E+14,1707,2022/11/11 19:41,259,0,30000,117
70739179,LL22133202M,699b78b7-0c70-4ae2-ab86-2d616dd829b8,1707,2022/11/11 19:45,132,0,38500,36
70734119,LL22150501M,9.82091E+14,1707,2022/11/11 19:47,150,0,29500,56
70739179,LL22133202M,699b78b7-0c70-4ae2-ab86-2d616dd829b8,1707,2022/11/11 19:51,11,0,,1
70732905,LL22141101M,9.82091E+14,1707,2022/11/11 19:52,115,0,28000,12
70734852,LL22148101M,9.82091E+14,1707,2022/11/11 19:54,670,0,28000,202
70734848,LL22148404M,9.82091E+14,1707,2022/11/11 20:39,370,0,36000,230
70734876,LL22153804M,9.82091E+14,1707,2022/11/11 21:09,97,0,32000,13
70734876,LL22153804M,9.82091E+14,1707,2022/11/11 21:15,38,0,,7
70721340,LL22144904M,9.82091E+14,1707,2022/11/11 21:54,329,0,37500,151
70734891,LL22149402M,9.82091E+14,1707,2022/11/11 22:08,327,0,29500,124
70734848,LL22148404M,9.82091E+14,1707,2022/11/11 22:23,154,0,36000,66
70734154,LL22150506M,9.82091E+14,1707,2022/11/11 22:30,243,0,33000,84
70734891,LL22149402M,9.82091E+14,1707,2022/11/11 22:42,15,0,,1
70732905,LL22141101M,9.82091E+14,1707,2022/11/11 23:15,820,0,28000,229
70734876,LL22153804M,9.82091E+14,1707,2022/11/11 23:32,829,0,32000,249
70734891,LL22149402M,9.82091E+14,1707,2022/11/11 23:46,258,0,61000,48
70734162,LL22150204M,9.82091E+14,1707,2022/11/11 23:51,317,0,27000,77
70721340,LL22144904M,9.82091E+14,1707,2022/11/12 0:12,485,0,38000,110
70739179,LL22133202M,699b78b7-0c70-4ae2-ab86-2d616dd829b8,1707,2022/11/12 0:42,546,0,39000,304
70734848,LL22148404M,9.82091E+14,1707,2022/11/12 0:53,173,0,36000,69
70734876,LL22153804M,9.82091E+14,1707,2022/11/12 0:57,294,0,32000,46
70734119,LL22150501M,9.82091E+14,1707,2022/11/12 1:30,239,0,29500,65
70721340,LL22144904M,9.82091E+14,1707,2022/11/12 1:48,537,0,38000,273
70734154,LL22150506M,9.82091E+14,1707,2022/11/12 1:57,352,0,33500,109
70732905,LL22141101M,9.82091E+14,1707,2022/11/12 2:03,1255,0,28000,238
70739142,LL22150005M,9.82091E+14,1707,2022/11/12 2:26,910,0,58500,184
70739142,LL22150005M,9.82091E+14,1707,2022/11/12 2:41,9,0,,6
70734852,LL22148101M,9.82091E+14,1707,2022/11/12 2:41,763,0,28500,217
70732905,LL22141101M,9.82091E+14,1707,2022/11/12 2:54,319,0,28500,68
70739179,LL22133202M,699b78b7-0c70-4ae2-ab86-2d616dd829b8,1707,2022/11/12 3:01,205,0,39000,45
70734876,LL22153804M,9.82091E+14,1707,2022/11/12 3:05,633,0,31500,204
70734162,LL22150204M,9.82091E+14,1707,2022/11/12 3:23,302,0,26500,91
70734848,LL22148404M,9.82091E+14,1707,2022/11/12 4:21,355,0,36500,171
70739179,LL22133202M,699b78b7-0c70-4ae2-ab86-2d616dd829b8,1707,2022/11/12 5:05,369,0,41500,178
70734154,LL22150506M,9.82091E+14,1707,2022/11/12 5:12,397,0,33500,161
70721340,LL22144904M,9.82091E+14,1707,2022/11/12 5:19,303,0,38000,114
70734162,LL22150204M,9.82091E+14,1707,2022/11/12 5:31,352,0,26500,121
70732905,LL22141101M,9.82091E+14,1707,2022/11/12 5:38,526,0,51000,140
70734891,LL22149402M,9.82091E+14,1707,2022/11/12 5:47,664,0,29500,198
70732905,LL22141101M,9.82091E+14,1707,2022/11/12 6:11,460,0,25500,126
70739179,LL22133202M,699b78b7-0c70-4ae2-ab86-2d616dd829b8,1707,2022/11/12 6:49,406,0,39000,193
70739142,LL22150005M,9.82091E+14,1707,2022/11/12 6:58,275,0,28000,51
70739142,LL22150005M,9.82091E+14,1707,2022/11/12 7:14,31,0,,3
70734876,LL22153804M,9.82091E+14,1707,2022/11/12 7:17,982,0,32000,196
70739142,LL22150005M,9.82091E+14,1707,2022/11/12 7:35,366,0,27500,109
70734162,LL22150204M,9.82091E+14,1707,2022/11/12 7:41,331,0,26500,101
70721340,LL22144904M,9.82091E+14,1707,2022/11/12 7:47,465,0,66000,235
70734891,LL22149402M,9.82091E+14,1707,2022/11/12 7:55,543,0,29500,76
70734848,LL22148404M,9.82091E+14,1707,2022/11/12 8:18,406,0,67500,238
70734848,LL22148404M,9.82091E+14,1707,2022/11/12 8:26,4,0,,53
70734852,LL22148101M,9.82091E+14,1707,2022/11/12 8:26,971,0,43500,294
70734119,LL22150501M,9.82091E+14,1707,2022/11/12 8:42,124,0,42750,30
70732905,LL22141101M,9.82091E+14,1707,2022/11/12 8:45,909,0,29500,321
70739142,LL22150005M,9.82091E+14,1707,2022/11/12 9:19,464,0,45000,142
70739179,LL22133202M,699b78b7-0c70-4ae2-ab86-2d616dd829b8,1707,2022/11/12 9:26,404,0,67500,224
70734891,LL22149402M,9.82091E+14,1707,2022/11/12 9:33,537,0,29500,161
70734154,LL22150506M,9.82091E+14,1707,2022/11/12 9:42,1147,0,33500,347
70721340,LL22144904M,9.82091E+14,1707,2022/11/12 10:01,548,0,38000,221
70739142,LL22150005M,9.82091E+14,1707,2022/11/12 10:11,57,0,,11
70734119,LL22150501M,9.82091E+14,1707,2022/11/12 10:12,183,0,40500,83
70739142,LL22150005M,9.82091E+14,1707,2022/11/12 10:15,131,0,56000,58
70734119,LL22150501M,9.82091E+14,1707,2022/11/12 10:17,2,0,,1
70739142,LL22150005M,9.82091E+14,1707,2022/11/12 10:17,13,0,,3
70734119,LL22150501M,9.82091E+14,1707,2022/11/12 10:17,105,0,39000,57
70734162,LL22150204M,9.82091E+14,1707,2022/11/12 10:19,400,0,54000,174
70734119,LL22150501M,9.82091E+14,1707,2022/11/12 10:26,5,0,,10
70734162,LL22150204M,9.82091E+14,1707,2022/11/12 10:26,7,0,,1
70734119,LL22150501M,9.82091E+14,1707,2022/11/12 10:27,434,0,30000,185
70734162,LL22150204M,9.82091E+14,1707,2022/11/12 10:34,245,0,46000,78
70734876,LL22153804M,9.82091E+14,1707,2022/11/12 10:38,1086,0,32000,332
70734162,LL22150204M,9.82091E+14,1707,2022/11/12 10:57,31,0,,1
70732905,LL22141101M,9.82091E+14,1707,2022/11/12 10:58,304,0,29500,72
70734891,LL22149402M,9.82091E+14,1707,2022/11/12 11:03,554,0,30000,142
70739142,LL22150005M,9.82091E+14,1707,2022/11/12 11:12,780,0,28000,226
70721340,LL22144904M,9.82091E+14,1707,2022/11/12 11:26,165,0,38000,53
70734852,LL22148101M,9.82091E+14,1707,2022/11/12 11:36,582,0,28000,144
70732905,LL22141101M,9.82091E+14,1707,2022/11/12 11:46,680,0,53000,234
70739142,LL22150005M,9.82091E+14,1707,2022/11/12 11:58,206,0,28500,47
70739179,LL22133202M,699b78b7-0c70-4ae2-ab86-2d616dd829b8,1707,2022/11/12 12:01,248,0,68000,71
70734119,LL22150501M,9.82091E+14,1707,2022/11/12 12:05,474,0,30000,171
70734848,LL22148404M,9.82091E+14,1707,2022/11/12 12:13,538,0,35500,271
70721340,LL22144904M,9.82091E+14,1707,2022/11/12 12:22,966,0,38500,401
70734162,LL22150204M,9.82091E+14,1707,2022/11/12 13:03,212,0,26500,53
70739179,LL22133202M,699b78b7-0c70-4ae2-ab86-2d616dd829b8,1707,2022/11/12 13:06,413,0,39500,118
70734891,LL22149402M,9.82091E+14,1707,2022/11/12 13:13,736,0,30000,151
70739142,LL22150005M,9.82091E+14,1707,2022/11/12 13:26,672,0,29000,188
70734162,LL22150204M,9.82091E+14,1707,2022/11/12 13:38,211,0,26500,38
70739142,LL22150005M,9.82091E+14,1707,2022/11/12 13:42,208,0,29000,11
70739179,LL22133202M,699b78b7-0c70-4ae2-ab86-2d616dd829b8,1707,2022/11/12 13:48,328,0,40000,49
70734891,LL22149402M,9.82091E+14,1707,2022/11/12 13:54,176,0,30000,44
70734852,LL22148101M,9.82091E+14,1707,2022/11/12 13:57,917,0,28500,277
70721340,LL22144904M,9.82091E+14,1707,2022/11/12 14:13,390,0,39000,222
70734848,LL22148404M,9.82091E+14,1707,2022/11/12 14:20,272,0,36500,96
70739179,LL22133202M,699b78b7-0c70-4ae2-ab86-2d616dd829b8,1707,2022/11/12 14:26,126,0,40000,20
70734876,LL22153804M,9.82091E+14,1707,2022/11/12 14:28,992,0,58500,323
70734154,LL22150506M,9.82091E+14,1707,2022/11/12 14:45,1128,0,34000,278
70739179,LL22133202M,699b78b7-0c70-4ae2-ab86-2d616dd829b8,1707,2022/11/12 15:03,433,0,40000,181
70721340,LL22144904M,9.82091E+14,1707,2022/11/12 15:11,26,0,,7
70734162,LL22150204M,9.82091E+14,1707,2022/11/12 15:12,145,0,52000,30
70734119,LL22150501M,9.82091E+14,1707,2022/11/12 15:14,285,0,30000,135
70732905,LL22141101M,9.82091E+14,1707,2022/11/12 15:19,1080,0,29500,311
70734891,LL22149402M,9.82091E+14,1707,2022/11/12 15:37,663,0,30500,202
70734119,LL22150501M,9.82091E+14,1707,2022/11/12 15:50,461,0,58000,216
70739142,LL22150005M,9.82091E+14,1707,2022/11/12 15:58,216,0,29000,64
70734162,LL22150204M,9.82091E+14,1707,2022/11/12 16:01,205,0,27000,57
70734848,LL22148404M,9.82091E+14,1707,2022/11/12 16:06,411,0,36000,197
70739142,LL22150005M,9.82091E+14,1707,2022/11/12 16:14,412,0,28500,104
70734891,LL22149402M,9.82091E+14,1707,2022/11/12 16:25,120,0,30500,1
70721340,LL22144904M,9.82091E+14,1707,2022/11/12 16:27,185,0,39000,102
70734162,LL22150204M,9.82091E+14,1707,2022/11/12 16:31,120,0,27000,41
70734852,LL22148101M,9.82091E+14,1707,2022/11/12 16:33,218,0,28500,37
70734162,LL22150204M,9.82091E+14,1707,2022/11/12 16:38,10,0,,1
70734876,LL22153804M,9.82091E+14,1707,2022/11/12 16:43,412,0,32500,115
70734876,LL22153804M,9.82091E+14,1707,2022/11/12 16:57,65,0,32500,17
70739179,LL22133202M,699b78b7-0c70-4ae2-ab86-2d616dd829b8,1707,2022/11/12 16:58,308,0,39500,133
70734891,LL22149402M,9.82091E+14,1707,2022/11/12 17:05,344,0,30500,120
70739179,LL22133202M,699b78b7-0c70-4ae2-ab86-2d616dd829b8,1707,2022/11/12 17:15,247,0,40000,66
70734876,LL22153804M,9.82091E+14,1707,2022/11/12 17:22,28,0,,4
70734154,LL22150506M,9.82091E+14,1707,2022/11/12 17:42,588,0,33500,229
70734154,LL22150506M,9.82091E+14,1707,2022/11/12 17:56,171,0,34000,76
70734876,LL22153804M,9.82091E+14,1707,2022/11/12 17:59,256,0,33000,80
70734154,LL22150506M,9.82091E+14,1707,2022/11/12 18:17,116,0,34000,28
70734848,LL22148404M,9.82091E+14,1707,2022/11/12 18:21,397,0,36000,252
70734119,LL22150501M,9.82091E+14,1707,2022/11/12 18:50,127,0,30000,45
70734876,LL22153804M,9.82091E+14,1707,2022/11/12 19:08,624,0,33500,215
70721340,LL22144904M,9.82091E+14,1707,2022/11/12 19:27,307,0,39000,124
70734848,LL22148404M,9.82091E+14,1707,2022/11/12 19:36,115,0,36500,52
70734119,LL22150501M,9.82091E+14,1707,2022/11/12 19:42,212,0,30500,101
70739142,LL22150005M,9.82091E+14,1707,2022/11/12 19:54,546,0,28500,180
70734162,LL22150204M,9.82091E+14,1707,2022/11/12 20:04,154,0,26500,38
70734848,LL22148404M,9.82091E+14,1707,2022/11/12 20:22,285,0,36500,142
70739179,LL22133202M,699b78b7-0c70-4ae2-ab86-2d616dd829b8,1707,2022/11/12 20:42,101,0,40000,25
70734891,LL22149402M,9.82091E+14,1707,2022/11/12 20:47,513,0,30000,119
70734162,LL22150204M,9.82091E+14,1707,2022/11/12 21:00,119,0,26500,35
70734876,LL22153804M,9.82091E+14,1707,2022/11/12 21:39,368,0,33000,112
70734876,LL22153804M,9.82091E+14,1707,2022/11/12 21:47,116,0,33000,34
70734119,LL22150501M,9.82091E+14,1707,2022/11/12 21:54,52,0,,13
70734162,LL22150204M,9.82091E+14,1707,2022/11/12 22:01,220,0,26000,76
70721340,LL22144904M,9.82091E+14,1707,2022/11/12 22:14,435,0,39000,200
70734852,LL22148101M,9.82091E+14,1707,2022/11/12 22:50,91,0,56500,33
70734852,LL22148101M,9.82091E+14,1707,2022/11/12 22:52,18,0,,15
70734852,LL22148101M,9.82091E+14,1707,2022/11/12 22:52,9,0,,1
70734891,LL22149402M,9.82091E+14,1707,2022/11/12 22:52,440,0,30500,221
70734891,LL22149402M,9.82091E+14,1707,2022/11/12 23:05,34,0,,1
70734852,LL22148101M,9.82091E+14,1707,2022/11/12 23:18,667,0,28000,211
70721340,LL22144904M,9.82091E+14,1707,2022/11/12 23:31,360,0,39000,248
70734162,LL22150204M,9.82091E+14,1707,2022/11/12 23:41,43,0,,3
70734876,LL22153804M,9.82091E+14,1707,2022/11/12 23:46,424,0,33500,105
70732905,LL22141101M,9.82091E+14,1707,2022/11/12 23:54,475,0,26000,111
70734848,LL22148404M,9.82091E+14,1707,2022/11/13 0:23,320,0,36500,219
70739179,LL22133202M,699b78b7-0c70-4ae2-ab86-2d616dd829b8,1707,2022/11/13 0:30,360,0,40000,203
70734162,LL22150204M,9.82091E+14,1707,2022/11/13 1:21,167,0,26500,33
70734876,LL22153804M,9.82091E+14,1707,2022/11/13 1:46,863,0,33500,115
70734154,LL22150506M,9.82091E+14,1707,2022/11/13 2:00,283,0,34000,65
70739179,LL22133202M,699b78b7-0c70-4ae2-ab86-2d616dd829b8,1707,2022/11/13 2:14,324,0,40000,190
70739142,LL22150005M,9.82091E+14,1707,2022/11/13 3:01,309,0,28500,92
70734162,LL22150204M,9.82091E+14,1707,2022/11/13 3:12,255,0,27000,66
70732905,LL22141101M,9.82091E+14,1707,2022/11/13 3:46,603,0,25500,174
70734848,LL22148404M,9.82091E+14,1707,2022/11/13 3:58,252,0,37000,143
70734876,LL22153804M,9.82091E+14,1707,2022/11/13 4:03,680,0,33500,200
70721340,LL22144904M,9.82091E+14,1707,2022/11/13 4:19,389,0,39500,219
70734891,LL22149402M,9.82091E+14,1707,2022/11/13 4:27,344,0,30500,132
70734852,LL22148101M,9.82091E+14,1707,2022/11/13 4:34,533,0,28500,160
70734154,LL22150506M,9.82091E+14,1707,2022/11/13 4:42,368,0,34000,100
70734154,LL22150506M,9.82091E+14,1707,2022/11/13 4:51,260,0,34000,105
70734119,LL22150501M,9.82091E+14,1707,2022/11/13 4:59,51,0,,13
70734162,LL22150204M,9.82091E+14,1707,2022/11/13 5:00,6,0,,14
70734119,LL22150501M,9.82091E+14,1707,2022/11/13 5:01,7,0,,9
70734162,LL22150204M,9.82091E+14,1707,2022/11/13 5:01,471,0,56000,182
70739179,LL22133202M,699b78b7-0c70-4ae2-ab86-2d616dd829b8,1707,2022/11/13 5:09,282,0,40000,118
70739142,LL22150005M,9.82091E+14,1707,2022/11/13 5:14,1088,0,28500,242
70732905,LL22141101M,9.82091E+14,1707,2022/11/13 5:34,388,0,29500,85
70739142,LL22150005M,9.82091E+14,1707,2022/11/13 5:41,30,0,,2
70732905,LL22141101M,9.82091E+14,1707,2022/11/13 5:56,500,0,29500,107
70739179,LL22133202M,699b78b7-0c70-4ae2-ab86-2d616dd829b8,1707,2022/11/13 6:08,440,0,40000,255
70734876,LL22153804M,9.82091E+14,1707,2022/11/13 6:19,340,0,33500,84
70734154,LL22150506M,9.82091E+14,1707,2022/11/13 6:48,604,0,34000,179
70721340,LL22144904M,9.82091E+14,1707,2022/11/13 6:58,444,0,39000,120
70734891,LL22149402M,9.82091E+14,1707,2022/11/13 7:07,196,0,30500,26
70739142,LL22150005M,9.82091E+14,1707,2022/11/13 7:13,612,0,29000,216
70732905,LL22141101M,9.82091E+14,1707,2022/11/13 7:25,396,0,26500,79
70734876,LL22153804M,9.82091E+14,1707,2022/11/13 7:32,514,0,33500,118
70734852,LL22148101M,9.82091E+14,1707,2022/11/13 7:41,602,0,28000,201
70734876,LL22153804M,9.82091E+14,1707,2022/11/13 7:53,406,0,34000,128
70734119,LL22150501M,9.82091E+14,1707,2022/11/13 8:00,789,0,29000,307
70734162,LL22150204M,9.82091E+14,1707,2022/11/13 8:14,353,0,65500,97
70734848,LL22148404M,9.82091E+14,1707,2022/11/13 8:20,454,0,36000,267
70721340,LL22144904M,9.82091E+14,1707,2022/11/13 8:28,659,0,39000,322
70732905,LL22141101M,9.82091E+14,1707,2022/11/13 8:41,801,0,29500,210
70721340,LL22144904M,9.82091E+14,1707,2022/11/13 8:58,298,0,39000,115
70734876,LL22153804M,9.82091E+14,1707,2022/11/13 9:05,361,0,38000,90
70739142,LL22150005M,9.82091E+14,1707,2022/11/13 9:11,609,0,29500,166
70734154,LL22150506M,9.82091E+14,1707,2022/11/13 9:28,953,0,34500,321
70734891,LL22149402M,9.82091E+14,1707,2022/11/13 9:44,856,0,30000,267
70732905,LL22141101M,9.82091E+14,1707,2022/11/13 9:58,420,0,30500,69
70734162,LL22150204M,9.82091E+14,1707,2022/11/13 10:06,239,0,65500,19
70739179,LL22133202M,699b78b7-0c70-4ae2-ab86-2d616dd829b8,1707,2022/11/13 10:10,555,0,40500,313
70734162,LL22150204M,9.82091E+14,1707,2022/11/13 10:20,492,0,26500,129
70734852,LL22148101M,9.82091E+14,1707,2022/11/13 10:29,374,0,28000,132
70734852,LL22148101M,9.82091E+14,1707,2022/11/13 10:37,42,0,,1
70739142,LL22150005M,9.82091E+14,1707,2022/11/13 11:34,514,0,29000,173
70739179,LL22133202M,699b78b7-0c70-4ae2-ab86-2d616dd829b8,1707,2022/11/13 11:46,116,0,41000,38
70734119,LL22150501M,9.82091E+14,1707,2022/11/13 11:50,77,0,30000,34
70734119,LL22150501M,9.82091E+14,1707,2022/11/13 11:52,329,0,38000,132
70734119,LL22150501M,9.82091E+14,1707,2022/11/13 11:58,6,0,,37
70734852,LL22148101M,9.82091E+14,1707,2022/11/13 11:58,52,0,,18
70734162,LL22150204M,9.82091E+14,1707,2022/11/13 11:59,606,0,27000,242
70734848,LL22148404M,9.82091E+14,1707,2022/11/13 12:10,585,0,36500,309
70732905,LL22141101M,9.82091E+14,1707,2022/11/13 12:19,4,0,,7
70734848,LL22148404M,9.82091E+14,1707,2022/11/13 12:19,80,0,63500,52
70732905,LL22141101M,9.82091E+14,1707,2022/11/13 12:21,492,0,27500,170
70732905,LL22141101M,9.82091E+14,1707,2022/11/13 12:29,268,0,30500,103
70734852,LL22148101M,9.82091E+14,1707,2022/11/13 12:33,878,0,29000,256
70734162,LL22150204M,9.82091E+14,1707,2022/11/13 12:49,124,0,48750,39
70721340,LL22144904M,9.82091E+14,1707,2022/11/13 12:51,594,0,39500,291
70734119,LL22150501M,9.82091E+14,1707,2022/11/13 13:02,209,0,30500,99
70734891,LL22149402M,9.82091E+14,1707,2022/11/13 13:05,670,0,31000,263
70734154,LL22150506M,9.82091E+14,1707,2022/11/13 13:17,459,0,34500,147
70734119,LL22150501M,9.82091E+14,1707,2022/11/13 13:25,302,0,30500,96
70734162,LL22150204M,9.82091E+14,1707,2022/11/13 13:33,109,0,27000,17
70721340,LL22144904M,9.82091E+14,1707,2022/11/13 13:35,253,0,40000,118
70739179,LL22133202M,699b78b7-0c70-4ae2-ab86-2d616dd829b8,1707,2022/11/13 13:40,356,0,41500,145
70734876,LL22153804M,9.82091E+14,1707,2022/11/13 13:46,1260,0,33500,345
70734891,LL22149402M,9.82091E+14,1707,2022/11/13 14:08,506,0,31000,138
70739142,LL22150005M,9.82091E+14,1707,2022/11/13 14:16,584,0,29000,96
70739142,LL22150005M,9.82091E+14,1707,2022/11/13 14:28,133,0,30000,44
70739179,LL22133202M,699b78b7-0c70-4ae2-ab86-2d616dd829b8,1707,2022/11/13 14:34,471,0,40500,271
70734119,LL22150501M,9.82091E+14,1707,2022/11/13 14:42,188,0,30500,70
70734162,LL22150204M,9.82091E+14,1707,2022/11/13 14:46,375,0,27500,51
70734848,LL22148404M,9.82091E+14,1707,2022/11/13 14:52,256,0,37000,85
70734162,LL22150204M,9.82091E+14,1707,2022/11/13 14:57,111,0,27500,18
70721340,LL22144904M,9.82091E+14,1707,2022/11/13 15:02,467,0,40500,231
70734891,LL22149402M,9.82091E+14,1707,2022/11/13 15:11,121,0,31000,1
70734852,LL22148101M,9.82091E+14,1707,2022/11/13 15:13,1146,0,29500,266
70734162,LL22150204M,9.82091E+14,1707,2022/11/13 15:32,445,0,41500,184
70734891,LL22149402M,9.82091E+14,1707,2022/11/13 15:40,139,0,58500,45
70734891,LL22149402M,9.82091E+14,1707,2022/11/13 15:43,103,0,58500,59
70734891,LL22149402M,9.82091E+14,1707,2022/11/13 15:46,8,0,,10
70734154,LL22150506M,9.82091E+14,1707,2022/11/13 15:46,449,0,35000,183
70739142,LL22150005M,9.82091E+14,1707,2022/11/13 15:55,724,0,29500,206
70734162,LL22150204M,9.82091E+14,1707,2022/11/13 16:08,317,0,27500,110
70734891,LL22149402M,9.82091E+14,1707,2022/11/13 16:14,180,0,59500,42
70732905,LL22141101M,9.82091E+14,1707,2022/11/13 16:17,331,0,29000,88
70734162,LL22150204M,9.82091E+14,1707,2022/11/13 16:23,16,0,,1
70721340,LL22144904M,9.82091E+14,1707,2022/11/13 16:26,298,0,40000,192
70739142,LL22150005M,9.82091E+14,1707,2022/11/13 16:42,361,0,29500,102
70739179,LL22133202M,699b78b7-0c70-4ae2-ab86-2d616dd829b8,1707,2022/11/13 16:48,140,0,41000,40
70734154,LL22150506M,9.82091E+14,1707,2022/11/13 16:53,216,0,64500,93
70734119,LL22150501M,9.82091E+14,1707,2022/11/13 16:57,253,0,30500,98
70734876,LL22153804M,9.82091E+14,1707,2022/11/13 17:01,1099,0,34000,316
70732905,LL22141101M,9.82091E+14,1707,2022/11/13 17:21,664,0,30500,154
70739142,LL22150005M,9.82091E+14,1707,2022/11/13 17:32,235,0,29500,33
70734848,LL22148404M,9.82091E+14,1707,2022/11/13 17:38,446,0,63500,235
70739179,LL22133202M,699b78b7-0c70-4ae2-ab86-2d616dd829b8,1707,2022/11/13 17:46,410,0,41000,140
70739179,LL22133202M,699b78b7-0c70-4ae2-ab86-2d616dd829b8,1707,2022/11/13 17:55,378,0,41000,172
70734154,LL22150506M,9.82091E+14,1707,2022/11/13 18:01,330,0,35000,134
70734848,LL22148404M,9.82091E+14,1707,2022/11/13 18:08,239,0,37000,116
70739179,LL22133202M,699b78b7-0c70-4ae2-ab86-2d616dd829b8,1707,2022/11/13 18:53,36,0,,1
70732905,LL22141101M,9.82091E+14,1707,2022/11/13 19:35,370,0,26500,112
70721340,LL22144904M,9.82091E+14,1707,2022/11/13 19:43,208,0,40500,70
70734119,LL22150501M,9.82091E+14,1707,2022/11/13 20:24,103,0,30500,29
70734154,LL22150506M,9.82091E+14,1707,2022/11/13 20:27,45,0,,21
70734876,LL22153804M,9.82091E+14,1707,2022/11/13 20:29,445,0,34500,147
70734162,LL22150204M,9.82091E+14,1707,2022/11/13 20:40,134,0,27500,45
70734848,LL22148404M,9.82091E+14,1707,2022/11/13 20:44,268,0,37500,156
70734154,LL22150506M,9.82091E+14,1707,2022/11/13 21:47,243,0,35000,106
70734119,LL22150501M,9.82091E+14,1707,2022/11/13 21:52,134,0,54000,57
70734891,LL22149402M,9.82091E+14,1707,2022/11/13 21:54,689,0,31000,290
70734119,LL22150501M,9.82091E+14,1707,2022/11/13 22:06,446,0,30500,156
70734876,LL22153804M,9.82091E+14,1707,2022/11/13 22:13,868,0,34500,261
70721340,LL22144904M,9.82091E+14,1707,2022/11/13 22:28,396,0,40000,199
70739142,LL22150005M,9.82091E+14,1707,2022/11/13 22:46,479,0,29500,147
70721340,LL22144904M,9.82091E+14,1707,2022/11/13 23:12,414,0,40000,190
70734162,LL22150204M,9.82091E+14,1707,2022/11/13 23:26,194,0,28000,49
70734852,LL22148101M,9.82091E+14,1707,2022/11/13 23:29,27,0,,10
70734162,LL22150204M,9.82091E+14,1707,2022/11/13 23:30,7,0,,1
70734852,LL22148101M,9.82091E+14,1707,2022/11/13 23:30,361,0,28500,125
70734848,LL22148404M,9.82091E+14,1707,2022/11/13 23:36,371,0,37500,225
70734154,LL22150506M,9.82091E+14,1707,2022/11/13 23:47,231,0,35000,94
70734876,LL22153804M,9.82091E+14,1707,2022/11/14 0:01,574,0,35000,130
70734162,LL22150204M,9.82091E+14,1707,2022/11/14 0:15,390,0,28000,164
70732905,LL22141101M,9.82091E+14,1707,2022/11/14 0:21,479,0,29500,178
70739179,LL22133202M,699b78b7-0c70-4ae2-ab86-2d616dd829b8,1707,2022/11/14 0:36,246,0,40500,90
70739179,LL22133202M,699b78b7-0c70-4ae2-ab86-2d616dd829b8,1707,2022/11/14 1:50,402,0,40500,242
70732905,LL22141101M,9.82091E+14,1707,2022/11/14 2:37,350,0,30000,119
70734119,LL22150501M,9.82091E+14,1707,2022/11/14 2:46,228,0,30000,95
70721340,LL22144904M,9.82091E+14,1707,2022/11/14 2:50,282,0,40500,119
70734154,LL22150506M,9.82091E+14,1707,2022/11/14 3:22,273,0,35000,105
70739179,LL22133202M,699b78b7-0c70-4ae2-ab86-2d616dd829b8,1707,2022/11/14 3:36,59,0,,12
70734876,LL22153804M,9.82091E+14,1707,2022/11/14 3:56,330,0,35000,110
70739179,LL22133202M,699b78b7-0c70-4ae2-ab86-2d616dd829b8,1707,2022/11/14 4:39,210,0,41000,89
70732905,LL22141101M,9.82091E+14,1707,2022/11/14 4:44,179,0,30000,63
70734852,LL22148101M,9.82091E+14,1707,2022/11/14 4:47,773,0,29000,204
70721340,LL22144904M,9.82091E+14,1707,2022/11/14 5:01,426,0,40500,269
70732905,LL22141101M,9.82091E+14,1707,2022/11/14 5:10,786,0,27500,265
70734876,LL22153804M,9.82091E+14,1707,2022/11/14 5:26,440,0,34500,137
70734162,LL22150204M,9.82091E+14,1707,2022/11/14 6:19,471,0,27500,122
70739142,LL22150005M,9.82091E+14,1707,2022/11/14 6:28,61,0,49250,13
70734154,LL22150506M,9.82091E+14,1707,2022/11/14 6:30,304,0,35000,73
70734891,LL22149402M,9.82091E+14,1707,2022/11/14 6:35,773,0,30500,193
70739142,LL22150005M,9.82091E+14,1707,2022/11/14 6:48,414,0,29000,108
70734876,LL22153804M,9.82091E+14,1707,2022/11/14 7:02,568,0,34500,156
70734848,LL22148404M,9.82091E+14,1707,2022/11/14 7:12,645,0,37500,370
70734119,LL22150501M,9.82091E+14,1707,2022/11/14 7:24,255,0,30000,96
70734119,LL22150501M,9.82091E+14,1707,2022/11/14 7:28,163,0,48000,67
70734852,LL22148101M,9.82091E+14,1707,2022/11/14 7:31,997,0,29000,221
70739179,LL22133202M,699b78b7-0c70-4ae2-ab86-2d616dd829b8,1707,2022/11/14 7:51,692,0,41500,298
70721340,LL22144904M,9.82091E+14,1707,2022/11/14 8:03,201,0,68500,53
70732905,LL22141101M,9.82091E+14,1707,2022/11/14 8:06,1117,0,31500,420
70734876,LL22153804M,9.82091E+14,1707,2022/11/14 8:25,396,0,52500,52
70734876,LL22153804M,9.82091E+14,1707,2022/11/14 8:31,23,0,,11
70734154,LL22150506M,9.82091E+14,1707,2022/11/14 8:32,375,0,44000,213
70734162,LL22150204M,9.82091E+14,1707,2022/11/14 8:38,555,0,41250,180
70734119,LL22150501M,9.82091E+14,1707,2022/11/14 8:47,265,0,49250,98
70734119,LL22150501M,9.82091E+14,1707,2022/11/14 8:56,347,0,31500,208
70739142,LL22150005M,9.82091E+14,1707,2022/11/14 9:02,1218,0,29000,335
70721340,LL22144904M,9.82091E+14,1707,2022/11/14 9:22,427,0,40000,317
70734848,LL22148404M,9.82091E+14,1707,2022/11/14 9:30,252,0,37500,85
70734891,LL22149402M,9.82091E+14,1707,2022/11/14 9:34,291,0,30500,52
70734162,LL22150204M,9.82091E+14,1707,2022/11/14 9:41,358,0,27500,106
70734876,LL22153804M,9.82091E+14,1707,2022/11/14 9:47,715,0,34500,245
70734154,LL22150506M,9.82091E+14,1707,2022/11/14 9:59,759,0,35000,211
70739142,LL22150005M,9.82091E+14,1707,2022/11/14 10:12,378,0,29500,26
70734154,LL22150506M,9.82091E+14,1707,2022/11/14 10:18,102,0,35500,36
70732905,LL22141101M,9.82091E+14,1707,2022/11/14 10:22,663,0,29500,209
70734119,LL22150501M,9.82091E+14,1707,2022/11/14 10:34,351,0,31000,146
70734162,LL22150204M,9.82091E+14,1707,2022/11/14 10:40,484,0,28000,195
70739179,LL22133202M,699b78b7-0c70-4ae2-ab86-2d616dd829b8,1707,2022/11/14 10:54,442,0,41000,222
70739142,LL22150005M,9.82091E+14,1707,2022/11/14 11:41,550,0,29500,174
70734891,LL22149402M,9.82091E+14,1707,2022/11/14 11:54,637,0,30500,91
70734852,LL22148101M,9.82091E+14,1707,2022/11/14 12:05,1147,0,29000,274
70734848,LL22148404M,9.82091E+14,1707,2022/11/14 12:24,542,0,37750,314
70739142,LL22150005M,9.82091E+14,1707,2022/11/14 12:33,317,0,30000,21
70721340,LL22144904M,9.82091E+14,1707,2022/11/14 12:39,649,0,40500,382
70739142,LL22150005M,9.82091E+14,1707,2022/11/14 12:52,55,0,,4
70732905,LL22141101M,9.82091E+14,1707,2022/11/14 12:55,364,0,31500,108
70721340,LL22144904M,9.82091E+14,1707,2022/11/14 13:03,93,0,41000,14
70734162,LL22150204M,9.82091E+14,1707,2022/11/14 13:05,395,0,28750,89
70734119,LL22150501M,9.82091E+14,1707,2022/11/14 13:11,101,0,48000,38
70734119,LL22150501M,9.82091E+14,1707,2022/11/14 13:13,8,0,,5
70734891,LL22149402M,9.82091E+14,1707,2022/11/14 13:13,394,0,31000,111
70734876,LL22153804M,9.82091E+14,1707,2022/11/14 13:20,621,0,35000,199
70734154,LL22150506M,9.82091E+14,1707,2022/11/14 13:31,528,0,36000,159
70734852,LL22148101M,9.82091E+14,1707,2022/11/14 13:40,544,0,44500,35
70739179,LL22133202M,699b78b7-0c70-4ae2-ab86-2d616dd829b8,1707,2022/11/14 13:49,787,0,43000,400
70734891,LL22149402M,9.82091E+14,1707,2022/11/14 14:02,325,0,60500,71
70734119,LL22150501M,9.82091E+14,1707,2022/11/14 14:08,773,0,31500,335
70732905,LL22141101M,9.82091E+14,1707,2022/11/14 14:21,74,0,32000,3
70734852,LL22148101M,9.82091E+14,1707,2022/11/14 14:22,3,0,,7
70732905,LL22141101M,9.82091E+14,1707,2022/11/14 14:22,17,0,,1
70734852,LL22148101M,9.82091E+14,1707,2022/11/14 14:23,517,0,29500,151
70734162,LL22150204M,9.82091E+14,1707,2022/11/14 14:31,680,0,28500,234
70734876,LL22153804M,9.82091E+14,1707,2022/11/14 14:44,86,0,34750,34
70739179,LL22133202M,699b78b7-0c70-4ae2-ab86-2d616dd829b8,1707,2022/11/14 14:47,356,0,42000,93
70732905,LL22141101M,9.82091E+14,1707,2022/11/14 14:54,241,0,32000,71
70721340,LL22144904M,9.82091E+14,1707,2022/11/14 14:58,418,0,41500,246
70734891,LL22149402M,9.82091E+14,1707,2022/11/14 15:05,436,0,31000,143
70739142,LL22150005M,9.82091E+14,1707,2022/11/14 15:14,338,0,30000,71
70734848,LL22148404M,9.82091E+14,1707,2022/11/14 15:20,513,0,38500,266
70734162,LL22150204M,9.82091E+14,1707,2022/11/14 15:29,415,0,28500,171
70734119,LL22150501M,9.82091E+14,1707,2022/11/14 15:36,166,0,31500,63
70734119,LL22150501M,9.82091E+14,1707,2022/11/14 15:39,22,0,,18
70734891,LL22149402M,9.82091E+14,1707,2022/11/14 15:39,653,0,65000,205
70734154,LL22150506M,9.82091E+14,1707,2022/11/14 15:51,498,0,36000,255
70739142,LL22150005M,9.82091E+14,1707,2022/11/14 15:59,508,0,30500,163
70732905,LL22141101M,9.82091E+14,1707,2022/11/14 16:08,683,0,30500,259
70739142,LL22150005M,9.82091E+14,1707,2022/11/14 16:20,523,0,31000,112
70734852,LL22148101M,9.82091E+14,1707,2022/11/14 16:28,735,0,30500,240
70721340,LL22144904M,9.82091E+14,1707,2022/11/14 16:42,315,0,42500,164
70734876,LL22153804M,9.82091E+14,1707,2022/11/14 16:48,808,0,35500,234
70739142,LL22150005M,9.82091E+14,1707,2022/11/14 17:01,118,0,31000,21
70734119,LL22150501M,9.82091E+14,1707,2022/11/14 17:03,8,0,,4
70734154,LL22150506M,9.82091E+14,1707,2022/11/14 17:04,34,0,,15
70739142,LL22150005M,9.82091E+14,1707,2022/11/14 17:05,20,0,,3
70739179,LL22133202M,699b78b7-0c70-4ae2-ab86-2d616dd829b8,1707,2022/11/14 17:06,159,0,42000,36
70734162,LL22150204M,9.82091E+14,1707,2022/11/14 17:09,109,0,29000,37
70721340,LL22144904M,9.82091E+14,1707,2022/11/14 17:12,17,0,,1
70734876,LL22153804M,9.82091E+14,1707,2022/11/14 17:13,89,0,35500,34
70734119,LL22150501M,9.82091E+14,1707,2022/11/14 17:15,124,0,32000,65
70734119,LL22150501M,9.82091E+14,1707,2022/11/14 17:19,83,0,32000,40
70732905,LL22141101M,9.82091E+14,1707,2022/11/14 17:22,89,0,31500,21
70734154,LL22150506M,9.82091E+14,1707,2022/11/14 17:24,246,0,36500,84
70739142,LL22150005M,9.82091E+14,1707,2022/11/14 17:30,18,0,,2
70739142,LL22150005M,9.82091E+14,1707,2022/11/14 17:32,174,0,31000,65
70734876,LL22153804M,9.82091E+14,1707,2022/11/14 17:35,40,0,,13
70739179,LL22133202M,699b78b7-0c70-4ae2-ab86-2d616dd829b8,1707,2022/11/14 17:37,352,0,42000,192
70734876,LL22153804M,9.82091E+14,1707,2022/11/14 17:45,42,0,,7
70721340,LL22144904M,9.82091E+14,1707,2022/11/14 17:46,240,0,41500,134
70734848,LL22148404M,9.82091E+14,1707,2022/11/14 17:52,330,0,39000,181
70734154,LL22150506M,9.82091E+14,1707,2022/11/14 18:13,287,0,36500,136
70734154,LL22150506M,9.82091E+14,1707,2022/11/14 18:19,48,0,,12
70734154,LL22150506M,9.82091E+14,1707,2022/11/14 18:24,55,0,,16
70734876,LL22153804M,9.82091E+14,1707,2022/11/14 19:33,411,0,36000,127
70734162,LL22150204M,9.82091E+14,1707,2022/11/14 19:47,302,0,29000,152
70739179,LL22133202M,699b78b7-0c70-4ae2-ab86-2d616dd829b8,1707,2022/11/14 19:54,244,0,42500,114
70721340,LL22144904M,9.82091E+14,1707,2022/11/14 20:06,251,0,42500,138
70734119,LL22150501M,9.82091E+14,1707,2022/11/14 20:33,423,0,32000,152
70739142,LL22150005M,9.82091E+14,1707,2022/11/14 21:28,569,0,30500,192
70734119,LL22150501M,9.82091E+14,1707,2022/11/14 21:40,126,0,31500,23
70734848,LL22148404M,9.82091E+14,1707,2022/11/14 21:46,335,0,39000,203
70734154,LL22150506M,9.82091E+14,1707,2022/11/14 21:54,48,0,,17
70734876,LL22153804M,9.82091E+14,1707,2022/11/14 21:55,227,0,35500,50
70734891,LL22149402M,9.82091E+14,1707,2022/11/14 21:59,657,0,32000,293
70734162,LL22150204M,9.82091E+14,1707,2022/11/14 22:12,110,0,29000,33
70721340,LL22144904M,9.82091E+14,1707,2022/11/14 22:17,286,0,42000,146
70739142,LL22150005M,9.82091E+14,1707,2022/11/14 22:24,186,0,31000,37
70739179,LL22133202M,699b78b7-0c70-4ae2-ab86-2d616dd829b8,1707,2022/11/14 22:30,438,0,42000,231
70734154,LL22150506M,9.82091E+14,1707,2022/11/14 22:49,173,0,36500,60
70734162,LL22150204M,9.82091E+14,1707,2022/11/14 22:53,20,0,,2
70734876,LL22153804M,9.82091E+14,1707,2022/11/14 23:00,678,0,35500,144
70734848,LL22148404M,9.82091E+14,1707,2022/11/15 0:10,424,0,39000,299
70734162,LL22150204M,9.82091E+14,1707,2022/11/15 0:17,126,0,28500,50
70734119,LL22150501M,9.82091E+14,1707,2022/11/15 0:22,254,0,31500,93
70734154,LL22150506M,9.82091E+14,1707,2022/11/15 0:31,232,0,36500,99
70734852,LL22148101M,9.82091E+14,1707,2022/11/15 0:34,500,0,30500,141
70734154,LL22150506M,9.82091E+14,1707,2022/11/15 0:45,202,0,36500,101
70734891,LL22149402M,9.82091E+14,1707,2022/11/15 0:52,379,0,32000,106
70734876,LL22153804M,9.82091E+14,1707,2022/11/15 0:59,486,0,35500,87
70732905,LL22141101M,9.82091E+14,1707,2022/11/15 1:07,1188,0,31000,357
70734162,LL22150204M,9.82091E+14,1707,2022/11/15 2:25,228,0,29000,79
70739179,LL22133202M,699b78b7-0c70-4ae2-ab86-2d616dd829b8,1707,2022/11/15 3:24,359,0,42500,200
70721340,LL22144904M,9.82091E+14,1707,2022/11/15 3:32,200,0,42000,105
70734848,LL22148404M,9.82091E+14,1707,2022/11/15 3:42,51,0,,1
70734162,LL22150204M,9.82091E+14,1707,2022/11/15 3:44,338,0,29500,108
70734891,LL22149402M,9.82091E+14,1707,2022/11/15 3:50,310,0,32500,101
70734876,LL22153804M,9.82091E+14,1707,2022/11/15 3:56,691,0,35500,131
70739142,LL22150005M,9.82091E+14,1707,2022/11/15 4:37,654,0,31000,201
70739179,LL22133202M,699b78b7-0c70-4ae2-ab86-2d616dd829b8,1707,2022/11/15 5:19,193,0,42000,88
70734848,LL22148404M,9.82091E+14,1707,2022/11/15 5:25,405,0,39000,196
70734154,LL22150506M,9.82091E+14,1707,2022/11/15 5:41,454,0,36500,175
70734162,LL22150204M,9.82091E+14,1707,2022/11/15 5:51,216,0,58250,87
70732905,LL22141101M,9.82091E+14,1707,2022/11/15 5:55,345,0,32000,134
70732905,LL22141101M,9.82091E+14,1707,2022/11/15 6:01,7,0,,9
70734852,LL22148101M,9.82091E+14,1707,2022/11/15 6:01,782,0,51500,206
70739142,LL22150005M,9.82091E+14,1707,2022/11/15 6:14,542,0,31000,152
70734876,LL22153804M,9.82091E+14,1707,2022/11/15 6:23,899,0,35500,281
70721340,LL22144904M,9.82091E+14,1707,2022/11/15 6:39,575,0,41000,302
70734876,LL22153804M,9.82091E+14,1707,2022/11/15 6:49,356,0,35000,91
70734154,LL22150506M,9.82091E+14,1707,2022/11/15 7:10,445,0,36000,168
70734154,LL22150506M,9.82091E+14,1707,2022/11/15 7:19,192,0,36000,67
70734891,LL22149402M,9.82091E+14,1707,2022/11/15 7:28,1173,0,32000,364
70734162,LL22150204M,9.82091E+14,1707,2022/11/15 7:47,472,0,29500,190
70739142,LL22150005M,9.82091E+14,1707,2022/11/15 7:55,511,0,30500,157
70734848,LL22148404M,9.82091E+14,1707,2022/11/15 8:04,562,0,39500,335
70739142,LL22150005M,9.82091E+14,1707,2022/11/15 8:15,280,0,48500,45
70732905,LL22141101M,9.82091E+14,1707,2022/11/15 8:20,1347,0,53500,523
70734119,LL22150501M,9.82091E+14,1707,2022/11/15 8:42,285,0,53500,118
70734119,LL22150501M,9.82091E+14,1707,2022/11/15 8:52,249,0,47250,210
70734852,LL22148101M,9.82091E+14,1707,2022/11/15 8:56,984,0,31500,263
70734876,LL22153804M,9.82091E+14,1707,2022/11/15 9:14,455,0,36000,123
70739179,LL22133202M,699b78b7-0c70-4ae2-ab86-2d616dd829b8,1707,2022/11/15 9:21,596,0,42000,343
70739179,LL22133202M,699b78b7-0c70-4ae2-ab86-2d616dd829b8,1707,2022/11/15 9:33,57,0,,13
70734154,LL22150506M,9.82091E+14,1707,2022/11/15 10:04,749,0,36000,313
70739142,LL22150005M,9.82091E+14,1707,2022/11/15 10:16,154,0,31000,41
70734162,LL22150204M,9.82091E+14,1707,2022/11/15 10:19,511,0,29000,161
70734154,LL22150506M,9.82091E+14,1707,2022/11/15 10:28,338,0,36500,128
70721340,LL22144904M,9.82091E+14,1707,2022/11/15 10:34,626,0,41000,289
70734119,LL22150501M,9.82091E+14,1707,2022/11/15 10:45,468,0,31500,149
70739142,LL22150005M,9.82091E+14,1707,2022/11/15 10:54,700,0,31500,233
70734848,LL22148404M,9.82091E+14,1707,2022/11/15 11:06,326,0,39000,141
70734119,LL22150501M,9.82091E+14,1707,2022/11/15 11:12,101,0,31500,26
70734891,LL22149402M,9.82091E+14,1707,2022/11/15 11:15,701,0,32500,184
70739142,LL22150005M,9.82091E+14,1707,2022/11/15 11:27,332,0,31500,39
70734162,LL22150204M,9.82091E+14,1707,2022/11/15 11:33,563,0,29500,183
70734876,LL22153804M,9.82091E+14,1707,2022/11/15 11:43,481,0,35500,138
70734119,LL22150501M,9.82091E+14,1707,2022/11/15 11:51,257,0,32000,86
70732905,LL22141101M,9.82091E+14,1707,2022/11/15 11:56,876,0,33000,318
70734852,LL22148101M,9.82091E+14,1707,2022/11/15 12:12,1009,0,30000,186
70734119,LL22150501M,9.82091E+14,1707,2022/11/15 13:11,140,0,31500,55
70739179,LL22133202M,699b78b7-0c70-4ae2-ab86-2d616dd829b8,1707,2022/11/15 13:13,568,0,42500,320
70739179,LL22133202M,699b78b7-0c70-4ae2-ab86-2d616dd829b8,1707,2022/11/15 13:26,42,0,,1
70739142,LL22150005M,9.82091E+14,1707,2022/11/15 13:35,752,0,32000,177
70734162,LL22150204M,9.82091E+14,1707,2022/11/15 13:50,587,0,29500,231
70734154,LL22150506M,9.82091E+14,1707,2022/11/15 13:59,264,0,37500,117
70734891,LL22149402M,9.82091E+14,1707,2022/11/15 14:04,616,0,32500,210
70721340,LL22144904M,9.82091E+14,1707,2022/11/15 14:14,541,0,41500,292
70739142,LL22150005M,9.82091E+14,1707,2022/11/15 14:24,18,0,,2
70734848,LL22148404M,9.82091E+14,1707,2022/11/15 14:25,613,0,39000,315
70734876,LL22153804M,9.82091E+14,1707,2022/11/15 14:37,568,0,35500,161
70721340,LL22144904M,9.82091E+14,1707,2022/11/15 14:47,249,0,41500,33
70734852,LL22148101M,9.82091E+14,1707,2022/11/15 14:52,590,0,30500,80
70734162,LL22150204M,9.82091E+14,1707,2022/11/15 15:02,461,0,29500,170
70734119,LL22150501M,9.82091E+14,1707,2022/11/15 15:10,569,0,32000,258
70732905,LL22141101M,9.82091E+14,1707,2022/11/15 15:20,573,0,33500,130
70734891,LL22149402M,9.82091E+14,1707,2022/11/15 15:29,924,0,49000,296
70739179,LL22133202M,699b78b7-0c70-4ae2-ab86-2d616dd829b8,1707,2022/11/15 15:45,112,0,42500,32
70734162,LL22150204M,9.82091E+14,1707,2022/11/15 15:47,16,0,,2
70739179,LL22133202M,699b78b7-0c70-4ae2-ab86-2d616dd829b8,1707,2022/11/15 15:48,640,0,43000,279
70734162,LL22150204M,9.82091E+14,1707,2022/11/15 15:58,275,0,30000,97
70721340,LL22144904M,9.82091E+14,1707,2022/11/15 16:03,863,0,42500,356
70739142,LL22150005M,9.82091E+14,1707,2022/11/15 16:18,443,0,42000,156
70734852,LL22148101M,9.82091E+14,1707,2022/11/15 16:25,10,0,,3
70734852,LL22148101M,9.82091E+14,1707,2022/11/15 16:26,472,0,31000,168
70734154,LL22150506M,9.82091E+14,1707,2022/11/15 16:34,955,0,37000,409
70739142,LL22150005M,9.82091E+14,1707,2022/11/15 16:51,578,0,32000,151
70734891,LL22149402M,9.82091E+14,1707,2022/11/15 17:02,186,0,35500,1
70734876,LL22153804M,9.82091E+14,1707,2022/11/15 17:05,768,0,59500,267
70734162,LL22150204M,9.82091E+14,1707,2022/11/15 17:18,60,0,,21
70734119,LL22150501M,9.82091E+14,1707,2022/11/15 17:19,404,0,32500,182
70734891,LL22149402M,9.82091E+14,1707,2022/11/15 17:26,517,0,33000,176
70734852,LL22148101M,9.82091E+14,1707,2022/11/15 17:37,400,0,53500,143
70732905,LL22141101M,9.82091E+14,1707,2022/11/15 17:43,719,0,33000,235
70739179,LL22133202M,699b78b7-0c70-4ae2-ab86-2d616dd829b8,1707,2022/11/15 17:55,501,0,43000,237
70734848,LL22148404M,9.82091E+14,1707,2022/11/15 18:05,305,0,39500,139
70739142,LL22150005M,9.82091E+14,1707,2022/11/15 18:11,229,0,32000,53
70734848,LL22148404M,9.82091E+14,1707,2022/11/15 18:15,247,0,39500,146
70721340,LL22144904M,9.82091E+14,1707,2022/11/15 18:19,375,0,43000,203
70734154,LL22150506M,9.82091E+14,1707,2022/11/15 19:30,209,0,37000,110
70734162,LL22150204M,9.82091E+14,1707,2022/11/15 19:49,286,0,30000,131
70734876,LL22153804M,9.82091E+14,1707,2022/11/15 19:57,466,0,36000,143
70734119,LL22150501M,9.82091E+14,1707,2022/11/15 21:03,173,0,32000,77
70739179,LL22133202M,699b78b7-0c70-4ae2-ab86-2d616dd829b8,1707,2022/11/15 21:07,184,0,43500,74
70734848,LL22148404M,9.82091E+14,1707,2022/11/15 21:12,46,0,,11
70734154,LL22150506M,9.82091E+14,1707,2022/11/15 21:22,256,0,37500,127
70739142,LL22150005M,9.82091E+14,1707,2022/11/15 21:27,303,0,32000,104
70734852,LL22148101M,9.82091E+14,1707,2022/11/15 21:32,664,0,31000,210
70721340,LL22144904M,9.82091E+14,1707,2022/11/15 21:50,392,0,43000,259
70739142,LL22150005M,9.82091E+14,1707,2022/11/15 22:25,406,0,32000,120
70734162,LL22150204M,9.82091E+14,1707,2022/11/15 23:05,183,0,30000,63
70734848,LL22148404M,9.82091E+14,1707,2022/11/15 23:10,329,0,39500,124
70732905,LL22141101M,9.82091E+14,1707,2022/11/15 23:20,568,0,33000,209
70734891,LL22149402M,9.82091E+14,1707,2022/11/15 23:29,484,0,33000,201
70734876,LL22153804M,9.82091E+14,1707,2022/11/15 23:41,759,0,56000,253
70734119,LL22150501M,9.82091E+14,1707,2022/11/15 23:54,642,0,32000,287
70739179,LL22133202M,699b78b7-0c70-4ae2-ab86-2d616dd829b8,1707,2022/11/16 0:07,690,0,42500,299
70734154,LL22150506M,9.82091E+14,1707,2022/11/16 0:45,334,0,37500,181
70734162,LL22150204M,9.82091E+14,1707,2022/11/16 0:53,349,0,29500,169
70734154,LL22150506M,9.82091E+14,1707,2022/11/16 1:01,139,0,37000,54
70734891,LL22149402M,9.82091E+14,1707,2022/11/16 1:04,608,0,32500,210
70734848,LL22148404M,9.82091E+14,1707,2022/11/16 1:15,597,0,39500,371
70721340,LL22144904M,9.82091E+14,1707,2022/11/16 1:25,323,0,42500,172
70734876,LL22153804M,9.82091E+14,1707,2022/11/16 1:31,245,0,36500,55
70734876,LL22153804M,9.82091E+14,1707,2022/11/16 1:37,336,0,31500,122
70739142,LL22150005M,9.82091E+14,1707,2022/11/16 1:43,710,0,32500,218
70734162,LL22150204M,9.82091E+14,1707,2022/11/16 3:23,32,0,,2
70734154,LL22150506M,9.82091E+14,1707,2022/11/16 3:38,149,0,57500,62
70732905,LL22141101M,9.82091E+14,1707,2022/11/16 3:40,1288,0,33000,424
70721340,LL22144904M,9.82091E+14,1707,2022/11/16 4:03,369,0,42500,123
70734848,LL22148404M,9.82091E+14,1707,2022/11/16 4:11,339,0,63750,138
70739179,LL22133202M,699b78b7-0c70-4ae2-ab86-2d616dd829b8,1707,2022/11/16 4:17,400,0,43500,221
70734891,LL22149402M,9.82091E+14,1707,2022/11/16 4:54,352,0,33500,90
70734876,LL22153804M,9.82091E+14,1707,2022/11/16 5:57,888,0,36000,287
70721340,LL22144904M,9.82091E+14,1707,2022/11/16 6:12,534,0,42000,213
70734154,LL22150506M,9.82091E+14,1707,2022/11/16 6:28,443,0,37000,187
70734154,LL22150506M,9.82091E+14,1707,2022/11/16 6:37,113,0,54500,35
70734162,LL22150204M,9.82091E+14,1707,2022/11/16 6:39,520,0,30000,207
70734852,LL22148101M,9.82091E+14,1707,2022/11/16 6:48,1033,0,30500,220
70739142,LL22150005M,9.82091E+14,1707,2022/11/16 7:05,679,0,31500,206
70739142,LL22150005M,9.82091E+14,1707,2022/11/16 7:20,32,0,,1
70732905,LL22141101M,9.82091E+14,1707,2022/11/16 7:21,742,0,33500,237
70721340,LL22144904M,9.82091E+14,1707,2022/11/16 7:55,490,0,42500,318
70734154,LL22150506M,9.82091E+14,1707,2022/11/16 8:23,185,0,54750,80
70739179,LL22133202M,699b78b7-0c70-4ae2-ab86-2d616dd829b8,1707,2022/11/16 8:27,463,0,74500,139
70734891,LL22149402M,9.82091E+14,1707,2022/11/16 8:34,706,0,62500,352
70734119,LL22150501M,9.82091E+14,1707,2022/11/16 8:46,635,0,31500,291
70734162,LL22150204M,9.82091E+14,1707,2022/11/16 8:57,481,0,30000,219
70734848,LL22148404M,9.82091E+14,1707,2022/11/16 9:06,617,0,39500,360
70734876,LL22153804M,9.82091E+14,1707,2022/11/16 9:16,977,0,36500,279
70734852,LL22148101M,9.82091E+14,1707,2022/11/16 9:33,368,0,60500,106
70732905,LL22141101M,9.82091E+14,1707,2022/11/16 9:39,5,0,,3
70734852,LL22148101M,9.82091E+14,1707,2022/11/16 9:39,476,0,62500,132
70732905,LL22141101M,9.82091E+14,1707,2022/11/16 9:47,662,0,33500,247
70734154,LL22150506M,9.82091E+14,1707,2022/11/16 9:59,417,0,37750,231
70739179,LL22133202M,699b78b7-0c70-4ae2-ab86-2d616dd829b8,1707,2022/11/16 10:06,861,0,43000,282
70734876,LL22153804M,9.82091E+14,1707,2022/11/16 10:22,436,0,37000,159
70734154,LL22150506M,9.82091E+14,1707,2022/11/16 10:30,411,0,38000,190
70739142,LL22150005M,9.82091E+14,1707,2022/11/16 10:37,1081,0,31500,275
70721340,LL22144904M,9.82091E+14,1707,2022/11/16 11:40,564,0,42500,304
70732905,LL22141101M,9.82091E+14,1707,2022/11/16 12:21,179,0,49000,74
70734162,LL22150204M,9.82091E+14,1707,2022/11/16 12:24,460,0,30000,227
70734891,LL22149402M,9.82091E+14,1707,2022/11/16 12:35,806,0,33000,197
70732905,LL22141101M,9.82091E+14,1707,2022/11/16 12:49,310,0,34000,89
70734119,LL22150501M,9.82091E+14,1707,2022/11/16 12:54,399,0,33000,172
70734119,LL22150501M,9.82091E+14,1707,2022/11/16 13:01,392,0,46000,177
70734852,LL22148101M,9.82091E+14,1707,2022/11/16 13:08,689,0,31000,154
70721340,LL22144904M,9.82091E+14,1707,2022/11/16 13:19,409,0,42500,266
70739179,LL22133202M,699b78b7-0c70-4ae2-ab86-2d616dd829b8,1707,2022/11/16 13:27,446,0,43500,163
70734876,LL22153804M,9.82091E+14,1707,2022/11/16 13:34,336,0,36500,62
70734119,LL22150501M,9.82091E+14,1707,2022/11/16 13:42,181,0,32500,101
70734876,LL22153804M,9.82091E+14,1707,2022/11/16 13:45,360,0,38000,133
70739142,LL22150005M,9.82091E+14,1707,2022/11/16 13:52,851,0,32500,220
70732905,LL22141101M,9.82091E+14,1707,2022/11/16 14:06,807,0,33500,335
70734848,LL22148404M,9.82091E+14,1707,2022/11/16 14:20,545,0,39500,207
70734162,LL22150204M,9.82091E+14,1707,2022/11/16 14:29,547,0,63000,206
70734891,LL22149402M,9.82091E+14,1707,2022/11/16 14:38,583,0,34000,217
70739179,LL22133202M,699b78b7-0c70-4ae2-ab86-2d616dd829b8,1707,2022/11/16 14:48,232,0,43000,62
70734119,LL22150501M,9.82091E+14,1707,2022/11/16 14:53,399,0,33000,205
70734852,LL22148101M,9.82091E+14,1707,2022/11/16 15:00,850,0,47000,224
70734162,LL22150204M,9.82091E+14,1707,2022/11/16 15:14,237,0,45500,61
70734154,LL22150506M,9.82091E+14,1707,2022/11/16 15:18,362,0,38000,189
70734876,LL22153804M,9.82091E+14,1707,2022/11/16 15:25,556,0,37500,172
70739179,LL22133202M,699b78b7-0c70-4ae2-ab86-2d616dd829b8,1707,2022/11/16 15:34,1059,0,44000,476
70721340,LL22144904M,9.82091E+14,1707,2022/11/16 15:52,531,0,44000,196
70739142,LL22150005M,9.82091E+14,1707,2022/11/16 16:01,670,0,33000,222
70734852,LL22148101M,9.82091E+14,1707,2022/11/16 16:12,648,0,31500,167
70734848,LL22148404M,9.82091E+14,1707,2022/11/16 16:24,438,0,39500,110
70721340,LL22144904M,9.82091E+14,1707,2022/11/16 16:32,473,0,43000,287
70734848,LL22148404M,9.82091E+14,1707,2022/11/16 16:40,268,0,40000,102
70734891,LL22149402M,9.82091E+14,1707,2022/11/16 16:44,522,0,33500,108
70739142,LL22150005M,9.82091E+14,1707,2022/11/16 16:53,566,0,33000,146
70732905,LL22141101M,9.82091E+14,1707,2022/11/16 17:03,436,0,34000,155
70734162,LL22150204M,9.82091E+14,1707,2022/11/16 17:21,336,0,61000,89
70734119,LL22150501M,9.82091E+14,1707,2022/11/16 17:26,382,0,33500,153
70734891,LL22149402M,9.82091E+14,1707,2022/11/16 17:33,560,0,59250,288
70734154,LL22150506M,9.82091E+14,1707,2022/11/16 17:42,666,0,37500,168
70734154,LL22150506M,9.82091E+14,1707,2022/11/16 17:55,396,0,38000,177
70732905,LL22141101M,9.82091E+14,1707,2022/11/16 18:02,386,0,34000,137
70739142,LL22150005M,9.82091E+14,1707,2022/11/16 18:09,63,0,33000,9
70734852,LL22148101M,9.82091E+14,1707,2022/11/16 18:10,682,0,31500,175
70739179,LL22133202M,699b78b7-0c70-4ae2-ab86-2d616dd829b8,1707,2022/11/16 18:24,448,0,44000,215
70734848,LL22148404M,9.82091E+14,1707,2022/11/16 18:32,404,0,40000,194
70734848,LL22148404M,9.82091E+14,1707,2022/11/16 18:40,222,0,40000,137
70734876,LL22153804M,9.82091E+14,1707,2022/11/16 19:22,748,0,36500,235
70734162,LL22150204M,9.82091E+14,1707,2022/11/16 19:58,262,0,30500,43
70734162,LL22150204M,9.82091E+14,1707,2022/11/16 20:07,303,0,30500,131
70734119,LL22150501M,9.82091E+14,1707,2022/11/16 20:50,200,0,33500,103
70721340,LL22144904M,9.82091E+14,1707,2022/11/16 20:55,278,0,43000,138
70734119,LL22150501M,9.82091E+14,1707,2022/11/16 21:18,429,0,33000,139
70739142,LL22150005M,9.82091E+14,1707,2022/11/16 21:55,551,0,32500,183
70734154,LL22150506M,9.82091E+14,1707,2022/11/16 22:10,232,0,38500,99
70734154,LL22150506M,9.82091E+14,1707,2022/11/16 22:18,130,0,38250,38
70734848,LL22148404M,9.82091E+14,1707,2022/11/16 22:24,140,0,40000,45
70734119,LL22150501M,9.82091E+14,1707,2022/11/16 22:29,167,0,33000,71
70734848,LL22148404M,9.82091E+14,1707,2022/11/16 22:42,41,0,,1
70739179,LL22133202M,699b78b7-0c70-4ae2-ab86-2d616dd829b8,1707,2022/11/16 23:04,46,0,,11
70734876,LL22153804M,9.82091E+14,1707,2022/11/16 23:39,514,0,37000,77
70739179,LL22133202M,699b78b7-0c70-4ae2-ab86-2d616dd829b8,1707,2022/11/16 23:48,273,0,43500,59
70734162,LL22150204M,9.82091E+14,1707,2022/11/16 23:53,110,0,30500,9
70734876,LL22153804M,9.82091E+14,1707,2022/11/16 23:55,47,0,,4
70734162,LL22150204M,9.82091E+14,1707,2022/11/16 23:56,56,0,,1
70734154,LL22150506M,9.82091E+14,1707,2022/11/16 23:57,360,0,38500,58
70721340,LL22144904M,9.82091E+14,1707,2022/11/17 0:03,361,0,43500,42
70732905,LL22141101M,9.82091E+14,1707,2022/11/17 0:10,722,0,61500,229
70734891,LL22149402M,9.82091E+14,1707,2022/11/17 0:22,893,0,34500,253
70721340,LL22144904M,9.82091E+14,1707,2022/11/17 0:37,641,0,43500,293
70734876,LL22153804M,9.82091E+14,1707,2022/11/17 0:48,1052,0,37500,215
70734154,LL22150506M,9.82091E+14,1707,2022/11/17 1:05,886,0,38500,327
70734848,LL22148404M,9.82091E+14,1707,2022/11/17 1:20,501,0,39500,166
70734848,LL22148404M,9.82091E+14,1707,2022/11/17 1:31,282,0,40500,221
70739179,LL22133202M,699b78b7-0c70-4ae2-ab86-2d616dd829b8,1707,2022/11/17 2:28,414,0,43000,209
70739142,LL22150005M,9.82091E+14,1707,2022/11/17 3:32,702,0,33000,240
70734119,LL22150501M,9.82091E+14,1707,2022/11/17 3:51,599,0,33500,255
70734162,LL22150204M,9.82091E+14,1707,2022/11/17 4:12,421,0,30500,250
70739179,LL22133202M,699b78b7-0c70-4ae2-ab86-2d616dd829b8,1707,2022/11/17 4:44,388,0,43000,204
70734876,LL22153804M,9.82091E+14,1707,2022/11/17 4:52,858,0,37000,182
70734891,LL22149402M,9.82091E+14,1707,2022/11/17 5:07,467,0,34000,256
70734891,LL22149402M,9.82091E+14,1707,2022/11/17 5:15,463,0,34000,165
70732905,LL22141101M,9.82091E+14,1707,2022/11/17 5:34,851,0,33500,290
70734154,LL22150506M,9.82091E+14,1707,2022/11/17 5:55,153,0,38500,76
70734154,LL22150506M,9.82091E+14,1707,2022/11/17 6:00,93,0,38500,24
70739179,LL22133202M,699b78b7-0c70-4ae2-ab86-2d616dd829b8,1707,2022/11/17 6:03,308,0,43500,98
70734119,LL22150501M,9.82091E+14,1707,2022/11/17 6:33,100,0,32500,45
70721340,LL22144904M,9.82091E+14,1707,2022/11/17 6:40,499,0,43500,269
70739142,LL22150005M,9.82091E+14,1707,2022/11/17 6:54,496,0,32500,130
70734876,LL22153804M,9.82091E+14,1707,2022/11/17 7:05,921,0,37000,166
70734852,LL22148101M,9.82091E+14,1707,2022/11/17 7:20,1243,0,31000,375
70734876,LL22153804M,9.82091E+14,1707,2022/11/17 7:42,703,0,37000,140
70734876,LL22153804M,9.82091E+14,1707,2022/11/17 7:56,362,0,37500,131
70734154,LL22150506M,9.82091E+14,1707,2022/11/17 8:02,399,0,38000,191
70734848,LL22148404M,9.82091E+14,1707,2022/11/17 8:11,399,0,40500,144
70739179,LL22133202M,699b78b7-0c70-4ae2-ab86-2d616dd829b8,1707,2022/11/17 8:17,758,0,44000,414
70739142,LL22150005M,9.82091E+14,1707,2022/11/17 8:30,177,0,32500,33
70734162,LL22150204M,9.82091E+14,1707,2022/11/17 8:34,434,0,30000,91
70734876,LL22153804M,9.82091E+14,1707,2022/11/17 8:42,23,0,,3
70734154,LL22150506M,9.82091E+14,1707,2022/11/17 8:43,299,0,38500,158
70734162,LL22150204M,9.82091E+14,1707,2022/11/17 8:48,464,0,30500,166
70721340,LL22144904M,9.82091E+14,1707,2022/11/17 8:56,417,0,43000,90
70739142,LL22150005M,9.82091E+14,1707,2022/11/17 9:03,623,0,32000,81
70732905,LL22141101M,9.82091E+14,1707,2022/11/17 9:14,1016,0,33500,395
70734876,LL22153804M,9.82091E+14,1707,2022/11/17 9:31,93,0,37000,27
70734852,LL22148101M,9.82091E+14,1707,2022/11/17 9:33,448,0,31000,121
70734848,LL22148404M,9.82091E+14,1707,2022/11/17 9:41,342,0,40000,253
70734852,LL22148101M,9.82091E+14,1707,2022/11/17 9:47,196,0,31000,46
70734891,LL22149402M,9.82091E+14,1707,2022/11/17 9:51,810,0,34000,174
70734119,LL22150501M,9.82091E+14,1707,2022/11/17 10:04,906,0,33000,396
70734154,LL22150506M,9.82091E+14,1707,2022/11/17 10:20,687,0,38750,253
70734154,LL22150506M,9.82091E+14,1707,2022/11/17 10:34,124,0,39000,59
70734891,LL22149402M,9.82091E+14,1707,2022/11/17 10:37,416,0,34500,118
70734876,LL22153804M,9.82091E+14,1707,2022/11/17 10:45,526,0,37500,141
70739142,LL22150005M,9.82091E+14,1707,2022/11/17 10:54,1069,0,32000,251
70721340,LL22144904M,9.82091E+14,1707,2022/11/17 11:18,600,0,43000,208
70734162,LL22150204M,9.82091E+14,1707,2022/11/17 11:29,248,0,30500,38
70734876,LL22153804M,9.82091E+14,1707,2022/11/17 11:33,643,0,37500,59
70734162,LL22150204M,9.82091E+14,1707,2022/11/17 11:45,271,0,30000,14
70734876,LL22153804M,9.82091E+14,1707,2022/11/17 11:50,95,0,37500,4
70734162,LL22150204M,9.82091E+14,1707,2022/11/17 11:52,196,0,30500,6
70732905,LL22141101M,9.82091E+14,1707,2022/11/17 11:55,229,0,34500,12
70734162,LL22150204M,9.82091E+14,1707,2022/11/17 12:00,726,0,30500,292
70732905,LL22141101M,9.82091E+14,1707,2022/11/17 12:12,386,0,34500,104
70734119,LL22150501M,9.82091E+14,1707,2022/11/17 12:20,295,0,36500,90
70739179,LL22133202M,699b78b7-0c70-4ae2-ab86-2d616dd829b8,1707,2022/11/17 12:25,822,0,44000,358
70734119,LL22150501M,9.82091E+14,1707,2022/11/17 12:41,352,0,34000,140
70734891,LL22149402M,9.82091E+14,1707,2022/11/17 12:47,281,0,35000,21
70734852,LL22148101M,9.82091E+14,1707,2022/11/17 12:52,20,0,,5
70734852,LL22148101M,9.82091E+14,1707,2022/11/17 12:53,1304,0,31500,334
70734891,LL22149402M,9.82091E+14,1707,2022/11/17 13:15,499,0,34000,150
70734848,LL22148404M,9.82091E+14,1707,2022/11/17 13:24,637,0,40500,351
70734876,LL22153804M,9.82091E+14,1707,2022/11/17 13:35,824,0,37500,184
70721340,LL22144904M,9.82091E+14,1707,2022/11/17 13:49,339,0,58000,173
70732905,LL22141101M,9.82091E+14,1707,2022/11/17 13:54,626,0,34500,264
70734119,LL22150501M,9.82091E+14,1707,2022/11/17 14:05,298,0,33500,122
70739142,LL22150005M,9.82091E+14,1707,2022/11/17 14:10,895,0,32500,282
70732905,LL22141101M,9.82091E+14,1707,2022/11/17 14:27,394,0,34500,148
70734891,LL22149402M,9.82091E+14,1707,2022/11/17 14:33,389,0,64500,167
70734154,LL22150506M,9.82091E+14,1707,2022/11/17 14:41,603,0,39000,298
70734162,LL22150204M,9.82091E+14,1707,2022/11/17 14:51,437,0,31500,72
70721340,LL22144904M,9.82091E+14,1707,2022/11/17 14:59,163,0,45000,93
70734162,LL22150204M,9.82091E+14,1707,2022/11/17 15:01,255,0,51000,167
70734876,LL22153804M,9.82091E+14,1707,2022/11/17 15:05,717,0,37000,213
70739179,LL22133202M,699b78b7-0c70-4ae2-ab86-2d616dd829b8,1707,2022/11/17 15:18,254,0,44500,41
70734119,LL22150501M,9.82091E+14,1707,2022/11/17 15:23,210,0,34000,95
70721340,LL22144904M,9.82091E+14,1707,2022/11/17 15:27,578,0,43500,296
70732905,LL22141101M,9.82091E+14,1707,2022/11/17 15:37,548,0,35000,121
70734154,LL22150506M,9.82091E+14,1707,2022/11/17 15:47,229,0,39000,90
70739179,LL22133202M,699b78b7-0c70-4ae2-ab86-2d616dd829b8,1707,2022/11/17 15:50,399,0,44500,266
70734162,LL22150204M,9.82091E+14,1707,2022/11/17 15:57,111,0,30500,23
70734852,LL22148101M,9.82091E+14,1707,2022/11/17 15:59,350,0,31500,116
70734852,LL22148101M,9.82091E+14,1707,2022/11/17 16:05,149,0,31500,33
70734162,LL22150204M,9.82091E+14,1707,2022/11/17 16:08,384,0,31000,142
70734891,LL22149402M,9.82091E+14,1707,2022/11/17 16:15,489,0,34000,150
70739142,LL22150005M,9.82091E+14,1707,2022/11/17 16:23,74,0,33000,23
70734119,LL22150501M,9.82091E+14,1707,2022/11/17 16:25,436,0,34000,205
70734154,LL22150506M,9.82091E+14,1707,2022/11/17 16:33,304,0,39000,162
70734852,LL22148101M,9.82091E+14,1707,2022/11/17 16:38,546,0,31500,162
70734891,LL22149402M,9.82091E+14,1707,2022/11/17 16:50,505,0,34500,178
70734876,LL22153804M,9.82091E+14,1707,2022/11/17 17:02,630,0,38500,242
70732905,LL22141101M,9.82091E+14,1707,2022/11/17 17:12,413,0,35500,155
70734848,LL22148404M,9.82091E+14,1707,2022/11/17 18:01,476,0,41000,317
70734162,LL22150204M,9.82091E+14,1707,2022/11/17 18:32,139,0,31000,49
70739142,LL22150005M,9.82091E+14,1707,2022/11/17 18:37,256,0,33000,56
70721340,LL22144904M,9.82091E+14,1707,2022/11/17 18:41,334,0,44500,60
70734876,LL22153804M,9.82091E+14,1707,2022/11/17 18:50,495,0,38000,174
70734119,LL22150501M,9.82091E+14,1707,2022/11/17 20:01,101,0,34000,35
70734852,LL22148101M,9.82091E+14,1707,2022/11/17 20:20,48,0,,1
70739179,LL22133202M,699b78b7-0c70-4ae2-ab86-2d616dd829b8,1707,2022/11/17 20:26,250,0,45500,137
70734119,LL22150501M,9.82091E+14,1707,2022/11/17 20:39,138,0,35000,70
70721340,LL22144904M,9.82091E+14,1707,2022/11/17 20:44,327,0,44500,97
70734154,LL22150506M,9.82091E+14,1707,2022/11/17 20:54,250,0,40000,143
70739142,LL22150005M,9.82091E+14,1707,2022/11/17 20:59,622,0,33000,201
70734162,LL22150204M,9.82091E+14,1707,2022/11/17 21:09,168,0,31500,30
70721340,LL22144904M,9.82091E+14,1707,2022/11/17 21:12,147,0,44000,35
70734891,LL22149402M,9.82091E+14,1707,2022/11/17 21:16,213,0,35500,63
70734876,LL22153804M,9.82091E+14,1707,2022/11/17 21:55,193,0,38500,71
70734119,LL22150501M,9.82091E+14,1707,2022/11/17 21:58,190,0,34500,100
70739179,LL22133202M,699b78b7-0c70-4ae2-ab86-2d616dd829b8,1707,2022/11/17 22:03,614,0,45000,237
70721340,LL22144904M,9.82091E+14,1707,2022/11/17 22:27,282,0,44000,80
70734154,LL22150506M,9.82091E+14,1707,2022/11/17 22:33,257,0,39500,70
70734154,LL22150506M,9.82091E+14,1707,2022/11/17 22:40,271,0,39500,135
70734848,LL22148404M,9.82091E+14,1707,2022/11/17 23:00,362,0,41500,240
70739179,LL22133202M,699b78b7-0c70-4ae2-ab86-2d616dd829b8,1707,2022/11/17 23:34,373,0,45000,88
70739179,LL22133202M,699b78b7-0c70-4ae2-ab86-2d616dd829b8,1707,2022/11/17 23:43,459,0,45500,258
70734876,LL22153804M,9.82091E+14,1707,2022/11/17 23:53,297,0,38750,98
70734162,LL22150204M,9.82091E+14,1707,2022/11/17 23:58,266,0,31000,74
70732905,LL22141101M,9.82091E+14,1707,2022/11/18 0:03,194,0,35000,62
70739142,LL22150005M,9.82091E+14,1707,2022/11/18 0:07,29,0,,3
70734876,LL22153804M,9.82091E+14,1707,2022/11/18 0:13,85,0,39000,10
70734154,LL22150506M,9.82091E+14,1707,2022/11/18 0:16,149,0,40000,38
70721340,LL22144904M,9.82091E+14,1707,2022/11/18 0:23,475,0,44500,301
70734891,LL22149402M,9.82091E+14,1707,2022/11/18 0:36,643,0,35000,222
70732905,LL22141101M,9.82091E+14,1707,2022/11/18 1:54,748,0,29500,345
70734119,LL22150501M,9.82091E+14,1707,2022/11/18 2:09,549,0,35000,223
70734848,LL22148404M,9.82091E+14,1707,2022/11/18 2:19,260,0,41500,68
70734154,LL22150506M,9.82091E+14,1707,2022/11/18 2:57,492,0,40000,246
70739142,LL22150005M,9.82091E+14,1707,2022/11/18 3:09,540,0,32500,152
70734876,LL22153804M,9.82091E+14,1707,2022/11/18 3:18,1265,0,38000,376
70734848,LL22148404M,9.82091E+14,1707,2022/11/18 3:41,394,0,42000,211
70739179,LL22133202M,699b78b7-0c70-4ae2-ab86-2d616dd829b8,1707,2022/11/18 4:45,461,0,45500,293
70721340,LL22144904M,9.82091E+14,1707,2022/11/18 4:53,424,0,45000,184
70734891,LL22149402M,9.82091E+14,1707,2022/11/18 5:15,624,0,35500,295
70734154,LL22150506M,9.82091E+14,1707,2022/11/18 5:27,466,0,39500,159
70739142,LL22150005M,9.82091E+14,1707,2022/11/18 5:36,371,0,33000,63
70734162,LL22150204M,9.82091E+14,1707,2022/11/18 5:44,628,0,31500,268
70734848,LL22148404M,9.82091E+14,1707,2022/11/18 6:39,384,0,41500,229
70721340,LL22144904M,9.82091E+14,1707,2022/11/18 6:50,534,0,44000,356
70732905,LL22141101M,9.82091E+14,1707,2022/11/18 7:00,393,0,34000,126
70739142,LL22150005M,9.82091E+14,1707,2022/11/18 7:08,169,0,32500,27
70739142,LL22150005M,9.82091E+14,1707,2022/11/18 7:12,409,0,32500,156
70734876,LL22153804M,9.82091E+14,1707,2022/11/18 7:20,616,0,38000,218
70734852,LL22148101M,9.82091E+14,1707,2022/11/18 7:32,429,0,30000,32
70734154,LL22150506M,9.82091E+14,1707,2022/11/18 7:39,856,0,39500,367
70734891,LL22149402M,9.82091E+14,1707,2022/11/18 7:55,477,0,35500,125
70734119,LL22150501M,9.82091E+14,1707,2022/11/18 8:04,554,0,34000,265
70739142,LL22150005M,9.82091E+14,1707,2022/11/18 8:28,503,0,28500,158
70734162,LL22150204M,9.82091E+14,1707,2022/11/18 8:37,246,0,44000,82
70734852,LL22148101M,9.82091E+14,1707,2022/11/18 8:42,842,0,29500,140
70732905,LL22141101M,9.82091E+14,1707,2022/11/18 8:56,1739,0,35000,680
70721340,LL22144904M,9.82091E+14,1707,2022/11/18 9:25,500,0,44000,231
70734848,LL22148404M,9.82091E+14,1707,2022/11/18 9:33,313,0,41500,97
70739142,LL22150005M,9.82091E+14,1707,2022/11/18 9:49,461,0,32500,118
70734162,LL22150204M,9.82091E+14,1707,2022/11/18 9:59,876,0,31000,241
70734162,LL22150204M,9.82091E+14,1707,2022/11/18 10:15,162,0,54500,13
70739179,LL22133202M,699b78b7-0c70-4ae2-ab86-2d616dd829b8,1707,2022/11/18 10:19,424,0,45500,235
70734876,LL22153804M,9.82091E+14,1707,2022/11/18 10:26,1068,0,38500,303
70734154,LL22150506M,9.82091E+14,1707,2022/11/18 10:44,412,0,40750,106
70734876,LL22153804M,9.82091E+14,1707,2022/11/18 10:51,347,0,39000,9
70734154,LL22150506M,9.82091E+14,1707,2022/11/18 10:58,495,0,40000,249
70734154,LL22150506M,9.82091E+14,1707,2022/11/18 11:11,119,0,40000,37
70734119,LL22150501M,9.82091E+14,1707,2022/11/18 11:13,487,0,34500,198
70732905,LL22141101M,9.82091E+14,1707,2022/11/18 11:24,214,0,35500,51
70734891,LL22149402M,9.82091E+14,1707,2022/11/18 11:28,679,0,34500,297
70734876,LL22153804M,9.82091E+14,1707,2022/11/18 11:40,484,0,38500,128
70734154,LL22150506M,9.82091E+14,1707,2022/11/18 11:48,57,0,,10
70734891,LL22149402M,9.82091E+14,1707,2022/11/18 11:50,119,0,35000,2
70734891,LL22149402M,9.82091E+14,1707,2022/11/18 11:54,563,0,35000,143
70734852,LL22148101M,9.82091E+14,1707,2022/11/18 12:03,896,0,29500,78
70734162,LL22150204M,9.82091E+14,1707,2022/11/18 12:19,464,0,31500,140
70734848,LL22148404M,9.82091E+14,1707,2022/11/18 12:26,424,0,41000,97
70721340,LL22144904M,9.82091E+14,1707,2022/11/18 12:39,969,0,44000,388
70732905,LL22141101M,9.82091E+14,1707,2022/11/18 12:55,223,0,36500,51
70739142,LL22150005M,9.82091E+14,1707,2022/11/18 12:59,568,0,77000,83
70739179,LL22133202M,699b78b7-0c70-4ae2-ab86-2d616dd829b8,1707,2022/11/18 13:08,437,0,46000,64
70734876,LL22153804M,9.82091E+14,1707,2022/11/18 13:16,946,0,39500,294
70734119,LL22150501M,9.82091E+14,1707,2022/11/18 13:32,665,0,35000,262
70739179,LL22133202M,699b78b7-0c70-4ae2-ab86-2d616dd829b8,1707,2022/11/18 13:43,724,0,45000,302
70739142,LL22150005M,9.82091E+14,1707,2022/11/18 13:55,710,0,33000,201
70734162,LL22150204M,9.82091E+14,1707,2022/11/18 14:07,489,0,38000,218
70734154,LL22150506M,9.82091E+14,1707,2022/11/18 14:16,318,0,41000,127
70734891,LL22149402M,9.82091E+14,1707,2022/11/18 14:21,410,0,36000,68
70734852,LL22148101M,9.82091E+14,1707,2022/11/18 14:29,420,0,30000,2
70734852,LL22148101M,9.82091E+14,1707,2022/11/18 14:38,695,0,41500,104
70734119,LL22150501M,9.82091E+14,1707,2022/11/18 14:50,428,0,35000,231
70734891,LL22149402M,9.82091E+14,1707,2022/11/18 14:58,354,0,36500,86
70734848,LL22148404M,9.82091E+14,1707,2022/11/18 15:04,704,0,41000,454
70732905,LL22141101M,9.82091E+14,1707,2022/11/18 15:16,463,0,36000,136
70721340,LL22144904M,9.82091E+14,1707,2022/11/18 15:24,723,0,62000,405
70739179,LL22133202M,699b78b7-0c70-4ae2-ab86-2d616dd829b8,1707,2022/11/18 15:36,290,0,45500,70
70734162,LL22150204M,9.82091E+14,1707,2022/11/18 15:41,483,0,32000,57
70734154,LL22150506M,9.82091E+14,1707,2022/11/18 15:50,489,0,41000,274
70734162,LL22150204M,9.82091E+14,1707,2022/11/18 15:58,483,0,32000,163
70734891,LL22149402M,9.82091E+14,1707,2022/11/18 16:06,583,0,36000,70
70734891,LL22149402M,9.82091E+14,1707,2022/11/18 16:18,666,0,36000,195
70739142,LL22150005M,9.82091E+14,1707,2022/11/18 16:29,449,0,33500,152
70734162,LL22150204M,9.82091E+14,1707,2022/11/18 16:37,80,0,32000,18
70732905,LL22141101M,9.82091E+14,1707,2022/11/18 16:39,196,0,36500,61
70739142,LL22150005M,9.82091E+14,1707,2022/11/18 16:42,102,0,33500,10
70734852,LL22148101M,9.82091E+14,1707,2022/11/18 16:44,282,0,30000,3
70734891,LL22149402M,9.82091E+14,1707,2022/11/18 16:49,70,0,36000,1
70732905,LL22141101M,9.82091E+14,1707,2022/11/18 16:50,238,0,36000,58
70734852,LL22148101M,9.82091E+14,1707,2022/11/18 16:55,443,0,30500,30
70739179,LL22133202M,699b78b7-0c70-4ae2-ab86-2d616dd829b8,1707,2022/11/18 17:02,479,0,45500,233
70732905,LL22141101M,9.82091E+14,1707,2022/11/18 17:10,440,0,36500,164
70734876,LL22153804M,9.82091E+14,1707,2022/11/18 17:18,430,0,40000,71
70721340,LL22144904M,9.82091E+14,1707,2022/11/18 17:26,696,0,45250,323
70734852,LL22148101M,9.82091E+14,1707,2022/11/18 17:43,1360,0,30500,219
70734848,LL22148404M,9.82091E+14,1707,2022/11/18 18:07,390,0,42000,288
70739179,LL22133202M,699b78b7-0c70-4ae2-ab86-2d616dd829b8,1707,2022/11/18 18:44,249,0,45500,78
70739142,LL22150005M,9.82091E+14,1707,2022/11/18 18:53,590,0,27500,216
70721340,LL22144904M,9.82091E+14,1707,2022/11/18 19:56,227,0,45500,100
70732905,LL22141101M,9.82091E+14,1707,2022/11/18 20:00,230,0,36500,79
70734162,LL22150204M,9.82091E+14,1707,2022/11/18 20:26,488,0,32000,84
70734876,LL22153804M,9.82091E+14,1707,2022/11/18 20:35,465,0,40000,103
70734891,LL22149402M,9.82091E+14,1707,2022/11/18 20:43,291,0,36000,31
70734852,LL22148101M,9.82091E+14,1707,2022/11/18 20:48,831,0,31000,146
70721340,LL22144904M,9.82091E+14,1707,2022/11/18 21:04,273,0,45500,149
70739142,LL22150005M,9.82091E+14,1707,2022/11/18 21:12,253,0,34000,57
70734154,LL22150506M,9.82091E+14,1707,2022/11/18 21:16,965,0,41000,400
70734154,LL22150506M,9.82091E+14,1707,2022/11/18 21:41,172,0,40500,77
70734848,LL22148404M,9.82091E+14,1707,2022/11/18 21:45,60,0,,13
70739142,LL22150005M,9.82091E+14,1707,2022/11/18 21:48,156,0,33500,40
70734162,LL22150204M,9.82091E+14,1707,2022/11/18 21:53,257,0,31500,63
70739179,LL22133202M,699b78b7-0c70-4ae2-ab86-2d616dd829b8,1707,2022/11/18 22:55,427,0,46000,294
70734876,LL22153804M,9.82091E+14,1707,2022/11/18 23:19,1014,0,39500,242
70721340,LL22144904M,9.82091E+14,1707,2022/11/19 0:06,310,0,46000,220
70734848,LL22148404M,9.82091E+14,1707,2022/11/19 1:01,157,0,42000,79
70739179,LL22133202M,699b78b7-0c70-4ae2-ab86-2d616dd829b8,1707,2022/11/19 1:31,129,0,45500,28
70739142,LL22150005M,9.82091E+14,1707,2022/11/19 1:37,516,0,34000,138
70739142,LL22150005M,9.82091E+14,1707,2022/11/19 1:47,236,0,32000,77
70734891,LL22149402M,9.82091E+14,1707,2022/11/19 2:08,622,0,36000,256
70734119,LL22150501M,9.82091E+14,1707,2022/11/19 2:21,872,0,34500,349
70734162,LL22150204M,9.82091E+14,1707,2022/11/19 2:43,527,0,32000,293
70734852,LL22148101M,9.82091E+14,1707,2022/11/19 3:01,849,0,31500,208
70734876,LL22153804M,9.82091E+14,1707,2022/11/19 3:21,986,0,39000,342
70732905,LL22141101M,9.82091E+14,1707,2022/11/19 3:38,394,0,36000,121
70734891,LL22149402M,9.82091E+14,1707,2022/11/19 3:45,187,0,36000,10
70732905,LL22141101M,9.82091E+14,1707,2022/11/19 3:49,137,0,36000,30
70721340,LL22144904M,9.82091E+14,1707,2022/11/19 3:51,437,0,45500,45
70739179,LL22133202M,699b78b7-0c70-4ae2-ab86-2d616dd829b8,1707,2022/11/19 4:00,483,0,45000,285
70734154,LL22150506M,9.82091E+14,1707,2022/11/19 4:21,1043,0,41000,390
70721340,LL22144904M,9.82091E+14,1707,2022/11/19 4:42,429,0,45000,261
70734154,LL22150506M,9.82091E+14,1707,2022/11/19 4:49,40,0,,9
70734154,LL22150506M,9.82091E+14,1707,2022/11/19 4:55,75,0,41000,28
70739142,LL22150005M,9.82091E+14,1707,2022/11/19 5:03,339,0,33500,107
70734848,LL22148404M,9.82091E+14,1707,2022/11/19 5:43,423,0,41500,271
70739179,LL22133202M,699b78b7-0c70-4ae2-ab86-2d616dd829b8,1707,2022/11/19 5:52,415,0,45500,268
70732905,LL22141101M,9.82091E+14,1707,2022/11/19 6:10,808,0,35500,297
70734119,LL22150501M,9.82091E+14,1707,2022/11/19 6:42,419,0,35000,177
70739142,LL22150005M,9.82091E+14,1707,2022/11/19 7:07,451,0,33000,154
70734876,LL22153804M,9.82091E+14,1707,2022/11/19 7:36,484,0,34250,148
70721340,LL22144904M,9.82091E+14,1707,2022/11/19 7:45,208,0,45500,35
70734119,LL22150501M,9.82091E+14,1707,2022/11/19 7:48,287,0,35000,118
70734876,LL22153804M,9.82091E+14,1707,2022/11/19 7:54,94,0,39000,13
70734162,LL22150204M,9.82091E+14,1707,2022/11/19 7:56,44,0,,3
70734852,LL22148101M,9.82091E+14,1707,2022/11/19 7:58,1038,0,30500,190
70721340,LL22144904M,9.82091E+14,1707,2022/11/19 8:15,425,0,45000,236
70734162,LL22150204M,9.82091E+14,1707,2022/11/19 8:22,562,0,32000,76
70734891,LL22149402M,9.82091E+14,1707,2022/11/19 8:32,727,0,41500,359
70734154,LL22150506M,9.82091E+14,1707,2022/11/19 8:44,431,0,41750,168
70732905,LL22141101M,9.82091E+14,1707,2022/11/19 8:51,843,0,35000,344
70739142,LL22150005M,9.82091E+14,1707,2022/11/19 9:06,364,0,33500,48
70734876,LL22153804M,9.82091E+14,1707,2022/11/19 9:12,144,0,39000,26
70734848,LL22148404M,9.82091E+14,1707,2022/11/19 9:15,651,0,41000,361
70734162,LL22150204M,9.82091E+14,1707,2022/11/19 9:26,587,0,31500,187
70734852,LL22148101M,9.82091E+14,1707,2022/11/19 9:35,556,0,30500,91
70721340,LL22144904M,9.82091E+14,1707,2022/11/19 9:45,545,0,45000,328
70739179,LL22133202M,699b78b7-0c70-4ae2-ab86-2d616dd829b8,1707,2022/11/19 9:54,323,0,46000,61
70734154,LL22150506M,9.82091E+14,1707,2022/11/19 10:00,837,0,41000,389
70734876,LL22153804M,9.82091E+14,1707,2022/11/19 10:14,764,0,39000,162
70739179,LL22133202M,699b78b7-0c70-4ae2-ab86-2d616dd829b8,1707,2022/11/19 10:27,156,0,46000,13
70734119,LL22150501M,9.82091E+14,1707,2022/11/19 10:30,597,0,35000,265
70734852,LL22148101M,9.82091E+14,1707,2022/11/19 10:41,114,0,30500,26
70739179,LL22133202M,699b78b7-0c70-4ae2-ab86-2d616dd829b8,1707,2022/11/19 10:43,160,0,45500,130
70734891,LL22149402M,9.82091E+14,1707,2022/11/19 10:46,244,0,35000,61
70739142,LL22150005M,9.82091E+14,1707,2022/11/19 10:50,700,0,33500,84
70734162,LL22150204M,9.82091E+14,1707,2022/11/19 11:02,813,0,32000,357
70732905,LL22141101M,9.82091E+14,1707,2022/11/19 11:16,619,0,36000,62
70734119,LL22150501M,9.82091E+14,1707,2022/11/19 11:27,320,0,35000,123
70732905,LL22141101M,9.82091E+14,1707,2022/11/19 11:32,1011,0,36500,413
70734876,LL22153804M,9.82091E+14,1707,2022/11/19 11:49,1382,0,39500,356
70739142,LL22150005M,9.82091E+14,1707,2022/11/19 12:13,803,0,34000,163
70734852,LL22148101M,9.82091E+14,1707,2022/11/19 12:26,1202,0,57500,301
70734848,LL22148404M,9.82091E+14,1707,2022/11/19 12:48,435,0,41500,221
70739179,LL22133202M,699b78b7-0c70-4ae2-ab86-2d616dd829b8,1707,2022/11/19 13:00,753,0,46000,422
70732905,LL22141101M,9.82091E+14,1707,2022/11/19 13:17,568,0,37000,221
70734119,LL22150501M,9.82091E+14,1707,2022/11/19 13:27,228,0,35500,122
70721340,LL22144904M,9.82091E+14,1707,2022/11/19 13:33,511,0,45500,184
70734154,LL22150506M,9.82091E+14,1707,2022/11/19 13:44,574,0,42000,328
70734891,LL22149402M,9.82091E+14,1707,2022/11/19 13:53,1596,0,35000,333
70721340,LL22144904M,9.82091E+14,1707,2022/11/19 14:20,370,0,45000,37
70739142,LL22150005M,9.82091E+14,1707,2022/11/19 14:27,81,0,52250,19
70734162,LL22150204M,9.82091E+14,1707,2022/11/19 14:28,760,0,53000,293
70739142,LL22150005M,9.82091E+14,1707,2022/11/19 14:41,900,0,34000,188
70734876,LL22153804M,9.82091E+14,1707,2022/11/19 14:57,27,0,,2
70734154,LL22150506M,9.82091E+14,1707,2022/11/19 14:58,198,0,41500,83
70721340,LL22144904M,9.82091E+14,1707,2022/11/19 15:01,260,0,45000,242
70734848,LL22148404M,9.82091E+14,1707,2022/11/19 15:06,138,0,41500,68
70734162,LL22150204M,9.82091E+14,1707,2022/11/19 15:09,57,0,,13
70734119,LL22150501M,9.82091E+14,1707,2022/11/19 15:10,234,0,35000,114
70734852,LL22148101M,9.82091E+14,1707,2022/11/19 15:14,14,0,,1
70734848,LL22148404M,9.82091E+14,1707,2022/11/19 15:19,356,0,41500,207
70734876,LL22153804M,9.82091E+14,1707,2022/11/19 15:25,417,0,39500,163
70734162,LL22150204M,9.82091E+14,1707,2022/11/19 15:33,62,0,32500,8
70721340,LL22144904M,9.82091E+14,1707,2022/11/19 15:34,347,0,45000,54
70734119,LL22150501M,9.82091E+14,1707,2022/11/19 15:48,386,0,35500,255
70739179,LL22133202M,699b78b7-0c70-4ae2-ab86-2d616dd829b8,1707,2022/11/19 15:54,363,0,46500,213
70734891,LL22149402M,9.82091E+14,1707,2022/11/19 16:01,1051,0,35500,363
70734852,LL22148101M,9.82091E+14,1707,2022/11/19 16:18,241,0,31000,58
70734154,LL22150506M,9.82091E+14,1707,2022/11/19 16:22,186,0,41500,109
70734852,LL22148101M,9.82091E+14,1707,2022/11/19 16:26,639,0,31000,151
70734162,LL22150204M,9.82091E+14,1707,2022/11/19 16:36,440,0,33000,177
70721340,LL22144904M,9.82091E+14,1707,2022/11/19 16:44,412,0,45000,224
70734848,LL22148404M,9.82091E+14,1707,2022/11/19 17:23,372,0,42500,289
70739142,LL22150005M,9.82091E+14,1707,2022/11/19 17:34,500,0,34500,159
70734876,LL22153804M,9.82091E+14,1707,2022/11/19 18:22,532,0,40000,190
70721340,LL22144904M,9.82091E+14,1707,2022/11/19 18:48,386,0,47000,175
70734848,LL22148404M,9.82091E+14,1707,2022/11/19 20:13,99,0,43000,24
70739179,LL22133202M,699b78b7-0c70-4ae2-ab86-2d616dd829b8,1707,2022/11/19 20:15,156,0,46500,39
70734891,LL22149402M,9.82091E+14,1707,2022/11/19 20:28,577,0,36000,182
70739179,LL22133202M,699b78b7-0c70-4ae2-ab86-2d616dd829b8,1707,2022/11/19 20:41,388,0,47000,274
70734852,LL22148101M,9.82091E+14,1707,2022/11/19 20:48,932,0,32000,251
70732905,LL22141101M,9.82091E+14,1707,2022/11/19 21:11,328,0,37000,145
70734119,LL22150501M,9.82091E+14,1707,2022/11/19 21:31,84,0,36000,37
70721340,LL22144904M,9.82091E+14,1707,2022/11/19 21:34,427,0,47000,221
70734154,LL22150506M,9.82091E+14,1707,2022/11/19 22:24,373,0,42500,121
70734891,LL22149402M,9.82091E+14,1707,2022/11/19 22:33,363,0,36500,141
70734876,LL22153804M,9.82091E+14,1707,2022/11/19 22:40,322,0,40500,119
70721340,LL22144904M,9.82091E+14,1707,2022/11/19 23:42,309,0,47000,135
70734119,LL22150501M,9.82091E+14,1707,2022/11/19 23:51,438,0,35500,159
70734848,LL22148404M,9.82091E+14,1707,2022/11/20 0:47,404,0,43500,287
70721340,LL22144904M,9.82091E+14,1707,2022/11/20 0:56,285,0,47000,118
70739142,LL22150005M,9.82091E+14,1707,2022/11/20 1:04,470,0,34500,169
70734154,LL22150506M,9.82091E+14,1707,2022/11/20 1:13,420,0,42500,196
70734852,LL22148101M,9.82091E+14,1707,2022/11/20 1:27,401,0,32000,112
70721340,LL22144904M,9.82091E+14,1707,2022/11/20 1:35,370,0,47000,94
70734162,LL22150204M,9.82091E+14,1707,2022/11/20 1:43,166,0,33000,20
70721340,LL22144904M,9.82091E+14,1707,2022/11/20 1:46,12,0,,1
70734162,LL22150204M,9.82091E+14,1707,2022/11/20 1:47,41,0,,5
70734162,LL22150204M,9.82091E+14,1707,2022/11/20 1:50,242,0,33000,121
70734891,LL22149402M,9.82091E+14,1707,2022/11/20 1:56,63,0,36500,1
70739179,LL22133202M,699b78b7-0c70-4ae2-ab86-2d616dd829b8,1707,2022/11/20 2:30,286,0,47000,186
70739142,LL22150005M,9.82091E+14,1707,2022/11/20 2:37,499,0,34000,90
70732905,LL22141101M,9.82091E+14,1707,2022/11/20 3:20,168,0,36000,43
70734891,LL22149402M,9.82091E+14,1707,2022/11/20 3:32,302,0,36500,71
70734876,LL22153804M,9.82091E+14,1707,2022/11/20 3:38,537,0,40000,70
70721340,LL22144904M,9.82091E+14,1707,2022/11/20 3:49,357,0,47500,244
70734876,LL22153804M,9.82091E+14,1707,2022/11/20 3:56,1051,0,40000,268
70734154,LL22150506M,9.82091E+14,1707,2022/11/20 4:14,242,0,41750,55
70734891,LL22149402M,9.82091E+14,1707,2022/11/20 4:20,115,0,36500,20
70734162,LL22150204M,9.82091E+14,1707,2022/11/20 4:24,390,0,33000,217
70739142,LL22150005M,9.82091E+14,1707,2022/11/20 4:30,474,0,34500,159
70734154,LL22150506M,9.82091E+14,1707,2022/11/20 4:46,495,0,42000,267
70732905,LL22141101M,9.82091E+14,1707,2022/11/20 4:56,699,0,36000,262
70734119,LL22150501M,9.82091E+14,1707,2022/11/20 5:08,313,0,35500,120
70739179,LL22133202M,699b78b7-0c70-4ae2-ab86-2d616dd829b8,1707,2022/11/20 5:20,357,0,46500,233
70739142,LL22150005M,9.82091E+14,1707,2022/11/20 6:08,560,0,34500,183
70721340,LL22144904M,9.82091E+14,1707,2022/11/20 6:19,290,0,47500,66
70734876,LL22153804M,9.82091E+14,1707,2022/11/20 6:25,268,0,40000,54
70734876,LL22153804M,9.82091E+14,1707,2022/11/20 6:34,597,0,39500,225
70732905,LL22141101M,9.82091E+14,1707,2022/11/20 7:14,356,0,36000,148
70734848,LL22148404M,9.82091E+14,1707,2022/11/20 7:21,465,0,42500,117
70721340,LL22144904M,9.82091E+14,1707,2022/11/20 7:29,701,0,46500,391
70734891,LL22149402M,9.82091E+14,1707,2022/11/20 7:41,911,0,36000,456
70734154,LL22150506M,9.82091E+14,1707,2022/11/20 7:56,1004,0,42500,438
70739142,LL22150005M,9.82091E+14,1707,2022/11/20 8:13,30,0,,6
70734162,LL22150204M,9.82091E+14,1707,2022/11/20 8:14,696,0,33000,226
70734119,LL22150501M,9.82091E+14,1707,2022/11/20 8:26,356,0,35000,99
70734848,LL22148404M,9.82091E+14,1707,2022/11/20 8:32,486,0,43000,335
70734119,LL22150501M,9.82091E+14,1707,2022/11/20 8:40,537,0,35500,216
70732905,LL22141101M,9.82091E+14,1707,2022/11/20 8:49,189,0,54000,97
70734852,LL22148101M,9.82091E+14,1707,2022/11/20 8:52,1445,0,32000,357
70739179,LL22133202M,699b78b7-0c70-4ae2-ab86-2d616dd829b8,1707,2022/11/20 9:17,736,0,46500,423
70739142,LL22150005M,9.82091E+14,1707,2022/11/20 9:31,595,0,34000,189
70732905,LL22141101M,9.82091E+14,1707,2022/11/20 9:41,751,0,36000,358
70734876,LL22153804M,9.82091E+14,1707,2022/11/20 9:54,1385,0,39000,417
70734162,LL22150204M,9.82091E+14,1707,2022/11/20 10:39,759,0,33250,319
70734119,LL22150501M,9.82091E+14,1707,2022/11/20 10:51,738,0,36000,326
70734154,LL22150506M,9.82091E+14,1707,2022/11/20 11:04,795,0,43000,358
70721340,LL22144904M,9.82091E+14,1707,2022/11/20 11:18,961,0,46250,220
70739142,LL22150005M,9.82091E+14,1707,2022/11/20 11:34,1073,0,34500,346
70734852,LL22148101M,9.82091E+14,1707,2022/11/20 11:53,563,0,32500,109
70734891,LL22149402M,9.82091E+14,1707,2022/11/20 12:03,864,0,36000,382
70721340,LL22144904M,9.82091E+14,1707,2022/11/20 12:17,24,0,,10
70732905,LL22141101M,9.82091E+14,1707,2022/11/20 12:18,1447,0,36500,539
70739179,LL22133202M,699b78b7-0c70-4ae2-ab86-2d616dd829b8,1707,2022/11/20 12:42,896,0,46500,177
70734154,LL22150506M,9.82091E+14,1707,2022/11/20 12:57,309,0,43000,168
70721340,LL22144904M,9.82091E+14,1707,2022/11/20 13:02,460,0,46000,281
70721340,LL22144904M,9.82091E+14,1707,2022/11/20 13:12,409,0,46500,268
70739179,LL22133202M,699b78b7-0c70-4ae2-ab86-2d616dd829b8,1707,2022/11/20 13:20,579,0,46500,166
70734119,LL22150501M,9.82091E+14,1707,2022/11/20 13:30,670,0,36500,283
70734876,LL22153804M,9.82091E+14,1707,2022/11/20 13:41,969,0,41000,308
70734162,LL22150204M,9.82091E+14,1707,2022/11/20 14:00,12,0,,16
70734852,LL22148101M,9.82091E+14,1707,2022/11/20 14:00,726,0,39000,237
70734848,LL22148404M,9.82091E+14,1707,2022/11/20 14:12,686,0,42000,341
70739142,LL22150005M,9.82091E+14,1707,2022/11/20 14:26,711,0,35000,247
70734891,LL22149402M,9.82091E+14,1707,2022/11/20 14:38,386,0,36500,137
70734162,LL22150204M,9.82091E+14,1707,2022/11/20 14:44,341,0,41750,104
70734876,LL22153804M,9.82091E+14,1707,2022/11/20 14:50,563,0,41000,181
70739179,LL22133202M,699b78b7-0c70-4ae2-ab86-2d616dd829b8,1707,2022/11/20 15:00,387,0,46500,207
70734162,LL22150204M,9.82091E+14,1707,2022/11/20 15:06,374,0,33000,141
70732905,LL22141101M,9.82091E+14,1707,2022/11/20 15:12,26,0,,5
70734848,LL22148404M,9.82091E+14,1707,2022/11/20 15:13,9,0,,1
70732905,LL22141101M,9.82091E+14,1707,2022/11/20 15:13,52,0,,11
70734891,LL22149402M,9.82091E+14,1707,2022/11/20 15:15,13,0,,1
70734162,LL22150204M,9.82091E+14,1707,2022/11/20 15:16,37,0,,2
70739179,LL22133202M,699b78b7-0c70-4ae2-ab86-2d616dd829b8,1707,2022/11/20 15:17,13,0,,1
70734162,LL22150204M,9.82091E+14,1707,2022/11/20 15:18,71,0,33000,14
70734154,LL22150506M,9.82091E+14,1707,2022/11/20 15:19,407,0,43000,286
70732905,LL22141101M,9.82091E+14,1707,2022/11/20 15:26,381,0,37000,150
70739179,LL22133202M,699b78b7-0c70-4ae2-ab86-2d616dd829b8,1707,2022/11/20 15:32,206,0,47000,34
70734119,LL22150501M,9.82091E+14,1707,2022/11/20 15:36,355,0,36500,170
70734891,LL22149402M,9.82091E+14,1707,2022/11/20 15:43,360,0,37000,137
70732905,LL22141101M,9.82091E+14,1707,2022/11/20 15:49,367,0,37500,156
70734848,LL22148404M,9.82091E+14,1707,2022/11/20 15:55,332,0,42000,99
70734162,LL22150204M,9.82091E+14,1707,2022/11/20 16:01,616,0,33500,252
70734119,LL22150501M,9.82091E+14,1707,2022/11/20 16:12,80,0,36500,42
70734852,LL22148101M,9.82091E+14,1707,2022/11/20 16:13,672,0,32500,187
70734891,LL22149402M,9.82091E+14,1707,2022/11/20 16:25,603,0,37000,138
70739142,LL22150005M,9.82091E+14,1707,2022/11/20 16:35,570,0,32500,175
70734848,LL22148404M,9.82091E+14,1707,2022/11/20 16:45,198,0,42500,103
70739142,LL22150005M,9.82091E+14,1707,2022/11/20 16:49,77,0,35000,11
70721340,LL22144904M,9.82091E+14,1707,2022/11/20 16:52,265,0,47000,112
70734848,LL22148404M,9.82091E+14,1707,2022/11/20 16:57,12,0,,1
70739179,LL22133202M,699b78b7-0c70-4ae2-ab86-2d616dd829b8,1707,2022/11/20 16:58,623,0,47000,355
70739179,LL22133202M,699b78b7-0c70-4ae2-ab86-2d616dd829b8,1707,2022/11/20 17:18,68,0,48000,1
70721340,LL22144904M,9.82091E+14,1707,2022/11/20 18:06,435,0,46500,313
70734876,LL22153804M,9.82091E+14,1707,2022/11/20 18:15,522,0,40500,175
70734154,LL22150506M,9.82091E+14,1707,2022/11/20 18:32,50,0,,17
70739142,LL22150005M,9.82091E+14,1707,2022/11/20 19:17,316,0,35500,51
70734119,LL22150501M,9.82091E+14,1707,2022/11/20 19:25,186,0,36500,90
70739142,LL22150005M,9.82091E+14,1707,2022/11/20 19:28,320,0,35000,138
70734154,LL22150506M,9.82091E+14,1707,2022/11/20 20:21,288,0,43000,151
70734848,LL22148404M,9.82091E+14,1707,2022/11/20 20:27,462,0,42000,181
70734876,LL22153804M,9.82091E+14,1707,2022/11/20 20:36,128,0,41000,16
70734891,LL22149402M,9.82091E+14,1707,2022/11/20 20:39,412,0,37000,55
70721340,LL22144904M,9.82091E+14,1707,2022/11/20 21:40,344,0,47500,271
70734852,LL22148101M,9.82091E+14,1707,2022/11/20 21:46,532,0,32500,157
70739179,LL22133202M,699b78b7-0c70-4ae2-ab86-2d616dd829b8,1707,2022/11/20 22:12,354,0,48000,279
70734891,LL22149402M,9.82091E+14,1707,2022/11/20 22:49,426,0,36500,180
70734162,LL22150204M,9.82091E+14,1707,2022/11/20 22:58,429,0,33500,231
70732905,LL22141101M,9.82091E+14,1707,2022/11/20 23:07,375,0,37500,154
70734154,LL22150506M,9.82091E+14,1707,2022/11/20 23:14,266,0,43000,117
70734154,LL22150506M,9.82091E+14,1707,2022/11/20 23:36,303,0,43000,59
70734154,LL22150506M,9.82091E+14,1707,2022/11/20 23:50,261,0,43000,162
70721340,LL22144904M,9.82091E+14,1707,2022/11/20 23:57,309,0,47500,196
70734852,LL22148101M,9.82091E+14,1707,2022/11/21 0:17,366,0,32500,99
70739179,LL22133202M,699b78b7-0c70-4ae2-ab86-2d616dd829b8,1707,2022/11/21 0:38,173,0,47000,46
70739179,LL22133202M,699b78b7-0c70-4ae2-ab86-2d616dd829b8,1707,2022/11/21 0:43,483,0,47500,269
70734848,LL22148404M,9.82091E+14,1707,2022/11/21 1:31,431,0,42500,232
70739142,LL22150005M,9.82091E+14,1707,2022/11/21 1:53,628,0,35500,257
70734876,LL22153804M,9.82091E+14,1707,2022/11/21 2:03,718,0,34500,243
70734162,LL22150204M,9.82091E+14,1707,2022/11/21 2:30,245,0,33500,130
70734119,LL22150501M,9.82091E+14,1707,2022/11/21 2:35,360,0,36000,155
70739179,LL22133202M,699b78b7-0c70-4ae2-ab86-2d616dd829b8,1707,2022/11/21 3:27,200,0,47500,114
70721340,LL22144904M,9.82091E+14,1707,2022/11/21 3:38,237,0,47000,92
70732905,LL22141101M,9.82091E+14,1707,2022/11/21 3:43,90,0,36500,29
70739142,LL22150005M,9.82091E+14,1707,2022/11/21 3:51,416,0,35500,161
70721340,LL22144904M,9.82091E+14,1707,2022/11/21 4:02,322,0,47500,190
70739142,LL22150005M,9.82091E+14,1707,2022/11/21 4:07,39,0,,12
70739142,LL22150005M,9.82091E+14,1707,2022/11/21 4:12,188,0,35500,19
70734154,LL22150506M,9.82091E+14,1707,2022/11/21 4:22,354,0,43000,110
70734154,LL22150506M,9.82091E+14,1707,2022/11/21 4:31,189,0,43000,54
70734876,LL22153804M,9.82091E+14,1707,2022/11/21 4:34,522,0,35000,94
70734891,LL22149402M,9.82091E+14,1707,2022/11/21 4:47,1011,0,37000,404
70734119,LL22150501M,9.82091E+14,1707,2022/11/21 5:04,558,0,36000,238
70734162,LL22150204M,9.82091E+14,1707,2022/11/21 5:15,368,0,33500,204
70732905,LL22141101M,9.82091E+14,1707,2022/11/21 5:22,557,0,36500,181
70739179,LL22133202M,699b78b7-0c70-4ae2-ab86-2d616dd829b8,1707,2022/11/21 5:46,443,0,48000,297
70734876,LL22153804M,9.82091E+14,1707,2022/11/21 6:13,775,0,34500,221
70734154,LL22150506M,9.82091E+14,1707,2022/11/21 6:28,776,0,43000,343
70739142,LL22150005M,9.82091E+14,1707,2022/11/21 6:42,456,0,35500,135
70732905,LL22141101M,9.82091E+14,1707,2022/11/21 6:51,938,0,37000,387
70721340,LL22144904M,9.82091E+14,1707,2022/11/21 7:07,506,0,47000,156
70734154,LL22150506M,9.82091E+14,1707,2022/11/21 7:20,29,0,,5
70721340,LL22144904M,9.82091E+14,1707,2022/11/21 7:21,121,0,47000,12
70734876,LL22153804M,9.82091E+14,1707,2022/11/21 7:25,284,0,41000,50
70734119,LL22150501M,9.82091E+14,1707,2022/11/21 7:30,383,0,36500,158
70734154,LL22150506M,9.82091E+14,1707,2022/11/21 7:37,220,0,43500,100
70734891,LL22149402M,9.82091E+14,1707,2022/11/21 7:41,300,0,37000,92
70734154,LL22150506M,9.82091E+14,1707,2022/11/21 7:47,40,0,,17
70739179,LL22133202M,699b78b7-0c70-4ae2-ab86-2d616dd829b8,1707,2022/11/21 7:50,575,0,48500,266
70734848,LL22148404M,9.82091E+14,1707,2022/11/21 8:02,670,0,42000,341
70721340,LL22144904M,9.82091E+14,1707,2022/11/21 8:13,56,0,,19
70734162,LL22150204M,9.82091E+14,1707,2022/11/21 8:15,202,0,34000,18
70734852,LL22148101M,9.82091E+14,1707,2022/11/21 8:18,1188,0,32000,270
70734162,LL22150204M,9.82091E+14,1707,2022/11/21 8:38,382,0,33500,157
70739179,LL22133202M,699b78b7-0c70-4ae2-ab86-2d616dd829b8,1707,2022/11/21 8:45,213,0,48500,50
70732905,LL22141101M,9.82091E+14,1707,2022/11/21 8:50,46,0,,1
70739142,LL22150005M,9.82091E+14,1707,2022/11/21 8:51,352,0,35500,39
70734119,LL22150501M,9.82091E+14,1707,2022/11/21 8:58,349,0,36000,151
70734876,LL22153804M,9.82091E+14,1707,2022/11/21 9:04,967,0,40000,334
70734154,LL22150506M,9.82091E+14,1707,2022/11/21 9:20,352,0,43500,164
70739142,LL22150005M,9.82091E+14,1707,2022/11/21 9:26,643,0,35000,239
70721340,LL22144904M,9.82091E+14,1707,2022/11/21 9:37,674,0,46500,444
70739142,LL22150005M,9.82091E+14,1707,2022/11/21 9:49,195,0,35500,34
70721340,LL22144904M,9.82091E+14,1707,2022/11/21 9:54,255,0,46500,129
70739142,LL22150005M,9.82091E+14,1707,2022/11/21 9:59,134,0,35000,56
70734119,LL22150501M,9.82091E+14,1707,2022/11/21 10:04,444,0,36500,206
70734891,LL22149402M,9.82091E+14,1707,2022/11/21 10:17,716,0,37000,230
70732905,LL22141101M,9.82091E+14,1707,2022/11/21 10:29,94,0,38000,22
70734154,LL22150506M,9.82091E+14,1707,2022/11/21 10:31,54,0,,15
70732905,LL22141101M,9.82091E+14,1707,2022/11/21 10:32,84,0,38000,29
70734162,LL22150204M,9.82091E+14,1707,2022/11/21 10:34,20,0,,1
70732905,LL22141101M,9.82091E+14,1707,2022/11/21 10:35,56,0,,7
70734876,LL22153804M,9.82091E+14,1707,2022/11/21 10:36,519,0,41000,229
70734119,LL22150501M,9.82091E+14,1707,2022/11/21 10:45,40,0,,23
70739179,LL22133202M,699b78b7-0c70-4ae2-ab86-2d616dd829b8,1707,2022/11/21 10:46,115,0,48500,64
70734876,LL22153804M,9.82091E+14,1707,2022/11/21 10:48,229,0,41500,70
70734162,LL22150204M,9.82091E+14,1707,2022/11/21 10:52,199,0,33500,43
70734848,LL22148404M,9.82091E+14,1707,2022/11/21 10:56,305,0,42500,75
70732905,LL22141101M,9.82091E+14,1707,2022/11/21 11:01,1150,0,38000,407
70734852,LL22148101M,9.82091E+14,1707,2022/11/21 11:21,991,0,31500,149
70739179,LL22133202M,699b78b7-0c70-4ae2-ab86-2d616dd829b8,1707,2022/11/21 11:38,522,0,48500,254
70739142,LL22150005M,9.82091E+14,1707,2022/11/21 11:47,173,0,36000,34
70734891,LL22149402M,9.82091E+14,1707,2022/11/21 11:51,233,0,36500,75
70734162,LL22150204M,9.82091E+14,1707,2022/11/21 12:00,748,0,33500,317
70734848,LL22148404M,9.82091E+14,1707,2022/11/21 12:13,523,0,42500,257
70734154,LL22150506M,9.82091E+14,1707,2022/11/21 12:22,682,0,43500,351
70739142,LL22150005M,9.82091E+14,1707,2022/11/21 12:37,310,0,35500,85
70739142,LL22150005M,9.82091E+14,1707,2022/11/21 12:44,212,0,35500,80
70734119,LL22150501M,9.82091E+14,1707,2022/11/21 13:06,416,0,72000,198
70739179,LL22133202M,699b78b7-0c70-4ae2-ab86-2d616dd829b8,1707,2022/11/21 13:13,369,0,48500,172
70732905,LL22141101M,9.82091E+14,1707,2022/11/21 13:24,185,0,38000,41
70732905,LL22141101M,9.82091E+14,1707,2022/11/21 13:29,645,0,38000,303
70721340,LL22144904M,9.82091E+14,1707,2022/11/21 13:40,425,0,47500,198
70734876,LL22153804M,9.82091E+14,1707,2022/11/21 13:48,592,0,41500,118
70734852,LL22148101M,9.82091E+14,1707,2022/11/21 13:58,1287,0,32000,297
70734891,LL22149402M,9.82091E+14,1707,2022/11/21 14:20,946,0,36500,453
70734119,LL22150501M,9.82091E+14,1707,2022/11/21 14:36,359,0,37000,200
70734154,LL22150506M,9.82091E+14,1707,2022/11/21 14:42,239,0,44000,87
70734162,LL22150204M,9.82091E+14,1707,2022/11/21 14:46,272,0,35250,37
70734876,LL22153804M,9.82091E+14,1707,2022/11/21 14:51,821,0,41500,324
70734162,LL22150204M,9.82091E+14,1707,2022/11/21 15:05,548,0,34000,187
70732905,LL22141101M,9.82091E+14,1707,2022/11/21 15:14,15,0,,1
70739142,LL22150005M,9.82091E+14,1707,2022/11/21 15:15,144,0,35500,18
70739179,LL22133202M,699b78b7-0c70-4ae2-ab86-2d616dd829b8,1707,2022/11/21 15:19,421,0,49000,285
70739142,LL22150005M,9.82091E+14,1707,2022/11/21 15:26,229,0,35500,89
70734848,LL22148404M,9.82091E+14,1707,2022/11/21 15:30,714,0,42500,461
70721340,LL22144904M,9.82091E+14,1707,2022/11/21 15:43,416,0,47000,181
70734119,LL22150501M,9.82091E+14,1707,2022/11/21 15:50,103,0,37000,26
70734154,LL22150506M,9.82091E+14,1707,2022/11/21 15:51,217,0,44500,161
70734162,LL22150204M,9.82091E+14,1707,2022/11/21 15:55,342,0,34000,169
70734119,LL22150501M,9.82091E+14,1707,2022/11/21 16:01,192,0,37500,104
70721340,LL22144904M,9.82091E+14,1707,2022/11/21 16:04,771,0,47500,407
70734852,LL22148101M,9.82091E+14,1707,2022/11/21 16:17,692,0,32500,162
70732905,LL22141101M,9.82091E+14,1707,2022/11/21 16:30,615,0,38500,241
70734162,LL22150204M,9.82091E+14,1707,2022/11/21 16:41,297,0,34500,114
70739179,LL22133202M,699b78b7-0c70-4ae2-ab86-2d616dd829b8,1707,2022/11/21 16:48,42,0,,6
70739179,LL22133202M,699b78b7-0c70-4ae2-ab86-2d616dd829b8,1707,2022/11/21 16:50,385,0,49500,168
70721340,LL22144904M,9.82091E+14,1707,2022/11/21 17:29,315,0,48000,180
70739142,LL22150005M,9.82091E+14,1707,2022/11/21 17:35,382,0,36000,143
70734876,LL22153804M,9.82091E+14,1707,2022/11/21 17:43,61,0,42500,15
70734852,LL22148101M,9.82091E+14,1707,2022/11/21 17:44,389,0,33000,113
70734876,LL22153804M,9.82091E+14,1707,2022/11/21 17:50,768,0,42500,214
70734891,LL22149402M,9.82091E+14,1707,2022/11/21 18:03,772,0,37500,296
70739142,LL22150005M,9.82091E+14,1707,2022/11/21 18:16,35,0,,7
70734154,LL22150506M,9.82091E+14,1707,2022/11/21 18:24,98,0,43500,53
70732905,LL22141101M,9.82091E+14,1707,2022/11/21 18:26,271,0,39000,104
70734848,LL22148404M,9.82091E+14,1707,2022/11/21 18:32,330,0,43000,223
70734119,LL22150501M,9.82091E+14,1707,2022/11/21 19:41,464,0,37500,170
70721340,LL22144904M,9.82091E+14,1707,2022/11/21 19:53,283,0,49500,194
70739179,LL22133202M,699b78b7-0c70-4ae2-ab86-2d616dd829b8,1707,2022/11/21 20:41,58,0,,1
70734154,LL22150506M,9.82091E+14,1707,2022/11/21 21:16,317,0,44000,126
70734162,LL22150204M,9.82091E+14,1707,2022/11/21 21:27,22,0,,1
70739179,LL22133202M,699b78b7-0c70-4ae2-ab86-2d616dd829b8,1707,2022/11/21 22:25,74,0,49000,21
70734119,LL22150501M,9.82091E+14,1707,2022/11/21 22:27,283,0,37750,138
70734162,LL22150204M,9.82091E+14,1707,2022/11/21 22:32,78,0,35000,19
70734119,LL22150501M,9.82091E+14,1707,2022/11/21 22:33,169,0,37500,63
70739142,LL22150005M,9.82091E+14,1707,2022/11/21 22:36,544,0,36000,219
70734891,LL22149402M,9.82091E+14,1707,2022/11/21 22:53,462,0,38500,181
70734852,LL22148101M,9.82091E+14,1707,2022/11/21 23:01,309,0,33000,77
70734848,LL22148404M,9.82091E+14,1707,2022/11/21 23:08,410,0,43500,312
70734162,LL22150204M,9.82091E+14,1707,2022/11/21 23:15,285,0,34500,127
70732905,LL22141101M,9.82091E+14,1707,2022/11/21 23:23,484,0,38500,207
70739179,LL22133202M,699b78b7-0c70-4ae2-ab86-2d616dd829b8,1707,2022/11/21 23:56,326,0,49000,176
70734876,LL22153804M,9.82091E+14,1707,2022/11/22 0:03,487,0,42500,143
70734852,LL22148101M,9.82091E+14,1707,2022/11/22 0:39,724,0,33000,187
70734891,LL22149402M,9.82091E+14,1707,2022/11/22 0:55,46,0,,1
70721340,LL22144904M,9.82091E+14,1707,2022/11/22 0:56,332,0,48500,197
70721340,LL22144904M,9.82091E+14,1707,2022/11/22 1:33,31,0,,1
70739179,LL22133202M,699b78b7-0c70-4ae2-ab86-2d616dd829b8,1707,2022/11/22 2:16,246,0,49000,71
70739179,LL22133202M,699b78b7-0c70-4ae2-ab86-2d616dd829b8,1707,2022/11/22 2:22,415,0,49000,294
70739142,LL22150005M,9.82091E+14,1707,2022/11/22 3:19,85,0,36000,26
70739142,LL22150005M,9.82091E+14,1707,2022/11/22 3:23,72,0,36000,23
70721340,LL22144904M,9.82091E+14,1707,2022/11/22 3:47,334,0,48500,149
70734162,LL22150204M,9.82091E+14,1707,2022/11/22 3:54,126,0,34500,31
70732905,LL22141101M,9.82091E+14,1707,2022/11/22 3:57,40,0,,6
70732905,LL22141101M,9.82091E+14,1707,2022/11/22 3:59,502,0,38000,222
70734154,LL22150506M,9.82091E+14,1707,2022/11/22 4:10,371,0,43500,149
70739142,LL22150005M,9.82091E+14,1707,2022/11/22 4:17,467,0,35750,97
70734876,LL22153804M,9.82091E+14,1707,2022/11/22 4:26,381,0,41500,80
70734848,LL22148404M,9.82091E+14,1707,2022/11/22 4:48,335,0,44000,254
70734162,LL22150204M,9.82091E+14,1707,2022/11/22 5:07,386,0,34500,181
70734119,LL22150501M,9.82091E+14,1707,2022/11/22 5:13,467,0,37000,199
70739179,LL22133202M,699b78b7-0c70-4ae2-ab86-2d616dd829b8,1707,2022/11/22 5:21,492,0,49000,325
70734876,LL22153804M,9.82091E+14,1707,2022/11/22 5:30,1263,0,41500,441
70734891,LL22149402M,9.82091E+14,1707,2022/11/22 5:51,978,0,37500,461
70721340,LL22144904M,9.82091E+14,1707,2022/11/22 6:23,482,0,49000,198
70721340,LL22144904M,9.82091E+14,1707,2022/11/22 6:33,372,0,48500,236
70739142,LL22150005M,9.82091E+14,1707,2022/11/22 6:41,1025,0,36000,247
70734154,LL22150506M,9.82091E+14,1707,2022/11/22 6:59,244,0,43500,61
70732905,LL22141101M,9.82091E+14,1707,2022/11/22 7:03,212,0,38500,12
70734154,LL22150506M,9.82091E+14,1707,2022/11/22 7:07,437,0,43500,223
70732905,LL22141101M,9.82091E+14,1707,2022/11/22 7:16,564,0,38500,213
70734891,LL22149402M,9.82091E+14,1707,2022/11/22 7:26,27,0,,1
70732905,LL22141101M,9.82091E+14,1707,2022/11/22 7:27,140,0,38500,37
70734162,LL22150204M,9.82091E+14,1707,2022/11/22 7:30,163,0,34500,30
70734852,LL22148101M,9.82091E+14,1707,2022/11/22 7:34,126,0,32000,27
70734162,LL22150204M,9.82091E+14,1707,2022/11/22 7:36,567,0,34000,274
70734876,LL22153804M,9.82091E+14,1707,2022/11/22 7:46,269,0,41500,112
70739179,LL22133202M,699b78b7-0c70-4ae2-ab86-2d616dd829b8,1707,2022/11/22 7:50,269,0,49500,59
70734119,LL22150501M,9.82091E+14,1707,2022/11/22 7:56,411,0,37500,183
70734852,LL22148101M,9.82091E+14,1707,2022/11/22 8:04,865,0,32500,220
70734876,LL22153804M,9.82091E+14,1707,2022/11/22 8:19,187,0,42500,82
70734119,LL22150501M,9.82091E+14,1707,2022/11/22 8:23,462,0,37500,167
70734891,LL22149402M,9.82091E+14,1707,2022/11/22 8:31,308,0,38000,110
70734119,LL22150501M,9.82091E+14,1707,2022/11/22 8:36,40,0,,24
70734154,LL22150506M,9.82091E+14,1707,2022/11/22 8:37,236,0,44000,137
70721340,LL22144904M,9.82091E+14,1707,2022/11/22 8:42,280,0,48000,115
70734162,LL22150204M,9.82091E+14,1707,2022/11/22 8:48,9,0,,1
70732905,LL22141101M,9.82091E+14,1707,2022/11/22 8:48,249,0,38500,33
70739179,LL22133202M,699b78b7-0c70-4ae2-ab86-2d616dd829b8,1707,2022/11/22 8:53,584,0,49000,374
70732905,LL22141101M,9.82091E+14,1707,2022/11/22 9:03,165,0,38500,56
70734848,LL22148404M,9.82091E+14,1707,2022/11/22 9:07,742,0,43500,384
70734154,LL22150506M,9.82091E+14,1707,2022/11/22 9:20,118,0,43500,50
70739179,LL22133202M,699b78b7-0c70-4ae2-ab86-2d616dd829b8,1707,2022/11/22 9:24,347,0,50000,161
70732905,LL22141101M,9.82091E+14,1707,2022/11/22 10:20,751,0,39000,345
70734162,LL22150204M,9.82091E+14,1707,2022/11/22 10:35,247,0,34500,146
70734154,LL22150506M,9.82091E+14,1707,2022/11/22 10:39,159,0,44000,56
70734162,LL22150204M,9.82091E+14,1707,2022/11/22 10:42,198,0,34500,90
70734891,LL22149402M,9.82091E+14,1707,2022/11/22 10:46,412,0,38000,197
70739142,LL22150005M,9.82091E+14,1707,2022/11/22 10:53,87,0,35500,22
70734876,LL22153804M,9.82091E+14,1707,2022/11/22 10:55,295,0,42000,59
70734154,LL22150506M,9.82091E+14,1707,2022/11/22 11:00,84,0,44000,14
70734852,LL22148101M,9.82091E+14,1707,2022/11/22 11:02,535,0,32500,87
70739142,LL22150005M,9.82091E+14,1707,2022/11/22 11:11,966,0,35500,334
70734876,LL22153804M,9.82091E+14,1707,2022/11/22 11:28,590,0,42000,163
70734119,LL22150501M,9.82091E+14,1707,2022/11/22 11:38,490,0,38000,246
70739142,LL22150005M,9.82091E+14,1707,2022/11/22 11:46,142,0,36500,57
70734162,LL22150204M,9.82091E+14,1707,2022/11/22 11:49,105,0,35000,31
70734154,LL22150506M,9.82091E+14,1707,2022/11/22 11:57,265,0,44000,102
70734119,LL22150501M,9.82091E+14,1707,2022/11/22 12:01,299,0,38000,148
70734852,LL22148101M,9.82091E+14,1707,2022/11/22 12:06,1175,0,33000,260
70734891,LL22149402M,9.82091E+14,1707,2022/11/22 12:26,683,0,40000,184
70721340,LL22144904M,9.82091E+14,1707,2022/11/22 12:38,648,0,48000,421
70739179,LL22133202M,699b78b7-0c70-4ae2-ab86-2d616dd829b8,1707,2022/11/22 12:49,1081,0,50000,431
70734848,LL22148404M,9.82091E+14,1707,2022/11/22 13:07,682,0,43500,403
70732905,LL22141101M,9.82091E+14,1707,2022/11/22 13:19,758,0,39000,269
70734154,LL22150506M,9.82091E+14,1707,2022/11/22 13:32,850,0,44500,355
70732905,LL22141101M,9.82091E+14,1707,2022/11/22 13:46,383,0,40000,129
70734876,LL22153804M,9.82091E+14,1707,2022/11/22 13:53,1345,0,42500,471
70734162,LL22150204M,9.82091E+14,1707,2022/11/22 14:15,451,0,35000,67
70739142,LL22150005M,9.82091E+14,1707,2022/11/22 14:23,664,0,37500,202
70739142,LL22150005M,9.82091E+14,1707,2022/11/22 14:36,56,0,,13
70734162,LL22150204M,9.82091E+14,1707,2022/11/22 14:37,979,0,35000,298
70734852,LL22148101M,9.82091E+14,1707,2022/11/22 14:54,1109,0,36000,247
70734891,LL22149402M,9.82091E+14,1707,2022/11/22 15:13,1029,0,38000,395
70739179,LL22133202M,699b78b7-0c70-4ae2-ab86-2d616dd829b8,1707,2022/11/22 15:30,508,0,51000,257
70734119,LL22150501M,9.82091E+14,1707,2022/11/22 15:39,503,0,41000,282
70734162,LL22150204M,9.82091E+14,1707,2022/11/22 15:47,506,0,36000,264
70734119,LL22150501M,9.82091E+14,1707,2022/11/22 15:56,245,0,38500,147
70721340,LL22144904M,9.82091E+14,1707,2022/11/22 16:00,715,0,48500,432
70732905,LL22141101M,9.82091E+14,1707,2022/11/22 16:12,781,0,39500,429
70734848,LL22148404M,9.82091E+14,1707,2022/11/22 16:25,233,0,43500,110
70734852,LL22148101M,9.82091E+14,1707,2022/11/22 16:30,634,0,34000,199
70734876,LL22153804M,9.82091E+14,1707,2022/11/22 16:40,630,0,43500,265
70734891,LL22149402M,9.82091E+14,1707,2022/11/22 16:51,470,0,39000,183
70734848,LL22148404M,9.82091E+14,1707,2022/11/22 18:18,399,0,44500,318
70721340,LL22144904M,9.82091E+14,1707,2022/11/22 18:24,575,0,49000,336
70734154,LL22150506M,9.82091E+14,1707,2022/11/22 18:46,419,0,45000,168
70734154,LL22150506M,9.82091E+14,1707,2022/11/22 18:55,144,0,44500,45
70734154,LL22150506M,9.82091E+14,1707,2022/11/22 19:00,178,0,44000,110
70734119,LL22150501M,9.82091E+14,1707,2022/11/22 19:08,24,0,,11
70739142,LL22150005M,9.82091E+14,1707,2022/11/22 19:08,429,0,36500,178
70721340,LL22144904M,9.82091E+14,1707,2022/11/22 19:17,26,0,,6
70739179,LL22133202M,699b78b7-0c70-4ae2-ab86-2d616dd829b8,1707,2022/11/22 19:59,339,0,51000,170
70739179,LL22133202M,699b78b7-0c70-4ae2-ab86-2d616dd829b8,1707,2022/11/22 20:42,489,0,51000,363
70734891,LL22149402M,9.82091E+14,1707,2022/11/22 20:58,693,0,39500,375
70734848,LL22148404M,9.82091E+14,1707,2022/11/22 21:11,149,0,44500,94
70734119,LL22150501M,9.82091E+14,1707,2022/11/22 21:14,53,0,,29
70734162,LL22150204M,9.82091E+14,1707,2022/11/22 21:17,249,0,35500,134
70732905,LL22141101M,9.82091E+14,1707,2022/11/22 21:24,409,0,39500,210
70734154,LL22150506M,9.82091E+14,1707,2022/11/22 21:31,94,0,44500,55
70734876,LL22153804M,9.82091E+14,1707,2022/11/22 21:35,396,0,43000,133
70734848,LL22148404M,9.82091E+14,1707,2022/11/22 21:44,268,0,45500,179
70734891,LL22149402M,9.82091E+14,1707,2022/11/22 22:54,23,0,,2
70721340,LL22144904M,9.82091E+14,1707,2022/11/22 23:01,354,0,50000,234
70734119,LL22150501M,9.82091E+14,1707,2022/11/22 23:15,545,0,38500,227
70734852,LL22148101M,9.82091E+14,1707,2022/11/22 23:24,867,0,34500,254
70734162,LL22150204M,9.82091E+14,1707,2022/11/22 23:45,193,0,35500,81
70739142,LL22150005M,9.82091E+14,1707,2022/11/23 1:44,411,0,36500,164
70734154,LL22150506M,9.82091E+14,1707,2022/11/23 1:58,511,0,44500,203
70734848,LL22148404M,9.82091E+14,1707,2022/11/23 2:09,172,0,45500,82
70734154,LL22150506M,9.82091E+14,1707,2022/11/23 2:12,255,0,44000,31
70734162,LL22150204M,9.82091E+14,1707,2022/11/23 2:18,211,0,35500,70
70734154,LL22150506M,9.82091E+14,1707,2022/11/23 2:22,19,0,,1
70721340,LL22144904M,9.82091E+14,1707,2022/11/23 2:22,285,0,50000,130
70734876,LL22153804M,9.82091E+14,1707,2022/11/23 2:28,801,0,43000,325
70739142,LL22150005M,9.82091E+14,1707,2022/11/23 2:43,457,0,36500,120
70739142,LL22150005M,9.82091E+14,1707,2022/11/23 2:52,206,0,36500,59
70734119,LL22150501M,9.82091E+14,1707,2022/11/23 3:04,151,0,38500,63
70739179,LL22133202M,699b78b7-0c70-4ae2-ab86-2d616dd829b8,1707,2022/11/23 3:10,429,0,50000,291
70721340,LL22144904M,9.82091E+14,1707,2022/11/23 3:19,424,0,49000,311
70734848,LL22148404M,9.82091E+14,1707,2022/11/23 4:36,373,0,45000,195
70734162,LL22150204M,9.82091E+14,1707,2022/11/23 4:42,359,0,35500,118
70734154,LL22150506M,9.82091E+14,1707,2022/11/23 4:48,903,0,44000,185
70739179,LL22133202M,699b78b7-0c70-4ae2-ab86-2d616dd829b8,1707,2022/11/23 5:07,303,0,50500,169
70734891,LL22149402M,9.82091E+14,1707,2022/11/23 5:17,551,0,38500,226
70734852,LL22148101M,9.82091E+14,1707,2022/11/23 5:27,837,0,34000,233
70734119,LL22150501M,9.82091E+14,1707,2022/11/23 5:41,525,0,38500,227
70732905,LL22141101M,9.82091E+14,1707,2022/11/23 5:50,684,0,39000,331
70734119,LL22150501M,9.82091E+14,1707,2022/11/23 6:29,94,0,38000,39
70739142,LL22150005M,9.82091E+14,1707,2022/11/23 6:32,725,0,36500,284
70734876,LL22153804M,9.82091E+14,1707,2022/11/23 6:44,814,0,42500,336
70739142,LL22150005M,9.82091E+14,1707,2022/11/23 6:58,197,0,36500,29
70721340,LL22144904M,9.82091E+14,1707,2022/11/23 7:01,505,0,49500,340
70734119,LL22150501M,9.82091E+14,1707,2022/11/23 7:10,166,0,38500,89
70734848,LL22148404M,9.82091E+14,1707,2022/11/23 7:13,646,0,45000,356
70739179,LL22133202M,699b78b7-0c70-4ae2-ab86-2d616dd829b8,1707,2022/11/23 7:25,435,0,50000,264
70721340,LL22144904M,9.82091E+14,1707,2022/11/23 7:32,390,0,49500,200
70734891,LL22149402M,9.82091E+14,1707,2022/11/23 7:39,562,0,39000,224
70734162,LL22150204M,9.82091E+14,1707,2022/11/23 7:49,823,0,35500,397
70734154,LL22150506M,9.82091E+14,1707,2022/11/23 8:02,735,0,44500,153
70732905,LL22141101M,9.82091E+14,1707,2022/11/23 8:17,753,0,39500,373
70734154,LL22150506M,9.82091E+14,1707,2022/11/23 8:30,89,0,43500,30
70734852,LL22148101M,9.82091E+14,1707,2022/11/23 8:32,88,0,33500,10
70734876,LL22153804M,9.82091E+14,1707,2022/11/23 8:35,384,0,43500,137
70734154,LL22150506M,9.82091E+14,1707,2022/11/23 8:41,42,0,,6
70734852,LL22148101M,9.82091E+14,1707,2022/11/23 8:43,172,0,34000,32
70739179,LL22133202M,699b78b7-0c70-4ae2-ab86-2d616dd829b8,1707,2022/11/23 8:46,470,0,51000,358
70734852,LL22148101M,9.82091E+14,1707,2022/11/23 8:56,104,0,33500,21
70734154,LL22150506M,9.82091E+14,1707,2022/11/23 8:59,64,0,43500,37
70734119,LL22150501M,9.82091E+14,1707,2022/11/23 9:00,148,0,38500,80
70732905,LL22141101M,9.82091E+14,1707,2022/11/23 9:03,191,0,39500,112
70734876,LL22153804M,9.82091E+14,1707,2022/11/23 9:07,97,0,43500,47
70734119,LL22150501M,9.82091E+14,1707,2022/11/23 9:09,189,0,38500,117
70734162,LL22150204M,9.82091E+14,1707,2022/11/23 9:13,332,0,35000,114
70734891,LL22149402M,9.82091E+14,1707,2022/11/23 9:18,270,0,38500,112
70734891,LL22149402M,9.82091E+14,1707,2022/11/23 9:25,54,0,,8
70734848,LL22148404M,9.82091E+14,1707,2022/11/23 9:26,358,0,44500,256
70734154,LL22150506M,9.82091E+14,1707,2022/11/23 9:33,481,0,44500,179
70734852,LL22148101M,9.82091E+14,1707,2022/11/23 9:42,25,0,,1
70732905,LL22141101M,9.82091E+14,1707,2022/11/23 9:43,64,0,40000,1
70734154,LL22150506M,9.82091E+14,1707,2022/11/23 9:44,12,0,,2
70734852,LL22148101M,9.82091E+14,1707,2022/11/23 9:45,118,0,34000,1
70739142,LL22150005M,9.82091E+14,1707,2022/11/23 9:47,467,0,36500,64
70721340,LL22144904M,9.82091E+14,1707,2022/11/23 9:55,52,0,,4
70739179,LL22133202M,699b78b7-0c70-4ae2-ab86-2d616dd829b8,1707,2022/11/23 9:56,69,0,51500,2
70734119,LL22150501M,9.82091E+14,1707,2022/11/23 9:59,312,0,38500,158
70721340,LL22144904M,9.82091E+14,1707,2022/11/23 10:04,287,0,49500,182
70732905,LL22141101M,9.82091E+14,1707,2022/11/23 10:10,96,0,40250,37
70734891,LL22149402M,9.82091E+14,1707,2022/11/23 10:12,418,0,39000,127
70734119,LL22150501M,9.82091E+14,1707,2022/11/23 10:21,93,0,39500,43
70734119,LL22150501M,9.82091E+14,1707,2022/11/23 10:25,48,0,,21
70734162,LL22150204M,9.82091E+14,1707,2022/11/23 10:46,123,0,35500,44
70734119,LL22150501M,9.82091E+14,1707,2022/11/23 11:01,118,0,39500,52
70734119,LL22150501M,9.82091E+14,1707,2022/11/23 11:05,81,0,39000,38
70721340,LL22144904M,9.82091E+14,1707,2022/11/23 11:06,78,0,49500,38
70739142,LL22150005M,9.82091E+14,1707,2022/11/23 11:46,632,0,36500,236
70734876,LL22153804M,9.82091E+14,1707,2022/11/23 11:57,1372,0,43500,450
70734852,LL22148101M,9.82091E+14,1707,2022/11/23 12:19,1500,0,34000,325
70739179,LL22133202M,699b78b7-0c70-4ae2-ab86-2d616dd829b8,1707,2022/11/23 12:45,704,0,51500,233
70734891,LL22149402M,9.82091E+14,1707,2022/11/23 12:57,913,0,39500,415
70734154,LL22150506M,9.82091E+14,1707,2022/11/23 13:12,739,0,44500,384
70721340,LL22144904M,9.82091E+14,1707,2022/11/23 13:25,366,0,49500,224
70734848,LL22148404M,9.82091E+14,1707,2022/11/23 13:31,354,0,45500,69
70739179,LL22133202M,699b78b7-0c70-4ae2-ab86-2d616dd829b8,1707,2022/11/23 13:37,572,0,51500,386
70734119,LL22150501M,9.82091E+14,1707,2022/11/23 13:47,286,0,61500,139
70732905,LL22141101M,9.82091E+14,1707,2022/11/23 13:52,899,0,40000,442
70734162,LL22150204M,9.82091E+14,1707,2022/11/23 14:07,978,0,35500,383
70721340,LL22144904M,9.82091E+14,1707,2022/11/23 14:24,337,0,50000,59
70739142,LL22150005M,9.82091E+14,1707,2022/11/23 14:31,167,0,37000,18
70734119,LL22150501M,9.82091E+14,1707,2022/11/23 14:34,514,0,39500,265
70734848,LL22148404M,9.82091E+14,1707,2022/11/23 14:43,516,0,45000,299
70734119,LL22150501M,9.82091E+14,1707,2022/11/23 14:51,162,0,39500,83
70734848,LL22148404M,9.82091E+14,1707,2022/11/23 14:54,272,0,45000,236
70734162,LL22150204M,9.82091E+14,1707,2022/11/23 14:59,328,0,36000,121
70734848,LL22148404M,9.82091E+14,1707,2022/11/23 15:07,10,0,,1
70734119,LL22150501M,9.82091E+14,1707,2022/11/23 15:07,27,0,,13
70732905,LL22141101M,9.82091E+14,1707,2022/11/23 15:09,58,0,,19
70734852,LL22148101M,9.82091E+14,1707,2022/11/23 15:11,376,0,34000,92
70734891,LL22149402M,9.82091E+14,1707,2022/11/23 15:17,566,0,39500,228
70739142,LL22150005M,9.82091E+14,1707,2022/11/23 15:27,473,0,36500,168
70734876,LL22153804M,9.82091E+14,1707,2022/11/23 15:35,1381,0,44000,452
70739179,LL22133202M,699b78b7-0c70-4ae2-ab86-2d616dd829b8,1707,2022/11/23 15:58,459,0,52000,119
70721340,LL22144904M,9.82091E+14,1707,2022/11/23 16:06,657,0,49500,371
70732905,LL22141101M,9.82091E+14,1707,2022/11/23 16:18,384,0,45000,132
70734852,LL22148101M,9.82091E+14,1707,2022/11/23 16:24,1150,0,34500,327
70739179,LL22133202M,699b78b7-0c70-4ae2-ab86-2d616dd829b8,1707,2022/11/23 16:45,454,0,51500,205
70734848,LL22148404M,9.82091E+14,1707,2022/11/23 16:53,494,0,46000,278
70734162,LL22150204M,9.82091E+14,1707,2022/11/23 17:01,339,0,36500,150
70734162,LL22150204M,9.82091E+14,1707,2022/11/23 17:10,103,0,35500,30
70732905,LL22141101M,9.82091E+14,1707,2022/11/23 17:14,586,0,41000,310
70734154,LL22150506M,9.82091E+14,1707,2022/11/23 18:40,367,0,45500,178
70734876,LL22153804M,9.82091E+14,1707,2022/11/23 18:49,729,0,45000,315
70734154,LL22150506M,9.82091E+14,1707,2022/11/23 19:02,278,0,44500,133
70734891,LL22149402M,9.82091E+14,1707,2022/11/23 19:07,517,0,41000,140
70734852,LL22148101M,9.82091E+14,1707,2022/11/23 19:15,674,0,35000,212
70734119,LL22150501M,9.82091E+14,1707,2022/11/23 19:26,460,0,39000,233
70739142,LL22150005M,9.82091E+14,1707,2022/11/23 19:35,338,0,36500,77
70721340,LL22144904M,9.82091E+14,1707,2022/11/23 19:43,521,0,50500,364
70734848,LL22148404M,9.82091E+14,1707,2022/11/23 19:52,17,0,,4
70739179,LL22133202M,699b78b7-0c70-4ae2-ab86-2d616dd829b8,1707,2022/11/23 19:55,569,0,52000,307
70734891,LL22149402M,9.82091E+14,1707,2022/11/23 20:51,757,0,39500,344
70739179,LL22133202M,699b78b7-0c70-4ae2-ab86-2d616dd829b8,1707,2022/11/23 21:16,350,0,52000,209
70734162,LL22150204M,9.82091E+14,1707,2022/11/23 21:25,66,0,37000,14
70734162,LL22150204M,9.82091E+14,1707,2022/11/23 22:19,223,0,36500,101
70734848,LL22148404M,9.82091E+14,1707,2022/11/23 22:25,288,0,46000,196
70721340,LL22144904M,9.82091E+14,1707,2022/11/23 22:31,333,0,51500,204
70734119,LL22150501M,9.82091E+14,1707,2022/11/23 22:37,18,0,,8
70739142,LL22150005M,9.82091E+14,1707,2022/11/23 22:42,202,0,37000,76
70721340,LL22144904M,9.82091E+14,1707,2022/11/24 0:06,142,0,51500,64
70734891,LL22149402M,9.82091E+14,1707,2022/11/24 0:09,109,0,40500,35
70734876,LL22153804M,9.82091E+14,1707,2022/11/24 0:12,86,0,45500,10
70734876,LL22153804M,9.82091E+14,1707,2022/11/24 0:32,773,0,44500,328
70721340,LL22144904M,9.82091E+14,1707,2022/11/24 0:47,89,0,50500,15
70732905,LL22141101M,9.82091E+14,1707,2022/11/24 0:49,230,0,41000,98
70739142,LL22150005M,9.82091E+14,1707,2022/11/24 1:27,455,0,36500,168
70739179,LL22133202M,699b78b7-0c70-4ae2-ab86-2d616dd829b8,1707,2022/11/24 2:02,63,0,52000,1
70734162,LL22150204M,9.82091E+14,1707,2022/11/24 2:06,248,0,37000,126
70734852,LL22148101M,9.82091E+14,1707,2022/11/24 2:12,154,0,35500,4
70734119,LL22150501M,9.82091E+14,1707,2022/11/24 2:31,53,0,,16
70734852,LL22148101M,9.82091E+14,1707,2022/11/24 2:34,1028,0,35500,250
70734154,LL22150506M,9.82091E+14,1707,2022/11/24 2:51,831,0,45000,221
70721340,LL22144904M,9.82091E+14,1707,2022/11/24 3:06,307,0,50500,204
70734162,LL22150204M,9.82091E+14,1707,2022/11/24 3:12,64,0,36500,24
70739179,LL22133202M,699b78b7-0c70-4ae2-ab86-2d616dd829b8,1707,2022/11/24 3:14,303,0,51500,113
70739179,LL22133202M,699b78b7-0c70-4ae2-ab86-2d616dd829b8,1707,2022/11/24 3:21,318,0,51500,133
70734891,LL22149402M,9.82091E+14,1707,2022/11/24 3:27,509,0,40000,214
70734848,LL22148404M,9.82091E+14,1707,2022/11/24 4:26,386,0,46500,209
70734162,LL22150204M,9.82091E+14,1707,2022/11/24 4:35,103,0,36000,16
70732905,LL22141101M,9.82091E+14,1707,2022/11/24 4:38,482,0,40000,221
70734119,LL22150501M,9.82091E+14,1707,2022/11/24 4:50,317,0,40000,139
70721340,LL22144904M,9.82091E+14,1707,2022/11/24 4:58,409,0,50000,272
70739179,LL22133202M,699b78b7-0c70-4ae2-ab86-2d616dd829b8,1707,2022/11/24 5:15,420,0,51500,183
70739179,LL22133202M,699b78b7-0c70-4ae2-ab86-2d616dd829b8,1707,2022/11/24 5:24,63,0,52000,5
70734154,LL22150506M,9.82091E+14,1707,2022/11/24 5:37,404,0,44500,173
70739142,LL22150005M,9.82091E+14,1707,2022/11/24 5:45,618,0,36500,212
70739142,LL22150005M,9.82091E+14,1707,2022/11/24 5:57,77,0,36500,16
70739179,LL22133202M,699b78b7-0c70-4ae2-ab86-2d616dd829b8,1707,2022/11/24 6:21,248,0,51000,116
70734119,LL22150501M,9.82091E+14,1707,2022/11/24 6:25,454,0,39500,221
70739142,LL22150005M,9.82091E+14,1707,2022/11/24 6:33,40,0,,6
70734876,LL22153804M,9.82091E+14,1707,2022/11/24 6:41,776,0,44500,264
70739179,LL22133202M,699b78b7-0c70-4ae2-ab86-2d616dd829b8,1707,2022/11/24 6:54,271,0,52000,124
70721340,LL22144904M,9.82091E+14,1707,2022/11/24 7:05,347,0,50000,255
70734154,LL22150506M,9.82091E+14,1707,2022/11/24 7:12,335,0,45000,188
70721340,LL22144904M,9.82091E+14,1707,2022/11/24 7:18,82,0,50500,26
70734162,LL22150204M,9.82091E+14,1707,2022/11/24 7:20,366,0,36000,90
70734848,LL22148404M,9.82091E+14,1707,2022/11/24 7:27,567,0,45500,292
70734162,LL22150204M,9.82091E+14,1707,2022/11/24 7:37,222,0,36000,13
70734891,LL22149402M,9.82091E+14,1707,2022/11/24 7:40,522,0,39500,184
70732905,LL22141101M,9.82091E+14,1707,2022/11/24 7:49,693,0,40000,316
70721340,LL22144904M,9.82091E+14,1707,2022/11/24 8:01,321,0,50000,117
70732905,LL22141101M,9.82091E+14,1707,2022/11/24 8:10,255,0,40000,95
70734154,LL22150506M,9.82091E+14,1707,2022/11/24 8:15,73,0,45500,34
70734154,LL22150506M,9.82091E+14,1707,2022/11/24 8:21,114,0,46000,21
70734162,LL22150204M,9.82091E+14,1707,2022/11/24 8:24,54,0,,1
70734852,LL22148101M,9.82091E+14,1707,2022/11/24 8:25,11,0,,1
70739179,LL22133202M,699b78b7-0c70-4ae2-ab86-2d616dd829b8,1707,2022/11/24 8:26,410,0,51500,281
70734162,LL22150204M,9.82091E+14,1707,2022/11/24 8:33,289,0,36000,1
70734876,LL22153804M,9.82091E+14,1707,2022/11/24 8:38,384,0,44500,105
70734852,LL22148101M,9.82091E+14,1707,2022/11/24 8:46,650,0,34500,145
70734154,LL22150506M,9.82091E+14,1707,2022/11/24 8:58,260,0,45500,123
70734119,LL22150501M,9.82091E+14,1707,2022/11/24 9:02,586,0,39500,282
70739142,LL22150005M,9.82091E+14,1707,2022/11/24 9:12,447,0,36500,53
70739142,LL22150005M,9.82091E+14,1707,2022/11/24 9:23,100,0,36000,32
70732905,LL22141101M,9.82091E+14,1707,2022/11/24 9:24,355,0,40000,162
70739142,LL22150005M,9.82091E+14,1707,2022/11/24 9:30,48,0,,11
70734891,LL22149402M,9.82091E+14,1707,2022/11/24 9:32,773,0,39500,227
70734876,LL22153804M,9.82091E+14,1707,2022/11/24 9:44,522,0,44000,222
70739179,LL22133202M,699b78b7-0c70-4ae2-ab86-2d616dd829b8,1707,2022/11/24 10:16,386,0,52000,194
70734162,LL22150204M,9.82091E+14,1707,2022/11/24 10:34,912,0,35500,323
70734848,LL22148404M,9.82091E+14,1707,2022/11/24 10:50,435,0,45500,211
70721340,LL22144904M,9.82091E+14,1707,2022/11/24 10:57,543,0,49500,392
70734848,LL22148404M,9.82091E+14,1707,2022/11/24 11:06,226,0,46000,101
70734154,LL22150506M,9.82091E+14,1707,2022/11/24 11:10,844,0,45500,340
70739179,LL22133202M,699b78b7-0c70-4ae2-ab86-2d616dd829b8,1707,2022/11/24 11:24,353,0,52500,137
70734891,LL22149402M,9.82091E+14,1707,2022/11/24 11:30,504,0,40000,168
70732905,LL22141101M,9.82091E+14,1707,2022/11/24 11:38,563,0,40500,295
70739142,LL22150005M,9.82091E+14,1707,2022/11/24 11:49,167,0,36500,49
70739142,LL22150005M,9.82091E+14,1707,2022/11/24 11:53,174,0,36000,54
70732905,LL22141101M,9.82091E+14,1707,2022/11/24 11:57,285,0,41000,148
70739142,LL22150005M,9.82091E+14,1707,2022/11/24 12:02,55,0,,14
70734154,LL22150506M,9.82091E+14,1707,2022/11/24 12:03,162,0,46500,85
70734876,LL22153804M,9.82091E+14,1707,2022/11/24 12:08,544,0,44000,172
70734119,LL22150501M,9.82091E+14,1707,2022/11/24 12:17,497,0,39500,248
70721340,LL22144904M,9.82091E+14,1707,2022/11/24 12:26,438,0,50500,285
70734119,LL22150501M,9.82091E+14,1707,2022/11/24 12:33,150,0,39500,91
70734876,LL22153804M,9.82091E+14,1707,2022/11/24 12:36,410,0,45000,146
70734162,LL22150204M,9.82091E+14,1707,2022/11/24 12:43,410,0,35500,54
70739179,LL22133202M,699b78b7-0c70-4ae2-ab86-2d616dd829b8,1707,2022/11/24 12:50,482,0,52500,220
70734852,LL22148101M,9.82091E+14,1707,2022/11/24 12:58,705,0,34000,43
70734891,LL22149402M,9.82091E+14,1707,2022/11/24 13:10,701,0,39500,262
70734162,LL22150204M,9.82091E+14,1707,2022/11/24 13:23,563,0,36000,199
70734876,LL22153804M,9.82091E+14,1707,2022/11/24 13:33,404,0,45000,133
70734848,LL22148404M,9.82091E+14,1707,2022/11/24 13:40,487,0,45500,336
70734852,LL22148101M,9.82091E+14,1707,2022/11/24 13:48,341,0,34000,71
70734848,LL22148404M,9.82091E+14,1707,2022/11/24 13:55,274,0,46000,140
70734852,LL22148101M,9.82091E+14,1707,2022/11/24 13:59,840,0,34000,99
70739179,LL22133202M,699b78b7-0c70-4ae2-ab86-2d616dd829b8,1707,2022/11/24 14:13,409,0,52500,192
70734162,LL22150204M,9.82091E+14,1707,2022/11/24 14:21,20,0,,2
70734119,LL22150501M,9.82091E+14,1707,2022/11/24 14:21,246,0,39500,129
70721340,LL22144904M,9.82091E+14,1707,2022/11/24 14:25,330,0,51000,212
70734852,LL22148101M,9.82091E+14,1707,2022/11/24 14:31,175,0,34500,21
70734891,LL22149402M,9.82091E+14,1707,2022/11/24 14:35,472,0,40000,178
70739179,LL22133202M,699b78b7-0c70-4ae2-ab86-2d616dd829b8,1707,2022/11/24 14:45,571,0,52500,342
70734162,LL22150204M,9.82091E+14,1707,2022/11/24 14:55,514,0,36500,193
70732905,LL22141101M,9.82091E+14,1707,2022/11/24 15:31,497,0,41000,245
70734876,LL22153804M,9.82091E+14,1707,2022/11/24 15:48,967,0,45500,207
70739142,LL22150005M,9.82091E+14,1707,2022/11/24 16:09,282,0,36000,68
70734154,LL22150506M,9.82091E+14,1707,2022/11/24 16:23,537,0,44500,346
70734852,LL22148101M,9.82091E+14,1707,2022/11/24 16:32,570,0,34500,137
70739179,LL22133202M,699b78b7-0c70-4ae2-ab86-2d616dd829b8,1707,2022/11/24 16:42,525,0,52500,256
70734162,LL22150204M,9.82091E+14,1707,2022/11/24 16:50,376,0,37000,165
70734852,LL22148101M,9.82091E+14,1707,2022/11/24 16:57,728,0,34500,177
70734848,LL22148404M,9.82091E+14,1707,2022/11/24 17:12,306,0,46500,228
70734154,LL22150506M,9.82091E+14,1707,2022/11/24 17:18,48,0,,37
70732905,LL22141101M,9.82091E+14,1707,2022/11/24 17:19,152,0,41000,81
70734154,LL22150506M,9.82091E+14,1707,2022/11/24 17:21,274,0,46000,165
70734119,LL22150501M,9.82091E+14,1707,2022/11/24 17:31,283,0,39750,140
70721340,LL22144904M,9.82091E+14,1707,2022/11/24 17:36,351,0,51000,192
70732905,LL22141101M,9.82091E+14,1707,2022/11/24 17:42,703,0,41000,357
70734876,LL22153804M,9.82091E+14,1707,2022/11/24 17:54,906,0,44000,382
70734852,LL22148101M,9.82091E+14,1707,2022/11/24 19:10,757,0,35000,216
70734891,LL22149402M,9.82091E+14,1707,2022/11/24 19:25,816,0,40500,447
70739142,LL22150005M,9.82091E+14,1707,2022/11/24 19:38,662,0,36500,197
70734119,LL22150501M,9.82091E+14,1707,2022/11/24 20:28,677,0,40000,300
70721340,LL22144904M,9.82091E+14,1707,2022/11/24 20:40,256,0,51500,131
70734162,LL22150204M,9.82091E+14,1707,2022/11/24 20:46,156,0,36500,52
70734162,LL22150204M,9.82091E+14,1707,2022/11/24 20:56,39,0,,1
70734154,LL22150506M,9.82091E+14,1707,2022/11/24 20:57,107,0,45500,57
70734848,LL22148404M,9.82091E+14,1707,2022/11/24 21:25,360,0,47000,247
70721340,LL22144904M,9.82091E+14,1707,2022/11/24 21:33,510,0,51000,408
70734891,LL22149402M,9.82091E+14,1707,2022/11/24 21:43,353,0,40000,163
70734876,LL22153804M,9.82091E+14,1707,2022/11/24 22:18,540,0,38500,231
70739179,LL22133202M,699b78b7-0c70-4ae2-ab86-2d616dd829b8,1707,2022/11/24 22:51,216,0,53500,116
70739179,LL22133202M,699b78b7-0c70-4ae2-ab86-2d616dd829b8,1707,2022/11/24 23:33,275,0,52500,113
70739179,LL22133202M,699b78b7-0c70-4ae2-ab86-2d616dd829b8,1707,2022/11/24 23:40,377,0,53000,247
70734852,LL22148101M,9.82091E+14,1707,2022/11/24 23:47,494,0,35500,129
70734154,LL22150506M,9.82091E+14,1707,2022/11/24 23:56,550,0,46000,222
70734154,LL22150506M,9.82091E+14,1707,2022/11/25 0:07,127,0,46000,46
70732905,LL22141101M,9.82091E+14,1707,2022/11/25 0:10,333,0,40500,152
70734162,LL22150204M,9.82091E+14,1707,2022/11/25 0:17,478,0,37000,234
70734119,LL22150501M,9.82091E+14,1707,2022/11/25 0:25,159,0,40000,78
70734848,LL22148404M,9.82091E+14,1707,2022/11/25 1:53,464,0,47000,287
70721340,LL22144904M,9.82091E+14,1707,2022/11/25 2:01,369,0,51500,192
70739142,LL22150005M,9.82091E+14,1707,2022/11/25 2:14,754,0,37000,167
70721340,LL22144904M,9.82091E+14,1707,2022/11/25 2:27,322,0,51000,214
70734876,LL22153804M,9.82091E+14,1707,2022/11/25 2:33,328,0,43500,118
70734891,LL22149402M,9.82091E+14,1707,2022/11/25 2:58,51,0,,1
70739179,LL22133202M,699b78b7-0c70-4ae2-ab86-2d616dd829b8,1707,2022/11/25 3:00,471,0,52500,276
70734154,LL22150506M,9.82091E+14,1707,2022/11/25 4:15,289,0,46000,139
70734154,LL22150506M,9.82091E+14,1707,2022/11/25 4:22,297,0,46500,104
70734848,LL22148404M,9.82091E+14,1707,2022/11/25 4:29,287,0,47000,223
70734119,LL22150501M,9.82091E+14,1707,2022/11/25 5:08,685,0,40500,276
70739142,LL22150005M,9.82091E+14,1707,2022/11/25 5:19,604,0,36000,223
70734119,LL22150501M,9.82091E+14,1707,2022/11/25 5:30,69,0,39500,44
70734876,LL22153804M,9.82091E+14,1707,2022/11/25 5:33,488,0,44500,195
70734162,LL22150204M,9.82091E+14,1707,2022/11/25 5:41,673,0,37000,303
70721340,LL22144904M,9.82091E+14,1707,2022/11/25 5:52,356,0,51000,202
70732905,LL22141101M,9.82091E+14,1707,2022/11/25 5:59,454,0,40500,194
70721340,LL22144904M,9.82091E+14,1707,2022/11/25 6:07,346,0,50500,220
70734891,LL22149402M,9.82091E+14,1707,2022/11/25 6:13,607,0,40500,261
70739179,LL22133202M,699b78b7-0c70-4ae2-ab86-2d616dd829b8,1707,2022/11/25 6:23,456,0,52000,257
70734891,LL22149402M,9.82091E+14,1707,2022/11/25 6:32,399,0,40000,144
70734154,LL22150506M,9.82091E+14,1707,2022/11/25 6:39,597,0,46000,210
70734848,LL22148404M,9.82091E+14,1707,2022/11/25 6:52,170,0,47000,71
70734852,LL22148101M,9.82091E+14,1707,2022/11/25 6:56,736,0,35000,194
70739142,LL22150005M,9.82091E+14,1707,2022/11/25 7:11,355,0,36500,67
70732905,LL22141101M,9.82091E+14,1707,2022/11/25 7:19,435,0,40250,208
70739142,LL22150005M,9.82091E+14,1707,2022/11/25 7:27,25,0,,7
70739179,LL22133202M,699b78b7-0c70-4ae2-ab86-2d616dd829b8,1707,2022/11/25 7:28,213,0,53000,102
70734119,LL22150501M,9.82091E+14,1707,2022/11/25 7:32,320,0,40500,128
70734876,LL22153804M,9.82091E+14,1707,2022/11/25 7:37,731,0,44000,334
70734154,LL22150506M,9.82091E+14,1707,2022/11/25 7:50,308,0,46500,194
70739142,LL22150005M,9.82091E+14,1707,2022/11/25 7:56,208,0,36500,83
70739142,LL22150005M,9.82091E+14,1707,2022/11/25 8:06,76,0,36000,22
70734848,LL22148404M,9.82091E+14,1707,2022/11/25 8:19,428,0,46000,201
70734162,LL22150204M,9.82091E+14,1707,2022/11/25 8:27,444,0,36500,119
70721340,LL22144904M,9.82091E+14,1707,2022/11/25 8:34,427,0,51500,237
70732905,LL22141101M,9.82091E+14,1707,2022/11/25 8:43,408,0,41000,177
70734119,LL22150501M,9.82091E+14,1707,2022/11/25 8:50,363,0,40500,151
70734154,LL22150506M,9.82091E+14,1707,2022/11/25 8:56,273,0,47500,156
70721340,LL22144904M,9.82091E+14,1707,2022/11/25 9:01,261,0,51000,154
70734891,LL22149402M,9.82091E+14,1707,2022/11/25 9:06,73,0,40500,1
70734876,LL22153804M,9.82091E+14,1707,2022/11/25 9:07,1111,0,45500,368
70734891,LL22149402M,9.82091E+14,1707,2022/11/25 9:26,882,0,39500,240
70732905,LL22141101M,9.82091E+14,1707,2022/11/25 9:41,636,0,41500,319
70739179,LL22133202M,699b78b7-0c70-4ae2-ab86-2d616dd829b8,1707,2022/11/25 9:52,729,0,52500,474
70734891,LL22149402M,9.82091E+14,1707,2022/11/25 10:05,51,0,,1
70739142,LL22150005M,9.82091E+14,1707,2022/11/25 10:08,691,0,36500,245
70734119,LL22150501M,9.82091E+14,1707,2022/11/25 10:20,301,0,41000,149
70721340,LL22144904M,9.82091E+14,1707,2022/11/25 10:25,172,0,52000,117
70734119,LL22150501M,9.82091E+14,1707,2022/11/25 10:28,174,0,41000,94
70734848,LL22148404M,9.82091E+14,1707,2022/11/25 10:55,606,0,46500,360
70734891,LL22149402M,9.82091E+14,1707,2022/11/25 11:07,478,0,40250,184
70721340,LL22144904M,9.82091E+14,1707,2022/11/25 11:22,316,0,52000,230
70734162,LL22150204M,9.82091E+14,1707,2022/11/25 11:42,814,0,36500,285
70734852,LL22148101M,9.82091E+14,1707,2022/11/25 11:55,1344,0,35000,335
70734154,LL22150506M,9.82091E+14,1707,2022/11/25 12:18,740,0,45500,372
70734876,LL22153804M,9.82091E+14,1707,2022/11/25 12:30,959,0,45500,240
70732905,LL22141101M,9.82091E+14,1707,2022/11/25 12:47,816,0,42000,415
70739142,LL22150005M,9.82091E+14,1707,2022/11/25 13:00,808,0,36500,346
70734162,LL22150204M,9.82091E+14,1707,2022/11/25 13:14,495,0,36500,218
70739142,LL22150005M,9.82091E+14,1707,2022/11/25 13:22,37,0,,12
70734119,LL22150501M,9.82091E+14,1707,2022/11/25 13:23,298,0,41500,127
70734891,LL22149402M,9.82091E+14,1707,2022/11/25 13:28,601,0,39000,203
70734162,LL22150204M,9.82091E+14,1707,2022/11/25 13:43,52,0,,1
70739179,LL22133202M,699b78b7-0c70-4ae2-ab86-2d616dd829b8,1707,2022/11/25 13:45,757,0,53000,539
70734848,LL22148404M,9.82091E+14,1707,2022/11/25 13:57,463,0,46500,334
70734162,LL22150204M,9.82091E+14,1707,2022/11/25 14:14,360,0,37000,181
70734119,LL22150501M,9.82091E+14,1707,2022/11/25 14:22,335,0,40500,141
70732905,LL22141101M,9.82091E+14,1707,2022/11/25 14:30,230,0,42000,112
70721340,LL22144904M,9.82091E+14,1707,2022/11/25 14:34,136,0,51500,117
70734848,LL22148404M,9.82091E+14,1707,2022/11/25 14:37,59,0,,1
70734852,LL22148101M,9.82091E+14,1707,2022/11/25 14:39,1057,0,35500,259
70734162,LL22150204M,9.82091E+14,1707,2022/11/25 14:57,66,0,37500,13
70734891,LL22149402M,9.82091E+14,1707,2022/11/25 14:59,500,0,39500,205
70734154,LL22150506M,9.82091E+14,1707,2022/11/25 15:11,397,0,47000,228
70734876,LL22153804M,9.82091E+14,1707,2022/11/25 15:17,1165,0,45500,381
70734119,LL22150501M,9.82091E+14,1707,2022/11/25 15:37,329,0,40500,163
70734848,LL22148404M,9.82091E+14,1707,2022/11/25 15:43,173,0,46500,65
70734154,LL22150506M,9.82091E+14,1707,2022/11/25 15:46,15,0,,14
70732905,LL22141101M,9.82091E+14,1707,2022/11/25 15:47,96,0,41500,54
70739179,LL22133202M,699b78b7-0c70-4ae2-ab86-2d616dd829b8,1707,2022/11/25 15:49,406,0,53000,230
70732905,LL22141101M,9.82091E+14,1707,2022/11/25 16:00,270,0,42500,114
70734848,LL22148404M,9.82091E+14,1707,2022/11/25 16:04,179,0,48000,1
70734848,LL22148404M,9.82091E+14,1707,2022/11/25 16:55,104,0,47500,52
70734154,LL22150506M,9.82091E+14,1707,2022/11/25 17:02,261,0,47000,147
70734852,LL22148101M,9.82091E+14,1707,2022/11/25 17:07,1090,0,35500,295
70721340,LL22144904M,9.82091E+14,1707,2022/11/25 17:25,648,0,51500,489
70732905,LL22141101M,9.82091E+14,1707,2022/11/25 17:37,650,0,73000,320
70739179,LL22133202M,699b78b7-0c70-4ae2-ab86-2d616dd829b8,1707,2022/11/25 17:48,343,0,53500,189
70734891,LL22149402M,9.82091E+14,1707,2022/11/25 17:54,144,0,41000,4
70734154,LL22150506M,9.82091E+14,1707,2022/11/25 17:57,178,0,47500,98
70734154,LL22150506M,9.82091E+14,1707,2022/11/25 18:02,32,0,,12
70739179,LL22133202M,699b78b7-0c70-4ae2-ab86-2d616dd829b8,1707,2022/11/25 18:03,321,0,54000,175
70734876,LL22153804M,9.82091E+14,1707,2022/11/25 18:08,876,0,46000,299
70734848,LL22148404M,9.82091E+14,1707,2022/11/25 18:27,393,0,46500,295
70734891,LL22149402M,9.82091E+14,1707,2022/11/25 20:09,19,0,,3
70734162,LL22150204M,9.82091E+14,1707,2022/11/25 20:13,377,0,37000,214
70734852,LL22148101M,9.82091E+14,1707,2022/11/25 20:30,517,0,36500,166
70734119,LL22150501M,9.82091E+14,1707,2022/11/25 21:53,573,0,41000,230
70732905,LL22141101M,9.82091E+14,1707,2022/11/25 22:02,367,0,43000,172
70721340,LL22144904M,9.82091E+14,1707,2022/11/25 22:08,629,0,52500,442
70734876,LL22153804M,9.82091E+14,1707,2022/11/25 22:19,513,0,46000,222
70734852,LL22148101M,9.82091E+14,1707,2022/11/25 22:32,587,0,36500,159
70739179,LL22133202M,699b78b7-0c70-4ae2-ab86-2d616dd829b8,1707,2022/11/25 23:27,464,0,53500,323
70734891,LL22149402M,9.82091E+14,1707,2022/11/26 0:10,44,0,,1
70734154,LL22150506M,9.82091E+14,1707,2022/11/26 0:23,613,0,47500,190
70734852,LL22148101M,9.82091E+14,1707,2022/11/26 0:36,330,0,36500,104
70734154,LL22150506M,9.82091E+14,1707,2022/11/26 0:42,217,0,46500,120
70734876,LL22153804M,9.82091E+14,1707,2022/11/26 0:47,367,0,45000,169
70739142,LL22150005M,9.82091E+14,1707,2022/11/26 0:54,698,0,37500,277
70734154,LL22150506M,9.82091E+14,1707,2022/11/26 1:11,46,0,,15
70721340,LL22144904M,9.82091E+14,1707,2022/11/26 2:30,398,0,52500,268
70734119,LL22150501M,9.82091E+14,1707,2022/11/26 3:34,211,0,41000,90
70734848,LL22148404M,9.82091E+14,1707,2022/11/26 3:41,367,0,46000,168
70721340,LL22144904M,9.82091E+14,1707,2022/11/26 3:55,430,0,52000,252
70734162,LL22150204M,9.82091E+14,1707,2022/11/26 4:04,282,0,36500,153
70739142,LL22150005M,9.82091E+14,1707,2022/11/26 4:09,765,0,36000,284
70739179,LL22133202M,699b78b7-0c70-4ae2-ab86-2d616dd829b8,1707,2022/11/26 5:05,320,0,53500,128
70734154,LL22150506M,9.82091E+14,1707,2022/11/26 5:13,512,0,47500,144
70734154,LL22150506M,9.82091E+14,1707,2022/11/26 5:27,187,0,47500,73
70734154,LL22150506M,9.82091E+14,1707,2022/11/26 5:33,54,0,,26
70734154,LL22150506M,9.82091E+14,1707,2022/11/26 5:43,64,0,47500,33
70734891,LL22149402M,9.82091E+14,1707,2022/11/26 5:52,1038,0,38500,11
70721340,LL22144904M,9.82091E+14,1707,2022/11/26 6:10,413,0,53000,226
70734119,LL22150501M,9.82091E+14,1707,2022/11/26 6:17,713,0,41000,240
70734852,LL22148101M,9.82091E+14,1707,2022/11/26 6:29,1196,0,36500,387
70732905,LL22141101M,9.82091E+14,1707,2022/11/26 6:50,1275,0,42000,579
70739142,LL22150005M,9.82091E+14,1707,2022/11/26 7:11,1015,0,37500,377
70739179,LL22133202M,699b78b7-0c70-4ae2-ab86-2d616dd829b8,1707,2022/11/26 7:28,603,0,53000,144
70739179,LL22133202M,699b78b7-0c70-4ae2-ab86-2d616dd829b8,1707,2022/11/26 7:58,307,0,54000,175
70721340,LL22144904M,9.82091E+14,1707,2022/11/26 8:03,353,0,52000,209
70734848,LL22148404M,9.82091E+14,1707,2022/11/26 8:10,783,0,46500,394
70734876,LL22153804M,9.82091E+14,1707,2022/11/26 8:23,1287,0,46000,465
70721340,LL22144904M,9.82091E+14,1707,2022/11/26 8:45,18,0,,20
70734154,LL22150506M,9.82091E+14,1707,2022/11/26 8:45,957,0,47500,427
70734119,LL22150501M,9.82091E+14,1707,2022/11/26 9:01,632,0,41000,244
70721340,LL22144904M,9.82091E+14,1707,2022/11/26 9:12,550,0,52000,411
70732905,LL22141101M,9.82091E+14,1707,2022/11/26 9:23,173,0,43000,70
70734154,LL22150506M,9.82091E+14,1707,2022/11/26 9:27,178,0,46500,46
70732905,LL22141101M,9.82091E+14,1707,2022/11/26 9:30,352,0,42500,162
70739179,LL22133202M,699b78b7-0c70-4ae2-ab86-2d616dd829b8,1707,2022/11/26 10:23,361,0,53500,207
70734162,LL22150204M,9.82091E+14,1707,2022/11/26 10:34,870,0,36500,439
70734891,LL22149402M,9.82091E+14,1707,2022/11/26 10:49,1852,0,38500,325
70734891,LL22149402M,9.82091E+14,1707,2022/11/26 11:20,321,0,38000,90
70739142,LL22150005M,9.82091E+14,1707,2022/11/26 11:25,816,0,37500,370
70734119,LL22150501M,9.82091E+14,1707,2022/11/26 11:39,466,0,41500,168
70734876,LL22153804M,9.82091E+14,1707,2022/11/26 11:47,776,0,49000,284
70732905,LL22141101M,9.82091E+14,1707,2022/11/26 12:00,748,0,43000,373
70739179,LL22133202M,699b78b7-0c70-4ae2-ab86-2d616dd829b8,1707,2022/11/26 12:13,716,0,54000,402
70734154,LL22150506M,9.82091E+14,1707,2022/11/26 12:25,758,0,48000,342
70721340,LL22144904M,9.82091E+14,1707,2022/11/26 12:38,664,0,52000,563
70734891,LL22149402M,9.82091E+14,1707,2022/11/26 12:51,1324,0,38500,245
70734119,LL22150501M,9.82091E+14,1707,2022/11/26 13:13,470,0,41000,206
70734848,LL22148404M,9.82091E+14,1707,2022/11/26 13:21,675,0,46000,543
70734154,LL22150506M,9.82091E+14,1707,2022/11/26 13:33,432,0,48500,181
70734876,LL22153804M,9.82091E+14,1707,2022/11/26 13:40,880,0,45000,408
70739142,LL22150005M,9.82091E+14,1707,2022/11/26 13:55,662,0,38500,270
70734162,LL22150204M,9.82091E+14,1707,2022/11/26 14:06,473,0,36000,248
70739142,LL22150005M,9.82091E+14,1707,2022/11/26 14:16,74,0,38000,9
70734891,LL22149402M,9.82091E+14,1707,2022/11/26 14:19,193,0,40000,2
70732905,LL22141101M,9.82091E+14,1707,2022/11/26 14:26,752,0,43000,379
70734848,LL22148404M,9.82091E+14,1707,2022/11/26 14:39,20,0,,1
70739179,LL22133202M,699b78b7-0c70-4ae2-ab86-2d616dd829b8,1707,2022/11/26 14:40,304,0,54500,200
70732905,LL22141101M,9.82091E+14,1707,2022/11/26 14:46,185,0,43000,62
70734891,LL22149402M,9.82091E+14,1707,2022/11/26 14:52,48,0,,1
70734162,LL22150204M,9.82091E+14,1707,2022/11/26 14:56,342,0,36500,188
70734891,LL22149402M,9.82091E+14,1707,2022/11/26 15:02,101,0,40500,3
70734852,LL22148101M,9.82091E+14,1707,2022/11/26 15:03,1209,0,36000,334
70734891,LL22149402M,9.82091E+14,1707,2022/11/26 15:24,140,0,39000,1
70734119,LL22150501M,9.82091E+14,1707,2022/11/26 15:26,481,0,41000,223
70721340,LL22144904M,9.82091E+14,1707,2022/11/26 15:34,314,0,53000,220
70734891,LL22149402M,9.82091E+14,1707,2022/11/26 15:41,152,0,40500,3
70739179,LL22133202M,699b78b7-0c70-4ae2-ab86-2d616dd829b8,1707,2022/11/26 15:51,480,0,54000,321
70734848,LL22148404M,9.82091E+14,1707,2022/11/26 15:59,29,0,,2
70732905,LL22141101M,9.82091E+14,1707,2022/11/26 16:00,411,0,43000,191
70734162,LL22150204M,9.82091E+14,1707,2022/11/26 16:07,69,0,38000,7
70734891,LL22149402M,9.82091E+14,1707,2022/11/26 16:09,390,0,40500,2
70734154,LL22150506M,9.82091E+14,1707,2022/11/26 16:16,344,0,49000,185
70734848,LL22148404M,9.82091E+14,1707,2022/11/26 16:22,314,0,46000,190
70734876,LL22153804M,9.82091E+14,1707,2022/11/26 16:27,1025,0,45500,377
70734154,LL22150506M,9.82091E+14,1707,2022/11/26 16:58,43,0,,21
70739179,LL22133202M,699b78b7-0c70-4ae2-ab86-2d616dd829b8,1707,2022/11/26 17:00,321,0,55000,197
70734852,LL22148101M,9.82091E+14,1707,2022/11/26 17:06,1048,0,36000,291
70734891,LL22149402M,9.82091E+14,1707,2022/11/26 17:26,1625,0,37250,749
70721340,LL22144904M,9.82091E+14,1707,2022/11/26 17:53,481,0,53500,451
70732905,LL22141101M,9.82091E+14,1707,2022/11/26 18:10,639,0,44500,325
70734119,LL22150501M,9.82091E+14,1707,2022/11/26 18:36,599,0,41000,231
70734848,LL22148404M,9.82091E+14,1707,2022/11/26 18:47,462,0,47000,410
70734852,LL22148101M,9.82091E+14,1707,2022/11/26 18:58,612,0,37000,176
70739142,LL22150005M,9.82091E+14,1707,2022/11/26 19:09,454,0,37500,187
70734876,LL22153804M,9.82091E+14,1707,2022/11/26 19:31,900,0,46500,379
70734154,LL22150506M,9.82091E+14,1707,2022/11/26 19:47,144,0,48500,75
70734154,LL22150506M,9.82091E+14,1707,2022/11/26 19:53,88,0,48000,52
70739179,LL22133202M,699b78b7-0c70-4ae2-ab86-2d616dd829b8,1707,2022/11/26 20:00,336,0,54000,169
70734154,LL22150506M,9.82091E+14,1707,2022/11/26 21:51,212,0,48000,72
70739179,LL22133202M,699b78b7-0c70-4ae2-ab86-2d616dd829b8,1707,2022/11/26 22:27,18,0,,1
70721340,LL22144904M,9.82091E+14,1707,2022/11/26 22:39,381,0,54000,305
70732905,LL22141101M,9.82091E+14,1707,2022/11/26 22:45,467,0,44500,218
70734162,LL22150204M,9.82091E+14,1707,2022/11/26 22:53,249,0,37500,134
70734876,LL22153804M,9.82091E+14,1707,2022/11/26 22:57,436,0,46500,207
70734154,LL22150506M,9.82091E+14,1707,2022/11/26 23:05,87,0,48500,36
70734154,LL22150506M,9.82091E+14,1707,2022/11/26 23:09,135,0,48750,38
70739179,LL22133202M,699b78b7-0c70-4ae2-ab86-2d616dd829b8,1707,2022/11/26 23:11,616,0,55000,382
70734852,LL22148101M,9.82091E+14,1707,2022/11/26 23:37,359,0,37500,83
70734162,LL22150204M,9.82091E+14,1707,2022/11/27 0:55,252,0,37000,161
70734119,LL22150501M,9.82091E+14,1707,2022/11/27 1:30,971,0,42500,366
70739179,LL22133202M,699b78b7-0c70-4ae2-ab86-2d616dd829b8,1707,2022/11/27 1:57,617,0,55000,384
70721340,LL22144904M,9.82091E+14,1707,2022/11/27 2:21,290,0,53500,194
70739142,LL22150005M,9.82091E+14,1707,2022/11/27 2:33,248,0,37500,83
70739142,LL22150005M,9.82091E+14,1707,2022/11/27 2:41,169,0,38000,55
70734154,LL22150506M,9.82091E+14,1707,2022/11/27 2:47,599,0,48000,182
70734154,LL22150506M,9.82091E+14,1707,2022/11/27 2:59,119,0,47000,34
70734848,LL22148404M,9.82091E+14,1707,2022/11/27 3:01,382,0,48000,148
70734154,LL22150506M,9.82091E+14,1707,2022/11/27 3:08,193,0,48000,81
70739142,LL22150005M,9.82091E+14,1707,2022/11/27 3:53,610,0,38000,252
70739142,LL22150005M,9.82091E+14,1707,2022/11/27 4:05,108,0,36000,16
70734852,LL22148101M,9.82091E+14,1707,2022/11/27 4:09,707,0,37000,195
70721340,LL22144904M,9.82091E+14,1707,2022/11/27 4:21,376,0,53000,285
70721340,LL22144904M,9.82091E+14,1707,2022/11/27 4:29,147,0,54500,79
70739179,LL22133202M,699b78b7-0c70-4ae2-ab86-2d616dd829b8,1707,2022/11/27 4:33,556,0,55000,374
70734162,LL22150204M,9.82091E+14,1707,2022/11/27 5:07,199,0,37500,97
70732905,LL22141101M,9.82091E+14,1707,2022/11/27 5:12,624,0,43500,319
70734876,LL22153804M,9.82091E+14,1707,2022/11/27 5:23,709,0,46500,295
70734891,LL22149402M,9.82091E+14,1707,2022/11/27 5:46,25,0,,2
70734154,LL22150506M,9.82091E+14,1707,2022/11/27 6:11,611,0,47000,161
70734848,LL22148404M,9.82091E+14,1707,2022/11/27 6:23,481,0,47500,120
70734154,LL22150506M,9.82091E+14,1707,2022/11/27 6:32,110,0,45500,72
70734154,LL22150506M,9.82091E+14,1707,2022/11/27 6:36,126,0,47500,54
70732905,LL22141101M,9.82091E+14,1707,2022/11/27 6:58,458,0,44500,207
70721340,LL22144904M,9.82091E+14,1707,2022/11/27 7:07,211,0,54500,138
70734891,LL22149402M,9.82091E+14,1707,2022/11/27 7:11,426,0,38500,23
70739142,LL22150005M,9.82091E+14,1707,2022/11/27 7:18,594,0,38500,148
70734891,LL22149402M,9.82091E+14,1707,2022/11/27 7:28,910,0,38000,132
70734852,LL22148101M,9.82091E+14,1707,2022/11/27 7:44,1100,0,36500,322
70739179,LL22133202M,699b78b7-0c70-4ae2-ab86-2d616dd829b8,1707,2022/11/27 8:02,698,0,55500,427
70734876,LL22153804M,9.82091E+14,1707,2022/11/27 8:14,866,0,48000,381
70734119,LL22150501M,9.82091E+14,1707,2022/11/27 8:29,556,0,41500,229
70732905,LL22141101M,9.82091E+14,1707,2022/11/27 8:39,154,0,44000,118
70734162,LL22150204M,9.82091E+14,1707,2022/11/27 8:42,448,0,37000,152
70734891,LL22149402M,9.82091E+14,1707,2022/11/27 8:49,417,0,41000,2
70721340,LL22144904M,9.82091E+14,1707,2022/11/27 8:56,408,0,53000,345
70734891,LL22149402M,9.82091E+14,1707,2022/11/27 9:04,1328,0,39000,547
70734154,LL22150506M,9.82091E+14,1707,2022/11/27 9:26,825,0,48000,397
70734848,LL22148404M,9.82091E+14,1707,2022/11/27 9:40,584,0,47000,90
70732905,LL22141101M,9.82091E+14,1707,2022/11/27 9:53,887,0,44000,473
70734848,LL22148404M,9.82091E+14,1707,2022/11/27 10:09,175,0,47000,36
70739142,LL22150005M,9.82091E+14,1707,2022/11/27 10:27,597,0,38500,221
70739142,LL22150005M,9.82091E+14,1707,2022/11/27 10:39,82,0,38500,27
70739142,LL22150005M,9.82091E+14,1707,2022/11/27 10:50,78,0,38000,6
70734162,LL22150204M,9.82091E+14,1707,2022/11/27 10:54,408,0,36500,189
70739179,LL22133202M,699b78b7-0c70-4ae2-ab86-2d616dd829b8,1707,2022/11/27 11:01,202,0,55500,54
70721340,LL22144904M,9.82091E+14,1707,2022/11/27 11:04,412,0,54000,288
70734848,LL22148404M,9.82091E+14,1707,2022/11/27 11:12,737,0,46000,513
70739179,LL22133202M,699b78b7-0c70-4ae2-ab86-2d616dd829b8,1707,2022/11/27 11:24,738,0,55500,427
70734119,LL22150501M,9.82091E+14,1707,2022/11/27 11:36,1077,0,42000,425
70732905,LL22141101M,9.82091E+14,1707,2022/11/27 11:54,511,0,44500,285
70734876,LL22153804M,9.82091E+14,1707,2022/11/27 12:03,1253,0,47500,561
70734891,LL22149402M,9.82091E+14,1707,2022/11/27 12:24,1043,0,39500,473
70734154,LL22150506M,9.82091E+14,1707,2022/11/27 12:42,727,0,48250,278
70732905,LL22141101M,9.82091E+14,1707,2022/11/27 12:56,231,0,44500,119
70739142,LL22150005M,9.82091E+14,1707,2022/11/27 13:00,865,0,39000,357
70734162,LL22150204M,9.82091E+14,1707,2022/11/27 13:15,544,0,37500,275
70734852,LL22148101M,9.82091E+14,1707,2022/11/27 13:24,1485,0,36500,367
70721340,LL22144904M,9.82091E+14,1707,2022/11/27 13:50,277,0,53000,293
70734119,LL22150501M,9.82091E+14,1707,2022/11/27 13:55,408,0,42000,202
70721340,LL22144904M,9.82091E+14,1707,2022/11/27 14:03,48,0,,44
70739179,LL22133202M,699b78b7-0c70-4ae2-ab86-2d616dd829b8,1707,2022/11/27 14:09,543,0,55500,345
70734848,LL22148404M,9.82091E+14,1707,2022/11/27 14:18,513,0,47500,329
70734891,LL22149402M,9.82091E+14,1707,2022/11/27 14:27,566,0,40500,275
70734162,LL22150204M,9.82091E+14,1707,2022/11/27 14:38,306,0,38000,121
70739142,LL22150005M,9.82091E+14,1707,2022/11/27 14:44,26,0,,2
70739142,LL22150005M,9.82091E+14,1707,2022/11/27 14:46,70,0,57000,8
70734119,LL22150501M,9.82091E+14,1707,2022/11/27 14:47,215,0,42500,105
70732905,LL22141101M,9.82091E+14,1707,2022/11/27 14:53,178,0,44500,86
70739179,LL22133202M,699b78b7-0c70-4ae2-ab86-2d616dd829b8,1707,2022/11/27 14:56,295,0,55500,208
70732905,LL22141101M,9.82091E+14,1707,2022/11/27 15:01,226,0,44500,142
70734119,LL22150501M,9.82091E+14,1707,2022/11/27 15:05,96,0,43000,56
70721340,LL22144904M,9.82091E+14,1707,2022/11/27 15:07,479,0,53500,413
70734119,LL22150501M,9.82091E+14,1707,2022/11/27 15:15,58,0,,41
70739179,LL22133202M,699b78b7-0c70-4ae2-ab86-2d616dd829b8,1707,2022/11/27 15:17,33,0,,18
70734119,LL22150501M,9.82091E+14,1707,2022/11/27 15:18,35,0,,18
70732905,LL22141101M,9.82091E+14,1707,2022/11/27 15:19,258,0,45000,133
70734876,LL22153804M,9.82091E+14,1707,2022/11/27 16:04,640,0,46000,292
70734154,LL22150506M,9.82091E+14,1707,2022/11/27 16:15,23,0,,23
70734119,LL22150501M,9.82091E+14,1707,2022/11/27 16:17,27,0,,23
70734154,LL22150506M,9.82091E+14,1707,2022/11/27 16:17,689,0,48000,423
70734876,LL22153804M,9.82091E+14,1707,2022/11/27 16:29,263,0,47000,123
70734852,LL22148101M,9.82091E+14,1707,2022/11/27 16:34,147,0,37500,48
70734154,LL22150506M,9.82091E+14,1707,2022/11/27 16:37,65,0,48000,45
70734119,LL22150501M,9.82091E+14,1707,2022/11/27 16:38,184,0,41000,101
70734848,LL22148404M,9.82091E+14,1707,2022/11/27 16:41,277,0,48000,147
70739142,LL22150005M,9.82091E+14,1707,2022/11/27 16:46,65,0,39000,23
70734852,LL22148101M,9.82091E+14,1707,2022/11/27 16:47,543,0,37000,136
70734891,LL22149402M,9.82091E+14,1707,2022/11/27 16:58,116,0,42750,3
70734154,LL22150506M,9.82091E+14,1707,2022/11/27 17:13,82,0,49000,39
70734891,LL22149402M,9.82091E+14,1707,2022/11/27 17:17,855,0,41000,380
70734162,LL22150204M,9.82091E+14,1707,2022/11/27 17:33,46,0,,1
70739179,LL22133202M,699b78b7-0c70-4ae2-ab86-2d616dd829b8,1707,2022/11/27 17:51,504,0,56000,396
70732905,LL22141101M,9.82091E+14,1707,2022/11/27 18:00,882,0,45500,499
70739179,LL22133202M,699b78b7-0c70-4ae2-ab86-2d616dd829b8,1707,2022/11/27 18:24,34,0,,3
70734162,LL22150204M,9.82091E+14,1707,2022/11/27 18:32,365,0,37000,225
70734876,LL22153804M,9.82091E+14,1707,2022/11/27 19:52,682,0,45500,306
70734852,LL22148101M,9.82091E+14,1707,2022/11/27 20:04,942,0,37000,271
70734848,LL22148404M,9.82091E+14,1707,2022/11/27 20:31,363,0,46500,250
70734162,LL22150204M,9.82091E+14,1707,2022/11/27 20:39,45,0,,4
70732905,LL22141101M,9.82091E+14,1707,2022/11/27 20:43,203,0,45500,89
70721340,LL22144904M,9.82091E+14,1707,2022/11/27 20:46,22,0,,13
70739179,LL22133202M,699b78b7-0c70-4ae2-ab86-2d616dd829b8,1707,2022/11/27 21:39,491,0,55500,376
70739142,LL22150005M,9.82091E+14,1707,2022/11/27 22:41,313,0,39000,113
70734119,LL22150501M,9.82091E+14,1707,2022/11/27 22:46,200,0,43000,78
70732905,LL22141101M,9.82091E+14,1707,2022/11/27 22:50,153,0,45500,93
70734852,LL22148101M,9.82091E+14,1707,2022/11/27 22:52,536,0,37500,166
70734119,LL22150501M,9.82091E+14,1707,2022/11/27 23:02,289,0,43000,131
70734848,LL22148404M,9.82091E+14,1707,2022/11/27 23:49,29,0,,2
70734876,LL22153804M,9.82091E+14,1707,2022/11/27 23:55,812,0,41500,399
70721340,LL22144904M,9.82091E+14,1707,2022/11/28 0:31,427,0,53500,311
70734848,LL22148404M,9.82091E+14,1707,2022/11/28 0:57,363,0,48500,198
70734154,LL22150506M,9.82091E+14,1707,2022/11/28 1:17,826,0,46500,340
70732905,LL22141101M,9.82091E+14,1707,2022/11/28 1:35,314,0,45500,185
70734154,LL22150506M,9.82091E+14,1707,2022/11/28 1:43,229,0,46500,97
70734891,LL22149402M,9.82091E+14,1707,2022/11/28 1:55,791,0,41000,382
70739179,LL22133202M,699b78b7-0c70-4ae2-ab86-2d616dd829b8,1707,2022/11/28 2:08,211,0,56000,112
70734119,LL22150501M,9.82091E+14,1707,2022/11/28 2:12,164,0,43000,91
70734162,LL22150204M,9.82091E+14,1707,2022/11/28 2:15,488,0,38500,276
70734119,LL22150501M,9.82091E+14,1707,2022/11/28 2:24,387,0,43500,144
70739142,LL22150005M,9.82091E+14,1707,2022/11/28 2:52,783,0,39000,257
70721340,LL22144904M,9.82091E+14,1707,2022/11/28 3:23,319,0,54000,202
70739179,LL22133202M,699b78b7-0c70-4ae2-ab86-2d616dd829b8,1707,2022/11/28 3:53,674,0,56500,408
70734891,LL22149402M,9.82091E+14,1707,2022/11/28 5:10,49,0,,4
70734154,LL22150506M,9.82091E+14,1707,2022/11/28 5:25,445,0,50000,155
70721340,LL22144904M,9.82091E+14,1707,2022/11/28 5:32,171,0,55500,47
70734876,LL22153804M,9.82091E+14,1707,2022/11/28 5:36,908,0,46500,393
70734852,LL22148101M,9.82091E+14,1707,2022/11/28 5:51,1026,0,38000,237
70739142,LL22150005M,9.82091E+14,1707,2022/11/28 6:09,264,0,39500,79
70734119,LL22150501M,9.82091E+14,1707,2022/11/28 6:13,860,0,42000,303
70721340,LL22144904M,9.82091E+14,1707,2022/11/28 6:28,643,0,54000,377
70734154,LL22150506M,9.82091E+14,1707,2022/11/28 6:40,358,0,48500,161
70734119,LL22150501M,9.82091E+14,1707,2022/11/28 6:50,171,0,43000,72
70734848,LL22148404M,9.82091E+14,1707,2022/11/28 6:54,806,0,49000,403
70734119,LL22150501M,9.82091E+14,1707,2022/11/28 7:08,29,0,,24
70739179,LL22133202M,699b78b7-0c70-4ae2-ab86-2d616dd829b8,1707,2022/11/28 7:08,709,0,56500,448
70734891,LL22149402M,9.82091E+14,1707,2022/11/28 7:41,557,0,42500,203
70739142,LL22150005M,9.82091E+14,1707,2022/11/28 7:53,695,0,39000,248
70734162,LL22150204M,9.82091E+14,1707,2022/11/28 8:05,540,0,38500,256
70732905,LL22141101M,9.82091E+14,1707,2022/11/28 8:16,869,0,45500,425
70732905,LL22141101M,9.82091E+14,1707,2022/11/28 8:32,459,0,45000,228
70734891,LL22149402M,9.82091E+14,1707,2022/11/28 8:40,701,0,40500,292
70734852,LL22148101M,9.82091E+14,1707,2022/11/28 8:52,1085,0,37500,287
70734154,LL22150506M,9.82091E+14,1707,2022/11/28 9:10,1000,0,49000,483
70721340,LL22144904M,9.82091E+14,1707,2022/11/28 9:27,536,0,53500,422
70734891,LL22149402M,9.82091E+14,1707,2022/11/28 9:39,841,0,42000,337
70734162,LL22150204M,9.82091E+14,1707,2022/11/28 9:54,48,0,,10
70734119,LL22150501M,9.82091E+14,1707,2022/11/28 9:55,7,0,,1
70734162,LL22150204M,9.82091E+14,1707,2022/11/28 9:55,120,0,64500,58
70739179,LL22133202M,699b78b7-0c70-4ae2-ab86-2d616dd829b8,1707,2022/11/28 9:57,401,0,56500,251
70734848,LL22148404M,9.82091E+14,1707,2022/11/28 10:05,590,0,48500,278
70739142,LL22150005M,9.82091E+14,1707,2022/11/28 10:15,330,0,39250,83
70734876,LL22153804M,9.82091E+14,1707,2022/11/28 10:20,1102,0,46500,479
70734891,LL22149402M,9.82091E+14,1707,2022/11/28 10:40,26,0,,2
70739179,LL22133202M,699b78b7-0c70-4ae2-ab86-2d616dd829b8,1707,2022/11/28 10:41,184,0,57500,77
70739142,LL22150005M,9.82091E+14,1707,2022/11/28 10:46,64,0,39500,15
70739142,LL22150005M,9.82091E+14,1707,2022/11/28 10:48,81,0,40000,20
70734119,LL22150501M,9.82091E+14,1707,2022/11/28 10:49,1021,0,43000,402
70732905,LL22141101M,9.82091E+14,1707,2022/11/28 11:06,273,0,45500,102
70734119,LL22150501M,9.82091E+14,1707,2022/11/28 11:11,108,0,43000,54
70721340,LL22144904M,9.82091E+14,1707,2022/11/28 11:13,332,0,54500,235
70732905,LL22141101M,9.82091E+14,1707,2022/11/28 11:18,315,0,45500,106
70734119,LL22150501M,9.82091E+14,1707,2022/11/28 11:24,27,0,,20
70732905,LL22141101M,9.82091E+14,1707,2022/11/28 11:26,39,0,,22
70734891,LL22149402M,9.82091E+14,1707,2022/11/28 11:29,264,0,43500,15
70734162,LL22150204M,9.82091E+14,1707,2022/11/28 11:33,607,0,38500,222
70721340,LL22144904M,9.82091E+14,1707,2022/11/28 11:45,215,0,52500,152
70734162,LL22150204M,9.82091E+14,1707,2022/11/28 11:49,27,0,,2
70734891,LL22149402M,9.82091E+14,1707,2022/11/28 11:50,105,0,45000,4
70734891,LL22149402M,9.82091E+14,1707,2022/11/28 11:54,51,0,,2
70732905,LL22141101M,9.82091E+14,1707,2022/11/28 11:55,218,0,45500,105
70739142,LL22150005M,9.82091E+14,1707,2022/11/28 12:00,555,0,39500,169
70739142,LL22150005M,9.82091E+14,1707,2022/11/28 12:11,118,0,39500,38
70734848,LL22148404M,9.82091E+14,1707,2022/11/28 12:13,369,0,48000,239
70739179,LL22133202M,699b78b7-0c70-4ae2-ab86-2d616dd829b8,1707,2022/11/28 12:19,327,0,56500,170
70721340,LL22144904M,9.82091E+14,1707,2022/11/28 12:25,53,0,,8
70721340,LL22144904M,9.82091E+14,1707,2022/11/28 12:27,26,0,,1
70734119,LL22150501M,9.82091E+14,1707,2022/11/28 12:30,184,0,44000,90
70734891,LL22149402M,9.82091E+14,1707,2022/11/28 12:35,185,0,44500,17
70734891,LL22149402M,9.82091E+14,1707,2022/11/28 12:42,150,0,44500,17
70734162,LL22150204M,9.82091E+14,1707,2022/11/28 12:46,322,0,39000,162
70739142,LL22150005M,9.82091E+14,1707,2022/11/28 12:53,76,0,39500,21
70732905,LL22141101M,9.82091E+14,1707,2022/11/28 12:54,406,0,45500,190
70734154,LL22150506M,9.82091E+14,1707,2022/11/28 13:02,1037,0,49000,440
70734876,LL22153804M,9.82091E+14,1707,2022/11/28 13:19,848,0,48500,377
70734852,LL22148101M,9.82091E+14,1707,2022/11/28 13:33,1148,0,69000,341
70734891,LL22149402M,9.82091E+14,1707,2022/11/28 13:52,1095,0,42500,614
70739179,LL22133202M,699b78b7-0c70-4ae2-ab86-2d616dd829b8,1707,2022/11/28 14:10,865,0,56500,589
70721340,LL22144904M,9.82091E+14,1707,2022/11/28 14:25,599,0,53000,512
70739142,LL22150005M,9.82091E+14,1707,2022/11/28 14:35,528,0,39500,184
70734119,LL22150501M,9.82091E+14,1707,2022/11/28 14:44,434,0,44000,209
70734891,LL22149402M,9.82091E+14,1707,2022/11/28 14:51,651,0,40500,285
70721340,LL22144904M,9.82091E+14,1707,2022/11/28 15:04,83,0,54500,36
70721340,LL22144904M,9.82091E+14,1707,2022/11/28 15:06,161,0,54500,114
70734162,LL22150204M,9.82091E+14,1707,2022/11/28 15:13,335,0,39000,131
70734848,LL22148404M,9.82091E+14,1707,2022/11/28 15:19,559,0,47000,372
70734119,LL22150501M,9.82091E+14,1707,2022/11/28 15:29,185,0,43500,102
70734154,LL22150506M,9.82091E+14,1707,2022/11/28 15:38,184,0,50500,79
70734162,LL22150204M,9.82091E+14,1707,2022/11/28 15:42,286,0,39000,136
70734154,LL22150506M,9.82091E+14,1707,2022/11/28 15:47,121,0,49500,70
70734848,LL22148404M,9.82091E+14,1707,2022/11/28 15:49,33,0,,1
70732905,LL22141101M,9.82091E+14,1707,2022/11/28 15:50,744,0,45500,401
70734891,LL22149402M,9.82091E+14,1707,2022/11/28 16:04,20,0,,1
70734876,LL22153804M,9.82091E+14,1707,2022/11/28 16:46,974,0,46000,445
70739179,LL22133202M,699b78b7-0c70-4ae2-ab86-2d616dd829b8,1707,2022/11/28 17:07,518,0,55000,415
70734119,LL22150501M,9.82091E+14,1707,2022/11/28 17:19,101,0,44000,39
70732905,LL22141101M,9.82091E+14,1707,2022/11/28 17:35,71,0,46250,16
70734162,LL22150204M,9.82091E+14,1707,2022/11/28 17:42,168,0,39000,56
70732905,LL22141101M,9.82091E+14,1707,2022/11/28 17:46,42,0,,9
70734891,LL22149402M,9.82091E+14,1707,2022/11/28 17:47,29,0,,3
70734852,LL22148101M,9.82091E+14,1707,2022/11/28 17:55,1005,0,38000,295
70734154,LL22150506M,9.82091E+14,1707,2022/11/28 18:13,605,0,50000,310
70732905,LL22141101M,9.82091E+14,1707,2022/11/28 18:23,136,0,46500,31
70734154,LL22150506M,9.82091E+14,1707,2022/11/28 18:25,23,0,,7
70734119,LL22150501M,9.82091E+14,1707,2022/11/28 18:30,79,0,44000,21
70732905,LL22141101M,9.82091E+14,1707,2022/11/28 18:31,471,0,46000,269
70734848,LL22148404M,9.82091E+14,1707,2022/11/28 18:39,151,0,49500,84
70734119,LL22150501M,9.82091E+14,1707,2022/11/28 19:47,680,0,43500,264
70734154,LL22150506M,9.82091E+14,1707,2022/11/28 19:58,148,0,48000,91
70734876,LL22153804M,9.82091E+14,1707,2022/11/28 20:01,587,0,48500,196
70721340,LL22144904M,9.82091E+14,1707,2022/11/28 20:13,353,0,53500,261
70734852,LL22148101M,9.82091E+14,1707,2022/11/28 20:19,911,0,38500,292
70734891,LL22149402M,9.82091E+14,1707,2022/11/28 20:37,656,0,78000,346
70734848,LL22148404M,9.82091E+14,1707,2022/11/28 20:51,539,0,47500,303
70739142,LL22150005M,9.82091E+14,1707,2022/11/28 21:00,795,0,40000,339
70732905,LL22141101M,9.82091E+14,1707,2022/11/28 22:13,262,0,45500,132
70734162,LL22150204M,9.82091E+14,1707,2022/11/28 22:48,292,0,39500,163
70734876,LL22153804M,9.82091E+14,1707,2022/11/28 23:08,649,0,49500,214
70721340,LL22144904M,9.82091E+14,1707,2022/11/28 23:30,28,0,,1
70734891,LL22149402M,9.82091E+14,1707,2022/11/28 23:32,26,0,,2
70739179,LL22133202M,699b78b7-0c70-4ae2-ab86-2d616dd829b8,1707,2022/11/28 23:34,462,0,57500,343
70734852,LL22148101M,9.82091E+14,1707,2022/11/28 23:49,697,0,39500,248
70732905,LL22141101M,9.82091E+14,1707,2022/11/29 0:55,522,0,46000,288
70721340,LL22144904M,9.82091E+14,1707,2022/11/29 1:07,407,0,53000,285
70734119,LL22150501M,9.82091E+14,1707,2022/11/29 1:14,289,0,44000,114
70734876,LL22153804M,9.82091E+14,1707,2022/11/29 1:20,297,0,47500,137
70734119,LL22150501M,9.82091E+14,1707,2022/11/29 8:06,114,0,72000,75
70739179,LL22133202M,699b78b7-0c70-4ae2-ab86-2d616dd829b8,1707,2022/11/29 8:08,728,0,57000,649
70734876,LL22153804M,9.82091E+14,1707,2022/11/29 8:20,838,0,60500,385
70734852,LL22148101M,9.82091E+14,1707,2022/11/29 8:34,728,0,61000,196
70721340,LL22144904M,9.82091E+14,1707,2022/11/29 8:47,826,0,54500,702
70732905,LL22141101M,9.82091E+14,1707,2022/11/29 9:01,1348,0,47000,681
70734154,LL22150506M,9.82091E+14,1707,2022/11/29 9:24,1350,0,49500,639
70734848,LL22148404M,9.82091E+14,1707,2022/11/29 9:47,673,0,51000,374
70734119,LL22150501M,9.82091E+14,1707,2022/11/29 9:58,1293,0,44500,550
70734162,LL22150204M,9.82091E+14,1707,2022/11/29 10:21,762,0,39000,407
70734891,LL22149402M,9.82091E+14,1707,2022/11/29 10:33,1603,0,44000,611
70721340,LL22144904M,9.82091E+14,1707,2022/11/29 11:01,300,0,56000,232
70739142,LL22150005M,9.82091E+14,1707,2022/11/29 11:07,1474,0,39500,587
70734848,LL22148404M,9.82091E+14,1707,2022/11/29 11:32,507,0,94000,329
70739179,LL22133202M,699b78b7-0c70-4ae2-ab86-2d616dd829b8,1707,2022/11/29 11:41,411,0,58000,273
70734119,LL22150501M,9.82091E+14,1707,2022/11/29 11:49,184,0,44500,94
70739179,LL22133202M,699b78b7-0c70-4ae2-ab86-2d616dd829b8,1707,2022/11/29 11:52,467,0,58500,260
70734876,LL22153804M,9.82091E+14,1707,2022/11/29 12:01,284,0,50000,133
70734852,LL22148101M,9.82091E+14,1707,2022/11/29 12:06,1263,0,39500,355
70739142,LL22150005M,9.82091E+14,1707,2022/11/29 12:27,1011,0,41000,239
70734162,LL22150204M,9.82091E+14,1707,2022/11/29 12:44,506,0,40000,194
70739142,LL22150005M,9.82091E+14,1707,2022/11/29 12:53,46,0,,16
70732905,LL22141101M,9.82091E+14,1707,2022/11/29 12:54,531,0,47500,265
70721340,LL22144904M,9.82091E+14,1707,2022/11/29 13:02,148,0,57500,37
70734119,LL22150501M,9.82091E+14,1707,2022/11/29 13:05,478,0,44500,228
70734891,LL22149402M,9.82091E+14,1707,2022/11/29 13:13,128,0,46000,11
70734891,LL22149402M,9.82091E+14,1707,2022/11/29 13:16,1089,0,45000,515
70734154,LL22150506M,9.82091E+14,1707,2022/11/29 13:35,992,0,51000,541
70721340,LL22144904M,9.82091E+14,1707,2022/11/29 13:52,913,0,56500,678
70734876,LL22153804M,9.82091E+14,1707,2022/11/29 14:07,1516,0,50500,720
70732905,LL22141101M,9.82091E+14,1707,2022/11/29 14:33,1269,0,47500,694
70734848,LL22148404M,9.82091E+14,1707,2022/11/29 14:54,663,0,50000,567
70734162,LL22150204M,9.82091E+14,1707,2022/11/29 15:05,479,0,40000,241
70739142,LL22150005M,9.82091E+14,1707,2022/11/29 15:13,116,0,40500,43
70734119,LL22150501M,9.82091E+14,1707,2022/11/29 15:15,737,0,45000,349
70734162,LL22150204M,9.82091E+14,1707,2022/11/29 15:27,292,0,67500,188
70739179,LL22133202M,699b78b7-0c70-4ae2-ab86-2d616dd829b8,1707,2022/11/29 15:32,881,0,59500,516
70734852,LL22148101M,9.82091E+14,1707,2022/11/29 15:47,900,0,40000,271
70734891,LL22149402M,9.82091E+14,1707,2022/11/29 16:04,1123,0,46000,414
70732905,LL22141101M,9.82091E+14,1707,2022/11/29 16:27,344,0,48000,147
70734848,LL22148404M,9.82091E+14,1707,2022/11/29 16:33,390,0,51500,273
70739142,LL22150005M,9.82091E+14,1707,2022/11/29 16:40,76,0,41000,31
70734154,LL22150506M,9.82091E+14,1707,2022/11/29 16:42,424,0,52000,202
70721340,LL22144904M,9.82091E+14,1707,2022/11/29 16:49,370,0,57000,294
70734876,LL22153804M,9.82091E+14,1707,2022/11/29 17:00,807,0,49500,374
70734154,LL22150506M,9.82091E+14,1707,2022/11/29 17:14,67,0,51500,44
70739179,LL22133202M,699b78b7-0c70-4ae2-ab86-2d616dd829b8,1707,2022/11/29 17:20,144,0,59000,70
70734848,LL22148404M,9.82091E+14,1707,2022/11/29 18:49,206,0,52000,136
70734119,LL22150501M,9.82091E+14,1707,2022/11/29 18:56,161,0,45000,78
70734154,LL22150506M,9.82091E+14,1707,2022/11/29 18:59,375,0,50500,200
70734162,LL22150204M,9.82091E+14,1707,2022/11/29 19:07,365,0,40500,116
70739142,LL22150005M,9.82091E+14,1707,2022/11/29 19:33,363,0,41500,94
70721340,LL22144904M,9.82091E+14,1707,2022/11/29 19:46,385,0,57500,278
70739179,LL22133202M,699b78b7-0c70-4ae2-ab86-2d616dd829b8,1707,2022/11/29 20:48,173,0,58500,113
70734876,LL22153804M,9.82091E+14,1707,2022/11/29 20:53,137,0,52500,38
70734119,LL22150501M,9.82091E+14,1707,2022/11/29 20:55,262,0,45500,136
70734852,LL22148101M,9.82091E+14,1707,2022/11/29 20:59,825,0,40000,272
70734876,LL22153804M,9.82091E+14,1707,2022/11/29 21:14,455,0,50000,215
70734119,LL22150501M,9.82091E+14,1707,2022/11/29 21:21,481,0,44500,223
70739179,LL22133202M,699b78b7-0c70-4ae2-ab86-2d616dd829b8,1707,2022/11/29 21:55,377,0,58000,278
70732905,LL22141101M,9.82091E+14,1707,2022/11/29 22:24,300,0,49000,135
70734891,LL22149402M,9.82091E+14,1707,2022/11/29 22:39,781,0,46000,454
70734848,LL22148404M,9.82091E+14,1707,2022/11/29 22:57,311,0,52500,146
70734162,LL22150204M,9.82091E+14,1707,2022/11/29 23:03,320,0,40500,188
70734876,LL22153804M,9.82091E+14,1707,2022/11/29 23:09,543,0,50000,255
70734119,LL22150501M,9.82091E+14,1707,2022/11/29 23:20,200,0,45000,99
70721340,LL22144904M,9.82091E+14,1707,2022/11/29 23:24,366,0,57500,115
70734876,LL22153804M,9.82091E+14,1707,2022/11/30 1:31,433,0,51000,531
70739179,LL22133202M,699b78b7-0c70-4ae2-ab86-2d616dd829b8,1707,2022/11/30 1:39,141,0,58000,90
70734154,LL22150506M,9.82091E+14,1707,2022/11/30 1:42,452,0,49500,216
70732905,LL22141101M,9.82091E+14,1707,2022/11/30 2:02,416,0,47500,226
70739179,LL22133202M,699b78b7-0c70-4ae2-ab86-2d616dd829b8,1707,2022/11/30 3:28,646,0,58000,436
70734891,LL22149402M,9.82091E+14,1707,2022/11/30 3:41,255,0,45500,106
70739142,LL22150005M,9.82091E+14,1707,2022/11/30 3:45,940,0,41000,392
70721340,LL22144904M,9.82091E+14,1707,2022/11/30 4:01,284,0,57000,118
70734891,LL22149402M,9.82091E+14,1707,2022/11/30 4:43,611,0,45000,1125
70732905,LL22141101M,9.82091E+14,1707,2022/11/30 5:37,896,0,47500,479
70721340,LL22144904M,9.82091E+14,1707,2022/11/30 5:52,734,0,57000,596
70734154,LL22150506M,9.82091E+14,1707,2022/11/30 6:06,669,0,51000,234
70734154,LL22150506M,9.82091E+14,1707,2022/11/30 6:19,161,0,51500,69
70721340,LL22144904M,9.82091E+14,1707,2022/11/30 6:22,319,0,58000,174
70734852,LL22148101M,9.82091E+14,1707,2022/11/30 6:27,1401,0,39000,407
70739142,LL22150005M,9.82091E+14,1707,2022/11/30 6:50,482,0,41000,133
70734848,LL22148404M,9.82091E+14,1707,2022/11/30 6:59,724,0,50500,335
70739142,LL22150005M,9.82091E+14,1707,2022/11/30 7:12,110,0,41000,34
70721340,LL22144904M,9.82091E+14,1707,2022/11/30 7:14,333,0,57500,173
70734154,LL22150506M,9.82091E+14,1707,2022/11/30 7:20,185,0,51000,74
70734891,LL22149402M,9.82091E+14,1707,2022/11/30 7:24,145,0,46000,9
70734154,LL22150506M,9.82091E+14,1707,2022/11/30 7:27,36,0,,22
70739179,LL22133202M,699b78b7-0c70-4ae2-ab86-2d616dd829b8,1707,2022/11/30 7:31,415,0,58000,253
70734162,LL22150204M,9.82091E+14,1707,2022/11/30 7:38,426,0,40000,240
70734119,LL22150501M,9.82091E+14,1707,2022/11/30 7:46,632,0,43000,262
70734891,LL22149402M,9.82091E+14,1707,2022/11/30 7:57,596,0,44500,301
70739179,LL22133202M,699b78b7-0c70-4ae2-ab86-2d616dd829b8,1707,2022/11/30 8:22,666,0,59000,455
70734876,LL22153804M,9.82091E+14,1707,2022/11/30 8:33,1080,0,50500,530
70734154,LL22150506M,9.82091E+14,1707,2022/11/30 8:51,315,0,49500,161
70734848,LL22148404M,9.82091E+14,1707,2022/11/30 8:57,420,0,51500,265
70721340,LL22144904M,9.82091E+14,1707,2022/11/30 9:04,268,0,58500,153
70739142,LL22150005M,9.82091E+14,1707,2022/11/30 9:09,107,0,41500,48
70739142,LL22150005M,9.82091E+14,1707,2022/11/30 9:13,708,0,41500,199
70732905,LL22141101M,9.82091E+14,1707,2022/11/30 9:25,612,0,48000,319
70739142,LL22150005M,9.82091E+14,1707,2022/11/30 9:35,23,0,,10
70734119,LL22150501M,9.82091E+14,1707,2022/11/30 9:36,534,0,44500,251
70732905,LL22141101M,9.82091E+14,1707,2022/11/30 9:45,333,0,48000,182
70734162,LL22150204M,9.82091E+14,1707,2022/11/30 9:50,361,0,40500,128
70721340,LL22144904M,9.82091E+14,1707,2022/11/30 9:56,219,0,58000,113
70734119,LL22150501M,9.82091E+14,1707,2022/11/30 10:00,264,0,44000,128
70734119,LL22150501M,9.82091E+14,1707,2022/11/30 10:08,118,0,44500,49
70734162,LL22150204M,9.82091E+14,1707,2022/11/30 10:10,63,0,41000,13
70734154,LL22150506M,9.82091E+14,1707,2022/11/30 10:16,605,0,50500,261
70734891,LL22149402M,9.82091E+14,1707,2022/11/30 11:18,490,0,46000,229
70734848,LL22148404M,9.82091E+14,1707,2022/11/30 11:42,415,0,50500,195
70721340,LL22144904M,9.82091E+14,1707,2022/11/30 11:52,371,0,58500,229
70739179,LL22133202M,699b78b7-0c70-4ae2-ab86-2d616dd829b8,1707,2022/11/30 11:59,267,0,60500,115
70734852,LL22148101M,9.82091E+14,1707,2022/11/30 12:04,1186,0,39500,299
70739179,LL22133202M,699b78b7-0c70-4ae2-ab86-2d616dd829b8,1707,2022/11/30 12:24,400,0,59500,262
70734876,LL22153804M,9.82091E+14,1707,2022/11/30 12:31,1093,0,50500,515
70734891,LL22149402M,9.82091E+14,1707,2022/11/30 12:49,911,0,46000,385
70734119,LL22150501M,9.82091E+14,1707,2022/11/30 13:04,563,0,46000,281
70739142,LL22150005M,9.82091E+14,1707,2022/11/30 13:14,1084,0,42500,489
70734162,LL22150204M,9.82091E+14,1707,2022/11/30 13:32,678,0,41500,416
70734154,LL22150506M,9.82091E+14,1707,2022/11/30 13:43,834,0,51500,489
70734891,LL22149402M,9.82091E+14,1707,2022/11/30 13:58,101,0,46000,2
70734852,LL22148101M,9.82091E+14,1707,2022/11/30 13:59,265,0,40500,108
70732905,LL22141101M,9.82091E+14,1707,2022/11/30 14:04,1186,0,48500,652
70739179,LL22133202M,699b78b7-0c70-4ae2-ab86-2d616dd829b8,1707,2022/11/30 14:24,522,0,58500,303
70721340,LL22144904M,9.82091E+14,1707,2022/11/30 14:33,893,0,57500,705
70739142,LL22150005M,9.82091E+14,1707,2022/11/30 14:48,203,0,66000,76
70734891,LL22149402M,9.82091E+14,1707,2022/11/30 14:51,257,0,47000,11
70734891,LL22149402M,9.82091E+14,1707,2022/11/30 14:58,137,0,46500,10
70734848,LL22148404M,9.82091E+14,1707,2022/11/30 15:01,676,0,51000,391
70734119,LL22150501M,9.82091E+14,1707,2022/11/30 15:12,137,0,47250,67
70734852,LL22148101M,9.82091E+14,1707,2022/11/30 15:15,739,0,40000,246
70739179,LL22133202M,699b78b7-0c70-4ae2-ab86-2d616dd829b8,1707,2022/11/30 15:27,453,0,60500,209
70734876,LL22153804M,9.82091E+14,1707,2022/11/30 15:35,351,0,50000,176
70732905,LL22141101M,9.82091E+14,1707,2022/11/30 15:44,151,0,48500,34
70734119,LL22150501M,9.82091E+14,1707,2022/11/30 15:47,395,0,46000,211
70732905,LL22141101M,9.82091E+14,1707,2022/11/30 15:53,292,0,48500,178
70734119,LL22150501M,9.82091E+14,1707,2022/11/30 15:58,98,0,45000,62
70734891,LL22149402M,9.82091E+14,1707,2022/11/30 16:02,44,0,,11
70734876,LL22153804M,9.82091E+14,1707,2022/11/30 16:03,217,0,52000,109
70732905,LL22141101M,9.82091E+14,1707,2022/11/30 16:07,130,0,49500,73
70734891,LL22149402M,9.82091E+14,1707,2022/11/30 16:09,386,0,46500,45
70734154,LL22150506M,9.82091E+14,1707,2022/11/30 16:44,148,0,51500,59
70734119,LL22150501M,9.82091E+14,1707,2022/11/30 16:47,23,0,,17
70734891,LL22149402M,9.82091E+14,1707,2022/11/30 16:48,231,0,45500,10
70734162,LL22150204M,9.82091E+14,1707,2022/11/30 16:52,355,0,40500,214
70734848,LL22148404M,9.82091E+14,1707,2022/11/30 17:59,378,0,52000,263
70739179,LL22133202M,699b78b7-0c70-4ae2-ab86-2d616dd829b8,1707,2022/11/30 20:10,311,0,59000,212
70734876,LL22153804M,9.82091E+14,1707,2022/11/30 20:21,509,0,53000,243
70739179,LL22133202M,699b78b7-0c70-4ae2-ab86-2d616dd829b8,1707,2022/11/30 21:33,52,0,,2
70734848,LL22148404M,9.82091E+14,1707,2022/11/30 21:44,285,0,52000,143
70734852,LL22148101M,9.82091E+14,1707,2022/11/30 23:23,824,0,39000,277
70721340,LL22144904M,9.82091E+14,1707,2022/11/30 23:37,602,0,56000,518
70739179,LL22133202M,699b78b7-0c70-4ae2-ab86-2d616dd829b8,1707,2022/11/30 23:47,709,0,57500,468
70734162,LL22150204M,9.82091E+14,1707,2022/11/30 23:59,347,0,39500,227
70734876,LL22153804M,9.82091E+14,1707,2022/12/1 0:21,647,0,51000,312
70734119,LL22150501M,9.82091E+14,1707,2022/12/1 1:30,417,0,41500,156
70734848,LL22148404M,9.82091E+14,1707,2022/12/1 1:38,467,0,50000,311
70734162,LL22150204M,9.82091E+14,1707,2022/12/1 4:15,158,0,40500,96
70734154,LL22150506M,9.82091E+14,1707,2022/12/1 4:23,812,0,48500,309
70734154,LL22150506M,9.82091E+14,1707,2022/12/1 4:39,163,0,47000,56
70734876,LL22153804M,9.82091E+14,1707,2022/12/1 4:42,661,0,49750,356
70721340,LL22144904M,9.82091E+14,1707,2022/12/1 4:55,691,0,56000,495
70734154,LL22150506M,9.82091E+14,1707,2022/12/1 5:07,72,0,51500,36
70732905,LL22141101M,9.82091E+14,1707,2022/12/1 5:09,684,0,47000,375
70734891,LL22149402M,9.82091E+14,1707,2022/12/1 5:20,1048,0,42000,397
70739142,LL22150005M,9.82091E+14,1707,2022/12/1 5:38,620,0,39750,234
70739179,LL22133202M,699b78b7-0c70-4ae2-ab86-2d616dd829b8,1707,2022/12/1 6:03,890,0,57250,538
70734119,LL22150501M,9.82091E+14,1707,2022/12/1 6:20,806,0,42500,326
70734848,LL22148404M,9.82091E+14,1707,2022/12/1 6:49,634,0,50500,356
70734852,LL22148101M,9.82091E+14,1707,2022/12/1 7:33,1083,0,38500,336
70739142,LL22150005M,9.82091E+14,1707,2022/12/1 7:53,46,0,,17
70739142,LL22150005M,9.82091E+14,1707,2022/12/1 7:56,417,0,40500,129
70739142,LL22150005M,9.82091E+14,1707,2022/12/1 8:06,56,0,,19
70734876,LL22153804M,9.82091E+14,1707,2022/12/1 8:11,703,0,49000,361
70732905,LL22141101M,9.82091E+14,1707,2022/12/1 8:23,1171,0,47000,633
70734154,LL22150506M,9.82091E+14,1707,2022/12/1 8:43,880,0,51000,347
70721340,LL22144904M,9.82091E+14,1707,2022/12/1 8:57,805,0,56500,492
70734852,LL22148101M,9.82091E+14,1707,2022/12/1 9:12,259,0,39500,76
70734848,LL22148404M,9.82091E+14,1707,2022/12/1 9:26,597,0,50500,323
70734154,LL22150506M,9.82091E+14,1707,2022/12/1 9:36,205,0,49500,96
70734162,LL22150204M,9.82091E+14,1707,2022/12/1 9:41,724,0,40000,405
70739179,LL22133202M,699b78b7-0c70-4ae2-ab86-2d616dd829b8,1707,2022/12/1 9:54,289,0,58500,128
70739142,LL22150005M,9.82091E+14,1707,2022/12/1 10:04,610,0,40500,226
70734119,LL22150501M,9.82091E+14,1707,2022/12/1 10:17,774,0,44500,329
70734119,LL22150501M,9.82091E+14,1707,2022/12/1 10:40,112,0,43500,59
70739179,LL22133202M,699b78b7-0c70-4ae2-ab86-2d616dd829b8,1707,2022/12/1 10:45,769,0,59000,439
70732905,LL22141101M,9.82091E+14,1707,2022/12/1 11:02,424,0,48500,125
70721340,LL22144904M,9.82091E+14,1707,2022/12/1 11:13,617,0,58000,357
70732905,LL22141101M,9.82091E+14,1707,2022/12/1 11:24,279,0,48500,126
70734162,LL22150204M,9.82091E+14,1707,2022/12/1 11:30,74,0,41000,28
70734891,LL22149402M,9.82091E+14,1707,2022/12/1 11:31,381,0,78250,124
70734891,LL22149402M,9.82091E+14,1707,2022/12/1 11:56,669,0,42500,502
70734154,LL22150506M,9.82091E+14,1707,2022/12/1 12:08,648,0,51000,300
70739142,LL22150005M,9.82091E+14,1707,2022/12/1 12:19,580,0,41000,227
70734876,LL22153804M,9.82091E+14,1707,2022/12/1 12:29,1047,0,49750,506
70734891,LL22149402M,9.82091E+14,1707,2022/12/1 12:49,1140,0,43000,600
70734891,LL22149402M,9.82091E+14,1707,2022/12/1 13:10,80,0,46000,11
70734848,LL22148404M,9.82091E+14,1707,2022/12/1 13:11,471,0,51500,205
70739179,LL22133202M,699b78b7-0c70-4ae2-ab86-2d616dd829b8,1707,2022/12/1 13:19,638,0,60000,448
70734852,LL22148101M,9.82091E+14,1707,2022/12/1 13:30,904,0,40500,282
70734162,LL22150204M,9.82091E+14,1707,2022/12/1 13:45,525,0,41500,276
70734162,LL22150204M,9.82091E+14,1707,2022/12/1 13:54,104,0,85000,36
70734119,LL22150501M,9.82091E+14,1707,2022/12/1 13:56,885,0,43500,422
70721340,LL22144904M,9.82091E+14,1707,2022/12/1 14:11,750,0,58000,673
70732905,LL22141101M,9.82091E+14,1707,2022/12/1 14:23,1098,0,49000,682
70739142,LL22150005M,9.82091E+14,1707,2022/12/1 14:42,262,0,41500,122
70739142,LL22150005M,9.82091E+14,1707,2022/12/1 14:48,326,0,41500,75
70734848,LL22148404M,9.82091E+14,1707,2022/12/1 14:54,675,0,52000,459
70734162,LL22150204M,9.82091E+14,1707,2022/12/1 15:05,452,0,41500,215
70734154,LL22150506M,9.82091E+14,1707,2022/12/1 15:16,801,0,53000,477
70734119,LL22150501M,9.82091E+14,1707,2022/12/1 15:29,382,0,59000,182
70734891,LL22149402M,9.82091E+14,1707,2022/12/1 15:35,1073,0,44750,605
70739179,LL22133202M,699b78b7-0c70-4ae2-ab86-2d616dd829b8,1707,2022/12/1 15:53,612,0,60000,434
70734154,LL22150506M,9.82091E+14,1707,2022/12/1 16:04,218,0,53000,110
70732905,LL22141101M,9.82091E+14,1707,2022/12/1 16:08,550,0,49000,309
70734876,LL22153804M,9.82091E+14,1707,2022/12/1 16:17,1401,0,50500,710
70721340,LL22144904M,9.82091E+14,1707,2022/12/1 16:41,228,0,59000,186
70734119,LL22150501M,9.82091E+14,1707,2022/12/1 16:45,110,0,47000,64
70739179,LL22133202M,699b78b7-0c70-4ae2-ab86-2d616dd829b8,1707,2022/12/1 16:48,108,0,60500,52
70732905,LL22141101M,9.82091E+14,1707,2022/12/1 16:51,183,0,49000,87
70721340,LL22144904M,9.82091E+14,1707,2022/12/1 16:55,302,0,59000,204
70734154,LL22150506M,9.82091E+14,1707,2022/12/1 17:05,88,0,54500,39
70734119,LL22150501M,9.82091E+14,1707,2022/12/1 17:07,277,0,47500,148
70739179,LL22133202M,699b78b7-0c70-4ae2-ab86-2d616dd829b8,1707,2022/12/1 17:12,143,0,61500,45
70734852,LL22148101M,9.82091E+14,1707,2022/12/1 17:15,337,0,41000,108
70734154,LL22150506M,9.82091E+14,1707,2022/12/1 18:07,212,0,53500,101
70734848,LL22148404M,9.82091E+14,1707,2022/12/1 18:11,459,0,53000,332
70739179,LL22133202M,699b78b7-0c70-4ae2-ab86-2d616dd829b8,1707,2022/12/1 18:27,46,0,,1
70734162,LL22150204M,9.82091E+14,1707,2022/12/1 18:32,193,0,42000,92
70734852,LL22148101M,9.82091E+14,1707,2022/12/1 20:48,531,0,41000,187
70721340,LL22144904M,9.82091E+14,1707,2022/12/1 20:57,625,0,60000,474
70734162,LL22150204M,9.82091E+14,1707,2022/12/1 21:08,420,0,41500,238
70734119,LL22150501M,9.82091E+14,1707,2022/12/1 21:54,761,0,47000,288
70739179,LL22133202M,699b78b7-0c70-4ae2-ab86-2d616dd829b8,1707,2022/12/1 22:45,577,0,59500,433
70732905,LL22141101M,9.82091E+14,1707,2022/12/1 22:56,627,0,49000,373
70734876,LL22153804M,9.82091E+14,1707,2022/12/1 23:27,696,0,53500,326
70734848,LL22148404M,9.82091E+14,1707,2022/12/2 1:27,591,0,52000,386
70734119,LL22150501M,9.82091E+14,1707,2022/12/2 1:37,360,0,46500,158
70734162,LL22150204M,9.82091E+14,1707,2022/12/2 1:44,254,0,41500,151
70734876,LL22153804M,9.82091E+14,1707,2022/12/2 1:56,721,0,53000,319
70739142,LL22150005M,9.82091E+14,1707,2022/12/2 2:10,862,0,40000,361
70739179,LL22133202M,699b78b7-0c70-4ae2-ab86-2d616dd829b8,1707,2022/12/2 2:39,213,0,59500,156
70734891,LL22149402M,9.82091E+14,1707,2022/12/2 2:43,1160,0,46500,616
70721340,LL22144904M,9.82091E+14,1707,2022/12/2 3:26,508,0,58500,327
70732905,LL22141101M,9.82091E+14,1707,2022/12/2 3:35,312,0,48500,144
70734154,LL22150506M,9.82091E+14,1707,2022/12/2 3:50,669,0,53000,220
70734154,LL22150506M,9.82091E+14,1707,2022/12/2 4:04,325,0,52500,94
70734162,LL22150204M,9.82091E+14,1707,2022/12/2 4:10,283,0,41000,134
70734154,LL22150506M,9.82091E+14,1707,2022/12/2 4:16,103,0,52000,46
70734852,LL22148101M,9.82091E+14,1707,2022/12/2 4:22,1129,0,40000,379
70739179,LL22133202M,699b78b7-0c70-4ae2-ab86-2d616dd829b8,1707,2022/12/2 4:45,683,0,60000,471
70739142,LL22150005M,9.82091E+14,1707,2022/12/2 6:45,667,0,40500,251
70734876,LL22153804M,9.82091E+14,1707,2022/12/2 6:59,703,0,52500,314
70732905,LL22141101M,9.82091E+14,1707,2022/12/2 7:10,900,0,48500,469
70734119,LL22150501M,9.82091E+14,1707,2022/12/2 7:26,338,0,46500,150
70734891,LL22149402M,9.82091E+14,1707,2022/12/2 7:31,840,0,47500,340
70721340,LL22144904M,9.82091E+14,1707,2022/12/2 7:45,304,0,58000,216
70734852,LL22148101M,9.82091E+14,1707,2022/12/2 7:51,480,0,41000,138
70721340,LL22144904M,9.82091E+14,1707,2022/12/2 8:00,742,0,58500,482
70734162,LL22150204M,9.82091E+14,1707,2022/12/2 8:12,514,0,79500,242
70734119,LL22150501M,9.82091E+14,1707,2022/12/2 8:21,441,0,46500,215
70734162,LL22150204M,9.82091E+14,1707,2022/12/2 8:29,121,0,41500,66
70734154,LL22150506M,9.82091E+14,1707,2022/12/2 8:32,813,0,53000,387
70734848,LL22148404M,9.82091E+14,1707,2022/12/2 8:46,970,0,52500,665
70739179,LL22133202M,699b78b7-0c70-4ae2-ab86-2d616dd829b8,1707,2022/12/2 9:02,930,0,60500,688
70739142,LL22150005M,9.82091E+14,1707,2022/12/2 9:18,1028,0,41000,330
70734154,LL22150506M,9.82091E+14,1707,2022/12/2 10:04,133,0,53500,61
70734162,LL22150204M,9.82091E+14,1707,2022/12/2 10:11,289,0,41000,128
70734876,LL22153804M,9.82091E+14,1707,2022/12/2 10:46,930,0,53000,450
70734848,LL22148404M,9.82091E+14,1707,2022/12/2 11:02,328,0,53500,141
70721340,LL22144904M,9.82091E+14,1707,2022/12/2 11:07,629,0,59500,386
70732905,LL22141101M,9.82091E+14,1707,2022/12/2 11:18,991,0,49000,453
70734852,LL22148101M,9.82091E+14,1707,2022/12/2 11:34,821,0,40500,192
70734891,LL22149402M,9.82091E+14,1707,2022/12/2 11:49,1374,0,47500,767
70734154,LL22150506M,9.82091E+14,1707,2022/12/2 12:12,896,0,54500,506
70734162,LL22150204M,9.82091E+14,1707,2022/12/2 12:27,523,0,42500,274
70734119,LL22150501M,9.82091E+14,1707,2022/12/2 12:36,560,0,80000,292
70739179,LL22133202M,699b78b7-0c70-4ae2-ab86-2d616dd829b8,1707,2022/12/2 12:45,775,0,62000,585
70721340,LL22144904M,9.82091E+14,1707,2022/12/2 12:58,886,0,60500,611
70739142,LL22150005M,9.82091E+14,1707,2022/12/2 13:13,268,0,43500,79
70734852,LL22148101M,9.82091E+14,1707,2022/12/2 13:18,1048,0,41500,346
70739142,LL22150005M,9.82091E+14,1707,2022/12/2 13:35,806,0,41500,366
70732905,LL22141101M,9.82091E+14,1707,2022/12/2 13:49,1027,0,50000,592
70734162,LL22150204M,9.82091E+14,1707,2022/12/2 14:06,628,0,41500,406
70734162,LL22150204M,9.82091E+14,1707,2022/12/2 14:18,113,0,41500,38
70734876,LL22153804M,9.82091E+14,1707,2022/12/2 14:22,1148,0,53500,578
70734891,LL22149402M,9.82091E+14,1707,2022/12/2 14:41,36,0,,3
70734119,LL22150501M,9.82091E+14,1707,2022/12/2 14:42,1005,0,47500,491
70734891,LL22149402M,9.82091E+14,1707,2022/12/2 14:59,1063,0,48000,557
70721340,LL22144904M,9.82091E+14,1707,2022/12/2 15:17,383,0,61000,322
70721340,LL22144904M,9.82091E+14,1707,2022/12/2 15:23,40,0,,22
70734848,LL22148404M,9.82091E+14,1707,2022/12/2 15:24,695,0,53000,523
70734852,LL22148101M,9.82091E+14,1707,2022/12/2 15:36,454,0,43000,149
70734154,LL22150506M,9.82091E+14,1707,2022/12/2 15:43,1017,0,55500,604
70739142,LL22150005M,9.82091E+14,1707,2022/12/2 16:00,793,0,42500,243
70721340,LL22144904M,9.82091E+14,1707,2022/12/2 16:14,250,0,61000,138
70739179,LL22133202M,699b78b7-0c70-4ae2-ab86-2d616dd829b8,1707,2022/12/2 16:18,608,0,62000,453
70734154,LL22150506M,9.82091E+14,1707,2022/12/2 16:29,201,0,55500,111
70734876,LL22153804M,9.82091E+14,1707,2022/12/2 16:33,703,0,54500,363
70732905,LL22141101M,9.82091E+14,1707,2022/12/2 16:45,868,0,51000,489
70734891,LL22149402M,9.82091E+14,1707,2022/12/2 17:00,355,0,48500,110
70734848,LL22148404M,9.82091E+14,1707,2022/12/2 17:08,541,0,54000,391
70739179,LL22133202M,699b78b7-0c70-4ae2-ab86-2d616dd829b8,1707,2022/12/2 17:17,634,0,62000,411
70732905,LL22141101M,9.82091E+14,1707,2022/12/2 17:49,218,0,52000,113
70721340,LL22144904M,9.82091E+14,1707,2022/12/2 17:53,363,0,62000,224
70734119,LL22150501M,9.82091E+14,1707,2022/12/2 18:00,497,0,65500,234
70734852,LL22148101M,9.82091E+14,1707,2022/12/2 18:08,381,0,42000,156
70734119,LL22150501M,9.82091E+14,1707,2022/12/2 18:16,290,0,48000,146
70734162,LL22150204M,9.82091E+14,1707,2022/12/2 18:21,199,0,43000,125
70732905,LL22141101M,9.82091E+14,1707,2022/12/2 18:25,20,0,,12
70734852,LL22148101M,9.82091E+14,1707,2022/12/2 18:25,612,0,41500,208
70734876,LL22153804M,9.82091E+14,1707,2022/12/2 18:48,752,0,55500,414
70721340,LL22144904M,9.82091E+14,1707,2022/12/2 19:01,290,0,61500,248
70739142,LL22150005M,9.82091E+14,1707,2022/12/2 19:06,515,0,43000,171
70734154,LL22150506M,9.82091E+14,1707,2022/12/2 21:03,426,0,55000,154
70734162,LL22150204M,9.82091E+14,1707,2022/12/2 21:12,353,0,42000,232
70734119,LL22150501M,9.82091E+14,1707,2022/12/2 21:19,37,0,,26
70734891,LL22149402M,9.82091E+14,1707,2022/12/2 21:43,543,0,48500,255
70734876,LL22153804M,9.82091E+14,1707,2022/12/2 22:08,562,0,55500,275
70721340,LL22144904M,9.82091E+14,1707,2022/12/2 22:18,331,0,62000,281
70734891,LL22149402M,9.82091E+14,1707,2022/12/2 22:28,30,0,,1
70734119,LL22150501M,9.82091E+14,1707,2022/12/2 22:29,306,0,48500,134
70734848,LL22148404M,9.82091E+14,1707,2022/12/2 23:43,420,0,54000,291
70734162,LL22150204M,9.82091E+14,1707,2022/12/3 0:29,134,0,42000,76
70734891,LL22149402M,9.82091E+14,1707,2022/12/3 0:36,542,0,48500,331
70739179,LL22133202M,699b78b7-0c70-4ae2-ab86-2d616dd829b8,1707,2022/12/3 2:05,332,0,61500,171
70734162,LL22150204M,9.82091E+14,1707,2022/12/3 2:13,204,0,42500,135
70739142,LL22150005M,9.82091E+14,1707,2022/12/3 2:17,662,0,42500,277
70734154,LL22150506M,9.82091E+14,1707,2022/12/3 2:34,242,0,55000,91
70734876,LL22153804M,9.82091E+14,1707,2022/12/3 2:38,467,0,54500,257
70721340,LL22144904M,9.82091E+14,1707,2022/12/3 2:56,497,0,61500,353
70734154,LL22150506M,9.82091E+14,1707,2022/12/3 3:07,238,0,55000,111
70734119,LL22150501M,9.82091E+14,1707,2022/12/3 3:13,618,0,48000,282
70734848,LL22148404M,9.82091E+14,1707,2022/12/3 3:24,275,0,54500,146
70734852,LL22148101M,9.82091E+14,1707,2022/12/3 3:29,817,0,42000,241
70739142,LL22150005M,9.82091E+14,1707,2022/12/3 5:35,914,0,42500,347
70734891,LL22149402M,9.82091E+14,1707,2022/12/3 5:56,497,0,48000,263
70721340,LL22144904M,9.82091E+14,1707,2022/12/3 6:05,706,0,60500,380
70732905,LL22141101M,9.82091E+14,1707,2022/12/3 6:17,1062,0,50000,562
70734154,LL22150506M,9.82091E+14,1707,2022/12/3 6:37,456,0,54500,198
70734876,LL22153804M,9.82091E+14,1707,2022/12/3 6:46,664,0,54500,295
70739179,LL22133202M,699b78b7-0c70-4ae2-ab86-2d616dd829b8,1707,2022/12/3 6:59,864,0,61000,468
70734162,LL22150204M,9.82091E+14,1707,2022/12/3 7:31,465,0,42500,290
70734848,LL22148404M,9.82091E+14,1707,2022/12/3 7:42,431,0,53500,222
70721340,LL22144904M,9.82091E+14,1707,2022/12/3 7:56,145,0,60500,74
70734852,LL22148101M,9.82091E+14,1707,2022/12/3 8:32,670,0,41500,158
70739142,LL22150005M,9.82091E+14,1707,2022/12/3 8:47,1105,0,43000,354
70734891,LL22149402M,9.82091E+14,1707,2022/12/3 9:06,1077,0,69500,579
70734119,LL22150501M,9.82091E+14,1707,2022/12/3 9:24,941,0,47500,416
70721340,LL22144904M,9.82091E+14,1707,2022/12/3 9:40,985,0,60500,567
70734848,LL22148404M,9.82091E+14,1707,2022/12/3 9:57,769,0,54000,471
70734852,LL22148101M,9.82091E+14,1707,2022/12/3 10:10,815,0,41500,228
70734154,LL22150506M,9.82091E+14,1707,2022/12/3 10:24,1131,0,54500,562
70739142,LL22150005M,9.82091E+14,1707,2022/12/3 10:43,286,0,102500,82
70739179,LL22133202M,699b78b7-0c70-4ae2-ab86-2d616dd829b8,1707,2022/12/3 10:47,517,0,61500,212
70732905,LL22141101M,9.82091E+14,1707,2022/12/3 10:57,1037,0,50000,510
70734162,LL22150204M,9.82091E+14,1707,2022/12/3 11:14,619,0,42500,364
70734876,LL22153804M,9.82091E+14,1707,2022/12/3 11:24,1496,0,54000,598
70739179,LL22133202M,699b78b7-0c70-4ae2-ab86-2d616dd829b8,1707,2022/12/3 11:49,182,0,61000,42
70721340,LL22144904M,9.82091E+14,1707,2022/12/3 11:52,21,0,,1
70734154,LL22150506M,9.82091E+14,1707,2022/12/3 11:55,213,0,55500,127
70721340,LL22144904M,9.82091E+14,1707,2022/12/3 11:59,418,0,61000,253
70739179,LL22133202M,699b78b7-0c70-4ae2-ab86-2d616dd829b8,1707,2022/12/3 12:06,776,0,61500,152
70734852,LL22148101M,9.82091E+14,1707,2022/12/3 12:19,1268,0,42000,336
70734119,LL22150501M,9.82091E+14,1707,2022/12/3 12:40,1110,0,48500,519
70739142,LL22150005M,9.82091E+14,1707,2022/12/3 12:59,822,0,71000,386
70734891,LL22149402M,9.82091E+14,1707,2022/12/3 13:13,1256,0,49500,704
70732905,LL22141101M,9.82091E+14,1707,2022/12/3 13:34,1023,0,51000,576
70734162,LL22150204M,9.82091E+14,1707,2022/12/3 13:51,741,0,42500,374
70721340,LL22144904M,9.82091E+14,1707,2022/12/3 14:03,740,0,62000,588
70734162,LL22150204M,9.82091E+14,1707,2022/12/3 14:16,50,0,,9
70739179,LL22133202M,699b78b7-0c70-4ae2-ab86-2d616dd829b8,1707,2022/12/3 14:17,1287,0,61500,913
70734848,LL22148404M,9.82091E+14,1707,2022/12/3 14:38,830,0,54000,636
70739142,LL22150005M,9.82091E+14,1707,2022/12/3 14:52,558,0,44000,221
70734154,LL22150506M,9.82091E+14,1707,2022/12/3 15:01,854,0,56500,549
70734852,LL22148101M,9.82091E+14,1707,2022/12/3 15:16,1143,0,42500,324
70734876,LL22153804M,9.82091E+14,1707,2022/12/3 15:35,883,0,55000,426
70734154,LL22150506M,9.82091E+14,1707,2022/12/3 15:50,319,0,56500,188
70732905,LL22141101M,9.82091E+14,1707,2022/12/3 15:56,642,0,51500,339
70734119,LL22150501M,9.82091E+14,1707,2022/12/3 16:07,464,0,49000,223
70734891,LL22149402M,9.82091E+14,1707,2022/12/3 16:15,882,0,50000,322
70734119,LL22150501M,9.82091E+14,1707,2022/12/3 16:30,432,0,49500,216
70732905,LL22141101M,9.82091E+14,1707,2022/12/3 16:37,316,0,52500,185
70734848,LL22148404M,9.82091E+14,1707,2022/12/3 16:43,287,0,55000,123
70734154,LL22150506M,9.82091E+14,1707,2022/12/3 16:48,112,0,56500,56
70721340,LL22144904M,9.82091E+14,1707,2022/12/3 16:51,506,0,62500,343
70734852,LL22148101M,9.82091E+14,1707,2022/12/3 17:01,601,0,43000,147
70739179,LL22133202M,699b78b7-0c70-4ae2-ab86-2d616dd829b8,1707,2022/12/3 17:11,549,0,64000,328
70721340,LL22144904M,9.82091E+14,1707,2022/12/3 17:20,201,0,62500,108
70732905,LL22141101M,9.82091E+14,1707,2022/12/3 17:24,115,0,52500,13
70734848,LL22148404M,9.82091E+14,1707,2022/12/3 17:28,299,0,54500,176
70739142,LL22150005M,9.82091E+14,1707,2022/12/3 17:35,799,0,44000,177
70734876,LL22153804M,9.82091E+14,1707,2022/12/3 18:56,929,0,55500,480
70734876,LL22153804M,9.82091E+14,1707,2022/12/3 19:27,173,0,55000,41
70734162,LL22150204M,9.82091E+14,1707,2022/12/3 19:31,273,0,42500,75
70734891,LL22149402M,9.82091E+14,1707,2022/12/3 19:44,531,0,49500,324
70734162,LL22150204M,9.82091E+14,1707,2022/12/3 19:54,273,0,42500,129
70734876,LL22153804M,9.82091E+14,1707,2022/12/3 20:14,439,0,55500,233
70732905,LL22141101M,9.82091E+14,1707,2022/12/3 21:57,277,0,51500,163
70734848,LL22148404M,9.82091E+14,1707,2022/12/3 22:05,303,0,54000,166
70721340,LL22144904M,9.82091E+14,1707,2022/12/3 22:10,853,0,61500,554
70739142,LL22150005M,9.82091E+14,1707,2022/12/3 22:24,63,0,43000,24
70739142,LL22150005M,9.82091E+14,1707,2022/12/3 22:27,285,0,43000,67
70734162,LL22150204M,9.82091E+14,1707,2022/12/3 22:33,175,0,42000,106
70734852,LL22148101M,9.82091E+14,1707,2022/12/3 22:39,79,0,41500,27
70732905,LL22141101M,9.82091E+14,1707,2022/12/3 22:40,556,0,52000,281
70739179,LL22133202M,699b78b7-0c70-4ae2-ab86-2d616dd829b8,1707,2022/12/3 22:50,364,0,62000,73
70739179,LL22133202M,699b78b7-0c70-4ae2-ab86-2d616dd829b8,1707,2022/12/3 22:58,525,0,62500,322
70721340,LL22144904M,9.82091E+14,1707,2022/12/3 23:11,433,0,62000,349
70734848,LL22148404M,9.82091E+14,1707,2022/12/4 0:00,268,0,55000,205
70734119,LL22150501M,9.82091E+14,1707,2022/12/4 0:04,452,0,49000,248
70734154,LL22150506M,9.82091E+14,1707,2022/12/4 0:12,534,0,56000,299
70734119,LL22150501M,9.82091E+14,1707,2022/12/4 0:21,243,0,48500,142
70721340,LL22144904M,9.82091E+14,1707,2022/12/4 0:27,103,0,62500,77
70739142,LL22150005M,9.82091E+14,1707,2022/12/4 0:28,600,0,43500,186
70734162,LL22150204M,9.82091E+14,1707,2022/12/4 0:41,314,0,43000,181
70734891,LL22149402M,9.82091E+14,1707,2022/12/4 0:48,542,0,50000,342
70734852,LL22148101M,9.82091E+14,1707,2022/12/4 0:59,405,0,42500,133
70734891,LL22149402M,9.82091E+14,1707,2022/12/4 1:46,49,0,,3
70734876,LL22153804M,9.82091E+14,1707,2022/12/4 2:57,206,0,56500,107
70734162,LL22150204M,9.82091E+14,1707,2022/12/4 3:31,355,0,43000,225
70732905,LL22141101M,9.82091E+14,1707,2022/12/4 3:37,324,0,51000,185
70734154,LL22150506M,9.82091E+14,1707,2022/12/4 3:57,263,0,56000,92
70721340,LL22144904M,9.82091E+14,1707,2022/12/4 4:04,311,0,62500,251
70734154,LL22150506M,9.82091E+14,1707,2022/12/4 4:10,113,0,56000,49
70734876,LL22153804M,9.82091E+14,1707,2022/12/4 4:16,903,0,55500,464
70732905,LL22141101M,9.82091E+14,1707,2022/12/4 4:32,240,0,51000,118
70734848,LL22148404M,9.82091E+14,1707,2022/12/4 4:36,634,0,54500,407
70721340,LL22144904M,9.82091E+14,1707,2022/12/4 4:48,220,0,62500,153
70739179,LL22133202M,699b78b7-0c70-4ae2-ab86-2d616dd829b8,1707,2022/12/4 5:00,628,0,62000,487
70734119,LL22150501M,9.82091E+14,1707,2022/12/4 5:10,490,0,47000,211
70739142,LL22150005M,9.82091E+14,1707,2022/12/4 5:45,698,0,45000,334
70739142,LL22150005M,9.82091E+14,1707,2022/12/4 5:59,87,0,45000,14
70739142,LL22150005M,9.82091E+14,1707,2022/12/4 6:06,47,0,,13
70734876,LL22153804M,9.82091E+14,1707,2022/12/4 6:19,83,0,56000,40
70732905,LL22141101M,9.82091E+14,1707,2022/12/4 6:29,609,0,51500,361
70734852,LL22148101M,9.82091E+14,1707,2022/12/4 6:40,1028,0,42500,291
70734154,LL22150506M,9.82091E+14,1707,2022/12/4 6:57,764,0,55500,326
70734848,LL22148404M,9.82091E+14,1707,2022/12/4 7:12,389,0,55500,269
70734154,LL22150506M,9.82091E+14,1707,2022/12/4 7:19,241,0,56500,128
70734891,LL22149402M,9.82091E+14,1707,2022/12/4 7:23,932,0,49500,469
70734162,LL22150204M,9.82091E+14,1707,2022/12/4 8:11,521,0,44000,303
70734162,LL22150204M,9.82091E+14,1707,2022/12/4 8:21,131,0,43500,52
70721340,LL22144904M,9.82091E+14,1707,2022/12/4 8:24,418,0,62000,211
70734119,LL22150501M,9.82091E+14,1707,2022/12/4 8:31,864,0,47000,375
70721340,LL22144904M,9.82091E+14,1707,2022/12/4 8:46,518,0,61500,484
70739179,LL22133202M,699b78b7-0c70-4ae2-ab86-2d616dd829b8,1707,2022/12/4 8:57,647,0,62000,208
70739142,LL22150005M,9.82091E+14,1707,2022/12/4 9:07,614,0,44000,247
70734119,LL22150501M,9.82091E+14,1707,2022/12/4 9:18,13,0,,7
70734852,LL22148101M,9.82091E+14,1707,2022/12/4 9:18,210,0,42000,73
70732905,LL22141101M,9.82091E+14,1707,2022/12/4 9:22,243,0,51500,147
70734852,LL22148101M,9.82091E+14,1707,2022/12/4 9:26,150,0,42000,36
70739179,LL22133202M,699b78b7-0c70-4ae2-ab86-2d616dd829b8,1707,2022/12/4 9:29,612,0,62000,371
70732905,LL22141101M,9.82091E+14,1707,2022/12/4 9:39,820,0,51500,451
70739142,LL22150005M,9.82091E+14,1707,2022/12/4 9:53,486,0,44500,150
70734852,LL22148101M,9.82091E+14,1707,2022/12/4 10:02,294,0,43000,54
70734876,LL22153804M,9.82091E+14,1707,2022/12/4 10:07,1235,0,55000,470
70734154,LL22150506M,9.82091E+14,1707,2022/12/4 10:28,584,0,57000,319
70734848,LL22148404M,9.82091E+14,1707,2022/12/4 10:38,679,0,55000,345
70734891,LL22149402M,9.82091E+14,1707,2022/12/4 10:50,607,0,48500,279
70734162,LL22150204M,9.82091E+14,1707,2022/12/4 11:01,609,0,43000,295
70721340,LL22144904M,9.82091E+14,1707,2022/12/4 11:35,193,0,63000,130
70734119,LL22150501M,9.82091E+14,1707,2022/12/4 11:39,374,0,49000,188
70734119,LL22150501M,9.82091E+14,1707,2022/12/4 11:48,83,0,48500,44
70734876,LL22153804M,9.82091E+14,1707,2022/12/4 11:49,517,0,55000,323
70734119,LL22150501M,9.82091E+14,1707,2022/12/4 11:58,195,0,48500,109
70734119,LL22150501M,9.82091E+14,1707,2022/12/4 12:06,60,0,,22
70734119,LL22150501M,9.82091E+14,1707,2022/12/4 12:09,46,0,,13
70734119,LL22150501M,9.82091E+14,1707,2022/12/4 12:13,40,0,,23
70734848,LL22148404M,9.82091E+14,1707,2022/12/4 12:14,122,0,55500,84
70739142,LL22150005M,9.82091E+14,1707,2022/12/4 12:17,208,0,44000,69
70734852,LL22148101M,9.82091E+14,1707,2022/12/4 12:20,1038,0,43000,336
70739142,LL22150005M,9.82091E+14,1707,2022/12/4 12:37,857,0,44500,285
70721340,LL22144904M,9.82091E+14,1707,2022/12/4 12:52,639,0,62500,627
70734891,LL22149402M,9.82091E+14,1707,2022/12/4 13:03,857,0,50000,432
70739179,LL22133202M,699b78b7-0c70-4ae2-ab86-2d616dd829b8,1707,2022/12/4 13:18,782,0,63500,622
70734852,LL22148101M,9.82091E+14,1707,2022/12/4 13:31,340,0,43000,71
70734154,LL22150506M,9.82091E+14,1707,2022/12/4 13:37,678,0,57000,471
70734162,LL22150204M,9.82091E+14,1707,2022/12/4 13:53,493,0,44000,300
70734848,LL22148404M,9.82091E+14,1707,2022/12/4 14:01,634,0,55000,384
70732905,LL22141101M,9.82091E+14,1707,2022/12/4 14:12,501,0,52000,237
70739142,LL22150005M,9.82091E+14,1707,2022/12/4 14:20,764,0,44000,118
70732905,LL22141101M,9.82091E+14,1707,2022/12/4 14:33,749,0,52500,390
70721340,LL22144904M,9.82091E+14,1707,2022/12/4 14:46,214,0,63000,53
70734119,LL22150501M,9.82091E+14,1707,2022/12/4 14:49,1090,0,49500,490
70732905,LL22141101M,9.82091E+14,1707,2022/12/4 15:08,453,0,53000,272
70739142,LL22150005M,9.82091E+14,1707,2022/12/4 15:25,228,0,44500,42
70739179,LL22133202M,699b78b7-0c70-4ae2-ab86-2d616dd829b8,1707,2022/12/4 15:29,853,0,64500,567
70734852,LL22148101M,9.82091E+14,1707,2022/12/4 15:44,1076,0,43500,326
70734876,LL22153804M,9.82091E+14,1707,2022/12/4 16:02,1463,0,55500,677
70734891,LL22149402M,9.82091E+14,1707,2022/12/4 16:26,918,0,50500,451
70734848,LL22148404M,9.82091E+14,1707,2022/12/4 16:42,563,0,55500,395
70739142,LL22150005M,9.82091E+14,1707,2022/12/4 16:51,531,0,45000,152
70721340,LL22144904M,9.82091E+14,1707,2022/12/4 17:00,449,0,62000,129
70734891,LL22149402M,9.82091E+14,1707,2022/12/4 17:10,69,0,50000,62
70734119,LL22150501M,9.82091E+14,1707,2022/12/4 17:12,384,0,49500,203
70734162,LL22150204M,9.82091E+14,1707,2022/12/4 17:19,256,0,48000,32
70721340,LL22144904M,9.82091E+14,1707,2022/12/4 17:31,543,0,63500,692
70734852,LL22148101M,9.82091E+14,1707,2022/12/4 18:01,666,0,43000,411
70734848,LL22148404M,9.82091E+14,1707,2022/12/4 18:15,147,0,55500,116
70734162,LL22150204M,9.82091E+14,1707,2022/12/4 18:17,328,0,44000,202
70739142,LL22150005M,9.82091E+14,1707,2022/12/4 18:25,301,0,44500,79
70739179,LL22133202M,699b78b7-0c70-4ae2-ab86-2d616dd829b8,1707,2022/12/4 18:32,391,0,64000,270
70739142,LL22150005M,9.82091E+14,1707,2022/12/4 18:39,40,0,,16
70721340,LL22144904M,9.82091E+14,1707,2022/12/4 18:47,319,0,63000,265
70734876,LL22153804M,9.82091E+14,1707,2022/12/4 20:10,726,0,56500,459
70732905,LL22141101M,9.82091E+14,1707,2022/12/4 20:28,556,0,53500,357
70734876,LL22153804M,9.82091E+14,1707,2022/12/4 20:56,285,0,57500,159
70734154,LL22150506M,9.82091E+14,1707,2022/12/4 21:01,254,0,57500,109
70734154,LL22150506M,9.82091E+14,1707,2022/12/4 21:08,132,0,56500,47
70721340,LL22144904M,9.82091E+14,1707,2022/12/4 21:10,281,0,63500,247
70734891,LL22149402M,9.82091E+14,1707,2022/12/4 22:15,24,0,,1
70734852,LL22148101M,9.82091E+14,1707,2022/12/4 22:17,908,0,43500,336
70734891,LL22149402M,9.82091E+14,1707,2022/12/4 22:33,615,0,49000,351
70734848,LL22148404M,9.82091E+14,1707,2022/12/4 22:44,539,0,55000,344
70734162,LL22150204M,9.82091E+14,1707,2022/12/4 22:53,313,0,44000,170
70739142,LL22150005M,9.82091E+14,1707,2022/12/4 22:58,379,0,44500,108
70734119,LL22150501M,9.82091E+14,1707,2022/12/4 23:05,454,0,49000,189
70734119,LL22150501M,9.82091E+14,1707,2022/12/4 23:15,255,0,49500,136
70734891,LL22149402M,9.82091E+14,1707,2022/12/4 23:38,65,0,49000,3
70721340,LL22144904M,9.82091E+14,1707,2022/12/4 23:40,258,0,63000,200
70734154,LL22150506M,9.82091E+14,1707,2022/12/5 0:42,477,0,56000,246
70734154,LL22150506M,9.82091E+14,1707,2022/12/5 0:53,297,0,55500,209
70732905,LL22141101M,9.82091E+14,1707,2022/12/5 1:03,489,0,52500,272
70734848,LL22148404M,9.82091E+14,1707,2022/12/5 1:59,233,0,55500,129
70739179,LL22133202M,699b78b7-0c70-4ae2-ab86-2d616dd829b8,1707,2022/12/5 2:29,561,0,62500,379
70739142,LL22150005M,9.82091E+14,1707,2022/12/5 2:42,547,0,44500,219
70739142,LL22150005M,9.82091E+14,1707,2022/12/5 2:53,277,0,44000,74
70734119,LL22150501M,9.82091E+14,1707,2022/12/5 3:00,392,0,49000,165
70734891,LL22149402M,9.82091E+14,1707,2022/12/5 3:14,421,0,49000,210
70734848,LL22148404M,9.82091E+14,1707,2022/12/5 3:22,174,0,55500,100
70732905,LL22141101M,9.82091E+14,1707,2022/12/5 3:29,67,0,52500,26
70734162,LL22150204M,9.82091E+14,1707,2022/12/5 3:31,356,0,44000,232
70721340,LL22144904M,9.82091E+14,1707,2022/12/5 3:37,310,0,63000,211
70734876,LL22153804M,9.82091E+14,1707,2022/12/5 3:42,324,0,56500,54
70734876,LL22153804M,9.82091E+14,1707,2022/12/5 3:49,670,0,55000,360
70734848,LL22148404M,9.82091E+14,1707,2022/12/5 4:32,483,0,55500,362
70739142,LL22150005M,9.82091E+14,1707,2022/12/5 5:14,574,0,44500,218
70734154,LL22150506M,9.82091E+14,1707,2022/12/5 5:56,204,0,56000,84
70734154,LL22150506M,9.82091E+14,1707,2022/12/5 6:03,121,0,55500,80
70721340,LL22144904M,9.82091E+14,1707,2022/12/5 6:07,495,0,62500,348
70732905,LL22141101M,9.82091E+14,1707,2022/12/5 6:15,116,0,51500,46
70734154,LL22150506M,9.82091E+14,1707,2022/12/5 6:18,107,0,56000,66
70739142,LL22150005M,9.82091E+14,1707,2022/12/5 6:20,366,0,44500,75
70732905,LL22141101M,9.82091E+14,1707,2022/12/5 6:27,576,0,51500,318
70739142,LL22150005M,9.82091E+14,1707,2022/12/5 6:37,158,0,45000,27
70734154,LL22150506M,9.82091E+14,1707,2022/12/5 6:40,90,0,57000,71
70734876,LL22153804M,9.82091E+14,1707,2022/12/5 6:42,834,0,56500,416
70739179,LL22133202M,699b78b7-0c70-4ae2-ab86-2d616dd829b8,1707,2022/12/5 6:57,739,0,62000,515
70734162,LL22150204M,9.82091E+14,1707,2022/12/5 7:19,397,0,44000,230
70739142,LL22150005M,9.82091E+14,1707,2022/12/5 7:53,244,0,44500,55
70721340,LL22144904M,9.82091E+14,1707,2022/12/5 7:58,236,0,62000,192
70739142,LL22150005M,9.82091E+14,1707,2022/12/5 8:04,38,0,,10
70721340,LL22144904M,9.82091E+14,1707,2022/12/5 8:17,367,0,62500,298
70734162,LL22150204M,9.82091E+14,1707,2022/12/5 8:29,258,0,44000,134
70734852,LL22148101M,9.82091E+14,1707,2022/12/5 8:33,877,0,43500,226
70734891,LL22149402M,9.82091E+14,1707,2022/12/5 8:48,995,0,49500,459
70734119,LL22150501M,9.82091E+14,1707,2022/12/5 9:04,830,0,49000,377
70734154,LL22150506M,9.82091E+14,1707,2022/12/5 9:18,778,0,57000,483
70734119,LL22150501M,9.82091E+14,1707,2022/12/5 9:32,210,0,49500,79
70734876,LL22153804M,9.82091E+14,1707,2022/12/5 9:36,722,0,57000,423
70734154,LL22150506M,9.82091E+14,1707,2022/12/5 9:49,61,0,56000,37
70739179,LL22133202M,699b78b7-0c70-4ae2-ab86-2d616dd829b8,1707,2022/12/5 9:53,888,0,63000,482
70739142,LL22150005M,9.82091E+14,1707,2022/12/5 10:08,950,0,45000,305
70732905,LL22141101M,9.82091E+14,1707,2022/12/5 10:24,1321,0,53000,680
70734162,LL22150204M,9.82091E+14,1707,2022/12/5 10:46,473,0,44500,251
70734852,LL22148101M,9.82091E+14,1707,2022/12/5 10:54,952,0,43000,247
70721340,LL22144904M,9.82091E+14,1707,2022/12/5 11:10,639,0,63000,478
70734848,LL22148404M,9.82091E+14,1707,2022/12/5 11:21,754,0,55000,499
70734852,LL22148101M,9.82091E+14,1707,2022/12/5 11:34,290,0,43500,51
70734891,LL22149402M,9.82091E+14,1707,2022/12/5 11:39,654,0,49000,322
70734154,LL22150506M,9.82091E+14,1707,2022/12/5 11:56,201,0,57000,124
70734154,LL22150506M,9.82091E+14,1707,2022/12/5 12:02,217,0,58000,133
70734848,LL22148404M,9.82091E+14,1707,2022/12/5 12:06,343,0,56000,202
70739179,LL22133202M,699b78b7-0c70-4ae2-ab86-2d616dd829b8,1707,2022/12/5 12:12,319,0,65000,115
70734876,LL22153804M,9.82091E+14,1707,2022/12/5 12:29,611,0,57000,253
70734119,LL22150501M,9.82091E+14,1707,2022/12/5 12:40,1197,0,49500,526
70739179,LL22133202M,699b78b7-0c70-4ae2-ab86-2d616dd829b8,1707,2022/12/5 13:01,690,0,64500,467
70734852,LL22148101M,9.82091E+14,1707,2022/12/5 13:12,1206,0,43000,387
70739142,LL22150005M,9.82091E+14,1707,2022/12/5 13:33,852,0,45500,235
70739179,LL22133202M,699b78b7-0c70-4ae2-ab86-2d616dd829b8,1707,2022/12/5 14:45,934,0,66000,1103
70721340,LL22144904M,9.82091E+14,1707,2022/12/5 15:00,834,0,63500,835
70734891,LL22149402M,9.82091E+14,1707,2022/12/5 15:15,231,0,50000,135
70734891,LL22149402M,9.82091E+14,1707,2022/12/5 15:18,934,0,97500,617
70732905,LL22141101M,9.82091E+14,1707,2022/12/5 15:34,1200,0,53500,781
70734848,LL22148404M,9.82091E+14,1707,2022/12/5 15:54,589,0,57000,383
70734876,LL22153804M,9.82091E+14,1707,2022/12/5 16:04,1300,0,58000,700
70734154,LL22150506M,9.82091E+14,1707,2022/12/5 16:26,972,0,58000,648
70734119,LL22150501M,9.82091E+14,1707,2022/12/5 16:42,564,0,51000,267
70734852,LL22148101M,9.82091E+14,1707,2022/12/5 16:52,992,0,44000,352
70734852,LL22148101M,9.82091E+14,1707,2022/12/5 17:14,85,0,44000,19
70734848,LL22148404M,9.82091E+14,1707,2022/12/5 17:16,308,0,56000,255
70739179,LL22133202M,699b78b7-0c70-4ae2-ab86-2d616dd829b8,1707,2022/12/5 17:22,800,0,65500,545
70739142,LL22150005M,9.82091E+14,1707,2022/12/5 17:35,969,0,46000,355
70732905,LL22141101M,9.82091E+14,1707,2022/12/5 17:51,601,0,54000,345
70734162,LL22150204M,9.82091E+14,1707,2022/12/5 18:01,541,0,44500,388
70721340,LL22144904M,9.82091E+14,1707,2022/12/5 18:14,560,0,64500,456
70734876,LL22153804M,9.82091E+14,1707,2022/12/5 19:44,456,0,58000,239
70734119,LL22150501M,9.82091E+14,1707,2022/12/5 19:55,261,0,50000,138
70734848,LL22148404M,9.82091E+14,1707,2022/12/5 20:00,194,0,56000,175
70734852,LL22148101M,9.82091E+14,1707,2022/12/5 20:04,551,0,43500,201
70734162,LL22150204M,9.82091E+14,1707,2022/12/5 20:28,200,0,44500,104
70734891,LL22149402M,9.82091E+14,1707,2022/12/5 22:17,750,0,50000,409
70734876,LL22153804M,9.82091E+14,1707,2022/12/5 22:30,781,0,58000,422
70734852,LL22148101M,9.82091E+14,1707,2022/12/5 22:52,214,0,43500,84
70721340,LL22144904M,9.82091E+14,1707,2022/12/5 22:59,535,0,65000,46
70734119,LL22150501M,9.82091E+14,1707,2022/12/5 23:08,649,0,50000,627
70734848,LL22148404M,9.82091E+14,1707,2022/12/5 23:20,359,0,55500,214
70739142,LL22150005M,9.82091E+14,1707,2022/12/5 23:26,602,0,45000,165
70734119,LL22150501M,9.82091E+14,1707,2022/12/5 23:36,120,0,49000,68
70734876,LL22153804M,9.82091E+14,1707,2022/12/5 23:38,457,0,58000,270
70734154,LL22150506M,9.82091E+14,1707,2022/12/5 23:50,778,0,57500,380
70732905,LL22141101M,9.82091E+14,1707,2022/12/6 0:03,806,0,53500,487
70739179,LL22133202M,699b78b7-0c70-4ae2-ab86-2d616dd829b8,1707,2022/12/6 1:09,569,0,65000,473
70734154,LL22150506M,9.82091E+14,1707,2022/12/6 2:32,99,0,57000,48
70739142,LL22150005M,9.82091E+14,1707,2022/12/6 2:35,472,0,45500,159
70734891,LL22149402M,9.82091E+14,1707,2022/12/6 2:43,513,0,49500,307
70734162,LL22150204M,9.82091E+14,1707,2022/12/6 3:02,350,0,44500,237
70721340,LL22144904M,9.82091E+14,1707,2022/12/6 3:52,545,0,65500,479
70734162,LL22150204M,9.82091E+14,1707,2022/12/6 4:03,137,0,44500,91
70739142,LL22150005M,9.82091E+14,1707,2022/12/6 4:57,71,0,45000,26
70739142,LL22150005M,9.82091E+14,1707,2022/12/6 5:00,714,0,45500,175
70734852,LL22148101M,9.82091E+14,1707,2022/12/6 5:12,583,0,43500,177
70739142,LL22150005M,9.82091E+14,1707,2022/12/6 5:22,235,0,45000,37
70734876,LL22153804M,9.82091E+14,1707,2022/12/6 5:27,884,0,57500,466
70734154,LL22150506M,9.82091E+14,1707,2022/12/6 5:42,443,0,57500,186
70734119,LL22150501M,9.82091E+14,1707,2022/12/6 5:50,564,0,49500,262
70734154,LL22150506M,9.82091E+14,1707,2022/12/6 6:00,208,0,57500,130
70734154,LL22150506M,9.82091E+14,1707,2022/12/6 6:07,97,0,57500,55
70734891,LL22149402M,9.82091E+14,1707,2022/12/6 6:09,563,0,50500,306
70734154,LL22150506M,9.82091E+14,1707,2022/12/6 6:19,24,0,,19
70732905,LL22141101M,9.82091E+14,1707,2022/12/6 6:19,589,0,53500,324
70734848,LL22148404M,9.82091E+14,1707,2022/12/6 6:29,800,0,55500,507
70734162,LL22150204M,9.82091E+14,1707,2022/12/6 7:55,435,0,45000,292
70739142,LL22150005M,9.82091E+14,1707,2022/12/6 8:17,1061,0,45000,308
70734162,LL22150204M,9.82091E+14,1707,2022/12/6 8:35,22,0,,9
70734119,LL22150501M,9.82091E+14,1707,2022/12/6 8:36,233,0,69000,64
70734852,LL22148101M,9.82091E+14,1707,2022/12/6 8:40,1155,0,44000,414
70721340,LL22144904M,9.82091E+14,1707,2022/12/6 8:59,732,0,63500,566
70739179,LL22133202M,699b78b7-0c70-4ae2-ab86-2d616dd829b8,1707,2022/12/6 9:11,626,0,63000,460
70734876,LL22153804M,9.82091E+14,1707,2022/12/6 9:22,762,0,58000,409
70734119,LL22150501M,9.82091E+14,1707,2022/12/6 9:35,370,0,49500,170
70734154,LL22150506M,9.82091E+14,1707,2022/12/6 9:41,954,0,58000,572
70739142,LL22150005M,9.82091E+14,1707,2022/12/6 9:57,757,0,45000,182
70734154,LL22150506M,9.82091E+14,1707,2022/12/6 10:11,141,0,58500,88
70734162,LL22150204M,9.82091E+14,1707,2022/12/6 10:22,944,0,44500,339
70734852,LL22148101M,9.82091E+14,1707,2022/12/6 10:38,678,0,43000,212
70734848,LL22148404M,9.82091E+14,1707,2022/12/6 10:49,547,0,56000,264
70732905,LL22141101M,9.82091E+14,1707,2022/12/6 10:59,1053,0,53500,575
70734848,LL22148404M,9.82091E+14,1707,2022/12/6 11:16,97,0,80000,36
70734891,LL22149402M,9.82091E+14,1707,2022/12/6 11:18,1033,0,50000,581
70739179,LL22133202M,699b78b7-0c70-4ae2-ab86-2d616dd829b8,1707,2022/12/6 11:37,831,0,64500,559
70734852,LL22148101M,9.82091E+14,1707,2022/12/6 11:52,437,0,44500,59
70734119,LL22150501M,9.82091E+14,1707,2022/12/6 12:00,314,0,51000,145
70734154,LL22150506M,9.82091E+14,1707,2022/12/6 12:06,567,0,59000,373
70734119,LL22150501M,9.82091E+14,1707,2022/12/6 12:15,634,0,51000,314
70734852,LL22148101M,9.82091E+14,1707,2022/12/6 12:26,321,0,45500,100
70721340,LL22144904M,9.82091E+14,1707,2022/12/6 12:32,772,0,64500,707
70739142,LL22150005M,9.82091E+14,1707,2022/12/6 12:44,1074,0,46000,370
70734162,LL22150204M,9.82091E+14,1707,2022/12/6 13:02,995,0,46000,460
70734848,LL22148404M,9.82091E+14,1707,2022/12/6 13:19,739,0,57500,481
70734876,LL22153804M,9.82091E+14,1707,2022/12/6 13:32,1487,0,58000,868
70734119,LL22150501M,9.82091E+14,1707,2022/12/6 13:56,332,0,51000,184
70739179,LL22133202M,699b78b7-0c70-4ae2-ab86-2d616dd829b8,1707,2022/12/6 14:04,777,0,65500,551
70732905,LL22141101M,9.82091E+14,1707,2022/12/6 14:17,489,0,54000,293
70734852,LL22148101M,9.82091E+14,1707,2022/12/6 14:25,1284,0,44500,441
70739142,LL22150005M,9.82091E+14,1707,2022/12/6 14:47,810,0,46000,218
70734162,LL22150204M,9.82091E+14,1707,2022/12/6 15:01,469,0,45500,195
70734119,LL22150501M,9.82091E+14,1707,2022/12/6 15:09,545,0,50500,285
70732905,LL22141101M,9.82091E+14,1707,2022/12/6 15:18,711,0,54500,446
70734162,LL22150204M,9.82091E+14,1707,2022/12/6 15:30,115,0,45000,63
70739142,LL22150005M,9.82091E+14,1707,2022/12/6 15:33,232,0,46000,61
70734848,LL22148404M,9.82091E+14,1707,2022/12/6 15:36,491,0,83250,204
70734891,LL22149402M,9.82091E+14,1707,2022/12/6 15:45,1115,0,50500,724
70721340,LL22144904M,9.82091E+14,1707,2022/12/6 16:04,765,0,65000,740
70739179,LL22133202M,699b78b7-0c70-4ae2-ab86-2d616dd829b8,1707,2022/12/6 16:30,871,0,66500,542
70734154,LL22150506M,9.82091E+14,1707,2022/12/6 16:48,964,0,59000,571
70734848,LL22148404M,9.82091E+14,1707,2022/12/6 17:05,266,0,57500,183
70734848,LL22148404M,9.82091E+14,1707,2022/12/6 17:11,78,0,58000,17
70739142,LL22150005M,9.82091E+14,1707,2022/12/6 17:12,541,0,46500,102
70734154,LL22150506M,9.82091E+14,1707,2022/12/6 18:26,122,0,59000,82
70734119,LL22150501M,9.82091E+14,1707,2022/12/6 18:29,34,0,,25
70732905,LL22141101M,9.82091E+14,1707,2022/12/6 18:30,762,0,55000,466
70734852,LL22148101M,9.82091E+14,1707,2022/12/6 18:43,910,0,45000,305
70734848,LL22148404M,9.82091E+14,1707,2022/12/6 19:01,342,0,56500,159
70721340,LL22144904M,9.82091E+14,1707,2022/12/6 19:07,373,0,65500,365
70734119,LL22150501M,9.82091E+14,1707,2022/12/6 19:14,106,0,50500,42
70734154,LL22150506M,9.82091E+14,1707,2022/12/6 19:19,115,0,59000,63
70734154,LL22150506M,9.82091E+14,1707,2022/12/6 19:23,28,0,,13
70734876,LL22153804M,9.82091E+14,1707,2022/12/6 19:25,1052,0,59000,606
70734119,LL22150501M,9.82091E+14,1707,2022/12/6 19:55,265,0,51000,126
70739142,LL22150005M,9.82091E+14,1707,2022/12/6 20:00,545,0,46500,254
70734162,LL22150204M,9.82091E+14,1707,2022/12/6 20:09,365,0,46000,203
70734848,LL22148404M,9.82091E+14,1707,2022/12/6 20:15,275,0,57000,183
70734891,LL22149402M,9.82091E+14,1707,2022/12/6 21:27,462,0,51500,263
70739179,LL22133202M,699b78b7-0c70-4ae2-ab86-2d616dd829b8,1707,2022/12/6 21:36,658,0,66000,604
70732905,LL22141101M,9.82091E+14,1707,2022/12/6 22:17,468,0,55500,234
70734162,LL22150204M,9.82091E+14,1707,2022/12/6 22:32,145,0,45500,68
70734119,LL22150501M,9.82091E+14,1707,2022/12/6 22:40,586,0,50500,286
70732905,LL22141101M,9.82091E+14,1707,2022/12/6 22:55,417,0,55000,198
70721340,LL22144904M,9.82091E+14,1707,2022/12/7 0:28,502,0,65500,387
70734852,LL22148101M,9.82091E+14,1707,2022/12/7 0:37,742,0,44500,280
70734891,LL22149402M,9.82091E+14,1707,2022/12/7 0:50,805,0,51000,488
70734876,LL22153804M,9.82091E+14,1707,2022/12/7 1:03,796,0,58500,404
70734162,LL22150204M,9.82091E+14,1707,2022/12/7 1:17,264,0,45500,142
70734848,LL22148404M,9.82091E+14,1707,2022/12/7 1:38,812,0,56500,354
70739142,LL22150005M,9.82091E+14,1707,2022/12/7 1:52,991,0,46000,373
70734162,LL22150204M,9.82091E+14,1707,2022/12/7 2:26,296,0,45000,201
70734154,LL22150506M,9.82091E+14,1707,2022/12/7 3:39,224,0,57000,69
70732905,LL22141101M,9.82091E+14,1707,2022/12/7 3:44,517,0,55500,374
70734154,LL22150506M,9.82091E+14,1707,2022/12/7 3:53,452,0,56500,239
70734876,LL22153804M,9.82091E+14,1707,2022/12/7 4:21,494,0,58000,265
70739179,LL22133202M,699b78b7-0c70-4ae2-ab86-2d616dd829b8,1707,2022/12/7 4:55,711,0,65500,563
70734119,LL22150501M,9.82091E+14,1707,2022/12/7 5:07,313,0,49750,144
70721340,LL22144904M,9.82091E+14,1707,2022/12/7 5:13,639,0,65000,569
70739142,LL22150005M,9.82091E+14,1707,2022/12/7 5:24,792,0,46000,216
70734891,LL22149402M,9.82091E+14,1707,2022/12/7 5:38,382,0,50500,214
70734162,LL22150204M,9.82091E+14,1707,2022/12/7 6:16,500,0,45500,316
70734154,LL22150506M,9.82091E+14,1707,2022/12/7 6:37,638,0,58500,288
70734848,LL22148404M,9.82091E+14,1707,2022/12/7 6:52,578,0,56000,328
70734876,LL22153804M,9.82091E+14,1707,2022/12/7 7:02,315,0,58500,164
70734154,LL22150506M,9.82091E+14,1707,2022/12/7 7:07,147,0,58500,101
70734162,LL22150204M,9.82091E+14,1707,2022/12/7 7:23,200,0,46000,131
70739142,LL22150005M,9.82091E+14,1707,2022/12/7 7:28,771,0,46500,193
70739142,LL22150005M,9.82091E+14,1707,2022/12/7 7:47,25,0,,4
70734876,LL22153804M,9.82091E+14,1707,2022/12/7 7:50,569,0,58500,303
70734119,LL22150501M,9.82091E+14,1707,2022/12/7 8:00,361,0,50000,169
70734852,LL22148101M,9.82091E+14,1707,2022/12/7 8:06,1160,0,45000,403
70732905,LL22141101M,9.82091E+14,1707,2022/12/7 8:26,940,0,55000,531
70739179,LL22133202M,699b78b7-0c70-4ae2-ab86-2d616dd829b8,1707,2022/12/7 8:42,11,0,,9
70734119,LL22150501M,9.82091E+14,1707,2022/12/7 8:42,152,0,51000,84
70739179,LL22133202M,699b78b7-0c70-4ae2-ab86-2d616dd829b8,1707,2022/12/7 8:45,382,0,65500,280
70734876,LL22153804M,9.82091E+14,1707,2022/12/7 8:51,103,0,59500,62
70721340,LL22144904M,9.82091E+14,1707,2022/12/7 8:53,598,0,65000,526
70734162,LL22150204M,9.82091E+14,1707,2022/12/7 9:04,187,0,46000,43
70734119,LL22150501M,9.82091E+14,1707,2022/12/7 9:07,319,0,51500,140
70734891,LL22149402M,9.82091E+14,1707,2022/12/7 9:13,851,0,51500,500
70734876,LL22153804M,9.82091E+14,1707,2022/12/7 9:27,457,0,59500,258
70734891,LL22149402M,9.82091E+14,1707,2022/12/7 9:35,240,0,51500,39
70734154,LL22150506M,9.82091E+14,1707,2022/12/7 9:40,783,0,58500,454
70739142,LL22150005M,9.82091E+14,1707,2022/12/7 9:53,1129,0,46000,281
70734848,LL22148404M,9.82091E+14,1707,2022/12/7 10:12,503,0,56000,321
70739142,LL22150005M,9.82091E+14,1707,2022/12/7 10:23,66,0,46500,18
70734162,LL22150204M,9.82091E+14,1707,2022/12/7 10:24,311,0,45500,143
70739142,LL22150005M,9.82091E+14,1707,2022/12/7 10:32,139,0,46500,15
70739142,LL22150005M,9.82091E+14,1707,2022/12/7 10:38,24,0,,6
70721340,LL22144904M,9.82091E+14,1707,2022/12/7 10:39,324,0,66000,272
70734162,LL22150204M,9.82091E+14,1707,2022/12/7 10:55,73,0,45500,3
70734154,LL22150506M,9.82091E+14,1707,2022/12/7 11:04,79,0,59000,44
70734162,LL22150204M,9.82091E+14,1707,2022/12/7 11:14,378,0,46500,180
70739179,LL22133202M,699b78b7-0c70-4ae2-ab86-2d616dd829b8,1707,2022/12/7 11:20,769,0,66000,550
70734852,LL22148101M,9.82091E+14,1707,2022/12/7 11:33,968,0,45000,326
70739142,LL22150005M,9.82091E+14,1707,2022/12/7 11:50,391,0,47000,103
70734119,LL22150501M,9.82091E+14,1707,2022/12/7 11:56,1199,0,51000,497
70721340,LL22144904M,9.82091E+14,1707,2022/12/7 12:16,483,0,66000,453
70739142,LL22150005M,9.82091E+14,1707,2022/12/7 12:25,576,0,47000,156
70732905,LL22141101M,9.82091E+14,1707,2022/12/7 12:34,942,0,55500,588
70734852,LL22148101M,9.82091E+14,1707,2022/12/7 12:50,287,0,45500,76
70734119,LL22150501M,9.82091E+14,1707,2022/12/7 12:56,123,0,51000,65
70734876,LL22153804M,9.82091E+14,1707,2022/12/7 12:58,433,0,60000,268
70734154,LL22150506M,9.82091E+14,1707,2022/12/7 13:06,446,0,60000,352
70734848,LL22148404M,9.82091E+14,1707,2022/12/7 13:13,756,0,56500,543
70734891,LL22149402M,9.82091E+14,1707,2022/12/7 13:26,729,0,51500,485
70734848,LL22148404M,9.82091E+14,1707,2022/12/7 13:38,114,0,57500,23
70721340,LL22144904M,9.82091E+14,1707,2022/12/7 13:40,471,0,67000,422
70734852,LL22148101M,9.82091E+14,1707,2022/12/7 13:48,750,0,45000,268
70734162,LL22150204M,9.82091E+14,1707,2022/12/7 14:01,704,0,47000,508
70739142,LL22150005M,9.82091E+14,1707,2022/12/7 14:13,429,0,47000,134
70734119,LL22150501M,9.82091E+14,1707,2022/12/7 14:20,702,0,52500,317
70739179,LL22133202M,699b78b7-0c70-4ae2-ab86-2d616dd829b8,1707,2022/12/7 14:33,746,0,66500,586
70734162,LL22150204M,9.82091E+14,1707,2022/12/7 14:45,110,0,46500,23
70721340,LL22144904M,9.82091E+14,1707,2022/12/7 14:47,76,0,67000,42
70734119,LL22150501M,9.82091E+14,1707,2022/12/7 14:58,76,0,50000,45
70739142,LL22150005M,9.82091E+14,1707,2022/12/7 15:00,323,0,47000,84
70734119,LL22150501M,9.82091E+14,1707,2022/12/7 15:05,33,0,,22
70734119,LL22150501M,9.82091E+14,1707,2022/12/7 15:09,64,0,52000,8
70734876,LL22153804M,9.82091E+14,1707,2022/12/7 15:11,918,0,59500,582
70734119,LL22150501M,9.82091E+14,1707,2022/12/7 15:27,21,0,,16
70734119,LL22150501M,9.82091E+14,1707,2022/12/7 15:31,24,0,,18
70734876,LL22153804M,9.82091E+14,1707,2022/12/7 15:33,30,0,,14
70734154,LL22150506M,9.82091E+14,1707,2022/12/7 15:34,691,0,60000,477
70734891,LL22149402M,9.82091E+14,1707,2022/12/7 15:45,259,0,52500,1
70732905,LL22141101M,9.82091E+14,1707,2022/12/7 15:50,422,0,55500,191
70734876,LL22153804M,9.82091E+14,1707,2022/12/7 15:59,187,0,60000,94
70732905,LL22141101M,9.82091E+14,1707,2022/12/7 16:05,180,0,54500,37
70734876,LL22153804M,9.82091E+14,1707,2022/12/7 16:19,28,0,,10
70721340,LL22144904M,9.82091E+14,1707,2022/12/7 16:24,549,0,67000,459
70734891,LL22149402M,9.82091E+14,1707,2022/12/7 16:34,566,0,52000,294
70739179,LL22133202M,699b78b7-0c70-4ae2-ab86-2d616dd829b8,1707,2022/12/7 16:43,624,0,66750,393
70732905,LL22141101M,9.82091E+14,1707,2022/12/7 16:54,99,0,54500,50
70734848,LL22148404M,9.82091E+14,1707,2022/12/7 16:57,573,0,57500,447
70732905,LL22141101M,9.82091E+14,1707,2022/12/7 17:15,369,0,56000,168
70732905,LL22141101M,9.82091E+14,1707,2022/12/7 17:39,111,0,56000,52
70721340,LL22144904M,9.82091E+14,1707,2022/12/7 17:42,135,0,66000,128
70734154,LL22150506M,9.82091E+14,1707,2022/12/7 17:44,164,0,61000,129
70734852,LL22148101M,9.82091E+14,1707,2022/12/7 17:49,895,0,45000,319
70734119,LL22150501M,9.82091E+14,1707,2022/12/7 18:05,379,0,52000,185
70739142,LL22150005M,9.82091E+14,1707,2022/12/7 18:11,522,0,46500,222
70734119,LL22150501M,9.82091E+14,1707,2022/12/7 18:32,112,0,51250,34
70739142,LL22150005M,9.82091E+14,1707,2022/12/7 18:34,20,0,,11
70734162,LL22150204M,9.82091E+14,1707,2022/12/7 18:35,445,0,46500,287
70732905,LL22141101M,9.82091E+14,1707,2022/12/7 18:44,152,0,56000,62
70734876,LL22153804M,9.82091E+14,1707,2022/12/7 18:47,600,0,59500,330
70732905,LL22141101M,9.82091E+14,1707,2022/12/7 19:07,52,0,,1
70732905,LL22141101M,9.82091E+14,1707,2022/12/7 20:14,93,0,56000,41
70734891,LL22149402M,9.82091E+14,1707,2022/12/7 20:17,41,0,,1
70721340,LL22144904M,9.82091E+14,1707,2022/12/7 20:27,324,0,67500,294
70734154,LL22150506M,9.82091E+14,1707,2022/12/7 20:36,458,0,58500,305
70732905,LL22141101M,9.82091E+14,1707,2022/12/7 20:44,782,0,56500,494
70734119,LL22150501M,9.82091E+14,1707,2022/12/7 21:03,55,0,,29
70734852,LL22148101M,9.82091E+14,1707,2022/12/7 23:19,703,0,45000,266
70739142,LL22150005M,9.82091E+14,1707,2022/12/7 23:31,284,0,47500,112
70734162,LL22150204M,9.82091E+14,1707,2022/12/7 23:36,66,0,46000,37
70739142,LL22150005M,9.82091E+14,1707,2022/12/7 23:37,126,0,46500,42
70734162,LL22150204M,9.82091E+14,1707,2022/12/7 23:39,17,0,,1
70734848,LL22148404M,9.82091E+14,1707,2022/12/7 23:41,600,0,57000,457
70734162,LL22150204M,9.82091E+14,1707,2022/12/7 23:53,63,0,46500,5
70734876,LL22153804M,9.82091E+14,1707,2022/12/7 23:58,217,0,59500,92
70739142,LL22150005M,9.82091E+14,1707,2022/12/8 0:02,497,0,47000,169
70734891,LL22149402M,9.82091E+14,1707,2022/12/8 0:11,852,0,51000,444
70732905,LL22141101M,9.82091E+14,1707,2022/12/8 0:25,562,0,56000,364
70739179,LL22133202M,699b78b7-0c70-4ae2-ab86-2d616dd829b8,1707,2022/12/8 1:22,580,0,66000,407
70734119,LL22150501M,9.82091E+14,1707,2022/12/8 1:32,600,0,51500,259
70721340,LL22144904M,9.82091E+14,1707,2022/12/8 1:42,610,0,65500,573
70734162,LL22150204M,9.82091E+14,1707,2022/12/8 1:52,298,0,46500,187
70734876,LL22153804M,9.82091E+14,1707,2022/12/8 3:23,589,0,54000,316
70734876,LL22153804M,9.82091E+14,1707,2022/12/8 3:46,588,0,57500,374
70739142,LL22150005M,9.82091E+14,1707,2022/12/8 4:05,147,0,47000,39
70734154,LL22150506M,9.82091E+14,1707,2022/12/8 4:08,277,0,58500,117
70739142,LL22150005M,9.82091E+14,1707,2022/12/8 4:13,544,0,47000,202
70732905,LL22141101M,9.82091E+14,1707,2022/12/8 4:25,550,0,56500,315
70734852,LL22148101M,9.82091E+14,1707,2022/12/8 5:40,634,0,45000,213
70734848,LL22148404M,9.82091E+14,1707,2022/12/8 5:58,330,0,57000,214
70721340,LL22144904M,9.82091E+14,1707,2022/12/8 6:06,442,0,65500,344
70734891,LL22149402M,9.82091E+14,1707,2022/12/8 6:13,809,0,51000,435
70739142,LL22150005M,9.82091E+14,1707,2022/12/8 6:27,733,0,47000,224
70734154,LL22150506M,9.82091E+14,1707,2022/12/8 6:40,331,0,59500,123
70739142,LL22150005M,9.82091E+14,1707,2022/12/8 6:48,47,0,,12
70734119,LL22150501M,9.82091E+14,1707,2022/12/8 6:48,650,0,51500,279
70734154,LL22150506M,9.82091E+14,1707,2022/12/8 7:00,219,0,59000,148
70739179,LL22133202M,699b78b7-0c70-4ae2-ab86-2d616dd829b8,1707,2022/12/8 7:04,726,0,65000,562
70739142,LL22150005M,9.82091E+14,1707,2022/12/8 7:19,254,0,47500,62
70734852,LL22148101M,9.82091E+14,1707,2022/12/8 7:25,230,0,44750,32
70734162,LL22150204M,9.82091E+14,1707,2022/12/8 7:29,661,0,46000,386
70734119,LL22150501M,9.82091E+14,1707,2022/12/8 7:42,63,0,50750,23
70734876,LL22153804M,9.82091E+14,1707,2022/12/8 7:43,265,0,58000,156
70734154,LL22150506M,9.82091E+14,1707,2022/12/8 7:53,292,0,59500,154
70734876,LL22153804M,9.82091E+14,1707,2022/12/8 7:58,124,0,60000,73
70734154,LL22150506M,9.82091E+14,1707,2022/12/8 8:00,145,0,59500,93
70734154,LL22150506M,9.82091E+14,1707,2022/12/8 8:08,81,0,59500,52
70734154,LL22150506M,9.82091E+14,1707,2022/12/8 8:12,60,0,,24
70734154,LL22150506M,9.82091E+14,1707,2022/12/8 8:15,32,0,,14
70734119,LL22150501M,9.82091E+14,1707,2022/12/8 8:17,102,0,51500,65
70732905,LL22141101M,9.82091E+14,1707,2022/12/8 8:19,279,0,56000,148
70734119,LL22150501M,9.82091E+14,1707,2022/12/8 8:24,71,0,52000,48
70734852,LL22148101M,9.82091E+14,1707,2022/12/8 8:25,424,0,44500,174
70721340,LL22144904M,9.82091E+14,1707,2022/12/8 8:33,324,0,65500,292
70734848,LL22148404M,9.82091E+14,1707,2022/12/8 8:38,660,0,57000,411
70734852,LL22148101M,9.82091E+14,1707,2022/12/8 8:50,449,0,45500,159
70734154,LL22150506M,9.82091E+14,1707,2022/12/8 8:57,25,0,,23
70734891,LL22149402M,9.82091E+14,1707,2022/12/8 8:58,639,0,51500,323
70734848,LL22148404M,9.82091E+14,1707,2022/12/8 9:16,45,0,,9
70734154,LL22150506M,9.82091E+14,1707,2022/12/8 9:24,248,0,59500,86
70739142,LL22150005M,9.82091E+14,1707,2022/12/8 9:38,1056,0,47000,273
70734162,LL22150204M,9.82091E+14,1707,2022/12/8 10:20,350,0,45500,215
70734154,LL22150506M,9.82091E+14,1707,2022/12/8 10:25,177,0,59000,114
70734852,LL22148101M,9.82091E+14,1707,2022/12/8 10:29,403,0,45000,129
70734162,LL22150204M,9.82091E+14,1707,2022/12/8 10:36,131,0,46000,79
70734154,LL22150506M,9.82091E+14,1707,2022/12/8 10:39,172,0,60000,118
70739179,LL22133202M,699b78b7-0c70-4ae2-ab86-2d616dd829b8,1707,2022/12/8 10:42,344,0,65000,158
70734876,LL22153804M,9.82091E+14,1707,2022/12/8 10:48,819,0,59000,462
70721340,LL22144904M,9.82091E+14,1707,2022/12/8 11:02,540,0,66000,460
70734119,LL22150501M,9.82091E+14,1707,2022/12/8 11:11,833,0,52000,306
70739142,LL22150005M,9.82091E+14,1707,2022/12/8 11:25,335,0,48000,131
70732905,LL22141101M,9.82091E+14,1707,2022/12/8 11:30,1136,0,56000,698
70739179,LL22133202M,699b78b7-0c70-4ae2-ab86-2d616dd829b8,1707,2022/12/8 11:50,597,0,66000,402
70734852,LL22148101M,9.82091E+14,1707,2022/12/8 12:00,1224,0,46500,474
70734891,LL22149402M,9.82091E+14,1707,2022/12/8 12:20,793,0,51000,495
70734162,LL22150204M,9.82091E+14,1707,2022/12/8 12:34,384,0,46500,218
70734162,LL22150204M,9.82091E+14,1707,2022/12/8 12:43,29,0,,3
70734848,LL22148404M,9.82091E+14,1707,2022/12/8 12:52,728,0,57500,547
70721340,LL22144904M,9.82091E+14,1707,2022/12/8 13:04,578,0,66000,522
70739142,LL22150005M,9.82091E+14,1707,2022/12/8 13:25,728,0,47500,204
70739179,LL22133202M,699b78b7-0c70-4ae2-ab86-2d616dd829b8,1707,2022/12/8 13:39,564,0,66000,486
70734162,LL22150204M,9.82091E+14,1707,2022/12/8 13:50,333,0,47500,205
70734119,LL22150501M,9.82091E+14,1707,2022/12/8 13:56,716,0,52000,328
70734876,LL22153804M,9.82091E+14,1707,2022/12/8 14:08,1046,0,59000,676
70734848,LL22148404M,9.82091E+14,1707,2022/12/8 14:26,330,0,58000,249
70739142,LL22150005M,9.82091E+14,1707,2022/12/8 14:33,507,0,47500,176
70734119,LL22150501M,9.82091E+14,1707,2022/12/8 14:42,125,0,60500,41
70734154,LL22150506M,9.82091E+14,1707,2022/12/8 14:44,921,0,60500,600
70734891,LL22149402M,9.82091E+14,1707,2022/12/8 15:00,153,0,53000,1
70734852,LL22148101M,9.82091E+14,1707,2022/12/8 15:03,847,0,47000,353
70734119,LL22150501M,9.82091E+14,1707,2022/12/8 15:17,322,0,53500,168
70734891,LL22149402M,9.82091E+14,1707,2022/12/8 15:23,569,0,52500,294
70734154,LL22150506M,9.82091E+14,1707,2022/12/8 15:32,66,0,60000,54
70734154,LL22150506M,9.82091E+14,1707,2022/12/8 15:39,42,0,,11
70734876,LL22153804M,9.82091E+14,1707,2022/12/8 15:45,426,0,61000,230
70739142,LL22150005M,9.82091E+14,1707,2022/12/8 15:53,170,0,48000,38
70734119,LL22150501M,9.82091E+14,1707,2022/12/8 15:56,90,0,52500,11
70732905,LL22141101M,9.82091E+14,1707,2022/12/8 15:58,40,0,,22
70739179,LL22133202M,699b78b7-0c70-4ae2-ab86-2d616dd829b8,1707,2022/12/8 15:59,610,0,67000,372
70734119,LL22150501M,9.82091E+14,1707,2022/12/8 16:09,144,0,52000,88
70734848,LL22148404M,9.82091E+14,1707,2022/12/8 16:12,41,0,,14
70732905,LL22141101M,9.82091E+14,1707,2022/12/8 16:13,225,0,56500,110
70721340,LL22144904M,9.82091E+14,1707,2022/12/8 16:19,428,0,66000,332
70734876,LL22153804M,9.82091E+14,1707,2022/12/8 16:27,371,0,60500,135
70734119,LL22150501M,9.82091E+14,1707,2022/12/8 16:37,112,0,53000,63
70739179,LL22133202M,699b78b7-0c70-4ae2-ab86-2d616dd829b8,1707,2022/12/8 16:41,61,0,67000,1
70721340,LL22144904M,9.82091E+14,1707,2022/12/8 16:42,332,0,65500,271
70734162,LL22150204M,9.82091E+14,1707,2022/12/8 16:48,450,0,47500,261
70739142,LL22150005M,9.82091E+14,1707,2022/12/8 16:56,281,0,47500,36
70734119,LL22150501M,9.82091E+14,1707,2022/12/8 17:01,84,0,52000,56
70734891,LL22149402M,9.82091E+14,1707,2022/12/8 17:02,63,0,52500,1
70734852,LL22148101M,9.82091E+14,1707,2022/12/8 17:05,424,0,46500,159
70734154,LL22150506M,9.82091E+14,1707,2022/12/8 17:13,132,0,61500,92
70732905,LL22141101M,9.82091E+14,1707,2022/12/8 17:16,177,0,56000,50
70734119,LL22150501M,9.82091E+14,1707,2022/12/8 17:19,21,0,,7
70734154,LL22150506M,9.82091E+14,1707,2022/12/8 17:20,24,0,,17
70732905,LL22141101M,9.82091E+14,1707,2022/12/8 17:21,190,0,56500,93
70734848,LL22148404M,9.82091E+14,1707,2022/12/8 17:24,308,0,58000,223
70734154,LL22150506M,9.82091E+14,1707,2022/12/8 17:30,21,0,,8
70721340,LL22144904M,9.82091E+14,1707,2022/12/8 17:32,266,0,67500,215
70739142,LL22150005M,9.82091E+14,1707,2022/12/8 17:37,349,0,48000,80
70734891,LL22149402M,9.82091E+14,1707,2022/12/8 17:43,383,0,53000,201
70734848,LL22148404M,9.82091E+14,1707,2022/12/8 18:10,200,0,59500,183
70739179,LL22133202M,699b78b7-0c70-4ae2-ab86-2d616dd829b8,1707,2022/12/8 18:14,430,0,67500,284
70732905,LL22141101M,9.82091E+14,1707,2022/12/8 18:21,886,0,57000,567
70739142,LL22150005M,9.82091E+14,1707,2022/12/8 18:39,83,0,49000,29
70734876,LL22153804M,9.82091E+14,1707,2022/12/8 19:41,155,0,62500,74
70734848,LL22148404M,9.82091E+14,1707,2022/12/8 19:58,254,0,58500,257
70734154,LL22150506M,9.82091E+14,1707,2022/12/8 22:06,232,0,61500,136
70734852,LL22148101M,9.82091E+14,1707,2022/12/8 22:10,476,0,46500,193
70734162,LL22150204M,9.82091E+14,1707,2022/12/8 22:18,148,0,47000,104
70734119,LL22150501M,9.82091E+14,1707,2022/12/8 22:21,372,0,52000,191
70732905,LL22141101M,9.82091E+14,1707,2022/12/8 22:27,338,0,57000,193
70734119,LL22150501M,9.82091E+14,1707,2022/12/8 22:33,134,0,53000,81
70734119,LL22150501M,9.82091E+14,1707,2022/12/8 22:40,30,0,,21
70721340,LL22144904M,9.82091E+14,1707,2022/12/8 22:42,306,0,68000,294
70734891,LL22149402M,9.82091E+14,1707,2022/12/8 22:54,573,0,52500,363
70732905,LL22141101M,9.82091E+14,1707,2022/12/8 23:05,555,0,57500,379
70739179,LL22133202M,699b78b7-0c70-4ae2-ab86-2d616dd829b8,1707,2022/12/8 23:15,555,0,66500,349
70732905,LL22141101M,9.82091E+14,1707,2022/12/8 23:25,72,0,57000,11
70732905,LL22141101M,9.82091E+14,1707,2022/12/8 23:29,30,0,,1
70734162,LL22150204M,9.82091E+14,1707,2022/12/8 23:31,92,0,46500,47
70734891,LL22149402M,9.82091E+14,1707,2022/12/8 23:41,50,0,,1
70734848,LL22148404M,9.82091E+14,1707,2022/12/8 23:46,157,0,58500,25
70739142,LL22150005M,9.82091E+14,1707,2022/12/8 23:52,220,0,47500,101
70734154,LL22150506M,9.82091E+14,1707,2022/12/9 1:17,186,0,61000,86
70734119,LL22150501M,9.82091E+14,1707,2022/12/9 1:23,281,0,52500,120
70732905,LL22141101M,9.82091E+14,1707,2022/12/9 1:27,460,0,57500,318
70734162,LL22150204M,9.82091E+14,1707,2022/12/9 1:37,173,0,47500,96
70734876,LL22153804M,9.82091E+14,1707,2022/12/9 1:40,736,0,61000,379
70739142,LL22150005M,9.82091E+14,1707,2022/12/9 2:11,867,0,47500,386
70721340,LL22144904M,9.82091E+14,1707,2022/12/9 2:26,265,0,67000,137
70734876,LL22153804M,9.82091E+14,1707,2022/12/9 2:31,265,0,60000,133
70734162,LL22150204M,9.82091E+14,1707,2022/12/9 3:31,119,0,46000,81
70734154,LL22150506M,9.82091E+14,1707,2022/12/9 3:54,293,0,59500,118
70734119,LL22150501M,9.82091E+14,1707,2022/12/9 4:04,32,0,,25
70734876,LL22153804M,9.82091E+14,1707,2022/12/9 4:05,19,0,,20
70734848,LL22148404M,9.82091E+14,1707,2022/12/9 4:10,613,0,58000,441
70734876,LL22153804M,9.82091E+14,1707,2022/12/9 4:22,65,0,61000,4
70734876,LL22153804M,9.82091E+14,1707,2022/12/9 4:28,48,0,,17
70734876,LL22153804M,9.82091E+14,1707,2022/12/9 4:37,53,0,,17
70734876,LL22153804M,9.82091E+14,1707,2022/12/9 5:14,39,0,,20
70721340,LL22144904M,9.82091E+14,1707,2022/12/9 5:16,510,0,67500,400
70739142,LL22150005M,9.82091E+14,1707,2022/12/9 5:25,494,0,49000,129
70739179,LL22133202M,699b78b7-0c70-4ae2-ab86-2d616dd829b8,1707,2022/12/9 5:34,487,0,65500,332
70734154,LL22150506M,9.82091E+14,1707,2022/12/9 5:42,542,0,60500,248
70739142,LL22150005M,9.82091E+14,1707,2022/12/9 5:51,358,0,48000,108
70734154,LL22150506M,9.82091E+14,1707,2022/12/9 5:58,74,0,59000,66
70734876,LL22153804M,9.82091E+14,1707,2022/12/9 6:01,311,0,61000,181
70734891,LL22149402M,9.82091E+14,1707,2022/12/9 6:07,773,0,52500,464
70739142,LL22150005M,9.82091E+14,1707,2022/12/9 6:51,62,0,46750,16
70739142,LL22150005M,9.82091E+14,1707,2022/12/9 7:01,65,0,47500,25
70734876,LL22153804M,9.82091E+14,1707,2022/12/9 7:03,51,0,,31
70739142,LL22150005M,9.82091E+14,1707,2022/12/9 7:04,42,0,,15
70732905,LL22141101M,9.82091E+14,1707,2022/12/9 7:12,497,0,57500,291
70734162,LL22150204M,9.82091E+14,1707,2022/12/9 7:22,385,0,46500,210
70739142,LL22150005M,9.82091E+14,1707,2022/12/9 7:30,464,0,48000,126
70721340,LL22144904M,9.82091E+14,1707,2022/12/9 8:00,300,0,66500,222
70721340,LL22144904M,9.82091E+14,1707,2022/12/9 8:07,119,0,67000,79
70734119,LL22150501M,9.82091E+14,1707,2022/12/9 8:09,724,0,52000,310
70734848,LL22148404M,9.82091E+14,1707,2022/12/9 8:22,386,0,58500,265
70734852,LL22148101M,9.82091E+14,1707,2022/12/9 8:28,1089,0,46000,403
70739179,LL22133202M,699b78b7-0c70-4ae2-ab86-2d616dd829b8,1707,2022/12/9 8:47,685,0,66000,537
70734876,LL22153804M,9.82091E+14,1707,2022/12/9 8:59,140,0,60000,104
70739142,LL22150005M,9.82091E+14,1707,2022/12/9 9:01,806,0,48500,271
70739142,LL22150005M,9.82091E+14,1707,2022/12/9 9:16,305,0,48000,71
70734876,LL22153804M,9.82091E+14,1707,2022/12/9 9:22,347,0,61000,231
70734154,LL22150506M,9.82091E+14,1707,2022/12/9 9:28,720,0,60500,499
70721340,LL22144904M,9.82091E+14,1707,2022/12/9 9:41,376,0,66000,277
70734162,LL22150204M,9.82091E+14,1707,2022/12/9 9:47,756,0,47000,348
70721340,LL22144904M,9.82091E+14,1707,2022/12/9 10:10,274,0,66500,199
70734876,LL22153804M,9.82091E+14,1707,2022/12/9 10:25,321,0,61000,197
70734119,LL22150501M,9.82091E+14,1707,2022/12/9 11:04,337,0,52500,164
70732905,LL22141101M,9.82091E+14,1707,2022/12/9 11:13,733,0,57000,425
70734891,LL22149402M,9.82091E+14,1707,2022/12/9 11:25,789,0,52000,465
70734848,LL22148404M,9.82091E+14,1707,2022/12/9 11:39,657,0,58000,542
70734876,LL22153804M,9.82091E+14,1707,2022/12/9 11:50,119,0,61000,22
70734119,LL22150501M,9.82091E+14,1707,2022/12/9 11:52,285,0,53000,144
70734848,LL22148404M,9.82091E+14,1707,2022/12/9 11:57,72,0,59000,38
70734119,LL22150501M,9.82091E+14,1707,2022/12/9 11:59,471,0,52500,226
70734891,LL22149402M,9.82091E+14,1707,2022/12/9 12:07,293,0,52500,107
70734852,LL22148101M,9.82091E+14,1707,2022/12/9 12:12,1284,0,45500,379
70739142,LL22150005M,9.82091E+14,1707,2022/12/9 12:34,603,0,49000,231
70734154,LL22150506M,9.82091E+14,1707,2022/12/9 12:44,830,0,62000,575
70739179,LL22133202M,699b78b7-0c70-4ae2-ab86-2d616dd829b8,1707,2022/12/9 12:58,506,0,68500,333
70734162,LL22150204M,9.82091E+14,1707,2022/12/9 13:06,605,0,47500,388
70739142,LL22150005M,9.82091E+14,1707,2022/12/9 13:16,678,0,48500,172
70739142,LL22150005M,9.82091E+14,1707,2022/12/9 13:30,92,0,47500,20
70734876,LL22153804M,9.82091E+14,1707,2022/12/9 13:34,585,0,60000,342
70721340,LL22144904M,9.82091E+14,1707,2022/12/9 13:44,704,0,66500,566
70734162,LL22150204M,9.82091E+14,1707,2022/12/9 13:56,28,0,,7
70739142,LL22150005M,9.82091E+14,1707,2022/12/9 13:58,71,0,48500,12
70734162,LL22150204M,9.82091E+14,1707,2022/12/9 14:00,195,0,47000,124
70734848,LL22148404M,9.82091E+14,1707,2022/12/9 14:03,383,0,59500,309
70739142,LL22150005M,9.82091E+14,1707,2022/12/9 14:12,85,0,48500,12
70734162,LL22150204M,9.82091E+14,1707,2022/12/9 14:23,21,0,,1
70739179,LL22133202M,699b78b7-0c70-4ae2-ab86-2d616dd829b8,1707,2022/12/9 15:07,513,0,67000,434
70732905,LL22141101M,9.82091E+14,1707,2022/12/9 15:16,100,0,56000,51
70734852,LL22148101M,9.82091E+14,1707,2022/12/9 15:18,31,0,,9
70734119,LL22150501M,9.82091E+14,1707,2022/12/9 15:18,29,0,,31
70734876,LL22153804M,9.82091E+14,1707,2022/12/9 15:19,12,0,,1
70734119,LL22150501M,9.82091E+14,1707,2022/12/9 15:19,50,0,,39
70734119,LL22150501M,9.82091E+14,1707,2022/12/9 15:24,13,0,,14
70734119,LL22150501M,9.82091E+14,1707,2022/12/9 15:28,106,0,48750,57
70732905,LL22141101M,9.82091E+14,1707,2022/12/9 15:30,80,0,55500,52
70734154,LL22150506M,9.82091E+14,1707,2022/12/9 15:31,19,0,,25
70734119,LL22150501M,9.82091E+14,1707,2022/12/9 15:31,32,0,,34
70734852,LL22148101M,9.82091E+14,1707,2022/12/9 15:32,256,0,44750,113
70734891,LL22149402M,9.82091E+14,1707,2022/12/9 15:36,104,0,51000,73
70734848,LL22148404M,9.82091E+14,1707,2022/12/9 15:41,10,0,,2
70734119,LL22150501M,9.82091E+14,1707,2022/12/9 15:42,22,0,,24
70732905,LL22141101M,9.82091E+14,1707,2022/12/9 15:43,49,0,,32
70734891,LL22149402M,9.82091E+14,1707,2022/12/9 15:44,257,0,52000,202
70734876,LL22153804M,9.82091E+14,1707,2022/12/9 15:48,232,0,60500,145
70734852,LL22148101M,9.82091E+14,1707,2022/12/9 15:52,522,0,46000,211
70734162,LL22150204M,9.82091E+14,1707,2022/12/9 16:04,77,0,47500,44
70734119,LL22150501M,9.82091E+14,1707,2022/12/9 16:07,374,0,51000,205
70739142,LL22150005M,9.82091E+14,1707,2022/12/9 16:15,32,0,,21
70732905,LL22141101M,9.82091E+14,1707,2022/12/9 16:16,306,0,56500,188
70734119,LL22150501M,9.82091E+14,1707,2022/12/9 16:21,366,0,48500,216
70734154,LL22150506M,9.82091E+14,1707,2022/12/9 16:27,643,0,63000,545
70734852,LL22148101M,9.82091E+14,1707,2022/12/9 16:38,421,0,46500,166
70721340,LL22144904M,9.82091E+14,1707,2022/12/9 17:01,513,0,67000,477
70734891,LL22149402M,9.82091E+14,1707,2022/12/9 17:10,149,0,53000,84
70734848,LL22148404M,9.82091E+14,1707,2022/12/9 17:13,415,0,60000,394
70732905,LL22141101M,9.82091E+14,1707,2022/12/9 17:31,433,0,57000,250
70734891,LL22149402M,9.82091E+14,1707,2022/12/9 19:11,543,0,54000,292
70739142,LL22150005M,9.82091E+14,1707,2022/12/9 19:20,707,0,48500,347
70739179,LL22133202M,699b78b7-0c70-4ae2-ab86-2d616dd829b8,1707,2022/12/9 19:32,196,0,68000,138
70732905,LL22141101M,9.82091E+14,1707,2022/12/9 20:21,406,0,58500,249
70739179,LL22133202M,699b78b7-0c70-4ae2-ab86-2d616dd829b8,1707,2022/12/9 20:46,370,0,67000,254
70734876,LL22153804M,9.82091E+14,1707,2022/12/9 21:00,740,0,61000,390
70721340,LL22144904M,9.82091E+14,1707,2022/12/9 21:16,318,0,69000,274
70739179,LL22133202M,699b78b7-0c70-4ae2-ab86-2d616dd829b8,1707,2022/12/9 22:18,400,0,67000,258
70734154,LL22150506M,9.82091E+14,1707,2022/12/9 22:25,113,0,61500,61
70732905,LL22141101M,9.82091E+14,1707,2022/12/9 22:30,583,0,58500,373
70734891,LL22149402M,9.82091E+14,1707,2022/12/9 22:48,278,0,54000,168
70721340,LL22144904M,9.82091E+14,1707,2022/12/9 23:33,299,0,69000,233
70734891,LL22149402M,9.82091E+14,1707,2022/12/10 0:49,256,0,54500,139
70734852,LL22148101M,9.82091E+14,1707,2022/12/10 1:01,528,0,47000,204
70739142,LL22150005M,9.82091E+14,1707,2022/12/10 1:55,424,0,49000,148
70732905,LL22141101M,9.82091E+14,1707,2022/12/10 2:02,356,0,58500,180
70734154,LL22150506M,9.82091E+14,1707,2022/12/10 2:20,377,0,62500,165
70732905,LL22141101M,9.82091E+14,1707,2022/12/10 2:26,381,0,58500,242
70721340,LL22144904M,9.82091E+14,1707,2022/12/10 2:34,665,0,68500,452
70734876,LL22153804M,9.82091E+14,1707,2022/12/10 3:38,334,0,60500,169
70739142,LL22150005M,9.82091E+14,1707,2022/12/10 3:46,682,0,49500,230
70739179,LL22133202M,699b78b7-0c70-4ae2-ab86-2d616dd829b8,1707,2022/12/10 4:03,498,0,68000,219
70739179,LL22133202M,699b78b7-0c70-4ae2-ab86-2d616dd829b8,1707,2022/12/10 4:13,461,0,68000,296
70739142,LL22150005M,9.82091E+14,1707,2022/12/10 5:18,694,0,50000,272
70734154,LL22150506M,9.82091E+14,1707,2022/12/10 5:30,317,0,62250,143
70721340,LL22144904M,9.82091E+14,1707,2022/12/10 5:54,330,0,69000,243
70734119,LL22150501M,9.82091E+14,1707,2022/12/10 6:00,238,0,53000,116
70734891,LL22149402M,9.82091E+14,1707,2022/12/10 6:05,625,0,53500,370
70734876,LL22153804M,9.82091E+14,1707,2022/12/10 6:55,713,0,60500,368
70734852,LL22148101M,9.82091E+14,1707,2022/12/10 7:07,814,0,46000,276
70734154,LL22150506M,9.82091E+14,1707,2022/12/10 7:29,508,0,61500,246
70739142,LL22150005M,9.82091E+14,1707,2022/12/10 7:37,685,0,50500,253
70732905,LL22141101M,9.82091E+14,1707,2022/12/10 7:49,956,0,58000,592
70734154,LL22150506M,9.82091E+14,1707,2022/12/10 8:05,84,0,61500,62
70734119,LL22150501M,9.82091E+14,1707,2022/12/10 8:07,260,0,52000,129
70739179,LL22133202M,699b78b7-0c70-4ae2-ab86-2d616dd829b8,1707,2022/12/10 8:12,716,0,67500,537
70721340,LL22144904M,9.82091E+14,1707,2022/12/10 8:24,347,0,67500,296
70734154,LL22150506M,9.82091E+14,1707,2022/12/10 8:30,165,0,62000,126
70721340,LL22144904M,9.82091E+14,1707,2022/12/10 8:34,47,0,,1
70739142,LL22150005M,9.82091E+14,1707,2022/12/10 8:36,115,0,49500,28
70734154,LL22150506M,9.82091E+14,1707,2022/12/10 8:38,132,0,62000,75
70734154,LL22150506M,9.82091E+14,1707,2022/12/10 8:45,80,0,61500,40
70734848,LL22148404M,9.82091E+14,1707,2022/12/10 8:56,48,0,,1
70734876,LL22153804M,9.82091E+14,1707,2022/12/10 9:02,170,0,60000,107
70734891,LL22149402M,9.82091E+14,1707,2022/12/10 9:58,480,0,53500,254
70734891,LL22149402M,9.82091E+14,1707,2022/12/10 10:06,151,0,97500,54
70734852,LL22148101M,9.82091E+14,1707,2022/12/10 10:09,2,0,,8
70734891,LL22149402M,9.82091E+14,1707,2022/12/10 10:09,9,0,,8
70734891,LL22149402M,9.82091E+14,1707,2022/12/10 10:09,57,0,,28
70734852,LL22148101M,9.82091E+14,1707,2022/12/10 10:10,1097,0,47000,374
70739142,LL22150005M,9.82091E+14,1707,2022/12/10 10:28,809,0,50000,281
70721340,LL22144904M,9.82091E+14,1707,2022/12/10 10:43,268,0,67500,198
70734119,LL22150501M,9.82091E+14,1707,2022/12/10 10:48,336,0,52000,141
70734876,LL22153804M,9.82091E+14,1707,2022/12/10 10:53,569,0,61000,295
70734154,LL22150506M,9.82091E+14,1707,2022/12/10 11:03,574,0,62500,370
70721340,LL22144904M,9.82091E+14,1707,2022/12/10 11:21,347,0,67500,193
70734876,LL22153804M,9.82091E+14,1707,2022/12/10 11:49,59,0,,28
70734852,LL22148101M,9.82091E+14,1707,2022/12/10 11:52,110,0,47000,46
70734876,LL22153804M,9.82091E+14,1707,2022/12/10 11:57,324,0,61500,198
70734852,LL22148101M,9.82091E+14,1707,2022/12/10 12:02,776,0,47000,255
70739179,LL22133202M,699b78b7-0c70-4ae2-ab86-2d616dd829b8,1707,2022/12/10 12:16,599,0,68000,454
70734119,LL22150501M,9.82091E+14,1707,2022/12/10 12:26,549,0,53000,259
70734891,LL22149402M,9.82091E+14,1707,2022/12/10 12:35,1116,0,53500,439
70739142,LL22150005M,9.82091E+14,1707,2022/12/10 12:54,748,0,50000,277
70732905,LL22141101M,9.82091E+14,1707,2022/12/10 13:07,763,0,58000,438
70734891,LL22149402M,9.82091E+14,1707,2022/12/10 13:20,62,0,54000,4
70739142,LL22150005M,9.82091E+14,1707,2022/12/10 13:22,66,0,50250,25
70734162,LL22150204M,9.82091E+14,1707,2022/12/10 13:23,469,0,45500,212
70739142,LL22150005M,9.82091E+14,1707,2022/12/10 13:38,59,0,,13
70739142,LL22150005M,9.82091E+14,1707,2022/12/10 13:43,26,0,,3
70734119,LL22150501M,9.82091E+14,1707,2022/12/10 13:46,519,0,52500,256
70739142,LL22150005M,9.82091E+14,1707,2022/12/10 13:56,177,0,50000,68
70734891,LL22149402M,9.82091E+14,1707,2022/12/10 14:00,29,0,,1
70721340,LL22144904M,9.82091E+14,1707,2022/12/10 14:03,651,0,68000,457
70734852,LL22148101M,9.82091E+14,1707,2022/12/10 14:14,1089,0,47500,407
70734154,LL22150506M,9.82091E+14,1707,2022/12/10 14:34,766,0,63000,548
70734891,LL22149402M,9.82091E+14,1707,2022/12/10 14:47,607,0,54500,343
70734876,LL22153804M,9.82091E+14,1707,2022/12/10 14:58,348,0,61000,179
70739142,LL22150005M,9.82091E+14,1707,2022/12/10 15:04,399,0,50000,165
70734154,LL22150506M,9.82091E+14,1707,2022/12/10 15:11,78,0,62500,82
70734162,LL22150204M,9.82091E+14,1707,2022/12/10 15:14,354,0,45500,218
70739179,LL22133202M,699b78b7-0c70-4ae2-ab86-2d616dd829b8,1707,2022/12/10 15:20,696,0,68500,482
70734876,LL22153804M,9.82091E+14,1707,2022/12/10 15:33,442,0,61500,255
70721340,LL22144904M,9.82091E+14,1707,2022/12/10 15:50,379,0,68000,294
70739142,LL22150005M,9.82091E+14,1707,2022/12/10 15:57,404,0,50000,103
70734848,LL22148404M,9.82091E+14,1707,2022/12/10 16:04,244,0,56500,107
70734852,LL22148101M,9.82091E+14,1707,2022/12/10 16:09,760,0,48000,292
70734119,LL22150501M,9.82091E+14,1707,2022/12/10 16:22,629,0,53000,301
70721340,LL22144904M,9.82091E+14,1707,2022/12/10 16:32,194,0,68500,142
70734891,LL22149402M,9.82091E+14,1707,2022/12/10 16:36,116,0,54500,1
70734154,LL22150506M,9.82091E+14,1707,2022/12/10 16:38,275,0,63000,129
70732905,LL22141101M,9.82091E+14,1707,2022/12/10 16:49,1041,0,58000,645
70734876,LL22153804M,9.82091E+14,1707,2022/12/10 17:07,400,0,62000,176
70734891,LL22149402M,9.82091E+14,1707,2022/12/10 17:15,475,0,54000,284
70734848,LL22148404M,9.82091E+14,1707,2022/12/10 17:23,315,0,56500,202
70734162,LL22150204M,9.82091E+14,1707,2022/12/10 17:43,52,0,,10
70739179,LL22133202M,699b78b7-0c70-4ae2-ab86-2d616dd829b8,1707,2022/12/10 17:46,546,0,69000,438
70721340,LL22144904M,9.82091E+14,1707,2022/12/10 17:56,120,0,68500,60
70734162,LL22150204M,9.82091E+14,1707,2022/12/10 18:49,263,0,46000,194
70734119,LL22150501M,9.82091E+14,1707,2022/12/10 18:56,613,0,53500,314
70734848,LL22148404M,9.82091E+14,1707,2022/12/10 19:46,362,0,57000,353
70721340,LL22144904M,9.82091E+14,1707,2022/12/10 20:32,457,0,69500,445
70732905,LL22141101M,9.82091E+14,1707,2022/12/10 21:31,649,0,58500,405
70734876,LL22153804M,9.82091E+14,1707,2022/12/10 21:42,541,0,62000,232
70739179,LL22133202M,699b78b7-0c70-4ae2-ab86-2d616dd829b8,1707,2022/12/10 21:52,195,0,69000,54
70734852,LL22148101M,9.82091E+14,1707,2022/12/10 21:55,669,0,48000,291
70721340,LL22144904M,9.82091E+14,1707,2022/12/10 22:07,129,0,69500,98
70739179,LL22133202M,699b78b7-0c70-4ae2-ab86-2d616dd829b8,1707,2022/12/10 22:10,251,0,69250,87
70734154,LL22150506M,9.82091E+14,1707,2022/12/10 22:14,744,0,62500,441
70734119,LL22150501M,9.82091E+14,1707,2022/12/10 22:27,152,0,54500,77
70732905,LL22141101M,9.82091E+14,1707,2022/12/10 22:30,26,0,,7
70734162,LL22150204M,9.82091E+14,1707,2022/12/10 22:31,187,0,46500,118
70734848,LL22148404M,9.82091E+14,1707,2022/12/10 22:43,251,0,58500,148
70734154,LL22150506M,9.82091E+14,1707,2022/12/10 22:49,90,0,63000,50
70732905,LL22141101M,9.82091E+14,1707,2022/12/10 22:51,25,0,,7
70739142,LL22150005M,9.82091E+14,1707,2022/12/10 23:01,686,0,50500,280
70732905,LL22141101M,9.82091E+14,1707,2022/12/10 23:43,379,0,59500,228
70721340,LL22144904M,9.82091E+14,1707,2022/12/10 23:53,449,0,69000,361
70732905,LL22141101M,9.82091E+14,1707,2022/12/11 0:02,296,0,59000,154
70734119,LL22150501M,9.82091E+14,1707,2022/12/11 0:09,681,0,54000,303
70734891,LL22149402M,9.82091E+14,1707,2022/12/11 0:28,428,0,54000,248
70734162,LL22150204M,9.82091E+14,1707,2022/12/11 0:39,237,0,46500,163
70734848,LL22148404M,9.82091E+14,1707,2022/12/11 0:51,306,0,58000,212
70739179,LL22133202M,699b78b7-0c70-4ae2-ab86-2d616dd829b8,1707,2022/12/11 1:20,600,0,69000,461
70739142,LL22150005M,9.82091E+14,1707,2022/12/11 2:33,414,0,51000,154
70734876,LL22153804M,9.82091E+14,1707,2022/12/11 2:42,418,0,60500,226
70732905,LL22141101M,9.82091E+14,1707,2022/12/11 3:26,483,0,60000,247
70734891,LL22149402M,9.82091E+14,1707,2022/12/11 4:13,392,0,54500,245
70734852,LL22148101M,9.82091E+14,1707,2022/12/11 4:35,220,0,48500,95
70739142,LL22150005M,9.82091E+14,1707,2022/12/11 4:41,561,0,50000,239
70734119,LL22150501M,9.82091E+14,1707,2022/12/11 4:54,572,0,53000,234
70739142,LL22150005M,9.82091E+14,1707,2022/12/11 5:06,132,0,50000,59
70721340,LL22144904M,9.82091E+14,1707,2022/12/11 5:08,527,0,69500,411
70739179,LL22133202M,699b78b7-0c70-4ae2-ab86-2d616dd829b8,1707,2022/12/11 6:15,398,0,69000,228
70739142,LL22150005M,9.82091E+14,1707,2022/12/11 6:21,197,0,50500,60
70734162,LL22150204M,9.82091E+14,1707,2022/12/11 6:25,302,0,46500,182
70734848,LL22148404M,9.82091E+14,1707,2022/12/11 6:30,375,0,58000,195
70734852,LL22148101M,9.82091E+14,1707,2022/12/11 6:37,698,0,48000,256
70734876,LL22153804M,9.82091E+14,1707,2022/12/11 6:49,568,0,61000,274
70732905,LL22141101M,9.82091E+14,1707,2022/12/11 6:58,1142,0,59000,753
70734154,LL22150506M,9.82091E+14,1707,2022/12/11 7:18,952,0,62500,497
70721340,LL22144904M,9.82091E+14,1707,2022/12/11 7:34,349,0,69000,199
70734154,LL22150506M,9.82091E+14,1707,2022/12/11 7:42,73,0,63500,30
70734848,LL22148404M,9.82091E+14,1707,2022/12/11 7:47,212,0,59000,115
70739142,LL22150005M,9.82091E+14,1707,2022/12/11 7:57,314,0,50000,99
70739142,LL22150005M,9.82091E+14,1707,2022/12/11 8:04,468,0,50000,218
70739179,LL22133202M,699b78b7-0c70-4ae2-ab86-2d616dd829b8,1707,2022/12/11 8:17,233,0,69000,145
70734119,LL22150501M,9.82091E+14,1707,2022/12/11 8:22,601,0,53500,292
70734876,LL22153804M,9.82091E+14,1707,2022/12/11 8:32,709,0,61500,467
70739179,LL22133202M,699b78b7-0c70-4ae2-ab86-2d616dd829b8,1707,2022/12/11 8:45,721,0,69000,603
70734119,LL22150501M,9.82091E+14,1707,2022/12/11 8:57,91,0,54000,35
70734891,LL22149402M,9.82091E+14,1707,2022/12/11 8:59,225,0,53500,146
70734852,LL22148101M,9.82091E+14,1707,2022/12/11 9:03,871,0,48000,304
70734891,LL22149402M,9.82091E+14,1707,2022/12/11 9:17,817,0,53000,398
70734876,LL22153804M,9.82091E+14,1707,2022/12/11 9:32,68,0,61500,45
70734162,LL22150204M,9.82091E+14,1707,2022/12/11 9:33,575,0,47000,249
70721340,LL22144904M,9.82091E+14,1707,2022/12/11 9:43,450,0,68000,314
70734119,LL22150501M,9.82091E+14,1707,2022/12/11 9:50,468,0,54500,198
70739142,LL22150005M,9.82091E+14,1707,2022/12/11 9:58,694,0,51000,244
70739142,LL22150005M,9.82091E+14,1707,2022/12/11 10:12,177,0,51000,35
70739142,LL22150005M,9.82091E+14,1707,2022/12/11 10:17,39,0,,8
70734119,LL22150501M,9.82091E+14,1707,2022/12/11 10:18,238,0,54000,101
70734154,LL22150506M,9.82091E+14,1707,2022/12/11 10:22,818,0,64000,600
70734154,LL22150506M,9.82091E+14,1707,2022/12/11 10:39,90,0,63500,72
70721340,LL22144904M,9.82091E+14,1707,2022/12/11 10:45,245,0,68500,179
70734876,LL22153804M,9.82091E+14,1707,2022/12/11 11:28,741,0,62000,432
70734162,LL22150204M,9.82091E+14,1707,2022/12/11 11:43,465,0,47000,241
70739142,LL22150005M,9.82091E+14,1707,2022/12/11 11:54,43,0,,13
70734119,LL22150501M,9.82091E+14,1707,2022/12/11 11:57,365,0,54000,151
70734162,LL22150204M,9.82091E+14,1707,2022/12/11 12:04,87,0,47000,42
70739142,LL22150005M,9.82091E+14,1707,2022/12/11 12:06,677,0,51000,269
70734852,LL22148101M,9.82091E+14,1707,2022/12/11 12:17,255,0,48500,93
70734848,LL22148404M,9.82091E+14,1707,2022/12/11 12:22,649,0,57500,517
70739179,LL22133202M,699b78b7-0c70-4ae2-ab86-2d616dd829b8,1707,2022/12/11 12:33,840,0,70000,648
70734891,LL22149402M,9.82091E+14,1707,2022/12/11 12:47,497,0,53500,311
70734852,LL22148101M,9.82091E+14,1707,2022/12/11 12:55,323,0,47500,146
70734119,LL22150501M,9.82091E+14,1707,2022/12/11 13:01,357,0,54500,173
70734852,LL22148101M,9.82091E+14,1707,2022/12/11 13:07,233,0,47500,102
70734162,LL22150204M,9.82091E+14,1707,2022/12/11 13:11,147,0,48000,71
70721340,LL22144904M,9.82091E+14,1707,2022/12/11 13:13,726,0,68000,646
70739142,LL22150005M,9.82091E+14,1707,2022/12/11 13:26,288,0,50500,77
70734891,LL22149402M,9.82091E+14,1707,2022/12/11 13:32,203,0,54000,55
70739142,LL22150005M,9.82091E+14,1707,2022/12/11 13:37,373,0,50500,108
70734162,LL22150204M,9.82091E+14,1707,2022/12/11 13:44,280,0,47500,152
70734876,LL22153804M,9.82091E+14,1707,2022/12/11 13:59,397,0,62500,165
70734876,LL22153804M,9.82091E+14,1707,2022/12/11 14:08,433,0,62500,263
70734848,LL22148404M,9.82091E+14,1707,2022/12/11 14:49,66,0,59000,17
70734876,LL22153804M,9.82091E+14,1707,2022/12/11 14:56,107,0,63000,30
70734852,LL22148101M,9.82091E+14,1707,2022/12/11 15:11,1019,0,48000,429
70734162,LL22150204M,9.82091E+14,1707,2022/12/11 15:28,178,0,47000,105
70734119,LL22150501M,9.82091E+14,1707,2022/12/11 15:32,159,0,55000,76
70734848,LL22148404M,9.82091E+14,1707,2022/12/11 15:35,538,0,59000,398
70734876,LL22153804M,9.82091E+14,1707,2022/12/11 15:45,236,0,62500,153
70739142,LL22150005M,9.82091E+14,1707,2022/12/11 15:49,402,0,51000,129
70734154,LL22150506M,9.82091E+14,1707,2022/12/11 15:56,491,0,61000,345
70734119,LL22150501M,9.82091E+14,1707,2022/12/11 16:04,865,0,55000,411
70739179,LL22133202M,699b78b7-0c70-4ae2-ab86-2d616dd829b8,1707,2022/12/11 16:19,721,0,71500,591
70721340,LL22144904M,9.82091E+14,1707,2022/12/11 16:31,470,0,70500,42
70734891,LL22149402M,9.82091E+14,1707,2022/12/11 16:43,910,0,54000,823
70739142,LL22150005M,9.82091E+14,1707,2022/12/11 16:58,375,0,51000,149
70734119,LL22150501M,9.82091E+14,1707,2022/12/11 17:05,49,0,,44
70732905,LL22141101M,9.82091E+14,1707,2022/12/11 17:06,829,0,58500,510
70734162,LL22150204M,9.82091E+14,1707,2022/12/11 17:20,218,0,48000,114
70734891,LL22149402M,9.82091E+14,1707,2022/12/11 17:23,123,0,54000,70
70721340,LL22144904M,9.82091E+14,1707,2022/12/11 17:26,326,0,69500,299
70734852,LL22148101M,9.82091E+14,1707,2022/12/11 17:31,599,0,49500,286
70739179,LL22133202M,699b78b7-0c70-4ae2-ab86-2d616dd829b8,1707,2022/12/11 17:42,389,0,70500,224
70734119,LL22150501M,9.82091E+14,1707,2022/12/11 17:49,92,0,54250,49
70734162,LL22150204M,9.82091E+14,1707,2022/12/11 17:52,250,0,48000,183
70721340,LL22144904M,9.82091E+14,1707,2022/12/11 17:58,291,0,70500,176
70721340,LL22144904M,9.82091E+14,1707,2022/12/11 19:20,332,0,70000,323
70734876,LL22153804M,9.82091E+14,1707,2022/12/11 19:26,473,0,63000,197
70734848,LL22148404M,9.82091E+14,1707,2022/12/11 19:54,412,0,59500,333
70734119,LL22150501M,9.82091E+14,1707,2022/12/11 21:16,110,0,56000,57
70734154,LL22150506M,9.82091E+14,1707,2022/12/11 21:18,390,0,63000,187
70732905,LL22141101M,9.82091E+14,1707,2022/12/11 21:25,107,0,58000,17
70734154,LL22150506M,9.82091E+14,1707,2022/12/11 21:26,340,0,63000,256
70732905,LL22141101M,9.82091E+14,1707,2022/12/11 21:32,371,0,58000,194
70734154,LL22150506M,9.82091E+14,1707,2022/12/11 21:39,16,0,,6
70734162,LL22150204M,9.82091E+14,1707,2022/12/11 21:39,15,0,,1
70734876,LL22153804M,9.82091E+14,1707,2022/12/11 21:43,482,0,63500,300
70732905,LL22141101M,9.82091E+14,1707,2022/12/11 21:52,310,0,58500,149
70734848,LL22148404M,9.82091E+14,1707,2022/12/11 21:59,265,0,59500,242
70734162,LL22150204M,9.82091E+14,1707,2022/12/11 22:10,226,0,47000,112
70739179,LL22133202M,699b78b7-0c70-4ae2-ab86-2d616dd829b8,1707,2022/12/11 22:16,170,0,69500,76
70734119,LL22150501M,9.82091E+14,1707,2022/12/11 22:19,367,0,53000,201
70721340,LL22144904M,9.82091E+14,1707,2022/12/11 22:26,350,0,70500,325
70734876,LL22153804M,9.82091E+14,1707,2022/12/11 22:43,290,0,63000,182
70732905,LL22141101M,9.82091E+14,1707,2022/12/11 23:06,446,0,58500,247
70739179,LL22133202M,699b78b7-0c70-4ae2-ab86-2d616dd829b8,1707,2022/12/11 23:16,428,0,70000,329
70734852,LL22148101M,9.82091E+14,1707,2022/12/11 23:39,367,0,47500,135
70732905,LL22141101M,9.82091E+14,1707,2022/12/11 23:46,16,0,,2
70734119,LL22150501M,9.82091E+14,1707,2022/12/11 23:52,249,0,53500,109
70734119,LL22150501M,9.82091E+14,1707,2022/12/12 0:19,268,0,53000,119
70732905,LL22141101M,9.82091E+14,1707,2022/12/12 0:24,392,0,58500,253
70734154,LL22150506M,9.82091E+14,1707,2022/12/12 0:31,252,0,64000,101
70734162,LL22150204M,9.82091E+14,1707,2022/12/12 0:35,129,0,47500,34
70739142,LL22150005M,9.82091E+14,1707,2022/12/12 1:31,840,0,49500,392
70732905,LL22141101M,9.82091E+14,1707,2022/12/12 2:06,260,0,59500,117
70739179,LL22133202M,699b78b7-0c70-4ae2-ab86-2d616dd829b8,1707,2022/12/12 2:20,494,0,69500,420
70732905,LL22141101M,9.82091E+14,1707,2022/12/12 2:29,154,0,59500,63
70734162,LL22150204M,9.82091E+14,1707,2022/12/12 2:32,124,0,45250,28
70721340,LL22144904M,9.82091E+14,1707,2022/12/12 2:36,545,0,70500,373
70732905,LL22141101M,9.82091E+14,1707,2022/12/12 2:46,232,0,60500,126
70734852,LL22148101M,9.82091E+14,1707,2022/12/12 2:56,328,0,47000,146
70734119,LL22150501M,9.82091E+14,1707,2022/12/12 3:39,178,0,52250,78
70734848,LL22148404M,9.82091E+14,1707,2022/12/12 4:49,396,0,59000,291
70734119,LL22150501M,9.82091E+14,1707,2022/12/12 4:56,183,0,55500,99
70739142,LL22150005M,9.82091E+14,1707,2022/12/12 4:59,601,0,50500,236
70734154,LL22150506M,9.82091E+14,1707,2022/12/12 5:31,176,0,63500,82
70734154,LL22150506M,9.82091E+14,1707,2022/12/12 5:37,95,0,60000,62
70734154,LL22150506M,9.82091E+14,1707,2022/12/12 5:42,71,0,61000,56
70734848,LL22148404M,9.82091E+14,1707,2022/12/12 5:45,275,0,58000,242
70734154,LL22150506M,9.82091E+14,1707,2022/12/12 5:50,95,0,62000,84
70721340,LL22144904M,9.82091E+14,1707,2022/12/12 5:52,239,0,69500,130
70734154,LL22150506M,9.82091E+14,1707,2022/12/12 5:57,75,0,63500,53
70734876,LL22153804M,9.82091E+14,1707,2022/12/12 5:58,519,0,61000,293
70732905,LL22141101M,9.82091E+14,1707,2022/12/12 6:07,885,0,58500,601
70739142,LL22150005M,9.82091E+14,1707,2022/12/12 6:22,118,0,51000,35
70739142,LL22150005M,9.82091E+14,1707,2022/12/12 6:32,140,0,51000,46
70734162,LL22150204M,9.82091E+14,1707,2022/12/12 6:40,450,0,47500,251
70734891,LL22149402M,9.82091E+14,1707,2022/12/12 7:06,754,0,55000,458
70739179,LL22133202M,699b78b7-0c70-4ae2-ab86-2d616dd829b8,1707,2022/12/12 7:20,762,0,69500,646
70734852,LL22148101M,9.82091E+14,1707,2022/12/12 7:33,874,0,48500,311
70721340,LL22144904M,9.82091E+14,1707,2022/12/12 7:48,791,0,70000,613
70734119,LL22150501M,9.82091E+14,1707,2022/12/12 8:01,1104,0,54500,456
70732905,LL22141101M,9.82091E+14,1707,2022/12/12 8:20,353,0,60500,218
70734876,LL22153804M,9.82091E+14,1707,2022/12/12 8:26,661,0,61500,388
70739142,LL22150005M,9.82091E+14,1707,2022/12/12 8:37,1023,0,51000,354
70734162,LL22150204M,9.82091E+14,1707,2022/12/12 9:04,543,0,47500,547
70734154,LL22150506M,9.82091E+14,1707,2022/12/12 9:14,388,0,62500,328
70734848,LL22148404M,9.82091E+14,1707,2022/12/12 9:20,633,0,58000,505
70734891,LL22149402M,9.82091E+14,1707,2022/12/12 9:31,412,0,54500,209
70739179,LL22133202M,699b78b7-0c70-4ae2-ab86-2d616dd829b8,1707,2022/12/12 9:38,232,0,70000,84
70734852,LL22148101M,9.82091E+14,1707,2022/12/12 9:42,803,0,48500,287
70734876,LL22153804M,9.82091E+14,1707,2022/12/12 9:56,313,0,62500,155
70739142,LL22150005M,9.82091E+14,1707,2022/12/12 10:01,187,0,51500,55
70734891,LL22149402M,9.82091E+14,1707,2022/12/12 10:05,429,0,54500,191
70734119,LL22150501M,9.82091E+14,1707,2022/12/12 10:14,357,0,54500,165
70734891,LL22149402M,9.82091E+14,1707,2022/12/12 10:22,42,0,,14
70734119,LL22150501M,9.82091E+14,1707,2022/12/12 10:23,250,0,53000,111
70734154,LL22150506M,9.82091E+14,1707,2022/12/12 11:01,146,0,64500,117
70721340,LL22144904M,9.82091E+14,1707,2022/12/12 11:06,348,0,68500,306
70734154,LL22150506M,9.82091E+14,1707,2022/12/12 11:13,88,0,64500,53
70734154,LL22150506M,9.82091E+14,1707,2022/12/12 11:17,102,0,63500,83
70739142,LL22150005M,9.82091E+14,1707,2022/12/12 11:19,467,0,52000,120
70734162,LL22150204M,9.82091E+14,1707,2022/12/12 11:28,449,0,47000,223
70734154,LL22150506M,9.82091E+14,1707,2022/12/12 11:37,131,0,64000,62
70739142,LL22150005M,9.82091E+14,1707,2022/12/12 11:39,43,0,,6
70734162,LL22150204M,9.82091E+14,1707,2022/12/12 11:40,152,0,46500,75
70734154,LL22150506M,9.82091E+14,1707,2022/12/12 11:44,29,0,,21
70734162,LL22150204M,9.82091E+14,1707,2022/12/12 11:45,45,0,,28
70739179,LL22133202M,699b78b7-0c70-4ae2-ab86-2d616dd829b8,1707,2022/12/12 11:46,428,0,70000,322
70734848,LL22148404M,9.82091E+14,1707,2022/12/12 11:55,452,0,60000,335
70739142,LL22150005M,9.82091E+14,1707,2022/12/12 12:03,400,0,51500,183
70739179,LL22133202M,699b78b7-0c70-4ae2-ab86-2d616dd829b8,1707,2022/12/12 12:23,521,0,70500,455
70734119,LL22150501M,9.82091E+14,1707,2022/12/12 12:32,104,0,56000,55
70734876,LL22153804M,9.82091E+14,1707,2022/12/12 12:34,947,0,63000,624
70734852,LL22148101M,9.82091E+14,1707,2022/12/12 12:50,991,0,48000,404
70734162,LL22150204M,9.82091E+14,1707,2022/12/12 13:07,381,0,48000,207
70739142,LL22150005M,9.82091E+14,1707,2022/12/12 13:13,155,0,51500,65
70734891,LL22149402M,9.82091E+14,1707,2022/12/12 13:16,871,0,54000,541
70721340,LL22144904M,9.82091E+14,1707,2022/12/12 13:31,566,0,70000,491
70721340,LL22144904M,9.82091E+14,1707,2022/12/12 13:42,188,0,71000,116
70734891,LL22149402M,9.82091E+14,1707,2022/12/12 13:45,222,0,54500,138
70734852,LL22148101M,9.82091E+14,1707,2022/12/12 14:11,40,0,,13
70734162,LL22150204M,9.82091E+14,1707,2022/12/12 14:12,265,0,48000,155
70732905,LL22141101M,9.82091E+14,1707,2022/12/12 14:17,312,0,59000,181
70734119,LL22150501M,9.82091E+14,1707,2022/12/12 14:22,1136,0,54000,493
70734852,LL22148101M,9.82091E+14,1707,2022/12/12 14:41,304,0,49000,160
70739142,LL22150005M,9.82091E+14,1707,2022/12/12 14:46,19,0,,10
70734154,LL22150506M,9.82091E+14,1707,2022/12/12 14:47,602,0,63500,472
70739142,LL22150005M,9.82091E+14,1707,2022/12/12 14:57,208,0,51000,121
70734848,LL22148404M,9.82091E+14,1707,2022/12/12 15:01,508,0,61000,450
70739179,LL22133202M,699b78b7-0c70-4ae2-ab86-2d616dd829b8,1707,2022/12/12 15:10,236,0,71000,189
70734852,LL22148101M,9.82091E+14,1707,2022/12/12 15:14,189,0,49500,99
70734119,LL22150501M,9.82091E+14,1707,2022/12/12 15:17,98,0,56500,57
70734876,LL22153804M,9.82091E+14,1707,2022/12/12 15:19,659,0,64000,370
70734119,LL22150501M,9.82091E+14,1707,2022/12/12 15:30,93,0,56500,49
70734162,LL22150204M,9.82091E+14,1707,2022/12/12 15:32,89,0,48000,34
70734119,LL22150501M,9.82091E+14,1707,2022/12/12 15:33,29,0,,28
70739142,LL22150005M,9.82091E+14,1707,2022/12/12 15:34,267,0,51500,145
70734119,LL22150501M,9.82091E+14,1707,2022/12/12 15:39,12,0,,8
70734852,LL22148101M,9.82091E+14,1707,2022/12/12 15:39,132,0,50000,78
70739179,LL22133202M,699b78b7-0c70-4ae2-ab86-2d616dd829b8,1707,2022/12/12 15:42,137,0,72500,98
70739142,LL22150005M,9.82091E+14,1707,2022/12/12 15:44,254,0,51000,137
70734162,LL22150204M,9.82091E+14,1707,2022/12/12 15:50,254,0,49000,150
70739142,LL22150005M,9.82091E+14,1707,2022/12/12 15:55,21,0,,10
70734876,LL22153804M,9.82091E+14,1707,2022/12/12 15:56,294,0,63500,186
70721340,LL22144904M,9.82091E+14,1707,2022/12/12 16:02,376,0,69500,353
70734848,LL22148404M,9.82091E+14,1707,2022/12/12 16:13,121,0,61500,89
70739179,LL22133202M,699b78b7-0c70-4ae2-ab86-2d616dd829b8,1707,2022/12/12 16:15,230,0,72000,107
70734852,LL22148101M,9.82091E+14,1707,2022/12/12 16:20,514,0,49500,233
70734891,LL22149402M,9.82091E+14,1707,2022/12/12 16:33,274,0,54000,181
70739179,LL22133202M,699b78b7-0c70-4ae2-ab86-2d616dd829b8,1707,2022/12/12 16:39,231,0,71500,108
70721340,LL22144904M,9.82091E+14,1707,2022/12/12 16:43,287,0,71000,280
70734119,LL22150501M,9.82091E+14,1707,2022/12/12 16:48,111,0,55000,64
70734162,LL22150204M,9.82091E+14,1707,2022/12/12 16:50,134,0,49500,60
70721340,LL22144904M,9.82091E+14,1707,2022/12/12 16:54,51,0,,1
70734876,LL22153804M,9.82091E+14,1707,2022/12/12 16:57,378,0,61500,226
70734891,LL22149402M,9.82091E+14,1707,2022/12/12 17:49,326,0,55500,183
70734119,LL22150501M,9.82091E+14,1707,2022/12/12 18:55,791,0,54500,333
70734119,LL22150501M,9.82091E+14,1707,2022/12/12 19:10,35,0,,30
70734119,LL22150501M,9.82091E+14,1707,2022/12/12 19:13,37,0,,22
70734154,LL22150506M,9.82091E+14,1707,2022/12/12 19:15,56,0,,52
70734852,LL22148101M,9.82091E+14,1707,2022/12/12 19:18,515,0,49500,237
70734848,LL22148404M,9.82091E+14,1707,2022/12/12 19:27,408,0,62000,332
70732905,LL22141101M,9.82091E+14,1707,2022/12/12 19:35,879,0,59000,558
70734876,LL22153804M,9.82091E+14,1707,2022/12/12 19:50,18,0,,7
70734891,LL22149402M,9.82091E+14,1707,2022/12/12 19:50,506,0,55500,299
70734848,LL22148404M,9.82091E+14,1707,2022/12/12 20:00,80,0,61500,74
70739142,LL22150005M,9.82091E+14,1707,2022/12/12 20:03,407,0,51500,180
70721340,LL22144904M,9.82091E+14,1707,2022/12/12 20:10,405,0,71000,432
70734876,LL22153804M,9.82091E+14,1707,2022/12/12 20:17,24,0,,10
70721340,LL22144904M,9.82091E+14,1707,2022/12/12 20:19,83,0,72000,47
70734154,LL22150506M,9.82091E+14,1707,2022/12/12 21:07,259,0,64500,160
70739179,LL22133202M,699b78b7-0c70-4ae2-ab86-2d616dd829b8,1707,2022/12/12 21:13,723,0,70000,710
70734162,LL22150204M,9.82091E+14,1707,2022/12/12 22:08,291,0,47500,223
70734154,LL22150506M,9.82091E+14,1707,2022/12/12 22:33,276,0,65000,223
70734154,LL22150506M,9.82091E+14,1707,2022/12/12 22:40,126,0,62000,106
70732905,LL22141101M,9.82091E+14,1707,2022/12/12 23:43,270,0,59750,163
70734848,LL22148404M,9.82091E+14,1707,2022/12/12 23:48,365,0,62000,258
70732905,LL22141101M,9.82091E+14,1707,2022/12/13 0:16,729,0,59500,477
70721340,LL22144904M,9.82091E+14,1707,2022/12/13 0:29,192,0,70500,87
70734852,LL22148101M,9.82091E+14,1707,2022/12/13 0:38,653,0,48500,299
70734876,LL22153804M,9.82091E+14,1707,2022/12/13 0:50,268,0,63500,137
70732905,LL22141101M,9.82091E+14,1707,2022/12/13 0:57,81,0,60500,40
70734119,LL22150501M,9.82091E+14,1707,2022/12/13 1:03,36,0,,24
70732905,LL22141101M,9.82091E+14,1707,2022/12/13 1:04,91,0,59500,59
70739142,LL22150005M,9.82091E+14,1707,2022/12/13 1:05,418,0,51500,207
70734162,LL22150204M,9.82091E+14,1707,2022/12/13 1:27,230,0,48000,100
70721340,LL22144904M,9.82091E+14,1707,2022/12/13 1:35,371,0,71000,374
70734119,LL22150501M,9.82091E+14,1707,2022/12/13 1:45,598,0,55500,279
70732905,LL22141101M,9.82091E+14,1707,2022/12/13 1:55,523,0,60000,332
70739179,LL22133202M,699b78b7-0c70-4ae2-ab86-2d616dd829b8,1707,2022/12/13 2:14,561,0,72500,538
70734848,LL22148404M,9.82091E+14,1707,2022/12/13 3:39,415,0,63000,310
70721340,LL22144904M,9.82091E+14,1707,2022/12/13 4:46,226,0,72500,166
70739142,LL22150005M,9.82091E+14,1707,2022/12/13 4:52,821,0,52500,372
70739142,LL22150005M,9.82091E+14,1707,2022/12/13 5:13,81,0,52500,25
70734154,LL22150506M,9.82091E+14,1707,2022/12/13 5:21,242,0,62000,103
70732905,LL22141101M,9.82091E+14,1707,2022/12/13 5:25,606,0,61000,433
70734876,LL22153804M,9.82091E+14,1707,2022/12/13 5:35,359,0,61750,116
70734154,LL22150506M,9.82091E+14,1707,2022/12/13 5:42,153,0,62250,137
70734119,LL22150501M,9.82091E+14,1707,2022/12/13 5:44,250,0,55500,110
70734154,LL22150506M,9.82091E+14,1707,2022/12/13 5:49,40,0,,45
70734876,LL22153804M,9.82091E+14,1707,2022/12/13 5:50,673,0,62500,407
70734848,LL22148404M,9.82091E+14,1707,2022/12/13 6:05,324,0,62500,235
70732905,LL22141101M,9.82091E+14,1707,2022/12/13 6:11,75,0,59500,37
70739179,LL22133202M,699b78b7-0c70-4ae2-ab86-2d616dd829b8,1707,2022/12/13 6:20,504,0,72000,481
70734162,LL22150204M,9.82091E+14,1707,2022/12/13 6:33,570,0,49000,363
70721340,LL22144904M,9.82091E+14,1707,2022/12/13 7:15,441,0,70000,372
70734162,LL22150204M,9.82091E+14,1707,2022/12/13 7:24,165,0,49500,122
70739179,LL22133202M,699b78b7-0c70-4ae2-ab86-2d616dd829b8,1707,2022/12/13 7:28,66,0,70000,50
70734891,LL22149402M,9.82091E+14,1707,2022/12/13 7:29,775,0,56000,511
70739142,LL22150005M,9.82091E+14,1707,2022/12/13 7:42,608,0,52500,250
70734119,LL22150501M,9.82091E+14,1707,2022/12/13 7:52,228,0,54000,98
70734852,LL22148101M,9.82091E+14,1707,2022/12/13 7:56,900,0,50000,356
70734154,LL22150506M,9.82091E+14,1707,2022/12/13 8:12,537,0,64000,321
70734119,LL22150501M,9.82091E+14,1707,2022/12/13 8:21,341,0,56000,155
70734876,LL22153804M,9.82091E+14,1707,2022/12/13 8:27,233,0,62500,152
70734848,LL22148404M,9.82091E+14,1707,2022/12/13 8:31,548,0,62000,412
70734162,LL22150204M,9.82091E+14,1707,2022/12/13 8:40,43,0,,17
70739179,LL22133202M,699b78b7-0c70-4ae2-ab86-2d616dd829b8,1707,2022/12/13 8:41,647,0,72000,544
70732905,LL22141101M,9.82091E+14,1707,2022/12/13 8:52,297,0,61000,196
70734119,LL22150501M,9.82091E+14,1707,2022/12/13 8:57,49,0,,28
70732905,LL22141101M,9.82091E+14,1707,2022/12/13 8:58,331,0,61500,241
70734119,LL22150501M,9.82091E+14,1707,2022/12/13 9:04,131,0,56000,74
70734876,LL22153804M,9.82091E+14,1707,2022/12/13 9:06,224,0,63500,137
70734154,LL22150506M,9.82091E+14,1707,2022/12/13 9:10,72,0,64000,47
70734891,LL22149402M,9.82091E+14,1707,2022/12/13 9:11,193,0,56000,2
70721340,LL22144904M,9.82091E+14,1707,2022/12/13 9:14,286,0,70500,294
70734154,LL22150506M,9.82091E+14,1707,2022/12/13 9:19,107,0,66250,95
70734119,LL22150501M,9.82091E+14,1707,2022/12/13 9:21,152,0,55000,83
70739142,LL22150005M,9.82091E+14,1707,2022/12/13 9:24,826,0,52000,232
70732905,LL22141101M,9.82091E+14,1707,2022/12/13 9:38,287,0,61500,205
70734876,LL22153804M,9.82091E+14,1707,2022/12/13 9:46,334,0,63000,235
70739142,LL22150005M,9.82091E+14,1707,2022/12/13 9:55,68,0,52500,17
70734154,LL22150506M,9.82091E+14,1707,2022/12/13 9:57,98,0,65500,98
70734154,LL22150506M,9.82091E+14,1707,2022/12/13 10:01,72,0,64500,56
70734154,LL22150506M,9.82091E+14,1707,2022/12/13 10:05,44,0,,37
70734848,LL22148404M,9.82091E+14,1707,2022/12/13 10:14,219,0,62500,185
70734154,LL22150506M,9.82091E+14,1707,2022/12/13 10:22,93,0,65500,84
70739179,LL22133202M,699b78b7-0c70-4ae2-ab86-2d616dd829b8,1707,2022/12/13 10:40,275,0,73500,208
70734154,LL22150506M,9.82091E+14,1707,2022/12/13 10:44,30,0,,26
70734162,LL22150204M,9.82091E+14,1707,2022/12/13 10:59,633,0,50000,422
70734852,LL22148101M,9.82091E+14,1707,2022/12/13 11:10,422,0,49500,150
70734119,LL22150501M,9.82091E+14,1707,2022/12/13 11:17,1056,0,56000,490
70739179,LL22133202M,699b78b7-0c70-4ae2-ab86-2d616dd829b8,1707,2022/12/13 11:35,348,0,73000,254
70734876,LL22153804M,9.82091E+14,1707,2022/12/13 11:40,584,0,65000,376
70734891,LL22149402M,9.82091E+14,1707,2022/12/13 11:50,1015,0,56000,655
70734852,LL22148101M,9.82091E+14,1707,2022/12/13 12:07,358,0,50500,154
70721340,LL22144904M,9.82091E+14,1707,2022/12/13 12:14,804,0,71000,718
70739142,LL22150005M,9.82091E+14,1707,2022/12/13 12:27,834,0,51500,419
70734852,LL22148101M,9.82091E+14,1707,2022/12/13 12:41,808,0,50500,315
70734891,LL22149402M,9.82091E+14,1707,2022/12/13 12:55,462,0,56000,297
70734848,LL22148404M,9.82091E+14,1707,2022/12/13 13:03,524,0,62500,467
70739142,LL22150005M,9.82091E+14,1707,2022/12/13 13:12,43,0,,17
70739142,LL22150005M,9.82091E+14,1707,2022/12/13 13:32,71,0,52500,22
70734162,LL22150204M,9.82091E+14,1707,2022/12/13 14:00,667,0,50000,509
70734162,LL22150204M,9.82091E+14,1707,2022/12/13 14:13,59,0,,30
70739142,LL22150005M,9.82091E+14,1707,2022/12/13 14:15,208,0,52000,82
70734891,LL22149402M,9.82091E+14,1707,2022/12/13 14:19,78,0,56500,2
70734876,LL22153804M,9.82091E+14,1707,2022/12/13 14:20,534,0,64000,348
70734162,LL22150204M,9.82091E+14,1707,2022/12/13 14:29,201,0,50500,108
70734119,LL22150501M,9.82091E+14,1707,2022/12/13 14:33,533,0,56000,265
70734848,LL22148404M,9.82091E+14,1707,2022/12/13 14:42,326,0,63000,282
70734162,LL22150204M,9.82091E+14,1707,2022/12/13 14:48,83,0,50750,34
70734852,LL22148101M,9.82091E+14,1707,2022/12/13 14:49,282,0,50500,142
70734119,LL22150501M,9.82091E+14,1707,2022/12/13 14:54,313,0,54500,177
70721340,LL22144904M,9.82091E+14,1707,2022/12/13 14:59,55,0,,62
70734119,LL22150501M,9.82091E+14,1707,2022/12/13 15:01,11,0,,19
70734852,LL22148101M,9.82091E+14,1707,2022/12/13 15:01,240,0,51000,153
70739179,LL22133202M,699b78b7-0c70-4ae2-ab86-2d616dd829b8,1707,2022/12/13 15:05,495,0,72500,463
70732905,LL22141101M,9.82091E+14,1707,2022/12/13 15:14,973,0,62000,692
70739142,LL22150005M,9.82091E+14,1707,2022/12/13 15:30,153,0,57500,83
70721340,LL22144904M,9.82091E+14,1707,2022/12/13 15:32,393,0,72500,443
70734154,LL22150506M,9.82091E+14,1707,2022/12/13 15:39,826,0,65000,695
70734119,LL22150501M,9.82091E+14,1707,2022/12/13 15:53,113,0,58000,81
70734891,LL22149402M,9.82091E+14,1707,2022/12/13 15:56,418,0,57000,241
70734119,LL22150501M,9.82091E+14,1707,2022/12/13 16:03,84,0,57500,58
70734876,LL22153804M,9.82091E+14,1707,2022/12/13 16:06,486,0,65500,307
70734119,LL22150501M,9.82091E+14,1707,2022/12/13 16:14,256,0,57000,115
70734119,LL22150501M,9.82091E+14,1707,2022/12/13 16:21,36,0,,23
70734119,LL22150501M,9.82091E+14,1707,2022/12/13 16:26,43,0,,33
70734848,LL22148404M,9.82091E+14,1707,2022/12/13 17:13,300,0,63500,283
70734876,LL22153804M,9.82091E+14,1707,2022/12/13 17:18,290,0,64000,181
70734162,LL22150204M,9.82091E+14,1707,2022/12/13 17:24,166,0,50500,82
70734852,LL22148101M,9.82091E+14,1707,2022/12/13 17:30,771,0,51500,365
70721340,LL22144904M,9.82091E+14,1707,2022/12/13 17:43,550,0,73000,450
70734891,LL22149402M,9.82091E+14,1707,2022/12/13 17:52,595,0,57000,415
70734876,LL22153804M,9.82091E+14,1707,2022/12/13 18:02,384,0,64500,246
70734848,LL22148404M,9.82091E+14,1707,2022/12/13 19:46,111,0,63500,101
70739179,LL22133202M,699b78b7-0c70-4ae2-ab86-2d616dd829b8,1707,2022/12/13 19:53,406,0,71500,370
70739142,LL22150005M,9.82091E+14,1707,2022/12/13 20:00,623,0,52000,350
70734119,LL22150501M,9.82091E+14,1707,2022/12/13 20:11,426,0,58000,238
70721340,LL22144904M,9.82091E+14,1707,2022/12/13 20:19,301,0,73500,323
70734876,LL22153804M,9.82091E+14,1707,2022/12/13 20:28,357,0,65500,252
70734162,LL22150204M,9.82091E+14,1707,2022/12/13 21:01,240,0,49500,149
70734119,LL22150501M,9.82091E+14,1707,2022/12/13 21:06,167,0,58000,79
70721340,LL22144904M,9.82091E+14,1707,2022/12/13 21:09,119,0,74000,77
70734852,LL22148101M,9.82091E+14,1707,2022/12/13 22:24,297,0,51500,148
70721340,LL22144904M,9.82091E+14,1707,2022/12/13 22:44,279,0,74000,285
70732905,LL22141101M,9.82091E+14,1707,2022/12/13 23:38,917,0,61500,559
70734848,LL22148404M,9.82091E+14,1707,2022/12/14 0:38,520,0,63000,382
70739179,LL22133202M,699b78b7-0c70-4ae2-ab86-2d616dd829b8,1707,2022/12/14 1:20,526,0,72500,531
70734154,LL22150506M,9.82091E+14,1707,2022/12/14 1:58,767,0,64000,439
70734852,LL22148101M,9.82091E+14,1707,2022/12/14 2:11,781,0,51500,351
70739142,LL22150005M,9.82091E+14,1707,2022/12/14 2:24,562,0,52500,290
70734162,LL22150204M,9.82091E+14,1707,2022/12/14 2:44,448,0,50500,220
70734891,LL22149402M,9.82091E+14,1707,2022/12/14 2:56,677,0,57000,459
70732905,LL22141101M,9.82091E+14,1707,2022/12/14 3:08,483,0,61500,293
70732905,LL22141101M,9.82091E+14,1707,2022/12/14 3:43,627,0,61500,403
70734848,LL22148404M,9.82091E+14,1707,2022/12/14 5:02,486,0,62500,401
70739142,LL22150005M,9.82091E+14,1707,2022/12/14 5:10,745,0,53500,317
70734119,LL22150501M,9.82091E+14,1707,2022/12/14 5:22,1031,0,56000,470
70739142,LL22150005M,9.82091E+14,1707,2022/12/14 5:40,291,0,53500,8
70734119,LL22150501M,9.82091E+14,1707,2022/12/14 5:45,180,0,55500,225
70721340,LL22144904M,9.82091E+14,1707,2022/12/14 5:48,762,0,73000,719
70739179,LL22133202M,699b78b7-0c70-4ae2-ab86-2d616dd829b8,1707,2022/12/14 6:01,726,0,72500,597
70734162,LL22150204M,9.82091E+14,1707,2022/12/14 6:18,506,0,50500,282
70732905,LL22141101M,9.82091E+14,1707,2022/12/14 6:27,699,0,62750,441
70734891,LL22149402M,9.82091E+14,1707,2022/12/14 6:43,461,0,57500,303
70734154,LL22150506M,9.82091E+14,1707,2022/12/14 7:37,473,0,66000,252
70734154,LL22150506M,9.82091E+14,1707,2022/12/14 7:48,38,0,,26
70734162,LL22150204M,9.82091E+14,1707,2022/12/14 7:50,250,0,50000,174
70739142,LL22150005M,9.82091E+14,1707,2022/12/14 7:55,160,0,53500,50
70734848,LL22148404M,9.82091E+14,1707,2022/12/14 7:59,239,0,61750,164
70721340,LL22144904M,9.82091E+14,1707,2022/12/14 8:03,282,0,73500,241
70734154,LL22150506M,9.82091E+14,1707,2022/12/14 8:08,333,0,66000,238
70734876,LL22153804M,9.82091E+14,1707,2022/12/14 8:13,584,0,64000,409
70732905,LL22141101M,9.82091E+14,1707,2022/12/14 8:23,35,0,,20
70734852,LL22148101M,9.82091E+14,1707,2022/12/14 8:23,257,0,50500,117
70739179,LL22133202M,699b78b7-0c70-4ae2-ab86-2d616dd829b8,1707,2022/12/14 8:30,418,0,71500,349
70732905,LL22141101M,9.82091E+14,1707,2022/12/14 8:37,536,0,63000,357
70734876,LL22153804M,9.82091E+14,1707,2022/12/14 8:46,724,0,64500,470
70734119,LL22150501M,9.82091E+14,1707,2022/12/14 8:58,443,0,57000,233
70739142,LL22150005M,9.82091E+14,1707,2022/12/14 9:05,739,0,53000,273
70734891,LL22149402M,9.82091E+14,1707,2022/12/14 9:18,402,0,57000,298
70732905,LL22141101M,9.82091E+14,1707,2022/12/14 9:25,20,0,,14
70734154,LL22150506M,9.82091E+14,1707,2022/12/14 9:25,90,0,66000,77
70734891,LL22149402M,9.82091E+14,1707,2022/12/14 9:27,231,0,57500,139
70734162,LL22150204M,9.82091E+14,1707,2022/12/14 9:31,365,0,50500,185
70734852,LL22148101M,9.82091E+14,1707,2022/12/14 9:37,1206,0,51000,453
70721340,LL22144904M,9.82091E+14,1707,2022/12/14 9:57,281,0,72500,298
70734848,LL22148404M,9.82091E+14,1707,2022/12/14 10:02,488,0,62500,355
70721340,LL22144904M,9.82091E+14,1707,2022/12/14 10:11,103,0,72000,110
70739179,LL22133202M,699b78b7-0c70-4ae2-ab86-2d616dd829b8,1707,2022/12/14 10:14,243,0,74000,152
70739142,LL22150005M,9.82091E+14,1707,2022/12/14 10:18,203,0,53000,60
70734891,LL22149402M,9.82091E+14,1707,2022/12/14 10:22,92,0,57500,15
70739142,LL22150005M,9.82091E+14,1707,2022/12/14 10:24,29,0,,6
70734162,LL22150204M,9.82091E+14,1707,2022/12/14 10:25,97,0,50500,42
70739142,LL22150005M,9.82091E+14,1707,2022/12/14 10:33,34,0,,7
70734876,LL22153804M,9.82091E+14,1707,2022/12/14 10:34,596,0,65500,393
70734891,LL22149402M,9.82091E+14,1707,2022/12/14 10:44,365,0,57500,212
70734154,LL22150506M,9.82091E+14,1707,2022/12/14 10:50,369,0,66000,320
70732905,LL22141101M,9.82091E+14,1707,2022/12/14 10:57,460,0,64000,343
70734154,LL22150506M,9.82091E+14,1707,2022/12/14 11:09,159,0,67000,123
70734848,LL22148404M,9.82091E+14,1707,2022/12/14 11:18,386,0,62500,274
70739142,LL22150005M,9.82091E+14,1707,2022/12/14 11:25,73,0,52500,22
70734119,LL22150501M,9.82091E+14,1707,2022/12/14 11:26,785,0,57500,370
70739142,LL22150005M,9.82091E+14,1707,2022/12/14 11:42,98,0,53500,47
70734119,LL22150501M,9.82091E+14,1707,2022/12/14 11:43,26,0,,29
70721340,LL22144904M,9.82091E+14,1707,2022/12/14 11:45,75,0,71500,77
70739142,LL22150005M,9.82091E+14,1707,2022/12/14 11:47,35,0,,21
70734119,LL22150501M,9.82091E+14,1707,2022/12/14 11:49,19,0,,20
70734891,LL22149402M,9.82091E+14,1707,2022/12/14 11:51,61,0,58000,13
70739142,LL22150005M,9.82091E+14,1707,2022/12/14 11:55,200,0,53000,63
70739179,LL22133202M,699b78b7-0c70-4ae2-ab86-2d616dd829b8,1707,2022/12/14 11:59,404,0,73500,445
70739142,LL22150005M,9.82091E+14,1707,2022/12/14 12:08,17,0,,4
70734119,LL22150501M,9.82091E+14,1707,2022/12/14 12:09,36,0,,28
70734891,LL22149402M,9.82091E+14,1707,2022/12/14 12:12,54,0,,16
70734119,LL22150501M,9.82091E+14,1707,2022/12/14 12:16,71,0,56750,33
70739142,LL22150005M,9.82091E+14,1707,2022/12/14 12:18,101,0,53000,41
70734119,LL22150501M,9.82091E+14,1707,2022/12/14 12:20,42,0,,24
70739142,LL22150005M,9.82091E+14,1707,2022/12/14 12:31,45,0,,6
70734119,LL22150501M,9.82091E+14,1707,2022/12/14 12:33,107,0,58000,46
70734119,LL22150501M,9.82091E+14,1707,2022/12/14 12:43,36,0,,15
70734891,LL22149402M,9.82091E+14,1707,2022/12/14 12:44,121,0,58500,1
70734162,LL22150204M,9.82091E+14,1707,2022/12/14 12:46,653,0,51500,500
70734119,LL22150501M,9.82091E+14,1707,2022/12/14 12:57,77,0,59000,48
70734891,LL22149402M,9.82091E+14,1707,2022/12/14 13:05,58,0,,6
70734848,LL22148404M,9.82091E+14,1707,2022/12/14 13:08,301,0,63000,235
70734891,LL22149402M,9.82091E+14,1707,2022/12/14 13:13,122,0,58000,2
70734162,LL22150204M,9.82091E+14,1707,2022/12/14 13:15,62,0,51250,44
70734852,LL22148101M,9.82091E+14,1707,2022/12/14 13:17,1061,0,51000,473
70721340,LL22144904M,9.82091E+14,1707,2022/12/14 13:36,410,0,73000,434
70739142,LL22150005M,9.82091E+14,1707,2022/12/14 13:43,107,0,53000,37
70734891,LL22149402M,9.82091E+14,1707,2022/12/14 13:45,864,0,57500,568
70734876,LL22153804M,9.82091E+14,1707,2022/12/14 14:05,465,0,65500,318
70734162,LL22150204M,9.82091E+14,1707,2022/12/14 14:13,200,0,51000,112
70739142,LL22150005M,9.82091E+14,1707,2022/12/14 14:18,488,0,53000,205
70721340,LL22144904M,9.82091E+14,1707,2022/12/14 14:30,103,0,71750,85
70739142,LL22150005M,9.82091E+14,1707,2022/12/14 14:33,29,0,,11
70734154,LL22150506M,9.82091E+14,1707,2022/12/14 14:41,876,0,66500,560
70734162,LL22150204M,9.82091E+14,1707,2022/12/14 14:56,62,0,51500,31
70721340,LL22144904M,9.82091E+14,1707,2022/12/14 14:57,29,0,,6
70734852,LL22148101M,9.82091E+14,1707,2022/12/14 14:58,610,0,50500,316
70734119,LL22150501M,9.82091E+14,1707,2022/12/14 15:12,255,0,57500,132
70734119,LL22150501M,9.82091E+14,1707,2022/12/14 15:18,314,0,56000,137
70734852,LL22148101M,9.82091E+14,1707,2022/12/14 15:24,25,0,,10
70734119,LL22150501M,9.82091E+14,1707,2022/12/14 15:25,87,0,55500,61
70721340,LL22144904M,9.82091E+14,1707,2022/12/14 15:32,272,0,72500,286
70734119,LL22150501M,9.82091E+14,1707,2022/12/14 15:37,138,0,59000,93
70734119,LL22150501M,9.82091E+14,1707,2022/12/14 15:43,203,0,59000,68
70721340,LL22144904M,9.82091E+14,1707,2022/12/14 15:54,161,0,72500,169
70734848,LL22148404M,9.82091E+14,1707,2022/12/14 15:58,80,0,63000,69
70734119,LL22150501M,9.82091E+14,1707,2022/12/14 15:59,116,0,58000,80
70734848,LL22148404M,9.82091E+14,1707,2022/12/14 16:03,51,0,,4
70734119,LL22150501M,9.82091E+14,1707,2022/12/14 16:04,31,0,,24
70734119,LL22150501M,9.82091E+14,1707,2022/12/14 16:15,32,0,,15
70734119,LL22150501M,9.82091E+14,1707,2022/12/14 16:32,37,0,,23
70734119,LL22150501M,9.82091E+14,1707,2022/12/14 16:38,14,0,,9
70734876,LL22153804M,9.82091E+14,1707,2022/12/14 16:46,596,0,65500,385
70734852,LL22148101M,9.82091E+14,1707,2022/12/14 16:56,227,0,51500,93
70734119,LL22150501M,9.82091E+14,1707,2022/12/14 17:00,28,0,,42
70739179,LL22133202M,699b78b7-0c70-4ae2-ab86-2d616dd829b8,1707,2022/12/14 17:01,519,0,74000,441
70734876,LL22153804M,9.82091E+14,1707,2022/12/14 17:11,377,0,65000,270
70739142,LL22150005M,9.82091E+14,1707,2022/12/14 17:18,61,0,53000,35
70734119,LL22150501M,9.82091E+14,1707,2022/12/14 17:19,11,0,,4
70734852,LL22148101M,9.82091E+14,1707,2022/12/14 17:20,371,0,52500,194
70734876,LL22153804M,9.82091E+14,1707,2022/12/14 17:26,116,0,67000,83
70734852,LL22148101M,9.82091E+14,1707,2022/12/14 17:28,110,0,52500,42
70721340,LL22144904M,9.82091E+14,1707,2022/12/14 17:32,223,0,73000,205
70734848,LL22148404M,9.82091E+14,1707,2022/12/14 17:39,409,0,62500,363
70721340,LL22144904M,9.82091E+14,1707,2022/12/14 18:12,174,0,74500,181
70734119,LL22150501M,9.82091E+14,1707,2022/12/14 18:21,324,0,59000,148
70734154,LL22150506M,9.82091E+14,1707,2022/12/14 18:28,24,0,,30
70734876,LL22153804M,9.82091E+14,1707,2022/12/14 18:44,139,0,68000,87
70734876,LL22153804M,9.82091E+14,1707,2022/12/14 19:07,46,0,,17
70721340,LL22144904M,9.82091E+14,1707,2022/12/14 19:08,187,0,75000,181
70734891,LL22149402M,9.82091E+14,1707,2022/12/14 19:18,419,0,58500,322
70734162,LL22150204M,9.82091E+14,1707,2022/12/14 19:28,183,0,50500,120
70739142,LL22150005M,9.82091E+14,1707,2022/12/14 20:06,649,0,53000,326
70721340,LL22144904M,9.82091E+14,1707,2022/12/14 20:35,206,0,74000,175
70734848,LL22148404M,9.82091E+14,1707,2022/12/14 21:01,74,0,64500,48
70734154,LL22150506M,9.82091E+14,1707,2022/12/14 21:11,120,0,66000,78
70734119,LL22150501M,9.82091E+14,1707,2022/12/14 21:13,544,0,58000,270
70734154,LL22150506M,9.82091E+14,1707,2022/12/14 21:23,216,0,66500,150
70734154,LL22150506M,9.82091E+14,1707,2022/12/14 21:30,47,0,,28
70734891,LL22149402M,9.82091E+14,1707,2022/12/14 21:46,332,0,58000,267
70734162,LL22150204M,9.82091E+14,1707,2022/12/14 22:56,393,0,51500,190
70739179,LL22133202M,699b78b7-0c70-4ae2-ab86-2d616dd829b8,1707,2022/12/14 23:19,495,0,73500,458
70732905,LL22141101M,9.82091E+14,1707,2022/12/15 0:15,896,0,62500,543
70734848,LL22148404M,9.82091E+14,1707,2022/12/15 0:58,407,0,63500,312
70721340,LL22144904M,9.82091E+14,1707,2022/12/15 1:28,395,0,76000,416
70734852,LL22148101M,9.82091E+14,1707,2022/12/15 1:39,469,0,52500,205
70739142,LL22150005M,9.82091E+14,1707,2022/12/15 1:47,462,0,53500,232
70734848,LL22148404M,9.82091E+14,1707,2022/12/15 1:57,44,0,,22
70734162,LL22150204M,9.82091E+14,1707,2022/12/15 2:08,149,0,51500,107
70721340,LL22144904M,9.82091E+14,1707,2022/12/15 2:15,227,0,75000,234
70734876,LL22153804M,9.82091E+14,1707,2022/12/15 2:35,558,0,67000,347
70732905,LL22141101M,9.82091E+14,1707,2022/12/15 2:52,556,0,62500,400
70739179,LL22133202M,699b78b7-0c70-4ae2-ab86-2d616dd829b8,1707,2022/12/15 3:34,547,0,74000,529
70734162,LL22150204M,9.82091E+14,1707,2022/12/15 3:44,235,0,51500,162
70734852,LL22148101M,9.82091E+14,1707,2022/12/15 3:50,705,0,52500,314
70734154,LL22150506M,9.82091E+14,1707,2022/12/15 4:02,360,0,66000,161
70739142,LL22150005M,9.82091E+14,1707,2022/12/15 4:08,513,0,54000,212
70734154,LL22150506M,9.82091E+14,1707,2022/12/15 4:17,139,0,66500,114
70734154,LL22150506M,9.82091E+14,1707,2022/12/15 4:23,67,0,66000,41
70734848,LL22148404M,9.82091E+14,1707,2022/12/15 4:41,393,0,63500,309
70732905,LL22141101M,9.82091E+14,1707,2022/12/15 5:59,177,0,62500,86
70721340,LL22144904M,9.82091E+14,1707,2022/12/15 6:03,234,0,74000,228
70734119,LL22150501M,9.82091E+14,1707,2022/12/15 6:07,673,0,58500,353
70734891,LL22149402M,9.82091E+14,1707,2022/12/15 6:18,682,0,58000,435
70734119,LL22150501M,9.82091E+14,1707,2022/12/15 6:30,118,0,58500,55
70734154,LL22150506M,9.82091E+14,1707,2022/12/15 6:32,246,0,66500,115
70739142,LL22150005M,9.82091E+14,1707,2022/12/15 6:37,267,0,53500,107
70739179,LL22133202M,699b78b7-0c70-4ae2-ab86-2d616dd829b8,1707,2022/12/15 6:42,88,0,72500,60
70734119,LL22150501M,9.82091E+14,1707,2022/12/15 6:44,153,0,54000,98
70734848,LL22148404M,9.82091E+14,1707,2022/12/15 6:47,440,0,63500,299
70732905,LL22141101M,9.82091E+14,1707,2022/12/15 6:54,718,0,63500,531
70734162,LL22150204M,9.82091E+14,1707,2022/12/15 7:06,562,0,51000,315
70739179,LL22133202M,699b78b7-0c70-4ae2-ab86-2d616dd829b8,1707,2022/12/15 7:16,475,0,73500,368
70739142,LL22150005M,9.82091E+14,1707,2022/12/15 7:24,593,0,53500,213
70734154,LL22150506M,9.82091E+14,1707,2022/12/15 7:34,242,0,66000,131
70721340,LL22144904M,9.82091E+14,1707,2022/12/15 7:40,231,0,74000,193
70734162,LL22150204M,9.82091E+14,1707,2022/12/15 7:45,83,0,51000,58
70734876,LL22153804M,9.82091E+14,1707,2022/12/15 8:24,956,0,66000,602
70734119,LL22150501M,9.82091E+14,1707,2022/12/15 8:41,80,0,59000,38
70739142,LL22150005M,9.82091E+14,1707,2022/12/15 8:43,659,0,54000,265
70734852,LL22148101M,9.82091E+14,1707,2022/12/15 8:54,1112,0,52500,359
70734119,LL22150501M,9.82091E+14,1707,2022/12/15 9:12,105,0,58500,62
70734848,LL22148404M,9.82091E+14,1707,2022/12/15 9:14,126,0,63000,58
70734154,LL22150506M,9.82091E+14,1707,2022/12/15 9:16,20,0,,25
70732905,LL22141101M,9.82091E+14,1707,2022/12/15 9:17,27,0,,19
70734848,LL22148404M,9.82091E+14,1707,2022/12/15 9:17,500,0,63000,342
70739179,LL22133202M,699b78b7-0c70-4ae2-ab86-2d616dd829b8,1707,2022/12/15 9:26,542,0,74000,468
70734119,LL22150501M,9.82091E+14,1707,2022/12/15 9:35,155,0,58500,89
70721340,LL22144904M,9.82091E+14,1707,2022/12/15 9:38,321,0,73000,359
70734154,LL22150506M,9.82091E+14,1707,2022/12/15 9:43,470,0,67000,344
70734119,LL22150501M,9.82091E+14,1707,2022/12/15 9:51,419,0,58500,231
70732905,LL22141101M,9.82091E+14,1707,2022/12/15 9:58,700,0,65000,487
70734162,LL22150204M,9.82091E+14,1707,2022/12/15 10:10,108,0,51000,90
70734876,LL22153804M,9.82091E+14,1707,2022/12/15 10:12,263,0,65500,200
70734154,LL22150506M,9.82091E+14,1707,2022/12/15 10:17,93,0,67500,100
70734162,LL22150204M,9.82091E+14,1707,2022/12/15 10:18,319,0,51500,173
70734891,LL22149402M,9.82091E+14,1707,2022/12/15 10:24,1053,0,58000,708
70739142,LL22150005M,9.82091E+14,1707,2022/12/15 10:42,357,0,54000,116
70739142,LL22150005M,9.82091E+14,1707,2022/12/15 10:50,67,0,54000,16
70739142,LL22150005M,9.82091E+14,1707,2022/12/15 10:54,25,0,,8
70734154,LL22150506M,9.82091E+14,1707,2022/12/15 11:00,305,0,67500,139
70739142,LL22150005M,9.82091E+14,1707,2022/12/15 11:17,41,0,,13
70732905,LL22141101M,9.82091E+14,1707,2022/12/15 11:24,445,0,65000,296
70739142,LL22150005M,9.82091E+14,1707,2022/12/15 11:32,448,0,54000,177
70734162,LL22150204M,9.82091E+14,1707,2022/12/15 12:39,479,0,51000,344
70721340,LL22144904M,9.82091E+14,1707,2022/12/15 12:47,513,0,74500,492
70739142,LL22150005M,9.82091E+14,1707,2022/12/15 12:56,567,0,54000,201
70734876,LL22153804M,9.82091E+14,1707,2022/12/15 13:06,367,0,66500,239
70734852,LL22148101M,9.82091E+14,1707,2022/12/15 13:12,419,0,53000,167
70739179,LL22133202M,699b78b7-0c70-4ae2-ab86-2d616dd829b8,1707,2022/12/15 13:19,677,0,75250,690
70734119,LL22150501M,9.82091E+14,1707,2022/12/15 13:30,576,0,59000,268
70734848,LL22148404M,9.82091E+14,1707,2022/12/15 13:40,585,0,63000,486
70734162,LL22150204M,9.82091E+14,1707,2022/12/15 13:50,410,0,51500,260
70734119,LL22150501M,9.82091E+14,1707,2022/12/15 13:58,224,0,58750,122
70734852,LL22148101M,9.82091E+14,1707,2022/12/15 14:02,795,0,52000,346
70734852,LL22148101M,9.82091E+14,1707,2022/12/15 14:18,52,0,,4
70734891,LL22149402M,9.82091E+14,1707,2022/12/15 14:22,789,0,58000,523
70734119,LL22150501M,9.82091E+14,1707,2022/12/15 14:35,103,0,59000,56
70734119,LL22150501M,9.82091E+14,1707,2022/12/15 14:45,191,0,59500,87
70734119,LL22150501M,9.82091E+14,1707,2022/12/15 14:51,100,0,60000,46
70734162,LL22150204M,9.82091E+14,1707,2022/12/15 14:54,301,0,51500,236
70734119,LL22150501M,9.82091E+14,1707,2022/12/15 14:59,139,0,59750,84
70734848,LL22148404M,9.82091E+14,1707,2022/12/15 15:01,24,0,,18
70734852,LL22148101M,9.82091E+14,1707,2022/12/15 15:02,104,0,53000,29
70739142,LL22150005M,9.82091E+14,1707,2022/12/15 15:04,179,0,54000,52
70734119,LL22150501M,9.82091E+14,1707,2022/12/15 15:07,20,0,,17
70721340,LL22144904M,9.82091E+14,1707,2022/12/15 15:08,378,0,74500,381
70734154,LL22150506M,9.82091E+14,1707,2022/12/15 15:14,900,0,67500,610
70734876,LL22153804M,9.82091E+14,1707,2022/12/15 15:29,969,0,67000,606
70734852,LL22148101M,9.82091E+14,1707,2022/12/15 15:47,36,0,,28
70734154,LL22150506M,9.82091E+14,1707,2022/12/15 15:47,37,0,,33
70732905,LL22141101M,9.82091E+14,1707,2022/12/15 15:50,225,0,64000,138
70734852,LL22148101M,9.82091E+14,1707,2022/12/15 15:54,125,0,52500,56
70739142,LL22150005M,9.82091E+14,1707,2022/12/15 16:05,114,0,53500,50
70734852,LL22148101M,9.82091E+14,1707,2022/12/15 16:14,48,0,,7
70739142,LL22150005M,9.82091E+14,1707,2022/12/15 16:14,24,0,,19
70734852,LL22148101M,9.82091E+14,1707,2022/12/15 16:18,50,0,,24
70734876,LL22153804M,9.82091E+14,1707,2022/12/15 16:23,342,0,67000,160
70734119,LL22150501M,9.82091E+14,1707,2022/12/15 16:29,88,0,60000,66
70734848,LL22148404M,9.82091E+14,1707,2022/12/15 16:31,49,0,,35
70721340,LL22144904M,9.82091E+14,1707,2022/12/15 16:44,229,0,73500,259
70734848,LL22148404M,9.82091E+14,1707,2022/12/15 16:49,216,0,63500,197
70739179,LL22133202M,699b78b7-0c70-4ae2-ab86-2d616dd829b8,1707,2022/12/15 16:59,450,0,75000,368
70734876,LL22153804M,9.82091E+14,1707,2022/12/15 17:06,19,0,,8
70734162,LL22150204M,9.82091E+14,1707,2022/12/15 17:19,46,0,,8
70721340,LL22144904M,9.82091E+14,1707,2022/12/15 17:20,59,0,,49
70734119,LL22150501M,9.82091E+14,1707,2022/12/15 17:31,439,0,58500,222
70721340,LL22144904M,9.82091E+14,1707,2022/12/15 18:02,120,0,74500,93
70734848,LL22148404M,9.82091E+14,1707,2022/12/15 19:05,289,0,64000,283
70734876,LL22153804M,9.82091E+14,1707,2022/12/15 19:10,147,0,67500,60
70734876,LL22153804M,9.82091E+14,1707,2022/12/15 20:06,599,0,67000,399
70721340,LL22144904M,9.82091E+14,1707,2022/12/15 20:17,455,0,75000,411
70721340,LL22144904M,9.82091E+14,1707,2022/12/15 20:26,47,0,,7
70739142,LL22150005M,9.82091E+14,1707,2022/12/15 20:31,376,0,53500,190
70734852,LL22148101M,9.82091E+14,1707,2022/12/15 20:46,427,0,52500,189
70734891,LL22149402M,9.82091E+14,1707,2022/12/15 21:37,401,0,58500,274
70734119,LL22150501M,9.82091E+14,1707,2022/12/15 21:44,838,0,55500,394
70734848,LL22148404M,9.82091E+14,1707,2022/12/15 22:00,406,0,64500,318
70721340,LL22144904M,9.82091E+14,1707,2022/12/15 22:07,155,0,75000,159
70734162,LL22150204M,9.82091E+14,1707,2022/12/15 22:11,94,0,52000,59
70732905,LL22141101M,9.82091E+14,1707,2022/12/15 22:21,607,0,63500,351
70734154,LL22150506M,9.82091E+14,1707,2022/12/15 23:20,408,0,68000,176
70734154,LL22150506M,9.82091E+14,1707,2022/12/15 23:31,158,0,67500,117
70739179,LL22133202M,699b78b7-0c70-4ae2-ab86-2d616dd829b8,1707,2022/12/15 23:35,352,0,73000,386
70734162,LL22150204M,9.82091E+14,1707,2022/12/16 0:24,340,0,52000,242
70734876,LL22153804M,9.82091E+14,1707,2022/12/16 0:40,231,0,68500,128
70734852,LL22148101M,9.82091E+14,1707,2022/12/16 1:01,481,0,52000,208
70732905,LL22141101M,9.82091E+14,1707,2022/12/16 1:38,652,0,63500,376
70739142,LL22150005M,9.82091E+14,1707,2022/12/16 1:49,916,0,53500,361
70739142,LL22150005M,9.82091E+14,1707,2022/12/16 2:10,71,0,53500,16
70721340,LL22144904M,9.82091E+14,1707,2022/12/16 2:17,363,0,75000,398
70734162,LL22150204M,9.82091E+14,1707,2022/12/16 3:41,106,0,52000,73
70739179,LL22133202M,699b78b7-0c70-4ae2-ab86-2d616dd829b8,1707,2022/12/16 3:45,575,0,74500,482
70734891,LL22149402M,9.82091E+14,1707,2022/12/16 3:56,765,0,57500,467
70732905,LL22141101M,9.82091E+14,1707,2022/12/16 4:09,687,0,64000,369
70734154,LL22150506M,9.82091E+14,1707,2022/12/16 4:21,651,0,66500,288
70734162,LL22150204M,9.82091E+14,1707,2022/12/16 4:34,135,0,51500,88
70721340,LL22144904M,9.82091E+14,1707,2022/12/16 5:24,274,0,74500,236
70739142,LL22150005M,9.82091E+14,1707,2022/12/16 5:29,263,0,54000,100
70734119,LL22150501M,9.82091E+14,1707,2022/12/16 5:34,317,0,59000,140
70739142,LL22150005M,9.82091E+14,1707,2022/12/16 5:40,287,0,54000,144
70734848,LL22148404M,9.82091E+14,1707,2022/12/16 5:44,702,0,63000,535
70739142,LL22150005M,9.82091E+14,1707,2022/12/16 5:56,25,0,,9
70732905,LL22141101M,9.82091E+14,1707,2022/12/16 6:00,740,0,64000,475
70739142,LL22150005M,9.82091E+14,1707,2022/12/16 6:12,75,0,54000,36
70734119,LL22150501M,9.82091E+14,1707,2022/12/16 6:15,370,0,59000,171
70739179,LL22133202M,699b78b7-0c70-4ae2-ab86-2d616dd829b8,1707,2022/12/16 6:23,577,0,74500,461
70734852,LL22148101M,9.82091E+14,1707,2022/12/16 6:33,826,0,50500,313
70734162,LL22150204M,9.82091E+14,1707,2022/12/16 6:48,513,0,52000,250
70734876,LL22153804M,9.82091E+14,1707,2022/12/16 6:57,928,0,67000,568
70734154,LL22150506M,9.82091E+14,1707,2022/12/16 7:13,428,0,67500,210
70734891,LL22149402M,9.82091E+14,1707,2022/12/16 7:21,794,0,57500,481
70734154,LL22150506M,9.82091E+14,1707,2022/12/16 7:35,305,0,67000,169
70734162,LL22150204M,9.82091E+14,1707,2022/12/16 7:40,224,0,51000,133
70734891,LL22149402M,9.82091E+14,1707,2022/12/16 7:44,222,0,57000,148
70734119,LL22150501M,9.82091E+14,1707,2022/12/16 7:48,481,0,59000,214
70721340,LL22144904M,9.82091E+14,1707,2022/12/16 7:57,402,0,74000,364
70734119,LL22150501M,9.82091E+14,1707,2022/12/16 8:03,344,0,59500,136
70739142,LL22150005M,9.82091E+14,1707,2022/12/16 8:09,818,0,53500,334
70739142,LL22150005M,9.82091E+14,1707,2022/12/16 8:25,47,0,,10
70734848,LL22148404M,9.82091E+14,1707,2022/12/16 8:26,434,0,63500,306
70732905,LL22141101M,9.82091E+14,1707,2022/12/16 8:33,236,0,64250,160
70734848,LL22148404M,9.82091E+14,1707,2022/12/16 8:38,20,0,,1
70734852,LL22148101M,9.82091E+14,1707,2022/12/16 8:38,511,0,51000,188
70739179,LL22133202M,699b78b7-0c70-4ae2-ab86-2d616dd829b8,1707,2022/12/16 8:47,553,0,76000,440
70732905,LL22141101M,9.82091E+14,1707,2022/12/16 9:01,711,0,65000,335
70739179,LL22133202M,699b78b7-0c70-4ae2-ab86-2d616dd829b8,1707,2022/12/16 9:15,555,0,76500,428
70721340,LL22144904M,9.82091E+14,1707,2022/12/16 9:34,217,0,74500,150
70734154,LL22150506M,9.82091E+14,1707,2022/12/16 9:38,745,0,67500,471
70734154,LL22150506M,9.82091E+14,1707,2022/12/16 9:54,76,0,68000,50
70732905,LL22141101M,9.82091E+14,1707,2022/12/16 10:12,370,0,65000,182
70734154,LL22150506M,9.82091E+14,1707,2022/12/16 10:19,74,0,67000,47
70734154,LL22150506M,9.82091E+14,1707,2022/12/16 10:22,108,0,68000,72
70734154,LL22150506M,9.82091E+14,1707,2022/12/16 10:26,42,0,,27
70734848,LL22148404M,9.82091E+14,1707,2022/12/16 10:28,170,0,65000,101
70734119,LL22150501M,9.82091E+14,1707,2022/12/16 10:32,111,0,60000,69
70739142,LL22150005M,9.82091E+14,1707,2022/12/16 10:38,72,0,54000,31
70734162,LL22150204M,9.82091E+14,1707,2022/12/16 10:39,643,0,52000,298
70739142,LL22150005M,9.82091E+14,1707,2022/12/16 10:50,386,0,54500,196
70734876,LL22153804M,9.82091E+14,1707,2022/12/16 10:57,704,0,65500,433
70734876,LL22153804M,9.82091E+14,1707,2022/12/16 11:10,197,0,67000,114
70734162,LL22150204M,9.82091E+14,1707,2022/12/16 11:14,222,0,52500,119
70739179,LL22133202M,699b78b7-0c70-4ae2-ab86-2d616dd829b8,1707,2022/12/16 11:18,294,0,77000,238
70734154,LL22150506M,9.82091E+14,1707,2022/12/16 11:23,127,0,68500,71
70739142,LL22150005M,9.82091E+14,1707,2022/12/16 11:25,355,0,54000,150
70721340,LL22144904M,9.82091E+14,1707,2022/12/16 11:32,276,0,73500,256
70734852,LL22148101M,9.82091E+14,1707,2022/12/16 11:36,1195,0,52000,561
70734119,LL22150501M,9.82091E+14,1707,2022/12/16 11:58,514,0,60000,204
70732905,LL22141101M,9.82091E+14,1707,2022/12/16 12:06,337,0,66000,228
70734848,LL22148404M,9.82091E+14,1707,2022/12/16 12:12,599,0,64500,391
70734119,LL22150501M,9.82091E+14,1707,2022/12/16 12:22,354,0,59500,170
70734876,LL22153804M,9.82091E+14,1707,2022/12/16 12:28,328,0,68500,238
70734891,LL22149402M,9.82091E+14,1707,2022/12/16 12:34,946,0,59000,638
70721340,LL22144904M,9.82091E+14,1707,2022/12/16 12:50,473,0,74000,455
70739142,LL22150005M,9.82091E+14,1707,2022/12/16 12:58,120,0,55000,58
70734119,LL22150501M,9.82091E+14,1707,2022/12/16 13:00,299,0,60750,89
70734876,LL22153804M,9.82091E+14,1707,2022/12/16 13:06,199,0,67500,130
70734891,LL22149402M,9.82091E+14,1707,2022/12/16 13:09,17,0,,2
70734852,LL22148101M,9.82091E+14,1707,2022/12/16 13:12,49,0,,16
70734162,LL22150204M,9.82091E+14,1707,2022/12/16 13:13,463,0,52500,294
70734852,LL22148101M,9.82091E+14,1707,2022/12/16 13:39,124,0,53000,13
70734848,LL22148404M,9.82091E+14,1707,2022/12/16 13:41,20,0,,12
70734876,LL22153804M,9.82091E+14,1707,2022/12/16 13:44,43,0,,4
70734852,LL22148101M,9.82091E+14,1707,2022/12/16 13:46,105,0,53000,13
70739179,LL22133202M,699b78b7-0c70-4ae2-ab86-2d616dd829b8,1707,2022/12/16 13:48,535,0,77500,408
70734119,LL22150501M,9.82091E+14,1707,2022/12/16 14:01,62,0,60500,34
70734119,LL22150501M,9.82091E+14,1707,2022/12/16 14:04,96,0,61500,25
70734891,LL22149402M,9.82091E+14,1707,2022/12/16 14:07,470,0,59500,267
70734119,LL22150501M,9.82091E+14,1707,2022/12/16 14:16,17,0,,10
70734852,LL22148101M,9.82091E+14,1707,2022/12/16 14:20,664,0,53000,315
70739142,LL22150005M,9.82091E+14,1707,2022/12/16 14:32,292,0,54500,111
70734162,LL22150204M,9.82091E+14,1707,2022/12/16 14:37,227,0,53000,140
70734119,LL22150501M,9.82091E+14,1707,2022/12/16 14:40,23,0,,17
70734119,LL22150501M,9.82091E+14,1707,2022/12/16 14:47,39,0,,16
70734119,LL22150501M,9.82091E+14,1707,2022/12/16 14:54,51,0,,4
70739142,LL22150005M,9.82091E+14,1707,2022/12/16 14:55,352,0,54500,152
70734119,LL22150501M,9.82091E+14,1707,2022/12/16 15:01,25,0,,23
70734119,LL22150501M,9.82091E+14,1707,2022/12/16 15:04,41,0,,25
70732905,LL22141101M,9.82091E+14,1707,2022/12/16 15:28,232,0,66000,91
70721340,LL22144904M,9.82091E+14,1707,2022/12/16 15:32,185,0,74000,221
70734154,LL22150506M,9.82091E+14,1707,2022/12/16 15:35,784,0,69000,611
70734119,LL22150501M,9.82091E+14,1707,2022/12/16 15:48,355,0,60500,186
70734876,LL22153804M,9.82091E+14,1707,2022/12/16 15:55,518,0,69500,352
70734119,LL22150501M,9.82091E+14,1707,2022/12/16 16:04,23,0,,27
70734848,LL22148404M,9.82091E+14,1707,2022/12/16 16:04,616,0,65500,498
70734119,LL22150501M,9.82091E+14,1707,2022/12/16 16:15,203,0,61500,107
70721340,LL22144904M,9.82091E+14,1707,2022/12/16 16:18,422,0,74500,382
70734876,LL22153804M,9.82091E+14,1707,2022/12/16 17:03,538,0,69500,344
70721340,LL22144904M,9.82091E+14,1707,2022/12/16 17:30,106,0,75500,59
70734162,LL22150204M,9.82091E+14,1707,2022/12/16 17:45,32,0,,1
70734852,LL22148101M,9.82091E+14,1707,2022/12/16 17:46,522,0,54000,211
70732905,LL22141101M,9.82091E+14,1707,2022/12/16 17:54,356,0,65500,194
70734154,LL22150506M,9.82091E+14,1707,2022/12/16 18:03,182,0,69250,100
70734154,LL22150506M,9.82091E+14,1707,2022/12/16 18:08,42,0,,11
70721340,LL22144904M,9.82091E+14,1707,2022/12/16 18:28,331,0,75000,327
70734876,LL22153804M,9.82091E+14,1707,2022/12/16 18:59,35,0,,10
70734162,LL22150204M,9.82091E+14,1707,2022/12/16 19:02,256,0,53500,146
70734848,LL22148404M,9.82091E+14,1707,2022/12/16 19:07,25,0,,12
70739179,LL22133202M,699b78b7-0c70-4ae2-ab86-2d616dd829b8,1707,2022/12/16 19:08,382,0,76500,139
70734876,LL22153804M,9.82091E+14,1707,2022/12/16 19:17,228,0,69000,156
70739179,LL22133202M,699b78b7-0c70-4ae2-ab86-2d616dd829b8,1707,2022/12/16 19:52,374,0,76000,304
70734876,LL22153804M,9.82091E+14,1707,2022/12/16 20:10,255,0,69000,163
70734848,LL22148404M,9.82091E+14,1707,2022/12/16 20:51,344,0,65000,279
70739142,LL22150005M,9.82091E+14,1707,2022/12/16 20:59,356,0,54000,163
70734119,LL22150501M,9.82091E+14,1707,2022/12/16 21:07,56,0,,21
70734891,LL22149402M,9.82091E+14,1707,2022/12/16 21:16,145,0,60000,83
70734876,LL22153804M,9.82091E+14,1707,2022/12/16 21:21,63,0,68750,29
70734119,LL22150501M,9.82091E+14,1707,2022/12/16 21:22,345,0,61000,180
70734154,LL22150506M,9.82091E+14,1707,2022/12/16 21:30,31,0,,24
70734852,LL22148101M,9.82091E+14,1707,2022/12/16 21:34,57,0,,25
70734848,LL22148404M,9.82091E+14,1707,2022/12/16 21:38,71,0,64000,55
70721340,LL22144904M,9.82091E+14,1707,2022/12/16 21:40,344,0,75000,351
70734852,LL22148101M,9.82091E+14,1707,2022/12/16 22:21,336,0,53000,155
70734119,LL22150501M,9.82091E+14,1707,2022/12/16 22:54,36,0,,29
70734162,LL22150204M,9.82091E+14,1707,2022/12/16 23:46,278,0,53500,219
70734154,LL22150506M,9.82091E+14,1707,2022/12/17 0:01,373,0,68500,163
70721340,LL22144904M,9.82091E+14,1707,2022/12/17 0:12,166,0,75500,149
70739179,LL22133202M,699b78b7-0c70-4ae2-ab86-2d616dd829b8,1707,2022/12/17 0:36,368,0,76500,308
70734848,LL22148404M,9.82091E+14,1707,2022/12/17 0:46,67,0,64000,55
70734876,LL22153804M,9.82091E+14,1707,2022/12/17 1:08,472,0,68500,330
70739142,LL22150005M,9.82091E+14,1707,2022/12/17 1:18,712,0,55000,304
70732905,LL22141101M,9.82091E+14,1707,2022/12/17 1:30,720,0,65000,404
70734119,LL22150501M,9.82091E+14,1707,2022/12/17 1:42,149,0,60500,67
70734119,LL22150501M,9.82091E+14,1707,2022/12/17 3:05,123,0,60500,54
70734119,LL22150501M,9.82091E+14,1707,2022/12/17 3:15,98,0,61000,52
70721340,LL22144904M,9.82091E+14,1707,2022/12/17 3:23,212,0,75500,187
70734119,LL22150501M,9.82091E+14,1707,2022/12/17 3:28,84,0,61000,59
70734162,LL22150204M,9.82091E+14,1707,2022/12/17 3:46,248,0,53500,203
70732905,LL22141101M,9.82091E+14,1707,2022/12/17 4:12,368,0,64500,219
70739142,LL22150005M,9.82091E+14,1707,2022/12/17 4:30,498,0,54500,216
70739179,LL22133202M,699b78b7-0c70-4ae2-ab86-2d616dd829b8,1707,2022/12/17 4:38,511,0,76000,458
70734876,LL22153804M,9.82091E+14,1707,2022/12/17 4:55,356,0,68500,235
70734119,LL22150501M,9.82091E+14,1707,2022/12/17 5:01,252,0,60500,117
70734848,LL22148404M,9.82091E+14,1707,2022/12/17 5:06,364,0,64000,186
70734154,LL22150506M,9.82091E+14,1707,2022/12/17 5:12,628,0,68000,327
70734852,LL22148101M,9.82091E+14,1707,2022/12/17 5:23,662,0,53500,238
70734891,LL22149402M,9.82091E+14,1707,2022/12/17 5:34,1004,0,58500,494
70721340,LL22144904M,9.82091E+14,1707,2022/12/17 5:51,437,0,74500,342
70734162,LL22150204M,9.82091E+14,1707,2022/12/17 6:01,327,0,53000,245
70734162,LL22150204M,9.82091E+14,1707,2022/12/17 6:09,76,0,52500,34
70739142,LL22150005M,9.82091E+14,1707,2022/12/17 6:19,289,0,54500,104
70734119,LL22150501M,9.82091E+14,1707,2022/12/17 6:24,275,0,60500,131
70732905,LL22141101M,9.82091E+14,1707,2022/12/17 7:07,702,0,64000,468
70734119,LL22150501M,9.82091E+14,1707,2022/12/17 7:19,41,0,,36
70732905,LL22141101M,9.82091E+14,1707,2022/12/17 7:20,69,0,63500,29
70734848,LL22148404M,9.82091E+14,1707,2022/12/17 7:21,594,0,63000,406
70732905,LL22141101M,9.82091E+14,1707,2022/12/17 7:31,107,0,64000,56
70739179,LL22133202M,699b78b7-0c70-4ae2-ab86-2d616dd829b8,1707,2022/12/17 7:33,620,0,76500,471
70734154,LL22150506M,9.82091E+14,1707,2022/12/17 7:44,263,0,67500,139
70734876,LL22153804M,9.82091E+14,1707,2022/12/17 7:48,306,0,68000,204
70734119,LL22150501M,9.82091E+14,1707,2022/12/17 7:54,152,0,59500,86
70734852,LL22148101M,9.82091E+14,1707,2022/12/17 7:56,1146,0,53000,461
70739142,LL22150005M,9.82091E+14,1707,2022/12/17 8:15,17,0,,5
70734162,LL22150204M,9.82091E+14,1707,2022/12/17 8:16,184,0,52500,60
70721340,LL22144904M,9.82091E+14,1707,2022/12/17 8:19,359,0,73500,84
70734162,LL22150204M,9.82091E+14,1707,2022/12/17 8:26,52,0,,3
70732905,LL22141101M,9.82091E+14,1707,2022/12/17 8:28,18,0,,3
70734154,LL22150506M,9.82091E+14,1707,2022/12/17 8:28,64,0,67000,46
70734891,LL22149402M,9.82091E+14,1707,2022/12/17 8:29,625,0,58500,292
70734154,LL22150506M,9.82091E+14,1707,2022/12/17 8:40,136,0,67500,87
70734162,LL22150204M,9.82091E+14,1707,2022/12/17 8:44,14,0,,1
70732905,LL22141101M,9.82091E+14,1707,2022/12/17 8:44,17,0,,2
70721340,LL22144904M,9.82091E+14,1707,2022/12/17 8:44,143,0,74000,56
70734119,LL22150501M,9.82091E+14,1707,2022/12/17 8:48,747,0,59500,321
70739179,LL22133202M,699b78b7-0c70-4ae2-ab86-2d616dd829b8,1707,2022/12/17 9:01,170,0,74750,81
70721340,LL22144904M,9.82091E+14,1707,2022/12/17 9:05,174,0,73500,75
70734891,LL22149402M,9.82091E+14,1707,2022/12/17 9:08,61,0,58500,2
70732905,LL22141101M,9.82091E+14,1707,2022/12/17 9:12,555,0,64000,238
70734154,LL22150506M,9.82091E+14,1707,2022/12/17 9:22,272,0,68000,172
70739142,LL22150005M,9.82091E+14,1707,2022/12/17 9:28,139,0,53500,64
70734154,LL22150506M,9.82091E+14,1707,2022/12/17 9:30,55,0,,20
70732905,LL22141101M,9.82091E+14,1707,2022/12/17 9:32,31,0,,1
70734119,LL22150501M,9.82091E+14,1707,2022/12/17 9:32,68,0,59000,21
70734848,LL22148404M,9.82091E+14,1707,2022/12/17 9:34,143,0,63500,16
70734119,LL22150501M,9.82091E+14,1707,2022/12/17 9:36,22,0,,8
70739142,LL22150005M,9.82091E+14,1707,2022/12/17 9:37,685,0,54000,337
70734162,LL22150204M,9.82091E+14,1707,2022/12/17 9:48,208,0,52500,33
70739142,LL22150005M,9.82091E+14,1707,2022/12/17 9:53,50,0,,24
70721340,LL22144904M,9.82091E+14,1707,2022/12/17 9:54,200,0,74000,65
70734154,LL22150506M,9.82091E+14,1707,2022/12/17 9:57,357,0,68000,194
70734162,LL22150204M,9.82091E+14,1707,2022/12/17 10:04,459,0,52500,218
70734848,LL22148404M,9.82091E+14,1707,2022/12/17 10:12,207,0,63000,57
70734876,LL22153804M,9.82091E+14,1707,2022/12/17 10:15,485,0,67000,9
70734848,LL22148404M,9.82091E+14,1707,2022/12/17 10:25,21,0,,3
70734876,LL22153804M,9.82091E+14,1707,2022/12/17 10:25,79,0,67500,9
70734119,LL22150501M,9.82091E+14,1707,2022/12/17 10:27,64,0,59500,4
70739179,LL22133202M,699b78b7-0c70-4ae2-ab86-2d616dd829b8,1707,2022/12/17 10:28,28,0,,1
70734876,LL22153804M,9.82091E+14,1707,2022/12/17 10:29,63,0,65500,10
70734876,LL22153804M,9.82091E+14,1707,2022/12/17 10:32,108,0,66500,9
70734154,LL22150506M,9.82091E+14,1707,2022/12/17 10:34,317,0,68000,171
70734876,LL22153804M,9.82091E+14,1707,2022/12/17 10:40,424,0,67500,251
70739142,LL22150005M,9.82091E+14,1707,2022/12/17 10:48,172,0,54000,26
70732905,LL22141101M,9.82091E+14,1707,2022/12/17 10:51,359,0,64500,26
70732905,LL22141101M,9.82091E+14,1707,2022/12/17 10:59,114,0,63500,3
70739179,LL22133202M,699b78b7-0c70-4ae2-ab86-2d616dd829b8,1707,2022/12/17 11:03,627,0,74500,415
70734154,LL22150506M,9.82091E+14,1707,2022/12/17 11:20,147,0,68500,90
70734891,LL22149402M,9.82091E+14,1707,2022/12/17 11:23,477,0,58500,308
70734154,LL22150506M,9.82091E+14,1707,2022/12/17 11:31,211,0,68500,109
70734162,LL22150204M,9.82091E+14,1707,2022/12/17 11:37,154,0,52500,97
70734848,LL22148404M,9.82091E+14,1707,2022/12/17 11:40,444,0,62000,354
70739142,LL22150005M,9.82091E+14,1707,2022/12/17 11:48,328,0,54000,102
70732905,LL22141101M,9.82091E+14,1707,2022/12/17 11:53,155,0,64000,19
70734852,LL22148101M,9.82091E+14,1707,2022/12/17 11:56,597,0,53000,259
70721340,LL22144904M,9.82091E+14,1707,2022/12/17 12:06,353,0,73500,235
70739142,LL22150005M,9.82091E+14,1707,2022/12/17 12:13,94,0,54000,18
70734876,LL22153804M,9.82091E+14,1707,2022/12/17 12:14,21,0,,2
70739142,LL22150005M,9.82091E+14,1707,2022/12/17 12:15,25,0,,3
70734852,LL22148101M,9.82091E+14,1707,2022/12/17 12:16,191,0,52500,20
70734876,LL22153804M,9.82091E+14,1707,2022/12/17 12:19,583,0,67000,379
70734162,LL22150204M,9.82091E+14,1707,2022/12/17 12:29,46,0,,2
70732905,LL22141101M,9.82091E+14,1707,2022/12/17 12:30,928,0,64000,533
70734119,LL22150501M,9.82091E+14,1707,2022/12/17 12:46,1045,0,59000,471
70734852,LL22148101M,9.82091E+14,1707,2022/12/17 13:03,427,0,52500,188
70734162,LL22150204M,9.82091E+14,1707,2022/12/17 13:11,531,0,52000,290
70739142,LL22150005M,9.82091E+14,1707,2022/12/17 13:20,291,0,54000,115
70721340,LL22144904M,9.82091E+14,1707,2022/12/17 13:25,513,0,73500,465
70734891,LL22149402M,9.82091E+14,1707,2022/12/17 13:33,782,0,58500,425
70734162,LL22150204M,9.82091E+14,1707,2022/12/17 13:46,21,0,,2
70739179,LL22133202M,699b78b7-0c70-4ae2-ab86-2d616dd829b8,1707,2022/12/17 13:47,231,0,73500,115
70734876,LL22153804M,9.82091E+14,1707,2022/12/17 13:52,42,0,,7
70739142,LL22150005M,9.82091E+14,1707,2022/12/17 13:53,75,0,53500,12
70734119,LL22150501M,9.82091E+14,1707,2022/12/17 13:55,33,0,,5
70739142,LL22150005M,9.82091E+14,1707,2022/12/17 14:00,226,0,54000,69
70734876,LL22153804M,9.82091E+14,1707,2022/12/17 14:04,186,0,66500,127
70739142,LL22150005M,9.82091E+14,1707,2022/12/17 14:08,25,0,,9
70734891,LL22149402M,9.82091E+14,1707,2022/12/17 14:11,325,0,58000,137
70734154,LL22150506M,9.82091E+14,1707,2022/12/17 14:17,548,0,68500,352
70739179,LL22133202M,699b78b7-0c70-4ae2-ab86-2d616dd829b8,1707,2022/12/17 14:31,437,0,74000,249
70734891,LL22149402M,9.82091E+14,1707,2022/12/17 14:40,20,0,,1
70734119,LL22150501M,9.82091E+14,1707,2022/12/17 14:44,38,0,,28
70734119,LL22150501M,9.82091E+14,1707,2022/12/17 14:49,278,0,59500,66
70739142,LL22150005M,9.82091E+14,1707,2022/12/17 14:54,212,0,54000,64
70734154,LL22150506M,9.82091E+14,1707,2022/12/17 14:58,236,0,68500,158
70734848,LL22148404M,9.82091E+14,1707,2022/12/17 15:02,29,0,,20
70721340,LL22144904M,9.82091E+14,1707,2022/12/17 15:03,76,0,73250,53
70734119,LL22150501M,9.82091E+14,1707,2022/12/17 15:05,85,0,59000,55
70739142,LL22150005M,9.82091E+14,1707,2022/12/17 15:06,143,0,54000,31
70734119,LL22150501M,9.82091E+14,1707,2022/12/17 15:12,71,0,59500,8
70734876,LL22153804M,9.82091E+14,1707,2022/12/17 15:15,17,0,,11
70739142,LL22150005M,9.82091E+14,1707,2022/12/17 15:16,48,0,,21
70734154,LL22150506M,9.82091E+14,1707,2022/12/17 15:21,17,0,,15
70734852,LL22148101M,9.82091E+14,1707,2022/12/17 15:22,502,0,52500,231
70734119,LL22150501M,9.82091E+14,1707,2022/12/17 15:31,129,0,59000,75
70721340,LL22144904M,9.82091E+14,1707,2022/12/17 15:33,15,0,,10
70734848,LL22148404M,9.82091E+14,1707,2022/12/17 15:33,99,0,61500,68
70734119,LL22150501M,9.82091E+14,1707,2022/12/17 15:38,110,0,53500,49
70734891,LL22149402M,9.82091E+14,1707,2022/12/17 15:42,126,0,58000,2
70734119,LL22150501M,9.82091E+14,1707,2022/12/17 15:48,628,0,58000,294
70734876,LL22153804M,9.82091E+14,1707,2022/12/17 15:59,229,0,66000,132
70721340,LL22144904M,9.82091E+14,1707,2022/12/17 16:21,338,0,72500,346
70734162,LL22150204M,9.82091E+14,1707,2022/12/17 16:33,180,0,52000,101
70734154,LL22150506M,9.82091E+14,1707,2022/12/17 16:38,32,0,,22
70721340,LL22144904M,9.82091E+14,1707,2022/12/17 16:56,55,0,,25
70734852,LL22148101M,9.82091E+14,1707,2022/12/17 17:33,562,0,53000,313
70734848,LL22148404M,9.82091E+14,1707,2022/12/17 17:42,443,0,62500,277
70721340,LL22144904M,9.82091E+14,1707,2022/12/17 17:50,23,0,,4
70721340,LL22144904M,9.82091E+14,1707,2022/12/17 17:52,247,0,74000,204
70734848,LL22148404M,9.82091E+14,1707,2022/12/17 17:58,204,0,63500,156
70734119,LL22150501M,9.82091E+14,1707,2022/12/17 18:05,64,0,60500,35
70734154,LL22150506M,9.82091E+14,1707,2022/12/17 18:07,85,0,68000,35
70734876,LL22153804M,9.82091E+14,1707,2022/12/17 18:12,44,0,,11
70734876,LL22153804M,9.82091E+14,1707,2022/12/17 18:51,494,0,66500,302
70734848,LL22148404M,9.82091E+14,1707,2022/12/17 19:21,89,0,64000,56
70734852,LL22148101M,9.82091E+14,1707,2022/12/17 19:43,48,0,,18
70721340,LL22144904M,9.82091E+14,1707,2022/12/17 19:47,139,0,75500,66
70734162,LL22150204M,9.82091E+14,1707,2022/12/17 19:50,137,0,52000,51
70734162,LL22150204M,9.82091E+14,1707,2022/12/17 19:56,171,0,51500,104
70734876,LL22153804M,9.82091E+14,1707,2022/12/17 20:43,319,0,66500,160
70734876,LL22153804M,9.82091E+14,1707,2022/12/17 20:59,31,0,,8
70734119,LL22150501M,9.82091E+14,1707,2022/12/17 21:03,459,0,60500,226
70739179,LL22133202M,699b78b7-0c70-4ae2-ab86-2d616dd829b8,1707,2022/12/17 21:11,229,0,74000,86
70734119,LL22150501M,9.82091E+14,1707,2022/12/17 21:17,17,0,,8
70739179,LL22133202M,699b78b7-0c70-4ae2-ab86-2d616dd829b8,1707,2022/12/17 21:19,464,0,73000,356
70734848,LL22148404M,9.82091E+14,1707,2022/12/17 21:27,81,0,63000,48
70734162,LL22150204M,9.82091E+14,1707,2022/12/17 21:29,52,0,,14
70739142,LL22150005M,9.82091E+14,1707,2022/12/17 21:31,455,0,55000,169
70734891,LL22149402M,9.82091E+14,1707,2022/12/17 21:39,441,0,58000,219
70721340,LL22144904M,9.82091E+14,1707,2022/12/17 21:47,239,0,74000,194
70734876,LL22153804M,9.82091E+14,1707,2022/12/17 21:52,46,0,,3
70734891,LL22149402M,9.82091E+14,1707,2022/12/17 23:01,54,0,,3
70734876,LL22153804M,9.82091E+14,1707,2022/12/17 23:02,483,0,65500,304
70734848,LL22148404M,9.82091E+14,1707,2022/12/17 23:16,239,0,62500,132
70734162,LL22150204M,9.82091E+14,1707,2022/12/18 1:06,388,0,52500,291
70721340,LL22144904M,9.82091E+14,1707,2022/12/18 1:13,250,0,75000,193
70739142,LL22150005M,9.82091E+14,1707,2022/12/18 1:17,607,0,55000,160
70732905,LL22141101M,9.82091E+14,1707,2022/12/18 1:29,554,0,63500,325
70739179,LL22133202M,699b78b7-0c70-4ae2-ab86-2d616dd829b8,1707,2022/12/18 1:44,569,0,73500,524
70739142,LL22150005M,9.82091E+14,1707,2022/12/18 1:54,93,0,55500,54
70739142,LL22150005M,9.82091E+14,1707,2022/12/18 1:57,288,0,55000,76
70734848,LL22148404M,9.82091E+14,1707,2022/12/18 2:14,433,0,63000,319
70734848,LL22148404M,9.82091E+14,1707,2022/12/18 3:21,45,0,,21
70734876,LL22153804M,9.82091E+14,1707,2022/12/18 4:19,301,0,67000,210
70732905,LL22141101M,9.82091E+14,1707,2022/12/18 4:24,148,0,63000,86
70721340,LL22144904M,9.82091E+14,1707,2022/12/18 4:27,310,0,74500,246
70732905,LL22141101M,9.82091E+14,1707,2022/12/18 4:33,147,0,63500,60
70734154,LL22150506M,9.82091E+14,1707,2022/12/18 4:35,606,0,67500,272
70734852,LL22148101M,9.82091E+14,1707,2022/12/18 4:45,826,0,52000,294
70739142,LL22150005M,9.82091E+14,1707,2022/12/18 4:59,925,0,55000,370
70732905,LL22141101M,9.82091E+14,1707,2022/12/18 5:15,240,0,63000,117
70734119,LL22150501M,9.82091E+14,1707,2022/12/18 5:19,1379,0,59500,514
70734848,LL22148404M,9.82091E+14,1707,2022/12/18 5:42,411,0,63000,254
70734162,LL22150204M,9.82091E+14,1707,2022/12/18 6:06,353,0,52000,199
70739179,LL22133202M,699b78b7-0c70-4ae2-ab86-2d616dd829b8,1707,2022/12/18 6:16,594,0,73000,434
70732905,LL22141101M,9.82091E+14,1707,2022/12/18 6:30,770,0,63000,517
70734848,LL22148404M,9.82091E+14,1707,2022/12/18 6:47,32,0,,19
70721340,LL22144904M,9.82091E+14,1707,2022/12/18 6:47,325,0,74500,329
70734162,LL22150204M,9.82091E+14,1707,2022/12/18 6:55,278,0,51500,125
70734852,LL22148101M,9.82091E+14,1707,2022/12/18 7:01,349,0,52500,100
70734154,LL22150506M,9.82091E+14,1707,2022/12/18 7:07,167,0,68000,92
70734891,LL22149402M,9.82091E+14,1707,2022/12/18 7:10,752,0,57000,393
70734848,LL22148404M,9.82091E+14,1707,2022/12/18 7:23,11,0,,2
70734154,LL22150506M,9.82091E+14,1707,2022/12/18 7:24,253,0,68000,129
70734162,LL22150204M,9.82091E+14,1707,2022/12/18 7:29,337,0,51000,164
70734154,LL22150506M,9.82091E+14,1707,2022/12/18 7:34,95,0,67500,66
70734891,LL22149402M,9.82091E+14,1707,2022/12/18 7:36,284,0,57500,122
70739142,LL22150005M,9.82091E+14,1707,2022/12/18 7:41,512,0,55000,149
70734154,LL22150506M,9.82091E+14,1707,2022/12/18 7:51,105,0,67000,73
70721340,LL22144904M,9.82091E+14,1707,2022/12/18 7:54,160,0,73500,148
70734154,LL22150506M,9.82091E+14,1707,2022/12/18 7:57,59,0,,35
70734852,LL22148101M,9.82091E+14,1707,2022/12/18 7:58,324,0,52000,105
70739142,LL22150005M,9.82091E+14,1707,2022/12/18 8:04,218,0,55000,66
70734848,LL22148404M,9.82091E+14,1707,2022/12/18 8:08,66,0,63500,24
70734162,LL22150204M,9.82091E+14,1707,2022/12/18 8:10,98,0,51000,40
70734852,LL22148101M,9.82091E+14,1707,2022/12/18 8:12,97,0,53000,47
70734119,LL22150501M,9.82091E+14,1707,2022/12/18 8:14,267,0,59500,103
70732905,LL22141101M,9.82091E+14,1707,2022/12/18 8:20,310,0,62000,186
70734154,LL22150506M,9.82091E+14,1707,2022/12/18 8:25,68,0,65000,47
70732905,LL22141101M,9.82091E+14,1707,2022/12/18 8:28,56,0,,23
70734119,LL22150501M,9.82091E+14,1707,2022/12/18 8:29,40,0,,27
70734119,LL22150501M,9.82091E+14,1707,2022/12/18 8:37,60,0,,9
70734876,LL22153804M,9.82091E+14,1707,2022/12/18 8:45,728,0,66500,406
70734848,LL22148404M,9.82091E+14,1707,2022/12/18 8:57,75,0,63750,23
70734876,LL22153804M,9.82091E+14,1707,2022/12/18 9:03,277,0,67000,177
70734119,LL22150501M,9.82091E+14,1707,2022/12/18 9:08,15,0,,2
70732905,LL22141101M,9.82091E+14,1707,2022/12/18 9:13,137,0,61000,58
70734852,LL22148101M,9.82091E+14,1707,2022/12/18 9:16,97,0,53500,7
70734852,LL22148101M,9.82091E+14,1707,2022/12/18 9:22,39,0,,8
70739179,LL22133202M,699b78b7-0c70-4ae2-ab86-2d616dd829b8,1707,2022/12/18 9:24,225,0,73000,172
70734119,LL22150501M,9.82091E+14,1707,2022/12/18 9:28,615,0,59500,260
70734154,LL22150506M,9.82091E+14,1707,2022/12/18 9:38,49,0,,44
70734162,LL22150204M,9.82091E+14,1707,2022/12/18 9:40,33,0,,5
70734119,LL22150501M,9.82091E+14,1707,2022/12/18 9:41,97,0,59500,53
70734162,LL22150204M,9.82091E+14,1707,2022/12/18 9:42,327,0,51500,2
70721340,LL22144904M,9.82091E+14,1707,2022/12/18 9:48,322,0,73500,188
70734162,LL22150204M,9.82091E+14,1707,2022/12/18 9:54,124,0,52000,1
70734852,LL22148101M,9.82091E+14,1707,2022/12/18 9:57,914,0,52500,335
70739142,LL22150005M,9.82091E+14,1707,2022/12/18 10:12,858,0,55000,315
70734154,LL22150506M,9.82091E+14,1707,2022/12/18 10:28,446,0,68000,220
70732905,LL22141101M,9.82091E+14,1707,2022/12/18 10:36,81,0,61500,25
70734162,LL22150204M,9.82091E+14,1707,2022/12/18 10:41,403,0,51000,237
70734848,LL22148404M,9.82091E+14,1707,2022/12/18 10:48,492,0,65000,351
70721340,LL22144904M,9.82091E+14,1707,2022/12/18 10:57,298,0,76000,268
70734154,LL22150506M,9.82091E+14,1707,2022/12/18 11:03,737,0,71500,456
70739179,LL22133202M,699b78b7-0c70-4ae2-ab86-2d616dd829b8,1707,2022/12/18 11:16,1015,0,77000,768
70734852,LL22148101M,9.82091E+14,1707,2022/12/18 11:33,648,0,55500,295
70734891,LL22149402M,9.82091E+14,1707,2022/12/18 11:44,1429,0,60500,970
70739142,LL22150005M,9.82091E+14,1707,2022/12/18 12:07,809,0,56500,367
70734119,LL22150501M,9.82091E+14,1707,2022/12/18 12:21,794,0,61500,371
70739142,LL22150005M,9.82091E+14,1707,2022/12/18 12:35,72,0,56500,41
70732905,LL22141101M,9.82091E+14,1707,2022/12/18 12:36,971,0,68000,842
70739142,LL22150005M,9.82091E+14,1707,2022/12/18 12:52,12,0,,1
70734162,LL22150204M,9.82091E+14,1707,2022/12/18 12:52,613,0,54000,439
70734876,LL22153804M,9.82091E+14,1707,2022/12/18 13:03,1350,0,69000,887
70734848,LL22148404M,9.82091E+14,1707,2022/12/18 13:25,719,0,66500,643
70739179,LL22133202M,699b78b7-0c70-4ae2-ab86-2d616dd829b8,1707,2022/12/18 13:37,570,0,78000,567
70734119,LL22150501M,9.82091E+14,1707,2022/12/18 13:47,953,0,62250,494
70721340,LL22144904M,9.82091E+14,1707,2022/12/18 14:04,673,0,76000,802
70734162,LL22150204M,9.82091E+14,1707,2022/12/18 14:21,458,0,54500,300
70734119,LL22150501M,9.82091E+14,1707,2022/12/18 14:33,193,0,63000,73
70734119,LL22150501M,9.82091E+14,1707,2022/12/18 14:40,52,0,,35
70734119,LL22150501M,9.82091E+14,1707,2022/12/18 14:50,37,0,,23
70721340,LL22144904M,9.82091E+14,1707,2022/12/18 14:58,219,0,76000,191
70734891,LL22149402M,9.82091E+14,1707,2022/12/18 15:05,694,0,61000,469
70734119,LL22150501M,9.82091E+14,1707,2022/12/18 15:18,231,0,63000,122
70734154,LL22150506M,9.82091E+14,1707,2022/12/18 15:25,733,0,71000,484
70732905,LL22141101M,9.82091E+14,1707,2022/12/18 15:38,548,0,67500,386
70734852,LL22148101M,9.82091E+14,1707,2022/12/18 15:48,1230,0,55000,505
70739142,LL22150005M,9.82091E+14,1707,2022/12/18 16:09,680,0,57500,366
70734848,LL22148404M,9.82091E+14,1707,2022/12/18 16:21,156,0,66000,149
70734848,LL22148404M,9.82091E+14,1707,2022/12/18 16:34,85,0,66500,76
70739142,LL22150005M,9.82091E+14,1707,2022/12/18 16:36,318,0,58000,187
70739142,LL22150005M,9.82091E+14,1707,2022/12/18 16:58,28,0,,11
70734119,LL22150501M,9.82091E+14,1707,2022/12/18 17:43,33,0,,38
70734154,LL22150506M,9.82091E+14,1707,2022/12/18 17:44,132,0,72000,123
70734162,LL22150204M,9.82091E+14,1707,2022/12/18 17:47,144,0,54000,65
70721340,LL22144904M,9.82091E+14,1707,2022/12/18 17:51,478,0,76500,406
70734876,LL22153804M,9.82091E+14,1707,2022/12/18 17:59,342,0,71000,116
70734154,LL22150506M,9.82091E+14,1707,2022/12/18 18:06,81,0,72000,53
70721340,LL22144904M,9.82091E+14,1707,2022/12/18 20:05,339,0,77000,327
70739179,LL22133202M,699b78b7-0c70-4ae2-ab86-2d616dd829b8,1707,2022/12/18 21:00,357,0,78500,331
70734876,LL22153804M,9.82091E+14,1707,2022/12/18 21:07,405,0,71500,262
70734876,LL22153804M,9.82091E+14,1707,2022/12/18 21:22,334,0,71500,228
70734876,LL22153804M,9.82091E+14,1707,2022/12/18 21:34,243,0,70000,164
70734852,LL22148101M,9.82091E+14,1707,2022/12/18 21:44,639,0,55500,252
70734119,LL22150501M,9.82091E+14,1707,2022/12/18 21:55,187,0,62500,77
70734154,LL22150506M,9.82091E+14,1707,2022/12/18 21:59,426,0,72000,209
70734848,LL22148404M,9.82091E+14,1707,2022/12/18 22:06,651,0,66000,541
70734876,LL22153804M,9.82091E+14,1707,2022/12/18 22:17,66,0,69000,46
70734876,LL22153804M,9.82091E+14,1707,2022/12/18 22:51,192,0,70500,126
70734162,LL22150204M,9.82091E+14,1707,2022/12/19 0:12,256,0,55000,203
70734119,LL22150501M,9.82091E+14,1707,2022/12/19 0:17,606,0,62500,274
70721340,LL22144904M,9.82091E+14,1707,2022/12/19 1:44,539,0,78500,610
70739142,LL22150005M,9.82091E+14,1707,2022/12/19 1:53,908,0,57000,446
70734162,LL22150204M,9.82091E+14,1707,2022/12/19 2:55,280,0,55000,201
70739179,LL22133202M,699b78b7-0c70-4ae2-ab86-2d616dd829b8,1707,2022/12/19 3:00,670,0,77500,641
70734891,LL22149402M,9.82091E+14,1707,2022/12/19 3:11,496,0,61500,364
70734154,LL22150506M,9.82091E+14,1707,2022/12/19 4:05,212,0,71250,58
70732905,LL22141101M,9.82091E+14,1707,2022/12/19 4:09,796,0,67000,557
70734154,LL22150506M,9.82091E+14,1707,2022/12/19 4:23,189,0,71250,94
70734876,LL22153804M,9.82091E+14,1707,2022/12/19 4:26,430,0,71000,277
70734119,LL22150501M,9.82091E+14,1707,2022/12/19 4:33,442,0,62500,203
70734852,LL22148101M,9.82091E+14,1707,2022/12/19 4:41,471,0,55000,166
70734119,LL22150501M,9.82091E+14,1707,2022/12/19 4:53,402,0,61500,201
70739142,LL22150005M,9.82091E+14,1707,2022/12/19 5:00,603,0,57000,197
70734162,LL22150204M,9.82091E+14,1707,2022/12/19 6:11,499,0,54500,331
70734119,LL22150501M,9.82091E+14,1707,2022/12/19 6:20,28,0,,32
70734162,LL22150204M,9.82091E+14,1707,2022/12/19 6:20,50,0,,20
70734848,LL22148404M,9.82091E+14,1707,2022/12/19 6:21,685,0,65500,485
70739142,LL22150005M,9.82091E+14,1707,2022/12/19 6:33,585,0,58000,225
70721340,LL22144904M,9.82091E+14,1707,2022/12/19 6:43,260,0,77000,239
70734119,LL22150501M,9.82091E+14,1707,2022/12/19 6:47,131,0,62750,86
70734891,LL22149402M,9.82091E+14,1707,2022/12/19 6:49,898,0,60500,519
70739179,LL22133202M,699b78b7-0c70-4ae2-ab86-2d616dd829b8,1707,2022/12/19 7:05,565,0,77000,409
70734852,LL22148101M,9.82091E+14,1707,2022/12/19 7:14,819,0,55000,291
70734119,LL22150501M,9.82091E+14,1707,2022/12/19 7:28,474,0,62500,216
70734154,LL22150506M,9.82091E+14,1707,2022/12/19 7:36,683,0,70500,341
70732905,LL22141101M,9.82091E+14,1707,2022/12/19 7:48,418,0,65500,279
70734154,LL22150506M,9.82091E+14,1707,2022/12/19 7:55,36,0,,30
70732905,LL22141101M,9.82091E+14,1707,2022/12/19 7:55,103,0,66000,75
70734154,LL22150506M,9.82091E+14,1707,2022/12/19 7:57,119,0,70500,106
70732905,LL22141101M,9.82091E+14,1707,2022/12/19 7:59,699,0,66000,512
70721340,LL22144904M,9.82091E+14,1707,2022/12/19 8:11,248,0,78000,216
70734162,LL22150204M,9.82091E+14,1707,2022/12/19 8:16,473,0,54000,278
70739179,LL22133202M,699b78b7-0c70-4ae2-ab86-2d616dd829b8,1707,2022/12/19 8:24,247,0,77000,149
70739142,LL22150005M,9.82091E+14,1707,2022/12/19 8:32,571,0,56500,114
70721340,LL22144904M,9.82091E+14,1707,2022/12/19 8:42,183,0,77000,187
70734852,LL22148101M,9.82091E+14,1707,2022/12/19 8:45,460,0,54500,175
70739142,LL22150005M,9.82091E+14,1707,2022/12/19 8:53,153,0,57000,54
70739179,LL22133202M,699b78b7-0c70-4ae2-ab86-2d616dd829b8,1707,2022/12/19 8:56,608,0,78000,423
70734848,LL22148404M,9.82091E+14,1707,2022/12/19 9:12,482,0,66000,347
70739142,LL22150005M,9.82091E+14,1707,2022/12/19 9:22,89,0,57000,25
70734162,LL22150204M,9.82091E+14,1707,2022/12/19 9:28,38,0,,18
70739142,LL22150005M,9.82091E+14,1707,2022/12/19 9:28,208,0,57500,70
70732905,LL22141101M,9.82091E+14,1707,2022/12/19 9:35,337,0,66500,217
70734154,LL22150506M,9.82091E+14,1707,2022/12/19 9:54,290,0,71000,122
70734848,LL22148404M,9.82091E+14,1707,2022/12/19 10:01,42,0,,24
70734154,LL22150506M,9.82091E+14,1707,2022/12/19 10:02,228,0,71000,94
70734876,LL22153804M,9.82091E+14,1707,2022/12/19 10:06,1149,0,70500,740
70734119,LL22150501M,9.82091E+14,1707,2022/12/19 10:25,741,0,61500,359
70734154,LL22150506M,9.82091E+14,1707,2022/12/19 10:38,242,0,70500,200
70734852,LL22148101M,9.82091E+14,1707,2022/12/19 10:42,416,0,55000,173
70734162,LL22150204M,9.82091E+14,1707,2022/12/19 10:50,469,0,55500,300
70734119,LL22150501M,9.82091E+14,1707,2022/12/19 10:57,391,0,62500,205
70739179,LL22133202M,699b78b7-0c70-4ae2-ab86-2d616dd829b8,1707,2022/12/19 11:05,748,0,79000,496
70734891,LL22149402M,9.82091E+14,1707,2022/12/19 11:17,867,0,61500,667
70721340,LL22144904M,9.82091E+14,1707,2022/12/19 11:32,731,0,77500,727
70734852,LL22148101M,9.82091E+14,1707,2022/12/19 11:44,927,0,55500,415
70734848,LL22148404M,9.82091E+14,1707,2022/12/19 12:00,172,0,65500,134
70734154,LL22150506M,9.82091E+14,1707,2022/12/19 12:03,632,0,72000,474
70734848,LL22148404M,9.82091E+14,1707,2022/12/19 12:14,32,0,,21
70732905,LL22141101M,9.82091E+14,1707,2022/12/19 12:14,24,0,,26
70734154,LL22150506M,9.82091E+14,1707,2022/12/19 12:15,40,0,,33
70732905,LL22141101M,9.82091E+14,1707,2022/12/19 12:17,297,0,67500,219
70734848,LL22148404M,9.82091E+14,1707,2022/12/19 12:22,299,0,66000,292
70734162,LL22150204M,9.82091E+14,1707,2022/12/19 12:27,224,0,54500,129
70739142,LL22150005M,9.82091E+14,1707,2022/12/19 12:31,761,0,57500,339
70734154,LL22150506M,9.82091E+14,1707,2022/12/19 12:44,181,0,72000,160
70734876,LL22153804M,9.82091E+14,1707,2022/12/19 12:47,769,0,71500,537
70739179,LL22133202M,699b78b7-0c70-4ae2-ab86-2d616dd829b8,1707,2022/12/19 13:01,401,0,79500,323
70734119,LL22150501M,9.82091E+14,1707,2022/12/19 13:08,742,0,62500,392
70734162,LL22150204M,9.82091E+14,1707,2022/12/19 13:20,306,0,55000,198
70732905,LL22141101M,9.82091E+14,1707,2022/12/19 13:26,503,0,67500,373
70739142,LL22150005M,9.82091E+14,1707,2022/12/19 13:35,494,0,57000,216
70721340,LL22144904M,9.82091E+14,1707,2022/12/19 13:43,200,0,77000,229
70734891,LL22149402M,9.82091E+14,1707,2022/12/19 13:47,673,0,61500,500
70734162,LL22150204M,9.82091E+14,1707,2022/12/19 13:58,101,0,56000,74
70721340,LL22144904M,9.82091E+14,1707,2022/12/19 14:05,48,0,,48
70739142,LL22150005M,9.82091E+14,1707,2022/12/19 14:07,399,0,58000,146
70721340,LL22144904M,9.82091E+14,1707,2022/12/19 14:15,68,0,77750,69
70739142,LL22150005M,9.82091E+14,1707,2022/12/19 14:38,117,0,57500,39
70732905,LL22141101M,9.82091E+14,1707,2022/12/19 14:40,560,0,68500,414
70734848,LL22148404M,9.82091E+14,1707,2022/12/19 14:49,647,0,66500,653
70734119,LL22150501M,9.82091E+14,1707,2022/12/19 15:00,764,0,64000,393
70734162,LL22150204M,9.82091E+14,1707,2022/12/19 15:13,196,0,56500,184
70734891,LL22149402M,9.82091E+14,1707,2022/12/19 15:17,193,0,63000,97
70734154,LL22150506M,9.82091E+14,1707,2022/12/19 15:20,47,0,,41
70734852,LL22148101M,9.82091E+14,1707,2022/12/19 15:21,715,0,56000,329
70734119,LL22150501M,9.82091E+14,1707,2022/12/19 15:33,230,0,64500,128
70739179,LL22133202M,699b78b7-0c70-4ae2-ab86-2d616dd829b8,1707,2022/12/19 15:37,280,0,80000,265
70734876,LL22153804M,9.82091E+14,1707,2022/12/19 15:43,605,0,73000,416
70721340,LL22144904M,9.82091E+14,1707,2022/12/19 15:55,492,0,79000,533
70734891,LL22149402M,9.82091E+14,1707,2022/12/19 16:03,346,0,63000,216
70721340,LL22144904M,9.82091E+14,1707,2022/12/19 16:22,179,0,79000,166
70734119,LL22150501M,9.82091E+14,1707,2022/12/19 17:02,45,0,,34
70734852,LL22148101M,9.82091E+14,1707,2022/12/19 17:03,474,0,55500,234
70734154,LL22150506M,9.82091E+14,1707,2022/12/19 17:12,418,0,73000,305
70734162,LL22150204M,9.82091E+14,1707,2022/12/19 17:19,269,0,56000,232
70734162,LL22150204M,9.82091E+14,1707,2022/12/19 17:25,35,0,,19
70734119,LL22150501M,9.82091E+14,1707,2022/12/19 17:26,55,0,,11
70734848,LL22148404M,9.82091E+14,1707,2022/12/19 17:27,15,0,,53
70734162,LL22150204M,9.82091E+14,1707,2022/12/19 17:28,99,0,56500,73
70739179,LL22133202M,699b78b7-0c70-4ae2-ab86-2d616dd829b8,1707,2022/12/19 17:30,308,0,80000,331
70734154,LL22150506M,9.82091E+14,1707,2022/12/19 17:36,402,0,73500,311
70721340,LL22144904M,9.82091E+14,1707,2022/12/19 17:52,10,0,,1
70721340,LL22144904M,9.82091E+14,1707,2022/12/19 18:16,48,0,,26
70734119,LL22150501M,9.82091E+14,1707,2022/12/19 18:18,403,0,65000,215
70734876,LL22153804M,9.82091E+14,1707,2022/12/19 20:08,604,0,72500,421
70734876,LL22153804M,9.82091E+14,1707,2022/12/19 20:20,72,0,72500,53
70734119,LL22150501M,9.82091E+14,1707,2022/12/19 20:22,512,0,64500,252
70734848,LL22148404M,9.82091E+14,1707,2022/12/19 20:54,383,0,67000,438
70739142,LL22150005M,9.82091E+14,1707,2022/12/19 21:00,582,0,58000,297
70732905,LL22141101M,9.82091E+14,1707,2022/12/19 21:17,556,0,68500,397
70721340,LL22144904M,9.82091E+14,1707,2022/12/19 21:28,399,0,78000,484
70721340,LL22144904M,9.82091E+14,1707,2022/12/19 21:37,43,0,,30
70734876,LL22153804M,9.82091E+14,1707,2022/12/19 22:04,292,0,72500,190
70734876,LL22153804M,9.82091E+14,1707,2022/12/19 22:28,55,0,,21
70734119,LL22150501M,9.82091E+14,1707,2022/12/19 22:30,29,0,,26
70734876,LL22153804M,9.82091E+14,1707,2022/12/19 23:10,231,0,72000,162
70734162,LL22150204M,9.82091E+14,1707,2022/12/19 23:51,279,0,56000,196
70734848,LL22148404M,9.82091E+14,1707,2022/12/20 0:16,213,0,67500,218
70739179,LL22133202M,699b78b7-0c70-4ae2-ab86-2d616dd829b8,1707,2022/12/20 0:22,261,0,78500,228
70734876,LL22153804M,9.82091E+14,1707,2022/12/20 0:26,41,0,,31
70734852,LL22148101M,9.82091E+14,1707,2022/12/20 0:28,533,0,55500,229
70734154,LL22150506M,9.82091E+14,1707,2022/12/20 0:38,293,0,73000,107
70739142,LL22150005M,9.82091E+14,1707,2022/12/20 0:43,234,0,58000,80
70739142,LL22150005M,9.82091E+14,1707,2022/12/20 1:51,198,0,58000,65
70734848,LL22148404M,9.82091E+14,1707,2022/12/20 2:13,72,0,66000,45
70734162,LL22150204M,9.82091E+14,1707,2022/12/20 3:08,165,0,56000,128
70734119,LL22150501M,9.82091E+14,1707,2022/12/20 3:13,222,0,63500,101
70739142,LL22150005M,9.82091E+14,1707,2022/12/20 3:17,721,0,57500,279
70739179,LL22133202M,699b78b7-0c70-4ae2-ab86-2d616dd829b8,1707,2022/12/20 3:31,528,0,77750,415
70734119,LL22150501M,9.82091E+14,1707,2022/12/20 3:57,676,0,63500,249
70734162,LL22150204M,9.82091E+14,1707,2022/12/20 4:23,329,0,56000,245
70721340,LL22144904M,9.82091E+14,1707,2022/12/20 5:02,240,0,78000,206
70734154,LL22150506M,9.82091E+14,1707,2022/12/20 5:07,228,0,72000,76
70734154,LL22150506M,9.82091E+14,1707,2022/12/20 5:14,163,0,72000,54
70734154,LL22150506M,9.82091E+14,1707,2022/12/20 5:18,261,0,71250,109
70734154,LL22150506M,9.82091E+14,1707,2022/12/20 5:25,132,0,72000,51
70734154,LL22150506M,9.82091E+14,1707,2022/12/20 5:32,250,0,71000,63
70734154,LL22150506M,9.82091E+14,1707,2022/12/20 5:44,297,0,72000,95
70732905,LL22141101M,9.82091E+14,1707,2022/12/20 5:55,1052,0,67500,690
70734891,LL22149402M,9.82091E+14,1707,2022/12/20 6:14,792,0,61000,551
70739179,LL22133202M,699b78b7-0c70-4ae2-ab86-2d616dd829b8,1707,2022/12/20 6:31,820,0,78000,551
70734848,LL22148404M,9.82091E+14,1707,2022/12/20 7:04,631,0,66500,487
70739179,LL22133202M,699b78b7-0c70-4ae2-ab86-2d616dd829b8,1707,2022/12/20 7:15,8,0,,1
70721340,LL22144904M,9.82091E+14,1707,2022/12/20 7:38,459,0,79000,391
70721340,LL22144904M,9.82091E+14,1707,2022/12/20 7:47,91,0,78000,64
70739142,LL22150005M,9.82091E+14,1707,2022/12/20 7:49,354,0,57500,112
70734119,LL22150501M,9.82091E+14,1707,2022/12/20 7:55,137,0,64500,39
70739142,LL22150005M,9.82091E+14,1707,2022/12/20 7:58,53,0,,32
70734852,LL22148101M,9.82091E+14,1707,2022/12/20 7:59,39,0,,27
70734162,LL22150204M,9.82091E+14,1707,2022/12/20 7:59,589,0,56000,397
70739142,LL22150005M,9.82091E+14,1707,2022/12/20 8:09,515,0,57500,201
70734876,LL22153804M,9.82091E+14,1707,2022/12/20 8:18,886,0,70000,651
70734119,LL22150501M,9.82091E+14,1707,2022/12/20 8:33,337,0,63000,144
70734852,LL22148101M,9.82091E+14,1707,2022/12/20 8:39,58,0,,30
70734154,LL22150506M,9.82091E+14,1707,2022/12/20 8:40,339,0,71000,154
70734848,LL22148404M,9.82091E+14,1707,2022/12/20 8:45,118,0,66000,87
70739179,LL22133202M,699b78b7-0c70-4ae2-ab86-2d616dd829b8,1707,2022/12/20 8:48,702,0,77000,534
70732905,LL22141101M,9.82091E+14,1707,2022/12/20 8:59,753,0,66500,480
70734852,LL22148101M,9.82091E+14,1707,2022/12/20 9:12,764,0,55000,343
70739142,LL22150005M,9.82091E+14,1707,2022/12/20 9:25,367,0,57000,108
70734154,LL22150506M,9.82091E+14,1707,2022/12/20 9:31,688,0,71500,413
70734119,LL22150501M,9.82091E+14,1707,2022/12/20 9:43,422,0,62500,198
70734848,LL22148404M,9.82091E+14,1707,2022/12/20 9:50,298,0,66500,151
70734119,LL22150501M,9.82091E+14,1707,2022/12/20 9:55,143,0,62000,73
70734852,LL22148101M,9.82091E+14,1707,2022/12/20 9:59,24,0,,1
70734891,LL22149402M,9.82091E+14,1707,2022/12/20 10:01,761,0,60500,435
70734119,LL22150501M,9.82091E+14,1707,2022/12/20 10:14,74,0,62500,48
70721340,LL22144904M,9.82091E+14,1707,2022/12/20 10:15,448,0,76000,436
70734119,LL22150501M,9.82091E+14,1707,2022/12/20 10:29,45,0,,20
70734162,LL22150204M,9.82091E+14,1707,2022/12/20 10:30,337,0,55500,172
70739142,LL22150005M,9.82091E+14,1707,2022/12/20 10:36,267,0,57000,69
70734119,LL22150501M,9.82091E+14,1707,2022/12/20 10:40,57,0,,23
70732905,LL22141101M,9.82091E+14,1707,2022/12/20 10:42,24,0,,10
70734154,LL22150506M,9.82091E+14,1707,2022/12/20 10:43,96,0,71250,52
70732905,LL22141101M,9.82091E+14,1707,2022/12/20 10:45,175,0,66500,76
70734119,LL22150501M,9.82091E+14,1707,2022/12/20 10:48,13,0,,3
70734852,LL22148101M,9.82091E+14,1707,2022/12/20 10:50,173,0,55500,20
70734876,LL22153804M,9.82091E+14,1707,2022/12/20 10:53,277,0,70000,209
70739142,LL22150005M,9.82091E+14,1707,2022/12/20 10:58,204,0,57000,54
70734848,LL22148404M,9.82091E+14,1707,2022/12/20 11:03,320,0,66500,114
70732905,LL22141101M,9.82091E+14,1707,2022/12/20 11:10,111,0,67000,67
70734154,LL22150506M,9.82091E+14,1707,2022/12/20 11:12,47,0,,30
70734162,LL22150204M,9.82091E+14,1707,2022/12/20 11:13,192,0,55000,119
70734848,LL22148404M,9.82091E+14,1707,2022/12/20 11:19,51,0,,14
70739179,LL22133202M,699b78b7-0c70-4ae2-ab86-2d616dd829b8,1707,2022/12/20 11:26,352,0,77000,239
70734848,LL22148404M,9.82091E+14,1707,2022/12/20 11:37,45,0,,16
70732905,LL22141101M,9.82091E+14,1707,2022/12/20 11:38,342,0,66500,197
70739142,LL22150005M,9.82091E+14,1707,2022/12/20 11:45,46,0,,20
70734848,LL22148404M,9.82091E+14,1707,2022/12/20 11:47,53,0,,34
70734119,LL22150501M,9.82091E+14,1707,2022/12/20 11:48,165,0,62000,76
70721340,LL22144904M,9.82091E+14,1707,2022/12/20 11:51,304,0,76500,296
70734852,LL22148101M,9.82091E+14,1707,2022/12/20 11:56,837,0,55000,365
70734154,LL22150506M,9.82091E+14,1707,2022/12/20 12:13,153,0,71500,62
70739142,LL22150005M,9.82091E+14,1707,2022/12/20 12:17,285,0,57000,72
70734891,LL22149402M,9.82091E+14,1707,2022/12/20 12:22,667,0,60500,369
70734162,LL22150204M,9.82091E+14,1707,2022/12/20 12:34,335,0,54500,239
70734848,LL22148404M,9.82091E+14,1707,2022/12/20 12:40,13,0,,10
70734154,LL22150506M,9.82091E+14,1707,2022/12/20 12:40,423,0,71000,261
70734119,LL22150501M,9.82091E+14,1707,2022/12/20 12:47,137,0,62500,30
70739142,LL22150005M,9.82091E+14,1707,2022/12/20 12:50,314,0,57000,141
70734119,LL22150501M,9.82091E+14,1707,2022/12/20 12:55,138,0,62500,45
70734154,LL22150506M,9.82091E+14,1707,2022/12/20 12:59,201,0,71000,166
70734119,LL22150501M,9.82091E+14,1707,2022/12/20 13:02,101,0,62000,64
70734154,LL22150506M,9.82091E+14,1707,2022/12/20 13:05,93,0,71500,62
70734119,LL22150501M,9.82091E+14,1707,2022/12/20 13:07,27,0,,10
70734848,LL22148404M,9.82091E+14,1707,2022/12/20 13:08,17,0,,12
70734891,LL22149402M,9.82091E+14,1707,2022/12/20 13:09,82,0,60500,1
70734119,LL22150501M,9.82091E+14,1707,2022/12/20 13:11,21,0,,10
70734891,LL22149402M,9.82091E+14,1707,2022/12/20 13:11,22,0,,1
70734119,LL22150501M,9.82091E+14,1707,2022/12/20 13:12,26,0,,26
70732905,LL22141101M,9.82091E+14,1707,2022/12/20 13:12,20,0,,1
70734119,LL22150501M,9.82091E+14,1707,2022/12/20 13:13,108,0,62500,61
70734852,LL22148101M,9.82091E+14,1707,2022/12/20 13:19,151,0,55500,6
70732905,LL22141101M,9.82091E+14,1707,2022/12/20 13:24,498,0,67000,214
70734119,LL22150501M,9.82091E+14,1707,2022/12/20 13:34,79,0,62000,47
70734848,LL22148404M,9.82091E+14,1707,2022/12/20 13:36,444,0,67000,419
70734154,LL22150506M,9.82091E+14,1707,2022/12/20 13:44,119,0,71000,86
70734154,LL22150506M,9.82091E+14,1707,2022/12/20 13:48,202,0,73500,71
70739179,LL22133202M,699b78b7-0c70-4ae2-ab86-2d616dd829b8,1707,2022/12/20 13:53,616,0,76500,407
70734119,LL22150501M,9.82091E+14,1707,2022/12/20 14:03,472,0,62500,220
70734891,LL22149402M,9.82091E+14,1707,2022/12/20 14:12,688,0,61000,318
70721340,LL22144904M,9.82091E+14,1707,2022/12/20 14:24,611,0,76500,600
70739142,LL22150005M,9.82091E+14,1707,2022/12/20 14:34,436,0,58000,131
70734852,LL22148101M,9.82091E+14,1707,2022/12/20 14:41,215,0,55000,28
70734876,LL22153804M,9.82091E+14,1707,2022/12/20 14:46,1121,0,70000,591
70734119,LL22150501M,9.82091E+14,1707,2022/12/20 15:05,14,0,,1
70732905,LL22141101M,9.82091E+14,1707,2022/12/20 15:06,132,0,68250,9
70734876,LL22153804M,9.82091E+14,1707,2022/12/20 15:08,21,0,,4
70732905,LL22141101M,9.82091E+14,1707,2022/12/20 15:09,44,0,,23
70734119,LL22150501M,9.82091E+14,1707,2022/12/20 15:10,13,0,,1
70734154,LL22150506M,9.82091E+14,1707,2022/12/20 15:10,247,0,72500,128
70734876,LL22153804M,9.82091E+14,1707,2022/12/20 15:16,395,0,72000,281
70734119,LL22150501M,9.82091E+14,1707,2022/12/20 15:23,329,0,64000,107
70739179,LL22133202M,699b78b7-0c70-4ae2-ab86-2d616dd829b8,1707,2022/12/20 15:29,616,0,79500,479
70734891,LL22149402M,9.82091E+14,1707,2022/12/20 15:39,940,0,62500,402
70734852,LL22148101M,9.82091E+14,1707,2022/12/20 15:55,1322,0,57000,606
70734119,LL22150501M,9.82091E+14,1707,2022/12/20 16:18,674,0,64000,349
70721340,LL22144904M,9.82091E+14,1707,2022/12/20 16:29,376,0,79000,433
70734848,LL22148404M,9.82091E+14,1707,2022/12/20 16:36,518,0,69000,493
70732905,LL22141101M,9.82091E+14,1707,2022/12/20 16:44,352,0,70500,232
70734162,LL22150204M,9.82091E+14,1707,2022/12/20 16:50,488,0,57500,396
70734119,LL22150501M,9.82091E+14,1707,2022/12/20 17:01,171,0,65500,102
70739142,LL22150005M,9.82091E+14,1707,2022/12/20 17:04,689,0,58000,245
70734119,LL22150501M,9.82091E+14,1707,2022/12/20 17:18,114,0,65000,76
70721340,LL22144904M,9.82091E+14,1707,2022/12/20 17:22,299,0,79000,292
70739142,LL22150005M,9.82091E+14,1707,2022/12/20 17:28,38,0,,25
70734891,LL22149402M,9.82091E+14,1707,2022/12/20 18:10,453,0,64000,329
70739142,LL22150005M,9.82091E+14,1707,2022/12/20 18:20,391,0,58000,196
70739179,LL22133202M,699b78b7-0c70-4ae2-ab86-2d616dd829b8,1707,2022/12/20 18:56,531,0,81000,570
70734876,LL22153804M,9.82091E+14,1707,2022/12/20 19:06,592,0,73500,450
70732905,LL22141101M,9.82091E+14,1707,2022/12/20 19:16,286,0,69000,219
70734154,LL22150506M,9.82091E+14,1707,2022/12/20 19:29,604,0,73500,197
70734119,LL22150501M,9.82091E+14,1707,2022/12/20 20:00,439,0,65500,201
70734848,LL22148404M,9.82091E+14,1707,2022/12/20 21:03,49,0,,27
70721340,LL22144904M,9.82091E+14,1707,2022/12/20 21:48,226,0,80000,284
70739142,LL22150005M,9.82091E+14,1707,2022/12/20 21:52,24,0,,2
70734848,LL22148404M,9.82091E+14,1707,2022/12/20 22:10,489,0,68000,351
70739142,LL22150005M,9.82091E+14,1707,2022/12/20 22:18,39,0,,20
70734162,LL22150204M,9.82091E+14,1707,2022/12/20 22:24,105,0,56500,59
70734876,LL22153804M,9.82091E+14,1707,2022/12/20 22:42,493,0,72000,353
70734876,LL22153804M,9.82091E+14,1707,2022/12/21 0:54,390,0,72000,295
70734852,LL22148101M,9.82091E+14,1707,2022/12/21 1:41,549,0,55500,263
70734154,LL22150506M,9.82091E+14,1707,2022/12/21 1:55,63,0,71500,35
70721340,LL22144904M,9.82091E+14,1707,2022/12/21 1:56,297,0,78500,316
70721340,LL22144904M,9.82091E+14,1707,2022/12/21 2:03,45,0,,21
70739142,LL22150005M,9.82091E+14,1707,2022/12/21 2:04,90,0,58000,2
70739179,LL22133202M,699b78b7-0c70-4ae2-ab86-2d616dd829b8,1707,2022/12/21 2:06,370,0,80500,329
70734162,LL22150204M,9.82091E+14,1707,2022/12/21 2:58,202,0,57500,137
70734154,LL22150506M,9.82091E+14,1707,2022/12/21 3:02,49,0,,34
70732905,LL22141101M,9.82091E+14,1707,2022/12/21 3:04,774,0,69000,485
70734154,LL22150506M,9.82091E+14,1707,2022/12/21 3:52,40,0,,33
70734852,LL22148101M,9.82091E+14,1707,2022/12/21 3:55,114,0,56500,45
70734119,LL22150501M,9.82091E+14,1707,2022/12/21 4:03,205,0,66000,86
70734119,LL22150501M,9.82091E+14,1707,2022/12/21 4:08,720,0,65000,327
70734119,LL22150501M,9.82091E+14,1707,2022/12/21 4:22,71,0,62500,29
70734119,LL22150501M,9.82091E+14,1707,2022/12/21 4:27,43,0,,24
70734119,LL22150501M,9.82091E+14,1707,2022/12/21 4:33,34,0,,18
70734848,LL22148404M,9.82091E+14,1707,2022/12/21 4:52,124,0,68000,52
70734154,LL22150506M,9.82091E+14,1707,2022/12/21 4:55,361,0,73500,152
70739142,LL22150005M,9.82091E+14,1707,2022/12/21 5:02,83,0,57000,42
70734154,LL22150506M,9.82091E+14,1707,2022/12/21 5:04,120,0,73000,90
70739142,LL22150005M,9.82091E+14,1707,2022/12/21 5:07,37,0,,13
70721340,LL22144904M,9.82091E+14,1707,2022/12/21 5:07,490,0,80000,423
70739142,LL22150005M,9.82091E+14,1707,2022/12/21 5:16,117,0,58000,41
70734154,LL22150506M,9.82091E+14,1707,2022/12/21 5:18,77,0,73000,52
70739142,LL22150005M,9.82091E+14,1707,2022/12/21 5:21,172,0,58000,71
70734154,LL22150506M,9.82091E+14,1707,2022/12/21 5:24,64,0,71500,37
70739142,LL22150005M,9.82091E+14,1707,2022/12/21 5:29,96,0,57000,31
70734154,LL22150506M,9.82091E+14,1707,2022/12/21 5:31,25,0,,29
70739179,LL22133202M,699b78b7-0c70-4ae2-ab86-2d616dd829b8,1707,2022/12/21 5:42,439,0,80000,421
70734154,LL22150506M,9.82091E+14,1707,2022/12/21 5:51,71,0,73000,26
,,,1707,2022/12/21 6:00,6,0,,54
70734162,LL22150204M,9.82091E+14,1707,2022/12/21 6:08,372,0,57500,222
70734876,LL22153804M,9.82091E+14,1707,2022/12/21 6:54,249,0,72500,141
70732905,LL22141101M,9.82091E+14,1707,2022/12/21 6:59,904,0,69000,462
70739179,LL22133202M,699b78b7-0c70-4ae2-ab86-2d616dd829b8,1707,2022/12/21 7:16,550,0,80000,477
70734848,LL22148404M,9.82091E+14,1707,2022/12/21 7:25,586,0,68000,367
70732905,LL22141101M,9.82091E+14,1707,2022/12/21 7:36,60,0,,35
70734852,LL22148101M,9.82091E+14,1707,2022/12/21 7:39,661,0,57000,245
70739142,LL22150005M,9.82091E+14,1707,2022/12/21 7:51,510,0,58000,186
70734891,LL22149402M,9.82091E+14,1707,2022/12/21 7:59,1066,0,63000,684
70734852,LL22148101M,9.82091E+14,1707,2022/12/21 8:17,136,0,56500,63
70734876,LL22153804M,9.82091E+14,1707,2022/12/21 8:20,521,0,72500,358
70739142,LL22150005M,9.82091E+14,1707,2022/12/21 8:29,31,0,,17
70734119,LL22150501M,9.82091E+14,1707,2022/12/21 8:30,10,0,,10
70734119,LL22150501M,9.82091E+14,1707,2022/12/21 8:30,22,0,,31
70734162,LL22150204M,9.82091E+14,1707,2022/12/21 8:31,468,0,56500,281
70732905,LL22141101M,9.82091E+14,1707,2022/12/21 8:39,606,0,68000,327
70734119,LL22150501M,9.82091E+14,1707,2022/12/21 8:49,925,0,64000,476
70734154,LL22150506M,9.82091E+14,1707,2022/12/21 9:05,273,0,72000,115
70721340,LL22144904M,9.82091E+14,1707,2022/12/21 9:10,484,0,78500,437
70734154,LL22150506M,9.82091E+14,1707,2022/12/21 9:19,263,0,72500,80
70734119,LL22150501M,9.82091E+14,1707,2022/12/21 9:34,42,0,,17
70739179,LL22133202M,699b78b7-0c70-4ae2-ab86-2d616dd829b8,1707,2022/12/21 9:36,535,0,80000,428
70734119,LL22150501M,9.82091E+14,1707,2022/12/21 9:45,38,0,,34
70734154,LL22150506M,9.82091E+14,1707,2022/12/21 9:46,103,0,72000,44
70739142,LL22150005M,9.82091E+14,1707,2022/12/21 9:48,586,0,57500,156
70734852,LL22148101M,9.82091E+14,1707,2022/12/21 9:58,697,0,57000,276
70734848,LL22148404M,9.82091E+14,1707,2022/12/21 10:11,110,0,67000,44
70734852,LL22148101M,9.82091E+14,1707,2022/12/21 10:14,181,0,57000,73
70732905,LL22141101M,9.82091E+14,1707,2022/12/21 10:20,353,0,68000,171
70734848,LL22148404M,9.82091E+14,1707,2022/12/21 10:28,605,0,67500,399
70734154,LL22150506M,9.82091E+14,1707,2022/12/21 10:39,395,0,72000,167
70721340,LL22144904M,9.82091E+14,1707,2022/12/21 10:46,84,0,78000,60
70734154,LL22150506M,9.82091E+14,1707,2022/12/21 10:49,213,0,72500,143
70734154,LL22150506M,9.82091E+14,1707,2022/12/21 10:54,121,0,72500,67
70734154,LL22150506M,9.82091E+14,1707,2022/12/21 11:01,31,0,,13
70734162,LL22150204M,9.82091E+14,1707,2022/12/21 11:10,426,0,56500,265
70721340,LL22144904M,9.82091E+14,1707,2022/12/21 11:18,32,0,,19
70734154,LL22150506M,9.82091E+14,1707,2022/12/21 11:20,22,0,,17
70734162,LL22150204M,9.82091E+14,1707,2022/12/21 11:21,35,0,,13
70734162,LL22150204M,9.82091E+14,1707,2022/12/21 11:24,60,0,,12
70721340,LL22144904M,9.82091E+14,1707,2022/12/21 11:26,238,0,78500,273
70739142,LL22150005M,9.82091E+14,1707,2022/12/21 11:30,500,0,57000,124
70734119,LL22150501M,9.82091E+14,1707,2022/12/21 11:38,395,0,64000,156
70734876,LL22153804M,9.82091E+14,1707,2022/12/21 11:45,809,0,71500,460
70734891,LL22149402M,9.82091E+14,1707,2022/12/21 11:58,712,0,62000,373
70739142,LL22150005M,9.82091E+14,1707,2022/12/21 12:11,305,0,56500,65
70734852,LL22148101M,9.82091E+14,1707,2022/12/21 12:16,83,0,56000,33
70732905,LL22141101M,9.82091E+14,1707,2022/12/21 12:17,189,0,67500,57
70739179,LL22133202M,699b78b7-0c70-4ae2-ab86-2d616dd829b8,1707,2022/12/21 12:21,407,0,79000,410
70734852,LL22148101M,9.82091E+14,1707,2022/12/21 12:27,95,0,56000,49
70739142,LL22150005M,9.82091E+14,1707,2022/12/21 12:31,298,0,57000,58
70732905,LL22141101M,9.82091E+14,1707,2022/12/21 12:36,521,0,67500,318
70734852,LL22148101M,9.82091E+14,1707,2022/12/21 12:45,304,0,56500,143
70739142,LL22150005M,9.82091E+14,1707,2022/12/21 12:50,73,0,57000,8
70734162,LL22150204M,9.82091E+14,1707,2022/12/21 12:52,380,0,56000,218
70734154,LL22150506M,9.82091E+14,1707,2022/12/21 12:58,359,0,72000,182
70734876,LL22153804M,9.82091E+14,1707,2022/12/21 13:04,74,0,71000,23
70734154,LL22150506M,9.82091E+14,1707,2022/12/21 13:07,64,0,72500,40
70721340,LL22144904M,9.82091E+14,1707,2022/12/21 13:10,60,0,,3
70734891,LL22149402M,9.82091E+14,1707,2022/12/21 13:12,122,0,61500,1
70734154,LL22150506M,9.82091E+14,1707,2022/12/21 13:14,161,0,72500,84
70739142,LL22150005M,9.82091E+14,1707,2022/12/21 13:17,49,0,,15
70734852,LL22148101M,9.82091E+14,1707,2022/12/21 13:19,25,0,,9
70739142,LL22150005M,9.82091E+14,1707,2022/12/21 13:20,56,0,,14
70734848,LL22148404M,9.82091E+14,1707,2022/12/21 13:21,41,0,,17
70732905,LL22141101M,9.82091E+14,1707,2022/12/21 13:25,144,0,68000,45
70721340,LL22144904M,9.82091E+14,1707,2022/12/21 13:30,235,0,77500,180
70734891,LL22149402M,9.82091E+14,1707,2022/12/21 13:34,74,0,61500,7
70734119,LL22150501M,9.82091E+14,1707,2022/12/21 13:37,474,0,63500,175
70734154,LL22150506M,9.82091E+14,1707,2022/12/21 13:48,241,0,72500,167
70734852,LL22148101M,9.82091E+14,1707,2022/12/21 13:52,108,0,55500,39
70734154,LL22150506M,9.82091E+14,1707,2022/12/21 13:55,123,0,72500,82
70734891,LL22149402M,9.82091E+14,1707,2022/12/21 13:58,66,0,61500,1
70734848,LL22148404M,9.82091E+14,1707,2022/12/21 14:00,108,0,66500,1
70734119,LL22150501M,9.82091E+14,1707,2022/12/21 14:02,493,0,63500,207
70721340,LL22144904M,9.82091E+14,1707,2022/12/21 14:10,374,0,78000,381
70739142,LL22150005M,9.82091E+14,1707,2022/12/21 14:17,140,0,57000,37
70732905,LL22141101M,9.82091E+14,1707,2022/12/21 14:20,33,0,,7
70734119,LL22150501M,9.82091E+14,1707,2022/12/21 14:21,14,0,,1
70734891,LL22149402M,9.82091E+14,1707,2022/12/21 14:21,24,0,,2
70734848,LL22148404M,9.82091E+14,1707,2022/12/21 14:22,50,0,,21
70732905,LL22141101M,9.82091E+14,1707,2022/12/21 14:24,15,0,,4
70739142,LL22150005M,9.82091E+14,1707,2022/12/21 14:24,102,0,57000,6
70734154,LL22150506M,9.82091E+14,1707,2022/12/21 14:26,20,0,,12
70734848,LL22148404M,9.82091E+14,1707,2022/12/21 14:27,31,0,,19
70734876,LL22153804M,9.82091E+14,1707,2022/12/21 14:29,319,0,71500,179
70734852,LL22148101M,9.82091E+14,1707,2022/12/21 14:35,18,0,,2
70734876,LL22153804M,9.82091E+14,1707,2022/12/21 14:37,109,0,71500,57
70734891,LL22149402M,9.82091E+14,1707,2022/12/21 14:39,36,0,,1
70734852,LL22148101M,9.82091E+14,1707,2022/12/21 14:40,356,0,56000,108
70734154,LL22150506M,9.82091E+14,1707,2022/12/21 14:46,44,0,,11
70734891,LL22149402M,9.82091E+14,1707,2022/12/21 14:47,897,0,62500,506
70734848,LL22148404M,9.82091E+14,1707,2022/12/21 15:03,263,0,66000,130
70734162,LL22150204M,9.82091E+14,1707,2022/12/21 15:07,25,0,,8
70734119,LL22150501M,9.82091E+14,1707,2022/12/21 15:08,174,0,63500,20
70739142,LL22150005M,9.82091E+14,1707,2022/12/21 15:11,248,0,56500,78
70734119,LL22150501M,9.82091E+14,1707,2022/12/21 15:22,147,0,63500,41
70732905,LL22141101M,9.82091E+14,1707,2022/12/21 15:25,473,0,68000,240
70739142,LL22150005M,9.82091E+14,1707,2022/12/21 15:33,19,0,,1
70721340,LL22144904M,9.82091E+14,1707,2022/12/21 15:34,489,0,78500,408
70734848,LL22148404M,9.82091E+14,1707,2022/12/21 15:42,20,0,,9
70734119,LL22150501M,9.82091E+14,1707,2022/12/21 15:42,17,0,,3
70734852,LL22148101M,9.82091E+14,1707,2022/12/21 15:43,19,0,,4
70734876,LL22153804M,9.82091E+14,1707,2022/12/21 15:50,377,0,72500,272
70734162,LL22150204M,9.82091E+14,1707,2022/12/21 15:57,404,0,57500,302
70739179,LL22133202M,699b78b7-0c70-4ae2-ab86-2d616dd829b8,1707,2022/12/21 16:04,262,0,81500,106
70734119,LL22150501M,9.82091E+14,1707,2022/12/21 16:08,212,0,66000,103
70734852,LL22148101M,9.82091E+14,1707,2022/12/21 16:12,1188,0,57000,555
70734848,LL22148404M,9.82091E+14,1707,2022/12/21 16:32,791,0,69500,681
70732905,LL22141101M,9.82091E+14,1707,2022/12/21 16:45,1053,0,72000,668
70739142,LL22150005M,9.82091E+14,1707,2022/12/21 17:03,862,0,59000,367
70734119,LL22150501M,9.82091E+14,1707,2022/12/21 17:17,832,0,65000,459
70734891,LL22149402M,9.82091E+14,1707,2022/12/21 17:33,398,0,65000,252
70739179,LL22133202M,699b78b7-0c70-4ae2-ab86-2d616dd829b8,1707,2022/12/21 17:57,759,0,82000,835
70734891,LL22149402M,9.82091E+14,1707,2022/12/21 18:11,307,0,64500,144
70721340,LL22144904M,9.82091E+14,1707,2022/12/21 18:17,236,0,81000,279
70734119,LL22150501M,9.82091E+14,1707,2022/12/21 18:21,61,0,66000,16
70734876,LL22153804M,9.82091E+14,1707,2022/12/21 18:23,256,0,74500,138
70734119,LL22150501M,9.82091E+14,1707,2022/12/21 18:28,208,0,65750,59
70734119,LL22150501M,9.82091E+14,1707,2022/12/21 18:39,20,0,,7
70734119,LL22150501M,9.82091E+14,1707,2022/12/21 18:44,37,0,,3
70734876,LL22153804M,9.82091E+14,1707,2022/12/21 21:28,621,0,74500,423
70734154,LL22150506M,9.82091E+14,1707,2022/12/21 23:03,331,0,73500,117
70721340,LL22144904M,9.82091E+14,1707,2022/12/21 23:09,388,0,80000,387
70734876,LL22153804M,9.82091E+14,1707,2022/12/21 23:16,573,0,74000,374
70734852,LL22148101M,9.82091E+14,1707,2022/12/21 23:41,37,0,,8
70734162,LL22150204M,9.82091E+14,1707,2022/12/21 23:45,196,0,58000,142
70734848,LL22148404M,9.82091E+14,1707,2022/12/21 23:48,539,0,68500,401
70739142,LL22150005M,9.82091E+14,1707,2022/12/21 23:57,218,0,58500,96
70734876,LL22153804M,9.82091E+14,1707,2022/12/22 1:43,39,0,,29
70739142,LL22150005M,9.82091E+14,1707,2022/12/22 2:17,724,0,58500,219
70739179,LL22133202M,699b78b7-0c70-4ae2-ab86-2d616dd829b8,1707,2022/12/22 3:29,174,0,81000,135
70734154,LL22150506M,9.82091E+14,1707,2022/12/22 3:32,823,0,72500,326
70739142,LL22150005M,9.82091E+14,1707,2022/12/22 3:53,104,0,58000,30
70734119,LL22150501M,9.82091E+14,1707,2022/12/22 4:03,31,0,,28
70734119,LL22150501M,9.82091E+14,1707,2022/12/22 4:06,140,0,63500,59
70721340,LL22144904M,9.82091E+14,1707,2022/12/22 4:08,210,0,79500,157
70734119,LL22150501M,9.82091E+14,1707,2022/12/22 4:12,205,0,64000,114
70734162,LL22150204M,9.82091E+14,1707,2022/12/22 4:16,392,0,58000,300
70734119,LL22150501M,9.82091E+14,1707,2022/12/22 4:29,308,0,64000,83
70734119,LL22150501M,9.82091E+14,1707,2022/12/22 4:39,40,0,,32
70732905,LL22141101M,9.82091E+14,1707,2022/12/22 5:37,702,0,71000,468
70739179,LL22133202M,699b78b7-0c70-4ae2-ab86-2d616dd829b8,1707,2022/12/22 6:01,552,0,80000,467
70739142,LL22150005M,9.82091E+14,1707,2022/12/22 6:11,875,0,58000,305
70734154,LL22150506M,9.82091E+14,1707,2022/12/22 6:26,688,0,73000,294
70734119,LL22150501M,9.82091E+14,1707,2022/12/22 6:37,138,0,63500,81
70734154,LL22150506M,9.82091E+14,1707,2022/12/22 6:40,227,0,73000,162
70721340,LL22144904M,9.82091E+14,1707,2022/12/22 6:43,381,0,81000,301
70734891,LL22149402M,9.82091E+14,1707,2022/12/22 6:50,785,0,64000,445
70734119,LL22150501M,9.82091E+14,1707,2022/12/22 7:04,153,0,63500,97
70734119,LL22150501M,9.82091E+14,1707,2022/12/22 7:09,176,0,63500,64
70734119,LL22150501M,9.82091E+14,1707,2022/12/22 7:22,66,0,64000,37
70734162,LL22150204M,9.82091E+14,1707,2022/12/22 7:24,455,0,57000,338
70734119,LL22150501M,9.82091E+14,1707,2022/12/22 7:32,43,0,,40
70739179,LL22133202M,699b78b7-0c70-4ae2-ab86-2d616dd829b8,1707,2022/12/22 7:33,605,0,80000,475
70734162,LL22150204M,9.82091E+14,1707,2022/12/22 7:43,120,0,57000,22
70734848,LL22148404M,9.82091E+14,1707,2022/12/22 7:45,503,0,67500,293
70732905,LL22141101M,9.82091E+14,1707,2022/12/22 7:55,268,0,69500,155
70739142,LL22150005M,9.82091E+14,1707,2022/12/22 8:00,295,0,58000,89
70734876,LL22153804M,9.82091E+14,1707,2022/12/22 8:05,583,0,72500,364
70732905,LL22141101M,9.82091E+14,1707,2022/12/22 8:25,72,0,69500,31
70734852,LL22148101M,9.82091E+14,1707,2022/12/22 8:27,1037,0,56500,425
70734154,LL22150506M,9.82091E+14,1707,2022/12/22 8:45,194,0,72500,70
70739142,LL22150005M,9.82091E+14,1707,2022/12/22 8:48,364,0,57500,80
70721340,LL22144904M,9.82091E+14,1707,2022/12/22 8:54,28,0,,1
70739142,LL22150005M,9.82091E+14,1707,2022/12/22 9:02,34,0,,10
70734154,LL22150506M,9.82091E+14,1707,2022/12/22 9:14,235,0,72500,68
70734154,LL22150506M,9.82091E+14,1707,2022/12/22 9:20,238,0,72500,83
70734154,LL22150506M,9.82091E+14,1707,2022/12/22 9:32,59,0,,14
70721340,LL22144904M,9.82091E+14,1707,2022/12/22 9:35,320,0,78500,242
70734154,LL22150506M,9.82091E+14,1707,2022/12/22 9:41,34,0,,18
70721340,LL22144904M,9.82091E+14,1707,2022/12/22 9:42,29,0,,5
70734162,LL22150204M,9.82091E+14,1707,2022/12/22 9:46,498,0,56750,332
70721340,LL22144904M,9.82091E+14,1707,2022/12/22 9:54,118,0,79000,60
70734848,LL22148404M,9.82091E+14,1707,2022/12/22 9:57,123,0,67000,61
70732905,LL22141101M,9.82091E+14,1707,2022/12/22 9:59,169,0,68500,40
70734154,LL22150506M,9.82091E+14,1707,2022/12/22 10:02,50,0,,21
70734848,LL22148404M,9.82091E+14,1707,2022/12/22 10:04,34,0,,5
70732905,LL22141101M,9.82091E+14,1707,2022/12/22 10:04,52,0,,8
70732905,LL22141101M,9.82091E+14,1707,2022/12/22 10:08,490,0,69000,320
70721340,LL22144904M,9.82091E+14,1707,2022/12/22 10:16,44,0,,19
70739142,LL22150005M,9.82091E+14,1707,2022/12/22 10:20,143,0,58500,37
70732905,LL22141101M,9.82091E+14,1707,2022/12/22 10:24,197,0,68500,48
70734154,LL22150506M,9.82091E+14,1707,2022/12/22 10:28,53,0,,23
70732905,LL22141101M,9.82091E+14,1707,2022/12/22 10:30,38,0,,6
70734119,LL22150501M,9.82091E+14,1707,2022/12/22 10:30,483,0,63500,241
70734876,LL22153804M,9.82091E+14,1707,2022/12/22 10:38,586,0,72000,383
70734848,LL22148404M,9.82091E+14,1707,2022/12/22 10:48,142,0,67500,62
70734119,LL22150501M,9.82091E+14,1707,2022/12/22 10:50,112,0,63000,63
70734848,LL22148404M,9.82091E+14,1707,2022/12/22 10:53,516,0,67000,378
70739142,LL22150005M,9.82091E+14,1707,2022/12/22 11:01,314,0,58000,84
70734119,LL22150501M,9.82091E+14,1707,2022/12/22 11:07,185,0,63500,69
70739179,LL22133202M,699b78b7-0c70-4ae2-ab86-2d616dd829b8,1707,2022/12/22 11:10,77,0,79250,1
70721340,LL22144904M,9.82091E+14,1707,2022/12/22 11:11,20,0,,1
70734154,LL22150506M,9.82091E+14,1707,2022/12/22 11:12,476,0,72000,225
70739142,LL22150005M,9.82091E+14,1707,2022/12/22 11:20,688,0,58000,195
70734852,LL22148101M,9.82091E+14,1707,2022/12/22 11:32,418,0,56000,107
70734891,LL22149402M,9.82091E+14,1707,2022/12/22 11:39,949,0,62500,491
70739142,LL22150005M,9.82091E+14,1707,2022/12/22 11:55,153,0,58000,24
70739179,LL22133202M,699b78b7-0c70-4ae2-ab86-2d616dd829b8,1707,2022/12/22 12:00,122,0,79000,1
70721340,LL22144904M,9.82091E+14,1707,2022/12/22 12:02,73,0,78500,3
70732905,LL22141101M,9.82091E+14,1707,2022/12/22 12:06,115,0,69000,10
70734852,LL22148101M,9.82091E+14,1707,2022/12/22 12:09,975,0,56000,386
70732905,LL22141101M,9.82091E+14,1707,2022/12/22 12:25,200,0,68500,67
70739179,LL22133202M,699b78b7-0c70-4ae2-ab86-2d616dd829b8,1707,2022/12/22 12:29,120,0,78500,38
70732905,LL22141101M,9.82091E+14,1707,2022/12/22 12:32,50,0,,10
70734162,LL22150204M,9.82091E+14,1707,2022/12/22 12:33,83,0,56000,7
70721340,LL22144904M,9.82091E+14,1707,2022/12/22 12:34,69,0,76500,8
70739179,LL22133202M,699b78b7-0c70-4ae2-ab86-2d616dd829b8,1707,2022/12/22 12:36,26,0,,1
70732905,LL22141101M,9.82091E+14,1707,2022/12/22 12:37,53,0,,1
70734891,LL22149402M,9.82091E+14,1707,2022/12/22 12:40,205,0,62500,1
70739142,LL22150005M,9.82091E+14,1707,2022/12/22 12:44,854,0,58000,197
70734876,LL22153804M,9.82091E+14,1707,2022/12/22 12:58,291,0,71500,136
70734154,LL22150506M,9.82091E+14,1707,2022/12/22 13:03,398,0,72000,173
70739179,LL22133202M,699b78b7-0c70-4ae2-ab86-2d616dd829b8,1707,2022/12/22 13:10,141,0,80000,18
70721340,LL22144904M,9.82091E+14,1707,2022/12/22 13:13,637,0,78000,441
70734162,LL22150204M,9.82091E+14,1707,2022/12/22 13:24,301,0,56500,31
70732905,LL22141101M,9.82091E+14,1707,2022/12/22 13:29,136,0,68500,23
70734891,LL22149402M,9.82091E+14,1707,2022/12/22 13:31,444,0,62500,10
70739179,LL22133202M,699b78b7-0c70-4ae2-ab86-2d616dd829b8,1707,2022/12/22 13:39,148,0,78000,27
70734119,LL22150501M,9.82091E+14,1707,2022/12/22 13:42,83,0,61750,49
70739179,LL22133202M,699b78b7-0c70-4ae2-ab86-2d616dd829b8,1707,2022/12/22 13:44,593,0,79000,461
70734876,LL22153804M,9.82091E+14,1707,2022/12/22 13:54,12,0,,2
70734154,LL22150506M,9.82091E+14,1707,2022/12/22 13:54,582,0,72000,403
70732905,LL22141101M,9.82091E+14,1707,2022/12/22 14:04,243,0,68500,98
70734119,LL22150501M,9.82091E+14,1707,2022/12/22 14:09,400,0,63000,206
70734162,LL22150204M,9.82091E+14,1707,2022/12/22 14:16,566,0,56000,346
70734876,LL22153804M,9.82091E+14,1707,2022/12/22 14:25,52,0,,1
70734119,LL22150501M,9.82091E+14,1707,2022/12/22 14:26,189,0,63500,96
70734891,LL22149402M,9.82091E+14,1707,2022/12/22 14:29,728,0,62500,400
70739142,LL22150005M,9.82091E+14,1707,2022/12/22 14:42,590,0,59000,196
70721340,LL22144904M,9.82091E+14,1707,2022/12/22 14:52,437,0,78000,360
70734119,LL22150501M,9.82091E+14,1707,2022/12/22 14:59,52,0,,14
70734852,LL22148101M,9.82091E+14,1707,2022/12/22 15:00,780,0,56000,413
70734848,LL22148404M,9.82091E+14,1707,2022/12/22 15:13,832,0,67500,576
70734119,LL22150501M,9.82091E+14,1707,2022/12/22 15:27,235,0,63500,97
70734891,LL22149402M,9.82091E+14,1707,2022/12/22 15:32,156,0,62500,9
70739179,LL22133202M,699b78b7-0c70-4ae2-ab86-2d616dd829b8,1707,2022/12/22 15:36,541,0,78500,410
70732905,LL22141101M,9.82091E+14,1707,2022/12/22 15:45,1579,0,69000,1039
70734154,LL22150506M,9.82091E+14,1707,2022/12/22 16:11,479,0,74500,259
70734852,LL22148101M,9.82091E+14,1707,2022/12/22 16:20,631,0,58000,301
70734119,LL22150501M,9.82091E+14,1707,2022/12/22 16:30,1142,0,66000,574
70734876,LL22153804M,9.82091E+14,1707,2022/12/22 16:49,1263,0,75000,895
70739142,LL22150005M,9.82091E+14,1707,2022/12/22 17:11,508,0,62500,253
70734891,LL22149402M,9.82091E+14,1707,2022/12/22 17:20,925,0,65000,793
70721340,LL22144904M,9.82091E+14,1707,2022/12/22 17:35,576,0,81250,590
70734119,LL22150501M,9.82091E+14,1707,2022/12/22 17:45,221,0,67000,136
70739179,LL22133202M,699b78b7-0c70-4ae2-ab86-2d616dd829b8,1707,2022/12/22 17:58,495,0,82500,470
70734876,LL22153804M,9.82091E+14,1707,2022/12/22 18:06,871,0,75000,433
70734162,LL22150204M,9.82091E+14,1707,2022/12/22 19:23,449,0,58500,413
70734119,LL22150501M,9.82091E+14,1707,2022/12/22 19:43,472,0,67500,222
70734848,LL22148404M,9.82091E+14,1707,2022/12/22 19:51,414,0,70500,381
70734162,LL22150204M,9.82091E+14,1707,2022/12/22 22:07,137,0,57500,111
70734891,LL22149402M,9.82091E+14,1707,2022/12/22 22:12,227,0,65000,121
70734154,LL22150506M,9.82091E+14,1707,2022/12/22 22:20,233,0,75000,88
70721340,LL22144904M,9.82091E+14,1707,2022/12/22 22:24,241,0,80500,265
70739142,LL22150005M,9.82091E+14,1707,2022/12/22 22:30,22,0,,7
70721340,LL22144904M,9.82091E+14,1707,2022/12/22 22:31,31,0,,8
70734119,LL22150501M,9.82091E+14,1707,2022/12/22 22:37,28,0,,19
70732905,LL22141101M,9.82091E+14,1707,2022/12/22 23:59,280,0,71500,153
70739179,LL22133202M,699b78b7-0c70-4ae2-ab86-2d616dd829b8,1707,2022/12/23 0:22,360,0,82000,307
70739142,LL22150005M,9.82091E+14,1707,2022/12/23 1:53,603,0,60000,243
70721340,LL22144904M,9.82091E+14,1707,2022/12/23 2:10,286,0,80750,207
70739142,LL22150005M,9.82091E+14,1707,2022/12/23 2:18,87,0,60000,51
70734848,LL22148404M,9.82091E+14,1707,2022/12/23 2:32,505,0,68500,378
70734876,LL22153804M,9.82091E+14,1707,2022/12/23 2:43,453,0,74000,154
70734154,LL22150506M,9.82091E+14,1707,2022/12/23 3:50,961,0,74500,351
70734154,LL22150506M,9.82091E+14,1707,2022/12/23 4:10,110,0,73500,70
70739179,LL22133202M,699b78b7-0c70-4ae2-ab86-2d616dd829b8,1707,2022/12/23 4:14,492,0,81500,528
70734154,LL22150506M,9.82091E+14,1707,2022/12/23 4:22,207,0,73500,73
70734162,LL22150204M,9.82091E+14,1707,2022/12/23 4:27,121,0,57500,34
70734162,LL22150204M,9.82091E+14,1707,2022/12/23 5:39,525,0,57500,393
70739142,LL22150005M,9.82091E+14,1707,2022/12/23 5:48,990,0,59000,355
70734119,LL22150501M,9.82091E+14,1707,2022/12/23 6:04,1093,0,65500,504
70721340,LL22144904M,9.82091E+14,1707,2022/12/23 6:22,613,0,80500,621
70734119,LL22150501M,9.82091E+14,1707,2022/12/23 6:33,93,0,66500,59
70734154,LL22150506M,9.82091E+14,1707,2022/12/23 6:35,186,0,74500,74
70734119,LL22150501M,9.82091E+14,1707,2022/12/23 6:39,107,0,64500,77
70732905,LL22141101M,9.82091E+14,1707,2022/12/23 6:41,1339,0,71000,1065
70734848,LL22148404M,9.82091E+14,1707,2022/12/23 7:09,452,0,68500,339
70734876,LL22153804M,9.82091E+14,1707,2022/12/23 7:26,965,0,74000,662
70734162,LL22150204M,9.82091E+14,1707,2022/12/23 8:10,350,0,57500,237
70734891,LL22149402M,9.82091E+14,1707,2022/12/23 8:23,317,0,65000,157
70734852,LL22148101M,9.82091E+14,1707,2022/12/23 8:29,1028,0,57500,419
70734891,LL22149402M,9.82091E+14,1707,2022/12/23 8:46,677,0,64500,509
70739179,LL22133202M,699b78b7-0c70-4ae2-ab86-2d616dd829b8,1707,2022/12/23 8:57,288,0,80000,248
70734119,LL22150501M,9.82091E+14,1707,2022/12/23 9:02,77,0,63500,51
70734154,LL22150506M,9.82091E+14,1707,2022/12/23 9:04,737,0,73000,448
70732905,LL22141101M,9.82091E+14,1707,2022/12/23 9:16,165,0,70000,39
70734119,LL22150501M,9.82091E+14,1707,2022/12/23 9:19,97,0,65500,49
70739142,LL22150005M,9.82091E+14,1707,2022/12/23 9:21,730,0,59000,258
70739179,LL22133202M,699b78b7-0c70-4ae2-ab86-2d616dd829b8,1707,2022/12/23 9:33,209,0,80500,149
70739142,LL22150005M,9.82091E+14,1707,2022/12/23 9:37,135,0,58500,57
70734154,LL22150506M,9.82091E+14,1707,2022/12/23 9:40,121,0,73500,59
70739142,LL22150005M,9.82091E+14,1707,2022/12/23 9:42,21,0,,12
70734154,LL22150506M,9.82091E+14,1707,2022/12/23 9:43,146,0,74000,88
70739142,LL22150005M,9.82091E+14,1707,2022/12/23 9:47,42,0,,8
70734154,LL22150506M,9.82091E+14,1707,2022/12/23 9:51,30,0,,8
70721340,LL22144904M,9.82091E+14,1707,2022/12/23 10:07,308,0,79000,266
70734876,LL22153804M,9.82091E+14,1707,2022/12/23 10:13,69,0,73500,28
70734876,LL22153804M,9.82091E+14,1707,2022/12/23 10:16,331,0,73000,228
70721340,LL22144904M,9.82091E+14,1707,2022/12/23 10:22,184,0,79000,141
70734154,LL22150506M,9.82091E+14,1707,2022/12/23 10:25,152,0,74000,72
70734162,LL22150204M,9.82091E+14,1707,2022/12/23 10:28,201,0,57000,39
70734852,LL22148101M,9.82091E+14,1707,2022/12/23 10:31,380,0,57000,119
70734162,LL22150204M,9.82091E+14,1707,2022/12/23 10:38,350,0,56500,205
70739142,LL22150005M,9.82091E+14,1707,2022/12/23 10:45,37,0,,13
70734848,LL22148404M,9.82091E+14,1707,2022/12/23 10:47,461,0,67500,240
70739179,LL22133202M,699b78b7-0c70-4ae2-ab86-2d616dd829b8,1707,2022/12/23 10:55,68,0,81000,1
70732905,LL22141101M,9.82091E+14,1707,2022/12/23 10:57,712,0,70000,367
70734891,LL22149402M,9.82091E+14,1707,2022/12/23 11:09,442,0,64000,131
70734119,LL22150501M,9.82091E+14,1707,2022/12/23 11:17,1069,0,64500,488
70739179,LL22133202M,699b78b7-0c70-4ae2-ab86-2d616dd829b8,1707,2022/12/23 11:36,754,0,80000,575
70734162,LL22150204M,9.82091E+14,1707,2022/12/23 11:49,40,0,,4
70734852,LL22148101M,9.82091E+14,1707,2022/12/23 11:50,921,0,56500,366
70739142,LL22150005M,9.82091E+14,1707,2022/12/23 12:05,693,0,58500,280
70739142,LL22150005M,9.82091E+14,1707,2022/12/23 12:19,80,0,58500,26
70734891,LL22149402M,9.82091E+14,1707,2022/12/23 12:20,224,0,64000,2
70739142,LL22150005M,9.82091E+14,1707,2022/12/23 12:38,35,0,,10
70721340,LL22144904M,9.82091E+14,1707,2022/12/23 12:50,290,0,77500,263
70734162,LL22150204M,9.82091E+14,1707,2022/12/23 12:55,106,0,57000,47
70734876,LL22153804M,9.82091E+14,1707,2022/12/23 12:57,21,0,,3
70734162,LL22150204M,9.82091E+14,1707,2022/12/23 12:57,320,0,56500,174
70734848,LL22148404M,9.82091E+14,1707,2022/12/23 13:03,184,0,67500,53
70734154,LL22150506M,9.82091E+14,1707,2022/12/23 13:06,776,0,73500,512
70732905,LL22141101M,9.82091E+14,1707,2022/12/23 13:19,291,0,69500,169
70739142,LL22150005M,9.82091E+14,1707,2022/12/23 13:24,11,0,,3
70734162,LL22150204M,9.82091E+14,1707,2022/12/23 13:27,82,0,56500,33
70734852,LL22148101M,9.82091E+14,1707,2022/12/23 13:29,14,0,,3
70734876,LL22153804M,9.82091E+14,1707,2022/12/23 13:29,362,0,72000,243
70739142,LL22150005M,9.82091E+14,1707,2022/12/23 13:37,31,0,,19
70734154,LL22150506M,9.82091E+14,1707,2022/12/23 13:43,302,0,73500,135
70739142,LL22150005M,9.82091E+14,1707,2022/12/23 13:49,31,0,,7
70721340,LL22144904M,9.82091E+14,1707,2022/12/23 13:49,265,0,78000,115
70734852,LL22148101M,9.82091E+14,1707,2022/12/23 13:54,54,0,,1
70721340,LL22144904M,9.82091E+14,1707,2022/12/23 13:56,47,0,,13
70734848,LL22148404M,9.82091E+14,1707,2022/12/23 13:58,275,0,68000,77
70734876,LL22153804M,9.82091E+14,1707,2022/12/23 14:03,22,0,,1
70734119,LL22150501M,9.82091E+14,1707,2022/12/23 14:03,268,0,64500,101
70734848,LL22148404M,9.82091E+14,1707,2022/12/23 14:08,439,0,68000,359
70732905,LL22141101M,9.82091E+14,1707,2022/12/23 14:16,30,0,,6
70734119,LL22150501M,9.82091E+14,1707,2022/12/23 14:17,829,0,65500,343
70734154,LL22150506M,9.82091E+14,1707,2022/12/23 14:31,67,0,73000,47
70732905,LL22141101M,9.82091E+14,1707,2022/12/23 14:34,309,0,70500,118
70739142,LL22150005M,9.82091E+14,1707,2022/12/23 14:39,733,0,59000,249
70734891,LL22149402M,9.82091E+14,1707,2022/12/23 14:52,935,0,64000,764
70734154,LL22150506M,9.82091E+14,1707,2022/12/23 15:08,146,0,73500,72
70734852,LL22148101M,9.82091E+14,1707,2022/12/23 15:10,952,0,56500,457
70732905,LL22141101M,9.82091E+14,1707,2022/12/23 15:26,22,0,,1
70721340,LL22144904M,9.82091E+14,1707,2022/12/23 15:28,82,0,77500,56
70734154,LL22150506M,9.82091E+14,1707,2022/12/23 15:30,189,0,73500,126
70721340,LL22144904M,9.82091E+14,1707,2022/12/23 15:35,247,0,76500,319
70739142,LL22150005M,9.82091E+14,1707,2022/12/23 15:44,25,0,,4
70732905,LL22141101M,9.82091E+14,1707,2022/12/23 15:45,53,0,,26
70739179,LL22133202M,699b78b7-0c70-4ae2-ab86-2d616dd829b8,1707,2022/12/23 15:47,873,0,82000,769
70734162,LL22150204M,9.82091E+14,1707,2022/12/23 16:02,240,0,59000,205
70734852,LL22148101M,9.82091E+14,1707,2022/12/23 16:06,892,0,58000,450
70734119,LL22150501M,9.82091E+14,1707,2022/12/23 16:21,165,0,68500,91
70734162,LL22150204M,9.82091E+14,1707,2022/12/23 16:24,508,0,60000,390
70734876,LL22153804M,9.82091E+14,1707,2022/12/23 16:32,1764,0,77000,1054
70734154,LL22150506M,9.82091E+14,1707,2022/12/23 17:02,297,0,76500,167
70732905,LL22141101M,9.82091E+14,1707,2022/12/23 17:07,1193,0,73500,892
70721340,LL22144904M,9.82091E+14,1707,2022/12/23 17:27,569,0,82500,547
70734119,LL22150501M,9.82091E+14,1707,2022/12/23 17:37,668,0,68500,378
70734848,LL22148404M,9.82091E+14,1707,2022/12/23 17:48,665,0,71000,731
70739142,LL22150005M,9.82091E+14,1707,2022/12/23 18:01,645,0,60500,273
70739179,LL22133202M,699b78b7-0c70-4ae2-ab86-2d616dd829b8,1707,2022/12/23 18:16,657,0,84000,650
70734891,LL22149402M,9.82091E+14,1707,2022/12/23 19:24,685,0,67000,603
70732905,LL22141101M,9.82091E+14,1707,2022/12/23 19:45,161,0,75000,97
70734119,LL22150501M,9.82091E+14,1707,2022/12/23 19:48,610,0,68000,312
70732905,LL22141101M,9.82091E+14,1707,2022/12/23 19:58,145,0,73500,118
70734848,LL22148404M,9.82091E+14,1707,2022/12/23 20:01,485,0,72000,458
70721340,LL22144904M,9.82091E+14,1707,2022/12/23 20:12,350,0,82500,407
70734119,LL22150501M,9.82091E+14,1707,2022/12/23 20:45,24,0,,13
70739142,LL22150005M,9.82091E+14,1707,2022/12/23 20:46,179,0,61000,88
70734891,LL22149402M,9.82091E+14,1707,2022/12/23 20:49,345,0,66500,281
70734876,LL22153804M,9.82091E+14,1707,2022/12/23 20:58,346,0,77500,200
70734876,LL22153804M,9.82091E+14,1707,2022/12/23 21:08,302,0,78500,222
70734154,LL22150506M,9.82091E+14,1707,2022/12/23 21:56,78,0,76250,32
70739179,LL22133202M,699b78b7-0c70-4ae2-ab86-2d616dd829b8,1707,2022/12/23 23:57,228,0,84500,207
70721340,LL22144904M,9.82091E+14,1707,2022/12/24 0:11,374,0,83000,420
70734162,LL22150204M,9.82091E+14,1707,2022/12/24 0:42,188,0,59500,87
70739142,LL22150005M,9.82091E+14,1707,2022/12/24 1:51,367,0,60000,157
70734876,LL22153804M,9.82091E+14,1707,2022/12/24 2:58,700,0,76000,422
70734162,LL22150204M,9.82091E+14,1707,2022/12/24 3:39,366,0,60500,317
70739179,LL22133202M,699b78b7-0c70-4ae2-ab86-2d616dd829b8,1707,2022/12/24 3:48,271,0,85000,208
70734154,LL22150506M,9.82091E+14,1707,2022/12/24 4:12,576,0,76500,179
70734154,LL22150506M,9.82091E+14,1707,2022/12/24 4:23,126,0,75500,82
70734154,LL22150506M,9.82091E+14,1707,2022/12/24 4:29,56,0,,18
70734154,LL22150506M,9.82091E+14,1707,2022/12/24 4:34,81,0,75500,55
70734154,LL22150506M,9.82091E+14,1707,2022/12/24 4:49,80,0,76250,55
70721340,LL22144904M,9.82091E+14,1707,2022/12/24 4:59,187,0,82500,137
70734162,LL22150204M,9.82091E+14,1707,2022/12/24 5:13,102,0,60000,42
70734119,LL22150501M,9.82091E+14,1707,2022/12/24 5:15,1022,0,67500,452
70739142,LL22150005M,9.82091E+14,1707,2022/12/24 5:32,240,0,60500,123
70739142,LL22150005M,9.82091E+14,1707,2022/12/24 5:39,220,0,60250,89
70734119,LL22150501M,9.82091E+14,1707,2022/12/24 5:50,56,0,,27
70721340,LL22144904M,9.82091E+14,1707,2022/12/24 6:14,316,0,81500,360
70734848,LL22148404M,9.82091E+14,1707,2022/12/24 6:24,579,0,72000,463
70734876,LL22153804M,9.82091E+14,1707,2022/12/24 6:35,584,0,78000,438
70739142,LL22150005M,9.82091E+14,1707,2022/12/24 7:52,136,0,61000,63
70739142,LL22150005M,9.82091E+14,1707,2022/12/24 7:56,451,0,61000,170
70734119,LL22150501M,9.82091E+14,1707,2022/12/24 8:04,31,0,,33
70734162,LL22150204M,9.82091E+14,1707,2022/12/24 8:05,578,0,60500,489
70734852,LL22148101M,9.82091E+14,1707,2022/12/24 8:14,844,0,60000,367
70721340,LL22144904M,9.82091E+14,1707,2022/12/24 8:28,271,0,84000,293
70734119,LL22150501M,9.82091E+14,1707,2022/12/24 8:33,362,0,68500,197
70734891,LL22149402M,9.82091E+14,1707,2022/12/24 8:39,207,0,67500,105
70732905,LL22141101M,9.82091E+14,1707,2022/12/24 8:44,1442,0,74000,1123
70734154,LL22150506M,9.82091E+14,1707,2022/12/24 9:09,1079,0,76500,672
70734119,LL22150501M,9.82091E+14,1707,2022/12/24 9:27,236,0,68000,134
70739142,LL22150005M,9.82091E+14,1707,2022/12/24 9:31,1029,0,61000,477
70739179,LL22133202M,699b78b7-0c70-4ae2-ab86-2d616dd829b8,1707,2022/12/24 9:48,788,0,84000,882
70734119,LL22150501M,9.82091E+14,1707,2022/12/24 10:02,270,0,69000,155
70734848,LL22148404M,9.82091E+14,1707,2022/12/24 10:06,712,0,72500,595
70734891,LL22149402M,9.82091E+14,1707,2022/12/24 10:18,1052,0,66000,808
70721340,LL22144904M,9.82091E+14,1707,2022/12/24 10:36,561,0,83000,574
70734162,LL22150204M,9.82091E+14,1707,2022/12/24 11:09,701,0,60000,562
70734876,LL22153804M,9.82091E+14,1707,2022/12/24 11:23,682,0,77500,471
70734154,LL22150506M,9.82091E+14,1707,2022/12/24 11:35,281,0,77000,201
70734852,LL22148101M,9.82091E+14,1707,2022/12/24 11:39,1208,0,59000,564
70739142,LL22150005M,9.82091E+14,1707,2022/12/24 12:00,227,0,61000,96
70732905,LL22141101M,9.82091E+14,1707,2022/12/24 12:04,310,0,74000,200
70734154,LL22150506M,9.82091E+14,1707,2022/12/24 12:09,152,0,77000,117
70734119,LL22150501M,9.82091E+14,1707,2022/12/24 12:13,113,0,68000,59
70732905,LL22141101M,9.82091E+14,1707,2022/12/24 12:16,130,0,74000,88
70734891,LL22149402M,9.82091E+14,1707,2022/12/24 12:18,483,0,66500,211
70734119,LL22150501M,9.82091E+14,1707,2022/12/24 12:26,112,0,68000,69
70739142,LL22150005M,9.82091E+14,1707,2022/12/24 12:28,484,0,61000,143
70734119,LL22150501M,9.82091E+14,1707,2022/12/24 12:36,135,0,68000,91
70734848,LL22148404M,9.82091E+14,1707,2022/12/24 12:39,289,0,72500,203
70732905,LL22141101M,9.82091E+14,1707,2022/12/24 12:44,47,0,,27
70734119,LL22150501M,9.82091E+14,1707,2022/12/24 12:45,70,0,69000,49
70739179,LL22133202M,699b78b7-0c70-4ae2-ab86-2d616dd829b8,1707,2022/12/24 12:49,448,0,84500,418
70721340,LL22144904M,9.82091E+14,1707,2022/12/24 12:56,361,0,83000,411
70721340,LL22144904M,9.82091E+14,1707,2022/12/24 13:04,70,0,82500,67
70734876,LL22153804M,9.82091E+14,1707,2022/12/24 13:09,747,0,77500,522
70732905,LL22141101M,9.82091E+14,1707,2022/12/24 13:25,45,0,,12
70734162,LL22150204M,9.82091E+14,1707,2022/12/24 13:27,483,0,60500,398
70732905,LL22141101M,9.82091E+14,1707,2022/12/24 13:36,38,0,,15
70734154,LL22150506M,9.82091E+14,1707,2022/12/24 13:38,695,0,76500,530
70739142,LL22150005M,9.82091E+14,1707,2022/12/24 13:49,646,0,61000,267
70734891,LL22149402M,9.82091E+14,1707,2022/12/24 14:00,285,0,66500,143
70734852,LL22148101M,9.82091E+14,1707,2022/12/24 14:05,551,0,59500,259
70734162,LL22150204M,9.82091E+14,1707,2022/12/24 14:15,293,0,61000,241
70734119,LL22150501M,9.82091E+14,1707,2022/12/24 14:20,321,0,66500,164
70734848,LL22148404M,9.82091E+14,1707,2022/12/24 14:25,530,0,72000,513
70734119,LL22150501M,9.82091E+14,1707,2022/12/24 14:34,471,0,68000,253
70732905,LL22141101M,9.82091E+14,1707,2022/12/24 14:42,630,0,74000,483
70734852,LL22148101M,9.82091E+14,1707,2022/12/24 14:52,530,0,60000,266
70739179,LL22133202M,699b78b7-0c70-4ae2-ab86-2d616dd829b8,1707,2022/12/24 15:01,535,0,84500,496
70721340,LL22144904M,9.82091E+14,1707,2022/12/24 15:10,353,0,82500,408
70732905,LL22141101M,9.82091E+14,1707,2022/12/24 15:17,71,0,74000,23
70734162,LL22150204M,9.82091E+14,1707,2022/12/24 15:19,303,0,61000,200
70721340,LL22144904M,9.82091E+14,1707,2022/12/24 15:27,262,0,83000,284
70739142,LL22150005M,9.82091E+14,1707,2022/12/24 15:31,190,0,62000,52
70734154,LL22150506M,9.82091E+14,1707,2022/12/24 15:35,9,0,,7
70734891,LL22149402M,9.82091E+14,1707,2022/12/24 15:35,596,0,67500,462
70734119,LL22150501M,9.82091E+14,1707,2022/12/24 15:45,162,0,68500,103
70734154,LL22150506M,9.82091E+14,1707,2022/12/24 15:48,239,0,77500,176
70734119,LL22150501M,9.82091E+14,1707,2022/12/24 15:52,326,0,69500,188
70734852,LL22148101M,9.82091E+14,1707,2022/12/24 15:58,664,0,60500,341
70739142,LL22150005M,9.82091E+14,1707,2022/12/24 16:09,353,0,61500,149
70734891,LL22149402M,9.82091E+14,1707,2022/12/24 16:15,524,0,68000,423
70734119,LL22150501M,9.82091E+14,1707,2022/12/24 16:24,96,0,69000,69
70734119,LL22150501M,9.82091E+14,1707,2022/12/24 16:30,54,0,,39
70734119,LL22150501M,9.82091E+14,1707,2022/12/24 16:34,262,0,69500,85
70721340,LL22144904M,9.82091E+14,1707,2022/12/24 16:38,325,0,82750,370
70739179,LL22133202M,699b78b7-0c70-4ae2-ab86-2d616dd829b8,1707,2022/12/24 16:44,648,0,85500,562
70734848,LL22148404M,9.82091E+14,1707,2022/12/24 16:55,590,0,73000,545
70734876,LL22153804M,9.82091E+14,1707,2022/12/24 17:05,836,0,77500,709
70734154,LL22150506M,9.82091E+14,1707,2022/12/24 17:20,534,0,77000,498
70739142,LL22150005M,9.82091E+14,1707,2022/12/24 17:29,100,0,61500,41
70734119,LL22150501M,9.82091E+14,1707,2022/12/24 17:31,31,0,,35
70734891,LL22149402M,9.82091E+14,1707,2022/12/24 17:32,369,0,68500,197
70739142,LL22150005M,9.82091E+14,1707,2022/12/24 17:38,87,0,61500,35
70732905,LL22141101M,9.82091E+14,1707,2022/12/24 17:40,903,0,74000,722
70734848,LL22148404M,9.82091E+14,1707,2022/12/24 17:58,30,0,,2
70721340,LL22144904M,9.82091E+14,1707,2022/12/24 17:58,161,0,84000,177
70734119,LL22150501M,9.82091E+14,1707,2022/12/24 18:01,349,0,69500,184
70732905,LL22141101M,9.82091E+14,1707,2022/12/24 18:11,628,0,74500,390
70734876,LL22153804M,9.82091E+14,1707,2022/12/24 18:25,496,0,78000,392
70734848,LL22148404M,9.82091E+14,1707,2022/12/24 18:37,58,0,,36
70734876,LL22153804M,9.82091E+14,1707,2022/12/24 18:46,58,0,,36
70734119,LL22150501M,9.82091E+14,1707,2022/12/24 20:23,694,0,69000,340
70734848,LL22148404M,9.82091E+14,1707,2022/12/24 22:19,564,0,72000,570
70739179,LL22133202M,699b78b7-0c70-4ae2-ab86-2d616dd829b8,1707,2022/12/24 23:03,571,0,86000,594
70734119,LL22150501M,9.82091E+14,1707,2022/12/24 23:13,46,0,,41
70734891,LL22149402M,9.82091E+14,1707,2022/12/24 23:14,271,0,67500,130
70734891,LL22149402M,9.82091E+14,1707,2022/12/24 23:21,19,0,,1
70734162,LL22150204M,9.82091E+14,1707,2022/12/25 0:28,298,0,61000,211
70721340,LL22144904M,9.82091E+14,1707,2022/12/25 0:33,464,0,84000,509
70739142,LL22150005M,9.82091E+14,1707,2022/12/25 0:41,610,0,61000,275
70734876,LL22153804M,9.82091E+14,1707,2022/12/25 0:51,414,0,78000,356
70734119,LL22150501M,9.82091E+14,1707,2022/12/25 1:39,141,0,69000,64
70739142,LL22150005M,9.82091E+14,1707,2022/12/25 4:27,125,0,61000,57
70734154,LL22150506M,9.82091E+14,1707,2022/12/25 4:47,69,0,77500,26
70721340,LL22144904M,9.82091E+14,1707,2022/12/25 4:49,270,0,82500,284
70734154,LL22150506M,9.82091E+14,1707,2022/12/25 4:55,144,0,77500,65
70734162,LL22150204M,9.82091E+14,1707,2022/12/25 5:25,377,0,60500,294
70739142,LL22150005M,9.82091E+14,1707,2022/12/25 6:39,1044,0,61000,367
70734154,LL22150506M,9.82091E+14,1707,2022/12/25 6:56,456,0,76500,232
70734876,LL22153804M,9.82091E+14,1707,2022/12/25 7:04,770,0,77000,595
70734154,LL22150506M,9.82091E+14,1707,2022/12/25 7:17,239,0,77500,158
70739142,LL22150005M,9.82091E+14,1707,2022/12/25 7:22,39,0,,15
70734154,LL22150506M,9.82091E+14,1707,2022/12/25 7:23,51,0,,35
70732905,LL22141101M,9.82091E+14,1707,2022/12/25 7:25,706,0,75000,472
70734852,LL22148101M,9.82091E+14,1707,2022/12/25 7:37,986,0,59500,443
70734119,LL22150501M,9.82091E+14,1707,2022/12/25 7:53,1036,0,68000,514
70734162,LL22150204M,9.82091E+14,1707,2022/12/25 8:11,313,0,60500,230
70739179,LL22133202M,699b78b7-0c70-4ae2-ab86-2d616dd829b8,1707,2022/12/25 8:16,843,0,83500,865
70734119,LL22150501M,9.82091E+14,1707,2022/12/25 8:30,152,0,68000,53
70734848,LL22148404M,9.82091E+14,1707,2022/12/25 8:36,723,0,71500,591
70721340,LL22144904M,9.82091E+14,1707,2022/12/25 8:48,490,0,82500,550
70734876,LL22153804M,9.82091E+14,1707,2022/12/25 9:05,57,0,,25
70734119,LL22150501M,9.82091E+14,1707,2022/12/25 9:11,36,0,,10
70734162,LL22150204M,9.82091E+14,1707,2022/12/25 10:14,371,0,60500,279
70734154,LL22150506M,9.82091E+14,1707,2022/12/25 10:26,206,0,78000,71
70734154,LL22150506M,9.82091E+14,1707,2022/12/25 10:32,119,0,78000,72
70739142,LL22150005M,9.82091E+14,1707,2022/12/25 10:35,708,0,61000,254
70734891,LL22149402M,9.82091E+14,1707,2022/12/25 10:47,750,0,65500,540
70739142,LL22150005M,9.82091E+14,1707,2022/12/25 10:59,399,0,60500,178
70734852,LL22148101M,9.82091E+14,1707,2022/12/25 11:06,767,0,60000,352
70734154,LL22150506M,9.82091E+14,1707,2022/12/25 11:20,207,0,76500,102
70732905,LL22141101M,9.82091E+14,1707,2022/12/25 11:23,1166,0,74500,925
70739142,LL22150005M,9.82091E+14,1707,2022/12/25 11:43,84,0,59500,25
70734119,LL22150501M,9.82091E+14,1707,2022/12/25 11:44,149,0,68250,93
70739179,LL22133202M,699b78b7-0c70-4ae2-ab86-2d616dd829b8,1707,2022/12/25 11:47,542,0,84000,400
70721340,LL22144904M,9.82091E+14,1707,2022/12/25 11:56,457,0,82500,530
70734119,LL22150501M,9.82091E+14,1707,2022/12/25 12:04,778,0,68500,398
70734876,LL22153804M,9.82091E+14,1707,2022/12/25 12:17,1054,0,77000,895
70739142,LL22150005M,9.82091E+14,1707,2022/12/25 12:35,288,0,60500,99
70734162,LL22150204M,9.82091E+14,1707,2022/12/25 12:40,415,0,60500,477
70734162,LL22150204M,9.82091E+14,1707,2022/12/25 12:49,316,0,61000,218
70734848,LL22148404M,9.82091E+14,1707,2022/12/25 12:55,476,0,72000,446
70739179,LL22133202M,699b78b7-0c70-4ae2-ab86-2d616dd829b8,1707,2022/12/25 13:03,536,0,84500,477
70732905,LL22141101M,9.82091E+14,1707,2022/12/25 13:13,81,0,75000,58
70734162,LL22150204M,9.82091E+14,1707,2022/12/25 13:15,164,0,61000,110
70734154,LL22150506M,9.82091E+14,1707,2022/12/25 13:19,963,0,77000,720
70734852,LL22148101M,9.82091E+14,1707,2022/12/25 13:35,1201,0,60000,561
70739142,LL22150005M,9.82091E+14,1707,2022/12/25 13:55,1100,0,61000,415
70734891,LL22149402M,9.82091E+14,1707,2022/12/25 14:14,821,0,66000,622
70734162,LL22150204M,9.82091E+14,1707,2022/12/25 14:28,85,0,60750,53
70734848,LL22148404M,9.82091E+14,1707,2022/12/25 14:29,465,0,72500,445
70734119,LL22150501M,9.82091E+14,1707,2022/12/25 14:38,175,0,68000,99
70721340,LL22144904M,9.82091E+14,1707,2022/12/25 14:41,394,0,82000,423
70734119,LL22150501M,9.82091E+14,1707,2022/12/25 14:47,64,0,69000,54
70732905,LL22141101M,9.82091E+14,1707,2022/12/25 14:49,594,0,75000,454
70734154,LL22150506M,9.82091E+14,1707,2022/12/25 14:59,312,0,76500,217
70734119,LL22150501M,9.82091E+14,1707,2022/12/25 15:04,306,0,69000,194
70721340,LL22144904M,9.82091E+14,1707,2022/12/25 15:09,24,0,,27
70734162,LL22150204M,9.82091E+14,1707,2022/12/25 15:10,68,0,61000,54
70739142,LL22150005M,9.82091E+14,1707,2022/12/25 15:11,25,0,,7
70734891,LL22149402M,9.82091E+14,1707,2022/12/25 15:12,45,0,,3
70739179,LL22133202M,699b78b7-0c70-4ae2-ab86-2d616dd829b8,1707,2022/12/25 15:13,52,0,,21
70734119,LL22150501M,9.82091E+14,1707,2022/12/25 15:13,39,0,,45
70734154,LL22150506M,9.82091E+14,1707,2022/12/25 15:14,32,0,,33
70734876,LL22153804M,9.82091E+14,1707,2022/12/25 15:16,9,0,,5
70732905,LL22141101M,9.82091E+14,1707,2022/12/25 15:16,54,0,,38
70734119,LL22150501M,9.82091E+14,1707,2022/12/25 15:17,21,0,,26
70734154,LL22150506M,9.82091E+14,1707,2022/12/25 15:18,17,0,,24
70734162,LL22150204M,9.82091E+14,1707,2022/12/25 15:18,47,0,,43
70732905,LL22141101M,9.82091E+14,1707,2022/12/25 15:19,96,0,74500,65
70739142,LL22150005M,9.82091E+14,1707,2022/12/25 15:21,163,0,61500,39
70734119,LL22150501M,9.82091E+14,1707,2022/12/25 15:24,89,0,70000,67
70734852,LL22148101M,9.82091E+14,1707,2022/12/25 15:26,105,0,62000,10
70734876,LL22153804M,9.82091E+14,1707,2022/12/25 15:27,702,0,77000,495
70739179,LL22133202M,699b78b7-0c70-4ae2-ab86-2d616dd829b8,1707,2022/12/25 15:41,624,0,86000,540
70734852,LL22148101M,9.82091E+14,1707,2022/12/25 15:52,344,0,60000,175
70734119,LL22150501M,9.82091E+14,1707,2022/12/25 15:58,22,0,,23
70739142,LL22150005M,9.82091E+14,1707,2022/12/25 15:59,10,0,,5
70734154,LL22150506M,9.82091E+14,1707,2022/12/25 16:00,12,0,,4
70734119,LL22150501M,9.82091E+14,1707,2022/12/25 16:00,18,0,,30
70734162,LL22150204M,9.82091E+14,1707,2022/12/25 16:01,27,0,,22
70734852,LL22148101M,9.82091E+14,1707,2022/12/25 16:02,439,0,60000,260
70721340,LL22144904M,9.82091E+14,1707,2022/12/25 16:10,32,0,,28
70734119,LL22150501M,9.82091E+14,1707,2022/12/25 16:11,81,0,69500,73
70739142,LL22150005M,9.82091E+14,1707,2022/12/25 16:12,180,0,62500,30
70734848,LL22148404M,9.82091E+14,1707,2022/12/25 16:16,139,0,73000,64
70734119,LL22150501M,9.82091E+14,1707,2022/12/25 16:19,63,0,69500,67
70734154,LL22150506M,9.82091E+14,1707,2022/12/25 16:21,155,0,78500,71
70734876,LL22153804M,9.82091E+14,1707,2022/12/25 16:24,283,0,78500,208
70734891,LL22149402M,9.82091E+14,1707,2022/12/25 16:29,712,0,67000,428
70721340,LL22144904M,9.82091E+14,1707,2022/12/25 16:41,441,0,82000,563
70734119,LL22150501M,9.82091E+14,1707,2022/12/25 16:49,328,0,70500,155
70734119,LL22150501M,9.82091E+14,1707,2022/12/25 16:56,20,0,,21
70721340,LL22144904M,9.82091E+14,1707,2022/12/25 16:58,110,0,83500,128
70734848,LL22148404M,9.82091E+14,1707,2022/12/25 17:01,415,0,73000,428
70734154,LL22150506M,9.82091E+14,1707,2022/12/25 17:09,368,0,79500,282
70734162,LL22150204M,9.82091E+14,1707,2022/12/25 17:17,62,0,61500,28
70739179,LL22133202M,699b78b7-0c70-4ae2-ab86-2d616dd829b8,1707,2022/12/25 17:18,660,0,85500,502
70734162,LL22150204M,9.82091E+14,1707,2022/12/25 17:29,80,0,61000,68
70721340,LL22144904M,9.82091E+14,1707,2022/12/25 17:33,89,0,84750,39
70732905,LL22141101M,9.82091E+14,1707,2022/12/25 17:36,509,0,75500,415
70734852,LL22148101M,9.82091E+14,1707,2022/12/25 17:44,121,0,60500,78
70732905,LL22141101M,9.82091E+14,1707,2022/12/25 17:48,62,0,75500,41
70734852,LL22148101M,9.82091E+14,1707,2022/12/25 17:49,116,0,62000,61
70734119,LL22150501M,9.82091E+14,1707,2022/12/25 17:54,25,0,,11
70732905,LL22141101M,9.82091E+14,1707,2022/12/25 18:02,325,0,76000,254
70739179,LL22133202M,699b78b7-0c70-4ae2-ab86-2d616dd829b8,1707,2022/12/25 18:29,36,0,,2
70734848,LL22148404M,9.82091E+14,1707,2022/12/25 19:05,60,0,,40
70734162,LL22150204M,9.82091E+14,1707,2022/12/25 19:08,179,0,62000,189
70739142,LL22150005M,9.82091E+14,1707,2022/12/25 19:34,101,0,62500,58
70734848,LL22148404M,9.82091E+14,1707,2022/12/25 19:36,73,0,74500,59
70734119,LL22150501M,9.82091E+14,1707,2022/12/25 20:13,178,0,70500,93
70739142,LL22150005M,9.82091E+14,1707,2022/12/25 20:16,350,0,62500,201
70721340,LL22144904M,9.82091E+14,1707,2022/12/25 20:23,386,0,84500,497
70734119,LL22150501M,9.82091E+14,1707,2022/12/25 20:35,605,0,70500,302
70734891,LL22149402M,9.82091E+14,1707,2022/12/25 20:46,509,0,68500,347
70734876,LL22153804M,9.82091E+14,1707,2022/12/25 21:53,510,0,78750,489
70734154,LL22150506M,9.82091E+14,1707,2022/12/25 22:02,82,0,79000,56
70734848,LL22148404M,9.82091E+14,1707,2022/12/25 22:04,559,0,75000,548
70734876,LL22153804M,9.82091E+14,1707,2022/12/25 22:14,286,0,79000,254
70734852,LL22148101M,9.82091E+14,1707,2022/12/25 23:21,823,0,60500,464
70732905,LL22141101M,9.82091E+14,1707,2022/12/25 23:52,406,0,77000,248
70739179,LL22133202M,699b78b7-0c70-4ae2-ab86-2d616dd829b8,1707,2022/12/26 0:07,381,0,87500,288
70739142,LL22150005M,9.82091E+14,1707,2022/12/26 1:40,57,0,,29
70734162,LL22150204M,9.82091E+14,1707,2022/12/26 3:32,287,0,62000,225
70734154,LL22150506M,9.82091E+14,1707,2022/12/26 4:25,79,0,78500,46
70721340,LL22144904M,9.82091E+14,1707,2022/12/26 4:27,459,0,85500,497
70734154,LL22150506M,9.82091E+14,1707,2022/12/26 4:35,377,0,77500,194
70739142,LL22150005M,9.82091E+14,1707,2022/12/26 4:41,895,0,62000,438
70734154,LL22150506M,9.82091E+14,1707,2022/12/26 5:05,80,0,78500,23
70734162,LL22150204M,9.82091E+14,1707,2022/12/26 5:20,163,0,61500,139
70734848,LL22148404M,9.82091E+14,1707,2022/12/26 6:07,486,0,74500,430
70739179,LL22133202M,699b78b7-0c70-4ae2-ab86-2d616dd829b8,1707,2022/12/26 6:20,660,0,87000,744
70734876,LL22153804M,9.82091E+14,1707,2022/12/26 6:38,671,0,80000,519
70734154,LL22150506M,9.82091E+14,1707,2022/12/26 7:04,293,0,79000,105
70734162,LL22150204M,9.82091E+14,1707,2022/12/26 7:31,393,0,62000,333
70734119,LL22150501M,9.82091E+14,1707,2022/12/26 7:38,322,0,69500,164
70739142,LL22150005M,9.82091E+14,1707,2022/12/26 7:44,204,0,63000,100
70734119,LL22150501M,9.82091E+14,1707,2022/12/26 7:47,257,0,69000,169
70721340,LL22144904M,9.82091E+14,1707,2022/12/26 7:52,483,0,85500,475
70739142,LL22150005M,9.82091E+14,1707,2022/12/26 8:00,277,0,62500,113
70734119,LL22150501M,9.82091E+14,1707,2022/12/26 8:05,215,0,68500,137
70734891,LL22149402M,9.82091E+14,1707,2022/12/26 8:09,388,0,68000,247
70739142,LL22150005M,9.82091E+14,1707,2022/12/26 8:25,33,0,,2
70734852,LL22148101M,9.82091E+14,1707,2022/12/26 8:26,729,0,62000,383
70734154,LL22150506M,9.82091E+14,1707,2022/12/26 8:38,571,0,78000,378
70732905,LL22141101M,9.82091E+14,1707,2022/12/26 8:48,1224,0,75500,959
70734162,LL22150204M,9.82091E+14,1707,2022/12/26 9:39,453,0,61500,354
70734162,LL22150204M,9.82091E+14,1707,2022/12/26 9:53,111,0,61500,64
70734876,LL22153804M,9.82091E+14,1707,2022/12/26 10:00,945,0,78500,732
70739142,LL22150005M,9.82091E+14,1707,2022/12/26 10:25,492,0,62500,105
70739142,LL22150005M,9.82091E+14,1707,2022/12/26 10:38,251,0,61500,33
70739142,LL22150005M,9.82091E+14,1707,2022/12/26 10:47,53,0,,20
70721340,LL22144904M,9.82091E+14,1707,2022/12/26 10:51,430,0,84250,491
70739142,LL22150005M,9.82091E+14,1707,2022/12/26 10:59,624,0,62500,245
70734119,LL22150501M,9.82091E+14,1707,2022/12/26 11:09,1021,0,70000,524
70739179,LL22133202M,699b78b7-0c70-4ae2-ab86-2d616dd829b8,1707,2022/12/26 11:26,846,0,85000,990
70734852,LL22148101M,9.82091E+14,1707,2022/12/26 11:41,256,0,62000,107
70734848,LL22148404M,9.82091E+14,1707,2022/12/26 11:45,871,0,74000,722
70739142,LL22150005M,9.82091E+14,1707,2022/12/26 12:00,182,0,62500,73
70734154,LL22150506M,9.82091E+14,1707,2022/12/26 12:03,782,0,78500,551
70734119,LL22150501M,9.82091E+14,1707,2022/12/26 12:16,39,0,,38
70734891,LL22149402M,9.82091E+14,1707,2022/12/26 12:17,1102,0,67000,820
70732905,LL22141101M,9.82091E+14,1707,2022/12/26 12:36,504,0,75000,387
70734162,LL22150204M,9.82091E+14,1707,2022/12/26 12:45,436,0,62000,297
70721340,LL22144904M,9.82091E+14,1707,2022/12/26 12:52,492,0,83500,528
70734876,LL22153804M,9.82091E+14,1707,2022/12/26 13:03,446,0,79500,350
70739142,LL22150005M,9.82091E+14,1707,2022/12/26 13:11,675,0,62000,257
70734119,LL22150501M,9.82091E+14,1707,2022/12/26 13:23,539,0,70000,202
70739142,LL22150005M,9.82091E+14,1707,2022/12/26 13:33,38,0,,29
70734119,LL22150501M,9.82091E+14,1707,2022/12/26 13:34,110,0,70000,71
70734119,LL22150501M,9.82091E+14,1707,2022/12/26 13:42,126,0,69500,53
70734119,LL22150501M,9.82091E+14,1707,2022/12/26 13:49,24,0,,23
70739142,LL22150005M,9.82091E+14,1707,2022/12/26 13:50,17,0,,9
70734162,LL22150204M,9.82091E+14,1707,2022/12/26 13:51,192,0,62000,193
70734162,LL22150204M,9.82091E+14,1707,2022/12/26 13:57,68,0,61000,39
70734119,LL22150501M,9.82091E+14,1707,2022/12/26 13:59,15,0,,14
70734162,LL22150204M,9.82091E+14,1707,2022/12/26 14:03,34,0,,25
70734154,LL22150506M,9.82091E+14,1707,2022/12/26 14:06,73,0,79000,56
70734154,LL22150506M,9.82091E+14,1707,2022/12/26 14:11,121,0,80000,88
70732905,LL22141101M,9.82091E+14,1707,2022/12/26 14:13,633,0,76500,467
70734852,LL22148101M,9.82091E+14,1707,2022/12/26 14:26,1280,0,61000,649
70734162,LL22150204M,9.82091E+14,1707,2022/12/26 14:47,194,0,62500,139
70739142,LL22150005M,9.82091E+14,1707,2022/12/26 14:50,888,0,63000,425
70734162,LL22150204M,9.82091E+14,1707,2022/12/26 15:05,33,0,,33
70734891,LL22149402M,9.82091E+14,1707,2022/12/26 15:06,816,0,68000,487
70721340,LL22144904M,9.82091E+14,1707,2022/12/26 15:20,358,0,84500,416
70734119,LL22150501M,9.82091E+14,1707,2022/12/26 15:26,464,0,71000,183
70739179,LL22133202M,699b78b7-0c70-4ae2-ab86-2d616dd829b8,1707,2022/12/26 15:34,800,0,85500,863
70734154,LL22150506M,9.82091E+14,1707,2022/12/26 15:48,760,0,78500,621
70732905,LL22141101M,9.82091E+14,1707,2022/12/26 16:01,191,0,76000,123
70734848,LL22148404M,9.82091E+14,1707,2022/12/26 16:04,690,0,74500,674
70734119,LL22150501M,9.82091E+14,1707,2022/12/26 16:16,160,0,70500,122
70734852,LL22148101M,9.82091E+14,1707,2022/12/26 16:19,656,0,62500,355
70734119,LL22150501M,9.82091E+14,1707,2022/12/26 16:30,34,0,,39
70734154,LL22150506M,9.82091E+14,1707,2022/12/26 16:31,45,0,,55
70734162,LL22150204M,9.82091E+14,1707,2022/12/26 16:32,73,0,62000,63
70734876,LL22153804M,9.82091E+14,1707,2022/12/26 16:33,775,0,79500,695
70721340,LL22144904M,9.82091E+14,1707,2022/12/26 16:47,22,0,,25
70734119,LL22150501M,9.82091E+14,1707,2022/12/26 16:49,57,0,,59
70734852,LL22148101M,9.82091E+14,1707,2022/12/26 16:51,85,0,62000,57
70734119,LL22150501M,9.82091E+14,1707,2022/12/26 16:53,238,0,72000,166
70739142,LL22150005M,9.82091E+14,1707,2022/12/26 16:57,110,0,61500,54
70739179,LL22133202M,699b78b7-0c70-4ae2-ab86-2d616dd829b8,1707,2022/12/26 16:59,232,0,87000,26
70721340,LL22144904M,9.82091E+14,1707,2022/12/26 17:03,272,0,83500,229
70721340,LL22144904M,9.82091E+14,1707,2022/12/26 17:11,48,0,,49
70732905,LL22141101M,9.82091E+14,1707,2022/12/26 17:16,392,0,77000,281
70739179,LL22133202M,699b78b7-0c70-4ae2-ab86-2d616dd829b8,1707,2022/12/26 17:24,356,0,87000,337
70732905,LL22141101M,9.82091E+14,1707,2022/12/26 17:36,172,0,77000,117
70734119,LL22150501M,9.82091E+14,1707,2022/12/26 17:40,558,0,72000,328
70734891,LL22149402M,9.82091E+14,1707,2022/12/26 17:51,826,0,68500,666
70734162,LL22150204M,9.82091E+14,1707,2022/12/26 19:05,401,0,63000,354
70734848,LL22148404M,9.82091E+14,1707,2022/12/26 19:13,542,0,75000,463
70734876,LL22153804M,9.82091E+14,1707,2022/12/26 19:23,355,0,79500,301
70732905,LL22141101M,9.82091E+14,1707,2022/12/26 20:01,768,0,78000,670
70739142,LL22150005M,9.82091E+14,1707,2022/12/26 20:20,100,0,63250,41
70734154,LL22150506M,9.82091E+14,1707,2022/12/26 21:10,659,0,80000,394
70721340,LL22144904M,9.82091E+14,1707,2022/12/26 22:01,420,0,85000,503
70734848,LL22148404M,9.82091E+14,1707,2022/12/26 22:10,482,0,76500,392
70734876,LL22153804M,9.82091E+14,1707,2022/12/26 23:53,768,0,81000,547
70739142,LL22150005M,9.82091E+14,1707,2022/12/27 0:06,510,0,63500,240
70721340,LL22144904M,9.82091E+14,1707,2022/12/27 0:14,32,0,,22
70721340,LL22144904M,9.82091E+14,1707,2022/12/27 0:51,260,0,86500,311
70739179,LL22133202M,699b78b7-0c70-4ae2-ab86-2d616dd829b8,1707,2022/12/27 2:28,662,0,88500,533
70734891,LL22149402M,9.82091E+14,1707,2022/12/27 2:53,361,0,69500,267
70734848,LL22148404M,9.82091E+14,1707,2022/12/27 3:09,47,0,,15
70721340,LL22144904M,9.82091E+14,1707,2022/12/27 3:11,284,0,86000,334
70734119,LL22150501M,9.82091E+14,1707,2022/12/27 5:20,51,0,,50
70734162,LL22150204M,9.82091E+14,1707,2022/12/27 5:23,321,0,63000,261
70739142,LL22150005M,9.82091E+14,1707,2022/12/27 5:28,1095,0,63500,486
70734876,LL22153804M,9.82091E+14,1707,2022/12/27 5:47,290,0,80500,228
70739142,LL22150005M,9.82091E+14,1707,2022/12/27 5:57,47,0,,8
70734848,LL22148404M,9.82091E+14,1707,2022/12/27 6:15,34,0,,14
70734154,LL22150506M,9.82091E+14,1707,2022/12/27 6:24,179,0,81000,55
70734154,LL22150506M,9.82091E+14,1707,2022/12/27 6:29,426,0,80000,220
70734848,LL22148404M,9.82091E+14,1707,2022/12/27 6:41,588,0,75000,380
70734119,LL22150501M,9.82091E+14,1707,2022/12/27 6:51,777,0,71000,416
70734119,LL22150501M,9.82091E+14,1707,2022/12/27 7:06,54,0,,32
70734154,LL22150506M,9.82091E+14,1707,2022/12/27 7:19,143,0,80500,69
70732905,LL22141101M,9.82091E+14,1707,2022/12/27 7:54,1069,0,78000,913
70734162,LL22150204M,9.82091E+14,1707,2022/12/27 8:12,411,0,63000,309
70721340,LL22144904M,9.82091E+14,1707,2022/12/27 8:19,483,0,87500,514
70734119,LL22150501M,9.82091E+14,1707,2022/12/27 8:28,48,0,,21
70739142,LL22150005M,9.82091E+14,1707,2022/12/27 8:29,297,0,64000,76
70734852,LL22148101M,9.82091E+14,1707,2022/12/27 8:37,864,0,62000,396
70739142,LL22150005M,9.82091E+14,1707,2022/12/27 8:52,425,0,64500,186
70739179,LL22133202M,699b78b7-0c70-4ae2-ab86-2d616dd829b8,1707,2022/12/27 8:59,937,0,87500,921
70739142,LL22150005M,9.82091E+14,1707,2022/12/27 9:15,48,0,,26
70734119,LL22150501M,9.82091E+14,1707,2022/12/27 9:16,222,0,71500,120
70734119,LL22150501M,9.82091E+14,1707,2022/12/27 9:22,231,0,71500,128
70739142,LL22150005M,9.82091E+14,1707,2022/12/27 9:25,50,0,,38
70734119,LL22150501M,9.82091E+14,1707,2022/12/27 9:28,23,0,,31
70734119,LL22150501M,9.82091E+14,1707,2022/12/27 9:31,47,0,,14
70739142,LL22150005M,9.82091E+14,1707,2022/12/27 9:32,12,0,,6
70734119,LL22150501M,9.82091E+14,1707,2022/12/27 9:35,20,0,,18
70734119,LL22150501M,9.82091E+14,1707,2022/12/27 9:47,195,0,71000,45
70734154,LL22150506M,9.82091E+14,1707,2022/12/27 9:50,421,0,80500,168
70734876,LL22153804M,9.82091E+14,1707,2022/12/27 9:58,891,0,80500,779
70734154,LL22150506M,9.82091E+14,1707,2022/12/27 10:16,417,0,80000,297
70734154,LL22150506M,9.82091E+14,1707,2022/12/27 10:28,121,0,81000,94
70734154,LL22150506M,9.82091E+14,1707,2022/12/27 10:34,99,0,80500,62
70734891,LL22149402M,9.82091E+14,1707,2022/12/27 10:36,816,0,69000,630
70734848,LL22148404M,9.82091E+14,1707,2022/12/27 10:49,753,0,75500,540
70734852,LL22148101M,9.82091E+14,1707,2022/12/27 11:14,162,0,63000,72
70739142,LL22150005M,9.82091E+14,1707,2022/12/27 11:17,508,0,64000,139
70739142,LL22150005M,9.82091E+14,1707,2022/12/27 11:31,228,0,64000,212
70732905,LL22141101M,9.82091E+14,1707,2022/12/27 11:36,291,0,78000,239
70734162,LL22150204M,9.82091E+14,1707,2022/12/27 11:41,137,0,62500,11
70721340,LL22144904M,9.82091E+14,1707,2022/12/27 11:44,503,0,86000,535
70734852,LL22148101M,9.82091E+14,1707,2022/12/27 11:52,273,0,62500,96
70739142,LL22150005M,9.82091E+14,1707,2022/12/27 11:59,61,0,64500,16
70734119,LL22150501M,9.82091E+14,1707,2022/12/27 12:00,373,0,71000,172
70734162,LL22150204M,9.82091E+14,1707,2022/12/27 12:08,327,0,62000,223
70734876,LL22153804M,9.82091E+14,1707,2022/12/27 12:13,744,0,81000,583
70734876,LL22153804M,9.82091E+14,1707,2022/12/27 12:36,151,0,82000,130
70734891,LL22149402M,9.82091E+14,1707,2022/12/27 12:39,626,0,69000,323
70734154,LL22150506M,9.82091E+14,1707,2022/12/27 12:50,354,0,80500,199
70734119,LL22150501M,9.82091E+14,1707,2022/12/27 12:56,525,0,71000,309
70734154,LL22150506M,9.82091E+14,1707,2022/12/27 13:05,282,0,81000,264
70739142,LL22150005M,9.82091E+14,1707,2022/12/27 13:10,385,0,64000,140
70734162,LL22150204M,9.82091E+14,1707,2022/12/27 13:17,406,0,63000,245
70732905,LL22141101M,9.82091E+14,1707,2022/12/27 13:24,425,0,78000,278
70739179,LL22133202M,699b78b7-0c70-4ae2-ab86-2d616dd829b8,1707,2022/12/27 13:31,861,0,89000,789
70734852,LL22148101M,9.82091E+14,1707,2022/12/27 13:46,1174,0,62500,526
70721340,LL22144904M,9.82091E+14,1707,2022/12/27 14:05,458,0,86000,525
70739142,LL22150005M,9.82091E+14,1707,2022/12/27 14:13,1004,0,64500,451
70734848,LL22148404M,9.82091E+14,1707,2022/12/27 14:31,379,0,75000,215
70739142,LL22150005M,9.82091E+14,1707,2022/12/27 14:37,15,0,,6
70734876,LL22153804M,9.82091E+14,1707,2022/12/27 14:38,391,0,82500,326
70734162,LL22150204M,9.82091E+14,1707,2022/12/27 14:44,333,0,62500,136
70734162,LL22150204M,9.82091E+14,1707,2022/12/27 14:53,94,0,63000,47
70734891,LL22149402M,9.82091E+14,1707,2022/12/27 14:56,661,0,69500,467
70734119,LL22150501M,9.82091E+14,1707,2022/12/27 15:07,1003,0,72000,518
70734154,LL22150506M,9.82091E+14,1707,2022/12/27 15:24,938,0,81500,738
70739142,LL22150005M,9.82091E+14,1707,2022/12/27 15:40,679,0,65000,278
70721340,LL22144904M,9.82091E+14,1707,2022/12/27 15:52,311,0,87500,322
70732905,LL22141101M,9.82091E+14,1707,2022/12/27 15:57,824,0,78500,592
70734154,LL22150506M,9.82091E+14,1707,2022/12/27 16:11,224,0,82000,100
70734848,LL22148404M,9.82091E+14,1707,2022/12/27 16:15,669,0,75000,396
70734852,LL22148101M,9.82091E+14,1707,2022/12/27 16:26,965,0,62500,433
70734891,LL22149402M,9.82091E+14,1707,2022/12/27 16:43,526,0,70000,141
70739179,LL22133202M,699b78b7-0c70-4ae2-ab86-2d616dd829b8,1707,2022/12/27 16:52,637,0,89000,495
70734876,LL22153804M,9.82091E+14,1707,2022/12/27 17:09,360,0,82000,289
70721340,LL22144904M,9.82091E+14,1707,2022/12/27 17:16,119,0,86000,91
70739179,LL22133202M,699b78b7-0c70-4ae2-ab86-2d616dd829b8,1707,2022/12/27 17:41,557,0,90000,482
70734162,LL22150204M,9.82091E+14,1707,2022/12/27 17:51,252,0,63500,144
70734119,LL22150501M,9.82091E+14,1707,2022/12/27 17:55,158,0,72000,93
70734162,LL22150204M,9.82091E+14,1707,2022/12/27 17:58,327,0,63500,288
70734119,LL22150501M,9.82091E+14,1707,2022/12/27 18:03,403,0,71750,213
70732905,LL22141101M,9.82091E+14,1707,2022/12/27 18:18,908,0,79000,816
70734848,LL22148404M,9.82091E+14,1707,2022/12/27 18:35,45,0,,11
70734119,LL22150501M,9.82091E+14,1707,2022/12/27 18:36,74,0,72000,46
70734848,LL22148404M,9.82091E+14,1707,2022/12/27 18:38,661,0,75000,537
70734891,LL22149402M,9.82091E+14,1707,2022/12/27 19:26,540,0,71000,515
70734876,LL22153804M,9.82091E+14,1707,2022/12/27 19:41,499,0,82000,422
70721340,LL22144904M,9.82091E+14,1707,2022/12/27 19:50,224,0,87000,174
70734852,LL22148101M,9.82091E+14,1707,2022/12/27 19:55,421,0,62500,243
70732905,LL22141101M,9.82091E+14,1707,2022/12/27 20:13,33,0,,12
70721340,LL22144904M,9.82091E+14,1707,2022/12/27 20:17,223,0,86500,234
70721340,LL22144904M,9.82091E+14,1707,2022/12/27 20:59,340,0,87500,378
70734154,LL22150506M,9.82091E+14,1707,2022/12/27 21:07,210,0,82500,104
70734876,LL22153804M,9.82091E+14,1707,2022/12/27 21:16,366,0,82000,278
70739142,LL22150005M,9.82091E+14,1707,2022/12/27 21:23,773,0,65500,319
70734848,LL22148404M,9.82091E+14,1707,2022/12/27 21:38,124,0,75500,27
70739179,LL22133202M,699b78b7-0c70-4ae2-ab86-2d616dd829b8,1707,2022/12/27 21:40,254,0,89500,236
70734119,LL22150501M,9.82091E+14,1707,2022/12/27 21:48,736,0,72500,365
70734154,LL22150506M,9.82091E+14,1707,2022/12/27 22:03,187,0,82500,125
70732905,LL22141101M,9.82091E+14,1707,2022/12/27 22:06,353,0,79500,256
70734154,LL22150506M,9.82091E+14,1707,2022/12/27 22:12,254,0,81000,195
70734891,LL22149402M,9.82091E+14,1707,2022/12/27 22:17,45,0,,1
70734119,LL22150501M,9.82091E+14,1707,2022/12/27 22:18,30,0,,37
70734852,LL22148101M,9.82091E+14,1707,2022/12/27 22:19,377,0,63500,232
70734848,LL22148404M,9.82091E+14,1707,2022/12/27 22:39,41,0,,2
70734848,LL22148404M,9.82091E+14,1707,2022/12/28 1:20,526,0,76000,500
70739179,LL22133202M,699b78b7-0c70-4ae2-ab86-2d616dd829b8,1707,2022/12/28 2:17,501,0,89500,498
70734162,LL22150204M,9.82091E+14,1707,2022/12/28 2:27,180,0,63000,144
70721340,LL22144904M,9.82091E+14,1707,2022/12/28 2:32,307,0,87500,346
70734848,LL22148404M,9.82091E+14,1707,2022/12/28 3:58,75,0,76250,44
70739142,LL22150005M,9.82091E+14,1707,2022/12/28 5:07,180,0,64000,43
70739142,LL22150005M,9.82091E+14,1707,2022/12/28 5:15,940,0,65000,367
70734154,LL22150506M,9.82091E+14,1707,2022/12/28 5:34,69,0,81500,34
70721340,LL22144904M,9.82091E+14,1707,2022/12/28 5:38,445,0,87000,455
70734162,LL22150204M,9.82091E+14,1707,2022/12/28 5:46,203,0,63000,119
70734876,LL22153804M,9.82091E+14,1707,2022/12/28 5:50,301,0,82000,40
70734119,LL22150501M,9.82091E+14,1707,2022/12/28 5:56,94,0,71000,57
70732905,LL22141101M,9.82091E+14,1707,2022/12/28 5:58,591,0,78500,416
70734162,LL22150204M,9.82091E+14,1707,2022/12/28 7:27,337,0,61500,252
70739179,LL22133202M,699b78b7-0c70-4ae2-ab86-2d616dd829b8,1707,2022/12/28 7:34,323,0,88000,283
70739142,LL22150005M,9.82091E+14,1707,2022/12/28 7:46,300,0,64500,86
70739142,LL22150005M,9.82091E+14,1707,2022/12/28 7:55,104,0,63000,37
70734154,LL22150506M,9.82091E+14,1707,2022/12/28 7:58,255,0,81000,121
70739142,LL22150005M,9.82091E+14,1707,2022/12/28 8:03,49,0,,30
70734891,LL22149402M,9.82091E+14,1707,2022/12/28 8:04,647,0,70000,469
70739142,LL22150005M,9.82091E+14,1707,2022/12/28 8:15,186,0,64000,51
70734852,LL22148101M,9.82091E+14,1707,2022/12/28 8:23,580,0,62000,276
70734876,LL22153804M,9.82091E+14,1707,2022/12/28 8:33,130,0,80000,86
70734154,LL22150506M,9.82091E+14,1707,2022/12/28 8:35,33,0,,37
70734876,LL22153804M,9.82091E+14,1707,2022/12/28 8:36,835,0,80500,575
70734154,LL22150506M,9.82091E+14,1707,2022/12/28 8:50,425,0,80500,273
70734119,LL22150501M,9.82091E+14,1707,2022/12/28 8:58,1168,0,70500,551
70721340,LL22144904M,9.82091E+14,1707,2022/12/28 9:17,326,0,86000,366
70739142,LL22150005M,9.82091E+14,1707,2022/12/28 9:23,49,0,,29
70734119,LL22150501M,9.82091E+14,1707,2022/12/28 9:24,26,0,,29
70739142,LL22150005M,9.82091E+14,1707,2022/12/28 9:26,87,0,65000,30
70734119,LL22150501M,9.82091E+14,1707,2022/12/28 9:28,15,0,,20
70734119,LL22150501M,9.82091E+14,1707,2022/12/28 9:31,22,0,,5
70734162,LL22150204M,9.82091E+14,1707,2022/12/28 9:33,175,0,62000,113
70739179,LL22133202M,699b78b7-0c70-4ae2-ab86-2d616dd829b8,1707,2022/12/28 9:40,398,0,88500,427
70734154,LL22150506M,9.82091E+14,1707,2022/12/28 9:47,454,0,80500,352
70734162,LL22150204M,9.82091E+14,1707,2022/12/28 9:54,343,0,63000,184
70739179,LL22133202M,699b78b7-0c70-4ae2-ab86-2d616dd829b8,1707,2022/12/28 10:00,555,0,89000,386
70732905,LL22141101M,9.82091E+14,1707,2022/12/28 10:09,662,0,78000,472
70734848,LL22148404M,9.82091E+14,1707,2022/12/28 10:20,812,0,74000,661
70734162,LL22150204M,9.82091E+14,1707,2022/12/28 10:34,44,0,,3
70734876,LL22153804M,9.82091E+14,1707,2022/12/28 10:35,25,0,,4
70734876,LL22153804M,9.82091E+14,1707,2022/12/28 10:38,122,0,81500,83
70734162,LL22150204M,9.82091E+14,1707,2022/12/28 10:45,108,0,62000,72
70734876,LL22153804M,9.82091E+14,1707,2022/12/28 10:48,14,0,,12
70734162,LL22150204M,9.82091E+14,1707,2022/12/28 10:50,48,0,,22
70734876,LL22153804M,9.82091E+14,1707,2022/12/28 10:51,14,0,,14
70739142,LL22150005M,9.82091E+14,1707,2022/12/28 11:34,101,0,64000,45
70721340,LL22144904M,9.82091E+14,1707,2022/12/28 11:37,129,0,84250,144
70739142,LL22150005M,9.82091E+14,1707,2022/12/28 11:39,332,0,64000,149
70734119,LL22150501M,9.82091E+14,1707,2022/12/28 11:45,91,0,71500,49
70739142,LL22150005M,9.82091E+14,1707,2022/12/28 11:47,36,0,,32
70734162,LL22150204M,9.82091E+14,1707,2022/12/28 11:47,82,0,62000,81
70739142,LL22150005M,9.82091E+14,1707,2022/12/28 11:49,26,0,,22
70734119,LL22150501M,9.82091E+14,1707,2022/12/28 11:50,158,0,70500,64
70739142,LL22150005M,9.82091E+14,1707,2022/12/28 11:54,404,0,64500,146
70734119,LL22150501M,9.82091E+14,1707,2022/12/28 12:01,225,0,71000,116
70739142,LL22150005M,9.82091E+14,1707,2022/12/28 12:05,20,0,,16
70734119,LL22150501M,9.82091E+14,1707,2022/12/28 12:06,16,0,,27
70734119,LL22150501M,9.82091E+14,1707,2022/12/28 12:14,33,0,,29
70734119,LL22150501M,9.82091E+14,1707,2022/12/28 12:17,46,0,,21
70734119,LL22150501M,9.82091E+14,1707,2022/12/28 12:20,16,0,,19
70734891,LL22149402M,9.82091E+14,1707,2022/12/28 12:27,539,0,69000,340
70734162,LL22150204M,9.82091E+14,1707,2022/12/28 12:36,46,0,,23
70739142,LL22150005M,9.82091E+14,1707,2022/12/28 12:37,35,0,,12
70721340,LL22144904M,9.82091E+14,1707,2022/12/28 12:38,348,0,86500,431
70734852,LL22148101M,9.82091E+14,1707,2022/12/28 12:44,946,0,62000,403
70734162,LL22150204M,9.82091E+14,1707,2022/12/28 12:59,165,0,63000,123
70734876,LL22153804M,9.82091E+14,1707,2022/12/28 13:02,233,0,81500,82
70734154,LL22150506M,9.82091E+14,1707,2022/12/28 13:07,1070,0,80750,723
70734876,LL22153804M,9.82091E+14,1707,2022/12/28 13:24,353,0,80500,259
70732905,LL22141101M,9.82091E+14,1707,2022/12/28 13:31,895,0,78000,558
70721340,LL22144904M,9.82091E+14,1707,2022/12/28 13:46,22,0,,2
70734162,LL22150204M,9.82091E+14,1707,2022/12/28 13:47,34,0,,7
70734891,LL22149402M,9.82091E+14,1707,2022/12/28 13:48,935,0,69000,432
70739142,LL22150005M,9.82091E+14,1707,2022/12/28 14:04,943,0,64500,358
70739179,LL22133202M,699b78b7-0c70-4ae2-ab86-2d616dd829b8,1707,2022/12/28 14:20,351,0,89500,234
70734848,LL22148404M,9.82091E+14,1707,2022/12/28 14:27,649,0,75000,505
70734162,LL22150204M,9.82091E+14,1707,2022/12/28 14:38,406,0,63000,347
,,,1707,2022/12/28 14:47,91,0,0,70
70721340,LL22144904M,9.82091E+14,1707,2022/12/28 14:48,437,0,86500,537
70739179,LL22133202M,699b78b7-0c70-4ae2-ab86-2d616dd829b8,1707,2022/12/28 14:56,74,0,88500,53
70734852,LL22148101M,9.82091E+14,1707,2022/12/28 14:59,340,0,63000,161
70734154,LL22150506M,9.82091E+14,1707,2022/12/28 15:05,140,0,82750,119
70739179,LL22133202M,699b78b7-0c70-4ae2-ab86-2d616dd829b8,1707,2022/12/28 15:07,809,0,89500,705
70734119,LL22150501M,9.82091E+14,1707,2022/12/28 15:21,1066,0,71000,629
70734162,LL22150204M,9.82091E+14,1707,2022/12/28 15:39,104,0,63500,103
70732905,LL22141101M,9.82091E+14,1707,2022/12/28 15:40,1030,0,79000,906
70734876,LL22153804M,9.82091E+14,1707,2022/12/28 15:58,567,0,82000,490
70734119,LL22150501M,9.82091E+14,1707,2022/12/28 16:07,75,0,72500,39
70734852,LL22148101M,9.82091E+14,1707,2022/12/28 16:09,966,0,64000,493
70734891,LL22149402M,9.82091E+14,1707,2022/12/28 16:26,649,0,70500,510
70734154,LL22150506M,9.82091E+14,1707,2022/12/28 16:37,484,0,82500,422
70734848,LL22148404M,9.82091E+14,1707,2022/12/28 16:46,608,0,76500,547
70739142,LL22150005M,9.82091E+14,1707,2022/12/28 16:56,412,0,64000,182
70734119,LL22150501M,9.82091E+14,1707,2022/12/28 17:03,470,0,72000,265
70734162,LL22150204M,9.82091E+14,1707,2022/12/28 17:11,335,0,64000,239
70721340,LL22144904M,9.82091E+14,1707,2022/12/28 17:17,539,0,87000,644
70734891,LL22149402M,9.82091E+14,1707,2022/12/28 17:26,94,0,70000,1
70739179,LL22133202M,699b78b7-0c70-4ae2-ab86-2d616dd829b8,1707,2022/12/28 17:29,746,0,89500,631
70734876,LL22153804M,9.82091E+14,1707,2022/12/28 17:54,711,0,82000,602
70734119,LL22150501M,9.82091E+14,1707,2022/12/28 18:06,210,0,72750,143
70739179,LL22133202M,699b78b7-0c70-4ae2-ab86-2d616dd829b8,1707,2022/12/28 18:19,414,0,90500,355
70732905,LL22141101M,9.82091E+14,1707,2022/12/28 18:32,37,0,,14
70734852,LL22148101M,9.82091E+14,1707,2022/12/28 18:33,23,0,,15
70734852,LL22148101M,9.82091E+14,1707,2022/12/28 18:45,51,0,,15
70734891,LL22149402M,9.82091E+14,1707,2022/12/28 19:18,477,0,70500,346
70734876,LL22153804M,9.82091E+14,1707,2022/12/28 19:36,267,0,82000,189
70732905,LL22141101M,9.82091E+14,1707,2022/12/28 19:45,258,0,79000,204
70734852,LL22148101M,9.82091E+14,1707,2022/12/28 20:05,680,0,63000,340
70734891,LL22149402M,9.82091E+14,1707,2022/12/28 20:17,444,0,71500,344
70734852,LL22148101M,9.82091E+14,1707,2022/12/28 20:27,48,0,,28
70732905,LL22141101M,9.82091E+14,1707,2022/12/28 20:35,606,0,80000,500
70734848,LL22148404M,9.82091E+14,1707,2022/12/28 20:59,460,0,76500,297
70739142,LL22150005M,9.82091E+14,1707,2022/12/28 21:29,140,0,65000,65
70734154,LL22150506M,9.82091E+14,1707,2022/12/28 22:08,507,0,82000,275
70734848,LL22148404M,9.82091E+14,1707,2022/12/28 22:18,114,0,76000,33
70721340,LL22144904M,9.82091E+14,1707,2022/12/28 22:20,34,0,,2
70734154,LL22150506M,9.82091E+14,1707,2022/12/28 22:21,474,0,82000,378
70739142,LL22150005M,9.82091E+14,1707,2022/12/28 22:30,555,0,64500,236
70734848,LL22148404M,9.82091E+14,1707,2022/12/28 22:40,326,0,76500,255
70721340,LL22144904M,9.82091E+14,1707,2022/12/28 22:47,431,0,86500,552
70734876,LL22153804M,9.82091E+14,1707,2022/12/28 23:53,519,0,82000,431
70734162,LL22150204M,9.82091E+14,1707,2022/12/29 1:42,147,0,63500,102
70734848,LL22148404M,9.82091E+14,1707,2022/12/29 1:46,42,0,,18
70734119,LL22150501M,9.82091E+14,1707,2022/12/29 1:49,43,0,,35
70734119,LL22150501M,9.82091E+14,1707,2022/12/29 1:52,187,0,71500,80
70721340,LL22144904M,9.82091E+14,1707,2022/12/29 3:00,298,0,88500,339
70734891,LL22149402M,9.82091E+14,1707,2022/12/29 3:41,410,0,70000,294
70734848,LL22148404M,9.82091E+14,1707,2022/12/29 4:02,364,0,76500,302
70739179,LL22133202M,699b78b7-0c70-4ae2-ab86-2d616dd829b8,1707,2022/12/29 4:10,668,0,90500,587
70739142,LL22150005M,9.82091E+14,1707,2022/12/29 4:21,1023,0,64500,472
70734162,LL22150204M,9.82091E+14,1707,2022/12/29 6:44,323,0,63500,240
70734154,LL22150506M,9.82091E+14,1707,2022/12/29 6:53,640,0,81500,344
70734154,LL22150506M,9.82091E+14,1707,2022/12/29 7:07,103,0,82000,98
70739142,LL22150005M,9.82091E+14,1707,2022/12/29 7:09,72,0,65000,32
70734154,LL22150506M,9.82091E+14,1707,2022/12/29 7:15,71,0,83000,59
70734154,LL22150506M,9.82091E+14,1707,2022/12/29 7:20,66,0,83000,46
70739142,LL22150005M,9.82091E+14,1707,2022/12/29 7:29,605,0,65000,224
70734119,LL22150501M,9.82091E+14,1707,2022/12/29 7:40,1008,0,72000,513
70734876,LL22153804M,9.82091E+14,1707,2022/12/29 7:58,663,0,82500,552
70734852,LL22148101M,9.82091E+14,1707,2022/12/29 8:10,995,0,62000,471
70721340,LL22144904M,9.82091E+14,1707,2022/12/29 8:30,391,0,86000,451
70734119,LL22150501M,9.82091E+14,1707,2022/12/29 8:38,187,0,71500,40
70721340,LL22144904M,9.82091E+14,1707,2022/12/29 8:45,60,0,,32
70734162,LL22150204M,9.82091E+14,1707,2022/12/29 8:46,410,0,64000,335
70734876,LL22153804M,9.82091E+14,1707,2022/12/29 8:53,129,0,82500,96
70739179,LL22133202M,699b78b7-0c70-4ae2-ab86-2d616dd829b8,1707,2022/12/29 8:56,571,0,88500,521
70734876,LL22153804M,9.82091E+14,1707,2022/12/29 9:05,253,0,82750,190
70734162,LL22150204M,9.82091E+14,1707,2022/12/29 9:31,44,0,,35
70734154,LL22150506M,9.82091E+14,1707,2022/12/29 9:32,17,0,,21
70734848,LL22148404M,9.82091E+14,1707,2022/12/29 9:32,838,0,76000,688
70734119,LL22150501M,9.82091E+14,1707,2022/12/29 9:46,198,0,72000,88
70739142,LL22150005M,9.82091E+14,1707,2022/12/29 9:50,291,0,65500,99
70734891,LL22149402M,9.82091E+14,1707,2022/12/29 9:55,561,0,71000,337
70739142,LL22150005M,9.82091E+14,1707,2022/12/29 10:05,350,0,65500,127
70734891,LL22149402M,9.82091E+14,1707,2022/12/29 10:11,347,0,70500,276
70739142,LL22150005M,9.82091E+14,1707,2022/12/29 10:17,28,0,,20
70739142,LL22150005M,9.82091E+14,1707,2022/12/29 10:29,52,0,,22
70734119,LL22150501M,9.82091E+14,1707,2022/12/29 10:39,73,0,72500,49
70734119,LL22150501M,9.82091E+14,1707,2022/12/29 10:42,157,0,73000,79
70734154,LL22150506M,9.82091E+14,1707,2022/12/29 10:59,118,0,83500,69
70734154,LL22150506M,9.82091E+14,1707,2022/12/29 11:03,151,0,83250,101
70734154,LL22150506M,9.82091E+14,1707,2022/12/29 11:09,172,0,83500,88
70734154,LL22150506M,9.82091E+14,1707,2022/12/29 11:15,73,0,83500,70
70721340,LL22144904M,9.82091E+14,1707,2022/12/29 11:17,148,0,84500,154
70732905,LL22141101M,9.82091E+14,1707,2022/12/29 11:20,821,0,79000,668
70734154,LL22150506M,9.82091E+14,1707,2022/12/29 11:34,17,0,,30
70734162,LL22150204M,9.82091E+14,1707,2022/12/29 11:34,120,0,64000,67
70734119,LL22150501M,9.82091E+14,1707,2022/12/29 11:36,751,0,73000,133
70739142,LL22150005M,9.82091E+14,1707,2022/12/29 11:59,1040,0,66000,760
70734162,LL22150204M,9.82091E+14,1707,2022/12/29 12:17,350,0,64000,272
70739179,LL22133202M,699b78b7-0c70-4ae2-ab86-2d616dd829b8,1707,2022/12/29 12:23,879,0,90500,949
70734852,LL22148101M,9.82091E+14,1707,2022/12/29 12:38,1007,0,62500,455
70734876,LL22153804M,9.82091E+14,1707,2022/12/29 12:55,733,0,83500,571
70734891,LL22149402M,9.82091E+14,1707,2022/12/29 13:07,916,0,71500,471
70734162,LL22150204M,9.82091E+14,1707,2022/12/29 13:24,243,0,64000,129
70721340,LL22144904M,9.82091E+14,1707,2022/12/29 13:28,558,0,87000,522
70734162,LL22150204M,9.82091E+14,1707,2022/12/29 13:39,16,0,,6
70734848,LL22148404M,9.82091E+14,1707,2022/12/29 13:40,517,0,76000,443
70734162,LL22150204M,9.82091E+14,1707,2022/12/29 13:54,309,0,64000,233
70739142,LL22150005M,9.82091E+14,1707,2022/12/29 13:59,344,0,66500,89
70734119,LL22150501M,9.82091E+14,1707,2022/12/29 14:05,701,0,72500,354
70734154,LL22150506M,9.82091E+14,1707,2022/12/29 14:17,981,0,83000,728
70734119,LL22150501M,9.82091E+14,1707,2022/12/29 14:33,391,0,71500,243
70734876,LL22153804M,9.82091E+14,1707,2022/12/29 14:40,742,0,83000,656
70734162,LL22150204M,9.82091E+14,1707,2022/12/29 14:53,289,0,64500,192
70734852,LL22148101M,9.82091E+14,1707,2022/12/29 14:57,82,0,63500,16
70734852,LL22148101M,9.82091E+14,1707,2022/12/29 14:59,30,0,,21
70732905,LL22141101M,9.82091E+14,1707,2022/12/29 15:02,492,0,79000,408
70734852,LL22148101M,9.82091E+14,1707,2022/12/29 15:11,60,0,,44
70734154,LL22150506M,9.82091E+14,1707,2022/12/29 15:12,13,0,,5
70739142,LL22150005M,9.82091E+14,1707,2022/12/29 15:12,19,0,,8
70734162,LL22150204M,9.82091E+14,1707,2022/12/29 15:13,9,0,,1
70732905,LL22141101M,9.82091E+14,1707,2022/12/29 15:13,18,0,,14
70734852,LL22148101M,9.82091E+14,1707,2022/12/29 15:14,17,0,,13
70739179,LL22133202M,699b78b7-0c70-4ae2-ab86-2d616dd829b8,1707,2022/12/29 15:14,7,0,,1
70739142,LL22150005M,9.82091E+14,1707,2022/12/29 15:15,18,0,,6
70739142,LL22150005M,9.82091E+14,1707,2022/12/29 15:19,54,0,,31
70732905,LL22141101M,9.82091E+14,1707,2022/12/29 15:20,587,0,78000,496
70739179,LL22133202M,699b78b7-0c70-4ae2-ab86-2d616dd829b8,1707,2022/12/29 15:31,134,0,92000,70
70734852,LL22148101M,9.82091E+14,1707,2022/12/29 15:33,235,0,63500,98
70739142,LL22150005M,9.82091E+14,1707,2022/12/29 15:38,137,0,65000,62
70721340,LL22144904M,9.82091E+14,1707,2022/12/29 15:40,234,0,87500,261
70732905,LL22141101M,9.82091E+14,1707,2022/12/29 15:44,23,0,,12
70734848,LL22148404M,9.82091E+14,1707,2022/12/29 15:47,535,0,76500,469
70739179,LL22133202M,699b78b7-0c70-4ae2-ab86-2d616dd829b8,1707,2022/12/29 15:57,159,0,91000,97
70739142,LL22150005M,9.82091E+14,1707,2022/12/29 16:00,347,0,65500,144
70734119,LL22150501M,9.82091E+14,1707,2022/12/29 16:07,107,0,73000,54
70734162,LL22150204M,9.82091E+14,1707,2022/12/29 16:09,237,0,64500,138
70721340,LL22144904M,9.82091E+14,1707,2022/12/29 16:13,143,0,85500,138
70739179,LL22133202M,699b78b7-0c70-4ae2-ab86-2d616dd829b8,1707,2022/12/29 16:16,620,0,90000,560
70721340,LL22144904M,9.82091E+14,1707,2022/12/29 16:28,8,0,,1
70734852,LL22148101M,9.82091E+14,1707,2022/12/29 16:28,947,0,63500,472
70734119,LL22150501M,9.82091E+14,1707,2022/12/29 16:44,86,0,73000,68
70734119,LL22150501M,9.82091E+14,1707,2022/12/29 16:50,46,0,,36
70734876,LL22153804M,9.82091E+14,1707,2022/12/29 16:52,251,0,83500,226
70734891,LL22149402M,9.82091E+14,1707,2022/12/29 16:56,802,0,72500,698
70734119,LL22150501M,9.82091E+14,1707,2022/12/29 17:10,105,0,74000,85
70721340,LL22144904M,9.82091E+14,1707,2022/12/29 17:12,301,0,87500,390
70734119,LL22150501M,9.82091E+14,1707,2022/12/29 17:21,189,0,72750,102
70739179,LL22133202M,699b78b7-0c70-4ae2-ab86-2d616dd829b8,1707,2022/12/29 17:26,93,0,91500,6
70734119,LL22150501M,9.82091E+14,1707,2022/12/29 17:28,63,0,74000,59
70721340,LL22144904M,9.82091E+14,1707,2022/12/29 17:42,315,0,88500,345
70734848,LL22148404M,9.82091E+14,1707,2022/12/29 17:50,474,0,77000,446
70734852,LL22148101M,9.82091E+14,1707,2022/12/29 17:59,107,0,65500,39
70734119,LL22150501M,9.82091E+14,1707,2022/12/29 18:00,117,0,72750,87
70739142,LL22150005M,9.82091E+14,1707,2022/12/29 18:03,768,0,66500,333
70734852,LL22148101M,9.82091E+14,1707,2022/12/29 18:18,692,0,65000,418
70732905,LL22141101M,9.82091E+14,1707,2022/12/29 18:30,660,0,79000,578
70734876,LL22153804M,9.82091E+14,1707,2022/12/29 18:42,425,0,84500,372
70732905,LL22141101M,9.82091E+14,1707,2022/12/29 18:50,289,0,80000,253
70739179,LL22133202M,699b78b7-0c70-4ae2-ab86-2d616dd829b8,1707,2022/12/29 19:01,665,0,90500,519
70732905,LL22141101M,9.82091E+14,1707,2022/12/29 20:02,65,0,79500,22
70734154,LL22150506M,9.82091E+14,1707,2022/12/29 20:05,588,0,84000,533
70734852,LL22148101M,9.82091E+14,1707,2022/12/29 20:15,478,0,65000,309
70739179,LL22133202M,699b78b7-0c70-4ae2-ab86-2d616dd829b8,1707,2022/12/29 20:25,309,0,91500,142
70732905,LL22141101M,9.82091E+14,1707,2022/12/29 20:31,50,0,,27
70734876,LL22153804M,9.82091E+14,1707,2022/12/29 20:32,210,0,84500,193
70734119,LL22150501M,9.82091E+14,1707,2022/12/29 20:36,490,0,74500,286
70721340,LL22144904M,9.82091E+14,1707,2022/12/29 21:51,421,0,89500,510
70732905,LL22141101M,9.82091E+14,1707,2022/12/29 21:59,22,0,,10
70734162,LL22150204M,9.82091E+14,1707,2022/12/29 22:01,367,0,65000,339
70732905,LL22141101M,9.82091E+14,1707,2022/12/29 22:32,54,0,,8
70739179,LL22133202M,699b78b7-0c70-4ae2-ab86-2d616dd829b8,1707,2022/12/29 22:36,602,0,92000,579
70734848,LL22148404M,9.82091E+14,1707,2022/12/29 22:46,643,0,78000,673
70732905,LL22141101M,9.82091E+14,1707,2022/12/29 23:48,822,0,80500,723
70721340,LL22144904M,9.82091E+14,1707,2022/12/30 1:44,419,0,90000,491
70734119,LL22150501M,9.82091E+14,1707,2022/12/30 2:43,46,0,,38
70734154,LL22150506M,9.82091E+14,1707,2022/12/30 3:14,306,0,83000,126
70734154,LL22150506M,9.82091E+14,1707,2022/12/30 3:23,172,0,82250,137
70734891,LL22149402M,9.82091E+14,1707,2022/12/30 3:30,576,0,71000,500
70739142,LL22150005M,9.82091E+14,1707,2022/12/30 3:58,815,0,67000,345
70734848,LL22148404M,9.82091E+14,1707,2022/12/30 4:15,554,0,78000,451
70734162,LL22150204M,9.82091E+14,1707,2022/12/30 5:25,177,0,64500,148
70734876,LL22153804M,9.82091E+14,1707,2022/12/30 6:15,824,0,82500,664
70721340,LL22144904M,9.82091E+14,1707,2022/12/30 6:29,533,0,90000,493
70739142,LL22150005M,9.82091E+14,1707,2022/12/30 6:38,44,0,,37
70734154,LL22150506M,9.82091E+14,1707,2022/12/30 6:40,292,0,83500,116
70734119,LL22150501M,9.82091E+14,1707,2022/12/30 6:46,838,0,70500,422
70739142,LL22150005M,9.82091E+14,1707,2022/12/30 7:00,565,0,65500,234
70734119,LL22150501M,9.82091E+14,1707,2022/12/30 7:10,128,0,70500,87
70739142,LL22150005M,9.82091E+14,1707,2022/12/30 7:13,55,0,,52
70739142,LL22150005M,9.82091E+14,1707,2022/12/30 7:17,64,0,65000,36
70734154,LL22150506M,9.82091E+14,1707,2022/12/30 7:33,387,0,83500,241
70734162,LL22150204M,9.82091E+14,1707,2022/12/30 8:24,448,0,64500,309
70734154,LL22150506M,9.82091E+14,1707,2022/12/30 8:59,105,0,84500,60
70734154,LL22150506M,9.82091E+14,1707,2022/12/30 9:03,94,0,85000,33
70734119,LL22150501M,9.82091E+14,1707,2022/12/30 9:22,39,0,,30
70739142,LL22150005M,9.82091E+14,1707,2022/12/30 9:23,25,0,,21
70734119,LL22150501M,9.82091E+14,1707,2022/12/30 9:24,33,0,,32
70734876,LL22153804M,9.82091E+14,1707,2022/12/30 9:26,372,0,83000,366
70734852,LL22148101M,9.82091E+14,1707,2022/12/30 9:32,987,0,65000,479
70739179,LL22133202M,699b78b7-0c70-4ae2-ab86-2d616dd829b8,1707,2022/12/30 9:49,603,0,88000,641
70739142,LL22150005M,9.82091E+14,1707,2022/12/30 9:59,1058,0,66000,502
70734119,LL22150501M,9.82091E+14,1707,2022/12/30 10:17,311,0,74500,138
70734154,LL22150506M,9.82091E+14,1707,2022/12/30 10:22,795,0,83500,578
70739142,LL22150005M,9.82091E+14,1707,2022/12/30 10:37,63,0,63500,33
70734891,LL22149402M,9.82091E+14,1707,2022/12/30 10:39,1059,0,71000,721
70721340,LL22144904M,9.82091E+14,1707,2022/12/30 10:57,537,0,87500,600
70734162,LL22150204M,9.82091E+14,1707,2022/12/30 11:06,496,0,64000,351
70734162,LL22150204M,9.82091E+14,1707,2022/12/30 11:46,101,0,64000,58
70734162,LL22150204M,9.82091E+14,1707,2022/12/30 11:54,107,0,64000,2
70721340,LL22144904M,9.82091E+14,1707,2022/12/30 12:03,214,0,88500,256
70734848,LL22148404M,9.82091E+14,1707,2022/12/30 12:10,773,0,76500,736
70739142,LL22150005M,9.82091E+14,1707,2022/12/30 12:23,56,0,,16
70739179,LL22133202M,699b78b7-0c70-4ae2-ab86-2d616dd829b8,1707,2022/12/30 12:26,616,0,90500,511
70739142,LL22150005M,9.82091E+14,1707,2022/12/30 12:39,148,0,65500,46
70739142,LL22150005M,9.82091E+14,1707,2022/12/30 12:53,58,0,,30
70732905,LL22141101M,9.82091E+14,1707,2022/12/30 12:58,1172,0,79500,910
70734119,LL22150501M,9.82091E+14,1707,2022/12/30 13:17,929,0,72000,591
70734154,LL22150506M,9.82091E+14,1707,2022/12/30 13:33,635,0,84000,593
70734852,LL22148101M,9.82091E+14,1707,2022/12/30 13:44,293,0,64000,159
70734876,LL22153804M,9.82091E+14,1707,2022/12/30 13:49,941,0,82500,875
70734891,LL22149402M,9.82091E+14,1707,2022/12/30 14:07,652,0,71500,485
70734162,LL22150204M,9.82091E+14,1707,2022/12/30 14:18,641,0,64500,440
70739142,LL22150005M,9.82091E+14,1707,2022/12/30 14:29,1092,0,65500,483
70734119,LL22150501M,9.82091E+14,1707,2022/12/30 14:47,516,0,72000,294
70739179,LL22133202M,699b78b7-0c70-4ae2-ab86-2d616dd829b8,1707,2022/12/30 14:56,668,0,90000,574
70721340,LL22144904M,9.82091E+14,1707,2022/12/30 15:07,647,0,89500,747
70734852,LL22148101M,9.82091E+14,1707,2022/12/30 15:18,1349,0,64500,618
70734162,LL22150204M,9.82091E+14,1707,2022/12/30 15:41,404,0,65000,215
70734119,LL22150501M,9.82091E+14,1707,2022/12/30 15:47,453,0,72000,261
70734876,LL22153804M,9.82091E+14,1707,2022/12/30 15:55,555,0,83500,415
70734848,LL22148404M,9.82091E+14,1707,2022/12/30 16:05,743,0,78500,550
70734119,LL22150501M,9.82091E+14,1707,2022/12/30 16:30,198,0,71500,492
70734154,LL22150506M,9.82091E+14,1707,2022/12/30 16:34,470,0,85000,412
70734119,LL22150501M,9.82091E+14,1707,2022/12/30 16:42,247,0,74500,107
70734852,LL22148101M,9.82091E+14,1707,2022/12/30 16:46,915,0,65500,482
70734891,LL22149402M,9.82091E+14,1707,2022/12/30 17:01,1106,0,72500,908
70739179,LL22133202M,699b78b7-0c70-4ae2-ab86-2d616dd829b8,1707,2022/12/30 17:20,741,0,91000,796
70734119,LL22150501M,9.82091E+14,1707,2022/12/30 17:32,95,0,74500,65
70739142,LL22150005M,9.82091E+14,1707,2022/12/30 17:34,588,0,66500,248
70732905,LL22141101M,9.82091E+14,1707,2022/12/30 17:44,711,0,80000,591
70734119,LL22150501M,9.82091E+14,1707,2022/12/30 17:56,543,0,72500,345
70734876,LL22153804M,9.82091E+14,1707,2022/12/30 18:05,402,0,85500,372
70721340,LL22144904M,9.82091E+14,1707,2022/12/30 18:12,420,0,90000,514
70732905,LL22141101M,9.82091E+14,1707,2022/12/30 19:29,729,0,82500,632
70739179,LL22133202M,699b78b7-0c70-4ae2-ab86-2d616dd829b8,1707,2022/12/30 19:44,446,0,95500,474
70732905,LL22141101M,9.82091E+14,1707,2022/12/30 19:52,79,0,82000,65
70732905,LL22141101M,9.82091E+14,1707,2022/12/30 20:58,63,0,82000,18
70732905,LL22141101M,9.82091E+14,1707,2022/12/30 21:02,61,0,80750,22
70734848,LL22148404M,9.82091E+14,1707,2022/12/30 21:03,557,0,78500,580
70734852,LL22148101M,9.82091E+14,1707,2022/12/30 21:13,663,0,66000,381
70734876,LL22153804M,9.82091E+14,1707,2022/12/30 21:24,561,0,86000,471
70734891,LL22149402M,9.82091E+14,1707,2022/12/30 22:40,400,0,73500,231
70732905,LL22141101M,9.82091E+14,1707,2022/12/30 23:18,53,0,,36
70734154,LL22150506M,9.82091E+14,1707,2022/12/30 23:21,153,0,85000,93
70732905,LL22141101M,9.82091E+14,1707,2022/12/30 23:23,50,0,,47
70734154,LL22150506M,9.82091E+14,1707,2022/12/30 23:24,170,0,84500,105
70732905,LL22141101M,9.82091E+14,1707,2022/12/30 23:27,259,0,83500,214
70734162,LL22150204M,9.82091E+14,1707,2022/12/30 23:32,521,0,66000,434
70734119,LL22150501M,9.82091E+14,1707,2022/12/30 23:40,503,0,74500,250
70721340,LL22144904M,9.82091E+14,1707,2022/12/30 23:49,575,0,89500,716
70734119,LL22150501M,9.82091E+14,1707,2022/12/31 0:01,311,0,74000,148
,,,1707,2022/12/31 1:42,6,0,,10
70734852,LL22148101M,9.82091E+14,1707,2022/12/31 1:45,492,0,67000,295
70732905,LL22141101M,9.82091E+14,1707,2022/12/31 1:56,694,0,83000,690
70739142,LL22150005M,9.82091E+14,1707,2022/12/31 2:12,78,0,67500,28
70721340,LL22144904M,9.82091E+14,1707,2022/12/31 2:32,338,0,91500,400
70734848,LL22148404M,9.82091E+14,1707,2022/12/31 2:38,688,0,79000,662
70734876,LL22153804M,9.82091E+14,1707,2022/12/31 2:58,535,0,86500,478
70734154,LL22150506M,9.82091E+14,1707,2022/12/31 3:08,819,0,85000,543
70734154,LL22150506M,9.82091E+14,1707,2022/12/31 3:29,61,0,84500,39
70739142,LL22150005M,9.82091E+14,1707,2022/12/31 3:39,1078,0,67500,488
70734848,LL22148404M,9.82091E+14,1707,2022/12/31 4:15,347,0,80000,340
70734119,LL22150501M,9.82091E+14,1707,2022/12/31 6:30,49,0,,39
70734119,LL22150501M,9.82091E+14,1707,2022/12/31 6:33,51,0,,37
70739142,LL22150005M,9.82091E+14,1707,2022/12/31 7:26,819,0,67500,371
70739142,LL22150005M,9.82091E+14,1707,2022/12/31 7:42,79,0,66000,21
70739142,LL22150005M,9.82091E+14,1707,2022/12/31 7:52,44,0,,24
70739142,LL22150005M,9.82091E+14,1707,2022/12/31 8:00,34,0,,11
70734162,LL22150204M,9.82091E+14,1707,2022/12/31 8:03,443,0,65500,417
70734154,LL22150506M,9.82091E+14,1707,2022/12/31 8:12,362,0,85500,212
70734119,LL22150501M,9.82091E+14,1707,2022/12/31 8:18,353,0,74000,187
70734154,LL22150506M,9.82091E+14,1707,2022/12/31 8:24,297,0,85000,347
70739179,LL22133202M,699b78b7-0c70-4ae2-ab86-2d616dd829b8,1707,2022/12/31 8:29,886,0,92000,905
70734876,LL22153804M,9.82091E+14,1707,2022/12/31 8:44,616,0,85000,537
70734891,LL22149402M,9.82091E+14,1707,2022/12/31 8:54,727,0,71500,493
70734119,LL22150501M,9.82091E+14,1707,2022/12/31 9:07,595,0,74500,316
70739142,LL22150005M,9.82091E+14,1707,2022/12/31 9:24,113,0,67000,47
70739142,LL22150005M,9.82091E+14,1707,2022/12/31 9:28,51,0,,14
70734119,LL22150501M,9.82091E+14,1707,2022/12/31 9:30,250,0,74500,166
70721340,LL22144904M,9.82091E+14,1707,2022/12/31 9:35,614,0,90000,680
70734119,LL22150501M,9.82091E+14,1707,2022/12/31 9:46,86,0,75500,47
70734119,LL22150501M,9.82091E+14,1707,2022/12/31 9:49,42,0,,27
70734162,LL22150204M,9.82091E+14,1707,2022/12/31 10:40,569,0,65000,502
70734876,LL22153804M,9.82091E+14,1707,2022/12/31 11:01,484,0,85500,398
70739142,LL22150005M,9.82091E+14,1707,2022/12/31 11:09,788,0,68000,342
70734154,LL22150506M,9.82091E+14,1707,2022/12/31 11:24,213,0,86500,174
70739142,LL22150005M,9.82091E+14,1707,2022/12/31 11:28,28,0,,15
70734154,LL22150506M,9.82091E+14,1707,2022/12/31 11:28,63,0,86000,57
70734154,LL22150506M,9.82091E+14,1707,2022/12/31 11:32,56,0,,31
70734154,LL22150506M,9.82091E+14,1707,2022/12/31 11:36,46,0,,39
70734119,LL22150501M,9.82091E+14,1707,2022/12/31 11:37,145,0,75250,95
70734848,LL22148404M,9.82091E+14,1707,2022/12/31 11:41,808,0,78500,806
70734852,LL22148101M,9.82091E+14,1707,2022/12/31 11:54,1010,0,65500,470
70734891,LL22149402M,9.82091E+14,1707,2022/12/31 12:11,1042,0,72500,698
70721340,LL22144904M,9.82091E+14,1707,2022/12/31 12:33,443,0,91500,466
70721340,LL22144904M,9.82091E+14,1707,2022/12/31 12:43,49,0,,26
70739142,LL22150005M,9.82091E+14,1707,2022/12/31 12:44,68,0,67500,34
70734154,LL22150506M,9.82091E+14,1707,2022/12/31 12:45,36,0,,27
70739142,LL22150005M,9.82091E+14,1707,2022/12/31 12:46,70,0,68000,30
70734852,LL22148101M,9.82091E+14,1707,2022/12/31 12:48,86,0,66000,3
70739142,LL22150005M,9.82091E+14,1707,2022/12/31 12:50,22,0,,17
70734154,LL22150506M,9.82091E+14,1707,2022/12/31 12:51,144,0,86500,105
70734852,LL22148101M,9.82091E+14,1707,2022/12/31 12:59,70,0,64500,40
70734154,LL22150506M,9.82091E+14,1707,2022/12/31 13:01,67,0,85500,78
70732905,LL22141101M,9.82091E+14,1707,2022/12/31 13:02,1278,0,83000,1018
70734119,LL22150501M,9.82091E+14,1707,2022/12/31 13:24,417,0,75500,259
70739179,LL22133202M,699b78b7-0c70-4ae2-ab86-2d616dd829b8,1707,2022/12/31 13:31,909,0,93000,933
70739142,LL22150005M,9.82091E+14,1707,2022/12/31 13:46,213,0,67500,94
70739142,LL22150005M,9.82091E+14,1707,2022/12/31 13:51,1028,0,68500,444
70734876,LL22153804M,9.82091E+14,1707,2022/12/31 14:08,480,0,86000,332
70734154,LL22150506M,9.82091E+14,1707,2022/12/31 14:17,253,0,87000,205
70734848,LL22148404M,9.82091E+14,1707,2022/12/31 14:21,523,0,80000,520
70734162,LL22150204M,9.82091E+14,1707,2022/12/31 14:30,593,0,66500,486
70734852,LL22148101M,9.82091E+14,1707,2022/12/31 14:40,109,0,65500,74
70734876,LL22153804M,9.82091E+14,1707,2022/12/31 14:43,274,0,86000,245
70734852,LL22148101M,9.82091E+14,1707,2022/12/31 14:48,234,0,65500,142
70734154,LL22150506M,9.82091E+14,1707,2022/12/31 14:52,38,0,,31
70734119,LL22150501M,9.82091E+14,1707,2022/12/31 14:54,56,0,,45
70739142,LL22150005M,9.82091E+14,1707,2022/12/31 14:55,43,0,,1
70734852,LL22148101M,9.82091E+14,1707,2022/12/31 14:56,56,0,,49
70734154,LL22150506M,9.82091E+14,1707,2022/12/31 14:58,18,0,,18
70732905,LL22141101M,9.82091E+14,1707,2022/12/31 14:58,23,0,,17
70734119,LL22150501M,9.82091E+14,1707,2022/12/31 14:59,36,0,,46
70734852,LL22148101M,9.82091E+14,1707,2022/12/31 15:00,88,0,65000,47
70739142,LL22150005M,9.82091E+14,1707,2022/12/31 15:01,21,0,,10
70734119,LL22150501M,9.82091E+14,1707,2022/12/31 15:02,43,0,,54
70734154,LL22150506M,9.82091E+14,1707,2022/12/31 15:03,17,0,,25
70734119,LL22150501M,9.82091E+14,1707,2022/12/31 15:03,17,0,,34
70739142,LL22150005M,9.82091E+14,1707,2022/12/31 15:04,15,0,,14
70734119,LL22150501M,9.82091E+14,1707,2022/12/31 15:05,33,0,,38
70721340,LL22144904M,9.82091E+14,1707,2022/12/31 15:05,31,0,,36
70739142,LL22150005M,9.82091E+14,1707,2022/12/31 15:07,36,0,,12
70734852,LL22148101M,9.82091E+14,1707,2022/12/31 15:08,15,0,,22
70734119,LL22150501M,9.82091E+14,1707,2022/12/31 15:08,36,0,,31
70734154,LL22150506M,9.82091E+14,1707,2022/12/31 15:11,17,0,,20
70734119,LL22150501M,9.82091E+14,1707,2022/12/31 15:17,48,0,,34
70721340,LL22144904M,9.82091E+14,1707,2022/12/31 15:24,267,0,90500,372
70734119,LL22150501M,9.82091E+14,1707,2022/12/31 15:28,55,0,,56
70734154,LL22150506M,9.82091E+14,1707,2022/12/31 15:29,46,0,,27
70734162,LL22150204M,9.82091E+14,1707,2022/12/31 15:30,22,0,,8
70734119,LL22150501M,9.82091E+14,1707,2022/12/31 15:33,108,0,75000,74
70739179,LL22133202M,699b78b7-0c70-4ae2-ab86-2d616dd829b8,1707,2022/12/31 15:36,664,0,95000,532
70734119,LL22150501M,9.82091E+14,1707,2022/12/31 15:47,159,0,76000,127
70739142,LL22150005M,9.82091E+14,1707,2022/12/31 15:50,248,0,67500,106
70739179,LL22133202M,699b78b7-0c70-4ae2-ab86-2d616dd829b8,1707,2022/12/31 16:03,61,0,95000,1
70734119,LL22150501M,9.82091E+14,1707,2022/12/31 16:04,130,0,76000,98
70739142,LL22150005M,9.82091E+14,1707,2022/12/31 16:12,61,0,68500,32
70734119,LL22150501M,9.82091E+14,1707,2022/12/31 16:14,62,0,76000,62
70732905,LL22141101M,9.82091E+14,1707,2022/12/31 16:15,531,0,83500,437
70734876,LL22153804M,9.82091E+14,1707,2022/12/31 16:25,555,0,86000,462
70734119,LL22150501M,9.82091E+14,1707,2022/12/31 16:34,199,0,77000,109
70721340,LL22144904M,9.82091E+14,1707,2022/12/31 16:38,236,0,92000,296
70734119,LL22150501M,9.82091E+14,1707,2022/12/31 16:43,17,0,,18
70734848,LL22148404M,9.82091E+14,1707,2022/12/31 16:45,426,0,81000,501
70734891,LL22149402M,9.82091E+14,1707,2022/12/31 16:53,1016,0,73000,901
70734154,LL22150506M,9.82091E+14,1707,2022/12/31 17:18,202,0,87500,151
70734154,LL22150506M,9.82091E+14,1707,2022/12/31 17:29,21,0,,10
70734119,LL22150501M,9.82091E+14,1707,2022/12/31 17:39,38,0,,34
70734852,LL22148101M,9.82091E+14,1707,2022/12/31 17:44,895,0,66000,519
70721340,LL22144904M,9.82091E+14,1707,2022/12/31 18:46,276,0,92500,369
70732905,LL22141101M,9.82091E+14,1707,2022/12/31 21:49,707,0,84000,581
70739179,LL22133202M,699b78b7-0c70-4ae2-ab86-2d616dd829b8,1707,2022/12/31 22:07,647,0,94000,534
70734876,LL22153804M,9.82091E+14,1707,2022/12/31 23:06,522,0,86500,462
70721340,LL22144904M,9.82091E+14,1707,2022/12/31 23:39,341,0,93000,424
70734852,LL22148101M,9.82091E+14,1707,2023/1/1 0:49,677,0,67000,446
70732905,LL22141101M,9.82091E+14,1707,2023/1/1 1:08,677,0,84000,611
70739179,LL22133202M,699b78b7-0c70-4ae2-ab86-2d616dd829b8,1707,2023/1/1 2:07,558,0,93500,536
70732905,LL22141101M,9.82091E+14,1707,2023/1/1 2:18,35,0,,7
70734162,LL22150204M,9.82091E+14,1707,2023/1/1 2:27,322,0,66500,296
70734891,LL22149402M,9.82091E+14,1707,2023/1/1 2:36,479,0,74500,427
70734848,LL22148404M,9.82091E+14,1707,2023/1/1 3:24,418,0,80500,306
70721340,LL22144904M,9.82091E+14,1707,2023/1/1 3:37,343,0,93000,382
70739142,LL22150005M,9.82091E+14,1707,2023/1/1 3:48,1097,0,67500,403
70734154,LL22150506M,9.82091E+14,1707,2023/1/1 4:08,633,0,84500,382
70734154,LL22150506M,9.82091E+14,1707,2023/1/1 4:21,174,0,85250,123
70734154,LL22150506M,9.82091E+14,1707,2023/1/1 4:26,139,0,85500,105
70734154,LL22150506M,9.82091E+14,1707,2023/1/1 5:20,49,0,,13
70734876,LL22153804M,9.82091E+14,1707,2023/1/1 5:23,331,0,86000,236
70734119,LL22150501M,9.82091E+14,1707,2023/1/1 7:14,741,0,75000,393
70734848,LL22148404M,9.82091E+14,1707,2023/1/1 7:27,687,0,79000,567
70739142,LL22150005M,9.82091E+14,1707,2023/1/1 7:38,894,0,67500,290
70721340,LL22144904M,9.82091E+14,1707,2023/1/1 7:55,524,0,91500,566
70739142,LL22150005M,9.82091E+14,1707,2023/1/1 8:06,45,0,,22
70734162,LL22150204M,9.82091E+14,1707,2023/1/1 8:20,492,0,65000,397
70739179,LL22133202M,699b78b7-0c70-4ae2-ab86-2d616dd829b8,1707,2023/1/1 8:28,700,0,92000,698
70734891,LL22149402M,9.82091E+14,1707,2023/1/1 8:40,810,0,73000,601
70734876,LL22153804M,9.82091E+14,1707,2023/1/1 8:54,396,0,84500,256
70734154,LL22150506M,9.82091E+14,1707,2023/1/1 9:02,508,0,86000,296
70734154,LL22150506M,9.82091E+14,1707,2023/1/1 9:13,304,0,86000,232
70734154,LL22150506M,9.82091E+14,1707,2023/1/1 9:22,103,0,85500,62
70739142,LL22150005M,9.82091E+14,1707,2023/1/1 10:38,1034,0,68500,303
70734852,LL22148101M,9.82091E+14,1707,2023/1/1 10:55,919,0,66000,410
70739179,LL22133202M,699b78b7-0c70-4ae2-ab86-2d616dd829b8,1707,2023/1/1 11:12,398,0,93500,338
70734848,LL22148404M,9.82091E+14,1707,2023/1/1 11:19,605,0,79000,515
70721340,LL22144904M,9.82091E+14,1707,2023/1/1 11:32,354,0,91500,342
70734876,LL22153804M,9.82091E+14,1707,2023/1/1 11:39,355,0,84500,157
70739142,LL22150005M,9.82091E+14,1707,2023/1/1 11:45,752,0,68000,265
70734162,LL22150204M,9.82091E+14,1707,2023/1/1 11:58,448,0,65000,285
70734876,LL22153804M,9.82091E+14,1707,2023/1/1 12:06,168,0,84500,27
70734119,LL22150501M,9.82091E+14,1707,2023/1/1 12:09,1268,0,74000,683
70734119,LL22150501M,9.82091E+14,1707,2023/1/1 12:55,133,0,75500,72
70734119,LL22150501M,9.82091E+14,1707,2023/1/1 12:59,63,0,75500,37
70734119,LL22150501M,9.82091E+14,1707,2023/1/1 13:04,43,0,,36
70734119,LL22150501M,9.82091E+14,1707,2023/1/1 13:09,38,0,,15
70734876,LL22153804M,9.82091E+14,1707,2023/1/1 13:10,777,0,85000,667
70734154,LL22150506M,9.82091E+14,1707,2023/1/1 13:24,871,0,86000,737
70734848,LL22148404M,9.82091E+14,1707,2023/1/1 13:38,690,0,80500,707
70734852,LL22148101M,9.82091E+14,1707,2023/1/1 13:50,1195,0,66000,581
70734162,LL22150204M,9.82091E+14,1707,2023/1/1 14:10,889,0,65500,463
70721340,LL22144904M,9.82091E+14,1707,2023/1/1 14:25,292,0,91000,144
70739142,LL22150005M,9.82091E+14,1707,2023/1/1 14:30,1164,0,69000,477
70721340,LL22144904M,9.82091E+14,1707,2023/1/1 14:50,443,0,91500,523
70734891,LL22149402M,9.82091E+14,1707,2023/1/1 14:57,1177,0,73500,901
70734154,LL22150506M,9.82091E+14,1707,2023/1/1 15:18,439,0,87000,342
70732905,LL22141101M,9.82091E+14,1707,2023/1/1 15:25,1442,0,81500,1197
70739179,LL22133202M,699b78b7-0c70-4ae2-ab86-2d616dd829b8,1707,2023/1/1 15:49,1239,0,93500,1034
70734848,LL22148404M,9.82091E+14,1707,2023/1/1 16:10,366,0,82000,394
70734852,LL22148101M,9.82091E+14,1707,2023/1/1 16:16,1162,0,68000,647
70721340,LL22144904M,9.82091E+14,1707,2023/1/1 16:36,378,0,92500,142
70732905,LL22141101M,9.82091E+14,1707,2023/1/1 16:54,53,0,,237
70734119,LL22150501M,9.82091E+14,1707,2023/1/1 16:55,405,0,75500,332
70734119,LL22150501M,9.82091E+14,1707,2023/1/1 17:04,285,0,76000,171
70739179,LL22133202M,699b78b7-0c70-4ae2-ab86-2d616dd829b8,1707,2023/1/1 17:11,611,0,95000,590
70721340,LL22144904M,9.82091E+14,1707,2023/1/1 17:22,454,0,93500,594
70734162,LL22150204M,9.82091E+14,1707,2023/1/1 17:30,601,0,67000,598
70734876,LL22153804M,9.82091E+14,1707,2023/1/1 17:40,1198,0,86000,1058
70734852,LL22148101M,9.82091E+14,1707,2023/1/1 18:02,784,0,68500,472
70734891,LL22149402M,9.82091E+14,1707,2023/1/1 18:15,695,0,75000,495
70739142,LL22150005M,9.82091E+14,1707,2023/1/1 18:28,1007,0,69500,417
70734852,LL22148101M,9.82091E+14,1707,2023/1/1 19:02,75,0,68500,33
70732905,LL22141101M,9.82091E+14,1707,2023/1/1 21:12,314,0,83500,285
70732905,LL22141101M,9.82091E+14,1707,2023/1/1 21:22,336,0,83500,262
70734119,LL22150501M,9.82091E+14,1707,2023/1/1 21:35,879,0,76500,535
70734119,LL22150501M,9.82091E+14,1707,2023/1/1 21:52,53,0,,29
70732905,LL22141101M,9.82091E+14,1707,2023/1/1 21:54,403,0,83500,350
70734119,LL22150501M,9.82091E+14,1707,2023/1/1 22:01,31,0,,38
70734154,LL22150506M,9.82091E+14,1707,2023/1/1 22:04,64,0,86250,19
70734154,LL22150506M,9.82091E+14,1707,2023/1/1 22:07,453,0,86500,256
70734154,LL22150506M,9.82091E+14,1707,2023/1/1 22:17,140,0,87000,118
70734876,LL22153804M,9.82091E+14,1707,2023/1/1 22:32,251,0,88000,206
70721340,LL22144904M,9.82091E+14,1707,2023/1/1 23:04,426,0,94000,501
70734852,LL22148101M,9.82091E+14,1707,2023/1/2 0:18,240,0,69500,149
70734848,LL22148404M,9.82091E+14,1707,2023/1/2 0:31,426,0,81000,393
70739179,LL22133202M,699b78b7-0c70-4ae2-ab86-2d616dd829b8,1707,2023/1/2 0:39,131,0,95000,52
70732905,LL22141101M,9.82091E+14,1707,2023/1/2 0:42,38,0,,5
70732905,LL22141101M,9.82091E+14,1707,2023/1/2 1:05,336,0,84500,211
70732905,LL22141101M,9.82091E+14,1707,2023/1/2 1:25,87,0,83500,50
70732905,LL22141101M,9.82091E+14,1707,2023/1/2 1:45,44,0,,3
70732905,LL22141101M,9.82091E+14,1707,2023/1/2 2:26,170,0,84500,129
70732905,LL22141101M,9.82091E+14,1707,2023/1/2 2:33,56,0,,31
70734848,LL22148404M,9.82091E+14,1707,2023/1/2 3:10,564,0,81000,536
70732905,LL22141101M,9.82091E+14,1707,2023/1/2 3:20,78,0,84250,36
70721340,LL22144904M,9.82091E+14,1707,2023/1/2 3:22,163,0,93000,30
70732905,LL22141101M,9.82091E+14,1707,2023/1/2 3:33,433,0,84500,407
70721340,LL22144904M,9.82091E+14,1707,2023/1/2 3:43,81,0,92500,27
70739142,LL22150005M,9.82091E+14,1707,2023/1/2 3:44,758,0,68500,298
70734876,LL22153804M,9.82091E+14,1707,2023/1/2 3:57,468,0,86500,352
70734154,LL22150506M,9.82091E+14,1707,2023/1/2 4:05,544,0,86000,264
70721340,LL22144904M,9.82091E+14,1707,2023/1/2 4:17,654,0,93500,632
70734154,LL22150506M,9.82091E+14,1707,2023/1/2 4:28,324,0,86500,256
70734154,LL22150506M,9.82091E+14,1707,2023/1/2 4:48,57,0,,37
70734162,LL22150204M,9.82091E+14,1707,2023/1/2 4:58,287,0,66500,217
70734154,LL22150506M,9.82091E+14,1707,2023/1/2 5:04,22,0,,11
70734154,LL22150506M,9.82091E+14,1707,2023/1/2 5:23,86,0,86000,54
70734154,LL22150506M,9.82091E+14,1707,2023/1/2 5:31,46,0,,20
70739142,LL22150005M,9.82091E+14,1707,2023/1/2 6:11,171,0,69000,71
70739142,LL22150005M,9.82091E+14,1707,2023/1/2 6:17,95,0,68500,34
70739142,LL22150005M,9.82091E+14,1707,2023/1/2 6:22,86,0,69000,45
70739179,LL22133202M,699b78b7-0c70-4ae2-ab86-2d616dd829b8,1707,2023/1/2 6:25,444,0,94000,452
70739142,LL22150005M,9.82091E+14,1707,2023/1/2 6:33,110,0,69000,51
70734154,LL22150506M,9.82091E+14,1707,2023/1/2 6:36,339,0,87500,251
70734119,LL22150501M,9.82091E+14,1707,2023/1/2 6:42,439,0,76000,249
70739142,LL22150005M,9.82091E+14,1707,2023/1/2 6:49,82,0,68000,38
70734119,LL22150501M,9.82091E+14,1707,2023/1/2 6:50,39,0,,31
70734891,LL22149402M,9.82091E+14,1707,2023/1/2 6:51,738,0,73500,593
70734848,LL22148404M,9.82091E+14,1707,2023/1/2 7:05,476,0,81000,369
70734162,LL22150204M,9.82091E+14,1707,2023/1/2 7:25,249,0,66000,198
70734876,LL22153804M,9.82091E+14,1707,2023/1/2 8:26,389,0,86500,290
70721340,LL22144904M,9.82091E+14,1707,2023/1/2 8:36,370,0,93500,415
70721340,LL22144904M,9.82091E+14,1707,2023/1/2 8:44,53,0,,40
70734848,LL22148404M,9.82091E+14,1707,2023/1/2 9:00,452,0,81500,461
70734119,LL22150501M,9.82091E+14,1707,2023/1/2 9:08,697,0,76500,269
70734119,LL22150501M,9.82091E+14,1707,2023/1/2 9:29,46,0,,22
70739142,LL22150005M,9.82091E+14,1707,2023/1/2 9:30,931,0,69000,371
70739179,LL22133202M,699b78b7-0c70-4ae2-ab86-2d616dd829b8,1707,2023/1/2 9:46,442,0,93000,501
70739142,LL22150005M,9.82091E+14,1707,2023/1/2 9:53,109,0,68750,45
70734162,LL22150204M,9.82091E+14,1707,2023/1/2 9:55,498,0,66000,340
70734876,LL22153804M,9.82091E+14,1707,2023/1/2 10:04,56,0,,40
70734119,LL22150501M,9.82091E+14,1707,2023/1/2 10:05,195,0,77000,139
70734876,LL22153804M,9.82091E+14,1707,2023/1/2 10:09,76,0,86500,72
70734119,LL22150501M,9.82091E+14,1707,2023/1/2 10:10,23,0,,29
70734154,LL22150506M,9.82091E+14,1707,2023/1/2 10:11,283,0,87000,134
70734119,LL22150501M,9.82091E+14,1707,2023/1/2 10:19,67,0,76250,63
70739142,LL22150005M,9.82091E+14,1707,2023/1/2 10:20,169,0,69000,66
70734154,LL22150506M,9.82091E+14,1707,2023/1/2 10:23,334,0,86500,206
70734876,LL22153804M,9.82091E+14,1707,2023/1/2 10:29,120,0,86500,121
70734154,LL22150506M,9.82091E+14,1707,2023/1/2 10:31,94,0,87000,98
70734154,LL22150506M,9.82091E+14,1707,2023/1/2 10:36,33,0,,21
70739142,LL22150005M,9.82091E+14,1707,2023/1/2 10:36,123,0,69250,31
70734154,LL22150506M,9.82091E+14,1707,2023/1/2 10:39,12,0,,15
70739142,LL22150005M,9.82091E+14,1707,2023/1/2 10:40,67,0,68500,46
70734154,LL22150506M,9.82091E+14,1707,2023/1/2 10:46,37,0,,11
70721340,LL22144904M,9.82091E+14,1707,2023/1/2 10:54,116,0,92500,103
70734876,LL22153804M,9.82091E+14,1707,2023/1/2 10:56,123,0,86000,127
70739142,LL22150005M,9.82091E+14,1707,2023/1/2 11:02,41,0,,13
70734891,LL22149402M,9.82091E+14,1707,2023/1/2 11:07,491,0,74000,217
70734852,LL22148101M,9.82091E+14,1707,2023/1/2 11:16,1139,0,67000,487
70739142,LL22150005M,9.82091E+14,1707,2023/1/2 11:35,74,0,68500,18
70739179,LL22133202M,699b78b7-0c70-4ae2-ab86-2d616dd829b8,1707,2023/1/2 11:38,716,0,94000,559
70721340,LL22144904M,9.82091E+14,1707,2023/1/2 11:50,441,0,93000,397
70734891,LL22149402M,9.82091E+14,1707,2023/1/2 12:15,963,0,74000,609
70734162,LL22150204M,9.82091E+14,1707,2023/1/2 12:31,784,0,67500,535
70734154,LL22150506M,9.82091E+14,1707,2023/1/2 12:44,845,0,88000,722
70734848,LL22148404M,9.82091E+14,1707,2023/1/2 12:58,689,0,82000,805
70721340,LL22144904M,9.82091E+14,1707,2023/1/2 13:10,87,0,94000,66
70734891,LL22149402M,9.82091E+14,1707,2023/1/2 13:14,110,0,74500,1
70721340,LL22144904M,9.82091E+14,1707,2023/1/2 13:16,297,0,94500,366
70739142,LL22150005M,9.82091E+14,1707,2023/1/2 13:21,901,0,70000,467
70734119,LL22150501M,9.82091E+14,1707,2023/1/2 13:36,39,0,,52
70734876,LL22153804M,9.82091E+14,1707,2023/1/2 13:37,871,0,87000,645
70734119,LL22150501M,9.82091E+14,1707,2023/1/2 13:51,199,0,76000,113
70734162,LL22150204M,9.82091E+14,1707,2023/1/2 13:55,465,0,67500,262
70734852,LL22148101M,9.82091E+14,1707,2023/1/2 14:04,1213,0,67500,614
70734162,LL22150204M,9.82091E+14,1707,2023/1/2 14:25,41,0,,3
70739179,LL22133202M,699b78b7-0c70-4ae2-ab86-2d616dd829b8,1707,2023/1/2 14:35,693,0,96000,568
70734119,LL22150501M,9.82091E+14,1707,2023/1/2 14:46,942,0,75500,552
70721340,LL22144904M,9.82091E+14,1707,2023/1/2 15:02,54,0,,35
70734119,LL22150501M,9.82091E+14,1707,2023/1/2 15:03,26,0,,18
70721340,LL22144904M,9.82091E+14,1707,2023/1/2 15:04,162,0,94500,197
70721340,LL22144904M,9.82091E+14,1707,2023/1/2 15:14,50,0,,51
70732905,LL22141101M,9.82091E+14,1707,2023/1/2 15:15,1148,0,83500,1061
70734162,LL22150204M,9.82091E+14,1707,2023/1/2 15:35,270,0,67500,153
70739179,LL22133202M,699b78b7-0c70-4ae2-ab86-2d616dd829b8,1707,2023/1/2 15:41,528,0,97500,515
70721340,LL22144904M,9.82091E+14,1707,2023/1/2 16:00,74,0,94500,42
70739142,LL22150005M,9.82091E+14,1707,2023/1/2 16:01,46,0,,30
70734848,LL22148404M,9.82091E+14,1707,2023/1/2 16:03,257,0,83000,219
70739142,LL22150005M,9.82091E+14,1707,2023/1/2 16:07,644,0,70000,387
70734154,LL22150506M,9.82091E+14,1707,2023/1/2 16:18,625,0,88000,638
70734852,LL22148101M,9.82091E+14,1707,2023/1/2 16:29,109,0,68500,72
70734891,LL22149402M,9.82091E+14,1707,2023/1/2 16:31,794,0,74500,698
70734119,LL22150501M,9.82091E+14,1707,2023/1/2 16:44,285,0,77500,135
70739142,LL22150005M,9.82091E+14,1707,2023/1/2 16:49,359,0,70500,187
70734119,LL22150501M,9.82091E+14,1707,2023/1/2 16:56,308,0,78000,207
70721340,LL22144904M,9.82091E+14,1707,2023/1/2 17:02,272,0,94000,364
70734154,LL22150506M,9.82091E+14,1707,2023/1/2 17:08,12,0,,9
70734162,LL22150204M,9.82091E+14,1707,2023/1/2 17:08,389,0,68500,323
70734852,LL22148101M,9.82091E+14,1707,2023/1/2 17:15,892,0,68000,489
70734876,LL22153804M,9.82091E+14,1707,2023/1/2 17:30,960,0,87000,903
70734119,LL22150501M,9.82091E+14,1707,2023/1/2 17:47,490,0,78000,267
70739179,LL22133202M,699b78b7-0c70-4ae2-ab86-2d616dd829b8,1707,2023/1/2 17:55,643,0,97000,739
70732905,LL22141101M,9.82091E+14,1707,2023/1/2 18:07,685,0,84500,635
70734848,LL22148404M,9.82091E+14,1707,2023/1/2 19:43,409,0,82500,471
70734852,LL22148101M,9.82091E+14,1707,2023/1/2 19:50,686,0,69000,440
70721340,LL22144904M,9.82091E+14,1707,2023/1/2 20:11,384,0,94500,503
70739142,LL22150005M,9.82091E+14,1707,2023/1/2 21:23,179,0,71000,86
70734119,LL22150501M,9.82091E+14,1707,2023/1/2 21:26,718,0,77500,422
70732905,LL22141101M,9.82091E+14,1707,2023/1/2 21:42,545,0,85500,511
70734876,LL22153804M,9.82091E+14,1707,2023/1/2 22:12,575,0,89250,508
70734891,LL22149402M,9.82091E+14,1707,2023/1/2 22:31,520,0,76000,513
70732905,LL22141101M,9.82091E+14,1707,2023/1/2 22:41,22,0,,3
70734848,LL22148404M,9.82091E+14,1707,2023/1/2 22:44,64,0,82000,18
70734154,LL22150506M,9.82091E+14,1707,2023/1/2 22:47,496,0,88500,277
70734154,LL22150506M,9.82091E+14,1707,2023/1/2 22:58,95,0,89000,80
70734876,LL22153804M,9.82091E+14,1707,2023/1/2 23:01,88,0,89500,68
70732905,LL22141101M,9.82091E+14,1707,2023/1/2 23:03,17,0,,14
70734852,LL22148101M,9.82091E+14,1707,2023/1/2 23:04,604,0,69000,386
70734119,LL22150501M,9.82091E+14,1707,2023/1/2 23:14,36,0,,28
70739142,LL22150005M,9.82091E+14,1707,2023/1/2 23:20,71,0,70500,36
70732905,LL22141101M,9.82091E+14,1707,2023/1/3 0:06,666,0,85500,597
70734848,LL22148404M,9.82091E+14,1707,2023/1/3 0:58,498,0,82500,512
70734876,LL22153804M,9.82091E+14,1707,2023/1/3 1:07,242,0,89000,60
70732905,LL22141101M,9.82091E+14,1707,2023/1/3 1:49,338,0,86500,297
70734162,LL22150204M,9.82091E+14,1707,2023/1/3 1:55,226,0,68000,163
70732905,LL22141101M,9.82091E+14,1707,2023/1/3 2:58,470,0,87500,422
70734162,LL22150204M,9.82091E+14,1707,2023/1/3 3:12,319,0,68000,319
70734154,LL22150506M,9.82091E+14,1707,2023/1/3 3:31,366,0,88500,117
70739179,LL22133202M,699b78b7-0c70-4ae2-ab86-2d616dd829b8,1707,2023/1/3 3:38,575,0,96000,663
70734154,LL22150506M,9.82091E+14,1707,2023/1/3 3:48,286,0,88500,170
70734891,LL22149402M,9.82091E+14,1707,2023/1/3 5:57,476,0,75000,396
70739142,LL22150005M,9.82091E+14,1707,2023/1/3 6:05,1240,0,69500,642
70721340,LL22144904M,9.82091E+14,1707,2023/1/3 6:26,616,0,93000,641
70734154,LL22150506M,9.82091E+14,1707,2023/1/3 6:37,551,0,88000,383
70734848,LL22148404M,9.82091E+14,1707,2023/1/3 6:46,719,0,81500,763
70734154,LL22150506M,9.82091E+14,1707,2023/1/3 6:58,91,0,88000,73
70734119,LL22150501M,9.82091E+14,1707,2023/1/3 7:00,79,0,77500,51
70734119,LL22150501M,9.82091E+14,1707,2023/1/3 7:04,658,0,76500,292
70734119,LL22150501M,9.82091E+14,1707,2023/1/3 7:17,123,0,76500,84
70734162,LL22150204M,9.82091E+14,1707,2023/1/3 8:21,355,0,67500,328
70734876,LL22153804M,9.82091E+14,1707,2023/1/3 8:27,884,0,87000,765
70739142,LL22150005M,9.82091E+14,1707,2023/1/3 8:42,368,0,70000,122
70739179,LL22133202M,699b78b7-0c70-4ae2-ab86-2d616dd829b8,1707,2023/1/3 8:53,721,0,95500,792
70721340,LL22144904M,9.82091E+14,1707,2023/1/3 10:18,418,0,94000,460
70734154,LL22150506M,9.82091E+14,1707,2023/1/3 10:25,501,0,88500,324
70734154,LL22150506M,9.82091E+14,1707,2023/1/3 10:37,329,0,89250,329
70734119,LL22150501M,9.82091E+14,1707,2023/1/3 10:42,222,0,77000,142
70734852,LL22148101M,9.82091E+14,1707,2023/1/3 10:46,1078,0,68500,586
70734891,LL22149402M,9.82091E+14,1707,2023/1/3 11:04,994,0,74500,765
70734119,LL22150501M,9.82091E+14,1707,2023/1/3 11:22,317,0,77500,171
70734154,LL22150506M,9.82091E+14,1707,2023/1/3 11:28,123,0,89500,128
70734119,LL22150501M,9.82091E+14,1707,2023/1/3 11:30,527,0,77000,321
70734848,LL22148404M,9.82091E+14,1707,2023/1/3 11:39,725,0,82500,788
70739142,LL22150005M,9.82091E+14,1707,2023/1/3 11:51,1301,0,70500,663
70721340,LL22144904M,9.82091E+14,1707,2023/1/3 12:13,448,0,94500,495
70739142,LL22150005M,9.82091E+14,1707,2023/1/3 12:21,135,0,70500,43
70734876,LL22153804M,9.82091E+14,1707,2023/1/3 12:25,573,0,88500,532
70739179,LL22133202M,699b78b7-0c70-4ae2-ab86-2d616dd829b8,1707,2023/1/3 12:35,628,0,98000,533
70734162,LL22150204M,9.82091E+14,1707,2023/1/3 12:46,830,0,67500,765
70734119,LL22150501M,9.82091E+14,1707,2023/1/3 13:02,159,0,78500,67
70734119,LL22150501M,9.82091E+14,1707,2023/1/3 13:07,150,0,79000,84
70734162,LL22150204M,9.82091E+14,1707,2023/1/3 13:11,78,0,67500,30
70734119,LL22150501M,9.82091E+14,1707,2023/1/3 13:13,17,0,,28
70739142,LL22150005M,9.82091E+14,1707,2023/1/3 13:13,50,0,,30
70734891,LL22149402M,9.82091E+14,1707,2023/1/3 13:15,738,0,75500,502
70721340,LL22144904M,9.82091E+14,1707,2023/1/3 13:28,355,0,94500,409
70734154,LL22150506M,9.82091E+14,1707,2023/1/3 13:34,500,0,90000,475
70739142,LL22150005M,9.82091E+14,1707,2023/1/3 13:42,479,0,71000,205
70734119,LL22150501M,9.82091E+14,1707,2023/1/3 13:51,278,0,78500,111
70734154,LL22150506M,9.82091E+14,1707,2023/1/3 13:57,355,0,90000,383
70739142,LL22150005M,9.82091E+14,1707,2023/1/3 14:05,97,0,71000,42
70734154,LL22150506M,9.82091E+14,1707,2023/1/3 14:07,49,0,,47
70734852,LL22148101M,9.82091E+14,1707,2023/1/3 14:08,969,0,68500,518
70734876,LL22153804M,9.82091E+14,1707,2023/1/3 14:24,418,0,88000,311
70734848,LL22148404M,9.82091E+14,1707,2023/1/3 14:33,483,0,83000,409
70739179,LL22133202M,699b78b7-0c70-4ae2-ab86-2d616dd829b8,1707,2023/1/3 14:42,741,0,98000,632
70734119,LL22150501M,9.82091E+14,1707,2023/1/3 14:54,614,0,79000,300
70739142,LL22150005M,9.82091E+14,1707,2023/1/3 15:05,236,0,71000,76
70734154,LL22150506M,9.82091E+14,1707,2023/1/3 15:09,35,0,,30
70739142,LL22150005M,9.82091E+14,1707,2023/1/3 15:19,58,0,,23
70721340,LL22144904M,9.82091E+14,1707,2023/1/3 15:20,360,0,95500,442
70734876,LL22153804M,9.82091E+14,1707,2023/1/3 15:27,304,0,89000,84
70734891,LL22149402M,9.82091E+14,1707,2023/1/3 15:32,398,0,76500,199
70734876,LL22153804M,9.82091E+14,1707,2023/1/3 15:39,275,0,89000,244
70739142,LL22150005M,9.82091E+14,1707,2023/1/3 15:44,25,0,,13
70734162,LL22150204M,9.82091E+14,1707,2023/1/3 15:46,211,0,68500,102
70734852,LL22148101M,9.82091E+14,1707,2023/1/3 15:50,130,0,69000,47
70734119,LL22150501M,9.82091E+14,1707,2023/1/3 15:52,473,0,79000,244
70739142,LL22150005M,9.82091E+14,1707,2023/1/3 16:00,279,0,72000,115
70734852,LL22148101M,9.82091E+14,1707,2023/1/3 16:05,304,0,69000,193
70734162,LL22150204M,9.82091E+14,1707,2023/1/3 16:10,73,0,68000,108
70734119,LL22150501M,9.82091E+14,1707,2023/1/3 16:12,37,0,,35
70734162,LL22150204M,9.82091E+14,1707,2023/1/3 16:12,458,0,69000,316
70734119,LL22150501M,9.82091E+14,1707,2023/1/3 16:20,39,0,,24
70734852,LL22148101M,9.82091E+14,1707,2023/1/3 16:21,42,0,,28
70734119,LL22150501M,9.82091E+14,1707,2023/1/3 16:22,52,0,,37
70734154,LL22150506M,9.82091E+14,1707,2023/1/3 16:23,355,0,91000,322
70732905,LL22141101M,9.82091E+14,1707,2023/1/3 16:29,1394,0,85000,1220
70739179,LL22133202M,699b78b7-0c70-4ae2-ab86-2d616dd829b8,1707,2023/1/3 16:54,550,0,98500,404
70739142,LL22150005M,9.82091E+14,1707,2023/1/3 17:03,198,0,71500,102
70721340,LL22144904M,9.82091E+14,1707,2023/1/3 17:06,491,0,96000,544
70734119,LL22150501M,9.82091E+14,1707,2023/1/3 17:15,583,0,80000,289
70734891,LL22149402M,9.82091E+14,1707,2023/1/3 17:25,673,0,77000,650
70734876,LL22153804M,9.82091E+14,1707,2023/1/3 18:26,857,0,90000,865
70734852,LL22148101M,9.82091E+14,1707,2023/1/3 19:21,942,0,70000,593
70739179,LL22133202M,699b78b7-0c70-4ae2-ab86-2d616dd829b8,1707,2023/1/3 19:57,453,0,98500,510
70734848,LL22148404M,9.82091E+14,1707,2023/1/3 20:25,588,0,82500,703
70734162,LL22150204M,9.82091E+14,1707,2023/1/3 20:35,195,0,69500,170
70732905,LL22141101M,9.82091E+14,1707,2023/1/3 20:39,672,0,86500,612
70734876,LL22153804M,9.82091E+14,1707,2023/1/3 20:51,175,0,90500,160
70734852,LL22148101M,9.82091E+14,1707,2023/1/3 20:54,130,0,70500,89
70734154,LL22150506M,9.82091E+14,1707,2023/1/3 22:36,202,0,90000,86
70734119,LL22150501M,9.82091E+14,1707,2023/1/3 22:48,48,0,,23
70721340,LL22144904M,9.82091E+14,1707,2023/1/3 23:12,425,0,97000,544
70734162,LL22150204M,9.82091E+14,1707,2023/1/3 23:54,219,0,69000,240
70732905,LL22141101M,9.82091E+14,1707,2023/1/3 23:58,802,0,87000,726
70739179,LL22133202M,699b78b7-0c70-4ae2-ab86-2d616dd829b8,1707,2023/1/4 0:18,612,0,99000,654
70734852,LL22148101M,9.82091E+14,1707,2023/1/4 0:28,750,0,70500,540
70732905,LL22141101M,9.82091E+14,1707,2023/1/4 0:41,37,0,,25
70734154,LL22150506M,9.82091E+14,1707,2023/1/4 0:59,121,0,91000,77
70734876,LL22153804M,9.82091E+14,1707,2023/1/4 1:07,494,0,91000,446
70721340,LL22144904M,9.82091E+14,1707,2023/1/4 2:43,325,0,97000,417
70732905,LL22141101M,9.82091E+14,1707,2023/1/4 2:50,374,0,88500,336
70734154,LL22150506M,9.82091E+14,1707,2023/1/4 2:57,573,0,90500,326
70732905,LL22141101M,9.82091E+14,1707,2023/1/4 3:08,406,0,88500,366
70739142,LL22150005M,9.82091E+14,1707,2023/1/4 4:23,992,0,71500,547
70739142,LL22150005M,9.82091E+14,1707,2023/1/4 4:43,90,0,70500,44
70734848,LL22148404M,9.82091E+14,1707,2023/1/4 4:46,91,0,83000,71
70739142,LL22150005M,9.82091E+14,1707,2023/1/4 4:48,96,0,71000,24
70734154,LL22150506M,9.82091E+14,1707,2023/1/4 5:36,155,0,90000,89
70734154,LL22150506M,9.82091E+14,1707,2023/1/4 5:45,54,0,,51
70734154,LL22150506M,9.82091E+14,1707,2023/1/4 5:48,124,0,90500,73
70734154,LL22150506M,9.82091E+14,1707,2023/1/4 5:52,50,0,,31
70734154,LL22150506M,9.82091E+14,1707,2023/1/4 6:01,71,0,90000,43
70732905,LL22141101M,9.82091E+14,1707,2023/1/4 6:03,129,0,88500,100
70721340,LL22144904M,9.82091E+14,1707,2023/1/4 6:05,518,0,96500,573
70734154,LL22150506M,9.82091E+14,1707,2023/1/4 6:14,78,0,91000,35
70734848,LL22148404M,9.82091E+14,1707,2023/1/4 6:16,678,0,82000,703
70734891,LL22149402M,9.82091E+14,1707,2023/1/4 6:27,787,0,75500,633
70734154,LL22150506M,9.82091E+14,1707,2023/1/4 6:51,86,0,89500,63
70732905,LL22141101M,9.82091E+14,1707,2023/1/4 6:56,466,0,88500,408
70739142,LL22150005M,9.82091E+14,1707,2023/1/4 7:04,286,0,71000,105
70734162,LL22150204M,9.82091E+14,1707,2023/1/4 8:24,572,0,69500,541
70734119,LL22150501M,9.82091E+14,1707,2023/1/4 8:34,1193,0,77000,683
70739142,LL22150005M,9.82091E+14,1707,2023/1/4 8:54,780,0,71500,432
70721340,LL22144904M,9.82091E+14,1707,2023/1/4 9:09,312,0,96500,365
70739179,LL22133202M,699b78b7-0c70-4ae2-ab86-2d616dd829b8,1707,2023/1/4 9:14,685,0,97000,842
70739142,LL22150005M,9.82091E+14,1707,2023/1/4 9:29,91,0,71000,25
70739142,LL22150005M,9.82091E+14,1707,2023/1/4 9:34,37,0,,10
70734119,LL22150501M,9.82091E+14,1707,2023/1/4 9:35,67,0,77500,22
70734119,LL22150501M,9.82091E+14,1707,2023/1/4 9:39,27,0,,10
70721340,LL22144904M,9.82091E+14,1707,2023/1/4 9:40,28,0,,34
70734876,LL22153804M,9.82091E+14,1707,2023/1/4 9:48,873,0,89500,806
70734119,LL22150501M,9.82091E+14,1707,2023/1/4 10:02,39,0,,40
70739142,LL22150005M,9.82091E+14,1707,2023/1/4 10:08,70,0,70500,24
70734154,LL22150506M,9.82091E+14,1707,2023/1/4 10:10,816,0,89000,693
70734119,LL22150501M,9.82091E+14,1707,2023/1/4 10:23,146,0,78500,40
70734891,LL22149402M,9.82091E+14,1707,2023/1/4 10:26,896,0,76000,610
70734848,LL22148404M,9.82091E+14,1707,2023/1/4 10:43,592,0,82500,668
70734119,LL22150501M,9.82091E+14,1707,2023/1/4 10:53,269,0,78000,171
70721340,LL22144904M,9.82091E+14,1707,2023/1/4 10:57,72,0,95500,81
70734119,LL22150501M,9.82091E+14,1707,2023/1/4 11:00,44,0,,19
70734162,LL22150204M,9.82091E+14,1707,2023/1/4 11:00,504,0,68500,437
70721340,LL22144904M,9.82091E+14,1707,2023/1/4 11:12,242,0,95500,299
70734852,LL22148101M,9.82091E+14,1707,2023/1/4 11:21,1068,0,69500,552
70734876,LL22153804M,9.82091E+14,1707,2023/1/4 11:43,260,0,89500,215
70739142,LL22150005M,9.82091E+14,1707,2023/1/4 11:51,492,0,71500,265
70739142,LL22150005M,9.82091E+14,1707,2023/1/4 12:07,82,0,72000,34
70734119,LL22150501M,9.82091E+14,1707,2023/1/4 12:09,245,0,79000,129
70739142,LL22150005M,9.82091E+14,1707,2023/1/4 12:13,69,0,71000,55
70734119,LL22150501M,9.82091E+14,1707,2023/1/4 12:17,313,0,78500,190
70739142,LL22150005M,9.82091E+14,1707,2023/1/4 12:22,40,0,,36
70734119,LL22150501M,9.82091E+14,1707,2023/1/4 12:33,108,0,78000,63
70739142,LL22150005M,9.82091E+14,1707,2023/1/4 12:35,37,0,,27
70734119,LL22150501M,9.82091E+14,1707,2023/1/4 12:36,29,0,,40
70734119,LL22150501M,9.82091E+14,1707,2023/1/4 12:56,250,0,78500,119
70721340,LL22144904M,9.82091E+14,1707,2023/1/4 13:07,252,0,96500,258
70734891,LL22149402M,9.82091E+14,1707,2023/1/4 13:12,744,0,77000,613
70734119,LL22150501M,9.82091E+14,1707,2023/1/4 13:24,56,0,,34
70739179,LL22133202M,699b78b7-0c70-4ae2-ab86-2d616dd829b8,1707,2023/1/4 13:25,990,0,98500,992
70734154,LL22150506M,9.82091E+14,1707,2023/1/4 13:42,790,0,90500,821
70734119,LL22150501M,9.82091E+14,1707,2023/1/4 13:55,152,0,80000,95
70734848,LL22148404M,9.82091E+14,1707,2023/1/4 13:59,630,0,83500,748
70734876,LL22153804M,9.82091E+14,1707,2023/1/4 14:09,599,0,90000,505
70739142,LL22150005M,9.82091E+14,1707,2023/1/4 14:19,547,0,72000,365
70734162,LL22150204M,9.82091E+14,1707,2023/1/4 14:29,556,0,69000,412
70734852,LL22148101M,9.82091E+14,1707,2023/1/4 14:38,432,0,69500,207
70721340,LL22144904M,9.82091E+14,1707,2023/1/4 14:46,295,0,96500,320
70734876,LL22153804M,9.82091E+14,1707,2023/1/4 14:52,25,0,,3
70739142,LL22150005M,9.82091E+14,1707,2023/1/4 14:52,714,0,72500,423
70734876,LL22153804M,9.82091E+14,1707,2023/1/4 15:04,219,0,90250,40
70734162,LL22150204M,9.82091E+14,1707,2023/1/4 15:08,284,0,69500,186
70721340,LL22144904M,9.82091E+14,1707,2023/1/4 15:15,286,0,97000,287
70721340,LL22144904M,9.82091E+14,1707,2023/1/4 15:22,61,0,97000,11
70721340,LL22144904M,9.82091E+14,1707,2023/1/4 15:29,243,0,97500,280
70734876,LL22153804M,9.82091E+14,1707,2023/1/4 15:49,261,0,90000,131
70734119,LL22150501M,9.82091E+14,1707,2023/1/4 15:57,74,0,80500,36
70734162,LL22150204M,9.82091E+14,1707,2023/1/4 16:01,59,0,,62
70734119,LL22150501M,9.82091E+14,1707,2023/1/4 16:02,91,0,79500,71
70739142,LL22150005M,9.82091E+14,1707,2023/1/4 16:05,680,0,73500,396
70734119,LL22150501M,9.82091E+14,1707,2023/1/4 16:17,167,0,80000,130
70739179,LL22133202M,699b78b7-0c70-4ae2-ab86-2d616dd829b8,1707,2023/1/4 16:21,612,0,100000,473
70734119,LL22150501M,9.82091E+14,1707,2023/1/4 16:31,151,0,80750,102
70734876,LL22153804M,9.82091E+14,1707,2023/1/4 16:34,437,0,91000,385
70734154,LL22150506M,9.82091E+14,1707,2023/1/4 16:42,492,0,91500,512
70734891,LL22149402M,9.82091E+14,1707,2023/1/4 16:50,907,0,78000,725
70734119,LL22150501M,9.82091E+14,1707,2023/1/4 17:06,225,0,80500,147
70739179,LL22133202M,699b78b7-0c70-4ae2-ab86-2d616dd829b8,1707,2023/1/4 17:13,105,0,99500,4
70734119,LL22150501M,9.82091E+14,1707,2023/1/4 17:15,385,0,80500,145
70739179,LL22133202M,699b78b7-0c70-4ae2-ab86-2d616dd829b8,1707,2023/1/4 17:24,386,0,99000,342
70734852,LL22148101M,9.82091E+14,1707,2023/1/4 17:30,1280,0,70000,761
70732905,LL22141101M,9.82091E+14,1707,2023/1/4 17:51,1096,0,87000,905
70734852,LL22148101M,9.82091E+14,1707,2023/1/4 18:10,46,0,,27
70732905,LL22141101M,9.82091E+14,1707,2023/1/4 18:11,35,0,,30
70721340,LL22144904M,9.82091E+14,1707,2023/1/4 18:12,421,0,98000,393
70734119,LL22150501M,9.82091E+14,1707,2023/1/4 18:23,302,0,80500,140
70721340,LL22144904M,9.82091E+14,1707,2023/1/4 18:36,247,0,97000,252
70734852,LL22148101M,9.82091E+14,1707,2023/1/4 18:54,622,0,71500,361
70739179,LL22133202M,699b78b7-0c70-4ae2-ab86-2d616dd829b8,1707,2023/1/4 19:19,57,0,,3
70734848,LL22148404M,9.82091E+14,1707,2023/1/4 19:34,211,0,83500,244
70739179,LL22133202M,699b78b7-0c70-4ae2-ab86-2d616dd829b8,1707,2023/1/4 19:38,353,0,101000,434
70734119,LL22150501M,9.82091E+14,1707,2023/1/4 21:44,109,0,79500,74
70734876,LL22153804M,9.82091E+14,1707,2023/1/4 21:48,556,0,91000,473
70721340,LL22144904M,9.82091E+14,1707,2023/1/4 23:10,37,0,,27
70732905,LL22141101M,9.82091E+14,1707,2023/1/4 23:31,531,0,87000,474
70732905,LL22141101M,9.82091E+14,1707,2023/1/4 23:45,440,0,87500,390
70739179,LL22133202M,699b78b7-0c70-4ae2-ab86-2d616dd829b8,1707,2023/1/5 0:47,477,0,100000,392
70734162,LL22150204M,9.82091E+14,1707,2023/1/5 0:55,211,0,69000,145
70721340,LL22144904M,9.82091E+14,1707,2023/1/5 0:59,258,0,98000,102
70721340,LL22144904M,9.82091E+14,1707,2023/1/5 1:05,334,0,97500,372
70734119,LL22150501M,9.82091E+14,1707,2023/1/5 1:11,878,0,79000,518
70732905,LL22141101M,9.82091E+14,1707,2023/1/5 1:26,150,0,87000,126
70734119,LL22150501M,9.82091E+14,1707,2023/1/5 1:44,41,0,,9
70734154,LL22150506M,9.82091E+14,1707,2023/1/5 1:47,244,0,91500,145
70734154,LL22150506M,9.82091E+14,1707,2023/1/5 1:54,318,0,91500,331
70734154,LL22150506M,9.82091E+14,1707,2023/1/5 2:01,113,0,91500,119
70734891,LL22149402M,9.82091E+14,1707,2023/1/5 2:11,396,0,77000,344
70734162,LL22150204M,9.82091E+14,1707,2023/1/5 2:18,151,0,69000,108
70734876,LL22153804M,9.82091E+14,1707,2023/1/5 2:21,605,0,91500,484
70734852,LL22148101M,9.82091E+14,1707,2023/1/5 2:31,884,0,71000,564
70739142,LL22150005M,9.82091E+14,1707,2023/1/5 2:46,44,0,,34
70734876,LL22153804M,9.82091E+14,1707,2023/1/5 2:48,245,0,91500,257
70739142,LL22150005M,9.82091E+14,1707,2023/1/5 2:52,379,0,72500,188
70732905,LL22141101M,9.82091E+14,1707,2023/1/5 3:08,544,0,88000,467
70732905,LL22141101M,9.82091E+14,1707,2023/1/5 3:19,39,0,,28
70732905,LL22141101M,9.82091E+14,1707,2023/1/5 3:40,57,0,,14
70739179,LL22133202M,699b78b7-0c70-4ae2-ab86-2d616dd829b8,1707,2023/1/5 4:46,393,0,99500,466
70721340,LL22144904M,9.82091E+14,1707,2023/1/5 4:59,425,0,98000,415
70734848,LL22148404M,9.82091E+14,1707,2023/1/5 5:27,587,0,83000,547
70734162,LL22150204M,9.82091E+14,1707,2023/1/5 5:51,339,0,69000,310
70734154,LL22150506M,9.82091E+14,1707,2023/1/5 6:13,253,0,92000,187
70739142,LL22150005M,9.82091E+14,1707,2023/1/5 6:17,501,0,72000,100
70732905,LL22141101M,9.82091E+14,1707,2023/1/5 6:50,886,0,89500,1247
70734876,LL22153804M,9.82091E+14,1707,2023/1/5 7:07,281,0,91500,180
70739142,LL22150005M,9.82091E+14,1707,2023/1/5 7:55,973,0,72500,462
70734119,LL22150501M,9.82091E+14,1707,2023/1/5 8:11,311,0,79000,205
70734848,LL22148404M,9.82091E+14,1707,2023/1/5 8:17,262,0,82500,225
70734162,LL22150204M,9.82091E+14,1707,2023/1/5 8:22,27,0,,21
70734119,LL22150501M,9.82091E+14,1707,2023/1/5 8:22,23,0,,30
70734891,LL22149402M,9.82091E+14,1707,2023/1/5 8:23,544,0,76000,518
70734119,LL22150501M,9.82091E+14,1707,2023/1/5 8:33,315,0,78000,197
70721340,LL22144904M,9.82091E+14,1707,2023/1/5 8:39,443,0,97000,427
70734119,LL22150501M,9.82091E+14,1707,2023/1/5 8:46,228,0,79500,61
70739142,LL22150005M,9.82091E+14,1707,2023/1/5 8:50,38,0,,18
70732905,LL22141101M,9.82091E+14,1707,2023/1/5 8:55,35,0,,19
70721340,LL22144904M,9.82091E+14,1707,2023/1/5 9:00,34,0,,24
70734119,LL22150501M,9.82091E+14,1707,2023/1/5 9:01,27,0,,30
70739142,LL22150005M,9.82091E+14,1707,2023/1/5 9:06,63,0,71750,17
70734162,LL22150204M,9.82091E+14,1707,2023/1/5 9:09,348,0,68500,298
70734848,LL22148404M,9.82091E+14,1707,2023/1/5 9:31,401,0,83500,476
70739179,LL22133202M,699b78b7-0c70-4ae2-ab86-2d616dd829b8,1707,2023/1/5 10:47,546,0,99500,568
70734848,LL22148404M,9.82091E+14,1707,2023/1/5 10:58,513,0,84500,506
70734162,LL22150204M,9.82091E+14,1707,2023/1/5 11:07,282,0,68500,65
70739179,LL22133202M,699b78b7-0c70-4ae2-ab86-2d616dd829b8,1707,2023/1/5 11:12,58,0,,14
70734119,LL22150501M,9.82091E+14,1707,2023/1/5 11:13,78,0,79500,40
70734891,LL22149402M,9.82091E+14,1707,2023/1/5 11:15,553,0,77500,399
70734876,LL22153804M,9.82091E+14,1707,2023/1/5 11:24,143,0,89750,35
70739142,LL22150005M,9.82091E+14,1707,2023/1/5 11:27,165,0,72500,89
70734119,LL22150501M,9.82091E+14,1707,2023/1/5 11:30,813,0,79000,459
70734876,LL22153804M,9.82091E+14,1707,2023/1/5 11:43,757,0,90500,721
70734852,LL22148101M,9.82091E+14,1707,2023/1/5 11:56,1073,0,71500,599
70721340,LL22144904M,9.82091E+14,1707,2023/1/5 12:14,559,0,97500,561
70734162,LL22150204M,9.82091E+14,1707,2023/1/5 12:23,634,0,69000,486
70734162,LL22150204M,9.82091E+14,1707,2023/1/5 12:39,107,0,69500,47
70739142,LL22150005M,9.82091E+14,1707,2023/1/5 12:41,1077,0,72500,533
70734154,LL22150506M,9.82091E+14,1707,2023/1/5 12:59,845,0,91500,806
70739179,LL22133202M,699b78b7-0c70-4ae2-ab86-2d616dd829b8,1707,2023/1/5 13:16,906,0,99500,720
70734891,LL22149402M,9.82091E+14,1707,2023/1/5 13:32,682,0,78000,528
70721340,LL22144904M,9.82091E+14,1707,2023/1/5 13:45,366,0,98000,349
70734154,LL22150506M,9.82091E+14,1707,2023/1/5 13:52,101,0,92000,76
70734852,LL22148101M,9.82091E+14,1707,2023/1/5 13:54,526,0,71500,134
70734119,LL22150501M,9.82091E+14,1707,2023/1/5 14:05,222,0,80500,102
70734852,LL22148101M,9.82091E+14,1707,2023/1/5 14:10,99,0,71000,61
70734119,LL22150501M,9.82091E+14,1707,2023/1/5 14:12,651,0,80500,398
70734162,LL22150204M,9.82091E+14,1707,2023/1/5 14:25,518,0,70000,412
70734848,LL22148404M,9.82091E+14,1707,2023/1/5 14:34,479,0,85000,504
70739142,LL22150005M,9.82091E+14,1707,2023/1/5 14:42,416,0,72500,179
70734162,LL22150204M,9.82091E+14,1707,2023/1/5 14:52,212,0,70500,167
70739142,LL22150005M,9.82091E+14,1707,2023/1/5 14:56,50,0,,21
70734119,LL22150501M,9.82091E+14,1707,2023/1/5 14:57,417,0,80500,237
70734876,LL22153804M,9.82091E+14,1707,2023/1/5 15:04,496,0,91500,394
70739142,LL22150005M,9.82091E+14,1707,2023/1/5 15:15,47,0,,24
70721340,LL22144904M,9.82091E+14,1707,2023/1/5 15:16,19,0,,2
70734876,LL22153804M,9.82091E+14,1707,2023/1/5 15:26,339,0,92000,323
70739142,LL22150005M,9.82091E+14,1707,2023/1/5 15:32,18,0,,14
70734852,LL22148101M,9.82091E+14,1707,2023/1/5 15:33,39,0,,22
70734154,LL22150506M,9.82091E+14,1707,2023/1/5 15:34,42,0,,35
70739142,LL22150005M,9.82091E+14,1707,2023/1/5 15:35,15,0,,5
70732905,LL22141101M,9.82091E+14,1707,2023/1/5 15:35,135,0,88500,92
70734154,LL22150506M,9.82091E+14,1707,2023/1/5 15:38,102,0,93500,64
70734119,LL22150501M,9.82091E+14,1707,2023/1/5 15:40,9,0,,2
70732905,LL22141101M,9.82091E+14,1707,2023/1/5 15:40,60,0,,14
70734154,LL22150506M,9.82091E+14,1707,2023/1/5 15:41,11,0,,2
70734852,LL22148101M,9.82091E+14,1707,2023/1/5 15:43,881,0,72500,489
70734891,LL22149402M,9.82091E+14,1707,2023/1/5 15:58,226,0,78500,61
70734119,LL22150501M,9.82091E+14,1707,2023/1/5 16:02,56,0,,21
70721340,LL22144904M,9.82091E+14,1707,2023/1/5 16:03,284,0,98000,305
70739142,LL22150005M,9.82091E+14,1707,2023/1/5 16:08,72,0,73250,23
70739179,LL22133202M,699b78b7-0c70-4ae2-ab86-2d616dd829b8,1707,2023/1/5 16:09,70,0,100250,50
70734162,LL22150204M,9.82091E+14,1707,2023/1/5 16:12,42,0,,6
70739179,LL22133202M,699b78b7-0c70-4ae2-ab86-2d616dd829b8,1707,2023/1/5 16:13,37,0,,14
70734154,LL22150506M,9.82091E+14,1707,2023/1/5 16:14,293,0,93000,88
70734876,LL22153804M,9.82091E+14,1707,2023/1/5 16:19,53,0,,2
70734848,LL22148404M,9.82091E+14,1707,2023/1/5 16:22,206,0,85500,1
70734891,LL22149402M,9.82091E+14,1707,2023/1/5 16:27,558,0,78500,349
70739179,LL22133202M,699b78b7-0c70-4ae2-ab86-2d616dd829b8,1707,2023/1/5 16:40,455,0,100500,518
70734119,LL22150501M,9.82091E+14,1707,2023/1/5 16:48,206,0,81500,123
70734154,LL22150506M,9.82091E+14,1707,2023/1/5 16:52,231,0,92500,57
70734119,LL22150501M,9.82091E+14,1707,2023/1/5 16:58,70,0,81000,19
70721340,LL22144904M,9.82091E+14,1707,2023/1/5 16:59,269,0,98750,342
70734119,LL22150501M,9.82091E+14,1707,2023/1/5 17:04,25,0,,16
70739142,LL22150005M,9.82091E+14,1707,2023/1/5 17:04,136,0,73000,52
70734154,LL22150506M,9.82091E+14,1707,2023/1/5 17:07,136,0,92500,76
70734848,LL22148404M,9.82091E+14,1707,2023/1/5 17:09,117,0,84750,11
70734154,LL22150506M,9.82091E+14,1707,2023/1/5 17:13,167,0,93250,152
70739179,LL22133202M,699b78b7-0c70-4ae2-ab86-2d616dd829b8,1707,2023/1/5 17:21,40,0,,2
70739179,LL22133202M,699b78b7-0c70-4ae2-ab86-2d616dd829b8,1707,2023/1/5 17:45,373,0,100500,277
70734848,LL22148404M,9.82091E+14,1707,2023/1/5 17:52,98,0,84500,46
70734891,LL22149402M,9.82091E+14,1707,2023/1/5 17:54,40,0,,1
70734876,LL22153804M,9.82091E+14,1707,2023/1/5 18:01,343,0,92250,319
70734891,LL22149402M,9.82091E+14,1707,2023/1/5 18:07,312,0,78500,208
70739179,LL22133202M,699b78b7-0c70-4ae2-ab86-2d616dd829b8,1707,2023/1/5 18:59,561,0,101500,489
70734852,LL22148101M,9.82091E+14,1707,2023/1/5 19:08,1086,0,73000,651
70732905,LL22141101M,9.82091E+14,1707,2023/1/5 20:56,589,0,87500,462
70721340,LL22144904M,9.82091E+14,1707,2023/1/5 22:31,463,0,98500,419
70732905,LL22141101M,9.82091E+14,1707,2023/1/5 23:22,436,0,88500,373
70734848,LL22148404M,9.82091E+14,1707,2023/1/5 23:39,331,0,84500,201
70734876,LL22153804M,9.82091E+14,1707,2023/1/5 23:48,453,0,91500,349
70732905,LL22141101M,9.82091E+14,1707,2023/1/5 23:57,53,0,,16
70734876,LL22153804M,9.82091E+14,1707,2023/1/5 23:58,22,0,,2
70732905,LL22141101M,9.82091E+14,1707,2023/1/6 0:44,537,0,87500,463
70734852,LL22148101M,9.82091E+14,1707,2023/1/6 0:54,737,0,72500,400
70721340,LL22144904M,9.82091E+14,1707,2023/1/6 1:06,298,0,98000,285
70734119,LL22150501M,9.82091E+14,1707,2023/1/6 1:11,350,0,80500,215
70734162,LL22150204M,9.82091E+14,1707,2023/1/6 1:18,352,0,70000,310
70732905,LL22141101M,9.82091E+14,1707,2023/1/6 1:24,110,0,88000,29
70734119,LL22150501M,9.82091E+14,1707,2023/1/6 1:26,167,0,80000,109
70732905,LL22141101M,9.82091E+14,1707,2023/1/6 1:30,241,0,88000,218
70734154,LL22150506M,9.82091E+14,1707,2023/1/6 1:35,403,0,91000,236
70739179,LL22133202M,699b78b7-0c70-4ae2-ab86-2d616dd829b8,1707,2023/1/6 1:45,408,0,101000,460
70734154,LL22150506M,9.82091E+14,1707,2023/1/6 1:53,203,0,91000,89
70734154,LL22150506M,9.82091E+14,1707,2023/1/6 1:58,285,0,91500,247
70734876,LL22153804M,9.82091E+14,1707,2023/1/6 2:03,260,0,91500,162
70734876,LL22153804M,9.82091E+14,1707,2023/1/6 2:16,455,0,92500,413
70734891,LL22149402M,9.82091E+14,1707,2023/1/6 2:24,221,0,78000,120
70739142,LL22150005M,9.82091E+14,1707,2023/1/6 2:31,981,0,72000,463
70732905,LL22141101M,9.82091E+14,1707,2023/1/6 3:14,65,0,88500,11
70732905,LL22141101M,9.82091E+14,1707,2023/1/6 3:44,163,0,89000,46
70734162,LL22150204M,9.82091E+14,1707,2023/1/6 3:52,322,0,70000,291
70732905,LL22141101M,9.82091E+14,1707,2023/1/6 3:59,228,0,89000,138
70732905,LL22141101M,9.82091E+14,1707,2023/1/6 4:07,67,0,89000,15
70734154,LL22150506M,9.82091E+14,1707,2023/1/6 4:09,29,0,,23
70721340,LL22144904M,9.82091E+14,1707,2023/1/6 4:12,205,0,97000,64
70734154,LL22150506M,9.82091E+14,1707,2023/1/6 4:24,347,0,93000,289
70734154,LL22150506M,9.82091E+14,1707,2023/1/6 4:35,97,0,92000,87
70734119,LL22150501M,9.82091E+14,1707,2023/1/6 4:39,671,0,80500,368
70734154,LL22150506M,9.82091E+14,1707,2023/1/6 4:50,74,0,92000,77
70734119,LL22150501M,9.82091E+14,1707,2023/1/6 4:51,25,0,,18
70739179,LL22133202M,699b78b7-0c70-4ae2-ab86-2d616dd829b8,1707,2023/1/6 4:54,289,0,100500,323
70734154,LL22150506M,9.82091E+14,1707,2023/1/6 5:00,24,0,,15
70732905,LL22141101M,9.82091E+14,1707,2023/1/6 5:01,129,0,89750,8
70721340,LL22144904M,9.82091E+14,1707,2023/1/6 5:04,65,0,98000,21
70721340,LL22144904M,9.82091E+14,1707,2023/1/6 5:07,365,0,98000,385
70732905,LL22141101M,9.82091E+14,1707,2023/1/6 5:14,85,0,89000,41
70732905,LL22141101M,9.82091E+14,1707,2023/1/6 5:17,426,0,89500,409
70732905,LL22141101M,9.82091E+14,1707,2023/1/6 5:35,46,0,,17
70734154,LL22150506M,9.82091E+14,1707,2023/1/6 5:56,99,0,92000,33
70739142,LL22150005M,9.82091E+14,1707,2023/1/6 6:16,564,0,72000,168
70734848,LL22148404M,9.82091E+14,1707,2023/1/6 6:47,484,0,84000,416
70734876,LL22153804M,9.82091E+14,1707,2023/1/6 6:56,60,0,,16
70734154,LL22150506M,9.82091E+14,1707,2023/1/6 7:19,230,0,92500,213
70732905,LL22141101M,9.82091E+14,1707,2023/1/6 7:25,416,0,89500,278
70734154,LL22150506M,9.82091E+14,1707,2023/1/6 7:32,151,0,92500,65
70739142,LL22150005M,9.82091E+14,1707,2023/1/6 7:35,592,0,72000,149
70734876,LL22153804M,9.82091E+14,1707,2023/1/6 7:46,177,0,91000,133
70721340,LL22144904M,9.82091E+14,1707,2023/1/6 7:49,275,0,97000,174
70734119,LL22150501M,9.82091E+14,1707,2023/1/6 7:54,334,0,82000,191
70734162,LL22150204M,9.82091E+14,1707,2023/1/6 8:00,337,0,69500,293
70734876,LL22153804M,9.82091E+14,1707,2023/1/6 8:06,92,0,91000,68
70734891,LL22149402M,9.82091E+14,1707,2023/1/6 8:11,800,0,76500,514
70734119,LL22150501M,9.82091E+14,1707,2023/1/6 8:25,233,0,81000,156
70734154,LL22150506M,9.82091E+14,1707,2023/1/6 8:29,325,0,93000,336
70734119,LL22150501M,9.82091E+14,1707,2023/1/6 8:34,29,0,,17
70739179,LL22133202M,699b78b7-0c70-4ae2-ab86-2d616dd829b8,1707,2023/1/6 8:35,136,0,99500,131
70739142,LL22150005M,9.82091E+14,1707,2023/1/6 8:38,1066,0,72000,432
70739142,LL22150005M,9.82091E+14,1707,2023/1/6 8:59,54,0,,18
70732905,LL22141101M,9.82091E+14,1707,2023/1/6 9:11,446,0,90000,374
70734848,LL22148404M,9.82091E+14,1707,2023/1/6 9:21,479,0,83500,267
70734848,LL22148404M,9.82091E+14,1707,2023/1/6 9:57,352,0,84500,420
70721340,LL22144904M,9.82091E+14,1707,2023/1/6 10:04,266,0,96500,87
70739179,LL22133202M,699b78b7-0c70-4ae2-ab86-2d616dd829b8,1707,2023/1/6 10:37,447,0,100000,482
70721340,LL22144904M,9.82091E+14,1707,2023/1/6 10:53,445,0,96500,450
70734162,LL22150204M,9.82091E+14,1707,2023/1/6 11:01,343,0,70000,40
70734891,LL22149402M,9.82091E+14,1707,2023/1/6 11:08,93,0,77000,10
70734162,LL22150204M,9.82091E+14,1707,2023/1/6 11:11,329,0,69500,263
70734876,LL22153804M,9.82091E+14,1707,2023/1/6 11:17,390,0,90500,171
70734891,LL22149402M,9.82091E+14,1707,2023/1/6 11:38,51,0,,2
70734119,LL22150501M,9.82091E+14,1707,2023/1/6 11:44,340,0,81500,215
70734891,LL22149402M,9.82091E+14,1707,2023/1/6 11:49,485,0,77500,422
70739142,LL22150005M,9.82091E+14,1707,2023/1/6 11:58,921,0,73000,411
70721340,LL22144904M,9.82091E+14,1707,2023/1/6 12:13,102,0,97500,96
70734119,LL22150501M,9.82091E+14,1707,2023/1/6 12:15,90,0,81000,84
70739142,LL22150005M,9.82091E+14,1707,2023/1/6 12:18,33,0,,13
70734119,LL22150501M,9.82091E+14,1707,2023/1/6 12:18,53,0,,36
70739142,LL22150005M,9.82091E+14,1707,2023/1/6 12:19,28,0,,38
70734119,LL22150501M,9.82091E+14,1707,2023/1/6 12:20,19,0,,25
70721340,LL22144904M,9.82091E+14,1707,2023/1/6 12:20,295,0,97500,322
70734876,LL22153804M,9.82091E+14,1707,2023/1/6 12:25,245,0,90500,114
70734852,LL22148101M,9.82091E+14,1707,2023/1/6 12:30,502,0,71000,269
70734162,LL22150204M,9.82091E+14,1707,2023/1/6 12:38,274,0,70500,197
70739179,LL22133202M,699b78b7-0c70-4ae2-ab86-2d616dd829b8,1707,2023/1/6 12:44,71,0,99500,52
70734876,LL22153804M,9.82091E+14,1707,2023/1/6 12:46,77,0,90500,15
70734154,LL22150506M,9.82091E+14,1707,2023/1/6 12:48,835,0,92500,757
70734876,LL22153804M,9.82091E+14,1707,2023/1/6 13:02,333,0,91000,265
70734848,LL22148404M,9.82091E+14,1707,2023/1/6 13:07,778,0,85000,976
70734119,LL22150501M,9.82091E+14,1707,2023/1/6 13:20,286,0,81500,161
70734154,LL22150506M,9.82091E+14,1707,2023/1/6 13:25,168,0,93000,152
70734119,LL22150501M,9.82091E+14,1707,2023/1/6 13:28,106,0,82000,80
70734876,LL22153804M,9.82091E+14,1707,2023/1/6 13:30,206,0,90500,182
70734119,LL22150501M,9.82091E+14,1707,2023/1/6 13:34,76,0,81500,58
70739142,LL22150005M,9.82091E+14,1707,2023/1/6 13:36,64,0,73000,46
70734876,LL22153804M,9.82091E+14,1707,2023/1/6 13:37,279,0,91000,288
70734119,LL22150501M,9.82091E+14,1707,2023/1/6 13:41,307,0,81500,197
70739142,LL22150005M,9.82091E+14,1707,2023/1/6 13:52,134,0,73500,53
70734119,LL22150501M,9.82091E+14,1707,2023/1/6 13:55,47,0,,32
70739179,LL22133202M,699b78b7-0c70-4ae2-ab86-2d616dd829b8,1707,2023/1/6 13:56,933,0,100500,867
70734852,LL22148101M,9.82091E+14,1707,2023/1/6 14:12,1085,0,71000,657
70739142,LL22150005M,9.82091E+14,1707,2023/1/6 14:30,652,0,74000,338
70734162,LL22150204M,9.82091E+14,1707,2023/1/6 14:41,763,0,70500,649
70721340,LL22144904M,9.82091E+14,1707,2023/1/6 14:54,118,0,98000,60
70734891,LL22149402M,9.82091E+14,1707,2023/1/6 14:56,868,0,79000,904
70721340,LL22144904M,9.82091E+14,1707,2023/1/6 15:11,87,0,97500,67
70734119,LL22150501M,9.82091E+14,1707,2023/1/6 15:13,76,0,81500,48
70734876,LL22153804M,9.82091E+14,1707,2023/1/6 15:14,411,0,92250,389
70734154,LL22150506M,9.82091E+14,1707,2023/1/6 15:22,53,0,,22
70734162,LL22150204M,9.82091E+14,1707,2023/1/6 15:23,17,0,,1
70721340,LL22144904M,9.82091E+14,1707,2023/1/6 15:24,91,0,97500,57
70734852,LL22148101M,9.82091E+14,1707,2023/1/6 15:26,43,0,,20
70734119,LL22150501M,9.82091E+14,1707,2023/1/6 15:27,122,0,81500,53
70734119,LL22150501M,9.82091E+14,1707,2023/1/6 15:31,17,0,,4
70721340,LL22144904M,9.82091E+14,1707,2023/1/6 15:32,304,0,98000,403
70734119,LL22150501M,9.82091E+14,1707,2023/1/6 15:37,330,0,82000,147
70739142,LL22150005M,9.82091E+14,1707,2023/1/6 15:43,85,0,73500,43
70734119,LL22150501M,9.82091E+14,1707,2023/1/6 15:47,12,0,,5
70734848,LL22148404M,9.82091E+14,1707,2023/1/6 15:47,204,0,85000,141
70732905,LL22141101M,9.82091E+14,1707,2023/1/6 15:52,182,0,89000,147
70734876,LL22153804M,9.82091E+14,1707,2023/1/6 15:56,12,0,,1
70734848,LL22148404M,9.82091E+14,1707,2023/1/6 15:56,28,0,,9
70734852,LL22148101M,9.82091E+14,1707,2023/1/6 15:59,25,0,,10
70734891,LL22149402M,9.82091E+14,1707,2023/1/6 16:01,42,0,,3
70734852,LL22148101M,9.82091E+14,1707,2023/1/6 16:02,110,0,72500,72
70734154,LL22150506M,9.82091E+14,1707,2023/1/6 16:10,178,0,93000,145
70739179,LL22133202M,699b78b7-0c70-4ae2-ab86-2d616dd829b8,1707,2023/1/6 16:13,293,0,102500,209
70739142,LL22150005M,9.82091E+14,1707,2023/1/6 16:18,81,0,73000,26
70734154,LL22150506M,9.82091E+14,1707,2023/1/6 16:21,105,0,94000,67
70734852,LL22148101M,9.82091E+14,1707,2023/1/6 16:22,464,0,72500,320
70734119,LL22150501M,9.82091E+14,1707,2023/1/6 16:30,224,0,82500,145
70721340,LL22144904M,9.82091E+14,1707,2023/1/6 16:35,185,0,98500,152
70739179,LL22133202M,699b78b7-0c70-4ae2-ab86-2d616dd829b8,1707,2023/1/6 16:39,30,0,,1
70721340,LL22144904M,9.82091E+14,1707,2023/1/6 16:42,261,0,98000,355
70734891,LL22149402M,9.82091E+14,1707,2023/1/6 16:46,610,0,79000,462
70739179,LL22133202M,699b78b7-0c70-4ae2-ab86-2d616dd829b8,1707,2023/1/6 17:00,37,0,,2
70734876,LL22153804M,9.82091E+14,1707,2023/1/6 17:01,287,0,92500,198
70734154,LL22150506M,9.82091E+14,1707,2023/1/6 17:06,382,0,94000,226
70734852,LL22148101M,9.82091E+14,1707,2023/1/6 17:13,26,0,,17
70734154,LL22150506M,9.82091E+14,1707,2023/1/6 17:15,46,0,,35
70734876,LL22153804M,9.82091E+14,1707,2023/1/6 17:30,306,0,93000,241
70734891,LL22149402M,9.82091E+14,1707,2023/1/6 17:36,222,0,79000,64
70739179,LL22133202M,699b78b7-0c70-4ae2-ab86-2d616dd829b8,1707,2023/1/6 17:44,638,0,101000,472
70739179,LL22133202M,699b78b7-0c70-4ae2-ab86-2d616dd829b8,1707,2023/1/6 17:56,42,0,,14
70739179,LL22133202M,699b78b7-0c70-4ae2-ab86-2d616dd829b8,1707,2023/1/6 18:22,32,0,,2
70734848,LL22148404M,9.82091E+14,1707,2023/1/6 19:43,401,0,86000,502
70734852,LL22148101M,9.82091E+14,1707,2023/1/6 19:50,841,0,71500,587
70734154,LL22150506M,9.82091E+14,1707,2023/1/6 20:16,349,0,94000,333
70734162,LL22150204M,9.82091E+14,1707,2023/1/6 20:48,193,0,71500,195
70734119,LL22150501M,9.82091E+14,1707,2023/1/6 20:51,712,0,81500,449
70739179,LL22133202M,699b78b7-0c70-4ae2-ab86-2d616dd829b8,1707,2023/1/6 21:59,756,0,102000,869
70732905,LL22141101M,9.82091E+14,1707,2023/1/6 22:13,898,0,90000,913
70734891,LL22149402M,9.82091E+14,1707,2023/1/7 0:04,333,0,79500,273
70721340,LL22144904M,9.82091E+14,1707,2023/1/7 0:15,398,0,98500,444
70734852,LL22148101M,9.82091E+14,1707,2023/1/7 0:32,660,0,73000,462
70734876,LL22153804M,9.82091E+14,1707,2023/1/7 0:59,474,0,94000,396
70734162,LL22150204M,9.82091E+14,1707,2023/1/7 1:11,78,0,71500,45
70721340,LL22144904M,9.82091E+14,1707,2023/1/7 1:16,45,0,,4
70734154,LL22150506M,9.82091E+14,1707,2023/1/7 1:23,107,0,93500,59
70732905,LL22141101M,9.82091E+14,1707,2023/1/7 1:27,73,0,90000,64
70739142,LL22150005M,9.82091E+14,1707,2023/1/7 1:29,956,0,73000,452
70739142,LL22150005M,9.82091E+14,1707,2023/1/7 1:51,32,0,,8
70732905,LL22141101M,9.82091E+14,1707,2023/1/7 1:55,495,0,89500,430
70734876,LL22153804M,9.82091E+14,1707,2023/1/7 2:05,126,0,93000,45
70734876,LL22153804M,9.82091E+14,1707,2023/1/7 3:20,57,0,,8
70732905,LL22141101M,9.82091E+14,1707,2023/1/7 3:21,181,0,90000,31
70732905,LL22141101M,9.82091E+14,1707,2023/1/7 3:29,174,0,89500,160
70721340,LL22144904M,9.82091E+14,1707,2023/1/7 3:34,383,0,98000,315
70732905,LL22141101M,9.82091E+14,1707,2023/1/7 3:41,24,0,,9
70739179,LL22133202M,699b78b7-0c70-4ae2-ab86-2d616dd829b8,1707,2023/1/7 3:49,424,0,102000,419
70734154,LL22150506M,9.82091E+14,1707,2023/1/7 4:14,280,0,92500,157
70734154,LL22150506M,9.82091E+14,1707,2023/1/7 4:21,371,0,93500,324
70734154,LL22150506M,9.82091E+14,1707,2023/1/7 4:31,137,0,93500,117
70734162,LL22150204M,9.82091E+14,1707,2023/1/7 4:39,365,0,71000,362
70734876,LL22153804M,9.82091E+14,1707,2023/1/7 4:46,472,0,92000,172
70734876,LL22153804M,9.82091E+14,1707,2023/1/7 4:56,433,0,92000,416
70732905,LL22141101M,9.82091E+14,1707,2023/1/7 5:11,214,0,90000,103
70734876,LL22153804M,9.82091E+14,1707,2023/1/7 5:16,292,0,93000,282
70732905,LL22141101M,9.82091E+14,1707,2023/1/7 5:22,214,0,90500,162
70739142,LL22150005M,9.82091E+14,1707,2023/1/7 5:26,56,0,,6
70732905,LL22141101M,9.82091E+14,1707,2023/1/7 5:36,40,0,,5
70739142,LL22150005M,9.82091E+14,1707,2023/1/7 5:36,363,0,73000,125
70734848,LL22148404M,9.82091E+14,1707,2023/1/7 5:43,339,0,83500,70
70739142,LL22150005M,9.82091E+14,1707,2023/1/7 5:51,31,0,,20
70734848,LL22148404M,9.82091E+14,1707,2023/1/7 5:52,371,0,84500,375
70739142,LL22150005M,9.82091E+14,1707,2023/1/7 6:00,42,0,,26
70734154,LL22150506M,9.82091E+14,1707,2023/1/7 6:01,117,0,93500,87
70734119,LL22150501M,9.82091E+14,1707,2023/1/7 6:05,969,0,80500,579
70734876,LL22153804M,9.82091E+14,1707,2023/1/7 6:21,385,0,93000,356
70734154,LL22150506M,9.82091E+14,1707,2023/1/7 6:28,262,0,94500,279
70721340,LL22144904M,9.82091E+14,1707,2023/1/7 6:33,678,0,98500,720
70721340,LL22144904M,9.82091E+14,1707,2023/1/7 6:46,42,0,,16
70721340,LL22144904M,9.82091E+14,1707,2023/1/7 6:51,34,0,,1
70734154,LL22150506M,9.82091E+14,1707,2023/1/7 6:58,244,0,94500,237
70732905,LL22141101M,9.82091E+14,1707,2023/1/7 7:13,818,0,90000,818
70734154,LL22150506M,9.82091E+14,1707,2023/1/7 7:46,84,0,95750,50
70734154,LL22150506M,9.82091E+14,1707,2023/1/7 7:53,45,0,,12
70734162,LL22150204M,9.82091E+14,1707,2023/1/7 8:25,388,0,71000,358
70739142,LL22150005M,9.82091E+14,1707,2023/1/7 8:31,922,0,73000,499
70734119,LL22150501M,9.82091E+14,1707,2023/1/7 8:47,347,0,81500,237
70734848,LL22148404M,9.82091E+14,1707,2023/1/7 8:53,886,0,86500,927
70739179,LL22133202M,699b78b7-0c70-4ae2-ab86-2d616dd829b8,1707,2023/1/7 9:07,576,0,102000,595
70734891,LL22149402M,9.82091E+14,1707,2023/1/7 9:17,697,0,78000,505
70721340,LL22144904M,9.82091E+14,1707,2023/1/7 9:30,417,0,98500,388
70721340,LL22144904M,9.82091E+14,1707,2023/1/7 9:39,50,0,,44
70721340,LL22144904M,9.82091E+14,1707,2023/1/7 10:28,44,0,,22
70734119,LL22150501M,9.82091E+14,1707,2023/1/7 10:30,324,0,82000,176
70721340,LL22144904M,9.82091E+14,1707,2023/1/7 10:37,47,0,,25
70734119,LL22150501M,9.82091E+14,1707,2023/1/7 10:38,126,0,81500,91
70734119,LL22150501M,9.82091E+14,1707,2023/1/7 10:42,83,0,81000,62
70739142,LL22150005M,9.82091E+14,1707,2023/1/7 10:44,41,0,,29
70734119,LL22150501M,9.82091E+14,1707,2023/1/7 10:45,26,0,,34
70739142,LL22150005M,9.82091E+14,1707,2023/1/7 10:47,29,0,,28
70721340,LL22144904M,9.82091E+14,1707,2023/1/7 10:48,24,0,,20
70734119,LL22150501M,9.82091E+14,1707,2023/1/7 10:48,60,0,,63
70739142,LL22150005M,9.82091E+14,1707,2023/1/7 10:49,19,0,,15
70732905,LL22141101M,9.82091E+14,1707,2023/1/7 10:50,250,0,91500,245
70739142,LL22150005M,9.82091E+14,1707,2023/1/7 10:55,22,0,,11
70721340,LL22144904M,9.82091E+14,1707,2023/1/7 10:58,115,0,99000,135
70734119,LL22150501M,9.82091E+14,1707,2023/1/7 11:00,19,0,,24
70734876,LL22153804M,9.82091E+14,1707,2023/1/7 11:00,225,0,92750,141
70734119,LL22150501M,9.82091E+14,1707,2023/1/7 11:04,73,0,81000,47
70734876,LL22153804M,9.82091E+14,1707,2023/1/7 11:19,326,0,93000,323
70734162,LL22150204M,9.82091E+14,1707,2023/1/7 11:25,456,0,71000,336
70734119,LL22150501M,9.82091E+14,1707,2023/1/7 11:35,24,0,,15
70739142,LL22150005M,9.82091E+14,1707,2023/1/7 11:36,32,0,,19
70734848,LL22148404M,9.82091E+14,1707,2023/1/7 11:43,350,0,86500,261
70739142,LL22150005M,9.82091E+14,1707,2023/1/7 11:51,245,0,73000,117
70734848,LL22148404M,9.82091E+14,1707,2023/1/7 11:56,230,0,47500,1
70734154,LL22150506M,9.82091E+14,1707,2023/1/7 12:01,238,0,95000,181
70734154,LL22150506M,9.82091E+14,1707,2023/1/7 12:08,182,0,94000,124
70734119,LL22150501M,9.82091E+14,1707,2023/1/7 12:11,121,0,81000,66
70734119,LL22150501M,9.82091E+14,1707,2023/1/7 12:15,15,0,,19
70734119,LL22150501M,9.82091E+14,1707,2023/1/7 12:18,44,0,,29
70721340,LL22144904M,9.82091E+14,1707,2023/1/7 12:20,33,0,,39
70734154,LL22150506M,9.82091E+14,1707,2023/1/7 12:20,45,0,,40
70721340,LL22144904M,9.82091E+14,1707,2023/1/7 12:22,243,0,98500,317
70734852,LL22148101M,9.82091E+14,1707,2023/1/7 12:26,793,0,72500,449
70734119,LL22150501M,9.82091E+14,1707,2023/1/7 12:41,17,0,,29
70739179,LL22133202M,699b78b7-0c70-4ae2-ab86-2d616dd829b8,1707,2023/1/7 12:41,572,0,101000,678
70734891,LL22149402M,9.82091E+14,1707,2023/1/7 12:51,845,0,78500,789
70739142,LL22150005M,9.82091E+14,1707,2023/1/7 13:05,383,0,73000,137
70739142,LL22150005M,9.82091E+14,1707,2023/1/7 13:14,310,0,47250,70
70739142,LL22150005M,9.82091E+14,1707,2023/1/7 13:22,280,0,73500,55
70734119,LL22150501M,9.82091E+14,1707,2023/1/7 13:27,60,0,,44
70734119,LL22150501M,9.82091E+14,1707,2023/1/7 13:31,49,0,,44
70739142,LL22150005M,9.82091E+14,1707,2023/1/7 13:31,32,0,,32
70734119,LL22150501M,9.82091E+14,1707,2023/1/7 13:33,24,0,,34
70734848,LL22148404M,9.82091E+14,1707,2023/1/7 13:33,280,0,86500,337
70734119,LL22150501M,9.82091E+14,1707,2023/1/7 13:39,120,0,82500,89
70734848,LL22148404M,9.82091E+14,1707,2023/1/7 13:41,225,0,87000,261
70739142,LL22150005M,9.82091E+14,1707,2023/1/7 13:45,19,0,,10
70721340,LL22144904M,9.82091E+14,1707,2023/1/7 13:49,389,0,99000,492
70734119,LL22150501M,9.82091E+14,1707,2023/1/7 13:56,50,0,,61
70721340,LL22144904M,9.82091E+14,1707,2023/1/7 13:58,27,0,,29
70734119,LL22150501M,9.82091E+14,1707,2023/1/7 13:59,219,0,82500,117
70721340,LL22144904M,9.82091E+14,1707,2023/1/7 14:03,16,0,,38
70739142,LL22150005M,9.82091E+14,1707,2023/1/7 14:04,140,0,73500,38
70734848,LL22148404M,9.82091E+14,1707,2023/1/7 14:12,15,0,,1
70734119,LL22150501M,9.82091E+14,1707,2023/1/7 14:13,43,0,,35
70734162,LL22150204M,9.82091E+14,1707,2023/1/7 14:15,401,0,70500,396
70739142,LL22150005M,9.82091E+14,1707,2023/1/7 14:22,19,0,,5
70734162,LL22150204M,9.82091E+14,1707,2023/1/7 14:24,19,0,,17
70739179,LL22133202M,699b78b7-0c70-4ae2-ab86-2d616dd829b8,1707,2023/1/7 14:25,117,0,101000,1
70739179,LL22133202M,699b78b7-0c70-4ae2-ab86-2d616dd829b8,1707,2023/1/7 14:31,30,0,,1
70734162,LL22150204M,9.82091E+14,1707,2023/1/7 14:34,106,0,71500,5
70734876,LL22153804M,9.82091E+14,1707,2023/1/7 14:36,487,0,93500,446
70734852,LL22148101M,9.82091E+14,1707,2023/1/7 14:44,127,0,72000,63
70734154,LL22150506M,9.82091E+14,1707,2023/1/7 14:47,440,0,92500,349
70734852,LL22148101M,9.82091E+14,1707,2023/1/7 14:55,67,0,71500,21
70734891,LL22149402M,9.82091E+14,1707,2023/1/7 14:56,642,0,80000,569
70739179,LL22133202M,699b78b7-0c70-4ae2-ab86-2d616dd829b8,1707,2023/1/7 15:09,379,0,101500,51
70734119,LL22150501M,9.82091E+14,1707,2023/1/7 15:15,329,0,82500,241
70739179,LL22133202M,699b78b7-0c70-4ae2-ab86-2d616dd829b8,1707,2023/1/7 15:21,532,0,101500,690
70732905,LL22141101M,9.82091E+14,1707,2023/1/7 15:30,554,0,90500,585
70734154,LL22150506M,9.82091E+14,1707,2023/1/7 15:39,249,0,95500,305
70739142,LL22150005M,9.82091E+14,1707,2023/1/7 15:43,362,0,74000,251
70734848,LL22148404M,9.82091E+14,1707,2023/1/7 15:50,366,0,87000,381
70734852,LL22148101M,9.82091E+14,1707,2023/1/7 15:56,976,0,74000,662
70739142,LL22150005M,9.82091E+14,1707,2023/1/7 16:16,528,0,74500,339
70734891,LL22149402M,9.82091E+14,1707,2023/1/7 16:27,347,0,80000,329
70734119,LL22150501M,9.82091E+14,1707,2023/1/7 16:33,30,0,,39
70734154,LL22150506M,9.82091E+14,1707,2023/1/7 16:34,23,0,,27
70734162,LL22150204M,9.82091E+14,1707,2023/1/7 16:34,72,0,70000,76
70734119,LL22150501M,9.82091E+14,1707,2023/1/7 16:36,104,0,82000,96
70734154,LL22150506M,9.82091E+14,1707,2023/1/7 16:38,19,0,,22
70734154,LL22150506M,9.82091E+14,1707,2023/1/7 16:40,49,0,,1
70734162,LL22150204M,9.82091E+14,1707,2023/1/7 16:44,102,0,70500,101
70734119,LL22150501M,9.82091E+14,1707,2023/1/7 16:45,81,0,81500,79
70734162,LL22150204M,9.82091E+14,1707,2023/1/7 16:48,67,0,70000,61
70734119,LL22150501M,9.82091E+14,1707,2023/1/7 16:50,384,0,82000,283
70721340,LL22144904M,9.82091E+14,1707,2023/1/7 16:56,494,0,99500,753
70734154,LL22150506M,9.82091E+14,1707,2023/1/7 17:05,254,0,94000,254
70734119,LL22150501M,9.82091E+14,1707,2023/1/7 17:09,60,0,,52
70721340,LL22144904M,9.82091E+14,1707,2023/1/7 17:10,26,0,,29
70734876,LL22153804M,9.82091E+14,1707,2023/1/7 17:11,703,0,94000,673
70734119,LL22150501M,9.82091E+14,1707,2023/1/7 17:23,36,0,,46
70734162,LL22150204M,9.82091E+14,1707,2023/1/7 17:27,160,0,70500,136
70734162,LL22150204M,9.82091E+14,1707,2023/1/7 17:32,56,0,,2
70734852,LL22148101M,9.82091E+14,1707,2023/1/7 17:44,597,0,74000,392
70739179,LL22133202M,699b78b7-0c70-4ae2-ab86-2d616dd829b8,1707,2023/1/7 17:54,661,0,102500,660
70734891,LL22149402M,9.82091E+14,1707,2023/1/7 18:08,107,0,80000,1
70734876,LL22153804M,9.82091E+14,1707,2023/1/7 18:24,355,0,95000,345
70734876,LL22153804M,9.82091E+14,1707,2023/1/7 18:34,77,0,95000,62
70734848,LL22148404M,9.82091E+14,1707,2023/1/7 19:48,378,0,87500,526
70734162,LL22150204M,9.82091E+14,1707,2023/1/7 20:01,334,0,72000,379
70721340,LL22144904M,9.82091E+14,1707,2023/1/7 21:38,227,0,99000,209
70734119,LL22150501M,9.82091E+14,1707,2023/1/7 21:42,61,0,84000,34
70721340,LL22144904M,9.82091E+14,1707,2023/1/7 21:44,194,0,99500,270
70734852,LL22148101M,9.82091E+14,1707,2023/1/8 0:05,582,0,74000,386
70734876,LL22153804M,9.82091E+14,1707,2023/1/8 0:16,233,0,93500,217
70739142,LL22150005M,9.82091E+14,1707,2023/1/8 0:21,59,0,,26
70732905,LL22141101M,9.82091E+14,1707,2023/1/8 0:27,528,0,90000,482
70739179,LL22133202M,699b78b7-0c70-4ae2-ab86-2d616dd829b8,1707,2023/1/8 0:51,410,0,102500,495
70734154,LL22150506M,9.82091E+14,1707,2023/1/8 1:31,228,0,94500,123
70734154,LL22150506M,9.82091E+14,1707,2023/1/8 1:40,397,0,93000,256
70721340,LL22144904M,9.82091E+14,1707,2023/1/8 1:53,197,0,101000,219
70734154,LL22150506M,9.82091E+14,1707,2023/1/8 1:57,25,0,,22
70721340,LL22144904M,9.82091E+14,1707,2023/1/8 1:59,305,0,100000,363
70732905,LL22141101M,9.82091E+14,1707,2023/1/8 2:15,530,0,90500,531
70739142,LL22150005M,9.82091E+14,1707,2023/1/8 2:30,758,0,73500,383
70739179,LL22133202M,699b78b7-0c70-4ae2-ab86-2d616dd829b8,1707,2023/1/8 2:48,187,0,102500,132
70734876,LL22153804M,9.82091E+14,1707,2023/1/8 4:08,627,0,94000,516
70734848,LL22148404M,9.82091E+14,1707,2023/1/8 4:18,562,0,87500,540
70734154,LL22150506M,9.82091E+14,1707,2023/1/8 4:36,212,0,93500,146
70734154,LL22150506M,9.82091E+14,1707,2023/1/8 4:43,72,0,94000,64
70732905,LL22141101M,9.82091E+14,1707,2023/1/8 5:26,394,0,91000,355
70734876,LL22153804M,9.82091E+14,1707,2023/1/8 5:33,67,0,95000,61
70739142,LL22150005M,9.82091E+14,1707,2023/1/8 5:34,174,0,73500,64
70732905,LL22141101M,9.82091E+14,1707,2023/1/8 5:41,320,0,90500,320
70721340,LL22144904M,9.82091E+14,1707,2023/1/8 5:48,375,0,100000,428
70734154,LL22150506M,9.82091E+14,1707,2023/1/8 5:56,535,0,94000,460
70739142,LL22150005M,9.82091E+14,1707,2023/1/8 6:10,190,0,73500,93
70732905,LL22141101M,9.82091E+14,1707,2023/1/8 6:14,391,0,91500,424
70734154,LL22150506M,9.82091E+14,1707,2023/1/8 6:29,85,0,94500,74
70734154,LL22150506M,9.82091E+14,1707,2023/1/8 6:41,140,0,94500,128
70734119,LL22150501M,9.82091E+14,1707,2023/1/8 6:45,1227,0,80500,480
70739179,LL22133202M,699b78b7-0c70-4ae2-ab86-2d616dd829b8,1707,2023/1/8 7:21,754,0,102000,869
70732905,LL22141101M,9.82091E+14,1707,2023/1/8 7:34,51,0,,33
70734852,LL22148101M,9.82091E+14,1707,2023/1/8 7:35,570,0,74000,408
70734162,LL22150204M,9.82091E+14,1707,2023/1/8 8:32,375,0,70500,356
70734891,LL22149402M,9.82091E+14,1707,2023/1/8 8:38,910,0,79000,702
70739142,LL22150005M,9.82091E+14,1707,2023/1/8 8:54,860,0,73500,480
70734848,LL22148404M,9.82091E+14,1707,2023/1/8 9:08,556,0,86500,540
70721340,LL22144904M,9.82091E+14,1707,2023/1/8 9:18,475,0,100250,462
70721340,LL22144904M,9.82091E+14,1707,2023/1/8 9:28,132,0,100000,84
70734119,LL22150501M,9.82091E+14,1707,2023/1/8 9:32,859,0,82500,291
70732905,LL22141101M,9.82091E+14,1707,2023/1/8 9:48,377,0,92500,229
70734119,LL22150501M,9.82091E+14,1707,2023/1/8 9:55,183,0,82000,98
70734119,LL22150501M,9.82091E+14,1707,2023/1/8 10:12,114,0,82500,74
70734119,LL22150501M,9.82091E+14,1707,2023/1/8 10:22,38,0,,48
70734876,LL22153804M,9.82091E+14,1707,2023/1/8 10:23,882,0,93500,633
70734119,LL22150501M,9.82091E+14,1707,2023/1/8 10:39,55,0,,54
70732905,LL22141101M,9.82091E+14,1707,2023/1/8 10:43,185,0,92500,125
70734154,LL22150506M,9.82091E+14,1707,2023/1/8 10:46,116,0,95500,81
70734848,LL22148404M,9.82091E+14,1707,2023/1/8 10:48,327,0,87000,317
70734119,LL22150501M,9.82091E+14,1707,2023/1/8 10:54,173,0,82500,112
70734154,LL22150506M,9.82091E+14,1707,2023/1/8 10:57,711,0,95000,538
70739142,LL22150005M,9.82091E+14,1707,2023/1/8 11:10,350,0,74000,132
70721340,LL22144904M,9.82091E+14,1707,2023/1/8 11:24,365,0,99500,360
70739142,LL22150005M,9.82091E+14,1707,2023/1/8 11:52,46,0,,11
70739142,LL22150005M,9.82091E+14,1707,2023/1/8 12:01,19,0,,7
70734162,LL22150204M,9.82091E+14,1707,2023/1/8 12:03,497,0,70000,380
70721340,LL22144904M,9.82091E+14,1707,2023/1/8 12:17,178,0,101000,182
70734891,LL22149402M,9.82091E+14,1707,2023/1/8 12:20,1114,0,79500,777
70734119,LL22150501M,9.82091E+14,1707,2023/1/8 12:39,38,0,,20
70734848,LL22148404M,9.82091E+14,1707,2023/1/8 12:40,400,0,88500,495
70734119,LL22150501M,9.82091E+14,1707,2023/1/8 12:50,132,0,83500,34
70734119,LL22150501M,9.82091E+14,1707,2023/1/8 12:57,343,0,83000,104
70734154,LL22150506M,9.82091E+14,1707,2023/1/8 13:03,210,0,95500,228
70721340,LL22144904M,9.82091E+14,1707,2023/1/8 13:08,41,0,,5
70734119,LL22150501M,9.82091E+14,1707,2023/1/8 13:09,140,0,83000,68
70739179,LL22133202M,699b78b7-0c70-4ae2-ab86-2d616dd829b8,1707,2023/1/8 13:11,832,0,102000,953
70739142,LL22150005M,9.82091E+14,1707,2023/1/8 13:25,37,0,,29
70734162,LL22150204M,9.82091E+14,1707,2023/1/8 13:26,309,0,70500,268
70734852,LL22148101M,9.82091E+14,1707,2023/1/8 13:31,538,0,72500,305
70739142,LL22150005M,9.82091E+14,1707,2023/1/8 13:41,1045,0,74500,610
70734852,LL22148101M,9.82091E+14,1707,2023/1/8 13:59,45,0,,19
70721340,LL22144904M,9.82091E+14,1707,2023/1/8 14:00,44,0,,47
70739142,LL22150005M,9.82091E+14,1707,2023/1/8 14:01,32,0,,16
70734119,LL22150501M,9.82091E+14,1707,2023/1/8 14:01,147,0,83000,103
70721340,LL22144904M,9.82091E+14,1707,2023/1/8 14:04,407,0,101000,524
70734119,LL22150501M,9.82091E+14,1707,2023/1/8 14:11,377,0,82000,279
70732905,LL22141101M,9.82091E+14,1707,2023/1/8 14:17,873,0,93000,986
70734876,LL22153804M,9.82091E+14,1707,2023/1/8 14:32,759,0,94000,734
70734162,LL22150204M,9.82091E+14,1707,2023/1/8 14:45,422,0,72000,207
70734891,LL22149402M,9.82091E+14,1707,2023/1/8 14:53,555,0,80500,353
70734119,LL22150501M,9.82091E+14,1707,2023/1/8 15:02,384,0,83500,240
70734848,LL22148404M,9.82091E+14,1707,2023/1/8 15:08,553,0,89000,740
70734852,LL22148101M,9.82091E+14,1707,2023/1/8 15:18,739,0,74000,481
70734154,LL22150506M,9.82091E+14,1707,2023/1/8 15:30,415,0,95000,473
70734162,LL22150204M,9.82091E+14,1707,2023/1/8 15:38,361,0,72000,243
70734119,LL22150501M,9.82091E+14,1707,2023/1/8 15:44,68,0,83000,60
70734848,LL22148404M,9.82091E+14,1707,2023/1/8 15:46,18,0,,7
70734852,LL22148101M,9.82091E+14,1707,2023/1/8 15:47,61,0,53250,16
70721340,LL22144904M,9.82091E+14,1707,2023/1/8 15:49,389,0,101500,391
70739142,LL22150005M,9.82091E+14,1707,2023/1/8 15:58,532,0,75000,150
70734119,LL22150501M,9.82091E+14,1707,2023/1/8 16:07,230,0,83500,149
70739179,LL22133202M,699b78b7-0c70-4ae2-ab86-2d616dd829b8,1707,2023/1/8 16:12,173,0,102000,164
70734154,LL22150506M,9.82091E+14,1707,2023/1/8 16:16,207,0,95500,267
70734119,LL22150501M,9.82091E+14,1707,2023/1/8 16:20,129,0,83000,95
70734876,LL22153804M,9.82091E+14,1707,2023/1/8 16:23,621,0,95000,568
70739179,LL22133202M,699b78b7-0c70-4ae2-ab86-2d616dd829b8,1707,2023/1/8 16:34,369,0,103000,134
70734119,LL22150501M,9.82091E+14,1707,2023/1/8 16:40,256,0,83500,98
70734876,LL22153804M,9.82091E+14,1707,2023/1/8 16:50,169,0,95500,114
70734119,LL22150501M,9.82091E+14,1707,2023/1/8 16:53,31,0,,27
70734891,LL22149402M,9.82091E+14,1707,2023/1/8 16:56,606,0,81500,521
70739179,LL22133202M,699b78b7-0c70-4ae2-ab86-2d616dd829b8,1707,2023/1/8 17:08,915,0,102500,625
70734891,LL22149402M,9.82091E+14,1707,2023/1/8 17:36,352,0,81500,290
70734891,LL22149402M,9.82091E+14,1707,2023/1/8 17:49,46,0,,1
70734852,LL22148101M,9.82091E+14,1707,2023/1/8 18:06,439,0,74500,294
70734852,LL22148101M,9.82091E+14,1707,2023/1/8 18:21,313,0,74500,216
70734852,LL22148101M,9.82091E+14,1707,2023/1/8 19:28,291,0,74000,203
70734119,LL22150501M,9.82091E+14,1707,2023/1/8 19:34,451,0,84500,246
70739179,LL22133202M,699b78b7-0c70-4ae2-ab86-2d616dd829b8,1707,2023/1/8 19:45,639,0,103500,403
70721340,LL22144904M,9.82091E+14,1707,2023/1/8 20:01,484,0,102000,568
70734876,LL22153804M,9.82091E+14,1707,2023/1/8 20:22,276,0,96000,256
70734162,LL22150204M,9.82091E+14,1707,2023/1/8 22:00,263,0,72000,297
70734119,LL22150501M,9.82091E+14,1707,2023/1/8 22:13,721,0,83500,403
70721340,LL22144904M,9.82091E+14,1707,2023/1/8 22:26,295,0,102500,405
70739179,LL22133202M,699b78b7-0c70-4ae2-ab86-2d616dd829b8,1707,2023/1/8 23:41,467,0,104500,565
70734848,LL22148404M,9.82091E+14,1707,2023/1/8 23:50,472,0,89000,509
70739142,LL22150005M,9.82091E+14,1707,2023/1/9 0:00,764,0,75000,462
70739142,LL22150005M,9.82091E+14,1707,2023/1/9 0:15,53,0,,17
70739142,LL22150005M,9.82091E+14,1707,2023/1/9 0:20,42,0,,1
70734154,LL22150506M,9.82091E+14,1707,2023/1/9 0:40,140,0,94500,89
70734162,LL22150204M,9.82091E+14,1707,2023/1/9 0:42,46,0,,48
70734154,LL22150506M,9.82091E+14,1707,2023/1/9 0:44,42,0,,53
70734154,LL22150506M,9.82091E+14,1707,2023/1/9 0:47,80,0,95000,56
70734154,LL22150506M,9.82091E+14,1707,2023/1/9 0:53,318,0,94500,229
70732905,LL22141101M,9.82091E+14,1707,2023/1/9 3:42,399,0,91500,283
70732905,LL22141101M,9.82091E+14,1707,2023/1/9 3:51,233,0,90500,146
70732905,LL22141101M,9.82091E+14,1707,2023/1/9 3:59,222,0,91000,250
70732905,LL22141101M,9.82091E+14,1707,2023/1/9 4:07,92,0,91250,77
70734876,LL22153804M,9.82091E+14,1707,2023/1/9 4:12,347,0,94000,241
70734852,LL22148101M,9.82091E+14,1707,2023/1/9 4:18,851,0,75000,568
70734154,LL22150506M,9.82091E+14,1707,2023/1/9 4:33,434,0,95000,423
70739142,LL22150005M,9.82091E+14,1707,2023/1/9 4:41,321,0,74500,162
70739179,LL22133202M,699b78b7-0c70-4ae2-ab86-2d616dd829b8,1707,2023/1/9 4:46,448,0,103500,370
70734876,LL22153804M,9.82091E+14,1707,2023/1/9 4:54,300,0,94500,339
70734119,LL22150501M,9.82091E+14,1707,2023/1/9 5:00,312,0,83000,171
70734154,LL22150506M,9.82091E+14,1707,2023/1/9 5:06,300,0,95000,347
70739142,LL22150005M,9.82091E+14,1707,2023/1/9 5:13,86,0,74500,38
70734154,LL22150506M,9.82091E+14,1707,2023/1/9 5:15,16,0,,17
70739142,LL22150005M,9.82091E+14,1707,2023/1/9 5:15,620,0,75000,351
70721340,LL22144904M,9.82091E+14,1707,2023/1/9 5:25,646,0,101000,680
70734154,LL22150506M,9.82091E+14,1707,2023/1/9 5:53,40,0,,13
70734154,LL22150506M,9.82091E+14,1707,2023/1/9 6:35,103,0,96500,83
70734848,LL22148404M,9.82091E+14,1707,2023/1/9 7:04,493,0,88000,411
70734119,LL22150501M,9.82091E+14,1707,2023/1/9 7:17,217,0,83000,96
70732905,LL22141101M,9.82091E+14,1707,2023/1/9 7:22,333,0,92000,313
70732905,LL22141101M,9.82091E+14,1707,2023/1/9 7:30,44,0,,1
70739142,LL22150005M,9.82091E+14,1707,2023/1/9 7:32,92,0,75000,58
70734119,LL22150501M,9.82091E+14,1707,2023/1/9 7:34,114,0,83000,76
70739142,LL22150005M,9.82091E+14,1707,2023/1/9 7:38,111,0,75500,63
70734119,LL22150501M,9.82091E+14,1707,2023/1/9 7:40,68,0,83000,64
70732905,LL22141101M,9.82091E+14,1707,2023/1/9 7:41,314,0,92000,349
70734119,LL22150501M,9.82091E+14,1707,2023/1/9 7:47,64,0,82000,49
70734154,LL22150506M,9.82091E+14,1707,2023/1/9 7:50,31,0,,18
70739142,LL22150005M,9.82091E+14,1707,2023/1/9 7:54,58,0,,16
70734119,LL22150501M,9.82091E+14,1707,2023/1/9 7:55,30,0,,26
70734891,LL22149402M,9.82091E+14,1707,2023/1/9 7:56,941,0,80500,773
70721340,LL22144904M,9.82091E+14,1707,2023/1/9 8:12,44,0,,46
70734876,LL22153804M,9.82091E+14,1707,2023/1/9 8:13,520,0,94500,500
70721340,LL22144904M,9.82091E+14,1707,2023/1/9 8:25,309,0,101000,330
70721340,LL22144904M,9.82091E+14,1707,2023/1/9 8:35,44,0,,1
70734848,LL22148404M,9.82091E+14,1707,2023/1/9 8:40,40,0,,4
70734162,LL22150204M,9.82091E+14,1707,2023/1/9 8:42,310,0,72000,242
70734154,LL22150506M,9.82091E+14,1707,2023/1/9 8:49,116,0,95500,63
70734162,LL22150204M,9.82091E+14,1707,2023/1/9 8:51,239,0,71000,211
70732905,LL22141101M,9.82091E+14,1707,2023/1/9 9:02,342,0,93000,251
70739179,LL22133202M,699b78b7-0c70-4ae2-ab86-2d616dd829b8,1707,2023/1/9 9:07,452,0,102500,487
70732905,LL22141101M,9.82091E+14,1707,2023/1/9 9:15,75,0,93000,68
70734876,LL22153804M,9.82091E+14,1707,2023/1/9 9:19,134,0,94500,143
70739142,LL22150005M,9.82091E+14,1707,2023/1/9 9:56,48,0,,16
70734848,LL22148404M,9.82091E+14,1707,2023/1/9 9:59,278,0,86000,261
70739142,LL22150005M,9.82091E+14,1707,2023/1/9 10:03,49,0,,19
70734848,LL22148404M,9.82091E+14,1707,2023/1/9 10:04,38,0,,14
70734154,LL22150506M,9.82091E+14,1707,2023/1/9 10:06,14,0,,31
70734876,LL22153804M,9.82091E+14,1707,2023/1/9 10:06,23,0,,24
70734162,LL22150204M,9.82091E+14,1707,2023/1/9 10:09,244,0,72000,215
70734852,LL22148101M,9.82091E+14,1707,2023/1/9 10:13,865,0,75000,542
70734119,LL22150501M,9.82091E+14,1707,2023/1/9 10:28,326,0,83500,244
70721340,LL22144904M,9.82091E+14,1707,2023/1/9 10:34,61,0,101000,57
70734119,LL22150501M,9.82091E+14,1707,2023/1/9 10:35,326,0,84000,237
70732905,LL22141101M,9.82091E+14,1707,2023/1/9 10:41,613,0,94000,772
70739142,LL22150005M,9.82091E+14,1707,2023/1/9 10:51,393,0,75000,153
70734119,LL22150501M,9.82091E+14,1707,2023/1/9 10:58,135,0,83000,114
70739142,LL22150005M,9.82091E+14,1707,2023/1/9 11:01,474,0,75500,257
70721340,LL22144904M,9.82091E+14,1707,2023/1/9 11:09,486,0,101500,519
70734891,LL22149402M,9.82091E+14,1707,2023/1/9 11:23,680,0,81000,547
70734891,LL22149402M,9.82091E+14,1707,2023/1/9 11:38,41,0,,2
70732905,LL22141101M,9.82091E+14,1707,2023/1/9 11:59,61,0,93500,28
70734891,LL22149402M,9.82091E+14,1707,2023/1/9 12:07,98,0,81000,1
70734154,LL22150506M,9.82091E+14,1707,2023/1/9 12:09,692,0,95500,639
70739179,LL22133202M,699b78b7-0c70-4ae2-ab86-2d616dd829b8,1707,2023/1/9 12:21,653,0,102500,849
70732905,LL22141101M,9.82091E+14,1707,2023/1/9 12:32,308,0,94500,288
70734876,LL22153804M,9.82091E+14,1707,2023/1/9 12:38,856,0,94500,790
70734119,LL22150501M,9.82091E+14,1707,2023/1/9 12:52,229,0,84000,151
70721340,LL22144904M,9.82091E+14,1707,2023/1/9 13:06,177,0,94500,46
70734119,LL22150501M,9.82091E+14,1707,2023/1/9 13:10,300,0,84500,142
70721340,LL22144904M,9.82091E+14,1707,2023/1/9 13:15,157,0,101750,182
70734119,LL22150501M,9.82091E+14,1707,2023/1/9 13:19,31,0,,48
70734848,LL22148404M,9.82091E+14,1707,2023/1/9 13:20,780,0,87500,900
70734162,LL22150204M,9.82091E+14,1707,2023/1/9 14:00,228,0,72500,173
70734162,LL22150204M,9.82091E+14,1707,2023/1/9 14:06,132,0,72500,57
70734162,LL22150204M,9.82091E+14,1707,2023/1/9 14:23,34,0,,1
70734119,LL22150501M,9.82091E+14,1707,2023/1/9 14:25,481,0,84000,234
70734119,LL22150501M,9.82091E+14,1707,2023/1/9 14:36,94,0,83500,56
70739142,LL22150005M,9.82091E+14,1707,2023/1/9 14:38,156,0,74500,96
70734119,LL22150501M,9.82091E+14,1707,2023/1/9 14:41,81,0,85000,76
70739179,LL22133202M,699b78b7-0c70-4ae2-ab86-2d616dd829b8,1707,2023/1/9 14:43,224,0,103500,73
70734852,LL22148101M,9.82091E+14,1707,2023/1/9 14:50,81,0,74500,37
70721340,LL22144904M,9.82091E+14,1707,2023/1/9 14:52,273,0,102000,380
70739142,LL22150005M,9.82091E+14,1707,2023/1/9 14:58,121,0,75000,71
70734852,LL22148101M,9.82091E+14,1707,2023/1/9 15:00,22,0,,5
70734162,LL22150204M,9.82091E+14,1707,2023/1/9 15:00,133,0,72500,96
70734119,LL22150501M,9.82091E+14,1707,2023/1/9 15:03,61,0,84500,58
70739142,LL22150005M,9.82091E+14,1707,2023/1/9 15:04,410,0,76000,274
70734891,LL22149402M,9.82091E+14,1707,2023/1/9 15:11,665,0,81500,549
70739142,LL22150005M,9.82091E+14,1707,2023/1/9 15:23,133,0,75500,54
70734852,LL22148101M,9.82091E+14,1707,2023/1/9 15:25,500,0,74500,302
70721340,LL22144904M,9.82091E+14,1707,2023/1/9 15:35,187,0,101000,137
70739179,LL22133202M,699b78b7-0c70-4ae2-ab86-2d616dd829b8,1707,2023/1/9 15:39,624,0,104000,488
70734162,LL22150204M,9.82091E+14,1707,2023/1/9 15:50,43,0,,15
70739142,LL22150005M,9.82091E+14,1707,2023/1/9 15:51,118,0,75500,31
70734154,LL22150506M,9.82091E+14,1707,2023/1/9 15:53,467,0,96000,460
70734119,LL22150501M,9.82091E+14,1707,2023/1/9 16:02,189,0,84500,125
70734848,LL22148404M,9.82091E+14,1707,2023/1/9 16:05,594,0,89000,708
70734119,LL22150501M,9.82091E+14,1707,2023/1/9 16:15,310,0,84500,235
70739142,LL22150005M,9.82091E+14,1707,2023/1/9 16:20,145,0,76000,92
70734162,LL22150204M,9.82091E+14,1707,2023/1/9 16:23,192,0,73000,229
70734154,LL22150506M,9.82091E+14,1707,2023/1/9 16:26,37,0,,50
70734154,LL22150506M,9.82091E+14,1707,2023/1/9 16:27,33,0,,48
70739142,LL22150005M,9.82091E+14,1707,2023/1/9 16:28,4,0,,1
70734154,LL22150506M,9.82091E+14,1707,2023/1/9 16:30,179,0,96500,227
70734119,LL22150501M,9.82091E+14,1707,2023/1/9 16:33,35,0,,38
70734852,LL22148101M,9.82091E+14,1707,2023/1/9 16:33,608,0,75500,418
70734891,LL22149402M,9.82091E+14,1707,2023/1/9 16:44,729,0,82500,688
70721340,LL22144904M,9.82091E+14,1707,2023/1/9 16:57,412,0,103000,469
70734119,LL22150501M,9.82091E+14,1707,2023/1/9 17:04,66,0,85500,66
70734876,LL22153804M,9.82091E+14,1707,2023/1/9 17:10,568,0,96000,546
70734852,LL22148101M,9.82091E+14,1707,2023/1/9 17:20,213,0,75500,112
70734848,LL22148404M,9.82091E+14,1707,2023/1/9 17:38,51,0,,1
70739179,LL22133202M,699b78b7-0c70-4ae2-ab86-2d616dd829b8,1707,2023/1/9 17:41,479,0,105000,522
70734162,LL22150204M,9.82091E+14,1707,2023/1/9 17:52,274,0,72500,283
70734876,LL22153804M,9.82091E+14,1707,2023/1/9 17:56,359,0,96000,169
70734852,LL22148101M,9.82091E+14,1707,2023/1/9 18:06,82,0,76000,44
70734852,LL22148101M,9.82091E+14,1707,2023/1/9 18:15,93,0,75500,58
70734891,LL22149402M,9.82091E+14,1707,2023/1/9 19:03,35,0,,3
70734154,LL22150506M,9.82091E+14,1707,2023/1/9 19:04,276,0,97000,239
70739179,LL22133202M,699b78b7-0c70-4ae2-ab86-2d616dd829b8,1707,2023/1/9 19:10,239,0,105000,213
70721340,LL22144904M,9.82091E+14,1707,2023/1/9 19:16,311,0,102500,390
70734848,LL22148404M,9.82091E+14,1707,2023/1/9 20:20,233,0,89500,318
70734852,LL22148101M,9.82091E+14,1707,2023/1/9 20:25,697,0,76500,469
70739142,LL22150005M,9.82091E+14,1707,2023/1/9 22:42,31,0,,17
70739179,LL22133202M,699b78b7-0c70-4ae2-ab86-2d616dd829b8,1707,2023/1/9 22:48,409,0,105000,419
70721340,LL22144904M,9.82091E+14,1707,2023/1/9 23:11,294,0,101500,372
70734119,LL22150501M,9.82091E+14,1707,2023/1/9 23:16,45,0,,52
70732905,LL22141101M,9.82091E+14,1707,2023/1/9 23:22,510,0,94000,499
70734852,LL22148101M,9.82091E+14,1707,2023/1/9 23:31,475,0,76000,329
70734162,LL22150204M,9.82091E+14,1707,2023/1/10 0:17,137,0,72500,128
70734852,LL22148101M,9.82091E+14,1707,2023/1/10 0:56,142,0,76500,93
70739142,LL22150005M,9.82091E+14,1707,2023/1/10 2:20,34,0,,23
70739142,LL22150005M,9.82091E+14,1707,2023/1/10 2:23,780,0,75000,444
70739142,LL22150005M,9.82091E+14,1707,2023/1/10 2:53,54,0,,9
70734154,LL22150506M,9.82091E+14,1707,2023/1/10 3:25,120,0,96500,100
70734154,LL22150506M,9.82091E+14,1707,2023/1/10 3:31,124,0,95000,122
70732905,LL22141101M,9.82091E+14,1707,2023/1/10 3:38,335,0,92500,269
70739179,LL22133202M,699b78b7-0c70-4ae2-ab86-2d616dd829b8,1707,2023/1/10 3:44,157,0,103500,67
70732905,LL22141101M,9.82091E+14,1707,2023/1/10 3:48,28,0,,8
70739179,LL22133202M,699b78b7-0c70-4ae2-ab86-2d616dd829b8,1707,2023/1/10 3:50,419,0,104500,481
70734876,LL22153804M,9.82091E+14,1707,2023/1/10 3:58,247,0,94000,64
70734876,LL22153804M,9.82091E+14,1707,2023/1/10 4:04,514,0,94500,431
70734154,LL22150506M,9.82091E+14,1707,2023/1/10 4:51,336,0,95500,270
70734154,LL22150506M,9.82091E+14,1707,2023/1/10 5:00,173,0,96000,128
70721340,LL22144904M,9.82091E+14,1707,2023/1/10 5:06,264,0,102500,165
70734154,LL22150506M,9.82091E+14,1707,2023/1/10 5:11,91,0,97000,30
70734154,LL22150506M,9.82091E+14,1707,2023/1/10 5:15,216,0,96500,148
70734154,LL22150506M,9.82091E+14,1707,2023/1/10 5:46,75,0,54000,19
70732905,LL22141101M,9.82091E+14,1707,2023/1/10 6:00,314,0,92000,289
70734154,LL22150506M,9.82091E+14,1707,2023/1/10 6:05,34,0,,21
70732905,LL22141101M,9.82091E+14,1707,2023/1/10 6:09,436,0,92500,449
70739142,LL22150005M,9.82091E+14,1707,2023/1/10 6:17,380,0,75500,126
70734876,LL22153804M,9.82091E+14,1707,2023/1/10 6:24,20,0,,1
70734876,LL22153804M,9.82091E+14,1707,2023/1/10 6:28,363,0,94500,342
70732905,LL22141101M,9.82091E+14,1707,2023/1/10 6:34,36,0,,26
70734119,LL22150501M,9.82091E+14,1707,2023/1/10 6:35,387,0,83000,256
70739142,LL22150005M,9.82091E+14,1707,2023/1/10 6:42,182,0,75500,136
70734876,LL22153804M,9.82091E+14,1707,2023/1/10 6:47,322,0,95500,192
70739142,LL22150005M,9.82091E+14,1707,2023/1/10 6:54,175,0,75500,67
70734876,LL22153804M,9.82091E+14,1707,2023/1/10 6:59,80,0,95500,52
70734848,LL22148404M,9.82091E+14,1707,2023/1/10 7:13,242,0,87500,132
70734876,LL22153804M,9.82091E+14,1707,2023/1/10 7:19,111,0,95500,96
70721340,LL22144904M,9.82091E+14,1707,2023/1/10 7:43,319,0,101000,243
70721340,LL22144904M,9.82091E+14,1707,2023/1/10 7:51,265,0,101500,339
70739179,LL22133202M,699b78b7-0c70-4ae2-ab86-2d616dd829b8,1707,2023/1/10 7:56,134,0,105000,140
70734852,LL22148101M,9.82091E+14,1707,2023/1/10 7:59,812,0,76000,437
70734891,LL22149402M,9.82091E+14,1707,2023/1/10 8:13,372,0,80000,203
70734876,LL22153804M,9.82091E+14,1707,2023/1/10 8:19,317,0,96000,322
70739179,LL22133202M,699b78b7-0c70-4ae2-ab86-2d616dd829b8,1707,2023/1/10 8:26,196,0,104000,147
70734119,LL22150501M,9.82091E+14,1707,2023/1/10 8:29,346,0,83000,225
70732905,LL22141101M,9.82091E+14,1707,2023/1/10 8:35,710,0,94500,740
70734119,LL22150501M,9.82091E+14,1707,2023/1/10 8:47,203,0,83500,168
70734848,LL22148404M,9.82091E+14,1707,2023/1/10 8:52,524,0,87500,428
70739142,LL22150005M,9.82091E+14,1707,2023/1/10 9:01,107,0,75500,45
70734162,LL22150204M,9.82091E+14,1707,2023/1/10 9:02,412,0,72500,350
70739142,LL22150005M,9.82091E+14,1707,2023/1/10 9:11,862,0,76000,403
70734876,LL22153804M,9.82091E+14,1707,2023/1/10 9:27,103,0,95500,31
70734119,LL22150501M,9.82091E+14,1707,2023/1/10 9:28,367,0,83500,256
70732905,LL22141101M,9.82091E+14,1707,2023/1/10 9:36,409,0,94500,395
70721340,LL22144904M,9.82091E+14,1707,2023/1/10 9:44,99,0,101500,65
70734154,LL22150506M,9.82091E+14,1707,2023/1/10 9:48,633,0,97500,499
70734876,LL22153804M,9.82091E+14,1707,2023/1/10 9:59,43,0,,5
70734891,LL22149402M,9.82091E+14,1707,2023/1/10 10:03,831,0,80000,522
70739179,LL22133202M,699b78b7-0c70-4ae2-ab86-2d616dd829b8,1707,2023/1/10 10:17,187,0,103500,55
70721340,LL22144904M,9.82091E+14,1707,2023/1/10 10:22,372,0,101000,406
70739179,LL22133202M,699b78b7-0c70-4ae2-ab86-2d616dd829b8,1707,2023/1/10 10:31,521,0,104000,561
70732905,LL22141101M,9.82091E+14,1707,2023/1/10 10:41,42,0,,5
70732905,LL22141101M,9.82091E+14,1707,2023/1/10 10:44,54,0,,13
70734162,LL22150204M,9.82091E+14,1707,2023/1/10 11:12,474,0,72000,379
70734848,LL22148404M,9.82091E+14,1707,2023/1/10 11:20,423,0,86500,168
70732905,LL22141101M,9.82091E+14,1707,2023/1/10 11:29,45,0,,2
70734891,LL22149402M,9.82091E+14,1707,2023/1/10 11:31,607,0,81000,449
70734848,LL22148404M,9.82091E+14,1707,2023/1/10 11:42,172,0,87000,100
70732905,LL22141101M,9.82091E+14,1707,2023/1/10 12:19,72,0,94000,37
70732905,LL22141101M,9.82091E+14,1707,2023/1/10 12:37,339,0,95000,368
70734848,LL22148404M,9.82091E+14,1707,2023/1/10 12:43,485,0,87500,558
70734154,LL22150506M,9.82091E+14,1707,2023/1/10 12:51,643,0,97500,576
70734876,LL22153804M,9.82091E+14,1707,2023/1/10 13:03,19,0,,2
70734852,LL22148101M,9.82091E+14,1707,2023/1/10 13:05,810,0,75500,471
70721340,LL22144904M,9.82091E+14,1707,2023/1/10 13:19,200,0,100500,42
70739179,LL22133202M,699b78b7-0c70-4ae2-ab86-2d616dd829b8,1707,2023/1/10 13:23,466,0,105000,489
70734876,LL22153804M,9.82091E+14,1707,2023/1/10 13:31,291,0,96000,23
70739142,LL22150005M,9.82091E+14,1707,2023/1/10 13:37,1202,0,76500,665
70734876,LL22153804M,9.82091E+14,1707,2023/1/10 13:57,265,0,95500,206
70734119,LL22150501M,9.82091E+14,1707,2023/1/10 14:02,694,0,84000,520
70734162,LL22150204M,9.82091E+14,1707,2023/1/10 14:13,342,0,72500,254
70734891,LL22149402M,9.82091E+14,1707,2023/1/10 14:19,652,0,82500,552
70721340,LL22144904M,9.82091E+14,1707,2023/1/10 14:31,624,0,101500,767
70734119,LL22150501M,9.82091E+14,1707,2023/1/10 14:42,491,0,85000,359
70734162,LL22150204M,9.82091E+14,1707,2023/1/10 14:50,258,0,73000,243
70734891,LL22149402M,9.82091E+14,1707,2023/1/10 14:55,620,0,82000,411
70734848,LL22148404M,9.82091E+14,1707,2023/1/10 15:05,436,0,89000,564
70734154,LL22150506M,9.82091E+14,1707,2023/1/10 15:13,442,0,97500,380
70734852,LL22148101M,9.82091E+14,1707,2023/1/10 15:20,159,0,76500,101
70734119,LL22150501M,9.82091E+14,1707,2023/1/10 15:23,38,0,,41
70734162,LL22150204M,9.82091E+14,1707,2023/1/10 15:24,57,0,,18
70734119,LL22150501M,9.82091E+14,1707,2023/1/10 15:25,119,0,85000,78
70734852,LL22148101M,9.82091E+14,1707,2023/1/10 15:27,807,0,76500,458
70732905,LL22141101M,9.82091E+14,1707,2023/1/10 15:41,583,0,96000,443
70734876,LL22153804M,9.82091E+14,1707,2023/1/10 15:51,249,0,95500,60
70739142,LL22150005M,9.82091E+14,1707,2023/1/10 15:56,359,0,76500,118
70734154,LL22150506M,9.82091E+14,1707,2023/1/10 16:03,251,0,98500,294
70734876,LL22153804M,9.82091E+14,1707,2023/1/10 16:07,170,0,96000,72
70734119,LL22150501M,9.82091E+14,1707,2023/1/10 16:11,164,0,85500,116
70739179,LL22133202M,699b78b7-0c70-4ae2-ab86-2d616dd829b8,1707,2023/1/10 16:14,493,0,105500,502
70734154,LL22150506M,9.82091E+14,1707,2023/1/10 16:22,63,0,99000,73
70739179,LL22133202M,699b78b7-0c70-4ae2-ab86-2d616dd829b8,1707,2023/1/10 16:23,296,0,105500,358
70734876,LL22153804M,9.82091E+14,1707,2023/1/10 16:28,65,0,95500,37
70721340,LL22144904M,9.82091E+14,1707,2023/1/10 16:30,425,0,104000,481
70734876,LL22153804M,9.82091E+14,1707,2023/1/10 16:37,187,0,96500,64
70734852,LL22148101M,9.82091E+14,1707,2023/1/10 16:41,114,0,77000,51
70734162,LL22150204M,9.82091E+14,1707,2023/1/10 16:43,227,0,73500,255
70734119,LL22150501M,9.82091E+14,1707,2023/1/10 16:48,411,0,86000,252
70732905,LL22141101M,9.82091E+14,1707,2023/1/10 16:55,420,0,95500,473
70734119,LL22150501M,9.82091E+14,1707,2023/1/10 17:03,78,0,83500,22
70734848,LL22148404M,9.82091E+14,1707,2023/1/10 17:14,327,0,89500,413
70734891,LL22149402M,9.82091E+14,1707,2023/1/10 17:23,538,0,83500,396
70734876,LL22153804M,9.82091E+14,1707,2023/1/10 17:32,390,0,96000,174
70734876,LL22153804M,9.82091E+14,1707,2023/1/10 17:41,534,0,96500,477
70734852,LL22148101M,9.82091E+14,1707,2023/1/10 17:51,796,0,78000,442
70739179,LL22133202M,699b78b7-0c70-4ae2-ab86-2d616dd829b8,1707,2023/1/10 18:07,179,0,85500,55
70739179,LL22133202M,699b78b7-0c70-4ae2-ab86-2d616dd829b8,1707,2023/1/10 18:13,360,0,107000,417
70734891,LL22149402M,9.82091E+14,1707,2023/1/10 19:26,90,0,83000,61
70734876,LL22153804M,9.82091E+14,1707,2023/1/10 19:28,201,0,97000,81
70734876,LL22153804M,9.82091E+14,1707,2023/1/10 19:33,347,0,97000,333
70721340,LL22144904M,9.82091E+14,1707,2023/1/10 19:39,252,0,103000,144
70734154,LL22150506M,9.82091E+14,1707,2023/1/10 19:44,103,0,98500,41
70734852,LL22148101M,9.82091E+14,1707,2023/1/10 20:51,120,0,77500,68
70734891,LL22149402M,9.82091E+14,1707,2023/1/10 20:53,132,0,83000,112
70734162,LL22150204M,9.82091E+14,1707,2023/1/10 20:56,307,0,73000,198
70734848,LL22148404M,9.82091E+14,1707,2023/1/10 23:24,103,0,89500,59
70734852,LL22148101M,9.82091E+14,1707,2023/1/10 23:26,843,0,77500,522
70734876,LL22153804M,9.82091E+14,1707,2023/1/10 23:46,86,0,97000,50
70721340,LL22144904M,9.82091E+14,1707,2023/1/10 23:49,225,0,102750,141
70734119,LL22150501M,9.82091E+14,1707,2023/1/10 23:53,731,0,85000,441
70721340,LL22144904M,9.82091E+14,1707,2023/1/11 0:06,408,0,102000,494
70734162,LL22150204M,9.82091E+14,1707,2023/1/11 1:43,90,0,73500,71
70739179,LL22133202M,699b78b7-0c70-4ae2-ab86-2d616dd829b8,1707,2023/1/11 1:49,441,0,106000,473
70721340,LL22144904M,9.82091E+14,1707,2023/1/11 3:06,43,0,,19
70739179,LL22133202M,699b78b7-0c70-4ae2-ab86-2d616dd829b8,1707,2023/1/11 3:15,420,0,106000,470
70734162,LL22150204M,9.82091E+14,1707,2023/1/11 3:56,101,0,73000,47
70739142,LL22150005M,9.82091E+14,1707,2023/1/11 3:59,455,0,76500,195
70739142,LL22150005M,9.82091E+14,1707,2023/1/11 4:08,465,0,76000,291
70739142,LL22150005M,9.82091E+14,1707,2023/1/11 4:18,43,0,,27
70734154,LL22150506M,9.82091E+14,1707,2023/1/11 4:21,144,0,97000,99
70734848,LL22148404M,9.82091E+14,1707,2023/1/11 4:24,229,0,89500,135
70734154,LL22150506M,9.82091E+14,1707,2023/1/11 4:28,320,0,96000,218
70734154,LL22150506M,9.82091E+14,1707,2023/1/11 4:37,203,0,96000,227
70739142,LL22150005M,9.82091E+14,1707,2023/1/11 4:40,31,0,,14
70734154,LL22150506M,9.82091E+14,1707,2023/1/11 4:42,24,0,,27
70734154,LL22150506M,9.82091E+14,1707,2023/1/11 4:46,95,0,96000,95
70721340,LL22144904M,9.82091E+14,1707,2023/1/11 4:49,384,0,103500,417
70734876,LL22153804M,9.82091E+14,1707,2023/1/11 4:56,139,0,96000,36
70732905,LL22141101M,9.82091E+14,1707,2023/1/11 5:37,453,0,94000,441
70732905,LL22141101M,9.82091E+14,1707,2023/1/11 5:47,396,0,94500,447
70734848,LL22148404M,9.82091E+14,1707,2023/1/11 5:57,319,0,88000,194
70734154,LL22150506M,9.82091E+14,1707,2023/1/11 7:13,291,0,98000,234
70734154,LL22150506M,9.82091E+14,1707,2023/1/11 7:21,189,0,98500,167
70734876,LL22153804M,9.82091E+14,1707,2023/1/11 7:26,763,0,96000,528
70734154,LL22150506M,9.82091E+14,1707,2023/1/11 7:39,237,0,98000,108
70732905,LL22141101M,9.82091E+14,1707,2023/1/11 7:43,29,0,,2
70734119,LL22150501M,9.82091E+14,1707,2023/1/11 7:44,90,0,84000,75
70734876,LL22153804M,9.82091E+14,1707,2023/1/11 7:46,348,0,96000,361
70734119,LL22150501M,9.82091E+14,1707,2023/1/11 7:52,112,0,83500,83
70734162,LL22150204M,9.82091E+14,1707,2023/1/11 7:54,489,0,73000,447
70739179,LL22133202M,699b78b7-0c70-4ae2-ab86-2d616dd829b8,1707,2023/1/11 8:02,182,0,104500,110
70721340,LL22144904M,9.82091E+14,1707,2023/1/11 8:06,421,0,102500,408
70739142,LL22150005M,9.82091E+14,1707,2023/1/11 8:13,436,0,75000,166
70732905,LL22141101M,9.82091E+14,1707,2023/1/11 8:21,377,0,95000,362
70734848,LL22148404M,9.82091E+14,1707,2023/1/11 8:27,576,0,88000,561
70739142,LL22150005M,9.82091E+14,1707,2023/1/11 8:37,410,0,76000,103
70739179,LL22133202M,699b78b7-0c70-4ae2-ab86-2d616dd829b8,1707,2023/1/11 8:44,327,0,104500,400
70739142,LL22150005M,9.82091E+14,1707,2023/1/11 8:50,132,0,76000,36
70734876,LL22153804M,9.82091E+14,1707,2023/1/11 8:53,10,0,,1
70739142,LL22150005M,9.82091E+14,1707,2023/1/11 8:55,168,0,74750,1
70739142,LL22150005M,9.82091E+14,1707,2023/1/11 8:59,66,0,75500,36
70732905,LL22141101M,9.82091E+14,1707,2023/1/11 9:02,341,0,95500,357
70739142,LL22150005M,9.82091E+14,1707,2023/1/11 9:10,73,0,76000,29
70734876,LL22153804M,9.82091E+14,1707,2023/1/11 9:19,398,0,96500,282
70734876,LL22153804M,9.82091E+14,1707,2023/1/11 9:37,49,0,,9
70734119,LL22150501M,9.82091E+14,1707,2023/1/11 9:40,593,0,84500,409
70734891,LL22149402M,9.82091E+14,1707,2023/1/11 9:50,563,0,81500,440
70734119,LL22150501M,9.82091E+14,1707,2023/1/11 10:01,231,0,84000,104
70739142,LL22150005M,9.82091E+14,1707,2023/1/11 10:07,139,0,76500,86
70739142,LL22150005M,9.82091E+14,1707,2023/1/11 10:11,94,0,75000,39
70721340,LL22144904M,9.82091E+14,1707,2023/1/11 10:22,199,0,101500,184
70734891,LL22149402M,9.82091E+14,1707,2023/1/11 10:26,132,0,80500,1
70721340,LL22144904M,9.82091E+14,1707,2023/1/11 10:31,111,0,102500,51
70721340,LL22144904M,9.82091E+14,1707,2023/1/11 10:35,47,0,,24
70721340,LL22144904M,9.82091E+14,1707,2023/1/11 10:38,267,0,103000,218
70739142,LL22150005M,9.82091E+14,1707,2023/1/11 10:42,13,0,,4
70739142,LL22150005M,9.82091E+14,1707,2023/1/11 10:45,50,0,,8
70734848,LL22148404M,9.82091E+14,1707,2023/1/11 10:48,226,0,89500,210
70734848,LL22148404M,9.82091E+14,1707,2023/1/11 10:55,30,0,,8
70732905,LL22141101M,9.82091E+14,1707,2023/1/11 11:13,56,0,,5
70739142,LL22150005M,9.82091E+14,1707,2023/1/11 11:25,501,0,76000,177
70734162,LL22150204M,9.82091E+14,1707,2023/1/11 11:35,334,0,73000,11
70734852,LL22148101M,9.82091E+14,1707,2023/1/11 11:41,983,0,76500,548
70734162,LL22150204M,9.82091E+14,1707,2023/1/11 11:58,384,0,73000,434
70734848,LL22148404M,9.82091E+14,1707,2023/1/11 12:04,562,0,89000,561
70734154,LL22150506M,9.82091E+14,1707,2023/1/11 12:14,694,0,97000,524
70721340,LL22144904M,9.82091E+14,1707,2023/1/11 12:26,131,0,102000,36
70734154,LL22150506M,9.82091E+14,1707,2023/1/11 12:28,26,0,,10
70739142,LL22150005M,9.82091E+14,1707,2023/1/11 12:29,905,0,76500,548
70732905,LL22141101M,9.82091E+14,1707,2023/1/11 12:45,533,0,96000,532
70739179,LL22133202M,699b78b7-0c70-4ae2-ab86-2d616dd829b8,1707,2023/1/11 12:54,515,0,105000,526
70734154,LL22150506M,9.82091E+14,1707,2023/1/11 13:02,223,0,97500,273
70732905,LL22141101M,9.82091E+14,1707,2023/1/11 13:06,265,0,96000,236
70721340,LL22144904M,9.82091E+14,1707,2023/1/11 13:11,472,0,102500,488
70734119,LL22150501M,9.82091E+14,1707,2023/1/11 13:20,871,0,84500,644
70721340,LL22144904M,9.82091E+14,1707,2023/1/11 13:35,332,0,103500,455
70739142,LL22150005M,9.82091E+14,1707,2023/1/11 13:41,270,0,77000,98
70732905,LL22141101M,9.82091E+14,1707,2023/1/11 13:45,767,0,96500,874
70734891,LL22149402M,9.82091E+14,1707,2023/1/11 13:58,1022,0,81500,982
70734162,LL22150204M,9.82091E+14,1707,2023/1/11 14:15,295,0,73500,180
70734119,LL22150501M,9.82091E+14,1707,2023/1/11 14:20,187,0,85000,138
70734162,LL22150204M,9.82091E+14,1707,2023/1/11 14:23,378,0,74000,365
70739142,LL22150005M,9.82091E+14,1707,2023/1/11 14:30,635,0,77000,426
70734852,LL22148101M,9.82091E+14,1707,2023/1/11 14:41,965,0,76500,516
70734876,LL22153804M,9.82091E+14,1707,2023/1/11 14:57,312,0,96000,150
70739179,LL22133202M,699b78b7-0c70-4ae2-ab86-2d616dd829b8,1707,2023/1/11 15:03,44,0,,14
70739179,LL22133202M,699b78b7-0c70-4ae2-ab86-2d616dd829b8,1707,2023/1/11 15:06,670,0,105250,517
70734876,LL22153804M,9.82091E+14,1707,2023/1/11 15:17,966,0,97000,826
70734848,LL22148404M,9.82091E+14,1707,2023/1/11 15:33,614,0,90500,740
70721340,LL22144904M,9.82091E+14,1707,2023/1/11 15:44,17,0,,1
70734162,LL22150204M,9.82091E+14,1707,2023/1/11 15:45,147,0,74750,39
70734154,LL22150506M,9.82091E+14,1707,2023/1/11 15:47,503,0,99000,508
70734119,LL22150501M,9.82091E+14,1707,2023/1/11 15:56,484,0,87000,398
70734162,LL22150204M,9.82091E+14,1707,2023/1/11 16:04,388,0,75000,342
70734852,LL22148101M,9.82091E+14,1707,2023/1/11 16:11,731,0,81500,481
70739179,LL22133202M,699b78b7-0c70-4ae2-ab86-2d616dd829b8,1707,2023/1/11 16:23,745,0,106500,893
70734162,LL22150204M,9.82091E+14,1707,2023/1/11 16:36,209,0,75000,209
70734891,LL22149402M,9.82091E+14,1707,2023/1/11 16:40,768,0,82500,718
70721340,LL22144904M,9.82091E+14,1707,2023/1/11 16:53,428,0,105000,642
70734154,LL22150506M,9.82091E+14,1707,2023/1/11 17:00,425,0,100000,523
70734119,LL22150501M,9.82091E+14,1707,2023/1/11 17:08,90,0,87000,125
70734848,LL22148404M,9.82091E+14,1707,2023/1/11 17:10,336,0,91500,443
70734119,LL22150501M,9.82091E+14,1707,2023/1/11 17:16,75,0,87500,99
70734852,LL22148101M,9.82091E+14,1707,2023/1/11 17:17,338,0,78500,220
70734848,LL22148404M,9.82091E+14,1707,2023/1/11 17:44,172,0,92000,212
70734876,LL22153804M,9.82091E+14,1707,2023/1/11 18:05,555,0,98500,516
70734876,LL22153804M,9.82091E+14,1707,2023/1/11 18:17,23,0,,2
70734876,LL22153804M,9.82091E+14,1707,2023/1/11 18:32,468,0,99500,431
70734119,LL22150501M,9.82091E+14,1707,2023/1/11 18:41,354,0,88000,292
70734891,LL22149402M,9.82091E+14,1707,2023/1/11 19:09,320,0,84000,298
70734876,LL22153804M,9.82091E+14,1707,2023/1/11 19:34,256,0,100000,258
70734891,LL22149402M,9.82091E+14,1707,2023/1/11 19:38,239,0,84000,165
70734852,LL22148101M,9.82091E+14,1707,2023/1/11 19:59,83,0,79000,29
70739179,LL22133202M,699b78b7-0c70-4ae2-ab86-2d616dd829b8,1707,2023/1/11 20:03,398,0,108000,469
70734119,LL22150501M,9.82091E+14,1707,2023/1/11 20:32,46,0,,54
70734891,LL22149402M,9.82091E+14,1707,2023/1/11 20:49,327,0,86000,323
70734852,LL22148101M,9.82091E+14,1707,2023/1/11 20:55,905,0,80000,646
70734848,LL22148404M,9.82091E+14,1707,2023/1/12 1:07,516,0,91500,553
70732905,LL22141101M,9.82091E+14,1707,2023/1/12 1:16,101,0,95500,67
70721340,LL22144904M,9.82091E+14,1707,2023/1/12 1:19,201,0,105500,87
70721340,LL22144904M,9.82091E+14,1707,2023/1/12 1:24,362,0,103500,462
70721340,LL22144904M,9.82091E+14,1707,2023/1/12 1:33,279,0,104000,352
70734162,LL22150204M,9.82091E+14,1707,2023/1/12 2:38,146,0,76000,114
70734154,LL22150506M,9.82091E+14,1707,2023/1/12 3:45,423,0,99000,264
70739142,LL22150005M,9.82091E+14,1707,2023/1/12 3:53,633,0,78000,384
70734154,LL22150506M,9.82091E+14,1707,2023/1/12 4:04,347,0,98500,363
70734119,LL22150501M,9.82091E+14,1707,2023/1/12 4:31,314,0,85500,149
70734852,LL22148101M,9.82091E+14,1707,2023/1/12 4:52,25,0,,8
70732905,LL22141101M,9.82091E+14,1707,2023/1/12 4:54,487,0,95500,519
70734154,LL22150506M,9.82091E+14,1707,2023/1/12 5:14,137,0,99500,92
70739179,LL22133202M,699b78b7-0c70-4ae2-ab86-2d616dd829b8,1707,2023/1/12 5:59,719,0,106500,890
70732905,LL22141101M,9.82091E+14,1707,2023/1/12 6:14,465,0,95500,540
70734119,LL22150501M,9.82091E+14,1707,2023/1/12 6:56,475,0,85500,262
70739142,LL22150005M,9.82091E+14,1707,2023/1/12 7:04,609,0,76500,326
70734119,LL22150501M,9.82091E+14,1707,2023/1/12 7:15,299,0,85500,246
70721340,LL22144904M,9.82091E+14,1707,2023/1/12 7:20,541,0,104000,676
70734876,LL22153804M,9.82091E+14,1707,2023/1/12 7:29,513,0,97000,504
70739142,LL22150005M,9.82091E+14,1707,2023/1/12 7:39,74,0,77500,20
70734119,LL22150501M,9.82091E+14,1707,2023/1/12 7:41,69,0,86000,68
70739142,LL22150005M,9.82091E+14,1707,2023/1/12 7:42,26,0,,16
70734119,LL22150501M,9.82091E+14,1707,2023/1/12 7:43,97,0,86000,56
70734876,LL22153804M,9.82091E+14,1707,2023/1/12 7:45,290,0,97500,329
70739142,LL22150005M,9.82091E+14,1707,2023/1/12 7:51,33,0,,24
70732905,LL22141101M,9.82091E+14,1707,2023/1/12 7:52,535,0,96500,565
70734154,LL22150506M,9.82091E+14,1707,2023/1/12 8:00,704,0,99000,627
70734154,LL22150506M,9.82091E+14,1707,2023/1/12 8:18,105,0,99250,97
70734154,LL22150506M,9.82091E+14,1707,2023/1/12 8:23,31,0,,26
70734119,LL22150501M,9.82091E+14,1707,2023/1/12 8:24,65,0,86000,20
70734162,LL22150204M,9.82091E+14,1707,2023/1/12 8:26,480,0,74000,536
70734848,LL22148404M,9.82091E+14,1707,2023/1/12 8:34,739,0,90500,717
70734852,LL22148101M,9.82091E+14,1707,2023/1/12 8:46,913,0,78000,588
70734119,LL22150501M,9.82091E+14,1707,2023/1/12 9:04,23,0,,18
70734852,LL22148101M,9.82091E+14,1707,2023/1/12 9:06,9,0,,1
70734119,LL22150501M,9.82091E+14,1707,2023/1/12 9:06,20,0,,33
70734891,LL22149402M,9.82091E+14,1707,2023/1/12 9:07,231,0,83500,274
70739142,LL22150005M,9.82091E+14,1707,2023/1/12 9:14,40,0,,27
70739142,LL22150005M,9.82091E+14,1707,2023/1/12 9:17,110,0,76750,61
70734876,LL22153804M,9.82091E+14,1707,2023/1/12 9:19,186,0,99000,151
70734876,LL22153804M,9.82091E+14,1707,2023/1/12 9:27,32,0,,22
70739142,LL22150005M,9.82091E+14,1707,2023/1/12 9:28,208,0,77000,92
70732905,LL22141101M,9.82091E+14,1707,2023/1/12 9:32,29,0,,26
70734154,LL22150506M,9.82091E+14,1707,2023/1/12 9:33,28,0,,33
70739142,LL22150005M,9.82091E+14,1707,2023/1/12 9:34,13,0,,4
70732905,LL22141101M,9.82091E+14,1707,2023/1/12 9:36,37,0,,33
70734876,LL22153804M,9.82091E+14,1707,2023/1/12 9:40,55,0,,43
70739142,LL22150005M,9.82091E+14,1707,2023/1/12 9:43,22,0,,6
70734154,LL22150506M,9.82091E+14,1707,2023/1/12 9:46,59,0,,32
70732905,LL22141101M,9.82091E+14,1707,2023/1/12 9:49,76,0,96500,51
70739179,LL22133202M,699b78b7-0c70-4ae2-ab86-2d616dd829b8,1707,2023/1/12 9:51,160,0,106000,242
70732905,LL22141101M,9.82091E+14,1707,2023/1/12 9:54,109,0,97000,146
70721340,LL22144904M,9.82091E+14,1707,2023/1/12 9:58,157,0,103500,146
70734876,LL22153804M,9.82091E+14,1707,2023/1/12 10:01,50,0,,11
70739179,LL22133202M,699b78b7-0c70-4ae2-ab86-2d616dd829b8,1707,2023/1/12 10:10,65,0,105750,1
70732905,LL22141101M,9.82091E+14,1707,2023/1/12 10:13,53,0,,63
70734876,LL22153804M,9.82091E+14,1707,2023/1/12 10:16,216,0,98500,220
70734154,LL22150506M,9.82091E+14,1707,2023/1/12 10:22,37,0,,38
70734119,LL22150501M,9.82091E+14,1707,2023/1/12 10:23,134,0,87000,101
70734852,LL22148101M,9.82091E+14,1707,2023/1/12 10:26,23,0,,20
70734119,LL22150501M,9.82091E+14,1707,2023/1/12 10:27,91,0,86500,101
70734852,LL22148101M,9.82091E+14,1707,2023/1/12 10:29,20,0,,21
70734119,LL22150501M,9.82091E+14,1707,2023/1/12 10:29,118,0,86500,99
70739142,LL22150005M,9.82091E+14,1707,2023/1/12 10:31,25,0,,30
70734852,LL22148101M,9.82091E+14,1707,2023/1/12 10:32,12,0,,10
70734119,LL22150501M,9.82091E+14,1707,2023/1/12 10:32,26,0,,42
70734154,LL22150506M,9.82091E+14,1707,2023/1/12 10:33,15,0,,21
70734891,LL22149402M,9.82091E+14,1707,2023/1/12 10:34,14,0,,1
70734119,LL22150501M,9.82091E+14,1707,2023/1/12 10:35,16,0,,20
70739142,LL22150005M,9.82091E+14,1707,2023/1/12 10:38,33,0,,3
70721340,LL22144904M,9.82091E+14,1707,2023/1/12 10:39,8,0,,1
70734119,LL22150501M,9.82091E+14,1707,2023/1/12 10:40,15,0,,28
70734119,LL22150501M,9.82091E+14,1707,2023/1/12 10:43,40,0,,32
70721340,LL22144904M,9.82091E+14,1707,2023/1/12 10:46,36,0,,29
70734852,LL22148101M,9.82091E+14,1707,2023/1/12 10:48,16,0,,4
70734162,LL22150204M,9.82091E+14,1707,2023/1/12 10:51,147,0,74000,134
70734119,LL22150501M,9.82091E+14,1707,2023/1/12 10:54,183,0,86500,149
70739179,LL22133202M,699b78b7-0c70-4ae2-ab86-2d616dd829b8,1707,2023/1/12 10:58,11,0,,2
70721340,LL22144904M,9.82091E+14,1707,2023/1/12 11:00,251,0,104500,323
70739142,LL22150005M,9.82091E+14,1707,2023/1/12 11:06,56,0,,37
70739179,LL22133202M,699b78b7-0c70-4ae2-ab86-2d616dd829b8,1707,2023/1/12 11:08,293,0,106500,430
70734876,LL22153804M,9.82091E+14,1707,2023/1/12 11:14,158,0,98500,127
70739142,LL22150005M,9.82091E+14,1707,2023/1/12 11:16,146,0,77000,99
70739142,LL22150005M,9.82091E+14,1707,2023/1/12 11:23,205,0,77500,130
70739142,LL22150005M,9.82091E+14,1707,2023/1/12 11:38,58,0,,40
70734848,LL22148404M,9.82091E+14,1707,2023/1/12 11:39,199,0,90000,206
70721340,LL22144904M,9.82091E+14,1707,2023/1/12 11:47,30,0,,24
70734876,LL22153804M,9.82091E+14,1707,2023/1/12 11:53,452,0,99000,415
70734119,LL22150501M,9.82091E+14,1707,2023/1/12 12:01,8,0,,1
70734154,LL22150506M,9.82091E+14,1707,2023/1/12 12:06,146,0,99500,172
70734119,LL22150501M,9.82091E+14,1707,2023/1/12 12:09,19,0,,9
70734154,LL22150506M,9.82091E+14,1707,2023/1/12 12:10,28,0,,25
70732905,LL22141101M,9.82091E+14,1707,2023/1/12 12:12,41,0,,38
70721340,LL22144904M,9.82091E+14,1707,2023/1/12 12:13,270,0,105000,336
70734154,LL22150506M,9.82091E+14,1707,2023/1/12 12:19,142,0,99500,76
70732905,LL22141101M,9.82091E+14,1707,2023/1/12 12:22,365,0,97500,456
70734154,LL22150506M,9.82091E+14,1707,2023/1/12 12:28,229,0,99500,308
70734162,LL22150204M,9.82091E+14,1707,2023/1/12 12:33,343,0,74500,219
70739142,LL22150005M,9.82091E+14,1707,2023/1/12 12:41,108,0,77000,54
70734119,LL22150501M,9.82091E+14,1707,2023/1/12 12:44,150,0,87500,92
70721340,LL22144904M,9.82091E+14,1707,2023/1/12 12:47,202,0,105000,253
70734119,LL22150501M,9.82091E+14,1707,2023/1/12 12:51,228,0,87500,212
70739142,LL22150005M,9.82091E+14,1707,2023/1/12 12:55,685,0,78000,465
70734848,LL22148404M,9.82091E+14,1707,2023/1/12 13:07,370,0,91000,487
70734891,LL22149402M,9.82091E+14,1707,2023/1/12 13:23,132,0,82500,144
70734119,LL22150501M,9.82091E+14,1707,2023/1/12 13:26,15,0,,20
70734891,LL22149402M,9.82091E+14,1707,2023/1/12 13:26,215,0,82500,291
70734119,LL22150501M,9.82091E+14,1707,2023/1/12 13:30,102,0,88500,97
70734162,LL22150204M,9.82091E+14,1707,2023/1/12 13:32,442,0,74000,441
70734852,LL22148101M,9.82091E+14,1707,2023/1/12 13:39,806,0,78000,536
70739179,LL22133202M,699b78b7-0c70-4ae2-ab86-2d616dd829b8,1707,2023/1/12 13:54,755,0,107000,994
70721340,LL22144904M,9.82091E+14,1707,2023/1/12 14:09,484,0,105000,516
70732905,LL22141101M,9.82091E+14,1707,2023/1/12 14:19,777,0,98500,1006
70739142,LL22150005M,9.82091E+14,1707,2023/1/12 14:39,177,0,79000,87
70734119,LL22150501M,9.82091E+14,1707,2023/1/12 14:42,156,0,88000,126
70739142,LL22150005M,9.82091E+14,1707,2023/1/12 14:46,74,0,79000,61
70734119,LL22150501M,9.82091E+14,1707,2023/1/12 14:47,286,0,88500,243
70734891,LL22149402M,9.82091E+14,1707,2023/1/12 14:52,474,0,83000,496
70734848,LL22148404M,9.82091E+14,1707,2023/1/12 15:05,78,0,91000,48
70734119,LL22150501M,9.82091E+14,1707,2023/1/12 15:09,41,0,,21
70734154,LL22150506M,9.82091E+14,1707,2023/1/12 15:16,25,0,,37
70734119,LL22150501M,9.82091E+14,1707,2023/1/12 15:18,9,0,,7
70734154,LL22150506M,9.82091E+14,1707,2023/1/12 15:20,16,0,,33
70734119,LL22150501M,9.82091E+14,1707,2023/1/12 15:22,9,0,,5
70734876,LL22153804M,9.82091E+14,1707,2023/1/12 15:22,70,0,99500,87
70734154,LL22150506M,9.82091E+14,1707,2023/1/12 15:25,32,0,,55
70734154,LL22150506M,9.82091E+14,1707,2023/1/12 15:29,39,0,,26
70734154,LL22150506M,9.82091E+14,1707,2023/1/12 15:35,50,0,,19
70734154,LL22150506M,9.82091E+14,1707,2023/1/12 15:45,120,0,99000,179
70734852,LL22148101M,9.82091E+14,1707,2023/1/12 15:47,17,0,,5
70734162,LL22150204M,9.82091E+14,1707,2023/1/12 15:51,241,0,75000,268
70734852,LL22148101M,9.82091E+14,1707,2023/1/12 15:55,59,0,,48
70734119,LL22150501M,9.82091E+14,1707,2023/1/12 16:01,45,0,,36
70734154,LL22150506M,9.82091E+14,1707,2023/1/12 16:02,32,0,,40
70734876,LL22153804M,9.82091E+14,1707,2023/1/12 16:05,29,0,,25
70734154,LL22150506M,9.82091E+14,1707,2023/1/12 16:15,39,0,,17
70734162,LL22150204M,9.82091E+14,1707,2023/1/12 16:28,59,0,,35
70734119,LL22150501M,9.82091E+14,1707,2023/1/12 16:29,96,0,88000,78
70734154,LL22150506M,9.82091E+14,1707,2023/1/12 16:40,81,0,99000,95
70734848,LL22148404M,9.82091E+14,1707,2023/1/12 16:42,314,0,91500,408
70734852,LL22148101M,9.82091E+14,1707,2023/1/12 16:48,391,0,78500,301
70721340,LL22144904M,9.82091E+14,1707,2023/1/12 16:58,218,0,105000,251
70721340,LL22144904M,9.82091E+14,1707,2023/1/12 17:04,20,0,,13
70739179,LL22133202M,699b78b7-0c70-4ae2-ab86-2d616dd829b8,1707,2023/1/12 17:09,360,0,107500,472
70734848,LL22148404M,9.82091E+14,1707,2023/1/12 17:24,339,0,91500,463
70734154,LL22150506M,9.82091E+14,1707,2023/1/12 17:39,29,0,,33
