animal_number,lifenumber,responder,location,visit_time,duration,state,weight,feed_intake
734709,LL23048502M,982091101534709,1908,2023-04-26 01:29:14,265,0,32500,118
732923,LL23042101M,982091101532923,1908,2023-04-26 01:41:30,332,0,55000,132
734751,LL23052303M,982091101534751,1908,2023-04-26 01:47:02,592,0,30000,258
729889,LL23037601M,982091101529889,1908,2023-04-26 01:57:06,1223,0,44500,522
734731,LL23052101M,982091101534731,1908,2023-04-26 02:18:09,459,0,36500,143
734709,LL23048502M,982091101534709,1908,2023-04-26 04:00:11,412,0,32500,189
735034,LL23026202M,982091101535034,1908,2023-04-26 04:08:07,1809,0,41000,602
737148,LL23051105M,982091101537148,1908,2023-04-26 04:38:20,733,0,36000,475
734709,LL23048502M,982091101534709,1908,2023-04-26 04:52:33,334,0,32500,121
735034,LL23026202M,982091101535034,1908,2023-04-26 05:03:56,31,0,,1
729889,LL23037601M,982091101529889,1908,2023-04-26 05:04:56,754,0,45000,396
729889,LL23037601M,982091101529889,1908,2023-04-26 05:19:30,259,0,45500,148
735034,LL23026202M,982091101535034,1908,2023-04-26 05:25:37,404,0,42000,131
732923,LL23042101M,982091101532923,1908,2023-04-26 06:10:40,588,0,30500,189
735083,LL23029205M,982091101535083,1908,2023-04-26 06:21:40,71,0,47500,30
734751,LL23052303M,982091101534751,1908,2023-04-26 06:22:59,764,0,30500,324
737148,LL23051105M,982091101537148,1908,2023-04-26 06:36:07,491,0,52000,263
732966,LL23041902M,982091101532966,1908,2023-04-26 06:44:58,1214,0,42000,521
732909,LL23042102M,982091101532909,1908,2023-04-26 07:05:28,370,0,32500,155
732909,LL23042102M,982091101532909,1908,2023-04-26 07:15:42,170,0,48000,165
729897,LL23038102M,982091101529897,1908,2023-04-26 07:18:32,2,0,,2
732909,LL23042102M,982091101532909,1908,2023-04-26 07:18:41,157,0,65000,75
732909,LL23042102M,982091101532909,1908,2023-04-26 07:21:22,15,0,,3
729897,LL23038102M,982091101529897,1908,2023-04-26 07:21:45,3,0,,7
732909,LL23042102M,982091101532909,1908,2023-04-26 07:21:58,113,0,65500,45
729897,LL23038102M,982091101529897,1908,2023-04-26 07:23:55,1219,0,37000,442
735083,LL23029205M,982091101535083,1908,2023-04-26 07:44:14,1366,0,31000,388
734709,LL23048502M,982091101534709,1908,2023-04-26 08:10:40,698,0,45000,188
734731,LL23052101M,982091101534731,1908,2023-04-26 08:23:03,71,0,35000,28
737097,LL23037303M,982091101537097,1908,2023-04-26 08:25:31,492,0,38000,338
734692,LL23050302M,982091101534692,1908,2023-04-26 08:34:12,524,0,31500,204
734731,LL23052101M,982091101534731,1908,2023-04-26 08:43:12,269,0,36000,43
735034,LL23026202M,982091101535034,1908,2023-04-26 08:48:37,1067,0,42500,370
735034,LL23026202M,982091101535034,1908,2023-04-26 09:09:07,392,0,42500,153
734751,LL23052303M,982091101534751,1908,2023-04-26 09:17:04,945,0,30500,314
729902,LL23035307M,982091101529902,1908,2023-04-26 09:34:09,1165,0,35000,443
729902,LL23035307M,982091101529902,1908,2023-04-26 09:53:36,237,0,40500,137
732966,LL23041902M,982091101532966,1908,2023-04-26 09:57:53,1016,0,42500,498
737097,LL23037303M,982091101537097,1908,2023-04-26 10:15:05,146,0,38000,97
732909,LL23042102M,982091101532909,1908,2023-04-26 10:17:43,835,0,34000,386
729897,LL23038102M,982091101529897,1908,2023-04-26 10:32:02,1075,0,34500,513
732923,LL23042101M,982091101532923,1908,2023-04-26 10:50:53,1202,0,31000,488
734709,LL23048502M,982091101534709,1908,2023-04-26 11:20:35,1086,0,32500,429
737097,LL23037303M,982091101537097,1908,2023-04-26 11:40:21,312,0,38000,123
734692,LL23050302M,982091101534692,1908,2023-04-26 11:47:17,787,0,45500,325
735083,LL23029205M,982091101535083,1908,2023-04-26 12:00:49,1272,0,32000,457
732966,LL23041902M,982091101532966,1908,2023-04-26 12:54:29,64,0,43500,7
735034,LL23026202M,982091101535034,1908,2023-04-26 13:00:47,511,0,43000,164
729897,LL23038102M,982091101529897,1908,2023-04-26 13:16:50,458,0,34500,185
735028,LL23029207M,984000005032083,1908,2023-04-26 13:25:12,674,0,37250,317
734731,LL23052101M,982091101534731,1908,2023-04-26 13:37:02,1496,0,35500,593
735028,LL23029207M,984000005032083,1908,2023-04-26 14:02:50,808,0,35500,293
732966,LL23041902M,982091101532966,1908,2023-04-26 14:18:19,836,0,43000,502
735028,LL23029207M,984000005032083,1908,2023-04-26 14:33:56,259,0,36500,96
737097,LL23037303M,982091101537097,1908,2023-04-26 14:39:16,382,0,38000,294
732909,LL23042102M,982091101532909,1908,2023-04-26 14:47:19,963,0,34000,478
734709,LL23048502M,982091101534709,1908,2023-04-26 15:03:42,630,0,32500,255
734751,LL23052303M,982091101534751,1908,2023-04-26 15:14:32,973,0,52000,378
729889,LL23037601M,982091101529889,1908,2023-04-26 15:31:25,1057,0,44000,647
732909,LL23042102M,982091101532909,1908,2023-04-26 15:52:18,99,0,34750,24
734692,LL23050302M,982091101534692,1908,2023-04-26 15:54:17,763,0,32000,321
735028,LL23029207M,984000005032083,1908,2023-04-26 16:09:01,530,0,37000,188
735083,LL23029205M,982091101535083,1908,2023-04-26 16:18:23,500,0,32500,198
732909,LL23042102M,982091101532909,1908,2023-04-26 16:26:48,450,0,35000,154
729897,LL23038102M,982091101529897,1908,2023-04-26 16:43:26,248,0,34000,108
734731,LL23052101M,982091101534731,1908,2023-04-26 16:48:30,945,0,36000,442
732909,LL23042102M,982091101532909,1908,2023-04-26 17:04:39,79,0,35000,24
729902,LL23035307M,982091101529902,1908,2023-04-26 17:06:47,2065,0,35500,740
737097,LL23037303M,982091101537097,1908,2023-04-26 17:43:05,501,0,38500,369
734751,LL23052303M,982091101534751,1908,2023-04-26 17:54:30,514,0,30500,189
732966,LL23041902M,982091101532966,1908,2023-04-26 18:03:12,878,0,43000,549
734692,LL23050302M,982091101534692,1908,2023-04-26 18:25:43,85,0,32500,21
734709,LL23048502M,982091101534709,1908,2023-04-26 19:11:05,311,0,33000,131
732966,LL23041902M,982091101532966,1908,2023-04-26 19:30:34,389,0,44500,189
729897,LL23038102M,982091101529897,1908,2023-04-26 19:37:35,387,0,35000,193
734692,LL23050302M,982091101534692,1908,2023-04-26 19:45:14,399,0,32500,146
734692,LL23050302M,982091101534692,1908,2023-04-26 19:55:08,324,0,33000,148
734692,LL23050302M,982091101534692,1908,2023-04-26 20:03:06,76,0,33000,20
734692,LL23050302M,982091101534692,1908,2023-04-26 20:27:52,313,0,33000,129
737097,LL23037303M,982091101537097,1908,2023-04-26 20:34:58,142,0,40500,83
737148,LL23051105M,982091101537148,1908,2023-04-26 20:37:20,465,0,36000,226
737097,LL23037303M,982091101537097,1908,2023-04-26 20:45:21,333,0,40500,173
735028,LL23029207M,984000005032083,1908,2023-04-26 20:51:55,479,0,37500,138
734692,LL23050302M,982091101534692,1908,2023-04-26 21:11:40,68,0,33000,14
729889,LL23037601M,982091101529889,1908,2023-04-26 21:13:28,1118,0,45500,519
729889,LL23037601M,982091101529889,1908,2023-04-26 21:33:09,41,0,,1
735034,LL23026202M,982091101535034,1908,2023-04-26 21:33:54,1303,0,42000,429
735083,LL23029205M,982091101535083,1908,2023-04-26 21:55:37,435,0,49000,110
732923,LL23042101M,982091101532923,1908,2023-04-26 22:02:52,38,0,,15
732923,LL23042101M,982091101532923,1908,2023-04-26 22:03:34,326,0,32000,121
732923,LL23042101M,982091101532923,1908,2023-04-26 22:12:20,287,0,32000,258
732909,LL23042102M,982091101532909,1908,2023-04-26 22:17:12,853,0,35000,320
734751,LL23052303M,982091101534751,1908,2023-04-26 22:31:45,700,0,31500,299
735083,LL23029205M,982091101535083,1908,2023-04-26 22:43:25,868,0,33000,350
729902,LL23035307M,982091101529902,1908,2023-04-26 23:10:46,965,0,37000,450
734709,LL23048502M,982091101534709,1908,2023-04-26 23:28:52,388,0,33000,117
734731,LL23052101M,982091101534731,1908,2023-04-26 23:35:44,1338,0,36500,557
729902,LL23035307M,982091101529902,1908,2023-04-27 00:14:41,493,0,29500,224
732923,LL23042101M,982091101532923,1908,2023-04-27 00:26:30,712,0,32000,289
734709,LL23048502M,982091101534709,1908,2023-04-27 00:50:11,895,0,50000,405
729889,LL23037601M,982091101529889,1908,2023-04-27 01:07:51,636,0,46000,402
737148,LL23051105M,982091101537148,1908,2023-04-27 01:49:55,856,0,35500,641
735028,LL23029207M,984000005032083,1908,2023-04-27 02:10:10,645,0,37000,344
729897,LL23038102M,982091101529897,1908,2023-04-27 02:21:55,1003,0,33500,438
729889,LL23037601M,982091101529889,1908,2023-04-27 02:49:10,248,0,46500,110
732923,LL23042101M,982091101532923,1908,2023-04-27 03:41:22,102,0,32500,28
735034,LL23026202M,982091101535034,1908,2023-04-27 03:43:17,1336,0,42000,458
734709,LL23048502M,982091101534709,1908,2023-04-27 04:10:23,396,0,33000,168
737148,LL23051105M,982091101537148,1908,2023-04-27 04:19:03,413,0,36000,243
729889,LL23037601M,982091101529889,1908,2023-04-27 04:45:32,621,0,46000,175
735034,LL23026202M,982091101535034,1908,2023-04-27 04:56:21,144,0,42500,9
735034,LL23026202M,982091101535034,1908,2023-04-27 05:00:49,661,0,42500,277
734751,LL23052303M,982091101534751,1908,2023-04-27 05:13:14,847,0,30500,194
729897,LL23038102M,982091101529897,1908,2023-04-27 05:28:53,293,0,34500,89
734692,LL23050302M,982091101534692,1908,2023-04-27 05:34:18,422,0,32500,207
734751,LL23052303M,982091101534751,1908,2023-04-27 05:41:49,439,0,31000,158
729889,LL23037601M,982091101529889,1908,2023-04-27 05:49:52,733,0,46500,379
737148,LL23051105M,982091101537148,1908,2023-04-27 06:02:54,355,0,36500,154
734709,LL23048502M,982091101534709,1908,2023-04-27 06:09:22,866,0,33000,241
737148,LL23051105M,982091101537148,1908,2023-04-27 06:25:48,335,0,36500,171
737148,LL23051105M,982091101537148,1908,2023-04-27 06:39:58,29,0,,1
735083,LL23029205M,982091101535083,1908,2023-04-27 06:44:36,674,0,33000,257
732966,LL23041902M,982091101532966,1908,2023-04-27 06:59:27,805,0,43500,258
732966,LL23041902M,982091101532966,1908,2023-04-27 07:14:53,382,0,43000,247
729897,LL23038102M,982091101529897,1908,2023-04-27 08:03:19,612,0,34500,200
735083,LL23029205M,982091101535083,1908,2023-04-27 08:13:43,69,0,33000,6
729897,LL23038102M,982091101529897,1908,2023-04-27 08:18:07,66,0,34500,24
737148,LL23051105M,982091101537148,1908,2023-04-27 08:21:46,72,0,37000,29
734692,LL23050302M,982091101534692,1908,2023-04-27 08:23:50,86,0,53500,41
735028,LL23029207M,984000005032083,1908,2023-04-27 08:25:24,405,0,49000,66
735028,LL23029207M,984000005032083,1908,2023-04-27 08:32:17,122,0,48500,198
732923,LL23042101M,982091101532923,1908,2023-04-27 08:34:19,90,0,32000,38
737097,LL23037303M,982091101537097,1908,2023-04-27 08:35:53,27,0,,12
732909,LL23042102M,982091101532909,1908,2023-04-27 08:36:24,95,0,34000,21
735083,LL23029205M,982091101535083,1908,2023-04-27 08:38:15,157,0,33500,29
732909,LL23042102M,982091101532909,1908,2023-04-27 08:40:52,416,0,34500,114
734751,LL23052303M,982091101534751,1908,2023-04-27 08:47:52,346,0,31000,71
735034,LL23026202M,982091101535034,1908,2023-04-27 08:53:42,187,0,43500,3
737097,LL23037303M,982091101537097,1908,2023-04-27 08:57:09,496,0,37500,295
729897,LL23038102M,982091101529897,1908,2023-04-27 09:05:41,219,0,34500,88
732909,LL23042102M,982091101532909,1908,2023-04-27 09:09:20,493,0,34500,174
734751,LL23052303M,982091101534751,1908,2023-04-27 09:17:37,699,0,31500,280
734692,LL23050302M,982091101534692,1908,2023-04-27 09:31:00,345,0,32500,97
737148,LL23051105M,982091101537148,1908,2023-04-27 09:38:01,21,0,,3
734731,LL23052101M,982091101534731,1908,2023-04-27 09:38:30,1367,0,35500,587
732923,LL23042101M,982091101532923,1908,2023-04-27 10:01:53,959,0,32000,451
732909,LL23042102M,982091101532909,1908,2023-04-27 10:17:56,756,0,35000,375
737148,LL23051105M,982091101537148,1908,2023-04-27 10:31:16,570,0,37500,374
732923,LL23042101M,982091101532923,1908,2023-04-27 10:44:55,418,0,59000,162
735034,LL23026202M,982091101535034,1908,2023-04-27 10:51:53,1213,0,43500,642
729889,LL23037601M,982091101529889,1908,2023-04-27 11:12:23,1055,0,47000,740
732909,LL23042102M,982091101532909,1908,2023-04-27 11:38:33,52,0,,17
735083,LL23029205M,982091101535083,1908,2023-04-27 11:40:05,1081,0,32500,481
734692,LL23050302M,982091101534692,1908,2023-04-27 11:58:14,505,0,32500,215
732966,LL23041902M,982091101532966,1908,2023-04-27 12:07:19,113,0,45500,48
737097,LL23037303M,982091101537097,1908,2023-04-27 12:09:16,417,0,38000,317
735028,LL23029207M,984000005032083,1908,2023-04-27 12:17:06,1178,0,37000,488
732966,LL23041902M,982091101532966,1908,2023-04-27 12:36:52,1228,0,43000,542
735028,LL23029207M,984000005032083,1908,2023-04-27 12:57:48,418,0,37500,132
735028,LL23029207M,984000005032083,1908,2023-04-27 13:09:27,82,0,38000,17
729897,LL23038102M,982091101529897,1908,2023-04-27 13:17:06,1155,0,34500,474
729897,LL23038102M,982091101529897,1908,2023-04-27 13:40:30,38,0,,10
732909,LL23042102M,982091101532909,1908,2023-04-27 13:44:13,921,0,35500,283
729897,LL23038102M,982091101529897,1908,2023-04-27 14:03:22,233,0,35000,85
732909,LL23042102M,982091101532909,1908,2023-04-27 14:08:24,160,0,35500,47
729897,LL23038102M,982091101529897,1908,2023-04-27 14:12:45,23,0,,8
734751,LL23052303M,982091101534751,1908,2023-04-27 14:18:22,279,0,31000,102
732909,LL23042102M,982091101532909,1908,2023-04-27 14:23:49,278,0,36000,75
729902,LL23035307M,982091101529902,1908,2023-04-27 14:28:36,1520,0,36500,520
729897,LL23038102M,982091101529897,1908,2023-04-27 14:54:40,118,0,36000,34
735028,LL23029207M,984000005032083,1908,2023-04-27 14:58:02,232,0,38500,79
734709,LL23048502M,982091101534709,1908,2023-04-27 15:02:10,1100,0,32500,363
735034,LL23026202M,982091101535034,1908,2023-04-27 15:21:02,557,0,44000,139
734692,LL23050302M,982091101534692,1908,2023-04-27 15:31:08,108,0,49750,37
734731,LL23052101M,982091101534731,1908,2023-04-27 15:33:36,1957,0,36500,770
734751,LL23052303M,982091101534751,1908,2023-04-27 16:06:17,115,0,55500,48
734709,LL23048502M,982091101534709,1908,2023-04-27 16:08:12,391,0,52500,189
729902,LL23035307M,982091101529902,1908,2023-04-27 16:15:04,340,0,50500,107
735083,LL23029205M,982091101535083,1908,2023-04-27 16:20:44,467,0,33500,201
734709,LL23048502M,982091101534709,1908,2023-04-27 16:28:59,94,0,33500,37
734751,LL23052303M,982091101534751,1908,2023-04-27 16:30:33,405,0,31000,159
737097,LL23037303M,982091101537097,1908,2023-04-27 16:37:26,717,0,39000,472
732909,LL23042102M,982091101532909,1908,2023-04-27 16:49:27,106,0,35500,27
732966,LL23041902M,982091101532966,1908,2023-04-27 16:51:13,1109,0,44000,482
732909,LL23042102M,982091101532909,1908,2023-04-27 17:10:02,91,0,36000,29
734731,LL23052101M,982091101534731,1908,2023-04-27 17:12:05,797,0,37500,304
732966,LL23041902M,982091101532966,1908,2023-04-27 17:32:12,385,0,44500,182
734692,LL23050302M,982091101534692,1908,2023-04-27 17:53:10,506,0,32000,259
734692,LL23050302M,982091101534692,1908,2023-04-27 18:04:41,220,0,32500,89
735028,LL23029207M,984000005032083,1908,2023-04-27 18:14:08,1165,0,39000,512
734751,LL23052303M,982091101534751,1908,2023-04-27 18:34:45,399,0,31000,148
734751,LL23052303M,982091101534751,1908,2023-04-27 18:44:40,274,0,32000,164
735028,LL23029207M,984000005032083,1908,2023-04-27 18:54:59,539,0,39000,210
734709,LL23048502M,982091101534709,1908,2023-04-27 19:08:16,446,0,34000,196
735083,LL23029205M,982091101535083,1908,2023-04-27 19:16:10,616,0,34000,247
729889,LL23037601M,982091101529889,1908,2023-04-27 19:27:35,465,0,46500,154
737097,LL23037303M,982091101537097,1908,2023-04-27 19:37:20,486,0,38500,306
732966,LL23041902M,982091101532966,1908,2023-04-27 19:45:42,300,0,45500,119
735028,LL23029207M,984000005032083,1908,2023-04-27 19:51:26,142,0,39750,36
729902,LL23035307M,982091101529902,1908,2023-04-27 20:09:57,706,0,37500,221
734692,LL23050302M,982091101534692,1908,2023-04-27 20:22:11,35,0,,13
734751,LL23052303M,982091101534751,1908,2023-04-27 20:24:47,252,0,32000,119
729902,LL23035307M,982091101529902,1908,2023-04-27 20:46:30,283,0,38000,103
734692,LL23050302M,982091101534692,1908,2023-04-27 20:52:22,40,0,,9
737097,LL23037303M,982091101537097,1908,2023-04-27 20:53:23,128,0,39500,15
734692,LL23050302M,982091101534692,1908,2023-04-27 20:55:51,51,0,,14
734692,LL23050302M,982091101534692,1908,2023-04-27 20:58:42,378,0,33500,175
732923,LL23042101M,982091101532923,1908,2023-04-27 21:05:37,365,0,32500,155
732909,LL23042102M,982091101532909,1908,2023-04-27 21:11:59,1204,0,35500,280
729897,LL23038102M,982091101529897,1908,2023-04-27 21:32:59,647,0,35500,241
729889,LL23037601M,982091101529889,1908,2023-04-27 21:44:06,1439,0,47000,573
734692,LL23050302M,982091101534692,1908,2023-04-27 22:10:41,368,0,33500,117
732923,LL23042101M,982091101532923,1908,2023-04-27 22:38:16,491,0,32000,211
729902,LL23035307M,982091101529902,1908,2023-04-27 22:47:51,594,0,38500,201
735083,LL23029205M,982091101535083,1908,2023-04-27 22:59:37,339,0,34500,52
735083,LL23029205M,982091101535083,1908,2023-04-27 23:07:16,464,0,34000,207
729902,LL23035307M,982091101529902,1908,2023-04-27 23:32:31,325,0,38500,112
732966,LL23041902M,982091101532966,1908,2023-04-27 23:52:12,69,0,45500,28
737148,LL23051105M,982091101537148,1908,2023-04-28 00:46:42,1107,0,36500,592
729897,LL23038102M,982091101529897,1908,2023-04-28 01:05:34,310,0,35000,120
735034,LL23026202M,982091101535034,1908,2023-04-28 01:10:52,400,0,76500,40
729897,LL23038102M,982091101529897,1908,2023-04-28 01:17:43,585,0,35000,198
729902,LL23035307M,982091101529902,1908,2023-04-28 01:33:13,345,0,38500,115
729889,LL23037601M,982091101529889,1908,2023-04-28 02:16:12,211,0,47500,98
734751,LL23052303M,982091101534751,1908,2023-04-28 02:21:47,1065,0,32000,434
735034,LL23026202M,982091101535034,1908,2023-04-28 02:39:36,622,0,43000,155
734731,LL23052101M,982091101534731,1908,2023-04-28 02:51:30,2053,0,38000,918
729889,LL23037601M,982091101529889,1908,2023-04-28 03:27:31,968,0,47500,609
737148,LL23051105M,982091101537148,1908,2023-04-28 03:45:43,535,0,37500,339
732923,LL23042101M,982091101532923,1908,2023-04-28 03:55:23,1016,0,32500,425
737148,LL23051105M,982091101537148,1908,2023-04-28 04:16:31,187,0,38000,97
732923,LL23042101M,982091101532923,1908,2023-04-28 04:20:38,37,0,,21
735028,LL23029207M,984000005032083,1908,2023-04-28 04:25:04,896,0,39500,397
735034,LL23026202M,982091101535034,1908,2023-04-28 04:40:04,1967,0,43500,697
734709,LL23048502M,982091101534709,1908,2023-04-28 05:17:10,1730,0,33500,482
732966,LL23041902M,982091101532966,1908,2023-04-28 05:49:46,911,0,44000,478
729889,LL23037601M,982091101529889,1908,2023-04-28 06:23:12,429,0,48000,270
734751,LL23052303M,982091101534751,1908,2023-04-28 06:54:54,677,0,32000,219
737148,LL23051105M,982091101537148,1908,2023-04-28 07:07:11,263,0,38500,90
729897,LL23038102M,982091101529897,1908,2023-04-28 07:11:58,274,0,35500,79
737148,LL23051105M,982091101537148,1908,2023-04-28 07:16:52,281,0,38500,193
734709,LL23048502M,982091101534709,1908,2023-04-28 07:27:51,474,0,34000,180
732923,LL23042101M,982091101532923,1908,2023-04-28 07:35:58,91,0,33000,37
732909,LL23042102M,982091101532909,1908,2023-04-28 07:37:42,238,0,34500,85
737097,LL23037303M,982091101537097,1908,2023-04-28 07:41:52,600,0,38000,358
737148,LL23051105M,982091101537148,1908,2023-04-28 07:55:40,17,0,,2
735034,LL23026202M,982091101535034,1908,2023-04-28 07:57:29,589,0,44500,224
737148,LL23051105M,982091101537148,1908,2023-04-28 08:13:02,211,0,38500,119
734692,LL23050302M,982091101534692,1908,2023-04-28 08:16:44,447,0,66500,75
735083,LL23029205M,982091101535083,1908,2023-04-28 08:25:00,218,0,33500,76
732909,LL23042102M,982091101532909,1908,2023-04-28 08:28:42,68,0,52750,25
734692,LL23050302M,982091101534692,1908,2023-04-28 08:30:46,390,0,33000,208
732909,LL23042102M,982091101532909,1908,2023-04-28 08:37:40,1254,0,35000,571
732923,LL23042101M,982091101532923,1908,2023-04-28 08:59:22,799,0,33000,269
729897,LL23038102M,982091101529897,1908,2023-04-28 09:13:50,876,0,36000,401
734692,LL23050302M,982091101534692,1908,2023-04-28 09:28:55,22,0,,4
734709,LL23048502M,982091101534709,1908,2023-04-28 09:29:37,733,0,34000,300
735083,LL23029205M,982091101535083,1908,2023-04-28 09:42:10,958,0,34000,470
729902,LL23035307M,982091101529902,1908,2023-04-28 09:58:28,536,0,37500,256
735034,LL23026202M,982091101535034,1908,2023-04-28 10:07:32,900,0,45000,371
732909,LL23042102M,982091101532909,1908,2023-04-28 10:23:12,170,0,37000,73
729889,LL23037601M,982091101529889,1908,2023-04-28 10:26:59,1028,0,48000,770
734692,LL23050302M,982091101534692,1908,2023-04-28 10:45:51,449,0,33000,243
732966,LL23041902M,982091101532966,1908,2023-04-28 11:23:20,968,0,44500,577
729897,LL23038102M,982091101529897,1908,2023-04-28 11:41:00,270,0,36000,133
734751,LL23052303M,982091101534751,1908,2023-04-28 11:45:50,862,0,32000,494
732923,LL23042101M,982091101532923,1908,2023-04-28 12:04:21,684,0,33500,311
735034,LL23026202M,982091101535034,1908,2023-04-28 12:16:21,146,0,45500,56
737097,LL23037303M,982091101537097,1908,2023-04-28 12:19:03,752,0,38500,532
729897,LL23038102M,982091101529897,1908,2023-04-28 12:33:32,392,0,36500,175
735028,LL23029207M,984000005032083,1908,2023-04-28 12:41:24,1361,0,38000,531
729897,LL23038102M,982091101529897,1908,2023-04-28 13:04:21,291,0,37000,112
735028,LL23029207M,984000005032083,1908,2023-04-28 13:10:12,262,0,38500,76
732909,LL23042102M,982091101532909,1908,2023-04-28 13:15:02,895,0,36000,398
734709,LL23048502M,982091101534709,1908,2023-04-28 13:30:29,477,0,34000,126
729897,LL23038102M,982091101529897,1908,2023-04-28 13:39:39,212,0,36500,67
732909,LL23042102M,982091101532909,1908,2023-04-28 13:45:07,189,0,37000,52
729897,LL23038102M,982091101529897,1908,2023-04-28 13:49:17,30,0,,6
732966,LL23041902M,982091101532966,1908,2023-04-28 13:50:15,705,0,45500,311
735034,LL23026202M,982091101535034,1908,2023-04-28 14:02:13,1175,0,46000,425
732966,LL23041902M,982091101532966,1908,2023-04-28 14:23:01,52,0,,20
732909,LL23042102M,982091101532909,1908,2023-04-28 14:26:59,706,0,37000,230
734731,LL23052101M,982091101534731,1908,2023-04-28 14:39:25,1994,0,38000,858
732923,LL23042101M,982091101532923,1908,2023-04-28 15:13:07,539,0,34000,260
737097,LL23037303M,982091101537097,1908,2023-04-28 15:25:10,534,0,39500,312
735083,LL23029205M,982091101535083,1908,2023-04-28 15:34:16,743,0,34500,317
734692,LL23050302M,982091101534692,1908,2023-04-28 15:46:56,256,0,33500,121
729902,LL23035307M,982091101529902,1908,2023-04-28 15:51:41,908,0,37500,308
734692,LL23050302M,982091101534692,1908,2023-04-28 16:07:33,211,0,33500,113
729897,LL23038102M,982091101529897,1908,2023-04-28 16:11:17,446,0,36500,159
732966,LL23041902M,982091101532966,1908,2023-04-28 16:19:20,184,0,46000,26
735083,LL23029205M,982091101535083,1908,2023-04-28 16:23:45,448,0,34500,151
732909,LL23042102M,982091101532909,1908,2023-04-28 16:31:33,126,0,37500,41
734709,LL23048502M,982091101534709,1908,2023-04-28 16:33:56,779,0,34000,270
735028,LL23029207M,984000005032083,1908,2023-04-28 16:47:32,682,0,40000,328
732966,LL23041902M,982091101532966,1908,2023-04-28 16:59:06,927,0,45500,435
734731,LL23052101M,982091101534731,1908,2023-04-28 17:18:12,707,0,39500,319
734751,LL23052303M,982091101534751,1908,2023-04-28 17:51:16,1187,0,32500,571
737097,LL23037303M,982091101537097,1908,2023-04-28 18:11:31,530,0,40500,340
734751,LL23052303M,982091101534751,1908,2023-04-28 18:20:41,67,0,33000,18
735028,LL23029207M,984000005032083,1908,2023-04-28 18:23:48,790,0,40000,378
734751,LL23052303M,982091101534751,1908,2023-04-28 18:39:42,272,0,33000,128
734709,LL23048502M,982091101534709,1908,2023-04-28 18:44:46,818,0,34500,355
734692,LL23050302M,982091101534692,1908,2023-04-28 18:59:08,114,0,33500,53
734692,LL23050302M,982091101534692,1908,2023-04-28 19:09:40,199,0,33500,105
734692,LL23050302M,982091101534692,1908,2023-04-28 19:15:00,153,0,33500,68
734692,LL23050302M,982091101534692,1908,2023-04-28 20:14:13,49,0,,16
729889,LL23037601M,982091101529889,1908,2023-04-28 20:15:38,708,0,48000,341
729902,LL23035307M,982091101529902,1908,2023-04-28 20:29:26,1507,0,38000,591
734692,LL23050302M,982091101534692,1908,2023-04-28 20:55:01,289,0,33500,141
732923,LL23042101M,982091101532923,1908,2023-04-28 21:00:26,310,0,34000,132
737097,LL23037303M,982091101537097,1908,2023-04-28 21:06:28,395,0,41000,186
735083,LL23029205M,982091101535083,1908,2023-04-28 21:13:15,545,0,35000,225
729897,LL23038102M,982091101529897,1908,2023-04-28 21:23:04,485,0,37000,187
729889,LL23037601M,982091101529889,1908,2023-04-28 21:32:33,729,0,47500,376
734692,LL23050302M,982091101534692,1908,2023-04-28 21:45:54,180,0,34000,74
737148,LL23051105M,982091101537148,1908,2023-04-28 21:50:54,745,0,37500,521
735028,LL23029207M,984000005032083,1908,2023-04-28 22:04:03,819,0,40500,330
734709,LL23048502M,982091101534709,1908,2023-04-28 22:18:43,517,0,35000,169
734731,LL23052101M,982091101534731,1908,2023-04-28 22:28:20,800,0,40000,275
729902,LL23035307M,982091101529902,1908,2023-04-28 23:35:01,339,0,38500,116
734751,LL23052303M,982091101534751,1908,2023-04-28 23:45:22,239,0,33000,104
734692,LL23050302M,982091101534692,1908,2023-04-28 23:52:38,450,0,34000,240
729902,LL23035307M,982091101529902,1908,2023-04-29 00:31:33,438,0,38500,174
737148,LL23051105M,982091101537148,1908,2023-04-29 00:53:18,303,0,38000,242
732909,LL23042102M,982091101532909,1908,2023-04-29 00:58:25,1030,0,36500,447
732923,LL23042101M,982091101532923,1908,2023-04-29 01:15:35,582,0,34000,226
734751,LL23052303M,982091101534751,1908,2023-04-29 01:27:06,350,0,33000,118
729889,LL23037601M,982091101529889,1908,2023-04-29 01:33:08,704,0,48500,370
732909,LL23042102M,982091101532909,1908,2023-04-29 01:49:01,501,0,37500,139
729902,LL23035307M,982091101529902,1908,2023-04-29 01:57:26,110,0,39000,43
735034,LL23026202M,982091101535034,1908,2023-04-29 01:59:32,1334,0,44500,540
729897,LL23038102M,982091101529897,1908,2023-04-29 02:22:06,778,0,36000,318
737148,LL23051105M,982091101537148,1908,2023-04-29 02:57:25,298,0,38000,177
737148,LL23051105M,982091101537148,1908,2023-04-29 03:14:42,309,0,38500,171
735028,LL23029207M,984000005032083,1908,2023-04-29 03:20:35,664,0,40500,318
734692,LL23050302M,982091101534692,1908,2023-04-29 03:32:47,31,0,,11
735034,LL23026202M,982091101535034,1908,2023-04-29 03:33:30,522,0,45500,229
729889,LL23037601M,982091101529889,1908,2023-04-29 03:47:25,360,0,48500,189
729902,LL23035307M,982091101529902,1908,2023-04-29 04:15:57,343,0,39000,126
734731,LL23052101M,982091101534731,1908,2023-04-29 04:23:27,1179,0,39500,491
734709,LL23048502M,982091101534709,1908,2023-04-29 04:43:19,1065,0,34500,428
732966,LL23041902M,982091101532966,1908,2023-04-29 05:01:51,1174,0,45000,679
729889,LL23037601M,982091101529889,1908,2023-04-29 05:21:37,521,0,49000,236
729889,LL23037601M,982091101529889,1908,2023-04-29 05:32:19,254,0,49000,126
735034,LL23026202M,982091101535034,1908,2023-04-29 05:36:53,661,0,46000,185
732923,LL23042101M,982091101532923,1908,2023-04-29 05:48:34,939,0,34000,393
735083,LL23029205M,982091101535083,1908,2023-04-29 06:06:16,977,0,34500,362
729889,LL23037601M,982091101529889,1908,2023-04-29 06:25:48,534,0,49500,301
734709,LL23048502M,982091101534709,1908,2023-04-29 06:38:51,331,0,35000,143
729897,LL23038102M,982091101529897,1908,2023-04-29 06:46:26,817,0,36500,290
734751,LL23052303M,982091101534751,1908,2023-04-29 07:00:03,560,0,33000,247
737148,LL23051105M,982091101537148,1908,2023-04-29 07:11:23,568,0,39000,360
734709,LL23048502M,982091101534709,1908,2023-04-29 07:22:47,232,0,35000,78
734751,LL23052303M,982091101534751,1908,2023-04-29 07:27:43,485,0,33000,206
734709,LL23048502M,982091101534709,1908,2023-04-29 07:35:56,171,0,36000,90
734731,LL23052101M,982091101534731,1908,2023-04-29 07:38:55,1353,0,39500,670
737148,LL23051105M,982091101537148,1908,2023-04-29 08:01:40,358,0,39500,236
735028,LL23029207M,984000005032083,1908,2023-04-29 08:08:18,609,0,40500,283
732909,LL23042102M,982091101532909,1908,2023-04-29 08:18:47,207,0,37000,82
732923,LL23042101M,982091101532923,1908,2023-04-29 08:23:38,17,0,,12
734692,LL23050302M,982091101534692,1908,2023-04-29 08:24:07,79,0,34000,36
737097,LL23037303M,982091101537097,1908,2023-04-29 08:25:30,899,0,39500,613
734709,LL23048502M,982091101534709,1908,2023-04-29 08:41:45,412,0,35500,176
729902,LL23035307M,982091101529902,1908,2023-04-29 08:49:37,368,0,38500,134
729897,LL23038102M,982091101529897,1908,2023-04-29 08:55:45,411,0,37000,191
734709,LL23048502M,982091101534709,1908,2023-04-29 09:06:13,117,0,36000,34
732909,LL23042102M,982091101532909,1908,2023-04-29 09:08:22,159,0,37000,69
732966,LL23041902M,982091101532966,1908,2023-04-29 09:11:09,926,0,46000,487
735083,LL23029205M,982091101535083,1908,2023-04-29 09:27:27,855,0,36000,345
737148,LL23051105M,982091101537148,1908,2023-04-29 10:20:37,442,0,39500,299
737148,LL23051105M,982091101537148,1908,2023-04-29 10:31:46,41,0,,5
734692,LL23050302M,982091101534692,1908,2023-04-29 10:33:18,677,0,34000,320
737148,LL23051105M,982091101537148,1908,2023-04-29 10:59:02,398,0,40500,270
734709,LL23048502M,982091101534709,1908,2023-04-29 11:05:52,215,0,36500,106
732909,LL23042102M,982091101532909,1908,2023-04-29 11:18:01,293,0,38000,116
729897,LL23038102M,982091101529897,1908,2023-04-29 11:23:02,548,0,37000,250
729902,LL23035307M,982091101529902,1908,2023-04-29 11:32:22,1319,0,39000,447
737097,LL23037303M,982091101537097,1908,2023-04-29 11:54:25,698,0,41000,431
732923,LL23042101M,982091101532923,1908,2023-04-29 12:06:11,1112,0,35000,512
729889,LL23037601M,982091101529889,1908,2023-04-29 12:24:47,817,0,49500,524
735034,LL23026202M,982091101535034,1908,2023-04-29 12:38:56,944,0,45500,439
732909,LL23042102M,982091101532909,1908,2023-04-29 12:55:20,862,0,38000,353
732966,LL23041902M,982091101532966,1908,2023-04-29 13:11:43,1029,0,46500,600
729897,LL23038102M,982091101529897,1908,2023-04-29 13:32:28,296,0,38000,123
732909,LL23042102M,982091101532909,1908,2023-04-29 13:37:49,439,0,38500,135
735083,LL23029205M,982091101535083,1908,2023-04-29 13:45:13,706,0,35000,381
735028,LL23029207M,984000005032083,1908,2023-04-29 13:57:07,1328,0,40000,585
735028,LL23029207M,984000005032083,1908,2023-04-29 14:30:34,223,0,40500,88
735028,LL23029207M,984000005032083,1908,2023-04-29 14:36:17,21,0,,7
729897,LL23038102M,982091101529897,1908,2023-04-29 14:39:14,378,0,37500,202
732923,LL23042101M,982091101532923,1908,2023-04-29 14:46:04,611,0,35000,312
734751,LL23052303M,982091101534751,1908,2023-04-29 14:56:19,915,0,32500,428
732966,LL23041902M,982091101532966,1908,2023-04-29 15:11:34,550,0,47000,342
735034,LL23026202M,982091101535034,1908,2023-04-29 15:20:48,1434,0,48000,772
729897,LL23038102M,982091101529897,1908,2023-04-29 15:44:54,84,0,38000,37
732909,LL23042102M,982091101532909,1908,2023-04-29 15:46:38,227,0,39000,123
734731,LL23052101M,982091101534731,1908,2023-04-29 15:55:16,1032,0,40000,385
735083,LL23029205M,982091101535083,1908,2023-04-29 16:27:52,315,0,35500,128
734692,LL23050302M,982091101534692,1908,2023-04-29 16:33:36,396,0,33500,166
737097,LL23037303M,982091101537097,1908,2023-04-29 16:40:40,739,0,41000,371
732923,LL23042101M,982091101532923,1908,2023-04-29 16:54:35,430,0,35250,163
734709,LL23048502M,982091101534709,1908,2023-04-29 17:01:53,1103,0,35500,430
735083,LL23029205M,982091101535083,1908,2023-04-29 17:22:16,744,0,36000,280
729902,LL23035307M,982091101529902,1908,2023-04-29 17:35:05,519,0,38500,183
734731,LL23052101M,982091101534731,1908,2023-04-29 17:43:56,642,0,40500,281
735028,LL23029207M,984000005032083,1908,2023-04-29 17:54:54,1275,0,41000,411
734751,LL23052303M,982091101534751,1908,2023-04-29 18:42:17,595,0,33500,296
729897,LL23038102M,982091101529897,1908,2023-04-29 19:03:32,414,0,38000,214
734709,LL23048502M,982091101534709,1908,2023-04-29 19:10:34,727,0,36000,277
734731,LL23052101M,982091101534731,1908,2023-04-29 19:25:55,1080,0,41000,399
737097,LL23037303M,982091101537097,1908,2023-04-29 19:48:13,540,0,42000,368
734751,LL23052303M,982091101534751,1908,2023-04-29 20:01:22,307,0,33500,203
735028,LL23029207M,984000005032083,1908,2023-04-29 20:08:30,362,0,41500,209
737097,LL23037303M,982091101537097,1908,2023-04-29 20:14:40,12,0,,7
734692,LL23050302M,982091101534692,1908,2023-04-29 20:15:08,547,0,34000,218
734709,LL23048502M,982091101534709,1908,2023-04-29 20:24:39,212,0,36000,49
729902,LL23035307M,982091101529902,1908,2023-04-29 20:28:15,624,0,39000,212
735083,LL23029205M,982091101535083,1908,2023-04-29 20:38:43,663,0,36500,200
735028,LL23029207M,984000005032083,1908,2023-04-29 20:50:30,273,0,42000,91
734731,LL23052101M,982091101534731,1908,2023-04-29 20:55:28,244,0,42000,72
729889,LL23037601M,982091101529889,1908,2023-04-29 20:59:57,1446,0,48500,765
729902,LL23035307M,982091101529902,1908,2023-04-29 21:35:51,687,0,38500,286
734709,LL23048502M,982091101534709,1908,2023-04-29 21:48:26,624,0,36500,301
734692,LL23050302M,982091101534692,1908,2023-04-29 22:44:21,599,0,34500,317
737097,LL23037303M,982091101537097,1908,2023-04-29 23:13:58,284,0,42500,182
734692,LL23050302M,982091101534692,1908,2023-04-29 23:19:38,258,0,34500,95
729897,LL23038102M,982091101529897,1908,2023-04-29 23:24:32,318,0,37500,102
737097,LL23037303M,982091101537097,1908,2023-04-29 23:31:50,73,0,42000,15
734692,LL23050302M,982091101534692,1908,2023-04-29 23:43:07,67,0,35000,1
737148,LL23051105M,982091101537148,1908,2023-04-29 23:46:50,454,0,39000,314
737097,LL23037303M,982091101537097,1908,2023-04-29 23:55:32,142,0,42500,88
735083,LL23029205M,982091101535083,1908,2023-04-30 00:00:27,305,0,36500,14
729902,LL23035307M,982091101529902,1908,2023-04-30 00:07:33,642,0,40000,227
729902,LL23035307M,982091101529902,1908,2023-04-30 00:26:47,188,0,39500,63
729902,LL23035307M,982091101529902,1908,2023-04-30 00:50:06,84,0,40000,21
729902,LL23035307M,982091101529902,1908,2023-04-30 00:56:42,110,0,40000,44
729889,LL23037601M,982091101529889,1908,2023-04-30 01:19:16,480,0,49500,254
729902,LL23035307M,982091101529902,1908,2023-04-30 01:34:09,264,0,40000,118
737148,LL23051105M,982091101537148,1908,2023-04-30 01:53:32,497,0,39500,421
734751,LL23052303M,982091101534751,1908,2023-04-30 02:34:50,415,0,34500,190
732923,LL23042101M,982091101532923,1908,2023-04-30 02:41:54,614,0,34500,301
734731,LL23052101M,982091101534731,1908,2023-04-30 02:54:09,695,0,41500,278
737148,LL23051105M,982091101537148,1908,2023-04-30 03:13:06,345,0,40000,213
734692,LL23050302M,982091101534692,1908,2023-04-30 03:34:14,326,0,35000,179
735034,LL23026202M,982091101535034,1908,2023-04-30 03:41:40,1185,0,46500,555
729902,LL23035307M,982091101529902,1908,2023-04-30 04:02:37,107,0,40500,40
732923,LL23042101M,982091101532923,1908,2023-04-30 04:05:37,549,0,35000,205
734731,LL23052101M,982091101534731,1908,2023-04-30 04:16:46,562,0,41000,209
735028,LL23029207M,984000005032083,1908,2023-04-30 04:27:00,800,0,64250,444
732966,LL23041902M,982091101532966,1908,2023-04-30 04:40:24,167,0,46500,54
732909,LL23042102M,982091101532909,1908,2023-04-30 04:43:15,522,0,36500,204
732966,LL23041902M,982091101532966,1908,2023-04-30 04:53:09,841,0,46000,437
729889,LL23037601M,982091101529889,1908,2023-04-30 05:07:18,1337,0,49500,704
729889,LL23037601M,982091101529889,1908,2023-04-30 06:10:38,21,0,,1
734751,LL23052303M,982091101534751,1908,2023-04-30 06:12:07,819,0,34500,381
737148,LL23051105M,982091101537148,1908,2023-04-30 06:27:30,277,0,40500,188
737148,LL23051105M,982091101537148,1908,2023-04-30 06:34:53,211,0,39500,134
734731,LL23052101M,982091101534731,1908,2023-04-30 06:46:50,311,0,41500,90
737148,LL23051105M,982091101537148,1908,2023-04-30 07:00:26,166,0,40500,101
732966,LL23041902M,982091101532966,1908,2023-04-30 07:05:12,425,0,47500,155
732966,LL23041902M,982091101532966,1908,2023-04-30 07:14:21,245,0,47000,134
735083,LL23029205M,982091101535083,1908,2023-04-30 07:19:38,787,0,36500,302
729897,LL23038102M,982091101529897,1908,2023-04-30 07:32:53,990,0,36500,336
732909,LL23042102M,982091101532909,1908,2023-04-30 07:49:39,468,0,37000,163
734709,LL23048502M,982091101534709,1908,2023-04-30 07:57:31,1607,0,36000,580
735028,LL23029207M,984000005032083,1908,2023-04-30 08:24:54,602,0,41500,301
734731,LL23052101M,982091101534731,1908,2023-04-30 08:35:36,602,0,41000,308
735034,LL23026202M,982091101535034,1908,2023-04-30 08:45:42,1542,0,46500,706
732909,LL23042102M,982091101532909,1908,2023-04-30 09:12:09,573,0,37500,218
734751,LL23052303M,982091101534751,1908,2023-04-30 09:21:42,555,0,34500,261
734709,LL23048502M,982091101534709,1908,2023-04-30 09:31:09,238,0,35500,129
732966,LL23041902M,982091101532966,1908,2023-04-30 09:35:15,29,0,,8
729902,LL23035307M,982091101529902,1908,2023-04-30 09:35:44,225,0,39500,91
737097,LL23037303M,982091101537097,1908,2023-04-30 09:39:57,776,0,41000,558
732909,LL23042102M,982091101532909,1908,2023-04-30 09:53:49,149,0,38000,52
729889,LL23037601M,982091101529889,1908,2023-04-30 09:56:42,1154,0,50000,756
735083,LL23029205M,982091101535083,1908,2023-04-30 10:17:00,826,0,36000,401
734709,LL23048502M,982091101534709,1908,2023-04-30 10:30:50,749,0,36500,338
737148,LL23051105M,982091101537148,1908,2023-04-30 10:43:31,632,0,40500,497
737148,LL23051105M,982091101537148,1908,2023-04-30 11:09:26,339,0,41000,214
737148,LL23051105M,982091101537148,1908,2023-04-30 11:27:57,35,0,,3
737148,LL23051105M,982091101537148,1908,2023-04-30 11:35:53,76,0,41000,42
734692,LL23050302M,982091101534692,1908,2023-04-30 11:37:37,266,0,63000,143
734692,LL23050302M,982091101534692,1908,2023-04-30 11:42:05,292,0,60000,144
732966,LL23041902M,982091101532966,1908,2023-04-30 11:47:09,825,0,46500,455
729897,LL23038102M,982091101529897,1908,2023-04-30 12:01:14,345,0,37000,148
735083,LL23029205M,982091101535083,1908,2023-04-30 12:07:03,81,0,37500,17
729897,LL23038102M,982091101529897,1908,2023-04-30 12:08:24,26,0,,7
735083,LL23029205M,982091101535083,1908,2023-04-30 12:08:54,242,0,36500,13
732909,LL23042102M,982091101532909,1908,2023-04-30 12:12:56,1296,0,38000,546
735083,LL23029205M,982091101535083,1908,2023-04-30 12:34:49,133,0,36500,6
732923,LL23042101M,982091101532923,1908,2023-04-30 12:37:02,1398,0,35500,650
732923,LL23042101M,982091101532923,1908,2023-04-30 13:00:25,94,0,55500,37
732909,LL23042102M,982091101532909,1908,2023-04-30 13:02:50,207,0,38000,48
732909,LL23042102M,982091101532909,1908,2023-04-30 13:08:21,68,0,38500,25
734709,LL23048502M,982091101534709,1908,2023-04-30 13:10:05,896,0,37000,345
729897,LL23038102M,982091101529897,1908,2023-04-30 13:25:34,779,0,38000,424
734751,LL23052303M,982091101534751,1908,2023-04-30 13:38:37,589,0,34500,330
732909,LL23042102M,982091101532909,1908,2023-04-30 13:48:58,220,0,38500,61
735034,LL23026202M,982091101535034,1908,2023-04-30 13:52:46,1244,0,47500,527
735083,LL23029205M,982091101535083,1908,2023-04-30 14:14:26,297,0,36500,113
735028,LL23029207M,984000005032083,1908,2023-04-30 14:19:31,451,0,41500,206
732909,LL23042102M,982091101532909,1908,2023-04-30 14:27:38,9,0,,5
732923,LL23042101M,982091101532923,1908,2023-04-30 14:29:27,24,0,,17
729902,LL23035307M,982091101529902,1908,2023-04-30 14:30:28,476,0,38500,214
732966,LL23041902M,982091101532966,1908,2023-04-30 14:38:32,788,0,47000,461
729897,LL23038102M,982091101529897,1908,2023-04-30 14:51:40,522,0,38000,256
732923,LL23042101M,982091101532923,1908,2023-04-30 15:00:46,220,0,36000,61
734692,LL23050302M,982091101534692,1908,2023-04-30 15:05:22,550,0,34500,292
732909,LL23042102M,982091101532909,1908,2023-04-30 15:15:16,67,0,39000,31
735034,LL23026202M,982091101535034,1908,2023-04-30 15:16:27,551,0,48000,244
732909,LL23042102M,982091101532909,1908,2023-04-30 15:26:10,131,0,39000,40
735034,LL23026202M,982091101535034,1908,2023-04-30 15:28:25,88,0,49000,17
737097,LL23037303M,982091101537097,1908,2023-04-30 15:30:05,789,0,42000,503
735028,LL23029207M,984000005032083,1908,2023-04-30 15:44:02,494,0,41500,234
734731,LL23052101M,982091101534731,1908,2023-04-30 15:52:40,1971,0,40000,843
732966,LL23041902M,982091101532966,1908,2023-04-30 16:39:16,433,0,48000,274
729889,LL23037601M,982091101529889,1908,2023-04-30 16:51:21,764,0,50500,518
735083,LL23029205M,982091101535083,1908,2023-04-30 17:04:21,967,0,37000,530
732923,LL23042101M,982091101532923,1908,2023-04-30 17:20:48,445,0,35500,198
734731,LL23052101M,982091101534731,1908,2023-04-30 17:31:17,122,0,41500,18
732923,LL23042101M,982091101532923,1908,2023-04-30 17:35:20,107,0,36000,42
732909,LL23042102M,982091101532909,1908,2023-04-30 17:37:52,324,0,38500,156
734751,LL23052303M,982091101534751,1908,2023-04-30 17:43:25,637,0,34000,338
734751,LL23052303M,982091101534751,1908,2023-04-30 17:56:35,43,0,,10
735028,LL23029207M,984000005032083,1908,2023-04-30 18:44:48,251,0,42000,135
729897,LL23038102M,982091101529897,1908,2023-04-30 18:49:15,589,0,38500,332
734751,LL23052303M,982091101534751,1908,2023-04-30 19:04:18,55,0,,10
735028,LL23029207M,984000005032083,1908,2023-04-30 19:06:41,511,0,41500,252
737097,LL23037303M,982091101537097,1908,2023-04-30 19:19:00,577,0,42000,364
735028,LL23029207M,984000005032083,1908,2023-04-30 19:29:09,293,0,42000,134
732966,LL23041902M,982091101532966,1908,2023-04-30 19:47:58,123,0,49000,57
734709,LL23048502M,982091101534709,1908,2023-04-30 20:13:25,635,0,37500,285
734751,LL23052303M,982091101534751,1908,2023-04-30 20:24:16,467,0,35000,261
729902,LL23035307M,982091101529902,1908,2023-04-30 20:32:11,1867,0,39000,715
735028,LL23029207M,984000005032083,1908,2023-04-30 21:04:22,491,0,43500,238
737097,LL23037303M,982091101537097,1908,2023-04-30 21:13:17,427,0,43500,317
734731,LL23052101M,982091101534731,1908,2023-04-30 21:20:36,783,0,41500,354
734709,LL23048502M,982091101534709,1908,2023-04-30 21:33:59,542,0,37500,226
737097,LL23037303M,982091101537097,1908,2023-04-30 21:44:37,31,0,,1
734709,LL23048502M,982091101534709,1908,2023-04-30 21:46:47,397,0,37500,160
734692,LL23050302M,982091101534692,1908,2023-04-30 21:54:52,752,0,34500,330
734692,LL23050302M,982091101534692,1908,2023-04-30 22:39:01,50,0,,15
734692,LL23050302M,982091101534692,1908,2023-04-30 22:56:16,323,0,35000,166
734709,LL23048502M,982091101534709,1908,2023-04-30 23:15:24,394,0,38000,182
734731,LL23052101M,982091101534731,1908,2023-04-30 23:22:06,1260,0,42500,565
735083,LL23029205M,982091101535083,1908,2023-04-30 23:43:14,877,0,37000,425
729902,LL23035307M,982091101529902,1908,2023-04-30 23:59:16,393,0,39500,128
729889,LL23037601M,982091101529889,1908,2023-05-01 00:09:58,928,0,51000,472
729902,LL23035307M,982091101529902,1908,2023-05-01 00:26:18,477,0,39500,188
734709,LL23048502M,982091101534709,1908,2023-05-01 00:38:23,262,0,38000,104
737097,LL23037303M,982091101537097,1908,2023-05-01 00:44:28,232,0,43000,151
729902,LL23035307M,982091101529902,1908,2023-05-01 00:48:48,180,0,39500,35
732909,LL23042102M,982091101532909,1908,2023-05-01 00:52:28,930,0,38500,412
729902,LL23035307M,982091101529902,1908,2023-05-01 01:09:38,87,0,39500,37
734751,LL23052303M,982091101534751,1908,2023-05-01 01:14:55,519,0,35000,252
735028,LL23029207M,984000005032083,1908,2023-05-01 01:30:55,242,0,42500,96
737148,LL23051105M,982091101537148,1908,2023-05-01 01:44:04,576,0,39500,438
729889,LL23037601M,982091101529889,1908,2023-05-01 02:53:27,359,0,50500,165
735034,LL23026202M,982091101535034,1908,2023-05-01 02:59:49,1224,0,47500,503
729902,LL23035307M,982091101529902,1908,2023-05-01 03:26:42,166,0,40500,53
732923,LL23042101M,982091101532923,1908,2023-05-01 03:33:07,851,0,35500,331
737148,LL23051105M,982091101537148,1908,2023-05-01 03:47:22,341,0,40000,281
729897,LL23038102M,982091101529897,1908,2023-05-01 03:53:15,803,0,37500,336
735028,LL23029207M,984000005032083,1908,2023-05-01 04:08:03,294,0,37500,153
732923,LL23042101M,982091101532923,1908,2023-05-01 04:13:29,343,0,35000,115
732966,LL23041902M,982091101532966,1908,2023-05-01 04:20:52,807,0,46500,424
729889,LL23037601M,982091101529889,1908,2023-05-01 04:43:51,489,0,50500,256
729889,LL23037601M,982091101529889,1908,2023-05-01 04:55:19,332,0,50500,163
732966,LL23041902M,982091101532966,1908,2023-05-01 05:06:37,318,0,47500,180
737148,LL23051105M,982091101537148,1908,2023-05-01 05:16:38,301,0,40000,164
735083,LL23029205M,982091101535083,1908,2023-05-01 06:22:00,608,0,37500,272
734751,LL23052303M,982091101534751,1908,2023-05-01 06:32:28,805,0,34500,368
735034,LL23026202M,982091101535034,1908,2023-05-01 06:46:09,1449,0,47000,525
729897,LL23038102M,982091101529897,1908,2023-05-01 07:17:41,470,0,38000,197
729889,LL23037601M,982091101529889,1908,2023-05-01 07:26:03,830,0,51500,364
734731,LL23052101M,982091101534731,1908,2023-05-01 07:40:45,1761,0,42000,771
737148,LL23051105M,982091101537148,1908,2023-05-01 08:10:14,482,0,40500,283
734692,LL23050302M,982091101534692,1908,2023-05-01 08:18:56,348,0,34500,182
732909,LL23042102M,982091101532909,1908,2023-05-01 08:24:52,661,0,38000,260
734692,LL23050302M,982091101534692,1908,2023-05-01 08:36:20,73,0,35250,42
735028,LL23029207M,984000005032083,1908,2023-05-01 08:38:14,204,0,41000,141
737097,LL23037303M,982091101537097,1908,2023-05-01 08:42:14,365,0,42000,299
729897,LL23038102M,982091101529897,1908,2023-05-01 08:49:03,74,0,39500,42
737097,LL23037303M,982091101537097,1908,2023-05-01 08:50:21,237,0,42000,178
732966,LL23041902M,982091101532966,1908,2023-05-01 08:54:22,490,0,48000,332
735028,LL23029207M,984000005032083,1908,2023-05-01 09:02:44,676,0,41500,358
735034,LL23026202M,982091101535034,1908,2023-05-01 09:16:00,665,0,48000,230
729897,LL23038102M,982091101529897,1908,2023-05-01 09:27:37,698,0,40000,306
734709,LL23048502M,982091101534709,1908,2023-05-01 09:39:23,1552,0,36500,644
735083,LL23029205M,982091101535083,1908,2023-05-01 10:29:50,709,0,37000,344
737148,LL23051105M,982091101537148,1908,2023-05-01 10:42:07,419,0,41000,272
734709,LL23048502M,982091101534709,1908,2023-05-01 10:50:47,509,0,37500,240
737148,LL23051105M,982091101537148,1908,2023-05-01 11:00:27,235,0,41000,151
732923,LL23042101M,982091101532923,1908,2023-05-01 11:22:10,1278,0,35000,531
734692,LL23050302M,982091101534692,1908,2023-05-01 11:43:36,88,0,34500,37
732909,LL23042102M,982091101532909,1908,2023-05-01 11:45:04,239,0,38250,127
734692,LL23050302M,982091101534692,1908,2023-05-01 11:49:15,362,0,35000,216
732909,LL23042102M,982091101532909,1908,2023-05-01 11:55:25,623,0,37500,259
732923,LL23042101M,982091101532923,1908,2023-05-01 12:06:24,26,0,,8
734692,LL23050302M,982091101534692,1908,2023-05-01 12:07:34,388,0,34500,215
729897,LL23038102M,982091101529897,1908,2023-05-01 12:14:31,537,0,57500,229
729902,LL23035307M,982091101529902,1908,2023-05-01 12:23:32,640,0,39000,342
734751,LL23052303M,982091101534751,1908,2023-05-01 12:34:12,853,0,34000,448
732966,LL23041902M,982091101532966,1908,2023-05-01 12:48:49,874,0,47500,585
732923,LL23042101M,982091101532923,1908,2023-05-01 13:19:01,36,0,,1
729897,LL23038102M,982091101529897,1908,2023-05-01 13:20:50,405,0,38500,187
735083,LL23029205M,982091101535083,1908,2023-05-01 13:27:51,465,0,37000,218
735034,LL23026202M,982091101535034,1908,2023-05-01 13:35:44,1215,0,47500,594
729897,LL23038102M,982091101529897,1908,2023-05-01 13:56:11,137,0,39000,64
734692,LL23050302M,982091101534692,1908,2023-05-01 13:58:48,206,0,35500,116
737097,LL23037303M,982091101537097,1908,2023-05-01 14:02:14,690,0,42500,532
732923,LL23042101M,982091101532923,1908,2023-05-01 14:14:24,53,0,,23
732909,LL23042102M,982091101532909,1908,2023-05-01 14:15:21,757,0,38500,417
735083,LL23029205M,982091101535083,1908,2023-05-01 14:28:22,595,0,37000,237
729902,LL23035307M,982091101529902,1908,2023-05-01 14:41:02,1277,0,39500,532
732923,LL23042101M,982091101532923,1908,2023-05-01 15:03:35,241,0,36000,101
734709,LL23048502M,982091101534709,1908,2023-05-01 15:08:20,809,0,37500,375
729897,LL23038102M,982091101529897,1908,2023-05-01 15:21:57,173,0,39000,100
735034,LL23026202M,982091101535034,1908,2023-05-01 15:37:34,494,0,48500,238
734692,LL23050302M,982091101534692,1908,2023-05-01 15:47:12,8,0,,2
729897,LL23038102M,982091101529897,1908,2023-05-01 15:47:33,28,0,,15
735028,LL23029207M,984000005032083,1908,2023-05-01 15:48:13,390,0,41000,191
729897,LL23038102M,982091101529897,1908,2023-05-01 15:54:51,92,0,40000,44
735028,LL23029207M,984000005032083,1908,2023-05-01 15:56:28,625,0,71000,298
735083,LL23029205M,982091101535083,1908,2023-05-01 16:07:09,734,0,38000,307
735034,LL23026202M,982091101535034,1908,2023-05-01 16:19:31,372,0,49500,198
732966,LL23041902M,982091101532966,1908,2023-05-01 16:25:59,346,0,48000,175
735034,LL23026202M,982091101535034,1908,2023-05-01 16:32:05,173,0,49500,75
729902,LL23035307M,982091101529902,1908,2023-05-01 16:36:02,165,0,40000,74
732923,LL23042101M,982091101532923,1908,2023-05-01 16:39:23,362,0,36000,180
729902,LL23035307M,982091101529902,1908,2023-05-01 16:46:02,79,0,40250,24
729897,LL23038102M,982091101529897,1908,2023-05-01 16:47:30,245,0,39500,137
732909,LL23042102M,982091101532909,1908,2023-05-01 16:51:43,668,0,39500,361
734751,LL23052303M,982091101534751,1908,2023-05-01 18:05:20,763,0,34500,377
732923,LL23042101M,982091101532923,1908,2023-05-01 18:28:51,495,0,36500,291
732923,LL23042101M,982091101532923,1908,2023-05-01 18:41:14,47,0,,22
729897,LL23038102M,982091101529897,1908,2023-05-01 18:42:17,402,0,39500,233
737097,LL23037303M,982091101537097,1908,2023-05-01 19:08:19,723,0,42500,484
734751,LL23052303M,982091101534751,1908,2023-05-01 20:00:32,448,0,36000,217
735028,LL23029207M,984000005032083,1908,2023-05-01 20:08:16,226,0,42500,139
734731,LL23052101M,982091101534731,1908,2023-05-01 20:12:18,1686,0,41500,785
735028,LL23029207M,984000005032083,1908,2023-05-01 20:40:36,535,0,42500,274
735028,LL23029207M,984000005032083,1908,2023-05-01 20:51:35,162,0,42500,60
735028,LL23029207M,984000005032083,1908,2023-05-01 20:56:17,34,0,,11
737097,LL23037303M,982091101537097,1908,2023-05-01 20:58:52,233,0,43500,163
734751,LL23052303M,982091101534751,1908,2023-05-01 21:05:49,322,0,36000,155
735028,LL23029207M,984000005032083,1908,2023-05-01 21:13:11,214,0,42500,128
735028,LL23029207M,984000005032083,1908,2023-05-01 21:20:34,102,0,43000,46
729902,LL23035307M,982091101529902,1908,2023-05-01 21:43:27,168,0,41000,40
735028,LL23029207M,984000005032083,1908,2023-05-01 21:55:47,356,0,43500,127
734692,LL23050302M,982091101534692,1908,2023-05-01 22:02:03,819,0,63500,390
729889,LL23037601M,982091101529889,1908,2023-05-01 22:15:50,1251,0,49500,671
734731,LL23052101M,982091101534731,1908,2023-05-01 22:37:01,697,0,42500,333
734709,LL23048502M,982091101534709,1908,2023-05-01 22:49:18,1309,0,37500,599
735083,LL23029205M,982091101535083,1908,2023-05-01 23:11:19,521,0,38000,253
734692,LL23050302M,982091101534692,1908,2023-05-01 23:46:13,266,0,35500,78
737097,LL23037303M,982091101537097,1908,2023-05-01 23:50:51,455,0,44000,330
729902,LL23035307M,982091101529902,1908,2023-05-02 00:01:11,1489,0,41000,582
735028,LL23029207M,984000005032083,1908,2023-05-02 00:26:28,492,0,43500,282
729902,LL23035307M,982091101529902,1908,2023-05-02 00:41:00,465,0,41000,134
734751,LL23052303M,982091101534751,1908,2023-05-02 00:50:25,348,0,36000,172
737148,LL23051105M,982091101537148,1908,2023-05-02 00:57:29,918,0,39500,718
734692,LL23050302M,982091101534692,1908,2023-05-02 01:16:04,506,0,35500,225
734709,LL23048502M,982091101534709,1908,2023-05-02 01:24:50,649,0,38500,303
729902,LL23035307M,982091101529902,1908,2023-05-02 01:38:21,162,0,41500,52
734731,LL23052101M,982091101534731,1908,2023-05-02 01:43:07,267,0,43000,95
729902,LL23035307M,982091101529902,1908,2023-05-02 01:48:38,105,0,41000,33
737148,LL23051105M,982091101537148,1908,2023-05-02 02:41:32,433,0,40500,287
734751,LL23052303M,982091101534751,1908,2023-05-02 02:50:45,280,0,36000,126
729889,LL23037601M,982091101529889,1908,2023-05-02 03:03:52,533,0,50000,342
729889,LL23037601M,982091101529889,1908,2023-05-02 03:14:49,337,0,50000,116
732966,LL23041902M,982091101532966,1908,2023-05-02 03:20:51,865,0,48000,461
737148,LL23051105M,982091101537148,1908,2023-05-02 03:44:55,315,0,41500,205
729897,LL23038102M,982091101529897,1908,2023-05-02 03:57:01,1088,0,39000,333
732923,LL23042101M,982091101532923,1908,2023-05-02 04:16:13,568,0,36500,255
735034,LL23026202M,982091101535034,1908,2023-05-02 04:30:56,818,0,49000,284
735028,LL23029207M,984000005032083,1908,2023-05-02 04:49:59,126,0,44000,57
732909,LL23042102M,982091101532909,1908,2023-05-02 04:52:13,712,0,38500,319
734751,LL23052303M,982091101534751,1908,2023-05-02 05:05:48,38,0,,19
735083,LL23029205M,982091101535083,1908,2023-05-02 05:41:42,316,0,38500,138
729889,LL23037601M,982091101529889,1908,2023-05-02 05:56:31,430,0,51000,173
732966,LL23041902M,982091101532966,1908,2023-05-02 06:09:26,360,0,49000,185
729897,LL23038102M,982091101529897,1908,2023-05-02 06:15:38,462,0,39500,192
735034,LL23026202M,982091101535034,1908,2023-05-02 06:31:49,833,0,49000,290
734731,LL23052101M,982091101534731,1908,2023-05-02 06:45:58,1347,0,43000,640
737148,LL23051105M,982091101537148,1908,2023-05-02 07:50:31,362,0,42500,258
735083,LL23029205M,982091101535083,1908,2023-05-02 08:05:11,544,0,38500,228
734731,LL23052101M,982091101534731,1908,2023-05-02 08:16:19,150,0,44000,48
732923,LL23042101M,982091101532923,1908,2023-05-02 08:19:41,667,0,36500,316
735034,LL23026202M,982091101535034,1908,2023-05-02 08:30:53,1088,0,48500,509
729897,LL23038102M,982091101529897,1908,2023-05-02 08:49:09,412,0,40000,195
732909,LL23042102M,982091101532909,1908,2023-05-02 08:56:13,319,0,39000,146
732966,LL23041902M,982091101532966,1908,2023-05-02 09:01:36,376,0,49000,200
732909,LL23042102M,982091101532909,1908,2023-05-02 09:07:52,103,0,54000,67
734751,LL23052303M,982091101534751,1908,2023-05-02 09:09:43,825,0,55000,360
732909,LL23042102M,982091101532909,1908,2023-05-02 09:23:40,185,0,39000,120
735028,LL23029207M,984000005032083,1908,2023-05-02 09:27:13,781,0,43000,380
729889,LL23037601M,982091101529889,1908,2023-05-02 09:40:22,1315,0,50500,800
734731,LL23052101M,982091101534731,1908,2023-05-02 10:02:32,471,0,43000,250
734709,LL23048502M,982091101534709,1908,2023-05-02 10:11:55,1227,0,37500,592
734692,LL23050302M,982091101534692,1908,2023-05-02 10:36:01,757,0,35500,353
735083,LL23029205M,982091101535083,1908,2023-05-02 10:49:19,635,0,38000,333
737097,LL23037303M,982091101537097,1908,2023-05-02 10:59:54,583,0,43000,415
732966,LL23041902M,982091101532966,1908,2023-05-02 11:09:46,924,0,48500,556
737148,LL23051105M,982091101537148,1908,2023-05-02 11:26:10,771,0,42000,574
735034,LL23026202M,982091101535034,1908,2023-05-02 11:39:21,523,0,50000,142
737148,LL23051105M,982091101537148,1908,2023-05-02 11:49:41,141,0,42000,121
729897,LL23038102M,982091101529897,1908,2023-05-02 11:54:03,952,0,39000,355
734751,LL23052303M,982091101534751,1908,2023-05-02 12:10:04,721,0,36000,333
735034,LL23026202M,982091101535034,1908,2023-05-02 12:22:57,303,0,49500,45
732909,LL23042102M,982091101532909,1908,2023-05-02 12:28:28,1263,0,40000,425
732923,LL23042101M,982091101532923,1908,2023-05-02 12:49:31,1231,0,37000,430
735083,LL23029205M,982091101535083,1908,2023-05-02 13:10:22,767,0,38000,92
729902,LL23035307M,982091101529902,1908,2023-05-02 13:23:21,584,0,40500,96
734692,LL23050302M,982091101534692,1908,2023-05-02 13:33:09,159,0,36500,91
735034,LL23026202M,982091101535034,1908,2023-05-02 13:35:52,81,0,63750,33
735028,LL23029207M,984000005032083,1908,2023-05-02 13:37:41,687,0,43500,220
735083,LL23029205M,982091101535083,1908,2023-05-02 13:49:28,361,0,38500,31
734709,LL23048502M,982091101534709,1908,2023-05-02 13:55:33,1076,0,38000,430
732909,LL23042102M,982091101532909,1908,2023-05-02 14:13:45,378,0,40000,58
734692,LL23050302M,982091101534692,1908,2023-05-02 14:20:11,246,0,36000,54
735083,LL23029205M,982091101535083,1908,2023-05-02 14:24:33,356,0,38500,133
735034,LL23026202M,982091101535034,1908,2023-05-02 14:30:29,784,0,49000,309
734692,LL23050302M,982091101534692,1908,2023-05-02 14:44:09,114,0,36000,43
732966,LL23041902M,982091101532966,1908,2023-05-02 14:46:11,104,0,49000,6
734692,LL23050302M,982091101534692,1908,2023-05-02 14:48:11,86,0,36000,53
729902,LL23035307M,982091101529902,1908,2023-05-02 14:49:45,62,0,57750,47
729897,LL23038102M,982091101529897,1908,2023-05-02 14:50:47,82,0,63000,48
729902,LL23035307M,982091101529902,1908,2023-05-02 14:52:13,62,0,59500,41
729897,LL23038102M,982091101529897,1908,2023-05-02 14:53:15,59,0,,59
735028,LL23029207M,984000005032083,1908,2023-05-02 14:54:30,327,0,43000,133
734692,LL23050302M,982091101534692,1908,2023-05-02 15:00:25,194,0,36000,62
729897,LL23038102M,982091101529897,1908,2023-05-02 15:03:59,261,0,41500,95
732966,LL23041902M,982091101532966,1908,2023-05-02 15:08:24,648,0,49000,338
735083,LL23029205M,982091101535083,1908,2023-05-02 15:19:48,264,0,38500,19
737097,LL23037303M,982091101537097,1908,2023-05-02 15:24:12,269,0,43500,72
735083,LL23029205M,982091101535083,1908,2023-05-02 15:28:41,588,0,38500,306
732909,LL23042102M,982091101532909,1908,2023-05-02 15:38:37,30,0,,11
734751,LL23052303M,982091101534751,1908,2023-05-02 15:39:15,409,0,36500,124
729902,LL23035307M,982091101529902,1908,2023-05-02 15:46:04,27,0,,11
732909,LL23042102M,982091101532909,1908,2023-05-02 15:46:31,954,0,40000,339
735083,LL23029205M,982091101535083,1908,2023-05-02 16:03:13,167,0,38500,40
729897,LL23038102M,982091101529897,1908,2023-05-02 16:06:08,188,0,40000,85
729902,LL23035307M,982091101529902,1908,2023-05-02 16:09:16,46,0,,36
737097,LL23037303M,982091101537097,1908,2023-05-02 16:10:02,892,0,43500,673
734692,LL23050302M,982091101534692,1908,2023-05-02 16:24:58,510,0,37000,304
729902,LL23035307M,982091101529902,1908,2023-05-02 16:33:36,1397,0,41500,672
732923,LL23042101M,982091101532923,1908,2023-05-02 16:58:13,717,0,38000,349
735034,LL23026202M,982091101535034,1908,2023-05-02 17:10:18,1299,0,49500,847
729897,LL23038102M,982091101529897,1908,2023-05-02 18:05:05,858,0,40500,477
729897,LL23038102M,982091101529897,1908,2023-05-02 18:22:08,80,0,40000,31
729897,LL23038102M,982091101529897,1908,2023-05-02 18:30:16,70,0,41000,26
735028,LL23029207M,984000005032083,1908,2023-05-02 18:55:46,890,0,43000,398
737097,LL23037303M,982091101537097,1908,2023-05-02 19:12:36,527,0,44750,351
732923,LL23042101M,982091101532923,1908,2023-05-02 19:21:27,346,0,38000,129
732923,LL23042101M,982091101532923,1908,2023-05-02 19:40:04,40,0,,22
734751,LL23052303M,982091101534751,1908,2023-05-02 20:31:54,795,0,36000,385
734751,LL23052303M,982091101534751,1908,2023-05-02 20:47:44,50,0,,14
734751,LL23052303M,982091101534751,1908,2023-05-02 20:51:07,143,0,36500,52
732966,LL23041902M,982091101532966,1908,2023-05-02 21:00:29,632,0,50000,347
735028,LL23029207M,984000005032083,1908,2023-05-02 21:34:59,36,0,,13
734692,LL23050302M,982091101534692,1908,2023-05-02 21:45:38,160,0,37000,40
735034,LL23026202M,982091101535034,1908,2023-05-02 21:56:11,111,0,50500,15
734751,LL23052303M,982091101534751,1908,2023-05-02 21:58:10,203,0,37000,52
734731,LL23052101M,982091101534731,1908,2023-05-02 22:04:37,1647,0,42500,685
734709,LL23048502M,982091101534709,1908,2023-05-02 22:32:16,1435,0,38000,499
732923,LL23042101M,982091101532923,1908,2023-05-02 22:56:31,347,0,38500,155
737097,LL23037303M,982091101537097,1908,2023-05-02 23:08:38,130,0,45500,78
735028,LL23029207M,984000005032083,1908,2023-05-02 23:33:09,420,0,44000,149
734751,LL23052303M,982091101534751,1908,2023-05-02 23:40:25,693,0,37000,258
735083,LL23029205M,982091101535083,1908,2023-05-02 23:52:02,666,0,39000,286
729902,LL23035307M,982091101529902,1908,2023-05-03 00:03:08,1055,0,43000,482
734692,LL23050302M,982091101534692,1908,2023-05-03 00:20:43,781,0,37000,406
729902,LL23035307M,982091101529902,1908,2023-05-03 00:34:17,304,0,43000,152
735028,LL23029207M,984000005032083,1908,2023-05-03 00:39:45,595,0,44000,378
729889,LL23037601M,982091101529889,1908,2023-05-03 00:49:48,1543,0,50500,767
734731,LL23052101M,982091101534731,1908,2023-05-03 01:16:16,1318,0,44000,597
735028,LL23029207M,984000005032083,1908,2023-05-03 01:38:34,352,0,44000,188
734692,LL23050302M,982091101534692,1908,2023-05-03 01:44:26,34,0,,4
734709,LL23048502M,982091101534709,1908,2023-05-03 01:45:32,1154,0,38500,619
734692,LL23050302M,982091101534692,1908,2023-05-03 02:04:58,35,0,,18
729902,LL23035307M,982091101529902,1908,2023-05-03 02:09:11,471,0,43000,233
737148,LL23051105M,982091101537148,1908,2023-05-03 02:18:07,867,0,41500,719
737148,LL23051105M,982091101537148,1908,2023-05-03 02:35:06,52,0,,1
737148,LL23051105M,982091101537148,1908,2023-05-03 03:29:14,317,0,42000,193
732966,LL23041902M,982091101532966,1908,2023-05-03 03:41:21,501,0,49500,267
729902,LL23035307M,982091101529902,1908,2023-05-03 03:50:34,143,0,42500,57
729889,LL23037601M,982091101529889,1908,2023-05-03 03:58:12,471,0,51500,241
734709,LL23048502M,982091101534709,1908,2023-05-03 04:17:38,381,0,39000,161
737148,LL23051105M,982091101537148,1908,2023-05-03 04:37:57,134,0,44000,74
735034,LL23026202M,982091101535034,1908,2023-05-03 04:40:15,122,0,71000,18
737097,LL23037303M,982091101537097,1908,2023-05-03 04:42:49,605,0,44000,424
732909,LL23042102M,982091101532909,1908,2023-05-03 04:53:19,1331,0,39000,470
737148,LL23051105M,982091101537148,1908,2023-05-03 05:35:16,212,0,42500,126
734731,LL23052101M,982091101534731,1908,2023-05-03 05:43:28,149,0,43500,26
734751,LL23052303M,982091101534751,1908,2023-05-03 05:48:33,556,0,36500,240
732966,LL23041902M,982091101532966,1908,2023-05-03 05:58:10,1049,0,49000,505
729889,LL23037601M,982091101529889,1908,2023-05-03 06:15:43,487,0,52000,118
737148,LL23051105M,982091101537148,1908,2023-05-03 06:48:56,241,0,43000,127
729897,LL23038102M,982091101529897,1908,2023-05-03 06:57:37,890,0,40000,293
732923,LL23042101M,982091101532923,1908,2023-05-03 07:13:19,881,0,37000,340
729889,LL23037601M,982091101529889,1908,2023-05-03 07:28:28,455,0,52000,181
729889,LL23037601M,982091101529889,1908,2023-05-03 07:38:04,435,0,52000,219
735034,LL23026202M,982091101535034,1908,2023-05-03 07:45:35,949,0,48500,287
734731,LL23052101M,982091101534731,1908,2023-05-03 08:01:36,1625,0,44000,670
735083,LL23029205M,982091101535083,1908,2023-05-03 08:28:49,820,0,37500,383
732966,LL23041902M,982091101532966,1908,2023-05-03 08:45:15,454,0,49500,289
729902,LL23035307M,982091101529902,1908,2023-05-03 09:02:49,271,0,42500,187
729897,LL23038102M,982091101529897,1908,2023-05-03 09:07:52,55,0,,30
729889,LL23037601M,982091101529889,1908,2023-05-03 09:09:08,16,0,,1
729897,LL23038102M,982091101529897,1908,2023-05-03 09:09:28,36,0,,16
735028,LL23029207M,984000005032083,1908,2023-05-03 09:10:04,348,0,47250,238
735028,LL23029207M,984000005032083,1908,2023-05-03 09:17:07,26,0,,57
735028,LL23029207M,984000005032083,1908,2023-05-03 09:18:34,258,0,55250,192
729897,LL23038102M,982091101529897,1908,2023-05-03 09:22:52,126,0,41000,71
734709,LL23048502M,982091101534709,1908,2023-05-03 09:25:02,612,0,39000,342
732909,LL23042102M,982091101532909,1908,2023-05-03 09:35:22,177,0,60000,73
732909,LL23042102M,982091101532909,1908,2023-05-03 09:38:24,744,0,60000,432
735028,LL23029207M,984000005032083,1908,2023-05-03 09:51:24,379,0,44000,229
734692,LL23050302M,982091101534692,1908,2023-05-03 09:57:51,229,0,36000,128
734692,LL23050302M,982091101534692,1908,2023-05-03 10:01:43,75,0,59500,40
734751,LL23052303M,982091101534751,1908,2023-05-03 10:02:58,326,0,37000,173
734751,LL23052303M,982091101534751,1908,2023-05-03 10:08:26,657,0,37000,372
735034,LL23026202M,982091101535034,1908,2023-05-03 10:19:39,1467,0,49000,872
729889,LL23037601M,982091101529889,1908,2023-05-03 10:44:42,726,0,52500,542
732923,LL23042101M,982091101532923,1908,2023-05-03 10:59:31,467,0,37000,207
737148,LL23051105M,982091101537148,1908,2023-05-03 11:08:42,505,0,42500,418
735083,LL23029205M,982091101535083,1908,2023-05-03 11:17:23,607,0,38000,315
729897,LL23038102M,982091101529897,1908,2023-05-03 11:27:54,980,0,40000,463
734709,LL23048502M,982091101534709,1908,2023-05-03 11:45:30,680,0,39500,319
732966,LL23041902M,982091101532966,1908,2023-05-03 11:57:14,848,0,50000,581
737148,LL23051105M,982091101537148,1908,2023-05-03 12:12:13,239,0,43000,170
737148,LL23051105M,982091101537148,1908,2023-05-03 12:19:30,58,0,,1
735028,LL23029207M,984000005032083,1908,2023-05-03 12:34:17,207,0,45000,117
735034,LL23026202M,982091101535034,1908,2023-05-03 12:38:28,610,0,51500,310
734692,LL23050302M,982091101534692,1908,2023-05-03 12:48:46,1007,0,36500,526
734692,LL23050302M,982091101534692,1908,2023-05-03 13:08:19,128,0,37000,57
735028,LL23029207M,984000005032083,1908,2023-05-03 13:12:11,232,0,45000,150
734692,LL23050302M,982091101534692,1908,2023-05-03 13:18:36,80,0,37000,5
735034,LL23026202M,982091101535034,1908,2023-05-03 13:20:32,157,0,51500,67
737097,LL23037303M,982091101537097,1908,2023-05-03 13:23:13,922,0,44000,657
732909,LL23042102M,982091101532909,1908,2023-05-03 13:40:45,1086,0,40500,546
734731,LL23052101M,982091101534731,1908,2023-05-03 13:58:55,383,0,44500,203
734751,LL23052303M,982091101534751,1908,2023-05-03 14:07:22,634,0,38000,298
729897,LL23038102M,982091101529897,1908,2023-05-03 14:22:15,644,0,42000,333
734709,LL23048502M,982091101534709,1908,2023-05-03 14:34:19,500,0,41000,229
732966,LL23041902M,982091101532966,1908,2023-05-03 14:43:07,233,0,50500,116
735083,LL23029205M,982091101535083,1908,2023-05-03 14:47:25,774,0,39000,306
737148,LL23051105M,982091101537148,1908,2023-05-03 15:02:19,313,0,43500,233
729902,LL23035307M,982091101529902,1908,2023-05-03 15:07:48,968,0,42000,517
735083,LL23029205M,982091101535083,1908,2023-05-03 15:24:12,407,0,39500,134
732909,LL23042102M,982091101532909,1908,2023-05-03 15:36:19,213,0,41000,74
729897,LL23038102M,982091101529897,1908,2023-05-03 15:41:30,123,0,41500,50
734692,LL23050302M,982091101534692,1908,2023-05-03 15:49:43,30,0,,1
729897,LL23038102M,982091101529897,1908,2023-05-03 15:52:06,374,0,40500,15
734692,LL23050302M,982091101534692,1908,2023-05-03 15:58:44,148,0,37000,67
729897,LL23038102M,982091101529897,1908,2023-05-03 16:01:28,54,0,,9
732923,LL23042101M,982091101532923,1908,2023-05-03 16:04:10,697,0,37000,329
734692,LL23050302M,982091101534692,1908,2023-05-03 16:17:48,235,0,37000,106
732909,LL23042102M,982091101532909,1908,2023-05-03 16:22:23,140,0,41500,40
735034,LL23026202M,982091101535034,1908,2023-05-03 16:26:44,448,0,51000,177
732966,LL23041902M,982091101532966,1908,2023-05-03 16:35:21,502,0,50500,265
737148,LL23051105M,982091101537148,1908,2023-05-03 16:43:55,294,0,43500,161
732966,LL23041902M,982091101532966,1908,2023-05-03 16:51:22,264,0,51500,164
732909,LL23042102M,982091101532909,1908,2023-05-03 16:55:54,110,0,41500,41
734751,LL23052303M,982091101534751,1908,2023-05-03 16:57:48,284,0,37500,97
735034,LL23026202M,982091101535034,1908,2023-05-03 17:04:33,522,0,51500,190
737097,LL23037303M,982091101537097,1908,2023-05-03 17:14:55,519,0,45500,319
734709,LL23048502M,982091101534709,1908,2023-05-03 17:34:15,734,0,39500,364
729902,LL23035307M,982091101529902,1908,2023-05-03 17:52:38,436,0,42500,213
735034,LL23026202M,982091101535034,1908,2023-05-03 18:11:32,339,0,51500,136
732966,LL23041902M,982091101532966,1908,2023-05-03 18:23:31,116,0,51000,68
732923,LL23042101M,982091101532923,1908,2023-05-03 18:27:23,667,0,38000,201
734751,LL23052303M,982091101534751,1908,2023-05-03 18:39:14,606,0,37500,318
732923,LL23042101M,982091101532923,1908,2023-05-03 18:49:36,214,0,38500,109
732923,LL23042101M,982091101532923,1908,2023-05-03 18:57:29,59,0,,26
734709,LL23048502M,982091101534709,1908,2023-05-03 19:01:04,393,0,40000,192
732923,LL23042101M,982091101532923,1908,2023-05-03 19:28:55,224,0,38000,91
737097,LL23037303M,982091101537097,1908,2023-05-03 19:52:19,400,0,45500,188
732909,LL23042102M,982091101532909,1908,2023-05-03 20:01:02,745,0,41500,355
732966,LL23041902M,982091101532966,1908,2023-05-03 20:22:29,104,0,52000,33
729897,LL23038102M,982091101529897,1908,2023-05-03 20:24:17,651,0,41500,279
729889,LL23037601M,982091101529889,1908,2023-05-03 20:36:08,1152,0,52500,696
735028,LL23029207M,984000005032083,1908,2023-05-03 20:55:48,792,0,44500,381
735028,LL23029207M,984000005032083,1908,2023-05-03 21:13:08,119,0,44500,47
732923,LL23042101M,982091101532923,1908,2023-05-03 21:15:12,337,0,38000,158
737148,LL23051105M,982091101537148,1908,2023-05-03 21:27:17,229,0,43500,143
734751,LL23052303M,982091101534751,1908,2023-05-03 21:41:38,281,0,38500,136
732923,LL23042101M,982091101532923,1908,2023-05-03 22:09:11,101,0,38500,45
729902,LL23035307M,982091101529902,1908,2023-05-03 22:23:36,739,0,43000,283
737148,LL23051105M,982091101537148,1908,2023-05-03 22:53:28,116,0,43500,70
735083,LL23029205M,982091101535083,1908,2023-05-03 22:59:36,552,0,39500,280
734692,LL23050302M,982091101534692,1908,2023-05-03 23:27:31,450,0,37500,218
737097,LL23037303M,982091101537097,1908,2023-05-03 23:35:01,661,0,46000,464
734692,LL23050302M,982091101534692,1908,2023-05-03 23:46:42,58,0,,25
734731,LL23052101M,982091101534731,1908,2023-05-03 23:47:45,1808,0,43500,924
735028,LL23029207M,984000005032083,1908,2023-05-04 00:18:21,332,0,45500,189
729902,LL23035307M,982091101529902,1908,2023-05-04 00:24:49,782,0,43500,272
735028,LL23029207M,984000005032083,1908,2023-05-04 00:39:51,239,0,45500,139
735028,LL23029207M,984000005032083,1908,2023-05-04 00:51:11,167,0,45500,81
735083,LL23029205M,982091101535083,1908,2023-05-04 01:04:02,442,0,39500,194
729897,LL23038102M,982091101529897,1908,2023-05-04 01:11:24,131,0,40500,59
737097,LL23037303M,982091101537097,1908,2023-05-04 01:13:35,201,0,47000,176
732909,LL23042102M,982091101532909,1908,2023-05-04 01:17:08,313,0,42000,114
732909,LL23042102M,982091101532909,1908,2023-05-04 01:22:27,37,0,,21
734751,LL23052303M,982091101534751,1908,2023-05-04 01:23:04,537,0,38000,305
729889,LL23037601M,982091101529889,1908,2023-05-04 01:32:53,385,0,53000,166
734692,LL23050302M,982091101534692,1908,2023-05-04 01:41:18,679,0,38000,325
729902,LL23035307M,982091101529902,1908,2023-05-04 01:53:55,143,0,44000,38
734731,LL23052101M,982091101534731,1908,2023-05-04 01:58:15,727,0,44500,328
729902,LL23035307M,982091101529902,1908,2023-05-04 02:12:14,462,0,43500,191
737148,LL23051105M,982091101537148,1908,2023-05-04 02:49:01,373,0,43500,241
729902,LL23035307M,982091101529902,1908,2023-05-04 02:55:27,91,0,43500,11
734709,LL23048502M,982091101534709,1908,2023-05-04 02:56:58,700,0,40000,335
729902,LL23035307M,982091101529902,1908,2023-05-04 03:11:24,176,0,44000,77
734692,LL23050302M,982091101534692,1908,2023-05-04 03:15:52,35,0,,5
734709,LL23048502M,982091101534709,1908,2023-05-04 03:16:43,290,0,40000,122
734692,LL23050302M,982091101534692,1908,2023-05-04 03:24:40,50,0,,2
737148,LL23051105M,982091101537148,1908,2023-05-04 04:24:32,364,0,43500,281
734709,LL23048502M,982091101534709,1908,2023-05-04 04:45:24,95,0,40500,16
735034,LL23026202M,982091101535034,1908,2023-05-04 04:49:00,1050,0,50000,466
732966,LL23041902M,982091101532966,1908,2023-05-04 05:07:03,176,0,51500,64
729889,LL23037601M,982091101529889,1908,2023-05-04 05:10:07,1183,0,52500,532
732966,LL23041902M,982091101532966,1908,2023-05-04 05:29:54,425,0,51000,101
732966,LL23041902M,982091101532966,1908,2023-05-04 05:39:45,533,0,51000,299
734692,LL23050302M,982091101534692,1908,2023-05-04 05:49:22,309,0,38500,153
734692,LL23050302M,982091101534692,1908,2023-05-04 05:56:32,167,0,38500,77
734731,LL23052101M,982091101534731,1908,2023-05-04 06:02:56,1176,0,45500,468
737148,LL23051105M,982091101537148,1908,2023-05-04 06:37:34,483,0,44000,357
734751,LL23052303M,982091101534751,1908,2023-05-04 06:45:45,373,0,38000,128
732923,LL23042101M,982091101532923,1908,2023-05-04 07:21:52,419,0,38000,171
732923,LL23042101M,982091101532923,1908,2023-05-04 07:29:43,236,0,38000,151
737148,LL23051105M,982091101537148,1908,2023-05-04 07:35:35,17,0,,5
735034,LL23026202M,982091101535034,1908,2023-05-04 07:36:28,139,0,51000,48
732909,LL23042102M,982091101532909,1908,2023-05-04 07:39:44,512,0,41000,92
732909,LL23042102M,982091101532909,1908,2023-05-04 07:48:23,177,0,74000,56
732909,LL23042102M,982091101532909,1908,2023-05-04 07:51:47,391,0,41000,196
732909,LL23042102M,982091101532909,1908,2023-05-04 07:58:21,47,0,,9
732909,LL23042102M,982091101532909,1908,2023-05-04 07:59:10,22,0,,6
729897,LL23038102M,982091101529897,1908,2023-05-04 07:59:32,1493,0,40000,553
734751,LL23052303M,982091101534751,1908,2023-05-04 08:24:53,13,0,,2
729889,LL23037601M,982091101529889,1908,2023-05-04 08:25:06,74,0,53000,54
735034,LL23026202M,982091101535034,1908,2023-05-04 08:26:28,227,0,51500,73
735028,LL23029207M,984000005032083,1908,2023-05-04 08:31:11,185,0,44500,66
735083,LL23029205M,982091101535083,1908,2023-05-04 08:34:32,925,0,39500,414
732966,LL23041902M,982091101532966,1908,2023-05-04 08:50:01,691,0,51000,432
729889,LL23037601M,982091101529889,1908,2023-05-04 09:03:32,426,0,53000,191
734692,LL23050302M,982091101534692,1908,2023-05-04 09:11:14,16,0,,3
735028,LL23029207M,984000005032083,1908,2023-05-04 09:12:15,163,0,44500,129
735034,LL23026202M,982091101535034,1908,2023-05-04 09:14:58,317,0,51000,188
729902,LL23035307M,982091101529902,1908,2023-05-04 09:20:27,147,0,43500,113
735028,LL23029207M,984000005032083,1908,2023-05-04 09:22:54,88,0,44500,56
734709,LL23048502M,982091101534709,1908,2023-05-04 09:24:30,272,0,39000,169
737097,LL23037303M,982091101537097,1908,2023-05-04 09:32:07,516,0,45500,405
734692,LL23050302M,982091101534692,1908,2023-05-04 09:41:11,322,0,38000,189
734709,LL23048502M,982091101534709,1908,2023-05-04 09:47:01,877,0,39000,444
732909,LL23042102M,982091101532909,1908,2023-05-04 10:02:19,744,0,41000,343
734692,LL23050302M,982091101534692,1908,2023-05-04 10:17:48,105,0,38000,41
734731,LL23052101M,982091101534731,1908,2023-05-04 10:21:34,285,0,62000,69
734751,LL23052303M,982091101534751,1908,2023-05-04 10:26:35,769,0,37000,379
729889,LL23037601M,982091101529889,1908,2023-05-04 11:15:00,981,0,53500,766
734751,LL23052303M,982091101534751,1908,2023-05-04 11:35:11,437,0,37000,248
737148,LL23051105M,982091101537148,1908,2023-05-04 11:43:57,683,0,43500,429
735028,LL23029207M,984000005032083,1908,2023-05-04 11:55:44,654,0,44500,412
734731,LL23052101M,982091101534731,1908,2023-05-04 12:07:06,993,0,45500,598
735083,LL23029205M,982091101535083,1908,2023-05-04 12:23:55,748,0,39500,378
735034,LL23026202M,982091101535034,1908,2023-05-04 12:42:21,1124,0,50500,396
734709,LL23048502M,982091101534709,1908,2023-05-04 13:01:29,695,0,39500,356
737148,LL23051105M,982091101537148,1908,2023-05-04 13:13:56,313,0,43500,233
734692,LL23050302M,982091101534692,1908,2023-05-04 13:27:13,129,0,38000,59
737148,LL23051105M,982091101537148,1908,2023-05-04 13:31:22,45,0,,1
732923,LL23042101M,982091101532923,1908,2023-05-04 13:53:29,408,0,36500,215
732966,LL23041902M,982091101532966,1908,2023-05-04 14:01:08,807,0,50000,489
734692,LL23050302M,982091101534692,1908,2023-05-04 14:15:03,248,0,38000,139
735034,LL23026202M,982091101535034,1908,2023-05-04 14:23:33,66,0,51000,17
734709,LL23048502M,982091101534709,1908,2023-05-04 14:50:06,106,0,40000,33
737148,LL23051105M,982091101537148,1908,2023-05-04 14:52:04,161,0,43000,117
734751,LL23052303M,982091101534751,1908,2023-05-04 14:54:57,267,0,37000,154
729897,LL23038102M,982091101529897,1908,2023-05-04 14:59:48,326,0,40000,135
737148,LL23051105M,982091101537148,1908,2023-05-04 15:16:51,28,0,,1
732966,LL23041902M,982091101532966,1908,2023-05-04 15:18:43,27,0,,14
734751,LL23052303M,982091101534751,1908,2023-05-04 15:22:42,134,0,38000,74
734709,LL23048502M,982091101534709,1908,2023-05-04 15:33:22,458,0,40000,215
735083,LL23029205M,982091101535083,1908,2023-05-04 15:55:15,348,0,39000,131
737097,LL23037303M,982091101537097,1908,2023-05-04 16:07:53,802,0,48000,495
729902,LL23035307M,982091101529902,1908,2023-05-04 16:21:27,673,0,42000,233
732909,LL23042102M,982091101532909,1908,2023-05-04 16:32:44,532,0,41500,224
734692,LL23050302M,982091101534692,1908,2023-05-04 16:41:47,600,0,38000,336
732966,LL23041902M,982091101532966,1908,2023-05-04 17:42:19,491,0,51000,323
729897,LL23038102M,982091101529897,1908,2023-05-04 17:50:58,322,0,40500,137
729897,LL23038102M,982091101529897,1908,2023-05-04 17:56:28,109,0,40750,48
732923,LL23042101M,982091101532923,1908,2023-05-04 17:58:57,671,0,37000,321
735034,LL23026202M,982091101535034,1908,2023-05-04 18:58:17,993,0,50500,471
735083,LL23029205M,982091101535083,1908,2023-05-04 19:16:50,461,0,40000,269
734751,LL23052303M,982091101534751,1908,2023-05-04 19:28:08,239,0,38000,117
734751,LL23052303M,982091101534751,1908,2023-05-04 19:34:07,188,0,38500,129
732923,LL23042101M,982091101532923,1908,2023-05-04 19:47:48,238,0,37500,107
734751,LL23052303M,982091101534751,1908,2023-05-04 19:52:43,216,0,38000,128
732909,LL23042102M,982091101532909,1908,2023-05-04 19:57:55,382,0,41500,148
729897,LL23038102M,982091101529897,1908,2023-05-04 20:13:57,608,0,40500,266
729902,LL23035307M,982091101529902,1908,2023-05-04 20:29:20,607,0,42000,281
737097,LL23037303M,982091101537097,1908,2023-05-04 21:13:15,780,0,46000,481
735034,LL23026202M,982091101535034,1908,2023-05-04 21:26:15,952,0,52000,425
737097,LL23037303M,982091101537097,1908,2023-05-04 21:46:30,57,0,,2
732923,LL23042101M,982091101532923,1908,2023-05-04 21:51:03,566,0,38000,288
734709,LL23048502M,982091101534709,1908,2023-05-04 22:04:06,967,0,40000,485
732966,LL23041902M,982091101532966,1908,2023-05-04 22:20:29,755,0,51500,499
735083,LL23029205M,982091101535083,1908,2023-05-04 22:33:08,453,0,40000,210
735028,LL23029207M,984000005032083,1908,2023-05-04 22:41:02,723,0,44000,327
734731,LL23052101M,982091101534731,1908,2023-05-04 22:55:05,449,0,46000,176
735028,LL23029207M,984000005032083,1908,2023-05-04 23:02:54,206,0,44000,76
732909,LL23042102M,982091101532909,1908,2023-05-04 23:06:41,529,0,41500,285
732909,LL23042102M,982091101532909,1908,2023-05-04 23:15:32,199,0,75500,83
729897,LL23038102M,982091101529897,1908,2023-05-04 23:18:51,549,0,41500,271
729902,LL23035307M,982091101529902,1908,2023-05-04 23:28:40,355,0,42500,179
734751,LL23052303M,982091101534751,1908,2023-05-04 23:34:35,602,0,38500,284
735083,LL23029205M,982091101535083,1908,2023-05-04 23:51:28,386,0,40000,169
735034,LL23026202M,982091101535034,1908,2023-05-04 23:58:02,339,0,51500,157
732923,LL23042101M,982091101532923,1908,2023-05-05 00:08:04,438,0,38500,254
734731,LL23052101M,982091101534731,1908,2023-05-05 00:16:03,636,0,45000,245
734692,LL23050302M,982091101534692,1908,2023-05-05 00:27:11,247,0,38000,107
734751,LL23052303M,982091101534751,1908,2023-05-05 00:31:18,534,0,38500,288
729889,LL23037601M,982091101529889,1908,2023-05-05 00:40:28,1218,0,52500,576
737097,LL23037303M,982091101537097,1908,2023-05-05 01:01:32,488,0,46500,314
734692,LL23050302M,982091101534692,1908,2023-05-05 01:37:18,195,0,38000,109
729902,LL23035307M,982091101529902,1908,2023-05-05 01:41:57,1531,0,43000,607
734692,LL23050302M,982091101534692,1908,2023-05-05 02:08:13,364,0,38000,173
735028,LL23029207M,984000005032083,1908,2023-05-05 02:14:17,546,0,44500,292
735028,LL23029207M,984000005032083,1908,2023-05-05 02:42:37,196,0,45000,91
729902,LL23035307M,982091101529902,1908,2023-05-05 02:49:07,343,0,43500,157
735028,LL23029207M,984000005032083,1908,2023-05-05 03:00:06,147,0,45000,45
729902,LL23035307M,982091101529902,1908,2023-05-05 03:17:58,116,0,43000,48
737148,LL23051105M,982091101537148,1908,2023-05-05 03:21:06,652,0,42000,513
734709,LL23048502M,982091101534709,1908,2023-05-05 03:32:14,966,0,40000,474
734731,LL23052101M,982091101534731,1908,2023-05-05 03:48:48,759,0,45000,324
734692,LL23050302M,982091101534692,1908,2023-05-05 04:02:00,447,0,38500,232
732966,LL23041902M,982091101532966,1908,2023-05-05 04:11:30,729,0,52000,384
734731,LL23052101M,982091101534731,1908,2023-05-05 04:24:03,569,0,45000,264
734709,LL23048502M,982091101534709,1908,2023-05-05 04:33:49,328,0,41000,167
734692,LL23050302M,982091101534692,1908,2023-05-05 04:41:21,72,0,38750,13
729902,LL23035307M,982091101529902,1908,2023-05-05 04:47:18,179,0,43500,65
729889,LL23037601M,982091101529889,1908,2023-05-05 04:55:00,349,0,53000,160
729889,LL23037601M,982091101529889,1908,2023-05-05 05:02:52,426,0,53000,178
737148,LL23051105M,982091101537148,1908,2023-05-05 05:16:13,332,0,43000,222
737148,LL23051105M,982091101537148,1908,2023-05-05 06:12:02,260,0,43000,183
732909,LL23042102M,982091101532909,1908,2023-05-05 06:16:30,614,0,41000,245
729889,LL23037601M,982091101529889,1908,2023-05-05 06:31:26,302,0,53500,135
732909,LL23042102M,982091101532909,1908,2023-05-05 06:46:08,25,0,,5
732966,LL23041902M,982091101532966,1908,2023-05-05 06:47:45,618,0,52500,371
729897,LL23038102M,982091101529897,1908,2023-05-05 06:58:11,1079,0,41000,389
737148,LL23051105M,982091101537148,1908,2023-05-05 07:19:14,207,0,43500,131
734731,LL23052101M,982091101534731,1908,2023-05-05 07:53:13,1072,0,46500,530
732923,LL23042101M,982091101532923,1908,2023-05-05 08:11:13,65,0,53000,22
737097,LL23037303M,982091101537097,1908,2023-05-05 08:12:18,814,0,46500,554
729897,LL23038102M,982091101529897,1908,2023-05-05 08:25:56,340,0,41000,162
735083,LL23029205M,982091101535083,1908,2023-05-05 08:31:40,646,0,39500,283
735034,LL23026202M,982091101535034,1908,2023-05-05 08:42:46,1455,0,50500,555
737148,LL23051105M,982091101537148,1908,2023-05-05 09:07:05,69,0,62500,7
734751,LL23052303M,982091101534751,1908,2023-05-05 09:08:18,459,0,44000,233
735028,LL23029207M,984000005032083,1908,2023-05-05 09:16:01,478,0,44500,258
729897,LL23038102M,982091101529897,1908,2023-05-05 09:24:07,128,0,41500,52
732909,LL23042102M,982091101532909,1908,2023-05-05 09:26:27,60,0,,12
732909,LL23042102M,982091101532909,1908,2023-05-05 09:27:30,6,0,,45
732923,LL23042101M,982091101532923,1908,2023-05-05 09:27:36,61,0,63000,36
732909,LL23042102M,982091101532909,1908,2023-05-05 09:28:49,62,0,78000,39
732923,LL23042101M,982091101532923,1908,2023-05-05 09:29:51,820,0,38000,378
732909,LL23042102M,982091101532909,1908,2023-05-05 09:43:31,998,0,42000,569
735083,LL23029205M,982091101535083,1908,2023-05-05 10:00:13,677,0,39500,319
729902,LL23035307M,982091101529902,1908,2023-05-05 10:11:43,544,0,43500,246
729897,LL23038102M,982091101529897,1908,2023-05-05 10:21:03,513,0,41500,238
734751,LL23052303M,982091101534751,1908,2023-05-05 10:29:56,629,0,38000,369
734692,LL23050302M,982091101534692,1908,2023-05-05 10:41:09,847,0,38000,450
734692,LL23050302M,982091101534692,1908,2023-05-05 10:58:21,27,0,,4
729897,LL23038102M,982091101529897,1908,2023-05-05 11:05:04,348,0,41500,189
729889,LL23037601M,982091101529889,1908,2023-05-05 11:11:28,1267,0,53000,921
735034,LL23026202M,982091101535034,1908,2023-05-05 11:33:27,690,0,51000,272
737148,LL23051105M,982091101537148,1908,2023-05-05 11:45:29,456,0,45500,375
734751,LL23052303M,982091101534751,1908,2023-05-05 11:55:05,64,0,38500,25
734692,LL23050302M,982091101534692,1908,2023-05-05 11:58:13,25,0,,8
729902,LL23035307M,982091101529902,1908,2023-05-05 11:59:02,392,0,43500,250
735034,LL23026202M,982091101535034,1908,2023-05-05 12:05:54,489,0,52000,236
734751,LL23052303M,982091101534751,1908,2023-05-05 12:15:27,77,0,39500,8
737097,LL23037303M,982091101537097,1908,2023-05-05 12:17:40,669,0,47000,526
734709,LL23048502M,982091101534709,1908,2023-05-05 12:29:45,1029,0,40000,579
735028,LL23029207M,984000005032083,1908,2023-05-05 12:47:14,637,0,45000,328
732966,LL23041902M,982091101532966,1908,2023-05-05 12:57:59,780,0,51500,515
735083,LL23029205M,982091101535083,1908,2023-05-05 13:11:19,704,0,40500,412
737148,LL23051105M,982091101537148,1908,2023-05-05 13:24:47,434,0,44000,323
732923,LL23042101M,982091101532923,1908,2023-05-05 13:32:05,483,0,38500,243
734731,LL23052101M,982091101534731,1908,2023-05-05 13:41:56,966,0,46000,606
732966,LL23041902M,982091101532966,1908,2023-05-05 13:58:34,473,0,52000,335
735083,LL23029205M,982091101535083,1908,2023-05-05 14:06:51,523,0,40500,257
734709,LL23048502M,982091101534709,1908,2023-05-05 14:16:02,574,0,40500,292
732966,LL23041902M,982091101532966,1908,2023-05-05 14:29:22,83,0,52500,29
734731,LL23052101M,982091101534731,1908,2023-05-05 14:37:36,643,0,46500,351
729897,LL23038102M,982091101529897,1908,2023-05-05 14:49:16,545,0,41500,212
734709,LL23048502M,982091101534709,1908,2023-05-05 15:11:05,243,0,41000,127
729897,LL23038102M,982091101529897,1908,2023-05-05 15:19:16,97,0,42000,38
734692,LL23050302M,982091101534692,1908,2023-05-05 15:21:21,398,0,38500,271
729897,LL23038102M,982091101529897,1908,2023-05-05 15:28:19,57,0,,28
734709,LL23048502M,982091101534709,1908,2023-05-05 15:29:20,92,0,41000,50
734692,LL23050302M,982091101534692,1908,2023-05-05 15:32:36,143,0,38500,83
734709,LL23048502M,982091101534709,1908,2023-05-05 15:35:11,105,0,41000,52
737148,LL23051105M,982091101537148,1908,2023-05-05 15:38:57,234,0,44000,203
732909,LL23042102M,982091101532909,1908,2023-05-05 15:43:00,958,0,42000,554
734692,LL23050302M,982091101534692,1908,2023-05-05 15:59:46,20,0,,5
734709,LL23048502M,982091101534709,1908,2023-05-05 16:00:18,175,0,41000,84
737097,LL23037303M,982091101537097,1908,2023-05-05 16:04:53,146,0,47000,106
737148,LL23051105M,982091101537148,1908,2023-05-05 16:12:31,288,0,44500,198
729889,LL23037601M,982091101529889,1908,2023-05-05 16:17:39,486,0,54000,379
737097,LL23037303M,982091101537097,1908,2023-05-05 16:28:26,189,0,47500,140
734692,LL23050302M,982091101534692,1908,2023-05-05 16:36:48,65,0,38500,3
734709,LL23048502M,982091101534709,1908,2023-05-05 16:41:30,86,0,41500,32
732909,LL23042102M,982091101532909,1908,2023-05-05 16:43:40,14,0,,11
734731,LL23052101M,982091101534731,1908,2023-05-05 16:44:38,58,0,,36
734751,LL23052303M,982091101534751,1908,2023-05-05 16:46:08,591,0,39000,309
734709,LL23048502M,982091101534709,1908,2023-05-05 16:56:07,61,0,41500,24
732909,LL23042102M,982091101532909,1908,2023-05-05 17:00:31,113,0,43000,39
735034,LL23026202M,982091101535034,1908,2023-05-05 17:02:36,880,0,51000,398
732966,LL23041902M,982091101532966,1908,2023-05-05 17:32:16,51,0,,15
729897,LL23038102M,982091101529897,1908,2023-05-05 17:33:20,37,0,,23
735028,LL23029207M,984000005032083,1908,2023-05-05 17:34:25,345,0,45000,218
732966,LL23041902M,982091101532966,1908,2023-05-05 18:25:00,221,0,52500,145
735083,LL23029205M,982091101535083,1908,2023-05-05 18:29:33,172,0,41500,64
732909,LL23042102M,982091101532909,1908,2023-05-05 18:33:05,44,0,,13
734709,LL23048502M,982091101534709,1908,2023-05-05 18:34:17,88,0,41500,14
729897,LL23038102M,982091101529897,1908,2023-05-05 18:35:53,346,0,42500,135
734692,LL23050302M,982091101534692,1908,2023-05-05 18:43:40,441,0,38500,265
732909,LL23042102M,982091101532909,1908,2023-05-05 18:51:21,48,0,,30
732923,LL23042101M,982091101532923,1908,2023-05-05 18:52:13,1008,0,38500,424
729902,LL23035307M,982091101529902,1908,2023-05-05 19:09:37,644,0,43500,266
734751,LL23052303M,982091101534751,1908,2023-05-05 19:20:21,537,0,39000,307
735034,LL23026202M,982091101535034,1908,2023-05-05 19:29:22,579,0,52000,196
734751,LL23052303M,982091101534751,1908,2023-05-05 19:39:13,330,0,39000,168
735034,LL23026202M,982091101535034,1908,2023-05-05 19:44:56,527,0,52000,262
729897,LL23038102M,982091101529897,1908,2023-05-05 20:11:56,506,0,43000,223
732909,LL23042102M,982091101532909,1908,2023-05-05 20:20:30,508,0,42500,254
737097,LL23037303M,982091101537097,1908,2023-05-05 21:03:07,742,0,47000,519
734751,LL23052303M,982091101534751,1908,2023-05-05 21:18:11,301,0,39500,158
732923,LL23042101M,982091101532923,1908,2023-05-05 21:23:16,563,0,39500,276
732923,LL23042101M,982091101532923,1908,2023-05-05 21:36:26,59,0,,16
734731,LL23052101M,982091101534731,1908,2023-05-05 21:38:05,28,0,,19
735034,LL23026202M,982091101535034,1908,2023-05-05 21:38:48,534,0,53000,229
737148,LL23051105M,982091101537148,1908,2023-05-05 21:48:14,328,0,45000,260
735083,LL23029205M,982091101535083,1908,2023-05-05 21:53:46,587,0,41000,333
729897,LL23038102M,982091101529897,1908,2023-05-05 22:04:30,551,0,42500,273
732923,LL23042101M,982091101532923,1908,2023-05-05 22:39:47,82,0,39000,31
729902,LL23035307M,982091101529902,1908,2023-05-05 22:43:10,931,0,43500,384
737097,LL23037303M,982091101537097,1908,2023-05-05 23:11:22,118,0,47500,75
737148,LL23051105M,982091101537148,1908,2023-05-05 23:20:44,288,0,45000,214
737097,LL23037303M,982091101537097,1908,2023-05-05 23:50:09,477,0,48500,354
735028,LL23029207M,984000005032083,1908,2023-05-05 23:59:09,578,0,45500,265
729889,LL23037601M,982091101529889,1908,2023-05-06 00:09:43,957,0,55000,550
734709,LL23048502M,982091101534709,1908,2023-05-06 00:25:56,1119,0,41500,548
732923,LL23042101M,982091101532923,1908,2023-05-06 00:44:51,455,0,40000,267
729902,LL23035307M,982091101529902,1908,2023-05-06 00:56:48,794,0,44000,353
735028,LL23029207M,984000005032083,1908,2023-05-06 01:10:54,301,0,45250,163
729902,LL23035307M,982091101529902,1908,2023-05-06 01:16:31,170,0,44000,64
734731,LL23052101M,982091101534731,1908,2023-05-06 01:20:02,359,0,47000,120
734751,LL23052303M,982091101534751,1908,2023-05-06 01:28:02,396,0,41000,203
732923,LL23042101M,982091101532923,1908,2023-05-06 01:35:46,336,0,40000,156
734731,LL23052101M,982091101534731,1908,2023-05-06 01:41:42,634,0,46500,336
729897,LL23038102M,982091101529897,1908,2023-05-06 01:52:40,390,0,43500,183
734692,LL23050302M,982091101534692,1908,2023-05-06 01:59:18,577,0,39000,288
734692,LL23050302M,982091101534692,1908,2023-05-06 02:11:31,148,0,39000,60
734692,LL23050302M,982091101534692,1908,2023-05-06 02:15:59,68,0,38500,9
729902,LL23035307M,982091101529902,1908,2023-05-06 02:36:46,447,0,44500,197
729897,LL23038102M,982091101529897,1908,2023-05-06 02:45:53,190,0,43000,100
734709,LL23048502M,982091101534709,1908,2023-05-06 02:50:11,408,0,42500,176
729902,LL23035307M,982091101529902,1908,2023-05-06 03:36:06,120,0,45000,37
734731,LL23052101M,982091101534731,1908,2023-05-06 03:39:02,1093,0,47500,528
734709,LL23048502M,982091101534709,1908,2023-05-06 03:57:35,131,0,42000,65
732966,LL23041902M,982091101532966,1908,2023-05-06 04:01:46,897,0,50500,519
729889,LL23037601M,982091101529889,1908,2023-05-06 04:16:51,536,0,55000,347
735028,LL23029207M,984000005032083,1908,2023-05-06 04:26:23,585,0,46500,329
735083,LL23029205M,982091101535083,1908,2023-05-06 04:36:24,526,0,41000,197
729889,LL23037601M,982091101529889,1908,2023-05-06 04:46:54,163,0,54500,27
734692,LL23050302M,982091101534692,1908,2023-05-06 04:51:01,40,0,,14
734709,LL23048502M,982091101534709,1908,2023-05-06 04:52:13,449,0,42500,220
729902,LL23035307M,982091101529902,1908,2023-05-06 05:06:02,146,0,45500,77
734692,LL23050302M,982091101534692,1908,2023-05-06 05:12:18,263,0,39000,127
734709,LL23048502M,982091101534709,1908,2023-05-06 05:16:57,176,0,42500,98
735028,LL23029207M,984000005032083,1908,2023-05-06 05:20:41,459,0,46500,259
734731,LL23052101M,982091101534731,1908,2023-05-06 05:30:12,317,0,48000,139
734751,LL23052303M,982091101534751,1908,2023-05-06 05:39:50,596,0,39500,309
729889,LL23037601M,982091101529889,1908,2023-05-06 05:50:06,417,0,54500,215
735028,LL23029207M,984000005032083,1908,2023-05-06 05:59:07,62,0,39250,20
729889,LL23037601M,982091101529889,1908,2023-05-06 06:00:41,30,0,,1
732966,LL23041902M,982091101532966,1908,2023-05-06 06:02:24,230,0,52500,105
737148,LL23051105M,982091101537148,1908,2023-05-06 06:10:54,803,0,45000,402
734709,LL23048502M,982091101534709,1908,2023-05-06 06:24:29,147,0,42500,72
729902,LL23035307M,982091101529902,1908,2023-05-06 06:33:44,525,0,45000,259
737148,LL23051105M,982091101537148,1908,2023-05-06 06:50:32,336,0,44500,259
735083,LL23029205M,982091101535083,1908,2023-05-06 07:15:49,148,0,41000,58
732909,LL23042102M,982091101532909,1908,2023-05-06 07:18:17,776,0,42000,292
732966,LL23041902M,982091101532966,1908,2023-05-06 07:31:37,124,0,53000,78
732909,LL23042102M,982091101532909,1908,2023-05-06 07:41:37,143,0,42000,59
729889,LL23037601M,982091101529889,1908,2023-05-06 07:46:34,436,0,55000,242
729897,LL23038102M,982091101529897,1908,2023-05-06 07:54:58,451,0,42500,148
735034,LL23026202M,982091101535034,1908,2023-05-06 08:02:34,1047,0,52000,438
735083,LL23029205M,982091101535083,1908,2023-05-06 08:20:54,610,0,41000,320
729902,LL23035307M,982091101529902,1908,2023-05-06 08:31:28,259,0,45500,130
734751,LL23052303M,982091101534751,1908,2023-05-06 08:36:16,427,0,39500,165
734692,LL23050302M,982091101534692,1908,2023-05-06 08:43:35,616,0,39000,270
729897,LL23038102M,982091101529897,1908,2023-05-06 08:53:59,530,0,43500,213
735083,LL23029205M,982091101535083,1908,2023-05-06 09:04:52,103,0,41000,34
729889,LL23037601M,982091101529889,1908,2023-05-06 09:08:11,288,0,55500,8
735083,LL23029205M,982091101535083,1908,2023-05-06 09:32:09,93,0,41000,3
734731,LL23052101M,982091101534731,1908,2023-05-06 09:45:52,700,0,47500,354
729889,LL23037601M,982091101529889,1908,2023-05-06 09:57:48,546,0,55500,368
729889,LL23037601M,982091101529889,1908,2023-05-06 10:08:57,145,0,56000,5
737148,LL23051105M,982091101537148,1908,2023-05-06 10:11:43,485,0,46000,432
737148,LL23051105M,982091101537148,1908,2023-05-06 10:26:15,138,0,45500,90
732923,LL23042101M,982091101532923,1908,2023-05-06 10:29:25,976,0,39500,459
737097,LL23037303M,982091101537097,1908,2023-05-06 10:45:41,313,0,74000,212
735034,LL23026202M,982091101535034,1908,2023-05-06 10:50:58,1354,0,52500,682
734751,LL23052303M,982091101534751,1908,2023-05-06 11:13:56,284,0,65500,150
732966,LL23041902M,982091101532966,1908,2023-05-06 11:18:48,1097,0,52000,782
735083,LL23029205M,982091101535083,1908,2023-05-06 11:37:18,595,0,83500,319
729897,LL23038102M,982091101529897,1908,2023-05-06 11:47:13,593,0,43000,338
734751,LL23052303M,982091101534751,1908,2023-05-06 11:57:06,13,0,,14
735028,LL23029207M,984000005032083,1908,2023-05-06 11:58:40,106,0,87000,77
732909,LL23042102M,982091101532909,1908,2023-05-06 12:00:26,1218,0,42500,651
734751,LL23052303M,982091101534751,1908,2023-05-06 12:20:44,594,0,40000,372
734692,LL23050302M,982091101534692,1908,2023-05-06 13:03:07,457,0,39000,235
737097,LL23037303M,982091101537097,1908,2023-05-06 13:10:44,734,0,47000,590
735083,LL23029205M,982091101535083,1908,2023-05-06 13:23:02,986,0,41500,528
737148,LL23051105M,982091101537148,1908,2023-05-06 13:39:32,827,0,46000,338
729889,LL23037601M,982091101529889,1908,2023-05-06 13:53:19,926,0,55000,711
732923,LL23042101M,982091101532923,1908,2023-05-06 14:08:57,131,0,39000,59
732923,LL23042101M,982091101532923,1908,2023-05-06 14:12:59,288,0,39500,186
734731,LL23052101M,982091101534731,1908,2023-05-06 14:17:59,1382,0,90000,842
734709,LL23048502M,982091101534709,1908,2023-05-06 14:41:01,1537,0,42000,782
729902,LL23035307M,982091101529902,1908,2023-05-06 15:06:55,688,0,45000,131
734692,LL23050302M,982091101534692,1908,2023-05-06 15:18:35,343,0,39500,206
729897,LL23038102M,982091101529897,1908,2023-05-06 15:24:30,24,0,,29
735028,LL23029207M,984000005032083,1908,2023-05-06 15:24:54,432,0,46000,240
735034,LL23026202M,982091101535034,1908,2023-05-06 15:32:10,943,0,53000,367
734731,LL23052101M,982091101534731,1908,2023-05-06 15:48:13,415,0,48000,202
732909,LL23042102M,982091101532909,1908,2023-05-06 15:55:16,334,0,43000,161
732966,LL23041902M,982091101532966,1908,2023-05-06 16:01:02,726,0,53000,545
732909,LL23042102M,982091101532909,1908,2023-05-06 16:13:32,423,0,43500,202
729897,LL23038102M,982091101529897,1908,2023-05-06 16:21:11,143,0,62000,86
729902,LL23035307M,982091101529902,1908,2023-05-06 16:23:34,100,0,45000,70
735028,LL23029207M,984000005032083,1908,2023-05-06 16:25:14,324,0,88000,196
729897,LL23038102M,982091101529897,1908,2023-05-06 16:30:38,818,0,44000,445
734692,LL23050302M,982091101534692,1908,2023-05-06 16:44:33,525,0,39500,295
734692,LL23050302M,982091101534692,1908,2023-05-06 16:55:22,71,0,39500,1
737148,LL23051105M,982091101537148,1908,2023-05-06 17:24:49,606,0,46000,479
734692,LL23050302M,982091101534692,1908,2023-05-06 17:35:19,225,0,40000,119
734709,LL23048502M,982091101534709,1908,2023-05-06 17:39:08,745,0,43000,359
729897,LL23038102M,982091101529897,1908,2023-05-06 17:56:56,420,0,44000,164
734751,LL23052303M,982091101534751,1908,2023-05-06 18:03:56,512,0,39500,291
735083,LL23029205M,982091101535083,1908,2023-05-06 18:12:36,542,0,42500,254
734751,LL23052303M,982091101534751,1908,2023-05-06 18:31:38,392,0,39000,222
734751,LL23052303M,982091101534751,1908,2023-05-06 18:40:13,78,0,40000,33
732909,LL23042102M,982091101532909,1908,2023-05-06 18:49:21,194,0,44000,79
732909,LL23042102M,982091101532909,1908,2023-05-06 18:58:52,322,0,44000,161
735034,LL23026202M,982091101535034,1908,2023-05-06 19:05:53,275,0,53500,114
734709,LL23048502M,982091101534709,1908,2023-05-06 19:13:10,255,0,43500,115
732909,LL23042102M,982091101532909,1908,2023-05-06 19:21:02,87,0,44500,30
737148,LL23051105M,982091101537148,1908,2023-05-06 19:24:17,170,0,47000,131
737097,LL23037303M,982091101537097,1908,2023-05-06 19:27:48,709,0,48000,525
732923,LL23042101M,982091101532923,1908,2023-05-06 19:39:37,840,0,40500,403
732909,LL23042102M,982091101532909,1908,2023-05-06 19:56:42,60,0,,20
729897,LL23038102M,982091101529897,1908,2023-05-06 19:59:26,173,0,46000,80
732909,LL23042102M,982091101532909,1908,2023-05-06 20:04:20,37,0,,15
737097,LL23037303M,982091101537097,1908,2023-05-06 20:05:13,376,0,48000,193
734692,LL23050302M,982091101534692,1908,2023-05-06 20:12:29,63,0,40500,30
735034,LL23026202M,982091101535034,1908,2023-05-06 20:13:44,129,0,53750,29
734692,LL23050302M,982091101534692,1908,2023-05-06 20:16:05,152,0,40500,89
734751,LL23052303M,982091101534751,1908,2023-05-06 20:18:49,279,0,41000,97
729897,LL23038102M,982091101529897,1908,2023-05-06 20:30:53,86,0,44500,34
729902,LL23035307M,982091101529902,1908,2023-05-06 20:39:39,1143,0,45000,160
735034,LL23026202M,982091101535034,1908,2023-05-06 20:58:46,1234,0,54000,535
729897,LL23038102M,982091101529897,1908,2023-05-06 21:21:20,168,0,45000,74
737148,LL23051105M,982091101537148,1908,2023-05-06 22:10:55,247,0,47500,233
735083,LL23029205M,982091101535083,1908,2023-05-06 22:18:09,434,0,43000,162
732923,LL23042101M,982091101532923,1908,2023-05-06 22:27:23,254,0,41000,76
734751,LL23052303M,982091101534751,1908,2023-05-06 22:38:26,472,0,41000,249
729897,LL23038102M,982091101529897,1908,2023-05-06 22:46:34,118,0,45000,56
737097,LL23037303M,982091101537097,1908,2023-05-06 22:48:44,184,0,49000,87
737097,LL23037303M,982091101537097,1908,2023-05-06 22:55:06,229,0,48500,158
735034,LL23026202M,982091101535034,1908,2023-05-06 23:00:15,558,0,55000,255
729897,LL23038102M,982091101529897,1908,2023-05-06 23:09:49,265,0,44500,96
729902,LL23035307M,982091101529902,1908,2023-05-06 23:14:14,1586,0,45000,357
729897,LL23038102M,982091101529897,1908,2023-05-06 23:40:44,168,0,45000,98
737097,LL23037303M,982091101537097,1908,2023-05-06 23:44:04,378,0,49000,259
729897,LL23038102M,982091101529897,1908,2023-05-06 23:50:34,65,0,45000,40
734751,LL23052303M,982091101534751,1908,2023-05-06 23:57:56,191,0,41000,100
729902,LL23035307M,982091101529902,1908,2023-05-07 00:03:11,362,0,45000,150
732923,LL23042101M,982091101532923,1908,2023-05-07 00:29:54,705,0,41000,411
732923,LL23042101M,982091101532923,1908,2023-05-07 00:52:54,228,0,41000,78
729902,LL23035307M,982091101529902,1908,2023-05-07 01:07:15,109,0,45500,53
729889,LL23037601M,982091101529889,1908,2023-05-07 01:15:55,919,0,55000,433
732923,LL23042101M,982091101532923,1908,2023-05-07 01:32:17,24,0,,21
734751,LL23052303M,982091101534751,1908,2023-05-07 01:33:09,264,0,41000,160
737097,LL23037303M,982091101537097,1908,2023-05-07 01:38:25,127,0,50000,67
732923,LL23042101M,982091101532923,1908,2023-05-07 01:43:36,36,0,,16
735028,LL23029207M,984000005032083,1908,2023-05-07 02:14:30,437,0,46000,191
734731,LL23052101M,982091101534731,1908,2023-05-07 02:23:07,663,0,49000,257
735028,LL23029207M,984000005032083,1908,2023-05-07 02:36:43,292,0,46000,174
734709,LL23048502M,982091101534709,1908,2023-05-07 02:41:39,929,0,43000,465
729902,LL23035307M,982091101529902,1908,2023-05-07 02:57:16,232,0,46000,93
732966,LL23041902M,982091101532966,1908,2023-05-07 03:01:08,884,0,53000,470
735028,LL23029207M,984000005032083,1908,2023-05-07 03:16:21,144,0,46000,81
737097,LL23037303M,982091101537097,1908,2023-05-07 03:19:05,25,0,,5
735083,LL23029205M,982091101535083,1908,2023-05-07 03:22:03,666,0,42500,272
732966,LL23041902M,982091101532966,1908,2023-05-07 03:33:33,281,0,53000,127
735028,LL23029207M,984000005032083,1908,2023-05-07 03:38:43,41,0,,2
734692,LL23050302M,982091101534692,1908,2023-05-07 03:39:24,517,0,40000,239
729889,LL23037601M,982091101529889,1908,2023-05-07 03:48:18,884,0,55000,523
734731,LL23052101M,982091101534731,1908,2023-05-07 04:03:34,923,0,48000,477
729902,LL23035307M,982091101529902,1908,2023-05-07 04:22:43,202,0,46000,38
734731,LL23052101M,982091101534731,1908,2023-05-07 04:26:25,305,0,48500,163
729902,LL23035307M,982091101529902,1908,2023-05-07 05:01:20,380,0,46000,127
734709,LL23048502M,982091101534709,1908,2023-05-07 05:09:16,573,0,44000,328
735028,LL23029207M,984000005032083,1908,2023-05-07 05:20:49,351,0,46500,196
732966,LL23041902M,982091101532966,1908,2023-05-07 05:26:52,257,0,54500,99
734692,LL23050302M,982091101534692,1908,2023-05-07 05:34:56,153,0,40000,77
735083,LL23029205M,982091101535083,1908,2023-05-07 05:37:37,279,0,42500,91
729889,LL23037601M,982091101529889,1908,2023-05-07 05:43:32,267,0,55500,48
734692,LL23050302M,982091101534692,1908,2023-05-07 05:48:15,165,0,40000,74
737148,LL23051105M,982091101537148,1908,2023-05-07 05:51:17,557,0,47000,414
729897,LL23038102M,982091101529897,1908,2023-05-07 06:00:42,601,0,43500,277
732909,LL23042102M,982091101532909,1908,2023-05-07 06:10:55,1450,0,43000,523
734709,LL23048502M,982091101534709,1908,2023-05-07 06:35:28,265,0,44000,83
734692,LL23050302M,982091101534692,1908,2023-05-07 06:41:01,90,0,40000,1
734692,LL23050302M,982091101534692,1908,2023-05-07 06:44:31,227,0,40000,90
729902,LL23035307M,982091101529902,1908,2023-05-07 06:48:30,306,0,46000,157
729897,LL23038102M,982091101529897,1908,2023-05-07 07:35:38,218,0,44000,101
732923,LL23042101M,982091101532923,1908,2023-05-07 07:39:16,651,0,40500,301
735083,LL23029205M,982091101535083,1908,2023-05-07 07:50:31,409,0,42500,164
734751,LL23052303M,982091101534751,1908,2023-05-07 07:57:20,470,0,40500,187
729889,LL23037601M,982091101529889,1908,2023-05-07 08:05:18,785,0,55500,372
735028,LL23029207M,984000005032083,1908,2023-05-07 08:19:03,75,0,46500,34
737097,LL23037303M,982091101537097,1908,2023-05-07 08:20:22,650,0,49000,421
735028,LL23029207M,984000005032083,1908,2023-05-07 08:32:17,89,0,46750,60
732966,LL23041902M,982091101532966,1908,2023-05-07 08:33:58,910,0,54000,515
732909,LL23042102M,982091101532909,1908,2023-05-07 08:49:12,335,0,44500,47
734692,LL23050302M,982091101534692,1908,2023-05-07 08:55:11,189,0,40500,107
735028,LL23029207M,984000005032083,1908,2023-05-07 08:58:48,470,0,47000,261
729902,LL23035307M,982091101529902,1908,2023-05-07 09:06:50,785,0,46000,317
732909,LL23042102M,982091101532909,1908,2023-05-07 09:20:08,194,0,44500,83
737148,LL23051105M,982091101537148,1908,2023-05-07 09:23:42,559,0,47000,451
734709,LL23048502M,982091101534709,1908,2023-05-07 09:33:13,942,0,43500,539
735083,LL23029205M,982091101535083,1908,2023-05-07 09:49:10,931,0,42500,448
729897,LL23038102M,982091101529897,1908,2023-05-07 10:23:20,856,0,45000,401
734751,LL23052303M,982091101534751,1908,2023-05-07 10:37:44,801,0,40500,472
732923,LL23042101M,982091101532923,1908,2023-05-07 10:53:37,552,0,41000,272
735034,LL23026202M,982091101535034,1908,2023-05-07 11:02:49,1767,0,53000,779
734731,LL23052101M,982091101534731,1908,2023-05-07 11:32:28,1135,0,49000,719
734692,LL23050302M,982091101534692,1908,2023-05-07 11:51:27,856,0,40000,356
737148,LL23051105M,982091101537148,1908,2023-05-07 12:06:11,605,0,48000,366
729889,LL23037601M,982091101529889,1908,2023-05-07 12:16:28,1309,0,56500,964
732966,LL23041902M,982091101532966,1908,2023-05-07 12:38:29,966,0,54500,695
737097,LL23037303M,982091101537097,1908,2023-05-07 13:20:41,878,0,49000,572
732909,LL23042102M,982091101532909,1908,2023-05-07 13:35:36,761,0,44000,361
732909,LL23042102M,982091101532909,1908,2023-05-07 13:48:26,107,0,66000,56
729897,LL23038102M,982091101529897,1908,2023-05-07 13:50:13,646,0,44500,353
735083,LL23029205M,982091101535083,1908,2023-05-07 14:01:07,840,0,87500,463
729897,LL23038102M,982091101529897,1908,2023-05-07 14:15:07,490,0,45000,263
729902,LL23035307M,982091101529902,1908,2023-05-07 14:23:21,582,0,46000,90
732923,LL23042101M,982091101532923,1908,2023-05-07 14:33:03,242,0,41500,154
732923,LL23042101M,982091101532923,1908,2023-05-07 14:37:09,495,0,41500,227
735034,LL23026202M,982091101535034,1908,2023-05-07 14:45:32,898,0,54000,329
735028,LL23029207M,984000005032083,1908,2023-05-07 15:01:26,245,0,47000,93
734709,LL23048502M,982091101534709,1908,2023-05-07 15:05:39,872,0,43500,383
734751,LL23052303M,982091101534751,1908,2023-05-07 15:20:19,342,0,40500,139
734692,LL23050302M,982091101534692,1908,2023-05-07 15:26:13,405,0,40500,207
732909,LL23042102M,982091101532909,1908,2023-05-07 15:33:06,80,0,44500,10
737148,LL23051105M,982091101537148,1908,2023-05-07 15:34:46,34,0,,18
729897,LL23038102M,982091101529897,1908,2023-05-07 15:35:20,35,0,,1
734731,LL23052101M,982091101534731,1908,2023-05-07 15:36:11,204,0,49000,106
737097,LL23037303M,982091101537097,1908,2023-05-07 15:39:35,478,0,49500,230
729897,LL23038102M,982091101529897,1908,2023-05-07 15:47:57,58,0,,35
735028,LL23029207M,984000005032083,1908,2023-05-07 15:49:23,240,0,47000,97
729902,LL23035307M,982091101529902,1908,2023-05-07 15:55:23,592,0,46500,268
737148,LL23051105M,982091101537148,1908,2023-05-07 16:05:31,550,0,47500,302
734731,LL23052101M,982091101534731,1908,2023-05-07 16:14:53,879,0,49500,425
732909,LL23042102M,982091101532909,1908,2023-05-07 16:29:40,946,0,45000,413
735028,LL23029207M,984000005032083,1908,2023-05-07 16:46:10,197,0,46500,83
734692,LL23050302M,982091101534692,1908,2023-05-07 16:49:31,839,0,41000,346
734692,LL23050302M,982091101534692,1908,2023-05-07 17:22:20,124,0,41500,49
729897,LL23038102M,982091101529897,1908,2023-05-07 17:29:05,35,0,,14
735083,LL23029205M,982091101535083,1908,2023-05-07 17:31:00,619,0,44000,365
734751,LL23052303M,982091101534751,1908,2023-05-07 18:06:16,625,0,40500,213
732909,LL23042102M,982091101532909,1908,2023-05-07 18:17:41,701,0,46000,311
737148,LL23051105M,982091101537148,1908,2023-05-07 18:30:22,666,0,47000,528
732909,LL23042102M,982091101532909,1908,2023-05-07 18:42:00,34,0,,14
734709,LL23048502M,982091101534709,1908,2023-05-07 18:42:42,976,0,46250,540
732966,LL23041902M,982091101532966,1908,2023-05-07 18:59:18,705,0,55000,492
729902,LL23035307M,982091101529902,1908,2023-05-07 19:21:48,572,0,46000,265
734709,LL23048502M,982091101534709,1908,2023-05-07 19:31:32,557,0,45000,298
734731,LL23052101M,982091101534731,1908,2023-05-07 19:41:05,665,0,50000,347
737148,LL23051105M,982091101537148,1908,2023-05-07 20:09:19,239,0,48000,160
734751,LL23052303M,982091101534751,1908,2023-05-07 20:13:22,615,0,40500,384
735034,LL23026202M,982091101535034,1908,2023-05-07 20:23:45,666,0,54500,256
737097,LL23037303M,982091101537097,1908,2023-05-07 20:34:51,438,0,50000,296
735034,LL23026202M,982091101535034,1908,2023-05-07 20:43:17,717,0,54500,442
729897,LL23038102M,982091101529897,1908,2023-05-07 20:55:14,547,0,45500,263
732909,LL23042102M,982091101532909,1908,2023-05-07 21:05:25,113,0,46000,70
737097,LL23037303M,982091101537097,1908,2023-05-07 21:08:49,75,0,50000,35
732909,LL23042102M,982091101532909,1908,2023-05-07 21:17:38,80,0,46500,34
729897,LL23038102M,982091101529897,1908,2023-05-07 21:19:58,224,0,45500,123
729897,LL23038102M,982091101529897,1908,2023-05-07 21:25:46,51,0,,27
737097,LL23037303M,982091101537097,1908,2023-05-07 21:27:42,33,0,,1
729897,LL23038102M,982091101529897,1908,2023-05-07 21:33:27,25,0,,9
735034,LL23026202M,982091101535034,1908,2023-05-07 21:35:04,190,0,55000,89
737097,LL23037303M,982091101537097,1908,2023-05-07 21:38:26,331,0,50500,282
734751,LL23052303M,982091101534751,1908,2023-05-07 21:44:05,479,0,42000,208
734692,LL23050302M,982091101534692,1908,2023-05-07 21:55:12,71,0,41750,19
732923,LL23042101M,982091101532923,1908,2023-05-07 21:56:39,941,0,41500,477
737148,LL23051105M,982091101537148,1908,2023-05-07 22:14:53,235,0,48750,171
729897,LL23038102M,982091101529897,1908,2023-05-07 22:19:05,81,0,46000,48
729897,LL23038102M,982091101529897,1908,2023-05-07 22:22:30,112,0,46000,72
729902,LL23035307M,982091101529902,1908,2023-05-07 22:51:29,104,0,47000,34
735083,LL23029205M,982091101535083,1908,2023-05-07 22:53:21,382,0,44000,175
729897,LL23038102M,982091101529897,1908,2023-05-07 23:01:28,10,0,,4
735034,LL23026202M,982091101535034,1908,2023-05-07 23:01:43,531,0,55000,254
735034,LL23026202M,982091101535034,1908,2023-05-07 23:12:34,127,0,56000,18
735034,LL23026202M,982091101535034,1908,2023-05-07 23:54:08,86,0,56500,44
737097,LL23037303M,982091101537097,1908,2023-05-08 00:32:19,493,0,50500,336
729897,LL23038102M,982091101529897,1908,2023-05-08 00:40:44,145,0,46500,57
732909,LL23042102M,982091101532909,1908,2023-05-08 00:43:17,214,0,45500,67
735028,LL23029207M,984000005032083,1908,2023-05-08 00:47:36,864,0,45500,307
729897,LL23038102M,982091101529897,1908,2023-05-08 01:02:04,279,0,46000,123
729902,LL23035307M,982091101529902,1908,2023-05-08 01:06:51,234,0,46500,46
737097,LL23037303M,982091101537097,1908,2023-05-08 01:11:13,29,0,,11
729902,LL23035307M,982091101529902,1908,2023-05-08 01:11:58,58,0,,10
735028,LL23029207M,984000005032083,1908,2023-05-08 01:14:56,258,0,46000,94
729902,LL23035307M,982091101529902,1908,2023-05-08 01:19:18,126,0,46500,20
732923,LL23042101M,982091101532923,1908,2023-05-08 01:21:28,510,0,41500,258
729902,LL23035307M,982091101529902,1908,2023-05-08 01:30:06,574,0,46500,95
729902,LL23035307M,982091101529902,1908,2023-05-08 01:42:22,257,0,46000,8
732923,LL23042101M,982091101532923,1908,2023-05-08 01:49:44,423,0,42000,157
729897,LL23038102M,982091101529897,1908,2023-05-08 02:07:52,282,0,46000,100
737097,LL23037303M,982091101537097,1908,2023-05-08 02:40:40,156,0,50500,70
732923,LL23042101M,982091101532923,1908,2023-05-08 02:52:17,313,0,42500,100
729889,LL23037601M,982091101529889,1908,2023-05-08 02:58:10,1259,0,57000,523
735083,LL23029205M,982091101535083,1908,2023-05-08 03:19:33,268,0,43000,40
729897,LL23038102M,982091101529897,1908,2023-05-08 03:24:57,214,0,45500,13
732966,LL23041902M,982091101532966,1908,2023-05-08 03:33:53,747,0,55000,395
729902,LL23035307M,982091101529902,1908,2023-05-08 03:46:24,2012,0,46000,285
732966,LL23041902M,982091101532966,1908,2023-05-08 04:20:24,123,0,54000,30
734751,LL23052303M,982091101534751,1908,2023-05-08 04:22:35,838,0,41500,318
734709,LL23048502M,982091101534709,1908,2023-05-08 04:36:54,969,0,44500,444
734731,LL23052101M,982091101534731,1908,2023-05-08 04:53:15,1671,0,49000,759
734692,LL23050302M,982091101534692,1908,2023-05-08 05:21:06,46,0,,62
735028,LL23029207M,984000005032083,1908,2023-05-08 05:22:48,588,0,46500,282
732966,LL23041902M,982091101532966,1908,2023-05-08 05:32:48,798,0,54000,372
729889,LL23037601M,982091101529889,1908,2023-05-08 05:46:31,1063,0,56000,499
735083,LL23029205M,982091101535083,1908,2023-05-08 06:04:38,58,0,,15
735083,LL23029205M,982091101535083,1908,2023-05-08 06:05:38,775,0,43500,373
734731,LL23052101M,982091101534731,1908,2023-05-08 06:18:37,398,0,50000,170
737148,LL23051105M,982091101537148,1908,2023-05-08 06:25:15,583,0,47500,453
729902,LL23035307M,982091101529902,1908,2023-05-08 06:35:14,874,0,46500,231
734692,LL23050302M,982091101534692,1908,2023-05-08 06:49:48,799,0,40500,392
734709,LL23048502M,982091101534709,1908,2023-05-08 07:05:11,536,0,44500,335
735028,LL23029207M,984000005032083,1908,2023-05-08 07:16:07,660,0,47500,361
735028,LL23029207M,984000005032083,1908,2023-05-08 07:29:08,42,0,,21
734751,LL23052303M,982091101534751,1908,2023-05-08 07:30:07,674,0,41000,442
729902,LL23035307M,982091101529902,1908,2023-05-08 07:41:29,233,0,47000,127
729897,LL23038102M,982091101529897,1908,2023-05-08 07:45:34,472,0,45000,204
732909,LL23042102M,982091101532909,1908,2023-05-08 07:53:26,1377,0,44500,572
735028,LL23029207M,984000005032083,1908,2023-05-08 08:18:57,76,0,41250,42
732923,LL23042101M,982091101532923,1908,2023-05-08 08:20:41,247,0,41500,145
735028,LL23029207M,984000005032083,1908,2023-05-08 08:25:44,14,0,,11
737097,LL23037303M,982091101537097,1908,2023-05-08 08:25:58,585,0,49500,457
734709,LL23048502M,982091101534709,1908,2023-05-08 08:36:08,199,0,45000,93
735028,LL23029207M,984000005032083,1908,2023-05-08 08:40:03,210,0,48000,97
734731,LL23052101M,982091101534731,1908,2023-05-08 08:44:01,587,0,50500,284
735083,LL23029205M,982091101535083,1908,2023-05-08 08:54:16,183,0,43000,70
734692,LL23050302M,982091101534692,1908,2023-05-08 08:58:51,51,0,,31
732966,LL23041902M,982091101532966,1908,2023-05-08 08:59:42,19,0,,7
735034,LL23026202M,982091101535034,1908,2023-05-08 09:00:01,1119,0,54000,488
737148,LL23051105M,982091101537148,1908,2023-05-08 09:18:56,336,0,47500,280
734692,LL23050302M,982091101534692,1908,2023-05-08 09:24:36,148,0,40500,72
729897,LL23038102M,982091101529897,1908,2023-05-08 09:27:28,360,0,44500,140
729897,LL23038102M,982091101529897,1908,2023-05-08 09:35:28,429,0,45000,187
729902,LL23035307M,982091101529902,1908,2023-05-08 10:14:04,398,0,46500,180
732966,LL23041902M,982091101532966,1908,2023-05-08 10:23:25,1124,0,55000,769
729889,LL23037601M,982091101529889,1908,2023-05-08 10:42:37,1018,0,57500,701
732966,LL23041902M,982091101532966,1908,2023-05-08 10:59:58,84,0,55500,47
735083,LL23029205M,982091101535083,1908,2023-05-08 11:05:41,745,0,44000,371
735034,LL23026202M,982091101535034,1908,2023-05-08 11:24:05,527,0,55500,262
729889,LL23037601M,982091101529889,1908,2023-05-08 11:33:40,26,0,,1
729889,LL23037601M,982091101529889,1908,2023-05-08 11:37:14,46,0,,1
734692,LL23050302M,982091101534692,1908,2023-05-08 11:38:12,838,0,41000,417
737148,LL23051105M,982091101537148,1908,2023-05-08 11:52:46,466,0,48500,384
732923,LL23042101M,982091101532923,1908,2023-05-08 12:04:19,812,0,42000,456
737148,LL23051105M,982091101537148,1908,2023-05-08 12:21:39,29,0,,21
734751,LL23052303M,982091101534751,1908,2023-05-08 12:25:26,618,0,41500,349
735083,LL23029205M,982091101535083,1908,2023-05-08 12:36:40,52,0,,13
734731,LL23052101M,982091101534731,1908,2023-05-08 12:39:17,931,0,50500,438
734751,LL23052303M,982091101534751,1908,2023-05-08 12:57:21,59,0,,12
737148,LL23051105M,982091101537148,1908,2023-05-08 12:59:24,239,0,48000,192
729897,LL23038102M,982091101529897,1908,2023-05-08 13:04:32,663,0,45500,280
732909,LL23042102M,982091101532909,1908,2023-05-08 13:15:48,109,0,45000,47
729897,LL23038102M,982091101529897,1908,2023-05-08 13:18:17,141,0,45500,53
737148,LL23051105M,982091101537148,1908,2023-05-08 13:21:11,14,0,,4
732909,LL23042102M,982091101532909,1908,2023-05-08 13:22:22,415,0,45000,132
729897,LL23038102M,982091101529897,1908,2023-05-08 13:29:57,162,0,45500,74
735083,LL23029205M,982091101535083,1908,2023-05-08 13:32:51,441,0,44000,191
732966,LL23041902M,982091101532966,1908,2023-05-08 13:40:24,302,0,56500,111
737148,LL23051105M,982091101537148,1908,2023-05-08 13:47:27,26,0,,3
734731,LL23052101M,982091101534731,1908,2023-05-08 13:49:54,309,0,50500,115
729897,LL23038102M,982091101529897,1908,2023-05-08 13:56:11,20,0,,5
732909,LL23042102M,982091101532909,1908,2023-05-08 13:56:40,20,0,,16
734731,LL23052101M,982091101534731,1908,2023-05-08 13:57:37,31,0,,17
732923,LL23042101M,982091101532923,1908,2023-05-08 13:59:13,100,0,65000,61
729902,LL23035307M,982091101529902,1908,2023-05-08 14:02:28,55,0,,30
732909,LL23042102M,982091101532909,1908,2023-05-08 14:03:35,101,0,45000,32
735034,LL23026202M,982091101535034,1908,2023-05-08 14:07:19,419,0,55000,156
732909,LL23042102M,982091101532909,1908,2023-05-08 14:14:22,91,0,45500,15
732909,LL23042102M,982091101532909,1908,2023-05-08 14:17:57,157,0,45000,63
732909,LL23042102M,982091101532909,1908,2023-05-08 14:25:14,81,0,45500,31
737097,LL23037303M,982091101537097,1908,2023-05-08 14:27:51,514,0,49500,318
729889,LL23037601M,982091101529889,1908,2023-05-08 15:15:47,225,0,58000,85
737148,LL23051105M,982091101537148,1908,2023-05-08 15:21:33,427,0,48500,288
734731,LL23052101M,982091101534731,1908,2023-05-08 15:32:17,630,0,51500,244
735028,LL23029207M,984000005032083,1908,2023-05-08 15:43:11,79,0,47000,33
737097,LL23037303M,982091101537097,1908,2023-05-08 15:44:42,108,0,49500,4
735083,LL23029205M,982091101535083,1908,2023-05-08 15:46:39,116,0,44000,29
734709,LL23048502M,982091101534709,1908,2023-05-08 15:49:51,1118,0,44500,522
734692,LL23050302M,982091101534692,1908,2023-05-08 16:08:42,169,0,66250,50
735083,LL23029205M,982091101535083,1908,2023-05-08 16:11:47,535,0,44000,295
729897,LL23038102M,982091101529897,1908,2023-05-08 16:20:42,26,0,,12
737097,LL23037303M,982091101537097,1908,2023-05-08 16:21:08,243,0,50000,141
732909,LL23042102M,982091101532909,1908,2023-05-08 16:25:27,1223,0,45500,444
732909,LL23042102M,982091101532909,1908,2023-05-08 16:45:52,43,0,,10
735034,LL23026202M,982091101535034,1908,2023-05-08 16:47:10,939,0,55000,391
729902,LL23035307M,982091101529902,1908,2023-05-08 17:02:57,88,0,67000,39
732966,LL23041902M,982091101532966,1908,2023-05-08 17:04:25,580,0,56500,376
732923,LL23042101M,982091101532923,1908,2023-05-08 17:14:17,193,0,41500,80
732923,LL23042101M,982091101532923,1908,2023-05-08 17:17:41,358,0,50250,218
735028,LL23029207M,984000005032083,1908,2023-05-08 17:23:39,1314,0,47500,633
734692,LL23050302M,982091101534692,1908,2023-05-08 17:45:41,524,0,41500,224
729889,LL23037601M,982091101529889,1908,2023-05-08 17:54:45,154,0,73750,75
734731,LL23052101M,982091101534731,1908,2023-05-08 17:57:23,19,0,,15
737097,LL23037303M,982091101537097,1908,2023-05-08 17:57:46,586,0,50000,449
734692,LL23050302M,982091101534692,1908,2023-05-08 18:07:36,515,0,41500,307
734731,LL23052101M,982091101534731,1908,2023-05-08 18:16:23,1078,0,50500,654
737148,LL23051105M,982091101537148,1908,2023-05-08 18:34:25,486,0,49000,426
732909,LL23042102M,982091101532909,1908,2023-05-08 18:49:01,313,0,46000,143
734692,LL23050302M,982091101534692,1908,2023-05-08 18:54:22,239,0,42000,148
734709,LL23048502M,982091101534709,1908,2023-05-08 18:58:50,837,0,45000,477
729897,LL23038102M,982091101529897,1908,2023-05-08 19:12:55,396,0,69500,203
729897,LL23038102M,982091101529897,1908,2023-05-08 19:20:22,5,0,,23
734751,LL23052303M,982091101534751,1908,2023-05-08 19:20:31,970,0,41000,528
732909,LL23042102M,982091101532909,1908,2023-05-08 20:07:09,747,0,46000,385
732909,LL23042102M,982091101532909,1908,2023-05-08 20:32:27,41,0,,5
729897,LL23038102M,982091101529897,1908,2023-05-08 20:34:28,567,0,45500,284
729897,LL23038102M,982091101529897,1908,2023-05-08 20:54:56,75,0,46500,29
734751,LL23052303M,982091101534751,1908,2023-05-08 20:59:19,208,0,42000,90
729897,LL23038102M,982091101529897,1908,2023-05-08 21:03:31,162,0,46500,57
729889,LL23037601M,982091101529889,1908,2023-05-08 21:06:18,1087,0,57000,652
735083,LL23029205M,982091101535083,1908,2023-05-08 21:24:29,712,0,44000,290
729897,LL23038102M,982091101529897,1908,2023-05-08 21:37:21,28,0,,11
735034,LL23026202M,982091101535034,1908,2023-05-08 21:37:53,2509,0,55000,941
734751,LL23052303M,982091101534751,1908,2023-05-08 23:46:40,359,0,42000,197
737097,LL23037303M,982091101537097,1908,2023-05-08 23:52:43,128,0,49500,57
732923,LL23042101M,982091101532923,1908,2023-05-08 23:55:11,24,0,,9
735028,LL23029207M,984000005032083,1908,2023-05-08 23:56:23,57,0,,40
737097,LL23037303M,982091101537097,1908,2023-05-08 23:57:28,590,0,50000,405
729897,LL23038102M,982091101529897,1908,2023-05-09 00:08:34,401,0,46500,217
737097,LL23037303M,982091101537097,1908,2023-05-09 00:17:33,24,0,,16
729897,LL23038102M,982091101529897,1908,2023-05-09 00:18:09,157,0,46500,101
737148,LL23051105M,982091101537148,1908,2023-05-09 00:21:59,520,0,48500,395
735034,LL23026202M,982091101535034,1908,2023-05-09 00:30:58,97,0,56500,34
729889,LL23037601M,982091101529889,1908,2023-05-09 00:37:47,295,0,57000,167
729897,LL23038102M,982091101529897,1908,2023-05-09 00:42:58,184,0,46500,64
735034,LL23026202M,982091101535034,1908,2023-05-09 00:47:18,143,0,56500,44
732923,LL23042101M,982091101532923,1908,2023-05-09 01:06:16,690,0,41500,357
734751,LL23052303M,982091101534751,1908,2023-05-09 01:17:55,279,0,42000,109
732923,LL23042101M,982091101532923,1908,2023-05-09 01:23:54,468,0,42000,222
735034,LL23026202M,982091101535034,1908,2023-05-09 01:35:50,512,0,56500,241
737097,LL23037303M,982091101537097,1908,2023-05-09 01:44:34,48,0,,20
732909,LL23042102M,982091101532909,1908,2023-05-09 01:46:06,157,0,45500,31
737097,LL23037303M,982091101537097,1908,2023-05-09 01:48:56,418,0,50500,313
737097,LL23037303M,982091101537097,1908,2023-05-09 01:55:57,14,0,,17
729902,LL23035307M,982091101529902,1908,2023-05-09 01:56:11,990,0,45500,180
737097,LL23037303M,982091101537097,1908,2023-05-09 02:12:45,21,0,,10
729902,LL23035307M,982091101529902,1908,2023-05-09 02:13:10,664,0,45500,93
729897,LL23038102M,982091101529897,1908,2023-05-09 02:24:14,442,0,46500,236
729902,LL23035307M,982091101529902,1908,2023-05-09 02:31:45,369,0,45500,156
735028,LL23029207M,984000005032083,1908,2023-05-09 02:39:46,150,0,77500,113
735028,LL23029207M,984000005032083,1908,2023-05-09 02:42:18,660,0,47000,324
732966,LL23041902M,982091101532966,1908,2023-05-09 02:53:54,219,0,54500,121
729902,LL23035307M,982091101529902,1908,2023-05-09 02:57:49,1024,0,45000,260
737097,LL23037303M,982091101537097,1908,2023-05-09 03:15:06,219,0,51000,225
735083,LL23029205M,982091101535083,1908,2023-05-09 03:32:33,485,0,43500,257
732966,LL23041902M,982091101532966,1908,2023-05-09 04:04:13,798,0,54500,531
732923,LL23042101M,982091101532923,1908,2023-05-09 04:17:39,379,0,43000,200
734709,LL23048502M,982091101534709,1908,2023-05-09 04:24:54,823,0,44500,404
732923,LL23042101M,982091101532923,1908,2023-05-09 04:43:30,341,0,43000,183
734751,LL23052303M,982091101534751,1908,2023-05-09 04:50:51,438,0,42000,306
732923,LL23042101M,982091101532923,1908,2023-05-09 04:59:21,54,0,,31
732923,LL23042101M,982091101532923,1908,2023-05-09 05:30:30,140,0,43000,61
734731,LL23052101M,982091101534731,1908,2023-05-09 05:34:02,1132,0,51000,487
735028,LL23029207M,984000005032083,1908,2023-05-09 05:53:34,682,0,47500,389
734731,LL23052101M,982091101534731,1908,2023-05-09 06:05:49,401,0,80000,192
729889,LL23037601M,982091101529889,1908,2023-05-09 06:12:42,1205,0,57000,735
734709,LL23048502M,982091101534709,1908,2023-05-09 06:33:07,692,0,45000,313
734692,LL23050302M,982091101534692,1908,2023-05-09 06:45:11,496,0,41000,208
729889,LL23037601M,982091101529889,1908,2023-05-09 06:53:43,251,0,57000,42
732966,LL23041902M,982091101532966,1908,2023-05-09 06:58:14,641,0,56000,268
734692,LL23050302M,982091101534692,1908,2023-05-09 07:09:03,84,0,66000,32
735083,LL23029205M,982091101535083,1908,2023-05-09 07:10:39,812,0,43000,134
729902,LL23035307M,982091101529902,1908,2023-05-09 07:24:15,849,0,45500,303
732909,LL23042102M,982091101532909,1908,2023-05-09 07:38:28,1135,0,45000,379
735028,LL23029207M,984000005032083,1908,2023-05-09 07:58:03,709,0,48500,300
734709,LL23048502M,982091101534709,1908,2023-05-09 08:10:00,625,0,46000,203
737148,LL23051105M,982091101537148,1908,2023-05-09 08:20:37,216,0,47250,199
734731,LL23052101M,982091101534731,1908,2023-05-09 08:24:20,15,0,,4
734731,LL23052101M,982091101534731,1908,2023-05-09 08:24:55,316,0,51000,153
735083,LL23029205M,982091101535083,1908,2023-05-09 08:30:24,704,0,43500,360
735028,LL23029207M,984000005032083,1908,2023-05-09 08:42:28,632,0,48500,278
734692,LL23050302M,982091101534692,1908,2023-05-09 08:53:08,516,0,41500,223
729902,LL23035307M,982091101529902,1908,2023-05-09 09:02:04,285,0,46000,86
732966,LL23041902M,982091101532966,1908,2023-05-09 09:07:01,551,0,56000,270
734692,LL23050302M,982091101534692,1908,2023-05-09 09:16:20,239,0,41500,125
732923,LL23042101M,982091101532923,1908,2023-05-09 09:20:23,62,0,42500,38
737148,LL23051105M,982091101537148,1908,2023-05-09 09:21:25,142,0,63500,73
735028,LL23029207M,984000005032083,1908,2023-05-09 09:23:47,544,0,49000,350
732909,LL23042102M,982091101532909,1908,2023-05-09 09:32:59,980,0,45500,390
732909,LL23042102M,982091101532909,1908,2023-05-09 09:49:33,51,0,,21
732909,LL23042102M,982091101532909,1908,2023-05-09 09:51:01,7,0,,19
734751,LL23052303M,982091101534751,1908,2023-05-09 09:51:23,960,0,41500,524
729902,LL23035307M,982091101529902,1908,2023-05-09 10:51:19,556,0,46500,246
729902,LL23035307M,982091101529902,1908,2023-05-09 11:02:39,249,0,47000,66
737148,LL23051105M,982091101537148,1908,2023-05-09 11:07:31,574,0,48000,515
737148,LL23051105M,982091101537148,1908,2023-05-09 11:24:27,107,0,48000,73
729897,LL23038102M,982091101529897,1908,2023-05-09 11:38:23,745,0,45500,303
729897,LL23038102M,982091101529897,1908,2023-05-09 11:51:27,26,0,,56
732923,LL23042101M,982091101532923,1908,2023-05-09 11:51:53,715,0,42500,391
729889,LL23037601M,982091101529889,1908,2023-05-09 12:03:52,1103,0,58000,829
732966,LL23041902M,982091101532966,1908,2023-05-09 12:22:27,731,0,56000,415
734692,LL23050302M,982091101534692,1908,2023-05-09 12:34:38,376,0,42500,201
735083,LL23029205M,982091101535083,1908,2023-05-09 12:40:58,582,0,44000,338
735034,LL23026202M,982091101535034,1908,2023-05-09 12:50:44,1491,0,55000,606
734692,LL23050302M,982091101534692,1908,2023-05-09 13:15:35,363,0,42000,211
734751,LL23052303M,982091101534751,1908,2023-05-09 13:21:54,434,0,42000,205
734731,LL23052101M,982091101534731,1908,2023-05-09 13:30:31,1366,0,50500,731
729897,LL23038102M,982091101529897,1908,2023-05-09 13:53:30,636,0,46000,367
735083,LL23029205M,982091101535083,1908,2023-05-09 14:25:25,559,0,44500,283
735034,LL23026202M,982091101535034,1908,2023-05-09 14:39:03,635,0,56000,288
737148,LL23051105M,982091101537148,1908,2023-05-09 14:50:26,300,0,48500,287
737097,LL23037303M,982091101537097,1908,2023-05-09 14:55:31,686,0,49500,518
732909,LL23042102M,982091101532909,1908,2023-05-09 15:07:09,848,0,46000,388
737148,LL23051105M,982091101537148,1908,2023-05-09 15:21:33,443,0,49000,300
732966,LL23041902M,982091101532966,1908,2023-05-09 15:29:00,630,0,57000,435
734692,LL23050302M,982091101534692,1908,2023-05-09 15:39:42,183,0,42500,113
735083,LL23029205M,982091101535083,1908,2023-05-09 15:43:13,433,0,45000,86
734731,LL23052101M,982091101534731,1908,2023-05-09 15:50:43,668,0,51500,355
729889,LL23037601M,982091101529889,1908,2023-05-09 16:08:43,851,0,59000,457
735028,LL23029207M,984000005032083,1908,2023-05-09 16:26:31,76,0,49500,45
732923,LL23042101M,982091101532923,1908,2023-05-09 16:27:47,610,0,43000,282
734709,LL23048502M,982091101534709,1908,2023-05-09 16:38:01,687,0,45500,369
735028,LL23029207M,984000005032083,1908,2023-05-09 16:50:40,809,0,50500,419
732909,LL23042102M,982091101532909,1908,2023-05-09 17:04:32,352,0,47000,62
732909,LL23042102M,982091101532909,1908,2023-05-09 17:10:26,123,0,47000,33
737097,LL23037303M,982091101537097,1908,2023-05-09 17:12:49,590,0,51000,431
737148,LL23051105M,982091101537148,1908,2023-05-09 17:23:20,456,0,49000,270
734692,LL23050302M,982091101534692,1908,2023-05-09 17:31:21,28,0,,21
737097,LL23037303M,982091101537097,1908,2023-05-09 17:32:17,40,0,,26
734692,LL23050302M,982091101534692,1908,2023-05-09 17:33:01,301,0,42500,160
737148,LL23051105M,982091101537148,1908,2023-05-09 17:38:14,193,0,49500,51
735034,LL23026202M,982091101535034,1908,2023-05-09 17:41:59,845,0,56000,366
732909,LL23042102M,982091101532909,1908,2023-05-09 17:56:20,752,0,46500,247
734692,LL23050302M,982091101534692,1908,2023-05-09 18:09:04,500,0,48000,274
734731,LL23052101M,982091101534731,1908,2023-05-09 18:17:41,637,0,52500,333
732909,LL23042102M,982091101532909,1908,2023-05-09 18:35:10,66,0,47000,24
734751,LL23052303M,982091101534751,1908,2023-05-09 18:37:36,809,0,42250,536
734692,LL23050302M,982091101534692,1908,2023-05-09 18:51:34,128,0,43000,89
735034,LL23026202M,982091101535034,1908,2023-05-09 18:54:42,314,0,56500,129
734692,LL23050302M,982091101534692,1908,2023-05-09 19:00:12,155,0,43000,1
734692,LL23050302M,982091101534692,1908,2023-05-09 19:04:47,173,0,43500,95
737148,LL23051105M,982091101537148,1908,2023-05-09 19:08:08,352,0,49500,288
734709,LL23048502M,982091101534709,1908,2023-05-09 19:14:16,1044,0,45000,540
729897,LL23038102M,982091101529897,1908,2023-05-09 19:34:54,792,0,46500,400
735028,LL23029207M,984000005032083,1908,2023-05-09 20:21:13,159,0,50000,94
737148,LL23051105M,982091101537148,1908,2023-05-09 20:26:24,244,0,50500,187
732909,LL23042102M,982091101532909,1908,2023-05-09 20:30:48,590,0,47000,258
732909,LL23042102M,982091101532909,1908,2023-05-09 20:45:30,327,0,47500,178
729897,LL23038102M,982091101529897,1908,2023-05-09 21:02:05,142,0,46500,70
735083,LL23029205M,982091101535083,1908,2023-05-09 21:21:28,490,0,44500,183
737148,LL23051105M,982091101537148,1908,2023-05-09 21:31:41,44,0,,11
729897,LL23038102M,982091101529897,1908,2023-05-09 21:33:41,109,0,47000,69
732923,LL23042101M,982091101532923,1908,2023-05-09 21:35:34,609,0,43500,346
734692,LL23050302M,982091101534692,1908,2023-05-09 21:45:56,26,0,,10
734709,LL23048502M,982091101534709,1908,2023-05-09 21:46:34,516,0,46000,194
737148,LL23051105M,982091101537148,1908,2023-05-09 21:57:13,147,0,51000,81
735034,LL23026202M,982091101535034,1908,2023-05-09 22:05:59,609,0,56500,286
734709,LL23048502M,982091101534709,1908,2023-05-09 22:16:24,212,0,46000,91
735083,LL23029205M,982091101535083,1908,2023-05-09 22:20:16,700,0,44500,328
734751,LL23052303M,982091101534751,1908,2023-05-09 22:33:37,652,0,43000,312
734709,LL23048502M,982091101534709,1908,2023-05-09 22:49:09,294,0,45500,148
737097,LL23037303M,982091101537097,1908,2023-05-09 22:54:24,324,0,50500,195
729902,LL23035307M,982091101529902,1908,2023-05-09 23:00:00,1143,0,46500,155
735028,LL23029207M,984000005032083,1908,2023-05-09 23:20:11,535,0,49500,299
734751,LL23052303M,982091101534751,1908,2023-05-09 23:29:38,450,0,43500,219
729897,LL23038102M,982091101529897,1908,2023-05-09 23:37:20,365,0,46500,196
729897,LL23038102M,982091101529897,1908,2023-05-09 23:47:11,60,0,,26
735034,LL23026202M,982091101535034,1908,2023-05-09 23:48:19,583,0,57500,257
737097,LL23037303M,982091101537097,1908,2023-05-09 23:58:14,317,0,52000,269
734751,LL23052303M,982091101534751,1908,2023-05-10 00:05:03,99,0,43500,25
729897,LL23038102M,982091101529897,1908,2023-05-10 01:40:29,578,0,47500,282
729897,LL23038102M,982091101529897,1908,2023-05-10 01:53:11,265,0,47000,106
735034,LL23026202M,982091101535034,1908,2023-05-10 01:57:44,867,0,57500,415
729897,LL23038102M,982091101529897,1908,2023-05-10 02:12:15,31,0,,5
737097,LL23037303M,982091101537097,1908,2023-05-10 02:12:54,262,0,51500,152
737097,LL23037303M,982091101537097,1908,2023-05-10 02:19:16,420,0,52000,306
735034,LL23026202M,982091101535034,1908,2023-05-10 02:37:24,431,0,58000,153
729897,LL23038102M,982091101529897,1908,2023-05-10 02:49:59,208,0,47500,67
732923,LL23042101M,982091101532923,1908,2023-05-10 02:54:03,567,0,43500,266
737097,LL23037303M,982091101537097,1908,2023-05-10 03:03:58,21,0,,4
729889,LL23037601M,982091101529889,1908,2023-05-10 03:04:59,675,0,59000,325
729902,LL23035307M,982091101529902,1908,2023-05-10 03:16:26,28,0,,27
732966,LL23041902M,982091101532966,1908,2023-05-10 03:16:58,1276,0,56000,657
729902,LL23035307M,982091101529902,1908,2023-05-10 03:38:18,463,0,46000,68
737097,LL23037303M,982091101537097,1908,2023-05-10 03:46:05,126,0,52500,89
729902,LL23035307M,982091101529902,1908,2023-05-10 03:48:19,1624,0,46000,219
729902,LL23035307M,982091101529902,1908,2023-05-10 04:17:26,79,0,46500,27
732923,LL23042101M,982091101532923,1908,2023-05-10 04:18:57,736,0,44000,401
732923,LL23042101M,982091101532923,1908,2023-05-10 04:38:35,97,0,44000,42
729889,LL23037601M,982091101529889,1908,2023-05-10 04:41:27,841,0,58000,400
734709,LL23048502M,982091101534709,1908,2023-05-10 04:55:40,529,0,46000,303
735028,LL23029207M,984000005032083,1908,2023-05-10 05:05:18,467,0,49500,226
734709,LL23048502M,982091101534709,1908,2023-05-10 05:13:21,553,0,46000,266
732923,LL23042101M,982091101532923,1908,2023-05-10 05:22:59,49,0,,25
735028,LL23029207M,984000005032083,1908,2023-05-10 05:26:30,402,0,49500,233
732923,LL23042101M,982091101532923,1908,2023-05-10 05:35:13,125,0,44500,51
735028,LL23029207M,984000005032083,1908,2023-05-10 05:38:14,178,0,49500,97
729902,LL23035307M,982091101529902,1908,2023-05-10 05:41:20,201,0,46000,133
737097,LL23037303M,982091101537097,1908,2023-05-10 05:44:49,35,0,,17
729902,LL23035307M,982091101529902,1908,2023-05-10 05:46:16,93,0,46500,38
737097,LL23037303M,982091101537097,1908,2023-05-10 05:47:49,412,0,53000,381
734731,LL23052101M,982091101534731,1908,2023-05-10 05:54:45,1240,0,51000,617
729902,LL23035307M,982091101529902,1908,2023-05-10 06:15:25,278,0,47000,215
729902,LL23035307M,982091101529902,1908,2023-05-10 06:20:05,50,0,,24
734751,LL23052303M,982091101534751,1908,2023-05-10 06:20:55,410,0,43500,234
735083,LL23029205M,982091101535083,1908,2023-05-10 06:27:45,2,0,,5
734751,LL23052303M,982091101534751,1908,2023-05-10 06:27:47,67,0,76000,15
734751,LL23052303M,982091101534751,1908,2023-05-10 06:28:57,333,0,44000,253
735083,LL23029205M,982091101535083,1908,2023-05-10 06:34:59,1167,0,44500,514
734709,LL23048502M,982091101534709,1908,2023-05-10 06:54:42,809,0,47000,391
729902,LL23035307M,982091101529902,1908,2023-05-10 07:08:31,481,0,47000,280
734692,LL23050302M,982091101534692,1908,2023-05-10 07:16:36,106,0,42500,39
729902,LL23035307M,982091101529902,1908,2023-05-10 07:18:26,58,0,,33
734692,LL23050302M,982091101534692,1908,2023-05-10 07:19:24,62,0,42500,38
732966,LL23041902M,982091101532966,1908,2023-05-10 07:20:34,921,0,56500,543
734692,LL23050302M,982091101534692,1908,2023-05-10 07:36:03,131,0,45250,73
732923,LL23042101M,982091101532923,1908,2023-05-10 07:38:30,376,0,44000,238
732923,LL23042101M,982091101532923,1908,2023-05-10 07:49:05,69,0,43000,24
734692,LL23050302M,982091101534692,1908,2023-05-10 08:06:11,91,0,43000,60
729889,LL23037601M,982091101529889,1908,2023-05-10 08:07:42,686,0,58500,344
735028,LL23029207M,984000005032083,1908,2023-05-10 08:19:52,234,0,51000,81
732909,LL23042102M,982091101532909,1908,2023-05-10 08:23:50,1553,0,46500,698
729889,LL23037601M,982091101529889,1908,2023-05-10 08:50:11,127,0,59000,101
729902,LL23035307M,982091101529902,1908,2023-05-10 08:52:22,32,0,,41
735028,LL23029207M,984000005032083,1908,2023-05-10 08:53:22,670,0,50500,415
734731,LL23052101M,982091101534731,1908,2023-05-10 09:04:56,696,0,52000,415
729902,LL23035307M,982091101529902,1908,2023-05-10 09:16:36,429,0,47500,306
735028,LL23029207M,984000005032083,1908,2023-05-10 09:24:41,446,0,51000,293
734709,LL23048502M,982091101534709,1908,2023-05-10 09:32:14,396,0,47500,172
734692,LL23050302M,982091101534692,1908,2023-05-10 09:39:02,598,0,42500,329
729902,LL23035307M,982091101529902,1908,2023-05-10 09:49:16,796,0,48000,429
735083,LL23029205M,982091101535083,1908,2023-05-10 10:02:40,978,0,45500,461
737148,LL23051105M,982091101537148,1908,2023-05-10 10:19:34,697,0,48500,584
734709,LL23048502M,982091101534709,1908,2023-05-10 10:31:23,323,0,47000,128
729889,LL23037601M,982091101529889,1908,2023-05-10 10:38:46,716,0,59500,398
734731,LL23052101M,982091101534731,1908,2023-05-10 10:51:06,947,0,52500,549
732966,LL23041902M,982091101532966,1908,2023-05-10 11:07:09,669,0,57000,480
735028,LL23029207M,984000005032083,1908,2023-05-10 11:44:05,435,0,51000,256
737148,LL23051105M,982091101537148,1908,2023-05-10 11:53:20,263,0,48500,231
737148,LL23051105M,982091101537148,1908,2023-05-10 12:10:05,71,0,49500,57
729902,LL23035307M,982091101529902,1908,2023-05-10 12:19:11,258,0,49000,82
732966,LL23041902M,982091101532966,1908,2023-05-10 12:23:37,639,0,58500,367
729889,LL23037601M,982091101529889,1908,2023-05-10 12:34:36,568,0,60000,402
737148,LL23051105M,982091101537148,1908,2023-05-10 12:47:50,350,0,50000,277
734751,LL23052303M,982091101534751,1908,2023-05-10 12:55:16,757,0,43500,355
735034,LL23026202M,982091101535034,1908,2023-05-10 13:08:10,1128,0,56000,371
729897,LL23038102M,982091101529897,1908,2023-05-10 13:27:06,1413,0,45500,507
729889,LL23037601M,982091101529889,1908,2023-05-10 13:51:31,210,0,59500,52
734692,LL23050302M,982091101534692,1908,2023-05-10 13:55:18,838,0,42500,393
732966,LL23041902M,982091101532966,1908,2023-05-10 14:09:32,34,0,,11
734692,LL23050302M,982091101534692,1908,2023-05-10 14:10:10,41,0,,16
734692,LL23050302M,982091101534692,1908,2023-05-10 14:12:51,161,0,43000,51
734692,LL23050302M,982091101534692,1908,2023-05-10 14:18:36,51,0,,1
734731,LL23052101M,982091101534731,1908,2023-05-10 14:20:00,178,0,52500,88
737148,LL23051105M,982091101537148,1908,2023-05-10 14:49:01,228,0,50500,154
737097,LL23037303M,982091101537097,1908,2023-05-10 15:01:14,326,0,51500,182
735083,LL23029205M,982091101535083,1908,2023-05-10 15:08:12,76,0,45500,5
737148,LL23051105M,982091101537148,1908,2023-05-10 15:11:29,113,0,50500,29
735083,LL23029205M,982091101535083,1908,2023-05-10 15:14:18,102,0,46000,47
732923,LL23042101M,982091101532923,1908,2023-05-10 15:16:44,570,0,43500,320
732909,LL23042102M,982091101532909,1908,2023-05-10 15:26:18,336,0,47000,90
734751,LL23052303M,982091101534751,1908,2023-05-10 15:32:10,302,0,43500,93
735083,LL23029205M,982091101535083,1908,2023-05-10 15:37:32,150,0,45500,10
735034,LL23026202M,982091101535034,1908,2023-05-10 15:40:26,247,0,57500,23
735083,LL23029205M,982091101535083,1908,2023-05-10 15:45:05,213,0,45750,8
729897,LL23038102M,982091101529897,1908,2023-05-10 15:48:50,117,0,47250,53
735083,LL23029205M,982091101535083,1908,2023-05-10 15:50:50,429,0,46000,224
729897,LL23038102M,982091101529897,1908,2023-05-10 15:58:03,453,0,47000,182
734709,LL23048502M,982091101534709,1908,2023-05-10 16:05:53,177,0,46500,45
737097,LL23037303M,982091101537097,1908,2023-05-10 16:08:54,645,0,52000,414
735034,LL23026202M,982091101535034,1908,2023-05-10 16:19:51,278,0,56500,62
729889,LL23037601M,982091101529889,1908,2023-05-10 16:25:01,619,0,60500,329
735034,LL23026202M,982091101535034,1908,2023-05-10 16:35:52,59,0,,24
732966,LL23041902M,982091101532966,1908,2023-05-10 16:36:55,117,0,57500,25
732909,LL23042102M,982091101532909,1908,2023-05-10 16:39:17,38,0,,14
735034,LL23026202M,982091101535034,1908,2023-05-10 16:40:03,267,0,56500,77
735083,LL23029205M,982091101535083,1908,2023-05-10 16:44:50,59,0,,1
734731,LL23052101M,982091101534731,1908,2023-05-10 16:46:17,729,0,54000,384
729902,LL23035307M,982091101529902,1908,2023-05-10 16:58:34,311,0,49500,172
735034,LL23026202M,982091101535034,1908,2023-05-10 17:03:49,755,0,56500,421
732909,LL23042102M,982091101532909,1908,2023-05-10 17:16:32,920,0,47000,423
735083,LL23029205M,982091101535083,1908,2023-05-10 17:32:08,184,0,45500,54
737148,LL23051105M,982091101537148,1908,2023-05-10 17:35:23,406,0,50500,244
734751,LL23052303M,982091101534751,1908,2023-05-10 17:42:25,872,0,43500,566
735083,LL23029205M,982091101535083,1908,2023-05-10 17:57:01,565,0,46000,212
737148,LL23051105M,982091101537148,1908,2023-05-10 18:06:58,246,0,51000,174
732923,LL23042101M,982091101532923,1908,2023-05-10 18:11:08,682,0,43500,354
732966,LL23041902M,982091101532966,1908,2023-05-10 18:22:34,607,0,58000,411
729889,LL23037601M,982091101529889,1908,2023-05-10 18:32:53,553,0,60000,399
732966,LL23041902M,982091101532966,1908,2023-05-10 18:44:00,186,0,58000,79
737148,LL23051105M,982091101537148,1908,2023-05-10 18:49:51,179,0,51500,124
734692,LL23050302M,982091101534692,1908,2023-05-10 19:09:54,750,0,43500,362
737148,LL23051105M,982091101537148,1908,2023-05-10 19:28:19,265,0,51500,211
735028,LL23029207M,984000005032083,1908,2023-05-10 19:33:00,918,0,51000,545
734692,LL23050302M,982091101534692,1908,2023-05-10 19:48:26,260,0,44500,163
732909,LL23042102M,982091101532909,1908,2023-05-10 19:53:11,871,0,48000,403
732909,LL23042102M,982091101532909,1908,2023-05-10 20:21:41,65,0,48000,29
734692,LL23050302M,982091101534692,1908,2023-05-10 20:27:57,228,0,44500,126
729897,LL23038102M,982091101529897,1908,2023-05-10 20:33:49,185,0,47000,103
737097,LL23037303M,982091101537097,1908,2023-05-10 20:37:06,559,0,52500,386
735034,LL23026202M,982091101535034,1908,2023-05-10 20:47:32,1081,0,57500,505
734709,LL23048502M,982091101534709,1908,2023-05-10 21:05:41,1152,0,46500,521
734731,LL23052101M,982091101534731,1908,2023-05-10 21:25:05,1290,0,53500,780
734692,LL23050302M,982091101534692,1908,2023-05-10 21:47:56,422,0,45000,269
732909,LL23042102M,982091101532909,1908,2023-05-10 21:56:50,40,0,,14
734751,LL23052303M,982091101534751,1908,2023-05-10 21:58:06,608,0,45000,347
732909,LL23042102M,982091101532909,1908,2023-05-10 22:10:14,118,0,49000,23
735034,LL23026202M,982091101535034,1908,2023-05-10 22:12:48,67,0,58500,38
732909,LL23042102M,982091101532909,1908,2023-05-10 22:14:59,13,0,,10
735034,LL23026202M,982091101535034,1908,2023-05-10 22:15:25,348,0,59000,200
734751,LL23052303M,982091101534751,1908,2023-05-10 22:21:54,279,0,45000,163
735083,LL23029205M,982091101535083,1908,2023-05-10 22:39:56,729,0,46500,421
732923,LL23042101M,982091101532923,1908,2023-05-10 22:52:09,463,0,44000,207
729897,LL23038102M,982091101529897,1908,2023-05-10 22:59:56,1146,0,47500,519
734709,LL23048502M,982091101534709,1908,2023-05-10 23:19:06,1217,0,47500,616
737097,LL23037303M,982091101537097,1908,2023-05-11 00:05:23,426,0,53000,271
734709,LL23048502M,982091101534709,1908,2023-05-11 00:18:23,398,0,48000,205
729897,LL23038102M,982091101529897,1908,2023-05-11 00:48:24,340,0,48000,187
729897,LL23038102M,982091101529897,1908,2023-05-11 00:56:46,77,0,48500,33
734751,LL23052303M,982091101534751,1908,2023-05-11 00:58:43,242,0,45000,123
737148,LL23051105M,982091101537148,1908,2023-05-11 01:06:53,268,0,52000,202
729897,LL23038102M,982091101529897,1908,2023-05-11 01:11:33,281,0,48000,107
737097,LL23037303M,982091101537097,1908,2023-05-11 01:16:27,174,0,53500,62
734751,LL23052303M,982091101534751,1908,2023-05-11 01:19:25,142,0,45500,23
737097,LL23037303M,982091101537097,1908,2023-05-11 01:23:27,116,0,53000,51
735034,LL23026202M,982091101535034,1908,2023-05-11 01:29:13,546,0,59000,256
734751,LL23052303M,982091101534751,1908,2023-05-11 01:38:27,206,0,45500,95
729897,LL23038102M,982091101529897,1908,2023-05-11 01:41:57,21,0,,4
737097,LL23037303M,982091101537097,1908,2023-05-11 01:44:21,47,0,,27
735028,LL23029207M,984000005032083,1908,2023-05-11 01:48:12,448,0,51000,269
737097,LL23037303M,982091101537097,1908,2023-05-11 02:23:51,453,0,53000,215
729897,LL23038102M,982091101529897,1908,2023-05-11 02:32:12,23,0,,6
737097,LL23037303M,982091101537097,1908,2023-05-11 02:34:35,75,0,53250,15
729889,LL23037601M,982091101529889,1908,2023-05-11 02:53:19,805,0,61000,493
737097,LL23037303M,982091101537097,1908,2023-05-11 03:08:48,348,0,53000,270
729902,LL23035307M,982091101529902,1908,2023-05-11 03:15:56,649,0,49500,104
735034,LL23026202M,982091101535034,1908,2023-05-11 03:26:58,371,0,59000,170
729902,LL23035307M,982091101529902,1908,2023-05-11 03:33:13,18,0,,18
735028,LL23029207M,984000005032083,1908,2023-05-11 03:34:03,394,0,51500,233
729902,LL23035307M,982091101529902,1908,2023-05-11 03:40:45,475,0,48500,68
732909,LL23042102M,982091101532909,1908,2023-05-11 03:48:48,187,0,47500,100
732966,LL23041902M,982091101532966,1908,2023-05-11 03:52:04,797,0,58000,510
729897,LL23038102M,982091101529897,1908,2023-05-11 04:05:53,281,0,49500,184
732923,LL23042101M,982091101532923,1908,2023-05-11 04:10:38,810,0,44500,396
729897,LL23038102M,982091101529897,1908,2023-05-11 04:24:13,97,0,49500,80
737097,LL23037303M,982091101537097,1908,2023-05-11 04:26:06,139,0,54500,124
735034,LL23026202M,982091101535034,1908,2023-05-11 04:28:33,586,0,58500,322
729897,LL23038102M,982091101529897,1908,2023-05-11 04:44:36,300,0,49500,179
729897,LL23038102M,982091101529897,1908,2023-05-11 05:17:13,93,0,48750,47
729889,LL23037601M,982091101529889,1908,2023-05-11 05:21:18,418,0,61000,243
735028,LL23029207M,984000005032083,1908,2023-05-11 05:38:28,434,0,51500,245
734751,LL23052303M,982091101534751,1908,2023-05-11 05:48:18,694,0,45500,492
732966,LL23041902M,982091101532966,1908,2023-05-11 06:00:08,218,0,58500,74
729902,LL23035307M,982091101529902,1908,2023-05-11 06:04:06,524,0,48500,105
734709,LL23048502M,982091101534709,1908,2023-05-11 06:12:54,673,0,48500,353
735083,LL23029205M,982091101535083,1908,2023-05-11 06:24:19,943,0,46000,404
729902,LL23035307M,982091101529902,1908,2023-05-11 06:40:18,942,0,48500,173
732923,LL23042101M,982091101532923,1908,2023-05-11 06:56:00,714,0,45000,444
732923,LL23042101M,982091101532923,1908,2023-05-11 07:11:11,67,0,45000,20
732923,LL23042101M,982091101532923,1908,2023-05-11 07:33:35,68,0,45500,29
729902,LL23035307M,982091101529902,1908,2023-05-11 07:37:51,238,0,48500,76
734731,LL23052101M,982091101534731,1908,2023-05-11 07:42:45,1008,0,54000,577
734709,LL23048502M,982091101534709,1908,2023-05-11 07:59:37,192,0,48500,107
735028,LL23029207M,984000005032083,1908,2023-05-11 08:03:02,35,0,,28
734709,LL23048502M,982091101534709,1908,2023-05-11 08:03:37,35,0,,20
735028,LL23029207M,984000005032083,1908,2023-05-11 08:04:16,52,0,,29
732966,LL23041902M,982091101532966,1908,2023-05-11 08:05:12,507,0,58000,299
735028,LL23029207M,984000005032083,1908,2023-05-11 08:13:51,164,0,51500,114
737097,LL23037303M,982091101537097,1908,2023-05-11 08:16:39,591,0,53500,497
729902,LL23035307M,982091101529902,1908,2023-05-11 08:26:34,164,0,49000,101
732909,LL23042102M,982091101532909,1908,2023-05-11 08:29:22,326,0,47000,149
735028,LL23029207M,984000005032083,1908,2023-05-11 08:34:52,595,0,51500,373
734692,LL23050302M,982091101534692,1908,2023-05-11 08:44:59,470,0,45000,193
735083,LL23029205M,982091101535083,1908,2023-05-11 08:52:49,619,0,46500,310
734731,LL23052101M,982091101534731,1908,2023-05-11 09:03:16,385,0,54000,210
734709,LL23048502M,982091101534709,1908,2023-05-11 09:10:01,359,0,48500,193
729889,LL23037601M,982091101529889,1908,2023-05-11 09:16:12,879,0,60500,526
729902,LL23035307M,982091101529902,1908,2023-05-11 09:31:16,347,0,49000,223
732923,LL23042101M,982091101532923,1908,2023-05-11 09:37:03,414,0,45500,291
729902,LL23035307M,982091101529902,1908,2023-05-11 09:43:57,347,0,49500,233
734709,LL23048502M,982091101534709,1908,2023-05-11 09:49:56,9,0,,2
729902,LL23035307M,982091101529902,1908,2023-05-11 09:50:05,21,0,,21
732909,LL23042102M,982091101532909,1908,2023-05-11 09:50:31,905,0,47500,467
729902,LL23035307M,982091101529902,1908,2023-05-11 10:05:56,826,0,49500,366
734709,LL23048502M,982091101534709,1908,2023-05-11 10:21:46,173,0,48500,89
735028,LL23029207M,984000005032083,1908,2023-05-11 10:24:47,718,0,52500,486
735028,LL23029207M,984000005032083,1908,2023-05-11 10:42:39,265,0,52500,171
732966,LL23041902M,982091101532966,1908,2023-05-11 10:53:23,1148,0,59000,566
737148,LL23051105M,982091101537148,1908,2023-05-11 11:12:35,822,0,50500,655
734692,LL23050302M,982091101534692,1908,2023-05-11 11:27:21,314,0,44500,143
734751,LL23052303M,982091101534751,1908,2023-05-11 11:33:07,619,0,45000,383
734731,LL23052101M,982091101534731,1908,2023-05-11 11:43:45,752,0,54000,377
734692,LL23050302M,982091101534692,1908,2023-05-11 11:56:41,406,0,44500,239
729889,LL23037601M,982091101529889,1908,2023-05-11 12:03:39,438,0,60500,261
729889,LL23037601M,982091101529889,1908,2023-05-11 12:20:09,139,0,61500,96
734692,LL23050302M,982091101534692,1908,2023-05-11 12:25:01,290,0,44500,77
735028,LL23029207M,984000005032083,1908,2023-05-11 12:37:13,553,0,53500,333
734692,LL23050302M,982091101534692,1908,2023-05-11 12:48:26,141,0,45000,56
732923,LL23042101M,982091101532923,1908,2023-05-11 12:51:11,39,0,,19
735083,LL23029205M,982091101535083,1908,2023-05-11 12:52:30,685,0,46500,344
734709,LL23048502M,982091101534709,1908,2023-05-11 13:04:08,730,0,48500,347
735028,LL23029207M,984000005032083,1908,2023-05-11 13:17:54,239,0,53000,129
734731,LL23052101M,982091101534731,1908,2023-05-11 13:22:34,499,0,54000,229
735083,LL23029205M,982091101535083,1908,2023-05-11 13:30:53,161,0,46500,8
729897,LL23038102M,982091101529897,1908,2023-05-11 13:53:13,852,0,48000,350
737148,LL23051105M,982091101537148,1908,2023-05-11 14:07:33,484,0,50500,365
729889,LL23037601M,982091101529889,1908,2023-05-11 14:16:49,415,0,61000,169
737148,LL23051105M,982091101537148,1908,2023-05-11 14:24:16,60,0,,21
732966,LL23041902M,982091101532966,1908,2023-05-11 14:25:36,150,0,59500,45
734751,LL23052303M,982091101534751,1908,2023-05-11 14:28:46,586,0,45000,379
735034,LL23026202M,982091101535034,1908,2023-05-11 14:38:44,1465,0,57500,598
734751,LL23052303M,982091101534751,1908,2023-05-11 15:03:21,68,0,46750,4
735083,LL23029205M,982091101535083,1908,2023-05-11 15:04:54,706,0,47000,368
732923,LL23042101M,982091101532923,1908,2023-05-11 15:16:48,98,0,44500,55
732909,LL23042102M,982091101532909,1908,2023-05-11 15:18:30,1200,0,47500,557
729897,LL23038102M,982091101529897,1908,2023-05-11 15:38:38,270,0,48000,161
734751,LL23052303M,982091101534751,1908,2023-05-11 15:43:24,231,0,45500,121
734692,LL23050302M,982091101534692,1908,2023-05-11 15:47:20,458,0,44500,219
732923,LL23042101M,982091101532923,1908,2023-05-11 15:54:58,533,0,44500,294
734692,LL23050302M,982091101534692,1908,2023-05-11 16:04:03,431,0,45000,253
729897,LL23038102M,982091101529897,1908,2023-05-11 16:11:26,272,0,48500,117
735083,LL23029205M,982091101535083,1908,2023-05-11 16:16:18,348,0,47000,29
732966,LL23041902M,982091101532966,1908,2023-05-11 16:22:38,453,0,58500,249
732909,LL23042102M,982091101532909,1908,2023-05-11 16:30:23,112,0,48000,26
729889,LL23037601M,982091101529889,1908,2023-05-11 16:32:19,915,0,60500,554
729902,LL23035307M,982091101529902,1908,2023-05-11 16:47:38,17,0,,17
737097,LL23037303M,982091101537097,1908,2023-05-11 16:47:59,595,0,52500,417
737148,LL23051105M,982091101537148,1908,2023-05-11 16:59:10,487,0,51000,362
734709,LL23048502M,982091101534709,1908,2023-05-11 17:26:03,724,0,48000,400
737148,LL23051105M,982091101537148,1908,2023-05-11 17:52:25,157,0,50500,122
729902,LL23035307M,982091101529902,1908,2023-05-11 17:56:46,617,0,49500,319
732923,LL23042101M,982091101532923,1908,2023-05-11 18:08:55,410,0,45000,225
734692,LL23050302M,982091101534692,1908,2023-05-11 18:16:25,64,0,45000,32
732923,LL23042101M,982091101532923,1908,2023-05-11 18:19:16,87,0,45500,18
729889,LL23037601M,982091101529889,1908,2023-05-11 18:35:01,348,0,61000,224
735083,LL23029205M,982091101535083,1908,2023-05-11 18:42:50,462,0,47000,142
737148,LL23051105M,982091101537148,1908,2023-05-11 19:09:47,361,0,51000,319
734731,LL23052101M,982091101534731,1908,2023-05-11 19:17:51,1259,0,54500,810
737148,LL23051105M,982091101537148,1908,2023-05-11 19:39:02,219,0,51500,185
729902,LL23035307M,982091101529902,1908,2023-05-11 19:43:09,51,0,,46
732966,LL23041902M,982091101532966,1908,2023-05-11 19:44:09,782,0,59000,578
729897,LL23038102M,982091101529897,1908,2023-05-11 19:57:23,600,0,49000,308
734751,LL23052303M,982091101534751,1908,2023-05-11 20:07:27,399,0,45500,241
732909,LL23042102M,982091101532909,1908,2023-05-11 20:14:14,662,0,48000,328
735034,LL23026202M,982091101535034,1908,2023-05-11 20:25:24,1791,0,58000,770
732909,LL23042102M,982091101532909,1908,2023-05-11 21:10:04,435,0,48000,119
734731,LL23052101M,982091101534731,1908,2023-05-11 21:19:23,676,0,54750,409
734692,LL23050302M,982091101534692,1908,2023-05-11 21:30:48,557,0,45000,326
732909,LL23042102M,982091101532909,1908,2023-05-11 21:40:25,474,0,48500,260
732909,LL23042102M,982091101532909,1908,2023-05-11 21:50:19,65,0,48500,23
737148,LL23051105M,982091101537148,1908,2023-05-11 22:03:06,128,0,52500,92
734751,LL23052303M,982091101534751,1908,2023-05-11 22:05:50,609,0,45500,410
735083,LL23029205M,982091101535083,1908,2023-05-11 22:15:59,349,0,46500,210
735028,LL23029207M,984000005032083,1908,2023-05-11 22:21:56,614,0,52000,399
737097,LL23037303M,982091101537097,1908,2023-05-11 22:32:26,759,0,53000,556
732909,LL23042102M,982091101532909,1908,2023-05-11 22:45:37,17,0,,8
735083,LL23029205M,982091101535083,1908,2023-05-11 22:46:30,726,0,47000,385
734692,LL23050302M,982091101534692,1908,2023-05-11 22:58:40,97,0,45500,45
729897,LL23038102M,982091101529897,1908,2023-05-11 23:00:21,532,0,49000,273
734692,LL23050302M,982091101534692,1908,2023-05-11 23:09:30,78,0,45500,54
734709,LL23048502M,982091101534709,1908,2023-05-11 23:10:56,918,0,48500,485
734692,LL23050302M,982091101534692,1908,2023-05-11 23:26:34,216,0,45500,144
734751,LL23052303M,982091101534751,1908,2023-05-11 23:30:34,314,0,45500,142
735034,LL23026202M,982091101535034,1908,2023-05-11 23:36:31,714,0,59500,277
734709,LL23048502M,982091101534709,1908,2023-05-11 23:54:41,240,0,48500,96
734692,LL23050302M,982091101534692,1908,2023-05-12 00:00:41,134,0,45500,85
735034,LL23026202M,982091101535034,1908,2023-05-12 00:03:07,480,0,59500,246
734709,LL23048502M,982091101534709,1908,2023-05-12 00:11:56,142,0,48500,80
734692,LL23050302M,982091101534692,1908,2023-05-12 00:15:23,12,0,,1
732909,LL23042102M,982091101532909,1908,2023-05-12 00:17:35,79,0,49000,37
734751,LL23052303M,982091101534751,1908,2023-05-12 00:47:12,303,0,46000,194
734709,LL23048502M,982091101534709,1908,2023-05-12 01:01:10,605,0,49000,303
729897,LL23038102M,982091101529897,1908,2023-05-12 01:22:30,729,0,49000,284
729897,LL23038102M,982091101529897,1908,2023-05-12 01:43:03,213,0,49000,77
737148,LL23051105M,982091101537148,1908,2023-05-12 01:55:01,238,0,52500,200
729897,LL23038102M,982091101529897,1908,2023-05-12 02:08:06,42,0,,20
729897,LL23038102M,982091101529897,1908,2023-05-12 02:12:59,57,0,,29
729897,LL23038102M,982091101529897,1908,2023-05-12 02:16:28,67,0,49500,29
737097,LL23037303M,982091101537097,1908,2023-05-12 02:25:00,577,0,53500,454
734709,LL23048502M,982091101534709,1908,2023-05-12 02:35:13,312,0,49500,106
732923,LL23042101M,982091101532923,1908,2023-05-12 02:41:29,891,0,45000,434
729897,LL23038102M,982091101529897,1908,2023-05-12 02:56:20,399,0,49500,174
737097,LL23037303M,982091101537097,1908,2023-05-12 03:05:03,63,0,53500,50
732966,LL23041902M,982091101532966,1908,2023-05-12 03:08:41,270,0,59500,160
735028,LL23029207M,984000005032083,1908,2023-05-12 03:13:39,641,0,51500,363
729897,LL23038102M,982091101529897,1908,2023-05-12 03:24:52,115,0,49500,72
734751,LL23052303M,982091101534751,1908,2023-05-12 03:26:55,187,0,46500,104
729897,LL23038102M,982091101529897,1908,2023-05-12 03:30:02,16,0,,4
735034,LL23026202M,982091101535034,1908,2023-05-12 03:30:18,875,0,61000,433
737097,LL23037303M,982091101537097,1908,2023-05-12 03:45:17,63,0,53500,38
729897,LL23038102M,982091101529897,1908,2023-05-12 03:51:14,61,0,50000,31
732966,LL23041902M,982091101532966,1908,2023-05-12 04:16:39,685,0,58500,423
735034,LL23026202M,982091101535034,1908,2023-05-12 04:28:55,95,0,61000,28
729889,LL23037601M,982091101529889,1908,2023-05-12 04:33:46,959,0,61500,528
737097,LL23037303M,982091101537097,1908,2023-05-12 05:06:48,389,0,54000,304
735034,LL23026202M,982091101535034,1908,2023-05-12 05:16:53,135,0,60500,59
735028,LL23029207M,984000005032083,1908,2023-05-12 05:19:28,193,0,52500,133
735034,LL23026202M,982091101535034,1908,2023-05-12 05:22:57,55,0,,20
735083,LL23029205M,982091101535083,1908,2023-05-12 05:24:08,383,0,47000,190
729902,LL23035307M,982091101529902,1908,2023-05-12 05:30:35,1123,0,49500,159
734751,LL23052303M,982091101534751,1908,2023-05-12 05:49:30,438,0,46000,269
729897,LL23038102M,982091101529897,1908,2023-05-12 05:56:52,516,0,50000,247
729902,LL23035307M,982091101529902,1908,2023-05-12 06:05:40,351,0,49000,74
735028,LL23029207M,984000005032083,1908,2023-05-12 06:11:39,547,0,52500,313
732923,LL23042101M,982091101532923,1908,2023-05-12 06:20:59,379,0,46000,187
737148,LL23051105M,982091101537148,1908,2023-05-12 06:27:38,515,0,52000,443
737097,LL23037303M,982091101537097,1908,2023-05-12 06:36:45,165,0,54500,130
734709,LL23048502M,982091101534709,1908,2023-05-12 06:44:14,519,0,49500,252
732923,LL23042101M,982091101532923,1908,2023-05-12 07:21:43,204,0,46000,93
729889,LL23037601M,982091101529889,1908,2023-05-12 07:26:46,683,0,61500,360
734731,LL23052101M,982091101534731,1908,2023-05-12 07:41:26,589,0,55500,290
735083,LL23029205M,982091101535083,1908,2023-05-12 07:51:35,84,0,47000,32
732966,LL23041902M,982091101532966,1908,2023-05-12 07:53:07,1037,0,60000,581
735083,LL23029205M,982091101535083,1908,2023-05-12 08:10:33,554,0,47000,152
732923,LL23042101M,982091101532923,1908,2023-05-12 08:20:11,280,0,46000,179
735083,LL23029205M,982091101535083,1908,2023-05-12 08:24:55,268,0,47500,138
729902,LL23035307M,982091101529902,1908,2023-05-12 08:29:36,311,0,48500,59
735028,LL23029207M,984000005032083,1908,2023-05-12 08:35:00,727,0,53500,440
729902,LL23035307M,982091101529902,1908,2023-05-12 08:47:11,595,0,48500,106
734731,LL23052101M,982091101534731,1908,2023-05-12 08:57:18,710,0,55000,468
729902,LL23035307M,982091101529902,1908,2023-05-12 09:09:16,329,0,48500,84
732909,LL23042102M,982091101532909,1908,2023-05-12 09:14:53,1404,0,48000,720
734692,LL23050302M,982091101534692,1908,2023-05-12 09:38:22,426,0,44500,230
734751,LL23052303M,982091101534751,1908,2023-05-12 09:45:48,768,0,46000,474
734709,LL23048502M,982091101534709,1908,2023-05-12 09:58:48,875,0,49000,530
729902,LL23035307M,982091101529902,1908,2023-05-12 10:13:47,30,0,,23
735028,LL23029207M,984000005032083,1908,2023-05-12 10:14:41,129,0,53500,86
732923,LL23042101M,982091101532923,1908,2023-05-12 10:16:54,655,0,45500,432
734731,LL23052101M,982091101534731,1908,2023-05-12 10:27:49,503,0,55000,281
729902,LL23035307M,982091101529902,1908,2023-05-12 10:36:20,388,0,49000,206
732966,LL23041902M,982091101532966,1908,2023-05-12 10:42:52,621,0,60500,436
734692,LL23050302M,982091101534692,1908,2023-05-12 10:54:45,591,0,44500,333
734709,LL23048502M,982091101534709,1908,2023-05-12 11:09:59,690,0,49000,382
729889,LL23037601M,982091101529889,1908,2023-05-12 11:21:41,469,0,61500,382
735083,LL23029205M,982091101535083,1908,2023-05-12 11:29:37,753,0,47000,373
735028,LL23029207M,984000005032083,1908,2023-05-12 11:42:38,507,0,53500,372
734692,LL23050302M,982091101534692,1908,2023-05-12 11:51:13,103,0,45000,67
729889,LL23037601M,982091101529889,1908,2023-05-12 11:53:29,614,0,61500,387
737148,LL23051105M,982091101537148,1908,2023-05-12 12:04:03,751,0,51500,639
735083,LL23029205M,982091101535083,1908,2023-05-12 12:16:57,677,0,47000,185
729902,LL23035307M,982091101529902,1908,2023-05-12 12:28:26,1463,0,49000,756
732909,LL23042102M,982091101532909,1908,2023-05-12 13:25:03,82,0,49500,31
732909,LL23042102M,982091101532909,1908,2023-05-12 13:30:01,53,0,,22
735028,LL23029207M,984000005032083,1908,2023-05-12 13:35:03,549,0,53500,422
732909,LL23042102M,982091101532909,1908,2023-05-12 13:44:32,563,0,49500,262
732966,LL23041902M,982091101532966,1908,2023-05-12 14:04:00,403,0,61000,253
732966,LL23041902M,982091101532966,1908,2023-05-12 14:12:44,372,0,61000,275
734692,LL23050302M,982091101534692,1908,2023-05-12 14:26:51,456,0,46000,262
729889,LL23037601M,982091101529889,1908,2023-05-12 14:34:51,546,0,62500,340
734751,LL23052303M,982091101534751,1908,2023-05-12 14:44:53,233,0,46000,104
729897,LL23038102M,982091101529897,1908,2023-05-12 14:48:58,684,0,49500,267
734692,LL23050302M,982091101534692,1908,2023-05-12 15:00:26,107,0,46000,65
735083,LL23029205M,982091101535083,1908,2023-05-12 15:02:21,742,0,49000,398
729889,LL23037601M,982091101529889,1908,2023-05-12 15:14:51,36,0,,2
737148,LL23051105M,982091101537148,1908,2023-05-12 15:16:39,367,0,52000,283
729889,LL23037601M,982091101529889,1908,2023-05-12 15:23:02,9,0,,1
737097,LL23037303M,982091101537097,1908,2023-05-12 15:23:51,653,0,54000,513
737148,LL23051105M,982091101537148,1908,2023-05-12 15:34:52,160,0,52500,137
734751,LL23052303M,982091101534751,1908,2023-05-12 15:42:08,440,0,46500,230
729902,LL23035307M,982091101529902,1908,2023-05-12 15:50:00,486,0,50500,200
734731,LL23052101M,982091101534731,1908,2023-05-12 15:58:35,1055,0,55000,568
734692,LL23050302M,982091101534692,1908,2023-05-12 16:16:18,86,0,46000,50
737148,LL23051105M,982091101537148,1908,2023-05-12 16:19:25,167,0,53000,125
732923,LL23042101M,982091101532923,1908,2023-05-12 16:22:32,560,0,46500,259
729897,LL23038102M,982091101529897,1908,2023-05-12 16:31:56,663,0,49000,262
729897,LL23038102M,982091101529897,1908,2023-05-12 16:45:43,149,0,49500,18
734709,LL23048502M,982091101534709,1908,2023-05-12 16:51:27,601,0,49500,187
729889,LL23037601M,982091101529889,1908,2023-05-12 17:01:48,407,0,63000,142
735083,LL23029205M,982091101535083,1908,2023-05-12 17:09:23,66,0,49000,7
732966,LL23041902M,982091101532966,1908,2023-05-12 17:20:42,126,0,61000,89
737148,LL23051105M,982091101537148,1908,2023-05-12 17:47:16,188,0,53500,143
732909,LL23042102M,982091101532909,1908,2023-05-12 17:56:08,90,0,49500,27
732909,LL23042102M,982091101532909,1908,2023-05-12 17:59:39,46,0,,13
734751,LL23052303M,982091101534751,1908,2023-05-12 18:01:22,357,0,46500,134
737148,LL23051105M,982091101537148,1908,2023-05-12 18:07:43,24,0,,4
735083,LL23029205M,982091101535083,1908,2023-05-12 18:09:56,65,0,48500,7
734751,LL23052303M,982091101534751,1908,2023-05-12 18:11:06,168,0,46000,31
735034,LL23026202M,982091101535034,1908,2023-05-12 18:14:02,829,0,57500,102
737148,LL23051105M,982091101537148,1908,2023-05-12 18:28:27,265,0,53000,1
735034,LL23026202M,982091101535034,1908,2023-05-12 18:33:16,500,0,57000,51
735034,LL23026202M,982091101535034,1908,2023-05-12 18:43:40,1042,0,57500,340
732909,LL23042102M,982091101532909,1908,2023-05-12 19:02:32,932,0,49000,145
732909,LL23042102M,982091101532909,1908,2023-05-12 19:20:05,636,0,49000,239
732909,LL23042102M,982091101532909,1908,2023-05-12 19:30:45,60,0,,7
732909,LL23042102M,982091101532909,1908,2023-05-12 19:31:47,36,0,,6
735083,LL23029205M,982091101535083,1908,2023-05-12 19:32:35,453,0,48500,110
734692,LL23050302M,982091101534692,1908,2023-05-12 19:40:12,279,0,46000,63
732909,LL23042102M,982091101532909,1908,2023-05-12 19:45:18,19,0,,3
729902,LL23035307M,982091101529902,1908,2023-05-12 19:46:41,301,0,50500,108
734692,LL23050302M,982091101534692,1908,2023-05-12 19:52:51,67,0,45500,6
729902,LL23035307M,982091101529902,1908,2023-05-12 19:54:02,263,0,50500,75
734731,LL23052101M,982091101534731,1908,2023-05-12 19:58:25,811,0,56000,342
737148,LL23051105M,982091101537148,1908,2023-05-12 20:12:24,374,0,52500,224
732923,LL23042101M,982091101532923,1908,2023-05-12 20:18:43,451,0,46000,251
737097,LL23037303M,982091101537097,1908,2023-05-12 20:26:18,215,0,53500,99
735083,LL23029205M,982091101535083,1908,2023-05-12 20:30:17,100,0,48500,14
729897,LL23038102M,982091101529897,1908,2023-05-12 20:32:02,891,0,49000,381
734751,LL23052303M,982091101534751,1908,2023-05-12 20:47:05,383,0,45500,146
734692,LL23050302M,982091101534692,1908,2023-05-12 20:53:32,805,0,46750,390
729889,LL23037601M,982091101529889,1908,2023-05-12 21:07:13,814,0,62500,478
734751,LL23052303M,982091101534751,1908,2023-05-12 21:21:23,122,0,45500,66
732966,LL23041902M,982091101532966,1908,2023-05-12 21:23:29,440,0,60000,158
729902,LL23035307M,982091101529902,1908,2023-05-12 21:31:09,25,0,,21
732966,LL23041902M,982091101532966,1908,2023-05-12 21:31:38,15,0,,11
732909,LL23042102M,982091101532909,1908,2023-05-12 21:31:53,18,0,,7
735028,LL23029207M,984000005032083,1908,2023-05-12 21:32:23,34,0,,26
729902,LL23035307M,982091101529902,1908,2023-05-12 21:33:09,93,0,50500,83
735028,LL23029207M,984000005032083,1908,2023-05-12 21:34:50,498,0,53500,270
735083,LL23029205M,982091101535083,1908,2023-05-12 21:43:16,95,0,48000,44
732909,LL23042102M,982091101532909,1908,2023-05-12 21:44:51,859,0,49500,398
734751,LL23052303M,982091101534751,1908,2023-05-12 21:59:14,660,0,46500,424
735083,LL23029205M,982091101535083,1908,2023-05-12 22:10:22,1031,0,48000,559
737097,LL23037303M,982091101537097,1908,2023-05-12 22:33:00,917,0,53500,688
735034,LL23026202M,982091101535034,1908,2023-05-12 22:48:21,1508,0,59500,695
734731,LL23052101M,982091101534731,1908,2023-05-12 23:13:52,984,0,55500,551
734692,LL23050302M,982091101534692,1908,2023-05-12 23:31:00,445,0,46000,255
735034,LL23026202M,982091101535034,1908,2023-05-12 23:39:01,533,0,58500,183
729897,LL23038102M,982091101529897,1908,2023-05-12 23:49:11,792,0,49500,237
734709,LL23048502M,982091101534709,1908,2023-05-13 00:03:11,967,0,48500,397
732923,LL23042101M,982091101532923,1908,2023-05-13 00:19:30,805,0,45500,440
732909,LL23042102M,982091101532909,1908,2023-05-13 00:32:55,729,0,49500,317
734709,LL23048502M,982091101534709,1908,2023-05-13 00:45:12,472,0,48500,183
734751,LL23052303M,982091101534751,1908,2023-05-13 00:53:17,186,0,46500,33
734709,LL23048502M,982091101534709,1908,2023-05-13 02:17:34,536,0,49500,284
729897,LL23038102M,982091101529897,1908,2023-05-13 02:26:38,334,0,50500,149
734751,LL23052303M,982091101534751,1908,2023-05-13 02:32:28,334,0,46500,81
735034,LL23026202M,982091101535034,1908,2023-05-13 02:38:26,39,0,,5
729889,LL23037601M,982091101529889,1908,2023-05-13 02:41:48,653,0,61500,329
737097,LL23037303M,982091101537097,1908,2023-05-13 02:52:45,126,0,53500,63
734751,LL23052303M,982091101534751,1908,2023-05-13 02:55:59,273,0,46000,91
737097,LL23037303M,982091101537097,1908,2023-05-13 03:00:48,56,0,,1
735034,LL23026202M,982091101535034,1908,2023-05-13 03:02:08,732,0,60000,301
735028,LL23029207M,984000005032083,1908,2023-05-13 03:15:58,32,0,,59
729897,LL23038102M,982091101529897,1908,2023-05-13 03:16:38,31,0,,18
735028,LL23029207M,984000005032083,1908,2023-05-13 03:17:13,813,0,52000,437
734751,LL23052303M,982091101534751,1908,2023-05-13 03:31:02,317,0,47500,141
729897,LL23038102M,982091101529897,1908,2023-05-13 03:36:27,402,0,51000,206
734692,LL23050302M,982091101534692,1908,2023-05-13 03:43:09,18,0,,10
737097,LL23037303M,982091101537097,1908,2023-05-13 03:43:51,382,0,54500,274
729902,LL23035307M,982091101529902,1908,2023-05-13 03:50:18,413,0,50500,64
734709,LL23048502M,982091101534709,1908,2023-05-13 03:57:23,417,0,50000,229
735034,LL23026202M,982091101535034,1908,2023-05-13 04:04:53,300,0,60500,105
737097,LL23037303M,982091101537097,1908,2023-05-13 04:11:29,141,0,54500,77
732966,LL23041902M,982091101532966,1908,2023-05-13 04:14:02,835,0,59000,439
735034,LL23026202M,982091101535034,1908,2023-05-13 04:28:05,204,0,60500,60
729897,LL23038102M,982091101529897,1908,2023-05-13 04:31:41,719,0,50500,162
735034,LL23026202M,982091101535034,1908,2023-05-13 04:46:48,449,0,60500,251
734709,LL23048502M,982091101534709,1908,2023-05-13 04:55:10,123,0,50000,42
735034,LL23026202M,982091101535034,1908,2023-05-13 05:11:45,125,0,60500,55
737097,LL23037303M,982091101537097,1908,2023-05-13 05:38:52,521,0,55000,412
732923,LL23042101M,982091101532923,1908,2023-05-13 05:51:51,694,0,46500,338
732923,LL23042101M,982091101532923,1908,2023-05-13 06:06:01,76,0,46500,24
734751,LL23052303M,982091101534751,1908,2023-05-13 06:08:28,236,0,47000,108
729889,LL23037601M,982091101529889,1908,2023-05-13 06:12:44,177,0,62500,45
737148,LL23051105M,982091101537148,1908,2023-05-13 06:20:01,441,0,51500,403
729902,LL23035307M,982091101529902,1908,2023-05-13 06:27:34,344,0,50500,111
735028,LL23029207M,984000005032083,1908,2023-05-13 06:33:50,165,0,53000,41
732923,LL23042101M,982091101532923,1908,2023-05-13 06:36:39,175,0,46000,19
729889,LL23037601M,982091101529889,1908,2023-05-13 06:40:22,272,0,61000,44
735028,LL23029207M,984000005032083,1908,2023-05-13 06:45:18,629,0,52000,314
735083,LL23029205M,982091101535083,1908,2023-05-13 06:58:30,784,0,48000,400
732923,LL23042101M,982091101532923,1908,2023-05-13 07:37:06,203,0,47000,76
729889,LL23037601M,982091101529889,1908,2023-05-13 07:40:33,209,0,61500,73
737097,LL23037303M,982091101537097,1908,2023-05-13 07:44:26,16,0,,1
729889,LL23037601M,982091101529889,1908,2023-05-13 07:45:03,110,0,61500,20
737097,LL23037303M,982091101537097,1908,2023-05-13 07:47:01,29,0,,1
729902,LL23035307M,982091101529902,1908,2023-05-13 07:47:51,276,0,49500,80
732966,LL23041902M,982091101532966,1908,2023-05-13 07:52:59,998,0,59500,494
729889,LL23037601M,982091101529889,1908,2023-05-13 08:09:41,208,0,61500,20
732966,LL23041902M,982091101532966,1908,2023-05-13 08:13:18,65,0,59000,9
729889,LL23037601M,982091101529889,1908,2023-05-13 08:15:23,542,0,62000,366
729902,LL23035307M,982091101529902,1908,2023-05-13 08:24:29,894,0,50000,180
735028,LL23029207M,984000005032083,1908,2023-05-13 08:39:35,493,0,54500,334
734709,LL23048502M,982091101534709,1908,2023-05-13 08:47:52,767,0,50000,374
729897,LL23038102M,982091101529897,1908,2023-05-13 09:00:51,675,0,50500,390
735083,LL23029205M,982091101535083,1908,2023-05-13 09:12:09,645,0,48500,261
735028,LL23029207M,984000005032083,1908,2023-05-13 09:23:31,132,0,53500,58
734731,LL23052101M,982091101534731,1908,2023-05-13 09:25:51,1591,0,54500,850
732923,LL23042101M,982091101532923,1908,2023-05-13 09:52:30,283,0,47000,181
729902,LL23035307M,982091101529902,1908,2023-05-13 09:57:13,52,0,,44
732909,LL23042102M,982091101532909,1908,2023-05-13 09:58:13,331,0,50000,158
729902,LL23035307M,982091101529902,1908,2023-05-13 10:03:44,48,0,,39
732966,LL23041902M,982091101532966,1908,2023-05-13 10:04:36,715,0,60500,597
734692,LL23050302M,982091101534692,1908,2023-05-13 10:16:39,383,0,45500,200
734751,LL23052303M,982091101534751,1908,2023-05-13 10:23:22,1032,0,46000,649
729902,LL23035307M,982091101529902,1908,2023-05-13 10:40:38,200,0,49500,96
734692,LL23050302M,982091101534692,1908,2023-05-13 10:44:02,25,0,,25
732923,LL23042101M,982091101532923,1908,2023-05-13 10:44:27,855,0,47000,501
729902,LL23035307M,982091101529902,1908,2023-05-13 10:58:54,1222,0,50000,721
735083,LL23029205M,982091101535083,1908,2023-05-13 11:19:16,334,0,48500,193
735028,LL23029207M,984000005032083,1908,2023-05-13 11:24:58,600,0,53500,451
732909,LL23042102M,982091101532909,1908,2023-05-13 11:34:58,1424,0,49500,717
734692,LL23050302M,982091101534692,1908,2023-05-13 11:58:46,105,0,44500,59
729889,LL23037601M,982091101529889,1908,2023-05-13 12:00:31,1171,0,62000,944
734709,LL23048502M,982091101534709,1908,2023-05-13 12:20:14,1084,0,49500,685
732923,LL23042101M,982091101532923,1908,2023-05-13 12:38:31,50,0,,36
735083,LL23029205M,982091101535083,1908,2023-05-13 12:39:33,738,0,48500,357
735028,LL23029207M,984000005032083,1908,2023-05-13 12:52:03,576,0,54000,398
735028,LL23029207M,984000005032083,1908,2023-05-13 13:03:40,157,0,54500,107
734692,LL23050302M,982091101534692,1908,2023-05-13 13:06:46,819,0,45000,477
734731,LL23052101M,982091101534731,1908,2023-05-13 13:20:25,790,0,55000,449
729902,LL23035307M,982091101529902,1908,2023-05-13 13:34:12,625,0,51000,360
734709,LL23048502M,982091101534709,1908,2023-05-13 13:44:50,651,0,50000,356
732966,LL23041902M,982091101532966,1908,2023-05-13 14:32:53,828,0,61000,688
737148,LL23051105M,982091101537148,1908,2023-05-13 14:47:25,791,0,51000,740
734692,LL23050302M,982091101534692,1908,2023-05-13 15:01:16,276,0,45500,188
729889,LL23037601M,982091101529889,1908,2023-05-13 15:06:04,369,0,62000,112
732923,LL23042101M,982091101532923,1908,2023-05-13 15:12:21,420,0,74000,223
729897,LL23038102M,982091101529897,1908,2023-05-13 15:19:21,684,0,50000,243
729897,LL23038102M,982091101529897,1908,2023-05-13 15:32:45,196,0,50000,71
729897,LL23038102M,982091101529897,1908,2023-05-13 15:38:02,364,0,50000,129
734751,LL23052303M,982091101534751,1908,2023-05-13 15:44:39,149,0,46500,74
737097,LL23037303M,982091101537097,1908,2023-05-13 15:47:12,308,0,54000,174
735083,LL23029205M,982091101535083,1908,2023-05-13 15:52:20,676,0,49500,101
729889,LL23037601M,982091101529889,1908,2023-05-13 16:04:01,86,0,63000,8
735083,LL23029205M,982091101535083,1908,2023-05-13 16:06:19,936,0,50000,424
729889,LL23037601M,982091101529889,1908,2023-05-13 16:23:56,540,0,63500,349
734751,LL23052303M,982091101534751,1908,2023-05-13 16:34:45,340,0,46000,105
735083,LL23029205M,982091101535083,1908,2023-05-13 16:41:02,69,0,49500,1
729897,LL23038102M,982091101529897,1908,2023-05-13 16:44:54,141,0,50000,61
732966,LL23041902M,982091101532966,1908,2023-05-13 16:50:51,443,0,61500,311
734751,LL23052303M,982091101534751,1908,2023-05-13 17:02:55,35,0,,11
734731,LL23052101M,982091101534731,1908,2023-05-13 17:03:42,873,0,56000,400
735028,LL23029207M,984000005032083,1908,2023-05-13 17:19:27,424,0,55000,239
729897,LL23038102M,982091101529897,1908,2023-05-13 17:34:34,120,0,54500,51
737148,LL23051105M,982091101537148,1908,2023-05-13 17:36:46,447,0,52000,309
734709,LL23048502M,982091101534709,1908,2023-05-13 17:44:37,393,0,50500,166
734751,LL23052303M,982091101534751,1908,2023-05-13 18:15:45,516,0,45500,356
734692,LL23050302M,982091101534692,1908,2023-05-13 18:24:37,198,0,46500,91
737148,LL23051105M,982091101537148,1908,2023-05-13 18:42:23,268,0,52500,200
729889,LL23037601M,982091101529889,1908,2023-05-13 19:39:06,547,0,63500,288
737148,LL23051105M,982091101537148,1908,2023-05-13 19:48:29,436,0,52500,336
729902,LL23035307M,982091101529902,1908,2023-05-13 19:55:53,734,0,51500,434
729902,LL23035307M,982091101529902,1908,2023-05-13 20:11:11,89,0,50000,16
732966,LL23041902M,982091101532966,1908,2023-05-13 20:14:36,53,0,,35
732909,LL23042102M,982091101532909,1908,2023-05-13 20:23:24,729,0,50000,289
737097,LL23037303M,982091101537097,1908,2023-05-13 20:35:41,719,0,54500,589
735083,LL23029205M,982091101535083,1908,2023-05-13 20:47:40,625,0,49500,345
734731,LL23052101M,982091101534731,1908,2023-05-13 20:59:54,1061,0,56500,614
732909,LL23042102M,982091101532909,1908,2023-05-13 21:17:48,655,0,50000,327
732923,LL23042101M,982091101532923,1908,2023-05-13 21:28:47,443,0,47000,253
734692,LL23050302M,982091101534692,1908,2023-05-13 21:43:34,840,0,47000,429
732909,LL23042102M,982091101532909,1908,2023-05-13 21:57:58,133,0,50500,50
732909,LL23042102M,982091101532909,1908,2023-05-13 22:01:07,330,0,50500,86
729897,LL23038102M,982091101529897,1908,2023-05-13 22:06:49,816,0,50500,334
735034,LL23026202M,982091101535034,1908,2023-05-13 22:20:29,1988,0,58000,996
729897,LL23038102M,982091101529897,1908,2023-05-13 22:53:45,187,0,50500,112
732909,LL23042102M,982091101532909,1908,2023-05-13 22:57:01,164,0,51000,66
729902,LL23035307M,982091101529902,1908,2023-05-13 22:59:53,204,0,52000,130
729889,LL23037601M,982091101529889,1908,2023-05-13 23:09:11,959,0,64000,806
732909,LL23042102M,982091101532909,1908,2023-05-13 23:25:30,595,0,51500,291
734731,LL23052101M,982091101534731,1908,2023-05-13 23:35:37,834,0,57000,499
732923,LL23042101M,982091101532923,1908,2023-05-13 23:49:35,316,0,47000,166
732923,LL23042101M,982091101532923,1908,2023-05-13 23:55:38,231,0,47000,184
737148,LL23051105M,982091101537148,1908,2023-05-14 00:03:46,520,0,54500,499
735083,LL23029205M,982091101535083,1908,2023-05-14 00:14:09,609,0,50000,342
732909,LL23042102M,982091101532909,1908,2023-05-14 00:25:54,12,0,,5
732909,LL23042102M,982091101532909,1908,2023-05-14 00:34:32,27,0,,5
734731,LL23052101M,982091101534731,1908,2023-05-14 00:35:19,107,0,56500,59
734692,LL23050302M,982091101534692,1908,2023-05-14 00:47:49,25,0,,3
737097,LL23037303M,982091101537097,1908,2023-05-14 00:52:23,665,0,54500,565
734751,LL23052303M,982091101534751,1908,2023-05-14 01:03:28,846,0,46500,517
734692,LL23050302M,982091101534692,1908,2023-05-14 01:17:42,392,0,46500,191
734751,LL23052303M,982091101534751,1908,2023-05-14 01:24:46,282,0,46500,183
734692,LL23050302M,982091101534692,1908,2023-05-14 01:29:45,174,0,46500,102
735034,LL23026202M,982091101535034,1908,2023-05-14 01:32:55,312,0,60000,89
734692,LL23050302M,982091101534692,1908,2023-05-14 01:41:15,103,0,47000,52
734709,LL23048502M,982091101534709,1908,2023-05-14 01:52:59,1019,0,49500,428
729897,LL23038102M,982091101529897,1908,2023-05-14 02:10:14,574,0,50500,230
735034,LL23026202M,982091101535034,1908,2023-05-14 02:20:00,734,0,59500,221
734692,LL23050302M,982091101534692,1908,2023-05-14 02:36:00,25,0,,4
734709,LL23048502M,982091101534709,1908,2023-05-14 03:38:41,502,0,49500,279
734731,LL23052101M,982091101534731,1908,2023-05-14 03:47:11,149,0,57500,76
734709,LL23048502M,982091101534709,1908,2023-05-14 03:50:04,194,0,50500,77
735034,LL23026202M,982091101535034,1908,2023-05-14 03:59:47,637,0,60000,315
735028,LL23029207M,984000005032083,1908,2023-05-14 04:10:40,810,0,52500,256
729897,LL23038102M,982091101529897,1908,2023-05-14 04:24:14,453,0,50500,210
732966,LL23041902M,982091101532966,1908,2023-05-14 04:31:51,606,0,59500,268
734751,LL23052303M,982091101534751,1908,2023-05-14 04:42:21,123,0,47500,11
735083,LL23029205M,982091101535083,1908,2023-05-14 04:44:45,52,0,,9
734709,LL23048502M,982091101534709,1908,2023-05-14 04:45:53,670,0,50500,281
735083,LL23029205M,982091101535083,1908,2023-05-14 04:57:15,415,0,49500,153
729897,LL23038102M,982091101529897,1908,2023-05-14 05:05:26,190,0,51000,45
737097,LL23037303M,982091101537097,1908,2023-05-14 05:08:56,76,0,55500,20
729897,LL23038102M,982091101529897,1908,2023-05-14 05:10:40,29,0,,4
737097,LL23037303M,982091101537097,1908,2023-05-14 05:11:17,446,0,55000,363
735034,LL23026202M,982091101535034,1908,2023-05-14 05:18:43,1108,0,60500,337
737097,LL23037303M,982091101537097,1908,2023-05-14 05:37:59,206,0,55500,150
729897,LL23038102M,982091101529897,1908,2023-05-14 05:41:45,51,0,,20
729897,LL23038102M,982091101529897,1908,2023-05-14 06:01:52,244,0,51500,135
737148,LL23051105M,982091101537148,1908,2023-05-14 06:10:06,326,0,53500,298
732966,LL23041902M,982091101532966,1908,2023-05-14 06:16:00,287,0,60500,98
735028,LL23029207M,984000005032083,1908,2023-05-14 06:21:27,140,0,53000,38
732923,LL23042101M,982091101532923,1908,2023-05-14 06:23:51,807,0,47000,309
729897,LL23038102M,982091101529897,1908,2023-05-14 06:37:22,58,0,,35
732966,LL23041902M,982091101532966,1908,2023-05-14 06:38:24,708,0,60500,444
735028,LL23029207M,984000005032083,1908,2023-05-14 06:50:28,423,0,52500,230
729902,LL23035307M,982091101529902,1908,2023-05-14 06:58:07,518,0,51000,114
735028,LL23029207M,984000005032083,1908,2023-05-14 07:06:57,396,0,102500,294
729897,LL23038102M,982091101529897,1908,2023-05-14 07:13:57,335,0,51000,213
737097,LL23037303M,982091101537097,1908,2023-05-14 07:51:32,45,0,,13
729889,LL23037601M,982091101529889,1908,2023-05-14 07:53:21,543,0,63500,332
735083,LL23029205M,982091101535083,1908,2023-05-14 08:02:36,52,0,,13
737097,LL23037303M,982091101537097,1908,2023-05-14 08:03:40,207,0,56000,185
735083,LL23029205M,982091101535083,1908,2023-05-14 08:07:11,443,0,49000,235
734751,LL23052303M,982091101534751,1908,2023-05-14 08:15:15,92,0,46000,56
735034,LL23026202M,982091101535034,1908,2023-05-14 08:16:51,861,0,61500,398
734692,LL23050302M,982091101534692,1908,2023-05-14 08:31:21,591,0,46500,293
735028,LL23029207M,984000005032083,1908,2023-05-14 08:41:28,269,0,54000,167
729902,LL23035307M,982091101529902,1908,2023-05-14 08:46:01,773,0,51000,191
729889,LL23037601M,982091101529889,1908,2023-05-14 08:59:01,487,0,63000,343
732923,LL23042101M,982091101532923,1908,2023-05-14 09:07:24,750,0,47000,425
732923,LL23042101M,982091101532923,1908,2023-05-14 09:29:03,200,0,47000,57
737148,LL23051105M,982091101537148,1908,2023-05-14 09:42:25,306,0,53500,270
734751,LL23052303M,982091101534751,1908,2023-05-14 09:47:35,705,0,46500,519
732909,LL23042102M,982091101532909,1908,2023-05-14 10:27:36,226,0,49750,82
735083,LL23029205M,982091101535083,1908,2023-05-14 10:31:46,270,0,49000,141
732909,LL23042102M,982091101532909,1908,2023-05-14 10:37:28,483,0,49500,244
729897,LL23038102M,982091101529897,1908,2023-05-14 10:45:39,325,0,51500,187
734709,LL23048502M,982091101534709,1908,2023-05-14 10:51:04,1059,0,49500,612
732923,LL23042101M,982091101532923,1908,2023-05-14 11:09:23,54,0,,22
732966,LL23041902M,982091101532966,1908,2023-05-14 11:10:17,1137,0,61500,816
735083,LL23029205M,982091101535083,1908,2023-05-14 11:29:18,191,0,49000,115
735028,LL23029207M,984000005032083,1908,2023-05-14 11:32:58,824,0,53500,628
734731,LL23052101M,982091101534731,1908,2023-05-14 11:46:42,1423,0,56000,874
735083,LL23029205M,982091101535083,1908,2023-05-14 12:10:33,197,0,49000,148
732909,LL23042102M,982091101532909,1908,2023-05-14 12:13:50,661,0,50000,381
729902,LL23035307M,982091101529902,1908,2023-05-14 12:24:55,1509,0,50500,343
734692,LL23050302M,982091101534692,1908,2023-05-14 12:50:08,531,0,46000,293
729902,LL23035307M,982091101529902,1908,2023-05-14 12:59:15,693,0,51000,402
734692,LL23050302M,982091101534692,1908,2023-05-14 13:10:57,131,0,46500,80
734709,LL23048502M,982091101534709,1908,2023-05-14 13:13:16,833,0,51000,464
729902,LL23035307M,982091101529902,1908,2023-05-14 13:27:13,116,0,51000,60
732923,LL23042101M,982091101532923,1908,2023-05-14 13:29:13,510,0,47500,320
732923,LL23042101M,982091101532923,1908,2023-05-14 13:37:47,304,0,48000,170
735083,LL23029205M,982091101535083,1908,2023-05-14 13:42:59,1197,0,50500,650
729889,LL23037601M,982091101529889,1908,2023-05-14 14:03:33,729,0,63000,479
734692,LL23050302M,982091101534692,1908,2023-05-14 14:15:58,33,0,,15
732909,LL23042102M,982091101532909,1908,2023-05-14 14:16:45,772,0,50000,276
734692,LL23050302M,982091101534692,1908,2023-05-14 14:29:41,132,0,46500,80
729889,LL23037601M,982091101529889,1908,2023-05-14 14:32:01,258,0,63000,152
737148,LL23051105M,982091101537148,1908,2023-05-14 14:37:39,472,0,53000,469
734731,LL23052101M,982091101534731,1908,2023-05-14 14:45:55,170,0,57500,113
732966,LL23041902M,982091101532966,1908,2023-05-14 14:50:06,10,0,,2
729902,LL23035307M,982091101529902,1908,2023-05-14 14:50:21,31,0,,22
734751,LL23052303M,982091101534751,1908,2023-05-14 14:50:52,41,0,,26
737097,LL23037303M,982091101537097,1908,2023-05-14 14:51:37,470,0,55000,432
734709,LL23048502M,982091101534709,1908,2023-05-14 14:59:44,425,0,51500,231
734731,LL23052101M,982091101534731,1908,2023-05-14 15:07:09,404,0,57500,281
734692,LL23050302M,982091101534692,1908,2023-05-14 15:13:53,36,0,,35
735028,LL23029207M,984000005032083,1908,2023-05-14 15:14:53,467,0,55000,339
734692,LL23050302M,982091101534692,1908,2023-05-14 15:23:13,155,0,46500,102
734751,LL23052303M,982091101534751,1908,2023-05-14 15:25:56,460,0,46500,290
735034,LL23026202M,982091101535034,1908,2023-05-14 15:34:39,1065,0,60500,474
732966,LL23041902M,982091101532966,1908,2023-05-14 15:52:24,576,0,61500,411
734731,LL23052101M,982091101534731,1908,2023-05-14 16:02:08,164,0,55500,92
729889,LL23037601M,982091101529889,1908,2023-05-14 16:04:57,186,0,63000,136
734692,LL23050302M,982091101534692,1908,2023-05-14 16:08:03,357,0,47000,212
734731,LL23052101M,982091101534731,1908,2023-05-14 16:15:57,116,0,57500,77
734692,LL23050302M,982091101534692,1908,2023-05-14 16:18:05,198,0,47000,75
735028,LL23029207M,984000005032083,1908,2023-05-14 16:28:13,457,0,55000,303
732966,LL23041902M,982091101532966,1908,2023-05-14 16:35:58,333,0,62000,243
729889,LL23037601M,982091101529889,1908,2023-05-14 16:42:51,775,0,64000,338
737148,LL23051105M,982091101537148,1908,2023-05-14 16:58:19,483,0,53000,386
734692,LL23050302M,982091101534692,1908,2023-05-14 17:13:48,187,0,47500,97
729897,LL23038102M,982091101529897,1908,2023-05-14 17:18:31,511,0,50000,209
732966,LL23041902M,982091101532966,1908,2023-05-14 17:27:06,150,0,62500,84
735083,LL23029205M,982091101535083,1908,2023-05-14 17:30:08,617,0,50500,348
737148,LL23051105M,982091101537148,1908,2023-05-14 17:41:13,162,0,53250,129
729902,LL23035307M,982091101529902,1908,2023-05-14 18:11:09,564,0,51500,293
737148,LL23051105M,982091101537148,1908,2023-05-14 18:49:49,230,0,54000,210
734751,LL23052303M,982091101534751,1908,2023-05-14 19:00:10,551,0,47000,344
729897,LL23038102M,982091101529897,1908,2023-05-14 19:11:25,731,0,50500,279
735028,LL23029207M,984000005032083,1908,2023-05-14 19:30:28,138,0,56000,87
737148,LL23051105M,982091101537148,1908,2023-05-14 19:33:55,145,0,54250,145
735028,LL23029207M,984000005032083,1908,2023-05-14 19:38:24,107,0,48000,51
732966,LL23041902M,982091101532966,1908,2023-05-14 19:43:47,243,0,62500,150
734709,LL23048502M,982091101534709,1908,2023-05-14 20:14:29,539,0,51000,259
737148,LL23051105M,982091101537148,1908,2023-05-14 20:34:13,255,0,55000,161
732909,LL23042102M,982091101532909,1908,2023-05-14 20:57:02,586,0,50500,162
737148,LL23051105M,982091101537148,1908,2023-05-14 21:06:56,21,0,,3
732909,LL23042102M,982091101532909,1908,2023-05-14 21:07:25,148,0,50500,52
734751,LL23052303M,982091101534751,1908,2023-05-14 21:10:05,64,0,47500,19
729889,LL23037601M,982091101529889,1908,2023-05-14 21:11:25,32,0,,12
729897,LL23038102M,982091101529897,1908,2023-05-14 21:19:20,829,0,51000,247
729897,LL23038102M,982091101529897,1908,2023-05-14 21:35:54,130,0,50500,48
732909,LL23042102M,982091101532909,1908,2023-05-14 21:39:00,105,0,50500,47
737148,LL23051105M,982091101537148,1908,2023-05-14 21:41:22,190,0,55000,160
729897,LL23038102M,982091101529897,1908,2023-05-14 21:45:00,201,0,50500,95
732909,LL23042102M,982091101532909,1908,2023-05-14 21:49:29,298,0,50500,60
734751,LL23052303M,982091101534751,1908,2023-05-14 21:54:47,218,0,47000,45
729902,LL23035307M,982091101529902,1908,2023-05-14 22:00:28,485,0,52000,221
734731,LL23052101M,982091101534731,1908,2023-05-14 22:08:38,694,0,57500,329
734692,LL23050302M,982091101534692,1908,2023-05-14 22:21:04,32,0,,4
735083,LL23029205M,982091101535083,1908,2023-05-14 22:21:44,258,0,50000,30
737097,LL23037303M,982091101537097,1908,2023-05-14 22:26:02,558,0,54500,379
735034,LL23026202M,982091101535034,1908,2023-05-14 22:35:48,633,0,60500,128
734751,LL23052303M,982091101534751,1908,2023-05-14 22:46:37,483,0,47500,270
735034,LL23026202M,982091101535034,1908,2023-05-14 22:54:48,513,0,60500,173
735034,LL23026202M,982091101535034,1908,2023-05-14 23:10:51,645,0,60500,363
729889,LL23037601M,982091101529889,1908,2023-05-14 23:21:48,459,0,64000,168
732923,LL23042101M,982091101532923,1908,2023-05-14 23:29:43,42,0,,20
732909,LL23042102M,982091101532909,1908,2023-05-14 23:30:29,1140,0,51500,456
734731,LL23052101M,982091101534731,1908,2023-05-14 23:50:01,985,0,57500,612
732909,LL23042102M,982091101532909,1908,2023-05-15 00:06:50,266,0,51000,157
732923,LL23042101M,982091101532923,1908,2023-05-15 00:11:24,1019,0,47000,624
734692,LL23050302M,982091101534692,1908,2023-05-15 00:28:31,938,0,47000,457
732909,LL23042102M,982091101532909,1908,2023-05-15 00:44:26,85,0,51500,49
734692,LL23050302M,982091101534692,1908,2023-05-15 00:46:31,23,0,,8
737148,LL23051105M,982091101537148,1908,2023-05-15 00:47:19,570,0,55000,573
734709,LL23048502M,982091101534709,1908,2023-05-15 00:57:05,419,0,51000,195
734692,LL23050302M,982091101534692,1908,2023-05-15 01:04:09,414,0,47500,223
734692,LL23050302M,982091101534692,1908,2023-05-15 01:14:21,25,0,,1
735034,LL23026202M,982091101535034,1908,2023-05-15 01:15:10,681,0,61500,377
729897,LL23038102M,982091101529897,1908,2023-05-15 01:48:51,272,0,51500,97
735034,LL23026202M,982091101535034,1908,2023-05-15 01:54:52,303,0,61500,149
729897,LL23038102M,982091101529897,1908,2023-05-15 02:00:03,279,0,51500,159
734692,LL23050302M,982091101534692,1908,2023-05-15 02:05:38,31,0,,14
735034,LL23026202M,982091101535034,1908,2023-05-15 02:08:09,146,0,61500,33
729897,LL23038102M,982091101529897,1908,2023-05-15 02:10:59,101,0,51000,55
729902,LL23035307M,982091101529902,1908,2023-05-15 02:12:48,178,0,52500,99
732909,LL23042102M,982091101532909,1908,2023-05-15 02:15:54,549,0,52000,319
729897,LL23038102M,982091101529897,1908,2023-05-15 02:25:07,120,0,51000,79
734751,LL23052303M,982091101534751,1908,2023-05-15 02:27:15,327,0,47500,188
737097,LL23037303M,982091101537097,1908,2023-05-15 02:32:42,612,0,54500,493
729897,LL23038102M,982091101529897,1908,2023-05-15 02:43:10,56,0,,31
734751,LL23052303M,982091101534751,1908,2023-05-15 02:44:18,464,0,47000,290
735083,LL23029205M,982091101535083,1908,2023-05-15 03:00:26,531,0,49500,247
734709,LL23048502M,982091101534709,1908,2023-05-15 03:09:45,999,0,51000,514
735034,LL23026202M,982091101535034,1908,2023-05-15 03:28:28,224,0,61000,96
734751,LL23052303M,982091101534751,1908,2023-05-15 03:32:16,34,0,,17
734731,LL23052101M,982091101534731,1908,2023-05-15 03:33:02,1119,0,58000,745
734751,LL23052303M,982091101534751,1908,2023-05-15 03:53:13,126,0,48000,46
734731,LL23052101M,982091101534731,1908,2023-05-15 03:55:51,66,0,57500,38
732966,LL23041902M,982091101532966,1908,2023-05-15 04:03:58,396,0,62000,160
732966,LL23041902M,982091101532966,1908,2023-05-15 04:23:15,445,0,62500,315
732966,LL23041902M,982091101532966,1908,2023-05-15 04:32:41,333,0,61500,229
729897,LL23038102M,982091101529897,1908,2023-05-15 04:38:14,333,0,52000,150
729897,LL23038102M,982091101529897,1908,2023-05-15 04:46:19,94,0,51500,29
737097,LL23037303M,982091101537097,1908,2023-05-15 04:48:01,222,0,55500,154
734751,LL23052303M,982091101534751,1908,2023-05-15 04:53:43,289,0,48500,152
735034,LL23026202M,982091101535034,1908,2023-05-15 04:58:40,54,0,,8
729897,LL23038102M,982091101529897,1908,2023-05-15 04:59:42,207,0,51500,125
737097,LL23037303M,982091101537097,1908,2023-05-15 05:03:33,287,0,55500,204
729897,LL23038102M,982091101529897,1908,2023-05-15 05:08:28,88,0,51500,18
735028,LL23029207M,984000005032083,1908,2023-05-15 05:11:57,722,0,53500,381
729897,LL23038102M,982091101529897,1908,2023-05-15 05:26:42,112,0,51500,54
735034,LL23026202M,982091101535034,1908,2023-05-15 05:29:06,21,0,,4
729889,LL23037601M,982091101529889,1908,2023-05-15 05:29:47,1038,0,62000,494
734709,LL23048502M,982091101534709,1908,2023-05-15 05:47:45,965,0,51500,463
735034,LL23026202M,982091101535034,1908,2023-05-15 06:04:26,861,0,62000,421
734709,LL23048502M,982091101534709,1908,2023-05-15 06:19:15,133,0,51500,59
729897,LL23038102M,982091101529897,1908,2023-05-15 06:22:36,91,0,52000,38
729897,LL23038102M,982091101529897,1908,2023-05-15 06:26:52,63,0,52000,27
729897,LL23038102M,982091101529897,1908,2023-05-15 07:01:28,28,0,,17
729889,LL23037601M,982091101529889,1908,2023-05-15 07:28:33,472,0,63000,313
735083,LL23029205M,982091101535083,1908,2023-05-15 07:38:09,290,0,49500,101
737097,LL23037303M,982091101537097,1908,2023-05-15 07:43:15,36,0,,14
732966,LL23041902M,982091101532966,1908,2023-05-15 07:44:16,387,0,62500,106
737097,LL23037303M,982091101537097,1908,2023-05-15 07:51:11,52,0,,5
737097,LL23037303M,982091101537097,1908,2023-05-15 07:57:56,158,0,55500,133
732923,LL23042101M,982091101532923,1908,2023-05-15 08:00:34,78,0,47000,30
737097,LL23037303M,982091101537097,1908,2023-05-15 08:02:00,9,0,,1
732923,LL23042101M,982091101532923,1908,2023-05-15 08:02:13,19,0,,18
732966,LL23041902M,982091101532966,1908,2023-05-15 08:02:44,484,0,62000,297
732923,LL23042101M,982091101532923,1908,2023-05-15 08:11:16,799,0,46500,428
729897,LL23038102M,982091101529897,1908,2023-05-15 08:24:39,54,0,,27
729902,LL23035307M,982091101529902,1908,2023-05-15 08:25:33,67,0,51500,46
735028,LL23029207M,984000005032083,1908,2023-05-15 08:27:00,637,0,54500,393
735083,LL23029205M,982091101535083,1908,2023-05-15 08:37:49,962,0,49000,406
732923,LL23042101M,982091101532923,1908,2023-05-15 08:54:23,265,0,47500,98
737097,LL23037303M,982091101537097,1908,2023-05-15 08:59:20,336,0,57500,337
735028,LL23029207M,984000005032083,1908,2023-05-15 09:05:36,355,0,55000,242
729897,LL23038102M,982091101529897,1908,2023-05-15 09:11:39,520,0,53000,302
735028,LL23029207M,984000005032083,1908,2023-05-15 09:22:08,58,0,,52
729889,LL23037601M,982091101529889,1908,2023-05-15 09:28:10,522,0,63000,325
737148,LL23051105M,982091101537148,1908,2023-05-15 09:38:52,584,0,54500,556
734692,LL23050302M,982091101534692,1908,2023-05-15 09:55:56,469,0,47500,243
729897,LL23038102M,982091101529897,1908,2023-05-15 10:23:37,227,0,53500,129
729902,LL23035307M,982091101529902,1908,2023-05-15 10:27:57,1476,0,51000,336
737148,LL23051105M,982091101537148,1908,2023-05-15 10:53:53,302,0,54500,316
729902,LL23035307M,982091101529902,1908,2023-05-15 10:59:03,486,0,51000,155
732966,LL23041902M,982091101532966,1908,2023-05-15 11:07:17,847,0,62000,521
729902,LL23035307M,982091101529902,1908,2023-05-15 11:22:32,653,0,51000,294
735028,LL23029207M,984000005032083,1908,2023-05-15 11:33:57,690,0,55500,428
735083,LL23029205M,982091101535083,1908,2023-05-15 11:45:56,230,0,49500,101
737148,LL23051105M,982091101537148,1908,2023-05-15 11:51:26,206,0,55000,143
735083,LL23029205M,982091101535083,1908,2023-05-15 11:55:08,24,0,,1
732909,LL23042102M,982091101532909,1908,2023-05-15 11:55:36,1060,0,51000,423
734731,LL23052101M,982091101534731,1908,2023-05-15 12:13:44,694,0,58000,347
732923,LL23042101M,982091101532923,1908,2023-05-15 12:26:26,574,0,48000,290
734731,LL23052101M,982091101534731,1908,2023-05-15 12:36:28,802,0,58500,535
734751,LL23052303M,982091101534751,1908,2023-05-15 12:49:50,912,0,47000,434
734692,LL23050302M,982091101534692,1908,2023-05-15 13:05:14,724,0,47000,329
735083,LL23029205M,982091101535083,1908,2023-05-15 13:17:26,750,0,49500,189
729889,LL23037601M,982091101529889,1908,2023-05-15 13:30:00,857,0,63500,444
729902,LL23035307M,982091101529902,1908,2023-05-15 13:44:37,101,0,52500,84
737097,LL23037303M,982091101537097,1908,2023-05-15 13:46:18,9,0,,1
734709,LL23048502M,982091101534709,1908,2023-05-15 13:46:27,537,0,51000,322
732966,LL23041902M,982091101532966,1908,2023-05-15 13:55:29,774,0,62500,483
735083,LL23029205M,982091101535083,1908,2023-05-15 14:09:15,427,0,50000,139
732923,LL23042101M,982091101532923,1908,2023-05-15 14:16:30,633,0,48500,389
729902,LL23035307M,982091101529902,1908,2023-05-15 14:27:03,218,0,52000,119
734709,LL23048502M,982091101534709,1908,2023-05-15 14:30:45,1025,0,51500,597
734692,LL23050302M,982091101534692,1908,2023-05-15 14:48:03,32,0,,26
732909,LL23042102M,982091101532909,1908,2023-05-15 14:48:35,554,0,51500,264
735034,LL23026202M,982091101535034,1908,2023-05-15 14:57:57,1384,0,62000,712
732966,LL23041902M,982091101532966,1908,2023-05-15 15:21:01,333,0,63500,261
735083,LL23029205M,982091101535083,1908,2023-05-15 15:26:43,134,0,50000,52
734709,LL23048502M,982091101534709,1908,2023-05-15 15:28:57,21,0,,10
729902,LL23035307M,982091101529902,1908,2023-05-15 15:29:26,16,0,,12
735083,LL23029205M,982091101535083,1908,2023-05-15 15:29:46,32,0,,9
734709,LL23048502M,982091101534709,1908,2023-05-15 15:30:18,28,0,,8
735083,LL23029205M,982091101535083,1908,2023-05-15 15:30:51,17,0,,1
729897,LL23038102M,982091101529897,1908,2023-05-15 15:31:08,13,0,,4
729902,LL23035307M,982091101529902,1908,2023-05-15 15:31:25,8,0,,4
735028,LL23029207M,984000005032083,1908,2023-05-15 15:31:37,431,0,56000,258
734751,LL23052303M,982091101534751,1908,2023-05-15 15:38:56,198,0,48000,96
734692,LL23050302M,982091101534692,1908,2023-05-15 15:42:22,144,0,47500,75
734751,LL23052303M,982091101534751,1908,2023-05-15 15:44:54,297,0,47500,82
734692,LL23050302M,982091101534692,1908,2023-05-15 15:50:15,226,0,47500,107
735083,LL23029205M,982091101535083,1908,2023-05-15 15:54:09,549,0,50000,269
732909,LL23042102M,982091101532909,1908,2023-05-15 16:03:26,207,0,51000,60
734692,LL23050302M,982091101534692,1908,2023-05-15 16:06:53,29,0,,2
732909,LL23042102M,982091101532909,1908,2023-05-15 16:07:27,78,0,51500,7
729889,LL23037601M,982091101529889,1908,2023-05-15 16:08:45,35,0,,4
737148,LL23051105M,982091101537148,1908,2023-05-15 16:09:24,80,0,54500,21
734709,LL23048502M,982091101534709,1908,2023-05-15 16:11:00,57,0,,15
732966,LL23041902M,982091101532966,1908,2023-05-15 16:12:01,50,0,,4
734751,LL23052303M,982091101534751,1908,2023-05-15 16:13:03,10,0,,1
734709,LL23048502M,982091101534709,1908,2023-05-15 16:13:34,131,0,52000,35
732966,LL23041902M,982091101532966,1908,2023-05-15 16:15:49,183,0,63500,144
732909,LL23042102M,982091101532909,1908,2023-05-15 16:18:56,445,0,52000,216
735028,LL23029207M,984000005032083,1908,2023-05-15 16:26:33,310,0,56000,81
734692,LL23050302M,982091101534692,1908,2023-05-15 16:31:47,19,0,,1
729902,LL23035307M,982091101529902,1908,2023-05-15 16:32:14,1700,0,52500,880
729889,LL23037601M,982091101529889,1908,2023-05-15 17:00:42,310,0,63500,120
734692,LL23050302M,982091101534692,1908,2023-05-15 17:06:00,39,0,,6
729889,LL23037601M,982091101529889,1908,2023-05-15 17:06:43,435,0,64000,348
734731,LL23052101M,982091101534731,1908,2023-05-15 17:14:10,235,0,59000,112
735028,LL23029207M,984000005032083,1908,2023-05-15 17:18:38,749,0,56500,373
734731,LL23052101M,982091101534731,1908,2023-05-15 17:31:15,835,0,58500,537
734709,LL23048502M,982091101534709,1908,2023-05-15 17:45:14,309,0,53000,142
734692,LL23050302M,982091101534692,1908,2023-05-15 17:50:36,717,0,48000,366
734692,LL23050302M,982091101534692,1908,2023-05-15 18:04:34,227,0,48500,94
734751,LL23052303M,982091101534751,1908,2023-05-15 18:21:01,540,0,47000,289
737148,LL23051105M,982091101537148,1908,2023-05-15 18:34:10,340,0,54000,180
737097,LL23037303M,982091101537097,1908,2023-05-15 18:40:02,132,0,55500,46
735028,LL23029207M,984000005032083,1908,2023-05-15 18:42:54,8,0,,2
734751,LL23052303M,982091101534751,1908,2023-05-15 18:43:39,20,0,,1
735028,LL23029207M,984000005032083,1908,2023-05-15 18:44:15,404,0,56500,270
737148,LL23051105M,982091101537148,1908,2023-05-15 18:52:40,275,0,53500,155
729897,LL23038102M,982091101529897,1908,2023-05-15 18:57:27,1162,0,51500,362
737148,LL23051105M,982091101537148,1908,2023-05-15 19:17:05,267,0,54000,156
729897,LL23038102M,982091101529897,1908,2023-05-15 19:21:40,212,0,52000,32
729897,LL23038102M,982091101529897,1908,2023-05-15 19:27:15,138,0,51500,68
729897,LL23038102M,982091101529897,1908,2023-05-15 19:31:37,205,0,51500,58
729889,LL23037601M,982091101529889,1908,2023-05-15 20:09:06,549,0,64000,305
729889,LL23037601M,982091101529889,1908,2023-05-15 20:20:16,363,0,64500,280
737097,LL23037303M,982091101537097,1908,2023-05-15 20:30:28,340,0,55000,207
737148,LL23051105M,982091101537148,1908,2023-05-15 20:36:48,160,0,55000,76
734709,LL23048502M,982091101534709,1908,2023-05-15 20:41:00,703,0,52000,381
737148,LL23051105M,982091101537148,1908,2023-05-15 20:58:05,403,0,55000,420
734731,LL23052101M,982091101534731,1908,2023-05-15 21:06:04,550,0,59500,319
734751,LL23052303M,982091101534751,1908,2023-05-15 21:15:23,579,0,47000,318
735083,LL23029205M,982091101535083,1908,2023-05-15 21:29:21,563,0,50500,351
734751,LL23052303M,982091101534751,1908,2023-05-15 21:48:12,140,0,47500,57
737148,LL23051105M,982091101537148,1908,2023-05-15 21:54:53,233,0,52500,204
737148,LL23051105M,982091101537148,1908,2023-05-15 22:07:14,11,0,,1
737148,LL23051105M,982091101537148,1908,2023-05-15 22:19:36,206,0,55500,185
732909,LL23042102M,982091101532909,1908,2023-05-15 22:23:10,200,0,52000,49
732909,LL23042102M,982091101532909,1908,2023-05-15 22:28:30,913,0,51500,378
737097,LL23037303M,982091101537097,1908,2023-05-15 22:45:35,481,0,55000,283
729889,LL23037601M,982091101529889,1908,2023-05-15 22:54:32,609,0,65000,447
732909,LL23042102M,982091101532909,1908,2023-05-15 23:05:13,160,0,52500,27
737097,LL23037303M,982091101537097,1908,2023-05-15 23:09:57,415,0,55500,396
737148,LL23051105M,982091101537148,1908,2023-05-15 23:29:16,246,0,56500,201
732909,LL23042102M,982091101532909,1908,2023-05-15 23:33:38,88,0,52500,45
729902,LL23035307M,982091101529902,1908,2023-05-15 23:35:10,500,0,53500,141
729897,LL23038102M,982091101529897,1908,2023-05-15 23:43:30,711,0,62500,315
734751,LL23052303M,982091101534751,1908,2023-05-15 23:55:33,573,0,48500,331
732923,LL23042101M,982091101532923,1908,2023-05-16 00:05:10,970,0,48500,567
732909,LL23042102M,982091101532909,1908,2023-05-16 00:21:36,301,0,53000,97
732909,LL23042102M,982091101532909,1908,2023-05-16 00:26:39,74,0,102500,16
735083,LL23029205M,982091101535083,1908,2023-05-16 00:27:53,636,0,51500,327
735034,LL23026202M,982091101535034,1908,2023-05-16 00:38:41,1350,0,63500,591
734692,LL23050302M,982091101534692,1908,2023-05-16 01:01:11,200,0,48000,102
732966,LL23041902M,982091101532966,1908,2023-05-16 01:04:39,822,0,63000,481
734692,LL23050302M,982091101534692,1908,2023-05-16 01:18:25,424,0,49000,276
732909,LL23042102M,982091101532909,1908,2023-05-16 01:25:29,706,0,53000,440
734692,LL23050302M,982091101534692,1908,2023-05-16 01:37:27,170,0,48500,97
734731,LL23052101M,982091101534731,1908,2023-05-16 01:40:21,1037,0,58500,575
729897,LL23038102M,982091101529897,1908,2023-05-16 01:57:38,784,0,53000,441
734709,LL23048502M,982091101534709,1908,2023-05-16 02:11:18,938,0,51500,507
729897,LL23038102M,982091101529897,1908,2023-05-16 02:28:32,173,0,52500,88
734751,LL23052303M,982091101534751,1908,2023-05-16 02:31:29,531,0,49000,314
734692,LL23050302M,982091101534692,1908,2023-05-16 02:40:40,228,0,48500,30
729897,LL23038102M,982091101529897,1908,2023-05-16 02:45:12,82,0,52000,34
729897,LL23038102M,982091101529897,1908,2023-05-16 02:48:34,95,0,52500,48
732909,LL23042102M,982091101532909,1908,2023-05-16 02:50:41,480,0,53000,280
729897,LL23038102M,982091101529897,1908,2023-05-16 03:10:20,81,0,52000,30
737148,LL23051105M,982091101537148,1908,2023-05-16 04:10:32,322,0,56000,331
734731,LL23052101M,982091101534731,1908,2023-05-16 04:15:58,830,0,59500,471
735034,LL23026202M,982091101535034,1908,2023-05-16 04:29:57,1100,0,62000,545
732966,LL23041902M,982091101532966,1908,2023-05-16 04:48:37,691,0,63000,316
737097,LL23037303M,982091101537097,1908,2023-05-16 05:01:08,628,0,55500,509
737097,LL23037303M,982091101537097,1908,2023-05-16 05:13:37,159,0,56000,128
737097,LL23037303M,982091101537097,1908,2023-05-16 05:19:53,69,0,56000,35
735034,LL23026202M,982091101535034,1908,2023-05-16 05:24:40,643,0,63000,308
737097,LL23037303M,982091101537097,1908,2023-05-16 05:36:36,61,0,56000,15
729897,LL23038102M,982091101529897,1908,2023-05-16 05:38:09,79,0,53500,26
737097,LL23037303M,982091101537097,1908,2023-05-16 05:39:28,14,0,,19
729897,LL23038102M,982091101529897,1908,2023-05-16 05:39:42,173,0,54000,101
734709,LL23048502M,982091101534709,1908,2023-05-16 05:43:31,910,0,52500,543
734751,LL23052303M,982091101534751,1908,2023-05-16 06:00:10,733,0,48500,534
729897,LL23038102M,982091101529897,1908,2023-05-16 06:12:27,138,0,53500,89
732966,LL23041902M,982091101532966,1908,2023-05-16 06:16:22,700,0,63500,533
729897,LL23038102M,982091101529897,1908,2023-05-16 06:28:14,78,0,52500,49
734709,LL23048502M,982091101534709,1908,2023-05-16 06:30:40,437,0,53000,234
737148,LL23051105M,982091101537148,1908,2023-05-16 06:38:13,142,0,55000,169
735083,LL23029205M,982091101535083,1908,2023-05-16 06:40:47,58,0,,22
735028,LL23029207M,984000005032083,1908,2023-05-16 06:41:57,1048,0,54500,542
735083,LL23029205M,982091101535083,1908,2023-05-16 07:01:28,647,0,50500,384
729897,LL23038102M,982091101529897,1908,2023-05-16 07:12:43,667,0,53500,331
732923,LL23042101M,982091101532923,1908,2023-05-16 07:23:54,805,0,47500,394
737097,LL23037303M,982091101537097,1908,2023-05-16 07:40:05,475,0,56000,342
729897,LL23038102M,982091101529897,1908,2023-05-16 07:48:48,22,0,,19
734709,LL23048502M,982091101534709,1908,2023-05-16 07:51:56,459,0,53000,247
735034,LL23026202M,982091101535034,1908,2023-05-16 08:02:40,476,0,63500,261
729889,LL23037601M,982091101529889,1908,2023-05-16 08:11:00,1230,0,65000,845
732966,LL23041902M,982091101532966,1908,2023-05-16 08:31:58,471,0,64000,331
735034,LL23026202M,982091101535034,1908,2023-05-16 08:39:53,475,0,63000,300
729897,LL23038102M,982091101529897,1908,2023-05-16 08:51:37,267,0,54000,161
735034,LL23026202M,982091101535034,1908,2023-05-16 09:13:04,318,0,63500,216
729889,LL23037601M,982091101529889,1908,2023-05-16 09:20:23,112,0,65500,53
735083,LL23029205M,982091101535083,1908,2023-05-16 09:22:51,222,0,51000,90
735083,LL23029205M,982091101535083,1908,2023-05-16 09:28:34,284,0,51000,149
732966,LL23041902M,982091101532966,1908,2023-05-16 09:34:10,379,0,65000,257
737097,LL23037303M,982091101537097,1908,2023-05-16 09:40:37,176,0,57000,159
735028,LL23029207M,984000005032083,1908,2023-05-16 09:43:33,21,0,,35
737097,LL23037303M,982091101537097,1908,2023-05-16 09:43:54,213,0,57000,217
735028,LL23029207M,984000005032083,1908,2023-05-16 09:47:55,1069,0,57000,713
732923,LL23042101M,982091101532923,1908,2023-05-16 10:10:03,703,0,48500,362
735034,LL23026202M,982091101535034,1908,2023-05-16 10:23:46,53,0,,4
735034,LL23026202M,982091101535034,1908,2023-05-16 10:34:45,44,0,,2
729902,LL23035307M,982091101529902,1908,2023-05-16 10:35:41,1003,0,53000,205
734692,LL23050302M,982091101534692,1908,2023-05-16 10:52:28,538,0,48000,341
729902,LL23035307M,982091101529902,1908,2023-05-16 11:01:34,361,0,52000,89
734692,LL23050302M,982091101534692,1908,2023-05-16 11:07:51,190,0,47500,120
729897,LL23038102M,982091101529897,1908,2023-05-16 11:11:13,312,0,54000,214
735083,LL23029205M,982091101535083,1908,2023-05-16 11:16:33,765,0,50500,492
729902,LL23035307M,982091101529902,1908,2023-05-16 11:29:42,452,0,51500,173
729902,LL23035307M,982091101529902,1908,2023-05-16 11:39:50,146,0,51500,84
729902,LL23035307M,982091101529902,1908,2023-05-16 12:01:25,306,0,52000,137
732909,LL23042102M,982091101532909,1908,2023-05-16 12:06:35,1044,0,53000,558
729902,LL23035307M,982091101529902,1908,2023-05-16 12:24:11,274,0,51500,148
735083,LL23029205M,982091101535083,1908,2023-05-16 12:29:14,103,0,51500,6
732966,LL23041902M,982091101532966,1908,2023-05-16 12:33:01,68,0,64500,12
735083,LL23029205M,982091101535083,1908,2023-05-16 12:36:45,65,0,51500,25
732923,LL23042101M,982091101532923,1908,2023-05-16 12:38:17,442,0,48500,207
732909,LL23042102M,982091101532909,1908,2023-05-16 12:47:19,60,0,,33
729889,LL23037601M,982091101529889,1908,2023-05-16 12:49:11,295,0,65500,147
734709,LL23048502M,982091101534709,1908,2023-05-16 12:54:18,843,0,53000,483
735083,LL23029205M,982091101535083,1908,2023-05-16 13:08:41,74,0,51500,19
732966,LL23041902M,982091101532966,1908,2023-05-16 13:09:59,16,0,,6
737148,LL23051105M,982091101537148,1908,2023-05-16 13:10:31,631,0,53500,632
729889,LL23037601M,982091101529889,1908,2023-05-16 13:21:14,289,0,66000,198
734731,LL23052101M,982091101534731,1908,2023-05-16 13:26:51,123,0,58000,71
732966,LL23041902M,982091101532966,1908,2023-05-16 13:29:14,300,0,64000,123
734692,LL23050302M,982091101534692,1908,2023-05-16 13:34:27,87,0,47500,44
729902,LL23035307M,982091101529902,1908,2023-05-16 13:36:18,547,0,52500,300
734692,LL23050302M,982091101534692,1908,2023-05-16 13:45:38,91,0,47500,54
732966,LL23041902M,982091101532966,1908,2023-05-16 13:47:26,705,0,63500,526
737148,LL23051105M,982091101537148,1908,2023-05-16 13:59:55,274,0,53500,213
734731,LL23052101M,982091101534731,1908,2023-05-16 14:06:29,1300,0,58000,852
737148,LL23051105M,982091101537148,1908,2023-05-16 14:28:09,41,0,,29
734692,LL23050302M,982091101534692,1908,2023-05-16 14:30:54,18,0,,2
735083,LL23029205M,982091101535083,1908,2023-05-16 14:38:00,410,0,51500,233
732966,LL23041902M,982091101532966,1908,2023-05-16 14:45:17,207,0,65500,121
734692,LL23050302M,982091101534692,1908,2023-05-16 14:50:00,62,0,47500,28
732909,LL23042102M,982091101532909,1908,2023-05-16 14:51:25,954,0,53500,391
734692,LL23050302M,982091101534692,1908,2023-05-16 15:07:36,67,0,49500,29
734751,LL23052303M,982091101534751,1908,2023-05-16 15:09:33,289,0,47500,122
734709,LL23048502M,982091101534709,1908,2023-05-16 15:14:30,170,0,77250,93
732923,LL23042101M,982091101532923,1908,2023-05-16 15:17:24,122,0,49000,77
732909,LL23042102M,982091101532909,1908,2023-05-16 15:19:26,60,0,,45
732923,LL23042101M,982091101532923,1908,2023-05-16 15:20:26,22,0,,45
735028,LL23029207M,984000005032083,1908,2023-05-16 15:21:12,448,0,56500,219
734731,LL23052101M,982091101534731,1908,2023-05-16 15:28:44,145,0,59750,117
729889,LL23037601M,982091101529889,1908,2023-05-16 15:31:18,317,0,65500,254
732923,LL23042101M,982091101532923,1908,2023-05-16 15:36:40,774,0,49000,467
734751,LL23052303M,982091101534751,1908,2023-05-16 15:49:46,844,0,48500,537
735083,LL23029205M,982091101535083,1908,2023-05-16 16:04:02,375,0,52000,94
735028,LL23029207M,984000005032083,1908,2023-05-16 16:11:17,349,0,56000,290
734692,LL23050302M,982091101534692,1908,2023-05-16 16:17:11,227,0,48500,131
734709,LL23048502M,982091101534709,1908,2023-05-16 16:21:02,500,0,53500,325
734692,LL23050302M,982091101534692,1908,2023-05-16 16:29:30,309,0,48000,203
732923,LL23042101M,982091101532923,1908,2023-05-16 16:34:47,131,0,49000,57
734692,LL23050302M,982091101534692,1908,2023-05-16 16:36:58,150,0,48500,113
729902,LL23035307M,982091101529902,1908,2023-05-16 16:39:40,87,0,54000,48
737097,LL23037303M,982091101537097,1908,2023-05-16 16:41:19,563,0,57500,523
729889,LL23037601M,982091101529889,1908,2023-05-16 16:50:58,90,0,66500,68
737148,LL23051105M,982091101537148,1908,2023-05-16 16:52:57,294,0,56000,253
729902,LL23035307M,982091101529902,1908,2023-05-16 16:58:56,332,0,54000,204
729889,LL23037601M,982091101529889,1908,2023-05-16 17:04:32,401,0,67000,202
735028,LL23029207M,984000005032083,1908,2023-05-16 17:11:41,402,0,57500,314
734751,LL23052303M,982091101534751,1908,2023-05-16 17:21:19,368,0,50000,185
734709,LL23048502M,982091101534709,1908,2023-05-16 17:27:39,583,0,53500,379
734692,LL23050302M,982091101534692,1908,2023-05-16 17:37:35,61,0,49000,34
729902,LL23035307M,982091101529902,1908,2023-05-16 17:38:44,839,0,53500,422
734692,LL23050302M,982091101534692,1908,2023-05-16 17:52:47,69,0,49000,44
734731,LL23052101M,982091101534731,1908,2023-05-16 17:54:24,23,0,,7
732923,LL23042101M,982091101532923,1908,2023-05-16 17:54:51,37,0,,25
732966,LL23041902M,982091101532966,1908,2023-05-16 17:56:04,526,0,64500,356
734731,LL23052101M,982091101534731,1908,2023-05-16 18:05:05,441,0,59500,300
734731,LL23052101M,982091101534731,1908,2023-05-16 18:15:02,77,0,60000,61
734692,LL23050302M,982091101534692,1908,2023-05-16 18:22:37,132,0,49000,71
729902,LL23035307M,982091101529902,1908,2023-05-16 18:24:57,420,0,54500,258
734731,LL23052101M,982091101534731,1908,2023-05-16 18:51:19,73,0,59500,53
737148,LL23051105M,982091101537148,1908,2023-05-16 18:56:15,274,0,55750,301
729897,LL23038102M,982091101529897,1908,2023-05-16 19:00:53,514,0,52000,204
734692,LL23050302M,982091101534692,1908,2023-05-16 19:09:35,106,0,49500,64
729902,LL23035307M,982091101529902,1908,2023-05-16 19:11:33,163,0,54500,91
729889,LL23037601M,982091101529889,1908,2023-05-16 19:14:28,325,0,66500,189
734731,LL23052101M,982091101534731,1908,2023-05-16 19:20:49,319,0,59500,267
735083,LL23029205M,982091101535083,1908,2023-05-16 19:42:04,431,0,52000,254
735028,LL23029207M,984000005032083,1908,2023-05-16 20:23:28,271,0,58000,187
737148,LL23051105M,982091101537148,1908,2023-05-16 20:29:15,287,0,56000,290
732966,LL23041902M,982091101532966,1908,2023-05-16 20:36:44,265,0,65500,161
734692,LL23050302M,982091101534692,1908,2023-05-16 20:41:17,468,0,49500,329
729889,LL23037601M,982091101529889,1908,2023-05-16 20:49:17,704,0,67000,511
734692,LL23050302M,982091101534692,1908,2023-05-16 21:03:02,214,0,50000,128
729897,LL23038102M,982091101529897,1908,2023-05-16 21:26:49,819,0,53000,367
734751,LL23052303M,982091101534751,1908,2023-05-16 21:40:52,117,0,49500,67
734709,LL23048502M,982091101534709,1908,2023-05-16 21:44:53,384,0,54000,189
735083,LL23029205M,982091101535083,1908,2023-05-16 22:21:38,278,0,52500,152
734751,LL23052303M,982091101534751,1908,2023-05-16 22:26:32,199,0,49500,104
737148,LL23051105M,982091101537148,1908,2023-05-16 22:31:04,57,0,,39
737148,LL23051105M,982091101537148,1908,2023-05-16 22:34:02,120,0,56500,84
729897,LL23038102M,982091101529897,1908,2023-05-16 22:41:49,182,0,53500,114
735028,LL23029207M,984000005032083,1908,2023-05-16 22:46:55,512,0,57500,311
732909,LL23042102M,982091101532909,1908,2023-05-16 22:55:27,733,0,53000,383
737148,LL23051105M,982091101537148,1908,2023-05-16 23:08:12,301,0,55500,268
732909,LL23042102M,982091101532909,1908,2023-05-16 23:26:26,37,0,,13
735083,LL23029205M,982091101535083,1908,2023-05-16 23:34:57,464,0,52000,249
737148,LL23051105M,982091101537148,1908,2023-05-16 23:44:45,349,0,56500,221
729889,LL23037601M,982091101529889,1908,2023-05-16 23:50:54,503,0,67000,299
732909,LL23042102M,982091101532909,1908,2023-05-16 23:59:50,561,0,54000,232
732909,LL23042102M,982091101532909,1908,2023-05-17 00:11:12,88,0,54000,44
734751,LL23052303M,982091101534751,1908,2023-05-17 00:44:38,97,0,50000,49
737097,LL23037303M,982091101537097,1908,2023-05-17 00:46:23,749,0,56500,640
735034,LL23026202M,982091101535034,1908,2023-05-17 00:59:00,1817,0,61500,885
737148,LL23051105M,982091101537148,1908,2023-05-17 01:29:29,71,0,57500,77
732909,LL23042102M,982091101532909,1908,2023-05-17 01:31:37,798,0,55000,374
729897,LL23038102M,982091101529897,1908,2023-05-17 01:45:03,783,0,53500,382
734751,LL23052303M,982091101534751,1908,2023-05-17 01:58:10,971,0,49000,576
729897,LL23038102M,982091101529897,1908,2023-05-17 02:14:41,223,0,53000,121
732909,LL23042102M,982091101532909,1908,2023-05-17 02:18:32,18,0,,18
732923,LL23042101M,982091101532923,1908,2023-05-17 02:22:04,856,0,49000,468
734751,LL23052303M,982091101534751,1908,2023-05-17 02:36:40,252,0,49000,132
737148,LL23051105M,982091101537148,1908,2023-05-17 02:41:40,352,0,57500,367
734692,LL23050302M,982091101534692,1908,2023-05-17 02:47:44,95,0,49500,53
735034,LL23026202M,982091101535034,1908,2023-05-17 02:50:59,245,0,63500,122
729897,LL23038102M,982091101529897,1908,2023-05-17 02:55:28,53,0,,31
732909,LL23042102M,982091101532909,1908,2023-05-17 02:56:33,58,0,,35
732909,LL23042102M,982091101532909,1908,2023-05-17 03:00:38,72,0,55000,36
732909,LL23042102M,982091101532909,1908,2023-05-17 03:05:27,53,0,,23
734692,LL23050302M,982091101534692,1908,2023-05-17 03:07:00,168,0,49500,99
735083,LL23029205M,982091101535083,1908,2023-05-17 03:10:25,172,0,51500,78
729902,LL23035307M,982091101529902,1908,2023-05-17 03:13:17,25,0,,30
737097,LL23037303M,982091101537097,1908,2023-05-17 03:13:46,441,0,56500,384
734731,LL23052101M,982091101534731,1908,2023-05-17 03:21:15,1208,0,59000,782
734692,LL23050302M,982091101534692,1908,2023-05-17 03:41:35,222,0,49500,152
735034,LL23026202M,982091101535034,1908,2023-05-17 03:45:25,138,0,63000,50
732909,LL23042102M,982091101532909,1908,2023-05-17 03:53:38,174,0,54500,93
734751,LL23052303M,982091101534751,1908,2023-05-17 03:59:05,201,0,50000,86
735034,LL23026202M,982091101535034,1908,2023-05-17 04:02:58,440,0,63000,180
734731,LL23052101M,982091101534731,1908,2023-05-17 04:13:58,112,0,59500,75
734692,LL23050302M,982091101534692,1908,2023-05-17 04:15:54,235,0,50000,156
734692,LL23050302M,982091101534692,1908,2023-05-17 04:21:50,87,0,50000,43
734751,LL23052303M,982091101534751,1908,2023-05-17 04:24:05,281,0,50000,184
737148,LL23051105M,982091101537148,1908,2023-05-17 04:32:24,91,0,57000,90
732923,LL23042101M,982091101532923,1908,2023-05-17 04:40:13,431,0,49500,274
737148,LL23051105M,982091101537148,1908,2023-05-17 04:52:04,55,0,,23
732966,LL23041902M,982091101532966,1908,2023-05-17 05:29:15,951,0,65000,596
729897,LL23038102M,982091101529897,1908,2023-05-17 05:45:18,775,0,54000,382
732909,LL23042102M,982091101532909,1908,2023-05-17 05:59:17,425,0,55000,225
729897,LL23038102M,982091101529897,1908,2023-05-17 06:06:46,99,0,54500,64
734709,LL23048502M,982091101534709,1908,2023-05-17 06:08:25,475,0,52500,259
735028,LL23029207M,984000005032083,1908,2023-05-17 06:17:04,953,0,56500,596
729897,LL23038102M,982091101529897,1908,2023-05-17 06:33:42,33,0,,12
734709,LL23048502M,982091101534709,1908,2023-05-17 06:34:27,956,0,53000,585
737097,LL23037303M,982091101537097,1908,2023-05-17 06:50:31,357,0,59000,332
735034,LL23026202M,982091101535034,1908,2023-05-17 06:56:32,904,0,65000,323
729897,LL23038102M,982091101529897,1908,2023-05-17 07:11:56,430,0,54500,223
734709,LL23048502M,982091101534709,1908,2023-05-17 07:25:23,309,0,53500,149
729897,LL23038102M,982091101529897,1908,2023-05-17 07:31:05,134,0,55000,76
735083,LL23029205M,982091101535083,1908,2023-05-17 07:33:27,808,0,52000,449
729889,LL23037601M,982091101529889,1908,2023-05-17 07:47:27,1100,0,66500,840
732966,LL23041902M,982091101532966,1908,2023-05-17 08:06:26,335,0,65000,212
729897,LL23038102M,982091101529897,1908,2023-05-17 08:12:01,13,0,,41
737097,LL23037303M,982091101537097,1908,2023-05-17 08:12:14,365,0,59000,398
735028,LL23029207M,984000005032083,1908,2023-05-17 08:18:47,302,0,58000,206
732923,LL23042101M,982091101532923,1908,2023-05-17 08:23:53,678,0,50000,356
735034,LL23026202M,982091101535034,1908,2023-05-17 08:35:19,668,0,64500,318
735028,LL23029207M,984000005032083,1908,2023-05-17 08:46:55,361,0,58000,269
734709,LL23048502M,982091101534709,1908,2023-05-17 08:53:00,437,0,54000,266
729897,LL23038102M,982091101529897,1908,2023-05-17 09:01:05,45,0,,29
735034,LL23026202M,982091101535034,1908,2023-05-17 09:02:58,240,0,64500,124
729897,LL23038102M,982091101529897,1908,2023-05-17 09:10:05,225,0,55000,67
734751,LL23052303M,982091101534751,1908,2023-05-17 09:14:06,488,0,50500,347
735083,LL23029205M,982091101535083,1908,2023-05-17 09:29:13,17,0,,2
729902,LL23035307M,982091101529902,1908,2023-05-17 09:30:38,897,0,54000,176
729897,LL23038102M,982091101529897,1908,2023-05-17 09:45:43,469,0,55000,308
734709,LL23048502M,982091101534709,1908,2023-05-17 09:53:36,500,0,54000,306
729897,LL23038102M,982091101529897,1908,2023-05-17 10:02:12,147,0,55500,74
735083,LL23029205M,982091101535083,1908,2023-05-17 10:04:52,756,0,52500,485
732966,LL23041902M,982091101532966,1908,2023-05-17 11:25:11,859,0,65000,682
734709,LL23048502M,982091101534709,1908,2023-05-17 11:39:51,461,0,54500,264
735034,LL23026202M,982091101535034,1908,2023-05-17 11:47:40,539,0,66000,309
732909,LL23042102M,982091101532909,1908,2023-05-17 11:57:11,86,0,54500,54
735028,LL23029207M,984000005032083,1908,2023-05-17 11:59:13,365,0,59000,261
735028,LL23029207M,984000005032083,1908,2023-05-17 12:07:19,107,0,54500,71
729889,LL23037601M,982091101529889,1908,2023-05-17 12:09:26,638,0,67500,444
729902,LL23035307M,982091101529902,1908,2023-05-17 12:20:08,898,0,54000,178
735034,LL23026202M,982091101535034,1908,2023-05-17 12:35:10,524,0,66000,342
729902,LL23035307M,982091101529902,1908,2023-05-17 12:43:54,375,0,54000,181
734692,LL23050302M,982091101534692,1908,2023-05-17 12:50:17,218,0,49500,125
737148,LL23051105M,982091101537148,1908,2023-05-17 12:53:59,605,0,56000,592
735083,LL23029205M,982091101535083,1908,2023-05-17 13:04:16,704,0,52500,456
732923,LL23042101M,982091101532923,1908,2023-05-17 13:16:12,501,0,50500,264
729889,LL23037601M,982091101529889,1908,2023-05-17 13:25:26,314,0,67000,115
729902,LL23035307M,982091101529902,1908,2023-05-17 13:31:00,804,0,54000,487
737148,LL23051105M,982091101537148,1908,2023-05-17 13:44:48,283,0,56000,263
735083,LL23029205M,982091101535083,1908,2023-05-17 13:50:03,173,0,53000,3
734692,LL23050302M,982091101534692,1908,2023-05-17 13:58:42,149,0,49000,38
732966,LL23041902M,982091101532966,1908,2023-05-17 14:01:19,512,0,65500,440
729902,LL23035307M,982091101529902,1908,2023-05-17 14:42:52,248,0,55000,143
732923,LL23042101M,982091101532923,1908,2023-05-17 14:47:32,567,0,50500,367
734731,LL23052101M,982091101534731,1908,2023-05-17 14:56:59,97,0,78000,41
737097,LL23037303M,982091101537097,1908,2023-05-17 14:58:44,571,0,58500,611
734692,LL23050302M,982091101534692,1908,2023-05-17 15:08:20,331,0,49500,187
735083,LL23029205M,982091101535083,1908,2023-05-17 15:13:59,500,0,53500,316
734731,LL23052101M,982091101534731,1908,2023-05-17 15:22:35,509,0,59000,316
732909,LL23042102M,982091101532909,1908,2023-05-17 15:31:13,968,0,54000,582
734751,LL23052303M,982091101534751,1908,2023-05-17 15:47:33,765,0,49500,475
734731,LL23052101M,982091101534731,1908,2023-05-17 16:00:26,297,0,59000,259
732966,LL23041902M,982091101532966,1908,2023-05-17 16:05:35,333,0,66000,289
734692,LL23050302M,982091101534692,1908,2023-05-17 16:11:08,214,0,49500,135
735028,LL23029207M,984000005032083,1908,2023-05-17 16:14:54,446,0,58500,319
734692,LL23050302M,982091101534692,1908,2023-05-17 16:22:28,193,0,49500,120
732909,LL23042102M,982091101532909,1908,2023-05-17 16:25:49,797,0,55500,352
735083,LL23029205M,982091101535083,1908,2023-05-17 16:39:18,348,0,53500,166
734709,LL23048502M,982091101534709,1908,2023-05-17 16:45:18,841,0,54500,551
729897,LL23038102M,982091101529897,1908,2023-05-17 16:59:27,459,0,54500,275
734751,LL23052303M,982091101534751,1908,2023-05-17 17:07:14,352,0,51000,190
732923,LL23042101M,982091101532923,1908,2023-05-17 17:13:14,78,0,51500,55
735028,LL23029207M,984000005032083,1908,2023-05-17 17:14:48,365,0,58250,289
732923,LL23042101M,982091101532923,1908,2023-05-17 17:21:01,519,0,51000,368
734731,LL23052101M,982091101534731,1908,2023-05-17 17:29:44,1008,0,60500,904
734692,LL23050302M,982091101534692,1908,2023-05-17 17:46:32,141,0,49500,136
729889,LL23037601M,982091101529889,1908,2023-05-17 17:48:57,571,0,67000,325
737148,LL23051105M,982091101537148,1908,2023-05-17 17:58:48,348,0,57500,370
734692,LL23050302M,982091101534692,1908,2023-05-17 18:05:13,426,0,51000,268
734709,LL23048502M,982091101534709,1908,2023-05-17 18:12:31,529,0,54500,320
729902,LL23035307M,982091101529902,1908,2023-05-17 18:21:28,773,0,55000,504
735028,LL23029207M,984000005032083,1908,2023-05-17 18:34:57,476,0,58500,406
729902,LL23035307M,982091101529902,1908,2023-05-17 18:43:13,571,0,55500,408
729889,LL23037601M,982091101529889,1908,2023-05-17 18:57:59,941,0,68000,828
734731,LL23052101M,982091101534731,1908,2023-05-17 19:16:48,289,0,61000,206
734692,LL23050302M,982091101534692,1908,2023-05-17 19:22:32,383,0,50500,212
734692,LL23050302M,982091101534692,1908,2023-05-17 19:31:30,67,0,50000,1
734731,LL23052101M,982091101534731,1908,2023-05-17 19:35:13,519,0,62000,467
734731,LL23052101M,982091101534731,1908,2023-05-17 19:45:56,119,0,62000,89
734709,LL23048502M,982091101534709,1908,2023-05-17 20:41:07,99,0,55500,51
729897,LL23038102M,982091101529897,1908,2023-05-17 20:44:49,95,0,55000,53
729902,LL23035307M,982091101529902,1908,2023-05-17 20:48:12,339,0,56500,221
732923,LL23042101M,982091101532923,1908,2023-05-17 20:56:34,238,0,51000,129
735028,LL23029207M,984000005032083,1908,2023-05-17 21:05:48,447,0,59000,291
734751,LL23052303M,982091101534751,1908,2023-05-17 21:14:04,509,0,51000,357
737148,LL23051105M,982091101537148,1908,2023-05-17 21:24:01,442,0,56000,476
734709,LL23048502M,982091101534709,1908,2023-05-17 21:57:19,391,0,55500,211
737148,LL23051105M,982091101537148,1908,2023-05-17 22:05:51,222,0,57000,196
737097,LL23037303M,982091101537097,1908,2023-05-17 22:57:52,671,0,59000,543
729897,LL23038102M,982091101529897,1908,2023-05-17 23:09:15,558,0,54500,250
729897,LL23038102M,982091101529897,1908,2023-05-17 23:20:33,148,0,54500,83
729889,LL23037601M,982091101529889,1908,2023-05-17 23:23:10,451,0,69500,395
737148,LL23051105M,982091101537148,1908,2023-05-17 23:34:31,337,0,58000,310
732909,LL23042102M,982091101532909,1908,2023-05-17 23:49:05,833,0,55500,304
735028,LL23029207M,984000005032083,1908,2023-05-18 00:04:46,100,0,59500,89
732909,LL23042102M,982091101532909,1908,2023-05-18 00:06:50,39,0,,23
735028,LL23029207M,984000005032083,1908,2023-05-18 00:07:53,47,0,,40
732966,LL23041902M,982091101532966,1908,2023-05-18 00:09:57,815,0,65500,587
734751,LL23052303M,982091101534751,1908,2023-05-18 00:27:18,433,0,52000,206
729897,LL23038102M,982091101529897,1908,2023-05-18 00:34:39,459,0,55000,277
737148,LL23051105M,982091101537148,1908,2023-05-18 00:43:14,209,0,59000,196
735083,LL23029205M,982091101535083,1908,2023-05-18 00:57:49,451,0,53500,305
734692,LL23050302M,982091101534692,1908,2023-05-18 01:10:43,279,0,51500,182
734692,LL23050302M,982091101534692,1908,2023-05-18 01:17:59,167,0,51500,110
734692,LL23050302M,982091101534692,1908,2023-05-18 01:24:26,139,0,51500,77
734692,LL23050302M,982091101534692,1908,2023-05-18 01:31:58,108,0,51500,46
732909,LL23042102M,982091101532909,1908,2023-05-18 01:54:08,132,0,56500,55
732909,LL23042102M,982091101532909,1908,2023-05-18 02:01:36,40,0,,20
732909,LL23042102M,982091101532909,1908,2023-05-18 02:04:16,338,0,56000,142
737097,LL23037303M,982091101537097,1908,2023-05-18 02:10:10,570,0,59000,520
734751,LL23052303M,982091101534751,1908,2023-05-18 02:19:40,530,0,51500,278
729897,LL23038102M,982091101529897,1908,2023-05-18 02:28:54,201,0,57000,111
735034,LL23026202M,982091101535034,1908,2023-05-18 02:32:19,1633,0,63000,911
732909,LL23042102M,982091101532909,1908,2023-05-18 03:01:13,616,0,56500,324
729897,LL23038102M,982091101529897,1908,2023-05-18 03:11:37,202,0,56500,135
732909,LL23042102M,982091101532909,1908,2023-05-18 03:15:11,47,0,,35
729897,LL23038102M,982091101529897,1908,2023-05-18 03:17:31,18,0,,15
732909,LL23042102M,982091101532909,1908,2023-05-18 03:32:16,125,0,56750,23
737148,LL23051105M,982091101537148,1908,2023-05-18 03:36:09,307,0,59000,319
735034,LL23026202M,982091101535034,1908,2023-05-18 03:48:07,333,0,65500,154
734692,LL23050302M,982091101534692,1908,2023-05-18 03:53:53,117,0,51000,70
734751,LL23052303M,982091101534751,1908,2023-05-18 03:56:10,366,0,52000,217
732909,LL23042102M,982091101532909,1908,2023-05-18 04:03:12,18,0,,4
729902,LL23035307M,982091101529902,1908,2023-05-18 04:04:14,748,0,56500,182
732923,LL23042101M,982091101532923,1908,2023-05-18 04:16:42,823,0,51000,449
734692,LL23050302M,982091101534692,1908,2023-05-18 04:31:14,129,0,51000,81
732909,LL23042102M,982091101532909,1908,2023-05-18 04:33:35,274,0,56500,50
734692,LL23050302M,982091101534692,1908,2023-05-18 04:38:13,146,0,50500,58
732923,LL23042101M,982091101532923,1908,2023-05-18 04:40:52,32,0,,19
734692,LL23050302M,982091101534692,1908,2023-05-18 04:42:00,79,0,51000,45
732909,LL23042102M,982091101532909,1908,2023-05-18 04:43:35,52,0,,25
737097,LL23037303M,982091101537097,1908,2023-05-18 04:44:51,136,0,58500,106
732923,LL23042101M,982091101532923,1908,2023-05-18 04:47:15,46,0,,31
737097,LL23037303M,982091101537097,1908,2023-05-18 04:51:16,39,0,,16
737097,LL23037303M,982091101537097,1908,2023-05-18 04:53:56,57,0,,45
734709,LL23048502M,982091101534709,1908,2023-05-18 04:56:53,876,0,55000,468
734692,LL23050302M,982091101534692,1908,2023-05-18 05:11:37,58,0,,30
729897,LL23038102M,982091101529897,1908,2023-05-18 05:12:39,320,0,55500,145
729897,LL23038102M,982091101529897,1908,2023-05-18 05:20:03,139,0,55500,51
734692,LL23050302M,982091101534692,1908,2023-05-18 05:22:26,27,0,,14
729897,LL23038102M,982091101529897,1908,2023-05-18 05:23:37,63,0,55500,46
729897,LL23038102M,982091101529897,1908,2023-05-18 05:26:41,25,0,,17
732966,LL23041902M,982091101532966,1908,2023-05-18 05:28:06,406,0,65500,221
729897,LL23038102M,982091101529897,1908,2023-05-18 05:36:29,18,0,,7
734751,LL23052303M,982091101534751,1908,2023-05-18 05:45:24,270,0,52000,151
729897,LL23038102M,982091101529897,1908,2023-05-18 05:50:06,25,0,,19
737097,LL23037303M,982091101537097,1908,2023-05-18 05:52:27,209,0,59500,198
734692,LL23050302M,982091101534692,1908,2023-05-18 06:18:47,91,0,51500,49
729897,LL23038102M,982091101529897,1908,2023-05-18 06:21:50,218,0,56000,69
734731,LL23052101M,982091101534731,1908,2023-05-18 06:25:37,1298,0,61000,825
735034,LL23026202M,982091101535034,1908,2023-05-18 06:47:43,763,0,65000,284
735083,LL23029205M,982091101535083,1908,2023-05-18 07:00:42,598,0,52000,333
732966,LL23041902M,982091101532966,1908,2023-05-18 07:11:08,806,0,65000,509
732909,LL23042102M,982091101532909,1908,2023-05-18 07:24:50,909,0,56000,445
735028,LL23029207M,984000005032083,1908,2023-05-18 07:40:15,804,0,58000,462
734709,LL23048502M,982091101534709,1908,2023-05-18 07:53:47,723,0,55000,422
729902,LL23035307M,982091101529902,1908,2023-05-18 08:06:23,446,0,56250,178
734692,LL23050302M,982091101534692,1908,2023-05-18 08:13:49,192,0,51000,108
734751,LL23052303M,982091101534751,1908,2023-05-18 08:17:09,536,0,52000,383
729889,LL23037601M,982091101529889,1908,2023-05-18 08:26:21,1005,0,67500,624
735034,LL23026202M,982091101535034,1908,2023-05-18 08:43:22,20,0,,5
729897,LL23038102M,982091101529897,1908,2023-05-18 08:43:54,44,0,,5
734731,LL23052101M,982091101534731,1908,2023-05-18 08:44:38,58,0,,70
732923,LL23042101M,982091101532923,1908,2023-05-18 08:45:40,216,0,50500,129
735034,LL23026202M,982091101535034,1908,2023-05-18 08:49:16,542,0,65000,299
729897,LL23038102M,982091101529897,1908,2023-05-18 08:58:34,912,0,56000,524
735083,LL23029205M,982091101535083,1908,2023-05-18 09:13:50,532,0,52000,319
729902,LL23035307M,982091101529902,1908,2023-05-18 09:23:28,194,0,55500,139
737097,LL23037303M,982091101537097,1908,2023-05-18 09:27:38,14,0,,9
729902,LL23035307M,982091101529902,1908,2023-05-18 09:27:56,111,0,56000,71
735028,LL23029207M,984000005032083,1908,2023-05-18 09:29:59,137,0,58000,116
737097,LL23037303M,982091101537097,1908,2023-05-18 09:32:32,121,0,59500,132
735034,LL23026202M,982091101535034,1908,2023-05-18 09:34:37,660,0,65500,416
732966,LL23041902M,982091101532966,1908,2023-05-18 09:45:53,63,0,65000,50
734709,LL23048502M,982091101534709,1908,2023-05-18 09:47:08,28,0,,25
737097,LL23037303M,982091101537097,1908,2023-05-18 09:47:56,203,0,59500,219
734709,LL23048502M,982091101534709,1908,2023-05-18 09:51:23,169,0,55000,99
729889,LL23037601M,982091101529889,1908,2023-05-18 09:54:32,260,0,67000,205
729897,LL23038102M,982091101529897,1908,2023-05-18 10:02:38,347,0,56000,179
737097,LL23037303M,982091101537097,1908,2023-05-18 10:08:37,255,0,59500,263
735034,LL23026202M,982091101535034,1908,2023-05-18 10:14:56,638,0,66000,251
732966,LL23041902M,982091101532966,1908,2023-05-18 10:45:12,230,0,65500,124
732966,LL23041902M,982091101532966,1908,2023-05-18 10:52:07,230,0,65500,113
735034,LL23026202M,982091101535034,1908,2023-05-18 10:56:12,72,0,67000,10
737148,LL23051105M,982091101537148,1908,2023-05-18 11:14:00,491,0,57500,460
735034,LL23026202M,982091101535034,1908,2023-05-18 11:22:19,40,0,,2
729897,LL23038102M,982091101529897,1908,2023-05-18 11:36:12,70,0,56500,23
734709,LL23048502M,982091101534709,1908,2023-05-18 12:04:08,846,0,55000,431
729902,LL23035307M,982091101529902,1908,2023-05-18 12:18:26,253,0,56000,168
732923,LL23042101M,982091101532923,1908,2023-05-18 12:22:39,942,0,51000,475
735028,LL23029207M,984000005032083,1908,2023-05-18 12:38:33,157,0,57750,61
735083,LL23029205M,982091101535083,1908,2023-05-18 12:41:19,591,0,52500,225
735028,LL23029207M,984000005032083,1908,2023-05-18 12:51:27,6,0,,3
732966,LL23041902M,982091101532966,1908,2023-05-18 12:51:33,568,0,67000,296
735028,LL23029207M,984000005032083,1908,2023-05-18 13:01:41,71,0,59000,26
729889,LL23037601M,982091101529889,1908,2023-05-18 13:03:09,21,0,,1
732966,LL23041902M,982091101532966,1908,2023-05-18 13:03:57,443,0,67000,315
735028,LL23029207M,984000005032083,1908,2023-05-18 13:11:41,81,0,58000,66
735083,LL23029205M,982091101535083,1908,2023-05-18 13:13:46,135,0,53500,12
735028,LL23029207M,984000005032083,1908,2023-05-18 13:19:16,461,0,58500,364
729889,LL23037601M,982091101529889,1908,2023-05-18 13:27:13,284,0,68000,81
729902,LL23035307M,982091101529902,1908,2023-05-18 13:32:30,1043,0,56500,577
735083,LL23029205M,982091101535083,1908,2023-05-18 13:50:01,964,0,54000,429
735034,LL23026202M,982091101535034,1908,2023-05-18 14:06:09,712,0,68000,357
729889,LL23037601M,982091101529889,1908,2023-05-18 14:18:13,525,0,68500,302
734709,LL23048502M,982091101534709,1908,2023-05-18 14:27:14,743,0,55500,449
735083,LL23029205M,982091101535083,1908,2023-05-18 14:41:37,180,0,54500,87
735034,LL23026202M,982091101535034,1908,2023-05-18 14:44:45,453,0,68000,256
729897,LL23038102M,982091101529897,1908,2023-05-18 14:52:22,580,0,56000,365
732966,LL23041902M,982091101532966,1908,2023-05-18 15:04:36,209,0,67000,163
737097,LL23037303M,982091101537097,1908,2023-05-18 15:08:13,631,0,61000,620
732966,LL23041902M,982091101532966,1908,2023-05-18 15:19:00,508,0,67500,421
729889,LL23037601M,982091101529889,1908,2023-05-18 15:29:04,163,0,69000,114
729889,LL23037601M,982091101529889,1908,2023-05-18 15:33:48,97,0,69000,76
737148,LL23051105M,982091101537148,1908,2023-05-18 15:35:33,236,0,58000,270
734692,LL23050302M,982091101534692,1908,2023-05-18 15:39:29,212,0,51000,122
729902,LL23035307M,982091101529902,1908,2023-05-18 15:43:01,62,0,57500,63
732909,LL23042102M,982091101532909,1908,2023-05-18 15:44:03,91,0,55500,45
734751,LL23052303M,982091101534751,1908,2023-05-18 15:45:34,65,0,50500,27
734692,LL23050302M,982091101534692,1908,2023-05-18 15:46:51,25,0,,25
732923,LL23042101M,982091101532923,1908,2023-05-18 15:47:16,225,0,52000,140
734731,LL23052101M,982091101534731,1908,2023-05-18 15:51:01,29,0,,26
732923,LL23042101M,982091101532923,1908,2023-05-18 15:51:30,236,0,52000,151
735028,LL23029207M,984000005032083,1908,2023-05-18 15:55:43,46,0,,51
734731,LL23052101M,982091101534731,1908,2023-05-18 15:56:33,81,0,61000,53
729897,LL23038102M,982091101529897,1908,2023-05-18 15:58:22,9,0,,21
734751,LL23052303M,982091101534751,1908,2023-05-18 15:58:31,185,0,51000,101
734692,LL23050302M,982091101534692,1908,2023-05-18 16:02:13,47,0,,48
734731,LL23052101M,982091101534731,1908,2023-05-18 16:03:16,128,0,61000,76
729897,LL23038102M,982091101529897,1908,2023-05-18 16:08:28,36,0,,9
735028,LL23029207M,984000005032083,1908,2023-05-18 16:09:16,16,0,,26
734692,LL23050302M,982091101534692,1908,2023-05-18 16:09:52,21,0,,9
729897,LL23038102M,982091101529897,1908,2023-05-18 16:11:36,29,0,,19
734692,LL23050302M,982091101534692,1908,2023-05-18 16:12:21,96,0,50500,73
729889,LL23037601M,982091101529889,1908,2023-05-18 16:14:17,64,0,68500,38
735028,LL23029207M,984000005032083,1908,2023-05-18 16:15:41,110,0,59250,67
729902,LL23035307M,982091101529902,1908,2023-05-18 16:17:35,513,0,57000,379
735028,LL23029207M,984000005032083,1908,2023-05-18 16:26:28,137,0,59000,105
734692,LL23050302M,982091101534692,1908,2023-05-18 16:28:53,49,0,,7
734731,LL23052101M,982091101534731,1908,2023-05-18 16:29:54,208,0,60500,95
735028,LL23029207M,984000005032083,1908,2023-05-18 16:33:42,194,0,59500,180
732909,LL23042102M,982091101532909,1908,2023-05-18 16:37:00,1236,0,55500,567
734731,LL23052101M,982091101534731,1908,2023-05-18 16:57:40,38,0,,31
735083,LL23029205M,982091101535083,1908,2023-05-18 16:58:22,311,0,54000,91
734731,LL23052101M,982091101534731,1908,2023-05-18 17:05:21,173,0,61500,96
732923,LL23042101M,982091101532923,1908,2023-05-18 17:08:22,339,0,52000,173
734751,LL23052303M,982091101534751,1908,2023-05-18 17:14:29,167,0,50500,62
732923,LL23042101M,982091101532923,1908,2023-05-18 17:17:49,43,0,,34
729889,LL23037601M,982091101529889,1908,2023-05-18 17:18:48,217,0,68500,86
734731,LL23052101M,982091101534731,1908,2023-05-18 17:22:45,585,0,62000,360
735028,LL23029207M,984000005032083,1908,2023-05-18 17:40:55,366,0,59500,184
734751,LL23052303M,982091101534751,1908,2023-05-18 17:49:46,25,0,,2
734709,LL23048502M,982091101534709,1908,2023-05-18 17:53:50,396,0,56000,213
729902,LL23035307M,982091101529902,1908,2023-05-18 19:10:56,233,0,58000,141
737148,LL23051105M,982091101537148,1908,2023-05-18 19:27:01,178,0,60000,126
734709,LL23048502M,982091101534709,1908,2023-05-18 19:35:23,293,0,55000,159
729889,LL23037601M,982091101529889,1908,2023-05-18 21:14:46,363,0,68500,231
729902,LL23035307M,982091101529902,1908,2023-05-18 21:40:04,333,0,58000,238
737148,LL23051105M,982091101537148,1908,2023-05-18 21:55:38,335,0,57000,316
734751,LL23052303M,982091101534751,1908,2023-05-18 22:03:17,55,0,,2
737148,LL23051105M,982091101537148,1908,2023-05-18 22:13:10,309,0,57500,308
734692,LL23050302M,982091101534692,1908,2023-05-18 22:18:27,22,0,,6
734709,LL23048502M,982091101534709,1908,2023-05-18 23:04:30,536,0,54500,289
737148,LL23051105M,982091101537148,1908,2023-05-18 23:15:29,241,0,58500,211
729889,LL23037601M,982091101529889,1908,2023-05-18 23:45:31,329,0,68500,224
729889,LL23037601M,982091101529889,1908,2023-05-18 23:53:04,433,0,68000,288
735083,LL23029205M,982091101535083,1908,2023-05-19 00:02:21,125,0,54000,48
729902,LL23035307M,982091101529902,1908,2023-05-19 00:06:14,129,0,58000,102
729897,LL23038102M,982091101529897,1908,2023-05-19 00:21:12,453,0,55000,160
735034,LL23026202M,982091101535034,1908,2023-05-19 00:28:57,351,0,65500,135
737148,LL23051105M,982091101537148,1908,2023-05-19 00:37:20,174,0,59500,139
737148,LL23051105M,982091101537148,1908,2023-05-19 01:41:30,184,0,59000,105
735034,LL23026202M,982091101535034,1908,2023-05-19 01:44:54,42,0,,2
732909,LL23042102M,982091101532909,1908,2023-05-19 01:45:59,167,0,55000,56
732923,LL23042101M,982091101532923,1908,2023-05-19 01:51:28,392,0,49500,199
732909,LL23042102M,982091101532909,1908,2023-05-19 01:59:04,497,0,55500,210
734751,LL23052303M,982091101534751,1908,2023-05-19 02:07:28,428,0,49000,132
737148,LL23051105M,982091101537148,1908,2023-05-19 02:16:00,157,0,59000,11
737148,LL23051105M,982091101537148,1908,2023-05-19 02:22:26,112,0,58000,82
729897,LL23038102M,982091101529897,1908,2023-05-19 02:24:30,909,0,54000,317
737148,LL23051105M,982091101537148,1908,2023-05-19 02:40:02,116,0,58500,70
737148,LL23051105M,982091101537148,1908,2023-05-19 02:44:01,42,0,,32
729897,LL23038102M,982091101529897,1908,2023-05-19 02:44:47,121,0,54000,82
729897,LL23038102M,982091101529897,1908,2023-05-19 02:57:57,83,0,54000,35
734692,LL23050302M,982091101534692,1908,2023-05-19 03:03:29,462,0,49000,195
734709,LL23048502M,982091101534709,1908,2023-05-19 03:12:31,810,0,54500,461
732923,LL23042101M,982091101532923,1908,2023-05-19 03:35:31,98,0,50000,50
729902,LL23035307M,982091101529902,1908,2023-05-19 03:37:41,580,0,57000,165
732909,LL23042102M,982091101532909,1908,2023-05-19 03:47:29,168,0,55000,78
729902,LL23035307M,982091101529902,1908,2023-05-19 03:50:25,121,0,57000,42
732909,LL23042102M,982091101532909,1908,2023-05-19 03:52:34,970,0,55500,412
735034,LL23026202M,982091101535034,1908,2023-05-19 04:09:00,697,0,65500,215
732966,LL23041902M,982091101532966,1908,2023-05-19 04:27:56,517,0,66000,228
729897,LL23038102M,982091101529897,1908,2023-05-19 04:36:45,684,0,55000,271
734731,LL23052101M,982091101534731,1908,2023-05-19 04:50:42,1147,0,59500,671
734751,LL23052303M,982091101534751,1908,2023-05-19 05:10:05,748,0,48500,317
734692,LL23050302M,982091101534692,1908,2023-05-19 05:22:41,107,0,50000,46
732909,LL23042102M,982091101532909,1908,2023-05-19 05:24:33,724,0,56000,253
734692,LL23050302M,982091101534692,1908,2023-05-19 05:36:49,476,0,49500,220
735034,LL23026202M,982091101535034,1908,2023-05-19 05:46:45,562,0,65500,205
734692,LL23050302M,982091101534692,1908,2023-05-19 05:58:08,83,0,49500,25
729902,LL23035307M,982091101529902,1908,2023-05-19 05:59:52,331,0,57500,124
735083,LL23029205M,982091101535083,1908,2023-05-19 06:05:27,328,0,51000,182
737097,LL23037303M,982091101537097,1908,2023-05-19 06:10:55,257,0,57500,163
735028,LL23029207M,984000005032083,1908,2023-05-19 06:15:52,990,0,56500,371
732923,LL23042101M,982091101532923,1908,2023-05-19 06:32:50,816,0,49500,333
734709,LL23048502M,982091101534709,1908,2023-05-19 06:46:30,43,0,,27
732966,LL23041902M,982091101532966,1908,2023-05-19 06:47:29,745,0,65500,326
729897,LL23038102M,982091101529897,1908,2023-05-19 07:00:06,309,0,55500,138
732923,LL23042101M,982091101532923,1908,2023-05-19 07:05:27,200,0,50500,109
729897,LL23038102M,982091101529897,1908,2023-05-19 07:08:55,182,0,55500,88
732923,LL23042101M,982091101532923,1908,2023-05-19 07:12:06,30,0,,17
729897,LL23038102M,982091101529897,1908,2023-05-19 07:14:40,201,0,55500,112
734709,LL23048502M,982091101534709,1908,2023-05-19 07:18:13,1010,0,54500,472
735083,LL23029205M,982091101535083,1908,2023-05-19 07:35:11,192,0,51500,32
735083,LL23029205M,982091101535083,1908,2023-05-19 07:53:23,393,0,51500,209
737097,LL23037303M,982091101537097,1908,2023-05-19 08:00:00,401,0,57000,277
734731,LL23052101M,982091101534731,1908,2023-05-19 08:07:25,196,0,61000,152
735034,LL23026202M,982091101535034,1908,2023-05-19 08:10:50,1575,0,65500,898
729897,LL23038102M,982091101529897,1908,2023-05-19 08:37:05,497,0,56500,304
729889,LL23037601M,982091101529889,1908,2023-05-19 08:45:38,1321,0,67500,890
734731,LL23052101M,982091101534731,1908,2023-05-19 09:07:55,697,0,62000,592
732966,LL23041902M,982091101532966,1908,2023-05-19 09:19:36,1013,0,67000,824
734709,LL23048502M,982091101534709,1908,2023-05-19 09:36:45,951,0,57000,610
729897,LL23038102M,982091101529897,1908,2023-05-19 09:53:00,313,0,57500,177
735034,LL23026202M,982091101535034,1908,2023-05-19 10:03:39,769,0,67500,424
735028,LL23029207M,984000005032083,1908,2023-05-19 10:16:40,88,0,58000,55
737097,LL23037303M,982091101537097,1908,2023-05-19 10:18:08,338,0,59000,221
735028,LL23029207M,984000005032083,1908,2023-05-19 10:23:46,33,0,,30
737097,LL23037303M,982091101537097,1908,2023-05-19 10:24:19,241,0,58500,193
734751,LL23052303M,982091101534751,1908,2023-05-19 10:28:24,285,0,49500,136
735028,LL23029207M,984000005032083,1908,2023-05-19 10:33:18,689,0,58000,366
735083,LL23029205M,982091101535083,1908,2023-05-19 10:45:35,332,0,53000,71
735028,LL23029207M,984000005032083,1908,2023-05-19 10:51:15,244,0,58500,16
735083,LL23029205M,982091101535083,1908,2023-05-19 10:55:19,860,0,52500,317
734709,LL23048502M,982091101534709,1908,2023-05-19 11:09:51,593,0,57000,175
735083,LL23029205M,982091101535083,1908,2023-05-19 11:20:48,34,0,,4
735083,LL23029205M,982091101535083,1908,2023-05-19 11:29:58,134,0,53500,51
737097,LL23037303M,982091101537097,1908,2023-05-19 11:32:16,311,0,60000,284
729902,LL23035307M,982091101529902,1908,2023-05-19 11:37:27,1056,0,56500,252
729897,LL23038102M,982091101529897,1908,2023-05-19 11:55:11,521,0,58500,324
729902,LL23035307M,982091101529902,1908,2023-05-19 12:04:00,318,0,56500,128
729889,LL23037601M,982091101529889,1908,2023-05-19 12:09:30,371,0,69000,161
732923,LL23042101M,982091101532923,1908,2023-05-19 12:16:05,934,0,52000,462
729897,LL23038102M,982091101529897,1908,2023-05-19 12:31:51,300,0,58500,208
734692,LL23050302M,982091101534692,1908,2023-05-19 12:36:55,399,0,50000,168
735034,LL23026202M,982091101535034,1908,2023-05-19 12:43:58,248,0,68500,91
732966,LL23041902M,982091101532966,1908,2023-05-19 12:48:22,636,0,68000,423
729889,LL23037601M,982091101529889,1908,2023-05-19 13:00:03,260,0,69500,201
735034,LL23026202M,982091101535034,1908,2023-05-19 13:11:12,492,0,69000,282
732966,LL23041902M,982091101532966,1908,2023-05-19 13:34:23,115,0,68500,70
735083,LL23029205M,982091101535083,1908,2023-05-19 13:36:22,608,0,53000,334
732909,LL23042102M,982091101532909,1908,2023-05-19 13:46:35,1148,0,55000,506
735028,LL23029207M,984000005032083,1908,2023-05-19 14:06:00,884,0,59000,517
729902,LL23035307M,982091101529902,1908,2023-05-19 14:20:52,434,0,56500,167
735034,LL23026202M,982091101535034,1908,2023-05-19 14:28:17,289,0,69000,206
734751,LL23052303M,982091101534751,1908,2023-05-19 14:33:06,1061,0,49500,509
735083,LL23029205M,982091101535083,1908,2023-05-19 14:51:03,131,0,55750,59
732923,LL23042101M,982091101532923,1908,2023-05-19 14:53:19,22,0,,16
735083,LL23029205M,982091101535083,1908,2023-05-19 14:53:45,70,0,57500,19
734692,LL23050302M,982091101534692,1908,2023-05-19 14:55:07,613,0,49500,222
737148,LL23051105M,982091101537148,1908,2023-05-19 15:05:53,674,0,56500,610
735083,LL23029205M,982091101535083,1908,2023-05-19 15:17:23,432,0,54000,197
734731,LL23052101M,982091101534731,1908,2023-05-19 15:24:59,977,0,62500,663
734709,LL23048502M,982091101534709,1908,2023-05-19 15:41:21,909,0,56500,621
732923,LL23042101M,982091101532923,1908,2023-05-19 15:56:34,963,0,52500,567
729897,LL23038102M,982091101529897,1908,2023-05-19 16:12:49,354,0,57500,184
734692,LL23050302M,982091101534692,1908,2023-05-19 16:18:55,73,0,49500,36
732966,LL23041902M,982091101532966,1908,2023-05-19 16:20:37,312,0,68000,314
729902,LL23035307M,982091101529902,1908,2023-05-19 16:26:05,110,0,56000,70
732909,LL23042102M,982091101532909,1908,2023-05-19 16:27:59,621,0,56000,357
729902,LL23035307M,982091101529902,1908,2023-05-19 16:38:28,149,0,56000,91
732966,LL23041902M,982091101532966,1908,2023-05-19 16:41:06,529,0,68000,433
729889,LL23037601M,982091101529889,1908,2023-05-19 16:49:59,453,0,68500,235
735083,LL23029205M,982091101535083,1908,2023-05-19 16:57:48,364,0,54500,237
737097,LL23037303M,982091101537097,1908,2023-05-19 17:03:52,692,0,59500,581
729902,LL23035307M,982091101529902,1908,2023-05-19 17:16:33,83,0,57000,77
735028,LL23029207M,984000005032083,1908,2023-05-19 17:18:20,537,0,59500,257
734692,LL23050302M,982091101534692,1908,2023-05-19 17:27:21,160,0,50250,75
735028,LL23029207M,984000005032083,1908,2023-05-19 17:30:21,325,0,59500,187
734692,LL23050302M,982091101534692,1908,2023-05-19 17:35:50,74,0,50000,13
729902,LL23035307M,982091101529902,1908,2023-05-19 17:37:12,588,0,57000,401
734751,LL23052303M,982091101534751,1908,2023-05-19 17:47:00,114,0,49500,63
732909,LL23042102M,982091101532909,1908,2023-05-19 17:49:02,809,0,57000,437
734709,LL23048502M,982091101534709,1908,2023-05-19 18:02:43,638,0,57500,385
734692,LL23050302M,982091101534692,1908,2023-05-19 18:13:29,354,0,50500,174
734731,LL23052101M,982091101534731,1908,2023-05-19 18:19:31,901,0,63500,673
729902,LL23035307M,982091101529902,1908,2023-05-19 18:34:37,854,0,58000,630
737148,LL23051105M,982091101537148,1908,2023-05-19 19:13:16,557,0,58000,574
734692,LL23050302M,982091101534692,1908,2023-05-19 19:24:05,374,0,51000,205
732923,LL23042101M,982091101532923,1908,2023-05-19 19:30:23,656,0,53500,447
729889,LL23037601M,982091101529889,1908,2023-05-19 19:41:23,972,0,69500,993
734751,LL23052303M,982091101534751,1908,2023-05-19 19:58:39,767,0,51000,467
735083,LL23029205M,982091101535083,1908,2023-05-19 20:13:27,311,0,54500,207
729889,LL23037601M,982091101529889,1908,2023-05-19 20:25:25,143,0,69500,31
737148,LL23051105M,982091101537148,1908,2023-05-19 21:06:09,291,0,59000,245
734709,LL23048502M,982091101534709,1908,2023-05-19 21:12:48,364,0,57000,253
734731,LL23052101M,982091101534731,1908,2023-05-19 21:25:43,669,0,63500,469
735028,LL23029207M,984000005032083,1908,2023-05-19 21:59:42,442,0,59500,323
734709,LL23048502M,982091101534709,1908,2023-05-19 22:07:08,83,0,57500,43
729902,LL23035307M,982091101529902,1908,2023-05-19 22:08:39,28,0,,28
734709,LL23048502M,982091101534709,1908,2023-05-19 22:09:18,432,0,57500,282
729902,LL23035307M,982091101529902,1908,2023-05-19 22:16:46,411,0,58500,206
729889,LL23037601M,982091101529889,1908,2023-05-19 22:26:54,297,0,70500,218
737148,LL23051105M,982091101537148,1908,2023-05-19 22:49:18,239,0,59500,210
737148,LL23051105M,982091101537148,1908,2023-05-19 23:20:00,215,0,59500,202
735083,LL23029205M,982091101535083,1908,2023-05-19 23:54:31,539,0,55000,243
737148,LL23051105M,982091101537148,1908,2023-05-20 00:05:30,310,0,59500,98
732966,LL23041902M,982091101532966,1908,2023-05-20 00:19:06,497,0,69000,276
737148,LL23051105M,982091101537148,1908,2023-05-20 00:28:31,21,0,,16
734731,LL23052101M,982091101534731,1908,2023-05-20 00:29:05,367,0,65000,207
734709,LL23048502M,982091101534709,1908,2023-05-20 00:40:06,270,0,58000,163
737148,LL23051105M,982091101537148,1908,2023-05-20 00:45:08,156,0,60000,29
734751,LL23052303M,982091101534751,1908,2023-05-20 00:47:48,320,0,50500,142
729889,LL23037601M,982091101529889,1908,2023-05-20 00:55:40,190,0,71000,77
729902,LL23035307M,982091101529902,1908,2023-05-20 00:59:06,148,0,59500,66
734751,LL23052303M,982091101534751,1908,2023-05-20 01:01:47,145,0,50500,31
737148,LL23051105M,982091101537148,1908,2023-05-20 01:24:29,311,0,60000,260
729897,LL23038102M,982091101529897,1908,2023-05-20 02:00:27,40,0,,12
737097,LL23037303M,982091101537097,1908,2023-05-20 02:01:11,265,0,59000,167
729897,LL23038102M,982091101529897,1908,2023-05-20 02:05:48,145,0,57000,30
737097,LL23037303M,982091101537097,1908,2023-05-20 02:08:13,115,0,58500,50
729897,LL23038102M,982091101529897,1908,2023-05-20 02:10:52,118,0,56500,38
732909,LL23042102M,982091101532909,1908,2023-05-20 02:12:54,86,0,56000,16
737097,LL23037303M,982091101537097,1908,2023-05-20 02:14:20,216,0,59000,214
729897,LL23038102M,982091101529897,1908,2023-05-20 02:18:00,415,0,56000,189
734692,LL23050302M,982091101534692,1908,2023-05-20 02:25:16,259,0,51000,89
729897,LL23038102M,982091101529897,1908,2023-05-20 02:29:43,333,0,56000,189
732909,LL23042102M,982091101532909,1908,2023-05-20 02:35:28,783,0,56500,311
729897,LL23038102M,982091101529897,1908,2023-05-20 02:48:47,205,0,56000,142
732909,LL23042102M,982091101532909,1908,2023-05-20 02:52:47,87,0,56500,48
734692,LL23050302M,982091101534692,1908,2023-05-20 02:54:46,512,0,51000,260
732909,LL23042102M,982091101532909,1908,2023-05-20 03:05:19,61,0,57000,41
734751,LL23052303M,982091101534751,1908,2023-05-20 03:09:28,734,0,51000,375
729897,LL23038102M,982091101529897,1908,2023-05-20 03:21:54,18,0,,8
734692,LL23050302M,982091101534692,1908,2023-05-20 03:25:58,79,0,51000,33
732909,LL23042102M,982091101532909,1908,2023-05-20 03:36:48,90,0,57500,36
732923,LL23042101M,982091101532923,1908,2023-05-20 03:39:26,765,0,52000,457
732909,LL23042102M,982091101532909,1908,2023-05-20 03:52:15,160,0,57000,39
732966,LL23041902M,982091101532966,1908,2023-05-20 03:57:40,497,0,68500,343
735034,LL23026202M,982091101535034,1908,2023-05-20 04:06:09,562,0,66000,181
735034,LL23026202M,982091101535034,1908,2023-05-20 04:17:31,1081,0,65500,521
735028,LL23029207M,984000005032083,1908,2023-05-20 04:52:30,459,0,59500,285
732909,LL23042102M,982091101532909,1908,2023-05-20 05:00:13,856,0,57500,487
734751,LL23052303M,982091101534751,1908,2023-05-20 05:14:37,291,0,51500,157
735028,LL23029207M,984000005032083,1908,2023-05-20 05:20:01,414,0,59000,313
729897,LL23038102M,982091101529897,1908,2023-05-20 05:28:27,463,0,56500,158
734751,LL23052303M,982091101534751,1908,2023-05-20 05:36:30,51,0,,30
737097,LL23037303M,982091101537097,1908,2023-05-20 05:37:26,409,0,59500,335
735083,LL23029205M,982091101535083,1908,2023-05-20 05:44:36,775,0,54000,367
734692,LL23050302M,982091101534692,1908,2023-05-20 05:57:47,359,0,51500,186
729897,LL23038102M,982091101529897,1908,2023-05-20 06:04:10,206,0,56500,80
734692,LL23050302M,982091101534692,1908,2023-05-20 06:07:44,206,0,51500,97
734692,LL23050302M,982091101534692,1908,2023-05-20 06:13:10,100,0,51500,34
734751,LL23052303M,982091101534751,1908,2023-05-20 06:15:07,377,0,51000,244
735034,LL23026202M,982091101535034,1908,2023-05-20 06:22:34,303,0,65500,152
734751,LL23052303M,982091101534751,1908,2023-05-20 06:28:01,77,0,52000,34
737097,LL23037303M,982091101537097,1908,2023-05-20 06:29:34,47,0,,39
734692,LL23050302M,982091101534692,1908,2023-05-20 06:30:45,31,0,,2
729902,LL23035307M,982091101529902,1908,2023-05-20 06:31:36,305,0,58500,71
732966,LL23041902M,982091101532966,1908,2023-05-20 07:03:16,446,0,69000,270
732923,LL23042101M,982091101532923,1908,2023-05-20 07:11:14,773,0,52500,452
734731,LL23052101M,982091101534731,1908,2023-05-20 07:24:15,445,0,63000,191
737097,LL23037303M,982091101537097,1908,2023-05-20 07:32:20,91,0,59500,91
734731,LL23052101M,982091101534731,1908,2023-05-20 07:34:23,635,0,63000,479
734709,LL23048502M,982091101534709,1908,2023-05-20 07:45:27,1119,0,56000,643
735034,LL23026202M,982091101535034,1908,2023-05-20 08:04:10,1101,0,67000,649
729897,LL23038102M,982091101529897,1908,2023-05-20 08:22:31,670,0,56500,403
734692,LL23050302M,982091101534692,1908,2023-05-20 08:33:57,224,0,51500,129
735083,LL23029205M,982091101535083,1908,2023-05-20 08:37:49,671,0,54000,389
734692,LL23050302M,982091101534692,1908,2023-05-20 08:49:04,146,0,51500,78
734751,LL23052303M,982091101534751,1908,2023-05-20 08:51:38,507,0,52000,303
729902,LL23035307M,982091101529902,1908,2023-05-20 09:00:37,734,0,58000,186
734692,LL23050302M,982091101534692,1908,2023-05-20 09:13:27,220,0,51500,138
729897,LL23038102M,982091101529897,1908,2023-05-20 09:17:11,47,0,,21
737097,LL23037303M,982091101537097,1908,2023-05-20 09:18:03,39,0,,7
732966,LL23041902M,982091101532966,1908,2023-05-20 09:18:46,71,0,68250,60
729897,LL23038102M,982091101529897,1908,2023-05-20 09:20:01,43,0,,26
737097,LL23037303M,982091101537097,1908,2023-05-20 09:20:44,472,0,60000,495
732966,LL23041902M,982091101532966,1908,2023-05-20 09:28:44,694,0,68500,631
729897,LL23038102M,982091101529897,1908,2023-05-20 09:40:27,439,0,58500,252
735034,LL23026202M,982091101535034,1908,2023-05-20 09:48:45,546,0,68500,331
729897,LL23038102M,982091101529897,1908,2023-05-20 09:57:55,127,0,58500,85
729889,LL23037601M,982091101529889,1908,2023-05-20 10:02:06,1187,0,69500,958
734709,LL23048502M,982091101534709,1908,2023-05-20 10:32:57,255,0,57500,173
734709,LL23048502M,982091101534709,1908,2023-05-20 10:44:05,688,0,58500,368
735028,LL23029207M,984000005032083,1908,2023-05-20 10:56:46,876,0,59500,583
734731,LL23052101M,982091101534731,1908,2023-05-20 11:11:30,1244,0,64000,868
735083,LL23029205M,982091101535083,1908,2023-05-20 11:32:22,607,0,55000,351
735034,LL23026202M,982091101535034,1908,2023-05-20 11:42:37,211,0,68000,107
732966,LL23041902M,982091101532966,1908,2023-05-20 11:46:44,52,0,,50
732923,LL23042101M,982091101532923,1908,2023-05-20 11:47:45,736,0,53000,401
729902,LL23035307M,982091101529902,1908,2023-05-20 12:00:05,318,0,57500,89
734709,LL23048502M,982091101534709,1908,2023-05-20 12:05:35,326,0,58000,225
729902,LL23035307M,982091101529902,1908,2023-05-20 12:11:06,43,0,,56
737097,LL23037303M,982091101537097,1908,2023-05-20 12:12:18,374,0,61500,388
737148,LL23051105M,982091101537148,1908,2023-05-20 12:18:44,694,0,59000,671
729902,LL23035307M,982091101529902,1908,2023-05-20 12:30:18,238,0,57500,81
732923,LL23042101M,982091101532923,1908,2023-05-20 12:34:31,114,0,53500,60
729897,LL23038102M,982091101529897,1908,2023-05-20 12:36:25,561,0,58000,318
729889,LL23037601M,982091101529889,1908,2023-05-20 12:45:55,391,0,70000,247
732909,LL23042102M,982091101532909,1908,2023-05-20 12:52:42,869,0,57000,457
729902,LL23035307M,982091101529902,1908,2023-05-20 13:07:15,362,0,57500,132
735034,LL23026202M,982091101535034,1908,2023-05-20 13:13:21,194,0,68500,133
732966,LL23041902M,982091101532966,1908,2023-05-20 13:16:39,81,0,69500,37
729902,LL23035307M,982091101529902,1908,2023-05-20 13:18:05,280,0,57500,113
729897,LL23038102M,982091101529897,1908,2023-05-20 13:22:54,551,0,58500,301
735083,LL23029205M,982091101535083,1908,2023-05-20 13:32:09,751,0,55000,435
729889,LL23037601M,982091101529889,1908,2023-05-20 13:51:08,382,0,71000,315
732966,LL23041902M,982091101532966,1908,2023-05-20 13:57:38,442,0,69500,186
735034,LL23026202M,982091101535034,1908,2023-05-20 14:05:04,44,0,,17
734709,LL23048502M,982091101534709,1908,2023-05-20 14:05:48,457,0,58500,269
732966,LL23041902M,982091101532966,1908,2023-05-20 14:13:29,362,0,69500,285
735028,LL23029207M,984000005032083,1908,2023-05-20 14:20:03,745,0,60000,517
732966,LL23041902M,982091101532966,1908,2023-05-20 14:32:40,177,0,69500,116
729889,LL23037601M,982091101529889,1908,2023-05-20 14:38:09,153,0,72000,40
735083,LL23029205M,982091101535083,1908,2023-05-20 14:41:06,515,0,56500,199
735034,LL23026202M,982091101535034,1908,2023-05-20 14:49:53,776,0,69000,526
732909,LL23042102M,982091101532909,1908,2023-05-20 15:03:25,655,0,57000,347
729902,LL23035307M,982091101529902,1908,2023-05-20 15:14:48,240,0,58500,96
735034,LL23026202M,982091101535034,1908,2023-05-20 15:19:00,541,0,69000,365
734692,LL23050302M,982091101534692,1908,2023-05-20 15:28:25,212,0,52000,107
729902,LL23035307M,982091101529902,1908,2023-05-20 15:32:05,960,0,58500,381
729902,LL23035307M,982091101529902,1908,2023-05-20 15:50:06,58,0,,35
732923,LL23042101M,982091101532923,1908,2023-05-20 15:52:04,734,0,54000,430
729902,LL23035307M,982091101529902,1908,2023-05-20 16:04:26,216,0,59000,157
734751,LL23052303M,982091101534751,1908,2023-05-20 16:08:06,289,0,52000,138
729902,LL23035307M,982091101529902,1908,2023-05-20 16:12:59,14,0,,14
734751,LL23052303M,982091101534751,1908,2023-05-20 16:13:17,32,0,,16
734709,LL23048502M,982091101534709,1908,2023-05-20 16:13:49,28,0,,31
734692,LL23050302M,982091101534692,1908,2023-05-20 16:14:17,13,0,,8
737097,LL23037303M,982091101537097,1908,2023-05-20 16:14:34,11,0,,5
735028,LL23029207M,984000005032083,1908,2023-05-20 16:14:57,49,0,,59
737097,LL23037303M,982091101537097,1908,2023-05-20 16:15:58,430,0,61000,464
735083,LL23029205M,982091101535083,1908,2023-05-20 16:23:12,175,0,56500,100
735028,LL23029207M,984000005032083,1908,2023-05-20 16:26:26,12,0,,13
735083,LL23029205M,982091101535083,1908,2023-05-20 16:26:42,377,0,56500,201
734692,LL23050302M,982091101534692,1908,2023-05-20 16:33:31,109,0,51500,53
732909,LL23042102M,982091101532909,1908,2023-05-20 16:35:32,247,0,58000,144
734692,LL23050302M,982091101534692,1908,2023-05-20 16:39:39,248,0,51500,142
732909,LL23042102M,982091101532909,1908,2023-05-20 16:43:55,61,0,58500,36
734709,LL23048502M,982091101534709,1908,2023-05-20 16:44:56,446,0,58000,310
737148,LL23051105M,982091101537148,1908,2023-05-20 16:52:26,49,0,,40
734709,LL23048502M,982091101534709,1908,2023-05-20 16:53:15,103,0,58000,59
732966,LL23041902M,982091101532966,1908,2023-05-20 16:55:37,530,0,69000,528
734692,LL23050302M,982091101534692,1908,2023-05-20 17:04:39,122,0,51500,59
732909,LL23042102M,982091101532909,1908,2023-05-20 17:06:53,600,0,58000,335
729902,LL23035307M,982091101529902,1908,2023-05-20 17:17:01,221,0,58500,154
734751,LL23052303M,982091101534751,1908,2023-05-20 17:20:46,445,0,51500,229
735028,LL23029207M,984000005032083,1908,2023-05-20 17:28:19,717,0,61500,418
734709,LL23048502M,982091101534709,1908,2023-05-20 17:40:53,611,0,58000,343
734692,LL23050302M,982091101534692,1908,2023-05-20 18:14:05,106,0,51500,54
737148,LL23051105M,982091101537148,1908,2023-05-20 18:31:49,688,0,59000,542
729902,LL23035307M,982091101529902,1908,2023-05-20 18:44:01,565,0,59500,221
734692,LL23050302M,982091101534692,1908,2023-05-20 18:53:30,486,0,52000,266
732923,LL23042101M,982091101532923,1908,2023-05-20 19:01:40,637,0,54500,313
729902,LL23035307M,982091101529902,1908,2023-05-20 19:12:37,105,0,59500,61
732923,LL23042101M,982091101532923,1908,2023-05-20 19:14:26,108,0,53500,67
729889,LL23037601M,982091101529889,1908,2023-05-20 19:16:34,282,0,70500,88
734751,LL23052303M,982091101534751,1908,2023-05-20 19:21:44,296,0,52000,38
734692,LL23050302M,982091101534692,1908,2023-05-20 19:27:08,210,0,51500,3
734692,LL23050302M,982091101534692,1908,2023-05-20 19:32:38,256,0,52000,160
735083,LL23029205M,982091101535083,1908,2023-05-20 19:37:11,246,0,56500,132
729897,LL23038102M,982091101529897,1908,2023-05-20 19:41:39,334,0,58000,164
735083,LL23029205M,982091101535083,1908,2023-05-20 19:47:21,34,0,,5
729889,LL23037601M,982091101529889,1908,2023-05-20 19:49:58,485,0,70500,374
735028,LL23029207M,984000005032083,1908,2023-05-20 19:59:03,31,0,,16
737148,LL23051105M,982091101537148,1908,2023-05-20 20:39:03,490,0,59500,430
732923,LL23042101M,982091101532923,1908,2023-05-20 20:47:13,258,0,54500,133
734731,LL23052101M,982091101534731,1908,2023-05-20 20:51:39,1218,0,64000,697
734692,LL23050302M,982091101534692,1908,2023-05-20 21:12:58,252,0,52500,162
737097,LL23037303M,982091101537097,1908,2023-05-20 21:17:14,559,0,60500,547
729902,LL23035307M,982091101529902,1908,2023-05-20 21:27:13,371,0,60000,240
734709,LL23048502M,982091101534709,1908,2023-05-20 21:33:32,716,0,58500,464
729889,LL23037601M,982091101529889,1908,2023-05-20 21:45:45,898,0,71000,829
734709,LL23048502M,982091101534709,1908,2023-05-20 22:11:30,313,0,59000,179
732923,LL23042101M,982091101532923,1908,2023-05-20 22:26:46,437,0,54500,319
734751,LL23052303M,982091101534751,1908,2023-05-20 22:34:47,884,0,51500,489
732966,LL23041902M,982091101532966,1908,2023-05-20 22:49:59,594,0,69000,410
737148,LL23051105M,982091101537148,1908,2023-05-20 23:39:30,250,0,61000,194
729897,LL23038102M,982091101529897,1908,2023-05-20 23:44:16,289,0,58000,142
735083,LL23029205M,982091101535083,1908,2023-05-20 23:49:21,199,0,56000,112
734731,LL23052101M,982091101534731,1908,2023-05-20 23:52:44,1437,0,65000,1037
737148,LL23051105M,982091101537148,1908,2023-05-21 00:18:10,169,0,60500,148
737097,LL23037303M,982091101537097,1908,2023-05-21 00:40:46,217,0,61000,187
737148,LL23051105M,982091101537148,1908,2023-05-21 00:49:35,76,0,61000,73
734731,LL23052101M,982091101534731,1908,2023-05-21 00:56:08,49,0,,36
729889,LL23037601M,982091101529889,1908,2023-05-21 01:04:49,154,0,72500,110
734709,LL23048502M,982091101534709,1908,2023-05-21 01:09:24,372,0,59000,180
734731,LL23052101M,982091101534731,1908,2023-05-21 01:52:54,215,0,65500,109
737148,LL23051105M,982091101537148,1908,2023-05-21 01:59:05,306,0,60500,236
734731,LL23052101M,982091101534731,1908,2023-05-21 02:17:05,35,0,,23
737148,LL23051105M,982091101537148,1908,2023-05-21 02:18:08,162,0,53500,169
734731,LL23052101M,982091101534731,1908,2023-05-21 02:21:10,25,0,,25
734709,LL23048502M,982091101534709,1908,2023-05-21 02:28:26,97,0,59500,50
735083,LL23029205M,982091101535083,1908,2023-05-21 02:52:24,299,0,55500,151
734751,LL23052303M,982091101534751,1908,2023-05-21 02:57:43,308,0,52000,82
732923,LL23042101M,982091101532923,1908,2023-05-21 03:04:51,214,0,54500,124
735028,LL23029207M,984000005032083,1908,2023-05-21 03:08:45,685,0,59500,375
729902,LL23035307M,982091101529902,1908,2023-05-21 03:22:06,134,0,60000,55
732909,LL23042102M,982091101532909,1908,2023-05-21 03:24:24,728,0,57000,343
734751,LL23052303M,982091101534751,1908,2023-05-21 03:36:53,485,0,52000,318
729897,LL23038102M,982091101529897,1908,2023-05-21 03:45:06,294,0,57000,122
729902,LL23035307M,982091101529902,1908,2023-05-21 03:50:40,180,0,59000,63
729897,LL23038102M,982091101529897,1908,2023-05-21 03:53:40,426,0,57000,258
732909,LL23042102M,982091101532909,1908,2023-05-21 04:01:26,613,0,57500,276
729897,LL23038102M,982091101529897,1908,2023-05-21 04:11:47,155,0,57500,92
732909,LL23042102M,982091101532909,1908,2023-05-21 04:14:42,15,0,,5
729897,LL23038102M,982091101529897,1908,2023-05-21 04:15:09,99,0,57500,81
737148,LL23051105M,982091101537148,1908,2023-05-21 04:51:54,363,0,60500,352
732923,LL23042101M,982091101532923,1908,2023-05-21 04:57:57,201,0,54000,113
737097,LL23037303M,982091101537097,1908,2023-05-21 05:01:23,765,0,60500,627
735034,LL23026202M,982091101535034,1908,2023-05-21 05:14:08,1472,0,66000,805
734751,LL23052303M,982091101534751,1908,2023-05-21 05:38:56,353,0,52500,184
735083,LL23029205M,982091101535083,1908,2023-05-21 05:44:57,411,0,55000,222
734692,LL23050302M,982091101534692,1908,2023-05-21 05:51:56,700,0,51000,358
734751,LL23052303M,982091101534751,1908,2023-05-21 06:03:44,237,0,52500,105
729897,LL23038102M,982091101529897,1908,2023-05-21 06:08:05,53,0,,31
732966,LL23041902M,982091101532966,1908,2023-05-21 06:09:06,601,0,68500,397
734692,LL23050302M,982091101534692,1908,2023-05-21 06:19:11,39,0,,18
732909,LL23042102M,982091101532909,1908,2023-05-21 06:19:54,572,0,58000,319
729897,LL23038102M,982091101529897,1908,2023-05-21 06:29:46,258,0,58000,174
734751,LL23052303M,982091101534751,1908,2023-05-21 06:35:01,29,0,,14
732909,LL23042102M,982091101532909,1908,2023-05-21 06:42:00,47,0,,14
737148,LL23051105M,982091101537148,1908,2023-05-21 06:44:51,285,0,61000,273
732909,LL23042102M,982091101532909,1908,2023-05-21 06:49:41,20,0,,11
734692,LL23050302M,982091101534692,1908,2023-05-21 06:50:33,292,0,51500,110
734751,LL23052303M,982091101534751,1908,2023-05-21 06:55:33,231,0,52000,136
735034,LL23026202M,982091101535034,1908,2023-05-21 07:01:24,151,0,67500,61
732909,LL23042102M,982091101532909,1908,2023-05-21 07:03:55,9,0,,15
734692,LL23050302M,982091101534692,1908,2023-05-21 07:04:27,38,0,,10
735034,LL23026202M,982091101535034,1908,2023-05-21 07:05:21,254,0,68500,104
735083,LL23029205M,982091101535083,1908,2023-05-21 07:10:27,377,0,55000,190
732923,LL23042101M,982091101532923,1908,2023-05-21 07:21:02,777,0,54000,442
734692,LL23050302M,982091101534692,1908,2023-05-21 07:35:51,287,0,52500,160
732909,LL23042102M,982091101532909,1908,2023-05-21 07:42:38,51,0,,41
735034,LL23026202M,982091101535034,1908,2023-05-21 07:44:55,192,0,68000,125
729902,LL23035307M,982091101529902,1908,2023-05-21 07:48:35,361,0,58500,95
735028,LL23029207M,984000005032083,1908,2023-05-21 07:55:24,905,0,59000,621
734692,LL23050302M,982091101534692,1908,2023-05-21 08:10:37,62,0,52000,30
729897,LL23038102M,982091101529897,1908,2023-05-21 08:11:43,264,0,58500,176
729902,LL23035307M,982091101529902,1908,2023-05-21 08:16:27,255,0,58000,67
735034,LL23026202M,982091101535034,1908,2023-05-21 08:21:43,555,0,68500,321
734751,LL23052303M,982091101534751,1908,2023-05-21 08:31:26,492,0,53500,299
729897,LL23038102M,982091101529897,1908,2023-05-21 08:41:30,310,0,58500,197
734731,LL23052101M,982091101534731,1908,2023-05-21 08:46:56,658,0,65500,434
735083,LL23029205M,982091101535083,1908,2023-05-21 08:57:58,196,0,55000,86
732966,LL23041902M,982091101532966,1908,2023-05-21 09:01:26,806,0,68000,705
734692,LL23050302M,982091101534692,1908,2023-05-21 09:15:20,149,0,80000,54
735083,LL23029205M,982091101535083,1908,2023-05-21 09:18:01,808,0,56000,492
734692,LL23050302M,982091101534692,1908,2023-05-21 09:31:44,397,0,52500,225
737097,LL23037303M,982091101537097,1908,2023-05-21 09:38:21,129,0,61000,151
729897,LL23038102M,982091101529897,1908,2023-05-21 09:40:38,29,0,,23
737097,LL23037303M,982091101537097,1908,2023-05-21 09:41:11,277,0,61000,268
729897,LL23038102M,982091101529897,1908,2023-05-21 09:45:52,321,0,58500,207
737097,LL23037303M,982091101537097,1908,2023-05-21 09:52:25,19,0,,22
729897,LL23038102M,982091101529897,1908,2023-05-21 09:52:44,208,0,59000,48
737148,LL23051105M,982091101537148,1908,2023-05-21 10:01:28,183,0,61500,175
734709,LL23048502M,982091101534709,1908,2023-05-21 10:17:20,1154,0,57000,661
729897,LL23038102M,982091101529897,1908,2023-05-21 10:36:42,124,0,59000,78
735034,LL23026202M,982091101535034,1908,2023-05-21 10:39:06,313,0,69000,210
729897,LL23038102M,982091101529897,1908,2023-05-21 10:48:06,70,0,59000,25
735028,LL23029207M,984000005032083,1908,2023-05-21 10:49:36,695,0,62000,463
734709,LL23048502M,982091101534709,1908,2023-05-21 11:01:15,256,0,57500,155
729889,LL23037601M,982091101529889,1908,2023-05-21 11:06:03,640,0,71500,408
735083,LL23029205M,982091101535083,1908,2023-05-21 11:17:19,460,0,56000,234
734731,LL23052101M,982091101534731,1908,2023-05-21 11:25:11,1015,0,65500,835
735028,LL23029207M,984000005032083,1908,2023-05-21 11:42:46,127,0,62000,108
735034,LL23026202M,982091101535034,1908,2023-05-21 11:44:57,217,0,69000,109
737097,LL23037303M,982091101537097,1908,2023-05-21 11:48:50,325,0,62000,365
735034,LL23026202M,982091101535034,1908,2023-05-21 11:54:39,499,0,69000,303
729889,LL23037601M,982091101529889,1908,2023-05-21 12:03:26,425,0,70500,374
729897,LL23038102M,982091101529897,1908,2023-05-21 12:10:43,141,0,59000,47
734709,LL23048502M,982091101534709,1908,2023-05-21 12:13:36,188,0,57500,139
729897,LL23038102M,982091101529897,1908,2023-05-21 12:17:16,42,0,,31
729902,LL23035307M,982091101529902,1908,2023-05-21 12:18:06,606,0,58000,138
734709,LL23048502M,982091101534709,1908,2023-05-21 12:29:08,155,0,58500,119
735028,LL23029207M,984000005032083,1908,2023-05-21 12:31:51,407,0,62000,278
729902,LL23035307M,982091101529902,1908,2023-05-21 12:38:46,301,0,57000,62
734709,LL23048502M,982091101534709,1908,2023-05-21 12:44:23,227,0,58500,168
729902,LL23035307M,982091101529902,1908,2023-05-21 12:48:18,85,0,57500,34
735028,LL23029207M,984000005032083,1908,2023-05-21 12:50:23,149,0,62000,99
735034,LL23026202M,982091101535034,1908,2023-05-21 12:52:56,444,0,70000,249
729902,LL23035307M,982091101529902,1908,2023-05-21 13:00:44,66,0,56500,44
735083,LL23029205M,982091101535083,1908,2023-05-21 13:02:47,212,0,57000,84
734709,LL23048502M,982091101534709,1908,2023-05-21 13:06:36,73,0,58500,53
729897,LL23038102M,982091101529897,1908,2023-05-21 13:09:50,331,0,59500,185
729902,LL23035307M,982091101529902,1908,2023-05-21 13:15:30,115,0,57000,62
735083,LL23029205M,982091101535083,1908,2023-05-21 13:18:17,22,0,,4
729902,LL23035307M,982091101529902,1908,2023-05-21 13:19:07,77,0,56750,45
735034,LL23026202M,982091101535034,1908,2023-05-21 13:20:28,388,0,70000,258
729902,LL23035307M,982091101529902,1908,2023-05-21 13:27:12,423,0,57500,171
732966,LL23041902M,982091101532966,1908,2023-05-21 13:36:52,783,0,69500,726
735083,LL23029205M,982091101535083,1908,2023-05-21 13:54:14,551,0,56500,342
732923,LL23042101M,982091101532923,1908,2023-05-21 14:03:33,831,0,53500,508
729889,LL23037601M,982091101529889,1908,2023-05-21 14:17:28,372,0,71500,333
737148,LL23051105M,982091101537148,1908,2023-05-21 14:23:56,269,0,60500,281
735083,LL23029205M,982091101535083,1908,2023-05-21 14:28:53,11,0,,2
729897,LL23038102M,982091101529897,1908,2023-05-21 14:31:08,92,0,59500,55
729902,LL23035307M,982091101529902,1908,2023-05-21 14:32:40,334,0,58000,232
734709,LL23048502M,982091101534709,1908,2023-05-21 14:38:50,312,0,58000,188
729902,LL23035307M,982091101529902,1908,2023-05-21 14:44:14,21,0,,15
734709,LL23048502M,982091101534709,1908,2023-05-21 14:45:16,116,0,58000,68
729897,LL23038102M,982091101529897,1908,2023-05-21 14:58:23,81,0,58500,54
729897,LL23038102M,982091101529897,1908,2023-05-21 15:05:31,42,0,,17
737148,LL23051105M,982091101537148,1908,2023-05-21 15:06:25,160,0,59500,155
735083,LL23029205M,982091101535083,1908,2023-05-21 15:09:25,350,0,56500,166
735028,LL23029207M,984000005032083,1908,2023-05-21 15:17:19,122,0,62500,94
737097,LL23037303M,982091101537097,1908,2023-05-21 15:19:25,536,0,61000,577
732909,LL23042102M,982091101532909,1908,2023-05-21 15:28:25,1214,0,56500,669
729889,LL23037601M,982091101529889,1908,2023-05-21 15:49:03,458,0,71000,414
729897,LL23038102M,982091101529897,1908,2023-05-21 15:57:13,137,0,59500,97
735034,LL23026202M,982091101535034,1908,2023-05-21 15:59:34,301,0,70500,208
735028,LL23029207M,984000005032083,1908,2023-05-21 16:04:35,227,0,62000,165
732966,LL23041902M,982091101532966,1908,2023-05-21 16:08:38,257,0,70500,226
735028,LL23029207M,984000005032083,1908,2023-05-21 16:16:42,220,0,63000,172
734692,LL23050302M,982091101534692,1908,2023-05-21 16:20:34,574,0,52500,316
734709,LL23048502M,982091101534709,1908,2023-05-21 16:31:36,217,0,58500,143
734692,LL23050302M,982091101534692,1908,2023-05-21 16:35:21,90,0,52000,59
735034,LL23026202M,982091101535034,1908,2023-05-21 16:37:03,213,0,71000,138
734692,LL23050302M,982091101534692,1908,2023-05-21 16:40:44,63,0,52000,35
735083,LL23029205M,982091101535083,1908,2023-05-21 16:41:59,360,0,57000,288
734751,LL23052303M,982091101534751,1908,2023-05-21 16:51:04,548,0,52500,307
737148,LL23051105M,982091101537148,1908,2023-05-21 17:00:24,390,0,60500,415
734751,LL23052303M,982091101534751,1908,2023-05-21 17:07:07,332,0,52000,260
729889,LL23037601M,982091101529889,1908,2023-05-21 17:13:07,60,0,,31
729889,LL23037601M,982091101529889,1908,2023-05-21 17:16:08,113,0,73000,87
734692,LL23050302M,982091101534692,1908,2023-05-21 17:18:13,58,0,,4
729902,LL23035307M,982091101529902,1908,2023-05-21 17:21:43,577,0,59000,315
732909,LL23042102M,982091101532909,1908,2023-05-21 17:34:57,687,0,57500,352
734692,LL23050302M,982091101534692,1908,2023-05-21 17:53:53,30,0,,6
735034,LL23026202M,982091101535034,1908,2023-05-21 17:55:07,227,0,71000,162
732909,LL23042102M,982091101532909,1908,2023-05-21 17:59:06,42,0,,27
734692,LL23050302M,982091101534692,1908,2023-05-21 18:00:28,64,0,52500,30
735083,LL23029205M,982091101535083,1908,2023-05-21 18:09:58,104,0,57500,54
732923,LL23042101M,982091101532923,1908,2023-05-21 18:16:23,823,0,54500,505
734692,LL23050302M,982091101534692,1908,2023-05-21 18:30:10,20,0,,7
729902,LL23035307M,982091101529902,1908,2023-05-21 18:30:54,633,0,59500,332
732909,LL23042102M,982091101532909,1908,2023-05-21 18:43:11,71,0,59000,26
729902,LL23035307M,982091101529902,1908,2023-05-21 18:47:29,264,0,59500,129
729902,LL23035307M,982091101529902,1908,2023-05-21 18:54:36,47,0,,33
734692,LL23050302M,982091101534692,1908,2023-05-21 18:56:12,50,0,,11
734751,LL23052303M,982091101534751,1908,2023-05-21 18:57:14,476,0,53000,320
734692,LL23050302M,982091101534692,1908,2023-05-21 19:38:40,672,0,52500,352
729902,LL23035307M,982091101529902,1908,2023-05-21 19:50:04,107,0,60000,80
734692,LL23050302M,982091101534692,1908,2023-05-21 19:52:07,56,0,,35
729902,LL23035307M,982091101529902,1908,2023-05-21 19:53:07,35,0,,29
734692,LL23050302M,982091101534692,1908,2023-05-21 19:55:46,51,0,,24
734709,LL23048502M,982091101534709,1908,2023-05-21 20:00:46,721,0,59000,441
732923,LL23042101M,982091101532923,1908,2023-05-21 20:15:54,471,0,55000,266
729889,LL23037601M,982091101529889,1908,2023-05-21 20:23:49,357,0,72500,267
734692,LL23050302M,982091101534692,1908,2023-05-21 20:31:18,57,0,,16
734751,LL23052303M,982091101534751,1908,2023-05-21 20:33:35,167,0,53500,104
734692,LL23050302M,982091101534692,1908,2023-05-21 20:36:54,58,0,,33
729897,LL23038102M,982091101529897,1908,2023-05-21 20:39:28,349,0,58500,143
729889,LL23037601M,982091101529889,1908,2023-05-21 20:45:21,85,0,73000,66
732923,LL23042101M,982091101532923,1908,2023-05-21 20:48:22,30,0,,23
729889,LL23037601M,982091101529889,1908,2023-05-21 21:11:42,150,0,73000,130
734692,LL23050302M,982091101534692,1908,2023-05-21 21:14:33,62,0,53000,34
734731,LL23052101M,982091101534731,1908,2023-05-21 21:15:47,1085,0,66500,701
735028,LL23029207M,984000005032083,1908,2023-05-21 21:34:04,473,0,62500,387
729889,LL23037601M,982091101529889,1908,2023-05-21 21:42:28,54,0,,10
732966,LL23041902M,982091101532966,1908,2023-05-21 21:43:38,536,0,71000,420
735083,LL23029205M,982091101535083,1908,2023-05-21 21:52:39,685,0,58000,358
729902,LL23035307M,982091101529902,1908,2023-05-21 22:04:20,537,0,61000,354
729889,LL23037601M,982091101529889,1908,2023-05-21 22:13:25,262,0,73000,158
729897,LL23038102M,982091101529897,1908,2023-05-21 22:17:55,165,0,59000,97
734692,LL23050302M,982091101534692,1908,2023-05-21 22:21:08,533,0,53500,206
732923,LL23042101M,982091101532923,1908,2023-05-21 22:30:49,424,0,55500,259
737148,LL23051105M,982091101537148,1908,2023-05-21 22:37:57,450,0,60500,411
729902,LL23035307M,982091101529902,1908,2023-05-21 23:09:32,346,0,60750,251
732923,LL23042101M,982091101532923,1908,2023-05-21 23:18:23,54,0,,24
734692,LL23050302M,982091101534692,1908,2023-05-21 23:23:57,247,0,54000,116
732923,LL23042101M,982091101532923,1908,2023-05-21 23:28:25,35,0,,29
734692,LL23050302M,982091101534692,1908,2023-05-21 23:29:44,41,0,,8
734709,LL23048502M,982091101534709,1908,2023-05-21 23:31:21,599,0,59500,375
734709,LL23048502M,982091101534709,1908,2023-05-21 23:50:18,308,0,59500,187
737148,LL23051105M,982091101537148,1908,2023-05-22 00:00:16,331,0,61000,294
734709,LL23048502M,982091101534709,1908,2023-05-22 00:20:04,503,0,59500,273
735034,LL23026202M,982091101535034,1908,2023-05-22 00:28:47,450,0,69000,157
734751,LL23052303M,982091101534751,1908,2023-05-22 01:13:24,257,0,54000,77
734731,LL23052101M,982091101534731,1908,2023-05-22 01:28:47,286,0,66500,87
729897,LL23038102M,982091101529897,1908,2023-05-22 01:33:45,111,0,59000,10
737148,LL23051105M,982091101537148,1908,2023-05-22 01:35:44,52,0,,12
734731,LL23052101M,982091101534731,1908,2023-05-22 01:37:21,188,0,66500,38
729897,LL23038102M,982091101529897,1908,2023-05-22 11:29:37,1276,0,87000,658
735083,LL23029205M,982091101535083,1908,2023-05-22 11:50:53,55,0,,15
735034,LL23026202M,982091101535034,1908,2023-05-22 11:51:48,1700,0,82000,1246
737097,LL23037303M,982091101537097,1908,2023-05-22 12:20:24,266,0,90000,319
735028,LL23029207M,984000005032083,1908,2023-05-22 12:25:03,573,0,92500,490
734692,LL23050302M,982091101534692,1908,2023-05-22 12:35:08,110,0,94500,53
735083,LL23029205M,982091101535083,1908,2023-05-22 12:36:58,1041,0,62000,687
729889,LL23037601M,982091101529889,1908,2023-05-22 12:54:19,1391,0,70000,1113
734709,LL23048502M,982091101534709,1908,2023-05-22 13:17:42,262,0,84000,146
734731,LL23052101M,982091101534731,1908,2023-05-22 13:22:08,1585,0,64000,1193
734751,LL23052303M,982091101534751,1908,2023-05-22 13:48:33,1081,0,55250,518
729897,LL23038102M,982091101529897,1908,2023-05-22 14:06:38,226,0,86500,73
732923,LL23042101M,982091101532923,1908,2023-05-22 14:10:24,70,0,79000,47
729897,LL23038102M,982091101529897,1908,2023-05-22 14:11:38,85,0,68000,85
732923,LL23042101M,982091101532923,1908,2023-05-22 14:13:03,826,0,54000,404
735083,LL23029205M,982091101535083,1908,2023-05-22 14:26:57,921,0,56000,267
734709,LL23048502M,982091101534709,1908,2023-05-22 14:42:30,1072,0,57500,573
729902,LL23035307M,982091101529902,1908,2023-05-22 15:00:22,39,0,,22
729897,LL23038102M,982091101529897,1908,2023-05-22 15:01:05,150,0,58000,28
732966,LL23041902M,982091101532966,1908,2023-05-22 15:03:35,778,0,67500,373
729897,LL23038102M,982091101529897,1908,2023-05-22 15:16:37,707,0,58500,324
735034,LL23026202M,982091101535034,1908,2023-05-22 15:28:28,722,0,70000,268
729889,LL23037601M,982091101529889,1908,2023-05-22 15:40:54,402,0,72500,241
732966,LL23041902M,982091101532966,1908,2023-05-22 15:48:00,59,0,,33
735034,LL23026202M,982091101535034,1908,2023-05-22 15:49:07,27,0,,10
729902,LL23035307M,982091101529902,1908,2023-05-22 15:49:42,104,0,58500,70
737097,LL23037303M,982091101537097,1908,2023-05-22 15:51:26,939,0,73250,737
729897,LL23038102M,982091101529897,1908,2023-05-22 16:07:09,440,0,73500,306
729902,LL23035307M,982091101529902,1908,2023-05-22 16:14:29,28,0,,26
735028,LL23029207M,984000005032083,1908,2023-05-22 16:15:13,407,0,61500,372
735034,LL23026202M,982091101535034,1908,2023-05-22 16:22:04,1062,0,71000,501
737148,LL23051105M,982091101537148,1908,2023-05-22 16:39:50,938,0,58500,803
729902,LL23035307M,982091101529902,1908,2023-05-22 16:55:28,18,0,,38
732909,LL23042102M,982091101532909,1908,2023-05-22 16:55:46,746,0,56000,358
735083,LL23029205M,982091101535083,1908,2023-05-22 17:08:12,57,0,,46
729902,LL23035307M,982091101529902,1908,2023-05-22 17:09:17,125,0,59000,69
732966,LL23041902M,982091101532966,1908,2023-05-22 17:11:26,441,0,69500,289
732909,LL23042102M,982091101532909,1908,2023-05-22 17:18:47,265,0,56000,172
735028,LL23029207M,984000005032083,1908,2023-05-22 17:23:28,918,0,62000,719
732909,LL23042102M,982091101532909,1908,2023-05-22 17:39:10,1133,0,56000,477
729902,LL23035307M,982091101529902,1908,2023-05-22 17:58:23,1686,0,59000,447
734751,LL23052303M,982091101534751,1908,2023-05-22 18:26:29,832,0,53000,552
729902,LL23035307M,982091101529902,1908,2023-05-22 19:10:20,365,0,60000,204
729889,LL23037601M,982091101529889,1908,2023-05-22 19:16:57,397,0,73000,242
732923,LL23042101M,982091101532923,1908,2023-05-22 19:23:43,292,0,53500,179
732966,LL23041902M,982091101532966,1908,2023-05-22 19:28:43,585,0,69000,421
734709,LL23048502M,982091101534709,1908,2023-05-22 19:38:33,1594,0,59000,951
729889,LL23037601M,982091101529889,1908,2023-05-22 20:05:23,83,0,73500,15
729902,LL23035307M,982091101529902,1908,2023-05-22 20:10:02,631,0,60500,336
732909,LL23042102M,982091101532909,1908,2023-05-22 20:20:33,1256,0,58500,691
734751,LL23052303M,982091101534751,1908,2023-05-22 20:41:33,643,0,54000,400
729897,LL23038102M,982091101529897,1908,2023-05-22 20:52:25,594,0,59500,391
735083,LL23029205M,982091101535083,1908,2023-05-22 21:02:27,937,0,57500,580
732923,LL23042101M,982091101532923,1908,2023-05-22 21:18:12,970,0,54500,667
734692,LL23050302M,982091101534692,1908,2023-05-22 21:34:22,203,0,51500,5
729889,LL23037601M,982091101529889,1908,2023-05-22 21:37:45,971,0,73500,769
737097,LL23037303M,982091101537097,1908,2023-05-22 21:54:28,601,0,61000,574
737148,LL23051105M,982091101537148,1908,2023-05-22 22:05:56,622,0,61000,609
734692,LL23050302M,982091101534692,1908,2023-05-22 22:16:22,270,0,51000,18
734692,LL23050302M,982091101534692,1908,2023-05-22 22:22:55,1168,0,51500,454
734692,LL23050302M,982091101534692,1908,2023-05-22 22:44:27,189,0,52000,76
737148,LL23051105M,982091101537148,1908,2023-05-22 22:47:49,405,0,61000,262
734692,LL23050302M,982091101534692,1908,2023-05-22 22:56:37,68,0,52000,5
732923,LL23042101M,982091101532923,1908,2023-05-22 23:18:54,467,0,55000,284
729902,LL23035307M,982091101529902,1908,2023-05-22 23:35:07,675,0,61000,351
737148,LL23051105M,982091101537148,1908,2023-05-23 00:14:06,289,0,61000,269
734751,LL23052303M,982091101534751,1908,2023-05-23 00:32:18,323,0,54500,193
729897,LL23038102M,982091101529897,1908,2023-05-23 00:37:53,180,0,59000,130
734709,LL23048502M,982091101534709,1908,2023-05-23 00:41:25,697,0,59500,479
734731,LL23052101M,982091101534731,1908,2023-05-23 00:53:10,1568,0,65500,1113
734709,LL23048502M,982091101534709,1908,2023-05-23 01:54:39,331,0,61000,175
729889,LL23037601M,982091101529889,1908,2023-05-23 02:00:26,870,0,74000,827
737148,LL23051105M,982091101537148,1908,2023-05-23 02:16:04,290,0,61500,262
729889,LL23037601M,982091101529889,1908,2023-05-23 02:21:02,106,0,75000,54
734709,LL23048502M,982091101534709,1908,2023-05-23 02:24:52,66,0,60500,37
734731,LL23052101M,982091101534731,1908,2023-05-23 02:30:39,65,0,66000,41
732909,LL23042102M,982091101532909,1908,2023-05-23 02:32:48,65,0,59500,41
734709,LL23048502M,982091101534709,1908,2023-05-23 02:35:18,212,0,60500,134
732923,LL23042101M,982091101532923,1908,2023-05-23 02:43:08,592,0,55000,407
735028,LL23029207M,984000005032083,1908,2023-05-23 02:53:27,909,0,62000,714
734709,LL23048502M,982091101534709,1908,2023-05-23 03:09:12,92,0,60500,48
737148,LL23051105M,982091101537148,1908,2023-05-23 03:11:17,224,0,62000,171
729902,LL23035307M,982091101529902,1908,2023-05-23 03:17:01,235,0,61000,104
734751,LL23052303M,982091101534751,1908,2023-05-23 03:24:12,633,0,54000,389
732923,LL23042101M,982091101532923,1908,2023-05-23 03:35:33,37,0,,28
734731,LL23052101M,982091101534731,1908,2023-05-23 03:38:14,52,0,,29
734751,LL23052303M,982091101534751,1908,2023-05-23 03:41:01,189,0,54000,118
737148,LL23051105M,982091101537148,1908,2023-05-23 03:46:11,74,0,62500,47
737148,LL23051105M,982091101537148,1908,2023-05-23 04:09:43,58,0,,50
732923,LL23042101M,982091101532923,1908,2023-05-23 04:19:40,94,0,55500,55
737148,LL23051105M,982091101537148,1908,2023-05-23 04:21:22,20,0,,20
737097,LL23037303M,982091101537097,1908,2023-05-23 04:45:40,534,0,61000,485
732966,LL23041902M,982091101532966,1908,2023-05-23 05:16:22,852,0,69500,527
737148,LL23051105M,982091101537148,1908,2023-05-23 05:43:15,327,0,63000,288
734692,LL23050302M,982091101534692,1908,2023-05-23 05:56:45,444,0,52500,216
735034,LL23026202M,982091101535034,1908,2023-05-23 06:04:14,1088,0,69000,640
729897,LL23038102M,982091101529897,1908,2023-05-23 06:22:31,36,0,,28
732909,LL23042102M,982091101532909,1908,2023-05-23 06:23:07,914,0,59500,513
729897,LL23038102M,982091101529897,1908,2023-05-23 06:38:25,666,0,59500,427
732966,LL23041902M,982091101532966,1908,2023-05-23 06:51:31,432,0,69000,269
734751,LL23052303M,982091101534751,1908,2023-05-23 06:59:11,395,0,54500,225
732909,LL23042102M,982091101532909,1908,2023-05-23 07:07:02,95,0,60000,39
734751,LL23052303M,982091101534751,1908,2023-05-23 07:15:38,215,0,55000,119
729902,LL23035307M,982091101529902,1908,2023-05-23 07:21:49,248,0,61000,77
732909,LL23042102M,982091101532909,1908,2023-05-23 07:26:13,199,0,59500,107
735083,LL23029205M,982091101535083,1908,2023-05-23 07:31:28,1195,0,56000,688
737097,LL23037303M,982091101537097,1908,2023-05-23 07:56:13,365,0,62000,334
734692,LL23050302M,982091101534692,1908,2023-05-23 08:02:26,71,0,52000,49
735028,LL23029207M,984000005032083,1908,2023-05-23 08:03:49,185,0,63000,131
734692,LL23050302M,982091101534692,1908,2023-05-23 08:06:58,167,0,51500,111
732966,LL23041902M,982091101532966,1908,2023-05-23 08:09:57,438,0,70000,284
735028,LL23029207M,984000005032083,1908,2023-05-23 08:17:35,46,0,,49
729897,LL23038102M,982091101529897,1908,2023-05-23 08:18:25,194,0,60000,153
734751,LL23052303M,982091101534751,1908,2023-05-23 08:21:39,249,0,54500,161
729897,LL23038102M,982091101529897,1908,2023-05-23 08:25:56,443,0,60000,243
735034,LL23026202M,982091101535034,1908,2023-05-23 08:33:27,1427,0,70500,781
734731,LL23052101M,982091101534731,1908,2023-05-23 08:57:30,63,0,80500,35
734692,LL23050302M,982091101534692,1908,2023-05-23 08:58:41,36,0,,37
735028,LL23029207M,984000005032083,1908,2023-05-23 08:59:33,837,0,63000,643
734731,LL23052101M,982091101534731,1908,2023-05-23 09:13:38,1150,0,66000,868
734751,LL23052303M,982091101534751,1908,2023-05-23 09:32:52,270,0,55500,153
734692,LL23050302M,982091101534692,1908,2023-05-23 09:37:26,972,0,52500,536
734692,LL23050302M,982091101534692,1908,2023-05-23 09:57:50,120,0,53500,38
732909,LL23042102M,982091101532909,1908,2023-05-23 10:47:50,617,0,60500,337
734731,LL23052101M,982091101534731,1908,2023-05-23 11:01:24,927,0,67500,658
735034,LL23026202M,982091101535034,1908,2023-05-23 11:17:03,266,0,72000,152
732966,LL23041902M,982091101532966,1908,2023-05-23 11:21:53,464,0,71000,331
729902,LL23035307M,982091101529902,1908,2023-05-23 11:29:57,294,0,60500,97
735083,LL23029205M,982091101535083,1908,2023-05-23 11:34:55,938,0,57000,566
734751,LL23052303M,982091101534751,1908,2023-05-23 11:50:42,466,0,55000,361
735028,LL23029207M,984000005032083,1908,2023-05-23 11:59:05,855,0,63500,661
732966,LL23041902M,982091101532966,1908,2023-05-23 12:13:20,412,0,70000,328
729889,LL23037601M,982091101529889,1908,2023-05-23 12:20:16,1057,0,73500,694
732966,LL23041902M,982091101532966,1908,2023-05-23 12:38:09,72,0,70000,48
737097,LL23037303M,982091101537097,1908,2023-05-23 12:39:25,582,0,63000,610
734709,LL23048502M,982091101534709,1908,2023-05-23 12:49:15,1551,0,59000,883
732923,LL23042101M,982091101532923,1908,2023-05-23 13:15:14,850,0,55000,527
729897,LL23038102M,982091101529897,1908,2023-05-23 13:29:40,536,0,60000,268
735034,LL23026202M,982091101535034,1908,2023-05-23 13:39:20,1087,0,72000,697
729897,LL23038102M,982091101529897,1908,2023-05-23 13:57:35,129,0,60500,97
737097,LL23037303M,982091101537097,1908,2023-05-23 13:59:52,445,0,62500,486
735028,LL23029207M,984000005032083,1908,2023-05-23 14:07:37,480,0,64500,328
732966,LL23041902M,982091101532966,1908,2023-05-23 14:18:23,26,0,,14
729889,LL23037601M,982091101529889,1908,2023-05-23 14:18:53,322,0,75000,185
735083,LL23029205M,982091101535083,1908,2023-05-23 14:24:43,1023,0,57500,628
729897,LL23038102M,982091101529897,1908,2023-05-23 14:42:02,40,0,,16
734751,LL23052303M,982091101534751,1908,2023-05-23 14:44:18,462,0,55500,314
729902,LL23035307M,982091101529902,1908,2023-05-23 14:52:08,1503,0,59000,359
734751,LL23052303M,982091101534751,1908,2023-05-23 15:17:27,247,0,55500,108
729897,LL23038102M,982091101529897,1908,2023-05-23 15:22:02,383,0,60500,179
734709,LL23048502M,982091101534709,1908,2023-05-23 15:28:29,415,0,60500,287
732966,LL23041902M,982091101532966,1908,2023-05-23 15:35:36,198,0,70500,223
729902,LL23035307M,982091101529902,1908,2023-05-23 15:39:18,154,0,58500,93
737148,LL23051105M,982091101537148,1908,2023-05-23 15:42:30,541,0,62000,560
729897,LL23038102M,982091101529897,1908,2023-05-23 15:54:49,77,0,61500,32
732923,LL23042101M,982091101532923,1908,2023-05-23 15:56:06,609,0,55000,366
734731,LL23052101M,982091101534731,1908,2023-05-23 16:06:23,178,0,67500,97
732966,LL23041902M,982091101532966,1908,2023-05-23 16:09:49,539,0,71000,543
729902,LL23035307M,982091101529902,1908,2023-05-23 16:18:48,365,0,59000,152
729897,LL23038102M,982091101529897,1908,2023-05-23 16:25:01,359,0,61000,198
735034,LL23026202M,982091101535034,1908,2023-05-23 16:31:09,423,0,72500,336
729902,LL23035307M,982091101529902,1908,2023-05-23 16:38:24,615,0,59500,285
732966,LL23041902M,982091101532966,1908,2023-05-23 16:55:42,76,0,71500,42
729889,LL23037601M,982091101529889,1908,2023-05-23 16:58:59,560,0,74000,448
729897,LL23038102M,982091101529897,1908,2023-05-23 17:21:47,445,0,61000,173
737148,LL23051105M,982091101537148,1908,2023-05-23 18:04:21,263,0,62500,242
737097,LL23037303M,982091101537097,1908,2023-05-23 18:09:48,473,0,63500,528
735034,LL23026202M,982091101535034,1908,2023-05-23 18:17:45,785,0,73000,532
735028,LL23029207M,984000005032083,1908,2023-05-23 18:42:00,707,0,64500,601
734709,LL23048502M,982091101534709,1908,2023-05-23 18:54:23,449,0,61500,251
734692,LL23050302M,982091101534692,1908,2023-05-23 19:01:56,48,0,,37
729897,LL23038102M,982091101529897,1908,2023-05-23 19:02:44,74,0,62500,30
735083,LL23029205M,982091101535083,1908,2023-05-23 19:04:06,61,0,59250,50
732909,LL23042102M,982091101532909,1908,2023-05-23 19:05:07,1360,0,60500,859
729897,LL23038102M,982091101529897,1908,2023-05-23 19:27:55,264,0,63500,173
735083,LL23029205M,982091101535083,1908,2023-05-23 19:32:24,991,0,58500,660
729902,LL23035307M,982091101529902,1908,2023-05-23 19:49:03,261,0,61000,99
732909,LL23042102M,982091101532909,1908,2023-05-23 19:53:28,73,0,60500,36
734751,LL23052303M,982091101534751,1908,2023-05-23 19:54:45,386,0,56000,258
729889,LL23037601M,982091101529889,1908,2023-05-23 20:01:23,466,0,75000,331
732923,LL23042101M,982091101532923,1908,2023-05-23 20:09:25,857,0,56500,506
734692,LL23050302M,982091101534692,1908,2023-05-23 20:23:46,701,0,52500,404
729902,LL23035307M,982091101529902,1908,2023-05-23 20:36:03,229,0,60500,163
732909,LL23042102M,982091101532909,1908,2023-05-23 20:39:52,785,0,61000,431
734692,LL23050302M,982091101534692,1908,2023-05-23 20:53:13,295,0,53000,177
729902,LL23035307M,982091101529902,1908,2023-05-23 20:58:20,906,0,61000,523
729897,LL23038102M,982091101529897,1908,2023-05-23 21:13:34,182,0,62000,137
734692,LL23050302M,982091101534692,1908,2023-05-23 21:16:44,75,0,53000,43
729902,LL23035307M,982091101529902,1908,2023-05-23 21:23:56,336,0,61500,226
734751,LL23052303M,982091101534751,1908,2023-05-23 21:29:48,453,0,56000,290
734709,LL23048502M,982091101534709,1908,2023-05-23 21:37:41,862,0,60500,552
734751,LL23052303M,982091101534751,1908,2023-05-23 21:52:19,25,0,,6
729889,LL23037601M,982091101529889,1908,2023-05-23 21:53:00,695,0,75000,587
737148,LL23051105M,982091101537148,1908,2023-05-23 22:04:55,607,0,62500,588
729902,LL23035307M,982091101529902,1908,2023-05-23 22:15:26,231,0,61500,165
735034,LL23026202M,982091101535034,1908,2023-05-23 22:19:29,896,0,73000,642
734692,LL23050302M,982091101534692,1908,2023-05-23 22:34:33,157,0,53500,91
729897,LL23038102M,982091101529897,1908,2023-05-23 22:38:31,53,0,,36
734709,LL23048502M,982091101534709,1908,2023-05-23 22:39:33,533,0,61500,306
734692,LL23050302M,982091101534692,1908,2023-05-23 22:48:38,387,0,54000,148
732909,LL23042102M,982091101532909,1908,2023-05-23 22:59:50,46,0,,16
729889,LL23037601M,982091101529889,1908,2023-05-23 23:03:08,368,0,75500,316
732923,LL23042101M,982091101532923,1908,2023-05-23 23:09:37,292,0,56500,179
732923,LL23042101M,982091101532923,1908,2023-05-23 23:17:05,171,0,57000,100
734692,LL23050302M,982091101534692,1908,2023-05-23 23:21:57,337,0,54500,145
734692,LL23050302M,982091101534692,1908,2023-05-23 23:29:38,123,0,54500,1
732923,LL23042101M,982091101532923,1908,2023-05-23 23:40:06,53,0,,30
734692,LL23050302M,982091101534692,1908,2023-05-23 23:54:11,61,0,54000,18
737148,LL23051105M,982091101537148,1908,2023-05-24 00:04:13,526,0,63500,496
734709,LL23048502M,982091101534709,1908,2023-05-24 01:17:28,410,0,62000,252
729889,LL23037601M,982091101529889,1908,2023-05-24 01:26:13,42,0,,41
729889,LL23037601M,982091101529889,1908,2023-05-24 01:30:00,254,0,76000,206
734731,LL23052101M,982091101534731,1908,2023-05-24 01:34:22,323,0,67500,149
729897,LL23038102M,982091101529897,1908,2023-05-24 01:39:45,41,0,,29
737097,LL23037303M,982091101537097,1908,2023-05-24 01:40:31,483,0,64000,556
732923,LL23042101M,982091101532923,1908,2023-05-24 01:48:38,554,0,57000,344
729897,LL23038102M,982091101529897,1908,2023-05-24 01:58:09,283,0,61000,195
734731,LL23052101M,982091101534731,1908,2023-05-24 02:03:04,1148,0,66000,834
734751,LL23052303M,982091101534751,1908,2023-05-24 02:22:24,293,0,55000,178
732966,LL23041902M,982091101532966,1908,2023-05-24 02:27:33,696,0,70500,459
734709,LL23048502M,982091101534709,1908,2023-05-24 02:39:13,443,0,61000,266
737148,LL23051105M,982091101537148,1908,2023-05-24 02:46:36,179,0,64000,163
737148,LL23051105M,982091101537148,1908,2023-05-24 03:16:44,94,0,63500,76
732923,LL23042101M,982091101532923,1908,2023-05-24 03:24:02,61,0,57000,38
729897,LL23038102M,982091101529897,1908,2023-05-24 03:25:11,136,0,61000,87
735083,LL23029205M,982091101535083,1908,2023-05-24 03:29:13,661,0,58000,448
734751,LL23052303M,982091101534751,1908,2023-05-24 03:40:18,654,0,55500,446
737148,LL23051105M,982091101537148,1908,2023-05-24 04:20:05,474,0,64500,494
734731,LL23052101M,982091101534731,1908,2023-05-24 04:31:46,70,0,68500,29
729897,LL23038102M,982091101529897,1908,2023-05-24 04:33:08,232,0,61000,110
734731,LL23052101M,982091101534731,1908,2023-05-24 04:37:28,251,0,68500,168
734709,LL23048502M,982091101534709,1908,2023-05-24 04:43:43,225,0,62000,111
732909,LL23042102M,982091101532909,1908,2023-05-24 04:47:40,587,0,61500,232
729889,LL23037601M,982091101529889,1908,2023-05-24 04:57:51,66,0,76500,18
735028,LL23029207M,984000005032083,1908,2023-05-24 05:39:07,162,0,64000,92
732966,LL23041902M,982091101532966,1908,2023-05-24 05:41:49,185,0,71500,144
737097,LL23037303M,982091101537097,1908,2023-05-24 05:45:13,436,0,64000,338
734751,LL23052303M,982091101534751,1908,2023-05-24 05:52:33,281,0,57000,160
737148,LL23051105M,982091101537148,1908,2023-05-24 05:58:15,284,0,65000,254
734751,LL23052303M,982091101534751,1908,2023-05-24 06:03:11,104,0,57000,24
734751,LL23052303M,982091101534751,1908,2023-05-24 06:34:55,36,0,,3
729902,LL23035307M,982091101529902,1908,2023-05-24 06:36:59,193,0,62500,73
734692,LL23050302M,982091101534692,1908,2023-05-24 06:40:28,293,0,55000,164
735028,LL23029207M,984000005032083,1908,2023-05-24 06:45:33,107,0,63500,85
734692,LL23050302M,982091101534692,1908,2023-05-24 06:47:28,32,0,,21
732966,LL23041902M,982091101532966,1908,2023-05-24 06:48:00,186,0,72000,106
735028,LL23029207M,984000005032083,1908,2023-05-24 06:51:10,473,0,63500,318
732909,LL23042102M,982091101532909,1908,2023-05-24 06:59:03,576,0,62000,236
732966,LL23041902M,982091101532966,1908,2023-05-24 07:08:43,33,0,,13
735028,LL23029207M,984000005032083,1908,2023-05-24 07:09:44,370,0,64000,286
734731,LL23052101M,982091101534731,1908,2023-05-24 07:15:58,1188,0,68500,907
732966,LL23041902M,982091101532966,1908,2023-05-24 07:36:30,378,0,71500,303
729897,LL23038102M,982091101529897,1908,2023-05-24 07:43:21,405,0,61500,218
734692,LL23050302M,982091101534692,1908,2023-05-24 07:50:10,410,0,55000,223
732909,LL23042102M,982091101532909,1908,2023-05-24 07:57:08,884,0,62000,492
729897,LL23038102M,982091101529897,1908,2023-05-24 08:12:04,533,0,61500,283
732923,LL23042101M,982091101532923,1908,2023-05-24 08:20:57,536,0,57000,318
737097,LL23037303M,982091101537097,1908,2023-05-24 08:29:57,544,0,65000,534
732923,LL23042101M,982091101532923,1908,2023-05-24 08:40:22,248,0,57000,136
732909,LL23042102M,982091101532909,1908,2023-05-24 08:50:46,53,0,,21
735083,LL23029205M,982091101535083,1908,2023-05-24 08:51:55,574,0,59000,270
734692,LL23050302M,982091101534692,1908,2023-05-24 09:02:09,118,0,55000,82
732909,LL23042102M,982091101532909,1908,2023-05-24 09:05:12,74,0,63000,48
734692,LL23050302M,982091101534692,1908,2023-05-24 09:06:42,222,0,55500,103
732909,LL23042102M,982091101532909,1908,2023-05-24 09:10:32,263,0,63000,161
735028,LL23029207M,984000005032083,1908,2023-05-24 09:19:48,758,0,65000,454
734751,LL23052303M,982091101534751,1908,2023-05-24 09:34:30,271,0,56500,209
732966,LL23041902M,982091101532966,1908,2023-05-24 09:39:05,826,0,72500,673
732909,LL23042102M,982091101532909,1908,2023-05-24 09:53:03,74,0,63000,55
735028,LL23029207M,984000005032083,1908,2023-05-24 09:54:33,192,0,65500,152
734751,LL23052303M,982091101534751,1908,2023-05-24 09:57:45,548,0,57000,417
735028,LL23029207M,984000005032083,1908,2023-05-24 10:07:05,128,0,65500,81
734692,LL23050302M,982091101534692,1908,2023-05-24 10:11:56,253,0,56000,78
735034,LL23026202M,982091101535034,1908,2023-05-24 10:16:17,1723,0,72000,952
734731,LL23052101M,982091101534731,1908,2023-05-24 10:46:28,104,0,70000,61
734692,LL23050302M,982091101534692,1908,2023-05-24 10:49:57,511,0,56000,219
734692,LL23050302M,982091101534692,1908,2023-05-24 11:03:40,50,0,,3
734692,LL23050302M,982091101534692,1908,2023-05-24 11:35:59,402,0,56000,217
729897,LL23038102M,982091101529897,1908,2023-05-24 11:42:41,588,0,62500,283
735083,LL23029205M,982091101535083,1908,2023-05-24 11:52:37,1092,0,58500,547
729889,LL23037601M,982091101529889,1908,2023-05-24 12:11:05,450,0,74500,141
729902,LL23035307M,982091101529902,1908,2023-05-24 12:18:43,875,0,61000,173
735083,LL23029205M,982091101535083,1908,2023-05-24 12:33:39,144,0,58000,71
735034,LL23026202M,982091101535034,1908,2023-05-24 12:36:27,550,0,73000,293
729902,LL23035307M,982091101529902,1908,2023-05-24 12:45:41,74,0,61000,48
737097,LL23037303M,982091101537097,1908,2023-05-24 12:46:59,366,0,65000,364
734692,LL23050302M,982091101534692,1908,2023-05-24 12:53:21,78,0,56000,32
735028,LL23029207M,984000005032083,1908,2023-05-24 12:55:03,602,0,65500,430
729897,LL23038102M,982091101529897,1908,2023-05-24 13:05:14,448,0,62000,138
734692,LL23050302M,982091101534692,1908,2023-05-24 13:12:54,64,0,55500,43
735083,LL23029205M,982091101535083,1908,2023-05-24 13:14:07,425,0,59000,160
732923,LL23042101M,982091101532923,1908,2023-05-24 13:22:00,960,0,57000,545
729889,LL23037601M,982091101529889,1908,2023-05-24 13:38:12,244,0,73000,158
729889,LL23037601M,982091101529889,1908,2023-05-24 13:44:16,590,0,73000,440
734751,LL23052303M,982091101534751,1908,2023-05-24 13:54:58,135,0,57500,53
732966,LL23041902M,982091101532966,1908,2023-05-24 13:57:17,602,0,71500,461
729897,LL23038102M,982091101529897,1908,2023-05-24 14:08:42,316,0,61500,151
729889,LL23037601M,982091101529889,1908,2023-05-24 14:14:14,344,0,74500,246
734731,LL23052101M,982091101534731,1908,2023-05-24 14:20:02,21,0,,22
735083,LL23029205M,982091101535083,1908,2023-05-24 14:20:23,64,0,59500,3
734731,LL23052101M,982091101534731,1908,2023-05-24 14:21:32,1432,0,69000,1140
732966,LL23041902M,982091101532966,1908,2023-05-24 14:45:24,205,0,73000,226
737097,LL23037303M,982091101537097,1908,2023-05-24 14:48:53,496,0,65500,547
735034,LL23026202M,982091101535034,1908,2023-05-24 14:57:13,675,0,74000,413
732923,LL23042101M,982091101532923,1908,2023-05-24 15:08:36,122,0,57500,77
729897,LL23038102M,982091101529897,1908,2023-05-24 15:10:50,277,0,62500,200
734709,LL23048502M,982091101534709,1908,2023-05-24 15:15:31,1456,0,59000,886
737148,LL23051105M,982091101537148,1908,2023-05-24 15:39:59,546,0,63500,582
729902,LL23035307M,982091101529902,1908,2023-05-24 15:49:13,140,0,60500,66
734751,LL23052303M,982091101534751,1908,2023-05-24 15:51:38,782,0,57000,516
729902,LL23035307M,982091101529902,1908,2023-05-24 16:04:52,726,0,60500,157
735083,LL23029205M,982091101535083,1908,2023-05-24 16:16:58,863,0,59000,633
732923,LL23042101M,982091101532923,1908,2023-05-24 16:31:29,110,0,57500,78
737148,LL23051105M,982091101537148,1908,2023-05-24 16:33:23,115,0,64000,95
732909,LL23042102M,982091101532909,1908,2023-05-24 16:35:18,200,0,61000,88
735028,LL23029207M,984000005032083,1908,2023-05-24 16:38:46,662,0,66500,584
732909,LL23042102M,982091101532909,1908,2023-05-24 16:49:52,1181,0,62000,700
735028,LL23029207M,984000005032083,1908,2023-05-24 17:09:49,455,0,66500,415
734731,LL23052101M,982091101534731,1908,2023-05-24 17:17:56,394,0,69500,280
729897,LL23038102M,982091101529897,1908,2023-05-24 17:24:38,743,0,62000,480
729902,LL23035307M,982091101529902,1908,2023-05-24 17:37:01,308,0,60500,133
735034,LL23026202M,982091101535034,1908,2023-05-24 17:42:17,678,0,73000,573
732966,LL23041902M,982091101532966,1908,2023-05-24 17:53:39,844,0,72500,870
732923,LL23042101M,982091101532923,1908,2023-05-24 18:07:47,831,0,57500,542
734709,LL23048502M,982091101534709,1908,2023-05-24 18:22:11,862,0,61000,558
735028,LL23029207M,984000005032083,1908,2023-05-24 18:36:57,394,0,67000,288
735034,LL23026202M,982091101535034,1908,2023-05-24 18:43:39,658,0,74500,472
729897,LL23038102M,982091101529897,1908,2023-05-24 18:57:45,341,0,63000,221
732923,LL23042101M,982091101532923,1908,2023-05-24 19:21:30,79,0,58000,51
729889,LL23037601M,982091101529889,1908,2023-05-24 19:24:53,572,0,75000,465
737097,LL23037303M,982091101537097,1908,2023-05-24 19:34:34,635,0,66000,657
729889,LL23037601M,982091101529889,1908,2023-05-24 19:45:29,417,0,75500,336
729902,LL23035307M,982091101529902,1908,2023-05-24 19:52:54,1740,0,61500,593
735083,LL23029205M,982091101535083,1908,2023-05-24 20:22:07,331,0,60000,87
734751,LL23052303M,982091101534751,1908,2023-05-24 20:27:42,590,0,57500,401
729889,LL23037601M,982091101529889,1908,2023-05-24 20:38:13,158,0,76500,74
729902,LL23035307M,982091101529902,1908,2023-05-24 20:42:55,293,0,62500,142
732909,LL23042102M,982091101532909,1908,2023-05-24 20:47:48,1172,0,63000,702
729902,LL23035307M,982091101529902,1908,2023-05-24 21:07:28,160,0,62500,118
729897,LL23038102M,982091101529897,1908,2023-05-24 21:10:08,378,0,63500,295
734692,LL23050302M,982091101534692,1908,2023-05-24 21:16:34,631,0,55500,315
729889,LL23037601M,982091101529889,1908,2023-05-24 21:27:41,605,0,76500,486
732909,LL23042102M,982091101532909,1908,2023-05-24 21:37:58,119,0,63500,66
734751,LL23052303M,982091101534751,1908,2023-05-24 21:41:57,201,0,57500,86
737148,LL23051105M,982091101537148,1908,2023-05-24 21:45:58,571,0,64500,604
735083,LL23029205M,982091101535083,1908,2023-05-24 22:17:25,640,0,59500,438
734692,LL23050302M,982091101534692,1908,2023-05-24 22:28:14,568,0,55500,277
729897,LL23038102M,982091101529897,1908,2023-05-24 22:38:18,45,0,,34
732966,LL23041902M,982091101532966,1908,2023-05-24 23:07:20,443,0,74000,337
734692,LL23050302M,982091101534692,1908,2023-05-24 23:15:56,168,0,56000,88
734709,LL23048502M,982091101534709,1908,2023-05-24 23:18:44,177,0,61500,91
729902,LL23035307M,982091101529902,1908,2023-05-24 23:22:05,846,0,63000,435
734709,LL23048502M,982091101534709,1908,2023-05-24 23:36:23,236,0,61000,150
734692,LL23050302M,982091101534692,1908,2023-05-24 23:41:20,94,0,55500,55
734709,LL23048502M,982091101534709,1908,2023-05-24 23:43:10,85,0,61000,56
734709,LL23048502M,982091101534709,1908,2023-05-24 23:46:59,43,0,,23
729902,LL23035307M,982091101529902,1908,2023-05-25 00:02:58,475,0,63000,318
732909,LL23042102M,982091101532909,1908,2023-05-25 00:12:23,543,0,63000,291
734751,LL23052303M,982091101534751,1908,2023-05-25 00:22:20,428,0,57000,194
734692,LL23050302M,982091101534692,1908,2023-05-25 00:29:44,229,0,55000,127
734709,LL23048502M,982091101534709,1908,2023-05-25 00:33:41,353,0,61000,166
734692,LL23050302M,982091101534692,1908,2023-05-25 00:39:47,254,0,56000,116
734709,LL23048502M,982091101534709,1908,2023-05-25 00:53:00,190,0,61500,118
732923,LL23042101M,982091101532923,1908,2023-05-25 00:56:18,189,0,58000,120
737148,LL23051105M,982091101537148,1908,2023-05-25 01:04:20,294,0,65000,296
737097,LL23037303M,982091101537097,1908,2023-05-25 01:09:18,610,0,66000,599
734709,LL23048502M,982091101534709,1908,2023-05-25 01:19:36,178,0,61500,114
737148,LL23051105M,982091101537148,1908,2023-05-25 01:26:23,339,0,64000,300
734709,LL23048502M,982091101534709,1908,2023-05-25 01:32:38,401,0,61500,199
732923,LL23042101M,982091101532923,1908,2023-05-25 01:43:38,35,0,,21
737148,LL23051105M,982091101537148,1908,2023-05-25 01:46:17,36,0,,20
732923,LL23042101M,982091101532923,1908,2023-05-25 01:48:13,41,0,,13
734709,LL23048502M,982091101534709,1908,2023-05-25 01:49:18,52,0,,29
734692,LL23050302M,982091101534692,1908,2023-05-25 01:56:58,39,0,,1
734692,LL23050302M,982091101534692,1908,2023-05-25 02:00:45,49,0,,13
735083,LL23029205M,982091101535083,1908,2023-05-25 02:10:32,174,0,59500,108
732923,LL23042101M,982091101532923,1908,2023-05-25 02:30:22,248,0,58000,177
734692,LL23050302M,982091101534692,1908,2023-05-25 02:34:50,322,0,56500,202
732923,LL23042101M,982091101532923,1908,2023-05-25 02:40:36,69,0,58500,56
734709,LL23048502M,982091101534709,1908,2023-05-25 02:41:49,100,0,61500,52
734692,LL23050302M,982091101534692,1908,2023-05-25 02:43:45,94,0,56500,61
734751,LL23052303M,982091101534751,1908,2023-05-25 03:48:09,204,0,56500,82
729889,LL23037601M,982091101529889,1908,2023-05-25 03:53:18,1000,0,76000,782
734731,LL23052101M,982091101534731,1908,2023-05-25 04:10:38,1051,0,70000,718
737148,LL23051105M,982091101537148,1908,2023-05-25 04:28:22,374,0,64500,376
729902,LL23035307M,982091101529902,1908,2023-05-25 04:38:46,406,0,63500,153
735028,LL23029207M,984000005032083,1908,2023-05-25 04:51:19,688,0,64000,460
729897,LL23038102M,982091101529897,1908,2023-05-25 05:02:51,432,0,61500,239
734751,LL23052303M,982091101534751,1908,2023-05-25 05:10:08,473,0,56500,197
732923,LL23042101M,982091101532923,1908,2023-05-25 05:18:17,79,0,58500,58
737148,LL23051105M,982091101537148,1908,2023-05-25 05:19:44,243,0,64500,263
732966,LL23041902M,982091101532966,1908,2023-05-25 05:23:55,844,0,72500,594
737148,LL23051105M,982091101537148,1908,2023-05-25 05:44:17,236,0,64500,217
732909,LL23042102M,982091101532909,1908,2023-05-25 06:21:50,266,0,63000,120
729897,LL23038102M,982091101529897,1908,2023-05-25 06:26:28,313,0,62000,208
737097,LL23037303M,982091101537097,1908,2023-05-25 07:07:21,654,0,65000,664
732923,LL23042101M,982091101532923,1908,2023-05-25 07:31:00,565,0,58500,384
734751,LL23052303M,982091101534751,1908,2023-05-25 07:40:29,147,0,56000,67
732909,LL23042102M,982091101532909,1908,2023-05-25 07:42:59,1443,0,63000,811
729897,LL23038102M,982091101529897,1908,2023-05-25 08:07:06,296,0,63000,162
735083,LL23029205M,982091101535083,1908,2023-05-25 08:12:06,88,0,58500,50
729897,LL23038102M,982091101529897,1908,2023-05-25 08:13:50,54,0,,44
735083,LL23029205M,982091101535083,1908,2023-05-25 08:14:52,372,0,58500,237
734751,LL23052303M,982091101534751,1908,2023-05-25 08:21:40,522,0,56500,333
735034,LL23026202M,982091101535034,1908,2023-05-25 08:33:08,487,0,71500,186
729902,LL23035307M,982091101529902,1908,2023-05-25 08:41:23,54,0,,66
732966,LL23041902M,982091101532966,1908,2023-05-25 08:42:17,93,0,73500,76
735034,LL23026202M,982091101535034,1908,2023-05-25 08:43:59,211,0,71500,188
734692,LL23050302M,982091101534692,1908,2023-05-25 08:47:50,80,0,56000,52
734709,LL23048502M,982091101534709,1908,2023-05-25 08:49:10,65,0,85250,44
735034,LL23026202M,982091101535034,1908,2023-05-25 08:50:15,33,0,,13
734692,LL23050302M,982091101534692,1908,2023-05-25 08:50:52,21,0,,21
729902,LL23035307M,982091101529902,1908,2023-05-25 08:51:18,219,0,63000,99
734731,LL23052101M,982091101534731,1908,2023-05-25 08:55:05,148,0,69000,92
735028,LL23029207M,984000005032083,1908,2023-05-25 08:57:45,703,0,64000,578
732966,LL23041902M,982091101532966,1908,2023-05-25 09:09:32,666,0,73500,643
734731,LL23052101M,982091101534731,1908,2023-05-25 09:20:50,77,0,69000,80
734709,LL23048502M,982091101534709,1908,2023-05-25 09:22:15,770,0,61000,445
734692,LL23050302M,982091101534692,1908,2023-05-25 09:35:05,695,0,56500,438
729897,LL23038102M,982091101529897,1908,2023-05-25 09:46:56,309,0,62000,178
734692,LL23050302M,982091101534692,1908,2023-05-25 09:52:09,202,0,56500,91
735028,LL23029207M,984000005032083,1908,2023-05-25 09:56:11,93,0,64500,80
734731,LL23052101M,982091101534731,1908,2023-05-25 09:57:44,1390,0,69500,1276
732909,LL23042102M,982091101532909,1908,2023-05-25 10:20:58,682,0,63500,403
735034,LL23026202M,982091101535034,1908,2023-05-25 10:32:28,627,0,72500,389
735028,LL23029207M,984000005032083,1908,2023-05-25 10:43:15,641,0,65500,511
735028,LL23029207M,984000005032083,1908,2023-05-25 11:07:54,230,0,65750,163
737097,LL23037303M,982091101537097,1908,2023-05-25 11:14:49,555,0,65500,625
734751,LL23052303M,982091101534751,1908,2023-05-25 11:30:57,650,0,56500,536
735083,LL23029205M,982091101535083,1908,2023-05-25 11:43:48,862,0,58500,610
729897,LL23038102M,982091101529897,1908,2023-05-25 11:58:38,284,0,61500,178
735034,LL23026202M,982091101535034,1908,2023-05-25 12:08:02,867,0,74000,545
729897,LL23038102M,982091101529897,1908,2023-05-25 12:22:45,282,0,62000,236
735083,LL23029205M,982091101535083,1908,2023-05-25 12:27:55,243,0,58500,81
734692,LL23050302M,982091101534692,1908,2023-05-25 12:32:10,403,0,57000,257
735083,LL23029205M,982091101535083,1908,2023-05-25 12:39:21,160,0,58500,47
734692,LL23050302M,982091101534692,1908,2023-05-25 12:44:01,447,0,57000,250
735034,LL23026202M,982091101535034,1908,2023-05-25 12:51:44,384,0,73500,297
734692,LL23050302M,982091101534692,1908,2023-05-25 12:59:08,91,0,57000,53
729897,LL23038102M,982091101529897,1908,2023-05-25 13:01:11,242,0,62000,174
732966,LL23041902M,982091101532966,1908,2023-05-25 13:05:21,363,0,74500,285
734692,LL23050302M,982091101534692,1908,2023-05-25 13:13:20,63,0,57000,39
737097,LL23037303M,982091101537097,1908,2023-05-25 13:14:39,29,0,,31
735083,LL23029205M,982091101535083,1908,2023-05-25 13:17:09,43,0,,12
735083,LL23029205M,982091101535083,1908,2023-05-25 13:33:14,240,0,59000,15
729889,LL23037601M,982091101529889,1908,2023-05-25 13:40:18,324,0,75000,244
732966,LL23041902M,982091101532966,1908,2023-05-25 13:45:51,168,0,73500,164
732966,LL23041902M,982091101532966,1908,2023-05-25 13:49:17,240,0,74000,245
734731,LL23052101M,982091101534731,1908,2023-05-25 13:53:29,552,0,70000,442
732923,LL23042101M,982091101532923,1908,2023-05-25 14:02:41,598,0,56500,363
729902,LL23035307M,982091101529902,1908,2023-05-25 14:12:43,577,0,61500,127
735083,LL23029205M,982091101535083,1908,2023-05-25 14:22:28,606,0,60000,330
734751,LL23052303M,982091101534751,1908,2023-05-25 14:32:54,594,0,56000,447
729902,LL23035307M,982091101529902,1908,2023-05-25 14:42:52,380,0,61500,134
729889,LL23037601M,982091101529889,1908,2023-05-25 14:49:45,604,0,74000,569
729897,LL23038102M,982091101529897,1908,2023-05-25 15:00:13,165,0,63000,109
732923,LL23042101M,982091101532923,1908,2023-05-25 15:03:02,47,0,,31
737097,LL23037303M,982091101537097,1908,2023-05-25 15:03:53,361,0,66500,413
729897,LL23038102M,982091101529897,1908,2023-05-25 15:12:27,245,0,63000,106
735028,LL23029207M,984000005032083,1908,2023-05-25 15:21:14,142,0,67000,145
729897,LL23038102M,982091101529897,1908,2023-05-25 15:24:24,35,0,,30
729902,LL23035307M,982091101529902,1908,2023-05-25 15:26:59,98,0,61000,87
737097,LL23037303M,982091101537097,1908,2023-05-25 15:29:33,21,0,,1
734692,LL23050302M,982091101534692,1908,2023-05-25 15:29:59,170,0,57000,111
732923,LL23042101M,982091101532923,1908,2023-05-25 15:33:05,122,0,57500,92
729902,LL23035307M,982091101529902,1908,2023-05-25 15:35:07,115,0,62000,137
737148,LL23051105M,982091101537148,1908,2023-05-25 15:37:02,327,0,63500,412
729902,LL23035307M,982091101529902,1908,2023-05-25 15:42:45,93,0,62000,87
735028,LL23029207M,984000005032083,1908,2023-05-25 15:50:16,14,0,,22
729897,LL23038102M,982091101529897,1908,2023-05-25 15:50:34,99,0,62000,21
734692,LL23050302M,982091101534692,1908,2023-05-25 15:52:22,39,0,,31
735028,LL23029207M,984000005032083,1908,2023-05-25 15:53:13,42,0,,46
732909,LL23042102M,982091101532909,1908,2023-05-25 15:55:11,56,0,,44
735034,LL23026202M,982091101535034,1908,2023-05-25 15:56:16,23,0,,21
734692,LL23050302M,982091101534692,1908,2023-05-25 15:56:43,67,0,57500,44
734709,LL23048502M,982091101534709,1908,2023-05-25 15:57:58,671,0,59000,414
732909,LL23042102M,982091101532909,1908,2023-05-25 16:09:45,467,0,63000,262
735028,LL23029207M,984000005032083,1908,2023-05-25 16:17:40,327,0,66500,282
735083,LL23029205M,982091101535083,1908,2023-05-25 16:23:15,448,0,59500,314
735034,LL23026202M,982091101535034,1908,2023-05-25 16:30:43,654,0,74000,412
729902,LL23035307M,982091101529902,1908,2023-05-25 16:51:20,180,0,62000,87
735028,LL23029207M,984000005032083,1908,2023-05-25 16:55:19,128,0,67000,97
729889,LL23037601M,982091101529889,1908,2023-05-25 16:57:59,439,0,75500,232
734709,LL23048502M,982091101534709,1908,2023-05-25 17:05:58,709,0,59500,466
732966,LL23041902M,982091101532966,1908,2023-05-25 17:18:32,500,0,74000,455
732909,LL23042102M,982091101532909,1908,2023-05-25 17:28:00,73,0,64000,34
729897,LL23038102M,982091101529897,1908,2023-05-25 17:29:22,197,0,63000,128
735034,LL23026202M,982091101535034,1908,2023-05-25 17:32:47,263,0,74500,167
729889,LL23037601M,982091101529889,1908,2023-05-25 17:57:17,79,0,76000,41
729897,LL23038102M,982091101529897,1908,2023-05-25 18:02:49,233,0,63000,170
735083,LL23029205M,982091101535083,1908,2023-05-25 18:07:07,536,0,60500,369
729897,LL23038102M,982091101529897,1908,2023-05-25 18:16:07,364,0,63000,169
729897,LL23038102M,982091101529897,1908,2023-05-25 18:37:32,247,0,63000,112
735034,LL23026202M,982091101535034,1908,2023-05-25 19:05:15,292,0,75500,165
734709,LL23048502M,982091101534709,1908,2023-05-25 19:41:27,642,0,61000,404
729889,LL23037601M,982091101529889,1908,2023-05-25 19:53:34,742,0,76000,614
735034,LL23026202M,982091101535034,1908,2023-05-25 20:06:12,515,0,76000,375
735028,LL23029207M,984000005032083,1908,2023-05-25 20:14:47,425,0,66500,408
729902,LL23035307M,982091101529902,1908,2023-05-25 20:22:20,379,0,62000,99
732909,LL23042102M,982091101532909,1908,2023-05-25 20:30:42,735,0,63000,406
729902,LL23035307M,982091101529902,1908,2023-05-25 20:43:05,303,0,62500,85
735034,LL23026202M,982091101535034,1908,2023-05-25 20:48:20,239,0,75000,142
732923,LL23042101M,982091101532923,1908,2023-05-25 20:52:40,349,0,57000,226
734709,LL23048502M,982091101534709,1908,2023-05-25 20:58:41,317,0,61000,158
729902,LL23035307M,982091101529902,1908,2023-05-25 21:04:02,837,0,62500,219
735034,LL23026202M,982091101535034,1908,2023-05-25 21:18:11,396,0,76000,237
729902,LL23035307M,982091101529902,1908,2023-05-25 21:25:03,478,0,62500,184
737148,LL23051105M,982091101537148,1908,2023-05-25 22:21:19,599,0,63000,574
729902,LL23035307M,982091101529902,1908,2023-05-25 22:31:57,156,0,63000,93
734731,LL23052101M,982091101534731,1908,2023-05-25 22:35:00,1005,0,69000,760
734692,LL23050302M,982091101534692,1908,2023-05-25 22:54:20,42,0,,23
729889,LL23037601M,982091101529889,1908,2023-05-25 22:58:39,53,0,,32
734692,LL23050302M,982091101534692,1908,2023-05-25 23:38:46,199,0,58000,98
734751,LL23052303M,982091101534751,1908,2023-05-25 23:52:48,472,0,56000,242
737097,LL23037303M,982091101537097,1908,2023-05-26 00:03:12,198,0,64500,165
732909,LL23042102M,982091101532909,1908,2023-05-26 00:10:42,521,0,63000,247
729902,LL23035307M,982091101529902,1908,2023-05-26 00:19:27,458,0,63000,196
729889,LL23037601M,982091101529889,1908,2023-05-26 00:29:38,354,0,76500,219
729889,LL23037601M,982091101529889,1908,2023-05-26 00:38:47,403,0,76500,340
734709,LL23048502M,982091101534709,1908,2023-05-26 00:46:38,914,0,61500,511
729902,LL23035307M,982091101529902,1908,2023-05-26 01:02:00,412,0,63500,205
734692,LL23050302M,982091101534692,1908,2023-05-26 01:08:56,427,0,56500,212
729897,LL23038102M,982091101529897,1908,2023-05-26 01:16:11,196,0,61500,109
732923,LL23042101M,982091101532923,1908,2023-05-26 01:19:31,751,0,57000,426
737148,LL23051105M,982091101537148,1908,2023-05-26 01:32:10,210,0,63500,163
734692,LL23050302M,982091101534692,1908,2023-05-26 01:35:52,167,0,56500,54
734692,LL23050302M,982091101534692,1908,2023-05-26 01:40:43,93,0,57000,16
734709,LL23048502M,982091101534709,1908,2023-05-26 01:42:32,417,0,62000,234
729902,LL23035307M,982091101529902,1908,2023-05-26 02:06:56,415,0,63500,220
729902,LL23035307M,982091101529902,1908,2023-05-26 02:28:51,372,0,63500,256
737148,LL23051105M,982091101537148,1908,2023-05-26 02:35:36,216,0,63000,148
732909,LL23042102M,982091101532909,1908,2023-05-26 02:39:32,699,0,63000,314
737097,LL23037303M,982091101537097,1908,2023-05-26 04:04:31,362,0,64500,305
729897,LL23038102M,982091101529897,1908,2023-05-26 04:10:46,296,0,62000,162
734692,LL23050302M,982091101534692,1908,2023-05-26 04:15:58,451,0,57000,246
732923,LL23042101M,982091101532923,1908,2023-05-26 04:23:37,882,0,58000,507
729889,LL23037601M,982091101529889,1908,2023-05-26 04:40:08,29,0,,6
734709,LL23048502M,982091101534709,1908,2023-05-26 05:30:54,769,0,63500,485
734751,LL23052303M,982091101534751,1908,2023-05-26 05:43:48,269,0,55500,71
734731,LL23052101M,982091101534731,1908,2023-05-26 05:48:37,1542,0,69000,1128
737148,LL23051105M,982091101537148,1908,2023-05-26 06:15:34,472,0,63000,435
737148,LL23051105M,982091101537148,1908,2023-05-26 06:41:29,251,0,63000,215
729897,LL23038102M,982091101529897,1908,2023-05-26 06:46:16,227,0,62000,152
735083,LL23029205M,982091101535083,1908,2023-05-26 06:50:15,248,0,59000,88
734751,LL23052303M,982091101534751,1908,2023-05-26 06:54:47,610,0,55000,286
735028,LL23029207M,984000005032083,1908,2023-05-26 07:05:26,359,0,64000,212
732923,LL23042101M,982091101532923,1908,2023-05-26 07:11:49,16,0,,4
734692,LL23050302M,982091101534692,1908,2023-05-26 07:13:41,57,0,,22
734692,LL23050302M,982091101534692,1908,2023-05-26 07:17:20,411,0,57000,217
737148,LL23051105M,982091101537148,1908,2023-05-26 07:39:39,264,0,64000,228
734751,LL23052303M,982091101534751,1908,2023-05-26 07:47:51,554,0,55500,346
729902,LL23035307M,982091101529902,1908,2023-05-26 07:57:21,140,0,64000,58
732909,LL23042102M,982091101532909,1908,2023-05-26 07:59:45,244,0,61500,89
735034,LL23026202M,982091101535034,1908,2023-05-26 08:03:53,1143,0,72500,552
729902,LL23035307M,982091101529902,1908,2023-05-26 08:23:12,59,0,,44
735028,LL23029207M,984000005032083,1908,2023-05-26 08:24:11,647,0,64500,421
729889,LL23037601M,982091101529889,1908,2023-05-26 08:35:18,1203,0,76000,884
732909,LL23042102M,982091101532909,1908,2023-05-26 08:55:40,1048,0,62000,578
737097,LL23037303M,982091101537097,1908,2023-05-26 09:23:50,544,0,64000,504
729897,LL23038102M,982091101529897,1908,2023-05-26 09:32:54,683,0,61500,418
729897,LL23038102M,982091101529897,1908,2023-05-26 09:46:17,107,0,61500,72
735028,LL23029207M,984000005032083,1908,2023-05-26 09:53:51,326,0,64500,261
729897,LL23038102M,982091101529897,1908,2023-05-26 09:59:37,247,0,61500,132
735028,LL23029207M,984000005032083,1908,2023-05-26 10:05:44,279,0,65500,217
735028,LL23029207M,984000005032083,1908,2023-05-26 10:12:23,87,0,65500,38
734731,LL23052101M,982091101534731,1908,2023-05-26 10:14:22,666,0,70500,489
732966,LL23041902M,982091101532966,1908,2023-05-26 10:26:36,987,0,70500,640
735083,LL23029205M,982091101535083,1908,2023-05-26 10:43:15,1288,0,57500,456
734751,LL23052303M,982091101534751,1908,2023-05-26 11:04:59,534,0,56000,231
735034,LL23026202M,982091101535034,1908,2023-05-26 11:14:06,654,0,73500,205
734692,LL23050302M,982091101534692,1908,2023-05-26 11:25:12,60,0,,36
732909,LL23042102M,982091101532909,1908,2023-05-26 11:26:16,615,0,62500,284
734692,LL23050302M,982091101534692,1908,2023-05-26 11:37:03,745,0,56000,337
734751,LL23052303M,982091101534751,1908,2023-05-26 11:49:36,193,0,55500,117
734692,LL23050302M,982091101534692,1908,2023-05-26 11:53:37,237,0,56000,55
734709,LL23048502M,982091101534709,1908,2023-05-26 11:59:35,707,0,61000,415
734692,LL23050302M,982091101534692,1908,2023-05-26 12:13:22,157,0,56250,67
735034,LL23026202M,982091101535034,1908,2023-05-26 12:19:37,776,0,73000,416
735034,LL23026202M,982091101535034,1908,2023-05-26 12:35:51,274,0,74500,188
735028,LL23029207M,984000005032083,1908,2023-05-26 12:42:09,456,0,65500,294
734692,LL23050302M,982091101534692,1908,2023-05-26 12:50:29,85,0,56000,2
732923,LL23042101M,982091101532923,1908,2023-05-26 12:53:10,784,0,57000,507
737097,LL23037303M,982091101537097,1908,2023-05-26 13:06:42,158,0,64000,112
729889,LL23037601M,982091101529889,1908,2023-05-26 13:10:40,57,0,,9
734692,LL23050302M,982091101534692,1908,2023-05-26 13:13:23,55,0,,1
735034,LL23026202M,982091101535034,1908,2023-05-26 13:14:26,82,0,74500,22
729897,LL23038102M,982091101529897,1908,2023-05-26 13:17:39,202,0,60500,120
737097,LL23037303M,982091101537097,1908,2023-05-26 13:21:05,285,0,64000,288
729897,LL23038102M,982091101529897,1908,2023-05-26 13:26:46,25,0,,6
729889,LL23037601M,982091101529889,1908,2023-05-26 13:29:12,246,0,76000,187
732923,LL23042101M,982091101532923,1908,2023-05-26 13:36:26,50,0,,12
729897,LL23038102M,982091101529897,1908,2023-05-26 13:42:29,77,0,63000,14
734692,LL23050302M,982091101534692,1908,2023-05-26 13:50:04,610,0,56500,224
729889,LL23037601M,982091101529889,1908,2023-05-26 14:09:53,229,0,76500,108
732923,LL23042101M,982091101532923,1908,2023-05-26 14:19:28,38,0,,30
735083,LL23029205M,982091101535083,1908,2023-05-26 14:22:39,311,0,58000,165
732909,LL23042102M,982091101532909,1908,2023-05-26 14:28:56,699,0,62000,294
734692,LL23050302M,982091101534692,1908,2023-05-26 14:40:47,32,0,,2
734751,LL23052303M,982091101534751,1908,2023-05-26 14:41:51,487,0,56000,371
734692,LL23050302M,982091101534692,1908,2023-05-26 14:50:02,188,0,56500,102
735034,LL23026202M,982091101535034,1908,2023-05-26 14:53:15,499,0,74500,297
735083,LL23029205M,982091101535083,1908,2023-05-26 15:01:58,500,0,58500,213
734731,LL23052101M,982091101534731,1908,2023-05-26 15:10:42,443,0,69500,382
732966,LL23041902M,982091101532966,1908,2023-05-26 15:18:13,709,0,71500,531
729897,LL23038102M,982091101529897,1908,2023-05-26 15:30:06,279,0,61500,179
729902,LL23035307M,982091101529902,1908,2023-05-26 15:34:45,64,0,61500,57
735034,LL23026202M,982091101535034,1908,2023-05-26 15:35:57,524,0,75500,326
737097,LL23037303M,982091101537097,1908,2023-05-26 15:45:25,380,0,65500,381
734692,LL23050302M,982091101534692,1908,2023-05-26 15:51:57,579,0,57000,388
729902,LL23035307M,982091101529902,1908,2023-05-26 16:01:45,889,0,61500,304
734692,LL23050302M,982091101534692,1908,2023-05-26 16:16:50,235,0,57250,139
729889,LL23037601M,982091101529889,1908,2023-05-26 16:20:49,694,0,76500,683
732923,LL23042101M,982091101532923,1908,2023-05-26 16:33:03,648,0,57500,438
737148,LL23051105M,982091101537148,1908,2023-05-26 16:44:03,418,0,63000,493
729897,LL23038102M,982091101529897,1908,2023-05-26 16:51:21,423,0,62500,303
735083,LL23029205M,982091101535083,1908,2023-05-26 17:08:28,675,0,58500,360
735028,LL23029207M,984000005032083,1908,2023-05-26 17:19:51,275,0,65500,264
734751,LL23052303M,982091101534751,1908,2023-05-26 17:24:26,41,0,,28
729897,LL23038102M,982091101529897,1908,2023-05-26 17:25:07,60,0,,50
734709,LL23048502M,982091101534709,1908,2023-05-26 17:26:16,493,0,61500,313
734731,LL23052101M,982091101534731,1908,2023-05-26 17:34:41,21,0,,32
732966,LL23041902M,982091101532966,1908,2023-05-26 17:35:22,427,0,74000,299
734731,LL23052101M,982091101534731,1908,2023-05-26 17:42:29,586,0,72000,570
735028,LL23029207M,984000005032083,1908,2023-05-26 17:52:27,512,0,66500,386
735034,LL23026202M,982091101535034,1908,2023-05-26 18:01:11,668,0,75000,401
729897,LL23038102M,982091101529897,1908,2023-05-26 18:12:32,470,0,63500,347
734731,LL23052101M,982091101534731,1908,2023-05-26 18:20:26,604,0,71000,575
732909,LL23042102M,982091101532909,1908,2023-05-26 18:30:34,1112,0,62500,617
729902,LL23035307M,982091101529902,1908,2023-05-26 18:49:14,1124,0,62000,350
737097,LL23037303M,982091101537097,1908,2023-05-26 19:08:01,497,0,66000,583
729897,LL23038102M,982091101529897,1908,2023-05-26 19:16:26,371,0,64000,237
735034,LL23026202M,982091101535034,1908,2023-05-26 19:22:37,885,0,77000,589
734709,LL23048502M,982091101534709,1908,2023-05-26 19:37:30,1286,0,63000,838
732923,LL23042101M,982091101532923,1908,2023-05-26 20:20:41,678,0,59500,444
729902,LL23035307M,982091101529902,1908,2023-05-26 20:35:46,994,0,63000,530
734751,LL23052303M,982091101534751,1908,2023-05-26 21:12:03,621,0,57000,420
729889,LL23037601M,982091101529889,1908,2023-05-26 21:22:32,593,0,77000,524
732909,LL23042102M,982091101532909,1908,2023-05-26 21:32:49,589,0,63500,337
729889,LL23037601M,982091101529889,1908,2023-05-26 21:43:02,38,0,,4
734709,LL23048502M,982091101534709,1908,2023-05-26 21:51:09,293,0,64000,167
735034,LL23026202M,982091101535034,1908,2023-05-26 21:56:10,332,0,77500,238
735034,LL23026202M,982091101535034,1908,2023-05-26 22:03:42,227,0,77500,123
729889,LL23037601M,982091101529889,1908,2023-05-26 22:07:57,103,0,78500,2
737148,LL23051105M,982091101537148,1908,2023-05-26 22:16:39,556,0,64500,569
735034,LL23026202M,982091101535034,1908,2023-05-26 22:37:44,265,0,77500,174
729889,LL23037601M,982091101529889,1908,2023-05-26 22:42:29,241,0,78500,132
735083,LL23029205M,982091101535083,1908,2023-05-26 22:46:58,416,0,59500,196
729897,LL23038102M,982091101529897,1908,2023-05-26 23:09:58,338,0,64500,187
729902,LL23035307M,982091101529902,1908,2023-05-26 23:15:36,1216,0,64500,572
729902,LL23035307M,982091101529902,1908,2023-05-26 23:37:55,74,0,64500,37
729902,LL23035307M,982091101529902,1908,2023-05-26 23:44:02,88,0,65000,37
734751,LL23052303M,982091101534751,1908,2023-05-26 23:54:29,152,0,58000,74
732923,LL23042101M,982091101532923,1908,2023-05-27 00:00:08,214,0,59500,119
732966,LL23041902M,982091101532966,1908,2023-05-27 00:03:59,858,0,74000,682
729897,LL23038102M,982091101529897,1908,2023-05-27 00:18:36,454,0,65000,329
729889,LL23037601M,982091101529889,1908,2023-05-27 00:26:22,302,0,79000,248
734692,LL23050302M,982091101534692,1908,2023-05-27 00:32:12,454,0,58000,253
729889,LL23037601M,982091101529889,1908,2023-05-27 00:40:10,229,0,79000,230
734751,LL23052303M,982091101534751,1908,2023-05-27 01:06:28,563,0,58000,417
737148,LL23051105M,982091101537148,1908,2023-05-27 01:44:35,254,0,65000,223
734709,LL23048502M,982091101534709,1908,2023-05-27 01:48:58,710,0,64000,449
737097,LL23037303M,982091101537097,1908,2023-05-27 02:03:31,241,0,67000,236
734709,LL23048502M,982091101534709,1908,2023-05-27 02:07:57,158,0,64000,109
737148,LL23051105M,982091101537148,1908,2023-05-27 02:11:03,235,0,64000,239
735028,LL23029207M,984000005032083,1908,2023-05-27 02:27:10,407,0,66000,333
734692,LL23050302M,982091101534692,1908,2023-05-27 02:33:57,557,0,58000,355
737148,LL23051105M,982091101537148,1908,2023-05-27 02:43:31,69,0,64250,51
734709,LL23048502M,982091101534709,1908,2023-05-27 02:44:44,120,0,64000,79
729902,LL23035307M,982091101529902,1908,2023-05-27 02:46:48,73,0,66000,74
732909,LL23042102M,982091101532909,1908,2023-05-27 02:48:13,935,0,64000,553
734692,LL23050302M,982091101534692,1908,2023-05-27 03:04:20,176,0,58000,98
729902,LL23035307M,982091101529902,1908,2023-05-27 03:07:24,407,0,66500,296
734692,LL23050302M,982091101534692,1908,2023-05-27 03:14:43,126,0,58000,73
734692,LL23050302M,982091101534692,1908,2023-05-27 03:20:06,165,0,58000,1
732923,LL23042101M,982091101532923,1908,2023-05-27 03:38:13,874,0,60000,574
729889,LL23037601M,982091101529889,1908,2023-05-27 04:07:06,752,0,80000,630
737148,LL23051105M,982091101537148,1908,2023-05-27 05:06:02,94,0,66500,75
734692,LL23050302M,982091101534692,1908,2023-05-27 05:08:44,184,0,58500,129
729897,LL23038102M,982091101529897,1908,2023-05-27 05:12:32,126,0,64500,90
732923,LL23042101M,982091101532923,1908,2023-05-27 05:15:02,503,0,60000,323
735083,LL23029205M,982091101535083,1908,2023-05-27 05:23:57,353,0,58500,208
737097,LL23037303M,982091101537097,1908,2023-05-27 05:29:54,464,0,66000,396
734709,LL23048502M,982091101534709,1908,2023-05-27 05:37:54,254,0,64500,130
734751,LL23052303M,982091101534751,1908,2023-05-27 05:42:16,324,0,57000,163
734731,LL23052101M,982091101534731,1908,2023-05-27 05:47:56,955,0,72500,693
737148,LL23051105M,982091101537148,1908,2023-05-27 06:03:55,466,0,65000,332
734751,LL23052303M,982091101534751,1908,2023-05-27 06:12:33,202,0,56500,100
732923,LL23042101M,982091101532923,1908,2023-05-27 06:16:38,31,0,,23
737148,LL23051105M,982091101537148,1908,2023-05-27 06:17:25,27,0,,4
737148,LL23051105M,982091101537148,1908,2023-05-27 06:30:15,56,0,,6
735028,LL23029207M,984000005032083,1908,2023-05-27 06:31:31,405,0,66000,295
734692,LL23050302M,982091101534692,1908,2023-05-27 06:38:21,256,0,58500,125
729889,LL23037601M,982091101529889,1908,2023-05-27 06:44:37,44,0,,18
734709,LL23048502M,982091101534709,1908,2023-05-27 06:45:37,421,0,64000,297
732966,LL23041902M,982091101532966,1908,2023-05-27 06:52:46,406,0,74000,170
734709,LL23048502M,982091101534709,1908,2023-05-27 06:59:45,315,0,65000,114
734692,LL23050302M,982091101534692,1908,2023-05-27 07:05:28,23,0,,1
734751,LL23052303M,982091101534751,1908,2023-05-27 07:05:59,304,0,58000,189
734692,LL23050302M,982091101534692,1908,2023-05-27 07:18:55,194,0,58500,125
734692,LL23050302M,982091101534692,1908,2023-05-27 07:24:10,188,0,59000,85
737148,LL23051105M,982091101537148,1908,2023-05-27 07:28:42,276,0,66000,253
732923,LL23042101M,982091101532923,1908,2023-05-27 07:33:54,51,0,,41
732923,LL23042101M,982091101532923,1908,2023-05-27 07:38:26,56,0,,29
737097,LL23037303M,982091101537097,1908,2023-05-27 07:51:32,311,0,67000,182
735083,LL23029205M,982091101535083,1908,2023-05-27 07:56:47,1012,0,59500,471
732909,LL23042102M,982091101532909,1908,2023-05-27 08:13:56,291,0,65000,138
729902,LL23035307M,982091101529902,1908,2023-05-27 08:18:51,178,0,66500,67
734751,LL23052303M,982091101534751,1908,2023-05-27 08:21:58,385,0,59000,251
732966,LL23041902M,982091101532966,1908,2023-05-27 08:28:51,187,0,74000,115
737148,LL23051105M,982091101537148,1908,2023-05-27 08:32:06,17,0,,1
729902,LL23035307M,982091101529902,1908,2023-05-27 08:32:23,218,0,66500,141
737148,LL23051105M,982091101537148,1908,2023-05-27 08:36:50,16,0,,16
735083,LL23029205M,982091101535083,1908,2023-05-27 08:37:15,63,0,59500,10
734709,LL23048502M,982091101534709,1908,2023-05-27 08:39:14,237,0,64500,172
732966,LL23041902M,982091101532966,1908,2023-05-27 08:43:18,640,0,74500,593
729902,LL23035307M,982091101529902,1908,2023-05-27 08:53:58,95,0,66500,82
735083,LL23029205M,982091101535083,1908,2023-05-27 08:55:33,62,0,59500,29
732909,LL23042102M,982091101532909,1908,2023-05-27 08:56:59,389,0,65500,261
729897,LL23038102M,982091101529897,1908,2023-05-27 09:03:28,198,0,65000,94
729902,LL23035307M,982091101529902,1908,2023-05-27 09:06:54,119,0,66000,106
729897,LL23038102M,982091101529897,1908,2023-05-27 09:08:53,429,0,65000,268
735028,LL23029207M,984000005032083,1908,2023-05-27 09:16:18,471,0,66000,391
734751,LL23052303M,982091101534751,1908,2023-05-27 09:24:17,23,0,,1
734731,LL23052101M,982091101534731,1908,2023-05-27 09:24:49,936,0,71500,801
729897,LL23038102M,982091101529897,1908,2023-05-27 09:40:25,328,0,64000,260
735028,LL23029207M,984000005032083,1908,2023-05-27 09:46:09,192,0,66500,195
732909,LL23042102M,982091101532909,1908,2023-05-27 09:51:25,92,0,64500,61
735028,LL23029207M,984000005032083,1908,2023-05-27 09:53:37,64,0,66000,72
737148,LL23051105M,982091101537148,1908,2023-05-27 09:55:01,372,0,66000,422
732909,LL23042102M,982091101532909,1908,2023-05-27 10:01:29,37,0,,35
732909,LL23042102M,982091101532909,1908,2023-05-27 10:04:10,317,0,64500,216
737097,LL23037303M,982091101537097,1908,2023-05-27 10:10:31,613,0,67000,655
735028,LL23029207M,984000005032083,1908,2023-05-27 10:21:16,115,0,67500,120
735034,LL23026202M,982091101535034,1908,2023-05-27 10:23:15,1028,0,76500,800
734751,LL23052303M,982091101534751,1908,2023-05-27 10:41:04,562,0,59500,454
732909,LL23042102M,982091101532909,1908,2023-05-27 10:50:38,312,0,65000,178
734692,LL23050302M,982091101534692,1908,2023-05-27 10:56:10,457,0,59000,235
735028,LL23029207M,984000005032083,1908,2023-05-27 11:04:08,261,0,68500,191
735083,LL23029205M,982091101535083,1908,2023-05-27 11:08:33,800,0,60000,444
732909,LL23042102M,982091101532909,1908,2023-05-27 11:21:57,139,0,65500,91
735028,LL23029207M,984000005032083,1908,2023-05-27 11:24:52,317,0,68000,248
735028,LL23029207M,984000005032083,1908,2023-05-27 11:32:09,50,0,,37
729902,LL23035307M,982091101529902,1908,2023-05-27 11:34:59,175,0,67500,135
732909,LL23042102M,982091101532909,1908,2023-05-27 11:39:34,266,0,65500,164
729897,LL23038102M,982091101529897,1908,2023-05-27 11:44:08,394,0,65000,268
732909,LL23042102M,982091101532909,1908,2023-05-27 11:51:42,42,0,,34
735028,LL23029207M,984000005032083,1908,2023-05-27 11:53:36,48,0,,28
732909,LL23042102M,982091101532909,1908,2023-05-27 11:54:32,34,0,,27
737097,LL23037303M,982091101537097,1908,2023-05-27 11:55:46,310,0,68500,326
732909,LL23042102M,982091101532909,1908,2023-05-27 12:02:59,62,0,65500,38
735083,LL23029205M,982091101535083,1908,2023-05-27 12:11:22,368,0,60000,240
734751,LL23052303M,982091101534751,1908,2023-05-27 12:18:26,303,0,59000,267
735028,LL23029207M,984000005032083,1908,2023-05-27 12:23:45,311,0,68500,272
735028,LL23029207M,984000005032083,1908,2023-05-27 12:30:57,91,0,69000,36
732909,LL23042102M,982091101532909,1908,2023-05-27 12:33:44,19,0,,15
735034,LL23026202M,982091101535034,1908,2023-05-27 12:37:39,584,0,76500,392
732909,LL23042102M,982091101532909,1908,2023-05-27 12:55:48,68,0,65000,31
734709,LL23048502M,982091101534709,1908,2023-05-27 13:02:10,407,0,63500,242
735034,LL23026202M,982091101535034,1908,2023-05-27 13:09:05,106,0,76000,69
732966,LL23041902M,982091101532966,1908,2023-05-27 13:10:59,764,0,75000,748
734692,LL23050302M,982091101534692,1908,2023-05-27 13:23:47,786,0,58500,484
735034,LL23026202M,982091101535034,1908,2023-05-27 13:37:05,252,0,76500,176
734692,LL23050302M,982091101534692,1908,2023-05-27 13:41:29,77,0,59500,41
729897,LL23038102M,982091101529897,1908,2023-05-27 13:43:30,171,0,65000,120
735083,LL23029205M,982091101535083,1908,2023-05-27 13:46:29,276,0,60500,200
729889,LL23037601M,982091101529889,1908,2023-05-27 13:52:50,894,0,78500,706
729897,LL23038102M,982091101529897,1908,2023-05-27 14:08:04,221,0,65500,160
734692,LL23050302M,982091101534692,1908,2023-05-27 14:13:17,34,0,,2
735083,LL23029205M,982091101535083,1908,2023-05-27 14:13:59,421,0,61000,267
734751,LL23052303M,982091101534751,1908,2023-05-27 14:23:00,394,0,61000,259
732923,LL23042101M,982091101532923,1908,2023-05-27 14:29:50,504,0,58750,317
729889,LL23037601M,982091101529889,1908,2023-05-27 14:38:22,81,0,78500,25
734692,LL23050302M,982091101534692,1908,2023-05-27 14:40:31,22,0,,10
732966,LL23041902M,982091101532966,1908,2023-05-27 14:41:25,150,0,76000,147
734692,LL23050302M,982091101534692,1908,2023-05-27 14:48:04,113,0,59000,47
735083,LL23029205M,982091101535083,1908,2023-05-27 14:50:17,83,0,61500,26
729889,LL23037601M,982091101529889,1908,2023-05-27 14:52:08,35,0,,10
737097,LL23037303M,982091101537097,1908,2023-05-27 14:53:07,136,0,68000,135
737097,LL23037303M,982091101537097,1908,2023-05-27 15:12:57,25,0,,19
734751,LL23052303M,982091101534751,1908,2023-05-27 15:19:38,193,0,60500,144
734692,LL23050302M,982091101534692,1908,2023-05-27 15:24:39,12,0,,7
734731,LL23052101M,982091101534731,1908,2023-05-27 15:26:08,967,0,71000,788
729897,LL23038102M,982091101529897,1908,2023-05-27 15:42:23,334,0,65000,147
734692,LL23050302M,982091101534692,1908,2023-05-27 15:49:50,30,0,,19
729897,LL23038102M,982091101529897,1908,2023-05-27 15:50:36,51,0,,30
734692,LL23050302M,982091101534692,1908,2023-05-27 15:51:35,71,0,59000,50
729889,LL23037601M,982091101529889,1908,2023-05-27 15:52:55,42,0,,30
737097,LL23037303M,982091101537097,1908,2023-05-27 15:59:23,202,0,68500,213
734692,LL23050302M,982091101534692,1908,2023-05-27 16:02:58,12,0,,1
732966,LL23041902M,982091101532966,1908,2023-05-27 16:14:59,89,0,75500,72
729902,LL23035307M,982091101529902,1908,2023-05-27 16:16:32,619,0,65500,155
735034,LL23026202M,982091101535034,1908,2023-05-27 16:26:59,300,0,76000,171
734692,LL23050302M,982091101534692,1908,2023-05-27 16:32:07,191,0,59000,90
732923,LL23042101M,982091101532923,1908,2023-05-27 16:35:38,607,0,58000,343
735034,LL23026202M,982091101535034,1908,2023-05-27 16:48:49,81,0,77500,29
729902,LL23035307M,982091101529902,1908,2023-05-27 16:50:14,54,0,,68
734709,LL23048502M,982091101534709,1908,2023-05-27 16:52:05,95,0,62500,48
737148,LL23051105M,982091101537148,1908,2023-05-27 16:54:16,73,0,65000,56
729902,LL23035307M,982091101529902,1908,2023-05-27 16:55:33,72,0,65000,55
734709,LL23048502M,982091101534709,1908,2023-05-27 16:57:21,649,0,62500,403
735083,LL23029205M,982091101535083,1908,2023-05-27 17:09:46,315,0,61500,164
734692,LL23050302M,982091101534692,1908,2023-05-27 17:15:09,40,0,,21
737097,LL23037303M,982091101537097,1908,2023-05-27 17:16:01,329,0,67000,362
729897,LL23038102M,982091101529897,1908,2023-05-27 17:21:46,338,0,65500,206
734692,LL23050302M,982091101534692,1908,2023-05-27 17:35:19,450,0,59000,288
729889,LL23037601M,982091101529889,1908,2023-05-27 17:43:05,505,0,78500,371
729897,LL23038102M,982091101529897,1908,2023-05-27 17:51:50,320,0,66000,223
735083,LL23029205M,982091101535083,1908,2023-05-27 17:57:30,254,0,62000,177
732966,LL23041902M,982091101532966,1908,2023-05-27 18:01:48,582,0,75500,499
729897,LL23038102M,982091101529897,1908,2023-05-27 18:26:55,113,0,66000,56
734692,LL23050302M,982091101534692,1908,2023-05-27 18:29:46,85,0,59500,65
734731,LL23052101M,982091101534731,1908,2023-05-27 18:33:15,125,0,71500,67
729897,LL23038102M,982091101529897,1908,2023-05-27 18:35:32,25,0,,29
734731,LL23052101M,982091101534731,1908,2023-05-27 18:36:21,122,0,71500,107
729897,LL23038102M,982091101529897,1908,2023-05-27 18:38:35,16,0,,12
735034,LL23026202M,982091101535034,1908,2023-05-27 18:38:59,390,0,77000,280
729902,LL23035307M,982091101529902,1908,2023-05-27 18:45:37,290,0,65000,131
737148,LL23051105M,982091101537148,1908,2023-05-27 18:51:19,393,0,65500,450
729902,LL23035307M,982091101529902,1908,2023-05-27 18:58:24,476,0,65500,187
734751,LL23052303M,982091101534751,1908,2023-05-27 19:07:08,428,0,59000,291
735034,LL23026202M,982091101535034,1908,2023-05-27 19:14:24,155,0,77000,121
729897,LL23038102M,982091101529897,1908,2023-05-27 19:17:23,121,0,66000,75
737148,LL23051105M,982091101537148,1908,2023-05-27 19:19:44,170,0,65500,183
729897,LL23038102M,982091101529897,1908,2023-05-27 19:24:38,86,0,66000,86
735028,LL23029207M,984000005032083,1908,2023-05-27 19:27:24,615,0,68000,528
735034,LL23026202M,982091101535034,1908,2023-05-27 19:37:39,479,0,78000,360
734731,LL23052101M,982091101534731,1908,2023-05-27 19:45:50,325,0,73000,296
732923,LL23042101M,982091101532923,1908,2023-05-27 19:51:19,649,0,59500,417
734709,LL23048502M,982091101534709,1908,2023-05-27 20:03:04,815,0,64000,592
729902,LL23035307M,982091101529902,1908,2023-05-27 20:17:07,653,0,66000,265
729897,LL23038102M,982091101529897,1908,2023-05-27 20:28:24,469,0,67000,317
729902,LL23035307M,982091101529902,1908,2023-05-27 20:38:13,451,0,66500,191
729902,LL23035307M,982091101529902,1908,2023-05-27 20:47:47,295,0,66500,135
735083,LL23029205M,982091101535083,1908,2023-05-27 20:59:36,149,0,62500,83
732909,LL23042102M,982091101532909,1908,2023-05-27 21:18:29,1258,0,65000,755
735034,LL23026202M,982091101535034,1908,2023-05-27 21:39:27,398,0,78500,294
729889,LL23037601M,982091101529889,1908,2023-05-27 21:46:17,575,0,80000,486
734751,LL23052303M,982091101534751,1908,2023-05-27 21:56:12,380,0,60000,303
734709,LL23048502M,982091101534709,1908,2023-05-27 22:03:12,614,0,65000,442
734709,LL23048502M,982091101534709,1908,2023-05-27 22:26:08,190,0,65500,113
732966,LL23041902M,982091101532966,1908,2023-05-27 22:44:35,641,0,77000,601
737097,LL23037303M,982091101537097,1908,2023-05-27 22:55:28,374,0,68500,364
729889,LL23037601M,982091101529889,1908,2023-05-27 23:02:02,290,0,80500,200
735034,LL23026202M,982091101535034,1908,2023-05-27 23:07:08,649,0,81000,430
732923,LL23042101M,982091101532923,1908,2023-05-27 23:32:24,285,0,60000,161
729889,LL23037601M,982091101529889,1908,2023-05-27 23:37:21,401,0,81000,113
729889,LL23037601M,982091101529889,1908,2023-05-28 00:06:20,91,0,80000,40
729902,LL23035307M,982091101529902,1908,2023-05-28 00:11:59,165,0,67500,109
735083,LL23029205M,982091101535083,1908,2023-05-28 00:26:54,265,0,63000,138
735028,LL23029207M,984000005032083,1908,2023-05-28 01:17:48,611,0,69500,436
734751,LL23052303M,982091101534751,1908,2023-05-28 01:28:03,183,0,59500,70
729897,LL23038102M,982091101529897,1908,2023-05-28 01:31:14,350,0,66500,195
732909,LL23042102M,982091101532909,1908,2023-05-28 01:37:04,698,0,66000,340
734692,LL23050302M,982091101534692,1908,2023-05-28 01:48:50,402,0,59500,214
729902,LL23035307M,982091101529902,1908,2023-05-28 01:55:41,184,0,67000,75
734692,LL23050302M,982091101534692,1908,2023-05-28 01:59:05,205,0,59500,133
729889,LL23037601M,982091101529889,1908,2023-05-28 02:02:42,710,0,80500,452
729897,LL23038102M,982091101529897,1908,2023-05-28 02:14:36,295,0,66500,203
737148,LL23051105M,982091101537148,1908,2023-05-28 02:19:35,387,0,66000,399
729902,LL23035307M,982091101529902,1908,2023-05-28 02:26:22,1027,0,67000,401
737148,LL23051105M,982091101537148,1908,2023-05-28 02:44:41,306,0,66500,301
729902,LL23035307M,982091101529902,1908,2023-05-28 03:11:33,139,0,67000,122
734709,LL23048502M,982091101534709,1908,2023-05-28 03:14:28,663,0,65500,458
737097,LL23037303M,982091101537097,1908,2023-05-28 03:30:26,436,0,68000,399
729902,LL23035307M,982091101529902,1908,2023-05-28 03:38:41,221,0,67500,179
734751,LL23052303M,982091101534751,1908,2023-05-28 03:43:14,679,0,59500,423
734692,LL23050302M,982091101534692,1908,2023-05-28 03:55:34,466,0,59000,241
737148,LL23051105M,982091101537148,1908,2023-05-28 04:05:21,269,0,66500,209
734692,LL23050302M,982091101534692,1908,2023-05-28 04:10:10,98,0,59500,67
729902,LL23035307M,982091101529902,1908,2023-05-28 05:08:58,287,0,67500,178
732966,LL23041902M,982091101532966,1908,2023-05-28 05:18:28,822,0,77500,705
732923,LL23042101M,982091101532923,1908,2023-05-28 05:32:18,783,0,59000,456
737148,LL23051105M,982091101537148,1908,2023-05-28 05:45:49,254,0,68000,242
735083,LL23029205M,982091101535083,1908,2023-05-28 05:50:07,853,0,62000,558
734709,LL23048502M,982091101534709,1908,2023-05-28 06:04:32,831,0,65500,589
729902,LL23035307M,982091101529902,1908,2023-05-28 06:18:38,79,0,68000,71
734692,LL23050302M,982091101534692,1908,2023-05-28 06:19:57,443,0,59500,257
729897,LL23038102M,982091101529897,1908,2023-05-28 06:27:32,221,0,66000,113
734692,LL23050302M,982091101534692,1908,2023-05-28 06:31:17,172,0,59500,104
734709,LL23048502M,982091101534709,1908,2023-05-28 06:34:18,237,0,66000,168
737097,LL23037303M,982091101537097,1908,2023-05-28 06:47:56,553,0,67500,531
734731,LL23052101M,982091101534731,1908,2023-05-28 06:57:09,829,0,73000,711
734751,LL23052303M,982091101534751,1908,2023-05-28 07:11:02,372,0,59500,242
734731,LL23052101M,982091101534731,1908,2023-05-28 07:17:27,584,0,72000,547
729889,LL23037601M,982091101529889,1908,2023-05-28 07:27:15,753,0,79000,627
735028,LL23029207M,984000005032083,1908,2023-05-28 07:40:08,119,0,67000,100
732909,LL23042102M,982091101532909,1908,2023-05-28 07:42:15,1253,0,65500,696
732923,LL23042101M,982091101532923,1908,2023-05-28 08:03:08,604,0,61500,429
737148,LL23051105M,982091101537148,1908,2023-05-28 08:15:54,381,0,68500,387
734709,LL23048502M,982091101534709,1908,2023-05-28 08:23:12,261,0,66500,176
729897,LL23038102M,982091101529897,1908,2023-05-28 08:27:46,611,0,66500,336
732966,LL23041902M,982091101532966,1908,2023-05-28 08:38:06,57,0,,51
734731,LL23052101M,982091101534731,1908,2023-05-28 08:39:07,98,0,73500,77
735083,LL23029205M,982091101535083,1908,2023-05-28 08:41:50,769,0,62500,424
729902,LL23035307M,982091101529902,1908,2023-05-28 08:54:47,81,0,68000,87
737148,LL23051105M,982091101537148,1908,2023-05-28 08:56:08,198,0,68500,209
734709,LL23048502M,982091101534709,1908,2023-05-28 09:06:15,305,0,66500,176
729902,LL23035307M,982091101529902,1908,2023-05-28 09:13:20,143,0,68500,100
732923,LL23042101M,982091101532923,1908,2023-05-28 09:18:16,186,0,60500,98
737097,LL23037303M,982091101537097,1908,2023-05-28 09:22:10,250,0,69500,261
729897,LL23038102M,982091101529897,1908,2023-05-28 09:26:40,176,0,65500,148
734751,LL23052303M,982091101534751,1908,2023-05-28 09:29:40,410,0,60000,262
732909,LL23042102M,982091101532909,1908,2023-05-28 09:36:39,386,0,66500,202
735028,LL23029207M,984000005032083,1908,2023-05-28 09:45:38,731,0,67000,552
734709,LL23048502M,982091101534709,1908,2023-05-28 09:59:09,209,0,66500,136
735028,LL23029207M,984000005032083,1908,2023-05-28 10:03:06,40,0,,50
732909,LL23042102M,982091101532909,1908,2023-05-28 10:05:18,8,0,,5
735028,LL23029207M,984000005032083,1908,2023-05-28 10:07:29,86,0,67000,47
729897,LL23038102M,982091101529897,1908,2023-05-28 10:13:07,163,0,66000,96
735028,LL23029207M,984000005032083,1908,2023-05-28 10:16:06,39,0,,43
732909,LL23042102M,982091101532909,1908,2023-05-28 10:18:25,17,0,,17
735083,LL23029205M,982091101535083,1908,2023-05-28 10:22:50,148,0,62500,33
737097,LL23037303M,982091101537097,1908,2023-05-28 10:28:57,188,0,68500,176
737148,LL23051105M,982091101537148,1908,2023-05-28 10:32:17,273,0,69000,261
735028,LL23029207M,984000005032083,1908,2023-05-28 10:36:50,19,0,,47
729897,LL23038102M,982091101529897,1908,2023-05-28 10:38:58,180,0,66250,120
734751,LL23052303M,982091101534751,1908,2023-05-28 10:42:18,308,0,60500,234
732966,LL23041902M,982091101532966,1908,2023-05-28 10:47:31,848,0,76500,801
735034,LL23026202M,982091101535034,1908,2023-05-28 11:01:43,1172,0,76000,861
729889,LL23037601M,982091101529889,1908,2023-05-28 11:21:24,156,0,80000,136
735083,LL23029205M,982091101535083,1908,2023-05-28 11:24:08,213,0,62000,136
734692,LL23050302M,982091101534692,1908,2023-05-28 11:27:49,85,0,59000,54
729902,LL23035307M,982091101529902,1908,2023-05-28 11:29:22,51,0,,35
735028,LL23029207M,984000005032083,1908,2023-05-28 11:30:13,250,0,67500,256
734692,LL23050302M,982091101534692,1908,2023-05-28 11:34:34,394,0,59000,237
734751,LL23052303M,982091101534751,1908,2023-05-28 11:41:17,12,0,,3
732909,LL23042102M,982091101532909,1908,2023-05-28 11:42:09,86,0,66000,67
729902,LL23035307M,982091101529902,1908,2023-05-28 11:43:39,158,0,67500,89
732909,LL23042102M,982091101532909,1908,2023-05-28 11:46:21,355,0,66000,274
734692,LL23050302M,982091101534692,1908,2023-05-28 11:52:20,232,0,59000,147
735083,LL23029205M,982091101535083,1908,2023-05-28 11:56:25,325,0,63000,219
735028,LL23029207M,984000005032083,1908,2023-05-28 12:02:22,224,0,68500,140
734731,LL23052101M,982091101534731,1908,2023-05-28 12:06:10,57,0,,30
735083,LL23029205M,982091101535083,1908,2023-05-28 12:07:07,165,0,63000,136
729902,LL23035307M,982091101529902,1908,2023-05-28 12:10:05,115,0,67500,79
732909,LL23042102M,982091101532909,1908,2023-05-28 12:12:04,29,0,,19
734692,LL23050302M,982091101534692,1908,2023-05-28 12:12:45,106,0,59000,65
732909,LL23042102M,982091101532909,1908,2023-05-28 12:14:51,18,0,,18
729902,LL23035307M,982091101529902,1908,2023-05-28 12:16:37,68,0,67500,53
734692,LL23050302M,982091101534692,1908,2023-05-28 12:18:01,54,0,,28
735028,LL23029207M,984000005032083,1908,2023-05-28 12:19:07,34,0,,28
729902,LL23035307M,982091101529902,1908,2023-05-28 12:20:09,66,0,67000,30
732909,LL23042102M,982091101532909,1908,2023-05-28 12:21:23,57,0,,25
732909,LL23042102M,982091101532909,1908,2023-05-28 12:25:25,58,0,,24
732909,LL23042102M,982091101532909,1908,2023-05-28 12:29:28,40,0,,66
735028,LL23029207M,984000005032083,1908,2023-05-28 12:31:08,57,0,,42
734731,LL23052101M,982091101534731,1908,2023-05-28 12:32:53,531,0,73500,355
735028,LL23029207M,984000005032083,1908,2023-05-28 12:45:56,258,0,70000,187
734751,LL23052303M,982091101534751,1908,2023-05-28 13:03:28,386,0,60000,260
735034,LL23026202M,982091101535034,1908,2023-05-28 13:10:18,798,0,78000,482
734751,LL23052303M,982091101534751,1908,2023-05-28 13:24:09,297,0,61000,257
732909,LL23042102M,982091101532909,1908,2023-05-28 13:31:07,726,0,66500,385
735083,LL23029205M,982091101535083,1908,2023-05-28 13:43:30,429,0,63500,289
735083,LL23029205M,982091101535083,1908,2023-05-28 13:53:25,248,0,64000,155
735083,LL23029205M,982091101535083,1908,2023-05-28 13:59:34,49,0,,21
737097,LL23037303M,982091101537097,1908,2023-05-28 14:00:39,533,0,68500,546
735028,LL23029207M,984000005032083,1908,2023-05-28 14:28:08,387,0,69500,285
735028,LL23029207M,984000005032083,1908,2023-05-28 14:36:35,122,0,70000,98
729897,LL23038102M,982091101529897,1908,2023-05-28 14:38:41,399,0,65500,222
735083,LL23029205M,982091101535083,1908,2023-05-28 14:46:20,78,0,63000,8
729897,LL23038102M,982091101529897,1908,2023-05-28 14:54:09,157,0,66000,96
732909,LL23042102M,982091101532909,1908,2023-05-28 14:57:06,407,0,67000,160
735028,LL23029207M,984000005032083,1908,2023-05-28 15:04:17,70,0,70000,72
735083,LL23029205M,982091101535083,1908,2023-05-28 15:05:35,17,0,,5
737097,LL23037303M,982091101537097,1908,2023-05-28 15:06:32,202,0,68750,206
732923,LL23042101M,982091101532923,1908,2023-05-28 15:11:35,566,0,60500,321
729897,LL23038102M,982091101529897,1908,2023-05-28 15:21:21,377,0,65500,232
734692,LL23050302M,982091101534692,1908,2023-05-28 15:27:46,594,0,60000,402
735034,LL23026202M,982091101535034,1908,2023-05-28 15:37:56,102,0,78000,52
732966,LL23041902M,982091101532966,1908,2023-05-28 15:39:46,80,0,77500,46
734692,LL23050302M,982091101534692,1908,2023-05-28 15:41:14,135,0,60000,89
735083,LL23029205M,982091101535083,1908,2023-05-28 15:46:02,102,0,64000,42
729889,LL23037601M,982091101529889,1908,2023-05-28 15:48:01,870,0,79000,690
732966,LL23041902M,982091101532966,1908,2023-05-28 16:02:47,146,0,77500,147
735083,LL23029205M,982091101535083,1908,2023-05-28 16:05:13,84,0,64000,27
732966,LL23041902M,982091101532966,1908,2023-05-28 16:08:01,487,0,78500,463
735034,LL23026202M,982091101535034,1908,2023-05-28 16:17:00,129,0,77500,52
734692,LL23050302M,982091101534692,1908,2023-05-28 16:19:13,55,0,,25
735083,LL23029205M,982091101535083,1908,2023-05-28 16:20:16,584,0,65000,367
735034,LL23026202M,982091101535034,1908,2023-05-28 16:34:52,213,0,79000,155
735028,LL23029207M,984000005032083,1908,2023-05-28 16:38:57,258,0,70500,205
734692,LL23050302M,982091101534692,1908,2023-05-28 16:43:32,165,0,60500,102
734731,LL23052101M,982091101534731,1908,2023-05-28 16:46:22,306,0,74000,253
734692,LL23050302M,982091101534692,1908,2023-05-28 16:51:40,121,0,60500,78
732923,LL23042101M,982091101532923,1908,2023-05-28 16:53:49,385,0,60500,287
735034,LL23026202M,982091101535034,1908,2023-05-28 17:00:27,336,0,78500,284
729889,LL23037601M,982091101529889,1908,2023-05-28 17:06:15,160,0,79000,78
734751,LL23052303M,982091101534751,1908,2023-05-28 17:09:19,484,0,61500,391
729902,LL23035307M,982091101529902,1908,2023-05-28 17:17:39,163,0,67500,85
732966,LL23041902M,982091101532966,1908,2023-05-28 17:20:58,402,0,78500,432
729902,LL23035307M,982091101529902,1908,2023-05-28 17:27:48,205,0,66500,80
734731,LL23052101M,982091101534731,1908,2023-05-28 17:32:58,125,0,74500,122
734731,LL23052101M,982091101534731,1908,2023-05-28 17:38:43,70,0,74500,55
734692,LL23050302M,982091101534692,1908,2023-05-28 17:40:17,179,0,61000,129
734692,LL23050302M,982091101534692,1908,2023-05-28 18:02:26,106,0,61000,61
737097,LL23037303M,982091101537097,1908,2023-05-28 18:05:04,118,0,69500,102
734692,LL23050302M,982091101534692,1908,2023-05-28 18:07:10,155,0,61500,107
729897,LL23038102M,982091101529897,1908,2023-05-28 18:11:49,133,0,67000,66
734731,LL23052101M,982091101534731,1908,2023-05-28 18:14:25,474,0,75500,460
729897,LL23038102M,982091101529897,1908,2023-05-28 18:27:32,319,0,67000,208
729897,LL23038102M,982091101529897,1908,2023-05-28 18:43:35,141,0,67500,82
729902,LL23035307M,982091101529902,1908,2023-05-28 18:46:08,96,0,67000,95
729902,LL23035307M,982091101529902,1908,2023-05-28 18:50:48,84,0,67000,87
729889,LL23037601M,982091101529889,1908,2023-05-28 18:52:52,32,0,,35
729902,LL23035307M,982091101529902,1908,2023-05-28 18:55:13,53,0,,65
735083,LL23029205M,982091101535083,1908,2023-05-28 18:56:50,298,0,64500,239
729902,LL23035307M,982091101529902,1908,2023-05-28 19:02:32,65,0,67000,71
735034,LL23026202M,982091101535034,1908,2023-05-28 19:03:37,197,0,80000,173
732909,LL23042102M,982091101532909,1908,2023-05-28 19:07:22,714,0,67000,378
729902,LL23035307M,982091101529902,1908,2023-05-28 19:19:24,82,0,66500,78
737148,LL23051105M,982091101537148,1908,2023-05-28 19:21:34,370,0,67500,382
732923,LL23042101M,982091101532923,1908,2023-05-28 19:27:56,378,0,62500,217
735034,LL23026202M,982091101535034,1908,2023-05-28 19:35:02,621,0,79500,447
729902,LL23035307M,982091101529902,1908,2023-05-28 19:45:39,104,0,67000,84
729897,LL23038102M,982091101529897,1908,2023-05-28 19:47:32,368,0,68000,250
729902,LL23035307M,982091101529902,1908,2023-05-28 19:53:56,406,0,67000,234
729897,LL23038102M,982091101529897,1908,2023-05-28 20:00:55,221,0,68000,167
732923,LL23042101M,982091101532923,1908,2023-05-28 20:37:48,49,0,,14
737097,LL23037303M,982091101537097,1908,2023-05-28 20:39:37,175,0,69000,164
734751,LL23052303M,982091101534751,1908,2023-05-28 20:43:36,380,0,61000,272
729897,LL23038102M,982091101529897,1908,2023-05-28 20:50:08,266,0,68500,206
729889,LL23037601M,982091101529889,1908,2023-05-28 20:54:42,424,0,81000,304
735083,LL23029205M,982091101535083,1908,2023-05-28 21:51:56,319,0,65500,267
734709,LL23048502M,982091101534709,1908,2023-05-28 21:57:19,1116,0,64500,690
737148,LL23051105M,982091101537148,1908,2023-05-28 22:27:12,261,0,68500,285
735028,LL23029207M,984000005032083,1908,2023-05-28 22:36:15,217,0,70500,171
735034,LL23026202M,982091101535034,1908,2023-05-28 22:40:04,540,0,80500,297
737097,LL23037303M,982091101537097,1908,2023-05-28 23:24:11,439,0,68500,468
729902,LL23035307M,982091101529902,1908,2023-05-28 23:31:42,241,0,68000,120
729897,LL23038102M,982091101529897,1908,2023-05-28 23:35:47,309,0,69000,259
729889,LL23037601M,982091101529889,1908,2023-05-28 23:41:04,874,0,81500,827
729902,LL23035307M,982091101529902,1908,2023-05-28 23:55:49,242,0,67500,149
735034,LL23026202M,982091101535034,1908,2023-05-29 00:02:52,464,0,80000,352
729902,LL23035307M,982091101529902,1908,2023-05-29 00:10:36,297,0,67500,194
729889,LL23037601M,982091101529889,1908,2023-05-29 00:15:49,18,0,,12
732909,LL23042102M,982091101532909,1908,2023-05-29 01:10:32,657,0,68000,381
732966,LL23041902M,982091101532966,1908,2023-05-29 01:29:23,814,0,78500,695
737148,LL23051105M,982091101537148,1908,2023-05-29 01:43:01,367,0,68500,398
734751,LL23052303M,982091101534751,1908,2023-05-29 01:51:12,310,0,61000,167
732909,LL23042102M,982091101532909,1908,2023-05-29 02:00:12,189,0,67500,49
734751,LL23052303M,982091101534751,1908,2023-05-29 02:13:53,168,0,60500,119
735028,LL23029207M,984000005032083,1908,2023-05-29 02:26:12,106,0,70000,92
732923,LL23042101M,982091101532923,1908,2023-05-29 02:29:38,838,0,62000,495
734709,LL23048502M,982091101534709,1908,2023-05-29 02:43:45,522,0,65000,367
729902,LL23035307M,982091101529902,1908,2023-05-29 02:52:39,165,0,68000,113
737148,LL23051105M,982091101537148,1908,2023-05-29 02:55:24,198,0,69000,224
729889,LL23037601M,982091101529889,1908,2023-05-29 02:58:51,198,0,82500,102
735034,LL23026202M,982091101535034,1908,2023-05-29 03:02:45,558,0,80000,458
729889,LL23037601M,982091101529889,1908,2023-05-29 03:12:03,83,0,83000,89
734692,LL23050302M,982091101534692,1908,2023-05-29 03:32:32,486,0,61500,280
729889,LL23037601M,982091101529889,1908,2023-05-29 03:40:54,346,0,83000,342
734692,LL23050302M,982091101534692,1908,2023-05-29 03:46:48,427,0,61000,266
729902,LL23035307M,982091101529902,1908,2023-05-29 04:03:28,329,0,68000,125
734692,LL23050302M,982091101534692,1908,2023-05-29 04:09:13,92,0,60500,66
729897,LL23038102M,982091101529897,1908,2023-05-29 04:10:57,489,0,68000,324
729902,LL23035307M,982091101529902,1908,2023-05-29 04:19:10,843,0,68000,353
737097,LL23037303M,982091101537097,1908,2023-05-29 04:54:04,45,0,,41
729902,LL23035307M,982091101529902,1908,2023-05-29 04:55:26,786,0,68500,377
732923,LL23042101M,982091101532923,1908,2023-05-29 05:10:36,478,0,62500,270
737097,LL23037303M,982091101537097,1908,2023-05-29 05:18:54,390,0,68000,383
737148,LL23051105M,982091101537148,1908,2023-05-29 05:26:40,269,0,69000,278
734692,LL23050302M,982091101534692,1908,2023-05-29 05:31:17,40,0,,33
734692,LL23050302M,982091101534692,1908,2023-05-29 05:33:58,106,0,62000,59
734751,LL23052303M,982091101534751,1908,2023-05-29 05:42:33,251,0,60500,139
737148,LL23051105M,982091101537148,1908,2023-05-29 05:46:52,160,0,69500,91
735083,LL23029205M,982091101535083,1908,2023-05-29 05:52:36,481,0,64500,294
734692,LL23050302M,982091101534692,1908,2023-05-29 06:00:41,127,0,61500,79
732966,LL23041902M,982091101532966,1908,2023-05-29 06:03:00,275,0,78500,190
729902,LL23035307M,982091101529902,1908,2023-05-29 06:08:51,338,0,68500,199
737148,LL23051105M,982091101537148,1908,2023-05-29 06:17:11,172,0,69500,151
734692,LL23050302M,982091101534692,1908,2023-05-29 06:27:57,98,0,61500,50
732966,LL23041902M,982091101532966,1908,2023-05-29 06:30:28,89,0,78000,102
732966,LL23041902M,982091101532966,1908,2023-05-29 06:34:29,72,0,78500,45
732966,LL23041902M,982091101532966,1908,2023-05-29 06:41:24,45,0,,35
734692,LL23050302M,982091101534692,1908,2023-05-29 06:48:07,43,0,,5
732923,LL23042101M,982091101532923,1908,2023-05-29 06:50:54,24,0,,4
735028,LL23029207M,984000005032083,1908,2023-05-29 07:09:17,599,0,69500,395
734709,LL23048502M,982091101534709,1908,2023-05-29 07:19:25,496,0,64500,243
734731,LL23052101M,982091101534731,1908,2023-05-29 07:27:53,894,0,74500,693
732909,LL23042102M,982091101532909,1908,2023-05-29 07:42:51,1002,0,67500,567
734709,LL23048502M,982091101534709,1908,2023-05-29 07:59:41,417,0,64500,286
732966,LL23041902M,982091101532966,1908,2023-05-29 08:07:11,60,0,,69
729902,LL23035307M,982091101529902,1908,2023-05-29 08:08:11,149,0,69000,134
734692,LL23050302M,982091101534692,1908,2023-05-29 08:10:51,53,0,,39
729902,LL23035307M,982091101529902,1908,2023-05-29 08:11:57,51,0,,54
737148,LL23051105M,982091101537148,1908,2023-05-29 08:12:52,25,0,,23
734692,LL23050302M,982091101534692,1908,2023-05-29 08:14:05,180,0,62000,132
735083,LL23029205M,982091101535083,1908,2023-05-29 08:17:13,688,0,64000,403
734751,LL23052303M,982091101534751,1908,2023-05-29 08:28:45,245,0,61500,143
732923,LL23042101M,982091101532923,1908,2023-05-29 08:33:50,32,0,,28
734731,LL23052101M,982091101534731,1908,2023-05-29 08:34:38,59,0,,55
734692,LL23050302M,982091101534692,1908,2023-05-29 08:36:41,370,0,62000,264
737148,LL23051105M,982091101537148,1908,2023-05-29 08:43:03,15,0,,3
735083,LL23029205M,982091101535083,1908,2023-05-29 08:43:46,389,0,64000,204
734751,LL23052303M,982091101534751,1908,2023-05-29 08:50:39,196,0,60500,126
732923,LL23042101M,982091101532923,1908,2023-05-29 08:54:04,100,0,63000,63
729889,LL23037601M,982091101529889,1908,2023-05-29 08:57:13,572,0,82000,489
737148,LL23051105M,982091101537148,1908,2023-05-29 09:07:05,225,0,69000,231
737097,LL23037303M,982091101537097,1908,2023-05-29 09:11:14,334,0,68500,321
729902,LL23035307M,982091101529902,1908,2023-05-29 09:24:18,201,0,69000,113
732923,LL23042101M,982091101532923,1908,2023-05-29 09:32:21,355,0,62500,233
735028,LL23029207M,984000005032083,1908,2023-05-29 09:40:17,443,0,68500,282
737148,LL23051105M,982091101537148,1908,2023-05-29 09:48:12,252,0,69500,290
729902,LL23035307M,982091101529902,1908,2023-05-29 09:52:59,89,0,69000,67
735028,LL23029207M,984000005032083,1908,2023-05-29 09:56:31,88,0,69000,69
734751,LL23052303M,982091101534751,1908,2023-05-29 10:07:30,559,0,60000,351
732909,LL23042102M,982091101532909,1908,2023-05-29 10:16:57,288,0,67500,147
734731,LL23052101M,982091101534731,1908,2023-05-29 10:21:57,495,0,75000,476
729897,LL23038102M,982091101529897,1908,2023-05-29 10:30:12,486,0,68500,264
732909,LL23042102M,982091101532909,1908,2023-05-29 10:38:23,616,0,67500,337
734709,LL23048502M,982091101534709,1908,2023-05-29 10:48:47,404,0,63500,262
729897,LL23038102M,982091101529897,1908,2023-05-29 10:55:43,328,0,66500,256
732909,LL23042102M,982091101532909,1908,2023-05-29 11:01:27,83,0,68000,30
732966,LL23041902M,982091101532966,1908,2023-05-29 11:05:24,81,0,76000,50
729897,LL23038102M,982091101529897,1908,2023-05-29 11:16:26,40,0,,25
735028,LL23029207M,984000005032083,1908,2023-05-29 11:24:27,611,0,68500,485
735083,LL23029205M,982091101535083,1908,2023-05-29 11:34:50,655,0,64000,444
735028,LL23029207M,984000005032083,1908,2023-05-29 11:56:50,143,0,69000,93
737097,LL23037303M,982091101537097,1908,2023-05-29 12:01:16,446,0,68500,435
735028,LL23029207M,984000005032083,1908,2023-05-29 12:10:22,169,0,70000,91
735028,LL23029207M,984000005032083,1908,2023-05-29 12:16:43,42,0,,17
735083,LL23029205M,982091101535083,1908,2023-05-29 12:25:19,412,0,64500,228
732909,LL23042102M,982091101532909,1908,2023-05-29 12:33:52,143,0,68500,90
735083,LL23029205M,982091101535083,1908,2023-05-29 12:36:31,92,0,65000,27
735083,LL23029205M,982091101535083,1908,2023-05-29 12:40:03,96,0,65500,43
735028,LL23029207M,984000005032083,1908,2023-05-29 12:42:11,98,0,70000,87
735083,LL23029205M,982091101535083,1908,2023-05-29 12:44:05,45,0,,9
732909,LL23042102M,982091101532909,1908,2023-05-29 12:51:41,623,0,69000,406
735034,LL23026202M,982091101535034,1908,2023-05-29 13:02:16,627,0,77000,412
734692,LL23050302M,982091101534692,1908,2023-05-29 13:12:55,265,0,61000,152
734751,LL23052303M,982091101534751,1908,2023-05-29 13:17:20,361,0,60500,232
734731,LL23052101M,982091101534731,1908,2023-05-29 13:23:33,102,0,74500,92
735028,LL23029207M,984000005032083,1908,2023-05-29 13:25:31,190,0,70000,161
734731,LL23052101M,982091101534731,1908,2023-05-29 13:28:53,122,0,75500,127
732966,LL23041902M,982091101532966,1908,2023-05-29 13:30:59,397,0,76500,384
729897,LL23038102M,982091101529897,1908,2023-05-29 13:38:04,130,0,67000,94
735028,LL23029207M,984000005032083,1908,2023-05-29 13:41:46,61,0,71000,60
732909,LL23042102M,982091101532909,1908,2023-05-29 13:42:55,61,0,68500,41
735028,LL23029207M,984000005032083,1908,2023-05-29 13:45:16,299,0,71000,187
735083,LL23029205M,982091101535083,1908,2023-05-29 13:50:59,118,0,65500,22
735034,LL23026202M,982091101535034,1908,2023-05-29 13:54:01,748,0,79000,609
734709,LL23048502M,982091101534709,1908,2023-05-29 14:07:29,133,0,63500,92
735028,LL23029207M,984000005032083,1908,2023-05-29 14:12:49,153,0,70500,112
735083,LL23029205M,982091101535083,1908,2023-05-29 14:19:34,332,0,65000,169
729897,LL23038102M,982091101529897,1908,2023-05-29 14:25:31,213,0,67500,170
734751,LL23052303M,982091101534751,1908,2023-05-29 14:49:45,256,0,63000,169
735083,LL23029205M,982091101535083,1908,2023-05-29 14:54:17,25,0,,2
737097,LL23037303M,982091101537097,1908,2023-05-29 14:58:54,26,0,,19
732909,LL23042102M,982091101532909,1908,2023-05-29 15:03:29,663,0,69500,409
732966,LL23041902M,982091101532966,1908,2023-05-29 15:16:24,344,0,77500,357
734692,LL23050302M,982091101534692,1908,2023-05-29 15:22:12,577,0,61000,389
735083,LL23029205M,982091101535083,1908,2023-05-29 15:31:53,601,0,65500,391
735034,LL23026202M,982091101535034,1908,2023-05-29 15:42:10,555,0,79500,403
732923,LL23042101M,982091101532923,1908,2023-05-29 15:51:29,413,0,61500,221
737097,LL23037303M,982091101537097,1908,2023-05-29 15:58:22,296,0,70500,358
729889,LL23037601M,982091101529889,1908,2023-05-29 16:03:22,201,0,81000,86
734751,LL23052303M,982091101534751,1908,2023-05-29 16:06:47,389,0,63500,293
732909,LL23042102M,982091101532909,1908,2023-05-29 16:13:28,63,0,69500,44
734692,LL23050302M,982091101534692,1908,2023-05-29 16:14:47,56,0,,40
732909,LL23042102M,982091101532909,1908,2023-05-29 16:15:59,45,0,,46
734731,LL23052101M,982091101534731,1908,2023-05-29 16:16:52,1149,0,75500,1071
729897,LL23038102M,982091101529897,1908,2023-05-29 16:36:01,325,0,68000,253
729889,LL23037601M,982091101529889,1908,2023-05-29 16:41:47,689,0,81500,641
729902,LL23035307M,982091101529902,1908,2023-05-29 16:53:29,312,0,67500,120
729897,LL23038102M,982091101529897,1908,2023-05-29 16:58:53,417,0,68000,339
729902,LL23035307M,982091101529902,1908,2023-05-29 17:05:54,155,0,67500,106
734692,LL23050302M,982091101534692,1908,2023-05-29 17:08:29,190,0,62000,137
737097,LL23037303M,982091101537097,1908,2023-05-29 17:11:39,273,0,69000,310
734692,LL23050302M,982091101534692,1908,2023-05-29 17:16:24,452,0,61500,315
734731,LL23052101M,982091101534731,1908,2023-05-29 17:24:08,123,0,75500,132
734692,LL23050302M,982091101534692,1908,2023-05-29 17:58:51,123,0,62500,67
729902,LL23035307M,982091101529902,1908,2023-05-29 18:01:18,323,0,68000,192
729889,LL23037601M,982091101529889,1908,2023-05-29 18:10:18,164,0,82500,55
732966,LL23041902M,982091101532966,1908,2023-05-29 18:13:51,528,0,77500,560
735083,LL23029205M,982091101535083,1908,2023-05-29 18:22:47,201,0,66500,138
729902,LL23035307M,982091101529902,1908,2023-05-29 18:27:40,255,0,68000,222
735034,LL23026202M,982091101535034,1908,2023-05-29 18:31:59,477,0,81000,312
735028,LL23029207M,984000005032083,1908,2023-05-29 18:40:12,651,0,71000,562
732923,LL23042101M,982091101532923,1908,2023-05-29 18:51:07,777,0,61500,569
734731,LL23052101M,982091101534731,1908,2023-05-29 19:04:12,32,0,,43
732909,LL23042102M,982091101532909,1908,2023-05-29 19:05:00,155,0,69000,71
729902,LL23035307M,982091101529902,1908,2023-05-29 19:07:39,224,0,68000,172
729897,LL23038102M,982091101529897,1908,2023-05-29 19:12:11,105,0,68500,86
734692,LL23050302M,982091101534692,1908,2023-05-29 19:14:08,41,0,,23
735034,LL23026202M,982091101535034,1908,2023-05-29 19:15:33,114,0,80500,98
734692,LL23050302M,982091101534692,1908,2023-05-29 19:17:39,71,0,63000,45
729902,LL23035307M,982091101529902,1908,2023-05-29 19:33:44,155,0,68500,134
735034,LL23026202M,982091101535034,1908,2023-05-29 19:36:59,249,0,81000,193
729902,LL23035307M,982091101529902,1908,2023-05-29 19:41:24,78,0,68500,65
735034,LL23026202M,982091101535034,1908,2023-05-29 19:43:45,129,0,81000,121
729897,LL23038102M,982091101529897,1908,2023-05-29 19:46:02,167,0,68500,92
737148,LL23051105M,982091101537148,1908,2023-05-29 19:49:05,371,0,68000,385
734731,LL23052101M,982091101534731,1908,2023-05-29 19:55:37,28,0,,34
729902,LL23035307M,982091101529902,1908,2023-05-29 19:57:18,74,0,68500,58
729889,LL23037601M,982091101529889,1908,2023-05-29 19:59:44,634,0,82000,525
734751,LL23052303M,982091101534751,1908,2023-05-29 20:10:27,497,0,61500,348
729897,LL23038102M,982091101529897,1908,2023-05-29 20:19:05,360,0,68000,263
734692,LL23050302M,982091101534692,1908,2023-05-29 20:25:57,29,0,,17
729897,LL23038102M,982091101529897,1908,2023-05-29 20:26:46,23,0,,13
734692,LL23050302M,982091101534692,1908,2023-05-29 20:27:33,60,0,,47
735083,LL23029205M,982091101535083,1908,2023-05-29 20:29:00,434,0,65000,316
729897,LL23038102M,982091101529897,1908,2023-05-29 20:36:46,37,0,,8
732966,LL23041902M,982091101532966,1908,2023-05-29 20:38:07,15,0,,9
729897,LL23038102M,982091101529897,1908,2023-05-29 20:39:18,73,0,68500,11
734692,LL23050302M,982091101534692,1908,2023-05-29 20:44:20,112,0,62000,58
737148,LL23051105M,982091101537148,1908,2023-05-29 20:46:29,171,0,67500,183
735034,LL23026202M,982091101535034,1908,2023-05-29 20:51:53,379,0,82000,279
729889,LL23037601M,982091101529889,1908,2023-05-29 21:18:53,104,0,82500,64
734709,LL23048502M,982091101534709,1908,2023-05-29 21:57:16,837,0,63000,560
734751,LL23052303M,982091101534751,1908,2023-05-29 22:17:31,288,0,61000,224
737148,LL23051105M,982091101537148,1908,2023-05-29 22:29:19,204,0,68000,195
737097,LL23037303M,982091101537097,1908,2023-05-29 23:00:47,288,0,69000,242
729889,LL23037601M,982091101529889,1908,2023-05-29 23:08:17,203,0,83500,64
729897,LL23038102M,982091101529897,1908,2023-05-29 23:12:04,204,0,69500,143
732923,LL23042101M,982091101532923,1908,2023-05-29 23:19:06,458,0,62000,338
734709,LL23048502M,982091101534709,1908,2023-05-29 23:28:48,408,0,65000,267
735034,LL23026202M,982091101535034,1908,2023-05-29 23:35:56,351,0,81500,211
729889,LL23037601M,982091101529889,1908,2023-05-29 23:42:03,22,0,,10
729889,LL23037601M,982091101529889,1908,2023-05-29 23:48:50,63,0,82250,6
737148,LL23051105M,982091101537148,1908,2023-05-29 23:50:13,53,0,,36
735034,LL23026202M,982091101535034,1908,2023-05-29 23:52:45,49,0,,42
734709,LL23048502M,982091101534709,1908,2023-05-30 00:42:31,212,0,64500,119
729889,LL23037601M,982091101529889,1908,2023-05-30 00:47:28,192,0,83500,138
734709,LL23048502M,982091101534709,1908,2023-05-30 00:52:40,97,0,65000,48
734731,LL23052101M,982091101534731,1908,2023-05-30 00:54:33,58,0,,55
735034,LL23026202M,982091101535034,1908,2023-05-30 00:56:06,356,0,82500,280
729897,LL23038102M,982091101529897,1908,2023-05-30 01:03:54,16,0,,9
735083,LL23029205M,982091101535083,1908,2023-05-30 01:07:17,173,0,64500,116
734709,LL23048502M,982091101534709,1908,2023-05-30 01:10:51,97,0,65000,63
729889,LL23037601M,982091101529889,1908,2023-05-30 01:13:12,19,0,,12
732909,LL23042102M,982091101532909,1908,2023-05-30 01:26:19,717,0,69000,402
737097,LL23037303M,982091101537097,1908,2023-05-30 01:46:18,230,0,69500,243
735028,LL23029207M,984000005032083,1908,2023-05-30 01:53:46,228,0,70000,181
735083,LL23029205M,982091101535083,1908,2023-05-30 02:00:06,121,0,65500,72
734751,LL23052303M,982091101534751,1908,2023-05-30 02:32:00,109,0,62500,46
729889,LL23037601M,982091101529889,1908,2023-05-30 02:45:27,249,0,84500,218
729902,LL23035307M,982091101529902,1908,2023-05-30 02:49:44,446,0,68000,205
729889,LL23037601M,982091101529889,1908,2023-05-30 02:57:26,150,0,84000,130
729902,LL23035307M,982091101529902,1908,2023-05-30 03:00:05,63,0,68000,41
729889,LL23037601M,982091101529889,1908,2023-05-30 03:01:08,19,0,,38
734751,LL23052303M,982091101534751,1908,2023-05-30 03:05:35,384,0,61500,275
729902,LL23035307M,982091101529902,1908,2023-05-30 03:12:07,407,0,67000,224
732923,LL23042101M,982091101532923,1908,2023-05-30 03:34:16,60,0,,29
729902,LL23035307M,982091101529902,1908,2023-05-30 03:35:51,228,0,67500,126
735083,LL23029205M,982091101535083,1908,2023-05-30 03:53:28,358,0,65500,258
737148,LL23051105M,982091101537148,1908,2023-05-30 04:01:26,198,0,68500,208
729889,LL23037601M,982091101529889,1908,2023-05-30 04:13:41,169,0,83500,53
729889,LL23037601M,982091101529889,1908,2023-05-30 04:18:31,346,0,83500,327
734692,LL23050302M,982091101534692,1908,2023-05-30 04:24:37,555,0,62000,341
734692,LL23050302M,982091101534692,1908,2023-05-30 04:35:52,76,0,61500,40
737148,LL23051105M,982091101537148,1908,2023-05-30 04:39:44,124,0,68000,118
729897,LL23038102M,982091101529897,1908,2023-05-30 04:41:52,336,0,67500,191
729902,LL23035307M,982091101529902,1908,2023-05-30 04:47:36,470,0,68000,272
737148,LL23051105M,982091101537148,1908,2023-05-30 04:58:02,135,0,68500,122
734692,LL23050302M,982091101534692,1908,2023-05-30 05:02:21,92,0,61000,57
732966,LL23041902M,982091101532966,1908,2023-05-30 05:15:11,581,0,76000,546
734709,LL23048502M,982091101534709,1908,2023-05-30 06:09:38,692,0,65500,435
737148,LL23051105M,982091101537148,1908,2023-05-30 06:29:14,232,0,68500,254
734709,LL23048502M,982091101534709,1908,2023-05-30 06:35:07,199,0,66000,122
729902,LL23035307M,982091101529902,1908,2023-05-30 06:39:11,206,0,68500,198
734751,LL23052303M,982091101534751,1908,2023-05-30 06:42:45,480,0,61500,372
734692,LL23050302M,982091101534692,1908,2023-05-30 06:51:50,164,0,62000,123
737097,LL23037303M,982091101537097,1908,2023-05-30 06:55:47,385,0,69000,397
732923,LL23042101M,982091101532923,1908,2023-05-30 07:07:03,781,0,63000,465
729897,LL23038102M,982091101529897,1908,2023-05-30 07:20:32,278,0,67500,168
735083,LL23029205M,982091101535083,1908,2023-05-30 07:35:12,376,0,65500,249
734692,LL23050302M,982091101534692,1908,2023-05-30 07:51:50,241,0,62000,157
729902,LL23035307M,982091101529902,1908,2023-05-30 07:56:03,441,0,68500,315
735028,LL23029207M,984000005032083,1908,2023-05-30 08:03:32,467,0,70500,374
735034,LL23026202M,982091101535034,1908,2023-05-30 08:11:44,735,0,79500,608
734731,LL23052101M,982091101534731,1908,2023-05-30 08:24:12,1003,0,77000,785
732923,LL23042101M,982091101532923,1908,2023-05-30 08:41:07,368,0,63000,229
734692,LL23050302M,982091101534692,1908,2023-05-30 08:47:23,213,0,62000,165
729889,LL23037601M,982091101529889,1908,2023-05-30 08:52:20,84,0,82500,46
732923,LL23042101M,982091101532923,1908,2023-05-30 08:54:53,26,0,,26
732966,LL23041902M,982091101532966,1908,2023-05-30 08:55:27,229,0,77500,207
734751,LL23052303M,982091101534751,1908,2023-05-30 08:59:56,350,0,63000,251
729902,LL23035307M,982091101529902,1908,2023-05-30 09:06:02,89,0,68500,84
734709,LL23048502M,982091101534709,1908,2023-05-30 09:08:55,211,0,65500,144
729902,LL23035307M,982091101529902,1908,2023-05-30 09:12:46,61,0,68500,51
735083,LL23029205M,982091101535083,1908,2023-05-30 09:14:43,248,0,64000,65
734731,LL23052101M,982091101534731,1908,2023-05-30 09:19:03,158,0,75500,144
737148,LL23051105M,982091101537148,1908,2023-05-30 09:21:49,433,0,68500,425
734751,LL23052303M,982091101534751,1908,2023-05-30 09:29:38,17,0,,1
732909,LL23042102M,982091101532909,1908,2023-05-30 09:34:06,897,0,66500,487
729902,LL23035307M,982091101529902,1908,2023-05-30 09:49:19,58,0,,62
735083,LL23029205M,982091101535083,1908,2023-05-30 09:50:33,347,0,64500,212
734709,LL23048502M,982091101534709,1908,2023-05-30 09:58:20,200,0,66000,112
732923,LL23042101M,982091101532923,1908,2023-05-30 10:02:20,37,0,,27
732923,LL23042101M,982091101532923,1908,2023-05-30 10:04:57,28,0,,19
729902,LL23035307M,982091101529902,1908,2023-05-30 10:05:33,160,0,69000,147
737097,LL23037303M,982091101537097,1908,2023-05-30 10:12:24,407,0,69000,332
729897,LL23038102M,982091101529897,1908,2023-05-30 10:20:03,335,0,67500,181
734751,LL23052303M,982091101534751,1908,2023-05-30 10:25:50,96,0,63000,54
737148,LL23051105M,982091101537148,1908,2023-05-30 10:28:10,161,0,68500,191
729902,LL23035307M,982091101529902,1908,2023-05-30 10:32:54,80,0,69500,56
732923,LL23042101M,982091101532923,1908,2023-05-30 10:34:46,23,0,,16
729902,LL23035307M,982091101529902,1908,2023-05-30 10:35:20,24,0,,15
729889,LL23037601M,982091101529889,1908,2023-05-30 10:40:57,724,0,82000,598
732966,LL23041902M,982091101532966,1908,2023-05-30 10:53:10,139,0,78500,74
734692,LL23050302M,982091101534692,1908,2023-05-30 11:04:29,438,0,62500,276
732966,LL23041902M,982091101532966,1908,2023-05-30 11:11:51,238,0,78000,253
734692,LL23050302M,982091101534692,1908,2023-05-30 11:16:45,331,0,62500,226
735083,LL23029205M,982091101535083,1908,2023-05-30 11:22:52,453,0,64500,335
734751,LL23052303M,982091101534751,1908,2023-05-30 11:30:25,34,0,,26
735028,LL23029207M,984000005032083,1908,2023-05-30 11:31:11,473,0,69500,343
729897,LL23038102M,982091101529897,1908,2023-05-30 11:39:09,405,0,66500,269
737148,LL23051105M,982091101537148,1908,2023-05-30 11:46:06,169,0,69500,167
732923,LL23042101M,982091101532923,1908,2023-05-30 11:48:55,91,0,63000,65
735028,LL23029207M,984000005032083,1908,2023-05-30 11:51:06,67,0,69500,74
729902,LL23035307M,982091101529902,1908,2023-05-30 11:52:21,66,0,69500,65
732909,LL23042102M,982091101532909,1908,2023-05-30 11:53:32,84,0,67500,51
734731,LL23052101M,982091101534731,1908,2023-05-30 11:55:16,113,0,77500,106
732909,LL23042102M,982091101532909,1908,2023-05-30 11:57:17,585,0,67500,346
734731,LL23052101M,982091101534731,1908,2023-05-30 12:07:22,162,0,75000,142
734709,LL23048502M,982091101534709,1908,2023-05-30 12:10:57,332,0,66000,240
734751,LL23052303M,982091101534751,1908,2023-05-30 12:18:05,139,0,62500,99
734731,LL23052101M,982091101534731,1908,2023-05-30 12:21:08,141,0,75000,148
735028,LL23029207M,984000005032083,1908,2023-05-30 12:23:45,311,0,69500,292
729897,LL23038102M,982091101529897,1908,2023-05-30 12:29:56,147,0,66500,82
735083,LL23029205M,982091101535083,1908,2023-05-30 12:32:51,443,0,64500,284
734751,LL23052303M,982091101534751,1908,2023-05-30 12:40:26,409,0,63000,333
729902,LL23035307M,982091101529902,1908,2023-05-30 12:47:43,97,0,69500,104
732909,LL23042102M,982091101532909,1908,2023-05-30 12:50:25,117,0,67500,47
735028,LL23029207M,984000005032083,1908,2023-05-30 12:56:02,261,0,70000,169
735028,LL23029207M,984000005032083,1908,2023-05-30 13:02:26,51,0,,28
735028,LL23029207M,984000005032083,1908,2023-05-30 13:41:37,34,0,,10
732909,LL23042102M,982091101532909,1908,2023-05-30 13:46:55,51,0,,21
735083,LL23029205M,982091101535083,1908,2023-05-30 14:00:33,483,0,64500,333
737097,LL23037303M,982091101537097,1908,2023-05-30 14:12:58,655,0,69500,644
732909,LL23042102M,982091101532909,1908,2023-05-30 14:24:01,485,0,68500,286
734751,LL23052303M,982091101534751,1908,2023-05-30 14:32:18,155,0,62500,107
732966,LL23041902M,982091101532966,1908,2023-05-30 14:35:02,46,0,,12
729902,LL23035307M,982091101529902,1908,2023-05-30 14:36:21,125,0,70000,116
735028,LL23029207M,984000005032083,1908,2023-05-30 14:38:35,126,0,71500,111
732966,LL23041902M,982091101532966,1908,2023-05-30 14:40:45,207,0,78000,193
735028,LL23029207M,984000005032083,1908,2023-05-30 14:46:04,102,0,72500,62
735034,LL23026202M,982091101535034,1908,2023-05-30 14:48:43,663,0,80000,414
729897,LL23038102M,982091101529897,1908,2023-05-30 14:59:54,462,0,67000,263
734731,LL23052101M,982091101534731,1908,2023-05-30 15:08:13,60,0,,66
729897,LL23038102M,982091101529897,1908,2023-05-30 15:09:25,28,0,,16
732909,LL23042102M,982091101532909,1908,2023-05-30 15:10:34,17,0,,14
732966,LL23041902M,982091101532966,1908,2023-05-30 15:11:03,86,0,77500,74
732909,LL23042102M,982091101532909,1908,2023-05-30 15:14:30,159,0,68000,61
732966,LL23041902M,982091101532966,1908,2023-05-30 15:17:29,54,0,,64
734731,LL23052101M,982091101534731,1908,2023-05-30 15:19:03,99,0,77000,105
734751,LL23052303M,982091101534751,1908,2023-05-30 15:21:10,72,0,63000,53
734692,LL23050302M,982091101534692,1908,2023-05-30 15:22:43,79,0,63500,57
734709,LL23048502M,982091101534709,1908,2023-05-30 15:24:07,217,0,66000,110
734731,LL23052101M,982091101534731,1908,2023-05-30 15:28:00,104,0,75500,75
729902,LL23035307M,982091101529902,1908,2023-05-30 15:30:20,24,0,,22
732923,LL23042101M,982091101532923,1908,2023-05-30 15:31:09,506,0,62000,264
734731,LL23052101M,982091101534731,1908,2023-05-30 15:39:51,8,0,,9
729902,LL23035307M,982091101529902,1908,2023-05-30 15:39:59,70,0,69000,77
732923,LL23042101M,982091101532923,1908,2023-05-30 15:41:09,317,0,62500,163
737097,LL23037303M,982091101537097,1908,2023-05-30 15:46:50,14,0,,3
734692,LL23050302M,982091101534692,1908,2023-05-30 15:48:04,57,0,,21
729902,LL23035307M,982091101529902,1908,2023-05-30 15:50:45,81,0,69000,35
734751,LL23052303M,982091101534751,1908,2023-05-30 15:52:19,159,0,63000,138
729902,LL23035307M,982091101529902,1908,2023-05-30 15:55:03,57,0,,57
734692,LL23050302M,982091101534692,1908,2023-05-30 15:56:24,188,0,62500,110
734731,LL23052101M,982091101534731,1908,2023-05-30 15:59:44,118,0,76000,80
734692,LL23050302M,982091101534692,1908,2023-05-30 16:02:14,77,0,62500,18
735034,LL23026202M,982091101535034,1908,2023-05-30 16:03:43,205,0,78500,29
735028,LL23029207M,984000005032083,1908,2023-05-30 16:10:13,306,0,71500,208
732909,LL23042102M,982091101532909,1908,2023-05-30 16:15:24,679,0,68500,240
734731,LL23052101M,982091101534731,1908,2023-05-30 16:27:11,178,0,76500,68
734731,LL23052101M,982091101534731,1908,2023-05-30 16:30:43,62,0,77000,64
729897,LL23038102M,982091101529897,1908,2023-05-30 16:31:49,126,0,67500,80
735028,LL23029207M,984000005032083,1908,2023-05-30 16:34:39,206,0,72500,181
729897,LL23038102M,982091101529897,1908,2023-05-30 16:38:26,352,0,67500,123
735028,LL23029207M,984000005032083,1908,2023-05-30 16:44:30,54,0,,7
735034,LL23026202M,982091101535034,1908,2023-05-30 16:45:40,60,0,,10
729889,LL23037601M,982091101529889,1908,2023-05-30 16:48:24,438,0,81000,177
734692,LL23050302M,982091101534692,1908,2023-05-30 16:56:34,390,0,62500,184
729897,LL23038102M,982091101529897,1908,2023-05-30 17:03:20,143,0,67000,57
735034,LL23026202M,982091101535034,1908,2023-05-30 17:06:12,9,0,,1
732966,LL23041902M,982091101532966,1908,2023-05-30 17:06:53,20,0,,1
729897,LL23038102M,982091101529897,1908,2023-05-30 17:07:17,11,0,,1
734692,LL23050302M,982091101534692,1908,2023-05-30 17:07:44,21,0,,2
732966,LL23041902M,982091101532966,1908,2023-05-30 17:08:41,13,0,,2
732966,LL23041902M,982091101532966,1908,2023-05-30 17:10:55,136,0,79000,119
735083,LL23029205M,982091101535083,1908,2023-05-30 17:13:47,293,0,65000,203
734731,LL23052101M,982091101534731,1908,2023-05-30 17:19:00,425,0,76500,288
729889,LL23037601M,982091101529889,1908,2023-05-30 17:26:13,125,0,80500,91
734692,LL23050302M,982091101534692,1908,2023-05-30 17:28:38,441,0,63000,242
735083,LL23029205M,982091101535083,1908,2023-05-30 17:36:07,314,0,65000,65
737097,LL23037303M,982091101537097,1908,2023-05-30 17:42:17,357,0,72000,337
735034,LL23026202M,982091101535034,1908,2023-05-30 17:48:22,49,0,,38
732966,LL23041902M,982091101532966,1908,2023-05-30 17:49:35,137,0,78500,70
735034,LL23026202M,982091101535034,1908,2023-05-30 17:52:45,76,0,79000,38
734692,LL23050302M,982091101534692,1908,2023-05-30 18:34:07,47,0,,9
729889,LL23037601M,982091101529889,1908,2023-05-30 18:39:07,85,0,81000,56
734751,LL23052303M,982091101534751,1908,2023-05-30 18:53:16,313,0,62500,248
729897,LL23038102M,982091101529897,1908,2023-05-30 18:58:49,295,0,68000,163
735034,LL23026202M,982091101535034,1908,2023-05-30 19:03:52,830,0,78500,518
729897,LL23038102M,982091101529897,1908,2023-05-30 19:17:42,327,0,68500,269
734692,LL23050302M,982091101534692,1908,2023-05-30 19:23:25,603,0,63500,390
729897,LL23038102M,982091101529897,1908,2023-05-30 19:34:36,47,0,,40
734731,LL23052101M,982091101534731,1908,2023-05-30 19:39:00,411,0,77500,234
734731,LL23052101M,982091101534731,1908,2023-05-30 19:47:52,50,0,,34
729897,LL23038102M,982091101529897,1908,2023-05-30 19:52:52,107,0,68000,53
734692,LL23050302M,982091101534692,1908,2023-05-30 19:54:56,79,0,63500,30
732966,LL23041902M,982091101532966,1908,2023-05-30 19:56:35,381,0,79000,323
734692,LL23050302M,982091101534692,1908,2023-05-30 20:03:00,268,0,64000,173
732923,LL23042101M,982091101532923,1908,2023-05-30 20:14:49,786,0,64000,534
729889,LL23037601M,982091101529889,1908,2023-05-30 20:28:03,537,0,82500,322
737097,LL23037303M,982091101537097,1908,2023-05-30 20:37:00,368,0,71000,428
729889,LL23037601M,982091101529889,1908,2023-05-30 20:44:36,518,0,82500,416
735028,LL23029207M,984000005032083,1908,2023-05-30 20:55:10,52,0,,29
734731,LL23052101M,982091101534731,1908,2023-05-30 21:08:53,692,0,77500,611
729902,LL23035307M,982091101529902,1908,2023-05-30 21:20:33,194,0,69500,82
735034,LL23026202M,982091101535034,1908,2023-05-30 21:23:55,877,0,81000,772
735028,LL23029207M,984000005032083,1908,2023-05-30 21:38:48,468,0,71500,424
734751,LL23052303M,982091101534751,1908,2023-05-30 21:52:02,410,0,63000,323
737148,LL23051105M,982091101537148,1908,2023-05-30 21:59:21,409,0,68500,415
732909,LL23042102M,982091101532909,1908,2023-05-30 22:07:38,160,0,68500,80
729897,LL23038102M,982091101529897,1908,2023-05-30 22:10:34,302,0,69000,176
737148,LL23051105M,982091101537148,1908,2023-05-30 22:15:52,140,0,68500,130
735083,LL23029205M,982091101535083,1908,2023-05-30 22:27:46,493,0,65500,342
737148,LL23051105M,982091101537148,1908,2023-05-30 22:37:07,83,0,68000,43
732909,LL23042102M,982091101532909,1908,2023-05-30 22:40:34,989,0,68000,445
732923,LL23042101M,982091101532923,1908,2023-05-30 22:57:19,439,0,63000,252
729897,LL23038102M,982091101529897,1908,2023-05-30 23:57:46,395,0,68500,204
735034,LL23026202M,982091101535034,1908,2023-05-31 00:22:03,575,0,81500,324
734709,LL23048502M,982091101534709,1908,2023-05-31 00:33:38,393,0,65500,166
729897,LL23038102M,982091101529897,1908,2023-05-31 00:40:43,437,0,69000,186
732909,LL23042102M,982091101532909,1908,2023-05-31 00:53:17,23,0,,15
737097,LL23037303M,982091101537097,1908,2023-05-31 00:53:48,251,0,71500,250
734751,LL23052303M,982091101534751,1908,2023-05-31 01:03:25,342,0,62500,204
729889,LL23037601M,982091101529889,1908,2023-05-31 01:09:23,211,0,83500,120
735034,LL23026202M,982091101535034,1908,2023-05-31 01:13:26,188,0,81000,65
729889,LL23037601M,982091101529889,1908,2023-05-31 01:22:22,130,0,83000,38
737148,LL23051105M,982091101537148,1908,2023-05-31 01:30:48,100,0,68500,37
732923,LL23042101M,982091101532923,1908,2023-05-31 01:43:15,299,0,64000,180
732909,LL23042102M,982091101532909,1908,2023-05-31 01:54:02,371,0,68500,157
735034,LL23026202M,982091101535034,1908,2023-05-31 02:02:49,135,0,82000,54
729889,LL23037601M,982091101529889,1908,2023-05-31 02:05:20,110,0,82500,24
734709,LL23048502M,982091101534709,1908,2023-05-31 02:58:11,116,0,65000,52
737097,LL23037303M,982091101537097,1908,2023-05-31 03:00:23,104,0,71000,45
734709,LL23048502M,982091101534709,1908,2023-05-31 03:02:15,1165,0,66000,541
734751,LL23052303M,982091101534751,1908,2023-05-31 03:21:48,225,0,62000,53
729897,LL23038102M,982091101529897,1908,2023-05-31 03:25:53,96,0,69500,32
737148,LL23051105M,982091101537148,1908,2023-05-31 03:29:33,42,0,,4
729889,LL23037601M,982091101529889,1908,2023-05-31 03:32:08,930,0,82500,464
737148,LL23051105M,982091101537148,1908,2023-05-31 03:47:58,535,0,68500,486
735083,LL23029205M,982091101535083,1908,2023-05-31 04:48:11,329,0,64000,222
732966,LL23041902M,982091101532966,1908,2023-05-31 05:05:18,123,0,78500,76
729902,LL23035307M,982091101529902,1908,2023-05-31 05:15:46,692,0,68000,188
734692,LL23050302M,982091101534692,1908,2023-05-31 05:27:23,374,0,63000,205
729902,LL23035307M,982091101529902,1908,2023-05-31 05:33:41,218,0,67500,99
734751,LL23052303M,982091101534751,1908,2023-05-31 05:37:23,391,0,62000,221
734692,LL23050302M,982091101534692,1908,2023-05-31 05:44:10,112,0,63000,59
732966,LL23041902M,982091101532966,1908,2023-05-31 05:46:14,550,0,78500,453
729902,LL23035307M,982091101529902,1908,2023-05-31 05:55:29,92,0,67000,88
734751,LL23052303M,982091101534751,1908,2023-05-31 05:58:37,433,0,62500,278
729902,LL23035307M,982091101529902,1908,2023-05-31 06:06:42,270,0,67500,89
734692,LL23050302M,982091101534692,1908,2023-05-31 06:11:16,170,0,63000,90
729902,LL23035307M,982091101529902,1908,2023-05-31 06:14:06,53,0,,67
734751,LL23052303M,982091101534751,1908,2023-05-31 06:15:55,43,0,,34
737148,LL23051105M,982091101537148,1908,2023-05-31 06:17:10,214,0,68500,243
732923,LL23042101M,982091101532923,1908,2023-05-31 06:21:00,443,0,63500,216
729902,LL23035307M,982091101529902,1908,2023-05-31 06:28:27,105,0,67000,56
734692,LL23050302M,982091101534692,1908,2023-05-31 06:30:21,40,0,,28
729902,LL23035307M,982091101529902,1908,2023-05-31 06:31:09,36,0,,42
734751,LL23052303M,982091101534751,1908,2023-05-31 06:33:46,26,0,,2
729889,LL23037601M,982091101529889,1908,2023-05-31 06:43:42,644,0,82000,514
737097,LL23037303M,982091101537097,1908,2023-05-31 06:54:38,268,0,71000,254
734709,LL23048502M,982091101534709,1908,2023-05-31 06:59:29,648,0,66500,373
735028,LL23029207M,984000005032083,1908,2023-05-31 07:10:34,633,0,69500,421
735083,LL23029205M,982091101535083,1908,2023-05-31 07:22:40,485,0,64500,190
729902,LL23035307M,982091101529902,1908,2023-05-31 07:30:57,292,0,67500,167
735083,LL23029205M,982091101535083,1908,2023-05-31 07:36:05,430,0,64500,240
734692,LL23050302M,982091101534692,1908,2023-05-31 07:56:06,36,0,,12
729902,LL23035307M,982091101529902,1908,2023-05-31 07:57:13,80,0,67500,91
732923,LL23042101M,982091101532923,1908,2023-05-31 07:58:44,806,0,64000,515
734692,LL23050302M,982091101534692,1908,2023-05-31 08:12:10,255,0,63000,163
734731,LL23052101M,982091101534731,1908,2023-05-31 08:16:46,1026,0,76000,913
734692,LL23050302M,982091101534692,1908,2023-05-31 08:33:55,165,0,62500,113
734709,LL23048502M,982091101534709,1908,2023-05-31 08:36:56,60,0,,42
732923,LL23042101M,982091101532923,1908,2023-05-31 08:38:17,41,0,,19
734709,LL23048502M,982091101534709,1908,2023-05-31 08:39:30,259,0,67000,178
732909,LL23042102M,982091101532909,1908,2023-05-31 08:43:57,1166,0,68000,582
735083,LL23029205M,982091101535083,1908,2023-05-31 09:03:31,318,0,64500,214
729902,LL23035307M,982091101529902,1908,2023-05-31 09:08:57,151,0,68500,96
734692,LL23050302M,982091101534692,1908,2023-05-31 09:11:44,343,0,63000,218
734709,LL23048502M,982091101534709,1908,2023-05-31 09:17:43,213,0,67000,142
729902,LL23035307M,982091101529902,1908,2023-05-31 09:21:32,278,0,68000,189
734751,LL23052303M,982091101534751,1908,2023-05-31 09:26:22,405,0,62000,277
737148,LL23051105M,982091101537148,1908,2023-05-31 09:33:31,575,0,69500,620
729902,LL23035307M,982091101529902,1908,2023-05-31 10:27:30,473,0,69000,204
737097,LL23037303M,982091101537097,1908,2023-05-31 10:36:15,612,0,70500,639
734751,LL23052303M,982091101534751,1908,2023-05-31 10:48:11,36,0,,27
734709,LL23048502M,982091101534709,1908,2023-05-31 10:56:08,420,0,67500,269
735028,LL23029207M,984000005032083,1908,2023-05-31 11:05:05,192,0,70500,125
729902,LL23035307M,982091101529902,1908,2023-05-31 11:08:21,389,0,69500,265
729897,LL23038102M,982091101529897,1908,2023-05-31 11:14:54,527,0,67500,250
732923,LL23042101M,982091101532923,1908,2023-05-31 11:23:49,173,0,64000,113
734751,LL23052303M,982091101534751,1908,2023-05-31 11:26:50,247,0,63000,184
729897,LL23038102M,982091101529897,1908,2023-05-31 11:31:06,356,0,67500,203
732966,LL23041902M,982091101532966,1908,2023-05-31 11:37:06,891,0,78500,794
737148,LL23051105M,982091101537148,1908,2023-05-31 11:52:13,450,0,71000,505
734731,LL23052101M,982091101534731,1908,2023-05-31 11:59:52,96,0,78500,84
729902,LL23035307M,982091101529902,1908,2023-05-31 12:01:36,284,0,71000,206
732923,LL23042101M,982091101532923,1908,2023-05-31 12:06:32,507,0,64500,239
734709,LL23048502M,982091101534709,1908,2023-05-31 12:14:59,191,0,68000,117
737097,LL23037303M,982091101537097,1908,2023-05-31 12:20:06,291,0,77000,254
735028,LL23029207M,984000005032083,1908,2023-05-31 12:26:01,94,0,71000,34
732909,LL23042102M,982091101532909,1908,2023-05-31 12:27:55,288,0,69500,62
729902,LL23035307M,982091101529902,1908,2023-05-31 12:32:56,154,0,71000,86
735083,LL23029205M,982091101535083,1908,2023-05-31 12:35:54,360,0,66000,216
732909,LL23042102M,982091101532909,1908,2023-05-31 12:42:22,412,0,69500,157
735028,LL23029207M,984000005032083,1908,2023-05-31 12:49:38,786,0,70500,306
729897,LL23038102M,982091101529897,1908,2023-05-31 13:02:44,306,0,68000,158
732909,LL23042102M,982091101532909,1908,2023-05-31 13:07:54,46,0,,5
735034,LL23026202M,982091101535034,1908,2023-05-31 13:08:44,957,0,80000,534
734751,LL23052303M,982091101534751,1908,2023-05-31 13:24:45,452,0,64000,257
735028,LL23029207M,984000005032083,1908,2023-05-31 13:33:13,210,0,71000,154
735083,LL23029205M,982091101535083,1908,2023-05-31 13:36:46,210,0,65000,51
732923,LL23042101M,982091101532923,1908,2023-05-31 13:42:59,295,0,65000,199
735028,LL23029207M,984000005032083,1908,2023-05-31 13:48:06,78,0,71500,82
732909,LL23042102M,982091101532909,1908,2023-05-31 13:49:36,593,0,69000,252
734751,LL23052303M,982091101534751,1908,2023-05-31 13:59:38,12,0,,2
734731,LL23052101M,982091101534731,1908,2023-05-31 14:00:02,71,0,75500,77
735083,LL23029205M,982091101535083,1908,2023-05-31 14:01:17,381,0,65000,209
734692,LL23050302M,982091101534692,1908,2023-05-31 14:07:50,675,0,63500,367
732909,LL23042102M,982091101532909,1908,2023-05-31 14:19:21,25,0,,19
734692,LL23050302M,982091101534692,1908,2023-05-31 14:20:38,83,0,63000,49
734731,LL23052101M,982091101534731,1908,2023-05-31 14:23:18,805,0,77500,757
734731,LL23052101M,982091101534731,1908,2023-05-31 14:38:44,50,0,,42
734751,LL23052303M,982091101534751,1908,2023-05-31 14:50:39,378,0,64500,326
735034,LL23026202M,982091101535034,1908,2023-05-31 14:57:05,654,0,79500,480
729902,LL23035307M,982091101529902,1908,2023-05-31 15:08:07,177,0,70000,105
732923,LL23042101M,982091101532923,1908,2023-05-31 15:12:56,127,0,64500,112
729902,LL23035307M,982091101529902,1908,2023-05-31 15:15:11,119,0,71000,90
734751,LL23052303M,982091101534751,1908,2023-05-31 15:17:26,260,0,64500,216
735028,LL23029207M,984000005032083,1908,2023-05-31 15:21:50,418,0,72000,434
729889,LL23037601M,982091101529889,1908,2023-05-31 15:28:52,356,0,82000,228
735034,LL23026202M,982091101535034,1908,2023-05-31 15:35:40,190,0,80500,160
734731,LL23052101M,982091101534731,1908,2023-05-31 15:39:02,102,0,78000,99
735083,LL23029205M,982091101535083,1908,2023-05-31 15:41:36,646,0,65500,417
729897,LL23038102M,982091101529897,1908,2023-05-31 15:52:26,464,0,69500,268
735028,LL23029207M,984000005032083,1908,2023-05-31 16:00:10,258,0,71500,236
732966,LL23041902M,982091101532966,1908,2023-05-31 16:04:40,225,0,80500,190
735034,LL23026202M,982091101535034,1908,2023-05-31 16:08:37,146,0,81500,90
735083,LL23029205M,982091101535083,1908,2023-05-31 16:11:51,191,0,66000,103
732909,LL23042102M,982091101532909,1908,2023-05-31 16:15:06,940,0,70500,569
732923,LL23042101M,982091101532923,1908,2023-05-31 16:32:04,601,0,65000,468
735083,LL23029205M,982091101535083,1908,2023-05-31 16:43:05,81,0,65250,34
729889,LL23037601M,982091101529889,1908,2023-05-31 16:44:42,818,0,81500,673
734692,LL23050302M,982091101534692,1908,2023-05-31 16:58:24,545,0,63500,345
729897,LL23038102M,982091101529897,1908,2023-05-31 17:08:09,216,0,68750,180
737097,LL23037303M,982091101537097,1908,2023-05-31 17:11:50,502,0,71000,552
729897,LL23038102M,982091101529897,1908,2023-05-31 17:20:28,245,0,69000,201
734692,LL23050302M,982091101534692,1908,2023-05-31 17:24:50,113,0,63500,79
734751,LL23052303M,982091101534751,1908,2023-05-31 17:41:11,160,0,64500,135
732966,LL23041902M,982091101532966,1908,2023-05-31 17:44:04,612,0,80000,635
737097,LL23037303M,982091101537097,1908,2023-05-31 18:26:45,43,0,,14
734731,LL23052101M,982091101534731,1908,2023-05-31 18:32:10,52,0,,37
729889,LL23037601M,982091101529889,1908,2023-05-31 18:33:34,91,0,83000,68
734731,LL23052101M,982091101534731,1908,2023-05-31 18:35:33,63,0,79500,69
735034,LL23026202M,982091101535034,1908,2023-05-31 18:36:40,736,0,81000,577
729902,LL23035307M,982091101529902,1908,2023-05-31 18:49:16,400,0,70500,225
734731,LL23052101M,982091101534731,1908,2023-05-31 19:02:18,829,0,78000,805
735083,LL23029205M,982091101535083,1908,2023-05-31 19:49:51,369,0,66000,257
734692,LL23050302M,982091101534692,1908,2023-05-31 19:58:01,473,0,64500,260
734751,LL23052303M,982091101534751,1908,2023-05-31 20:06:55,347,0,64000,300
735083,LL23029205M,982091101535083,1908,2023-05-31 20:37:17,61,0,66000,6
734692,LL23050302M,982091101534692,1908,2023-05-31 20:42:36,40,0,,17
735083,LL23029205M,982091101535083,1908,2023-05-31 20:43:45,228,0,66000,153
734731,LL23052101M,982091101534731,1908,2023-05-31 20:47:41,32,0,,38
735034,LL23026202M,982091101535034,1908,2023-05-31 20:50:49,454,0,82500,307
734731,LL23052101M,982091101534731,1908,2023-05-31 20:58:54,64,0,79500,66
737097,LL23037303M,982091101537097,1908,2023-05-31 21:05:25,401,0,72000,405
729897,LL23038102M,982091101529897,1908,2023-05-31 21:12:14,630,0,70500,370
734692,LL23050302M,982091101534692,1908,2023-05-31 21:27:58,422,0,65000,281
734751,LL23052303M,982091101534751,1908,2023-05-31 21:35:36,37,0,,1
734692,LL23050302M,982091101534692,1908,2023-05-31 21:37:53,60,0,,15
729889,LL23037601M,982091101529889,1908,2023-05-31 21:45:20,704,0,84000,473
729897,LL23038102M,982091101529897,1908,2023-05-31 22:01:25,305,0,70500,238
732909,LL23042102M,982091101532909,1908,2023-05-31 22:07:26,90,0,71000,37
732923,LL23042101M,982091101532923,1908,2023-05-31 22:09:20,351,0,65250,235
734751,LL23052303M,982091101534751,1908,2023-05-31 23:45:24,401,0,64000,259
735034,LL23026202M,982091101535034,1908,2023-05-31 23:52:14,217,0,82000,124
737148,LL23051105M,982091101537148,1908,2023-05-31 23:56:04,488,0,69000,539
729889,LL23037601M,982091101529889,1908,2023-06-01 00:09:36,203,0,83500,134
732923,LL23042101M,982091101532923,1908,2023-06-01 00:13:07,320,0,64500,211
734731,LL23052101M,982091101534731,1908,2023-06-01 00:18:43,743,0,78500,603
729897,LL23038102M,982091101529897,1908,2023-06-01 00:31:11,526,0,70000,403
735034,LL23026202M,982091101535034,1908,2023-06-01 00:40:13,726,0,83000,552
734692,LL23050302M,982091101534692,1908,2023-06-01 00:58:47,111,0,64000,54
734709,LL23048502M,982091101534709,1908,2023-06-01 01:03:46,254,0,66500,146
732909,LL23042102M,982091101532909,1908,2023-06-01 01:08:08,1093,0,70000,545
729889,LL23037601M,982091101529889,1908,2023-06-01 01:31:04,480,0,84500,354
735034,LL23026202M,982091101535034,1908,2023-06-01 01:41:08,346,0,83500,260
734709,LL23048502M,982091101534709,1908,2023-06-01 02:41:48,1027,0,66000,612
732909,LL23042102M,982091101532909,1908,2023-06-01 03:00:55,98,0,71000,43
737097,LL23037303M,982091101537097,1908,2023-06-01 03:46:43,529,0,72500,529
735034,LL23026202M,982091101535034,1908,2023-06-01 03:59:54,118,0,84000,55
734751,LL23052303M,982091101534751,1908,2023-06-01 04:13:30,470,0,64500,313
737148,LL23051105M,982091101537148,1908,2023-06-01 04:21:29,477,0,70500,583
729889,LL23037601M,982091101529889,1908,2023-06-01 04:30:26,936,0,85500,820
734709,LL23048502M,982091101534709,1908,2023-06-01 04:46:34,616,0,68000,425
729902,LL23035307M,982091101529902,1908,2023-06-01 04:56:58,617,0,70500,92
734709,LL23048502M,982091101534709,1908,2023-06-01 05:08:07,316,0,68000,190
729902,LL23035307M,982091101529902,1908,2023-06-01 05:13:31,178,0,70000,113
729902,LL23035307M,982091101529902,1908,2023-06-01 05:18:32,136,0,70000,75
735028,LL23029207M,984000005032083,1908,2023-06-01 05:21:57,491,0,70000,422
729889,LL23037601M,982091101529889,1908,2023-06-01 05:30:48,82,0,85500,24
735028,LL23029207M,984000005032083,1908,2023-06-01 05:34:09,173,0,70500,137
729902,LL23035307M,982091101529902,1908,2023-06-01 05:37:30,131,0,68500,69
729902,LL23035307M,982091101529902,1908,2023-06-01 05:41:43,55,0,,42
729902,LL23035307M,982091101529902,1908,2023-06-01 05:46:49,33,0,,51
737097,LL23037303M,982091101537097,1908,2023-06-01 05:53:41,313,0,72000,328
732966,LL23041902M,982091101532966,1908,2023-06-01 05:58:54,367,0,80000,194
737148,LL23051105M,982091101537148,1908,2023-06-01 06:05:10,288,0,70000,297
729897,LL23038102M,982091101529897,1908,2023-06-01 06:15:20,478,0,70000,212
734751,LL23052303M,982091101534751,1908,2023-06-01 06:32:17,165,0,64000,93
732923,LL23042101M,982091101532923,1908,2023-06-01 06:39:10,755,0,65000,487
734692,LL23050302M,982091101534692,1908,2023-06-01 06:51:54,439,0,64000,215
732966,LL23041902M,982091101532966,1908,2023-06-01 06:59:21,758,0,79000,648
734692,LL23050302M,982091101534692,1908,2023-06-01 07:12:03,464,0,64000,260
729902,LL23035307M,982091101529902,1908,2023-06-01 07:19:54,155,0,69000,75
734751,LL23052303M,982091101534751,1908,2023-06-01 07:23:09,186,0,64000,115
729897,LL23038102M,982091101529897,1908,2023-06-01 07:26:35,289,0,70500,190
737148,LL23051105M,982091101537148,1908,2023-06-01 07:32:05,359,0,71000,275
732923,LL23042101M,982091101532923,1908,2023-06-01 07:39:04,50,0,,47
734709,LL23048502M,982091101534709,1908,2023-06-01 07:40:06,245,0,68500,155
729902,LL23035307M,982091101529902,1908,2023-06-01 07:44:55,74,0,68500,87
734751,LL23052303M,982091101534751,1908,2023-06-01 07:46:57,74,0,64000,38
729902,LL23035307M,982091101529902,1908,2023-06-01 07:49:15,31,0,,56
729889,LL23037601M,982091101529889,1908,2023-06-01 07:50:37,9,0,,5
735083,LL23029205M,982091101535083,1908,2023-06-01 07:50:58,301,0,64500,142
732909,LL23042102M,982091101532909,1908,2023-06-01 07:56:07,1082,0,71000,492
734709,LL23048502M,982091101534709,1908,2023-06-01 08:14:45,132,0,68500,89
729902,LL23035307M,982091101529902,1908,2023-06-01 08:18:58,243,0,69500,162
729889,LL23037601M,982091101529889,1908,2023-06-01 08:23:05,114,0,85000,64
729902,LL23035307M,982091101529902,1908,2023-06-01 08:25:07,157,0,69500,92
734709,LL23048502M,982091101534709,1908,2023-06-01 08:28:36,45,0,,28
729902,LL23035307M,982091101529902,1908,2023-06-01 08:31:22,149,0,69000,81
729902,LL23035307M,982091101529902,1908,2023-06-01 08:36:27,50,0,,32
735083,LL23029205M,982091101535083,1908,2023-06-01 08:40:21,316,0,64500,187
734751,LL23052303M,982091101534751,1908,2023-06-01 08:46:01,149,0,63500,49
735028,LL23029207M,984000005032083,1908,2023-06-01 08:48:42,296,0,71000,174
729902,LL23035307M,982091101529902,1908,2023-06-01 08:53:46,140,0,69500,134
734692,LL23050302M,982091101534692,1908,2023-06-01 08:56:23,83,0,64000,56
729902,LL23035307M,982091101529902,1908,2023-06-01 09:00:20,190,0,69500,151
732909,LL23042102M,982091101532909,1908,2023-06-01 09:07:08,27,0,,19
734692,LL23050302M,982091101534692,1908,2023-06-01 09:10:18,102,0,64000,50
735083,LL23029205M,982091101535083,1908,2023-06-01 09:12:12,68,0,65000,31
734692,LL23050302M,982091101534692,1908,2023-06-01 09:14:28,109,0,64000,75
735083,LL23029205M,982091101535083,1908,2023-06-01 09:16:33,161,0,64000,80
734692,LL23050302M,982091101534692,1908,2023-06-01 09:19:46,17,0,,10
732923,LL23042101M,982091101532923,1908,2023-06-01 09:21:15,94,0,65500,54
729902,LL23035307M,982091101529902,1908,2023-06-01 09:22:57,164,0,69500,160
734692,LL23050302M,982091101534692,1908,2023-06-01 09:25:57,104,0,64250,77
732923,LL23042101M,982091101532923,1908,2023-06-01 09:28:30,419,0,66000,229
732923,LL23042101M,982091101532923,1908,2023-06-01 09:39:09,76,0,65500,50
737148,LL23051105M,982091101537148,1908,2023-06-01 09:40:48,241,0,71000,243
734731,LL23052101M,982091101534731,1908,2023-06-01 09:45:01,879,0,78500,650
734751,LL23052303M,982091101534751,1908,2023-06-01 09:59:52,684,0,63500,347
732909,LL23042102M,982091101532909,1908,2023-06-01 10:11:24,390,0,71000,123
729902,LL23035307M,982091101529902,1908,2023-06-01 10:19:26,172,0,70500,152
732909,LL23042102M,982091101532909,1908,2023-06-01 10:22:38,36,0,,22
729902,LL23035307M,982091101529902,1908,2023-06-01 10:23:18,276,0,71000,123
737148,LL23051105M,982091101537148,1908,2023-06-01 10:41:50,440,0,71500,469
729902,LL23035307M,982091101529902,1908,2023-06-01 10:49:30,345,0,71000,103
729902,LL23035307M,982091101529902,1908,2023-06-01 10:57:18,163,0,71500,107
737097,LL23037303M,982091101537097,1908,2023-06-01 11:22:16,364,0,72000,335
729897,LL23038102M,982091101529897,1908,2023-06-01 11:30:05,522,0,70000,224
734709,LL23048502M,982091101534709,1908,2023-06-01 11:38:54,608,0,68000,354
735083,LL23029205M,982091101535083,1908,2023-06-01 11:49:14,741,0,64000,322
729902,LL23035307M,982091101529902,1908,2023-06-01 12:01:39,84,0,71500,69
734751,LL23052303M,982091101534751,1908,2023-06-01 12:03:11,123,0,64000,50
737097,LL23037303M,982091101537097,1908,2023-06-01 12:05:34,413,0,72500,392
735028,LL23029207M,984000005032083,1908,2023-06-01 12:12:43,254,0,70500,168
729902,LL23035307M,982091101529902,1908,2023-06-01 12:17:09,19,0,,2
735034,LL23026202M,982091101535034,1908,2023-06-01 12:17:33,222,0,79000,79
735028,LL23029207M,984000005032083,1908,2023-06-01 12:21:55,285,0,70500,263
734731,LL23052101M,982091101534731,1908,2023-06-01 12:26:48,778,0,78000,591
732923,LL23042101M,982091101532923,1908,2023-06-01 12:39:46,200,0,66000,133
734751,LL23052303M,982091101534751,1908,2023-06-01 12:43:11,112,0,63500,86
732909,LL23042102M,982091101532909,1908,2023-06-01 12:45:11,108,0,71000,50
735028,LL23029207M,984000005032083,1908,2023-06-01 12:47:03,132,0,71000,136
732909,LL23042102M,982091101532909,1908,2023-06-01 12:49:23,686,0,71500,286
732923,LL23042101M,982091101532923,1908,2023-06-01 13:15:37,279,0,66000,226
734692,LL23050302M,982091101534692,1908,2023-06-01 13:20:20,318,0,65000,184
729897,LL23038102M,982091101529897,1908,2023-06-01 13:25:46,389,0,69500,259
732909,LL23042102M,982091101532909,1908,2023-06-01 13:32:27,29,0,,19
734709,LL23048502M,982091101534709,1908,2023-06-01 13:33:44,449,0,68500,302
729897,LL23038102M,982091101529897,1908,2023-06-01 13:41:25,145,0,69500,96
732909,LL23042102M,982091101532909,1908,2023-06-01 13:44:14,31,0,,25
729897,LL23038102M,982091101529897,1908,2023-06-01 13:45:13,66,0,70000,48
734751,LL23052303M,982091101534751,1908,2023-06-01 13:48:00,491,0,65000,305
729902,LL23035307M,982091101529902,1908,2023-06-01 13:56:31,85,0,71500,75
732909,LL23042102M,982091101532909,1908,2023-06-01 13:58:40,25,0,,21
729902,LL23035307M,982091101529902,1908,2023-06-01 13:59:09,439,0,72000,250
732923,LL23042101M,982091101532923,1908,2023-06-01 14:11:51,36,0,,11
732909,LL23042102M,982091101532909,1908,2023-06-01 14:12:55,21,0,,20
737148,LL23051105M,982091101537148,1908,2023-06-01 14:15:49,312,0,73000,343
732923,LL23042101M,982091101532923,1908,2023-06-01 14:24:06,123,0,66000,98
732909,LL23042102M,982091101532909,1908,2023-06-01 14:27:54,523,0,71500,278
735028,LL23029207M,984000005032083,1908,2023-06-01 14:41:51,362,0,72000,245
732966,LL23041902M,982091101532966,1908,2023-06-01 14:49:01,109,0,81000,47
734731,LL23052101M,982091101534731,1908,2023-06-01 14:55:09,282,0,79000,158
729897,LL23038102M,982091101529897,1908,2023-06-01 15:00:15,134,0,70000,100
735083,LL23029205M,982091101535083,1908,2023-06-01 15:02:37,451,0,64500,243
734751,LL23052303M,982091101534751,1908,2023-06-01 15:10:08,173,0,64500,81
732923,LL23042101M,982091101532923,1908,2023-06-01 15:13:42,315,0,67000,270
734692,LL23050302M,982091101534692,1908,2023-06-01 15:19:01,187,0,64000,124
737097,LL23037303M,982091101537097,1908,2023-06-01 15:22:52,559,0,73000,552
732909,LL23042102M,982091101532909,1908,2023-06-01 15:32:31,60,0,,42
735028,LL23029207M,984000005032083,1908,2023-06-01 15:33:43,272,0,72500,266
732909,LL23042102M,982091101532909,1908,2023-06-01 15:39:07,25,0,,31
732966,LL23041902M,982091101532966,1908,2023-06-01 15:40:13,467,0,80500,443
734751,LL23052303M,982091101534751,1908,2023-06-01 15:48:32,337,0,64500,248
735028,LL23029207M,984000005032083,1908,2023-06-01 15:54:46,185,0,73000,172
732909,LL23042102M,982091101532909,1908,2023-06-01 15:58:00,131,0,71500,84
732923,LL23042101M,982091101532923,1908,2023-06-01 16:00:52,320,0,66500,245
729897,LL23038102M,982091101529897,1908,2023-06-01 16:06:12,110,0,70500,106
735083,LL23029205M,982091101535083,1908,2023-06-01 16:08:22,418,0,64500,260
734751,LL23052303M,982091101534751,1908,2023-06-01 16:15:52,219,0,65500,179
729902,LL23035307M,982091101529902,1908,2023-06-01 16:20:27,25,0,,45
735034,LL23026202M,982091101535034,1908,2023-06-01 16:21:48,540,0,78000,421
734731,LL23052101M,982091101534731,1908,2023-06-01 16:30:53,33,0,,41
735034,LL23026202M,982091101535034,1908,2023-06-01 16:31:34,324,0,78500,252
729889,LL23037601M,982091101529889,1908,2023-06-01 16:51:17,203,0,84500,152
734692,LL23050302M,982091101534692,1908,2023-06-01 16:54:53,252,0,97500,162
735083,LL23029205M,982091101535083,1908,2023-06-01 16:59:09,163,0,65000,81
734692,LL23050302M,982091101534692,1908,2023-06-01 17:02:21,248,0,64000,155
732909,LL23042102M,982091101532909,1908,2023-06-01 17:06:41,55,0,,40
734709,LL23048502M,982091101534709,1908,2023-06-01 17:08:08,788,0,67500,527
734692,LL23050302M,982091101534692,1908,2023-06-01 17:21:28,357,0,64000,256
729897,LL23038102M,982091101529897,1908,2023-06-01 17:27:33,561,0,70500,370
735028,LL23029207M,984000005032083,1908,2023-06-01 17:37:10,410,0,72500,181
735028,LL23029207M,984000005032083,1908,2023-06-01 17:46:00,129,0,72000,97
737097,LL23037303M,982091101537097,1908,2023-06-01 17:51:47,21,0,,3
735034,LL23026202M,982091101535034,1908,2023-06-01 17:53:24,191,0,79500,109
734731,LL23052101M,982091101534731,1908,2023-06-01 17:56:51,1031,0,79000,920
737097,LL23037303M,982091101537097,1908,2023-06-01 18:16:06,326,0,73000,357
735034,LL23026202M,982091101535034,1908,2023-06-01 18:53:04,335,0,80000,139
732966,LL23041902M,982091101532966,1908,2023-06-01 18:58:55,389,0,82000,353
735028,LL23029207M,984000005032083,1908,2023-06-01 19:07:24,143,0,70500,68
729889,LL23037601M,982091101529889,1908,2023-06-01 19:11:47,88,0,84000,13
729889,LL23037601M,982091101529889,1908,2023-06-01 19:15:15,331,0,83000,213
735034,LL23026202M,982091101535034,1908,2023-06-01 19:24:36,38,0,,1
734692,LL23050302M,982091101534692,1908,2023-06-01 19:33:08,103,0,65500,62
729897,LL23038102M,982091101529897,1908,2023-06-01 19:35:55,22,0,,22
729897,LL23038102M,982091101529897,1908,2023-06-01 19:38:49,29,0,,21
735034,LL23026202M,982091101535034,1908,2023-06-01 19:39:42,213,0,80500,138
734751,LL23052303M,982091101534751,1908,2023-06-01 19:43:27,329,0,65000,260
734692,LL23050302M,982091101534692,1908,2023-06-01 20:36:23,565,0,65500,392
737097,LL23037303M,982091101537097,1908,2023-06-01 20:49:57,284,0,73500,296
734731,LL23052101M,982091101534731,1908,2023-06-01 21:02:07,31,0,,26
732923,LL23042101M,982091101532923,1908,2023-06-01 21:19:40,140,0,66000,95
735083,LL23029205M,982091101535083,1908,2023-06-01 21:24:01,390,0,65000,229
729897,LL23038102M,982091101529897,1908,2023-06-01 21:32:32,582,0,70000,345
729897,LL23038102M,982091101529897,1908,2023-06-01 21:54:26,140,0,70000,57
732966,LL23041902M,982091101532966,1908,2023-06-01 21:58:46,134,0,82000,118
729897,LL23038102M,982091101529897,1908,2023-06-01 22:03:00,156,0,70000,91
732909,LL23042102M,982091101532909,1908,2023-06-01 22:05:52,1108,0,70000,611
732966,LL23041902M,982091101532966,1908,2023-06-01 22:24:32,248,0,82000,238
729902,LL23035307M,982091101529902,1908,2023-06-01 23:11:26,136,0,71000,111
735034,LL23026202M,982091101535034,1908,2023-06-01 23:24:48,583,0,81000,456
729897,LL23038102M,982091101529897,1908,2023-06-01 23:34:31,270,0,70500,221
737148,LL23051105M,982091101537148,1908,2023-06-01 23:39:14,367,0,71500,483
734751,LL23052303M,982091101534751,1908,2023-06-01 23:45:28,390,0,65500,253
729889,LL23037601M,982091101529889,1908,2023-06-01 23:53:58,885,0,84500,666
729897,LL23038102M,982091101529897,1908,2023-06-02 00:10:08,230,0,72000,163
734731,LL23052101M,982091101534731,1908,2023-06-02 00:14:11,882,0,80000,765
732923,LL23042101M,982091101532923,1908,2023-06-02 00:29:01,653,0,65000,535
732923,LL23042101M,982091101532923,1908,2023-06-02 00:41:58,63,0,64500,19
729889,LL23037601M,982091101529889,1908,2023-06-02 00:43:17,19,0,,14
735034,LL23026202M,982091101535034,1908,2023-06-02 01:50:11,135,0,81500,76
737148,LL23051105M,982091101537148,1908,2023-06-02 01:56:16,296,0,71000,325
729889,LL23037601M,982091101529889,1908,2023-06-02 02:20:20,492,0,85000,300
735034,LL23026202M,982091101535034,1908,2023-06-02 02:28:52,539,0,81000,296
729889,LL23037601M,982091101529889,1908,2023-06-02 03:33:14,61,0,84750,51
729889,LL23037601M,982091101529889,1908,2023-06-02 03:56:12,64,0,85500,56
735034,LL23026202M,982091101535034,1908,2023-06-02 04:06:15,636,0,82000,495
737148,LL23051105M,982091101537148,1908,2023-06-02 04:18:03,64,0,71000,34
737097,LL23037303M,982091101537097,1908,2023-06-02 04:32:28,452,0,73000,401
734709,LL23048502M,982091101534709,1908,2023-06-02 04:40:20,1316,0,68000,809
734751,LL23052303M,982091101534751,1908,2023-06-02 05:02:28,399,0,64500,203
729889,LL23037601M,982091101529889,1908,2023-06-02 05:09:43,196,0,86500,96
737148,LL23051105M,982091101537148,1908,2023-06-02 05:13:51,378,0,71500,433
729889,LL23037601M,982091101529889,1908,2023-06-02 05:22:10,624,0,86500,541
735083,LL23029205M,982091101535083,1908,2023-06-02 05:34:02,453,0,64500,228
734751,LL23052303M,982091101534751,1908,2023-06-02 05:41:39,327,0,64500,215
729902,LL23035307M,982091101529902,1908,2023-06-02 05:47:14,499,0,69500,161
735083,LL23029205M,982091101535083,1908,2023-06-02 05:55:42,226,0,64500,78
732966,LL23041902M,982091101532966,1908,2023-06-02 05:59:32,883,0,82500,747
732923,LL23042101M,982091101532923,1908,2023-06-02 06:14:27,772,0,66500,496
732923,LL23042101M,982091101532923,1908,2023-06-02 06:41:16,33,0,,1
735028,LL23029207M,984000005032083,1908,2023-06-02 07:06:15,864,0,72500,626
734709,LL23048502M,982091101534709,1908,2023-06-02 07:21:19,43,0,,37
737097,LL23037303M,982091101537097,1908,2023-06-02 07:22:10,483,0,73500,518
735083,LL23029205M,982091101535083,1908,2023-06-02 07:30:21,167,0,65000,63
729902,LL23035307M,982091101529902,1908,2023-06-02 07:34:00,82,0,69500,78
734709,LL23048502M,982091101534709,1908,2023-06-02 07:35:26,230,0,68500,190
729897,LL23038102M,982091101529897,1908,2023-06-02 07:39:16,323,0,70000,170
734692,LL23050302M,982091101534692,1908,2023-06-02 07:44:43,351,0,65000,203
729897,LL23038102M,982091101529897,1908,2023-06-02 07:51:02,382,0,70500,245
734692,LL23050302M,982091101534692,1908,2023-06-02 07:57:28,285,0,65000,176
729902,LL23035307M,982091101529902,1908,2023-06-02 08:02:13,59,0,,91
734751,LL23052303M,982091101534751,1908,2023-06-02 08:03:20,343,0,65000,276
729902,LL23035307M,982091101529902,1908,2023-06-02 08:09:03,103,0,69500,106
732909,LL23042102M,982091101532909,1908,2023-06-02 08:10:46,1492,0,71500,840
729902,LL23035307M,982091101529902,1908,2023-06-02 08:35:38,173,0,69000,146
735083,LL23029205M,982091101535083,1908,2023-06-02 08:38:39,369,0,64500,109
737148,LL23051105M,982091101537148,1908,2023-06-02 08:44:56,208,0,72000,266
729902,LL23035307M,982091101529902,1908,2023-06-02 08:48:44,135,0,69500,172
729889,LL23037601M,982091101529889,1908,2023-06-02 08:51:03,11,0,,13
732923,LL23042101M,982091101532923,1908,2023-06-02 08:51:18,79,0,65000,48
735034,LL23026202M,982091101535034,1908,2023-06-02 08:52:49,80,0,83500,48
729902,LL23035307M,982091101529902,1908,2023-06-02 08:54:09,21,0,,66
732923,LL23042101M,982091101532923,1908,2023-06-02 08:55:17,63,0,65000,50
734731,LL23052101M,982091101534731,1908,2023-06-02 08:56:32,28,0,,42
729902,LL23035307M,982091101529902,1908,2023-06-02 09:02:16,27,0,,32
735083,LL23029205M,982091101535083,1908,2023-06-02 09:03:35,37,0,,28
732923,LL23042101M,982091101532923,1908,2023-06-02 09:06:11,42,0,,38
735034,LL23026202M,982091101535034,1908,2023-06-02 09:07:01,13,0,,85
734731,LL23052101M,982091101534731,1908,2023-06-02 09:10:06,216,0,78000,252
737148,LL23051105M,982091101537148,1908,2023-06-02 09:15:42,252,0,71500,323
734692,LL23050302M,982091101534692,1908,2023-06-02 09:19:54,147,0,64500,118
735083,LL23029205M,982091101535083,1908,2023-06-02 09:23:46,61,0,64000,13
734709,LL23048502M,982091101534709,1908,2023-06-02 09:24:55,418,0,68000,324
735083,LL23029205M,982091101535083,1908,2023-06-02 09:32:05,60,0,,8
732909,LL23042102M,982091101532909,1908,2023-06-02 09:33:57,52,0,,11
729902,LL23035307M,982091101529902,1908,2023-06-02 09:34:49,519,0,69500,412
734692,LL23050302M,982091101534692,1908,2023-06-02 09:43:28,144,0,64000,91
734731,LL23052101M,982091101534731,1908,2023-06-02 09:46:04,524,0,78500,466
729889,LL23037601M,982091101529889,1908,2023-06-02 09:54:48,820,0,86000,674
735083,LL23029205M,982091101535083,1908,2023-06-02 10:08:41,371,0,64500,113
734692,LL23050302M,982091101534692,1908,2023-06-02 10:28:11,584,0,65000,365
729902,LL23035307M,982091101529902,1908,2023-06-02 10:45:18,228,0,70500,147
737148,LL23051105M,982091101537148,1908,2023-06-02 10:50:40,383,0,72000,385
737148,LL23051105M,982091101537148,1908,2023-06-02 11:19:20,193,0,73000,177
737097,LL23037303M,982091101537097,1908,2023-06-02 11:33:50,713,0,73500,734
734709,LL23048502M,982091101534709,1908,2023-06-02 11:45:56,373,0,68000,274
732966,LL23041902M,982091101532966,1908,2023-06-02 11:52:09,890,0,81500,869
729897,LL23038102M,982091101529897,1908,2023-06-02 12:06:59,616,0,69500,335
729902,LL23035307M,982091101529902,1908,2023-06-02 12:17:19,71,0,71000,92
734751,LL23052303M,982091101534751,1908,2023-06-02 12:18:30,937,0,65000,599
735083,LL23029205M,982091101535083,1908,2023-06-02 12:34:19,532,0,65000,325
729902,LL23035307M,982091101529902,1908,2023-06-02 12:43:15,461,0,71500,428
732909,LL23042102M,982091101532909,1908,2023-06-02 12:51:00,681,0,72000,379
732923,LL23042101M,982091101532923,1908,2023-06-02 13:02:25,1004,0,66000,681
734731,LL23052101M,982091101534731,1908,2023-06-02 13:19:21,825,0,80000,884
735028,LL23029207M,984000005032083,1908,2023-06-02 13:36:11,746,1,0,656
734709,LL23048502M,982091101534709,1908,2023-06-02 13:48:37,870,0,69500,704
737148,LL23051105M,982091101537148,1908,2023-06-02 14:03:28,508,0,73500,625
734692,LL23050302M,982091101534692,1908,2023-06-02 14:12:48,725,0,66000,471
729902,LL23035307M,982091101529902,1908,2023-06-02 14:25:01,398,0,71500,314
729897,LL23038102M,982091101529897,1908,2023-06-02 14:31:47,480,0,69000,271
732909,LL23042102M,982091101532909,1908,2023-06-02 14:40:39,728,0,72500,393
735083,LL23029205M,982091101535083,1908,2023-06-02 14:52:59,335,0,65500,126
737148,LL23051105M,982091101537148,1908,2023-06-02 15:10:57,224,0,74000,232
734751,LL23052303M,982091101534751,1908,2023-06-02 15:14:53,235,0,65000,178
732923,LL23042101M,982091101532923,1908,2023-06-02 15:23:07,485,0,66500,349
735083,LL23029205M,982091101535083,1908,2023-06-02 15:31:36,427,0,66000,171
729902,LL23035307M,982091101529902,1908,2023-06-02 15:38:51,201,0,71500,225
735028,LL23029207M,984000005032083,1908,2023-06-02 15:44:13,277,1,0,146
735083,LL23029205M,982091101535083,1908,2023-06-02 15:48:50,322,0,65500,118
735034,LL23026202M,982091101535034,1908,2023-06-02 15:55:04,841,0,80000,440
734751,LL23052303M,982091101534751,1908,2023-06-02 16:09:29,217,0,66000,57
737097,LL23037303M,982091101537097,1908,2023-06-02 16:13:26,530,0,74500,510
732909,LL23042102M,982091101532909,1908,2023-06-02 16:22:53,761,0,73000,413
732966,LL23041902M,982091101532966,1908,2023-06-02 16:36:10,677,0,83000,586
734751,LL23052303M,982091101534751,1908,2023-06-02 16:47:27,477,0,66000,394
734731,LL23052101M,982091101534731,1908,2023-06-02 16:55:32,99,0,80000,126
732909,LL23042102M,982091101532909,1908,2023-06-02 16:59:56,54,0,,99
735028,LL23029207M,984000005032083,1908,2023-06-02 17:02:50,253,1,0,172
732923,LL23042101M,982091101532923,1908,2023-06-02 17:07:03,172,0,67500,130
735034,LL23026202M,982091101535034,1908,2023-06-02 17:10:19,234,0,81500,127
732966,LL23041902M,982091101532966,1908,2023-06-02 17:14:45,292,0,82500,389
735028,LL23029207M,984000005032083,1908,2023-06-02 17:22:19,212,1,0,195
729897,LL23038102M,982091101529897,1908,2023-06-02 17:25:51,578,0,69000,388
734731,LL23052101M,982091101534731,1908,2023-06-02 17:36:58,505,0,80500,457
734709,LL23048502M,982091101534709,1908,2023-06-02 17:45:56,319,0,69000,227
737097,LL23037303M,982091101537097,1908,2023-06-02 17:52:07,534,0,75000,550
732923,LL23042101M,982091101532923,1908,2023-06-02 18:01:13,227,0,67000,138
729897,LL23038102M,982091101529897,1908,2023-06-02 18:05:08,88,0,70500,70
732909,LL23042102M,982091101532909,1908,2023-06-02 18:07:28,103,0,74000,66
729897,LL23038102M,982091101529897,1908,2023-06-02 18:09:43,43,0,,35
734709,LL23048502M,982091101534709,1908,2023-06-02 18:11:58,252,0,69500,168
735034,LL23026202M,982091101535034,1908,2023-06-02 18:16:22,765,0,82000,579
735028,LL23029207M,984000005032083,1908,2023-06-02 18:31:52,40,1,,39
729889,LL23037601M,982091101529889,1908,2023-06-02 18:44:42,613,0,85500,413
735034,LL23026202M,982091101535034,1908,2023-06-02 18:55:16,194,0,82000,97
735034,LL23026202M,982091101535034,1908,2023-06-02 19:05:53,93,0,82500,41
735083,LL23029205M,982091101535083,1908,2023-06-02 19:07:43,478,0,66000,297
732923,LL23042101M,982091101532923,1908,2023-06-02 19:24:18,362,0,66500,304
737148,LL23051105M,982091101537148,1908,2023-06-02 19:34:29,61,0,74000,41
734692,LL23050302M,982091101534692,1908,2023-06-02 20:37:32,693,0,65500,421
729897,LL23038102M,982091101529897,1908,2023-06-02 20:49:09,462,0,71000,332
735034,LL23026202M,982091101535034,1908,2023-06-02 20:56:55,471,0,83500,343
734692,LL23050302M,982091101534692,1908,2023-06-02 21:05:23,272,0,66000,179
734751,LL23052303M,982091101534751,1908,2023-06-02 21:10:19,230,0,66000,183
732966,LL23041902M,982091101532966,1908,2023-06-02 21:14:17,448,0,83500,441
734692,LL23050302M,982091101534692,1908,2023-06-02 21:21:53,95,0,66500,64
729889,LL23037601M,982091101529889,1908,2023-06-02 21:25:29,618,0,85000,497
735083,LL23029205M,982091101535083,1908,2023-06-02 21:45:28,428,0,66000,212
734692,LL23050302M,982091101534692,1908,2023-06-02 21:52:44,329,0,67000,236
729897,LL23038102M,982091101529897,1908,2023-06-02 21:58:44,334,0,71000,199
732909,LL23042102M,982091101532909,1908,2023-06-02 22:06:22,814,0,74000,399
729897,LL23038102M,982091101529897,1908,2023-06-02 22:20:12,219,0,71500,116
729897,LL23038102M,982091101529897,1908,2023-06-02 22:28:34,31,0,,18
734692,LL23050302M,982091101534692,1908,2023-06-02 22:46:37,55,0,,3
735034,LL23026202M,982091101535034,1908,2023-06-02 23:18:49,401,0,84000,265
729897,LL23038102M,982091101529897,1908,2023-06-02 23:26:13,41,0,,30
729897,LL23038102M,982091101529897,1908,2023-06-02 23:28:54,96,0,73000,37
734692,LL23050302M,982091101534692,1908,2023-06-02 23:33:06,318,0,67500,211
734731,LL23052101M,982091101534731,1908,2023-06-02 23:38:59,1411,0,80500,1262
737097,LL23037303M,982091101537097,1908,2023-06-03 00:18:54,286,0,75500,305
734692,LL23050302M,982091101534692,1908,2023-06-03 00:23:48,53,0,,23
729889,LL23037601M,982091101529889,1908,2023-06-03 00:26:41,573,0,87000,459
729889,LL23037601M,982091101529889,1908,2023-06-03 00:55:01,126,0,86500,53
729897,LL23038102M,982091101529897,1908,2023-06-03 01:34:18,405,0,71500,206
732909,LL23042102M,982091101532909,1908,2023-06-03 01:52:42,753,0,73500,362
729897,LL23038102M,982091101529897,1908,2023-06-03 02:05:31,183,0,71500,103
735034,LL23026202M,982091101535034,1908,2023-06-03 02:08:54,710,0,84000,381
729897,LL23038102M,982091101529897,1908,2023-06-03 02:28:07,41,0,,10
729889,LL23037601M,982091101529889,1908,2023-06-03 02:29:00,162,0,87000,80
735083,LL23029205M,982091101535083,1908,2023-06-03 02:34:18,307,0,67000,149
735034,LL23026202M,982091101535034,1908,2023-06-03 03:36:22,195,0,84500,92
737148,LL23051105M,982091101537148,1908,2023-06-03 03:48:14,486,0,72500,507
734751,LL23052303M,982091101534751,1908,2023-06-03 03:57:04,245,0,65500,111
729889,LL23037601M,982091101529889,1908,2023-06-03 04:01:53,430,0,87000,234
729902,LL23035307M,982091101529902,1908,2023-06-03 04:15:22,132,0,71500,70
735034,LL23026202M,982091101535034,1908,2023-06-03 04:18:02,300,0,84500,125
729889,LL23037601M,982091101529889,1908,2023-06-03 04:23:18,41,0,,1
732923,LL23042101M,982091101532923,1908,2023-06-03 04:28:51,588,0,65500,365
734709,LL23048502M,982091101534709,1908,2023-06-03 04:39:35,739,0,68000,410
735034,LL23026202M,982091101535034,1908,2023-06-03 04:51:58,198,0,84000,141
735083,LL23029205M,982091101535083,1908,2023-06-03 05:01:47,334,0,66500,158
734692,LL23050302M,982091101534692,1908,2023-06-03 05:07:49,27,0,,24
734751,LL23052303M,982091101534751,1908,2023-06-03 05:10:51,443,0,64500,246
737097,LL23037303M,982091101537097,1908,2023-06-03 05:30:22,156,0,74500,100
737148,LL23051105M,982091101537148,1908,2023-06-03 06:11:25,288,0,72500,312
732966,LL23041902M,982091101532966,1908,2023-06-03 06:16:25,319,0,84000,132
734751,LL23052303M,982091101534751,1908,2023-06-03 06:23:08,136,0,66000,68
729889,LL23037601M,982091101529889,1908,2023-06-03 06:25:48,368,0,87500,111
735083,LL23029205M,982091101535083,1908,2023-06-03 06:32:16,28,0,,1
734709,LL23048502M,982091101534709,1908,2023-06-03 06:33:20,208,0,70000,118
737097,LL23037303M,982091101537097,1908,2023-06-03 06:36:52,407,0,75000,365
729902,LL23035307M,982091101529902,1908,2023-06-03 06:43:39,27,0,,23
732966,LL23041902M,982091101532966,1908,2023-06-03 06:44:10,77,0,82500,1
729902,LL23035307M,982091101529902,1908,2023-06-03 06:45:27,46,0,,19
737097,LL23037303M,982091101537097,1908,2023-06-03 06:46:13,28,0,,35
732966,LL23041902M,982091101532966,1908,2023-06-03 06:46:45,511,0,83500,403
729902,LL23035307M,982091101529902,1908,2023-06-03 06:55:20,26,0,,28
734751,LL23052303M,982091101534751,1908,2023-06-03 06:56:31,88,0,64250,11
729902,LL23035307M,982091101529902,1908,2023-06-03 06:58:07,16,0,,39
735028,LL23029207M,984000005032083,1908,2023-06-03 07:01:05,631,1,0,380
734709,LL23048502M,982091101534709,1908,2023-06-03 07:11:36,124,0,69500,64
729902,LL23035307M,982091101529902,1908,2023-06-03 07:13:40,148,0,70500,126
734751,LL23052303M,982091101534751,1908,2023-06-03 07:16:33,371,0,66000,284
734709,LL23048502M,982091101534709,1908,2023-06-03 07:22:52,438,0,70000,310
729902,LL23035307M,982091101529902,1908,2023-06-03 07:30:15,93,0,70500,88
735083,LL23029205M,982091101535083,1908,2023-06-03 07:31:52,1049,0,67500,420
729889,LL23037601M,982091101529889,1908,2023-06-03 07:49:26,876,0,87000,721
732923,LL23042101M,982091101532923,1908,2023-06-03 08:04:10,786,0,67500,549
729902,LL23035307M,982091101529902,1908,2023-06-03 08:17:20,95,0,70000,94
737097,LL23037303M,982091101537097,1908,2023-06-03 08:18:55,355,0,74500,417
735034,LL23026202M,982091101535034,1908,2023-06-03 08:25:10,308,0,86000,235
732909,LL23042102M,982091101532909,1908,2023-06-03 08:30:30,589,0,73500,305
729902,LL23035307M,982091101529902,1908,2023-06-03 08:40:19,99,0,71000,232
734692,LL23050302M,982091101534692,1908,2023-06-03 08:43:58,262,0,66000,131
729902,LL23035307M,982091101529902,1908,2023-06-03 08:48:28,108,0,70500,138
734692,LL23050302M,982091101534692,1908,2023-06-03 08:50:16,223,0,66000,135
729897,LL23038102M,982091101529897,1908,2023-06-03 08:54:07,203,0,70000,134
732966,LL23041902M,982091101532966,1908,2023-06-03 08:57:30,369,0,83500,433
734731,LL23052101M,982091101534731,1908,2023-06-03 09:03:47,1220,0,81000,1161
735028,LL23029207M,984000005032083,1908,2023-06-03 09:26:08,453,1,0,360
729902,LL23035307M,982091101529902,1908,2023-06-03 09:45:50,689,0,71000,372
729897,LL23038102M,982091101529897,1908,2023-06-03 09:57:36,344,0,70500,247
735083,LL23029205M,982091101535083,1908,2023-06-03 10:04:04,429,0,67500,281
734692,LL23050302M,982091101534692,1908,2023-06-03 10:11:21,130,0,66000,57
729902,LL23035307M,982091101529902,1908,2023-06-03 10:13:31,176,0,71500,158
734692,LL23050302M,982091101534692,1908,2023-06-03 10:16:59,191,0,66500,117
737148,LL23051105M,982091101537148,1908,2023-06-03 10:20:18,802,0,73500,791
732909,LL23042102M,982091101532909,1908,2023-06-03 10:47:56,966,0,74500,530
734692,LL23050302M,982091101534692,1908,2023-06-03 11:18:53,243,0,66000,1
734692,LL23050302M,982091101534692,1908,2023-06-03 11:24:59,205,0,67000,82
734709,LL23048502M,982091101534709,1908,2023-06-03 11:28:36,785,0,69000,586
734692,LL23050302M,982091101534692,1908,2023-06-03 11:41:49,161,0,66000,104
729902,LL23035307M,982091101529902,1908,2023-06-03 11:47:12,402,0,71250,183
737148,LL23051105M,982091101537148,1908,2023-06-03 11:54:06,408,0,73500,445
734692,LL23050302M,982091101534692,1908,2023-06-03 12:08:47,76,0,66500,29
732909,LL23042102M,982091101532909,1908,2023-06-03 12:11:43,97,0,74000,41
732966,LL23041902M,982091101532966,1908,2023-06-03 12:15:23,275,0,84500,217
737097,LL23037303M,982091101537097,1908,2023-06-03 12:20:26,526,0,75000,554
732909,LL23042102M,982091101532909,1908,2023-06-03 12:29:29,64,0,74500,33
732923,LL23042101M,982091101532923,1908,2023-06-03 12:30:37,728,0,68000,433
729902,LL23035307M,982091101529902,1908,2023-06-03 12:43:21,163,0,72500,145
735083,LL23029205M,982091101535083,1908,2023-06-03 12:46:56,515,0,69000,244
729902,LL23035307M,982091101529902,1908,2023-06-03 12:55:31,588,0,72500,423
734692,LL23050302M,982091101534692,1908,2023-06-03 13:05:27,409,0,66500,254
732966,LL23041902M,982091101532966,1908,2023-06-03 13:12:24,421,0,84500,416
734709,LL23048502M,982091101534709,1908,2023-06-03 13:19:45,356,0,70000,263
729902,LL23035307M,982091101529902,1908,2023-06-03 13:25:53,143,0,73000,119
737148,LL23051105M,982091101537148,1908,2023-06-03 13:28:40,272,0,74500,298
729902,LL23035307M,982091101529902,1908,2023-06-03 13:33:20,121,0,75000,93
734751,LL23052303M,982091101534751,1908,2023-06-03 13:35:58,762,0,65500,539
729902,LL23035307M,982091101529902,1908,2023-06-03 14:05:22,47,0,,36
734751,LL23052303M,982091101534751,1908,2023-06-03 14:07:09,369,0,65500,260
734709,LL23048502M,982091101534709,1908,2023-06-03 14:13:30,168,0,70000,126
734692,LL23050302M,982091101534692,1908,2023-06-03 14:16:26,296,0,67000,101
734751,LL23052303M,982091101534751,1908,2023-06-03 14:21:34,20,0,,8
734692,LL23050302M,982091101534692,1908,2023-06-03 14:22:46,177,0,66750,85
729902,LL23035307M,982091101529902,1908,2023-06-03 14:26:11,83,0,73500,51
734709,LL23048502M,982091101534709,1908,2023-06-03 14:31:46,309,0,70500,161
737148,LL23051105M,982091101537148,1908,2023-06-03 14:40:03,274,0,75000,296
734751,LL23052303M,982091101534751,1908,2023-06-03 14:45:09,173,0,66000,103
729902,LL23035307M,982091101529902,1908,2023-06-03 14:49:26,174,0,73500,110
734731,LL23052101M,982091101534731,1908,2023-06-03 14:55:56,271,0,83000,214
735083,LL23029205M,982091101535083,1908,2023-06-03 15:00:47,572,0,68500,381
729897,LL23038102M,982091101529897,1908,2023-06-03 15:10:27,256,0,70000,141
732909,LL23042102M,982091101532909,1908,2023-06-03 15:14:47,1350,0,74000,869
735028,LL23029207M,984000005032083,1908,2023-06-03 15:37:21,695,0,74500,569
734731,LL23052101M,982091101534731,1908,2023-06-03 15:49:24,131,0,81500,125
729897,LL23038102M,982091101529897,1908,2023-06-03 15:51:43,178,0,69500,82
732923,LL23042101M,982091101532923,1908,2023-06-03 15:54:45,453,0,68500,319
734751,LL23052303M,982091101534751,1908,2023-06-03 16:02:18,66,0,66500,53
732966,LL23041902M,982091101532966,1908,2023-06-03 16:03:44,602,0,83500,687
735028,LL23029207M,984000005032083,1908,2023-06-03 16:13:54,341,0,75000,316
734731,LL23052101M,982091101534731,1908,2023-06-03 16:19:51,63,0,81000,66
735083,LL23029205M,982091101535083,1908,2023-06-03 16:21:06,300,0,68500,116
734731,LL23052101M,982091101534731,1908,2023-06-03 16:26:31,107,0,82000,118
735083,LL23029205M,982091101535083,1908,2023-06-03 16:29:27,48,0,,10
732923,LL23042101M,982091101532923,1908,2023-06-03 16:38:50,205,0,68500,147
735028,LL23029207M,984000005032083,1908,2023-06-03 16:42:47,403,0,76000,357
737097,LL23037303M,982091101537097,1908,2023-06-03 16:49:46,645,0,75500,747
732923,LL23042101M,982091101532923,1908,2023-06-03 17:01:07,254,0,69000,224
734731,LL23052101M,982091101534731,1908,2023-06-03 17:11:19,124,0,82000,93
737097,LL23037303M,982091101537097,1908,2023-06-03 17:14:40,333,0,76000,426
732909,LL23042102M,982091101532909,1908,2023-06-03 17:20:33,107,0,74000,67
732966,LL23041902M,982091101532966,1908,2023-06-03 17:23:08,525,0,85000,545
732909,LL23042102M,982091101532909,1908,2023-06-03 17:32:05,556,0,75500,364
729902,LL23035307M,982091101529902,1908,2023-06-03 17:41:46,122,0,74000,104
734709,LL23048502M,982091101534709,1908,2023-06-03 17:44:08,453,0,71000,255
734751,LL23052303M,982091101534751,1908,2023-06-03 17:51:50,147,0,67500,87
735028,LL23029207M,984000005032083,1908,2023-06-03 17:55:10,158,0,77000,33
735028,LL23029207M,984000005032083,1908,2023-06-03 17:59:48,196,0,77500,124
732909,LL23042102M,982091101532909,1908,2023-06-03 18:03:36,23,0,,25
734751,LL23052303M,982091101534751,1908,2023-06-03 18:04:19,243,0,67500,187
732923,LL23042101M,982091101532923,1908,2023-06-03 18:08:34,126,0,69500,105
732966,LL23041902M,982091101532966,1908,2023-06-03 18:14:26,49,0,,23
729889,LL23037601M,982091101529889,1908,2023-06-03 18:33:50,726,0,86500,446
735034,LL23026202M,982091101535034,1908,2023-06-03 18:46:04,1092,0,83000,584
734731,LL23052101M,982091101534731,1908,2023-06-03 19:04:40,122,0,82500,92
735034,LL23026202M,982091101535034,1908,2023-06-03 19:07:06,384,0,83000,311
734731,LL23052101M,982091101534731,1908,2023-06-03 19:23:40,1037,0,82500,1015
735034,LL23026202M,982091101535034,1908,2023-06-03 19:41:09,442,0,84000,242
729902,LL23035307M,982091101529902,1908,2023-06-03 19:52:09,115,0,74500,110
732909,LL23042102M,982091101532909,1908,2023-06-03 20:26:32,445,0,75000,173
734692,LL23050302M,982091101534692,1908,2023-06-03 21:03:58,484,0,66000,209
729897,LL23038102M,982091101529897,1908,2023-06-03 21:12:22,61,0,70000,27
734692,LL23050302M,982091101534692,1908,2023-06-03 21:13:31,120,0,66000,65
734692,LL23050302M,982091101534692,1908,2023-06-03 21:17:34,106,0,66500,36
734692,LL23050302M,982091101534692,1908,2023-06-03 21:48:12,43,0,,2
734692,LL23050302M,982091101534692,1908,2023-06-03 21:52:01,74,0,66000,13
734692,LL23050302M,982091101534692,1908,2023-06-03 22:11:19,164,0,66500,90
734751,LL23052303M,982091101534751,1908,2023-06-03 22:15:35,421,0,66500,310
729902,LL23035307M,982091101529902,1908,2023-06-03 22:22:49,86,0,75000,98
735034,LL23026202M,982091101535034,1908,2023-06-03 22:26:36,148,0,85500,69
734692,LL23050302M,982091101534692,1908,2023-06-03 22:32:21,77,0,65000,42
735034,LL23026202M,982091101535034,1908,2023-06-03 22:35:26,57,0,,38
729889,LL23037601M,982091101529889,1908,2023-06-03 22:53:23,651,0,86500,459
734692,LL23050302M,982091101534692,1908,2023-06-03 23:04:30,47,0,,1
734692,LL23050302M,982091101534692,1908,2023-06-03 23:07:20,193,0,65000,81
735034,LL23026202M,982091101535034,1908,2023-06-03 23:10:49,306,0,85000,167
734692,LL23050302M,982091101534692,1908,2023-06-03 23:22:12,291,0,66500,44
734751,LL23052303M,982091101534751,1908,2023-06-03 23:28:34,73,0,67000,57
732966,LL23041902M,982091101532966,1908,2023-06-03 23:29:55,188,0,84500,134
734709,LL23048502M,982091101534709,1908,2023-06-03 23:33:11,356,0,70000,192
732923,LL23042101M,982091101532923,1908,2023-06-03 23:42:42,466,0,67500,379
729889,LL23037601M,982091101529889,1908,2023-06-03 23:50:40,425,0,87000,337
737097,LL23037303M,982091101537097,1908,2023-06-04 00:02:02,185,0,76500,189
734692,LL23050302M,982091101534692,1908,2023-06-04 00:05:16,420,0,66500,271
734731,LL23052101M,982091101534731,1908,2023-06-04 00:12:36,283,0,83000,212
734731,LL23052101M,982091101534731,1908,2023-06-04 00:20:26,399,0,83500,343
732909,LL23042102M,982091101532909,1908,2023-06-04 00:37:18,403,0,75500,206
735083,LL23029205M,982091101535083,1908,2023-06-04 01:46:49,307,0,68000,177
729897,LL23038102M,982091101529897,1908,2023-06-04 02:02:04,572,0,68500,211
735034,LL23026202M,982091101535034,1908,2023-06-04 02:11:52,628,0,85000,407
729889,LL23037601M,982091101529889,1908,2023-06-04 02:28:15,477,0,87500,363
729897,LL23038102M,982091101529897,1908,2023-06-04 03:40:40,391,0,68500,245
735034,LL23026202M,982091101535034,1908,2023-06-04 03:48:38,530,0,85500,401
729897,LL23038102M,982091101529897,1908,2023-06-04 03:57:28,56,0,,48
729889,LL23037601M,982091101529889,1908,2023-06-04 03:59:08,129,0,86500,38
729889,LL23037601M,982091101529889,1908,2023-06-04 04:03:52,82,0,86500,52
734751,LL23052303M,982091101534751,1908,2023-06-04 04:14:12,443,0,67000,237
729897,LL23038102M,982091101529897,1908,2023-06-04 04:21:43,178,0,68000,131
737097,LL23037303M,982091101537097,1908,2023-06-04 04:25:13,486,0,75000,479
737148,LL23051105M,982091101537148,1908,2023-06-04 04:37:00,494,0,73000,598
735083,LL23029205M,982091101535083,1908,2023-06-04 04:47:02,589,0,68500,319
732923,LL23042101M,982091101532923,1908,2023-06-04 04:56:55,538,0,67500,324
735034,LL23026202M,982091101535034,1908,2023-06-04 05:09:07,516,0,85000,431
729889,LL23037601M,982091101529889,1908,2023-06-04 05:34:39,194,0,86500,118
737148,LL23051105M,982091101537148,1908,2023-06-04 06:03:00,281,0,73000,306
734709,LL23048502M,982091101534709,1908,2023-06-04 06:19:21,842,0,68500,464
737148,LL23051105M,982091101537148,1908,2023-06-04 06:34:11,124,0,73000,143
735034,LL23026202M,982091101535034,1908,2023-06-04 06:37:07,155,0,84500,87
,,,1908,2023-06-04 06:43:06,489,0,0,338
729889,LL23037601M,982091101529889,1908,2023-06-04 06:51:15,128,0,86250,15
735083,LL23029205M,982091101535083,1908,2023-06-04 06:54:22,27,0,,11
732966,LL23041902M,982091101532966,1908,2023-06-04 06:54:53,455,0,83500,131
729889,LL23037601M,982091101529889,1908,2023-06-04 07:04:28,68,0,86500,7
734751,LL23052303M,982091101534751,1908,2023-06-04 07:06:28,42,0,,8
734709,LL23048502M,982091101534709,1908,2023-06-04 07:07:26,17,0,,7
732966,LL23041902M,982091101532966,1908,2023-06-04 07:09:47,584,0,83000,401
729902,LL23035307M,982091101529902,1908,2023-06-04 07:19:31,263,0,74500,88
735083,LL23029205M,982091101535083,1908,2023-06-04 07:23:58,166,0,68500,15
734751,LL23052303M,982091101534751,1908,2023-06-04 07:27:24,58,0,,13
735083,LL23029205M,982091101535083,1908,2023-06-04 07:28:34,56,0,,4
734751,LL23052303M,982091101534751,1908,2023-06-04 07:29:35,21,0,,2
729902,LL23035307M,982091101529902,1908,2023-06-04 07:30:00,109,0,74500,61
734709,LL23048502M,982091101534709,1908,2023-06-04 07:31:57,152,0,70500,115
735083,LL23029205M,982091101535083,1908,2023-06-04 07:34:42,442,0,68500,208
734751,LL23052303M,982091101534751,1908,2023-06-04 07:42:24,166,0,68000,56
729902,LL23035307M,982091101529902,1908,2023-06-04 07:46:41,282,0,73500,115
734751,LL23052303M,982091101534751,1908,2023-06-04 07:51:27,320,0,67500,205
735083,LL23029205M,982091101535083,1908,2023-06-04 07:56:55,157,0,68500,70
737097,LL23037303M,982091101537097,1908,2023-06-04 07:59:48,170,0,76000,145
729897,LL23038102M,982091101529897,1908,2023-06-04 08:03:22,40,0,,11
737097,LL23037303M,982091101537097,1908,2023-06-04 08:04:13,78,0,76000,24
729897,LL23038102M,982091101529897,1908,2023-06-04 08:06:15,387,0,70000,210
737097,LL23037303M,982091101537097,1908,2023-06-04 08:14:18,177,0,75500,158
732923,LL23042101M,982091101532923,1908,2023-06-04 08:22:05,701,0,68500,496
732923,LL23042101M,982091101532923,1908,2023-06-04 08:38:04,39,0,,15
737148,LL23051105M,982091101537148,1908,2023-06-04 08:42:54,316,0,75000,376
734709,LL23048502M,982091101534709,1908,2023-06-04 08:49:34,134,0,70000,100
734709,LL23048502M,982091101534709,1908,2023-06-04 08:54:31,220,0,70500,147
732909,LL23042102M,982091101532909,1908,2023-06-04 08:59:04,1316,0,75000,706
734692,LL23050302M,982091101534692,1908,2023-06-04 09:21:04,139,0,65500,102
734692,LL23050302M,982091101534692,1908,2023-06-04 09:25:24,184,0,66000,100
729889,LL23037601M,982091101529889,1908,2023-06-04 09:28:32,989,0,88500,960
729902,LL23035307M,982091101529902,1908,2023-06-04 09:45:06,234,0,73500,140
732909,LL23042102M,982091101532909,1908,2023-06-04 09:49:08,86,0,76000,76
735083,LL23029205M,982091101535083,1908,2023-06-04 09:50:38,302,0,68000,144
734692,LL23050302M,982091101534692,1908,2023-06-04 09:55:48,85,0,65500,54
732966,LL23041902M,982091101532966,1908,2023-06-04 09:57:17,553,0,85000,565
729902,LL23035307M,982091101529902,1908,2023-06-04 10:06:34,55,0,,55
734751,LL23052303M,982091101534751,1908,2023-06-04 10:07:29,274,0,67000,196
729902,LL23035307M,982091101529902,1908,2023-06-04 10:12:11,149,0,73500,102
729902,LL23035307M,982091101529902,1908,2023-06-04 10:17:38,71,0,73000,71
729897,LL23038102M,982091101529897,1908,2023-06-04 10:19:05,124,0,69500,84
734751,LL23052303M,982091101534751,1908,2023-06-04 10:21:09,479,0,67000,285
729902,LL23035307M,982091101529902,1908,2023-06-04 10:29:12,191,0,73000,121
734709,LL23048502M,982091101534709,1908,2023-06-04 10:32:23,466,0,70000,350
737097,LL23037303M,982091101537097,1908,2023-06-04 10:41:27,563,0,75000,631
729902,LL23035307M,982091101529902,1908,2023-06-04 10:50:58,175,0,73500,107
734692,LL23050302M,982091101534692,1908,2023-06-04 10:54:57,559,0,66500,293
729902,LL23035307M,982091101529902,1908,2023-06-04 11:04:20,158,0,73500,154
729902,LL23035307M,982091101529902,1908,2023-06-04 11:08:27,324,0,74000,214
737148,LL23051105M,982091101537148,1908,2023-06-04 11:14:15,442,0,75500,393
734692,LL23050302M,982091101534692,1908,2023-06-04 11:21:49,190,0,66500,94
735028,LL23029207M,984000005032083,1908,2023-06-04 11:27:47,663,0,75000,675
737148,LL23051105M,982091101537148,1908,2023-06-04 11:41:35,362,0,75000,328
734692,LL23050302M,982091101534692,1908,2023-06-04 11:48:10,83,0,66500,51
734731,LL23052101M,982091101534731,1908,2023-06-04 11:59:33,948,0,82500,780
734731,LL23052101M,982091101534731,1908,2023-06-04 12:22:12,432,0,82500,410
737148,LL23051105M,982091101537148,1908,2023-06-04 12:31:25,167,0,76000,168
732923,LL23042101M,982091101532923,1908,2023-06-04 12:43:42,777,0,69000,508
737148,LL23051105M,982091101537148,1908,2023-06-04 12:59:43,227,0,76500,251
734692,LL23050302M,982091101534692,1908,2023-06-04 13:06:12,91,0,66500,16
734692,LL23050302M,982091101534692,1908,2023-06-04 13:09:47,145,0,66500,76
735083,LL23029205M,982091101535083,1908,2023-06-04 13:17:26,658,0,68000,441
734751,LL23052303M,982091101534751,1908,2023-06-04 13:28:48,534,0,67500,238
734692,LL23050302M,982091101534692,1908,2023-06-04 13:38:10,368,0,67000,239
735083,LL23029205M,982091101535083,1908,2023-06-04 13:46:19,501,0,68500,252
734692,LL23050302M,982091101534692,1908,2023-06-04 13:55:37,73,0,67000,43
737148,LL23051105M,982091101537148,1908,2023-06-04 14:11:41,249,0,75500,279
734751,LL23052303M,982091101534751,1908,2023-06-04 14:16:14,190,0,67500,53
735083,LL23029205M,982091101535083,1908,2023-06-04 14:19:44,161,0,68500,1
732909,LL23042102M,982091101532909,1908,2023-06-04 14:22:45,841,0,74500,491
734731,LL23052101M,982091101534731,1908,2023-06-04 14:36:58,115,0,84500,116
732909,LL23042102M,982091101532909,1908,2023-06-04 14:39:01,365,0,76000,219
734731,LL23052101M,982091101534731,1908,2023-06-04 14:45:55,101,0,83500,47
734709,LL23048502M,982091101534709,1908,2023-06-04 14:47:56,479,0,70000,350
732966,LL23041902M,982091101532966,1908,2023-06-04 14:55:59,874,0,84500,915
732909,LL23042102M,982091101532909,1908,2023-06-04 15:10:46,19,0,,16
732923,LL23042101M,982091101532923,1908,2023-06-04 15:11:33,651,0,70000,503
729897,LL23038102M,982091101529897,1908,2023-06-04 15:22:28,268,0,69000,148
737097,LL23037303M,982091101537097,1908,2023-06-04 15:27:16,601,0,76000,560
734709,LL23048502M,982091101534709,1908,2023-06-04 15:37:17,323,0,70500,242
732923,LL23042101M,982091101532923,1908,2023-06-04 15:43:28,25,0,,22
732909,LL23042102M,982091101532909,1908,2023-06-04 15:45:05,23,0,,24
729902,LL23035307M,982091101529902,1908,2023-06-04 15:47:28,453,0,73500,202
735034,LL23026202M,982091101535034,1908,2023-06-04 15:55:05,525,0,84000,361
734751,LL23052303M,982091101534751,1908,2023-06-04 16:04:10,372,0,68500,82
729897,LL23038102M,982091101529897,1908,2023-06-04 16:10:38,449,0,70000,288
735083,LL23029205M,982091101535083,1908,2023-06-04 16:18:23,120,0,69000,1
729902,LL23035307M,982091101529902,1908,2023-06-04 16:20:23,207,0,75000,225
734731,LL23052101M,982091101534731,1908,2023-06-04 16:24:10,27,0,,33
734751,LL23052303M,982091101534751,1908,2023-06-04 16:24:41,372,0,69000,82
732909,LL23042102M,982091101532909,1908,2023-06-04 16:31:29,729,0,76000,454
734751,LL23052303M,982091101534751,1908,2023-06-04 16:44:07,41,0,,2
737148,LL23051105M,982091101537148,1908,2023-06-04 16:50:02,21,0,,1
729902,LL23035307M,982091101529902,1908,2023-06-04 16:54:32,268,0,75000,87
729902,LL23035307M,982091101529902,1908,2023-06-04 17:00:05,128,0,75000,24
734709,LL23048502M,982091101534709,1908,2023-06-04 17:02:21,275,0,70000,5
,,,1908,2023-06-04 18:43:58,734,0,0,696
732909,LL23042102M,982091101532909,1908,2023-06-04 18:56:12,420,0,76500,265
737097,LL23037303M,982091101537097,1908,2023-06-04 19:03:32,502,0,76500,633
732966,LL23041902M,982091101532966,1908,2023-06-04 19:11:58,554,0,85000,750
729897,LL23038102M,982091101529897,1908,2023-06-04 19:21:19,343,0,70500,234
732923,LL23042101M,982091101532923,1908,2023-06-04 19:27:02,551,0,69000,470
734731,LL23052101M,982091101534731,1908,2023-06-04 19:36:33,658,0,82000,562
734751,LL23052303M,982091101534751,1908,2023-06-04 19:47:31,498,0,68000,415
,,,1908,2023-06-04 19:57:49,450,0,0,323
729889,LL23037601M,982091101529889,1908,2023-06-04 20:05:19,921,0,87000,426
735034,LL23026202M,982091101535034,1908,2023-06-04 20:20:52,258,0,84000,87
732909,LL23042102M,982091101532909,1908,2023-06-04 20:25:38,37,0,,12
735034,LL23026202M,982091101535034,1908,2023-06-04 20:26:40,900,0,84000,389
734731,LL23052101M,982091101534731,1908,2023-06-04 20:42:00,670,0,83000,264
735034,LL23026202M,982091101535034,1908,2023-06-04 20:54:03,425,0,84500,271
732909,LL23042102M,982091101532909,1908,2023-06-04 21:02:21,26,0,,6
729889,LL23037601M,982091101529889,1908,2023-06-04 21:04:43,26,0,,6
732923,LL23042101M,982091101532923,1908,2023-06-04 21:06:17,83,0,68500,46
735083,LL23029205M,982091101535083,1908,2023-06-04 21:07:51,37,0,,4
729902,LL23035307M,982091101529902,1908,2023-06-04 21:08:36,126,0,74500,51
734751,LL23052303M,982091101534751,1908,2023-06-04 21:10:42,356,0,69000,268
732909,LL23042102M,982091101532909,1908,2023-06-04 21:16:59,315,0,76000,144
735034,LL23026202M,982091101535034,1908,2023-06-04 21:33:27,416,0,84000,319
732909,LL23042102M,982091101532909,1908,2023-06-04 21:41:07,45,0,,18
732923,LL23042101M,982091101532923,1908,2023-06-04 22:02:03,409,0,69000,146
734692,LL23050302M,982091101534692,1908,2023-06-04 22:12:09,255,0,66500,31
729889,LL23037601M,982091101529889,1908,2023-06-04 22:17:12,147,0,87000,106
734751,LL23052303M,982091101534751,1908,2023-06-04 22:37:01,202,0,68000,137
734692,LL23050302M,982091101534692,1908,2023-06-04 23:05:53,693,0,66000,174
729897,LL23038102M,982091101529897,1908,2023-06-04 23:20:52,309,0,70000,134
734692,LL23050302M,982091101534692,1908,2023-06-04 23:26:09,505,0,66000,229
729897,LL23038102M,982091101529897,1908,2023-06-04 23:34:46,347,0,70000,115
729897,LL23038102M,982091101529897,1908,2023-06-04 23:41:37,64,0,71000,21
734709,LL23048502M,982091101534709,1908,2023-06-04 23:48:55,605,0,69000,411
729889,LL23037601M,982091101529889,1908,2023-06-05 00:52:19,476,0,87500,97
734751,LL23052303M,982091101534751,1908,2023-06-05 01:02:11,19,0,,3
734692,LL23050302M,982091101534692,1908,2023-06-05 01:02:41,233,0,66500,1
737097,LL23037303M,982091101537097,1908,2023-06-05 01:06:42,69,0,75500,17
734692,LL23050302M,982091101534692,1908,2023-06-05 01:08:03,93,0,66500,2
729902,LL23035307M,982091101529902,1908,2023-06-05 01:09:56,112,0,73500,56
734692,LL23050302M,982091101534692,1908,2023-06-05 01:11:52,44,0,,1
735034,LL23026202M,982091101535034,1908,2023-06-05 01:13:08,56,0,,7
734692,LL23050302M,982091101534692,1908,2023-06-05 01:14:16,24,0,,1
735083,LL23029205M,982091101535083,1908,2023-06-05 01:16:36,66,0,67500,1
734692,LL23050302M,982091101534692,1908,2023-06-05 01:18:14,136,0,66500,1
737148,LL23051105M,982091101537148,1908,2023-06-05 01:22:08,17,0,,1
734692,LL23050302M,982091101534692,1908,2023-06-05 01:23:14,69,0,66500,1
735034,LL23026202M,982091101535034,1908,2023-06-05 01:24:43,53,0,,5
734692,LL23050302M,982091101534692,1908,2023-06-05 01:27:40,45,0,,1
729889,LL23037601M,982091101529889,1908,2023-06-05 01:29:09,249,0,87000,48
735034,LL23026202M,982091101535034,1908,2023-06-05 01:35:22,403,0,86000,166
729889,LL23037601M,982091101529889,1908,2023-06-05 01:42:29,251,0,87000,141
729897,LL23038102M,982091101529897,1908,2023-06-05 01:46:56,565,0,71000,121
729897,LL23038102M,982091101529897,1908,2023-06-05 01:58:21,184,0,71000,83
735034,LL23026202M,982091101535034,1908,2023-06-05 02:01:41,257,0,85500,197
735028,LL23029207M,984000005032083,1908,2023-06-05 02:11:11,80,0,75000,28
734731,LL23052101M,982091101534731,1908,2023-06-05 02:19:53,1064,0,82000,470
735028,LL23029207M,984000005032083,1908,2023-06-05 02:46:36,298,1,0,144
729889,LL23037601M,982091101529889,1908,2023-06-05 03:42:41,555,0,87500,363
729897,LL23038102M,982091101529897,1908,2023-06-05 03:52:00,331,0,72000,133
735083,LL23029205M,982091101535083,1908,2023-06-05 03:58:03,268,0,66000,44
729889,LL23037601M,982091101529889,1908,2023-06-05 04:02:51,43,0,,5
734731,LL23052101M,982091101534731,1908,2023-06-05 04:05:30,117,0,82000,43
729897,LL23038102M,982091101529897,1908,2023-06-05 04:08:07,223,0,71500,42
735034,LL23026202M,982091101535034,1908,2023-06-05 04:12:38,73,0,86000,7
729897,LL23038102M,982091101529897,1908,2023-06-05 04:15:51,254,0,72000,163
732923,LL23042101M,982091101532923,1908,2023-06-05 04:20:09,309,0,67500,205
732923,LL23042101M,982091101532923,1908,2023-06-05 04:27:54,21,0,,2
729889,LL23037601M,982091101529889,1908,2023-06-05 04:31:23,125,0,88000,36
729897,LL23038102M,982091101529897,1908,2023-06-05 04:36:41,113,0,71500,83
729897,LL23038102M,982091101529897,1908,2023-06-05 04:40:38,44,0,,19
729889,LL23037601M,982091101529889,1908,2023-06-05 04:50:53,316,0,87500,237
735034,LL23026202M,982091101535034,1908,2023-06-05 04:56:29,165,0,84500,64
737097,LL23037303M,982091101537097,1908,2023-06-05 05:07:40,251,0,74500,96
735083,LL23029205M,982091101535083,1908,2023-06-05 05:28:49,37,0,,3
729902,LL23035307M,982091101529902,1908,2023-06-05 05:29:26,141,0,74000,60
737148,LL23051105M,982091101537148,1908,2023-06-05 05:32:11,36,0,,2
735083,LL23029205M,982091101535083,1908,2023-06-05 05:33:11,224,0,67000,36
729897,LL23038102M,982091101529897,1908,2023-06-05 05:37:03,51,0,,9
735083,LL23029205M,982091101535083,1908,2023-06-05 05:39:30,156,0,66500,22
729897,LL23038102M,982091101529897,1908,2023-06-05 05:42:18,63,0,72500,1
735034,LL23026202M,982091101535034,1908,2023-06-05 05:43:33,71,0,86500,20
735083,LL23029205M,982091101535083,1908,2023-06-05 05:45:25,56,0,,7
729889,LL23037601M,982091101529889,1908,2023-06-05 05:46:45,73,0,88000,5
737148,LL23051105M,982091101537148,1908,2023-06-05 05:49:06,137,0,73000,9
737148,LL23051105M,982091101537148,1908,2023-06-05 05:53:24,44,0,,17
735034,LL23026202M,982091101535034,1908,2023-06-05 05:54:24,540,0,87000,435
734751,LL23052303M,982091101534751,1908,2023-06-05 06:03:40,197,0,68000,17
729897,LL23038102M,982091101529897,1908,2023-06-05 06:07:09,154,0,73000,36
734751,LL23052303M,982091101534751,1908,2023-06-05 06:17:46,632,0,67500,354
732909,LL23042102M,982091101532909,1908,2023-06-05 06:28:22,285,0,74000,100
737097,LL23037303M,982091101537097,1908,2023-06-05 06:33:23,97,0,74000,36
735083,LL23029205M,982091101535083,1908,2023-06-05 06:35:24,650,0,66500,49
732966,LL23041902M,982091101532966,1908,2023-06-05 06:53:50,579,0,84500,431
735083,LL23029205M,982091101535083,1908,2023-06-05 07:03:33,572,0,66000,77
729889,LL23037601M,982091101529889,1908,2023-06-05 07:13:33,125,0,88500,16
735083,LL23029205M,982091101535083,1908,2023-06-05 07:15:58,56,0,,6
732923,LL23042101M,982091101532923,1908,2023-06-05 07:18:34,91,0,68000,12
735083,LL23029205M,982091101535083,1908,2023-06-05 07:20:17,73,0,66000,4
732923,LL23042101M,982091101532923,1908,2023-06-05 07:23:06,214,0,68500,44
737097,LL23037303M,982091101537097,1908,2023-06-05 07:26:56,121,0,75000,143
735083,LL23029205M,982091101535083,1908,2023-06-05 07:29:25,102,0,66500,66
735034,LL23026202M,982091101535034,1908,2023-06-05 07:31:19,65,0,104250,36
737097,LL23037303M,982091101537097,1908,2023-06-05 07:32:28,245,0,74750,145
729902,LL23035307M,982091101529902,1908,2023-06-05 07:36:49,276,0,72500,95
735083,LL23029205M,982091101535083,1908,2023-06-05 07:41:25,804,0,67500,425
729889,LL23037601M,982091101529889,1908,2023-06-05 07:54:57,229,0,88000,86
735028,LL23029207M,984000005032083,1908,2023-06-05 08:01:28,156,1,0,127
732966,LL23041902M,982091101532966,1908,2023-06-05 08:04:04,263,0,85500,173
732909,LL23042102M,982091101532909,1908,2023-06-05 08:08:27,1433,0,75500,649
729902,LL23035307M,982091101529902,1908,2023-06-05 08:32:28,325,0,73500,111
735034,LL23026202M,982091101535034,1908,2023-06-05 08:37:57,802,0,88000,452
737148,LL23051105M,982091101537148,1908,2023-06-05 08:51:24,550,0,72500,404
734709,LL23048502M,982091101534709,1908,2023-06-05 09:00:38,916,0,69500,537
729889,LL23037601M,982091101529889,1908,2023-06-05 09:17:58,581,0,88500,403
735028,LL23029207M,984000005032083,1908,2023-06-05 09:30:47,437,1,0,138
735028,LL23029207M,984000005032083,1908,2023-06-05 09:40:46,510,1,0,370
735028,LL23029207M,984000005032083,1908,2023-06-05 09:52:01,374,1,0,290
737148,LL23051105M,982091101537148,1908,2023-06-05 09:58:15,190,0,73000,159
732966,LL23041902M,982091101532966,1908,2023-06-05 10:50:35,62,0,83000,16
734692,LL23050302M,982091101534692,1908,2023-06-05 10:55:17,278,0,66500,61
734751,LL23052303M,982091101534751,1908,2023-06-05 11:00:07,265,0,67000,59
729902,LL23035307M,982091101529902,1908,2023-06-05 11:05:19,155,0,72500,61
729902,LL23035307M,982091101529902,1908,2023-06-05 11:08:32,68,0,72750,23
737097,LL23037303M,982091101537097,1908,2023-06-05 11:09:44,75,0,75000,21
732923,LL23042101M,982091101532923,1908,2023-06-05 11:11:04,166,0,68500,90
729902,LL23035307M,982091101529902,1908,2023-06-05 11:13:54,27,0,,42
737097,LL23037303M,982091101537097,1908,2023-06-05 11:14:21,337,0,76000,354
732923,LL23042101M,982091101532923,1908,2023-06-05 11:20:10,361,0,67500,215
729902,LL23035307M,982091101529902,1908,2023-06-05 11:26:15,101,0,72500,82
734692,LL23050302M,982091101534692,1908,2023-06-05 11:28:00,128,0,65500,83
734751,LL23052303M,982091101534751,1908,2023-06-05 11:30:13,226,0,68000,108
734692,LL23050302M,982091101534692,1908,2023-06-05 11:34:15,55,0,,20
729902,LL23035307M,982091101529902,1908,2023-06-05 11:35:14,87,0,72000,43
735083,LL23029205M,982091101535083,1908,2023-06-05 11:37:44,835,0,68000,401
734692,LL23050302M,982091101534692,1908,2023-06-05 11:51:43,141,0,65500,39
734731,LL23052101M,982091101534731,1908,2023-06-05 11:54:08,1272,0,81000,935
729897,LL23038102M,982091101529897,1908,2023-06-05 12:15:32,679,0,71000,254
732909,LL23042102M,982091101532909,1908,2023-06-05 12:26:59,967,0,75000,385
734692,LL23050302M,982091101534692,1908,2023-06-05 12:43:11,854,0,66000,355
729902,LL23035307M,982091101529902,1908,2023-06-05 12:57:29,614,0,72500,218
732923,LL23042101M,982091101532923,1908,2023-06-05 13:07:51,538,0,68000,357
734709,LL23048502M,982091101534709,1908,2023-06-05 13:16:53,764,0,70500,532
737148,LL23051105M,982091101537148,1908,2023-06-05 13:29:45,328,0,73000,52
735083,LL23029205M,982091101535083,1908,2023-06-05 13:35:25,171,0,68000,19
729902,LL23035307M,982091101529902,1908,2023-06-05 13:38:24,218,0,73000,129
735083,LL23029205M,982091101535083,1908,2023-06-05 13:42:06,477,0,68000,260
734692,LL23050302M,982091101534692,1908,2023-06-05 13:50:07,83,0,67000,24
735083,LL23029205M,982091101535083,1908,2023-06-05 13:51:42,89,0,68500,10
729902,LL23035307M,982091101529902,1908,2023-06-05 13:53:11,316,0,73500,175
732923,LL23042101M,982091101532923,1908,2023-06-05 13:58:27,22,0,,24
732966,LL23041902M,982091101532966,1908,2023-06-05 13:59:29,477,0,83000,368
729902,LL23035307M,982091101529902,1908,2023-06-05 14:07:35,36,0,,31
737097,LL23037303M,982091101537097,1908,2023-06-05 14:08:11,65,0,74500,22
734751,LL23052303M,982091101534751,1908,2023-06-05 14:09:36,163,0,67000,85
737097,LL23037303M,982091101537097,1908,2023-06-05 14:12:31,479,0,75000,416
734751,LL23052303M,982091101534751,1908,2023-06-05 14:20:38,192,0,67250,90
729897,LL23038102M,982091101529897,1908,2023-06-05 14:23:50,253,0,71000,203
732909,LL23042102M,982091101532909,1908,2023-06-05 14:28:07,333,0,75500,164
732966,LL23041902M,982091101532966,1908,2023-06-05 14:33:44,83,0,83500,1
729902,LL23035307M,982091101529902,1908,2023-06-05 14:35:19,181,0,73500,183
734731,LL23052101M,982091101534731,1908,2023-06-05 14:38:44,83,0,83000,81
737148,LL23051105M,982091101537148,1908,2023-06-05 14:40:16,173,0,74000,250
734731,LL23052101M,982091101534731,1908,2023-06-05 14:44:37,116,0,84500,55
729902,LL23035307M,982091101529902,1908,2023-06-05 14:46:42,39,0,,14
732909,LL23042102M,982091101532909,1908,2023-06-05 14:47:21,523,0,76000,329
732966,LL23041902M,982091101532966,1908,2023-06-05 14:56:16,101,0,84000,46
732923,LL23042101M,982091101532923,1908,2023-06-05 14:59:49,163,0,69500,53
735034,LL23026202M,982091101535034,1908,2023-06-05 15:02:53,29,0,,15
734692,LL23050302M,982091101534692,1908,2023-06-05 15:04:34,70,0,66500,10
734709,LL23048502M,982091101534709,1908,2023-06-05 15:05:48,101,0,70000,38
732923,LL23042101M,982091101532923,1908,2023-06-05 15:08:45,33,0,,2
734692,LL23050302M,982091101534692,1908,2023-06-05 15:09:30,350,0,66500,80
729902,LL23035307M,982091101529902,1908,2023-06-05 15:15:20,247,0,73500,250
734692,LL23050302M,982091101534692,1908,2023-06-05 15:19:35,62,0,98500,44
734751,LL23052303M,982091101534751,1908,2023-06-05 15:20:45,115,0,67000,58
734731,LL23052101M,982091101534731,1908,2023-06-05 15:22:56,524,0,83500,456
735083,LL23029205M,982091101535083,1908,2023-06-05 15:31:48,493,0,69500,93
734692,LL23050302M,982091101534692,1908,2023-06-05 15:40:37,99,0,66500,20
737148,LL23051105M,982091101537148,1908,2023-06-05 15:42:16,148,0,72500,158
732966,LL23041902M,982091101532966,1908,2023-06-05 15:44:52,368,0,84000,285
729902,LL23035307M,982091101529902,1908,2023-06-05 15:51:00,225,0,74000,163
735083,LL23029205M,982091101535083,1908,2023-06-05 15:54:49,493,0,69000,289
729902,LL23035307M,982091101529902,1908,2023-06-05 16:03:14,855,0,74500,522
734709,LL23048502M,982091101534709,1908,2023-06-05 16:17:33,664,0,70500,517
737148,LL23051105M,982091101537148,1908,2023-06-05 16:28:57,468,0,74000,590
732966,LL23041902M,982091101532966,1908,2023-06-05 16:37:09,38,0,,17
737097,LL23037303M,982091101537097,1908,2023-06-05 16:42:06,513,0,75500,523
737148,LL23051105M,982091101537148,1908,2023-06-05 16:50:59,338,0,74500,442
732966,LL23041902M,982091101532966,1908,2023-06-05 16:56:57,516,0,85500,561
729897,LL23038102M,982091101529897,1908,2023-06-05 17:05:38,747,0,71500,461
734751,LL23052303M,982091101534751,1908,2023-06-05 17:18:09,855,0,68000,568
732923,LL23042101M,982091101532923,1908,2023-06-05 17:32:29,995,0,70000,806
732966,LL23041902M,982091101532966,1908,2023-06-05 17:49:44,314,0,86500,206
732923,LL23042101M,982091101532923,1908,2023-06-05 17:58:17,60,0,,12
732909,LL23042102M,982091101532909,1908,2023-06-05 18:01:50,1006,0,76000,696
737097,LL23037303M,982091101537097,1908,2023-06-05 18:20:04,715,0,77000,744
732909,LL23042102M,982091101532909,1908,2023-06-05 18:32:15,120,0,75500,92
735028,LL23029207M,984000005032083,1908,2023-06-05 18:36:58,628,1,0,437
732909,LL23042102M,982091101532909,1908,2023-06-05 18:47:26,1067,0,76500,684
732966,LL23041902M,982091101532966,1908,2023-06-05 19:06:21,314,0,86000,267
729902,LL23035307M,982091101529902,1908,2023-06-05 19:11:43,189,0,75500,159
735083,LL23029205M,982091101535083,1908,2023-06-05 19:14:56,713,0,70000,400
732909,LL23042102M,982091101532909,1908,2023-06-05 19:28:46,84,0,77000,53
729897,LL23038102M,982091101529897,1908,2023-06-05 19:30:26,714,0,72000,384
735028,LL23029207M,984000005032083,1908,2023-06-05 19:48:47,302,1,0,274
732966,LL23041902M,982091101532966,1908,2023-06-05 19:53:49,236,0,87000,198
729902,LL23035307M,982091101529902,1908,2023-06-05 20:00:27,601,0,76500,451
734731,LL23052101M,982091101534731,1908,2023-06-05 20:10:32,781,0,83500,689
729889,LL23037601M,982091101529889,1908,2023-06-05 20:23:37,1160,0,87500,926
732966,LL23041902M,982091101532966,1908,2023-06-05 20:45:45,294,0,87000,297
732923,LL23042101M,982091101532923,1908,2023-06-05 20:50:51,514,0,71000,489
735028,LL23029207M,984000005032083,1908,2023-06-05 21:04:49,488,1,0,496
737097,LL23037303M,982091101537097,1908,2023-06-05 21:17:14,384,0,78000,458
734692,LL23050302M,982091101534692,1908,2023-06-05 21:37:34,672,0,67500,336
734751,LL23052303M,982091101534751,1908,2023-06-05 21:48:50,907,0,68500,694
735034,LL23026202M,982091101535034,1908,2023-06-05 22:04:09,1875,0,84000,1156
735083,LL23029205M,982091101535083,1908,2023-06-05 22:42:49,406,0,69000,260
734692,LL23050302M,982091101534692,1908,2023-06-05 23:38:13,387,0,67000,226
729897,LL23038102M,982091101529897,1908,2023-06-05 23:44:48,530,0,73000,317
734709,LL23048502M,982091101534709,1908,2023-06-05 23:53:42,719,0,70500,528
732923,LL23042101M,982091101532923,1908,2023-06-06 00:07:09,60,0,,30
735034,LL23026202M,982091101535034,1908,2023-06-06 00:10:09,525,0,88000,322
734692,LL23050302M,982091101534692,1908,2023-06-06 00:19:30,185,0,67500,86
734692,LL23050302M,982091101534692,1908,2023-06-06 00:24:39,473,0,68000,235
734692,LL23050302M,982091101534692,1908,2023-06-06 00:48:28,62,0,67500,2
734751,LL23052303M,982091101534751,1908,2023-06-06 00:54:45,249,0,69000,153
729889,LL23037601M,982091101529889,1908,2023-06-06 01:02:13,603,0,88000,363
734751,LL23052303M,982091101534751,1908,2023-06-06 01:33:21,100,0,68500,39
729889,LL23037601M,982091101529889,1908,2023-06-06 01:35:13,203,0,88000,79
729889,LL23037601M,982091101529889,1908,2023-06-06 01:41:40,31,0,,2
734692,LL23050302M,982091101534692,1908,2023-06-06 02:01:21,48,0,,1
735034,LL23026202M,982091101535034,1908,2023-06-06 02:03:45,87,0,86500,22
734692,LL23050302M,982091101534692,1908,2023-06-06 02:05:40,18,0,,1
734692,LL23050302M,982091101534692,1908,2023-06-06 02:08:01,67,0,68000,1
729897,LL23038102M,982091101529897,1908,2023-06-06 02:15:27,544,0,73000,157
735083,LL23029205M,982091101535083,1908,2023-06-06 02:25:03,27,0,,1
729897,LL23038102M,982091101529897,1908,2023-06-06 02:27:33,232,0,73500,144
729897,LL23038102M,982091101529897,1908,2023-06-06 02:41:29,261,0,73500,171
729897,LL23038102M,982091101529897,1908,2023-06-06 02:48:54,39,0,,4
729897,LL23038102M,982091101529897,1908,2023-06-06 03:03:51,33,0,,12
729897,LL23038102M,982091101529897,1908,2023-06-06 03:17:03,51,0,,4
734731,LL23052101M,982091101534731,1908,2023-06-06 03:18:06,1192,0,83000,744
732909,LL23042102M,982091101532909,1908,2023-06-06 03:37:58,553,0,77000,322
729897,LL23038102M,982091101529897,1908,2023-06-06 03:47:19,35,0,,9
729897,LL23038102M,982091101529897,1908,2023-06-06 03:51:11,51,0,,14
729897,LL23038102M,982091101529897,1908,2023-06-06 03:54:34,42,0,,13
729897,LL23038102M,982091101529897,1908,2023-06-06 04:03:08,69,0,73500,30
735083,LL23029205M,982091101535083,1908,2023-06-06 04:14:22,294,0,69500,191
729897,LL23038102M,982091101529897,1908,2023-06-06 04:32:31,292,0,74000,124
732923,LL23042101M,982091101532923,1908,2023-06-06 04:37:42,311,0,69000,229
729889,LL23037601M,982091101529889,1908,2023-06-06 04:59:25,540,0,88500,434
729897,LL23038102M,982091101529897,1908,2023-06-06 05:09:09,265,0,74000,145
729889,LL23037601M,982091101529889,1908,2023-06-06 05:14:18,269,0,88500,236
735034,LL23026202M,982091101535034,1908,2023-06-06 05:29:21,187,0,87500,85
729889,LL23037601M,982091101529889,1908,2023-06-06 05:48:58,50,0,,23
737148,LL23051105M,982091101537148,1908,2023-06-06 05:55:03,505,0,74000,565
735034,LL23026202M,982091101535034,1908,2023-06-06 06:04:04,839,0,87000,522
729889,LL23037601M,982091101529889,1908,2023-06-06 06:18:24,350,0,89500,297
735034,LL23026202M,982091101535034,1908,2023-06-06 06:55:43,722,0,87500,540
735083,LL23029205M,982091101535083,1908,2023-06-06 07:17:57,259,0,69500,139
734751,LL23052303M,982091101534751,1908,2023-06-06 07:26:56,392,0,68500,181
734692,LL23050302M,982091101534692,1908,2023-06-06 07:34:01,285,0,68000,186
737097,LL23037303M,982091101537097,1908,2023-06-06 07:39:59,170,0,76500,136
734692,LL23050302M,982091101534692,1908,2023-06-06 07:43:01,568,0,67000,315
734709,LL23048502M,982091101534709,1908,2023-06-06 07:52:37,354,0,69500,254
732966,LL23041902M,982091101532966,1908,2023-06-06 07:58:39,425,0,84500,386
735083,LL23029205M,982091101535083,1908,2023-06-06 08:06:12,219,0,69000,15
735083,LL23029205M,982091101535083,1908,2023-06-06 08:11:51,182,0,69000,216
,,,1908,2023-06-06 08:16:56,116,0,0,83
732909,LL23042102M,982091101532909,1908,2023-06-06 08:18:52,117,0,75000,86
732923,LL23042101M,982091101532923,1908,2023-06-06 08:20:49,322,0,68000,366
,,,1908,2023-06-06 08:28:12,398,0,0,266
734751,LL23052303M,982091101534751,1908,2023-06-06 08:34:50,664,0,68500,403
729902,LL23035307M,982091101529902,1908,2023-06-06 08:46:22,239,0,74500,86
737097,LL23037303M,982091101537097,1908,2023-06-06 08:50:37,675,0,76250,727
734709,LL23048502M,982091101534709,1908,2023-06-06 09:01:56,393,0,70000,271
737148,LL23051105M,982091101537148,1908,2023-06-06 09:08:37,161,0,74000,312
732923,LL23042101M,982091101532923,1908,2023-06-06 09:14:43,156,0,69000,89
732909,LL23042102M,982091101532909,1908,2023-06-06 09:17:24,1187,0,75500,750
737148,LL23051105M,982091101537148,1908,2023-06-06 09:37:31,485,0,74000,539
,,,1908,2023-06-06 10:09:35,515,0,0,432
729902,LL23035307M,982091101529902,1908,2023-06-06 10:38:49,274,0,74500,137
734709,LL23048502M,982091101534709,1908,2023-06-06 10:46:43,480,0,70500,365
729902,LL23035307M,982091101529902,1908,2023-06-06 10:54:59,274,0,74500,115
735083,LL23029205M,982091101535083,1908,2023-06-06 10:59:41,765,0,69500,469
732923,LL23042101M,982091101532923,1908,2023-06-06 11:13:47,878,0,69500,607
735034,LL23026202M,982091101535034,1908,2023-06-06 11:29:09,845,0,88500,606
729889,LL23037601M,982091101529889,1908,2023-06-06 11:43:50,1112,0,89500,989
734692,LL23050302M,982091101534692,1908,2023-06-06 12:02:31,88,0,67500,62
734709,LL23048502M,982091101534709,1908,2023-06-06 12:04:42,783,0,72000,636
734692,LL23050302M,982091101534692,1908,2023-06-06 12:19:09,97,0,78000,111
,,,1908,2023-06-06 12:23:38,444,0,0,397
729902,LL23035307M,982091101529902,1908,2023-06-06 12:31:02,31,0,,42
734751,LL23052303M,982091101534751,1908,2023-06-06 12:31:46,101,0,68000,59
732966,LL23041902M,982091101532966,1908,2023-06-06 12:33:27,294,0,84500,350
734692,LL23050302M,982091101534692,1908,2023-06-06 12:38:25,134,0,67000,77
737148,LL23051105M,982091101537148,1908,2023-06-06 12:40:51,385,0,75000,461
729902,LL23035307M,982091101529902,1908,2023-06-06 12:47:32,307,0,74500,216
734751,LL23052303M,982091101534751,1908,2023-06-06 12:52:43,108,0,68000,85
732966,LL23041902M,982091101532966,1908,2023-06-06 12:54:31,526,0,85000,554
734709,LL23048502M,982091101534709,1908,2023-06-06 13:03:25,218,0,72000,152
734751,LL23052303M,982091101534751,1908,2023-06-06 13:07:11,266,0,69000,221
729902,LL23035307M,982091101529902,1908,2023-06-06 13:11:37,755,0,74500,463
734692,LL23050302M,982091101534692,1908,2023-06-06 13:24:32,595,0,67500,313
735083,LL23029205M,982091101535083,1908,2023-06-06 13:36:11,360,0,69500,250
735083,LL23029205M,982091101535083,1908,2023-06-06 13:44:11,341,0,70000,229
737097,LL23037303M,982091101537097,1908,2023-06-06 13:55:09,406,0,77000,432
737148,LL23051105M,982091101537148,1908,2023-06-06 14:03:28,481,0,75500,629
735083,LL23029205M,982091101535083,1908,2023-06-06 14:17:27,59,0,,9
732909,LL23042102M,982091101532909,1908,2023-06-06 14:18:26,1013,0,77500,588
729897,LL23038102M,982091101529897,1908,2023-06-06 14:35:19,985,0,72000,506
734751,LL23052303M,982091101534751,1908,2023-06-06 14:52:13,566,0,69500,433
734692,LL23050302M,982091101534692,1908,2023-06-06 15:02:15,173,0,68750,67
732909,LL23042102M,982091101532909,1908,2023-06-06 15:05:44,60,0,,18
735083,LL23029205M,982091101535083,1908,2023-06-06 15:07:16,99,0,71000,47
734692,LL23050302M,982091101534692,1908,2023-06-06 15:09:19,231,0,69000,121
734751,LL23052303M,982091101534751,1908,2023-06-06 15:13:58,43,0,,30
734709,LL23048502M,982091101534709,1908,2023-06-06 15:14:53,569,0,73500,408
734731,LL23052101M,982091101534731,1908,2023-06-06 15:24:30,952,0,82500,856
734692,LL23050302M,982091101534692,1908,2023-06-06 15:40:38,294,0,69000,170
734731,LL23052101M,982091101534731,1908,2023-06-06 15:48:08,63,0,83500,70
734709,LL23048502M,982091101534709,1908,2023-06-06 15:49:27,22,0,,24
729902,LL23035307M,982091101529902,1908,2023-06-06 15:49:49,39,0,,55
737097,LL23037303M,982091101537097,1908,2023-06-06 15:50:28,523,0,77500,591
729902,LL23035307M,982091101529902,1908,2023-06-06 15:59:11,636,0,76000,457
732923,LL23042101M,982091101532923,1908,2023-06-06 16:10:11,461,0,71500,324
734731,LL23052101M,982091101534731,1908,2023-06-06 16:18:08,73,0,82000,83
735083,LL23029205M,982091101535083,1908,2023-06-06 16:19:25,87,0,70500,48
732909,LL23042102M,982091101532909,1908,2023-06-06 16:20:57,40,0,,26
734731,LL23052101M,982091101534731,1908,2023-06-06 16:22:21,64,0,85000,36
729897,LL23038102M,982091101529897,1908,2023-06-06 16:23:53,36,0,,25
732909,LL23042102M,982091101532909,1908,2023-06-06 16:24:37,102,0,78000,54
729897,LL23038102M,982091101529897,1908,2023-06-06 16:26:31,187,0,72500,216
732966,LL23041902M,982091101532966,1908,2023-06-06 16:31:34,475,0,86500,575
729902,LL23035307M,982091101529902,1908,2023-06-06 16:39:29,406,0,76000,339
732923,LL23042101M,982091101532923,1908,2023-06-06 16:46:19,418,0,71000,347
734692,LL23050302M,982091101534692,1908,2023-06-06 16:53:29,130,0,68500,66
735083,LL23029205M,982091101535083,1908,2023-06-06 16:55:51,575,0,71000,339
732923,LL23042101M,982091101532923,1908,2023-06-06 17:05:34,28,0,,30
734731,LL23052101M,982091101534731,1908,2023-06-06 17:06:06,36,0,,43
737148,LL23051105M,982091101537148,1908,2023-06-06 17:06:50,347,0,77000,406
734709,LL23048502M,982091101534709,1908,2023-06-06 17:12:41,45,0,,38
732909,LL23042102M,982091101532909,1908,2023-06-06 17:13:30,853,0,77500,532
734751,LL23052303M,982091101534751,1908,2023-06-06 17:29:44,474,0,71500,359
737148,LL23051105M,982091101537148,1908,2023-06-06 17:38:26,260,0,77500,322
734692,LL23050302M,982091101534692,1908,2023-06-06 17:46:35,98,0,69000,66
729902,LL23035307M,982091101529902,1908,2023-06-06 17:49:08,457,0,77000,366
734731,LL23052101M,982091101534731,1908,2023-06-06 17:56:53,31,0,,47
734751,LL23052303M,982091101534751,1908,2023-06-06 17:57:52,28,0,,15
734731,LL23052101M,982091101534731,1908,2023-06-06 18:01:06,48,0,,50
732966,LL23041902M,982091101532966,1908,2023-06-06 18:02:06,624,0,87500,661
737097,LL23037303M,982091101537097,1908,2023-06-06 18:45:31,443,0,78000,498
732966,LL23041902M,982091101532966,1908,2023-06-06 19:04:34,315,0,88500,290
732923,LL23042101M,982091101532923,1908,2023-06-06 19:11:05,288,0,71000,212
735028,LL23029207M,984000005032083,1908,2023-06-06 19:16:49,700,0,78500,738
735028,LL23029207M,984000005032083,1908,2023-06-06 19:32:50,333,0,79500,291
734731,LL23052101M,982091101534731,1908,2023-06-06 19:42:34,95,0,83250,80
732966,LL23041902M,982091101532966,1908,2023-06-06 19:44:17,107,0,88500,89
734731,LL23052101M,982091101534731,1908,2023-06-06 19:46:12,95,0,83500,69
729897,LL23038102M,982091101529897,1908,2023-06-06 19:47:47,77,0,73000,82
732909,LL23042102M,982091101532909,1908,2023-06-06 19:49:08,912,0,78500,670
737097,LL23037303M,982091101537097,1908,2023-06-06 20:04:28,215,0,79500,237
732923,LL23042101M,982091101532923,1908,2023-06-06 20:11:43,406,0,71500,244
732909,LL23042102M,982091101532909,1908,2023-06-06 20:18:42,45,0,,33
732909,LL23042102M,982091101532909,1908,2023-06-06 20:22:42,59,0,,35
729889,LL23037601M,982091101529889,1908,2023-06-06 20:40:40,1231,0,89500,987
732909,LL23042102M,982091101532909,1908,2023-06-06 21:03:11,65,0,79000,40
735083,LL23029205M,982091101535083,1908,2023-06-06 21:06:20,430,0,71000,318
732923,LL23042101M,982091101532923,1908,2023-06-06 22:12:13,472,0,71500,429
729897,LL23038102M,982091101529897,1908,2023-06-06 22:22:40,718,0,74000,335
734751,LL23052303M,982091101534751,1908,2023-06-06 22:34:50,689,0,70000,573
729897,LL23038102M,982091101529897,1908,2023-06-06 22:46:34,363,0,73000,271
734709,LL23048502M,982091101534709,1908,2023-06-06 22:53:04,336,0,73000,256
735034,LL23026202M,982091101535034,1908,2023-06-06 22:58:48,1156,0,86000,797
734692,LL23050302M,982091101534692,1908,2023-06-06 23:18:37,258,0,68000,124
729897,LL23038102M,982091101529897,1908,2023-06-06 23:24:58,334,0,74000,161
734692,LL23050302M,982091101534692,1908,2023-06-06 23:32:32,449,0,68500,207
732923,LL23042101M,982091101532923,1908,2023-06-06 23:46:21,258,0,72000,221
734692,LL23050302M,982091101534692,1908,2023-06-06 23:51:11,41,0,,1
732966,LL23041902M,982091101532966,1908,2023-06-06 23:54:25,313,0,88500,346
734709,LL23048502M,982091101534709,1908,2023-06-07 00:00:11,526,0,73000,427
732909,LL23042102M,982091101532909,1908,2023-06-07 00:12:34,112,0,78500,62
735028,LL23029207M,984000005032083,1908,2023-06-07 01:34:24,309,0,79500,330
729897,LL23038102M,982091101529897,1908,2023-06-07 01:39:45,300,0,74500,236
729902,LL23035307M,982091101529902,1908,2023-06-07 01:46:00,142,0,77500,105
735034,LL23026202M,982091101535034,1908,2023-06-07 01:48:35,425,0,87500,291
735034,LL23026202M,982091101535034,1908,2023-06-07 01:57:40,186,0,88000,4
729889,LL23037601M,982091101529889,1908,2023-06-07 02:01:10,299,0,90500,195
735083,LL23029205M,982091101535083,1908,2023-06-07 02:07:13,110,0,71000,74
735028,LL23029207M,984000005032083,1908,2023-06-07 02:09:27,383,0,79500,399
729897,LL23038102M,982091101529897,1908,2023-06-07 02:15:58,237,0,74500,152
734731,LL23052101M,982091101534731,1908,2023-06-07 02:19:55,1259,0,82500,1000
734692,LL23050302M,982091101534692,1908,2023-06-07 02:41:10,577,0,69000,317
729897,LL23038102M,982091101529897,1908,2023-06-07 02:51:07,261,0,75000,141
735034,LL23026202M,982091101535034,1908,2023-06-07 03:29:54,543,0,88000,423
734751,LL23052303M,982091101534751,1908,2023-06-07 03:42:47,238,0,70500,185
729897,LL23038102M,982091101529897,1908,2023-06-07 03:47:01,23,0,,16
729889,LL23037601M,982091101529889,1908,2023-06-07 03:47:40,860,0,90500,746
732909,LL23042102M,982091101532909,1908,2023-06-07 04:03:04,1018,0,79000,641
729897,LL23038102M,982091101529897,1908,2023-06-07 04:20:14,25,0,,20
729889,LL23037601M,982091101529889,1908,2023-06-07 04:27:30,128,0,91500,67
729897,LL23038102M,982091101529897,1908,2023-06-07 04:29:38,197,0,77000,171
729897,LL23038102M,982091101529897,1908,2023-06-07 04:35:40,51,0,,20
735083,LL23029205M,982091101535083,1908,2023-06-07 04:45:26,427,0,71500,278
737097,LL23037303M,982091101537097,1908,2023-06-07 05:51:42,621,0,78000,698
735028,LL23029207M,984000005032083,1908,2023-06-07 06:15:59,103,0,80000,90
735083,LL23029205M,982091101535083,1908,2023-06-07 06:30:56,183,0,72500,98
735034,LL23026202M,982091101535034,1908,2023-06-07 06:48:14,358,0,89500,242
729897,LL23038102M,982091101529897,1908,2023-06-07 06:54:44,148,0,76500,111
729897,LL23038102M,982091101529897,1908,2023-06-07 06:59:13,46,0,,13
734692,LL23050302M,982091101534692,1908,2023-06-07 07:09:59,207,0,69000,96
735034,LL23026202M,982091101535034,1908,2023-06-07 07:13:46,581,0,88500,424
737148,LL23051105M,982091101537148,1908,2023-06-07 07:24:40,526,0,76500,685
729889,LL23037601M,982091101529889,1908,2023-06-07 07:33:38,151,0,92000,71
734709,LL23048502M,982091101534709,1908,2023-06-07 07:36:30,472,0,72500,356
734751,LL23052303M,982091101534751,1908,2023-06-07 07:44:26,335,0,70000,162
732923,LL23042101M,982091101532923,1908,2023-06-07 07:50:13,275,0,71000,208
735034,LL23026202M,982091101535034,1908,2023-06-07 07:55:04,689,0,89500,566
729897,LL23038102M,982091101529897,1908,2023-06-07 08:06:45,402,0,77000,309
729902,LL23035307M,982091101529902,1908,2023-06-07 08:13:32,103,0,76500,97
735083,LL23029205M,982091101535083,1908,2023-06-07 08:15:23,532,0,71500,287
732966,LL23041902M,982091101532966,1908,2023-06-07 08:24:27,738,0,87500,806
729902,LL23035307M,982091101529902,1908,2023-06-07 08:36:49,167,0,75500,125
735034,LL23026202M,982091101535034,1908,2023-06-07 08:40:00,256,0,90000,149
729889,LL23037601M,982091101529889,1908,2023-06-07 08:44:16,382,0,92000,368
729902,LL23035307M,982091101529902,1908,2023-06-07 08:50:42,361,0,76000,121
735034,LL23026202M,982091101535034,1908,2023-06-07 08:58:23,404,0,90000,331
732923,LL23042101M,982091101532923,1908,2023-06-07 09:07:49,373,0,71500,250
734751,LL23052303M,982091101534751,1908,2023-06-07 09:16:34,346,0,70000,208
734692,LL23050302M,982091101534692,1908,2023-06-07 09:22:48,604,0,69000,300
734751,LL23052303M,982091101534751,1908,2023-06-07 09:33:12,407,0,69500,300
734692,LL23050302M,982091101534692,1908,2023-06-07 09:40:03,236,0,69000,102
732923,LL23042101M,982091101532923,1908,2023-06-07 09:44:27,61,0,71500,29
734692,LL23050302M,982091101534692,1908,2023-06-07 09:46:57,112,0,69000,38
734709,LL23048502M,982091101534709,1908,2023-06-07 09:52:25,391,0,72500,308
732923,LL23042101M,982091101532923,1908,2023-06-07 10:00:28,32,0,,26
737097,LL23037303M,982091101537097,1908,2023-06-07 10:04:49,426,0,78500,474
734709,LL23048502M,982091101534709,1908,2023-06-07 10:13:55,131,0,74000,78
735034,LL23026202M,982091101535034,1908,2023-06-07 10:16:42,23,0,,5
734709,LL23048502M,982091101534709,1908,2023-06-07 10:18:17,64,0,74000,7
734751,LL23052303M,982091101534751,1908,2023-06-07 10:23:32,50,0,,1
729889,LL23037601M,982091101529889,1908,2023-06-07 10:26:14,731,0,91500,616
734709,LL23048502M,982091101534709,1908,2023-06-07 10:38:29,283,0,73500,233
735028,LL23029207M,984000005032083,1908,2023-06-07 10:43:52,1075,0,79000,922
729897,LL23038102M,982091101529897,1908,2023-06-07 11:01:47,310,0,76000,161
735028,LL23029207M,984000005032083,1908,2023-06-07 11:08:58,224,0,80000,132
737148,LL23051105M,982091101537148,1908,2023-06-07 11:12:50,507,0,77000,674
729902,LL23035307M,982091101529902,1908,2023-06-07 11:23:01,188,0,75000,108
735083,LL23029205M,982091101535083,1908,2023-06-07 11:26:53,197,0,71000,142
735034,LL23026202M,982091101535034,1908,2023-06-07 11:30:42,64,0,90500,28
737148,LL23051105M,982091101537148,1908,2023-06-07 11:33:06,190,0,76500,237
734751,LL23052303M,982091101534751,1908,2023-06-07 11:37:00,389,0,70000,251
729902,LL23035307M,982091101529902,1908,2023-06-07 11:43:34,148,0,75000,99
735083,LL23029205M,982091101535083,1908,2023-06-07 11:46:22,148,0,71000,85
729902,LL23035307M,982091101529902,1908,2023-06-07 11:48:54,227,0,75500,112
729897,LL23038102M,982091101529897,1908,2023-06-07 11:53:21,221,0,75500,157
732923,LL23042101M,982091101532923,1908,2023-06-07 11:57:14,501,0,70500,315
737148,LL23051105M,982091101537148,1908,2023-06-07 12:06:23,86,0,76500,97
734709,LL23048502M,982091101534709,1908,2023-06-07 12:07:53,411,0,73000,314
729902,LL23035307M,982091101529902,1908,2023-06-07 12:16:45,867,0,75000,471
735083,LL23029205M,982091101535083,1908,2023-06-07 12:31:24,678,0,71000,363
735083,LL23029205M,982091101535083,1908,2023-06-07 13:06:13,146,0,71500,85
732966,LL23041902M,982091101532966,1908,2023-06-07 13:08:47,466,0,89000,471
735083,LL23029205M,982091101535083,1908,2023-06-07 13:16:49,26,0,,1
734692,LL23050302M,982091101534692,1908,2023-06-07 13:26:55,145,0,69500,78
729902,LL23035307M,982091101529902,1908,2023-06-07 13:29:32,76,0,76500,88
734692,LL23050302M,982091101534692,1908,2023-06-07 13:30:52,86,0,69250,52
729902,LL23035307M,982091101529902,1908,2023-06-07 13:32:29,61,0,77000,64
737097,LL23037303M,982091101537097,1908,2023-06-07 13:34:06,276,0,79500,309
734692,LL23050302M,982091101534692,1908,2023-06-07 13:40:42,148,0,69500,74
734709,LL23048502M,982091101534709,1908,2023-06-07 13:44:34,425,0,75000,312
735083,LL23029205M,982091101535083,1908,2023-06-07 13:51:55,14,0,,8
735028,LL23029207M,984000005032083,1908,2023-06-07 13:52:54,683,0,81500,512
735028,LL23029207M,984000005032083,1908,2023-06-07 14:06:20,76,0,82000,68
732909,LL23042102M,982091101532909,1908,2023-06-07 14:10:09,1497,0,77500,873
734692,LL23050302M,982091101534692,1908,2023-06-07 14:37:02,405,0,70000,219
735083,LL23029205M,982091101535083,1908,2023-06-07 14:43:47,481,0,73000,331
734692,LL23050302M,982091101534692,1908,2023-06-07 14:51:52,156,0,70000,91
734731,LL23052101M,982091101534731,1908,2023-06-07 14:54:45,1067,0,84500,884
734692,LL23050302M,982091101534692,1908,2023-06-07 15:12:32,186,0,70000,143
729902,LL23035307M,982091101529902,1908,2023-06-07 15:15:51,1000,0,78000,593
732909,LL23042102M,982091101532909,1908,2023-06-07 15:32:35,96,0,80000,67
734751,LL23052303M,982091101534751,1908,2023-06-07 15:34:11,180,0,70500,95
735083,LL23029205M,982091101535083,1908,2023-06-07 15:37:14,209,0,72500,135
732923,LL23042101M,982091101532923,1908,2023-06-07 15:40:47,23,0,,19
732966,LL23041902M,982091101532966,1908,2023-06-07 15:41:42,560,0,89000,668
737148,LL23051105M,982091101537148,1908,2023-06-07 15:51:06,476,0,78000,572
734709,LL23048502M,982091101534709,1908,2023-06-07 15:59:22,200,0,75000,164
734692,LL23050302M,982091101534692,1908,2023-06-07 16:02:46,163,0,69500,107
734709,LL23048502M,982091101534709,1908,2023-06-07 16:05:37,441,0,75500,318
734731,LL23052101M,982091101534731,1908,2023-06-07 16:12:58,72,0,84000,86
732923,LL23042101M,982091101532923,1908,2023-06-07 16:14:15,74,0,71000,45
737097,LL23037303M,982091101537097,1908,2023-06-07 16:15:33,281,0,79500,345
729902,LL23035307M,982091101529902,1908,2023-06-07 16:20:18,196,0,78000,195
734751,LL23052303M,982091101534751,1908,2023-06-07 16:23:34,772,0,70000,478
729902,LL23035307M,982091101529902,1908,2023-06-07 16:36:34,227,0,78000,196
735083,LL23029205M,982091101535083,1908,2023-06-07 16:40:21,249,0,72500,60
734692,LL23050302M,982091101534692,1908,2023-06-07 16:44:35,41,0,,1
735083,LL23029205M,982091101535083,1908,2023-06-07 16:45:28,60,0,,14
729897,LL23038102M,982091101529897,1908,2023-06-07 16:46:40,574,0,75000,298
737148,LL23051105M,982091101537148,1908,2023-06-07 16:56:38,401,0,79000,492
729897,LL23038102M,982091101529897,1908,2023-06-07 17:03:52,232,0,75000,137
734731,LL23052101M,982091101534731,1908,2023-06-07 17:08:00,124,0,84000,124
734692,LL23050302M,982091101534692,1908,2023-06-07 17:10:08,211,0,70500,117
734751,LL23052303M,982091101534751,1908,2023-06-07 17:14:19,256,0,71000,191
734692,LL23050302M,982091101534692,1908,2023-06-07 17:18:55,735,0,71000,384
737148,LL23051105M,982091101537148,1908,2023-06-07 17:31:30,238,0,79000,268
737097,LL23037303M,982091101537097,1908,2023-06-07 17:35:44,691,0,79000,813
734692,LL23050302M,982091101534692,1908,2023-06-07 17:47:31,74,0,71000,29
732923,LL23042101M,982091101532923,1908,2023-06-07 17:49:13,674,0,72000,498
734751,LL23052303M,982091101534751,1908,2023-06-07 18:00:51,145,0,71500,116
732966,LL23041902M,982091101532966,1908,2023-06-07 18:03:24,355,0,90000,379
732923,LL23042101M,982091101532923,1908,2023-06-07 18:10:02,75,0,72000,73
735028,LL23029207M,984000005032083,1908,2023-06-07 18:12:52,142,0,81500,148
734731,LL23052101M,982091101534731,1908,2023-06-07 18:15:35,74,0,85000,87
734709,LL23048502M,982091101534709,1908,2023-06-07 18:16:53,373,0,75000,269
734731,LL23052101M,982091101534731,1908,2023-06-07 18:25:06,345,0,85500,318
732909,LL23042102M,982091101532909,1908,2023-06-07 18:31:35,1368,0,79000,813
729902,LL23035307M,982091101529902,1908,2023-06-07 18:55:11,325,0,79000,276
732966,LL23041902M,982091101532966,1908,2023-06-07 19:00:41,244,0,90500,294
729902,LL23035307M,982091101529902,1908,2023-06-07 19:05:34,168,0,79000,118
734731,LL23052101M,982091101534731,1908,2023-06-07 19:08:26,71,0,85000,80
732923,LL23042101M,982091101532923,1908,2023-06-07 19:11:37,201,0,72000,56
732923,LL23042101M,982091101532923,1908,2023-06-07 19:18:02,60,0,,26
734731,LL23052101M,982091101534731,1908,2023-06-07 19:31:11,91,0,85000,90
735083,LL23029205M,982091101535083,1908,2023-06-07 19:32:59,621,0,73000,593
729902,LL23035307M,982091101529902,1908,2023-06-07 19:47:38,319,0,79000,233
732909,LL23042102M,982091101532909,1908,2023-06-07 19:53:01,186,0,80000,97
732966,LL23041902M,982091101532966,1908,2023-06-07 19:56:19,179,0,90000,170
732909,LL23042102M,982091101532909,1908,2023-06-07 19:59:22,632,0,80500,374
732909,LL23042102M,982091101532909,1908,2023-06-07 20:35:56,176,0,79500,53
729897,LL23038102M,982091101529897,1908,2023-06-07 20:39:12,311,0,76000,197
737097,LL23037303M,982091101537097,1908,2023-06-07 20:46:23,409,0,81000,514
729897,LL23038102M,982091101529897,1908,2023-06-07 20:53:40,402,0,75000,274
732909,LL23042102M,982091101532909,1908,2023-06-07 21:00:38,216,0,81000,74
729889,LL23037601M,982091101529889,1908,2023-06-07 21:04:26,1071,0,91000,953
732923,LL23042101M,982091101532923,1908,2023-06-07 21:29:49,512,0,73000,467
732923,LL23042101M,982091101532923,1908,2023-06-07 21:40:21,64,0,73250,2
737148,LL23051105M,982091101537148,1908,2023-06-07 21:45:33,36,0,,11
729902,LL23035307M,982091101529902,1908,2023-06-07 21:50:20,163,0,80000,132
734751,LL23052303M,982091101534751,1908,2023-06-07 21:53:07,695,0,72000,584
732966,LL23041902M,982091101532966,1908,2023-06-07 22:05:14,197,0,90500,268
732923,LL23042101M,982091101532923,1908,2023-06-07 22:42:10,344,0,72500,283
729897,LL23038102M,982091101529897,1908,2023-06-07 22:49:22,198,0,76000,80
729897,LL23038102M,982091101529897,1908,2023-06-07 23:07:40,118,0,76000,68
729897,LL23038102M,982091101529897,1908,2023-06-07 23:12:10,58,0,,23
729897,LL23038102M,982091101529897,1908,2023-06-07 23:24:46,157,0,75000,41
729897,LL23038102M,982091101529897,1908,2023-06-07 23:41:43,71,0,75500,43
734692,LL23050302M,982091101534692,1908,2023-06-07 23:47:38,47,0,,24
729897,LL23038102M,982091101529897,1908,2023-06-07 23:48:37,16,0,,15
734709,LL23048502M,982091101534709,1908,2023-06-07 23:53:05,632,0,74500,483
735034,LL23026202M,982091101535034,1908,2023-06-08 00:05:17,1366,0,87500,972
735083,LL23029205M,982091101535083,1908,2023-06-08 00:42:23,398,0,72000,277
732923,LL23042101M,982091101532923,1908,2023-06-08 00:58:11,93,0,72500,70
734692,LL23050302M,982091101534692,1908,2023-06-08 01:00:20,1015,0,70500,514
734692,LL23050302M,982091101534692,1908,2023-06-08 01:19:18,174,0,71000,88
732909,LL23042102M,982091101532909,1908,2023-06-08 01:25:52,643,1,0,487
729897,LL23038102M,982091101529897,1908,2023-06-08 01:36:35,429,0,77000,300
729897,LL23038102M,982091101529897,1908,2023-06-08 01:51:18,167,0,77000,117
729902,LL23035307M,982091101529902,1908,2023-06-08 01:54:29,77,0,80000,86
729897,LL23038102M,982091101529897,1908,2023-06-08 01:56:30,123,0,77000,206
732909,LL23042102M,982091101532909,1908,2023-06-08 02:00:33,287,1,0,196
729897,LL23038102M,982091101529897,1908,2023-06-08 02:05:20,141,0,77000,72
729897,LL23038102M,982091101529897,1908,2023-06-08 02:21:35,31,0,,16
737097,LL23037303M,982091101537097,1908,2023-06-08 02:31:37,312,0,80500,370
735034,LL23026202M,982091101535034,1908,2023-06-08 02:45:23,396,0,89500,281
729889,LL23037601M,982091101529889,1908,2023-06-08 02:52:07,889,0,92500,739
734731,LL23052101M,982091101534731,1908,2023-06-08 03:07:04,1464,0,85000,1371
735034,LL23026202M,982091101535034,1908,2023-06-08 03:33:08,301,0,90000,172
734692,LL23050302M,982091101534692,1908,2023-06-08 03:47:40,593,0,71500,363
729897,LL23038102M,982091101529897,1908,2023-06-08 04:02:25,93,0,77000,34
732909,LL23042102M,982091101532909,1908,2023-06-08 04:04:03,936,0,80500,577
729889,LL23037601M,982091101529889,1908,2023-06-08 04:22:14,99,0,91500,13
729897,LL23038102M,982091101529897,1908,2023-06-08 04:32:21,56,0,,33
729897,LL23038102M,982091101529897,1908,2023-06-08 04:35:21,37,0,,22
729889,LL23037601M,982091101529889,1908,2023-06-08 04:41:43,154,0,93000,112
729889,LL23037601M,982091101529889,1908,2023-06-08 04:57:03,130,0,93500,112
729897,LL23038102M,982091101529897,1908,2023-06-08 05:00:12,182,0,78000,149
735083,LL23029205M,982091101535083,1908,2023-06-08 05:18:32,427,0,73000,324
737148,LL23051105M,982091101537148,1908,2023-06-08 05:26:31,167,0,77500,210
729897,LL23038102M,982091101529897,1908,2023-06-08 05:29:18,208,0,78000,176
734751,LL23052303M,982091101534751,1908,2023-06-08 05:49:15,345,0,71500,174
729897,LL23038102M,982091101529897,1908,2023-06-08 05:56:08,135,0,77500,107
734751,LL23052303M,982091101534751,1908,2023-06-08 05:58:43,306,0,71500,245
734709,LL23048502M,982091101534709,1908,2023-06-08 06:10:40,425,0,74500,330
735083,LL23029205M,982091101535083,1908,2023-06-08 06:53:51,252,0,73000,164
729897,LL23038102M,982091101529897,1908,2023-06-08 07:04:52,117,0,77500,112
732923,LL23042101M,982091101532923,1908,2023-06-08 07:24:25,504,0,73000,388
735028,LL23029207M,984000005032083,1908,2023-06-08 07:33:25,610,0,80500,624
734751,LL23052303M,982091101534751,1908,2023-06-08 07:43:59,23,0,,5
729902,LL23035307M,982091101529902,1908,2023-06-08 07:46:03,118,0,79000,89
729897,LL23038102M,982091101529897,1908,2023-06-08 07:48:46,188,0,78000,182
732966,LL23041902M,982091101532966,1908,2023-06-08 07:52:18,767,0,89000,825
735028,LL23029207M,984000005032083,1908,2023-06-08 08:05:45,378,0,81000,317
729889,LL23037601M,982091101529889,1908,2023-06-08 08:12:39,129,0,93000,87
737148,LL23051105M,982091101537148,1908,2023-06-08 08:23:57,475,0,77000,585
735034,LL23026202M,982091101535034,1908,2023-06-08 08:32:05,680,0,90500,590
735083,LL23029205M,982091101535083,1908,2023-06-08 08:43:41,145,0,72500,114
734751,LL23052303M,982091101534751,1908,2023-06-08 08:46:14,661,0,71500,398
735034,LL23026202M,982091101535034,1908,2023-06-08 08:59:15,649,0,91000,682
729889,LL23037601M,982091101529889,1908,2023-06-08 09:11:04,443,0,92500,414
735083,LL23029205M,982091101535083,1908,2023-06-08 09:18:39,900,0,73000,559
734751,LL23052303M,982091101534751,1908,2023-06-08 09:34:03,92,0,71000,62
735028,LL23029207M,984000005032083,1908,2023-06-08 09:36:23,311,0,81500,267
729897,LL23038102M,982091101529897,1908,2023-06-08 09:41:38,313,0,78000,216
735034,LL23026202M,982091101535034,1908,2023-06-08 09:48:55,421,0,92000,372
737097,LL23037303M,982091101537097,1908,2023-06-08 09:57:59,576,0,79500,675
729897,LL23038102M,982091101529897,1908,2023-06-08 10:09:03,120,0,78000,100
737148,LL23051105M,982091101537148,1908,2023-06-08 10:29:35,114,0,77500,105
735028,LL23029207M,984000005032083,1908,2023-06-08 10:55:54,124,0,81500,118
729889,LL23037601M,982091101529889,1908,2023-06-08 10:59:59,460,0,93000,432
729902,LL23035307M,982091101529902,1908,2023-06-08 11:07:55,734,0,77500,253
735034,LL23026202M,982091101535034,1908,2023-06-08 11:21:02,176,0,93500,68
732923,LL23042101M,982091101532923,1908,2023-06-08 11:25:58,700,0,72500,573
729902,LL23035307M,982091101529902,1908,2023-06-08 11:39:14,176,0,77000,150
734709,LL23048502M,982091101534709,1908,2023-06-08 11:42:14,798,0,73000,682
729902,LL23035307M,982091101529902,1908,2023-06-08 11:55:36,81,0,76500,109
734751,LL23052303M,982091101534751,1908,2023-06-08 11:56:57,528,0,71000,381
729902,LL23035307M,982091101529902,1908,2023-06-08 12:05:57,83,0,76500,105
729889,LL23037601M,982091101529889,1908,2023-06-08 12:10:39,484,0,94000,452
735083,LL23029205M,982091101535083,1908,2023-06-08 12:18:51,91,0,73500,71
734692,LL23050302M,982091101534692,1908,2023-06-08 12:20:26,60,0,,33
734709,LL23048502M,982091101534709,1908,2023-06-08 15:36:16,71,0,75250,47
734751,LL23052303M,982091101534751,1908,2023-06-08 15:47:45,146,0,72000,65
732923,LL23042101M,982091101532923,1908,2023-06-08 15:52:45,516,0,73500,355
729902,LL23035307M,982091101529902,1908,2023-06-08 16:01:26,119,0,79000,157
732923,LL23042101M,982091101532923,1908,2023-06-08 16:04:29,89,0,74000,57
729902,LL23035307M,982091101529902,1908,2023-06-08 16:06:18,365,0,79000,285
734751,LL23052303M,982091101534751,1908,2023-06-08 16:13:12,197,0,71000,122
732923,LL23042101M,982091101532923,1908,2023-06-08 16:16:42,20,0,,10
729902,LL23035307M,982091101529902,1908,2023-06-08 16:19:03,93,0,79000,95
732966,LL23041902M,982091101532966,1908,2023-06-08 16:20:40,96,0,90500,128
734731,LL23052101M,982091101534731,1908,2023-06-08 16:22:21,983,0,86000,966
729897,LL23038102M,982091101529897,1908,2023-06-08 16:39:56,41,0,,26
737148,LL23051105M,982091101537148,1908,2023-06-08 16:41:13,156,0,77500,216
729897,LL23038102M,982091101529897,1908,2023-06-08 16:43:49,103,0,76000,68
735034,LL23026202M,982091101535034,1908,2023-06-08 16:45:44,41,0,,43
729897,LL23038102M,982091101529897,1908,2023-06-08 16:47:58,85,0,76000,63
734692,LL23050302M,982091101534692,1908,2023-06-08 16:54:51,68,0,70500,54
734692,LL23050302M,982091101534692,1908,2023-06-08 16:57:59,76,0,70000,34
734751,LL23052303M,982091101534751,1908,2023-06-08 16:59:59,287,0,72500,229
735028,LL23029207M,984000005032083,1908,2023-06-08 17:05:18,364,0,82000,42
729889,LL23037601M,982091101529889,1908,2023-06-08 17:13:25,67,0,92000,16
732909,LL23042102M,982091101532909,1908,2023-06-08 17:16:21,47,0,,40
729897,LL23038102M,982091101529897,1908,2023-06-08 17:17:57,81,0,75500,38
732909,LL23042102M,982091101532909,1908,2023-06-08 17:19:34,281,0,80000,138
737097,LL23037303M,982091101537097,1908,2023-06-08 17:26:07,133,0,80000,161
729902,LL23035307M,982091101529902,1908,2023-06-08 17:28:37,339,0,78500,281
735034,LL23026202M,982091101535034,1908,2023-06-08 17:34:40,364,0,91000,347
735028,LL23029207M,984000005032083,1908,2023-06-08 17:41:20,375,0,82000,399
732923,LL23042101M,982091101532923,1908,2023-06-08 17:49:51,126,0,73500,68
734731,LL23052101M,982091101534731,1908,2023-06-08 17:52:13,201,0,85500,230
734751,LL23052303M,982091101534751,1908,2023-06-08 17:57:56,368,0,73000,310
737148,LL23051105M,982091101537148,1908,2023-06-08 18:04:24,425,0,77500,568
732923,LL23042101M,982091101532923,1908,2023-06-08 18:33:24,531,0,73500,409
734692,LL23050302M,982091101534692,1908,2023-06-08 18:42:19,632,0,70500,394
737097,LL23037303M,982091101537097,1908,2023-06-08 18:52:51,315,0,80500,452
732966,LL23041902M,982091101532966,1908,2023-06-08 18:58:18,716,0,91000,991
734692,LL23050302M,982091101534692,1908,2023-06-08 19:10:22,469,0,71500,314
737148,LL23051105M,982091101537148,1908,2023-06-08 19:18:19,331,0,79000,396
732909,LL23042102M,982091101532909,1908,2023-06-08 19:24:02,1492,0,81500,951
729902,LL23035307M,982091101529902,1908,2023-06-08 19:49:02,182,0,80500,225
734751,LL23052303M,982091101534751,1908,2023-06-08 19:53:00,366,0,72000,268
735083,LL23029205M,982091101535083,1908,2023-06-08 19:59:22,217,0,74000,128
737148,LL23051105M,982091101537148,1908,2023-06-08 20:04:35,245,0,79500,302
734751,LL23052303M,982091101534751,1908,2023-06-08 20:11:22,190,0,72500,120
729897,LL23038102M,982091101529897,1908,2023-06-08 20:14:44,734,0,76000,440
732909,LL23042102M,982091101532909,1908,2023-06-08 20:27:06,15,0,,13
737097,LL23037303M,982091101537097,1908,2023-06-08 20:30:07,544,0,81000,676
734731,LL23052101M,982091101534731,1908,2023-06-08 20:39:31,35,0,,44
729902,LL23035307M,982091101529902,1908,2023-06-08 20:40:14,413,0,80500,310
735028,LL23029207M,984000005032083,1908,2023-06-08 20:50:54,350,0,82000,365
729902,LL23035307M,982091101529902,1908,2023-06-08 20:56:56,130,0,81000,103
732923,LL23042101M,982091101532923,1908,2023-06-08 21:03:25,465,0,73500,375
734731,LL23052101M,982091101534731,1908,2023-06-08 21:11:14,599,0,87000,649
732909,LL23042102M,982091101532909,1908,2023-06-08 21:21:45,677,0,82500,407
734709,LL23048502M,982091101534709,1908,2023-06-08 21:33:06,682,0,75500,534
729902,LL23035307M,982091101529902,1908,2023-06-08 21:45:44,121,0,80500,94
734731,LL23052101M,982091101534731,1908,2023-06-08 21:47:54,74,0,86500,56
732966,LL23041902M,982091101532966,1908,2023-06-08 21:50:05,143,0,91500,180
734731,LL23052101M,982091101534731,1908,2023-06-08 21:53:45,33,0,,44
732923,LL23042101M,982091101532923,1908,2023-06-08 21:54:54,52,0,,26
734731,LL23052101M,982091101534731,1908,2023-06-08 22:10:15,48,0,,46
734731,LL23052101M,982091101534731,1908,2023-06-08 22:14:08,47,0,,29
729889,LL23037601M,982091101529889,1908,2023-06-08 22:43:11,738,0,91000,540
732923,LL23042101M,982091101532923,1908,2023-06-08 22:56:17,471,0,74500,445
729897,LL23038102M,982091101529897,1908,2023-06-08 23:04:12,678,0,75500,451
735083,LL23029205M,982091101535083,1908,2023-06-08 23:18:15,573,0,73500,441
729897,LL23038102M,982091101529897,1908,2023-06-09 00:26:24,127,0,76000,60
729889,LL23037601M,982091101529889,1908,2023-06-09 00:30:31,32,0,,5
734751,LL23052303M,982091101534751,1908,2023-06-09 00:33:03,411,0,72000,294
729889,LL23037601M,982091101529889,1908,2023-06-09 00:54:15,82,0,91250,42
729902,LL23035307M,982091101529902,1908,2023-06-09 01:02:26,83,0,81500,66
729889,LL23037601M,982091101529889,1908,2023-06-09 01:04:21,43,0,,1
737148,LL23051105M,982091101537148,1908,2023-06-09 01:07:08,56,0,,30
732923,LL23042101M,982091101532923,1908,2023-06-09 01:09:00,133,0,73500,96
732923,LL23042101M,982091101532923,1908,2023-06-09 01:13:14,133,0,74000,85
729897,LL23038102M,982091101529897,1908,2023-06-09 01:28:12,212,0,77000,173
729897,LL23038102M,982091101529897,1908,2023-06-09 01:34:51,95,0,77000,59
729897,LL23038102M,982091101529897,1908,2023-06-09 01:43:50,57,0,,7
729897,LL23038102M,982091101529897,1908,2023-06-09 01:53:15,90,0,77000,8
734709,LL23048502M,982091101534709,1908,2023-06-09 02:44:52,341,0,74000,176
734692,LL23050302M,982091101534692,1908,2023-06-09 02:51:21,138,0,71500,59
735034,LL23026202M,982091101535034,1908,2023-06-09 02:53:51,191,0,89500,30
734692,LL23050302M,982091101534692,1908,2023-06-09 02:57:10,73,0,71000,14
729889,LL23037601M,982091101529889,1908,2023-06-09 02:58:35,69,0,90500,8
735034,LL23026202M,982091101535034,1908,2023-06-09 03:00:28,81,0,89250,17
729897,LL23038102M,982091101529897,1908,2023-06-09 03:02:01,208,0,76500,61
735034,LL23026202M,982091101535034,1908,2023-06-09 03:06:02,818,0,89500,430
729897,LL23038102M,982091101529897,1908,2023-06-09 03:19:48,458,0,77000,305
729889,LL23037601M,982091101529889,1908,2023-06-09 03:27:34,421,0,89500,210
734692,LL23050302M,982091101534692,1908,2023-06-09 03:35:19,998,0,71000,518
735083,LL23029205M,982091101535083,1908,2023-06-09 03:52:21,156,0,72500,31
735034,LL23026202M,982091101535034,1908,2023-06-09 03:56:33,805,0,89500,451
729897,LL23038102M,982091101529897,1908,2023-06-09 04:36:42,128,0,76500,99
737097,LL23037303M,982091101537097,1908,2023-06-09 05:16:39,349,0,80500,382
729889,LL23037601M,982091101529889,1908,2023-06-09 05:23:08,793,0,90500,539
729897,LL23038102M,982091101529897,1908,2023-06-09 05:37:18,88,0,77500,45
735034,LL23026202M,982091101535034,1908,2023-06-09 05:39:54,88,0,91500,20
735083,LL23029205M,982091101535083,1908,2023-06-09 05:43:26,417,0,72500,283
734709,LL23048502M,982091101534709,1908,2023-06-09 05:50:43,664,0,74500,537
734731,LL23052101M,982091101534731,1908,2023-06-09 06:09:21,860,0,86500,692
729897,LL23038102M,982091101529897,1908,2023-06-09 06:23:57,238,0,78000,201
735083,LL23029205M,982091101535083,1908,2023-06-09 06:28:07,272,0,72500,125
735028,LL23029207M,984000005032083,1908,2023-06-09 06:33:07,223,0,80000,135
729889,LL23037601M,982091101529889,1908,2023-06-09 06:37:02,73,0,90500,33
735083,LL23029205M,982091101535083,1908,2023-06-09 06:38:35,21,0,,2
735028,LL23029207M,984000005032083,1908,2023-06-09 06:40:04,98,0,79000,27
729897,LL23038102M,982091101529897,1908,2023-06-09 06:42:39,17,0,,6
734751,LL23052303M,982091101534751,1908,2023-06-09 06:43:52,452,0,71000,243
735028,LL23029207M,984000005032083,1908,2023-06-09 06:51:53,194,0,79000,139
729897,LL23038102M,982091101529897,1908,2023-06-09 06:56:43,128,0,78000,70
729889,LL23037601M,982091101529889,1908,2023-06-09 06:59:19,24,0,,4
729897,LL23038102M,982091101529897,1908,2023-06-09 06:59:51,74,0,77500,26
729889,LL23037601M,982091101529889,1908,2023-06-09 07:09:14,493,0,92000,383
729897,LL23038102M,982091101529897,1908,2023-06-09 07:17:43,328,0,77500,154
735028,LL23029207M,984000005032083,1908,2023-06-09 07:23:51,26,0,,3
735028,LL23029207M,984000005032083,1908,2023-06-09 07:26:17,296,0,80000,272
729902,LL23035307M,982091101529902,1908,2023-06-09 07:31:37,60,0,,73
735034,LL23026202M,982091101535034,1908,2023-06-09 07:34:02,410,0,90000,129
734751,LL23052303M,982091101534751,1908,2023-06-09 07:41:16,78,0,71000,13
735034,LL23026202M,982091101535034,1908,2023-06-09 07:44:38,680,0,90000,468
729897,LL23038102M,982091101529897,1908,2023-06-09 07:57:58,195,0,77500,65
729897,LL23038102M,982091101529897,1908,2023-06-09 08:09:38,82,0,77500,51
732909,LL23042102M,982091101532909,1908,2023-06-09 08:12:41,311,0,81000,137
732923,LL23042101M,982091101532923,1908,2023-06-09 08:25:45,369,0,73000,263
732923,LL23042101M,982091101532923,1908,2023-06-09 08:36:12,172,0,72000,129
735028,LL23029207M,984000005032083,1908,2023-06-09 08:39:08,165,0,80500,170
735083,LL23029205M,982091101535083,1908,2023-06-09 08:42:09,337,0,72500,97
734731,LL23052101M,982091101534731,1908,2023-06-09 08:48:06,268,0,87500,160
729902,LL23035307M,982091101529902,1908,2023-06-09 08:53:23,70,0,79500,85
735083,LL23029205M,982091101535083,1908,2023-06-09 08:54:37,216,0,72500,168
732966,LL23041902M,982091101532966,1908,2023-06-09 08:58:17,122,0,89500,111
729889,LL23037601M,982091101529889,1908,2023-06-09 09:05:43,273,0,92000,260
737097,LL23037303M,982091101537097,1908,2023-06-09 09:11:52,222,0,79750,200
735083,LL23029205M,982091101535083,1908,2023-06-09 09:15:42,42,0,,2
734751,LL23052303M,982091101534751,1908,2023-06-09 09:18:24,113,0,72000,46
735083,LL23029205M,982091101535083,1908,2023-06-09 09:22:17,543,0,73000,366
734751,LL23052303M,982091101534751,1908,2023-06-09 09:31:32,92,0,71500,62
735028,LL23029207M,984000005032083,1908,2023-06-09 09:34:25,297,0,80500,139
732966,LL23041902M,982091101532966,1908,2023-06-09 09:41:23,317,0,89500,358
737148,LL23051105M,982091101537148,1908,2023-06-09 09:50:49,591,0,78500,649
729897,LL23038102M,982091101529897,1908,2023-06-09 10:01:17,290,0,78000,241
735028,LL23029207M,984000005032083,1908,2023-06-09 10:06:15,273,0,81000,290
735028,LL23029207M,984000005032083,1908,2023-06-09 10:14:38,236,0,81500,202
735034,LL23026202M,982091101535034,1908,2023-06-09 10:19:05,507,0,92500,318
735083,LL23029205M,982091101535083,1908,2023-06-09 10:51:03,88,0,73000,62
729889,LL23037601M,982091101529889,1908,2023-06-09 10:52:35,145,0,93000,150
737148,LL23051105M,982091101537148,1908,2023-06-09 10:55:04,219,0,78000,231
734692,LL23050302M,982091101534692,1908,2023-06-09 10:58:55,19,0,,6
734751,LL23052303M,982091101534751,1908,2023-06-09 10:59:22,820,0,71000,557
734692,LL23050302M,982091101534692,1908,2023-06-09 11:13:34,333,0,70500,168
734709,LL23048502M,982091101534709,1908,2023-06-09 11:19:11,461,0,75000,370
737148,LL23051105M,982091101537148,1908,2023-06-09 11:27:40,217,0,78000,265
729889,LL23037601M,982091101529889,1908,2023-06-09 11:31:41,594,0,93000,639
735034,LL23026202M,982091101535034,1908,2023-06-09 11:41:51,158,0,91000,91
737097,LL23037303M,982091101537097,1908,2023-06-09 11:44:29,543,0,80000,673
735034,LL23026202M,982091101535034,1908,2023-06-09 11:53:52,824,0,92500,794
734709,LL23048502M,982091101534709,1908,2023-06-09 12:07:44,284,0,75500,252
735083,LL23029205M,982091101535083,1908,2023-06-09 12:16:05,159,0,67500,135
735083,LL23029205M,982091101535083,1908,2023-06-09 12:20:44,338,0,74000,215
729902,LL23035307M,982091101529902,1908,2023-06-09 12:31:34,187,0,77500,103
734751,LL23052303M,982091101534751,1908,2023-06-09 12:36:25,156,0,72000,96
729902,LL23035307M,982091101529902,1908,2023-06-09 12:39:13,259,0,78000,146
734709,LL23048502M,982091101534709,1908,2023-06-09 12:43:40,141,0,75500,130
735028,LL23029207M,984000005032083,1908,2023-06-09 12:46:17,397,0,82000,428
729902,LL23035307M,982091101529902,1908,2023-06-09 12:53:02,72,0,78000,97
734751,LL23052303M,982091101534751,1908,2023-06-09 12:55:14,56,0,,1
737097,LL23037303M,982091101537097,1908,2023-06-09 12:56:34,79,0,80000,102
729902,LL23035307M,982091101529902,1908,2023-06-09 13:08:32,250,0,78500,163
732923,LL23042101M,982091101532923,1908,2023-06-09 13:15:27,795,0,72500,597
729897,LL23038102M,982091101529897,1908,2023-06-09 13:29:26,123,0,77500,93
729902,LL23035307M,982091101529902,1908,2023-06-09 13:31:41,249,0,78500,158
734692,LL23050302M,982091101534692,1908,2023-06-09 13:35:50,785,0,70500,456
734692,LL23050302M,982091101534692,1908,2023-06-09 13:53:03,224,0,70500,132
735083,LL23029205M,982091101535083,1908,2023-06-09 13:56:55,202,0,74000,87
734692,LL23050302M,982091101534692,1908,2023-06-09 14:02:17,83,0,70500,47
735083,LL23029205M,982091101535083,1908,2023-06-09 14:06:12,351,0,74500,239
735034,LL23026202M,982091101535034,1908,2023-06-09 14:13:03,425,0,92000,313
732966,LL23041902M,982091101532966,1908,2023-06-09 14:21:12,37,0,,9
732966,LL23041902M,982091101532966,1908,2023-06-09 14:24:34,438,0,89000,437
732909,LL23042102M,982091101532909,1908,2023-06-09 14:31:56,1018,0,81000,538
735083,LL23029205M,982091101535083,1908,2023-06-09 14:50:47,29,0,,3
737097,LL23037303M,982091101537097,1908,2023-06-09 14:51:56,30,0,,5
737148,LL23051105M,982091101537148,1908,2023-06-09 14:53:21,311,0,79500,395
735083,LL23029205M,982091101535083,1908,2023-06-09 14:59:40,77,0,75000,14
734709,LL23048502M,982091101534709,1908,2023-06-09 15:06:51,726,0,76500,555
737148,LL23051105M,982091101537148,1908,2023-06-09 15:27:01,131,0,80000,127
729902,LL23035307M,982091101529902,1908,2023-06-09 15:31:44,323,0,79500,174
729897,LL23038102M,982091101529897,1908,2023-06-09 15:37:56,197,0,78500,190
737097,LL23037303M,982091101537097,1908,2023-06-09 15:41:18,485,0,81500,591
734692,LL23050302M,982091101534692,1908,2023-06-09 15:50:15,123,0,72000,80
734709,LL23048502M,982091101534709,1908,2023-06-09 15:52:26,140,0,78000,116
735083,LL23029205M,982091101535083,1908,2023-06-09 15:56:47,782,0,75500,571
732909,LL23042102M,982091101532909,1908,2023-06-09 16:09:53,795,0,82000,453
734731,LL23052101M,982091101534731,1908,2023-06-09 16:23:20,912,0,88500,819
734751,LL23052303M,982091101534751,1908,2023-06-09 16:38:52,641,0,72500,301
729902,LL23035307M,982091101529902,1908,2023-06-09 16:49:41,189,0,78500,161
734692,LL23050302M,982091101534692,1908,2023-06-09 16:53:39,35,0,,33
729902,LL23035307M,982091101529902,1908,2023-06-09 16:54:22,59,0,,69
729889,LL23037601M,982091101529889,1908,2023-06-09 16:56:06,633,0,94000,578
734692,LL23050302M,982091101534692,1908,2023-06-09 17:07:11,116,0,71500,85
729902,LL23035307M,982091101529902,1908,2023-06-09 17:09:15,461,0,78500,290
734692,LL23050302M,982091101534692,1908,2023-06-09 17:17:56,102,0,72000,85
729902,LL23035307M,982091101529902,1908,2023-06-09 17:20:03,130,0,78500,124
732966,LL23041902M,982091101532966,1908,2023-06-09 17:22:17,478,0,91000,459
734692,LL23050302M,982091101534692,1908,2023-06-09 17:30:31,492,0,72000,232
734751,LL23052303M,982091101534751,1908,2023-06-09 17:41:48,399,0,73500,354
734709,LL23048502M,982091101534709,1908,2023-06-09 17:53:51,144,0,77000,102
732923,LL23042101M,982091101532923,1908,2023-06-09 17:56:39,606,0,74000,470
735028,LL23029207M,984000005032083,1908,2023-06-09 18:06:45,300,0,82500,371
729902,LL23035307M,982091101529902,1908,2023-06-09 18:11:49,638,0,79500,508
732909,LL23042102M,982091101532909,1908,2023-06-09 18:22:27,343,0,82000,179
734692,LL23050302M,982091101534692,1908,2023-06-09 18:28:15,23,0,,19
734751,LL23052303M,982091101534751,1908,2023-06-09 18:29:06,353,0,73000,302
732909,LL23042102M,982091101532909,1908,2023-06-09 18:35:11,90,0,82500,45
734709,LL23048502M,982091101534709,1908,2023-06-09 18:36:45,175,0,76500,157
729902,LL23035307M,982091101529902,1908,2023-06-09 18:39:52,413,0,80500,299
732966,LL23041902M,982091101532966,1908,2023-06-09 18:46:57,474,0,92000,544
737148,LL23051105M,982091101537148,1908,2023-06-09 18:56:07,425,0,79500,600
729902,LL23035307M,982091101529902,1908,2023-06-09 19:07:24,221,0,80500,168
737097,LL23037303M,982091101537097,1908,2023-06-09 19:12:58,20,0,,19
737148,LL23051105M,982091101537148,1908,2023-06-09 19:13:34,201,0,80000,244
734731,LL23052101M,982091101534731,1908,2023-06-09 19:17:43,65,0,88000,78
734692,LL23050302M,982091101534692,1908,2023-06-09 19:19:36,83,0,72000,21
737097,LL23037303M,982091101537097,1908,2023-06-09 19:53:29,367,0,81500,444
737148,LL23051105M,982091101537148,1908,2023-06-09 19:59:44,238,0,80500,309
734692,LL23050302M,982091101534692,1908,2023-06-09 20:04:22,236,0,72500,164
732966,LL23041902M,982091101532966,1908,2023-06-09 20:08:58,163,0,92000,157
734731,LL23052101M,982091101534731,1908,2023-06-09 20:11:53,818,0,90000,982
729897,LL23038102M,982091101529897,1908,2023-06-09 20:25:35,585,0,77000,398
734692,LL23050302M,982091101534692,1908,2023-06-09 20:35:28,311,0,73000,198
732909,LL23042102M,982091101532909,1908,2023-06-09 20:40:59,1297,0,83500,996
732923,LL23042101M,982091101532923,1908,2023-06-09 21:02:48,226,0,75000,176
735028,LL23029207M,984000005032083,1908,2023-06-09 21:08:06,494,0,82500,546
735034,LL23026202M,982091101535034,1908,2023-06-09 21:16:24,696,0,91500,714
734692,LL23050302M,982091101534692,1908,2023-06-09 21:28:12,83,0,73500,63
737097,LL23037303M,982091101537097,1908,2023-06-09 21:29:40,213,0,82500,211
734692,LL23050302M,982091101534692,1908,2023-06-09 21:33:13,114,0,73500,107
732923,LL23042101M,982091101532923,1908,2023-06-09 21:35:15,31,0,,23
734731,LL23052101M,982091101534731,1908,2023-06-09 21:36:50,31,0,,45
732923,LL23042101M,982091101532923,1908,2023-06-09 21:38:17,51,0,,46
729897,LL23038102M,982091101529897,1908,2023-06-09 21:42:16,534,0,77000,336
734751,LL23052303M,982091101534751,1908,2023-06-09 21:51:14,662,0,74000,570
734709,LL23048502M,982091101534709,1908,2023-06-09 22:08:03,638,0,76500,553
729902,LL23035307M,982091101529902,1908,2023-06-09 22:21:17,229,0,81500,153
732909,LL23042102M,982091101532909,1908,2023-06-09 22:27:07,183,0,82000,62
729902,LL23035307M,982091101529902,1908,2023-06-09 22:35:57,103,0,81500,100
732923,LL23042101M,982091101532923,1908,2023-06-09 22:54:08,368,0,75000,270
735083,LL23029205M,982091101535083,1908,2023-06-09 23:00:32,707,0,75500,525
734731,LL23052101M,982091101534731,1908,2023-06-09 23:12:39,252,0,89000,267
732909,LL23042102M,982091101532909,1908,2023-06-09 23:16:56,444,0,83500,309
729889,LL23037601M,982091101529889,1908,2023-06-09 23:59:08,280,0,93500,223
732966,LL23041902M,982091101532966,1908,2023-06-10 00:03:56,589,0,91000,669
732923,LL23042101M,982091101532923,1908,2023-06-10 00:14:36,455,0,75000,411
729889,LL23037601M,982091101529889,1908,2023-06-10 00:22:23,686,0,92000,648
729897,LL23038102M,982091101529897,1908,2023-06-10 01:57:11,551,0,78000,327
737097,LL23037303M,982091101537097,1908,2023-06-10 02:07:54,294,0,81500,388
729897,LL23038102M,982091101529897,1908,2023-06-10 02:13:17,393,0,77000,261
732923,LL23042101M,982091101532923,1908,2023-06-10 02:19:59,548,0,74500,515
734709,LL23048502M,982091101534709,1908,2023-06-10 02:55:21,335,0,76000,236
729897,LL23038102M,982091101529897,1908,2023-06-10 03:22:45,251,0,77500,131
734692,LL23050302M,982091101534692,1908,2023-06-10 03:41:54,70,0,72500,32
734692,LL23050302M,982091101534692,1908,2023-06-10 03:45:08,615,0,72500,346
734709,LL23048502M,982091101534709,1908,2023-06-10 03:55:31,345,0,76000,310
734692,LL23050302M,982091101534692,1908,2023-06-10 04:01:28,73,0,72500,53
735034,LL23026202M,982091101535034,1908,2023-06-10 04:03:18,1021,0,92000,882
734751,LL23052303M,982091101534751,1908,2023-06-10 04:20:19,551,0,73000,403
729897,LL23038102M,982091101529897,1908,2023-06-10 04:32:44,147,0,77500,102
729889,LL23037601M,982091101529889,1908,2023-06-10 04:35:18,477,0,93000,448
729897,LL23038102M,982091101529897,1908,2023-06-10 04:47:35,336,0,78500,222
732909,LL23042102M,982091101532909,1908,2023-06-10 04:57:52,179,0,82000,112
735083,LL23029205M,982091101535083,1908,2023-06-10 05:04:40,486,0,75000,354
729889,LL23037601M,982091101529889,1908,2023-06-10 05:36:37,158,0,93500,139
729897,LL23038102M,982091101529897,1908,2023-06-10 05:39:59,17,0,,14
729902,LL23035307M,982091101529902,1908,2023-06-10 05:57:26,61,0,80000,77
729897,LL23038102M,982091101529897,1908,2023-06-10 06:02:07,65,0,78500,40
729889,LL23037601M,982091101529889,1908,2023-06-10 06:05:13,58,0,,61
729897,LL23038102M,982091101529897,1908,2023-06-10 06:06:27,21,0,,29
729897,LL23038102M,982091101529897,1908,2023-06-10 06:19:28,83,0,79000,46
729889,LL23037601M,982091101529889,1908,2023-06-10 06:21:11,37,0,,34
729897,LL23038102M,982091101529897,1908,2023-06-10 06:35:01,26,0,,22
729897,LL23038102M,982091101529897,1908,2023-06-10 06:46:04,38,0,,13
729889,LL23037601M,982091101529889,1908,2023-06-10 06:47:02,14,0,,13
735028,LL23029207M,984000005032083,1908,2023-06-10 07:38:27,269,0,81000,230
729889,LL23037601M,982091101529889,1908,2023-06-10 07:43:08,16,0,,7
735028,LL23029207M,984000005032083,1908,2023-06-10 07:46:06,394,0,80000,369
729897,LL23038102M,982091101529897,1908,2023-06-10 07:52:44,352,0,78500,281
734731,LL23052101M,982091101534731,1908,2023-06-10 07:58:49,1078,0,86500,1094
734751,LL23052303M,982091101534751,1908,2023-06-10 08:17:03,295,0,72500,203
737148,LL23051105M,982091101537148,1908,2023-06-10 08:22:05,409,0,78500,500
735083,LL23029205M,982091101535083,1908,2023-06-10 08:29:06,140,0,74500,57
729897,LL23038102M,982091101529897,1908,2023-06-10 08:31:38,404,0,79000,319
729889,LL23037601M,982091101529889,1908,2023-06-10 08:38:34,728,0,94000,628
735083,LL23029205M,982091101535083,1908,2023-06-10 08:51:21,290,0,74500,43
737097,LL23037303M,982091101537097,1908,2023-06-10 08:56:11,450,0,81000,490
735034,LL23026202M,982091101535034,1908,2023-06-10 09:03:57,107,0,92500,56
735028,LL23029207M,984000005032083,1908,2023-06-10 09:06:04,251,0,81000,196
729897,LL23038102M,982091101529897,1908,2023-06-10 09:10:31,384,0,80500,329
735083,LL23029205M,982091101535083,1908,2023-06-10 09:17:00,550,0,74500,351
735083,LL23029205M,982091101535083,1908,2023-06-10 09:28:10,291,0,75000,211
734709,LL23048502M,982091101534709,1908,2023-06-10 09:37:10,241,0,75500,174
735028,LL23029207M,984000005032083,1908,2023-06-10 09:43:15,68,0,81500,29
732966,LL23041902M,982091101532966,1908,2023-06-10 09:44:23,159,0,91500,204
729902,LL23035307M,982091101529902,1908,2023-06-10 09:47:22,18,0,,31
734751,LL23052303M,982091101534751,1908,2023-06-10 09:48:16,141,0,73000,100
732966,LL23041902M,982091101532966,1908,2023-06-10 09:50:45,471,0,89500,520
729902,LL23035307M,982091101529902,1908,2023-06-10 09:58:40,61,0,79000,64
737148,LL23051105M,982091101537148,1908,2023-06-10 09:59:57,274,0,78500,324
729902,LL23035307M,982091101529902,1908,2023-06-10 10:05:16,58,0,,79
729889,LL23037601M,982091101529889,1908,2023-06-10 10:07:06,36,0,,34
729902,LL23035307M,982091101529902,1908,2023-06-10 10:08:27,24,0,,52
735028,LL23029207M,984000005032083,1908,2023-06-10 10:08:55,80,0,82500,63
729889,LL23037601M,982091101529889,1908,2023-06-10 10:10:35,58,0,,37
729902,LL23035307M,982091101529902,1908,2023-06-10 10:11:45,46,0,,76
735028,LL23029207M,984000005032083,1908,2023-06-10 10:12:35,33,0,,22
729902,LL23035307M,982091101529902,1908,2023-06-10 10:15:52,35,0,,78
734751,LL23052303M,982091101534751,1908,2023-06-10 10:16:31,416,0,72000,349
729902,LL23035307M,982091101529902,1908,2023-06-10 10:35:15,122,0,79000,68
735028,LL23029207M,984000005032083,1908,2023-06-10 10:38:57,91,0,82500,88
729889,LL23037601M,982091101529889,1908,2023-06-10 10:40:40,369,0,95000,315
729902,LL23035307M,982091101529902,1908,2023-06-10 10:47:22,40,0,,43
735028,LL23029207M,984000005032083,1908,2023-06-10 10:48:23,62,0,82000,25
732923,LL23042101M,982091101532923,1908,2023-06-10 10:50:09,750,0,73000,600
729902,LL23035307M,982091101529902,1908,2023-06-10 11:02:43,43,0,,60
735034,LL23026202M,982091101535034,1908,2023-06-10 11:03:30,210,0,91000,152
732909,LL23042102M,982091101532909,1908,2023-06-10 11:07:04,1296,0,80500,831
729902,LL23035307M,982091101529902,1908,2023-06-10 11:28:48,85,0,79000,115
734751,LL23052303M,982091101534751,1908,2023-06-10 11:30:44,43,0,,26
735034,LL23026202M,982091101535034,1908,2023-06-10 11:32:43,1461,0,93000,1695
735083,LL23029205M,982091101535083,1908,2023-06-10 12:20:29,398,0,75000,339
735083,LL23029205M,982091101535083,1908,2023-06-10 12:39:59,200,0,76000,149
734692,LL23050302M,982091101534692,1908,2023-06-10 13:04:38,829,0,71500,467
737148,LL23051105M,982091101537148,1908,2023-06-10 13:18:39,371,0,81500,503
734692,LL23050302M,982091101534692,1908,2023-06-10 13:24:54,73,0,71000,51
735028,LL23029207M,984000005032083,1908,2023-06-10 13:27:07,561,0,82500,639
734692,LL23050302M,982091101534692,1908,2023-06-10 13:36:40,53,0,,28
729902,LL23035307M,982091101529902,1908,2023-06-10 13:37:57,87,0,79500,107
735034,LL23026202M,982091101535034,1908,2023-06-10 13:40:01,619,0,95000,639
734709,LL23048502M,982091101534709,1908,2023-06-10 13:50:24,953,0,74500,805
737097,LL23037303M,982091101537097,1908,2023-06-10 14:06:37,461,0,80000,553
737148,LL23051105M,982091101537148,1908,2023-06-10 14:14:50,36,0,,37
732966,LL23041902M,982091101532966,1908,2023-06-10 14:15:54,630,0,91000,677
734751,LL23052303M,982091101534751,1908,2023-06-10 14:32:43,385,0,72500,270
737097,LL23037303M,982091101537097,1908,2023-06-10 14:39:48,17,0,,5
735083,LL23029205M,982091101535083,1908,2023-06-10 14:42:05,479,0,75500,308
734692,LL23050302M,982091101534692,1908,2023-06-10 14:50:20,54,0,,41
734709,LL23048502M,982091101534709,1908,2023-06-10 14:51:50,228,0,75500,214
734692,LL23050302M,982091101534692,1908,2023-06-10 14:55:46,111,0,71000,68
734751,LL23052303M,982091101534751,1908,2023-06-10 14:57:50,325,0,73500,278
734692,LL23050302M,982091101534692,1908,2023-06-10 15:04:23,307,0,71500,174
735083,LL23029205M,982091101535083,1908,2023-06-10 15:10:43,65,0,75500,28
735083,LL23029205M,982091101535083,1908,2023-06-10 15:25:35,58,0,,22
732923,LL23042101M,982091101532923,1908,2023-06-10 15:38:09,691,0,73500,550
734692,LL23050302M,982091101534692,1908,2023-06-10 15:49:52,29,0,,25
734751,LL23052303M,982091101534751,1908,2023-06-10 15:50:49,133,0,74500,69
734692,LL23050302M,982091101534692,1908,2023-06-10 15:53:26,32,0,,18
729897,LL23038102M,982091101529897,1908,2023-06-10 15:54:34,54,0,,41
737148,LL23051105M,982091101537148,1908,2023-06-10 15:58:01,475,0,79500,476
729889,LL23037601M,982091101529889,1908,2023-06-10 16:06:20,591,0,93500,589
732909,LL23042102M,982091101532909,1908,2023-06-10 16:16:11,897,0,81000,448
729902,LL23035307M,982091101529902,1908,2023-06-10 16:31:24,134,0,78500,86
734692,LL23050302M,982091101534692,1908,2023-06-10 16:33:51,155,0,72500,88
729897,LL23038102M,982091101529897,1908,2023-06-10 16:36:26,233,0,78500,174
729902,LL23035307M,982091101529902,1908,2023-06-10 16:40:23,228,0,79000,152
734692,LL23050302M,982091101534692,1908,2023-06-10 16:45:11,82,0,72500,58
734709,LL23048502M,982091101534709,1908,2023-06-10 16:46:33,160,0,76000,146
729902,LL23035307M,982091101529902,1908,2023-06-10 16:49:17,221,0,78500,116
729897,LL23038102M,982091101529897,1908,2023-06-10 16:54:38,352,0,79500,293
729902,LL23035307M,982091101529902,1908,2023-06-10 17:00:38,308,0,78500,185
734692,LL23050302M,982091101534692,1908,2023-06-10 17:06:22,84,0,72000,55
732909,LL23042102M,982091101532909,1908,2023-06-10 17:08:35,45,0,,45
737097,LL23037303M,982091101537097,1908,2023-06-10 17:10:56,563,0,81500,676
734692,LL23050302M,982091101534692,1908,2023-06-10 17:20:24,113,0,73000,50
734731,LL23052101M,982091101534731,1908,2023-06-10 17:22:17,1076,0,88000,1047
734709,LL23048502M,982091101534709,1908,2023-06-10 17:40:49,460,0,77500,402
734692,LL23050302M,982091101534692,1908,2023-06-10 17:48:42,74,0,72500,51
729902,LL23035307M,982091101529902,1908,2023-06-10 17:49:56,226,0,79500,175
735083,LL23029205M,982091101535083,1908,2023-06-10 17:54:02,111,0,77000,56
734692,LL23050302M,982091101534692,1908,2023-06-10 17:55:57,131,0,73000,84
735083,LL23029205M,982091101535083,1908,2023-06-10 17:58:24,81,0,77500,47
729902,LL23035307M,982091101529902,1908,2023-06-10 17:59:57,165,0,80000,126
735083,LL23029205M,982091101535083,1908,2023-06-10 18:02:46,221,0,77500,173
734692,LL23050302M,982091101534692,1908,2023-06-10 18:06:39,31,0,,18
732966,LL23041902M,982091101532966,1908,2023-06-10 18:07:22,249,0,93500,261
732966,LL23041902M,982091101532966,1908,2023-06-10 18:31:52,421,0,93500,466
734692,LL23050302M,982091101534692,1908,2023-06-10 18:39:09,504,0,73500,96
734731,LL23052101M,982091101534731,1908,2023-06-10 18:52:18,60,0,,59
737148,LL23051105M,982091101537148,1908,2023-06-10 18:53:34,463,0,82000,661
734692,LL23050302M,982091101534692,1908,2023-06-10 19:01:29,72,0,74000,53
737097,LL23037303M,982091101537097,1908,2023-06-10 19:02:58,243,0,83500,288
732923,LL23042101M,982091101532923,1908,2023-06-10 19:07:09,358,0,77500,299
734692,LL23050302M,982091101534692,1908,2023-06-10 19:13:27,67,0,74500,26
734751,LL23052303M,982091101534751,1908,2023-06-10 19:16:02,431,0,75000,346
729902,LL23035307M,982091101529902,1908,2023-06-10 19:25:17,727,0,81500,440
734692,LL23050302M,982091101534692,1908,2023-06-10 19:37:29,321,0,74500,252
729902,LL23035307M,982091101529902,1908,2023-06-10 19:42:54,342,0,81500,235
734692,LL23050302M,982091101534692,1908,2023-06-10 19:48:48,239,0,74500,161
732966,LL23041902M,982091101532966,1908,2023-06-10 19:52:59,281,0,93500,360
734692,LL23050302M,982091101534692,1908,2023-06-10 19:57:52,68,0,75000,41
734709,LL23048502M,982091101534709,1908,2023-06-10 19:59:05,402,0,78000,369
734731,LL23052101M,982091101534731,1908,2023-06-10 20:05:51,326,0,91000,355
729902,LL23035307M,982091101529902,1908,2023-06-10 20:11:26,157,0,81500,114
734751,LL23052303M,982091101534751,1908,2023-06-10 20:14:07,478,0,75000,426
732966,LL23041902M,982091101532966,1908,2023-06-10 20:22:18,140,0,94000,156
734692,LL23050302M,982091101534692,1908,2023-06-10 20:25:34,222,0,75000,109
732909,LL23042102M,982091101532909,1908,2023-06-10 20:29:20,215,0,82000,104
737148,LL23051105M,982091101537148,1908,2023-06-10 20:33:00,352,0,82500,470
729902,LL23035307M,982091101529902,1908,2023-06-10 20:38:52,352,0,82500,274
734731,LL23052101M,982091101534731,1908,2023-06-10 20:45:00,481,0,90000,559
734692,LL23050302M,982091101534692,1908,2023-06-10 20:53:09,230,0,75000,155
732909,LL23042102M,982091101532909,1908,2023-06-10 20:56:59,1403,0,83500,1051
729902,LL23035307M,982091101529902,1908,2023-06-10 21:20:58,166,0,82000,138
734692,LL23050302M,982091101534692,1908,2023-06-10 21:23:48,317,0,75000,192
737097,LL23037303M,982091101537097,1908,2023-06-10 21:29:17,274,0,83500,349
732923,LL23042101M,982091101532923,1908,2023-06-10 22:37:59,650,0,76500,584
734751,LL23052303M,982091101534751,1908,2023-06-10 22:52:04,530,0,75500,493
732909,LL23042102M,982091101532909,1908,2023-06-10 23:01:14,720,0,85000,478
729902,LL23035307M,982091101529902,1908,2023-06-10 23:14:17,73,0,82500,76
734731,LL23052101M,982091101534731,1908,2023-06-10 23:38:01,91,0,91500,67
734731,LL23052101M,982091101534731,1908,2023-06-10 23:42:41,39,0,,37
734731,LL23052101M,982091101534731,1908,2023-06-10 23:48:03,106,0,92000,99
735083,LL23029205M,982091101535083,1908,2023-06-10 23:55:37,734,0,76500,565
732966,LL23041902M,982091101532966,1908,2023-06-11 00:23:45,156,0,92500,181
732923,LL23042101M,982091101532923,1908,2023-06-11 00:26:37,542,0,77000,429
729897,LL23038102M,982091101529897,1908,2023-06-11 00:35:39,627,0,78000,336
729889,LL23037601M,982091101529889,1908,2023-06-11 00:46:10,927,0,94500,760
729897,LL23038102M,982091101529897,1908,2023-06-11 01:01:57,627,0,79000,394
734709,LL23048502M,982091101534709,1908,2023-06-11 01:12:32,648,0,77500,569
732909,LL23042102M,982091101532909,1908,2023-06-11 01:23:37,172,0,85000,128
732923,LL23042101M,982091101532923,1908,2023-06-11 02:01:40,49,0,,33
729897,LL23038102M,982091101529897,1908,2023-06-11 02:58:54,46,0,,23
732923,LL23042101M,982091101532923,1908,2023-06-11 03:07:36,441,0,77000,457
734709,LL23048502M,982091101534709,1908,2023-06-11 03:29:47,289,0,78500,236
732923,LL23042101M,982091101532923,1908,2023-06-11 03:34:48,171,0,77500,157
729902,LL23035307M,982091101529902,1908,2023-06-11 03:55:57,67,0,83000,64
734709,LL23048502M,982091101534709,1908,2023-06-11 03:58:28,87,0,78000,56
729889,LL23037601M,982091101529889,1908,2023-06-11 03:59:59,62,0,94500,53
729897,LL23038102M,982091101529897,1908,2023-06-11 04:01:09,472,0,80000,286
734692,LL23050302M,982091101534692,1908,2023-06-11 04:10:33,746,0,75000,415
729897,LL23038102M,982091101529897,1908,2023-06-11 04:23:35,224,0,79500,173
729897,LL23038102M,982091101529897,1908,2023-06-11 04:31:32,47,0,,18
729889,LL23037601M,982091101529889,1908,2023-06-11 04:38:38,355,0,93500,283
729897,LL23038102M,982091101529897,1908,2023-06-11 05:17:18,37,0,,23
735034,LL23026202M,982091101535034,1908,2023-06-11 05:27:24,699,0,94000,448
735083,LL23029205M,982091101535083,1908,2023-06-11 05:43:58,249,0,75500,215
729897,LL23038102M,982091101529897,1908,2023-06-11 06:23:10,255,0,79500,152
734731,LL23052101M,982091101534731,1908,2023-06-11 06:29:29,899,0,89000,859
735028,LL23029207M,984000005032083,1908,2023-06-11 06:45:09,922,0,78500,566
735083,LL23029205M,982091101535083,1908,2023-06-11 07:00:47,542,0,75000,169
734731,LL23052101M,982091101534731,1908,2023-06-11 07:11:14,138,0,89500,174
735034,LL23026202M,982091101535034,1908,2023-06-11 07:13:48,1126,0,93500,863
729897,LL23038102M,982091101529897,1908,2023-06-11 07:32:50,123,0,79500,116
729889,LL23037601M,982091101529889,1908,2023-06-11 07:35:01,776,0,94500,773
735083,LL23029205M,982091101535083,1908,2023-06-11 07:48:09,143,0,75000,63
735028,LL23029207M,984000005032083,1908,2023-06-11 07:50:44,158,0,79500,65
735083,LL23029205M,982091101535083,1908,2023-06-11 07:54:06,44,0,,2
735028,LL23029207M,984000005032083,1908,2023-06-11 07:55:06,44,0,,10
734731,LL23052101M,982091101534731,1908,2023-06-11 07:56:02,63,0,89000,69
729897,LL23038102M,982091101529897,1908,2023-06-11 07:57:22,268,0,80000,221
732966,LL23041902M,982091101532966,1908,2023-06-11 08:01:54,731,0,91000,674
729897,LL23038102M,982091101529897,1908,2023-06-11 08:16:05,99,0,82000,58
734709,LL23048502M,982091101534709,1908,2023-06-11 08:17:44,406,0,77500,332
734751,LL23052303M,982091101534751,1908,2023-06-11 08:25:50,650,0,73000,424
729897,LL23038102M,982091101529897,1908,2023-06-11 08:37:20,148,0,81000,126
735083,LL23029205M,982091101535083,1908,2023-06-11 08:40:44,190,0,74500,10
729897,LL23038102M,982091101529897,1908,2023-06-11 08:44:18,148,0,81500,129
729897,LL23038102M,982091101529897,1908,2023-06-11 09:27:50,452,0,80500,285
735083,LL23029205M,982091101535083,1908,2023-06-11 09:42:22,619,0,74500,474
729889,LL23037601M,982091101529889,1908,2023-06-11 09:52:49,153,0,95000,104
737097,LL23037303M,982091101537097,1908,2023-06-11 09:55:38,588,0,80500,681
735028,LL23029207M,984000005032083,1908,2023-06-11 10:05:30,380,0,80500,318
729897,LL23038102M,982091101529897,1908,2023-06-11 10:11:58,197,0,81000,167
737097,LL23037303M,982091101537097,1908,2023-06-11 10:16:23,27,0,,1
735028,LL23029207M,984000005032083,1908,2023-06-11 10:17:50,238,0,81000,259
734751,LL23052303M,982091101534751,1908,2023-06-11 10:29:54,448,0,74000,380
729889,LL23037601M,982091101529889,1908,2023-06-11 10:39:03,670,0,95500,637
737148,LL23051105M,982091101537148,1908,2023-06-11 10:50:29,483,0,80000,675
734751,LL23052303M,982091101534751,1908,2023-06-11 11:07:29,200,0,74500,163
737148,LL23051105M,982091101537148,1908,2023-06-11 11:12:45,212,0,80000,217
735083,LL23029205M,982091101535083,1908,2023-06-11 11:48:16,383,0,76000,254
729902,LL23035307M,982091101529902,1908,2023-06-11 12:21:27,155,0,81000,49
729897,LL23038102M,982091101529897,1908,2023-06-11 12:25:26,55,0,,34
737148,LL23051105M,982091101537148,1908,2023-06-11 12:26:29,314,0,81000,397
735034,LL23026202M,982091101535034,1908,2023-06-11 12:31:59,1209,0,94000,1141
729902,LL23035307M,982091101529902,1908,2023-06-11 12:52:28,697,0,79500,215
735083,LL23029205M,982091101535083,1908,2023-06-11 13:04:21,173,0,75500,110
732966,LL23041902M,982091101532966,1908,2023-06-11 13:07:26,805,0,91500,891
734709,LL23048502M,982091101534709,1908,2023-06-11 13:21:04,729,0,78000,596
735083,LL23029205M,982091101535083,1908,2023-06-11 13:33:33,752,0,76000,578
732923,LL23042101M,982091101532923,1908,2023-06-11 13:46:10,960,0,74500,665
734692,LL23050302M,982091101534692,1908,2023-06-11 14:11:44,497,0,72500,292
732909,LL23042102M,982091101532909,1908,2023-06-11 14:20:09,1091,0,83000,678
734692,LL23050302M,982091101534692,1908,2023-06-11 14:38:32,26,0,,14
735028,LL23029207M,984000005032083,1908,2023-06-11 14:39:02,329,0,81500,401
737097,LL23037303M,982091101537097,1908,2023-06-11 14:44:39,482,0,80500,537
729902,LL23035307M,982091101529902,1908,2023-06-11 14:52:45,197,0,79000,90
734751,LL23052303M,982091101534751,1908,2023-06-11 14:56:06,755,0,74000,533
735083,LL23029205M,982091101535083,1908,2023-06-11 15:09:01,345,0,77000,242
729902,LL23035307M,982091101529902,1908,2023-06-11 15:14:55,378,0,79000,151
737097,LL23037303M,982091101537097,1908,2023-06-11 15:22:09,195,0,81000,290
734709,LL23048502M,982091101534709,1908,2023-06-11 15:27:25,425,0,78000,280
729902,LL23035307M,982091101529902,1908,2023-06-11 15:34:51,181,0,81000,127
729889,LL23037601M,982091101529889,1908,2023-06-11 15:38:01,612,0,95000,550
734692,LL23050302M,982091101534692,1908,2023-06-11 15:48:42,554,0,72000,355
735083,LL23029205M,982091101535083,1908,2023-06-11 15:58:04,288,0,77000,150
737148,LL23051105M,982091101537148,1908,2023-06-11 16:03:57,209,0,81000,283
729902,LL23035307M,982091101529902,1908,2023-06-11 16:07:30,232,0,79500,117
735034,LL23026202M,982091101535034,1908,2023-06-11 16:11:46,558,0,95500,564
729902,LL23035307M,982091101529902,1908,2023-06-11 16:22:20,147,0,79500,108
732923,LL23042101M,982091101532923,1908,2023-06-11 16:25:08,211,0,76000,182
734692,LL23050302M,982091101534692,1908,2023-06-11 16:28:47,125,0,73000,87
729902,LL23035307M,982091101529902,1908,2023-06-11 16:31:32,72,0,79500,80
734692,LL23050302M,982091101534692,1908,2023-06-11 16:34:23,84,0,73000,63
729902,LL23035307M,982091101529902,1908,2023-06-11 16:37:48,618,0,80500,373
737148,LL23051105M,982091101537148,1908,2023-06-11 16:51:12,361,0,82000,424
734692,LL23050302M,982091101534692,1908,2023-06-11 16:58:01,34,0,,18
734709,LL23048502M,982091101534709,1908,2023-06-11 16:59:40,438,0,78000,218
734751,LL23052303M,982091101534751,1908,2023-06-11 17:10:45,579,0,75500,477
732966,LL23041902M,982091101532966,1908,2023-06-11 17:20:32,62,0,92500,64
734709,LL23048502M,982091101534709,1908,2023-06-11 17:22:42,85,0,78000,76
732966,LL23041902M,982091101532966,1908,2023-06-11 17:24:31,276,0,93000,317
734692,LL23050302M,982091101534692,1908,2023-06-11 17:29:20,374,0,73000,194
737097,LL23037303M,982091101537097,1908,2023-06-11 17:38:07,33,0,,9
729902,LL23035307M,982091101529902,1908,2023-06-11 17:49:14,92,0,81000,78
735034,LL23026202M,982091101535034,1908,2023-06-11 17:51:18,362,0,96000,329
735083,LL23029205M,982091101535083,1908,2023-06-11 17:57:20,393,0,77000,374
732909,LL23042102M,982091101532909,1908,2023-06-11 18:04:09,1408,0,83000,886
729902,LL23035307M,982091101529902,1908,2023-06-11 18:27:57,430,0,81500,405
734709,LL23048502M,982091101534709,1908,2023-06-11 18:35:47,243,0,78000,213
734692,LL23050302M,982091101534692,1908,2023-06-11 18:40:06,338,0,74000,160
732966,LL23041902M,982091101532966,1908,2023-06-11 18:54:10,313,0,93000,371
729902,LL23035307M,982091101529902,1908,2023-06-11 18:59:27,264,0,82000,226
734731,LL23052101M,982091101534731,1908,2023-06-11 19:04:38,1370,0,88500,1348
734692,LL23050302M,982091101534692,1908,2023-06-11 19:27:44,564,0,74000,386
734731,LL23052101M,982091101534731,1908,2023-06-11 19:37:16,295,0,89500,352
735034,LL23026202M,982091101535034,1908,2023-06-11 19:42:18,117,0,95500,129
734751,LL23052303M,982091101534751,1908,2023-06-11 19:44:23,396,0,75500,312
737148,LL23051105M,982091101537148,1908,2023-06-11 19:52:11,283,0,82000,398
732909,LL23042102M,982091101532909,1908,2023-06-11 19:57:18,23,0,,24
734692,LL23050302M,982091101534692,1908,2023-06-11 19:57:57,155,0,74500,108
737097,LL23037303M,982091101537097,1908,2023-06-11 20:02:33,680,0,82000,803
729902,LL23035307M,982091101529902,1908,2023-06-11 20:14:09,21,0,,37
734709,LL23048502M,982091101534709,1908,2023-06-11 20:15:14,41,0,,34
729902,LL23035307M,982091101529902,1908,2023-06-11 20:15:59,338,0,82500,253
734709,LL23048502M,982091101534709,1908,2023-06-11 20:22:57,339,0,79000,278
737148,LL23051105M,982091101537148,1908,2023-06-11 20:45:41,218,0,82000,308
732909,LL23042102M,982091101532909,1908,2023-06-11 20:51:10,87,0,85000,41
732909,LL23042102M,982091101532909,1908,2023-06-11 20:55:41,51,0,,42
732966,LL23041902M,982091101532966,1908,2023-06-11 20:57:32,450,0,93500,681
732923,LL23042101M,982091101532923,1908,2023-06-11 21:22:10,689,0,76500,570
734692,LL23050302M,982091101534692,1908,2023-06-11 21:33:51,65,0,75000,51
734692,LL23050302M,982091101534692,1908,2023-06-11 21:39:46,68,0,74000,43
734692,LL23050302M,982091101534692,1908,2023-06-11 21:45:04,78,0,74500,53
735083,LL23029205M,982091101535083,1908,2023-06-11 21:52:42,255,0,77500,216
735028,LL23029207M,984000005032083,1908,2023-06-11 21:57:04,799,0,79500,874
729897,LL23038102M,982091101529897,1908,2023-06-11 22:10:27,591,0,77500,287
734692,LL23050302M,982091101534692,1908,2023-06-11 22:20:18,30,0,,20
729897,LL23038102M,982091101529897,1908,2023-06-11 22:20:56,62,0,78000,35
737097,LL23037303M,982091101537097,1908,2023-06-11 22:23:19,359,0,82000,445
734692,LL23050302M,982091101534692,1908,2023-06-11 22:30:46,49,0,,37
729897,LL23038102M,982091101529897,1908,2023-06-11 22:32:03,201,0,78000,171
734692,LL23050302M,982091101534692,1908,2023-06-11 22:35:36,96,0,75000,79
734751,LL23052303M,982091101534751,1908,2023-06-11 22:37:36,484,0,76000,346
729902,LL23035307M,982091101529902,1908,2023-06-11 22:45:57,276,0,83000,206
732909,LL23042102M,982091101532909,1908,2023-06-11 22:55:57,72,0,83000,38
732909,LL23042102M,982091101532909,1908,2023-06-11 22:59:13,700,0,84000,435
734692,LL23050302M,982091101534692,1908,2023-06-11 23:11:17,359,0,75500,202
729902,LL23035307M,982091101529902,1908,2023-06-11 23:19:48,164,0,83000,110
734731,LL23052101M,982091101534731,1908,2023-06-11 23:37:21,486,0,90500,352
732909,LL23042102M,982091101532909,1908,2023-06-12 00:16:55,940,0,85000,658
729897,LL23038102M,982091101529897,1908,2023-06-12 00:32:55,437,0,79500,280
732923,LL23042101M,982091101532923,1908,2023-06-12 01:23:48,144,0,75500,120
729897,LL23038102M,982091101529897,1908,2023-06-12 01:27:05,135,0,80000,118
734751,LL23052303M,982091101534751,1908,2023-06-12 01:29:36,278,0,75500,181
729889,LL23037601M,982091101529889,1908,2023-06-12 01:34:26,1058,0,94000,963
735028,LL23029207M,984000005032083,1908,2023-06-12 02:20:21,53,0,,51
734709,LL23048502M,982091101534709,1908,2023-06-12 02:41:24,439,0,78500,382
732923,LL23042101M,982091101532923,1908,2023-06-12 02:49:27,709,0,76500,636
734751,LL23052303M,982091101534751,1908,2023-06-12 03:10:49,302,0,75500,263
729889,LL23037601M,982091101529889,1908,2023-06-12 04:19:31,92,0,95000,70
729897,LL23038102M,982091101529897,1908,2023-06-12 04:21:43,377,0,79500,189
734709,LL23048502M,982091101534709,1908,2023-06-12 04:29:01,238,0,77500,215
735083,LL23029205M,982091101535083,1908,2023-06-12 04:35:03,435,0,77000,376
735034,LL23026202M,982091101535034,1908,2023-06-12 04:59:15,106,0,93000,50
735034,LL23026202M,982091101535034,1908,2023-06-12 05:03:33,105,0,92500,83
729897,LL23038102M,982091101529897,1908,2023-06-12 05:05:54,253,0,79000,211
729897,LL23038102M,982091101529897,1908,2023-06-12 05:43:02,37,0,,25
735034,LL23026202M,982091101535034,1908,2023-06-12 05:56:23,134,0,93000,68
734692,LL23050302M,982091101534692,1908,2023-06-12 06:00:21,538,0,74500,263
735083,LL23029205M,982091101535083,1908,2023-06-12 06:12:02,43,0,,30
732923,LL23042101M,982091101532923,1908,2023-06-12 06:12:49,495,0,76500,427
729897,LL23038102M,982091101529897,1908,2023-06-12 06:25:27,34,0,,20
729889,LL23037601M,982091101529889,1908,2023-06-12 06:26:01,566,0,94000,531
729897,LL23038102M,982091101529897,1908,2023-06-12 06:52:35,47,0,,25
729889,LL23037601M,982091101529889,1908,2023-06-12 07:00:13,73,0,94500,51
729897,LL23038102M,982091101529897,1908,2023-06-12 07:14:40,31,0,,19
732909,LL23042102M,982091101532909,1908,2023-06-12 07:17:04,608,0,84500,381
735034,LL23026202M,982091101535034,1908,2023-06-12 07:27:20,590,0,92000,512
732966,LL23041902M,982091101532966,1908,2023-06-12 07:40:59,932,0,92000,845
734731,LL23052101M,982091101534731,1908,2023-06-12 07:56:35,88,0,89000,97
735083,LL23029205M,982091101535083,1908,2023-06-12 07:58:11,26,0,,9
729889,LL23037601M,982091101529889,1908,2023-06-12 07:59:05,80,0,97000,24
735028,LL23029207M,984000005032083,1908,2023-06-12 08:01:05,565,0,80000,459
729897,LL23038102M,982091101529897,1908,2023-06-12 08:10:30,507,0,80000,422
734731,LL23052101M,982091101534731,1908,2023-06-12 08:19:06,910,0,90500,1102
734709,LL23048502M,982091101534709,1908,2023-06-12 08:34:16,586,0,77500,541
735034,LL23026202M,982091101535034,1908,2023-06-12 08:44:18,450,0,93500,427
735028,LL23029207M,984000005032083,1908,2023-06-12 08:51:48,225,0,81000,237
734731,LL23052101M,982091101534731,1908,2023-06-12 08:55:49,68,0,91000,94
735083,LL23029205M,982091101535083,1908,2023-06-12 08:57:01,173,0,76000,104
735028,LL23029207M,984000005032083,1908,2023-06-12 09:00:10,63,0,81500,54
735083,LL23029205M,982091101535083,1908,2023-06-12 09:01:13,380,0,76500,282
729897,LL23038102M,982091101529897,1908,2023-06-12 09:07:37,299,0,80500,247
734751,LL23052303M,982091101534751,1908,2023-06-12 09:12:40,555,0,75000,384
737148,LL23051105M,982091101537148,1908,2023-06-12 09:22:07,460,0,81000,632
735028,LL23029207M,984000005032083,1908,2023-06-12 09:30:20,239,0,81500,230
735028,LL23029207M,984000005032083,1908,2023-06-12 09:39:41,64,0,81500,50
737148,LL23051105M,982091101537148,1908,2023-06-12 09:40:57,26,0,,7
729889,LL23037601M,982091101529889,1908,2023-06-12 09:44:31,778,0,95500,739
735028,LL23029207M,984000005032083,1908,2023-06-12 10:00:01,125,0,82500,94
737097,LL23037303M,982091101537097,1908,2023-06-12 10:02:14,654,0,82000,697
729902,LL23035307M,982091101529902,1908,2023-06-12 10:13:08,175,0,81500,98
735028,LL23029207M,984000005032083,1908,2023-06-12 10:16:07,310,0,83000,330
732923,LL23042101M,982091101532923,1908,2023-06-12 10:21:21,528,0,76500,470
737097,LL23037303M,982091101537097,1908,2023-06-12 10:30:33,114,0,82000,130
729902,LL23035307M,982091101529902,1908,2023-06-12 10:32:27,215,0,80500,98
735028,LL23029207M,984000005032083,1908,2023-06-12 10:36:07,204,0,83500,197
729897,LL23038102M,982091101529897,1908,2023-06-12 10:39:51,417,0,81500,349
729902,LL23035307M,982091101529902,1908,2023-06-12 10:47:00,57,0,,83
729897,LL23038102M,982091101529897,1908,2023-06-12 10:49:10,24,0,,25
734709,LL23048502M,982091101534709,1908,2023-06-12 10:51:15,373,0,78000,322
735028,LL23029207M,984000005032083,1908,2023-06-12 10:57:40,32,0,,28
729897,LL23038102M,982091101529897,1908,2023-06-12 10:58:40,161,0,82000,98
734731,LL23052101M,982091101534731,1908,2023-06-12 11:01:54,76,0,90500,99
737097,LL23037303M,982091101537097,1908,2023-06-12 11:03:34,25,0,,7
734731,LL23052101M,982091101534731,1908,2023-06-12 11:05:59,69,0,91500,51
735083,LL23029205M,982091101535083,1908,2023-06-12 11:29:00,439,0,76500,335
735034,LL23026202M,982091101535034,1908,2023-06-12 11:36:35,133,0,94000,103
735034,LL23026202M,982091101535034,1908,2023-06-12 11:41:30,183,0,94000,110
737148,LL23051105M,982091101537148,1908,2023-06-12 12:35:06,205,0,82500,251
735083,LL23029205M,982091101535083,1908,2023-06-12 12:41:46,72,0,77500,43
734751,LL23052303M,982091101534751,1908,2023-06-12 12:48:46,633,0,75500,541
735028,LL23029207M,984000005032083,1908,2023-06-12 12:59:31,386,0,85000,387
732966,LL23041902M,982091101532966,1908,2023-06-12 13:09:11,665,0,94500,745
734692,LL23050302M,982091101534692,1908,2023-06-12 13:20:48,899,0,76000,425
735034,LL23026202M,982091101535034,1908,2023-06-12 13:35:47,218,0,95000,255
734692,LL23050302M,982091101534692,1908,2023-06-12 13:39:33,52,0,,42
735034,LL23026202M,982091101535034,1908,2023-06-12 13:40:38,516,0,95500,527
729902,LL23035307M,982091101529902,1908,2023-06-12 13:49:18,159,0,81500,103
735083,LL23029205M,982091101535083,1908,2023-06-12 13:52:17,322,0,78000,193
729889,LL23037601M,982091101529889,1908,2023-06-12 13:57:59,327,0,98500,287
729902,LL23035307M,982091101529902,1908,2023-06-12 14:03:26,257,0,81000,103
735083,LL23029205M,982091101535083,1908,2023-06-12 14:07:59,403,0,78000,201
737097,LL23037303M,982091101537097,1908,2023-06-12 14:14:46,153,0,83500,199
734709,LL23048502M,982091101534709,1908,2023-06-12 14:17:23,99,0,79000,88
729897,LL23038102M,982091101529897,1908,2023-06-12 14:19:10,348,0,82000,270
729902,LL23035307M,982091101529902,1908,2023-06-12 14:25:06,141,0,81000,96
732909,LL23042102M,982091101532909,1908,2023-06-12 14:27:35,1359,0,84000,881
729902,LL23035307M,982091101529902,1908,2023-06-12 14:50:18,111,0,81500,97
737097,LL23037303M,982091101537097,1908,2023-06-12 14:52:13,330,0,84000,423
735083,LL23029205M,982091101535083,1908,2023-06-12 14:58:55,121,0,78000,58
737097,LL23037303M,982091101537097,1908,2023-06-12 15:01:00,23,0,,2
735083,LL23029205M,982091101535083,1908,2023-06-12 15:01:48,480,0,78000,363
729902,LL23035307M,982091101529902,1908,2023-06-12 15:09:57,823,0,81500,402
737148,LL23051105M,982091101537148,1908,2023-06-12 15:24:16,382,0,82500,553
735034,LL23026202M,982091101535034,1908,2023-06-12 15:30:59,357,0,95500,314
734709,LL23048502M,982091101534709,1908,2023-06-12 15:37:00,368,0,79000,319
735028,LL23029207M,984000005032083,1908,2023-06-12 15:43:17,479,0,86000,474
729902,LL23035307M,982091101529902,1908,2023-06-12 15:51:32,427,0,82000,290
734692,LL23050302M,982091101534692,1908,2023-06-12 15:58:47,419,0,75000,239
729897,LL23038102M,982091101529897,1908,2023-06-12 16:05:46,320,0,82000,205
734751,LL23052303M,982091101534751,1908,2023-06-12 16:11:10,689,0,76500,449
729902,LL23035307M,982091101529902,1908,2023-06-12 16:22:47,168,0,82500,175
734751,LL23052303M,982091101534751,1908,2023-06-12 16:26:11,48,0,,25
732966,LL23041902M,982091101532966,1908,2023-06-12 16:27:27,481,0,95500,567
732923,LL23042101M,982091101532923,1908,2023-06-12 16:37:13,775,0,77500,715
734692,LL23050302M,982091101534692,1908,2023-06-12 16:50:32,72,0,75000,48
734709,LL23048502M,982091101534709,1908,2023-06-12 16:51:48,390,0,78500,369
735083,LL23029205M,982091101535083,1908,2023-06-12 16:58:26,508,0,78500,280
729902,LL23035307M,982091101529902,1908,2023-06-12 17:07:10,125,0,81500,136
735083,LL23029205M,982091101535083,1908,2023-06-12 17:09:20,167,0,79000,129
735034,LL23026202M,982091101535034,1908,2023-06-12 17:12:15,349,0,96500,320
734692,LL23050302M,982091101534692,1908,2023-06-12 17:18:44,72,0,74500,50
729897,LL23038102M,982091101529897,1908,2023-06-12 17:20:48,14,0,,10
729889,LL23037601M,982091101529889,1908,2023-06-12 17:22:18,84,0,96000,76
737148,LL23051105M,982091101537148,1908,2023-06-12 17:24:02,14,0,,14
729889,LL23037601M,982091101529889,1908,2023-06-12 17:24:33,17,0,,24
734731,LL23052101M,982091101534731,1908,2023-06-12 17:25:42,24,0,,43
729897,LL23038102M,982091101529897,1908,2023-06-12 17:26:10,15,0,,16
737097,LL23037303M,982091101537097,1908,2023-06-12 17:26:29,17,0,,2
729889,LL23037601M,982091101529889,1908,2023-06-12 17:26:54,14,0,,23
734731,LL23052101M,982091101534731,1908,2023-06-12 17:27:37,111,0,91000,143
735028,LL23029207M,984000005032083,1908,2023-06-12 17:29:41,24,0,,25
729889,LL23037601M,982091101529889,1908,2023-06-12 17:30:09,693,0,98000,650
737148,LL23051105M,982091101537148,1908,2023-06-12 17:41:50,136,0,83000,222
729902,LL23035307M,982091101529902,1908,2023-06-12 17:44:22,110,0,82500,125
737097,LL23037303M,982091101537097,1908,2023-06-12 17:46:48,434,0,84500,504
734692,LL23050302M,982091101534692,1908,2023-06-12 17:54:02,99,0,74000,86
729902,LL23035307M,982091101529902,1908,2023-06-12 17:55:49,140,0,82500,156
734692,LL23050302M,982091101534692,1908,2023-06-12 17:58:41,165,0,74500,126
729902,LL23035307M,982091101529902,1908,2023-06-12 18:01:34,140,0,83000,88
737148,LL23051105M,982091101537148,1908,2023-06-12 18:03:58,141,0,82750,178
734692,LL23050302M,982091101534692,1908,2023-06-12 18:06:35,110,0,74500,62
732909,LL23042102M,982091101532909,1908,2023-06-12 18:08:45,580,0,86000,317
734709,LL23048502M,982091101534709,1908,2023-06-12 18:18:29,405,0,78500,364
732923,LL23042101M,982091101532923,1908,2023-06-12 18:26:23,433,0,77500,291
732966,LL23041902M,982091101532966,1908,2023-06-12 18:46:51,469,0,95000,420
735034,LL23026202M,982091101535034,1908,2023-06-12 18:55:20,813,0,95500,797
734692,LL23050302M,982091101534692,1908,2023-06-12 19:08:57,761,0,75500,358
732966,LL23041902M,982091101532966,1908,2023-06-12 19:22:51,69,0,95000,61
734692,LL23050302M,982091101534692,1908,2023-06-12 19:25:12,65,0,75500,43
737148,LL23051105M,982091101537148,1908,2023-06-12 19:27:16,405,0,83000,530
734692,LL23050302M,982091101534692,1908,2023-06-12 19:47:48,77,0,75500,36
734709,LL23048502M,982091101534709,1908,2023-06-12 20:03:24,565,0,79000,498
735034,LL23026202M,982091101535034,1908,2023-06-12 20:13:16,47,0,,42
737097,LL23037303M,982091101537097,1908,2023-06-12 20:21:58,39,0,,1
734731,LL23052101M,982091101534731,1908,2023-06-12 20:23:05,1133,0,91500,1205
734751,LL23052303M,982091101534751,1908,2023-06-12 20:42:06,604,0,76000,459
732923,LL23042101M,982091101532923,1908,2023-06-12 20:52:46,414,0,78500,353
734692,LL23050302M,982091101534692,1908,2023-06-12 21:00:44,15,0,,6
737097,LL23037303M,982091101537097,1908,2023-06-12 21:02:20,632,0,85500,842
732909,LL23042102M,982091101532909,1908,2023-06-12 21:13:37,55,0,,51
737148,LL23051105M,982091101537148,1908,2023-06-12 21:14:56,266,0,83000,342
732909,LL23042102M,982091101532909,1908,2023-06-12 21:19:37,114,0,85000,70
732966,LL23041902M,982091101532966,1908,2023-06-12 21:21:39,570,0,95000,820
734692,LL23050302M,982091101534692,1908,2023-06-12 21:31:14,813,0,75500,527
729902,LL23035307M,982091101529902,1908,2023-06-12 21:44:59,171,0,83500,136
735083,LL23029205M,982091101535083,1908,2023-06-12 21:48:10,430,0,77500,279
729902,LL23035307M,982091101529902,1908,2023-06-12 21:55:25,320,0,83500,242
732909,LL23042102M,982091101532909,1908,2023-06-12 22:01:25,1086,0,86000,826
734692,LL23050302M,982091101534692,1908,2023-06-12 22:19:39,208,0,76500,65
737148,LL23051105M,982091101537148,1908,2023-06-12 22:23:20,259,0,84000,366
734692,LL23050302M,982091101534692,1908,2023-06-12 22:34:37,100,0,76250,53
729902,LL23035307M,982091101529902,1908,2023-06-12 22:36:26,366,0,84000,340
734709,LL23048502M,982091101534709,1908,2023-06-12 22:42:32,509,0,80000,463
734751,LL23052303M,982091101534751,1908,2023-06-12 22:51:09,488,0,76750,456
734692,LL23050302M,982091101534692,1908,2023-06-12 23:02:21,467,0,77500,314
734751,LL23052303M,982091101534751,1908,2023-06-12 23:10:28,235,0,76250,209
729897,LL23038102M,982091101529897,1908,2023-06-12 23:45:24,418,0,81000,200
734731,LL23052101M,982091101534731,1908,2023-06-12 23:57:06,53,0,,42
732909,LL23042102M,982091101532909,1908,2023-06-13 00:23:00,103,0,87000,66
732909,LL23042102M,982091101532909,1908,2023-06-13 00:29:56,145,0,87000,68
732909,LL23042102M,982091101532909,1908,2023-06-13 00:36:32,30,0,,16
735083,LL23029205M,982091101535083,1908,2023-06-13 00:47:39,191,0,77500,115
732909,LL23042102M,982091101532909,1908,2023-06-13 01:01:33,122,0,86500,41
732909,LL23042102M,982091101532909,1908,2023-06-13 01:25:56,799,0,86500,521
729897,LL23038102M,982091101529897,1908,2023-06-13 01:50:31,552,0,79500,237
737097,LL23037303M,982091101537097,1908,2023-06-13 02:00:23,331,0,84500,453
729902,LL23035307M,982091101529902,1908,2023-06-13 02:12:12,137,0,83000,104
732923,LL23042101M,982091101532923,1908,2023-06-13 02:15:21,94,0,77500,66
734731,LL23052101M,982091101534731,1908,2023-06-13 02:17:31,879,0,90500,1012
735028,LL23029207M,984000005032083,1908,2023-06-13 02:32:46,662,0,84500,674
732923,LL23042101M,982091101532923,1908,2023-06-13 03:22:46,324,0,77000,248
734731,LL23052101M,982091101534731,1908,2023-06-13 03:28:58,28,0,,38
732923,LL23042101M,982091101532923,1908,2023-06-13 03:33:15,229,0,77500,134
732923,LL23042101M,982091101532923,1908,2023-06-13 03:42:17,74,0,77000,41
729889,LL23037601M,982091101529889,1908,2023-06-13 04:42:36,1128,0,93500,1079
734731,LL23052101M,982091101534731,1908,2023-06-13 05:16:45,31,0,,2
729897,LL23038102M,982091101529897,1908,2023-06-13 05:26:47,753,0,79500,409
729897,LL23038102M,982091101529897,1908,2023-06-13 05:48:16,542,0,79500,324
729897,LL23038102M,982091101529897,1908,2023-06-13 06:25:41,144,0,79000,50
729889,LL23037601M,982091101529889,1908,2023-06-13 06:28:38,60,0,,55
732923,LL23042101M,982091101532923,1908,2023-06-13 06:31:06,573,0,77000,510
735083,LL23029205M,982091101535083,1908,2023-06-13 06:44:15,379,0,77000,278
734751,LL23052303M,982091101534751,1908,2023-06-13 06:50:42,292,0,76500,173
734709,LL23048502M,982091101534709,1908,2023-06-13 06:57:35,647,0,78500,516
732923,LL23042101M,982091101532923,1908,2023-06-13 07:10:23,30,0,,11
735083,LL23029205M,982091101535083,1908,2023-06-13 07:20:22,422,0,76000,292
735028,LL23029207M,984000005032083,1908,2023-06-13 07:30:07,532,0,82500,495
729897,LL23038102M,982091101529897,1908,2023-06-13 07:39:03,180,0,80500,117
735028,LL23029207M,984000005032083,1908,2023-06-13 07:42:40,266,0,83500,183
729889,LL23037601M,982091101529889,1908,2023-06-13 07:47:10,443,0,96500,409
734692,LL23050302M,982091101534692,1908,2023-06-13 07:55:01,658,0,76000,471
729897,LL23038102M,982091101529897,1908,2023-06-13 08:06:24,273,0,80500,162
732966,LL23041902M,982091101532966,1908,2023-06-13 08:15:41,721,0,93500,646
729889,LL23037601M,982091101529889,1908,2023-06-13 08:28:06,68,0,95250,49
732923,LL23042101M,982091101532923,1908,2023-06-13 08:30:53,363,0,77000,346
735034,LL23026202M,982091101535034,1908,2023-06-13 08:37:04,1134,0,93500,1025
729897,LL23038102M,982091101529897,1908,2023-06-13 08:56:14,834,0,82000,494
729889,LL23037601M,982091101529889,1908,2023-06-13 09:12:08,45,0,,10
735083,LL23029205M,982091101535083,1908,2023-06-13 09:14:06,129,0,74500,64
729897,LL23038102M,982091101529897,1908,2023-06-13 09:16:52,171,0,82000,78
732923,LL23042101M,982091101532923,1908,2023-06-13 09:23:51,256,0,77000,214
734731,LL23052101M,982091101534731,1908,2023-06-13 09:38:34,552,0,91500,602
737148,LL23051105M,982091101537148,1908,2023-06-13 09:48:23,450,0,82000,562
729902,LL23035307M,982091101529902,1908,2023-06-13 09:55:53,729,0,81500,256
729902,LL23035307M,982091101529902,1908,2023-06-13 10:10:02,79,0,81500,26
734751,LL23052303M,982091101534751,1908,2023-06-13 10:11:25,318,0,75500,190
732966,LL23041902M,982091101532966,1908,2023-06-13 10:16:55,561,0,94500,554
729897,LL23038102M,982091101529897,1908,2023-06-13 10:26:32,151,0,81500,96
734751,LL23052303M,982091101534751,1908,2023-06-13 10:29:03,89,0,75000,52
735028,LL23029207M,984000005032083,1908,2023-06-13 10:30:40,240,0,84000,278
737097,LL23037303M,982091101537097,1908,2023-06-13 10:34:52,476,0,82500,606
735028,LL23029207M,984000005032083,1908,2023-06-13 10:45:24,687,0,84500,626
737148,LL23051105M,982091101537148,1908,2023-06-13 10:57:23,243,0,82000,317
735083,LL23029205M,982091101535083,1908,2023-06-13 11:36:05,653,0,76000,519
729897,LL23038102M,982091101529897,1908,2023-06-13 11:47:02,434,0,82000,329
734751,LL23052303M,982091101534751,1908,2023-06-13 11:54:36,733,0,75000,563
729889,LL23037601M,982091101529889,1908,2023-06-13 12:07:21,892,0,97000,1001
735028,LL23029207M,984000005032083,1908,2023-06-13 12:22:45,421,0,87000,343
735034,LL23026202M,982091101535034,1908,2023-06-13 12:34:59,268,0,95500,59
734709,LL23048502M,982091101534709,1908,2023-06-13 12:42:28,768,0,78000,640
734751,LL23052303M,982091101534751,1908,2023-06-13 12:55:48,29,0,,5
735028,LL23029207M,984000005032083,1908,2023-06-13 12:56:25,282,0,86000,260
735034,LL23026202M,982091101535034,1908,2023-06-13 13:02:59,243,0,94500,42
737148,LL23051105M,982091101537148,1908,2023-06-13 13:07:50,255,0,83000,341
737097,LL23037303M,982091101537097,1908,2023-06-13 13:21:13,546,0,83000,700
729902,LL23035307M,982091101529902,1908,2023-06-13 13:30:27,256,0,80000,147
734751,LL23052303M,982091101534751,1908,2023-06-13 13:35:03,112,0,76000,35
729902,LL23035307M,982091101529902,1908,2023-06-13 13:37:00,128,0,80500,101
729889,LL23037601M,982091101529889,1908,2023-06-13 13:40:20,84,0,97500,77
732923,LL23042101M,982091101532923,1908,2023-06-13 13:41:52,413,0,76500,326
729902,LL23035307M,982091101529902,1908,2023-06-13 13:48:57,272,0,80500,137
737148,LL23051105M,982091101537148,1908,2023-06-13 13:54:13,76,0,83000,77
734731,LL23052101M,982091101534731,1908,2023-06-13 13:55:53,53,0,,65
729897,LL23038102M,982091101529897,1908,2023-06-13 13:56:50,365,0,82000,233
735083,LL23029205M,982091101535083,1908,2023-06-13 14:02:59,618,0,78000,488
729902,LL23035307M,982091101529902,1908,2023-06-13 14:13:41,123,0,81000,114
735083,LL23029205M,982091101535083,1908,2023-06-13 14:16:32,175,0,78000,55
734751,LL23052303M,982091101534751,1908,2023-06-13 14:19:52,60,0,,37
729902,LL23035307M,982091101529902,1908,2023-06-13 14:21:04,399,0,80500,323
732966,LL23041902M,982091101532966,1908,2023-06-13 14:28:24,610,0,95000,758
732923,LL23042101M,982091101532923,1908,2023-06-13 14:42:15,117,0,77000,77
735083,LL23029205M,982091101535083,1908,2023-06-13 14:45:40,108,0,77500,62
729902,LL23035307M,982091101529902,1908,2023-06-13 14:49:28,575,0,81000,412
734692,LL23050302M,982091101534692,1908,2023-06-13 15:06:34,393,0,75000,254
734692,LL23050302M,982091101534692,1908,2023-06-13 15:15:07,159,0,75000,105
734692,LL23050302M,982091101534692,1908,2023-06-13 15:20:51,79,0,74500,47
732909,LL23042102M,982091101532909,1908,2023-06-13 15:22:26,1430,0,84000,919
734692,LL23050302M,982091101534692,1908,2023-06-13 15:46:32,86,0,75500,45
735028,LL23029207M,984000005032083,1908,2023-06-13 15:49:26,489,0,87500,456
735083,LL23029205M,982091101535083,1908,2023-06-13 16:01:44,900,0,79500,496
734709,LL23048502M,982091101534709,1908,2023-06-13 16:16:56,480,0,80000,424
735034,LL23026202M,982091101535034,1908,2023-06-13 16:25:05,1084,0,94500,1042
737148,LL23051105M,982091101537148,1908,2023-06-13 16:43:17,352,0,84500,448
735083,LL23029205M,982091101535083,1908,2023-06-13 16:49:18,34,0,,24
734751,LL23052303M,982091101534751,1908,2023-06-13 16:50:04,430,0,76500,271
729902,LL23035307M,982091101529902,1908,2023-06-13 16:57:35,230,0,83000,212
734709,LL23048502M,982091101534709,1908,2023-06-13 17:01:25,107,0,80000,107
729889,LL23037601M,982091101529889,1908,2023-06-13 17:03:40,729,0,99000,783
734692,LL23050302M,982091101534692,1908,2023-06-13 17:15:57,562,0,75500,359
729902,LL23035307M,982091101529902,1908,2023-06-13 17:25:27,127,0,83500,142
737148,LL23051105M,982091101537148,1908,2023-06-13 17:27:43,53,0,,56
732923,LL23042101M,982091101532923,1908,2023-06-13 17:28:36,59,0,,38
734692,LL23050302M,982091101534692,1908,2023-06-13 17:29:35,46,0,,26
737097,LL23037303M,982091101537097,1908,2023-06-13 17:30:25,563,0,85500,718
734709,LL23048502M,982091101534709,1908,2023-06-13 17:39:48,238,0,80500,235
732923,LL23042101M,982091101532923,1908,2023-06-13 17:44:11,602,0,76500,456
734692,LL23050302M,982091101534692,1908,2023-06-13 17:55:01,27,0,,7
735034,LL23026202M,982091101535034,1908,2023-06-13 18:02:17,652,0,96500,635
729902,LL23035307M,982091101529902,1908,2023-06-13 18:18:24,208,0,84000,124
737097,LL23037303M,982091101537097,1908,2023-06-13 18:22:03,17,0,,1
734751,LL23052303M,982091101534751,1908,2023-06-13 18:22:36,674,0,76500,562
734709,LL23048502M,982091101534709,1908,2023-06-13 18:33:58,282,0,80000,280
737148,LL23051105M,982091101537148,1908,2023-06-13 18:42:17,353,0,85000,390
729902,LL23035307M,982091101529902,1908,2023-06-13 18:54:05,321,0,83000,236
734692,LL23050302M,982091101534692,1908,2023-06-13 18:59:30,35,0,,34
729902,LL23035307M,982091101529902,1908,2023-06-13 19:00:17,81,0,84000,70
734692,LL23050302M,982091101534692,1908,2023-06-13 19:02:06,31,0,,28
729902,LL23035307M,982091101529902,1908,2023-06-13 19:03:29,51,0,,66
732909,LL23042102M,982091101532909,1908,2023-06-13 19:04:52,714,0,84500,430
732966,LL23041902M,982091101532966,1908,2023-06-13 19:16:50,603,0,95500,937
734692,LL23050302M,982091101534692,1908,2023-06-13 19:27:13,193,0,75500,96
732923,LL23042101M,982091101532923,1908,2023-06-13 19:30:38,431,0,77500,337
735083,LL23029205M,982091101535083,1908,2023-06-13 19:38:01,588,0,80000,606
734709,LL23048502M,982091101534709,1908,2023-06-13 19:47:53,394,0,80500,369
737097,LL23037303M,982091101537097,1908,2023-06-13 19:57:35,469,0,85500,613
734692,LL23050302M,982091101534692,1908,2023-06-13 20:05:49,146,0,76000,107
729902,LL23035307M,982091101529902,1908,2023-06-13 20:08:19,311,0,84500,243
734692,LL23050302M,982091101534692,1908,2023-06-13 20:13:54,291,0,76500,222
734731,LL23052101M,982091101534731,1908,2023-06-13 20:19:13,1151,0,91500,1213
737148,LL23051105M,982091101537148,1908,2023-06-13 20:38:32,400,0,85000,539
732966,LL23041902M,982091101532966,1908,2023-06-13 20:47:08,426,0,96000,623
734709,LL23048502M,982091101534709,1908,2023-06-13 20:54:50,562,0,79500,478
734692,LL23050302M,982091101534692,1908,2023-06-13 21:04:16,587,0,77000,326
734692,LL23050302M,982091101534692,1908,2023-06-13 22:04:36,52,0,,25
734692,LL23050302M,982091101534692,1908,2023-06-13 22:08:04,82,0,76250,41
734692,LL23050302M,982091101534692,1908,2023-06-13 22:14:19,65,0,77250,48
737148,LL23051105M,982091101537148,1908,2023-06-13 22:20:07,381,0,85000,531
732923,LL23042101M,982091101532923,1908,2023-06-13 22:48:27,595,0,79000,539
729902,LL23035307M,982091101529902,1908,2023-06-13 23:02:14,253,0,85000,245
734751,LL23052303M,982091101534751,1908,2023-06-13 23:06:27,214,0,76500,204
734692,LL23050302M,982091101534692,1908,2023-06-13 23:16:27,80,0,77500,63
732923,LL23042101M,982091101532923,1908,2023-06-13 23:18:36,225,0,78000,31
732909,LL23042102M,982091101532909,1908,2023-06-13 23:22:29,1531,0,82500,1128
734692,LL23050302M,982091101534692,1908,2023-06-13 23:48:04,195,0,77500,169
734751,LL23052303M,982091101534751,1908,2023-06-13 23:51:27,195,0,75000,185
737097,LL23037303M,982091101537097,1908,2023-06-13 23:54:54,326,0,85500,381
734692,LL23050302M,982091101534692,1908,2023-06-14 00:00:24,99,0,76500,54
734731,LL23052101M,982091101534731,1908,2023-06-14 00:02:11,777,0,94000,922
734731,LL23052101M,982091101534731,1908,2023-06-14 00:17:08,83,0,92500,34
732909,LL23042102M,982091101532909,1908,2023-06-14 00:18:35,732,0,86500,447
734751,LL23052303M,982091101534751,1908,2023-06-14 00:48:33,80,0,74000,56
735083,LL23029205M,982091101535083,1908,2023-06-14 01:00:27,326,0,79500,235
729897,LL23038102M,982091101529897,1908,2023-06-14 01:06:33,288,0,81000,109
734692,LL23050302M,982091101534692,1908,2023-06-14 01:20:27,492,0,78500,346
734692,LL23050302M,982091101534692,1908,2023-06-14 01:30:39,99,0,78000,38
737148,LL23051105M,982091101537148,1908,2023-06-14 02:05:52,56,0,,64
735028,LL23029207M,984000005032083,1908,2023-06-14 02:08:51,964,0,85000,687
737097,LL23037303M,982091101537097,1908,2023-06-14 02:27:41,401,0,86000,487
734709,LL23048502M,982091101534709,1908,2023-06-14 02:46:09,340,0,80000,284
732909,LL23042102M,982091101532909,1908,2023-06-14 02:57:34,819,0,86000,381
729897,LL23038102M,982091101529897,1908,2023-06-14 03:11:21,1058,0,81000,504
732923,LL23042101M,982091101532923,1908,2023-06-14 03:29:03,450,0,74000,274
729897,LL23038102M,982091101529897,1908,2023-06-14 03:36:41,283,0,78500,87
729897,LL23038102M,982091101529897,1908,2023-06-14 03:44:39,24,0,,14
729889,LL23037601M,982091101529889,1908,2023-06-14 04:32:01,749,0,97000,410
729889,LL23037601M,982091101529889,1908,2023-06-14 04:47:05,45,0,,10
729889,LL23037601M,982091101529889,1908,2023-06-14 04:50:35,373,0,93000,328
734751,LL23052303M,982091101534751,1908,2023-06-14 05:04:45,328,0,74000,155
729889,LL23037601M,982091101529889,1908,2023-06-14 05:10:37,16,0,,3
732923,LL23042101M,982091101532923,1908,2023-06-14 05:15:35,283,0,77250,33
732909,LL23042102M,982091101532909,1908,2023-06-14 05:20:54,56,0,,6
732923,LL23042101M,982091101532923,1908,2023-06-14 05:23:46,72,0,74500,8
732923,LL23042101M,982091101532923,1908,2023-06-14 05:32:20,49,0,,6
729897,LL23038102M,982091101529897,1908,2023-06-14 06:34:03,85,0,81000,25
732923,LL23042101M,982091101532923,1908,2023-06-14 06:35:56,98,0,77000,34
729897,LL23038102M,982091101529897,1908,2023-06-14 06:39:34,313,0,82000,192
732923,LL23042101M,982091101532923,1908,2023-06-14 06:44:51,289,0,77000,198
735034,LL23026202M,982091101535034,1908,2023-06-14 06:50:16,300,0,94500,101
729897,LL23038102M,982091101529897,1908,2023-06-14 06:55:20,266,0,80500,77
735028,LL23029207M,984000005032083,1908,2023-06-14 07:00:03,152,0,83500,21
732923,LL23042101M,982091101532923,1908,2023-06-14 07:02:39,32,0,,12
735028,LL23029207M,984000005032083,1908,2023-06-14 07:03:31,49,0,,12
729897,LL23038102M,982091101529897,1908,2023-06-14 07:06:21,139,0,81500,91
729889,LL23037601M,982091101529889,1908,2023-06-14 07:12:52,370,0,97000,247
729897,LL23038102M,982091101529897,1908,2023-06-14 07:20:02,175,0,81500,92
729889,LL23037601M,982091101529889,1908,2023-06-14 07:23:33,27,0,,5
732923,LL23042101M,982091101532923,1908,2023-06-14 07:27:14,172,0,77500,138
734751,LL23052303M,982091101534751,1908,2023-06-14 07:30:26,410,0,74000,257
729897,LL23038102M,982091101529897,1908,2023-06-14 07:37:24,156,0,81000,87
729889,LL23037601M,982091101529889,1908,2023-06-14 07:40:24,21,0,,7
729897,LL23038102M,982091101529897,1908,2023-06-14 07:41:21,47,0,,6
734751,LL23052303M,982091101534751,1908,2023-06-14 07:42:24,116,0,75250,37
734709,LL23048502M,982091101534709,1908,2023-06-14 07:46:13,365,0,80500,151
735083,LL23029205M,982091101535083,1908,2023-06-14 07:52:34,812,0,78500,375
735028,LL23029207M,984000005032083,1908,2023-06-14 08:06:19,492,0,84000,172
734709,LL23048502M,982091101534709,1908,2023-06-14 08:14:39,408,0,80500,263
735028,LL23029207M,984000005032083,1908,2023-06-14 08:21:36,287,0,81500,232
729897,LL23038102M,982091101529897,1908,2023-06-14 08:26:39,399,0,81500,245
729889,LL23037601M,982091101529889,1908,2023-06-14 08:34:15,333,0,96500,263
732923,LL23042101M,982091101532923,1908,2023-06-14 08:40:13,745,0,77500,573
732923,LL23042101M,982091101532923,1908,2023-06-14 08:55:21,40,0,,31
729889,LL23037601M,982091101529889,1908,2023-06-14 08:57:54,452,0,97500,434
732966,LL23041902M,982091101532966,1908,2023-06-14 09:13:02,467,0,96000,450
737097,LL23037303M,982091101537097,1908,2023-06-14 09:37:59,555,0,86000,625
734731,LL23052101M,982091101534731,1908,2023-06-14 09:47:30,1026,0,93000,1140
729897,LL23038102M,982091101529897,1908,2023-06-14 10:04:36,58,0,,51
735028,LL23029207M,984000005032083,1908,2023-06-14 10:05:46,827,0,84500,814
729897,LL23038102M,982091101529897,1908,2023-06-14 10:19:33,357,0,82500,353
729889,LL23037601M,982091101529889,1908,2023-06-14 10:25:30,247,0,99000,190
735028,LL23029207M,984000005032083,1908,2023-06-14 10:31:37,381,0,83500,297
734751,LL23052303M,982091101534751,1908,2023-06-14 10:38:06,403,0,74500,242
735083,LL23029205M,982091101535083,1908,2023-06-14 10:45:05,642,0,77500,273
735034,LL23026202M,982091101535034,1908,2023-06-14 10:55:47,1188,0,93500,741
734751,LL23052303M,982091101534751,1908,2023-06-14 11:16:00,184,0,74500,82
729897,LL23038102M,982091101529897,1908,2023-06-14 11:19:47,57,0,,4
737148,LL23051105M,982091101537148,1908,2023-06-14 11:20:48,437,0,83000,503
732923,LL23042101M,982091101532923,1908,2023-06-14 11:28:13,549,0,78000,483
734751,LL23052303M,982091101534751,1908,2023-06-14 11:37:34,477,0,75500,444
729902,LL23035307M,982091101529902,1908,2023-06-14 11:45:43,590,0,82000,297
734709,LL23048502M,982091101534709,1908,2023-06-14 11:55:37,785,0,80000,659
729897,LL23038102M,982091101529897,1908,2023-06-14 12:08:50,162,0,79500,164
735083,LL23029205M,982091101535083,1908,2023-06-14 12:11:32,234,0,78000,190
729902,LL23035307M,982091101529902,1908,2023-06-14 12:15:34,613,0,82000,253
732966,LL23041902M,982091101532966,1908,2023-06-14 12:26:00,637,0,94500,598
735083,LL23029205M,982091101535083,1908,2023-06-14 12:38:38,648,0,79000,459
734709,LL23048502M,982091101534709,1908,2023-06-14 12:50:42,148,0,80000,92
729889,LL23037601M,982091101529889,1908,2023-06-14 12:55:10,656,0,97500,520
729897,LL23038102M,982091101529897,1908,2023-06-14 13:06:42,515,0,83500,471
729889,LL23037601M,982091101529889,1908,2023-06-14 13:28:41,439,0,98500,462
735028,LL23029207M,984000005032083,1908,2023-06-14 13:36:08,326,0,86500,113
735028,LL23029207M,984000005032083,1908,2023-06-14 14:04:04,450,0,85000,370
734751,LL23052303M,982091101534751,1908,2023-06-14 14:11:34,42,0,,27
734692,LL23050302M,982091101534692,1908,2023-06-14 14:12:24,713,0,75000,430
729897,LL23038102M,982091101529897,1908,2023-06-14 14:24:53,132,0,83500,110
737097,LL23037303M,982091101537097,1908,2023-06-14 14:27:13,670,0,85500,795
735034,LL23026202M,982091101535034,1908,2023-06-14 14:38:35,863,0,95500,714
737148,LL23051105M,982091101537148,1908,2023-06-14 14:53:14,484,0,83500,656
735028,LL23029207M,984000005032083,1908,2023-06-14 15:03:22,328,0,83500,310
735034,LL23026202M,982091101535034,1908,2023-06-14 15:09:26,307,0,95500,258
737097,LL23037303M,982091101537097,1908,2023-06-14 15:14:33,103,0,86000,167
735034,LL23026202M,982091101535034,1908,2023-06-14 15:16:44,99,0,95000,83
729902,LL23035307M,982091101529902,1908,2023-06-14 15:18:35,84,0,83500,75
734751,LL23052303M,982091101534751,1908,2023-06-14 15:20:03,443,0,77000,358
729902,LL23035307M,982091101529902,1908,2023-06-14 15:27:26,274,0,83500,139
735083,LL23029205M,982091101535083,1908,2023-06-14 15:32:00,260,0,79500,189
729902,LL23035307M,982091101529902,1908,2023-06-14 15:36:44,183,0,82500,180
735083,LL23029205M,982091101535083,1908,2023-06-14 15:39:47,361,0,80500,316
732909,LL23042102M,982091101532909,1908,2023-06-14 15:45:56,725,0,85500,505
734751,LL23052303M,982091101534751,1908,2023-06-14 15:58:06,31,0,,19
732966,LL23041902M,982091101532966,1908,2023-06-14 15:58:53,780,0,95500,974
729902,LL23035307M,982091101529902,1908,2023-06-14 16:12:09,167,0,83000,168
734709,LL23048502M,982091101534709,1908,2023-06-14 16:14:56,458,0,81000,366
729902,LL23035307M,982091101529902,1908,2023-06-14 16:22:34,89,0,83500,82
734692,LL23050302M,982091101534692,1908,2023-06-14 16:24:03,175,0,76000,139
735083,LL23029205M,982091101535083,1908,2023-06-14 16:27:06,81,0,80000,64
729902,LL23035307M,982091101529902,1908,2023-06-14 16:28:47,40,0,,64
732909,LL23042102M,982091101532909,1908,2023-06-14 16:29:36,751,0,86000,491
729902,LL23035307M,982091101529902,1908,2023-06-14 16:42:15,724,0,83000,691
729889,LL23037601M,982091101529889,1908,2023-06-14 16:54:35,574,0,100000,529
734692,LL23050302M,982091101534692,1908,2023-06-14 17:04:17,257,0,76000,123
735083,LL23029205M,982091101535083,1908,2023-06-14 17:08:34,411,0,80000,310
734692,LL23050302M,982091101534692,1908,2023-06-14 17:15:29,160,0,76000,108
735083,LL23029205M,982091101535083,1908,2023-06-14 17:18:14,43,0,,5
729902,LL23035307M,982091101529902,1908,2023-06-14 17:19:01,136,0,80000,155
735034,LL23026202M,982091101535034,1908,2023-06-14 17:21:29,90,0,95000,41
729902,LL23035307M,982091101529902,1908,2023-06-14 17:23:59,202,0,84000,182
734692,LL23050302M,982091101534692,1908,2023-06-14 17:29:54,160,0,76000,99
729902,LL23035307M,982091101529902,1908,2023-06-14 17:32:50,87,0,83000,65
732923,LL23042101M,982091101532923,1908,2023-06-14 17:35:50,799,0,77500,684
737097,LL23037303M,982091101537097,1908,2023-06-14 17:49:17,354,0,86000,426
734709,LL23048502M,982091101534709,1908,2023-06-14 17:55:11,593,0,81500,549
734692,LL23050302M,982091101534692,1908,2023-06-14 18:05:12,86,0,75500,37
729902,LL23035307M,982091101529902,1908,2023-06-14 18:06:50,24,0,,32
734692,LL23050302M,982091101534692,1908,2023-06-14 18:08:47,200,0,76000,100
735034,LL23026202M,982091101535034,1908,2023-06-14 18:18:31,797,0,96000,679
737148,LL23051105M,982091101537148,1908,2023-06-14 18:32:12,574,0,84000,902
729889,LL23037601M,982091101529889,1908,2023-06-14 18:47:33,115,0,99500,95
734692,LL23050302M,982091101534692,1908,2023-06-14 18:59:41,44,0,,27
734692,LL23050302M,982091101534692,1908,2023-06-14 19:02:58,274,0,76500,176
732966,LL23041902M,982091101532966,1908,2023-06-14 19:08:45,328,0,97000,408
734692,LL23050302M,982091101534692,1908,2023-06-14 19:14:25,65,0,76500,47
737148,LL23051105M,982091101537148,1908,2023-06-14 19:15:58,49,0,,21
734751,LL23052303M,982091101534751,1908,2023-06-14 19:17:11,525,0,76500,496
734692,LL23050302M,982091101534692,1908,2023-06-14 19:26:04,32,0,,1
729902,LL23035307M,982091101529902,1908,2023-06-14 19:27:13,140,0,85500,156
734709,LL23048502M,982091101534709,1908,2023-06-14 19:29:33,299,0,82000,264
737097,LL23037303M,982091101537097,1908,2023-06-14 19:36:04,172,0,87000,236
732909,LL23042102M,982091101532909,1908,2023-06-14 19:39:00,863,0,88000,554
734751,LL23052303M,982091101534751,1908,2023-06-14 19:54:31,160,0,76500,163
732966,LL23041902M,982091101532966,1908,2023-06-14 19:58:35,404,0,97000,573
734709,LL23048502M,982091101534709,1908,2023-06-14 20:05:48,187,0,82000,185
734692,LL23050302M,982091101534692,1908,2023-06-14 20:10:47,303,0,77000,133
732909,LL23042102M,982091101532909,1908,2023-06-14 20:16:24,65,0,86750,53
734692,LL23050302M,982091101534692,1908,2023-06-14 20:17:41,213,0,76500,158
732909,LL23042102M,982091101532909,1908,2023-06-14 20:21:26,36,0,,18
735034,LL23026202M,982091101535034,1908,2023-06-14 20:22:06,700,0,96500,663
729902,LL23035307M,982091101529902,1908,2023-06-14 20:33:46,110,0,86000,72
735083,LL23029205M,982091101535083,1908,2023-06-14 20:35:36,586,0,81000,571
732923,LL23042101M,982091101532923,1908,2023-06-14 20:45:26,650,0,79500,646
734692,LL23050302M,982091101534692,1908,2023-06-14 20:56:20,229,0,76500,180
734731,LL23052101M,982091101534731,1908,2023-06-14 21:00:21,1172,0,92000,1345
734709,LL23048502M,982091101534709,1908,2023-06-14 21:19:58,293,0,82000,267
732966,LL23041902M,982091101532966,1908,2023-06-14 21:27:49,48,0,,45
734692,LL23050302M,982091101534692,1908,2023-06-14 21:28:53,27,0,,5
732909,LL23042102M,982091101532909,1908,2023-06-14 21:29:36,65,0,87500,48
737148,LL23051105M,982091101537148,1908,2023-06-14 21:30:49,315,0,84500,343
734751,LL23052303M,982091101534751,1908,2023-06-14 21:36:16,119,0,77500,23
734709,LL23048502M,982091101534709,1908,2023-06-14 21:40:16,223,0,82500,150
734751,LL23052303M,982091101534751,1908,2023-06-14 22:02:07,353,0,77000,293
734692,LL23050302M,982091101534692,1908,2023-06-14 22:08:39,181,0,78000,51
734692,LL23050302M,982091101534692,1908,2023-06-14 22:13:40,154,0,78000,85
737097,LL23037303M,982091101537097,1908,2023-06-14 22:24:42,479,0,87000,426
737097,LL23037303M,982091101537097,1908,2023-06-14 22:34:41,319,0,86500,397
734692,LL23050302M,982091101534692,1908,2023-06-14 22:48:39,574,0,78500,297
737148,LL23051105M,982091101537148,1908,2023-06-14 22:59:25,273,0,85500,229
737097,LL23037303M,982091101537097,1908,2023-06-14 23:05:03,22,0,,1
729902,LL23035307M,982091101529902,1908,2023-06-14 23:27:09,324,0,85500,171
737148,LL23051105M,982091101537148,1908,2023-06-14 23:33:38,50,0,,1
734692,LL23050302M,982091101534692,1908,2023-06-14 23:36:28,533,0,78500,331
732923,LL23042101M,982091101532923,1908,2023-06-14 23:59:12,54,0,,25
734709,LL23048502M,982091101534709,1908,2023-06-15 00:08:35,251,0,82000,136
734751,LL23052303M,982091101534751,1908,2023-06-15 00:25:35,261,0,77500,265
737148,LL23051105M,982091101537148,1908,2023-06-15 00:30:48,177,0,84500,167
729902,LL23035307M,982091101529902,1908,2023-06-15 00:47:16,123,0,86500,97
732909,LL23042102M,982091101532909,1908,2023-06-15 00:51:19,1084,0,88000,549
729897,LL23038102M,982091101529897,1908,2023-06-15 01:09:27,454,0,81000,239
732909,LL23042102M,982091101532909,1908,2023-06-15 01:18:05,775,0,87000,483
729897,LL23038102M,982091101529897,1908,2023-06-15 01:31:04,583,0,81500,456
735028,LL23029207M,984000005032083,1908,2023-06-15 01:42:48,158,0,87500,168
729902,LL23035307M,982091101529902,1908,2023-06-15 01:46:18,66,0,84500,76
732909,LL23042102M,982091101532909,1908,2023-06-15 01:49:28,64,0,88250,61
735083,LL23029205M,982091101535083,1908,2023-06-15 01:54:13,250,0,80500,209
737097,LL23037303M,982091101537097,1908,2023-06-15 01:58:39,156,0,87500,213
734731,LL23052101M,982091101534731,1908,2023-06-15 02:01:39,289,0,92000,343
732909,LL23042102M,982091101532909,1908,2023-06-15 02:08:32,132,0,89000,109
734731,LL23052101M,982091101534731,1908,2023-06-15 02:11:28,68,0,93500,92
734731,LL23052101M,982091101534731,1908,2023-06-15 02:18:20,41,0,,42
732909,LL23042102M,982091101532909,1908,2023-06-15 02:29:16,51,0,,45
732909,LL23042102M,982091101532909,1908,2023-06-15 02:32:08,630,0,89500,468
734751,LL23052303M,982091101534751,1908,2023-06-15 02:43:54,32,0,,24
729889,LL23037601M,982091101529889,1908,2023-06-15 02:51:58,1074,0,98000,1097
735028,LL23029207M,984000005032083,1908,2023-06-15 03:11:09,527,0,84000,480
734731,LL23052101M,982091101534731,1908,2023-06-15 03:21:08,612,0,94500,717
732923,LL23042101M,982091101532923,1908,2023-06-15 03:31:25,626,0,79500,551
734709,LL23048502M,982091101534709,1908,2023-06-15 04:03:05,516,0,81500,384
734751,LL23052303M,982091101534751,1908,2023-06-15 05:08:49,380,0,77500,306
729897,LL23038102M,982091101529897,1908,2023-06-15 05:26:22,377,0,82000,154
729897,LL23038102M,982091101529897,1908,2023-06-15 05:42:42,428,0,82000,303
729889,LL23037601M,982091101529889,1908,2023-06-15 05:57:11,59,0,,35
729897,LL23038102M,982091101529897,1908,2023-06-15 05:58:22,160,0,82500,103
729889,LL23037601M,982091101529889,1908,2023-06-15 06:03:06,126,0,96500,97
737097,LL23037303M,982091101537097,1908,2023-06-15 06:05:24,279,0,86500,308
729889,LL23037601M,982091101529889,1908,2023-06-15 06:11:19,39,0,,6
729897,LL23038102M,982091101529897,1908,2023-06-15 06:12:18,70,0,82500,60
729897,LL23038102M,982091101529897,1908,2023-06-15 06:19:23,136,0,82500,97
729897,LL23038102M,982091101529897,1908,2023-06-15 06:42:57,402,0,83500,169
735083,LL23029205M,982091101535083,1908,2023-06-15 07:33:20,182,0,80500,100
732909,LL23042102M,982091101532909,1908,2023-06-15 07:42:40,62,0,87000,14
734692,LL23050302M,982091101534692,1908,2023-06-15 07:44:02,42,0,,33
729902,LL23035307M,982091101529902,1908,2023-06-15 07:45:53,75,0,85500,76
737097,LL23037303M,982091101537097,1908,2023-06-15 07:47:32,62,0,85000,49
735083,LL23029205M,982091101535083,1908,2023-06-15 07:48:55,100,0,78500,2
732923,LL23042101M,982091101532923,1908,2023-06-15 11:21:03,541,0,80000,558
729889,LL23037601M,982091101529889,1908,2023-06-15 11:32:52,1049,0,99500,1179
737148,LL23051105M,982091101537148,1908,2023-06-15 11:50:24,347,0,83000,510
734751,LL23052303M,982091101534751,1908,2023-06-15 15:31:41,20,0,,16
729897,LL23038102M,982091101529897,1908,2023-06-15 15:32:46,19,0,,20
732966,LL23041902M,982091101532966,1908,2023-06-15 15:33:25,198,0,96500,240
737148,LL23051105M,982091101537148,1908,2023-06-15 15:36:55,441,0,83000,671
729889,LL23037601M,982091101529889,1908,2023-06-15 15:44:16,32,0,,29
734692,LL23050302M,982091101534692,1908,2023-06-15 15:44:48,65,0,76500,54
734731,LL23052101M,982091101534731,1908,2023-06-15 15:46:01,864,0,94000,1066
735083,LL23029205M,982091101535083,1908,2023-06-15 16:00:29,771,0,80000,732
734692,LL23050302M,982091101534692,1908,2023-06-15 16:13:20,351,0,76500,243
729902,LL23035307M,982091101529902,1908,2023-06-15 16:19:19,148,0,83000,146
735028,LL23029207M,984000005032083,1908,2023-06-15 16:22:03,13,0,,12
734731,LL23052101M,982091101534731,1908,2023-06-15 16:22:20,15,0,,23
737148,LL23051105M,982091101537148,1908,2023-06-15 16:23:07,12,0,,2
734692,LL23050302M,982091101534692,1908,2023-06-15 16:23:35,90,0,76000,77
734709,LL23048502M,982091101534709,1908,2023-06-15 16:25:09,550,0,81000,516
734692,LL23050302M,982091101534692,1908,2023-06-15 16:34:23,56,0,,37
735083,LL23029205M,982091101535083,1908,2023-06-15 16:35:31,172,0,80000,66
729902,LL23035307M,982091101529902,1908,2023-06-15 16:38:39,714,0,81500,682
735028,LL23029207M,984000005032083,1908,2023-06-15 16:50:57,78,0,87500,92
737097,LL23037303M,982091101537097,1908,2023-06-15 16:52:31,409,0,85500,554
735034,LL23026202M,982091101535034,1908,2023-06-15 16:59:32,793,0,96500,785
734751,LL23052303M,982091101534751,1908,2023-06-15 17:14:37,707,0,77000,642
735083,LL23029205M,982091101535083,1908,2023-06-15 17:26:28,445,0,80500,344
729902,LL23035307M,982091101529902,1908,2023-06-15 17:37:07,143,0,83500,147
734692,LL23050302M,982091101534692,1908,2023-06-15 17:39:46,116,0,76500,79
729897,LL23038102M,982091101529897,1908,2023-06-15 17:41:47,81,0,85000,62
734692,LL23050302M,982091101534692,1908,2023-06-15 17:43:08,442,0,77500,225
729897,LL23038102M,982091101529897,1908,2023-06-15 17:50:30,23,0,,37
732966,LL23041902M,982091101532966,1908,2023-06-15 17:51:25,258,0,96500,363
735083,LL23029205M,982091101535083,1908,2023-06-15 18:06:01,444,0,80000,392
732966,LL23041902M,982091101532966,1908,2023-06-15 18:33:02,606,0,97500,687
737148,LL23051105M,982091101537148,1908,2023-06-15 18:43:24,412,0,83500,657
729902,LL23035307M,982091101529902,1908,2023-06-15 18:52:20,820,0,83000,658
732909,LL23042102M,982091101532909,1908,2023-06-15 19:06:04,1363,0,86500,1021
732923,LL23042101M,982091101532923,1908,2023-06-15 19:29:04,862,0,80000,824
734692,LL23050302M,982091101534692,1908,2023-06-15 19:43:34,630,0,78000,445
737097,LL23037303M,982091101537097,1908,2023-06-15 19:54:29,533,0,87000,759
729902,LL23035307M,982091101529902,1908,2023-06-15 20:05:22,627,0,84000,425
734751,LL23052303M,982091101534751,1908,2023-06-15 20:16:05,487,0,77750,430
735034,LL23026202M,982091101535034,1908,2023-06-15 20:24:29,670,0,98500,843
734709,LL23048502M,982091101534709,1908,2023-06-15 20:35:59,860,0,79000,749
734692,LL23050302M,982091101534692,1908,2023-06-15 20:50:35,45,0,,29
732966,LL23041902M,982091101532966,1908,2023-06-15 20:52:16,400,0,97500,571
734709,LL23048502M,982091101534709,1908,2023-06-15 21:00:28,281,0,82500,192
729902,LL23035307M,982091101529902,1908,2023-06-15 21:05:09,72,0,86000,63
734692,LL23050302M,982091101534692,1908,2023-06-15 21:06:49,86,0,77000,58
734751,LL23052303M,982091101534751,1908,2023-06-15 21:08:19,289,0,79000,203
734692,LL23050302M,982091101534692,1908,2023-06-15 21:13:44,328,0,78000,227
737148,LL23051105M,982091101537148,1908,2023-06-15 21:20:00,372,0,85000,542
732909,LL23042102M,982091101532909,1908,2023-06-15 21:28:13,912,0,87500,588
735028,LL23029207M,984000005032083,1908,2023-06-15 21:43:30,736,0,83500,786
732923,LL23042101M,982091101532923,1908,2023-06-15 21:55:50,409,0,80500,403
734692,LL23050302M,982091101534692,1908,2023-06-15 22:02:51,287,0,79000,159
729889,LL23037601M,982091101529889,1908,2023-06-15 22:07:38,1183,0,98000,1389
737148,LL23051105M,982091101537148,1908,2023-06-15 22:28:01,356,0,85500,291
737097,LL23037303M,982091101537097,1908,2023-06-15 22:34:13,329,0,88000,407
734709,LL23048502M,982091101534709,1908,2023-06-15 22:39:46,462,0,82500,428
734692,LL23050302M,982091101534692,1908,2023-06-15 22:47:56,61,0,75500,49
732923,LL23042101M,982091101532923,1908,2023-06-15 22:49:53,41,0,,24
734692,LL23050302M,982091101534692,1908,2023-06-15 22:51:54,79,0,77750,65
732923,LL23042101M,982091101532923,1908,2023-06-15 22:53:22,157,0,81500,110
734692,LL23050302M,982091101534692,1908,2023-06-15 22:56:20,131,0,79000,123
732923,LL23042101M,982091101532923,1908,2023-06-15 22:58:43,53,0,,50
734709,LL23048502M,982091101534709,1908,2023-06-15 23:00:39,253,0,83500,200
734692,LL23050302M,982091101534692,1908,2023-06-15 23:14:25,567,0,80000,389
734709,LL23048502M,982091101534709,1908,2023-06-15 23:25:55,101,0,82500,2
737097,LL23037303M,982091101537097,1908,2023-06-16 01:17:04,363,0,88000,475
737148,LL23051105M,982091101537148,1908,2023-06-16 01:23:16,379,0,86000,519
734751,LL23052303M,982091101534751,1908,2023-06-16 01:29:44,56,0,,17
732909,LL23042102M,982091101532909,1908,2023-06-16 01:30:51,1343,0,86500,931
734731,LL23052101M,982091101534731,1908,2023-06-16 01:53:31,1049,0,94500,1141
734731,LL23052101M,982091101534731,1908,2023-06-16 02:13:32,114,0,93750,114
734731,LL23052101M,982091101534731,1908,2023-06-16 02:17:58,90,0,93500,113
734731,LL23052101M,982091101534731,1908,2023-06-16 02:29:28,398,0,94500,283
735083,LL23029205M,982091101535083,1908,2023-06-16 02:38:07,167,0,77250,146
734731,LL23052101M,982091101534731,1908,2023-06-16 02:41:06,23,0,,24
732909,LL23042102M,982091101532909,1908,2023-06-16 02:41:41,223,0,88500,50
729902,LL23035307M,982091101529902,1908,2023-06-16 02:56:29,55,0,,38
734751,LL23052303M,982091101534751,1908,2023-06-16 03:33:44,625,0,77500,614
729889,LL23037601M,982091101529889,1908,2023-06-16 03:46:52,95,0,100500,19
732909,LL23042102M,982091101532909,1908,2023-06-16 03:49:26,588,0,89000,461
732909,LL23042102M,982091101532909,1908,2023-06-16 04:01:18,48,0,,29
732909,LL23042102M,982091101532909,1908,2023-06-16 04:25:29,35,0,,23
729897,LL23038102M,982091101529897,1908,2023-06-16 04:30:48,321,0,82000,80
729897,LL23038102M,982091101529897,1908,2023-06-16 04:39:13,336,0,81500,131
729897,LL23038102M,982091101529897,1908,2023-06-16 04:53:49,117,0,81000,68
734709,LL23048502M,982091101534709,1908,2023-06-16 04:56:21,352,0,83500,328
729897,LL23038102M,982091101529897,1908,2023-06-16 05:03:25,235,0,82000,96
729897,LL23038102M,982091101529897,1908,2023-06-16 05:22:11,19,0,,15
729897,LL23038102M,982091101529897,1908,2023-06-16 05:24:34,20,0,,16
729897,LL23038102M,982091101529897,1908,2023-06-16 05:29:06,67,0,82250,17
735028,LL23029207M,984000005032083,1908,2023-06-16 06:23:38,800,0,85000,734
729897,LL23038102M,982091101529897,1908,2023-06-16 06:37:10,233,0,81500,129
732923,LL23042101M,982091101532923,1908,2023-06-16 06:41:11,649,0,80000,541
732923,LL23042101M,982091101532923,1908,2023-06-16 07:21:54,51,0,,2
734731,LL23052101M,982091101534731,1908,2023-06-16 07:29:01,46,0,,37
737097,LL23037303M,982091101537097,1908,2023-06-16 07:29:51,478,0,87500,594
729897,LL23038102M,982091101529897,1908,2023-06-16 07:37:57,30,0,,31
734731,LL23052101M,982091101534731,1908,2023-06-16 07:38:39,62,0,92500,96
729889,LL23037601M,982091101529889,1908,2023-06-16 07:39:46,960,0,101500,1193
729897,LL23038102M,982091101529897,1908,2023-06-16 07:55:58,277,0,83500,177
735083,LL23029205M,982091101535083,1908,2023-06-16 08:00:55,58,0,,62
729897,LL23038102M,982091101529897,1908,2023-06-16 08:01:53,16,0,,22
735083,LL23029205M,982091101535083,1908,2023-06-16 08:02:34,604,0,79000,572
734709,LL23048502M,982091101534709,1908,2023-06-16 08:12:38,556,0,81000,507
734692,LL23050302M,982091101534692,1908,2023-06-16 08:22:02,888,0,79000,574
729889,LL23037601M,982091101529889,1908,2023-06-16 08:37:10,83,0,97500,57
734692,LL23050302M,982091101534692,1908,2023-06-16 08:39:21,57,0,,46
729897,LL23038102M,982091101529897,1908,2023-06-16 08:40:30,567,0,83000,360
729889,LL23037601M,982091101529889,1908,2023-06-16 08:55:23,54,0,,21
734751,LL23052303M,982091101534751,1908,2023-06-16 09:30:17,505,0,76000,386
735028,LL23029207M,984000005032083,1908,2023-06-16 10:11:22,401,0,85000,301
729897,LL23038102M,982091101529897,1908,2023-06-16 10:18:28,87,0,83000,53
735028,LL23029207M,984000005032083,1908,2023-06-16 10:20:03,166,0,85750,146
735028,LL23029207M,984000005032083,1908,2023-06-16 10:24:53,120,0,86000,75
732923,LL23042101M,982091101532923,1908,2023-06-16 10:31:05,383,0,79500,307
732966,LL23041902M,982091101532966,1908,2023-06-16 10:37:32,870,0,96000,1030
734731,LL23052101M,982091101534731,1908,2023-06-16 10:52:10,351,0,94500,353
729897,LL23038102M,982091101529897,1908,2023-06-16 10:58:29,108,0,80250,102
732923,LL23042101M,982091101532923,1908,2023-06-16 11:00:25,282,0,80000,258
735028,LL23029207M,984000005032083,1908,2023-06-16 11:05:07,387,0,86500,374
735083,LL23029205M,982091101535083,1908,2023-06-16 11:11:34,631,0,80000,555
734751,LL23052303M,982091101534751,1908,2023-06-16 11:22:13,364,0,78000,243
729889,LL23037601M,982091101529889,1908,2023-06-16 11:28:25,380,0,100500,398
732923,LL23042101M,982091101532923,1908,2023-06-16 11:35:37,19,0,,12
729897,LL23038102M,982091101529897,1908,2023-06-16 11:37:32,327,0,83500,227
735028,LL23029207M,984000005032083,1908,2023-06-16 11:43:11,464,0,87500,343
735083,LL23029205M,982091101535083,1908,2023-06-16 11:54:34,230,0,80000,91
734731,LL23052101M,982091101534731,1908,2023-06-16 12:02:02,49,0,,53
734731,LL23052101M,982091101534731,1908,2023-06-16 12:03:37,766,0,95000,781
735034,LL23026202M,982091101535034,1908,2023-06-16 12:16:27,1479,0,96000,1374
734731,LL23052101M,982091101534731,1908,2023-06-16 12:44:20,45,0,,46
734731,LL23052101M,982091101534731,1908,2023-06-16 12:47:09,35,0,,53
729889,LL23037601M,982091101529889,1908,2023-06-16 12:49:41,217,0,101500,178
735083,LL23029205M,982091101535083,1908,2023-06-16 13:07:06,301,0,80000,118
737148,LL23051105M,982091101537148,1908,2023-06-16 13:12:47,552,0,85000,818
737097,LL23037303M,982091101537097,1908,2023-06-16 13:22:15,308,0,87000,405
729902,LL23035307M,982091101529902,1908,2023-06-16 13:27:23,493,0,85000,220
734709,LL23048502M,982091101534709,1908,2023-06-16 13:35:36,280,0,83000,288
729897,LL23038102M,982091101529897,1908,2023-06-16 13:40:24,483,0,84000,462
734751,LL23052303M,982091101534751,1908,2023-06-16 13:48:27,393,0,78000,268
729902,LL23035307M,982091101529902,1908,2023-06-16 13:55:16,550,0,83500,256
734709,LL23048502M,982091101534709,1908,2023-06-16 14:04:30,511,0,81000,486
735028,LL23029207M,984000005032083,1908,2023-06-16 14:13:06,637,0,88000,618
732966,LL23041902M,982091101532966,1908,2023-06-16 14:24:35,206,0,97500,264
735034,LL23026202M,982091101535034,1908,2023-06-16 14:28:57,597,0,97500,481
732923,LL23042101M,982091101532923,1908,2023-06-16 14:40:10,677,0,80000,709
729897,LL23038102M,982091101529897,1908,2023-06-16 14:51:55,627,0,84500,586
735028,LL23029207M,984000005032083,1908,2023-06-16 15:02:46,463,0,88000,462
729897,LL23038102M,982091101529897,1908,2023-06-16 15:11:09,43,0,,48
729889,LL23037601M,982091101529889,1908,2023-06-16 15:12:32,779,0,100500,916
735083,LL23029205M,982091101535083,1908,2023-06-16 15:25:51,805,0,81000,688
729897,LL23038102M,982091101529897,1908,2023-06-16 15:43:38,267,0,84750,190
734692,LL23050302M,982091101534692,1908,2023-06-16 16:03:32,717,0,78000,394
737148,LL23051105M,982091101537148,1908,2023-06-16 16:15:41,125,0,86000,195
737097,LL23037303M,982091101537097,1908,2023-06-16 16:17:58,592,0,86000,819
734751,LL23052303M,982091101534751,1908,2023-06-16 16:27:58,798,0,77000,655
737148,LL23051105M,982091101537148,1908,2023-06-16 16:41:36,259,0,85500,391
734692,LL23050302M,982091101534692,1908,2023-06-16 16:46:03,65,0,76500,26
729902,LL23035307M,982091101529902,1908,2023-06-16 16:47:08,65,0,84000,99
734692,LL23050302M,982091101534692,1908,2023-06-16 16:49:34,34,0,,26
735083,LL23029205M,982091101535083,1908,2023-06-16 16:50:20,143,0,80000,119
734692,LL23050302M,982091101534692,1908,2023-06-16 16:52:55,11,0,,5
732966,LL23041902M,982091101532966,1908,2023-06-16 16:53:14,461,0,97750,573
737097,LL23037303M,982091101537097,1908,2023-06-16 17:02:15,63,0,87500,26
729902,LL23035307M,982091101529902,1908,2023-06-16 17:07:11,522,0,83500,277
729889,LL23037601M,982091101529889,1908,2023-06-16 17:16:01,111,0,101500,137
729902,LL23035307M,982091101529902,1908,2023-06-16 17:18:00,1066,0,81500,805
735083,LL23029205M,982091101535083,1908,2023-06-16 17:35:46,411,0,82000,375
735034,LL23026202M,982091101535034,1908,2023-06-16 17:43:53,155,0,98500,68
737148,LL23051105M,982091101537148,1908,2023-06-16 17:51:46,329,0,86500,350
735083,LL23029205M,982091101535083,1908,2023-06-16 17:59:16,287,0,82500,274
732966,LL23041902M,982091101532966,1908,2023-06-16 18:04:15,434,0,99500,649
734692,LL23050302M,982091101534692,1908,2023-06-16 18:37:34,501,0,77500,220
729902,LL23035307M,982091101529902,1908,2023-06-16 19:07:09,848,0,82000,716
735034,LL23026202M,982091101535034,1908,2023-06-16 19:21:22,296,0,98500,308
732909,LL23042102M,982091101532909,1908,2023-06-16 19:26:34,1175,0,86500,776
737097,LL23037303M,982091101537097,1908,2023-06-16 19:47:01,185,0,88000,198
734692,LL23050302M,982091101534692,1908,2023-06-16 19:50:06,158,0,78000,115
737097,LL23037303M,982091101537097,1908,2023-06-16 19:52:56,82,0,86500,67
734692,LL23050302M,982091101534692,1908,2023-06-16 19:54:30,711,0,78000,381
737097,LL23037303M,982091101537097,1908,2023-06-16 20:07:25,60,0,,39
732966,LL23041902M,982091101532966,1908,2023-06-16 20:12:04,622,0,100500,805
729902,LL23035307M,982091101529902,1908,2023-06-16 20:22:35,259,0,50500,65
734751,LL23052303M,982091101534751,1908,2023-06-16 20:27:38,378,0,78250,242
729902,LL23035307M,982091101529902,1908,2023-06-16 20:42:56,66,0,49250,9
734751,LL23052303M,982091101534751,1908,2023-06-16 20:44:58,174,0,80000,147
732909,LL23042102M,982091101532909,1908,2023-06-16 20:48:28,31,0,,12
732923,LL23042101M,982091101532923,1908,2023-06-16 20:49:03,355,0,80000,329
732923,LL23042101M,982091101532923,1908,2023-06-16 20:57:30,379,0,78500,331
729902,LL23035307M,982091101529902,1908,2023-06-16 21:04:49,139,0,75500,30
732923,LL23042101M,982091101532923,1908,2023-06-16 21:10:12,55,0,,1
734751,LL23052303M,982091101534751,1908,2023-06-16 21:12:28,466,0,78500,356
734692,LL23050302M,982091101534692,1908,2023-06-16 21:20:30,272,0,78000,121
737148,LL23051105M,982091101537148,1908,2023-06-16 21:27:05,560,0,86000,442
734692,LL23050302M,982091101534692,1908,2023-06-16 21:40:46,268,0,77500,1
735034,LL23026202M,982091101535034,1908,2023-06-16 21:51:28,1194,0,100000,1363
734709,LL23048502M,982091101534709,1908,2023-06-16 22:11:26,336,0,79500,324
737097,LL23037303M,982091101537097,1908,2023-06-16 22:17:10,453,0,88000,619
734692,LL23050302M,982091101534692,1908,2023-06-16 22:24:43,50,0,,38
735083,LL23029205M,982091101535083,1908,2023-06-16 22:25:53,371,0,82000,319
734692,LL23050302M,982091101534692,1908,2023-06-16 22:32:16,189,0,77500,68
734709,LL23048502M,982091101534709,1908,2023-06-16 22:35:29,560,0,80500,530
732923,LL23042101M,982091101532923,1908,2023-06-16 23:03:38,445,0,81000,466
737148,LL23051105M,982091101537148,1908,2023-06-16 23:13:04,193,0,85500,11
734709,LL23048502M,982091101534709,1908,2023-06-16 23:17:17,351,0,80000,278
734692,LL23050302M,982091101534692,1908,2023-06-16 23:23:40,490,0,76500,251
737148,LL23051105M,982091101537148,1908,2023-06-16 23:31:59,31,0,,1
734692,LL23050302M,982091101534692,1908,2023-06-16 23:33:02,47,0,,43
732909,LL23042102M,982091101532909,1908,2023-06-16 23:34:53,917,0,87000,582
734731,LL23052101M,982091101534731,1908,2023-06-16 23:50:34,1227,0,94000,1133
734692,LL23050302M,982091101534692,1908,2023-06-17 00:16:55,36,0,,23
732909,LL23042102M,982091101532909,1908,2023-06-17 00:17:35,12,0,,12
734692,LL23050302M,982091101534692,1908,2023-06-17 00:20:54,29,0,,6
737097,LL23037303M,982091101537097,1908,2023-06-17 00:25:44,234,0,87500,15
734692,LL23050302M,982091101534692,1908,2023-06-17 00:30:09,413,0,79500,189
737097,LL23037303M,982091101537097,1908,2023-06-17 00:37:22,30,0,,1
732909,LL23042102M,982091101532909,1908,2023-06-17 00:39:52,60,0,,1
734709,LL23048502M,982091101534709,1908,2023-06-17 00:41:45,444,0,82500,238
732909,LL23042102M,982091101532909,1908,2023-06-17 00:52:46,100,0,88500,40
734692,LL23050302M,982091101534692,1908,2023-06-17 01:04:35,598,0,80500,256
734692,LL23050302M,982091101534692,1908,2023-06-17 01:16:37,52,0,,23
737148,LL23051105M,982091101537148,1908,2023-06-17 01:24:53,154,0,83500,123
732909,LL23042102M,982091101532909,1908,2023-06-17 01:28:44,55,0,,53
737148,LL23051105M,982091101537148,1908,2023-06-17 01:29:59,37,0,,1
732909,LL23042102M,982091101532909,1908,2023-06-17 01:35:50,491,0,88000,306
735028,LL23029207M,984000005032083,1908,2023-06-17 02:20:48,269,0,86500,190
732909,LL23042102M,982091101532909,1908,2023-06-17 02:26:09,445,0,88500,321
732909,LL23042102M,982091101532909,1908,2023-06-17 02:39:51,30,0,,6
732909,LL23042102M,982091101532909,1908,2023-06-17 03:07:01,34,0,,5
732909,LL23042102M,982091101532909,1908,2023-06-17 03:12:20,209,0,89500,54
732923,LL23042101M,982091101532923,1908,2023-06-17 03:19:59,223,0,81500,131
737097,LL23037303M,982091101537097,1908,2023-06-17 03:25:22,14,0,,1
734751,LL23052303M,982091101534751,1908,2023-06-17 03:27:52,35,0,,2
729897,LL23038102M,982091101529897,1908,2023-06-17 03:28:39,85,0,85000,30
734731,LL23052101M,982091101534731,1908,2023-06-17 03:30:20,115,0,95250,45
729889,LL23037601M,982091101529889,1908,2023-06-17 03:33:15,169,0,99000,35
734731,LL23052101M,982091101534731,1908,2023-06-17 03:36:28,151,0,95000,65
734731,LL23052101M,982091101534731,1908,2023-06-17 03:41:00,91,0,97000,17
734751,LL23052303M,982091101534751,1908,2023-06-17 03:42:43,40,0,,1
737097,LL23037303M,982091101537097,1908,2023-06-17 03:45:07,38,0,,2
732909,LL23042102M,982091101532909,1908,2023-06-17 03:56:50,40,0,,3
729897,LL23038102M,982091101529897,1908,2023-06-17 04:01:41,51,0,,3
729897,LL23038102M,982091101529897,1908,2023-06-17 04:05:40,47,0,,1
734692,LL23050302M,982091101534692,1908,2023-06-17 04:11:11,47,0,,1
734709,LL23048502M,982091101534709,1908,2023-06-17 04:13:06,114,0,83500,19
732909,LL23042102M,982091101532909,1908,2023-06-17 04:28:50,65,0,89500,3
729889,LL23037601M,982091101529889,1908,2023-06-17 04:36:48,233,0,98500,8
729889,LL23037601M,982091101529889,1908,2023-06-17 04:57:19,48,0,,1
734731,LL23052101M,982091101534731,1908,2023-06-17 05:13:30,191,0,94500,1
734731,LL23052101M,982091101534731,1908,2023-06-17 05:27:01,67,0,50500,1
732923,LL23042101M,982091101532923,1908,2023-06-17 05:51:03,47,0,,1
729897,LL23038102M,982091101529897,1908,2023-06-17 06:09:23,43,0,,1
735028,LL23029207M,984000005032083,1908,2023-06-17 06:34:01,36,0,,1
729897,LL23038102M,982091101529897,1908,2023-06-17 07:44:38,159,0,81000,1
729897,LL23038102M,982091101529897,1908,2023-06-17 09:17:12,191,0,81000,5
729889,LL23037601M,982091101529889,1908,2023-06-17 10:33:37,156,0,98000,1
729889,LL23037601M,982091101529889,1908,2023-06-17 16:38:04,546,0,99000,783
729897,LL23038102M,982091101529897,1908,2023-06-17 16:47:10,481,0,121000,383
729897,LL23038102M,982091101529897,1908,2023-06-17 16:56:03,29,0,,4
734751,LL23052303M,982091101534751,1908,2023-06-17 16:56:36,1315,0,94500,1237
732923,LL23042101M,982091101532923,1908,2023-06-17 17:18:40,1003,0,83500,865
735028,LL23029207M,984000005032083,1908,2023-06-17 17:36:17,916,0,158000,932
735083,LL23029205M,982091101535083,1908,2023-06-17 17:51:33,1720,0,81000,1266
737148,LL23051105M,982091101537148,1908,2023-06-17 18:20:26,388,0,97500,520
735034,LL23026202M,982091101535034,1908,2023-06-17 18:26:54,1842,0,100500,2112
729902,LL23035307M,982091101529902,1908,2023-06-17 18:57:44,619,0,84000,373
734692,LL23050302M,982091101534692,1908,2023-06-17 19:08:03,182,0,78500,155
737097,LL23037303M,982091101537097,1908,2023-06-17 19:11:05,975,0,87000,1041
734692,LL23050302M,982091101534692,1908,2023-06-17 19:27:45,591,0,80000,386
732966,LL23041902M,982091101532966,1908,2023-06-17 19:37:40,1085,0,97500,827
729902,LL23035307M,982091101529902,1908,2023-06-17 19:55:57,1360,0,83500,782
734751,LL23052303M,982091101534751,1908,2023-06-17 20:18:37,282,0,80000,218
729889,LL23037601M,982091101529889,1908,2023-06-17 20:23:32,744,0,99500,668
737148,LL23051105M,982091101537148,1908,2023-06-17 20:36:16,553,0,85000,649
729902,LL23035307M,982091101529902,1908,2023-06-17 20:45:45,1336,0,85000,767
735034,LL23026202M,982091101535034,1908,2023-06-17 21:08:13,1028,0,102500,963
734692,LL23050302M,982091101534692,1908,2023-06-17 21:27:09,817,0,79000,557
732909,LL23042102M,982091101532909,1908,2023-06-17 21:40:50,2290,0,87000,1440
729902,LL23035307M,982091101529902,1908,2023-06-17 22:20:30,494,0,88000,216
734709,LL23048502M,982091101534709,1908,2023-06-17 22:28:56,979,0,80000,764
732966,LL23041902M,982091101532966,1908,2023-06-17 22:45:27,339,0,97000,81
734751,LL23052303M,982091101534751,1908,2023-06-17 22:51:18,292,0,79500,194
737097,LL23037303M,982091101537097,1908,2023-06-17 22:56:10,499,0,86500,297
734692,LL23050302M,982091101534692,1908,2023-06-17 23:05:21,76,0,79500,29
737097,LL23037303M,982091101537097,1908,2023-06-17 23:06:46,37,0,,1
735028,LL23029207M,984000005032083,1908,2023-06-17 23:07:59,400,0,86500,379
732966,LL23041902M,982091101532966,1908,2023-06-17 23:14:43,740,0,97500,493
737148,LL23051105M,982091101537148,1908,2023-06-17 23:27:19,646,0,86000,591
734692,LL23050302M,982091101534692,1908,2023-06-17 23:38:12,217,0,79500,144
734751,LL23052303M,982091101534751,1908,2023-06-17 23:42:01,194,0,80000,145
734692,LL23050302M,982091101534692,1908,2023-06-17 23:46:07,276,0,79500,219
734709,LL23048502M,982091101534709,1908,2023-06-17 23:50:47,141,0,81000,104
737097,LL23037303M,982091101537097,1908,2023-06-17 23:53:21,625,0,87500,807
734731,LL23052101M,982091101534731,1908,2023-06-18 00:04:06,1448,0,92500,1496
732923,LL23042101M,982091101532923,1908,2023-06-18 00:28:22,128,0,80000,94
729897,LL23038102M,982091101529897,1908,2023-06-18 00:30:50,1239,0,81000,961
735083,LL23029205M,982091101535083,1908,2023-06-18 00:51:29,653,0,82500,476
732923,LL23042101M,982091101532923,1908,2023-06-18 01:02:59,1023,0,80500,966
734709,LL23048502M,982091101534709,1908,2023-06-18 01:20:22,711,0,82500,552
734692,LL23050302M,982091101534692,1908,2023-06-18 01:44:26,636,0,81000,495
732966,LL23041902M,982091101532966,1908,2023-06-18 01:55:02,445,0,98000,480
737148,LL23051105M,982091101537148,1908,2023-06-18 02:02:43,595,0,87000,917
734751,LL23052303M,982091101534751,1908,2023-06-18 02:13:02,367,0,80000,333
734692,LL23050302M,982091101534692,1908,2023-06-18 02:21:02,338,0,81000,236
729897,LL23038102M,982091101529897,1908,2023-06-18 02:26:52,138,0,83500,64
734692,LL23050302M,982091101534692,1908,2023-06-18 02:29:34,294,0,81500,216
734692,LL23050302M,982091101534692,1908,2023-06-18 02:37:00,54,0,,2
729889,LL23037601M,982091101529889,1908,2023-06-18 02:40:58,900,0,99500,646
732923,LL23042101M,982091101532923,1908,2023-06-18 02:58:40,515,0,81500,468
734709,LL23048502M,982091101534709,1908,2023-06-18 03:07:31,637,0,83000,441
735028,LL23029207M,984000005032083,1908,2023-06-18 03:29:22,765,0,86500,600
732909,LL23042102M,982091101532909,1908,2023-06-18 03:42:15,1984,0,90000,1330
732909,LL23042102M,982091101532909,1908,2023-06-18 04:28:39,35,0,,19
729902,LL23035307M,982091101529902,1908,2023-06-18 04:30:02,65,0,88500,83
737148,LL23051105M,982091101537148,1908,2023-06-18 04:33:08,344,0,84250,493
729897,LL23038102M,982091101529897,1908,2023-06-18 04:45:52,608,0,84000,497
732909,LL23042102M,982091101532909,1908,2023-06-18 04:56:04,309,0,90500,156
737097,LL23037303M,982091101537097,1908,2023-06-18 05:03:58,93,0,90000,68
734731,LL23052101M,982091101534731,1908,2023-06-18 05:18:18,737,0,95000,868
729897,LL23038102M,982091101529897,1908,2023-06-18 05:31:15,299,0,83000,229
729889,LL23037601M,982091101529889,1908,2023-06-18 05:40:54,753,0,99500,831
735028,LL23029207M,984000005032083,1908,2023-06-18 06:27:15,475,0,88000,480
735083,LL23029205M,982091101535083,1908,2023-06-18 06:36:02,406,0,82000,265
734751,LL23052303M,982091101534751,1908,2023-06-18 06:42:56,490,0,80500,492
732909,LL23042102M,982091101532909,1908,2023-06-18 06:57:24,674,0,92500,412
732909,LL23042102M,982091101532909,1908,2023-06-18 07:11:43,35,0,,22
737097,LL23037303M,982091101537097,1908,2023-06-18 07:30:24,330,0,88500,418
735083,LL23029205M,982091101535083,1908,2023-06-18 07:36:06,598,0,80500,395
729889,LL23037601M,982091101529889,1908,2023-06-18 07:48:04,489,0,100500,483
729897,LL23038102M,982091101529897,1908,2023-06-18 07:57:06,322,0,83500,284
734731,LL23052101M,982091101534731,1908,2023-06-18 08:10:56,371,0,95000,391
729889,LL23037601M,982091101529889,1908,2023-06-18 09:09:56,124,0,102000,122
734709,LL23048502M,982091101534709,1908,2023-06-18 09:13:08,514,0,84000,382
729897,LL23038102M,982091101529897,1908,2023-06-18 09:25:18,102,0,84500,83
734731,LL23052101M,982091101534731,1908,2023-06-18 09:27:20,27,0,,38
729897,LL23038102M,982091101529897,1908,2023-06-18 09:28:11,55,0,,57
735083,LL23029205M,982091101535083,1908,2023-06-18 09:39:18,534,0,82000,384
732966,LL23041902M,982091101532966,1908,2023-06-18 10:20:41,822,0,98500,956
735028,LL23029207M,984000005032083,1908,2023-06-18 10:34:27,764,0,88000,839
734751,LL23052303M,982091101534751,1908,2023-06-18 10:47:55,325,0,80000,316
732923,LL23042101M,982091101532923,1908,2023-06-18 10:53:32,554,0,81500,522
734731,LL23052101M,982091101534731,1908,2023-06-18 11:02:58,24,0,,34
737148,LL23051105M,982091101537148,1908,2023-06-18 11:08:48,48,0,,29
729897,LL23038102M,982091101529897,1908,2023-06-18 11:10:24,135,0,85000,109
729889,LL23037601M,982091101529889,1908,2023-06-18 11:15:47,115,0,100500,52
732966,LL23041902M,982091101532966,1908,2023-06-18 11:22:55,69,0,98500,50
729897,LL23038102M,982091101529897,1908,2023-06-18 11:24:28,192,0,84500,199
734751,LL23052303M,982091101534751,1908,2023-06-18 11:32:34,316,0,80750,278
729889,LL23037601M,982091101529889,1908,2023-06-18 11:44:39,250,0,102000,276
734709,LL23048502M,982091101534709,1908,2023-06-18 12:20:52,322,0,83500,251
737148,LL23051105M,982091101537148,1908,2023-06-18 12:32:04,89,0,87500,100
732923,LL23042101M,982091101532923,1908,2023-06-18 12:34:13,140,0,82500,130
735083,LL23029205M,982091101535083,1908,2023-06-18 12:38:13,166,0,82000,55
734709,LL23048502M,982091101534709,1908,2023-06-18 12:43:44,380,0,84500,278
737148,LL23051105M,982091101537148,1908,2023-06-18 13:09:47,139,0,87000,191
729897,LL23038102M,982091101529897,1908,2023-06-18 13:13:10,94,0,84500,82
735083,LL23029205M,982091101535083,1908,2023-06-18 13:14:52,117,0,81000,7
735034,LL23026202M,982091101535034,1908,2023-06-18 13:17:05,1043,0,100000,945
735028,LL23029207M,984000005032083,1908,2023-06-18 13:35:04,430,0,88750,464
735083,LL23029205M,982091101535083,1908,2023-06-18 13:42:38,373,0,80500,40
732923,LL23042101M,982091101532923,1908,2023-06-18 13:49:08,358,0,81500,372
729897,LL23038102M,982091101529897,1908,2023-06-18 13:55:54,261,0,83500,269
735083,LL23029205M,982091101535083,1908,2023-06-18 14:00:15,514,0,81000,391
729902,LL23035307M,982091101529902,1908,2023-06-18 14:09:33,1170,0,87000,526
734709,LL23048502M,982091101534709,1908,2023-06-18 14:29:11,282,0,83000,223
729902,LL23035307M,982091101529902,1908,2023-06-18 14:34:14,53,0,,90
729889,LL23037601M,982091101529889,1908,2023-06-18 14:35:52,309,0,100000,379
735028,LL23029207M,984000005032083,1908,2023-06-18 14:41:09,212,0,87500,251
734709,LL23048502M,982091101534709,1908,2023-06-18 14:45:41,130,0,84500,54
729897,LL23038102M,982091101529897,1908,2023-06-18 14:49:08,17,0,,9
732923,LL23042101M,982091101532923,1908,2023-06-18 14:55:52,189,0,83500,123
729889,LL23037601M,982091101529889,1908,2023-06-18 14:59:17,619,0,102000,744
734692,LL23050302M,982091101534692,1908,2023-06-18 15:10:17,228,0,80500,190
737097,LL23037303M,982091101537097,1908,2023-06-18 15:14:09,687,0,87500,883
734692,LL23050302M,982091101534692,1908,2023-06-18 15:25:36,497,0,81500,385
735028,LL23029207M,984000005032083,1908,2023-06-18 15:34:01,127,0,90500,150
734692,LL23050302M,982091101534692,1908,2023-06-18 15:36:24,95,0,81500,52
734751,LL23052303M,982091101534751,1908,2023-06-18 15:37:59,520,0,81500,490
735028,LL23029207M,984000005032083,1908,2023-06-18 15:46:55,93,0,91000,98
732923,LL23042101M,982091101532923,1908,2023-06-18 15:48:40,404,0,84500,426
735083,LL23029205M,982091101535083,1908,2023-06-18 15:55:49,607,0,82000,454
729897,LL23038102M,982091101529897,1908,2023-06-18 16:06:12,430,0,86500,386
732966,LL23041902M,982091101532966,1908,2023-06-18 16:13:34,584,0,99000,717
729902,LL23035307M,982091101529902,1908,2023-06-18 16:24:22,73,0,86500,111
734692,LL23050302M,982091101534692,1908,2023-06-18 16:26:59,45,0,,31
734731,LL23052101M,982091101534731,1908,2023-06-18 16:28:04,460,0,95500,570
729902,LL23035307M,982091101529902,1908,2023-06-18 16:35:52,184,0,87500,171
734731,LL23052101M,982091101534731,1908,2023-06-18 16:40:08,100,0,94500,70
729902,LL23035307M,982091101529902,1908,2023-06-18 16:42:08,61,0,87000,93
729897,LL23038102M,982091101529897,1908,2023-06-18 16:47:51,275,0,86000,240
734709,LL23048502M,982091101534709,1908,2023-06-18 16:52:54,196,0,84500,184
735083,LL23029205M,982091101535083,1908,2023-06-18 16:56:18,494,0,81500,336
737148,LL23051105M,982091101537148,1908,2023-06-18 17:05:17,442,0,86000,436
735028,LL23029207M,984000005032083,1908,2023-06-18 17:13:11,117,0,91000,103
729897,LL23038102M,982091101529897,1908,2023-06-18 17:15:16,74,0,86500,63
729902,LL23035307M,982091101529902,1908,2023-06-18 17:16:38,73,0,87500,105
734709,LL23048502M,982091101534709,1908,2023-06-18 17:17:55,254,0,85000,226
729902,LL23035307M,982091101529902,1908,2023-06-18 17:22:13,100,0,87000,90
735083,LL23029205M,982091101535083,1908,2023-06-18 17:24:09,200,0,83000,38
729897,LL23038102M,982091101529897,1908,2023-06-18 17:27:54,18,0,,21
735028,LL23029207M,984000005032083,1908,2023-06-18 17:28:20,105,0,91000,124
729889,LL23037601M,982091101529889,1908,2023-06-18 17:30:21,21,0,,34
734692,LL23050302M,982091101534692,1908,2023-06-18 17:31:59,35,0,,29
729897,LL23038102M,982091101529897,1908,2023-06-18 17:32:55,21,0,,13
729902,LL23035307M,982091101529902,1908,2023-06-18 17:33:28,282,0,87500,293
735083,LL23029205M,982091101535083,1908,2023-06-18 17:44:05,471,0,83500,353
732966,LL23041902M,982091101532966,1908,2023-06-18 17:52:16,511,0,100000,615
734692,LL23050302M,982091101534692,1908,2023-06-18 18:04:01,340,0,81000,230
734751,LL23052303M,982091101534751,1908,2023-06-18 18:10:09,44,0,,43
734692,LL23050302M,982091101534692,1908,2023-06-18 18:11:09,54,0,,50
734751,LL23052303M,982091101534751,1908,2023-06-18 18:12:03,78,0,81000,73
729897,LL23038102M,982091101529897,1908,2023-06-18 18:13:45,29,0,,20
729889,LL23037601M,982091101529889,1908,2023-06-18 18:14:46,142,0,103250,81
734692,LL23050302M,982091101534692,1908,2023-06-18 18:17:20,98,0,81000,59
729902,LL23035307M,982091101529902,1908,2023-06-18 18:20:34,103,0,87250,123
737097,LL23037303M,982091101537097,1908,2023-06-18 18:22:53,519,0,89500,672
735028,LL23029207M,984000005032083,1908,2023-06-18 18:31:52,143,0,91000,124
732923,LL23042101M,982091101532923,1908,2023-06-18 18:34:56,354,0,82500,407
735083,LL23029205M,982091101535083,1908,2023-06-18 18:42:54,111,0,83750,54
735034,LL23026202M,982091101535034,1908,2023-06-18 18:45:09,898,0,100000,926
737148,LL23051105M,982091101537148,1908,2023-06-18 19:39:01,267,0,87000,378
729902,LL23035307M,982091101529902,1908,2023-06-18 19:44:04,153,0,88000,161
734751,LL23052303M,982091101534751,1908,2023-06-18 19:46:37,172,0,80500,135
729902,LL23035307M,982091101529902,1908,2023-06-18 19:58:06,349,0,88500,376
729889,LL23037601M,982091101529889,1908,2023-06-18 20:04:07,483,0,103000,627
734692,LL23050302M,982091101534692,1908,2023-06-18 20:12:34,426,0,81500,173
729902,LL23035307M,982091101529902,1908,2023-06-18 20:19:52,441,0,88500,447
735034,LL23026202M,982091101535034,1908,2023-06-18 20:27:17,639,0,101500,593
735028,LL23029207M,984000005032083,1908,2023-06-18 20:38:20,538,0,91500,607
732966,LL23041902M,982091101532966,1908,2023-06-18 20:47:42,323,0,101000,415
732966,LL23041902M,982091101532966,1908,2023-06-18 21:00:57,151,0,102000,159
734751,LL23052303M,982091101534751,1908,2023-06-18 21:14:16,338,0,81000,297
734692,LL23050302M,982091101534692,1908,2023-06-18 21:21:54,546,0,82000,345
734692,LL23050302M,982091101534692,1908,2023-06-18 21:41:06,155,0,81500,17
737097,LL23037303M,982091101537097,1908,2023-06-18 21:44:36,30,0,,19
734692,LL23050302M,982091101534692,1908,2023-06-18 21:46:50,48,0,,16
737097,LL23037303M,982091101537097,1908,2023-06-18 21:47:59,40,0,,1
734709,LL23048502M,982091101534709,1908,2023-06-18 21:49:27,354,0,86500,300
735034,LL23026202M,982091101535034,1908,2023-06-18 21:55:45,116,0,65000,31
734751,LL23052303M,982091101534751,1908,2023-06-18 21:59:29,618,0,82000,406
737148,LL23051105M,982091101537148,1908,2023-06-18 22:10:19,75,0,87000,84
737097,LL23037303M,982091101537097,1908,2023-06-18 22:14:20,21,0,,6
734692,LL23050302M,982091101534692,1908,2023-06-18 22:25:15,205,0,80500,1
737148,LL23051105M,982091101537148,1908,2023-06-18 22:41:56,38,0,,2
737097,LL23037303M,982091101537097,1908,2023-06-18 22:44:27,532,0,89500,522
729902,LL23035307M,982091101529902,1908,2023-06-18 22:55:20,61,0,53000,70
735034,LL23026202M,982091101535034,1908,2023-06-18 23:01:30,340,0,102000,282
734692,LL23050302M,982091101534692,1908,2023-06-18 23:10:43,52,0,,19
737148,LL23051105M,982091101537148,1908,2023-06-18 23:11:47,357,0,87500,551
734692,LL23050302M,982091101534692,1908,2023-06-18 23:18:25,51,0,,16
735034,LL23026202M,982091101535034,1908,2023-06-18 23:19:32,198,0,103000,88
734751,LL23052303M,982091101534751,1908,2023-06-18 23:26:14,359,0,82500,315
729902,LL23035307M,982091101529902,1908,2023-06-18 23:33:34,18,0,,18
734692,LL23050302M,982091101534692,1908,2023-06-18 23:36:24,125,0,81500,66
734751,LL23052303M,982091101534751,1908,2023-06-18 23:41:45,277,0,82500,253
732909,LL23042102M,982091101532909,1908,2023-06-18 23:49:58,1509,0,91000,1058
735034,LL23026202M,982091101535034,1908,2023-06-19 00:15:43,263,0,102500,228
734692,LL23050302M,982091101534692,1908,2023-06-19 00:20:39,334,0,81500,47
732966,LL23041902M,982091101532966,1908,2023-06-19 00:26:45,428,0,100500,531
737148,LL23051105M,982091101537148,1908,2023-06-19 00:36:26,31,0,,1
734692,LL23050302M,982091101534692,1908,2023-06-19 00:39:39,173,0,82000,131
737097,LL23037303M,982091101537097,1908,2023-06-19 00:42:40,386,0,90500,472
729902,LL23035307M,982091101529902,1908,2023-06-19 00:51:02,100,0,89000,99
737148,LL23051105M,982091101537148,1908,2023-06-19 00:53:50,244,0,88500,307
729902,LL23035307M,982091101529902,1908,2023-06-19 00:57:54,25,0,,72
732909,LL23042102M,982091101532909,1908,2023-06-19 00:59:19,97,0,90500,57
729902,LL23035307M,982091101529902,1908,2023-06-19 01:01:52,28,0,,47
734692,LL23050302M,982091101534692,1908,2023-06-19 01:04:24,506,0,81500,409
734709,LL23048502M,982091101534709,1908,2023-06-19 01:12:54,845,0,85000,667
735083,LL23029205M,982091101535083,1908,2023-06-19 01:27:34,661,0,83000,501
732923,LL23042101M,982091101532923,1908,2023-06-19 01:40:14,635,0,83500,510
732923,LL23042101M,982091101532923,1908,2023-06-19 01:53:57,33,0,,26
734709,LL23048502M,982091101534709,1908,2023-06-19 02:11:29,430,0,86000,277
737148,LL23051105M,982091101537148,1908,2023-06-19 02:21:12,292,0,89000,381
734692,LL23050302M,982091101534692,1908,2023-06-19 02:26:40,274,0,82000,180
737097,LL23037303M,982091101537097,1908,2023-06-19 02:31:18,33,0,,2
729902,LL23035307M,982091101529902,1908,2023-06-19 02:31:59,175,0,89500,140
737097,LL23037303M,982091101537097,1908,2023-06-19 02:35:22,183,0,90500,225
735083,LL23029205M,982091101535083,1908,2023-06-19 02:38:25,438,0,83000,383
734751,LL23052303M,982091101534751,1908,2023-06-19 02:51:07,330,0,82000,283
734692,LL23050302M,982091101534692,1908,2023-06-19 02:59:10,186,0,82000,145
732923,LL23042101M,982091101532923,1908,2023-06-19 03:02:28,112,0,83000,89
734692,LL23050302M,982091101534692,1908,2023-06-19 03:04:24,228,0,82000,181
729902,LL23035307M,982091101529902,1908,2023-06-19 03:08:16,232,0,90000,185
735028,LL23029207M,984000005032083,1908,2023-06-19 03:12:08,559,0,91000,592
734731,LL23052101M,982091101534731,1908,2023-06-19 03:22:03,969,0,95000,1012
732909,LL23042102M,982091101532909,1908,2023-06-19 03:38:16,1252,0,91500,994
729902,LL23035307M,982091101529902,1908,2023-06-19 04:01:53,260,0,89500,131
729897,LL23038102M,982091101529897,1908,2023-06-19 04:06:17,236,0,85500,115
734692,LL23050302M,982091101534692,1908,2023-06-19 04:10:58,123,0,83000,76
729897,LL23038102M,982091101529897,1908,2023-06-19 04:13:25,68,0,84000,36
729897,LL23038102M,982091101529897,1908,2023-06-19 04:16:36,47,0,,18
732909,LL23042102M,982091101532909,1908,2023-06-19 04:19:27,73,0,91000,46
729897,LL23038102M,982091101529897,1908,2023-06-19 04:22:40,194,0,84500,162
735034,LL23026202M,982091101535034,1908,2023-06-19 04:28:38,1058,0,101000,1126
734709,LL23048502M,982091101534709,1908,2023-06-19 04:46:32,373,0,86000,328
734709,LL23048502M,982091101534709,1908,2023-06-19 05:03:01,60,0,,5
732923,LL23042101M,982091101532923,1908,2023-06-19 05:05:17,547,0,83500,582
734709,LL23048502M,982091101534709,1908,2023-06-19 05:14:52,237,0,86500,139
735083,LL23029205M,982091101535083,1908,2023-06-19 05:24:36,303,0,83500,233
732909,LL23042102M,982091101532909,1908,2023-06-19 05:31:43,530,0,93000,365
734731,LL23052101M,982091101534731,1908,2023-06-19 05:49:00,583,0,96500,685
734731,LL23052101M,982091101534731,1908,2023-06-19 06:01:38,48,0,,58
737097,LL23037303M,982091101537097,1908,2023-06-19 06:03:26,261,0,90000,405
732966,LL23041902M,982091101532966,1908,2023-06-19 06:18:01,728,0,100000,942
732909,LL23042102M,982091101532909,1908,2023-06-19 06:32:55,253,0,92750,125
734692,LL23050302M,982091101534692,1908,2023-06-19 06:43:27,227,0,83500,125
729897,LL23038102M,982091101529897,1908,2023-06-19 06:47:22,240,0,84500,156
734692,LL23050302M,982091101534692,1908,2023-06-19 06:51:46,172,0,83500,149
735028,LL23029207M,984000005032083,1908,2023-06-19 06:56:07,35,0,,33
729902,LL23035307M,982091101529902,1908,2023-06-19 06:57:06,75,0,88500,84
734751,LL23052303M,982091101534751,1908,2023-06-19 06:58:21,120,0,81000,103
729889,LL23037601M,982091101529889,1908,2023-06-19 07:00:29,1113,0,102500,1265
734709,LL23048502M,982091101534709,1908,2023-06-19 07:20:03,336,0,86000,283
729897,LL23038102M,982091101529897,1908,2023-06-19 07:34:08,25,0,,19
729897,LL23038102M,982091101529897,1908,2023-06-19 07:36:34,161,0,85000,112
729902,LL23035307M,982091101529902,1908,2023-06-19 07:39:19,514,0,89000,260
729897,LL23038102M,982091101529897,1908,2023-06-19 07:48:21,258,0,84000,147
734709,LL23048502M,982091101534709,1908,2023-06-19 07:52:51,70,0,84000,1
737097,LL23037303M,982091101537097,1908,2023-06-19 08:47:21,258,0,89500,371
735028,LL23029207M,984000005032083,1908,2023-06-19 08:52:11,840,0,88000,820
735028,LL23029207M,984000005032083,1908,2023-06-19 09:08:15,84,0,89500,51
729897,LL23038102M,982091101529897,1908,2023-06-19 09:42:06,105,0,84500,54
729897,LL23038102M,982091101529897,1908,2023-06-19 09:50:20,28,0,,17
729897,LL23038102M,982091101529897,1908,2023-06-19 09:53:56,29,0,,11
729889,LL23037601M,982091101529889,1908,2023-06-19 10:06:35,428,0,103500,419
735083,LL23029205M,982091101535083,1908,2023-06-19 10:14:03,695,0,82000,443
734692,LL23050302M,982091101534692,1908,2023-06-19 10:26:55,17,0,,2
732909,LL23042102M,982091101532909,1908,2023-06-19 10:28:19,748,0,93000,607
729897,LL23038102M,982091101529897,1908,2023-06-19 12:06:41,388,0,84500,163
734751,LL23052303M,982091101534751,1908,2023-06-19 12:13:13,719,0,81500,558
732966,LL23041902M,982091101532966,1908,2023-06-19 12:25:36,777,0,100500,900
729897,LL23038102M,982091101529897,1908,2023-06-19 12:38:37,617,0,84500,505
734709,LL23048502M,982091101534709,1908,2023-06-19 12:48:58,544,0,85000,413
729897,LL23038102M,982091101529897,1908,2023-06-19 12:58:06,131,0,85000,94
734731,LL23052101M,982091101534731,1908,2023-06-19 13:10:19,807,0,95500,972
735083,LL23029205M,982091101535083,1908,2023-06-19 13:23:46,461,0,81500,330
729889,LL23037601M,982091101529889,1908,2023-06-19 13:33:30,368,0,103000,385
735028,LL23029207M,984000005032083,1908,2023-06-19 13:40:06,97,0,90500,93
732923,LL23042101M,982091101532923,1908,2023-06-19 13:42:19,565,0,83000,510
734751,LL23052303M,982091101534751,1908,2023-06-19 13:52:28,291,0,81500,217
735083,LL23029205M,982091101535083,1908,2023-06-19 13:57:31,385,0,82500,326
737148,LL23051105M,982091101537148,1908,2023-06-19 14:04:12,508,0,85500,725
735028,LL23029207M,984000005032083,1908,2023-06-19 14:14:02,679,0,90000,747
735034,LL23026202M,982091101535034,1908,2023-06-19 14:25:29,708,0,100500,618
732923,LL23042101M,982091101532923,1908,2023-06-19 14:39:21,265,0,84000,210
737097,LL23037303M,982091101537097,1908,2023-06-19 14:43:50,559,0,90000,637
734709,LL23048502M,982091101534709,1908,2023-06-19 14:53:13,288,0,86000,268
729902,LL23035307M,982091101529902,1908,2023-06-19 14:58:05,344,0,87500,188
732923,LL23042101M,982091101532923,1908,2023-06-19 15:03:57,79,0,84500,53
734751,LL23052303M,982091101534751,1908,2023-06-19 15:05:24,301,0,82500,255
729902,LL23035307M,982091101529902,1908,2023-06-19 15:10:57,205,0,88000,143
729889,LL23037601M,982091101529889,1908,2023-06-19 15:15:02,542,0,103000,589
729897,LL23038102M,982091101529897,1908,2023-06-19 15:24:08,317,0,85500,246
729902,LL23035307M,982091101529902,1908,2023-06-19 15:29:33,361,0,88000,189
735083,LL23029205M,982091101535083,1908,2023-06-19 15:35:54,303,0,83000,136
729897,LL23038102M,982091101529897,1908,2023-06-19 15:41:34,312,0,85000,163
732966,LL23041902M,982091101532966,1908,2023-06-19 15:46:46,82,0,101500,90
734692,LL23050302M,982091101534692,1908,2023-06-19 15:49:45,707,0,81500,403
729902,LL23035307M,982091101529902,1908,2023-06-19 16:01:40,214,0,87500,206
737148,LL23051105M,982091101537148,1908,2023-06-19 16:06:35,131,0,87500,184
732923,LL23042101M,982091101532923,1908,2023-06-19 16:14:41,454,0,84000,463
735083,LL23029205M,982091101535083,1908,2023-06-19 16:22:19,76,0,83500,19
729889,LL23037601M,982091101529889,1908,2023-06-19 16:23:39,200,0,102500,214
735083,LL23029205M,982091101535083,1908,2023-06-19 16:29:00,267,0,84500,166
732966,LL23041902M,982091101532966,1908,2023-06-19 16:33:51,458,0,102000,559
734709,LL23048502M,982091101534709,1908,2023-06-19 16:44:37,398,0,85500,350
732923,LL23042101M,982091101532923,1908,2023-06-19 16:51:23,241,0,84500,265
735083,LL23029205M,982091101535083,1908,2023-06-19 16:55:28,449,0,82500,397
735083,LL23029205M,982091101535083,1908,2023-06-19 17:04:58,143,0,81500,110
732923,LL23042101M,982091101532923,1908,2023-06-19 17:07:33,30,0,,30
729897,LL23038102M,982091101529897,1908,2023-06-19 17:08:11,287,0,86000,141
735083,LL23029205M,982091101535083,1908,2023-06-19 17:16:06,51,0,,1
729897,LL23038102M,982091101529897,1908,2023-06-19 17:25:52,241,0,87000,126
735028,LL23029207M,984000005032083,1908,2023-06-19 17:33:42,333,0,91000,313
732923,LL23042101M,982091101532923,1908,2023-06-19 17:39:31,134,0,85000,136
737148,LL23051105M,982091101537148,1908,2023-06-19 17:42:25,207,0,88000,272
737097,LL23037303M,982091101537097,1908,2023-06-19 17:46:05,330,0,91000,338
729897,LL23038102M,982091101529897,1908,2023-06-19 17:52:03,36,0,,16
735028,LL23029207M,984000005032083,1908,2023-06-19 17:54:28,397,0,91000,429
729897,LL23038102M,982091101529897,1908,2023-06-19 18:01:17,51,0,,43
732966,LL23041902M,982091101532966,1908,2023-06-19 18:03:16,27,0,,25
735083,LL23029205M,982091101535083,1908,2023-06-19 18:05:44,373,0,81000,267
729897,LL23038102M,982091101529897,1908,2023-06-19 18:13:58,31,0,,21
735083,LL23029205M,982091101535083,1908,2023-06-19 18:14:41,70,0,85750,39
729902,LL23035307M,982091101529902,1908,2023-06-19 18:16:15,414,0,88000,213
729897,LL23038102M,982091101529897,1908,2023-06-19 18:23:13,17,0,,16
735034,LL23026202M,982091101535034,1908,2023-06-19 18:24:50,865,0,101000,647
732966,LL23041902M,982091101532966,1908,2023-06-19 18:39:35,521,0,102500,642
729902,LL23035307M,982091101529902,1908,2023-06-19 18:48:16,128,0,88000,99
732923,LL23042101M,982091101532923,1908,2023-06-19 18:50:29,240,0,83000,263
734751,LL23052303M,982091101534751,1908,2023-06-19 18:54:33,171,0,82000,93
729902,LL23035307M,982091101529902,1908,2023-06-19 18:57:32,550,0,87000,334
734692,LL23050302M,982091101534692,1908,2023-06-19 19:06:42,282,0,81000,187
734751,LL23052303M,982091101534751,1908,2023-06-19 19:11:36,598,0,82000,460
729902,LL23035307M,982091101529902,1908,2023-06-19 19:22:02,769,0,88000,478
729889,LL23037601M,982091101529889,1908,2023-06-19 19:34:59,776,0,102500,932
737097,LL23037303M,982091101537097,1908,2023-06-19 20:21:25,31,0,,3
732966,LL23041902M,982091101532966,1908,2023-06-19 20:23:53,300,0,103000,318
737148,LL23051105M,982091101537148,1908,2023-06-19 20:28:57,377,0,87000,541
729902,LL23035307M,982091101529902,1908,2023-06-19 20:36:50,843,0,87500,625
729897,LL23038102M,982091101529897,1908,2023-06-19 20:52:05,243,0,86500,228
735034,LL23026202M,982091101535034,1908,2023-06-19 20:56:48,678,0,103000,536
735028,LL23029207M,984000005032083,1908,2023-06-19 21:09:59,126,0,93000,79
737097,LL23037303M,982091101537097,1908,2023-06-19 21:12:37,414,0,90000,524
734692,LL23050302M,982091101534692,1908,2023-06-19 21:19:56,164,0,81500,126
734751,LL23052303M,982091101534751,1908,2023-06-19 21:24:08,299,0,82000,195
734692,LL23050302M,982091101534692,1908,2023-06-19 21:29:31,499,0,81750,365
734751,LL23052303M,982091101534751,1908,2023-06-19 21:40:26,233,0,82500,177
737148,LL23051105M,982091101537148,1908,2023-06-19 21:47:09,115,0,86000,129
735083,LL23029205M,982091101535083,1908,2023-06-19 21:53:54,481,0,81000,467
737148,LL23051105M,982091101537148,1908,2023-06-19 22:11:33,54,0,,1
734692,LL23050302M,982091101534692,1908,2023-06-19 23:04:41,123,0,82000,2
729902,LL23035307M,982091101529902,1908,2023-06-19 23:09:17,83,0,87000,38
734692,LL23050302M,982091101534692,1908,2023-06-19 23:10:53,24,0,,6
734709,LL23048502M,982091101534709,1908,2023-06-19 23:12:46,409,0,85000,361
734751,LL23052303M,982091101534751,1908,2023-06-19 23:19:51,15,0,,2
737097,LL23037303M,982091101537097,1908,2023-06-19 23:21:22,219,0,87750,49
734692,LL23050302M,982091101534692,1908,2023-06-19 23:25:22,21,0,,1
735028,LL23029207M,984000005032083,1908,2023-06-19 23:26:40,466,0,90500,450
737097,LL23037303M,982091101537097,1908,2023-06-19 23:36:30,600,0,89500,822
734692,LL23050302M,982091101534692,1908,2023-06-19 23:46:30,32,0,,26
734751,LL23052303M,982091101534751,1908,2023-06-19 23:48:35,148,0,83500,98
737148,LL23051105M,982091101537148,1908,2023-06-19 23:51:27,304,0,87000,492
734692,LL23050302M,982091101534692,1908,2023-06-19 23:56:59,270,0,81500,96
734692,LL23050302M,982091101534692,1908,2023-06-20 00:04:47,121,0,80500,101
732966,LL23041902M,982091101532966,1908,2023-06-20 00:07:00,290,0,101500,450
734692,LL23050302M,982091101534692,1908,2023-06-20 00:12:53,15,0,,1
729897,LL23038102M,982091101529897,1908,2023-06-20 00:13:16,300,0,85500,259
734751,LL23052303M,982091101534751,1908,2023-06-20 00:19:22,8,0,,2
729897,LL23038102M,982091101529897,1908,2023-06-20 00:20:23,14,0,,9
734692,LL23050302M,982091101534692,1908,2023-06-20 00:21:09,212,0,81000,99
729902,LL23035307M,982091101529902,1908,2023-06-20 00:25:09,60,0,,64
732909,LL23042102M,982091101532909,1908,2023-06-20 00:27:54,1208,0,90500,1002
735034,LL23026202M,982091101535034,1908,2023-06-20 00:50:03,42,0,,3
729902,LL23035307M,982091101529902,1908,2023-06-20 00:51:09,174,0,90500,117
734751,LL23052303M,982091101534751,1908,2023-06-20 00:54:08,314,0,84000,255
734709,LL23048502M,982091101534709,1908,2023-06-20 00:59:42,289,0,85500,254
735034,LL23026202M,982091101535034,1908,2023-06-20 01:12:35,656,0,102000,823
734692,LL23050302M,982091101534692,1908,2023-06-20 01:37:28,54,0,,35
734751,LL23052303M,982091101534751,1908,2023-06-20 01:42:34,372,0,84500,376
734731,LL23052101M,982091101534731,1908,2023-06-20 01:48:54,1393,0,94000,1341
734692,LL23050302M,982091101534692,1908,2023-06-20 02:12:27,347,0,82000,221
735083,LL23029205M,982091101535083,1908,2023-06-20 02:18:17,249,0,84500,177
734692,LL23050302M,982091101534692,1908,2023-06-20 02:22:38,252,0,82500,194
734709,LL23048502M,982091101534709,1908,2023-06-20 02:26:58,518,0,84500,455
737148,LL23051105M,982091101537148,1908,2023-06-20 02:41:55,478,0,88000,656
735034,LL23026202M,982091101535034,1908,2023-06-20 02:59:26,698,0,102500,841
734692,LL23050302M,982091101534692,1908,2023-06-20 03:11:20,42,0,,33
729902,LL23035307M,982091101529902,1908,2023-06-20 03:12:11,129,0,90500,107
734709,LL23048502M,982091101534709,1908,2023-06-20 03:15:24,401,0,85000,242
732923,LL23042101M,982091101532923,1908,2023-06-20 03:22:05,595,0,82500,541
734692,LL23050302M,982091101534692,1908,2023-06-20 03:32:12,26,0,,19
737097,LL23037303M,982091101537097,1908,2023-06-20 03:38:58,16,0,,2
737097,LL23037303M,982091101537097,1908,2023-06-20 04:02:14,286,0,87500,348
734692,LL23050302M,982091101534692,1908,2023-06-20 04:07:11,185,0,80500,148
734692,LL23050302M,982091101534692,1908,2023-06-20 04:10:53,67,0,81500,51
732909,LL23042102M,982091101532909,1908,2023-06-20 04:12:51,968,0,92000,816
734692,LL23050302M,982091101534692,1908,2023-06-20 04:29:04,253,0,81500,186
729897,LL23038102M,982091101529897,1908,2023-06-20 04:33:25,294,0,86000,199
732923,LL23042101M,982091101532923,1908,2023-06-20 04:38:28,523,0,83000,490
729902,LL23035307M,982091101529902,1908,2023-06-20 04:47:15,821,0,88000,411
734709,LL23048502M,982091101534709,1908,2023-06-20 05:00:56,351,0,85500,331
735083,LL23029205M,982091101535083,1908,2023-06-20 05:06:55,722,0,82000,599
732966,LL23041902M,982091101532966,1908,2023-06-20 05:19:17,468,0,100500,675
734709,LL23048502M,982091101534709,1908,2023-06-20 05:29:05,256,0,85500,200
734692,LL23050302M,982091101534692,1908,2023-06-20 05:33:33,386,0,82500,185
732909,LL23042102M,982091101532909,1908,2023-06-20 05:42:00,818,0,94000,569
735028,LL23029207M,984000005032083,1908,2023-06-20 06:36:38,1011,0,88000,877
729889,LL23037601M,982091101529889,1908,2023-06-20 06:53:29,1113,0,99250,1230
732923,LL23042101M,982091101532923,1908,2023-06-20 07:23:53,119,0,85000,78
737097,LL23037303M,982091101537097,1908,2023-06-20 07:27:48,325,0,89000,426
732909,LL23042102M,982091101532909,1908,2023-06-20 07:34:21,37,0,,31
729897,LL23038102M,982091101529897,1908,2023-06-20 07:35:26,315,0,85500,164
734731,LL23052101M,982091101534731,1908,2023-06-20 07:40:57,822,0,95500,1001
729897,LL23038102M,982091101529897,1908,2023-06-20 07:54:43,581,0,84500,512
734709,LL23048502M,982091101534709,1908,2023-06-20 08:04:44,340,0,85500,338
732909,LL23042102M,982091101532909,1908,2023-06-20 08:10:31,628,0,93000,494
734692,LL23050302M,982091101534692,1908,2023-06-20 08:21:07,33,0,,5
732909,LL23042102M,982091101532909,1908,2023-06-20 08:23:41,50,0,,25
734731,LL23052101M,982091101534731,1908,2023-06-20 08:27:04,269,0,93250,222
734731,LL23052101M,982091101534731,1908,2023-06-20 08:38:21,55,0,,28
729889,LL23037601M,982091101529889,1908,2023-06-20 08:54:42,51,0,,50
729897,LL23038102M,982091101529897,1908,2023-06-20 09:23:44,48,0,,21
735083,LL23029205M,982091101535083,1908,2023-06-20 09:34:00,110,0,79000,63
734731,LL23052101M,982091101534731,1908,2023-06-20 09:47:06,25,0,,28
734731,LL23052101M,982091101534731,1908,2023-06-20 09:53:48,51,0,,12
729889,LL23037601M,982091101529889,1908,2023-06-20 09:55:19,527,0,101500,583
734751,LL23052303M,982091101534751,1908,2023-06-20 10:04:38,526,0,81000,492
735083,LL23029205M,982091101535083,1908,2023-06-20 10:34:15,285,0,82500,257
734692,LL23050302M,982091101534692,1908,2023-06-20 10:39:32,404,0,83000,376
734692,LL23050302M,982091101534692,1908,2023-06-20 10:48:18,270,0,82000,195
729897,LL23038102M,982091101529897,1908,2023-06-20 11:08:56,195,0,85000,99
735083,LL23029205M,982091101535083,1908,2023-06-20 11:15:19,349,0,85000,259
735028,LL23029207M,984000005032083,1908,2023-06-20 11:21:16,586,0,85750,629
729897,LL23038102M,982091101529897,1908,2023-06-20 11:31:22,425,0,84000,339
732966,LL23041902M,982091101532966,1908,2023-06-20 11:38:35,652,0,101500,832
735028,LL23029207M,984000005032083,1908,2023-06-20 11:50:51,89,0,84500,72
735083,LL23029205M,982091101535083,1908,2023-06-20 11:52:20,102,0,80250,64
732923,LL23042101M,982091101532923,1908,2023-06-20 11:54:10,509,0,83500,429
735034,LL23026202M,982091101535034,1908,2023-06-20 12:04:07,439,0,101000,458
734751,LL23052303M,982091101534751,1908,2023-06-20 12:11:42,537,0,82500,460
734751,LL23052303M,982091101534751,1908,2023-06-20 12:22:39,43,0,,8
729889,LL23037601M,982091101529889,1908,2023-06-20 12:36:01,198,0,100500,141
734731,LL23052101M,982091101534731,1908,2023-06-20 13:11:11,63,0,56500,36
735083,LL23029205M,982091101535083,1908,2023-06-20 13:25:29,62,0,84500,42
729897,LL23038102M,982091101529897,1908,2023-06-20 13:33:52,38,0,,21
737097,LL23037303M,982091101537097,1908,2023-06-20 13:35:46,593,0,89000,731
735083,LL23029205M,982091101535083,1908,2023-06-20 13:47:43,638,0,81500,361
735028,LL23029207M,984000005032083,1908,2023-06-20 13:58:53,74,0,89500,65
729889,LL23037601M,982091101529889,1908,2023-06-20 14:00:47,23,0,,14
732923,LL23042101M,982091101532923,1908,2023-06-20 14:02:46,676,0,83000,270
734751,LL23052303M,982091101534751,1908,2023-06-20 14:14:19,407,0,82000,332
729897,LL23038102M,982091101529897,1908,2023-06-20 14:21:18,241,0,87000,139
729889,LL23037601M,982091101529889,1908,2023-06-20 14:25:39,514,0,101000,478
734709,LL23048502M,982091101534709,1908,2023-06-20 14:34:53,741,0,83500,676
734731,LL23052101M,982091101534731,1908,2023-06-20 14:47:22,25,0,,41
729897,LL23038102M,982091101529897,1908,2023-06-20 14:47:55,328,0,86000,266
734731,LL23052101M,982091101534731,1908,2023-06-20 14:53:40,212,0,95500,266
729902,LL23035307M,982091101529902,1908,2023-06-20 14:58:40,911,0,87000,378
735028,LL23029207M,984000005032083,1908,2023-06-20 15:14:39,199,0,90000,162
734751,LL23052303M,982091101534751,1908,2023-06-20 15:18:27,259,0,80000,157
735028,LL23029207M,984000005032083,1908,2023-06-20 15:24:03,26,0,,16
737148,LL23051105M,982091101537148,1908,2023-06-20 15:24:53,446,0,86500,690
729897,LL23038102M,982091101529897,1908,2023-06-20 15:33:03,217,0,86500,210
729902,LL23035307M,982091101529902,1908,2023-06-20 15:37:00,275,0,83000,204
735083,LL23029205M,982091101535083,1908,2023-06-20 15:42:27,321,0,85000,237
734692,LL23050302M,982091101534692,1908,2023-06-20 15:48:28,147,0,82000,106
735083,LL23029205M,982091101535083,1908,2023-06-20 15:50:59,83,0,82750,56
735028,LL23029207M,984000005032083,1908,2023-06-20 15:52:30,135,0,90500,114
729897,LL23038102M,982091101529897,1908,2023-06-20 15:54:49,254,0,86500,236
729902,LL23035307M,982091101529902,1908,2023-06-20 15:59:15,246,0,86250,160
729897,LL23038102M,982091101529897,1908,2023-06-20 16:03:57,86,0,84000,89
734709,LL23048502M,982091101534709,1908,2023-06-20 16:05:27,269,0,81500,276
732923,LL23042101M,982091101532923,1908,2023-06-20 16:10:57,866,0,80500,812
735028,LL23029207M,984000005032083,1908,2023-06-20 16:25:27,317,0,90500,312
732923,LL23042101M,982091101532923,1908,2023-06-20 16:31:00,188,0,84250,26
729902,LL23035307M,982091101529902,1908,2023-06-20 16:34:08,151,0,87500,104
729889,LL23037601M,982091101529889,1908,2023-06-20 16:36:59,177,0,103000,130
735083,LL23029205M,982091101535083,1908,2023-06-20 16:40:01,146,0,82000,79
734731,LL23052101M,982091101534731,1908,2023-06-20 16:42:52,508,0,96500,712
732966,LL23041902M,982091101532966,1908,2023-06-20 16:51:28,887,0,101500,1146
729902,LL23035307M,982091101529902,1908,2023-06-20 17:06:24,199,0,83000,156
732923,LL23042101M,982091101532923,1908,2023-06-20 17:09:47,58,0,,52
734709,LL23048502M,982091101534709,1908,2023-06-20 17:11:13,297,0,86000,273
735083,LL23029205M,982091101535083,1908,2023-06-20 17:19:51,330,0,82750,139
735083,LL23029205M,982091101535083,1908,2023-06-20 17:28:03,107,0,81500,72
735028,LL23029207M,984000005032083,1908,2023-06-20 17:30:23,16,0,,20
729889,LL23037601M,982091101529889,1908,2023-06-20 17:33:13,766,0,102500,858
737148,LL23051105M,982091101537148,1908,2023-06-20 17:46:11,335,0,88500,480
735028,LL23029207M,984000005032083,1908,2023-06-20 17:53:06,162,0,86000,153
735034,LL23026202M,982091101535034,1908,2023-06-20 17:55:56,1191,0,101500,1419
735083,LL23029205M,982091101535083,1908,2023-06-20 18:16:03,448,0,84500,380
729897,LL23038102M,982091101529897,1908,2023-06-20 18:24:07,435,0,86500,362
737148,LL23051105M,982091101537148,1908,2023-06-20 18:31:58,235,0,88000,319
737097,LL23037303M,982091101537097,1908,2023-06-20 18:58:24,354,0,89000,353
729897,LL23038102M,982091101529897,1908,2023-06-20 19:05:02,148,0,87000,147
734751,LL23052303M,982091101534751,1908,2023-06-20 19:29:58,40,0,,35
734751,LL23052303M,982091101534751,1908,2023-06-20 19:32:39,283,0,81500,205
732923,LL23042101M,982091101532923,1908,2023-06-20 19:39:54,180,0,86500,197
729897,LL23038102M,982091101529897,1908,2023-06-20 19:43:10,112,0,90750,90
732923,LL23042101M,982091101532923,1908,2023-06-20 19:46:38,55,0,,3
735028,LL23029207M,984000005032083,1908,2023-06-20 19:50:16,671,0,89000,651
734709,LL23048502M,982091101534709,1908,2023-06-20 20:02:12,166,0,87500,140
729902,LL23035307M,982091101529902,1908,2023-06-20 20:05:14,1506,0,87000,766
729897,LL23038102M,982091101529897,1908,2023-06-20 20:31:25,132,0,87000,78
737097,LL23037303M,982091101537097,1908,2023-06-20 20:37:49,428,0,89000,511
729897,LL23038102M,982091101529897,1908,2023-06-20 20:45:09,157,0,87500,112
729889,LL23037601M,982091101529889,1908,2023-06-20 20:48:21,386,0,102000,482
734751,LL23052303M,982091101534751,1908,2023-06-20 20:54:59,697,0,83000,524
735028,LL23029207M,984000005032083,1908,2023-06-20 21:13:59,258,0,92500,311
732966,LL23041902M,982091101532966,1908,2023-06-20 21:21:54,229,0,103000,309
729902,LL23035307M,982091101529902,1908,2023-06-20 21:51:20,72,0,88500,113
737148,LL23051105M,982091101537148,1908,2023-06-20 21:53:40,181,0,88500,290
734692,LL23050302M,982091101534692,1908,2023-06-20 21:56:53,127,0,80500,88
732966,LL23041902M,982091101532966,1908,2023-06-20 21:59:08,193,0,102000,312
734692,LL23050302M,982091101534692,1908,2023-06-20 22:02:45,148,0,81500,120
734692,LL23050302M,982091101534692,1908,2023-06-20 22:07:13,75,0,81500,66
734692,LL23050302M,982091101534692,1908,2023-06-20 22:10:32,103,0,81500,74
729902,LL23035307M,982091101529902,1908,2023-06-20 22:12:47,739,0,87000,662
737097,LL23037303M,982091101537097,1908,2023-06-20 22:25:18,60,0,,44
732966,LL23041902M,982091101532966,1908,2023-06-20 23:26:23,321,0,103500,476
734751,LL23052303M,982091101534751,1908,2023-06-20 23:32:36,20,0,,17
729902,LL23035307M,982091101529902,1908,2023-06-20 23:33:36,491,0,90500,458
734692,LL23050302M,982091101534692,1908,2023-06-20 23:42:55,33,0,,28
737097,LL23037303M,982091101537097,1908,2023-06-20 23:44:32,643,0,89500,893
735034,LL23026202M,982091101535034,1908,2023-06-21 00:05:17,76,0,104500,6
734692,LL23050302M,982091101534692,1908,2023-06-21 00:12:20,63,0,80000,23
737148,LL23051105M,982091101537148,1908,2023-06-21 00:14:43,67,0,89000,87
734692,LL23050302M,982091101534692,1908,2023-06-21 00:16:18,69,0,81500,47
732909,LL23042102M,982091101532909,1908,2023-06-21 00:19:28,996,0,93000,835
734692,LL23050302M,982091101534692,1908,2023-06-21 00:37:00,555,0,81500,451
734751,LL23052303M,982091101534751,1908,2023-06-21 00:52:03,350,0,83000,338
732923,LL23042101M,982091101532923,1908,2023-06-21 00:58:58,613,0,86000,643
729889,LL23037601M,982091101529889,1908,2023-06-21 01:09:23,59,0,,18
737148,LL23051105M,982091101537148,1908,2023-06-21 01:17:46,92,0,89750,4
735034,LL23026202M,982091101535034,1908,2023-06-21 01:22:26,833,0,101500,962
737148,LL23051105M,982091101537148,1908,2023-06-21 01:38:23,428,0,88000,607
729902,LL23035307M,982091101529902,1908,2023-06-21 02:06:12,29,0,,24
734751,LL23052303M,982091101534751,1908,2023-06-21 02:14:05,548,0,83500,560
734709,LL23048502M,982091101534709,1908,2023-06-21 02:23:25,518,0,84500,449
735083,LL23029205M,982091101535083,1908,2023-06-21 02:36:44,590,0,84500,531
734692,LL23050302M,982091101534692,1908,2023-06-21 02:49:43,35,0,,18
737148,LL23051105M,982091101537148,1908,2023-06-21 03:01:29,418,0,89000,583
734692,LL23050302M,982091101534692,1908,2023-06-21 03:15:29,43,0,,17
734692,LL23050302M,982091101534692,1908,2023-06-21 03:20:32,37,0,,37
734692,LL23050302M,982091101534692,1908,2023-06-21 03:24:48,28,0,,15
732909,LL23042102M,982091101532909,1908,2023-06-21 03:51:47,110,0,92500,71
732909,LL23042102M,982091101532909,1908,2023-06-21 04:00:30,68,0,93500,55
737148,LL23051105M,982091101537148,1908,2023-06-21 04:03:39,206,0,91000,290
732923,LL23042101M,982091101532923,1908,2023-06-21 04:07:37,39,0,,46
734692,LL23050302M,982091101534692,1908,2023-06-21 04:08:44,102,0,81250,20
734692,LL23050302M,982091101534692,1908,2023-06-21 04:12:30,71,0,81000,39
734709,LL23048502M,982091101534709,1908,2023-06-21 04:22:09,432,0,85500,379
732909,LL23042102M,982091101532909,1908,2023-06-21 04:41:09,991,0,93500,907
734692,LL23050302M,982091101534692,1908,2023-06-21 05:14:04,700,0,83000,548
734709,LL23048502M,982091101534709,1908,2023-06-21 05:53:24,289,0,86000,239
737097,LL23037303M,982091101537097,1908,2023-06-21 06:01:50,614,0,91000,880
732923,LL23042101M,982091101532923,1908,2023-06-21 06:12:08,726,0,84500,666
734751,LL23052303M,982091101534751,1908,2023-06-21 06:33:16,27,0,,2
732909,LL23042102M,982091101532909,1908,2023-06-21 06:39:58,52,0,,47
734709,LL23048502M,982091101534709,1908,2023-06-21 06:41:18,250,0,85500,235
735034,LL23026202M,982091101535034,1908,2023-06-21 06:45:53,818,0,102000,1084
734731,LL23052101M,982091101534731,1908,2023-06-21 06:59:55,1206,0,97000,1482
732909,LL23042102M,982091101532909,1908,2023-06-21 07:39:18,986,0,94000,960
729897,LL23038102M,982091101529897,1908,2023-06-21 07:55:48,826,0,88000,607
735083,LL23029205M,982091101535083,1908,2023-06-21 08:09:42,1037,0,86000,842
729897,LL23038102M,982091101529897,1908,2023-06-21 08:27:19,293,0,89000,318
734692,LL23050302M,982091101534692,1908,2023-06-21 08:33:40,48,0,,46
729897,LL23038102M,982091101529897,1908,2023-06-21 08:34:36,18,0,,15
734692,LL23050302M,982091101534692,1908,2023-06-21 08:35:34,57,0,,46
734692,LL23050302M,982091101534692,1908,2023-06-21 08:39:46,141,0,83500,105
735083,LL23029205M,982091101535083,1908,2023-06-21 08:50:00,67,0,86000,23
732909,LL23042102M,982091101532909,1908,2023-06-21 08:51:39,100,0,96000,88
734731,LL23052101M,982091101534731,1908,2023-06-21 08:53:47,396,0,96000,516
734709,LL23048502M,982091101534709,1908,2023-06-21 09:00:27,645,0,86500,609
735028,LL23029207M,984000005032083,1908,2023-06-21 09:12:20,1139,0,88500,1077
735028,LL23029207M,984000005032083,1908,2023-06-21 09:33:54,30,0,,13
729889,LL23037601M,982091101529889,1908,2023-06-21 09:47:16,1167,0,100500,1080
729897,LL23038102M,982091101529897,1908,2023-06-21 10:08:07,134,0,86500,108
732923,LL23042101M,982091101532923,1908,2023-06-21 10:10:53,636,0,85500,580
735083,LL23029205M,982091101535083,1908,2023-06-21 10:55:04,48,0,,11
729897,LL23038102M,982091101529897,1908,2023-06-21 11:48:44,44,0,,23
734751,LL23052303M,982091101534751,1908,2023-06-21 11:49:44,134,0,82500,94
732966,LL23041902M,982091101532966,1908,2023-06-21 11:52:02,720,0,101500,792
735083,LL23029205M,982091101535083,1908,2023-06-21 12:16:14,78,0,85750,9
729889,LL23037601M,982091101529889,1908,2023-06-21 12:51:32,74,0,30000,1
729889,LL23037601M,982091101529889,1908,2023-06-21 12:54:47,52,0,,1
734731,LL23052101M,982091101534731,1908,2023-06-21 12:59:19,31,0,,16
729889,LL23037601M,982091101529889,1908,2023-06-21 13:13:03,540,0,105500,184
735083,LL23029205M,982091101535083,1908,2023-06-21 13:24:06,171,0,81000,87
734751,LL23052303M,982091101534751,1908,2023-06-21 13:28:46,522,0,82000,405
729897,LL23038102M,982091101529897,1908,2023-06-21 13:37:37,165,0,89500,122
737148,LL23051105M,982091101537148,1908,2023-06-21 13:40:26,39,0,,6
729897,LL23038102M,982091101529897,1908,2023-06-21 13:41:50,68,0,90000,68
729897,LL23038102M,982091101529897,1908,2023-06-21 13:44:58,55,0,,27
734751,LL23052303M,982091101534751,1908,2023-06-21 13:46:17,286,0,83000,235
729897,LL23038102M,982091101529897,1908,2023-06-21 13:51:39,93,0,89000,82
729889,LL23037601M,982091101529889,1908,2023-06-21 13:54:04,81,0,106500,1
734692,LL23050302M,982091101534692,1908,2023-06-21 14:08:42,219,0,83000,151
735083,LL23029205M,982091101535083,1908,2023-06-21 14:12:29,478,0,84500,399
735028,LL23029207M,984000005032083,1908,2023-06-21 14:23:09,241,0,92000,246
735034,LL23026202M,982091101535034,1908,2023-06-21 14:27:18,597,0,102500,576
734709,LL23048502M,982091101534709,1908,2023-06-21 14:37:23,257,0,87000,211
729902,LL23035307M,982091101529902,1908,2023-06-21 14:41:44,205,0,88000,116
729889,LL23037601M,982091101529889,1908,2023-06-21 14:45:41,262,0,103000,226
729897,LL23038102M,982091101529897,1908,2023-06-21 14:50:07,140,0,88500,168
729902,LL23035307M,982091101529902,1908,2023-06-21 14:52:31,142,0,89000,86
735083,LL23029205M,982091101535083,1908,2023-06-21 14:55:05,65,0,84000,9
732923,LL23042101M,982091101532923,1908,2023-06-21 14:56:14,242,0,85500,124
737148,LL23051105M,982091101537148,1908,2023-06-21 15:00:36,119,0,89500,1
734731,LL23052101M,982091101534731,1908,2023-06-21 15:03:03,63,0,99500,40
729897,LL23038102M,982091101529897,1908,2023-06-21 15:04:10,135,0,88000,138
735083,LL23029205M,982091101535083,1908,2023-06-21 15:09:07,98,0,85500,45
734709,LL23048502M,982091101534709,1908,2023-06-21 15:10:57,331,0,87500,197
737097,LL23037303M,982091101537097,1908,2023-06-21 15:27:18,282,0,90500,247
732923,LL23042101M,982091101532923,1908,2023-06-21 15:32:44,132,0,86500,34
734709,LL23048502M,982091101534709,1908,2023-06-21 15:40:51,261,0,88000,121
735083,LL23029205M,982091101535083,1908,2023-06-21 15:45:16,187,0,86000,99
729902,LL23035307M,982091101529902,1908,2023-06-21 15:49:06,113,0,89500,86
729897,LL23038102M,982091101529897,1908,2023-06-21 15:51:43,136,0,89000,130
729902,LL23035307M,982091101529902,1908,2023-06-21 15:54:19,93,0,89250,79
735083,LL23029205M,982091101535083,1908,2023-06-21 15:56:17,131,0,86000,43
735083,LL23029205M,982091101535083,1908,2023-06-21 16:00:28,136,0,83000,96
729889,LL23037601M,982091101529889,1908,2023-06-21 16:04:28,389,0,103000,364
734751,LL23052303M,982091101534751,1908,2023-06-21 16:11:25,419,0,83000,334
732923,LL23042101M,982091101532923,1908,2023-06-21 16:20:25,254,0,86000,224
729902,LL23035307M,982091101529902,1908,2023-06-21 16:25:03,215,0,89000,96
732923,LL23042101M,982091101532923,1908,2023-06-21 16:29:14,136,0,85500,147
735028,LL23029207M,984000005032083,1908,2023-06-21 16:31:30,528,0,91500,528
729897,LL23038102M,982091101529897,1908,2023-06-21 16:40:22,18,0,,22
729902,LL23035307M,982091101529902,1908,2023-06-21 16:41:00,179,0,89500,146
735028,LL23029207M,984000005032083,1908,2023-06-21 16:44:07,123,0,91500,85
729897,LL23038102M,982091101529897,1908,2023-06-21 16:46:26,238,0,89000,205
735083,LL23029205M,982091101535083,1908,2023-06-21 16:51:56,473,0,86000,303
734709,LL23048502M,982091101534709,1908,2023-06-21 17:01:17,125,0,88500,113
732966,LL23041902M,982091101532966,1908,2023-06-21 17:03:26,757,0,102500,780
729902,LL23035307M,982091101529902,1908,2023-06-21 17:16:03,369,0,89000,174
737097,LL23037303M,982091101537097,1908,2023-06-21 17:22:52,381,0,90500,443
734709,LL23048502M,982091101534709,1908,2023-06-21 17:29:13,435,0,88500,327
732923,LL23042101M,982091101532923,1908,2023-06-21 17:37:51,59,0,,72
729902,LL23035307M,982091101529902,1908,2023-06-21 17:40:17,25,0,,14
734692,LL23050302M,982091101534692,1908,2023-06-21 17:40:50,708,0,82000,492
737148,LL23051105M,982091101537148,1908,2023-06-21 17:53:03,161,0,87500,29
729902,LL23035307M,982091101529902,1908,2023-06-21 17:55:57,157,0,89000,138
735034,LL23026202M,982091101535034,1908,2023-06-21 17:58:50,576,0,101500,362
729897,LL23038102M,982091101529897,1908,2023-06-21 18:08:30,187,0,89000,101
735083,LL23029205M,982091101535083,1908,2023-06-21 18:11:45,451,0,85000,312
729897,LL23038102M,982091101529897,1908,2023-06-21 18:19:36,70,0,89000,48
732923,LL23042101M,982091101532923,1908,2023-06-21 18:20:54,567,0,86000,582
735028,LL23029207M,984000005032083,1908,2023-06-21 18:30:25,398,0,91500,292
729889,LL23037601M,982091101529889,1908,2023-06-21 18:37:15,310,0,104000,179
729897,LL23038102M,982091101529897,1908,2023-06-21 18:43:21,221,0,89500,171
729889,LL23037601M,982091101529889,1908,2023-06-21 18:49:03,284,0,106000,266
735028,LL23029207M,984000005032083,1908,2023-06-21 18:56:34,398,0,92500,364
729897,LL23038102M,982091101529897,1908,2023-06-21 19:03:20,237,0,90000,163
734709,LL23048502M,982091101534709,1908,2023-06-21 19:07:25,401,0,89000,221
729897,LL23038102M,982091101529897,1908,2023-06-21 19:14:22,13,0,,9
735028,LL23029207M,984000005032083,1908,2023-06-21 19:17:07,132,0,93500,136
732923,LL23042101M,982091101532923,1908,2023-06-21 19:21:19,93,0,86250,74
734751,LL23052303M,982091101534751,1908,2023-06-21 19:31:28,531,0,83000,325
737097,LL23037303M,982091101537097,1908,2023-06-21 19:40:51,200,0,90000,9
732966,LL23041902M,982091101532966,1908,2023-06-21 19:54:15,19,0,,2
737097,LL23037303M,982091101537097,1908,2023-06-21 20:01:10,74,0,90500,4
734731,LL23052101M,982091101534731,1908,2023-06-21 20:04:04,244,0,97000,191
737097,LL23037303M,982091101537097,1908,2023-06-21 20:10:00,35,0,,1
732923,LL23042101M,982091101532923,1908,2023-06-21 20:10:51,417,0,86500,366
732966,LL23041902M,982091101532966,1908,2023-06-21 20:18:32,172,0,104000,186
732966,LL23041902M,982091101532966,1908,2023-06-21 20:28:14,205,0,102500,322
737097,LL23037303M,982091101537097,1908,2023-06-21 20:35:16,495,0,91500,543
737148,LL23051105M,982091101537148,1908,2023-06-21 20:45:04,93,0,88000,34
737148,LL23051105M,982091101537148,1908,2023-06-21 20:49:54,174,0,87000,33
729897,LL23038102M,982091101529897,1908,2023-06-21 21:01:47,397,0,89000,341
732966,LL23041902M,982091101532966,1908,2023-06-21 21:08:43,275,0,104500,138
729902,LL23035307M,982091101529902,1908,2023-06-21 21:13:43,337,0,89500,209
729897,LL23038102M,982091101529897,1908,2023-06-21 21:19:55,190,0,90500,194
729902,LL23035307M,982091101529902,1908,2023-06-21 21:23:10,531,0,89500,296
732966,LL23041902M,982091101532966,1908,2023-06-21 21:32:49,242,0,103500,284
729897,LL23038102M,982091101529897,1908,2023-06-21 21:38:23,122,0,90000,106
729902,LL23035307M,982091101529902,1908,2023-06-21 21:42:24,296,0,89000,186
729897,LL23038102M,982091101529897,1908,2023-06-21 21:49:20,37,0,,20
735083,LL23029205M,982091101535083,1908,2023-06-21 21:50:38,764,0,87000,662
729889,LL23037601M,982091101529889,1908,2023-06-21 22:03:34,842,0,104500,1028
729902,LL23035307M,982091101529902,1908,2023-06-21 22:18:08,1159,0,90000,731
737097,LL23037303M,982091101537097,1908,2023-06-21 22:50:06,247,0,92000,300
735034,LL23026202M,982091101535034,1908,2023-06-21 22:54:22,1270,0,102500,1160
734692,LL23050302M,982091101534692,1908,2023-06-21 23:15:32,62,0,81500,41
734751,LL23052303M,982091101534751,1908,2023-06-21 23:16:42,443,0,83500,265
737148,LL23051105M,982091101537148,1908,2023-06-21 23:25:56,40,0,,1
729902,LL23035307M,982091101529902,1908,2023-06-21 23:28:11,127,0,91500,107
737148,LL23051105M,982091101537148,1908,2023-06-21 23:32:19,174,0,87500,108
732909,LL23042102M,982091101532909,1908,2023-06-21 23:35:34,945,0,93000,653
735028,LL23029207M,984000005032083,1908,2023-06-21 23:51:23,407,0,93000,489
734751,LL23052303M,982091101534751,1908,2023-06-21 23:58:34,135,0,83000,106
732966,LL23041902M,982091101532966,1908,2023-06-22 00:01:01,388,0,104500,619
737148,LL23051105M,982091101537148,1908,2023-06-22 00:07:41,75,0,87750,55
737097,LL23037303M,982091101537097,1908,2023-06-22 00:09:00,181,0,92000,184
734692,LL23050302M,982091101534692,1908,2023-06-22 00:12:45,317,0,81750,175
734692,LL23050302M,982091101534692,1908,2023-06-22 00:20:02,221,0,82000,118
734751,LL23052303M,982091101534751,1908,2023-06-22 00:25:10,300,0,84000,299
729902,LL23035307M,982091101529902,1908,2023-06-22 00:30:35,604,0,91500,450
737148,LL23051105M,982091101537148,1908,2023-06-22 01:44:05,814,0,87500,701
737097,LL23037303M,982091101537097,1908,2023-06-22 02:28:13,508,0,91500,701
737097,LL23037303M,982091101537097,1908,2023-06-22 02:38:45,43,0,,9
734692,LL23050302M,982091101534692,1908,2023-06-22 02:45:44,494,0,82500,337
737148,LL23051105M,982091101537148,1908,2023-06-22 02:53:58,88,0,88500,37
734751,LL23052303M,982091101534751,1908,2023-06-22 02:55:46,376,0,85000,420
732909,LL23042102M,982091101532909,1908,2023-06-22 03:04:48,1685,0,93500,1285
734692,LL23050302M,982091101534692,1908,2023-06-22 03:33:10,63,0,82500,18
737097,LL23037303M,982091101537097,1908,2023-06-22 03:34:37,334,0,92750,401
734692,LL23050302M,982091101534692,1908,2023-06-22 03:40:23,38,0,,1
734692,LL23050302M,982091101534692,1908,2023-06-22 03:45:09,91,0,82000,1
737148,LL23051105M,982091101537148,1908,2023-06-22 03:46:56,83,0,89000,11
735034,LL23026202M,982091101535034,1908,2023-06-22 03:53:03,625,0,105500,456
735034,LL23026202M,982091101535034,1908,2023-06-22 04:06:37,48,0,,18
735034,LL23026202M,982091101535034,1908,2023-06-22 04:09:28,53,0,,7
737148,LL23051105M,982091101537148,1908,2023-06-22 04:11:20,23,0,,1
737148,LL23051105M,982091101537148,1908,2023-06-22 04:18:34,75,0,89500,2
735028,LL23029207M,984000005032083,1908,2023-06-22 04:28:19,27,0,,1
734709,LL23048502M,982091101534709,1908,2023-06-22 04:32:16,173,0,86500,69
734731,LL23052101M,982091101534731,1908,2023-06-22 04:36:45,108,0,95000,8
729897,LL23038102M,982091101529897,1908,2023-06-22 04:38:49,35,0,,5
732909,LL23042102M,982091101532909,1908,2023-06-22 04:40:17,17,0,,1
729902,LL23035307M,982091101529902,1908,2023-06-22 05:09:12,35,0,,2
734692,LL23050302M,982091101534692,1908,2023-06-22 05:53:07,76,0,81000,2
734731,LL23052101M,982091101534731,1908,2023-06-22 06:29:02,34,0,,2
732909,LL23042102M,982091101532909,1908,2023-06-22 07:21:52,261,0,95500,186
734692,LL23050302M,982091101534692,1908,2023-06-22 07:26:21,61,0,81500,15
734731,LL23052101M,982091101534731,1908,2023-06-22 07:27:38,847,0,93500,905
734692,LL23050302M,982091101534692,1908,2023-06-22 07:41:49,85,0,113500,87
735083,LL23029205M,982091101535083,1908,2023-06-22 07:43:26,860,0,84500,145
734709,LL23048502M,982091101534709,1908,2023-06-22 07:58:18,455,0,85000,142
734751,LL23052303M,982091101534751,1908,2023-06-22 08:06:47,91,0,83000,2
734709,LL23048502M,982091101534709,1908,2023-06-22 08:10:51,17,0,,1
734709,LL23048502M,982091101534709,1908,2023-06-22 08:23:53,100,0,84500,2
735028,LL23029207M,984000005032083,1908,2023-06-22 08:28:41,60,0,,1
735028,LL23029207M,984000005032083,1908,2023-06-22 08:31:42,50,0,,55
732909,LL23042102M,982091101532909,1908,2023-06-22 08:32:37,949,0,95500,746
734709,LL23048502M,982091101534709,1908,2023-06-22 08:48:34,525,0,85500,527
729889,LL23037601M,982091101529889,1908,2023-06-22 08:57:24,753,0,105000,792
734709,LL23048502M,982091101534709,1908,2023-06-22 09:12:40,481,0,86500,316
729897,LL23038102M,982091101529897,1908,2023-06-22 09:54:50,198,0,89000,92
737097,LL23037303M,982091101537097,1908,2023-06-22 09:59:08,527,0,93500,686
729897,LL23038102M,982091101529897,1908,2023-06-22 10:07:55,421,0,87000,360
734709,LL23048502M,982091101534709,1908,2023-06-22 10:16:04,175,0,88000,110
732909,LL23042102M,982091101532909,1908,2023-06-22 10:25:18,676,0,97000,547
729897,LL23038102M,982091101529897,1908,2023-06-22 10:36:38,95,0,88000,105
734692,LL23050302M,982091101534692,1908,2023-06-22 10:38:53,851,0,82000,803
732966,LL23041902M,982091101532966,1908,2023-06-22 10:54:04,661,0,102000,693
732923,LL23042101M,982091101532923,1908,2023-06-22 11:05:13,683,0,84500,641
735028,LL23029207M,984000005032083,1908,2023-06-22 11:16:43,494,0,90500,462
735083,LL23029205M,982091101535083,1908,2023-06-22 11:25:05,161,0,87500,68
734751,LL23052303M,982091101534751,1908,2023-06-22 11:28:07,751,0,83500,535
735083,LL23029205M,982091101535083,1908,2023-06-22 11:42:42,530,0,85500,351
729889,LL23037601M,982091101529889,1908,2023-06-22 11:51:56,192,0,106000,119
734731,LL23052101M,982091101534731,1908,2023-06-22 11:57:08,586,0,97000,549
729889,LL23037601M,982091101529889,1908,2023-06-22 12:07:18,28,0,,12
734731,LL23052101M,982091101534731,1908,2023-06-22 12:09:50,495,0,96500,498
734731,LL23052101M,982091101534731,1908,2023-06-22 12:20:06,111,0,95750,79
735083,LL23029205M,982091101535083,1908,2023-06-22 12:22:02,392,0,85000,288
729889,LL23037601M,982091101529889,1908,2023-06-22 12:31:42,77,0,103500,61
729889,LL23037601M,982091101529889,1908,2023-06-22 12:35:00,387,0,105000,440
734731,LL23052101M,982091101534731,1908,2023-06-22 12:43:27,116,0,97750,44
734751,LL23052303M,982091101534751,1908,2023-06-22 13:28:44,96,0,84000,86
729897,LL23038102M,982091101529897,1908,2023-06-22 13:30:40,522,0,87750,362
729897,LL23038102M,982091101529897,1908,2023-06-22 13:41:54,39,0,,18
735083,LL23029205M,982091101535083,1908,2023-06-22 13:42:57,23,0,,5
735028,LL23029207M,984000005032083,1908,2023-06-22 13:43:28,253,0,90500,85
735028,LL23029207M,984000005032083,1908,2023-06-22 13:49:41,558,0,91000,443
729897,LL23038102M,982091101529897,1908,2023-06-22 13:59:03,538,0,88000,403
729889,LL23037601M,982091101529889,1908,2023-06-22 14:08:13,165,0,105000,150
732966,LL23041902M,982091101532966,1908,2023-06-22 14:20:06,417,0,104000,484
734751,LL23052303M,982091101534751,1908,2023-06-22 14:27:47,172,0,83500,37
735034,LL23026202M,982091101535034,1908,2023-06-22 14:31:03,187,0,102000,52
734731,LL23052101M,982091101534731,1908,2023-06-22 14:35:46,46,0,,25
735083,LL23029205M,982091101535083,1908,2023-06-22 14:36:48,24,0,,3
735034,LL23026202M,982091101535034,1908,2023-06-22 14:37:25,61,0,99000,6
734731,LL23052101M,982091101534731,1908,2023-06-22 14:41:42,181,0,98000,175
735034,LL23026202M,982091101535034,1908,2023-06-22 14:44:59,100,0,97500,112
729902,LL23035307M,982091101529902,1908,2023-06-22 14:46:39,253,0,90500,110
735028,LL23029207M,984000005032083,1908,2023-06-22 14:51:07,92,0,92500,84
729889,LL23037601M,982091101529889,1908,2023-06-22 14:53:03,25,0,,6
737148,LL23051105M,982091101537148,1908,2023-06-22 14:53:36,395,0,88000,509
734709,LL23048502M,982091101534709,1908,2023-06-22 15:00:15,351,0,86500,368
729902,LL23035307M,982091101529902,1908,2023-06-22 15:06:06,415,0,89000,169
735083,LL23029205M,982091101535083,1908,2023-06-22 15:13:01,554,0,83500,431
729902,LL23035307M,982091101529902,1908,2023-06-22 15:22:15,157,0,89000,97
735083,LL23029205M,982091101535083,1908,2023-06-22 15:24:56,377,0,86000,251
732923,LL23042101M,982091101532923,1908,2023-06-22 15:31:21,857,0,85000,684
729889,LL23037601M,982091101529889,1908,2023-06-22 15:45:46,269,0,106000,90
734751,LL23052303M,982091101534751,1908,2023-06-22 15:50:23,555,0,83500,392
734709,LL23048502M,982091101534709,1908,2023-06-22 15:59:58,626,0,87500,518
735083,LL23029205M,982091101535083,1908,2023-06-22 16:10:32,171,0,86500,2
729889,LL23037601M,982091101529889,1908,2023-06-22 16:14:00,16,0,,4
735083,LL23029205M,982091101535083,1908,2023-06-22 16:15:05,58,0,,7
729889,LL23037601M,982091101529889,1908,2023-06-22 16:18:04,348,0,105250,356
734731,LL23052101M,982091101534731,1908,2023-06-22 16:25:52,24,0,,17
732966,LL23041902M,982091101532966,1908,2023-06-22 16:34:17,415,0,102500,478
734709,LL23048502M,982091101534709,1908,2023-06-22 16:41:16,525,0,88000,433
729897,LL23038102M,982091101529897,1908,2023-06-22 16:50:05,364,0,89000,338
729902,LL23035307M,982091101529902,1908,2023-06-22 16:56:09,188,0,89500,138
732923,LL23042101M,982091101532923,1908,2023-06-22 16:59:33,137,0,86500,54
735028,LL23029207M,984000005032083,1908,2023-06-22 17:01:54,65,0,93500,77
735034,LL23026202M,982091101535034,1908,2023-06-22 17:02:59,1233,0,102500,1217
729902,LL23035307M,982091101529902,1908,2023-06-22 17:23:32,1022,0,90000,426
729897,LL23038102M,982091101529897,1908,2023-06-22 17:40:34,564,0,89500,543
729902,LL23035307M,982091101529902,1908,2023-06-22 17:50:02,660,0,90500,591
732923,LL23042101M,982091101532923,1908,2023-06-22 18:01:06,429,0,86500,357
734709,LL23048502M,982091101534709,1908,2023-06-22 18:08:23,282,0,88500,297
729889,LL23037601M,982091101529889,1908,2023-06-22 18:13:17,589,0,105500,684
735083,LL23029205M,982091101535083,1908,2023-06-22 18:28:31,436,0,85500,353
732923,LL23042101M,982091101532923,1908,2023-06-22 18:35:55,291,0,87000,182
735083,LL23029205M,982091101535083,1908,2023-06-22 18:41:35,202,0,87000,132
735028,LL23029207M,984000005032083,1908,2023-06-22 18:49:40,926,0,92000,839
732923,LL23042101M,982091101532923,1908,2023-06-22 19:05:55,23,0,,2
735028,LL23029207M,984000005032083,1908,2023-06-22 19:09:04,370,0,92000,374
732923,LL23042101M,982091101532923,1908,2023-06-22 19:15:42,67,0,87000,59
732966,LL23041902M,982091101532966,1908,2023-06-22 19:16:53,97,0,104500,30
732966,LL23041902M,982091101532966,1908,2023-06-22 19:21:13,471,0,105500,514
729897,LL23038102M,982091101529897,1908,2023-06-22 19:29:24,402,0,90500,304
735083,LL23029205M,982091101535083,1908,2023-06-22 19:37:26,233,0,85000,140
734751,LL23052303M,982091101534751,1908,2023-06-22 19:41:27,582,0,84500,483
737148,LL23051105M,982091101537148,1908,2023-06-22 19:51:38,407,0,88000,583
737097,LL23037303M,982091101537097,1908,2023-06-22 19:58:33,548,0,91500,658
734731,LL23052101M,982091101534731,1908,2023-06-22 20:09:03,345,0,97500,325
737148,LL23051105M,982091101537148,1908,2023-06-22 20:15:20,365,0,88000,416
734731,LL23052101M,982091101534731,1908,2023-06-22 20:21:29,534,0,98000,573
729902,LL23035307M,982091101529902,1908,2023-06-22 20:31:58,141,0,92000,116
734731,LL23052101M,982091101534731,1908,2023-06-22 20:35:07,13,0,,1
732966,LL23041902M,982091101532966,1908,2023-06-22 20:37:23,411,0,106000,392
729897,LL23038102M,982091101529897,1908,2023-06-22 20:44:34,282,0,90500,240
734692,LL23050302M,982091101534692,1908,2023-06-22 21:05:13,596,0,82500,452
732923,LL23042101M,982091101532923,1908,2023-06-22 21:15:13,409,0,88000,486
729897,LL23038102M,982091101529897,1908,2023-06-22 21:22:19,360,0,91500,294
735028,LL23029207M,984000005032083,1908,2023-06-22 21:30:00,362,0,95000,349
732966,LL23041902M,982091101532966,1908,2023-06-22 21:40:46,146,0,103000,143
729897,LL23038102M,982091101529897,1908,2023-06-22 21:45:54,173,0,91500,185
729889,LL23037601M,982091101529889,1908,2023-06-22 21:49:19,721,0,106500,814
732966,LL23041902M,982091101532966,1908,2023-06-22 22:13:39,311,0,106000,433
735083,LL23029205M,982091101535083,1908,2023-06-22 22:52:00,374,0,87500,364
737148,LL23051105M,982091101537148,1908,2023-06-22 23:00:17,173,0,88000,151
735034,LL23026202M,982091101535034,1908,2023-06-22 23:14:26,525,0,103500,375
729902,LL23035307M,982091101529902,1908,2023-06-22 23:23:19,176,0,91000,109
734751,LL23052303M,982091101534751,1908,2023-06-22 23:26:19,240,0,84000,101
737148,LL23051105M,982091101537148,1908,2023-06-22 23:30:39,64,0,87500,21
737097,LL23037303M,982091101537097,1908,2023-06-22 23:31:47,503,0,91500,509
734751,LL23052303M,982091101534751,1908,2023-06-22 23:40:14,335,0,83500,321
729902,LL23035307M,982091101529902,1908,2023-06-22 23:46:01,212,0,90250,140
737097,LL23037303M,982091101537097,1908,2023-06-22 23:50:38,78,0,91000,63
729902,LL23035307M,982091101529902,1908,2023-06-22 23:53:20,60,0,,95
729902,LL23035307M,982091101529902,1908,2023-06-22 23:56:24,47,0,,71
729902,LL23035307M,982091101529902,1908,2023-06-23 00:06:39,412,0,90500,192
729902,LL23035307M,982091101529902,1908,2023-06-23 00:15:31,75,0,92000,87
734751,LL23052303M,982091101534751,1908,2023-06-23 00:30:00,151,0,84000,123
729902,LL23035307M,982091101529902,1908,2023-06-23 00:32:51,270,0,92000,275
729902,LL23035307M,982091101529902,1908,2023-06-23 00:40:07,208,0,92000,174
732966,LL23041902M,982091101532966,1908,2023-06-23 00:58:57,92,0,105500,116
735034,LL23026202M,982091101535034,1908,2023-06-23 01:01:29,199,0,102500,143
735034,LL23026202M,982091101535034,1908,2023-06-23 01:06:52,439,0,104000,545
734692,LL23050302M,982091101534692,1908,2023-06-23 01:14:51,204,0,82500,151
729902,LL23035307M,982091101529902,1908,2023-06-23 01:22:03,304,0,91500,263
735034,LL23026202M,982091101535034,1908,2023-06-23 01:27:24,653,0,104000,561
734751,LL23052303M,982091101534751,1908,2023-06-23 01:39:50,549,0,85000,579
729902,LL23035307M,982091101529902,1908,2023-06-23 01:49:15,367,0,92000,243
734751,LL23052303M,982091101534751,1908,2023-06-23 02:03:14,118,0,85500,126
735083,LL23029205M,982091101535083,1908,2023-06-23 02:13:08,192,0,88000,126
735083,LL23029205M,982091101535083,1908,2023-06-23 02:18:21,405,0,85500,347
734692,LL23050302M,982091101534692,1908,2023-06-23 02:25:14,23,0,,28
737097,LL23037303M,982091101537097,1908,2023-06-23 02:25:41,783,0,92000,946
734692,LL23050302M,982091101534692,1908,2023-06-23 02:38:44,308,0,83000,260
732909,LL23042102M,982091101532909,1908,2023-06-23 02:43:56,406,0,94500,289
734692,LL23050302M,982091101534692,1908,2023-06-23 02:50:47,178,0,82500,161
735028,LL23029207M,984000005032083,1908,2023-06-23 02:53:57,763,0,92500,806
734692,LL23050302M,982091101534692,1908,2023-06-23 03:06:57,148,0,83000,106
732909,LL23042102M,982091101532909,1908,2023-06-23 03:09:34,1036,0,92500,761
734692,LL23050302M,982091101534692,1908,2023-06-23 03:26:54,349,0,83000,249
737148,LL23051105M,982091101537148,1908,2023-06-23 03:32:52,771,0,88500,838
735034,LL23026202M,982091101535034,1908,2023-06-23 03:46:19,222,0,104000,135
737148,LL23051105M,982091101537148,1908,2023-06-23 03:59:06,247,0,89500,249
734692,LL23050302M,982091101534692,1908,2023-06-23 04:19:05,39,0,,2
735034,LL23026202M,982091101535034,1908,2023-06-23 04:21:09,391,0,103500,175
735028,LL23029207M,984000005032083,1908,2023-06-23 04:34:31,41,0,,3
737097,LL23037303M,982091101537097,1908,2023-06-23 04:44:15,79,0,93500,39
737148,LL23051105M,982091101537148,1908,2023-06-23 04:54:32,41,0,,1
732966,LL23041902M,982091101532966,1908,2023-06-23 05:01:33,320,0,105500,90
735034,LL23026202M,982091101535034,1908,2023-06-23 05:20:17,354,0,105500,330
737148,LL23051105M,982091101537148,1908,2023-06-23 05:27:03,250,0,88500,190
737097,LL23037303M,982091101537097,1908,2023-06-23 05:36:36,42,0,,2
734692,LL23050302M,982091101534692,1908,2023-06-23 05:37:18,57,0,,45
732966,LL23041902M,982091101532966,1908,2023-06-23 05:38:27,324,0,104000,310
734692,LL23050302M,982091101534692,1908,2023-06-23 05:44:15,361,0,83000,61
737097,LL23037303M,982091101537097,1908,2023-06-23 05:50:36,72,0,93000,3
734692,LL23050302M,982091101534692,1908,2023-06-23 05:57:00,163,0,83500,66
734692,LL23050302M,982091101534692,1908,2023-06-23 06:01:44,563,0,84000,391
734709,LL23048502M,982091101534709,1908,2023-06-23 07:20:30,464,0,86500,311
734709,LL23048502M,982091101534709,1908,2023-06-23 07:30:18,492,0,86500,376
729889,LL23037601M,982091101529889,1908,2023-06-23 07:38:30,160,0,104500,76
732909,LL23042102M,982091101532909,1908,2023-06-23 07:42:06,252,0,94000,66
734731,LL23052101M,982091101534731,1908,2023-06-23 07:47:07,525,0,98000,380
732909,LL23042102M,982091101532909,1908,2023-06-23 07:55:57,826,0,94000,495
735083,LL23029205M,982091101535083,1908,2023-06-23 08:09:59,1102,0,84000,528
732923,LL23042101M,982091101532923,1908,2023-06-23 08:28:21,632,0,84500,592
729889,LL23037601M,982091101529889,1908,2023-06-23 08:39:01,597,0,101500,594
735083,LL23029205M,982091101535083,1908,2023-06-23 08:50:59,214,0,83500,153
734709,LL23048502M,982091101534709,1908,2023-06-23 09:00:18,233,0,87500,169
732909,LL23042102M,982091101532909,1908,2023-06-23 09:04:15,967,0,94000,671
734709,LL23048502M,982091101534709,1908,2023-06-23 09:21:18,663,0,88000,472
737097,LL23037303M,982091101537097,1908,2023-06-23 10:17:18,465,0,91000,566
734692,LL23050302M,982091101534692,1908,2023-06-23 10:26:19,88,0,85500,87
729897,LL23038102M,982091101529897,1908,2023-06-23 10:27:51,774,0,88500,493
734731,LL23052101M,982091101534731,1908,2023-06-23 10:41:52,130,0,95500,146
734692,LL23050302M,982091101534692,1908,2023-06-23 10:44:02,814,0,85000,710
734731,LL23052101M,982091101534731,1908,2023-06-23 10:57:40,686,0,96000,555
729889,LL23037601M,982091101529889,1908,2023-06-23 11:09:34,45,0,,31
732909,LL23042102M,982091101532909,1908,2023-06-23 11:11:51,854,0,96500,692
729889,LL23037601M,982091101529889,1908,2023-06-23 11:26:38,255,0,105500,267
734731,LL23052101M,982091101534731,1908,2023-06-23 11:31:18,56,0,,40
734731,LL23052101M,982091101534731,1908,2023-06-23 11:34:14,104,0,96750,114
734709,LL23048502M,982091101534709,1908,2023-06-23 11:36:30,407,0,88000,339
729889,LL23037601M,982091101529889,1908,2023-06-23 11:49:13,487,0,103000,533
734751,LL23052303M,982091101534751,1908,2023-06-23 12:08:35,221,0,84500,135
732923,LL23042101M,982091101532923,1908,2023-06-23 12:25:02,318,0,85000,269
732923,LL23042101M,982091101532923,1908,2023-06-23 12:33:02,86,0,84500,79
729889,LL23037601M,982091101529889,1908,2023-06-23 12:35:00,95,0,105500,53
735028,LL23029207M,984000005032083,1908,2023-06-23 12:36:55,295,0,93000,320
735083,LL23029205M,982091101535083,1908,2023-06-23 12:42:11,107,0,85250,55
732966,LL23041902M,982091101532966,1908,2023-06-23 12:44:03,329,0,103500,113
735028,LL23029207M,984000005032083,1908,2023-06-23 12:50:28,99,0,92500,28
734751,LL23052303M,982091101534751,1908,2023-06-23 12:53:24,322,0,84500,256
732966,LL23041902M,982091101532966,1908,2023-06-23 12:59:06,283,0,102500,169
734731,LL23052101M,982091101534731,1908,2023-06-23 13:04:05,46,0,,44
735028,LL23029207M,984000005032083,1908,2023-06-23 13:04:55,48,0,,5
732923,LL23042101M,982091101532923,1908,2023-06-23 13:07:08,52,0,,28
734731,LL23052101M,982091101534731,1908,2023-06-23 13:08:32,86,0,95000,105
735028,LL23029207M,984000005032083,1908,2023-06-23 13:10:06,307,0,91500,319
734751,LL23052303M,982091101534751,1908,2023-06-23 13:15:45,353,0,83500,310
734731,LL23052101M,982091101534731,1908,2023-06-23 13:22:23,65,0,98000,87
732923,LL23042101M,982091101532923,1908,2023-06-23 13:24:04,95,0,85500,74
732966,LL23041902M,982091101532966,1908,2023-06-23 13:25:51,175,0,103000,119
735083,LL23029205M,982091101535083,1908,2023-06-23 13:30:49,458,0,86000,365
732966,LL23041902M,982091101532966,1908,2023-06-23 13:39:00,41,0,,43
729889,LL23037601M,982091101529889,1908,2023-06-23 13:39:45,11,0,,4
735083,LL23029205M,982091101535083,1908,2023-06-23 13:41:16,33,0,,4
735083,LL23029205M,982091101535083,1908,2023-06-23 13:44:35,276,0,88000,224
729897,LL23038102M,982091101529897,1908,2023-06-23 13:49:15,357,0,87500,266
729889,LL23037601M,982091101529889,1908,2023-06-23 13:55:25,89,0,102500,53
729897,LL23038102M,982091101529897,1908,2023-06-23 13:57:14,155,0,88500,117
735083,LL23029205M,982091101535083,1908,2023-06-23 13:59:57,38,0,,3
732966,LL23041902M,982091101532966,1908,2023-06-23 14:01:19,346,0,104500,399
729897,LL23038102M,982091101529897,1908,2023-06-23 14:07:29,213,0,89000,174
729889,LL23037601M,982091101529889,1908,2023-06-23 14:11:23,251,0,104000,309
729897,LL23038102M,982091101529897,1908,2023-06-23 14:16:22,98,0,89000,44
735028,LL23029207M,984000005032083,1908,2023-06-23 14:18:24,169,0,93000,14
735028,LL23029207M,984000005032083,1908,2023-06-23 14:23:14,507,0,93500,334
729897,LL23038102M,982091101529897,1908,2023-06-23 14:31:57,86,0,89500,61
729897,LL23038102M,982091101529897,1908,2023-06-23 14:35:24,63,0,89000,46
735083,LL23029205M,982091101535083,1908,2023-06-23 14:38:27,127,0,87000,65
735083,LL23029205M,982091101535083,1908,2023-06-23 14:42:34,234,0,83000,146
729902,LL23035307M,982091101529902,1908,2023-06-23 14:46:32,454,0,91500,160
735083,LL23029205M,982091101535083,1908,2023-06-23 14:54:34,127,0,87500,55
729897,LL23038102M,982091101529897,1908,2023-06-23 14:56:49,203,0,89000,116
729902,LL23035307M,982091101529902,1908,2023-06-23 15:01:08,136,0,90500,122
735083,LL23029205M,982091101535083,1908,2023-06-23 15:04:08,30,0,,4
729902,LL23035307M,982091101529902,1908,2023-06-23 15:08:15,84,0,91000,88
729889,LL23037601M,982091101529889,1908,2023-06-23 15:16:54,272,0,108000,150
729902,LL23035307M,982091101529902,1908,2023-06-23 15:22:42,90,0,91500,43
729889,LL23037601M,982091101529889,1908,2023-06-23 15:24:36,45,0,,35
729902,LL23035307M,982091101529902,1908,2023-06-23 15:25:29,42,0,,52
735034,LL23026202M,982091101535034,1908,2023-06-23 15:26:27,1155,0,104000,1196
732923,LL23042101M,982091101532923,1908,2023-06-23 15:45:54,425,0,86500,398
734709,LL23048502M,982091101534709,1908,2023-06-23 15:52:59,743,0,90500,726
734692,LL23050302M,982091101534692,1908,2023-06-23 16:05:50,70,0,85500,59
735083,LL23029205M,982091101535083,1908,2023-06-23 16:07:44,176,0,84000,96
734751,LL23052303M,982091101534751,1908,2023-06-23 16:10:57,237,0,84500,175
732923,LL23042101M,982091101532923,1908,2023-06-23 16:15:07,18,0,,28
734751,LL23052303M,982091101534751,1908,2023-06-23 16:15:45,390,0,85000,351
729902,LL23035307M,982091101529902,1908,2023-06-23 16:23:19,145,0,91500,123
735083,LL23029205M,982091101535083,1908,2023-06-23 16:25:44,336,0,85500,244
729897,LL23038102M,982091101529897,1908,2023-06-23 16:31:36,170,0,89500,112
732966,LL23041902M,982091101532966,1908,2023-06-23 16:35:58,220,0,104500,320
729902,LL23035307M,982091101529902,1908,2023-06-23 16:39:42,153,0,91500,125
737097,LL23037303M,982091101537097,1908,2023-06-23 16:42:19,512,0,91000,617
734731,LL23052101M,982091101534731,1908,2023-06-23 16:51:23,75,0,98000,48
729902,LL23035307M,982091101529902,1908,2023-06-23 16:52:38,66,0,91000,159
729889,LL23037601M,982091101529889,1908,2023-06-23 16:54:08,295,0,106000,224
735083,LL23029205M,982091101535083,1908,2023-06-23 17:00:31,38,0,,2
732966,LL23041902M,982091101532966,1908,2023-06-23 17:02:02,47,0,,31
734709,LL23048502M,982091101534709,1908,2023-06-23 17:02:53,315,0,90000,290
729902,LL23035307M,982091101529902,1908,2023-06-23 17:08:12,309,0,92500,236
735028,LL23029207M,984000005032083,1908,2023-06-23 17:13:45,438,0,94000,392
734731,LL23052101M,982091101534731,1908,2023-06-23 17:21:39,193,0,98000,119
729889,LL23037601M,982091101529889,1908,2023-06-23 17:25:20,19,0,,5
734709,LL23048502M,982091101534709,1908,2023-06-23 17:26:39,91,0,92000,24
734731,LL23052101M,982091101534731,1908,2023-06-23 17:28:38,106,0,99500,104
729889,LL23037601M,982091101529889,1908,2023-06-23 17:30:24,226,0,106500,286
734692,LL23050302M,982091101534692,1908,2023-06-23 17:34:18,185,0,85000,109
737148,LL23051105M,982091101537148,1908,2023-06-23 17:37:23,415,0,89000,418
729897,LL23038102M,982091101529897,1908,2023-06-23 17:44:30,507,0,90500,416
734731,LL23052101M,982091101534731,1908,2023-06-23 17:52:57,181,0,97500,174
735028,LL23029207M,984000005032083,1908,2023-06-23 17:56:02,332,0,94000,386
729902,LL23035307M,982091101529902,1908,2023-06-23 18:01:34,607,0,92000,531
737148,LL23051105M,982091101537148,1908,2023-06-23 18:11:57,259,0,130750,261
735083,LL23029205M,982091101535083,1908,2023-06-23 18:16:24,403,0,87000,340
734709,LL23048502M,982091101534709,1908,2023-06-23 18:23:39,288,0,90500,272
729902,LL23035307M,982091101529902,1908,2023-06-23 18:28:31,280,0,93000,214
737148,LL23051105M,982091101537148,1908,2023-06-23 18:33:27,262,0,91000,330
735083,LL23029205M,982091101535083,1908,2023-06-23 18:38:01,632,0,89000,597
732923,LL23042101M,982091101532923,1908,2023-06-23 18:49:57,585,0,87000,669
735028,LL23029207M,984000005032083,1908,2023-06-23 19:02:18,171,0,94500,179
732966,LL23041902M,982091101532966,1908,2023-06-23 19:05:13,891,0,105000,1236
729897,LL23038102M,982091101529897,1908,2023-06-23 19:57:53,569,0,91000,449
732923,LL23042101M,982091101532923,1908,2023-06-23 20:10:07,561,0,88000,561
734709,LL23048502M,982091101534709,1908,2023-06-23 20:29:09,455,0,91500,456
729889,LL23037601M,982091101529889,1908,2023-06-23 20:39:27,762,0,109500,984
729897,LL23038102M,982091101529897,1908,2023-06-23 20:52:13,363,0,92000,276
732923,LL23042101M,982091101532923,1908,2023-06-23 21:10:25,119,0,89500,94
729897,LL23038102M,982091101529897,1908,2023-06-23 21:12:24,13,0,,3
729897,LL23038102M,982091101529897,1908,2023-06-23 21:36:06,141,0,93000,67
737097,LL23037303M,982091101537097,1908,2023-06-23 21:39:48,184,0,91000,242
737097,LL23037303M,982091101537097,1908,2023-06-23 21:53:26,51,0,,4
737097,LL23037303M,982091101537097,1908,2023-06-23 21:57:25,161,0,91000,220
732966,LL23041902M,982091101532966,1908,2023-06-23 22:02:52,449,0,108000,506
729897,LL23038102M,982091101529897,1908,2023-06-23 22:10:34,173,0,94500,111
734709,LL23048502M,982091101534709,1908,2023-06-23 22:16:13,206,0,91000,181
735028,LL23029207M,984000005032083,1908,2023-06-23 22:19:43,312,0,96000,257
734751,LL23052303M,982091101534751,1908,2023-06-23 22:24:59,810,0,84500,550
729897,LL23038102M,982091101529897,1908,2023-06-23 22:38:41,444,0,94500,424
737148,LL23051105M,982091101537148,1908,2023-06-23 22:46:25,402,0,91000,521
732966,LL23041902M,982091101532966,1908,2023-06-23 22:53:56,155,0,106500,109
732923,LL23042101M,982091101532923,1908,2023-06-23 22:57:47,399,0,87500,485
729897,LL23038102M,982091101529897,1908,2023-06-23 23:04:50,247,0,94500,241
729902,LL23035307M,982091101529902,1908,2023-06-23 23:12:05,327,0,93500,119
737097,LL23037303M,982091101537097,1908,2023-06-23 23:18:12,396,0,92500,483
734751,LL23052303M,982091101534751,1908,2023-06-23 23:25:12,601,0,86000,567
732966,LL23041902M,982091101532966,1908,2023-06-23 23:42:15,266,0,108500,295
735034,LL23026202M,982091101535034,1908,2023-06-23 23:46:57,1269,0,104500,1284
729897,LL23038102M,982091101529897,1908,2023-06-24 00:08:46,245,0,93000,144
734692,LL23050302M,982091101534692,1908,2023-06-24 00:21:52,351,0,85000,286
735028,LL23029207M,984000005032083,1908,2023-06-24 00:28:48,475,0,94500,546
734692,LL23050302M,982091101534692,1908,2023-06-24 00:36:48,578,0,84500,455
729902,LL23035307M,982091101529902,1908,2023-06-24 00:46:30,418,0,93000,247
737097,LL23037303M,982091101537097,1908,2023-06-24 00:53:40,320,0,93000,362
729902,LL23035307M,982091101529902,1908,2023-06-24 00:59:00,325,0,93500,277
729889,LL23037601M,982091101529889,1908,2023-06-24 01:39:26,540,0,108500,695
729902,LL23035307M,982091101529902,1908,2023-06-24 01:51:11,472,0,93500,293
735028,LL23029207M,984000005032083,1908,2023-06-24 02:01:35,179,0,93500,172
735083,LL23029205M,982091101535083,1908,2023-06-24 02:05:34,388,0,88000,306
729902,LL23035307M,982091101529902,1908,2023-06-24 02:13:06,153,0,93500,140
737148,LL23051105M,982091101537148,1908,2023-06-24 02:15:47,543,0,91500,592
737148,LL23051105M,982091101537148,1908,2023-06-24 02:26:54,241,0,91500,278
735034,LL23026202M,982091101535034,1908,2023-06-24 02:39:51,232,0,104500,108
737148,LL23051105M,982091101537148,1908,2023-06-24 02:44:43,27,0,,1
732966,LL23041902M,982091101532966,1908,2023-06-24 02:45:38,17,0,,5
734751,LL23052303M,982091101534751,1908,2023-06-24 02:47:23,12,0,,1
734692,LL23050302M,982091101534692,1908,2023-06-24 02:47:51,71,0,84500,37
735034,LL23026202M,982091101535034,1908,2023-06-24 02:49:11,20,0,,4
737097,LL23037303M,982091101537097,1908,2023-06-24 02:50:03,9,0,,1
734692,LL23050302M,982091101534692,1908,2023-06-24 02:56:33,183,0,85000,112
735028,LL23029207M,984000005032083,1908,2023-06-24 03:08:01,149,0,95250,164
732909,LL23042102M,982091101532909,1908,2023-06-24 03:13:36,1652,0,92500,746
734751,LL23052303M,982091101534751,1908,2023-06-24 03:42:21,163,0,85000,13
734692,LL23050302M,982091101534692,1908,2023-06-24 03:47:51,518,0,84500,342
734751,LL23052303M,982091101534751,1908,2023-06-24 04:01:43,225,0,85750,87
729902,LL23035307M,982091101529902,1908,2023-06-24 04:06:24,206,0,93500,142
729889,LL23037601M,982091101529889,1908,2023-06-24 04:11:50,274,0,108500,294
737148,LL23051105M,982091101537148,1908,2023-06-24 04:17:00,181,0,93000,130
737097,LL23037303M,982091101537097,1908,2023-06-24 04:23:48,22,0,,1
735034,LL23026202M,982091101535034,1908,2023-06-24 04:25:31,106,0,103500,112
735028,LL23029207M,984000005032083,1908,2023-06-24 04:27:29,431,0,95500,308
735034,LL23026202M,982091101535034,1908,2023-06-24 04:39:53,298,0,104500,71
735034,LL23026202M,982091101535034,1908,2023-06-24 04:48:05,509,0,107500,498
737097,LL23037303M,982091101537097,1908,2023-06-24 04:56:46,116,0,64500,7
735034,LL23026202M,982091101535034,1908,2023-06-24 05:00:02,58,0,,29
737097,LL23037303M,982091101537097,1908,2023-06-24 05:01:08,101,0,93250,3
737097,LL23037303M,982091101537097,1908,2023-06-24 05:04:52,329,0,91000,457
737097,LL23037303M,982091101537097,1908,2023-06-24 05:12:21,349,0,93250,453
729902,LL23035307M,982091101529902,1908,2023-06-24 05:42:05,163,0,94500,120
734692,LL23050302M,982091101534692,1908,2023-06-24 05:45:00,51,0,,17
734751,LL23052303M,982091101534751,1908,2023-06-24 05:46:24,328,0,85500,66
737097,LL23037303M,982091101537097,1908,2023-06-24 05:53:53,337,0,94000,426
734692,LL23050302M,982091101534692,1908,2023-06-24 05:59:34,154,0,85500,71
737148,LL23051105M,982091101537148,1908,2023-06-24 06:02:20,134,0,93000,14
734692,LL23050302M,982091101534692,1908,2023-06-24 06:05:02,30,0,,1
734692,LL23050302M,982091101534692,1908,2023-06-24 06:08:15,520,0,86000,405
737148,LL23051105M,982091101537148,1908,2023-06-24 06:19:37,323,0,93500,479
734731,LL23052101M,982091101534731,1908,2023-06-24 06:25:04,1299,0,96500,1187
734731,LL23052101M,982091101534731,1908,2023-06-24 06:50:20,284,0,96000,183
734692,LL23050302M,982091101534692,1908,2023-06-24 06:55:36,113,0,86500,113
735083,LL23029205M,982091101535083,1908,2023-06-24 06:57:50,488,0,89000,428
734751,LL23052303M,982091101534751,1908,2023-06-24 07:06:18,448,0,87000,583
734731,LL23052101M,982091101534731,1908,2023-06-24 07:15:46,24,0,,3
729902,LL23035307M,982091101529902,1908,2023-06-24 07:17:31,293,0,93500,250
735034,LL23026202M,982091101535034,1908,2023-06-24 07:22:32,734,0,105500,890
734709,LL23048502M,982091101534709,1908,2023-06-24 07:35:02,693,0,88500,622
734692,LL23050302M,982091101534692,1908,2023-06-24 07:47:24,558,0,87000,332
732909,LL23042102M,982091101532909,1908,2023-06-24 07:57:02,1534,0,94000,1151
737148,LL23051105M,982091101537148,1908,2023-06-24 08:27:18,240,0,93500,369
732909,LL23042102M,982091101532909,1908,2023-06-24 08:44:13,41,0,,23
729889,LL23037601M,982091101529889,1908,2023-06-24 08:49:03,98,0,107000,105
729889,LL23037601M,982091101529889,1908,2023-06-24 08:56:27,316,0,107500,358
734709,LL23048502M,982091101534709,1908,2023-06-24 09:02:58,399,0,90000,310
734692,LL23050302M,982091101534692,1908,2023-06-24 09:59:28,54,0,,11
732923,LL23042101M,982091101532923,1908,2023-06-24 10:22:11,570,0,86500,525
732909,LL23042102M,982091101532909,1908,2023-06-24 10:45:05,1052,0,96500,840
729897,LL23038102M,982091101529897,1908,2023-06-24 11:02:45,314,0,90500,173
734709,LL23048502M,982091101534709,1908,2023-06-24 11:08:08,476,0,90500,427
735083,LL23029205M,982091101535083,1908,2023-06-24 11:16:20,670,0,86000,440
735028,LL23029207M,984000005032083,1908,2023-06-24 11:27:57,567,0,93000,585
735028,LL23029207M,984000005032083,1908,2023-06-24 11:39:24,248,0,93500,212
732966,LL23041902M,982091101532966,1908,2023-06-24 11:45:16,714,0,105000,890
734692,LL23050302M,982091101534692,1908,2023-06-24 11:57:19,830,0,87000,780
729889,LL23037601M,982091101529889,1908,2023-06-24 12:11:13,45,0,,75
734692,LL23050302M,982091101534692,1908,2023-06-24 12:12:03,121,0,87500,121
729889,LL23037601M,982091101529889,1908,2023-06-24 12:14:20,58,0,,87
732909,LL23042102M,982091101532909,1908,2023-06-24 12:15:26,785,0,97500,671
729889,LL23037601M,982091101529889,1908,2023-06-24 12:30:25,638,0,107000,813
734709,LL23048502M,982091101534709,1908,2023-06-24 12:41:35,380,0,89500,323
734731,LL23052101M,982091101534731,1908,2023-06-24 12:59:03,783,0,98500,776
735083,LL23029205M,982091101535083,1908,2023-06-24 13:12:15,460,0,85500,356
734731,LL23052101M,982091101534731,1908,2023-06-24 13:21:53,407,0,98500,448
729897,LL23038102M,982091101529897,1908,2023-06-24 13:29:09,408,0,89500,285
732923,LL23042101M,982091101532923,1908,2023-06-24 13:36:33,226,0,87000,199
737097,LL23037303M,982091101537097,1908,2023-06-24 13:51:34,339,0,93500,425
735028,LL23029207M,984000005032083,1908,2023-06-24 13:58:01,58,0,,45
735028,LL23029207M,984000005032083,1908,2023-06-24 14:01:42,91,0,94500,67
735083,LL23029205M,982091101535083,1908,2023-06-24 14:06:50,126,0,89000,69
735028,LL23029207M,984000005032083,1908,2023-06-24 14:09:04,259,0,95500,235
735028,LL23029207M,984000005032083,1908,2023-06-24 14:17:32,174,0,95500,160
735028,LL23029207M,984000005032083,1908,2023-06-24 14:22:27,140,0,96000,104
729889,LL23037601M,982091101529889,1908,2023-06-24 14:35:21,410,0,107500,417
732966,LL23041902M,982091101532966,1908,2023-06-24 14:52:58,388,0,106500,530
734751,LL23052303M,982091101534751,1908,2023-06-24 15:01:18,527,0,84000,429
729897,LL23038102M,982091101529897,1908,2023-06-24 15:10:09,523,0,89500,362
732923,LL23042101M,982091101532923,1908,2023-06-24 15:19:08,202,0,86500,203
729889,LL23037601M,982091101529889,1908,2023-06-24 15:22:39,298,0,106500,409
734751,LL23052303M,982091101534751,1908,2023-06-24 15:28:58,323,0,84500,359
729902,LL23035307M,982091101529902,1908,2023-06-24 15:36:21,122,0,91000,56
735083,LL23029205M,982091101535083,1908,2023-06-24 15:38:31,97,0,89000,47
729897,LL23038102M,982091101529897,1908,2023-06-24 15:40:08,41,0,,57
732923,LL23042101M,982091101532923,1908,2023-06-24 15:41:09,56,0,,89
734709,LL23048502M,982091101534709,1908,2023-06-24 15:42:05,243,0,89500,258
735083,LL23029205M,982091101535083,1908,2023-06-24 15:46:08,649,0,86000,548
729902,LL23035307M,982091101529902,1908,2023-06-24 15:56:57,136,0,89500,110
735028,LL23029207M,984000005032083,1908,2023-06-24 15:59:38,209,0,93500,238
729897,LL23038102M,982091101529897,1908,2023-06-24 16:03:27,170,0,88000,149
729902,LL23035307M,982091101529902,1908,2023-06-24 16:06:25,151,0,89000,82
735083,LL23029205M,982091101535083,1908,2023-06-24 16:10:36,116,0,88000,4
729902,LL23035307M,982091101529902,1908,2023-06-24 16:13:21,90,0,88500,92
729902,LL23035307M,982091101529902,1908,2023-06-24 16:17:06,34,0,,41
732966,LL23041902M,982091101532966,1908,2023-06-24 16:17:40,67,0,106000,99
729889,LL23037601M,982091101529889,1908,2023-06-24 16:19:03,23,0,,29
729902,LL23035307M,982091101529902,1908,2023-06-24 16:22:00,61,0,90500,51
735034,LL23026202M,982091101535034,1908,2023-06-24 16:23:14,997,0,105000,1226
729902,LL23035307M,982091101529902,1908,2023-06-24 16:40:07,262,0,90500,182
734692,LL23050302M,982091101534692,1908,2023-06-24 16:44:33,746,0,88000,623
735083,LL23029205M,982091101535083,1908,2023-06-24 16:57:23,363,0,87500,203
735083,LL23029205M,982091101535083,1908,2023-06-24 17:05:30,363,0,87500,308
729902,LL23035307M,982091101529902,1908,2023-06-24 17:49:23,199,0,91500,144
729897,LL23038102M,982091101529897,1908,2023-06-24 17:53:34,24,0,,32
729902,LL23035307M,982091101529902,1908,2023-06-24 17:54:06,63,0,91500,52
729897,LL23038102M,982091101529897,1908,2023-06-24 17:55:57,157,0,91000,87
729902,LL23035307M,982091101529902,1908,2023-06-24 17:58:50,59,0,,86
729897,LL23038102M,982091101529897,1908,2023-06-24 18:00:01,106,0,90500,40
729902,LL23035307M,982091101529902,1908,2023-06-24 18:03:23,48,0,,78
732923,LL23042101M,982091101532923,1908,2023-06-24 18:05:19,493,0,87000,452
732966,LL23041902M,982091101532966,1908,2023-06-24 18:13:36,782,0,106500,1097
729902,LL23035307M,982091101529902,1908,2023-06-24 18:27:02,214,0,91500,237
734731,LL23052101M,982091101534731,1908,2023-06-24 18:30:44,32,0,,54
732923,LL23042101M,982091101532923,1908,2023-06-24 18:31:21,205,0,86000,218
729897,LL23038102M,982091101529897,1908,2023-06-24 18:34:54,270,0,90500,204
729902,LL23035307M,982091101529902,1908,2023-06-24 18:39:28,318,0,91000,262
734709,LL23048502M,982091101534709,1908,2023-06-24 18:45:06,834,0,91000,861
737148,LL23051105M,982091101537148,1908,2023-06-24 18:59:12,548,0,90500,797
729902,LL23035307M,982091101529902,1908,2023-06-24 19:08:33,324,0,92000,278
737097,LL23037303M,982091101537097,1908,2023-06-24 19:15:59,406,0,97000,472
735083,LL23029205M,982091101535083,1908,2023-06-24 19:22:45,272,0,89000,152
729889,LL23037601M,982091101529889,1908,2023-06-24 19:27:53,735,0,108000,895
734731,LL23052101M,982091101534731,1908,2023-06-24 19:46:34,662,0,99500,681
729897,LL23038102M,982091101529897,1908,2023-06-24 19:57:40,420,0,91000,198
732923,LL23042101M,982091101532923,1908,2023-06-24 20:04:48,74,0,87500,18
734709,LL23048502M,982091101534709,1908,2023-06-24 20:07:18,391,0,90000,12
735083,LL23029205M,982091101535083,1908,2023-06-24 20:15:24,58,0,,1
732923,LL23042101M,982091101532923,1908,2023-06-24 20:16:30,99,0,62750,1
732923,LL23042101M,982091101532923,1908,2023-06-24 20:23:22,70,0,88500,2
734709,LL23048502M,982091101534709,1908,2023-06-24 20:30:16,170,0,91000,2
734709,LL23048502M,982091101534709,1908,2023-06-24 20:59:04,104,0,91000,2
732966,LL23041902M,982091101532966,1908,2023-06-24 21:54:38,115,0,107000,1
732923,LL23042101M,982091101532923,1908,2023-06-24 22:00:12,181,0,88000,1
729897,LL23038102M,982091101529897,1908,2023-06-24 22:29:39,23,0,,1
735034,LL23026202M,982091101535034,1908,2023-06-24 23:39:20,184,0,60000,1
735028,LL23029207M,984000005032083,1908,2023-06-24 23:46:15,94,0,93500,1
729897,LL23038102M,982091101529897,1908,2023-06-24 23:48:05,134,0,91500,1
734751,LL23052303M,982091101534751,1908,2023-06-25 00:01:04,142,0,82500,1
729889,LL23037601M,982091101529889,1908,2023-06-25 00:15:32,34,0,,1
737148,LL23051105M,982091101537148,1908,2023-06-25 00:49:44,45,0,,2
735028,LL23029207M,984000005032083,1908,2023-06-25 00:57:58,157,0,91000,4
735028,LL23029207M,984000005032083,1908,2023-06-25 01:06:16,190,0,91500,1
729897,LL23038102M,982091101529897,1908,2023-06-25 01:10:46,51,0,,1
735028,LL23029207M,984000005032083,1908,2023-06-25 01:41:54,53,0,,2
735028,LL23029207M,984000005032083,1908,2023-06-25 02:17:04,44,0,,2
734751,LL23052303M,982091101534751,1908,2023-06-25 03:17:54,47,0,,1
735034,LL23026202M,982091101535034,1908,2023-06-25 03:25:25,27,0,,1
737148,LL23051105M,982091101537148,1908,2023-06-25 04:13:10,37,0,,1
734692,LL23050302M,982091101534692,1908,2023-06-25 06:21:01,21,0,,1
735034,LL23026202M,982091101535034,1908,2023-06-25 06:35:03,8,0,,1
732909,LL23042102M,982091101532909,1908,2023-06-25 08:52:45,78,0,94000,1
729889,LL23037601M,982091101529889,1908,2023-06-25 09:46:37,156,0,105500,1
734751,LL23052303M,982091101534751,1908,2023-06-25 09:54:27,23,0,,2
732909,LL23042102M,982091101532909,1908,2023-06-25 11:05:51,2058,0,94000,1751
729889,LL23037601M,982091101529889,1908,2023-06-25 11:40:21,1378,0,105500,1615
735034,LL23026202M,982091101535034,1908,2023-06-25 12:03:43,1297,0,104500,1734
735083,LL23029205M,982091101535083,1908,2023-06-25 12:25:24,1279,0,84000,936
734709,LL23048502M,982091101534709,1908,2023-06-25 12:46:47,209,0,128000,193
737097,LL23037303M,982091101537097,1908,2023-06-25 12:50:21,868,0,91500,890
732923,LL23042101M,982091101532923,1908,2023-06-25 13:04:53,569,0,85500,460
732909,LL23042102M,982091101532909,1908,2023-06-25 13:14:38,721,0,96500,402
734751,LL23052303M,982091101534751,1908,2023-06-25 13:26:59,974,0,81500,623
732966,LL23041902M,982091101532966,1908,2023-06-25 13:43:25,808,0,103500,495
734731,LL23052101M,982091101534731,1908,2023-06-25 13:58:05,1236,0,96500,1287
734751,LL23052303M,982091101534751,1908,2023-06-25 14:18:41,666,0,83500,606
737148,LL23051105M,982091101537148,1908,2023-06-25 14:29:51,811,0,90000,1117
734692,LL23050302M,982091101534692,1908,2023-06-25 14:43:22,1301,0,84000,1159
734709,LL23048502M,982091101534709,1908,2023-06-25 15:05:07,258,0,87500,283
735028,LL23029207M,984000005032083,1908,2023-06-25 15:09:33,1574,0,91000,1415
729897,LL23038102M,982091101529897,1908,2023-06-25 15:35:56,1340,0,88000,978
734709,LL23048502M,982091101534709,1908,2023-06-25 15:58:28,866,0,100500,821
735083,LL23029205M,982091101535083,1908,2023-06-25 16:12:54,845,0,87000,684
729902,LL23035307M,982091101529902,1908,2023-06-25 16:27:07,270,0,87500,139
732966,LL23041902M,982091101532966,1908,2023-06-25 16:31:49,741,0,104500,904
729889,LL23037601M,982091101529889,1908,2023-06-25 16:44:19,870,0,106000,917
729902,LL23035307M,982091101529902,1908,2023-06-25 16:58:53,2117,0,88000,1259
732923,LL23042101M,982091101532923,1908,2023-06-25 17:34:23,825,0,86000,860
735028,LL23029207M,984000005032083,1908,2023-06-25 17:48:29,617,0,95000,556
729897,LL23038102M,982091101529897,1908,2023-06-25 17:58:50,484,0,89000,465
735083,LL23029205M,982091101535083,1908,2023-06-25 18:06:58,895,0,86500,715
734751,LL23052303M,982091101534751,1908,2023-06-25 18:22:09,805,0,84500,928
737148,LL23051105M,982091101537148,1908,2023-06-25 18:35:51,557,0,90000,772
734692,LL23050302M,982091101534692,1908,2023-06-25 18:45:40,540,0,85000,455
734709,LL23048502M,982091101534709,1908,2023-06-25 18:54:40,66,0,101750,50
737097,LL23037303M,982091101537097,1908,2023-06-25 18:55:46,1022,0,91500,1238
734731,LL23052101M,982091101534731,1908,2023-06-25 19:13:12,654,0,98000,843
729897,LL23038102M,982091101529897,1908,2023-06-25 19:24:10,498,0,89000,360
729902,LL23035307M,982091101529902,1908,2023-06-25 19:32:40,840,0,90500,662
734709,LL23048502M,982091101534709,1908,2023-06-25 19:46:44,590,0,91000,673
735083,LL23029205M,982091101535083,1908,2023-06-25 19:56:34,554,0,90000,433
735034,LL23026202M,982091101535034,1908,2023-06-25 20:05:56,881,0,106000,1084
732966,LL23041902M,982091101532966,1908,2023-06-25 20:20:58,860,0,106000,1374
735028,LL23029207M,984000005032083,1908,2023-06-25 20:58:08,486,0,93500,459
729889,LL23037601M,982091101529889,1908,2023-06-25 21:06:18,901,0,108000,1166
732966,LL23041902M,982091101532966,1908,2023-06-25 21:34:11,296,0,108250,345
729897,LL23038102M,982091101529897,1908,2023-06-25 21:39:11,592,0,91500,510
732923,LL23042101M,982091101532923,1908,2023-06-25 22:03:25,726,0,87500,760
729897,LL23038102M,982091101529897,1908,2023-06-25 22:15:31,258,0,90500,221
732923,LL23042101M,982091101532923,1908,2023-06-25 22:21:24,179,0,87500,144
734751,LL23052303M,982091101534751,1908,2023-06-25 22:24:31,221,0,85000,202
737097,LL23037303M,982091101537097,1908,2023-06-25 22:28:44,513,0,94500,637
735034,LL23026202M,982091101535034,1908,2023-06-25 22:40:26,677,0,107000,703
729897,LL23038102M,982091101529897,1908,2023-06-25 22:53:10,145,0,90750,51
737148,LL23051105M,982091101537148,1908,2023-06-25 22:58:52,453,0,91500,624
734709,LL23048502M,982091101534709,1908,2023-06-25 23:06:33,500,0,89000,543
737148,LL23051105M,982091101537148,1908,2023-06-25 23:20:42,235,0,92000,278
729897,LL23038102M,982091101529897,1908,2023-06-25 23:38:33,315,0,91500,98
734709,LL23048502M,982091101534709,1908,2023-06-25 23:45:28,408,0,90500,387
732923,LL23042101M,982091101532923,1908,2023-06-25 23:57:09,254,0,87000,196
729897,LL23038102M,982091101529897,1908,2023-06-26 00:01:59,208,0,90500,160
729902,LL23035307M,982091101529902,1908,2023-06-26 00:05:59,68,0,92000,41
732923,LL23042101M,982091101532923,1908,2023-06-26 00:07:15,43,0,,6
729902,LL23035307M,982091101529902,1908,2023-06-26 00:10:41,36,0,,20
734731,LL23052101M,982091101534731,1908,2023-06-26 00:23:30,49,0,,45
732909,LL23042102M,982091101532909,1908,2023-06-26 00:24:52,1300,0,97000,1189
732966,LL23041902M,982091101532966,1908,2023-06-26 00:50:11,460,0,107750,624
734731,LL23052101M,982091101534731,1908,2023-06-26 00:59:11,268,0,97500,330
734709,LL23048502M,982091101534709,1908,2023-06-26 01:04:03,245,0,91000,227
729902,LL23035307M,982091101529902,1908,2023-06-26 01:08:16,61,0,93500,21
737148,LL23051105M,982091101537148,1908,2023-06-26 01:15:44,228,0,92500,305
734709,LL23048502M,982091101534709,1908,2023-06-26 01:32:13,100,0,91000,66
729889,LL23037601M,982091101529889,1908,2023-06-26 01:49:16,53,0,,36
734692,LL23050302M,982091101534692,1908,2023-06-26 01:55:24,703,0,84500,543
729902,LL23035307M,982091101529902,1908,2023-06-26 02:07:20,142,0,92000,144
734692,LL23050302M,982091101534692,1908,2023-06-26 02:11:43,167,0,82500,133
734751,LL23052303M,982091101534751,1908,2023-06-26 02:14:34,805,0,86000,740
729902,LL23035307M,982091101529902,1908,2023-06-26 02:28:11,320,0,93000,264
735028,LL23029207M,984000005032083,1908,2023-06-26 02:33:43,491,0,96500,354
737097,LL23037303M,982091101537097,1908,2023-06-26 03:50:11,591,0,92500,562
735083,LL23029205M,982091101535083,1908,2023-06-26 04:01:37,483,0,91000,419
735083,LL23029205M,982091101535083,1908,2023-06-26 04:11:44,102,0,88500,47
735034,LL23026202M,982091101535034,1908,2023-06-26 04:17:37,709,0,108000,711
737097,LL23037303M,982091101537097,1908,2023-06-26 04:30:50,385,0,92500,492
732923,LL23042101M,982091101532923,1908,2023-06-26 04:40:55,248,0,88500,192
732923,LL23042101M,982091101532923,1908,2023-06-26 04:59:35,89,0,88500,48
737148,LL23051105M,982091101537148,1908,2023-06-26 05:06:20,361,0,94000,481
734692,LL23050302M,982091101534692,1908,2023-06-26 05:12:37,875,0,86000,682
729897,LL23038102M,982091101529897,1908,2023-06-26 05:27:16,380,0,91000,369
737148,LL23051105M,982091101537148,1908,2023-06-26 05:33:56,359,0,93500,428
735034,LL23026202M,982091101535034,1908,2023-06-26 05:40:08,122,0,105000,102
732909,LL23042102M,982091101532909,1908,2023-06-26 05:42:22,764,0,98500,508
734709,LL23048502M,982091101534709,1908,2023-06-26 06:07:01,302,0,90000,261
735028,LL23029207M,984000005032083,1908,2023-06-26 07:09:01,614,0,94500,613
737148,LL23051105M,982091101537148,1908,2023-06-26 07:26:16,292,0,93500,340
734751,LL23052303M,982091101534751,1908,2023-06-26 07:34:46,637,0,85000,682
735028,LL23029207M,984000005032083,1908,2023-06-26 07:45:47,456,0,95500,465
737148,LL23051105M,982091101537148,1908,2023-06-26 07:53:51,56,0,,66
735034,LL23026202M,982091101535034,1908,2023-06-26 07:54:55,984,0,107000,1217
737097,LL23037303M,982091101537097,1908,2023-06-26 08:13:21,215,0,94500,304
734692,LL23050302M,982091101534692,1908,2023-06-26 08:27:43,39,0,,31
734731,LL23052101M,982091101534731,1908,2023-06-26 08:29:42,135,0,96500,102
734692,LL23050302M,982091101534692,1908,2023-06-26 08:33:13,228,0,86000,109
734751,LL23052303M,982091101534751,1908,2023-06-26 08:39:02,168,0,86750,139
734692,LL23050302M,982091101534692,1908,2023-06-26 08:42:10,49,0,,19
734692,LL23050302M,982091101534692,1908,2023-06-26 08:45:00,53,0,,2
732909,LL23042102M,982091101532909,1908,2023-06-26 09:05:34,1402,0,99000,968
734692,LL23050302M,982091101534692,1908,2023-06-26 09:29:04,140,0,87000,35
734692,LL23050302M,982091101534692,1908,2023-06-26 09:33:28,506,0,86500,384
737148,LL23051105M,982091101537148,1908,2023-06-26 09:43:10,188,0,94500,257
732923,LL23042101M,982091101532923,1908,2023-06-26 09:52:05,457,0,87000,481
735083,LL23029205M,982091101535083,1908,2023-06-26 10:09:43,262,0,90000,212
734692,LL23050302M,982091101534692,1908,2023-06-26 10:16:05,187,0,88000,131
729889,LL23037601M,982091101529889,1908,2023-06-26 10:19:17,1166,0,103500,1400
734731,LL23052101M,982091101534731,1908,2023-06-26 10:39:28,1211,0,97500,1254
734731,LL23052101M,982091101534731,1908,2023-06-26 11:02:15,151,0,96500,32
729889,LL23037601M,982091101529889,1908,2023-06-26 11:05:42,22,0,,27
732909,LL23042102M,982091101532909,1908,2023-06-26 11:14:30,683,0,99500,540
734709,LL23048502M,982091101534709,1908,2023-06-26 11:26:49,139,0,90000,139
737097,LL23037303M,982091101537097,1908,2023-06-26 11:30:20,304,0,92500,321
735083,LL23029205M,982091101535083,1908,2023-06-26 11:40:05,518,0,89000,359
734709,LL23048502M,982091101534709,1908,2023-06-26 11:50:19,337,0,91000,297
729889,LL23037601M,982091101529889,1908,2023-06-26 12:14:31,124,0,106000,119
734692,LL23050302M,982091101534692,1908,2023-06-26 12:17:43,212,0,84000,136
734709,LL23048502M,982091101534709,1908,2023-06-26 12:22:41,177,0,92000,161
729889,LL23037601M,982091101529889,1908,2023-06-26 12:25:58,102,0,106000,132
734692,LL23050302M,982091101534692,1908,2023-06-26 12:29:00,542,0,87000,294
734692,LL23050302M,982091101534692,1908,2023-06-26 13:07:55,95,0,84000,71
737097,LL23037303M,982091101537097,1908,2023-06-26 13:20:37,176,0,95500,235
732923,LL23042101M,982091101532923,1908,2023-06-26 13:26:15,562,0,86500,569
734709,LL23048502M,982091101534709,1908,2023-06-26 13:36:14,317,0,89000,304
735028,LL23029207M,984000005032083,1908,2023-06-26 13:49:02,390,0,94500,352
734709,LL23048502M,982091101534709,1908,2023-06-26 13:55:57,342,0,89000,283
734751,LL23052303M,982091101534751,1908,2023-06-26 14:04:53,612,0,83500,537
734692,LL23050302M,982091101534692,1908,2023-06-26 14:15:49,62,0,84500,21
735083,LL23029205M,982091101535083,1908,2023-06-26 14:20:56,432,0,85000,367
732909,LL23042102M,982091101532909,1908,2023-06-26 14:30:08,706,0,99500,603
729889,LL23037601M,982091101529889,1908,2023-06-26 14:46:14,360,0,105000,415
734692,LL23050302M,982091101534692,1908,2023-06-26 14:52:34,90,0,88000,62
735083,LL23029205M,982091101535083,1908,2023-06-26 14:54:28,114,0,90000,22
734692,LL23050302M,982091101534692,1908,2023-06-26 14:57:27,221,0,86500,149
732966,LL23041902M,982091101532966,1908,2023-06-26 15:11:11,473,0,105000,391
735083,LL23029205M,982091101535083,1908,2023-06-26 15:22:51,411,0,87000,335
735028,LL23029207M,984000005032083,1908,2023-06-26 15:30:26,157,0,94500,151
729902,LL23035307M,982091101529902,1908,2023-06-26 15:33:03,386,0,91000,182
732909,LL23042102M,982091101532909,1908,2023-06-26 15:39:37,55,0,,79
732923,LL23042101M,982091101532923,1908,2023-06-26 15:40:36,43,0,,53
737097,LL23037303M,982091101537097,1908,2023-06-26 15:41:46,112,0,93500,174
729897,LL23038102M,982091101529897,1908,2023-06-26 15:44:26,108,0,88500,91
734692,LL23050302M,982091101534692,1908,2023-06-26 15:46:18,16,0,,14
729897,LL23038102M,982091101529897,1908,2023-06-26 15:46:42,25,0,,34
732923,LL23042101M,982091101532923,1908,2023-06-26 15:47:11,140,0,88000,188
732966,LL23041902M,982091101532966,1908,2023-06-26 15:49:35,155,0,104500,214
729897,LL23038102M,982091101529897,1908,2023-06-26 15:52:54,54,0,,56
734692,LL23050302M,982091101534692,1908,2023-06-26 15:53:56,27,0,,36
735028,LL23029207M,984000005032083,1908,2023-06-26 15:54:23,26,0,,37
729897,LL23038102M,982091101529897,1908,2023-06-26 15:55:06,18,0,,34
732923,LL23042101M,982091101532923,1908,2023-06-26 15:55:44,18,0,,26
729902,LL23035307M,982091101529902,1908,2023-06-26 15:56:06,105,0,85000,127
729897,LL23038102M,982091101529897,1908,2023-06-26 15:58:40,53,0,,64
734731,LL23052101M,982091101534731,1908,2023-06-26 15:59:41,27,0,,50
737148,LL23051105M,982091101537148,1908,2023-06-26 16:00:20,309,0,94500,541
729902,LL23035307M,982091101529902,1908,2023-06-26 16:05:37,144,0,88500,160
729889,LL23037601M,982091101529889,1908,2023-06-26 16:08:01,66,0,108000,95
735028,LL23029207M,984000005032083,1908,2023-06-26 16:09:27,23,0,,41
734751,LL23052303M,982091101534751,1908,2023-06-26 16:09:50,30,0,,29
729897,LL23038102M,982091101529897,1908,2023-06-26 16:10:48,37,0,,30
732923,LL23042101M,982091101532923,1908,2023-06-26 16:11:29,51,0,,76
734692,LL23050302M,982091101534692,1908,2023-06-26 16:12:24,35,0,,29
734751,LL23052303M,982091101534751,1908,2023-06-26 16:13:03,219,0,87750,235
732923,LL23042101M,982091101532923,1908,2023-06-26 16:16:54,69,0,88500,79
732966,LL23041902M,982091101532966,1908,2023-06-26 16:18:12,339,0,105500,561
729902,LL23035307M,982091101529902,1908,2023-06-26 16:23:56,578,0,90000,608
735083,LL23029205M,982091101535083,1908,2023-06-26 16:33:38,90,0,84000,47
732909,LL23042102M,982091101532909,1908,2023-06-26 16:35:24,827,0,99000,785
735028,LL23029207M,984000005032083,1908,2023-06-26 16:49:19,454,0,95500,508
735083,LL23029205M,982091101535083,1908,2023-06-26 16:58:13,354,0,88500,192
734692,LL23050302M,982091101534692,1908,2023-06-26 17:04:23,37,0,,15
729889,LL23037601M,982091101529889,1908,2023-06-26 17:05:04,355,0,107000,492
729902,LL23035307M,982091101529902,1908,2023-06-26 17:13:03,489,0,89000,469
735083,LL23029205M,982091101535083,1908,2023-06-26 17:21:16,600,0,87000,567
734692,LL23050302M,982091101534692,1908,2023-06-26 17:34:32,97,0,87500,69
729897,LL23038102M,982091101529897,1908,2023-06-26 17:36:13,382,0,91000,305
729889,LL23037601M,982091101529889,1908,2023-06-26 17:43:15,279,0,106500,418
729897,LL23038102M,982091101529897,1908,2023-06-26 17:48:50,53,0,,64
735083,LL23029205M,982091101535083,1908,2023-06-26 17:51:12,215,0,87750,131
729897,LL23038102M,982091101529897,1908,2023-06-26 17:55:03,138,0,87000,145
735083,LL23029205M,982091101535083,1908,2023-06-26 17:57:37,342,0,88000,319
734692,LL23050302M,982091101534692,1908,2023-06-26 18:50:28,559,0,89500,515
734751,LL23052303M,982091101534751,1908,2023-06-26 18:59:47,678,0,86500,835
734709,LL23048502M,982091101534709,1908,2023-06-26 19:11:09,461,0,90750,461
732923,LL23042101M,982091101532923,1908,2023-06-26 19:18:54,653,0,87000,721
735034,LL23026202M,982091101535034,1908,2023-06-26 19:30:08,1202,0,106000,1506
729897,LL23038102M,982091101529897,1908,2023-06-26 19:50:19,414,0,91500,371
735083,LL23029205M,982091101535083,1908,2023-06-26 19:57:22,583,0,90500,545
729902,LL23035307M,982091101529902,1908,2023-06-26 20:07:25,635,0,93000,596
732966,LL23041902M,982091101532966,1908,2023-06-26 20:18:00,622,0,108000,901
735028,LL23029207M,984000005032083,1908,2023-06-26 20:31:04,456,0,95500,514
729897,LL23038102M,982091101529897,1908,2023-06-26 20:39:52,290,0,90500,232
737148,LL23051105M,982091101537148,1908,2023-06-26 21:08:01,260,0,93000,345
737097,LL23037303M,982091101537097,1908,2023-06-26 21:15:03,865,0,94500,1000
729889,LL23037601M,982091101529889,1908,2023-06-26 21:29:37,684,0,107500,877
734709,LL23048502M,982091101534709,1908,2023-06-26 21:41:05,703,0,91500,637
734751,LL23052303M,982091101534751,1908,2023-06-26 21:52:48,392,0,84500,375
732923,LL23042101M,982091101532923,1908,2023-06-26 22:00:04,35,0,,34
734731,LL23052101M,982091101534731,1908,2023-06-26 23:02:10,1190,0,98000,1129
729897,LL23038102M,982091101529897,1908,2023-06-26 23:22:00,411,0,91500,447
734731,LL23052101M,982091101534731,1908,2023-06-26 23:28:59,57,0,,60
729897,LL23038102M,982091101529897,1908,2023-06-26 23:30:17,85,0,90500,99
729897,LL23038102M,982091101529897,1908,2023-06-26 23:40:41,226,0,91000,223
732966,LL23041902M,982091101532966,1908,2023-06-26 23:55:40,321,0,106500,486
729897,LL23038102M,982091101529897,1908,2023-06-27 00:02:56,330,0,88500,279
732923,LL23042101M,982091101532923,1908,2023-06-27 00:08:47,354,0,89000,422
732923,LL23042101M,982091101532923,1908,2023-06-27 00:18:51,79,0,89000,63
732923,LL23042101M,982091101532923,1908,2023-06-27 00:26:27,63,0,90250,29
734751,LL23052303M,982091101534751,1908,2023-06-27 00:31:30,22,0,,16
729897,LL23038102M,982091101529897,1908,2023-06-27 00:32:13,25,0,,12
729889,LL23037601M,982091101529889,1908,2023-06-27 00:33:06,70,0,108000,96
734751,LL23052303M,982091101534751,1908,2023-06-27 00:36:36,31,0,,27
735034,LL23026202M,982091101535034,1908,2023-06-27 00:39:04,479,0,108500,577
737148,LL23051105M,982091101537148,1908,2023-06-27 00:47:23,592,0,92500,915
734709,LL23048502M,982091101534709,1908,2023-06-27 00:57:19,479,0,91500,475
734751,LL23052303M,982091101534751,1908,2023-06-27 01:05:42,241,0,87500,159
729902,LL23035307M,982091101529902,1908,2023-06-27 01:09:59,269,0,88000,200
732966,LL23041902M,982091101532966,1908,2023-06-27 01:14:40,409,0,108000,649
737097,LL23037303M,982091101537097,1908,2023-06-27 01:22:11,201,0,93500,283
732923,LL23042101M,982091101532923,1908,2023-06-27 01:25:44,436,0,88000,450
729902,LL23035307M,982091101529902,1908,2023-06-27 01:33:32,578,0,91500,582
729897,LL23038102M,982091101529897,1908,2023-06-27 01:43:53,215,0,91500,162
735034,LL23026202M,982091101535034,1908,2023-06-27 01:47:44,620,0,110000,677
729902,LL23035307M,982091101529902,1908,2023-06-27 01:58:44,165,0,94000,160
729897,LL23038102M,982091101529897,1908,2023-06-27 02:02:21,84,0,94000,58
729897,LL23038102M,982091101529897,1908,2023-06-27 02:05:46,43,0,,18
729902,LL23035307M,982091101529902,1908,2023-06-27 02:08:29,43,0,,16
732966,LL23041902M,982091101532966,1908,2023-06-27 02:11:45,29,0,,28
735028,LL23029207M,984000005032083,1908,2023-06-27 02:14:15,1082,0,94500,1127
729902,LL23035307M,982091101529902,1908,2023-06-27 02:32:41,388,0,91250,144
735028,LL23029207M,984000005032083,1908,2023-06-27 02:41:54,63,0,90000,53
732923,LL23042101M,982091101532923,1908,2023-06-27 02:45:01,443,0,87000,438
737097,LL23037303M,982091101537097,1908,2023-06-27 02:52:36,591,0,92500,793
734709,LL23048502M,982091101534709,1908,2023-06-27 03:06:37,475,0,87500,446
735028,LL23029207M,984000005032083,1908,2023-06-27 03:33:08,55,0,,21
737148,LL23051105M,982091101537148,1908,2023-06-27 03:34:39,212,0,92000,255
737097,LL23037303M,982091101537097,1908,2023-06-27 03:38:19,56,0,,34
729902,LL23035307M,982091101529902,1908,2023-06-27 03:39:31,286,0,92250,202
735028,LL23029207M,984000005032083,1908,2023-06-27 03:44:29,89,0,97500,61
737097,LL23037303M,982091101537097,1908,2023-06-27 03:57:03,52,0,,1
734692,LL23050302M,982091101534692,1908,2023-06-27 04:26:40,872,0,87000,633
735083,LL23029205M,982091101535083,1908,2023-06-27 04:41:16,461,0,90000,425
734692,LL23050302M,982091101534692,1908,2023-06-27 04:49:21,37,0,,25
734751,LL23052303M,982091101534751,1908,2023-06-27 04:50:06,359,0,85000,311
732923,LL23042101M,982091101532923,1908,2023-06-27 04:56:13,453,0,87500,506
734751,LL23052303M,982091101534751,1908,2023-06-27 05:12:15,43,0,,19
737148,LL23051105M,982091101537148,1908,2023-06-27 05:13:38,387,0,94500,571
734709,LL23048502M,982091101534709,1908,2023-06-27 05:20:53,131,0,94000,113
737148,LL23051105M,982091101537148,1908,2023-06-27 05:25:50,65,0,94000,60
735034,LL23026202M,982091101535034,1908,2023-06-27 05:27:23,798,0,109500,853
737097,LL23037303M,982091101537097,1908,2023-06-27 05:42:17,26,0,,29
737097,LL23037303M,982091101537097,1908,2023-06-27 05:44:47,553,0,94000,652
737148,LL23051105M,982091101537148,1908,2023-06-27 05:57:18,282,0,90000,336
729889,LL23037601M,982091101529889,1908,2023-06-27 06:10:02,1084,0,107000,1351
735034,LL23026202M,982091101535034,1908,2023-06-27 06:28:38,451,0,109000,511
737148,LL23051105M,982091101537148,1908,2023-06-27 06:54:46,314,0,95000,392
732909,LL23042102M,982091101532909,1908,2023-06-27 07:00:20,1481,0,96500,1222
729897,LL23038102M,982091101529897,1908,2023-06-27 07:25:17,216,0,92000,216
737148,LL23051105M,982091101537148,1908,2023-06-27 07:30:42,31,0,,4
734692,LL23050302M,982091101534692,1908,2023-06-27 07:38:01,55,0,,37
735028,LL23029207M,984000005032083,1908,2023-06-27 07:39:00,684,0,95000,834
734692,LL23050302M,982091101534692,1908,2023-06-27 07:50:24,1183,0,87500,694
737148,LL23051105M,982091101537148,1908,2023-06-27 08:10:59,193,0,94000,258
735028,LL23029207M,984000005032083,1908,2023-06-27 08:18:30,331,0,96750,286
735083,LL23029205M,982091101535083,1908,2023-06-27 09:58:53,566,0,89500,372
737148,LL23051105M,982091101537148,1908,2023-06-27 10:10:07,63,0,95000,87
735083,LL23029205M,982091101535083,1908,2023-06-27 10:13:07,63,0,89500,48
734751,LL23052303M,982091101534751,1908,2023-06-27 10:15:18,456,0,84000,418
734731,LL23052101M,982091101534731,1908,2023-06-27 10:23:17,953,0,97000,982
735034,LL23026202M,982091101535034,1908,2023-06-27 10:40:07,399,0,109750,484
734731,LL23052101M,982091101534731,1908,2023-06-27 11:06:56,22,0,,2
732909,LL23042102M,982091101532909,1908,2023-06-27 11:13:37,1121,0,97000,820
729889,LL23037601M,982091101529889,1908,2023-06-27 11:43:39,476,0,108000,585
737097,LL23037303M,982091101537097,1908,2023-06-27 12:05:02,478,0,94500,594
735083,LL23029205M,982091101535083,1908,2023-06-27 12:29:28,479,0,86500,408
729889,LL23037601M,982091101529889,1908,2023-06-27 12:38:27,67,0,109500,36
737148,LL23051105M,982091101537148,1908,2023-06-27 12:43:24,416,0,95000,708
734692,LL23050302M,982091101534692,1908,2023-06-27 12:52:04,46,0,,27
734709,LL23048502M,982091101534709,1908,2023-06-27 13:14:04,579,0,87500,543
734692,LL23050302M,982091101534692,1908,2023-06-27 13:23:47,816,0,87000,548
729889,LL23037601M,982091101529889,1908,2023-06-27 13:37:56,519,0,108000,567
734751,LL23052303M,982091101534751,1908,2023-06-27 13:48:35,388,0,82500,354
729897,LL23038102M,982091101529897,1908,2023-06-27 13:55:48,294,0,90500,204
734709,LL23048502M,982091101534709,1908,2023-06-27 14:00:42,386,0,90500,383
732923,LL23042101M,982091101532923,1908,2023-06-27 14:08:21,490,0,85500,497
732966,LL23041902M,982091101532966,1908,2023-06-27 14:16:52,805,0,104000,1024
735028,LL23029207M,984000005032083,1908,2023-06-27 14:30:54,584,0,94500,500
735083,LL23029205M,982091101535083,1908,2023-06-27 14:40:54,811,0,87500,579
732909,LL23042102M,982091101532909,1908,2023-06-27 14:54:45,601,0,96500,583
734731,LL23052101M,982091101534731,1908,2023-06-27 15:04:58,605,0,99500,780
734709,LL23048502M,982091101534709,1908,2023-06-27 15:15:11,450,0,92000,496
729897,LL23038102M,982091101529897,1908,2023-06-27 15:22:49,325,0,90000,249
734692,LL23050302M,982091101534692,1908,2023-06-27 15:28:30,170,0,88500,135
732909,LL23042102M,982091101532909,1908,2023-06-27 15:31:44,665,0,97000,670
729902,LL23035307M,982091101529902,1908,2023-06-27 15:42:53,1208,0,90000,608
735083,LL23029205M,982091101535083,1908,2023-06-27 16:03:05,562,0,89500,475
729902,LL23035307M,982091101529902,1908,2023-06-27 16:12:39,506,0,88500,506
734751,LL23052303M,982091101534751,1908,2023-06-27 16:21:13,563,0,85000,552
734731,LL23052101M,982091101534731,1908,2023-06-27 16:30:48,60,0,,95
729889,LL23037601M,982091101529889,1908,2023-06-27 16:33:49,669,0,109000,855
734731,LL23052101M,982091101534731,1908,2023-06-27 16:46:59,111,0,98500,141
735083,LL23029205M,982091101535083,1908,2023-06-27 16:49:18,331,0,86000,297
732923,LL23042101M,982091101532923,1908,2023-06-27 16:55:17,554,0,85500,593
734692,LL23050302M,982091101534692,1908,2023-06-27 17:04:39,272,0,86500,229
734709,LL23048502M,982091101534709,1908,2023-06-27 17:09:11,302,0,92500,318
729897,LL23038102M,982091101529897,1908,2023-06-27 17:14:17,129,0,89500,123
735028,LL23029207M,984000005032083,1908,2023-06-27 17:16:30,928,0,96500,990
734692,LL23050302M,982091101534692,1908,2023-06-27 17:32:06,781,0,88500,615
732966,LL23041902M,982091101532966,1908,2023-06-27 17:45:15,437,0,105750,664
734692,LL23050302M,982091101534692,1908,2023-06-27 18:22:04,48,0,,3
729897,LL23038102M,982091101529897,1908,2023-06-27 18:24:52,442,0,91000,381
734751,LL23052303M,982091101534751,1908,2023-06-27 18:32:38,599,0,88000,597
735083,LL23029205M,982091101535083,1908,2023-06-27 18:43:13,227,0,91250,109
729889,LL23037601M,982091101529889,1908,2023-06-27 18:47:48,136,0,109500,190
735083,LL23029205M,982091101535083,1908,2023-06-27 18:50:17,194,0,87500,212
737097,LL23037303M,982091101537097,1908,2023-06-27 18:55:35,768,0,94000,1012
735028,LL23029207M,984000005032083,1908,2023-06-27 19:08:55,15,0,,13
735083,LL23029205M,982091101535083,1908,2023-06-27 19:11:11,61,0,91000,44
734731,LL23052101M,982091101534731,1908,2023-06-27 19:13:24,92,0,99750,119
729897,LL23038102M,982091101529897,1908,2023-06-27 19:16:00,350,0,88750,275
735083,LL23029205M,982091101535083,1908,2023-06-27 19:22:31,81,0,91000,62
734751,LL23052303M,982091101534751,1908,2023-06-27 19:38:53,51,0,,10
729889,LL23037601M,982091101529889,1908,2023-06-27 19:42:49,72,0,101500,43
729897,LL23038102M,982091101529897,1908,2023-06-27 19:46:02,179,0,89000,145
735034,LL23026202M,982091101535034,1908,2023-06-27 19:49:33,1032,0,107000,1350
734692,LL23050302M,982091101534692,1908,2023-06-27 20:09:26,52,0,,4
729897,LL23038102M,982091101529897,1908,2023-06-27 20:12:19,107,0,92500,36
734709,LL23048502M,982091101534709,1908,2023-06-27 20:14:55,88,0,95000,63
732966,LL23041902M,982091101532966,1908,2023-06-27 20:16:48,124,0,105000,140
734731,LL23052101M,982091101534731,1908,2023-06-27 20:20:45,194,0,98750,220
732923,LL23042101M,982091101532923,1908,2023-06-27 20:31:30,76,0,90500,59
732966,LL23041902M,982091101532966,1908,2023-06-27 20:35:53,521,0,108500,744
737148,LL23051105M,982091101537148,1908,2023-06-27 21:23:58,418,0,93500,656
734709,LL23048502M,982091101534709,1908,2023-06-27 21:31:00,491,0,92500,464
729889,LL23037601M,982091101529889,1908,2023-06-27 21:42:30,282,0,110000,343
729902,LL23035307M,982091101529902,1908,2023-06-27 21:48:00,1608,0,92000,953
734709,LL23048502M,982091101534709,1908,2023-06-27 22:15:04,299,0,93500,210
729889,LL23037601M,982091101529889,1908,2023-06-27 22:23:19,643,0,109500,908
729902,LL23035307M,982091101529902,1908,2023-06-27 22:39:46,159,0,89000,138
729897,LL23038102M,982091101529897,1908,2023-06-27 22:42:49,173,0,90500,184
735083,LL23029205M,982091101535083,1908,2023-06-27 22:46:34,393,0,91000,394
729897,LL23038102M,982091101529897,1908,2023-06-27 22:54:00,84,0,91250,61
735083,LL23029205M,982091101535083,1908,2023-06-27 22:55:24,59,0,,83
729897,LL23038102M,982091101529897,1908,2023-06-27 23:04:20,97,0,93500,86
735083,LL23029205M,982091101535083,1908,2023-06-27 23:06:50,185,0,92500,169
729897,LL23038102M,982091101529897,1908,2023-06-27 23:15:20,106,0,94500,95
732923,LL23042101M,982091101532923,1908,2023-06-27 23:21:19,752,0,89000,762
729897,LL23038102M,982091101529897,1908,2023-06-27 23:34:15,194,0,91500,224
732923,LL23042101M,982091101532923,1908,2023-06-27 23:37:57,64,0,84000,2
737097,LL23037303M,982091101537097,1908,2023-06-27 23:42:19,371,0,92000,522
734751,LL23052303M,982091101534751,1908,2023-06-27 23:48:39,615,0,86500,667
732966,LL23041902M,982091101532966,1908,2023-06-28 00:08:54,259,0,110000,314
734751,LL23052303M,982091101534751,1908,2023-06-28 00:13:37,390,0,86500,321
729897,LL23038102M,982091101529897,1908,2023-06-28 00:20:27,459,0,92500,269
735028,LL23029207M,984000005032083,1908,2023-06-28 00:29:42,693,0,91500,773
737097,LL23037303M,982091101537097,1908,2023-06-28 00:41:35,132,0,91500,29
729902,LL23035307M,982091101529902,1908,2023-06-28 00:52:20,35,0,,20
732966,LL23041902M,982091101532966,1908,2023-06-28 00:53:07,480,0,108000,743
734731,LL23052101M,982091101534731,1908,2023-06-28 01:01:11,1028,0,99500,903
735034,LL23026202M,982091101535034,1908,2023-06-28 01:18:55,952,0,109000,1031
729897,LL23038102M,982091101529897,1908,2023-06-28 01:34:51,457,0,92000,408
737148,LL23051105M,982091101537148,1908,2023-06-28 01:42:44,378,0,94000,547
732923,LL23042101M,982091101532923,1908,2023-06-28 01:55:22,240,0,88000,181
732909,LL23042102M,982091101532909,1908,2023-06-28 01:59:50,312,0,99500,215
734709,LL23048502M,982091101534709,1908,2023-06-28 02:05:06,675,0,90000,618
729897,LL23038102M,982091101529897,1908,2023-06-28 02:16:50,205,0,93750,182
734692,LL23050302M,982091101534692,1908,2023-06-28 02:20:19,125,0,87000,107
737097,LL23037303M,982091101537097,1908,2023-06-28 02:22:36,29,0,,33
732923,LL23042101M,982091101532923,1908,2023-06-28 02:23:25,203,0,89500,182
737097,LL23037303M,982091101537097,1908,2023-06-28 02:26:48,375,0,94500,517
729902,LL23035307M,982091101529902,1908,2023-06-28 02:33:51,105,0,93000,136
734709,LL23048502M,982091101534709,1908,2023-06-28 02:36:48,105,0,91500,86
729897,LL23038102M,982091101529897,1908,2023-06-28 02:40:06,166,0,93000,124
732923,LL23042101M,982091101532923,1908,2023-06-28 02:58:25,115,0,89500,55
729902,LL23035307M,982091101529902,1908,2023-06-28 03:00:39,26,0,,71
732923,LL23042101M,982091101532923,1908,2023-06-28 03:01:44,67,0,90250,76
729889,LL23037601M,982091101529889,1908,2023-06-28 03:03:03,314,0,109500,343
729902,LL23035307M,982091101529902,1908,2023-06-28 03:10:01,396,0,94000,403
729897,LL23038102M,982091101529897,1908,2023-06-28 03:28:25,94,0,95000,46
737097,LL23037303M,982091101537097,1908,2023-06-28 03:30:16,171,0,95500,55
734751,LL23052303M,982091101534751,1908,2023-06-28 03:33:23,234,0,87500,147
732923,LL23042101M,982091101532923,1908,2023-06-28 03:37:48,217,0,90000,204
729902,LL23035307M,982091101529902,1908,2023-06-28 03:41:41,283,0,93000,317
737097,LL23037303M,982091101537097,1908,2023-06-28 03:47:20,57,0,,106
735083,LL23029205M,982091101535083,1908,2023-06-28 03:49:09,271,0,88000,195
734709,LL23048502M,982091101534709,1908,2023-06-28 03:54:12,161,0,93000,83
737097,LL23037303M,982091101537097,1908,2023-06-28 04:42:46,39,0,,46
732923,LL23042101M,982091101532923,1908,2023-06-28 04:45:25,528,0,90500,472
737148,LL23051105M,982091101537148,1908,2023-06-28 04:54:29,568,0,92500,820
737148,LL23051105M,982091101537148,1908,2023-06-28 05:05:58,42,0,,3
737148,LL23051105M,982091101537148,1908,2023-06-28 05:21:00,116,0,95500,118
732923,LL23042101M,982091101532923,1908,2023-06-28 05:29:46,43,0,,34
734751,LL23052303M,982091101534751,1908,2023-06-28 05:59:15,560,0,85500,593
732923,LL23042101M,982091101532923,1908,2023-06-28 06:09:15,29,0,,32
734692,LL23050302M,982091101534692,1908,2023-06-28 06:11:01,619,0,88000,494
735083,LL23029205M,982091101535083,1908,2023-06-28 06:22:17,365,0,90250,311
734692,LL23050302M,982091101534692,1908,2023-06-28 06:28:34,41,0,,34
735028,LL23029207M,984000005032083,1908,2023-06-28 06:29:35,480,0,95500,519
734692,LL23050302M,982091101534692,1908,2023-06-28 06:37:56,171,0,86500,108
737097,LL23037303M,982091101537097,1908,2023-06-28 06:40:59,529,0,94000,808
735034,LL23026202M,982091101535034,1908,2023-06-28 06:49:53,580,0,109000,650
737148,LL23051105M,982091101537148,1908,2023-06-28 06:59:53,28,0,,26
732909,LL23042102M,982091101532909,1908,2023-06-28 07:00:33,1634,0,97500,1320
732923,LL23042101M,982091101532923,1908,2023-06-28 07:29:03,465,0,87000,488
737097,LL23037303M,982091101537097,1908,2023-06-28 07:37:04,22,0,,25
737148,LL23051105M,982091101537148,1908,2023-06-28 07:38:18,234,0,94500,335
734709,LL23048502M,982091101534709,1908,2023-06-28 07:42:20,88,0,92500,88
735028,LL23029207M,984000005032083,1908,2023-06-28 07:43:56,508,0,96000,557
735034,LL23026202M,982091101535034,1908,2023-06-28 07:52:52,540,0,109500,669
735028,LL23029207M,984000005032083,1908,2023-06-28 08:18:20,310,0,98000,321
732923,LL23042101M,982091101532923,1908,2023-06-28 08:27:48,109,0,86500,30
737148,LL23051105M,982091101537148,1908,2023-06-28 08:43:23,69,0,95000,4
735034,LL23026202M,982091101535034,1908,2023-06-28 08:48:40,387,0,110000,450
732966,LL23041902M,982091101532966,1908,2023-06-28 09:01:01,43,0,,18
737097,LL23037303M,982091101537097,1908,2023-06-28 09:13:54,420,0,96500,615
734692,LL23050302M,982091101534692,1908,2023-06-28 09:20:58,699,0,84500,454
735028,LL23029207M,984000005032083,1908,2023-06-28 09:32:50,310,0,96000,277
737148,LL23051105M,982091101537148,1908,2023-06-28 09:45:42,351,0,95000,432
735083,LL23029205M,982091101535083,1908,2023-06-28 10:50:06,107,0,84500,30
729889,LL23037601M,982091101529889,1908,2023-06-28 10:52:05,595,0,108500,760
729889,LL23037601M,982091101529889,1908,2023-06-28 11:04:18,15,0,,14
734692,LL23050302M,982091101534692,1908,2023-06-28 11:06:37,106,0,88750,13
734731,LL23052101M,982091101534731,1908,2023-06-28 11:12:01,324,0,97000,288
734751,LL23052303M,982091101534751,1908,2023-06-28 11:18:01,24,0,,4
735028,LL23029207M,984000005032083,1908,2023-06-28 11:18:45,79,0,98000,81
737097,LL23037303M,982091101537097,1908,2023-06-28 11:21:24,15,0,,17
734731,LL23052101M,982091101534731,1908,2023-06-28 11:21:43,188,0,96000,224
732909,LL23042102M,982091101532909,1908,2023-06-28 11:24:59,1029,0,98000,795
729889,LL23037601M,982091101529889,1908,2023-06-28 11:55:21,60,0,,39
734731,LL23052101M,982091101534731,1908,2023-06-28 13:22:36,34,0,,31
734692,LL23050302M,982091101534692,1908,2023-06-28 13:23:30,254,0,85000,145
734731,LL23052101M,982091101534731,1908,2023-06-28 13:27:52,75,0,99000,53
734692,LL23050302M,982091101534692,1908,2023-06-28 13:32:03,85,0,87500,25
734731,LL23052101M,982091101534731,1908,2023-06-28 13:38:29,102,0,98000,38
729889,LL23037601M,982091101529889,1908,2023-06-28 13:51:16,54,0,,6
734709,LL23048502M,982091101534709,1908,2023-06-28 13:56:54,220,0,92000,48
734709,LL23048502M,982091101534709,1908,2023-06-28 14:12:47,133,0,93500,1
735083,LL23029205M,982091101535083,1908,2023-06-28 14:24:21,125,0,89000,4
735083,LL23029205M,982091101535083,1908,2023-06-28 14:30:07,76,0,90500,1
735083,LL23029205M,982091101535083,1908,2023-06-28 14:38:48,162,0,86500,1
735034,LL23026202M,982091101535034,1908,2023-06-28 14:52:35,39,0,,1
735083,LL23029205M,982091101535083,1908,2023-06-28 15:17:48,87,0,85000,2
729897,LL23038102M,982091101529897,1908,2023-06-28 15:42:21,23,0,,1
735083,LL23029205M,982091101535083,1908,2023-06-28 15:54:26,122,0,90500,1
735028,LL23029207M,984000005032083,1908,2023-06-28 16:07:59,110,0,95000,1
734751,LL23052303M,982091101534751,1908,2023-06-28 16:15:03,149,0,88000,1
729902,LL23035307M,982091101529902,1908,2023-06-28 16:43:39,199,0,60000,1
732909,LL23042102M,982091101532909,1908,2023-06-28 17:00:44,950,0,96000,1032
734751,LL23052303M,982091101534751,1908,2023-06-28 17:16:38,1125,0,89500,1108
734709,LL23048502M,982091101534709,1908,2023-06-28 17:35:27,1171,0,91500,1190
735083,LL23029205M,982091101535083,1908,2023-06-28 17:55:02,1105,0,85000,872
734692,LL23050302M,982091101534692,1908,2023-06-28 18:14:00,62,0,85750,26
735083,LL23029205M,982091101535083,1908,2023-06-28 18:15:02,425,0,86000,326
729889,LL23037601M,982091101529889,1908,2023-06-28 18:22:11,621,0,107000,592
734692,LL23050302M,982091101534692,1908,2023-06-28 18:32:40,542,0,86000,415
729897,LL23038102M,982091101529897,1908,2023-06-28 18:41:50,1079,0,90000,531
734692,LL23050302M,982091101534692,1908,2023-06-28 18:59:49,143,0,85500,54
732923,LL23042101M,982091101532923,1908,2023-06-28 19:02:24,726,0,85000,409
734692,LL23050302M,982091101534692,1908,2023-06-28 19:14:46,86,0,84250,48
729902,LL23035307M,982091101529902,1908,2023-06-28 19:16:24,1368,0,93000,625
734692,LL23050302M,982091101534692,1908,2023-06-28 19:39:44,74,0,85250,61
735028,LL23029207M,984000005032083,1908,2023-06-28 19:41:02,596,0,95500,403
732966,LL23041902M,982091101532966,1908,2023-06-28 19:51:02,780,0,105500,413
729897,LL23038102M,982091101529897,1908,2023-06-28 20:04:10,559,0,92000,287
737097,LL23037303M,982091101537097,1908,2023-06-28 20:13:29,329,0,95000,272
735083,LL23029205M,982091101535083,1908,2023-06-28 20:19:02,146,0,89500,11
729889,LL23037601M,982091101529889,1908,2023-06-28 20:21:44,99,0,108500,21
735083,LL23029205M,982091101535083,1908,2023-06-28 20:24:11,164,0,91000,7
729897,LL23038102M,982091101529897,1908,2023-06-28 20:27:12,621,0,93000,377
734751,LL23052303M,982091101534751,1908,2023-06-28 20:47:47,413,0,86500,449
729902,LL23035307M,982091101529902,1908,2023-06-28 21:03:10,299,0,94000,140
729889,LL23037601M,982091101529889,1908,2023-06-28 21:10:09,459,0,109000,441
734731,LL23052101M,982091101534731,1908,2023-06-28 21:18:25,330,0,98500,54
734731,LL23052101M,982091101534731,1908,2023-06-28 21:25:59,772,0,99000,518
734731,LL23052101M,982091101534731,1908,2023-06-28 21:40:55,399,0,100500,433
734751,LL23052303M,982091101534751,1908,2023-06-28 22:00:27,74,0,91250,47
732966,LL23041902M,982091101532966,1908,2023-06-28 22:04:49,428,0,105000,448
735028,LL23029207M,984000005032083,1908,2023-06-28 22:12:01,299,0,96000,104
735028,LL23029207M,984000005032083,1908,2023-06-28 22:19:04,415,0,95000,447
734709,LL23048502M,982091101534709,1908,2023-06-28 22:26:16,256,0,91500,123
734692,LL23050302M,982091101534692,1908,2023-06-28 22:30:44,159,0,86750,55
737148,LL23051105M,982091101537148,1908,2023-06-28 22:34:03,67,0,96000,3
729889,LL23037601M,982091101529889,1908,2023-06-28 22:37:10,39,0,,9
732923,LL23042101M,982091101532923,1908,2023-06-28 22:38:05,521,0,86500,391
735034,LL23026202M,982091101535034,1908,2023-06-28 22:46:54,348,0,106000,108
737097,LL23037303M,982091101537097,1908,2023-06-28 22:52:50,454,0,96000,513
735034,LL23026202M,982091101535034,1908,2023-06-28 23:00:52,661,0,108000,534
729902,LL23035307M,982091101529902,1908,2023-06-28 23:13:05,585,0,90500,421
732966,LL23041902M,982091101532966,1908,2023-06-28 23:22:50,573,0,105000,554
729889,LL23037601M,982091101529889,1908,2023-06-28 23:32:47,535,0,108000,554
729902,LL23035307M,982091101529902,1908,2023-06-28 23:42:06,562,0,90500,473
729897,LL23038102M,982091101529897,1908,2023-06-28 23:51:36,330,0,90500,317
729902,LL23035307M,982091101529902,1908,2023-06-28 23:57:58,183,0,94000,175
735034,LL23026202M,982091101535034,1908,2023-06-29 00:10:37,503,0,107000,580
729897,LL23038102M,982091101529897,1908,2023-06-29 00:19:40,208,0,92750,212
735083,LL23029205M,982091101535083,1908,2023-06-29 00:29:28,441,0,89000,309
729897,LL23038102M,982091101529897,1908,2023-06-29 00:37:29,180,0,93500,175
735083,LL23029205M,982091101535083,1908,2023-06-29 00:40:37,308,0,87000,272
734709,LL23048502M,982091101534709,1908,2023-06-29 00:45:58,584,0,89250,516
737148,LL23051105M,982091101537148,1908,2023-06-29 00:56:02,718,0,92000,992
732966,LL23041902M,982091101532966,1908,2023-06-29 01:08:36,506,0,107000,571
734709,LL23048502M,982091101534709,1908,2023-06-29 01:17:06,507,0,90000,343
732923,LL23042101M,982091101532923,1908,2023-06-29 01:25:41,971,0,90000,711
729897,LL23038102M,982091101529897,1908,2023-06-29 01:42:00,271,0,94250,65
732923,LL23042101M,982091101532923,1908,2023-06-29 01:52:55,23,0,,1
729897,LL23038102M,982091101529897,1908,2023-06-29 01:53:34,73,0,92500,75
729902,LL23035307M,982091101529902,1908,2023-06-29 01:54:51,56,0,,55
737097,LL23037303M,982091101537097,1908,2023-06-29 02:03:44,291,0,95500,312
734751,LL23052303M,982091101534751,1908,2023-06-29 02:08:43,1003,0,86500,601
729897,LL23038102M,982091101529897,1908,2023-06-29 02:25:30,613,0,95000,411
729902,LL23035307M,982091101529902,1908,2023-06-29 02:36:47,219,0,90750,96
737097,LL23037303M,982091101537097,1908,2023-06-29 02:40:46,114,0,97500,73
729902,LL23035307M,982091101529902,1908,2023-06-29 02:43:21,99,0,98000,31
737097,LL23037303M,982091101537097,1908,2023-06-29 02:45:04,296,0,94000,439
737097,LL23037303M,982091101537097,1908,2023-06-29 02:52:00,270,0,94000,353
734751,LL23052303M,982091101534751,1908,2023-06-29 02:57:23,677,0,86000,572
729889,LL23037601M,982091101529889,1908,2023-06-29 03:09:04,184,0,109000,166
734709,LL23048502M,982091101534709,1908,2023-06-29 03:33:34,449,0,89000,400
735028,LL23029207M,984000005032083,1908,2023-06-29 03:41:35,536,0,96500,562
734731,LL23052101M,982091101534731,1908,2023-06-29 03:52:19,932,0,97500,939
734692,LL23050302M,982091101534692,1908,2023-06-29 04:07:55,869,0,87000,808
735034,LL23026202M,982091101535034,1908,2023-06-29 04:22:37,279,0,108000,337
732966,LL23041902M,982091101532966,1908,2023-06-29 04:27:33,434,0,107500,541
729897,LL23038102M,982091101529897,1908,2023-06-29 04:35:00,361,0,94000,399
734709,LL23048502M,982091101534709,1908,2023-06-29 04:41:05,356,0,93000,333
737148,LL23051105M,982091101537148,1908,2023-06-29 04:47:13,474,0,93500,619
737097,LL23037303M,982091101537097,1908,2023-06-29 04:55:20,382,0,97500,553
735034,LL23026202M,982091101535034,1908,2023-06-29 05:01:46,232,0,108000,277
732909,LL23042102M,982091101532909,1908,2023-06-29 05:05:50,1275,0,97000,1044
732923,LL23042101M,982091101532923,1908,2023-06-29 05:27:05,1001,0,90500,1012
732923,LL23042101M,982091101532923,1908,2023-06-29 05:47:03,45,0,,22
734751,LL23052303M,982091101534751,1908,2023-06-29 05:53:04,333,0,89000,325
732923,LL23042101M,982091101532923,1908,2023-06-29 06:03:17,121,0,93000,21
735083,LL23029205M,982091101535083,1908,2023-06-29 06:05:59,219,0,89000,167
735034,LL23026202M,982091101535034,1908,2023-06-29 06:10:38,1095,0,110000,1065
737148,LL23051105M,982091101537148,1908,2023-06-29 06:37:32,389,0,94000,492
729889,LL23037601M,982091101529889,1908,2023-06-29 06:44:05,908,0,108000,1089
735028,LL23029207M,984000005032083,1908,2023-06-29 06:59:21,968,0,95000,986
737097,LL23037303M,982091101537097,1908,2023-06-29 07:18:47,15,0,,2
735083,LL23029205M,982091101535083,1908,2023-06-29 07:20:34,516,0,88500,436
734692,LL23050302M,982091101534692,1908,2023-06-29 07:29:53,474,0,86500,247
729889,LL23037601M,982091101529889,1908,2023-06-29 07:38:31,292,0,108500,367
729902,LL23035307M,982091101529902,1908,2023-06-29 07:43:31,155,0,97000,173
734692,LL23050302M,982091101534692,1908,2023-06-29 07:46:10,214,0,87000,165
737097,LL23037303M,982091101537097,1908,2023-06-29 07:50:20,147,0,96000,196
737097,LL23037303M,982091101537097,1908,2023-06-29 07:54:13,14,0,,6
735028,LL23029207M,984000005032083,1908,2023-06-29 07:55:12,378,0,95750,334
737148,LL23051105M,982091101537148,1908,2023-06-29 08:02:15,341,0,95500,469
734692,LL23050302M,982091101534692,1908,2023-06-29 08:09:00,47,0,,22
735028,LL23029207M,984000005032083,1908,2023-06-29 09:00:58,92,0,101000,52
737097,LL23037303M,982091101537097,1908,2023-06-29 09:05:06,429,0,96500,646
734692,LL23050302M,982091101534692,1908,2023-06-29 09:19:28,301,0,88500,187
737148,LL23051105M,982091101537148,1908,2023-06-29 09:25:26,288,0,97500,398
735083,LL23029205M,982091101535083,1908,2023-06-29 09:47:26,446,0,89000,411
735028,LL23029207M,984000005032083,1908,2023-06-29 09:55:12,369,0,97500,301
735083,LL23029205M,982091101535083,1908,2023-06-29 10:02:01,92,0,85500,81
735034,LL23026202M,982091101535034,1908,2023-06-29 10:03:45,174,0,110000,202
732923,LL23042101M,982091101532923,1908,2023-06-29 10:07:03,326,0,92000,330
734692,LL23050302M,982091101534692,1908,2023-06-29 10:12:49,204,0,89000,166
732923,LL23042101M,982091101532923,1908,2023-06-29 10:16:38,27,0,,6
734692,LL23050302M,982091101534692,1908,2023-06-29 10:17:41,356,0,89000,196
734751,LL23052303M,982091101534751,1908,2023-06-29 10:29:57,495,0,89000,545
735034,LL23026202M,982091101535034,1908,2023-06-29 10:42:21,467,0,110750,336
735083,LL23029205M,982091101535083,1908,2023-06-29 10:52:04,40,0,,7
732909,LL23042102M,982091101532909,1908,2023-06-29 10:59:11,570,0,98000,326
735083,LL23029205M,982091101535083,1908,2023-06-29 11:10:41,70,0,93250,3
735083,LL23029205M,982091101535083,1908,2023-06-29 11:13:52,25,0,,1
735034,LL23026202M,982091101535034,1908,2023-06-29 11:15:09,133,0,108500,94
735028,LL23029207M,984000005032083,1908,2023-06-29 11:19:23,118,0,100250,48
735028,LL23029207M,984000005032083,1908,2023-06-29 11:25:29,62,0,100000,15
735034,LL23026202M,982091101535034,1908,2023-06-29 11:26:47,272,0,112500,295
732909,LL23042102M,982091101532909,1908,2023-06-29 11:46:40,228,0,100500,57
732909,LL23042102M,982091101532909,1908,2023-06-29 12:07:26,44,0,,5
737148,LL23051105M,982091101537148,1908,2023-06-29 12:16:04,159,0,98500,92
729889,LL23037601M,982091101529889,1908,2023-06-29 12:26:47,239,0,110000,288
735034,LL23026202M,982091101535034,1908,2023-06-29 13:02:48,84,0,108250,57
729889,LL23037601M,982091101529889,1908,2023-06-29 14:58:59,24,0,,13
735083,LL23029205M,982091101535083,1908,2023-06-29 15:01:56,261,0,91000,69
734692,LL23050302M,982091101534692,1908,2023-06-29 15:08:53,110,0,90000,59
737148,LL23051105M,982091101537148,1908,2023-06-29 15:10:59,83,0,96500,46
734692,LL23050302M,982091101534692,1908,2023-06-29 15:12:39,57,0,,14
735083,LL23029205M,982091101535083,1908,2023-06-29 15:15:16,80,0,89000,12
729902,LL23035307M,982091101529902,1908,2023-06-29 15:18:05,60,0,,32
732909,LL23042102M,982091101532909,1908,2023-06-29 15:19:13,1850,0,95500,1119
729902,LL23035307M,982091101529902,1908,2023-06-29 15:50:03,97,0,92500,50
734692,LL23050302M,982091101534692,1908,2023-06-29 15:51:48,113,0,85000,68
735083,LL23029205M,982091101535083,1908,2023-06-29 15:53:45,438,0,86500,371
729902,LL23035307M,982091101529902,1908,2023-06-29 16:01:19,128,0,95000,76
735083,LL23029205M,982091101535083,1908,2023-06-29 16:03:31,62,0,85000,18
729889,LL23037601M,982091101529889,1908,2023-06-29 16:04:41,358,0,107500,422
735083,LL23029205M,982091101535083,1908,2023-06-29 16:10:43,23,0,,3
734692,LL23050302M,982091101534692,1908,2023-06-29 16:11:15,78,0,86500,54
732966,LL23041902M,982091101532966,1908,2023-06-29 16:12:41,76,0,108000,22
729897,LL23038102M,982091101529897,1908,2023-06-29 16:14:25,514,0,92000,422
734709,LL23048502M,982091101534709,1908,2023-06-29 16:23:04,854,0,91000,827
734731,LL23052101M,982091101534731,1908,2023-06-29 16:37:26,130,0,94000,159
732966,LL23041902M,982091101532966,1908,2023-06-29 16:39:45,720,0,106000,694
729902,LL23035307M,982091101529902,1908,2023-06-29 16:51:53,66,0,91500,55
734692,LL23050302M,982091101534692,1908,2023-06-29 16:53:23,72,0,89000,49
735083,LL23029205M,982091101535083,1908,2023-06-29 16:54:39,402,0,85750,400
734692,LL23050302M,982091101534692,1908,2023-06-29 17:01:33,596,0,87500,522
729889,LL23037601M,982091101529889,1908,2023-06-29 17:11:37,120,0,106000,70
734751,LL23052303M,982091101534751,1908,2023-06-29 17:14:18,676,0,87000,543
729902,LL23035307M,982091101529902,1908,2023-06-29 17:25:42,1087,0,91500,543
734692,LL23050302M,982091101534692,1908,2023-06-29 17:44:05,395,0,90000,150
734751,LL23052303M,982091101534751,1908,2023-06-29 17:50:40,277,0,89000,262
732909,LL23042102M,982091101532909,1908,2023-06-29 17:55:21,1090,0,98500,1042
735083,LL23029205M,982091101535083,1908,2023-06-29 18:13:47,727,0,89500,560
729897,LL23038102M,982091101529897,1908,2023-06-29 18:27:38,442,0,92250,412
729889,LL23037601M,982091101529889,1908,2023-06-29 18:35:08,245,0,109750,206
734709,LL23048502M,982091101534709,1908,2023-06-29 18:39:41,850,0,91000,797
734692,LL23050302M,982091101534692,1908,2023-06-29 18:54:03,229,0,89500,167
729897,LL23038102M,982091101529897,1908,2023-06-29 18:58:21,285,0,93000,259
735083,LL23029205M,982091101535083,1908,2023-06-29 19:04:02,413,0,87500,365
729889,LL23037601M,982091101529889,1908,2023-06-29 19:12:55,441,0,108000,549
729889,LL23037601M,982091101529889,1908,2023-06-29 19:22:16,301,0,110000,430
734692,LL23050302M,982091101534692,1908,2023-06-29 19:31:35,547,0,92000,517
732923,LL23042101M,982091101532923,1908,2023-06-29 19:40:42,898,0,89000,903
735028,LL23029207M,984000005032083,1908,2023-06-29 19:55:40,1112,0,94500,1207
734731,LL23052101M,982091101534731,1908,2023-06-29 20:14:25,1047,0,98000,1107
735083,LL23029205M,982091101535083,1908,2023-06-29 20:32:13,329,0,90500,64
732966,LL23041902M,982091101532966,1908,2023-06-29 20:38:10,34,0,,7
732966,LL23041902M,982091101532966,1908,2023-06-29 20:41:30,649,0,108000,503
735083,LL23029205M,982091101535083,1908,2023-06-29 20:52:43,46,0,,11
734751,LL23052303M,982091101534751,1908,2023-06-29 20:56:42,521,0,89500,486
732966,LL23041902M,982091101532966,1908,2023-06-29 21:05:42,48,0,,13
734751,LL23052303M,982091101534751,1908,2023-06-29 21:16:08,340,0,90000,365
729889,LL23037601M,982091101529889,1908,2023-06-29 22:11:20,76,0,113500,70
729897,LL23038102M,982091101529897,1908,2023-06-29 22:13:17,230,0,93500,99
737148,LL23051105M,982091101537148,1908,2023-06-29 22:33:48,385,0,95000,561
737097,LL23037303M,982091101537097,1908,2023-06-29 22:40:58,806,0,97000,949
729902,LL23035307M,982091101529902,1908,2023-06-29 22:54:40,1107,0,95500,526
734751,LL23052303M,982091101534751,1908,2023-06-29 23:18:01,455,0,91000,418
732966,LL23041902M,982091101532966,1908,2023-06-29 23:25:56,979,0,110000,1302
729902,LL23035307M,982091101529902,1908,2023-06-29 23:42:23,516,0,93000,507
729897,LL23038102M,982091101529897,1908,2023-06-29 23:51:03,499,0,95500,439
734709,LL23048502M,982091101534709,1908,2023-06-29 23:59:50,450,0,94250,361
729902,LL23035307M,982091101529902,1908,2023-06-30 00:07:23,138,0,94250,143
729889,LL23037601M,982091101529889,1908,2023-06-30 00:09:49,785,0,113500,1113
729897,LL23038102M,982091101529897,1908,2023-06-30 00:22:58,510,0,96000,468
732923,LL23042101M,982091101532923,1908,2023-06-30 00:32:31,785,0,91500,864
729897,LL23038102M,982091101529897,1908,2023-06-30 00:45:40,511,0,95500,237
734709,LL23048502M,982091101534709,1908,2023-06-30 00:54:15,189,0,96000,191
737148,LL23051105M,982091101537148,1908,2023-06-30 00:57:32,474,0,97500,674
735034,LL23026202M,982091101535034,1908,2023-06-30 01:05:54,1306,0,110000,1325
735034,LL23026202M,982091101535034,1908,2023-06-30 01:29:44,408,0,112000,457
729902,LL23035307M,982091101529902,1908,2023-06-30 01:52:35,253,0,96500,219
734751,LL23052303M,982091101534751,1908,2023-06-30 01:57:08,228,0,92500,211
732966,LL23041902M,982091101532966,1908,2023-06-30 02:01:51,165,0,113500,79
729897,LL23038102M,982091101529897,1908,2023-06-30 02:05:44,113,0,97500,21
729897,LL23038102M,982091101529897,1908,2023-06-30 02:10:22,26,0,,2
735083,LL23029205M,982091101535083,1908,2023-06-30 02:11:20,529,0,94000,415
737097,LL23037303M,982091101537097,1908,2023-06-30 02:38:14,248,0,98750,85
737097,LL23037303M,982091101537097,1908,2023-06-30 02:44:23,317,0,100000,479
729897,LL23038102M,982091101529897,1908,2023-06-30 02:52:18,224,0,98000,140
735034,LL23026202M,982091101535034,1908,2023-06-30 02:57:31,453,0,115000,442
735083,LL23029205M,982091101535083,1908,2023-06-30 03:15:16,386,0,91500,381
729897,LL23038102M,982091101529897,1908,2023-06-30 03:24:48,131,0,99000,91
737148,LL23051105M,982091101537148,1908,2023-06-30 03:29:45,320,0,99250,439
732966,LL23041902M,982091101532966,1908,2023-06-30 03:36:02,175,0,112500,157
734751,LL23052303M,982091101534751,1908,2023-06-30 03:39:17,235,0,93000,57
734709,LL23048502M,982091101534709,1908,2023-06-30 03:48:37,449,0,96500,439
729897,LL23038102M,982091101529897,1908,2023-06-30 03:56:54,207,0,97000,77
734751,LL23052303M,982091101534751,1908,2023-06-30 04:00:41,543,0,93500,452
734709,LL23048502M,982091101534709,1908,2023-06-30 04:10:09,426,0,96500,368
737148,LL23051105M,982091101537148,1908,2023-06-30 04:21:54,254,0,98000,268
729897,LL23038102M,982091101529897,1908,2023-06-30 04:26:28,107,0,96000,54
729902,LL23035307M,982091101529902,1908,2023-06-30 04:31:55,244,0,96250,76
729889,LL23037601M,982091101529889,1908,2023-06-30 04:42:17,140,0,116250,116
734709,LL23048502M,982091101534709,1908,2023-06-30 04:47:45,297,0,95500,223
734731,LL23052101M,982091101534731,1908,2023-06-30 05:49:45,649,0,102000,617
735028,LL23029207M,984000005032083,1908,2023-06-30 06:00:34,1035,0,99000,920
729897,LL23038102M,982091101529897,1908,2023-06-30 06:17:53,453,0,96000,480
732923,LL23042101M,982091101532923,1908,2023-06-30 06:25:30,1141,0,94000,1171
737097,LL23037303M,982091101537097,1908,2023-06-30 06:44:31,660,0,100000,971
734709,LL23048502M,982091101534709,1908,2023-06-30 06:55:48,252,0,94500,203
735028,LL23029207M,984000005032083,1908,2023-06-30 07:00:28,369,0,96000,296
737148,LL23051105M,982091101537148,1908,2023-06-30 07:07:46,453,0,99500,584
734751,LL23052303M,982091101534751,1908,2023-06-30 07:23:47,458,0,91500,492
734692,LL23050302M,982091101534692,1908,2023-06-30 07:33:26,101,0,90500,85
737097,LL23037303M,982091101537097,1908,2023-06-30 07:35:23,39,0,,47
729897,LL23038102M,982091101529897,1908,2023-06-30 07:36:39,103,0,98000,102
734692,LL23050302M,982091101534692,1908,2023-06-30 07:38:30,286,0,91000,209
735083,LL23029205M,982091101535083,1908,2023-06-30 07:44:01,161,0,93750,94
732909,LL23042102M,982091101532909,1908,2023-06-30 07:47:02,1311,0,100500,1010
735028,LL23029207M,984000005032083,1908,2023-06-30 08:09:05,100,0,101500,39
734692,LL23050302M,982091101534692,1908,2023-06-30 08:11:29,123,0,91000,70
735028,LL23029207M,984000005032083,1908,2023-06-30 08:13:48,127,0,101000,126
735083,LL23029205M,982091101535083,1908,2023-06-30 08:15:59,511,0,92000,293
734751,LL23052303M,982091101534751,1908,2023-06-30 08:24:34,179,0,93500,33
735028,LL23029207M,984000005032083,1908,2023-06-30 08:29:33,281,0,100000,269
737148,LL23051105M,982091101537148,1908,2023-06-30 08:43:45,179,0,100000,220
735083,LL23029205M,982091101535083,1908,2023-06-30 08:48:45,525,0,92500,450
734731,LL23052101M,982091101534731,1908,2023-06-30 08:57:46,61,0,101000,74
737097,LL23037303M,982091101537097,1908,2023-06-30 08:59:11,20,0,,18
735028,LL23029207M,984000005032083,1908,2023-06-30 09:00:03,15,0,,3
729889,LL23037601M,982091101529889,1908,2023-06-30 09:01:23,834,0,114500,1022
729889,LL23037601M,982091101529889,1908,2023-06-30 09:17:21,52,0,,8
734692,LL23050302M,982091101534692,1908,2023-06-30 09:18:17,799,0,91500,614
735034,LL23026202M,982091101535034,1908,2023-06-30 09:32:29,1092,0,114500,1424
732923,LL23042101M,982091101532923,1908,2023-06-30 09:50:53,577,0,95000,701
734692,LL23050302M,982091101534692,1908,2023-06-30 10:00:50,90,0,91000,14
737097,LL23037303M,982091101537097,1908,2023-06-30 10:03:08,267,0,100000,359
737148,LL23051105M,982091101537148,1908,2023-06-30 10:18:54,293,0,98500,447
734751,LL23052303M,982091101534751,1908,2023-06-30 10:26:28,339,0,91500,346
735028,LL23029207M,984000005032083,1908,2023-06-30 10:41:05,281,0,101000,115
729902,LL23035307M,982091101529902,1908,2023-06-30 10:55:19,102,0,96000,73
734692,LL23050302M,982091101534692,1908,2023-06-30 10:57:33,38,0,,13
735028,LL23029207M,984000005032083,1908,2023-06-30 10:58:23,25,0,,3
734692,LL23050302M,982091101534692,1908,2023-06-30 11:02:52,117,0,91500,45
735034,LL23026202M,982091101535034,1908,2023-06-30 11:11:07,344,0,115000,369
737148,LL23051105M,982091101537148,1908,2023-06-30 11:19:57,222,0,98000,114
735028,LL23029207M,984000005032083,1908,2023-06-30 11:24:59,14,0,,1
735083,LL23029205M,982091101535083,1908,2023-06-30 11:28:27,435,0,95000,312
729889,LL23037601M,982091101529889,1908,2023-06-30 11:37:42,37,0,,28
735034,LL23026202M,982091101535034,1908,2023-06-30 11:43:35,101,0,116000,44
737148,LL23051105M,982091101537148,1908,2023-06-30 12:24:06,182,0,99500,170
729889,LL23037601M,982091101529889,1908,2023-06-30 12:27:36,15,0,,6
735028,LL23029207M,984000005032083,1908,2023-06-30 12:36:28,397,0,103000,373
732909,LL23042102M,982091101532909,1908,2023-06-30 13:25:21,1303,0,103000,738
735083,LL23029205M,982091101535083,1908,2023-06-30 13:53:31,428,0,93500,373
734731,LL23052101M,982091101534731,1908,2023-06-30 14:17:48,953,0,101000,1064
735028,LL23029207M,984000005032083,1908,2023-06-30 14:33:41,275,0,101500,167
729889,LL23037601M,982091101529889,1908,2023-06-30 14:38:48,326,0,113750,492
735028,LL23029207M,984000005032083,1908,2023-06-30 14:47:28,273,0,100000,289
732909,LL23042102M,982091101532909,1908,2023-06-30 14:53:25,945,0,103500,726
729889,LL23037601M,982091101529889,1908,2023-06-30 15:09:58,110,0,114250,63
735083,LL23029205M,982091101535083,1908,2023-06-30 15:20:56,179,0,93000,172
734709,LL23048502M,982091101534709,1908,2023-06-30 15:24:23,719,0,94500,657
732966,LL23041902M,982091101532966,1908,2023-06-30 15:37:42,719,0,111500,778
729902,LL23035307M,982091101529902,1908,2023-06-30 16:42:20,39,0,,65
734692,LL23050302M,982091101534692,1908,2023-06-30 16:42:59,87,0,92000,94
737097,LL23037303M,982091101537097,1908,2023-06-30 16:44:26,522,0,99000,712
734692,LL23050302M,982091101534692,1908,2023-06-30 16:53:12,316,0,92000,247
735083,LL23029205M,982091101535083,1908,2023-06-30 16:58:33,318,0,93500,316
734692,LL23050302M,982091101534692,1908,2023-06-30 17:03:59,535,0,92000,130
735083,LL23029205M,982091101535083,1908,2023-06-30 17:13:06,37,0,,1
729902,LL23035307M,982091101529902,1908,2023-06-30 17:13:55,617,0,96500,382
734692,LL23050302M,982091101534692,1908,2023-06-30 17:24:16,362,0,93000,225
735083,LL23029205M,982091101535083,1908,2023-06-30 17:30:22,367,0,96500,282
729897,LL23038102M,982091101529897,1908,2023-06-30 17:36:45,793,0,96000,546
734709,LL23048502M,982091101534709,1908,2023-06-30 17:50:10,316,0,97000,314
732909,LL23042102M,982091101532909,1908,2023-06-30 17:55:30,630,0,106750,614
734692,LL23050302M,982091101534692,1908,2023-06-30 18:06:33,336,0,94000,283
734692,LL23050302M,982091101534692,1908,2023-06-30 18:14:09,213,0,94000,144
734709,LL23048502M,982091101534709,1908,2023-06-30 18:19:46,375,0,98000,298
735083,LL23029205M,982091101535083,1908,2023-06-30 18:27:37,307,0,96000,85
735083,LL23029205M,982091101535083,1908,2023-06-30 18:34:44,389,0,95500,343
734751,LL23052303M,982091101534751,1908,2023-06-30 18:44:50,695,0,93000,687
735083,LL23029205M,982091101535083,1908,2023-06-30 18:59:40,40,0,,10
729902,LL23035307M,982091101529902,1908,2023-06-30 19:41:46,252,0,97500,232
735083,LL23029205M,982091101535083,1908,2023-06-30 19:47:38,285,0,95500,228
729889,LL23037601M,982091101529889,1908,2023-06-30 19:52:31,954,0,117500,997
734709,LL23048502M,982091101534709,1908,2023-06-30 20:08:45,515,0,97500,452
734751,LL23052303M,982091101534751,1908,2023-06-30 20:22:04,565,0,94500,582
734751,LL23052303M,982091101534751,1908,2023-06-30 20:33:29,65,0,94250,23
734731,LL23052101M,982091101534731,1908,2023-06-30 20:36:38,61,0,103250,50
732966,LL23041902M,982091101532966,1908,2023-06-30 20:43:56,1062,0,112500,1459
729897,LL23038102M,982091101529897,1908,2023-06-30 21:01:46,733,0,96500,556
732923,LL23042101M,982091101532923,1908,2023-06-30 21:14:11,785,0,95000,787
729897,LL23038102M,982091101529897,1908,2023-06-30 21:27:24,175,0,97500,204
734731,LL23052101M,982091101534731,1908,2023-06-30 21:31:35,560,0,104500,700
734731,LL23052101M,982091101534731,1908,2023-06-30 21:42:59,182,0,104000,140
729897,LL23038102M,982091101529897,1908,2023-06-30 21:46:13,234,0,98000,80
729902,LL23035307M,982091101529902,1908,2023-06-30 21:51:32,114,0,97000,135
735028,LL23029207M,984000005032083,1908,2023-06-30 21:56:31,181,0,102000,185
729902,LL23035307M,982091101529902,1908,2023-06-30 22:00:16,285,0,98000,144
729889,LL23037601M,982091101529889,1908,2023-06-30 22:06:37,719,0,117500,934
734751,LL23052303M,982091101534751,1908,2023-06-30 22:27:43,416,0,93500,329
735028,LL23029207M,984000005032083,1908,2023-06-30 22:34:51,662,0,101000,722
734751,LL23052303M,982091101534751,1908,2023-06-30 22:51:47,114,0,93000,12
737097,LL23037303M,982091101537097,1908,2023-06-30 22:54:06,375,0,101000,547
734751,LL23052303M,982091101534751,1908,2023-06-30 23:00:56,34,0,,2
732923,LL23042101M,982091101532923,1908,2023-06-30 23:18:07,76,0,95000,39
732909,LL23042102M,982091101532909,1908,2023-06-30 23:20:32,893,0,105000,851
734709,LL23048502M,982091101534709,1908,2023-06-30 23:38:07,454,0,96500,413
729897,LL23038102M,982091101529897,1908,2023-06-30 23:48:17,149,0,97750,133
732966,LL23041902M,982091101532966,1908,2023-06-30 23:56:11,433,0,114500,571
734731,LL23052101M,982091101534731,1908,2023-07-01 00:32:48,23,0,,27
737148,LL23051105M,982091101537148,1908,2023-07-01 00:34:47,487,0,100000,767
729897,LL23038102M,982091101529897,1908,2023-07-01 01:11:08,189,0,98500,152
735034,LL23026202M,982091101535034,1908,2023-07-01 01:15:56,1107,0,117500,1535
732966,LL23041902M,982091101532966,1908,2023-07-01 01:54:14,121,0,116000,86
735028,LL23029207M,984000005032083,1908,2023-07-01 01:58:48,216,0,102500,244
732923,LL23042101M,982091101532923,1908,2023-07-01 02:07:07,693,0,95500,662
729902,LL23035307M,982091101529902,1908,2023-07-01 02:20:44,522,0,98000,122
737097,LL23037303M,982091101537097,1908,2023-07-01 02:30:03,602,0,101500,845
737148,LL23051105M,982091101537148,1908,2023-07-01 02:43:10,396,0,99000,622
729902,LL23035307M,982091101529902,1908,2023-07-01 02:50:02,334,0,98250,134
729902,LL23035307M,982091101529902,1908,2023-07-01 02:57:40,77,0,98000,44
734709,LL23048502M,982091101534709,1908,2023-07-01 03:00:33,256,0,98500,224
729902,LL23035307M,982091101529902,1908,2023-07-01 03:05:05,49,0,,8
729889,LL23037601M,982091101529889,1908,2023-07-01 03:06:49,37,0,,23
735083,LL23029205M,982091101535083,1908,2023-07-01 03:15:16,356,0,99000,248
729897,LL23038102M,982091101529897,1908,2023-07-01 03:21:39,633,0,98000,588
729902,LL23035307M,982091101529902,1908,2023-07-01 03:34:45,52,0,,44
734709,LL23048502M,982091101534709,1908,2023-07-01 03:42:26,369,0,98000,299
729897,LL23038102M,982091101529897,1908,2023-07-01 03:51:49,255,0,99000,136
732923,LL23042101M,982091101532923,1908,2023-07-01 04:12:02,78,0,97000,70
729897,LL23038102M,982091101529897,1908,2023-07-01 04:19:08,70,0,97000,2
732923,LL23042101M,982091101532923,1908,2023-07-01 04:22:06,65,0,97000,82
729897,LL23038102M,982091101529897,1908,2023-07-01 04:23:23,18,0,,16
732923,LL23042101M,982091101532923,1908,2023-07-01 04:23:45,56,0,,74
729902,LL23035307M,982091101529902,1908,2023-07-01 04:27:45,196,0,98500,157
737148,LL23051105M,982091101537148,1908,2023-07-01 04:31:25,91,0,100000,106
732966,LL23041902M,982091101532966,1908,2023-07-01 04:32:56,608,0,115000,832
734709,LL23048502M,982091101534709,1908,2023-07-01 04:45:08,297,0,98500,201
732923,LL23042101M,982091101532923,1908,2023-07-01 04:53:45,63,0,96000,26
737097,LL23037303M,982091101537097,1908,2023-07-01 04:55:16,427,0,101500,597
734751,LL23052303M,982091101534751,1908,2023-07-01 05:04:58,904,0,94000,914
734709,LL23048502M,982091101534709,1908,2023-07-01 05:20:11,310,0,98000,220
729897,LL23038102M,982091101529897,1908,2023-07-01 05:25:33,483,0,99500,395
735034,LL23026202M,982091101535034,1908,2023-07-01 05:33:48,206,0,117000,61
729902,LL23035307M,982091101529902,1908,2023-07-01 05:39:50,338,0,97500,181
734709,LL23048502M,982091101534709,1908,2023-07-01 05:46:40,244,0,98250,178
734751,LL23052303M,982091101534751,1908,2023-07-01 05:51:52,339,0,94500,376
735083,LL23029205M,982091101535083,1908,2023-07-01 06:58:17,548,0,97500,487
735034,LL23026202M,982091101535034,1908,2023-07-01 07:10:09,765,0,118000,762
735028,LL23029207M,984000005032083,1908,2023-07-01 07:23:30,116,0,101000,32
735028,LL23029207M,984000005032083,1908,2023-07-01 07:28:06,607,0,100000,510
734692,LL23050302M,982091101534692,1908,2023-07-01 07:38:25,62,0,92000,7
737148,LL23051105M,982091101537148,1908,2023-07-01 07:40:36,14,0,,1
735028,LL23029207M,984000005032083,1908,2023-07-01 07:42:54,87,0,99500,19
734709,LL23048502M,982091101534709,1908,2023-07-01 07:45:02,7,0,,1
735083,LL23029205M,982091101535083,1908,2023-07-01 07:50:24,34,0,,1
729889,LL23037601M,982091101529889,1908,2023-07-01 07:51:14,283,0,117500,58
732923,LL23042101M,982091101532923,1908,2023-07-01 07:56:58,68,0,93500,17
729902,LL23035307M,982091101529902,1908,2023-07-01 08:00:08,86,0,95250,5
732923,LL23042101M,982091101532923,1908,2023-07-01 08:03:17,53,0,,2
734751,LL23052303M,982091101534751,1908,2023-07-01 08:09:55,39,0,,1
734709,LL23048502M,982091101534709,1908,2023-07-01 08:11:46,52,0,,2
735028,LL23029207M,984000005032083,1908,2023-07-01 08:52:54,21,0,,1
737097,LL23037303M,982091101537097,1908,2023-07-01 09:02:14,36,0,,1
737148,LL23051105M,982091101537148,1908,2023-07-01 09:08:38,92,0,97500,2
735028,LL23029207M,984000005032083,1908,2023-07-01 09:22:52,48,0,,1
735028,LL23029207M,984000005032083,1908,2023-07-01 10:17:42,38,0,,1
735028,LL23029207M,984000005032083,1908,2023-07-01 10:29:30,85,0,102000,1
735028,LL23029207M,984000005032083,1908,2023-07-01 11:30:08,171,0,101000,3
732923,LL23042101M,982091101532923,1908,2023-07-01 11:53:25,819,0,95000,858
729897,LL23038102M,982091101529897,1908,2023-07-01 12:07:20,565,0,98000,518
732909,LL23042102M,982091101532909,1908,2023-07-01 12:17:29,1450,0,104500,1355
735028,LL23029207M,984000005032083,1908,2023-07-01 12:41:39,1081,0,100500,1375
735028,LL23029207M,984000005032083,1908,2023-07-01 13:01:44,61,0,101500,9
735034,LL23026202M,982091101535034,1908,2023-07-01 13:03:41,1270,0,116500,2031
734692,LL23050302M,982091101534692,1908,2023-07-01 13:24:55,670,0,91500,402
729889,LL23037601M,982091101529889,1908,2023-07-01 13:36:13,1035,0,117000,917
729889,LL23037601M,982091101529889,1908,2023-07-01 13:55:32,242,0,116000,245
734692,LL23050302M,982091101534692,1908,2023-07-01 13:59:50,416,0,92500,222
735083,LL23029205M,982091101535083,1908,2023-07-01 14:07:47,231,0,95500,70
735083,LL23029205M,982091101535083,1908,2023-07-01 14:14:31,524,0,96000,383
732923,LL23042101M,982091101532923,1908,2023-07-01 14:28:38,99,0,95500,89
737097,LL23037303M,982091101537097,1908,2023-07-01 14:36:37,410,0,100000,507
735028,LL23029207M,984000005032083,1908,2023-07-01 14:43:56,104,0,103000,36
737097,LL23037303M,982091101537097,1908,2023-07-01 14:45:44,16,0,,1
735028,LL23029207M,984000005032083,1908,2023-07-01 14:46:16,42,0,,2
735083,LL23029205M,982091101535083,1908,2023-07-01 14:49:02,34,0,,5
735083,LL23029205M,982091101535083,1908,2023-07-01 14:51:37,435,0,95000,335
729897,LL23038102M,982091101529897,1908,2023-07-01 15:22:15,51,0,,26
734731,LL23052101M,982091101534731,1908,2023-07-01 15:34:56,510,0,102500,534
737148,LL23051105M,982091101537148,1908,2023-07-01 15:43:42,684,0,98000,1081
729897,LL23038102M,982091101529897,1908,2023-07-01 15:55:22,192,0,98000,195
734731,LL23052101M,982091101534731,1908,2023-07-01 15:58:34,382,0,101500,465
732966,LL23041902M,982091101532966,1908,2023-07-01 16:05:00,479,0,113000,491
729902,LL23035307M,982091101529902,1908,2023-07-01 16:13:15,147,0,96000,130
737097,LL23037303M,982091101537097,1908,2023-07-01 16:16:30,500,0,101500,779
734692,LL23050302M,982091101534692,1908,2023-07-01 16:25:06,55,0,,5
732966,LL23041902M,982091101532966,1908,2023-07-01 16:26:37,66,0,112500,70
734731,LL23052101M,982091101534731,1908,2023-07-01 16:28:11,53,0,,53
