animal_id,record_date,device_type,start_time,end_time,duration_sec,feed_g,daily_feed_g,weight_g,location,age_day,measurement_day
982091101529889,2023-04-26,NEDAP,2023-04-26T01:57:00Z,2023-04-26T02:17:23Z,1223,522,2233,44500,1908,,66
982091101529889,2023-04-26,NEDAP,2023-04-26T05:04:00Z,2023-04-26T05:16:34Z,754,396,2233,45000,1908,,66
982091101529889,2023-04-26,NEDAP,2023-04-26T05:19:00Z,2023-04-26T05:23:19Z,259,148,2233,45500,1908,,66
982091101529889,2023-04-26,NEDAP,2023-04-26T15:31:00Z,2023-04-26T15:48:37Z,1057,647,2233,44000,1908,,66
982091101529889,2023-04-26,NEDAP,2023-04-26T21:13:00Z,2023-04-26T21:31:38Z,1118,519,2233,45500,1908,,66
982091101529889,2023-04-27,NEDAP,2023-04-27T01:07:00Z,2023-04-27T01:17:36Z,636,402,2533,46000,1908,,66
982091101529889,2023-04-27,NEDAP,2023-04-27T02:49:00Z,2023-04-27T02:53:08Z,248,110,2533,46500,1908,,66
982091101529889,2023-04-27,NEDAP,2023-04-27T04:45:00Z,2023-04-27T04:55:21Z,621,175,2533,46000,1908,,66
982091101529889,2023-04-27,NEDAP,2023-04-27T05:49:00Z,2023-04-27T06:01:13Z,733,379,2533,46500,1908,,66
982091101529889,2023-04-27,NEDAP,2023-04-27T11:12:00Z,2023-04-27T11:29:35Z,1055,740,2533,47000,1908,,66
982091101529889,2023-04-27,NEDAP,2023-04-27T19:27:00Z,2023-04-27T19:34:45Z,465,154,2533,46500,1908,,66
982091101529889,2023-04-27,NEDAP,2023-04-27T21:44:00Z,2023-04-27T22:07:59Z,1439,573,2533,47000,1908,,66
982091101529889,2023-04-28,NEDAP,2023-04-28T02:16:00Z,2023-04-28T02:19:31Z,211,98,2464,47500,1908,,66
982091101529889,2023-04-28,NEDAP,2023-04-28T03:27:00Z,2023-04-28T03:43:08Z,968,609,2464,47500,1908,,66
982091101529889,2023-04-28,NEDAP,2023-04-28T06:23:00Z,2023-04-28T06:30:09Z,429,270,2464,48000,1908,,66
982091101529889,2023-04-28,NEDAP,2023-04-28T10:26:00Z,2023-04-28T10:43:08Z,1028,770,2464,48000,1908,,66
982091101529889,2023-04-28,NEDAP,2023-04-28T20:15:00Z,2023-04-28T20:26:48Z,708,341,2464,48000,1908,,66
982091101529889,2023-04-28,NEDAP,2023-04-28T21:32:00Z,2023-04-28T21:44:09Z,729,376,2464,47500,1908,,66
982091101529889,2023-04-29,NEDAP,2023-04-29T01:33:00Z,2023-04-29T01:44:44Z,704,370,2511,48500,1908,,66
982091101529889,2023-04-29,NEDAP,2023-04-29T03:47:00Z,2023-04-29T03:53:00Z,360,189,2511,48500,1908,,66
982091101529889,2023-04-29,NEDAP,2023-04-29T05:21:00Z,2023-04-29T05:29:41Z,521,236,2511,49000,1908,,66
982091101529889,2023-04-29,NEDAP,2023-04-29T05:32:00Z,2023-04-29T05:36:14Z,254,126,2511,49000,1908,,66
982091101529889,2023-04-29,NEDAP,2023-04-29T06:25:00Z,2023-04-29T06:33:54Z,534,301,2511,49500,1908,,66
982091101529889,2023-04-29,NEDAP,2023-04-29T12:24:00Z,2023-04-29T12:37:37Z,817,524,2511,49500,1908,,66
982091101529889,2023-04-29,NEDAP,2023-04-29T20:59:00Z,2023-04-29T21:23:06Z,1446,765,2511,48500,1908,,66
982091101529889,2023-04-30,NEDAP,2023-04-30T01:19:00Z,2023-04-30T01:27:00Z,480,254,2233,49500,1908,,66
982091101529889,2023-04-30,NEDAP,2023-04-30T05:07:00Z,2023-04-30T05:29:17Z,1337,704,2233,49500,1908,,66
982091101529889,2023-04-30,NEDAP,2023-04-30T06:10:00Z,2023-04-30T06:10:21Z,21,1,2233,,1908,,66
982091101529889,2023-04-30,NEDAP,2023-04-30T09:56:00Z,2023-04-30T10:15:14Z,1154,756,2233,50000,1908,,66
982091101529889,2023-04-30,NEDAP,2023-04-30T16:51:00Z,2023-04-30T17:03:44Z,764,518,2233,50500,1908,,66
982091101529889,2023-05-01,NEDAP,2023-05-01T00:09:00Z,2023-05-01T00:24:28Z,928,472,2091,51000,1908,,66
982091101529889,2023-05-01,NEDAP,2023-05-01T02:53:00Z,2023-05-01T02:58:59Z,359,165,2091,50500,1908,,66
982091101529889,2023-05-01,NEDAP,2023-05-01T04:43:00Z,2023-05-01T04:51:09Z,489,256,2091,50500,1908,,66
982091101529889,2023-05-01,NEDAP,2023-05-01T04:55:00Z,2023-05-01T05:00:32Z,332,163,2091,50500,1908,,66
982091101529889,2023-05-01,NEDAP,2023-05-01T07:26:00Z,2023-05-01T07:39:50Z,830,364,2091,51500,1908,,66
982091101529889,2023-05-01,NEDAP,2023-05-01T22:15:00Z,2023-05-01T22:35:51Z,1251,671,2091,49500,1908,,66
982091101529889,2023-05-02,NEDAP,2023-05-02T03:03:00Z,2023-05-02T03:11:53Z,533,342,1431,50000,1908,,66
982091101529889,2023-05-02,NEDAP,2023-05-02T03:14:00Z,2023-05-02T03:19:37Z,337,116,1431,50000,1908,,66
982091101529889,2023-05-02,NEDAP,2023-05-02T05:56:00Z,2023-05-02T06:03:10Z,430,173,1431,51000,1908,,66
982091101529889,2023-05-02,NEDAP,2023-05-02T09:40:00Z,2023-05-02T10:01:55Z,1315,800,1431,50500,1908,,66
982091101529889,2023-05-03,NEDAP,2023-05-03T00:49:00Z,2023-05-03T01:14:43Z,1543,767,2765,50500,1908,,66
982091101529889,2023-05-03,NEDAP,2023-05-03T03:58:00Z,2023-05-03T04:05:51Z,471,241,2765,51500,1908,,66
982091101529889,2023-05-03,NEDAP,2023-05-03T06:15:00Z,2023-05-03T06:23:07Z,487,118,2765,52000,1908,,66
982091101529889,2023-05-03,NEDAP,2023-05-03T07:28:00Z,2023-05-03T07:35:35Z,455,181,2765,52000,1908,,66
982091101529889,2023-05-03,NEDAP,2023-05-03T07:38:00Z,2023-05-03T07:45:15Z,435,219,2765,52000,1908,,66
982091101529889,2023-05-03,NEDAP,2023-05-03T09:09:00Z,2023-05-03T09:09:16Z,16,1,2765,,1908,,66
982091101529889,2023-05-03,NEDAP,2023-05-03T10:44:00Z,2023-05-03T10:56:06Z,726,542,2765,52500,1908,,66
982091101529889,2023-05-03,NEDAP,2023-05-03T20:36:00Z,2023-05-03T20:55:12Z,1152,696,2765,52500,1908,,66
982091101529889,2023-05-04,NEDAP,2023-05-04T01:32:00Z,2023-05-04T01:38:25Z,385,166,1709,53000,1908,,66
982091101529889,2023-05-04,NEDAP,2023-05-04T05:10:00Z,2023-05-04T05:29:43Z,1183,532,1709,52500,1908,,66
982091101529889,2023-05-04,NEDAP,2023-05-04T08:25:00Z,2023-05-04T08:26:14Z,74,54,1709,53000,1908,,66
982091101529889,2023-05-04,NEDAP,2023-05-04T09:03:00Z,2023-05-04T09:10:06Z,426,191,1709,53000,1908,,66
982091101529889,2023-05-04,NEDAP,2023-05-04T11:15:00Z,2023-05-04T11:31:21Z,981,766,1709,53500,1908,,66
982091101529889,2023-05-05,NEDAP,2023-05-05T00:40:00Z,2023-05-05T01:00:18Z,1218,576,2349,52500,1908,,66
982091101529889,2023-05-05,NEDAP,2023-05-05T04:55:00Z,2023-05-05T05:00:49Z,349,160,2349,53000,1908,,66
982091101529889,2023-05-05,NEDAP,2023-05-05T05:02:00Z,2023-05-05T05:09:06Z,426,178,2349,53000,1908,,66
982091101529889,2023-05-05,NEDAP,2023-05-05T06:31:00Z,2023-05-05T06:36:02Z,302,135,2349,53500,1908,,66
982091101529889,2023-05-05,NEDAP,2023-05-05T11:11:00Z,2023-05-05T11:32:07Z,1267,921,2349,53000,1908,,66
982091101529889,2023-05-05,NEDAP,2023-05-05T16:17:00Z,2023-05-05T16:25:06Z,486,379,2349,54000,1908,,66
982091101529889,2023-05-06,NEDAP,2023-05-06T00:09:00Z,2023-05-06T00:24:57Z,957,550,2474,55000,1908,,66
982091101529889,2023-05-06,NEDAP,2023-05-06T04:16:00Z,2023-05-06T04:24:56Z,536,347,2474,55000,1908,,66
982091101529889,2023-05-06,NEDAP,2023-05-06T04:46:00Z,2023-05-06T04:48:43Z,163,27,2474,54500,1908,,66
982091101529889,2023-05-06,NEDAP,2023-05-06T05:50:00Z,2023-05-06T05:56:57Z,417,215,2474,54500,1908,,66
982091101529889,2023-05-06,NEDAP,2023-05-06T07:46:00Z,2023-05-06T07:53:16Z,436,242,2474,55000,1908,,66
982091101529889,2023-05-06,NEDAP,2023-05-06T09:08:00Z,2023-05-06T09:12:48Z,288,,2474,55500,1908,,66
982091101529889,2023-05-06,NEDAP,2023-05-06T09:57:00Z,2023-05-06T10:06:06Z,546,368,2474,55500,1908,,66
982091101529889,2023-05-06,NEDAP,2023-05-06T10:08:00Z,2023-05-06T10:10:25Z,145,5,2474,56000,1908,,66
982091101529889,2023-05-06,NEDAP,2023-05-06T13:53:00Z,2023-05-06T14:08:26Z,926,711,2474,55000,1908,,66
982091101529889,2023-05-07,NEDAP,2023-05-07T01:15:00Z,2023-05-07T01:30:19Z,919,433,2340,55000,1908,,66
982091101529889,2023-05-07,NEDAP,2023-05-07T03:48:00Z,2023-05-07T04:02:44Z,884,523,2340,55000,1908,,66
982091101529889,2023-05-07,NEDAP,2023-05-07T05:43:00Z,2023-05-07T05:47:27Z,267,48,2340,55500,1908,,66
982091101529889,2023-05-07,NEDAP,2023-05-07T08:05:00Z,2023-05-07T08:18:05Z,785,372,2340,55500,1908,,66
982091101529889,2023-05-07,NEDAP,2023-05-07T12:16:00Z,2023-05-07T12:37:49Z,1309,964,2340,56500,1908,,66
982091101529889,2023-05-08,NEDAP,2023-05-08T02:58:00Z,2023-05-08T03:18:59Z,1259,523,2537,57000,1908,,66
982091101529889,2023-05-08,NEDAP,2023-05-08T05:46:00Z,2023-05-08T06:03:43Z,1063,499,2537,56000,1908,,66
982091101529889,2023-05-08,NEDAP,2023-05-08T10:42:00Z,2023-05-08T10:58:58Z,1018,701,2537,57500,1908,,66
982091101529889,2023-05-08,NEDAP,2023-05-08T11:33:00Z,2023-05-08T11:33:26Z,26,1,2537,,1908,,66
982091101529889,2023-05-08,NEDAP,2023-05-08T15:15:00Z,2023-05-08T15:18:45Z,225,85,2537,58000,1908,,66
982091101529889,2023-05-08,NEDAP,2023-05-08T17:54:00Z,2023-05-08T17:56:34Z,154,75,2537,,1908,,66
982091101529889,2023-05-08,NEDAP,2023-05-08T21:06:00Z,2023-05-08T21:24:07Z,1087,652,2537,57000,1908,,66
982091101529889,2023-05-09,NEDAP,2023-05-09T00:37:00Z,2023-05-09T00:41:55Z,295,167,2230,57000,1908,,66
982091101529889,2023-05-09,NEDAP,2023-05-09T06:12:00Z,2023-05-09T06:32:05Z,1205,735,2230,57000,1908,,66
982091101529889,2023-05-09,NEDAP,2023-05-09T06:53:00Z,2023-05-09T06:57:11Z,251,42,2230,57000,1908,,66
982091101529889,2023-05-09,NEDAP,2023-05-09T12:03:00Z,2023-05-09T12:21:23Z,1103,829,2230,58000,1908,,66
982091101529889,2023-05-09,NEDAP,2023-05-09T16:08:00Z,2023-05-09T16:22:11Z,851,457,2230,59000,1908,,66
982091101529889,2023-05-10,NEDAP,2023-05-10T03:04:00Z,2023-05-10T03:15:15Z,675,325,2750,59000,1908,,66
982091101529889,2023-05-10,NEDAP,2023-05-10T04:41:00Z,2023-05-10T04:55:01Z,841,400,2750,58000,1908,,66
982091101529889,2023-05-10,NEDAP,2023-05-10T08:07:00Z,2023-05-10T08:18:26Z,686,344,2750,58500,1908,,66
982091101529889,2023-05-10,NEDAP,2023-05-10T08:50:00Z,2023-05-10T08:52:07Z,127,101,2750,59000,1908,,66
982091101529889,2023-05-10,NEDAP,2023-05-10T10:38:00Z,2023-05-10T10:49:56Z,716,398,2750,59500,1908,,66
982091101529889,2023-05-10,NEDAP,2023-05-10T12:34:00Z,2023-05-10T12:43:28Z,568,402,2750,60000,1908,,66
982091101529889,2023-05-10,NEDAP,2023-05-10T13:51:00Z,2023-05-10T13:54:30Z,210,52,2750,59500,1908,,66
982091101529889,2023-05-10,NEDAP,2023-05-10T16:25:00Z,2023-05-10T16:35:19Z,619,329,2750,60500,1908,,66
982091101529889,2023-05-10,NEDAP,2023-05-10T18:32:00Z,2023-05-10T18:41:13Z,553,399,2750,60000,1908,,66
982091101529889,2023-05-11,NEDAP,2023-05-11T02:53:00Z,2023-05-11T03:06:25Z,805,493,2566,61000,1908,,66
982091101529889,2023-05-11,NEDAP,2023-05-11T05:21:00Z,2023-05-11T05:27:58Z,418,243,2566,61000,1908,,66
982091101529889,2023-05-11,NEDAP,2023-05-11T09:16:00Z,2023-05-11T09:30:39Z,879,526,2566,60500,1908,,66
982091101529889,2023-05-11,NEDAP,2023-05-11T12:03:00Z,2023-05-11T12:10:18Z,438,261,2566,60500,1908,,66
982091101529889,2023-05-11,NEDAP,2023-05-11T12:20:00Z,2023-05-11T12:22:19Z,139,96,2566,61500,1908,,66
982091101529889,2023-05-11,NEDAP,2023-05-11T14:16:00Z,2023-05-11T14:22:55Z,415,169,2566,61000,1908,,66
982091101529889,2023-05-11,NEDAP,2023-05-11T16:32:00Z,2023-05-11T16:47:15Z,915,554,2566,60500,1908,,66
982091101529889,2023-05-11,NEDAP,2023-05-11T18:35:00Z,2023-05-11T18:40:48Z,348,224,2566,61000,1908,,66
982091101529889,2023-05-12,NEDAP,2023-05-12T04:33:00Z,2023-05-12T04:48:59Z,959,528,2620,61500,1908,,66
982091101529889,2023-05-12,NEDAP,2023-05-12T07:26:00Z,2023-05-12T07:37:23Z,683,360,2620,61500,1908,,66
982091101529889,2023-05-12,NEDAP,2023-05-12T11:21:00Z,2023-05-12T11:28:49Z,469,382,2620,61500,1908,,66
982091101529889,2023-05-12,NEDAP,2023-05-12T11:53:00Z,2023-05-12T12:03:14Z,614,387,2620,61500,1908,,66
982091101529889,2023-05-12,NEDAP,2023-05-12T14:34:00Z,2023-05-12T14:43:06Z,546,340,2620,62500,1908,,66
982091101529889,2023-05-12,NEDAP,2023-05-12T15:14:00Z,2023-05-12T15:14:36Z,36,2,2620,,1908,,66
982091101529889,2023-05-12,NEDAP,2023-05-12T15:23:00Z,2023-05-12T15:23:09Z,9,1,2620,,1908,,66
982091101529889,2023-05-12,NEDAP,2023-05-12T17:01:00Z,2023-05-12T17:07:47Z,407,142,2620,63000,1908,,66
982091101529889,2023-05-12,NEDAP,2023-05-12T21:07:00Z,2023-05-12T21:20:34Z,814,478,2620,62500,1908,,66
982091101529889,2023-05-13,NEDAP,2023-05-13T02:41:00Z,2023-05-13T02:51:53Z,653,329,3404,61500,1908,,66
982091101529889,2023-05-13,NEDAP,2023-05-13T06:12:00Z,2023-05-13T06:14:57Z,177,45,3404,62500,1908,,66
982091101529889,2023-05-13,NEDAP,2023-05-13T06:40:00Z,2023-05-13T06:44:32Z,272,44,3404,61000,1908,,66
982091101529889,2023-05-13,NEDAP,2023-05-13T07:40:00Z,2023-05-13T07:43:29Z,209,73,3404,61500,1908,,66
982091101529889,2023-05-13,NEDAP,2023-05-13T07:45:00Z,2023-05-13T07:46:50Z,110,20,3404,61500,1908,,66
982091101529889,2023-05-13,NEDAP,2023-05-13T08:09:00Z,2023-05-13T08:12:28Z,208,20,3404,61500,1908,,66
982091101529889,2023-05-13,NEDAP,2023-05-13T08:15:00Z,2023-05-13T08:24:02Z,542,366,3404,62000,1908,,66
982091101529889,2023-05-13,NEDAP,2023-05-13T12:00:00Z,2023-05-13T12:19:31Z,1171,944,3404,62000,1908,,66
982091101529889,2023-05-13,NEDAP,2023-05-13T15:06:00Z,2023-05-13T15:12:09Z,369,112,3404,62000,1908,,66
982091101529889,2023-05-13,NEDAP,2023-05-13T16:04:00Z,2023-05-13T16:05:26Z,86,8,3404,63000,1908,,66
982091101529889,2023-05-13,NEDAP,2023-05-13T16:23:00Z,2023-05-13T16:32:00Z,540,349,3404,63500,1908,,66
982091101529889,2023-05-13,NEDAP,2023-05-13T19:39:00Z,2023-05-13T19:48:07Z,547,288,3404,63500,1908,,66
982091101529889,2023-05-13,NEDAP,2023-05-13T23:09:00Z,2023-05-13T23:24:59Z,959,806,3404,64000,1908,,66
982091101529889,2023-05-14,NEDAP,2023-05-14T07:53:00Z,2023-05-14T08:02:03Z,543,332,1960,63500,1908,,66
982091101529889,2023-05-14,NEDAP,2023-05-14T08:59:00Z,2023-05-14T09:07:07Z,487,343,1960,63000,1908,,66
982091101529889,2023-05-14,NEDAP,2023-05-14T14:03:00Z,2023-05-14T14:15:09Z,729,479,1960,63000,1908,,66
982091101529889,2023-05-14,NEDAP,2023-05-14T14:32:00Z,2023-05-14T14:36:18Z,258,152,1960,63000,1908,,66
982091101529889,2023-05-14,NEDAP,2023-05-14T16:04:00Z,2023-05-14T16:07:06Z,186,136,1960,63000,1908,,66
982091101529889,2023-05-14,NEDAP,2023-05-14T16:42:00Z,2023-05-14T16:54:55Z,775,338,1960,64000,1908,,66
982091101529889,2023-05-14,NEDAP,2023-05-14T21:11:00Z,2023-05-14T21:11:32Z,32,12,1960,,1908,,66
982091101529889,2023-05-14,NEDAP,2023-05-14T23:21:00Z,2023-05-14T23:28:39Z,459,168,1960,64000,1908,,66
982091101529889,2023-05-15,NEDAP,2023-05-15T05:29:00Z,2023-05-15T05:46:18Z,1038,494,3080,62000,1908,,66
982091101529889,2023-05-15,NEDAP,2023-05-15T07:28:00Z,2023-05-15T07:35:52Z,472,313,3080,63000,1908,,66
982091101529889,2023-05-15,NEDAP,2023-05-15T09:28:00Z,2023-05-15T09:36:42Z,522,325,3080,63000,1908,,66
982091101529889,2023-05-15,NEDAP,2023-05-15T13:30:00Z,2023-05-15T13:44:17Z,857,444,3080,63500,1908,,66
982091101529889,2023-05-15,NEDAP,2023-05-15T16:08:00Z,2023-05-15T16:08:35Z,35,4,3080,,1908,,66
982091101529889,2023-05-15,NEDAP,2023-05-15T17:00:00Z,2023-05-15T17:05:10Z,310,120,3080,63500,1908,,66
982091101529889,2023-05-15,NEDAP,2023-05-15T17:06:00Z,2023-05-15T17:13:15Z,435,348,3080,64000,1908,,66
982091101529889,2023-05-15,NEDAP,2023-05-15T20:09:00Z,2023-05-15T20:18:09Z,549,305,3080,64000,1908,,66
982091101529889,2023-05-15,NEDAP,2023-05-15T20:20:00Z,2023-05-15T20:26:03Z,363,280,3080,64500,1908,,66
982091101529889,2023-05-15,NEDAP,2023-05-15T22:54:00Z,2023-05-15T23:04:09Z,609,447,3080,65000,1908,,66
982091101529889,2023-05-16,NEDAP,2023-05-16T08:11:00Z,2023-05-16T08:31:30Z,1230,845,2766,65000,1908,,66
982091101529889,2023-05-16,NEDAP,2023-05-16T09:20:00Z,2023-05-16T09:21:52Z,112,53,2766,65500,1908,,66
982091101529889,2023-05-16,NEDAP,2023-05-16T12:49:00Z,2023-05-16T12:53:55Z,295,147,2766,65500,1908,,66
982091101529889,2023-05-16,NEDAP,2023-05-16T13:21:00Z,2023-05-16T13:25:49Z,289,198,2766,66000,1908,,66
982091101529889,2023-05-16,NEDAP,2023-05-16T15:31:00Z,2023-05-16T15:36:17Z,317,254,2766,65500,1908,,66
982091101529889,2023-05-16,NEDAP,2023-05-16T16:50:00Z,2023-05-16T16:51:30Z,90,68,2766,66500,1908,,66
982091101529889,2023-05-16,NEDAP,2023-05-16T17:04:00Z,2023-05-16T17:10:41Z,401,202,2766,67000,1908,,66
982091101529889,2023-05-16,NEDAP,2023-05-16T19:14:00Z,2023-05-16T19:19:25Z,325,189,2766,66500,1908,,66
982091101529889,2023-05-16,NEDAP,2023-05-16T20:49:00Z,2023-05-16T21:00:44Z,704,511,2766,67000,1908,,66
982091101529889,2023-05-16,NEDAP,2023-05-16T23:50:00Z,2023-05-16T23:58:23Z,503,299,2766,67000,1908,,66
982091101529889,2023-05-17,NEDAP,2023-05-17T07:47:00Z,2023-05-17T08:05:20Z,1100,840,2947,66500,1908,,66
982091101529889,2023-05-17,NEDAP,2023-05-17T12:09:00Z,2023-05-17T12:19:38Z,638,444,2947,67500,1908,,66
982091101529889,2023-05-17,NEDAP,2023-05-17T13:25:00Z,2023-05-17T13:30:14Z,314,115,2947,67000,1908,,66
982091101529889,2023-05-17,NEDAP,2023-05-17T17:48:00Z,2023-05-17T17:57:31Z,571,325,2947,67000,1908,,66
982091101529889,2023-05-17,NEDAP,2023-05-17T18:57:00Z,2023-05-17T19:12:41Z,941,828,2947,68000,1908,,66
982091101529889,2023-05-17,NEDAP,2023-05-17T23:23:00Z,2023-05-17T23:30:31Z,451,395,2947,69500,1908,,66
982091101529889,2023-05-18,NEDAP,2023-05-18T08:26:00Z,2023-05-18T08:42:45Z,1005,624,2270,67500,1908,,66
982091101529889,2023-05-18,NEDAP,2023-05-18T09:54:00Z,2023-05-18T09:58:20Z,260,205,2270,67000,1908,,66
982091101529889,2023-05-18,NEDAP,2023-05-18T13:03:00Z,2023-05-18T13:03:21Z,21,1,2270,,1908,,66
982091101529889,2023-05-18,NEDAP,2023-05-18T13:27:00Z,2023-05-18T13:31:44Z,284,81,2270,68000,1908,,66
982091101529889,2023-05-18,NEDAP,2023-05-18T14:18:00Z,2023-05-18T14:26:45Z,525,302,2270,68500,1908,,66
982091101529889,2023-05-18,NEDAP,2023-05-18T15:29:00Z,2023-05-18T15:31:43Z,163,114,2270,69000,1908,,66
982091101529889,2023-05-18,NEDAP,2023-05-18T15:33:00Z,2023-05-18T15:34:37Z,97,76,2270,69000,1908,,66
982091101529889,2023-05-18,NEDAP,2023-05-18T16:14:00Z,2023-05-18T16:15:04Z,64,38,2270,68500,1908,,66
982091101529889,2023-05-18,NEDAP,2023-05-18T17:18:00Z,2023-05-18T17:21:37Z,217,86,2270,68500,1908,,66
982091101529889,2023-05-18,NEDAP,2023-05-18T21:14:00Z,2023-05-18T21:20:03Z,363,231,2270,68500,1908,,66
982091101529889,2023-05-18,NEDAP,2023-05-18T23:45:00Z,2023-05-18T23:50:29Z,329,224,2270,68500,1908,,66
982091101529889,2023-05-18,NEDAP,2023-05-18T23:53:00Z,2023-05-19T00:00:13Z,433,288,2270,68000,1908,,66
982091101529889,2023-05-19,NEDAP,2023-05-19T08:45:00Z,2023-05-19T09:07:01Z,1321,890,2729,67500,1908,,66
982091101529889,2023-05-19,NEDAP,2023-05-19T12:09:00Z,2023-05-19T12:15:11Z,371,161,2729,69000,1908,,66
982091101529889,2023-05-19,NEDAP,2023-05-19T13:00:00Z,2023-05-19T13:04:20Z,260,201,2729,69500,1908,,66
982091101529889,2023-05-19,NEDAP,2023-05-19T16:49:00Z,2023-05-19T16:56:33Z,453,235,2729,68500,1908,,66
982091101529889,2023-05-19,NEDAP,2023-05-19T19:41:00Z,2023-05-19T19:57:12Z,972,993,2729,69500,1908,,66
982091101529889,2023-05-19,NEDAP,2023-05-19T20:25:00Z,2023-05-19T20:27:23Z,143,31,2729,69500,1908,,66
982091101529889,2023-05-19,NEDAP,2023-05-19T22:26:00Z,2023-05-19T22:30:57Z,297,218,2729,70500,1908,,66
982091101529889,2023-05-20,NEDAP,2023-05-20T00:55:00Z,2023-05-20T00:58:10Z,190,77,2928,71000,1908,,66
982091101529889,2023-05-20,NEDAP,2023-05-20T10:02:00Z,2023-05-20T10:21:47Z,1187,958,2928,69500,1908,,66
982091101529889,2023-05-20,NEDAP,2023-05-20T12:45:00Z,2023-05-20T12:51:31Z,391,247,2928,70000,1908,,66
982091101529889,2023-05-20,NEDAP,2023-05-20T13:51:00Z,2023-05-20T13:57:22Z,382,315,2928,71000,1908,,66
982091101529889,2023-05-20,NEDAP,2023-05-20T14:38:00Z,2023-05-20T14:40:33Z,153,40,2928,72000,1908,,66
982091101529889,2023-05-20,NEDAP,2023-05-20T19:16:00Z,2023-05-20T19:20:42Z,282,88,2928,70500,1908,,66
982091101529889,2023-05-20,NEDAP,2023-05-20T19:49:00Z,2023-05-20T19:57:05Z,485,374,2928,70500,1908,,66
982091101529889,2023-05-20,NEDAP,2023-05-20T21:45:00Z,2023-05-20T21:59:58Z,898,829,2928,71000,1908,,66
982091101529889,2023-05-21,NEDAP,2023-05-21T01:04:00Z,2023-05-21T01:06:34Z,154,110,2388,72500,1908,,66
982091101529889,2023-05-21,NEDAP,2023-05-21T11:06:00Z,2023-05-21T11:16:40Z,640,408,2388,71500,1908,,66
982091101529889,2023-05-21,NEDAP,2023-05-21T12:03:00Z,2023-05-21T12:10:05Z,425,374,2388,70500,1908,,66
982091101529889,2023-05-21,NEDAP,2023-05-21T14:17:00Z,2023-05-21T14:23:12Z,372,333,2388,71500,1908,,66
982091101529889,2023-05-21,NEDAP,2023-05-21T15:49:00Z,2023-05-21T15:56:38Z,458,414,2388,71000,1908,,66
982091101529889,2023-05-21,NEDAP,2023-05-21T17:13:00Z,2023-05-21T17:14:00Z,60,31,2388,,1908,,66
982091101529889,2023-05-21,NEDAP,2023-05-21T17:16:00Z,2023-05-21T17:17:53Z,113,87,2388,73000,1908,,66
982091101529889,2023-05-21,NEDAP,2023-05-21T20:23:00Z,2023-05-21T20:28:57Z,357,267,2388,72500,1908,,66
982091101529889,2023-05-21,NEDAP,2023-05-21T20:45:00Z,2023-05-21T20:46:25Z,85,66,2388,73000,1908,,66
982091101529889,2023-05-21,NEDAP,2023-05-21T21:11:00Z,2023-05-21T21:13:30Z,150,130,2388,73000,1908,,66
982091101529889,2023-05-21,NEDAP,2023-05-21T21:42:00Z,2023-05-21T21:42:54Z,54,10,2388,,1908,,66
982091101529889,2023-05-21,NEDAP,2023-05-21T22:13:00Z,2023-05-21T22:17:22Z,262,158,2388,73000,1908,,66
982091101529889,2023-05-22,NEDAP,2023-05-22T12:54:00Z,2023-05-22T13:17:11Z,1391,1113,2380,70000,1908,,66
982091101529889,2023-05-22,NEDAP,2023-05-22T15:40:00Z,2023-05-22T15:46:42Z,402,241,2380,72500,1908,,66
982091101529889,2023-05-22,NEDAP,2023-05-22T19:16:00Z,2023-05-22T19:22:37Z,397,242,2380,73000,1908,,66
982091101529889,2023-05-22,NEDAP,2023-05-22T20:05:00Z,2023-05-22T20:06:23Z,83,15,2380,73500,1908,,66
982091101529889,2023-05-22,NEDAP,2023-05-22T21:37:00Z,2023-05-22T21:53:11Z,971,769,2380,73500,1908,,66
982091101529889,2023-05-23,NEDAP,2023-05-23T02:00:00Z,2023-05-23T02:14:30Z,870,827,3442,74000,1908,,66
982091101529889,2023-05-23,NEDAP,2023-05-23T02:21:00Z,2023-05-23T02:22:46Z,106,54,3442,75000,1908,,66
982091101529889,2023-05-23,NEDAP,2023-05-23T12:20:00Z,2023-05-23T12:37:37Z,1057,694,3442,73500,1908,,66
982091101529889,2023-05-23,NEDAP,2023-05-23T14:18:00Z,2023-05-23T14:23:22Z,322,185,3442,75000,1908,,66
982091101529889,2023-05-23,NEDAP,2023-05-23T16:58:00Z,2023-05-23T17:07:20Z,560,448,3442,74000,1908,,66
982091101529889,2023-05-23,NEDAP,2023-05-23T20:01:00Z,2023-05-23T20:08:46Z,466,331,3442,75000,1908,,66
982091101529889,2023-05-23,NEDAP,2023-05-23T21:53:00Z,2023-05-23T22:04:35Z,695,587,3442,75000,1908,,66
982091101529889,2023-05-23,NEDAP,2023-05-23T23:03:00Z,2023-05-23T23:09:08Z,368,316,3442,75500,1908,,66
982091101529889,2023-05-24,NEDAP,2023-05-24T01:26:00Z,2023-05-24T01:26:42Z,42,41,2611,,1908,,66
982091101529889,2023-05-24,NEDAP,2023-05-24T01:30:00Z,2023-05-24T01:34:14Z,254,206,2611,76000,1908,,66
982091101529889,2023-05-24,NEDAP,2023-05-24T04:57:00Z,2023-05-24T04:58:06Z,66,18,2611,76500,1908,,66
982091101529889,2023-05-24,NEDAP,2023-05-24T12:11:00Z,2023-05-24T12:18:30Z,450,141,2611,74500,1908,,66
982091101529889,2023-05-24,NEDAP,2023-05-24T13:38:00Z,2023-05-24T13:42:04Z,244,158,2611,73000,1908,,66
982091101529889,2023-05-24,NEDAP,2023-05-24T13:44:00Z,2023-05-24T13:53:50Z,590,440,2611,73000,1908,,66
982091101529889,2023-05-24,NEDAP,2023-05-24T14:14:00Z,2023-05-24T14:19:44Z,344,246,2611,74500,1908,,66
982091101529889,2023-05-24,NEDAP,2023-05-24T19:24:00Z,2023-05-24T19:33:32Z,572,465,2611,75000,1908,,66
982091101529889,2023-05-24,NEDAP,2023-05-24T19:45:00Z,2023-05-24T19:51:57Z,417,336,2611,75500,1908,,66
982091101529889,2023-05-24,NEDAP,2023-05-24T20:38:00Z,2023-05-24T20:40:38Z,158,74,2611,76500,1908,,66
982091101529889,2023-05-24,NEDAP,2023-05-24T21:27:00Z,2023-05-24T21:37:05Z,605,486,2611,76500,1908,,66
982091101529889,2023-05-25,NEDAP,2023-05-25T03:53:00Z,2023-05-25T04:09:40Z,1000,782,2514,76000,1908,,66
982091101529889,2023-05-25,NEDAP,2023-05-25T13:40:00Z,2023-05-25T13:45:24Z,324,244,2514,75000,1908,,66
982091101529889,2023-05-25,NEDAP,2023-05-25T14:49:00Z,2023-05-25T14:59:04Z,604,569,2514,74000,1908,,66
982091101529889,2023-05-25,NEDAP,2023-05-25T16:57:00Z,2023-05-25T17:04:19Z,439,232,2514,75500,1908,,66
982091101529889,2023-05-25,NEDAP,2023-05-25T17:57:00Z,2023-05-25T17:58:19Z,79,41,2514,76000,1908,,66
982091101529889,2023-05-25,NEDAP,2023-05-25T19:53:00Z,2023-05-25T20:05:22Z,742,614,2514,76000,1908,,66
982091101529889,2023-05-25,NEDAP,2023-05-25T22:58:00Z,2023-05-25T22:58:53Z,53,32,2514,,1908,,66
982091101529889,2023-05-26,NEDAP,2023-05-26T00:29:00Z,2023-05-26T00:34:54Z,354,219,3098,76500,1908,,66
982091101529889,2023-05-26,NEDAP,2023-05-26T00:38:00Z,2023-05-26T00:44:43Z,403,340,3098,76500,1908,,66
982091101529889,2023-05-26,NEDAP,2023-05-26T04:40:00Z,2023-05-26T04:40:29Z,29,6,3098,,1908,,66
982091101529889,2023-05-26,NEDAP,2023-05-26T08:35:00Z,2023-05-26T08:55:03Z,1203,884,3098,76000,1908,,66
982091101529889,2023-05-26,NEDAP,2023-05-26T13:10:00Z,2023-05-26T13:10:57Z,57,9,3098,,1908,,66
982091101529889,2023-05-26,NEDAP,2023-05-26T13:29:00Z,2023-05-26T13:33:06Z,246,187,3098,76000,1908,,66
982091101529889,2023-05-26,NEDAP,2023-05-26T14:09:00Z,2023-05-26T14:12:49Z,229,108,3098,76500,1908,,66
982091101529889,2023-05-26,NEDAP,2023-05-26T16:20:00Z,2023-05-26T16:31:34Z,694,683,3098,76500,1908,,66
982091101529889,2023-05-26,NEDAP,2023-05-26T21:22:00Z,2023-05-26T21:31:53Z,593,524,3098,77000,1908,,66
982091101529889,2023-05-26,NEDAP,2023-05-26T21:43:00Z,2023-05-26T21:43:38Z,38,4,3098,,1908,,66
982091101529889,2023-05-26,NEDAP,2023-05-26T22:07:00Z,2023-05-26T22:08:43Z,103,,3098,78500,1908,,66
982091101529889,2023-05-26,NEDAP,2023-05-26T22:42:00Z,2023-05-26T22:46:01Z,241,132,3098,78500,1908,,66
982091101529889,2023-05-27,NEDAP,2023-05-27T00:26:00Z,2023-05-27T00:31:02Z,302,248,3067,79000,1908,,66
982091101529889,2023-05-27,NEDAP,2023-05-27T00:40:00Z,2023-05-27T00:43:49Z,229,230,3067,79000,1908,,66
982091101529889,2023-05-27,NEDAP,2023-05-27T04:07:00Z,2023-05-27T04:19:32Z,752,630,3067,80000,1908,,66
982091101529889,2023-05-27,NEDAP,2023-05-27T06:44:00Z,2023-05-27T06:44:44Z,44,18,3067,,1908,,66
982091101529889,2023-05-27,NEDAP,2023-05-27T13:52:00Z,2023-05-27T14:06:54Z,894,706,3067,78500,1908,,66
982091101529889,2023-05-27,NEDAP,2023-05-27T14:38:00Z,2023-05-27T14:39:21Z,81,25,3067,78500,1908,,66
982091101529889,2023-05-27,NEDAP,2023-05-27T14:52:00Z,2023-05-27T14:52:35Z,35,10,3067,,1908,,66
982091101529889,2023-05-27,NEDAP,2023-05-27T15:52:00Z,2023-05-27T15:52:42Z,42,30,3067,,1908,,66
982091101529889,2023-05-27,NEDAP,2023-05-27T17:43:00Z,2023-05-27T17:51:25Z,505,371,3067,78500,1908,,66
982091101529889,2023-05-27,NEDAP,2023-05-27T21:46:00Z,2023-05-27T21:55:35Z,575,486,3067,80000,1908,,66
982091101529889,2023-05-27,NEDAP,2023-05-27T23:02:00Z,2023-05-27T23:06:50Z,290,200,3067,80500,1908,,66
982091101529889,2023-05-27,NEDAP,2023-05-27T23:37:00Z,2023-05-27T23:43:41Z,401,113,3067,81000,1908,,66
982091101529889,2023-05-28,NEDAP,2023-05-28T00:06:00Z,2023-05-28T00:07:31Z,91,40,3189,80000,1908,,66
982091101529889,2023-05-28,NEDAP,2023-05-28T02:02:00Z,2023-05-28T02:13:50Z,710,452,3189,80500,1908,,66
982091101529889,2023-05-28,NEDAP,2023-05-28T07:27:00Z,2023-05-28T07:39:33Z,753,627,3189,79000,1908,,66
982091101529889,2023-05-28,NEDAP,2023-05-28T11:21:00Z,2023-05-28T11:23:36Z,156,136,3189,80000,1908,,66
982091101529889,2023-05-28,NEDAP,2023-05-28T15:48:00Z,2023-05-28T16:02:30Z,870,690,3189,79000,1908,,66
982091101529889,2023-05-28,NEDAP,2023-05-28T17:06:00Z,2023-05-28T17:08:40Z,160,78,3189,79000,1908,,66
982091101529889,2023-05-28,NEDAP,2023-05-28T18:52:00Z,2023-05-28T18:52:32Z,32,35,3189,,1908,,66
982091101529889,2023-05-28,NEDAP,2023-05-28T20:54:00Z,2023-05-28T21:01:04Z,424,304,3189,81000,1908,,66
982091101529889,2023-05-28,NEDAP,2023-05-28T23:41:00Z,2023-05-28T23:55:34Z,874,827,3189,81500,1908,,66
982091101529889,2023-05-29,NEDAP,2023-05-29T00:15:00Z,2023-05-29T00:15:18Z,18,12,2485,,1908,,66
982091101529889,2023-05-29,NEDAP,2023-05-29T02:58:00Z,2023-05-29T03:01:18Z,198,102,2485,82500,1908,,66
982091101529889,2023-05-29,NEDAP,2023-05-29T03:12:00Z,2023-05-29T03:13:23Z,83,89,2485,83000,1908,,66
982091101529889,2023-05-29,NEDAP,2023-05-29T03:40:00Z,2023-05-29T03:45:46Z,346,342,2485,83000,1908,,66
982091101529889,2023-05-29,NEDAP,2023-05-29T08:57:00Z,2023-05-29T09:06:32Z,572,489,2485,82000,1908,,66
982091101529889,2023-05-29,NEDAP,2023-05-29T16:03:00Z,2023-05-29T16:06:21Z,201,86,2485,81000,1908,,66
982091101529889,2023-05-29,NEDAP,2023-05-29T16:41:00Z,2023-05-29T16:52:29Z,689,641,2485,81500,1908,,66
982091101529889,2023-05-29,NEDAP,2023-05-29T18:10:00Z,2023-05-29T18:12:44Z,164,55,2485,82500,1908,,66
982091101529889,2023-05-29,NEDAP,2023-05-29T19:59:00Z,2023-05-29T20:09:34Z,634,525,2485,82000,1908,,66
982091101529889,2023-05-29,NEDAP,2023-05-29T21:18:00Z,2023-05-29T21:19:44Z,104,64,2485,82500,1908,,66
982091101529889,2023-05-29,NEDAP,2023-05-29T23:08:00Z,2023-05-29T23:11:23Z,203,64,2485,83500,1908,,66
982091101529889,2023-05-29,NEDAP,2023-05-29T23:42:00Z,2023-05-29T23:42:22Z,22,10,2485,,1908,,66
982091101529889,2023-05-29,NEDAP,2023-05-29T23:48:00Z,2023-05-29T23:49:03Z,63,6,2485,82250,1908,,66
982091101529889,2023-05-30,NEDAP,2023-05-30T00:47:00Z,2023-05-30T00:50:12Z,192,138,2622,83500,1908,,66
982091101529889,2023-05-30,NEDAP,2023-05-30T01:13:00Z,2023-05-30T01:13:19Z,19,12,2622,,1908,,66
982091101529889,2023-05-30,NEDAP,2023-05-30T02:45:00Z,2023-05-30T02:49:09Z,249,218,2622,84500,1908,,66
982091101529889,2023-05-30,NEDAP,2023-05-30T02:57:00Z,2023-05-30T02:59:30Z,150,130,2622,84000,1908,,66
982091101529889,2023-05-30,NEDAP,2023-05-30T03:01:00Z,2023-05-30T03:01:19Z,19,38,2622,,1908,,66
982091101529889,2023-05-30,NEDAP,2023-05-30T04:13:00Z,2023-05-30T04:15:49Z,169,53,2622,83500,1908,,66
982091101529889,2023-05-30,NEDAP,2023-05-30T04:18:00Z,2023-05-30T04:23:46Z,346,327,2622,83500,1908,,66
982091101529889,2023-05-30,NEDAP,2023-05-30T08:52:00Z,2023-05-30T08:53:24Z,84,46,2622,82500,1908,,66
982091101529889,2023-05-30,NEDAP,2023-05-30T10:40:00Z,2023-05-30T10:52:04Z,724,598,2622,82000,1908,,66
982091101529889,2023-05-30,NEDAP,2023-05-30T16:48:00Z,2023-05-30T16:55:18Z,438,177,2622,81000,1908,,66
982091101529889,2023-05-30,NEDAP,2023-05-30T17:26:00Z,2023-05-30T17:28:05Z,125,91,2622,80500,1908,,66
982091101529889,2023-05-30,NEDAP,2023-05-30T18:39:00Z,2023-05-30T18:40:25Z,85,56,2622,81000,1908,,66
982091101529889,2023-05-30,NEDAP,2023-05-30T20:28:00Z,2023-05-30T20:36:57Z,537,322,2622,82500,1908,,66
982091101529889,2023-05-30,NEDAP,2023-05-30T20:44:00Z,2023-05-30T20:52:38Z,518,416,2622,82500,1908,,66
982091101529889,2023-05-31,NEDAP,2023-05-31T01:09:00Z,2023-05-31T01:12:31Z,211,120,2602,83500,1908,,66
982091101529889,2023-05-31,NEDAP,2023-05-31T01:22:00Z,2023-05-31T01:24:10Z,130,38,2602,83000,1908,,66
982091101529889,2023-05-31,NEDAP,2023-05-31T02:05:00Z,2023-05-31T02:06:50Z,110,24,2602,82500,1908,,66
982091101529889,2023-05-31,NEDAP,2023-05-31T03:32:00Z,2023-05-31T03:47:30Z,930,464,2602,82500,1908,,66
982091101529889,2023-05-31,NEDAP,2023-05-31T06:43:00Z,2023-05-31T06:53:44Z,644,514,2602,82000,1908,,66
982091101529889,2023-05-31,NEDAP,2023-05-31T15:28:00Z,2023-05-31T15:33:56Z,356,228,2602,82000,1908,,66
982091101529889,2023-05-31,NEDAP,2023-05-31T16:44:00Z,2023-05-31T16:57:38Z,818,673,2602,81500,1908,,66
982091101529889,2023-05-31,NEDAP,2023-05-31T18:33:00Z,2023-05-31T18:34:31Z,91,68,2602,83000,1908,,66
982091101529889,2023-05-31,NEDAP,2023-05-31T21:45:00Z,2023-05-31T21:56:44Z,704,473,2602,84000,1908,,66
982091101529889,2023-06-01,NEDAP,2023-06-01T00:09:00Z,2023-06-01T00:12:23Z,203,134,2445,83500,1908,,66
982091101529889,2023-06-01,NEDAP,2023-06-01T01:31:00Z,2023-06-01T01:39:00Z,480,354,2445,84500,1908,,66
982091101529889,2023-06-01,NEDAP,2023-06-01T04:30:00Z,2023-06-01T04:45:36Z,936,820,2445,85500,1908,,66
982091101529889,2023-06-01,NEDAP,2023-06-01T05:30:00Z,2023-06-01T05:31:22Z,82,24,2445,85500,1908,,66
982091101529889,2023-06-01,NEDAP,2023-06-01T07:50:00Z,2023-06-01T07:50:09Z,9,5,2445,,1908,,66
982091101529889,2023-06-01,NEDAP,2023-06-01T08:23:00Z,2023-06-01T08:24:54Z,114,64,2445,85000,1908,,66
982091101529889,2023-06-01,NEDAP,2023-06-01T16:51:00Z,2023-06-01T16:54:23Z,203,152,2445,84500,1908,,66
982091101529889,2023-06-01,NEDAP,2023-06-01T19:11:00Z,2023-06-01T19:12:28Z,88,13,2445,84000,1908,,66
982091101529889,2023-06-01,NEDAP,2023-06-01T19:15:00Z,2023-06-01T19:20:31Z,331,213,2445,83000,1908,,66
982091101529889,2023-06-01,NEDAP,2023-06-01T23:53:00Z,2023-06-02T00:07:45Z,885,666,2445,84500,1908,,66
982091101529889,2023-06-02,NEDAP,2023-06-02T00:43:00Z,2023-06-02T00:43:19Z,19,14,2655,,1908,,66
982091101529889,2023-06-02,NEDAP,2023-06-02T02:20:00Z,2023-06-02T02:28:12Z,492,300,2655,85000,1908,,66
982091101529889,2023-06-02,NEDAP,2023-06-02T03:33:00Z,2023-06-02T03:34:01Z,61,51,2655,84750,1908,,66
982091101529889,2023-06-02,NEDAP,2023-06-02T03:56:00Z,2023-06-02T03:57:04Z,64,56,2655,85500,1908,,66
982091101529889,2023-06-02,NEDAP,2023-06-02T05:09:00Z,2023-06-02T05:12:16Z,196,96,2655,86500,1908,,66
982091101529889,2023-06-02,NEDAP,2023-06-02T05:22:00Z,2023-06-02T05:32:24Z,624,541,2655,86500,1908,,66
982091101529889,2023-06-02,NEDAP,2023-06-02T08:51:00Z,2023-06-02T08:51:11Z,11,13,2655,,1908,,66
982091101529889,2023-06-02,NEDAP,2023-06-02T09:54:00Z,2023-06-02T10:07:40Z,820,674,2655,86000,1908,,66
982091101529889,2023-06-02,NEDAP,2023-06-02T18:44:00Z,2023-06-02T18:54:13Z,613,413,2655,85500,1908,,66
982091101529889,2023-06-02,NEDAP,2023-06-02T21:25:00Z,2023-06-02T21:35:18Z,618,497,2655,85000,1908,,66
982091101529889,2023-06-03,NEDAP,2023-06-03T00:26:00Z,2023-06-03T00:35:33Z,573,459,2901,87000,1908,,66
982091101529889,2023-06-03,NEDAP,2023-06-03T00:55:00Z,2023-06-03T00:57:06Z,126,53,2901,86500,1908,,66
982091101529889,2023-06-03,NEDAP,2023-06-03T02:29:00Z,2023-06-03T02:31:42Z,162,80,2901,87000,1908,,66
982091101529889,2023-06-03,NEDAP,2023-06-03T04:01:00Z,2023-06-03T04:08:10Z,430,234,2901,87000,1908,,66
982091101529889,2023-06-03,NEDAP,2023-06-03T06:25:00Z,2023-06-03T06:31:08Z,368,111,2901,87500,1908,,66
982091101529889,2023-06-03,NEDAP,2023-06-03T07:49:00Z,2023-06-03T08:03:36Z,876,721,2901,87000,1908,,66
982091101529889,2023-06-03,NEDAP,2023-06-03T18:33:00Z,2023-06-03T18:45:06Z,726,446,2901,86500,1908,,66
982091101529889,2023-06-03,NEDAP,2023-06-03T22:53:00Z,2023-06-03T23:03:51Z,651,459,2901,86500,1908,,66
982091101529889,2023-06-03,NEDAP,2023-06-03T23:50:00Z,2023-06-03T23:57:05Z,425,337,2901,87000,1908,,66
982091101529889,2023-06-04,NEDAP,2023-06-04T02:28:00Z,2023-06-04T02:35:57Z,477,363,2091,87500,1908,,66
982091101529889,2023-06-04,NEDAP,2023-06-04T03:59:00Z,2023-06-04T04:01:09Z,129,38,2091,86500,1908,,66
982091101529889,2023-06-04,NEDAP,2023-06-04T04:03:00Z,2023-06-04T04:04:22Z,82,52,2091,86500,1908,,66
982091101529889,2023-06-04,NEDAP,2023-06-04T05:34:00Z,2023-06-04T05:37:14Z,194,118,2091,86500,1908,,66
982091101529889,2023-06-04,NEDAP,2023-06-04T06:51:00Z,2023-06-04T06:53:08Z,128,15,2091,86250,1908,,66
982091101529889,2023-06-04,NEDAP,2023-06-04T07:04:00Z,2023-06-04T07:05:08Z,68,7,2091,86500,1908,,66
982091101529889,2023-06-04,NEDAP,2023-06-04T09:28:00Z,2023-06-04T09:44:29Z,989,960,2091,88500,1908,,66
982091101529889,2023-06-04,NEDAP,2023-06-04T20:05:00Z,2023-06-04T20:20:21Z,921,426,2091,87000,1908,,66
982091101529889,2023-06-04,NEDAP,2023-06-04T21:04:00Z,2023-06-04T21:04:26Z,26,6,2091,,1908,,66
982091101529889,2023-06-04,NEDAP,2023-06-04T22:17:00Z,2023-06-04T22:19:27Z,147,106,2091,87000,1908,,66
982091101529889,2023-06-05,NEDAP,2023-06-05T00:52:00Z,2023-06-05T00:59:56Z,476,97,2363,87500,1908,,66
982091101529889,2023-06-05,NEDAP,2023-06-05T01:29:00Z,2023-06-05T01:33:09Z,249,48,2363,87000,1908,,66
982091101529889,2023-06-05,NEDAP,2023-06-05T01:42:00Z,2023-06-05T01:46:11Z,251,141,2363,87000,1908,,66
982091101529889,2023-06-05,NEDAP,2023-06-05T03:42:00Z,2023-06-05T03:51:15Z,555,363,2363,87500,1908,,66
982091101529889,2023-06-05,NEDAP,2023-06-05T04:02:00Z,2023-06-05T04:02:43Z,43,5,2363,,1908,,66
982091101529889,2023-06-05,NEDAP,2023-06-05T04:31:00Z,2023-06-05T04:33:05Z,125,36,2363,88000,1908,,66
982091101529889,2023-06-05,NEDAP,2023-06-05T04:50:00Z,2023-06-05T04:55:16Z,316,237,2363,87500,1908,,66
982091101529889,2023-06-05,NEDAP,2023-06-05T05:46:00Z,2023-06-05T05:47:13Z,73,5,2363,88000,1908,,66
982091101529889,2023-06-05,NEDAP,2023-06-05T07:13:00Z,2023-06-05T07:15:05Z,125,16,2363,88500,1908,,66
982091101529889,2023-06-05,NEDAP,2023-06-05T07:54:00Z,2023-06-05T07:57:49Z,229,86,2363,88000,1908,,66
982091101529889,2023-06-05,NEDAP,2023-06-05T09:17:00Z,2023-06-05T09:26:41Z,581,403,2363,88500,1908,,66
982091101529889,2023-06-05,NEDAP,2023-06-05T20:23:00Z,2023-06-05T20:42:20Z,1160,926,2363,87500,1908,,66
982091101529889,2023-06-06,NEDAP,2023-06-06T01:02:00Z,2023-06-06T01:12:03Z,603,363,3410,88000,1908,,66
982091101529889,2023-06-06,NEDAP,2023-06-06T01:35:00Z,2023-06-06T01:38:23Z,203,79,3410,88000,1908,,66
982091101529889,2023-06-06,NEDAP,2023-06-06T01:41:00Z,2023-06-06T01:41:31Z,31,2,3410,,1908,,66
982091101529889,2023-06-06,NEDAP,2023-06-06T04:59:00Z,2023-06-06T05:08:00Z,540,434,3410,88500,1908,,66
982091101529889,2023-06-06,NEDAP,2023-06-06T05:14:00Z,2023-06-06T05:18:29Z,269,236,3410,88500,1908,,66
982091101529889,2023-06-06,NEDAP,2023-06-06T05:48:00Z,2023-06-06T05:48:50Z,50,23,3410,,1908,,66
982091101529889,2023-06-06,NEDAP,2023-06-06T06:18:00Z,2023-06-06T06:23:50Z,350,297,3410,89500,1908,,66
982091101529889,2023-06-06,NEDAP,2023-06-06T11:43:00Z,2023-06-06T12:01:32Z,1112,989,3410,89500,1908,,66
982091101529889,2023-06-06,NEDAP,2023-06-06T20:40:00Z,2023-06-06T21:00:31Z,1231,987,3410,89500,1908,,66
982091101529889,2023-06-07,NEDAP,2023-06-07T02:01:00Z,2023-06-07T02:05:59Z,299,195,3016,90500,1908,,66
982091101529889,2023-06-07,NEDAP,2023-06-07T03:47:00Z,2023-06-07T04:01:20Z,860,746,3016,90500,1908,,66
982091101529889,2023-06-07,NEDAP,2023-06-07T04:27:00Z,2023-06-07T04:29:08Z,128,67,3016,91500,1908,,66
982091101529889,2023-06-07,NEDAP,2023-06-07T07:33:00Z,2023-06-07T07:35:31Z,151,71,3016,92000,1908,,66
982091101529889,2023-06-07,NEDAP,2023-06-07T08:44:00Z,2023-06-07T08:50:22Z,382,368,3016,92000,1908,,66
982091101529889,2023-06-07,NEDAP,2023-06-07T10:26:00Z,2023-06-07T10:38:11Z,731,616,3016,91500,1908,,66
982091101529889,2023-06-07,NEDAP,2023-06-07T21:04:00Z,2023-06-07T21:21:51Z,1071,953,3016,91000,1908,,66
982091101529889,2023-06-08,NEDAP,2023-06-08T02:52:00Z,2023-06-08T03:06:49Z,889,739,2917,92500,1908,,66
982091101529889,2023-06-08,NEDAP,2023-06-08T04:22:00Z,2023-06-08T04:23:39Z,99,13,2917,91500,1908,,66
982091101529889,2023-06-08,NEDAP,2023-06-08T04:41:00Z,2023-06-08T04:43:34Z,154,112,2917,93000,1908,,66
982091101529889,2023-06-08,NEDAP,2023-06-08T04:57:00Z,2023-06-08T04:59:10Z,130,112,2917,93500,1908,,66
982091101529889,2023-06-08,NEDAP,2023-06-08T08:12:00Z,2023-06-08T08:14:09Z,129,87,2917,93000,1908,,66
982091101529889,2023-06-08,NEDAP,2023-06-08T09:11:00Z,2023-06-08T09:18:23Z,443,414,2917,92500,1908,,66
982091101529889,2023-06-08,NEDAP,2023-06-08T10:59:00Z,2023-06-08T11:06:40Z,460,432,2917,93000,1908,,66
982091101529889,2023-06-08,NEDAP,2023-06-08T12:10:00Z,2023-06-08T12:18:04Z,484,452,2917,94000,1908,,66
982091101529889,2023-06-08,NEDAP,2023-06-08T17:13:00Z,2023-06-08T17:14:07Z,67,16,2917,92000,1908,,66
982091101529889,2023-06-08,NEDAP,2023-06-08T22:43:00Z,2023-06-08T22:55:18Z,738,540,2917,91000,1908,,66
982091101529889,2023-06-09,NEDAP,2023-06-09T00:30:00Z,2023-06-09T00:30:32Z,32,5,3075,,1908,,66
982091101529889,2023-06-09,NEDAP,2023-06-09T00:54:00Z,2023-06-09T00:55:22Z,82,42,3075,91250,1908,,66
982091101529889,2023-06-09,NEDAP,2023-06-09T02:58:00Z,2023-06-09T02:59:09Z,69,8,3075,90500,1908,,66
982091101529889,2023-06-09,NEDAP,2023-06-09T03:27:00Z,2023-06-09T03:34:01Z,421,210,3075,89500,1908,,66
982091101529889,2023-06-09,NEDAP,2023-06-09T05:23:00Z,2023-06-09T05:36:13Z,793,539,3075,90500,1908,,66
982091101529889,2023-06-09,NEDAP,2023-06-09T06:37:00Z,2023-06-09T06:38:13Z,73,33,3075,90500,1908,,66
982091101529889,2023-06-09,NEDAP,2023-06-09T06:59:00Z,2023-06-09T06:59:24Z,24,4,3075,,1908,,66
982091101529889,2023-06-09,NEDAP,2023-06-09T07:09:00Z,2023-06-09T07:17:13Z,493,383,3075,92000,1908,,66
982091101529889,2023-06-09,NEDAP,2023-06-09T09:05:00Z,2023-06-09T09:09:33Z,273,260,3075,92000,1908,,66
982091101529889,2023-06-09,NEDAP,2023-06-09T10:52:00Z,2023-06-09T10:54:25Z,145,150,3075,93000,1908,,66
982091101529889,2023-06-09,NEDAP,2023-06-09T11:31:00Z,2023-06-09T11:40:54Z,594,639,3075,93000,1908,,66
982091101529889,2023-06-09,NEDAP,2023-06-09T16:56:00Z,2023-06-09T17:06:33Z,633,578,3075,94000,1908,,66
982091101529889,2023-06-09,NEDAP,2023-06-09T23:59:00Z,2023-06-10T00:03:40Z,280,223,3075,93500,1908,,66
982091101529889,2023-06-10,NEDAP,2023-06-10T00:22:00Z,2023-06-10T00:33:26Z,686,648,2953,92000,1908,,66
982091101529889,2023-06-10,NEDAP,2023-06-10T04:35:00Z,2023-06-10T04:42:57Z,477,448,2953,93000,1908,,66
982091101529889,2023-06-10,NEDAP,2023-06-10T05:36:00Z,2023-06-10T05:38:38Z,158,139,2953,93500,1908,,66
982091101529889,2023-06-10,NEDAP,2023-06-10T06:05:00Z,2023-06-10T06:05:58Z,58,61,2953,,1908,,66
982091101529889,2023-06-10,NEDAP,2023-06-10T06:21:00Z,2023-06-10T06:21:37Z,37,34,2953,,1908,,66
982091101529889,2023-06-10,NEDAP,2023-06-10T06:47:00Z,2023-06-10T06:47:14Z,14,13,2953,,1908,,66
982091101529889,2023-06-10,NEDAP,2023-06-10T07:43:00Z,2023-06-10T07:43:16Z,16,7,2953,,1908,,66
982091101529889,2023-06-10,NEDAP,2023-06-10T08:38:00Z,2023-06-10T08:50:08Z,728,628,2953,94000,1908,,66
982091101529889,2023-06-10,NEDAP,2023-06-10T10:07:00Z,2023-06-10T10:07:36Z,36,34,2953,,1908,,66
982091101529889,2023-06-10,NEDAP,2023-06-10T10:10:00Z,2023-06-10T10:10:58Z,58,37,2953,,1908,,66
982091101529889,2023-06-10,NEDAP,2023-06-10T10:40:00Z,2023-06-10T10:46:09Z,369,315,2953,95000,1908,,66
982091101529889,2023-06-10,NEDAP,2023-06-10T16:06:00Z,2023-06-10T16:15:51Z,591,589,2953,93500,1908,,66
982091101529889,2023-06-11,NEDAP,2023-06-11T00:46:00Z,2023-06-11T01:01:27Z,927,760,3160,94500,1908,,66
982091101529889,2023-06-11,NEDAP,2023-06-11T03:59:00Z,2023-06-11T04:00:02Z,62,53,3160,94500,1908,,66
982091101529889,2023-06-11,NEDAP,2023-06-11T04:38:00Z,2023-06-11T04:43:55Z,355,283,3160,93500,1908,,66
982091101529889,2023-06-11,NEDAP,2023-06-11T07:35:00Z,2023-06-11T07:47:56Z,776,773,3160,94500,1908,,66
982091101529889,2023-06-11,NEDAP,2023-06-11T09:52:00Z,2023-06-11T09:54:33Z,153,104,3160,95000,1908,,66
982091101529889,2023-06-11,NEDAP,2023-06-11T10:39:00Z,2023-06-11T10:50:10Z,670,637,3160,95500,1908,,66
982091101529889,2023-06-11,NEDAP,2023-06-11T15:38:00Z,2023-06-11T15:48:12Z,612,550,3160,95000,1908,,66
982091101529889,2023-06-12,NEDAP,2023-06-12T01:34:00Z,2023-06-12T01:51:38Z,1058,963,3438,94000,1908,,66
982091101529889,2023-06-12,NEDAP,2023-06-12T04:19:00Z,2023-06-12T04:20:32Z,92,70,3438,95000,1908,,66
982091101529889,2023-06-12,NEDAP,2023-06-12T06:26:00Z,2023-06-12T06:35:26Z,566,531,3438,94000,1908,,66
982091101529889,2023-06-12,NEDAP,2023-06-12T07:00:00Z,2023-06-12T07:01:13Z,73,51,3438,94500,1908,,66
982091101529889,2023-06-12,NEDAP,2023-06-12T07:59:00Z,2023-06-12T08:00:20Z,80,24,3438,97000,1908,,66
982091101529889,2023-06-12,NEDAP,2023-06-12T09:44:00Z,2023-06-12T09:56:58Z,778,739,3438,95500,1908,,66
982091101529889,2023-06-12,NEDAP,2023-06-12T13:57:00Z,2023-06-12T14:02:27Z,327,287,3438,98500,1908,,66
982091101529889,2023-06-12,NEDAP,2023-06-12T17:22:00Z,2023-06-12T17:23:24Z,84,76,3438,96000,1908,,66
982091101529889,2023-06-12,NEDAP,2023-06-12T17:24:00Z,2023-06-12T17:24:17Z,17,24,3438,,1908,,66
982091101529889,2023-06-12,NEDAP,2023-06-12T17:26:00Z,2023-06-12T17:26:14Z,14,23,3438,,1908,,66
982091101529889,2023-06-12,NEDAP,2023-06-12T17:30:00Z,2023-06-12T17:41:33Z,693,650,3438,98000,1908,,66
982091101529889,2023-06-13,NEDAP,2023-06-13T04:42:00Z,2023-06-13T05:00:48Z,1128,1079,3463,93500,1908,,66
982091101529889,2023-06-13,NEDAP,2023-06-13T06:28:00Z,2023-06-13T06:29:00Z,60,55,3463,,1908,,66
982091101529889,2023-06-13,NEDAP,2023-06-13T07:47:00Z,2023-06-13T07:54:23Z,443,409,3463,96500,1908,,66
982091101529889,2023-06-13,NEDAP,2023-06-13T08:28:00Z,2023-06-13T08:29:08Z,68,49,3463,95250,1908,,66
982091101529889,2023-06-13,NEDAP,2023-06-13T09:12:00Z,2023-06-13T09:12:45Z,45,10,3463,,1908,,66
982091101529889,2023-06-13,NEDAP,2023-06-13T12:07:00Z,2023-06-13T12:21:52Z,892,1001,3463,97000,1908,,66
982091101529889,2023-06-13,NEDAP,2023-06-13T13:40:00Z,2023-06-13T13:41:24Z,84,77,3463,97500,1908,,66
982091101529889,2023-06-13,NEDAP,2023-06-13T17:03:00Z,2023-06-13T17:15:09Z,729,783,3463,99000,1908,,66
982091101529889,2023-06-14,NEDAP,2023-06-14T04:32:00Z,2023-06-14T04:44:29Z,749,410,3503,97000,1908,,66
982091101529889,2023-06-14,NEDAP,2023-06-14T04:47:00Z,2023-06-14T04:47:45Z,45,10,3503,,1908,,66
982091101529889,2023-06-14,NEDAP,2023-06-14T04:50:00Z,2023-06-14T04:56:13Z,373,328,3503,93000,1908,,66
982091101529889,2023-06-14,NEDAP,2023-06-14T05:10:00Z,2023-06-14T05:10:16Z,16,3,3503,,1908,,66
982091101529889,2023-06-14,NEDAP,2023-06-14T07:12:00Z,2023-06-14T07:18:10Z,370,247,3503,97000,1908,,66
982091101529889,2023-06-14,NEDAP,2023-06-14T07:23:00Z,2023-06-14T07:23:27Z,27,5,3503,,1908,,66
982091101529889,2023-06-14,NEDAP,2023-06-14T07:40:00Z,2023-06-14T07:40:21Z,21,7,3503,,1908,,66
982091101529889,2023-06-14,NEDAP,2023-06-14T08:34:00Z,2023-06-14T08:39:33Z,333,263,3503,96500,1908,,66
982091101529889,2023-06-14,NEDAP,2023-06-14T08:57:00Z,2023-06-14T09:04:32Z,452,434,3503,97500,1908,,66
982091101529889,2023-06-14,NEDAP,2023-06-14T10:25:00Z,2023-06-14T10:29:07Z,247,190,3503,99000,1908,,66
982091101529889,2023-06-14,NEDAP,2023-06-14T12:55:00Z,2023-06-14T13:05:56Z,656,520,3503,97500,1908,,66
982091101529889,2023-06-14,NEDAP,2023-06-14T13:28:00Z,2023-06-14T13:35:19Z,439,462,3503,98500,1908,,66
982091101529889,2023-06-14,NEDAP,2023-06-14T16:54:00Z,2023-06-14T17:03:34Z,574,529,3503,1e+05,1908,,66
982091101529889,2023-06-14,NEDAP,2023-06-14T18:47:00Z,2023-06-14T18:48:55Z,115,95,3503,99500,1908,,66
982091101529889,2023-06-15,NEDAP,2023-06-15T02:51:00Z,2023-06-15T03:08:54Z,1074,1097,3832,98000,1908,,66
982091101529889,2023-06-15,NEDAP,2023-06-15T05:57:00Z,2023-06-15T05:57:59Z,59,35,3832,,1908,,66
982091101529889,2023-06-15,NEDAP,2023-06-15T06:03:00Z,2023-06-15T06:05:06Z,126,97,3832,96500,1908,,66
982091101529889,2023-06-15,NEDAP,2023-06-15T06:11:00Z,2023-06-15T06:11:39Z,39,6,3832,,1908,,66
982091101529889,2023-06-15,NEDAP,2023-06-15T11:32:00Z,2023-06-15T11:49:29Z,1049,1179,3832,99500,1908,,66
982091101529889,2023-06-15,NEDAP,2023-06-15T15:44:00Z,2023-06-15T15:44:32Z,32,29,3832,,1908,,66
982091101529889,2023-06-15,NEDAP,2023-06-15T22:07:00Z,2023-06-15T22:26:43Z,1183,1389,3832,98000,1908,,66
982091101529889,2023-06-16,NEDAP,2023-06-16T03:46:00Z,2023-06-16T03:47:35Z,95,19,2919,100500,1908,,66
982091101529889,2023-06-16,NEDAP,2023-06-16T07:39:00Z,2023-06-16T07:55:00Z,960,1193,2919,101500,1908,,66
982091101529889,2023-06-16,NEDAP,2023-06-16T08:37:00Z,2023-06-16T08:38:23Z,83,57,2919,97500,1908,,66
982091101529889,2023-06-16,NEDAP,2023-06-16T08:55:00Z,2023-06-16T08:55:54Z,54,21,2919,,1908,,66
982091101529889,2023-06-16,NEDAP,2023-06-16T11:28:00Z,2023-06-16T11:34:20Z,380,398,2919,100500,1908,,66
982091101529889,2023-06-16,NEDAP,2023-06-16T12:49:00Z,2023-06-16T12:52:37Z,217,178,2919,101500,1908,,66
982091101529889,2023-06-16,NEDAP,2023-06-16T15:12:00Z,2023-06-16T15:24:59Z,779,916,2919,100500,1908,,66
982091101529889,2023-06-16,NEDAP,2023-06-16T17:16:00Z,2023-06-16T17:17:51Z,111,137,2919,101500,1908,,66
982091101529889,2023-06-17,NEDAP,2023-06-17T03:33:00Z,2023-06-17T03:35:49Z,169,35,1496,99000,1908,,66
982091101529889,2023-06-17,NEDAP,2023-06-17T04:36:00Z,2023-06-17T04:39:53Z,233,8,1496,98500,1908,,66
982091101529889,2023-06-17,NEDAP,2023-06-17T10:33:00Z,2023-06-17T10:35:36Z,156,,1496,98000,1908,,66
982091101529889,2023-06-17,NEDAP,2023-06-17T16:38:00Z,2023-06-17T16:47:06Z,546,783,1496,99000,1908,,66
982091101529889,2023-06-17,NEDAP,2023-06-17T20:23:00Z,2023-06-17T20:35:24Z,744,668,1496,99500,1908,,66
982091101529889,2023-06-18,NEDAP,2023-06-18T02:40:00Z,2023-06-18T02:55:00Z,900,646,4275,99500,1908,,66
982091101529889,2023-06-18,NEDAP,2023-06-18T05:40:00Z,2023-06-18T05:52:33Z,753,831,4275,99500,1908,,66
982091101529889,2023-06-18,NEDAP,2023-06-18T07:48:00Z,2023-06-18T07:56:09Z,489,483,4275,100500,1908,,66
982091101529889,2023-06-18,NEDAP,2023-06-18T09:09:00Z,2023-06-18T09:11:04Z,124,122,4275,102000,1908,,66
982091101529889,2023-06-18,NEDAP,2023-06-18T11:15:00Z,2023-06-18T11:16:55Z,115,52,4275,100500,1908,,66
982091101529889,2023-06-18,NEDAP,2023-06-18T11:44:00Z,2023-06-18T11:48:10Z,250,276,4275,102000,1908,,66
982091101529889,2023-06-18,NEDAP,2023-06-18T14:35:00Z,2023-06-18T14:40:09Z,309,379,4275,1e+05,1908,,66
982091101529889,2023-06-18,NEDAP,2023-06-18T14:59:00Z,2023-06-18T15:09:19Z,619,744,4275,102000,1908,,66
982091101529889,2023-06-18,NEDAP,2023-06-18T17:30:00Z,2023-06-18T17:30:21Z,21,34,4275,,1908,,66
982091101529889,2023-06-18,NEDAP,2023-06-18T18:14:00Z,2023-06-18T18:16:22Z,142,81,4275,103250,1908,,66
982091101529889,2023-06-18,NEDAP,2023-06-18T20:04:00Z,2023-06-18T20:12:03Z,483,627,4275,103000,1908,,66
982091101529889,2023-06-19,NEDAP,2023-06-19T07:00:00Z,2023-06-19T07:18:33Z,1113,1265,3804,102500,1908,,66
982091101529889,2023-06-19,NEDAP,2023-06-19T10:06:00Z,2023-06-19T10:13:08Z,428,419,3804,103500,1908,,66
982091101529889,2023-06-19,NEDAP,2023-06-19T13:33:00Z,2023-06-19T13:39:08Z,368,385,3804,103000,1908,,66
982091101529889,2023-06-19,NEDAP,2023-06-19T15:15:00Z,2023-06-19T15:24:02Z,542,589,3804,103000,1908,,66
982091101529889,2023-06-19,NEDAP,2023-06-19T16:23:00Z,2023-06-19T16:26:20Z,200,214,3804,102500,1908,,66
982091101529889,2023-06-19,NEDAP,2023-06-19T19:34:00Z,2023-06-19T19:46:56Z,776,932,3804,102500,1908,,66
982091101529889,2023-06-20,NEDAP,2023-06-20T06:53:00Z,2023-06-20T07:11:33Z,1113,1230,3966,99250,1908,,66
982091101529889,2023-06-20,NEDAP,2023-06-20T08:54:00Z,2023-06-20T08:54:51Z,51,50,3966,,1908,,66
982091101529889,2023-06-20,NEDAP,2023-06-20T09:55:00Z,2023-06-20T10:03:47Z,527,583,3966,101500,1908,,66
982091101529889,2023-06-20,NEDAP,2023-06-20T12:36:00Z,2023-06-20T12:39:18Z,198,141,3966,100500,1908,,66
982091101529889,2023-06-20,NEDAP,2023-06-20T14:00:00Z,2023-06-20T14:00:23Z,23,14,3966,,1908,,66
982091101529889,2023-06-20,NEDAP,2023-06-20T14:25:00Z,2023-06-20T14:33:34Z,514,478,3966,101000,1908,,66
982091101529889,2023-06-20,NEDAP,2023-06-20T16:36:00Z,2023-06-20T16:38:57Z,177,130,3966,103000,1908,,66
982091101529889,2023-06-20,NEDAP,2023-06-20T17:33:00Z,2023-06-20T17:45:46Z,766,858,3966,102500,1908,,66
982091101529889,2023-06-20,NEDAP,2023-06-20T20:48:00Z,2023-06-20T20:54:26Z,386,482,3966,102000,1908,,66
982091101529889,2023-06-21,NEDAP,2023-06-21T01:09:00Z,2023-06-21T01:09:59Z,59,18,3348,,1908,,66
982091101529889,2023-06-21,NEDAP,2023-06-21T09:47:00Z,2023-06-21T10:06:27Z,1167,1080,3348,100500,1908,,66
982091101529889,2023-06-21,NEDAP,2023-06-21T13:13:00Z,2023-06-21T13:22:00Z,540,184,3348,105500,1908,,66
982091101529889,2023-06-21,NEDAP,2023-06-21T13:54:00Z,2023-06-21T13:55:21Z,81,,3348,106500,1908,,66
982091101529889,2023-06-21,NEDAP,2023-06-21T14:45:00Z,2023-06-21T14:49:22Z,262,226,3348,103000,1908,,66
982091101529889,2023-06-21,NEDAP,2023-06-21T16:04:00Z,2023-06-21T16:10:29Z,389,364,3348,103000,1908,,66
982091101529889,2023-06-21,NEDAP,2023-06-21T18:37:00Z,2023-06-21T18:42:10Z,310,179,3348,104000,1908,,66
982091101529889,2023-06-21,NEDAP,2023-06-21T18:49:00Z,2023-06-21T18:53:44Z,284,266,3348,106000,1908,,66
982091101529889,2023-06-21,NEDAP,2023-06-21T22:03:00Z,2023-06-21T22:17:02Z,842,1028,3348,104500,1908,,66
982091101529889,2023-06-22,NEDAP,2023-06-22T08:57:00Z,2023-06-22T09:09:33Z,753,792,3528,105000,1908,,66
982091101529889,2023-06-22,NEDAP,2023-06-22T11:51:00Z,2023-06-22T11:54:12Z,192,119,3528,106000,1908,,66
982091101529889,2023-06-22,NEDAP,2023-06-22T12:07:00Z,2023-06-22T12:07:28Z,28,12,3528,,1908,,66
982091101529889,2023-06-22,NEDAP,2023-06-22T12:31:00Z,2023-06-22T12:32:17Z,77,61,3528,103500,1908,,66
982091101529889,2023-06-22,NEDAP,2023-06-22T12:35:00Z,2023-06-22T12:41:27Z,387,440,3528,105000,1908,,66
982091101529889,2023-06-22,NEDAP,2023-06-22T14:08:00Z,2023-06-22T14:10:45Z,165,150,3528,105000,1908,,66
982091101529889,2023-06-22,NEDAP,2023-06-22T14:53:00Z,2023-06-22T14:53:25Z,25,6,3528,,1908,,66
982091101529889,2023-06-22,NEDAP,2023-06-22T15:45:00Z,2023-06-22T15:49:29Z,269,90,3528,106000,1908,,66
982091101529889,2023-06-22,NEDAP,2023-06-22T16:14:00Z,2023-06-22T16:14:16Z,16,4,3528,,1908,,66
982091101529889,2023-06-22,NEDAP,2023-06-22T16:18:00Z,2023-06-22T16:23:48Z,348,356,3528,105250,1908,,66
982091101529889,2023-06-22,NEDAP,2023-06-22T18:13:00Z,2023-06-22T18:22:49Z,589,684,3528,105500,1908,,66
982091101529889,2023-06-22,NEDAP,2023-06-22T21:49:00Z,2023-06-22T22:01:01Z,721,814,3528,106500,1908,,66
982091101529889,2023-06-23,NEDAP,2023-06-23T07:38:00Z,2023-06-23T07:40:40Z,160,76,3604,104500,1908,,66
982091101529889,2023-06-23,NEDAP,2023-06-23T08:39:00Z,2023-06-23T08:48:57Z,597,594,3604,101500,1908,,66
982091101529889,2023-06-23,NEDAP,2023-06-23T11:09:00Z,2023-06-23T11:09:45Z,45,31,3604,,1908,,66
982091101529889,2023-06-23,NEDAP,2023-06-23T11:26:00Z,2023-06-23T11:30:15Z,255,267,3604,105500,1908,,66
982091101529889,2023-06-23,NEDAP,2023-06-23T11:49:00Z,2023-06-23T11:57:07Z,487,533,3604,103000,1908,,66
982091101529889,2023-06-23,NEDAP,2023-06-23T12:35:00Z,2023-06-23T12:36:35Z,95,53,3604,105500,1908,,66
982091101529889,2023-06-23,NEDAP,2023-06-23T13:39:00Z,2023-06-23T13:39:11Z,11,4,3604,,1908,,66
982091101529889,2023-06-23,NEDAP,2023-06-23T13:55:00Z,2023-06-23T13:56:29Z,89,53,3604,102500,1908,,66
982091101529889,2023-06-23,NEDAP,2023-06-23T14:11:00Z,2023-06-23T14:15:11Z,251,309,3604,104000,1908,,66
982091101529889,2023-06-23,NEDAP,2023-06-23T15:16:00Z,2023-06-23T15:20:32Z,272,150,3604,108000,1908,,66
982091101529889,2023-06-23,NEDAP,2023-06-23T15:24:00Z,2023-06-23T15:24:45Z,45,35,3604,,1908,,66
982091101529889,2023-06-23,NEDAP,2023-06-23T16:54:00Z,2023-06-23T16:58:55Z,295,224,3604,106000,1908,,66
982091101529889,2023-06-23,NEDAP,2023-06-23T17:25:00Z,2023-06-23T17:25:19Z,19,5,3604,,1908,,66
982091101529889,2023-06-23,NEDAP,2023-06-23T17:30:00Z,2023-06-23T17:33:46Z,226,286,3604,106500,1908,,66
982091101529889,2023-06-23,NEDAP,2023-06-23T20:39:00Z,2023-06-23T20:51:42Z,762,984,3604,109500,1908,,66
982091101529889,2023-06-24,NEDAP,2023-06-24T01:39:00Z,2023-06-24T01:48:00Z,540,695,4177,108500,1908,,66
982091101529889,2023-06-24,NEDAP,2023-06-24T04:11:00Z,2023-06-24T04:15:34Z,274,294,4177,108500,1908,,66
982091101529889,2023-06-24,NEDAP,2023-06-24T08:49:00Z,2023-06-24T08:50:38Z,98,105,4177,107000,1908,,66
982091101529889,2023-06-24,NEDAP,2023-06-24T08:56:00Z,2023-06-24T09:01:16Z,316,358,4177,107500,1908,,66
982091101529889,2023-06-24,NEDAP,2023-06-24T12:11:00Z,2023-06-24T12:11:45Z,45,75,4177,,1908,,66
982091101529889,2023-06-24,NEDAP,2023-06-24T12:14:00Z,2023-06-24T12:14:58Z,58,87,4177,,1908,,66
982091101529889,2023-06-24,NEDAP,2023-06-24T12:30:00Z,2023-06-24T12:40:38Z,638,813,4177,107000,1908,,66
982091101529889,2023-06-24,NEDAP,2023-06-24T14:35:00Z,2023-06-24T14:41:50Z,410,417,4177,107500,1908,,66
982091101529889,2023-06-24,NEDAP,2023-06-24T15:22:00Z,2023-06-24T15:26:58Z,298,409,4177,106500,1908,,66
982091101529889,2023-06-24,NEDAP,2023-06-24T16:19:00Z,2023-06-24T16:19:23Z,23,29,4177,,1908,,66
982091101529889,2023-06-24,NEDAP,2023-06-24T19:27:00Z,2023-06-24T19:39:15Z,735,895,4177,108000,1908,,66
982091101529889,2023-06-25,NEDAP,2023-06-25T09:46:00Z,2023-06-25T09:48:36Z,156,,3700,105500,1908,,66
982091101529889,2023-06-25,NEDAP,2023-06-25T11:40:00Z,2023-06-25T12:02:58Z,1378,1615,3700,105500,1908,,66
982091101529889,2023-06-25,NEDAP,2023-06-25T16:44:00Z,2023-06-25T16:58:30Z,870,917,3700,106000,1908,,66
982091101529889,2023-06-25,NEDAP,2023-06-25T21:06:00Z,2023-06-25T21:21:01Z,901,1166,3700,108000,1908,,66
982091101529889,2023-06-26,NEDAP,2023-06-26T01:49:00Z,2023-06-26T01:49:53Z,53,36,4011,,1908,,66
982091101529889,2023-06-26,NEDAP,2023-06-26T10:19:00Z,2023-06-26T10:38:26Z,1166,1400,4011,103500,1908,,66
982091101529889,2023-06-26,NEDAP,2023-06-26T11:05:00Z,2023-06-26T11:05:22Z,22,27,4011,,1908,,66
982091101529889,2023-06-26,NEDAP,2023-06-26T12:14:00Z,2023-06-26T12:16:04Z,124,119,4011,106000,1908,,66
982091101529889,2023-06-26,NEDAP,2023-06-26T12:25:00Z,2023-06-26T12:26:42Z,102,132,4011,106000,1908,,66
982091101529889,2023-06-26,NEDAP,2023-06-26T14:46:00Z,2023-06-26T14:52:00Z,360,415,4011,105000,1908,,66
982091101529889,2023-06-26,NEDAP,2023-06-26T16:08:00Z,2023-06-26T16:09:06Z,66,95,4011,108000,1908,,66
982091101529889,2023-06-26,NEDAP,2023-06-26T17:05:00Z,2023-06-26T17:10:55Z,355,492,4011,107000,1908,,66
982091101529889,2023-06-26,NEDAP,2023-06-26T17:43:00Z,2023-06-26T17:47:39Z,279,418,4011,106500,1908,,66
982091101529889,2023-06-26,NEDAP,2023-06-26T21:29:00Z,2023-06-26T21:40:24Z,684,877,4011,107500,1908,,66
982091101529889,2023-06-27,NEDAP,2023-06-27T00:33:00Z,2023-06-27T00:34:10Z,70,96,4974,108000,1908,,66
982091101529889,2023-06-27,NEDAP,2023-06-27T06:10:00Z,2023-06-27T06:28:04Z,1084,1351,4974,107000,1908,,66
982091101529889,2023-06-27,NEDAP,2023-06-27T11:43:00Z,2023-06-27T11:50:56Z,476,585,4974,108000,1908,,66
982091101529889,2023-06-27,NEDAP,2023-06-27T12:38:00Z,2023-06-27T12:39:07Z,67,36,4974,109500,1908,,66
982091101529889,2023-06-27,NEDAP,2023-06-27T13:37:00Z,2023-06-27T13:45:39Z,519,567,4974,108000,1908,,66
982091101529889,2023-06-27,NEDAP,2023-06-27T16:33:00Z,2023-06-27T16:44:09Z,669,855,4974,109000,1908,,66
982091101529889,2023-06-27,NEDAP,2023-06-27T18:47:00Z,2023-06-27T18:49:16Z,136,190,4974,109500,1908,,66
982091101529889,2023-06-27,NEDAP,2023-06-27T19:42:00Z,2023-06-27T19:43:12Z,72,43,4974,,1908,,66
982091101529889,2023-06-27,NEDAP,2023-06-27T21:42:00Z,2023-06-27T21:46:42Z,282,343,4974,110000,1908,,66
982091101529889,2023-06-27,NEDAP,2023-06-27T22:23:00Z,2023-06-27T22:33:43Z,643,908,4974,109500,1908,,66
982091101529889,2023-06-28,NEDAP,2023-06-28T03:03:00Z,2023-06-28T03:08:14Z,314,343,2779,109500,1908,,66
982091101529889,2023-06-28,NEDAP,2023-06-28T10:52:00Z,2023-06-28T11:01:55Z,595,760,2779,108500,1908,,66
982091101529889,2023-06-28,NEDAP,2023-06-28T11:04:00Z,2023-06-28T11:04:15Z,15,14,2779,,1908,,66
982091101529889,2023-06-28,NEDAP,2023-06-28T11:55:00Z,2023-06-28T11:56:00Z,60,39,2779,,1908,,66
982091101529889,2023-06-28,NEDAP,2023-06-28T13:51:00Z,2023-06-28T13:51:54Z,54,6,2779,,1908,,66
982091101529889,2023-06-28,NEDAP,2023-06-28T18:22:00Z,2023-06-28T18:32:21Z,621,592,2779,107000,1908,,66
982091101529889,2023-06-28,NEDAP,2023-06-28T20:21:00Z,2023-06-28T20:22:39Z,99,21,2779,108500,1908,,66
982091101529889,2023-06-28,NEDAP,2023-06-28T21:10:00Z,2023-06-28T21:17:39Z,459,441,2779,109000,1908,,66
982091101529889,2023-06-28,NEDAP,2023-06-28T22:37:00Z,2023-06-28T22:37:39Z,39,9,2779,,1908,,66
982091101529889,2023-06-28,NEDAP,2023-06-28T23:32:00Z,2023-06-28T23:40:55Z,535,554,2779,108000,1908,,66
982091101529889,2023-06-29,NEDAP,2023-06-29T03:09:00Z,2023-06-29T03:12:04Z,184,166,3670,109000,1908,,66
982091101529889,2023-06-29,NEDAP,2023-06-29T06:44:00Z,2023-06-29T06:59:08Z,908,1089,3670,108000,1908,,66
982091101529889,2023-06-29,NEDAP,2023-06-29T07:38:00Z,2023-06-29T07:42:52Z,292,367,3670,108500,1908,,66
982091101529889,2023-06-29,NEDAP,2023-06-29T12:26:00Z,2023-06-29T12:29:59Z,239,288,3670,110000,1908,,66
982091101529889,2023-06-29,NEDAP,2023-06-29T14:58:00Z,2023-06-29T14:58:24Z,24,13,3670,,1908,,66
982091101529889,2023-06-29,NEDAP,2023-06-29T16:04:00Z,2023-06-29T16:09:58Z,358,422,3670,107500,1908,,66
982091101529889,2023-06-29,NEDAP,2023-06-29T17:11:00Z,2023-06-29T17:13:00Z,120,70,3670,106000,1908,,66
982091101529889,2023-06-29,NEDAP,2023-06-29T18:35:00Z,2023-06-29T18:39:05Z,245,206,3670,109750,1908,,66
982091101529889,2023-06-29,NEDAP,2023-06-29T19:12:00Z,2023-06-29T19:19:21Z,441,549,3670,108000,1908,,66
982091101529889,2023-06-29,NEDAP,2023-06-29T19:22:00Z,2023-06-29T19:27:01Z,301,430,3670,110000,1908,,66
982091101529889,2023-06-29,NEDAP,2023-06-29T22:11:00Z,2023-06-29T22:12:16Z,76,70,3670,113500,1908,,66
982091101529889,2023-06-30,NEDAP,2023-06-30T00:09:00Z,2023-06-30T00:22:05Z,785,1113,4779,113500,1908,,66
982091101529889,2023-06-30,NEDAP,2023-06-30T04:42:00Z,2023-06-30T04:44:20Z,140,116,4779,116250,1908,,66
982091101529889,2023-06-30,NEDAP,2023-06-30T09:01:00Z,2023-06-30T09:14:54Z,834,1022,4779,114500,1908,,66
982091101529889,2023-06-30,NEDAP,2023-06-30T09:17:00Z,2023-06-30T09:17:52Z,52,8,4779,,1908,,66
982091101529889,2023-06-30,NEDAP,2023-06-30T11:37:00Z,2023-06-30T11:37:37Z,37,28,4779,,1908,,66
982091101529889,2023-06-30,NEDAP,2023-06-30T12:27:00Z,2023-06-30T12:27:15Z,15,6,4779,,1908,,66
982091101529889,2023-06-30,NEDAP,2023-06-30T14:38:00Z,2023-06-30T14:43:26Z,326,492,4779,113750,1908,,66
982091101529889,2023-06-30,NEDAP,2023-06-30T15:09:00Z,2023-06-30T15:10:50Z,110,63,4779,114250,1908,,66
982091101529889,2023-06-30,NEDAP,2023-06-30T19:52:00Z,2023-06-30T20:07:54Z,954,997,4779,,1908,,66
982091101529889,2023-06-30,NEDAP,2023-06-30T22:06:00Z,2023-06-30T22:17:59Z,719,934,4779,,1908,,66
982091101529889,2023-07-01,NEDAP,2023-07-01T03:06:00Z,2023-07-01T03:06:37Z,37,23,1243,,1908,,66
982091101529889,2023-07-01,NEDAP,2023-07-01T07:51:00Z,2023-07-01T07:55:43Z,283,58,1243,117500,1908,,66
982091101529889,2023-07-01,NEDAP,2023-07-01T13:36:00Z,2023-07-01T13:53:15Z,1035,917,1243,117000,1908,,66
982091101529889,2023-07-01,NEDAP,2023-07-01T13:55:00Z,2023-07-01T13:59:02Z,242,245,1243,116000,1908,,66
982091101532966,2023-04-26,NEDAP,2023-04-26T06:44:00Z,2023-04-26T07:04:14Z,1214,521,2266,42000,1908,,66
982091101532966,2023-04-26,NEDAP,2023-04-26T09:57:00Z,2023-04-26T10:13:56Z,1016,498,2266,42500,1908,,66
982091101532966,2023-04-26,NEDAP,2023-04-26T12:54:00Z,2023-04-26T12:55:04Z,64,7,2266,43500,1908,,66
982091101532966,2023-04-26,NEDAP,2023-04-26T14:18:00Z,2023-04-26T14:31:56Z,836,502,2266,43000,1908,,66
982091101532966,2023-04-26,NEDAP,2023-04-26T18:03:00Z,2023-04-26T18:17:38Z,878,549,2266,43000,1908,,66
982091101532966,2023-04-26,NEDAP,2023-04-26T19:30:00Z,2023-04-26T19:36:29Z,389,189,2266,44500,1908,,66
982091101532966,2023-04-27,NEDAP,2023-04-27T06:59:00Z,2023-04-27T07:12:25Z,805,258,1906,43500,1908,,66
982091101532966,2023-04-27,NEDAP,2023-04-27T07:14:00Z,2023-04-27T07:20:22Z,382,247,1906,43000,1908,,66
982091101532966,2023-04-27,NEDAP,2023-04-27T12:07:00Z,2023-04-27T12:08:53Z,113,48,1906,45500,1908,,66
982091101532966,2023-04-27,NEDAP,2023-04-27T12:36:00Z,2023-04-27T12:56:28Z,1228,542,1906,43000,1908,,66
982091101532966,2023-04-27,NEDAP,2023-04-27T16:51:00Z,2023-04-27T17:09:29Z,1109,482,1906,44000,1908,,66
982091101532966,2023-04-27,NEDAP,2023-04-27T17:32:00Z,2023-04-27T17:38:25Z,385,182,1906,44500,1908,,66
982091101532966,2023-04-27,NEDAP,2023-04-27T19:45:00Z,2023-04-27T19:50:00Z,300,119,1906,45500,1908,,66
982091101532966,2023-04-27,NEDAP,2023-04-27T23:52:00Z,2023-04-27T23:53:09Z,69,28,1906,45500,1908,,66
982091101532966,2023-04-28,NEDAP,2023-04-28T05:49:00Z,2023-04-28T06:04:11Z,911,478,1847,44000,1908,,66
982091101532966,2023-04-28,NEDAP,2023-04-28T11:23:00Z,2023-04-28T11:39:08Z,968,577,1847,44500,1908,,66
982091101532966,2023-04-28,NEDAP,2023-04-28T13:50:00Z,2023-04-28T14:01:45Z,705,311,1847,45500,1908,,66
982091101532966,2023-04-28,NEDAP,2023-04-28T14:23:00Z,2023-04-28T14:23:52Z,52,20,1847,,1908,,66
982091101532966,2023-04-28,NEDAP,2023-04-28T16:19:00Z,2023-04-28T16:22:04Z,184,26,1847,46000,1908,,66
982091101532966,2023-04-28,NEDAP,2023-04-28T16:59:00Z,2023-04-28T17:14:27Z,927,435,1847,45500,1908,,66
982091101532966,2023-04-29,NEDAP,2023-04-29T05:01:00Z,2023-04-29T05:20:34Z,1174,679,2108,45000,1908,,66
982091101532966,2023-04-29,NEDAP,2023-04-29T09:11:00Z,2023-04-29T09:26:26Z,926,487,2108,46000,1908,,66
982091101532966,2023-04-29,NEDAP,2023-04-29T13:11:00Z,2023-04-29T13:28:09Z,1029,600,2108,46500,1908,,66
982091101532966,2023-04-29,NEDAP,2023-04-29T15:11:00Z,2023-04-29T15:20:10Z,550,342,2108,47000,1908,,66
982091101532966,2023-04-30,NEDAP,2023-04-30T04:40:00Z,2023-04-30T04:42:47Z,167,54,2035,46500,1908,,66
982091101532966,2023-04-30,NEDAP,2023-04-30T04:53:00Z,2023-04-30T05:07:01Z,841,437,2035,46000,1908,,66
982091101532966,2023-04-30,NEDAP,2023-04-30T07:05:00Z,2023-04-30T07:12:05Z,425,155,2035,47500,1908,,66
982091101532966,2023-04-30,NEDAP,2023-04-30T07:14:00Z,2023-04-30T07:18:05Z,245,134,2035,47000,1908,,66
982091101532966,2023-04-30,NEDAP,2023-04-30T09:35:00Z,2023-04-30T09:35:29Z,29,8,2035,,1908,,66
982091101532966,2023-04-30,NEDAP,2023-04-30T11:47:00Z,2023-04-30T12:00:45Z,825,455,2035,46500,1908,,66
982091101532966,2023-04-30,NEDAP,2023-04-30T14:38:00Z,2023-04-30T14:51:08Z,788,461,2035,47000,1908,,66
982091101532966,2023-04-30,NEDAP,2023-04-30T16:39:00Z,2023-04-30T16:46:13Z,433,274,2035,48000,1908,,66
982091101532966,2023-04-30,NEDAP,2023-04-30T19:47:00Z,2023-04-30T19:49:03Z,123,57,2035,49000,1908,,66
982091101532966,2023-05-01,NEDAP,2023-05-01T04:20:00Z,2023-05-01T04:33:27Z,807,424,1696,46500,1908,,66
982091101532966,2023-05-01,NEDAP,2023-05-01T05:06:00Z,2023-05-01T05:11:18Z,318,180,1696,47500,1908,,66
982091101532966,2023-05-01,NEDAP,2023-05-01T08:54:00Z,2023-05-01T09:02:10Z,490,332,1696,48000,1908,,66
982091101532966,2023-05-01,NEDAP,2023-05-01T12:48:00Z,2023-05-01T13:02:34Z,874,585,1696,47500,1908,,66
982091101532966,2023-05-01,NEDAP,2023-05-01T16:25:00Z,2023-05-01T16:30:46Z,346,175,1696,48000,1908,,66
982091101532966,2023-05-02,NEDAP,2023-05-02T03:20:00Z,2023-05-02T03:34:25Z,865,461,2093,48000,1908,,66
982091101532966,2023-05-02,NEDAP,2023-05-02T06:09:00Z,2023-05-02T06:15:00Z,360,185,2093,49000,1908,,66
982091101532966,2023-05-02,NEDAP,2023-05-02T09:01:00Z,2023-05-02T09:07:16Z,376,200,2093,49000,1908,,66
982091101532966,2023-05-02,NEDAP,2023-05-02T11:09:00Z,2023-05-02T11:24:24Z,924,556,2093,48500,1908,,66
982091101532966,2023-05-02,NEDAP,2023-05-02T14:46:00Z,2023-05-02T14:47:44Z,104,6,2093,49000,1908,,66
982091101532966,2023-05-02,NEDAP,2023-05-02T15:08:00Z,2023-05-02T15:18:48Z,648,338,2093,49000,1908,,66
982091101532966,2023-05-02,NEDAP,2023-05-02T21:00:00Z,2023-05-02T21:10:32Z,632,347,2093,50000,1908,,66
982091101532966,2023-05-03,NEDAP,2023-05-03T03:41:00Z,2023-05-03T03:49:21Z,501,267,2288,49500,1908,,66
982091101532966,2023-05-03,NEDAP,2023-05-03T05:58:00Z,2023-05-03T06:15:29Z,1049,505,2288,49000,1908,,66
982091101532966,2023-05-03,NEDAP,2023-05-03T08:45:00Z,2023-05-03T08:52:34Z,454,289,2288,49500,1908,,66
982091101532966,2023-05-03,NEDAP,2023-05-03T11:57:00Z,2023-05-03T12:11:08Z,848,581,2288,50000,1908,,66
982091101532966,2023-05-03,NEDAP,2023-05-03T14:43:00Z,2023-05-03T14:46:53Z,233,116,2288,50500,1908,,66
982091101532966,2023-05-03,NEDAP,2023-05-03T16:35:00Z,2023-05-03T16:43:22Z,502,265,2288,50500,1908,,66
982091101532966,2023-05-03,NEDAP,2023-05-03T16:51:00Z,2023-05-03T16:55:24Z,264,164,2288,51500,1908,,66
982091101532966,2023-05-03,NEDAP,2023-05-03T18:23:00Z,2023-05-03T18:24:56Z,116,68,2288,51000,1908,,66
982091101532966,2023-05-03,NEDAP,2023-05-03T20:22:00Z,2023-05-03T20:23:44Z,104,33,2288,52000,1908,,66
982091101532966,2023-05-04,NEDAP,2023-05-04T05:07:00Z,2023-05-04T05:09:56Z,176,64,2221,51500,1908,,66
982091101532966,2023-05-04,NEDAP,2023-05-04T05:29:00Z,2023-05-04T05:36:05Z,425,101,2221,51000,1908,,66
982091101532966,2023-05-04,NEDAP,2023-05-04T05:39:00Z,2023-05-04T05:47:53Z,533,299,2221,51000,1908,,66
982091101532966,2023-05-04,NEDAP,2023-05-04T08:50:00Z,2023-05-04T09:01:31Z,691,432,2221,51000,1908,,66
982091101532966,2023-05-04,NEDAP,2023-05-04T14:01:00Z,2023-05-04T14:14:27Z,807,489,2221,50000,1908,,66
982091101532966,2023-05-04,NEDAP,2023-05-04T15:18:00Z,2023-05-04T15:18:27Z,27,14,2221,,1908,,66
982091101532966,2023-05-04,NEDAP,2023-05-04T17:42:00Z,2023-05-04T17:50:11Z,491,323,2221,51000,1908,,66
982091101532966,2023-05-04,NEDAP,2023-05-04T22:20:00Z,2023-05-04T22:32:35Z,755,499,2221,51500,1908,,66
982091101532966,2023-05-05,NEDAP,2023-05-05T04:11:00Z,2023-05-05T04:23:09Z,729,384,1794,52000,1908,,66
982091101532966,2023-05-05,NEDAP,2023-05-05T06:47:00Z,2023-05-05T06:57:18Z,618,371,1794,52500,1908,,66
982091101532966,2023-05-05,NEDAP,2023-05-05T12:57:00Z,2023-05-05T13:10:00Z,780,515,1794,51500,1908,,66
982091101532966,2023-05-05,NEDAP,2023-05-05T13:58:00Z,2023-05-05T14:05:53Z,473,335,1794,52000,1908,,66
982091101532966,2023-05-05,NEDAP,2023-05-05T14:29:00Z,2023-05-05T14:30:23Z,83,29,1794,52500,1908,,66
982091101532966,2023-05-05,NEDAP,2023-05-05T17:32:00Z,2023-05-05T17:32:51Z,51,15,1794,,1908,,66
982091101532966,2023-05-05,NEDAP,2023-05-05T18:25:00Z,2023-05-05T18:28:41Z,221,145,1794,52500,1908,,66
982091101532966,2023-05-06,NEDAP,2023-05-06T04:01:00Z,2023-05-06T04:15:57Z,897,519,2029,50500,1908,,66
982091101532966,2023-05-06,NEDAP,2023-05-06T06:02:00Z,2023-05-06T06:05:50Z,230,105,2029,52500,1908,,66
982091101532966,2023-05-06,NEDAP,2023-05-06T07:31:00Z,2023-05-06T07:33:04Z,124,78,2029,53000,1908,,66
982091101532966,2023-05-06,NEDAP,2023-05-06T11:18:00Z,2023-05-06T11:36:17Z,1097,782,2029,52000,1908,,66
982091101532966,2023-05-06,NEDAP,2023-05-06T16:01:00Z,2023-05-06T16:13:06Z,726,545,2029,53000,1908,,66
982091101532966,2023-05-07,NEDAP,2023-05-07T03:01:00Z,2023-05-07T03:15:44Z,884,470,2398,53000,1908,,66
982091101532966,2023-05-07,NEDAP,2023-05-07T03:33:00Z,2023-05-07T03:37:41Z,281,127,2398,53000,1908,,66
982091101532966,2023-05-07,NEDAP,2023-05-07T05:26:00Z,2023-05-07T05:30:17Z,257,99,2398,54500,1908,,66
982091101532966,2023-05-07,NEDAP,2023-05-07T08:33:00Z,2023-05-07T08:48:10Z,910,515,2398,54000,1908,,66
982091101532966,2023-05-07,NEDAP,2023-05-07T12:38:00Z,2023-05-07T12:54:06Z,966,695,2398,54500,1908,,66
982091101532966,2023-05-07,NEDAP,2023-05-07T18:59:00Z,2023-05-07T19:10:45Z,705,492,2398,55000,1908,,66
982091101532966,2023-05-08,NEDAP,2023-05-08T03:33:00Z,2023-05-08T03:45:27Z,747,395,2107,55000,1908,,66
982091101532966,2023-05-08,NEDAP,2023-05-08T04:20:00Z,2023-05-08T04:22:03Z,123,30,2107,54000,1908,,66
982091101532966,2023-05-08,NEDAP,2023-05-08T05:32:00Z,2023-05-08T05:45:18Z,798,372,2107,54000,1908,,66
982091101532966,2023-05-08,NEDAP,2023-05-08T08:59:00Z,2023-05-08T08:59:19Z,19,7,2107,,1908,,66
982091101532966,2023-05-08,NEDAP,2023-05-08T10:23:00Z,2023-05-08T10:41:44Z,1124,769,2107,55000,1908,,66
982091101532966,2023-05-08,NEDAP,2023-05-08T10:59:00Z,2023-05-08T11:00:24Z,84,47,2107,55500,1908,,66
982091101532966,2023-05-08,NEDAP,2023-05-08T13:40:00Z,2023-05-08T13:45:02Z,302,111,2107,56500,1908,,66
982091101532966,2023-05-08,NEDAP,2023-05-08T17:04:00Z,2023-05-08T17:13:40Z,580,376,2107,56500,1908,,66
982091101532966,2023-05-09,NEDAP,2023-05-09T02:53:00Z,2023-05-09T02:56:39Z,219,121,2040,54500,1908,,66
982091101532966,2023-05-09,NEDAP,2023-05-09T04:04:00Z,2023-05-09T04:17:18Z,798,531,2040,54500,1908,,66
982091101532966,2023-05-09,NEDAP,2023-05-09T06:58:00Z,2023-05-09T07:08:41Z,641,268,2040,56000,1908,,66
982091101532966,2023-05-09,NEDAP,2023-05-09T09:07:00Z,2023-05-09T09:16:11Z,551,270,2040,56000,1908,,66
982091101532966,2023-05-09,NEDAP,2023-05-09T12:22:00Z,2023-05-09T12:34:11Z,731,415,2040,56000,1908,,66
982091101532966,2023-05-09,NEDAP,2023-05-09T15:29:00Z,2023-05-09T15:39:30Z,630,435,2040,57000,1908,,66
982091101532966,2023-05-10,NEDAP,2023-05-10T03:16:00Z,2023-05-10T03:37:16Z,1276,657,2573,56000,1908,,66
982091101532966,2023-05-10,NEDAP,2023-05-10T07:20:00Z,2023-05-10T07:35:21Z,921,543,2573,56500,1908,,66
982091101532966,2023-05-10,NEDAP,2023-05-10T11:07:00Z,2023-05-10T11:18:09Z,669,480,2573,57000,1908,,66
982091101532966,2023-05-10,NEDAP,2023-05-10T12:23:00Z,2023-05-10T12:33:39Z,639,367,2573,58500,1908,,66
982091101532966,2023-05-10,NEDAP,2023-05-10T14:09:00Z,2023-05-10T14:09:34Z,34,11,2573,,1908,,66
982091101532966,2023-05-10,NEDAP,2023-05-10T16:36:00Z,2023-05-10T16:37:57Z,117,25,2573,57500,1908,,66
982091101532966,2023-05-10,NEDAP,2023-05-10T18:22:00Z,2023-05-10T18:32:07Z,607,411,2573,58000,1908,,66
982091101532966,2023-05-10,NEDAP,2023-05-10T18:44:00Z,2023-05-10T18:47:06Z,186,79,2573,58000,1908,,66
982091101532966,2023-05-11,NEDAP,2023-05-11T03:52:00Z,2023-05-11T04:05:17Z,797,510,2321,58000,1908,,66
982091101532966,2023-05-11,NEDAP,2023-05-11T06:00:00Z,2023-05-11T06:03:38Z,218,74,2321,58500,1908,,66
982091101532966,2023-05-11,NEDAP,2023-05-11T08:05:00Z,2023-05-11T08:13:27Z,507,299,2321,58000,1908,,66
982091101532966,2023-05-11,NEDAP,2023-05-11T10:53:00Z,2023-05-11T11:12:08Z,1148,566,2321,59000,1908,,66
982091101532966,2023-05-11,NEDAP,2023-05-11T14:25:00Z,2023-05-11T14:27:30Z,150,45,2321,59500,1908,,66
982091101532966,2023-05-11,NEDAP,2023-05-11T16:22:00Z,2023-05-11T16:29:33Z,453,249,2321,58500,1908,,66
982091101532966,2023-05-11,NEDAP,2023-05-11T19:44:00Z,2023-05-11T19:57:02Z,782,578,2321,59000,1908,,66
982091101532966,2023-05-12,NEDAP,2023-05-12T03:08:00Z,2023-05-12T03:12:30Z,270,160,2386,59500,1908,,66
982091101532966,2023-05-12,NEDAP,2023-05-12T04:16:00Z,2023-05-12T04:27:25Z,685,423,2386,58500,1908,,66
982091101532966,2023-05-12,NEDAP,2023-05-12T07:53:00Z,2023-05-12T08:10:17Z,1037,581,2386,60000,1908,,66
982091101532966,2023-05-12,NEDAP,2023-05-12T10:42:00Z,2023-05-12T10:52:21Z,621,436,2386,60500,1908,,66
982091101532966,2023-05-12,NEDAP,2023-05-12T14:04:00Z,2023-05-12T14:10:43Z,403,253,2386,61000,1908,,66
982091101532966,2023-05-12,NEDAP,2023-05-12T14:12:00Z,2023-05-12T14:18:12Z,372,275,2386,61000,1908,,66
982091101532966,2023-05-12,NEDAP,2023-05-12T17:20:00Z,2023-05-12T17:22:06Z,126,89,2386,61000,1908,,66
982091101532966,2023-05-12,NEDAP,2023-05-12T21:23:00Z,2023-05-12T21:30:20Z,440,158,2386,60000,1908,,66
982091101532966,2023-05-12,NEDAP,2023-05-12T21:31:00Z,2023-05-12T21:31:15Z,15,11,2386,,1908,,66
982091101532966,2023-05-13,NEDAP,2023-05-13T04:14:00Z,2023-05-13T04:27:55Z,835,439,2573,59000,1908,,66
982091101532966,2023-05-13,NEDAP,2023-05-13T07:52:00Z,2023-05-13T08:08:38Z,998,494,2573,59500,1908,,66
982091101532966,2023-05-13,NEDAP,2023-05-13T08:13:00Z,2023-05-13T08:14:05Z,65,9,2573,59000,1908,,66
982091101532966,2023-05-13,NEDAP,2023-05-13T10:04:00Z,2023-05-13T10:15:55Z,715,597,2573,60500,1908,,66
982091101532966,2023-05-13,NEDAP,2023-05-13T14:32:00Z,2023-05-13T14:45:48Z,828,688,2573,61000,1908,,66
982091101532966,2023-05-13,NEDAP,2023-05-13T16:50:00Z,2023-05-13T16:57:23Z,443,311,2573,61500,1908,,66
982091101532966,2023-05-13,NEDAP,2023-05-13T20:14:00Z,2023-05-13T20:14:53Z,53,35,2573,,1908,,66
982091101532966,2023-05-14,NEDAP,2023-05-14T04:31:00Z,2023-05-14T04:41:06Z,606,268,2516,59500,1908,,66
982091101532966,2023-05-14,NEDAP,2023-05-14T06:16:00Z,2023-05-14T06:20:47Z,287,98,2516,60500,1908,,66
982091101532966,2023-05-14,NEDAP,2023-05-14T06:38:00Z,2023-05-14T06:49:48Z,708,444,2516,60500,1908,,66
982091101532966,2023-05-14,NEDAP,2023-05-14T11:10:00Z,2023-05-14T11:28:57Z,1137,816,2516,61500,1908,,66
982091101532966,2023-05-14,NEDAP,2023-05-14T14:50:00Z,2023-05-14T14:50:10Z,10,2,2516,,1908,,66
982091101532966,2023-05-14,NEDAP,2023-05-14T15:52:00Z,2023-05-14T16:01:36Z,576,411,2516,61500,1908,,66
982091101532966,2023-05-14,NEDAP,2023-05-14T16:35:00Z,2023-05-14T16:40:33Z,333,243,2516,62000,1908,,66
982091101532966,2023-05-14,NEDAP,2023-05-14T17:27:00Z,2023-05-14T17:29:30Z,150,84,2516,62500,1908,,66
982091101532966,2023-05-14,NEDAP,2023-05-14T19:43:00Z,2023-05-14T19:47:03Z,243,150,2516,62500,1908,,66
982091101532966,2023-05-15,NEDAP,2023-05-15T04:03:00Z,2023-05-15T04:09:36Z,396,160,2520,62000,1908,,66
982091101532966,2023-05-15,NEDAP,2023-05-15T04:23:00Z,2023-05-15T04:30:25Z,445,315,2520,62500,1908,,66
982091101532966,2023-05-15,NEDAP,2023-05-15T04:32:00Z,2023-05-15T04:37:33Z,333,229,2520,61500,1908,,66
982091101532966,2023-05-15,NEDAP,2023-05-15T07:44:00Z,2023-05-15T07:50:27Z,387,106,2520,62500,1908,,66
982091101532966,2023-05-15,NEDAP,2023-05-15T08:02:00Z,2023-05-15T08:10:04Z,484,297,2520,62000,1908,,66
982091101532966,2023-05-15,NEDAP,2023-05-15T11:07:00Z,2023-05-15T11:21:07Z,847,521,2520,62000,1908,,66
982091101532966,2023-05-15,NEDAP,2023-05-15T13:55:00Z,2023-05-15T14:07:54Z,774,483,2520,62500,1908,,66
982091101532966,2023-05-15,NEDAP,2023-05-15T15:21:00Z,2023-05-15T15:26:33Z,333,261,2520,63500,1908,,66
982091101532966,2023-05-15,NEDAP,2023-05-15T16:12:00Z,2023-05-15T16:12:50Z,50,4,2520,,1908,,66
982091101532966,2023-05-15,NEDAP,2023-05-15T16:15:00Z,2023-05-15T16:18:03Z,183,144,2520,63500,1908,,66
982091101532966,2023-05-16,NEDAP,2023-05-16T01:04:00Z,2023-05-16T01:17:42Z,822,481,3223,63000,1908,,66
982091101532966,2023-05-16,NEDAP,2023-05-16T04:48:00Z,2023-05-16T04:59:31Z,691,316,3223,63000,1908,,66
982091101532966,2023-05-16,NEDAP,2023-05-16T06:16:00Z,2023-05-16T06:27:40Z,700,533,3223,63500,1908,,66
982091101532966,2023-05-16,NEDAP,2023-05-16T08:31:00Z,2023-05-16T08:38:51Z,471,331,3223,64000,1908,,66
982091101532966,2023-05-16,NEDAP,2023-05-16T09:34:00Z,2023-05-16T09:40:19Z,379,257,3223,65000,1908,,66
982091101532966,2023-05-16,NEDAP,2023-05-16T12:33:00Z,2023-05-16T12:34:08Z,68,12,3223,64500,1908,,66
982091101532966,2023-05-16,NEDAP,2023-05-16T13:09:00Z,2023-05-16T13:09:16Z,16,6,3223,,1908,,66
982091101532966,2023-05-16,NEDAP,2023-05-16T13:29:00Z,2023-05-16T13:34:00Z,300,123,3223,64000,1908,,66
982091101532966,2023-05-16,NEDAP,2023-05-16T13:47:00Z,2023-05-16T13:58:45Z,705,526,3223,63500,1908,,66
982091101532966,2023-05-16,NEDAP,2023-05-16T14:45:00Z,2023-05-16T14:48:27Z,207,121,3223,65500,1908,,66
982091101532966,2023-05-16,NEDAP,2023-05-16T17:56:00Z,2023-05-16T18:04:46Z,526,356,3223,64500,1908,,66
982091101532966,2023-05-16,NEDAP,2023-05-16T20:36:00Z,2023-05-16T20:40:25Z,265,161,3223,65500,1908,,66
982091101532966,2023-05-17,NEDAP,2023-05-17T05:29:00Z,2023-05-17T05:44:51Z,951,596,2219,65000,1908,,66
982091101532966,2023-05-17,NEDAP,2023-05-17T08:06:00Z,2023-05-17T08:11:35Z,335,212,2219,65000,1908,,66
982091101532966,2023-05-17,NEDAP,2023-05-17T11:25:00Z,2023-05-17T11:39:19Z,859,682,2219,65000,1908,,66
982091101532966,2023-05-17,NEDAP,2023-05-17T14:01:00Z,2023-05-17T14:09:32Z,512,440,2219,65500,1908,,66
982091101532966,2023-05-17,NEDAP,2023-05-17T16:05:00Z,2023-05-17T16:10:33Z,333,289,2219,66000,1908,,66
982091101532966,2023-05-18,NEDAP,2023-05-18T00:09:00Z,2023-05-18T00:22:35Z,815,587,2799,65500,1908,,66
982091101532966,2023-05-18,NEDAP,2023-05-18T05:28:00Z,2023-05-18T05:34:46Z,406,221,2799,65500,1908,,66
982091101532966,2023-05-18,NEDAP,2023-05-18T07:11:00Z,2023-05-18T07:24:26Z,806,509,2799,65000,1908,,66
982091101532966,2023-05-18,NEDAP,2023-05-18T09:45:00Z,2023-05-18T09:46:03Z,63,50,2799,65000,1908,,66
982091101532966,2023-05-18,NEDAP,2023-05-18T10:45:00Z,2023-05-18T10:48:50Z,230,124,2799,65500,1908,,66
982091101532966,2023-05-18,NEDAP,2023-05-18T10:52:00Z,2023-05-18T10:55:50Z,230,113,2799,65500,1908,,66
982091101532966,2023-05-18,NEDAP,2023-05-18T12:51:00Z,2023-05-18T13:00:28Z,568,296,2799,67000,1908,,66
982091101532966,2023-05-18,NEDAP,2023-05-18T13:03:00Z,2023-05-18T13:10:23Z,443,315,2799,67000,1908,,66
982091101532966,2023-05-18,NEDAP,2023-05-18T15:04:00Z,2023-05-18T15:07:29Z,209,163,2799,67000,1908,,66
982091101532966,2023-05-18,NEDAP,2023-05-18T15:19:00Z,2023-05-18T15:27:28Z,508,421,2799,67500,1908,,66
982091101532966,2023-05-19,NEDAP,2023-05-19T04:27:00Z,2023-05-19T04:35:37Z,517,228,2618,66000,1908,,66
982091101532966,2023-05-19,NEDAP,2023-05-19T06:47:00Z,2023-05-19T06:59:25Z,745,326,2618,65500,1908,,66
982091101532966,2023-05-19,NEDAP,2023-05-19T09:19:00Z,2023-05-19T09:35:53Z,1013,824,2618,67000,1908,,66
982091101532966,2023-05-19,NEDAP,2023-05-19T12:48:00Z,2023-05-19T12:58:36Z,636,423,2618,68000,1908,,66
982091101532966,2023-05-19,NEDAP,2023-05-19T13:34:00Z,2023-05-19T13:35:55Z,115,70,2618,68500,1908,,66
982091101532966,2023-05-19,NEDAP,2023-05-19T16:20:00Z,2023-05-19T16:25:12Z,312,314,2618,68000,1908,,66
982091101532966,2023-05-19,NEDAP,2023-05-19T16:41:00Z,2023-05-19T16:49:49Z,529,433,2618,68000,1908,,66
982091101532966,2023-05-20,NEDAP,2023-05-20T00:19:00Z,2023-05-20T00:27:17Z,497,276,3192,69000,1908,,66
982091101532966,2023-05-20,NEDAP,2023-05-20T03:57:00Z,2023-05-20T04:05:17Z,497,343,3192,68500,1908,,66
982091101532966,2023-05-20,NEDAP,2023-05-20T07:03:00Z,2023-05-20T07:10:26Z,446,270,3192,69000,1908,,66
982091101532966,2023-05-20,NEDAP,2023-05-20T09:18:00Z,2023-05-20T09:19:11Z,71,60,3192,68250,1908,,66
982091101532966,2023-05-20,NEDAP,2023-05-20T09:28:00Z,2023-05-20T09:39:34Z,694,631,3192,68500,1908,,66
982091101532966,2023-05-20,NEDAP,2023-05-20T11:46:00Z,2023-05-20T11:46:52Z,52,50,3192,,1908,,66
982091101532966,2023-05-20,NEDAP,2023-05-20T13:16:00Z,2023-05-20T13:17:21Z,81,37,3192,69500,1908,,66
982091101532966,2023-05-20,NEDAP,2023-05-20T13:57:00Z,2023-05-20T14:04:22Z,442,186,3192,69500,1908,,66
982091101532966,2023-05-20,NEDAP,2023-05-20T14:13:00Z,2023-05-20T14:19:02Z,362,285,3192,69500,1908,,66
982091101532966,2023-05-20,NEDAP,2023-05-20T14:32:00Z,2023-05-20T14:34:57Z,177,116,3192,69500,1908,,66
982091101532966,2023-05-20,NEDAP,2023-05-20T16:55:00Z,2023-05-20T17:03:50Z,530,528,3192,69000,1908,,66
982091101532966,2023-05-20,NEDAP,2023-05-20T22:49:00Z,2023-05-20T22:58:54Z,594,410,3192,69000,1908,,66
982091101532966,2023-05-21,NEDAP,2023-05-21T06:09:00Z,2023-05-21T06:19:01Z,601,397,2474,68500,1908,,66
982091101532966,2023-05-21,NEDAP,2023-05-21T09:01:00Z,2023-05-21T09:14:26Z,806,705,2474,68000,1908,,66
982091101532966,2023-05-21,NEDAP,2023-05-21T13:36:00Z,2023-05-21T13:49:03Z,783,726,2474,69500,1908,,66
982091101532966,2023-05-21,NEDAP,2023-05-21T16:08:00Z,2023-05-21T16:12:17Z,257,226,2474,70500,1908,,66
982091101532966,2023-05-21,NEDAP,2023-05-21T21:43:00Z,2023-05-21T21:51:56Z,536,420,2474,71000,1908,,66
982091101532966,2023-05-22,NEDAP,2023-05-22T15:03:00Z,2023-05-22T15:15:58Z,778,373,1116,67500,1908,,66
982091101532966,2023-05-22,NEDAP,2023-05-22T15:48:00Z,2023-05-22T15:48:59Z,59,33,1116,,1908,,66
982091101532966,2023-05-22,NEDAP,2023-05-22T17:11:00Z,2023-05-22T17:18:21Z,441,289,1116,69500,1908,,66
982091101532966,2023-05-22,NEDAP,2023-05-22T19:28:00Z,2023-05-22T19:37:45Z,585,421,1116,69000,1908,,66
982091101532966,2023-05-23,NEDAP,2023-05-23T05:16:00Z,2023-05-23T05:30:12Z,852,527,2609,69500,1908,,66
982091101532966,2023-05-23,NEDAP,2023-05-23T06:51:00Z,2023-05-23T06:58:12Z,432,269,2609,69000,1908,,66
982091101532966,2023-05-23,NEDAP,2023-05-23T08:09:00Z,2023-05-23T08:16:18Z,438,284,2609,70000,1908,,66
982091101532966,2023-05-23,NEDAP,2023-05-23T11:21:00Z,2023-05-23T11:28:44Z,464,331,2609,71000,1908,,66
982091101532966,2023-05-23,NEDAP,2023-05-23T12:13:00Z,2023-05-23T12:19:52Z,412,328,2609,70000,1908,,66
982091101532966,2023-05-23,NEDAP,2023-05-23T12:38:00Z,2023-05-23T12:39:12Z,72,48,2609,70000,1908,,66
982091101532966,2023-05-23,NEDAP,2023-05-23T14:18:00Z,2023-05-23T14:18:26Z,26,14,2609,,1908,,66
982091101532966,2023-05-23,NEDAP,2023-05-23T15:35:00Z,2023-05-23T15:38:18Z,198,223,2609,70500,1908,,66
982091101532966,2023-05-23,NEDAP,2023-05-23T16:09:00Z,2023-05-23T16:17:59Z,539,543,2609,71000,1908,,66
982091101532966,2023-05-23,NEDAP,2023-05-23T16:55:00Z,2023-05-23T16:56:16Z,76,42,2609,71500,1908,,66
982091101532966,2023-05-24,NEDAP,2023-05-24T02:27:00Z,2023-05-24T02:38:36Z,696,459,3592,70500,1908,,66
982091101532966,2023-05-24,NEDAP,2023-05-24T05:41:00Z,2023-05-24T05:44:05Z,185,144,3592,71500,1908,,66
982091101532966,2023-05-24,NEDAP,2023-05-24T06:48:00Z,2023-05-24T06:51:06Z,186,106,3592,72000,1908,,66
982091101532966,2023-05-24,NEDAP,2023-05-24T07:08:00Z,2023-05-24T07:08:33Z,33,13,3592,,1908,,66
982091101532966,2023-05-24,NEDAP,2023-05-24T07:36:00Z,2023-05-24T07:42:18Z,378,303,3592,71500,1908,,66
982091101532966,2023-05-24,NEDAP,2023-05-24T09:39:00Z,2023-05-24T09:52:46Z,826,673,3592,72500,1908,,66
982091101532966,2023-05-24,NEDAP,2023-05-24T13:57:00Z,2023-05-24T14:07:02Z,602,461,3592,71500,1908,,66
982091101532966,2023-05-24,NEDAP,2023-05-24T14:45:00Z,2023-05-24T14:48:25Z,205,226,3592,73000,1908,,66
982091101532966,2023-05-24,NEDAP,2023-05-24T17:53:00Z,2023-05-24T18:07:04Z,844,870,3592,72500,1908,,66
982091101532966,2023-05-24,NEDAP,2023-05-24T23:07:00Z,2023-05-24T23:14:23Z,443,337,3592,74000,1908,,66
982091101532966,2023-05-25,NEDAP,2023-05-25T05:23:00Z,2023-05-25T05:37:04Z,844,594,2462,72500,1908,,66
982091101532966,2023-05-25,NEDAP,2023-05-25T08:42:00Z,2023-05-25T08:43:33Z,93,76,2462,73500,1908,,66
982091101532966,2023-05-25,NEDAP,2023-05-25T09:09:00Z,2023-05-25T09:20:06Z,666,643,2462,73500,1908,,66
982091101532966,2023-05-25,NEDAP,2023-05-25T13:05:00Z,2023-05-25T13:11:03Z,363,285,2462,74500,1908,,66
982091101532966,2023-05-25,NEDAP,2023-05-25T13:45:00Z,2023-05-25T13:47:48Z,168,164,2462,73500,1908,,66
982091101532966,2023-05-25,NEDAP,2023-05-25T13:49:00Z,2023-05-25T13:53:00Z,240,245,2462,74000,1908,,66
982091101532966,2023-05-25,NEDAP,2023-05-25T17:18:00Z,2023-05-25T17:26:20Z,500,455,2462,74000,1908,,66
982091101532966,2023-05-26,NEDAP,2023-05-26T10:26:00Z,2023-05-26T10:42:27Z,987,640,1470,70500,1908,,66
982091101532966,2023-05-26,NEDAP,2023-05-26T15:18:00Z,2023-05-26T15:29:49Z,709,531,1470,71500,1908,,66
982091101532966,2023-05-26,NEDAP,2023-05-26T17:35:00Z,2023-05-26T17:42:07Z,427,299,1470,74000,1908,,66
982091101532966,2023-05-27,NEDAP,2023-05-27T00:03:00Z,2023-05-27T00:17:18Z,858,682,3627,74000,1908,,66
982091101532966,2023-05-27,NEDAP,2023-05-27T06:52:00Z,2023-05-27T06:58:46Z,406,170,3627,74000,1908,,66
982091101532966,2023-05-27,NEDAP,2023-05-27T08:28:00Z,2023-05-27T08:31:07Z,187,115,3627,74000,1908,,66
982091101532966,2023-05-27,NEDAP,2023-05-27T08:43:00Z,2023-05-27T08:53:40Z,640,593,3627,74500,1908,,66
982091101532966,2023-05-27,NEDAP,2023-05-27T13:10:00Z,2023-05-27T13:22:44Z,764,748,3627,75000,1908,,66
982091101532966,2023-05-27,NEDAP,2023-05-27T14:41:00Z,2023-05-27T14:43:30Z,150,147,3627,76000,1908,,66
982091101532966,2023-05-27,NEDAP,2023-05-27T16:14:00Z,2023-05-27T16:15:29Z,89,72,3627,75500,1908,,66
982091101532966,2023-05-27,NEDAP,2023-05-27T18:01:00Z,2023-05-27T18:10:42Z,582,499,3627,75500,1908,,66
982091101532966,2023-05-27,NEDAP,2023-05-27T22:44:00Z,2023-05-27T22:54:41Z,641,601,3627,77000,1908,,66
982091101532966,2023-05-28,NEDAP,2023-05-28T05:18:00Z,2023-05-28T05:31:42Z,822,705,2645,77500,1908,,66
982091101532966,2023-05-28,NEDAP,2023-05-28T08:38:00Z,2023-05-28T08:38:57Z,57,51,2645,,1908,,66
982091101532966,2023-05-28,NEDAP,2023-05-28T10:47:00Z,2023-05-28T11:01:08Z,848,801,2645,76500,1908,,66
982091101532966,2023-05-28,NEDAP,2023-05-28T15:39:00Z,2023-05-28T15:40:20Z,80,46,2645,77500,1908,,66
982091101532966,2023-05-28,NEDAP,2023-05-28T16:02:00Z,2023-05-28T16:04:26Z,146,147,2645,77500,1908,,66
982091101532966,2023-05-28,NEDAP,2023-05-28T16:08:00Z,2023-05-28T16:16:07Z,487,463,2645,78500,1908,,66
982091101532966,2023-05-28,NEDAP,2023-05-28T17:20:00Z,2023-05-28T17:26:42Z,402,432,2645,78500,1908,,66
982091101532966,2023-05-29,NEDAP,2023-05-29T01:29:00Z,2023-05-29T01:42:34Z,814,695,2496,78500,1908,,66
982091101532966,2023-05-29,NEDAP,2023-05-29T06:03:00Z,2023-05-29T06:07:35Z,275,190,2496,78500,1908,,66
982091101532966,2023-05-29,NEDAP,2023-05-29T06:30:00Z,2023-05-29T06:31:29Z,89,102,2496,78000,1908,,66
982091101532966,2023-05-29,NEDAP,2023-05-29T06:34:00Z,2023-05-29T06:35:12Z,72,45,2496,78500,1908,,66
982091101532966,2023-05-29,NEDAP,2023-05-29T06:41:00Z,2023-05-29T06:41:45Z,45,35,2496,,1908,,66
982091101532966,2023-05-29,NEDAP,2023-05-29T08:07:00Z,2023-05-29T08:08:00Z,60,69,2496,,1908,,66
982091101532966,2023-05-29,NEDAP,2023-05-29T11:05:00Z,2023-05-29T11:06:21Z,81,50,2496,76000,1908,,66
982091101532966,2023-05-29,NEDAP,2023-05-29T13:30:00Z,2023-05-29T13:36:37Z,397,384,2496,76500,1908,,66
982091101532966,2023-05-29,NEDAP,2023-05-29T15:16:00Z,2023-05-29T15:21:44Z,344,357,2496,77500,1908,,66
982091101532966,2023-05-29,NEDAP,2023-05-29T18:13:00Z,2023-05-29T18:21:48Z,528,560,2496,77500,1908,,66
982091101532966,2023-05-29,NEDAP,2023-05-29T20:38:00Z,2023-05-29T20:38:15Z,15,9,2496,,1908,,66
982091101532966,2023-05-30,NEDAP,2023-05-30T05:15:00Z,2023-05-30T05:24:41Z,581,546,1938,76000,1908,,66
982091101532966,2023-05-30,NEDAP,2023-05-30T08:55:00Z,2023-05-30T08:58:49Z,229,207,1938,77500,1908,,66
982091101532966,2023-05-30,NEDAP,2023-05-30T10:53:00Z,2023-05-30T10:55:19Z,139,74,1938,78500,1908,,66
982091101532966,2023-05-30,NEDAP,2023-05-30T11:11:00Z,2023-05-30T11:14:58Z,238,253,1938,78000,1908,,66
982091101532966,2023-05-30,NEDAP,2023-05-30T14:35:00Z,2023-05-30T14:35:46Z,46,12,1938,,1908,,66
982091101532966,2023-05-30,NEDAP,2023-05-30T14:40:00Z,2023-05-30T14:43:27Z,207,193,1938,78000,1908,,66
982091101532966,2023-05-30,NEDAP,2023-05-30T15:11:00Z,2023-05-30T15:12:26Z,86,74,1938,77500,1908,,66
982091101532966,2023-05-30,NEDAP,2023-05-30T15:17:00Z,2023-05-30T15:17:54Z,54,64,1938,,1908,,66
982091101532966,2023-05-30,NEDAP,2023-05-30T17:06:00Z,2023-05-30T17:06:20Z,20,1,1938,,1908,,66
982091101532966,2023-05-30,NEDAP,2023-05-30T17:08:00Z,2023-05-30T17:08:13Z,13,2,1938,,1908,,66
982091101532966,2023-05-30,NEDAP,2023-05-30T17:10:00Z,2023-05-30T17:12:16Z,136,119,1938,79000,1908,,66
982091101532966,2023-05-30,NEDAP,2023-05-30T17:49:00Z,2023-05-30T17:51:17Z,137,70,1938,78500,1908,,66
982091101532966,2023-05-30,NEDAP,2023-05-30T19:56:00Z,2023-05-30T20:02:21Z,381,323,1938,79000,1908,,66
982091101532966,2023-05-31,NEDAP,2023-05-31T05:05:00Z,2023-05-31T05:07:03Z,123,76,2148,78500,1908,,66
982091101532966,2023-05-31,NEDAP,2023-05-31T05:46:00Z,2023-05-31T05:55:10Z,550,453,2148,78500,1908,,66
982091101532966,2023-05-31,NEDAP,2023-05-31T11:37:00Z,2023-05-31T11:51:51Z,891,794,2148,78500,1908,,66
982091101532966,2023-05-31,NEDAP,2023-05-31T16:04:00Z,2023-05-31T16:07:45Z,225,190,2148,80500,1908,,66
982091101532966,2023-05-31,NEDAP,2023-05-31T17:44:00Z,2023-05-31T17:54:12Z,612,635,2148,80000,1908,,66
982091101532966,2023-06-01,NEDAP,2023-06-01T05:58:00Z,2023-06-01T06:04:07Z,367,194,2041,80000,1908,,66
982091101532966,2023-06-01,NEDAP,2023-06-01T06:59:00Z,2023-06-01T07:11:38Z,758,648,2041,79000,1908,,66
982091101532966,2023-06-01,NEDAP,2023-06-01T14:49:00Z,2023-06-01T14:50:49Z,109,47,2041,81000,1908,,66
982091101532966,2023-06-01,NEDAP,2023-06-01T15:40:00Z,2023-06-01T15:47:47Z,467,443,2041,80500,1908,,66
982091101532966,2023-06-01,NEDAP,2023-06-01T18:58:00Z,2023-06-01T19:04:29Z,389,353,2041,82000,1908,,66
982091101532966,2023-06-01,NEDAP,2023-06-01T21:58:00Z,2023-06-01T22:00:14Z,134,118,2041,82000,1908,,66
982091101532966,2023-06-01,NEDAP,2023-06-01T22:24:00Z,2023-06-01T22:28:08Z,248,238,2041,82000,1908,,66
982091101532966,2023-06-02,NEDAP,2023-06-02T05:59:00Z,2023-06-02T06:13:43Z,883,747,3032,82500,1908,,66
982091101532966,2023-06-02,NEDAP,2023-06-02T11:52:00Z,2023-06-02T12:06:50Z,890,869,3032,81500,1908,,66
982091101532966,2023-06-02,NEDAP,2023-06-02T16:36:00Z,2023-06-02T16:47:17Z,677,586,3032,83000,1908,,66
982091101532966,2023-06-02,NEDAP,2023-06-02T17:14:00Z,2023-06-02T17:18:52Z,292,389,3032,82500,1908,,66
982091101532966,2023-06-02,NEDAP,2023-06-02T21:14:00Z,2023-06-02T21:21:28Z,448,441,3032,83500,1908,,66
982091101532966,2023-06-03,NEDAP,2023-06-03T06:16:00Z,2023-06-03T06:21:19Z,319,132,2991,84000,1908,,66
982091101532966,2023-06-03,NEDAP,2023-06-03T06:44:00Z,2023-06-03T06:45:17Z,77,,2991,82500,1908,,66
982091101532966,2023-06-03,NEDAP,2023-06-03T06:46:00Z,2023-06-03T06:54:31Z,511,403,2991,83500,1908,,66
982091101532966,2023-06-03,NEDAP,2023-06-03T08:57:00Z,2023-06-03T09:03:09Z,369,433,2991,83500,1908,,66
982091101532966,2023-06-03,NEDAP,2023-06-03T12:15:00Z,2023-06-03T12:19:35Z,275,217,2991,84500,1908,,66
982091101532966,2023-06-03,NEDAP,2023-06-03T13:12:00Z,2023-06-03T13:19:01Z,421,416,2991,84500,1908,,66
982091101532966,2023-06-03,NEDAP,2023-06-03T16:03:00Z,2023-06-03T16:13:02Z,602,687,2991,83500,1908,,66
982091101532966,2023-06-03,NEDAP,2023-06-03T17:23:00Z,2023-06-03T17:31:45Z,525,545,2991,85000,1908,,66
982091101532966,2023-06-03,NEDAP,2023-06-03T18:14:00Z,2023-06-03T18:14:49Z,49,23,2991,,1908,,66
982091101532966,2023-06-03,NEDAP,2023-06-03T23:29:00Z,2023-06-03T23:32:08Z,188,134,2991,84500,1908,,66
982091101532966,2023-06-04,NEDAP,2023-06-04T06:54:00Z,2023-06-04T07:01:35Z,455,131,2762,83500,1908,,66
982091101532966,2023-06-04,NEDAP,2023-06-04T07:09:00Z,2023-06-04T07:18:44Z,584,401,2762,83000,1908,,66
982091101532966,2023-06-04,NEDAP,2023-06-04T09:57:00Z,2023-06-04T10:06:13Z,553,565,2762,85000,1908,,66
982091101532966,2023-06-04,NEDAP,2023-06-04T14:55:00Z,2023-06-04T15:09:34Z,874,915,2762,84500,1908,,66
982091101532966,2023-06-04,NEDAP,2023-06-04T19:11:00Z,2023-06-04T19:20:14Z,554,750,2762,85000,1908,,66
982091101532966,2023-06-05,NEDAP,2023-06-05T06:53:00Z,2023-06-05T07:02:39Z,579,431,2866,84500,1908,,66
982091101532966,2023-06-05,NEDAP,2023-06-05T08:04:00Z,2023-06-05T08:08:23Z,263,173,2866,85500,1908,,66
982091101532966,2023-06-05,NEDAP,2023-06-05T10:50:00Z,2023-06-05T10:51:02Z,62,16,2866,83000,1908,,66
982091101532966,2023-06-05,NEDAP,2023-06-05T13:59:00Z,2023-06-05T14:06:57Z,477,368,2866,83000,1908,,66
982091101532966,2023-06-05,NEDAP,2023-06-05T14:33:00Z,2023-06-05T14:34:23Z,83,,2866,83500,1908,,66
982091101532966,2023-06-05,NEDAP,2023-06-05T14:56:00Z,2023-06-05T14:57:41Z,101,46,2866,84000,1908,,66
982091101532966,2023-06-05,NEDAP,2023-06-05T15:44:00Z,2023-06-05T15:50:08Z,368,285,2866,84000,1908,,66
982091101532966,2023-06-05,NEDAP,2023-06-05T16:37:00Z,2023-06-05T16:37:38Z,38,17,2866,,1908,,66
982091101532966,2023-06-05,NEDAP,2023-06-05T16:56:00Z,2023-06-05T17:04:36Z,516,561,2866,85500,1908,,66
982091101532966,2023-06-05,NEDAP,2023-06-05T17:49:00Z,2023-06-05T17:54:14Z,314,206,2866,86500,1908,,66
982091101532966,2023-06-05,NEDAP,2023-06-05T19:06:00Z,2023-06-05T19:11:14Z,314,267,2866,86000,1908,,66
982091101532966,2023-06-05,NEDAP,2023-06-05T19:53:00Z,2023-06-05T19:56:56Z,236,198,2866,87000,1908,,66
982091101532966,2023-06-05,NEDAP,2023-06-05T20:45:00Z,2023-06-05T20:49:54Z,294,297,2866,87000,1908,,66
982091101532966,2023-06-06,NEDAP,2023-06-06T07:58:00Z,2023-06-06T08:05:05Z,425,386,3251,84500,1908,,66
982091101532966,2023-06-06,NEDAP,2023-06-06T12:33:00Z,2023-06-06T12:37:54Z,294,350,3251,84500,1908,,66
982091101532966,2023-06-06,NEDAP,2023-06-06T12:54:00Z,2023-06-06T13:02:46Z,526,554,3251,85000,1908,,66
982091101532966,2023-06-06,NEDAP,2023-06-06T16:31:00Z,2023-06-06T16:38:55Z,475,575,3251,86500,1908,,66
982091101532966,2023-06-06,NEDAP,2023-06-06T18:02:00Z,2023-06-06T18:12:24Z,624,661,3251,87500,1908,,66
982091101532966,2023-06-06,NEDAP,2023-06-06T19:04:00Z,2023-06-06T19:09:15Z,315,290,3251,88500,1908,,66
982091101532966,2023-06-06,NEDAP,2023-06-06T19:44:00Z,2023-06-06T19:45:47Z,107,89,3251,88500,1908,,66
982091101532966,2023-06-06,NEDAP,2023-06-06T23:54:00Z,2023-06-06T23:59:13Z,313,346,3251,88500,1908,,66
982091101532966,2023-06-07,NEDAP,2023-06-07T08:24:00Z,2023-06-07T08:36:18Z,738,806,3056,87500,1908,,66
982091101532966,2023-06-07,NEDAP,2023-06-07T13:08:00Z,2023-06-07T13:15:46Z,466,471,3056,89000,1908,,66
982091101532966,2023-06-07,NEDAP,2023-06-07T15:41:00Z,2023-06-07T15:50:20Z,560,668,3056,89000,1908,,66
982091101532966,2023-06-07,NEDAP,2023-06-07T18:03:00Z,2023-06-07T18:08:55Z,355,379,3056,90000,1908,,66
982091101532966,2023-06-07,NEDAP,2023-06-07T19:00:00Z,2023-06-07T19:04:04Z,244,294,3056,90500,1908,,66
982091101532966,2023-06-07,NEDAP,2023-06-07T19:56:00Z,2023-06-07T19:58:59Z,179,170,3056,90000,1908,,66
982091101532966,2023-06-07,NEDAP,2023-06-07T22:05:00Z,2023-06-07T22:08:17Z,197,268,3056,90500,1908,,66
982091101532966,2023-06-08,NEDAP,2023-06-08T07:52:00Z,2023-06-08T08:04:47Z,767,825,2124,89000,1908,,66
982091101532966,2023-06-08,NEDAP,2023-06-08T16:20:00Z,2023-06-08T16:21:36Z,96,128,2124,90500,1908,,66
982091101532966,2023-06-08,NEDAP,2023-06-08T18:58:00Z,2023-06-08T19:09:56Z,716,991,2124,91000,1908,,66
982091101532966,2023-06-08,NEDAP,2023-06-08T21:50:00Z,2023-06-08T21:52:23Z,143,180,2124,91500,1908,,66
982091101532966,2023-06-09,NEDAP,2023-06-09T08:58:00Z,2023-06-09T09:00:02Z,122,111,2075,89500,1908,,66
982091101532966,2023-06-09,NEDAP,2023-06-09T09:41:00Z,2023-06-09T09:46:17Z,317,358,2075,89500,1908,,66
982091101532966,2023-06-09,NEDAP,2023-06-09T14:21:00Z,2023-06-09T14:21:37Z,37,9,2075,,1908,,66
982091101532966,2023-06-09,NEDAP,2023-06-09T14:24:00Z,2023-06-09T14:31:18Z,438,437,2075,89000,1908,,66
982091101532966,2023-06-09,NEDAP,2023-06-09T17:22:00Z,2023-06-09T17:29:58Z,478,459,2075,91000,1908,,66
982091101532966,2023-06-09,NEDAP,2023-06-09T18:46:00Z,2023-06-09T18:53:54Z,474,544,2075,92000,1908,,66
982091101532966,2023-06-09,NEDAP,2023-06-09T20:08:00Z,2023-06-09T20:10:43Z,163,157,2075,92000,1908,,66
982091101532966,2023-06-10,NEDAP,2023-06-10T00:03:00Z,2023-06-10T00:12:49Z,589,669,3313,91000,1908,,66
982091101532966,2023-06-10,NEDAP,2023-06-10T09:44:00Z,2023-06-10T09:46:39Z,159,204,3313,91500,1908,,66
982091101532966,2023-06-10,NEDAP,2023-06-10T09:50:00Z,2023-06-10T09:57:51Z,471,520,3313,89500,1908,,66
982091101532966,2023-06-10,NEDAP,2023-06-10T14:15:00Z,2023-06-10T14:25:30Z,630,677,3313,91000,1908,,66
982091101532966,2023-06-10,NEDAP,2023-06-10T18:07:00Z,2023-06-10T18:11:09Z,249,261,3313,93500,1908,,66
982091101532966,2023-06-10,NEDAP,2023-06-10T18:31:00Z,2023-06-10T18:38:01Z,421,466,3313,93500,1908,,66
982091101532966,2023-06-10,NEDAP,2023-06-10T19:52:00Z,2023-06-10T19:56:41Z,281,360,3313,93500,1908,,66
982091101532966,2023-06-10,NEDAP,2023-06-10T20:22:00Z,2023-06-10T20:24:20Z,140,156,3313,94000,1908,,66
982091101532966,2023-06-11,NEDAP,2023-06-11T00:23:00Z,2023-06-11T00:25:36Z,156,181,3179,92500,1908,,66
982091101532966,2023-06-11,NEDAP,2023-06-11T08:01:00Z,2023-06-11T08:13:11Z,731,674,3179,91000,1908,,66
982091101532966,2023-06-11,NEDAP,2023-06-11T13:07:00Z,2023-06-11T13:20:25Z,805,891,3179,91500,1908,,66
982091101532966,2023-06-11,NEDAP,2023-06-11T17:20:00Z,2023-06-11T17:21:02Z,62,64,3179,92500,1908,,66
982091101532966,2023-06-11,NEDAP,2023-06-11T17:24:00Z,2023-06-11T17:28:36Z,276,317,3179,93000,1908,,66
982091101532966,2023-06-11,NEDAP,2023-06-11T18:54:00Z,2023-06-11T18:59:13Z,313,371,3179,93000,1908,,66
982091101532966,2023-06-11,NEDAP,2023-06-11T20:57:00Z,2023-06-11T21:04:30Z,450,681,3179,93500,1908,,66
982091101532966,2023-06-12,NEDAP,2023-06-12T07:40:00Z,2023-06-12T07:55:32Z,932,845,3458,92000,1908,,66
982091101532966,2023-06-12,NEDAP,2023-06-12T13:09:00Z,2023-06-12T13:20:05Z,665,745,3458,94500,1908,,66
982091101532966,2023-06-12,NEDAP,2023-06-12T16:27:00Z,2023-06-12T16:35:01Z,481,567,3458,95500,1908,,66
982091101532966,2023-06-12,NEDAP,2023-06-12T18:46:00Z,2023-06-12T18:53:49Z,469,420,3458,95000,1908,,66
982091101532966,2023-06-12,NEDAP,2023-06-12T19:22:00Z,2023-06-12T19:23:09Z,69,61,3458,95000,1908,,66
982091101532966,2023-06-12,NEDAP,2023-06-12T21:21:00Z,2023-06-12T21:30:30Z,570,820,3458,95000,1908,,66
982091101532966,2023-06-13,NEDAP,2023-06-13T08:15:00Z,2023-06-13T08:27:01Z,721,646,3518,93500,1908,,66
982091101532966,2023-06-13,NEDAP,2023-06-13T10:16:00Z,2023-06-13T10:25:21Z,561,554,3518,94500,1908,,66
982091101532966,2023-06-13,NEDAP,2023-06-13T14:28:00Z,2023-06-13T14:38:10Z,610,758,3518,95000,1908,,66
982091101532966,2023-06-13,NEDAP,2023-06-13T19:16:00Z,2023-06-13T19:26:03Z,603,937,3518,95500,1908,,66
982091101532966,2023-06-13,NEDAP,2023-06-13T20:47:00Z,2023-06-13T20:54:06Z,426,623,3518,96000,1908,,66
982091101532966,2023-06-14,NEDAP,2023-06-14T09:13:00Z,2023-06-14T09:20:47Z,467,450,3048,96000,1908,,66
982091101532966,2023-06-14,NEDAP,2023-06-14T12:26:00Z,2023-06-14T12:36:37Z,637,598,3048,94500,1908,,66
982091101532966,2023-06-14,NEDAP,2023-06-14T15:58:00Z,2023-06-14T16:11:00Z,780,974,3048,95500,1908,,66
982091101532966,2023-06-14,NEDAP,2023-06-14T19:08:00Z,2023-06-14T19:13:28Z,328,408,3048,97000,1908,,66
982091101532966,2023-06-14,NEDAP,2023-06-14T19:58:00Z,2023-06-14T20:04:44Z,404,573,3048,97000,1908,,66
982091101532966,2023-06-14,NEDAP,2023-06-14T21:27:00Z,2023-06-14T21:27:48Z,48,45,3048,,1908,,66
982091101532966,2023-06-15,NEDAP,2023-06-15T15:33:00Z,2023-06-15T15:36:18Z,198,240,1861,96500,1908,,66
982091101532966,2023-06-15,NEDAP,2023-06-15T17:51:00Z,2023-06-15T17:55:18Z,258,363,1861,96500,1908,,66
982091101532966,2023-06-15,NEDAP,2023-06-15T18:33:00Z,2023-06-15T18:43:06Z,606,687,1861,97500,1908,,66
982091101532966,2023-06-15,NEDAP,2023-06-15T20:52:00Z,2023-06-15T20:58:40Z,400,571,1861,97500,1908,,66
982091101532966,2023-06-16,NEDAP,2023-06-16T10:37:00Z,2023-06-16T10:51:30Z,870,1030,3321,96000,1908,,66
982091101532966,2023-06-16,NEDAP,2023-06-16T14:24:00Z,2023-06-16T14:27:26Z,206,264,3321,97500,1908,,66
982091101532966,2023-06-16,NEDAP,2023-06-16T16:53:00Z,2023-06-16T17:00:41Z,461,573,3321,97750,1908,,66
982091101532966,2023-06-16,NEDAP,2023-06-16T18:04:00Z,2023-06-16T18:11:14Z,434,649,3321,99500,1908,,66
982091101532966,2023-06-16,NEDAP,2023-06-16T20:12:00Z,2023-06-16T20:22:22Z,622,805,3321,100500,1908,,66
982091101532966,2023-06-17,NEDAP,2023-06-17T19:37:00Z,2023-06-17T19:55:05Z,1085,827,1401,97500,1908,,66
982091101532966,2023-06-17,NEDAP,2023-06-17T22:45:00Z,2023-06-17T22:50:39Z,339,81,1401,97000,1908,,66
982091101532966,2023-06-17,NEDAP,2023-06-17T23:14:00Z,2023-06-17T23:26:20Z,740,493,1401,97500,1908,,66
982091101532966,2023-06-18,NEDAP,2023-06-18T01:55:00Z,2023-06-18T02:02:25Z,445,480,3392,98000,1908,,66
982091101532966,2023-06-18,NEDAP,2023-06-18T10:20:00Z,2023-06-18T10:33:42Z,822,956,3392,98500,1908,,66
982091101532966,2023-06-18,NEDAP,2023-06-18T11:22:00Z,2023-06-18T11:23:09Z,69,50,3392,98500,1908,,66
982091101532966,2023-06-18,NEDAP,2023-06-18T16:13:00Z,2023-06-18T16:22:44Z,584,717,3392,99000,1908,,66
982091101532966,2023-06-18,NEDAP,2023-06-18T17:52:00Z,2023-06-18T18:00:31Z,511,615,3392,1e+05,1908,,66
982091101532966,2023-06-18,NEDAP,2023-06-18T20:47:00Z,2023-06-18T20:52:23Z,323,415,3392,101000,1908,,66
982091101532966,2023-06-18,NEDAP,2023-06-18T21:00:00Z,2023-06-18T21:02:31Z,151,159,3392,102000,1908,,66
982091101532966,2023-06-19,NEDAP,2023-06-19T00:26:00Z,2023-06-19T00:33:08Z,428,531,4007,100500,1908,,66
982091101532966,2023-06-19,NEDAP,2023-06-19T06:18:00Z,2023-06-19T06:30:08Z,728,942,4007,1e+05,1908,,66
982091101532966,2023-06-19,NEDAP,2023-06-19T12:25:00Z,2023-06-19T12:37:57Z,777,900,4007,100500,1908,,66
982091101532966,2023-06-19,NEDAP,2023-06-19T15:46:00Z,2023-06-19T15:47:22Z,82,90,4007,101500,1908,,66
982091101532966,2023-06-19,NEDAP,2023-06-19T16:33:00Z,2023-06-19T16:40:38Z,458,559,4007,102000,1908,,66
982091101532966,2023-06-19,NEDAP,2023-06-19T18:03:00Z,2023-06-19T18:03:27Z,27,25,4007,,1908,,66
982091101532966,2023-06-19,NEDAP,2023-06-19T18:39:00Z,2023-06-19T18:47:41Z,521,642,4007,102500,1908,,66
982091101532966,2023-06-19,NEDAP,2023-06-19T20:23:00Z,2023-06-19T20:28:00Z,300,318,4007,103000,1908,,66
982091101532966,2023-06-20,NEDAP,2023-06-20T00:07:00Z,2023-06-20T00:11:50Z,290,450,4200,101500,1908,,66
982091101532966,2023-06-20,NEDAP,2023-06-20T05:19:00Z,2023-06-20T05:26:48Z,468,675,4200,100500,1908,,66
982091101532966,2023-06-20,NEDAP,2023-06-20T11:38:00Z,2023-06-20T11:48:52Z,652,832,4200,101500,1908,,66
982091101532966,2023-06-20,NEDAP,2023-06-20T16:51:00Z,2023-06-20T17:05:47Z,887,1146,4200,101500,1908,,66
982091101532966,2023-06-20,NEDAP,2023-06-20T21:21:00Z,2023-06-20T21:24:49Z,229,309,4200,103000,1908,,66
982091101532966,2023-06-20,NEDAP,2023-06-20T21:59:00Z,2023-06-20T22:02:13Z,193,312,4200,102000,1908,,66
982091101532966,2023-06-20,NEDAP,2023-06-20T23:26:00Z,2023-06-20T23:31:21Z,321,476,4200,103500,1908,,66
982091101532966,2023-06-21,NEDAP,2023-06-21T11:52:00Z,2023-06-21T12:04:00Z,720,792,2504,101500,1908,,66
982091101532966,2023-06-21,NEDAP,2023-06-21T17:03:00Z,2023-06-21T17:15:37Z,757,780,2504,102500,1908,,66
982091101532966,2023-06-21,NEDAP,2023-06-21T19:54:00Z,2023-06-21T19:54:19Z,19,2,2504,,1908,,66
982091101532966,2023-06-21,NEDAP,2023-06-21T20:18:00Z,2023-06-21T20:20:52Z,172,186,2504,104000,1908,,66
982091101532966,2023-06-21,NEDAP,2023-06-21T20:28:00Z,2023-06-21T20:31:25Z,205,322,2504,102500,1908,,66
982091101532966,2023-06-21,NEDAP,2023-06-21T21:08:00Z,2023-06-21T21:12:35Z,275,138,2504,104500,1908,,66
982091101532966,2023-06-21,NEDAP,2023-06-21T21:32:00Z,2023-06-21T21:36:02Z,242,284,2504,103500,1908,,66
982091101532966,2023-06-22,NEDAP,2023-06-22T00:01:00Z,2023-06-22T00:07:28Z,388,619,3786,104500,1908,,66
982091101532966,2023-06-22,NEDAP,2023-06-22T10:54:00Z,2023-06-22T11:05:01Z,661,693,3786,102000,1908,,66
982091101532966,2023-06-22,NEDAP,2023-06-22T14:20:00Z,2023-06-22T14:26:57Z,417,484,3786,104000,1908,,66
982091101532966,2023-06-22,NEDAP,2023-06-22T16:34:00Z,2023-06-22T16:40:55Z,415,478,3786,102500,1908,,66
982091101532966,2023-06-22,NEDAP,2023-06-22T19:16:00Z,2023-06-22T19:17:37Z,97,30,3786,104500,1908,,66
982091101532966,2023-06-22,NEDAP,2023-06-22T19:21:00Z,2023-06-22T19:28:51Z,471,514,3786,105500,1908,,66
982091101532966,2023-06-22,NEDAP,2023-06-22T20:37:00Z,2023-06-22T20:43:51Z,411,392,3786,106000,1908,,66
982091101532966,2023-06-22,NEDAP,2023-06-22T21:40:00Z,2023-06-22T21:42:26Z,146,143,3786,103000,1908,,66
982091101532966,2023-06-22,NEDAP,2023-06-22T22:13:00Z,2023-06-22T22:18:11Z,311,433,3786,106000,1908,,66
982091101532966,2023-06-23,NEDAP,2023-06-23T00:58:00Z,2023-06-23T00:59:32Z,92,116,3856,105500,1908,,66
982091101532966,2023-06-23,NEDAP,2023-06-23T05:01:00Z,2023-06-23T05:06:20Z,320,90,3856,105500,1908,,66
982091101532966,2023-06-23,NEDAP,2023-06-23T05:38:00Z,2023-06-23T05:43:24Z,324,310,3856,104000,1908,,66
982091101532966,2023-06-23,NEDAP,2023-06-23T12:44:00Z,2023-06-23T12:49:29Z,329,113,3856,103500,1908,,66
982091101532966,2023-06-23,NEDAP,2023-06-23T12:59:00Z,2023-06-23T13:03:43Z,283,169,3856,102500,1908,,66
982091101532966,2023-06-23,NEDAP,2023-06-23T13:25:00Z,2023-06-23T13:27:55Z,175,119,3856,103000,1908,,66
982091101532966,2023-06-23,NEDAP,2023-06-23T13:39:00Z,2023-06-23T13:39:41Z,41,43,3856,,1908,,66
982091101532966,2023-06-23,NEDAP,2023-06-23T14:01:00Z,2023-06-23T14:06:46Z,346,399,3856,104500,1908,,66
982091101532966,2023-06-23,NEDAP,2023-06-23T16:35:00Z,2023-06-23T16:38:40Z,220,320,3856,104500,1908,,66
982091101532966,2023-06-23,NEDAP,2023-06-23T17:02:00Z,2023-06-23T17:02:47Z,47,31,3856,,1908,,66
982091101532966,2023-06-23,NEDAP,2023-06-23T19:05:00Z,2023-06-23T19:19:51Z,891,1236,3856,105000,1908,,66
982091101532966,2023-06-23,NEDAP,2023-06-23T22:02:00Z,2023-06-23T22:09:29Z,449,506,3856,108000,1908,,66
982091101532966,2023-06-23,NEDAP,2023-06-23T22:53:00Z,2023-06-23T22:55:35Z,155,109,3856,106500,1908,,66
982091101532966,2023-06-23,NEDAP,2023-06-23T23:42:00Z,2023-06-23T23:46:26Z,266,295,3856,108500,1908,,66
982091101532966,2023-06-24,NEDAP,2023-06-24T02:45:00Z,2023-06-24T02:45:17Z,17,5,2622,,1908,,66
982091101532966,2023-06-24,NEDAP,2023-06-24T11:45:00Z,2023-06-24T11:56:54Z,714,890,2622,105000,1908,,66
982091101532966,2023-06-24,NEDAP,2023-06-24T14:52:00Z,2023-06-24T14:58:28Z,388,530,2622,106500,1908,,66
982091101532966,2023-06-24,NEDAP,2023-06-24T16:17:00Z,2023-06-24T16:18:07Z,67,99,2622,106000,1908,,66
982091101532966,2023-06-24,NEDAP,2023-06-24T18:13:00Z,2023-06-24T18:26:02Z,782,1097,2622,106500,1908,,66
982091101532966,2023-06-24,NEDAP,2023-06-24T21:54:00Z,2023-06-24T21:55:55Z,115,,2622,107000,1908,,66
982091101532966,2023-06-25,NEDAP,2023-06-25T13:43:00Z,2023-06-25T13:56:28Z,808,495,3118,103500,1908,,66
982091101532966,2023-06-25,NEDAP,2023-06-25T16:31:00Z,2023-06-25T16:43:21Z,741,904,3118,104500,1908,,66
982091101532966,2023-06-25,NEDAP,2023-06-25T20:20:00Z,2023-06-25T20:34:20Z,860,1374,3118,106000,1908,,66
982091101532966,2023-06-25,NEDAP,2023-06-25T21:34:00Z,2023-06-25T21:38:56Z,296,345,3118,108250,1908,,66
982091101532966,2023-06-26,NEDAP,2023-06-26T00:50:00Z,2023-06-26T00:57:40Z,460,624,3177,107750,1908,,66
982091101532966,2023-06-26,NEDAP,2023-06-26T15:11:00Z,2023-06-26T15:18:53Z,473,391,3177,105000,1908,,66
982091101532966,2023-06-26,NEDAP,2023-06-26T15:49:00Z,2023-06-26T15:51:35Z,155,214,3177,104500,1908,,66
982091101532966,2023-06-26,NEDAP,2023-06-26T16:18:00Z,2023-06-26T16:23:39Z,339,561,3177,105500,1908,,66
982091101532966,2023-06-26,NEDAP,2023-06-26T20:18:00Z,2023-06-26T20:28:22Z,622,901,3177,108000,1908,,66
982091101532966,2023-06-26,NEDAP,2023-06-26T23:55:00Z,2023-06-27T00:00:21Z,321,486,3177,106500,1908,,66
982091101532966,2023-06-27,NEDAP,2023-06-27T01:14:00Z,2023-06-27T01:20:49Z,409,649,3249,108000,1908,,66
982091101532966,2023-06-27,NEDAP,2023-06-27T02:11:00Z,2023-06-27T02:11:29Z,29,28,3249,,1908,,66
982091101532966,2023-06-27,NEDAP,2023-06-27T14:16:00Z,2023-06-27T14:29:25Z,805,1024,3249,104000,1908,,66
982091101532966,2023-06-27,NEDAP,2023-06-27T17:45:00Z,2023-06-27T17:52:17Z,437,664,3249,105750,1908,,66
982091101532966,2023-06-27,NEDAP,2023-06-27T20:16:00Z,2023-06-27T20:18:04Z,124,140,3249,105000,1908,,66
982091101532966,2023-06-27,NEDAP,2023-06-27T20:35:00Z,2023-06-27T20:43:41Z,521,744,3249,108500,1908,,66
982091101532966,2023-06-28,NEDAP,2023-06-28T00:08:00Z,2023-06-28T00:12:19Z,259,314,2490,110000,1908,,66
982091101532966,2023-06-28,NEDAP,2023-06-28T00:53:00Z,2023-06-28T01:01:00Z,480,743,2490,108000,1908,,66
982091101532966,2023-06-28,NEDAP,2023-06-28T09:01:00Z,2023-06-28T09:01:43Z,43,18,2490,,1908,,66
982091101532966,2023-06-28,NEDAP,2023-06-28T19:51:00Z,2023-06-28T20:04:00Z,780,413,2490,105500,1908,,66
982091101532966,2023-06-28,NEDAP,2023-06-28T22:04:00Z,2023-06-28T22:11:08Z,428,448,2490,105000,1908,,66
982091101532966,2023-06-28,NEDAP,2023-06-28T23:22:00Z,2023-06-28T23:31:33Z,573,554,2490,105000,1908,,66
982091101532966,2023-06-29,NEDAP,2023-06-29T01:08:00Z,2023-06-29T01:16:26Z,506,571,3653,107000,1908,,66
982091101532966,2023-06-29,NEDAP,2023-06-29T04:27:00Z,2023-06-29T04:34:14Z,434,541,3653,107500,1908,,66
982091101532966,2023-06-29,NEDAP,2023-06-29T16:12:00Z,2023-06-29T16:13:16Z,76,22,3653,108000,1908,,66
982091101532966,2023-06-29,NEDAP,2023-06-29T16:39:00Z,2023-06-29T16:51:00Z,720,694,3653,106000,1908,,66
982091101532966,2023-06-29,NEDAP,2023-06-29T20:38:00Z,2023-06-29T20:38:34Z,34,7,3653,,1908,,66
982091101532966,2023-06-29,NEDAP,2023-06-29T20:41:00Z,2023-06-29T20:51:49Z,649,503,3653,108000,1908,,66
982091101532966,2023-06-29,NEDAP,2023-06-29T21:05:00Z,2023-06-29T21:05:48Z,48,13,3653,,1908,,66
982091101532966,2023-06-29,NEDAP,2023-06-29T23:25:00Z,2023-06-29T23:41:19Z,979,1302,3653,110000,1908,,66
982091101532966,2023-06-30,NEDAP,2023-06-30T02:01:00Z,2023-06-30T02:03:45Z,165,79,3044,113500,1908,,66
982091101532966,2023-06-30,NEDAP,2023-06-30T03:36:00Z,2023-06-30T03:38:55Z,175,157,3044,112500,1908,,66
982091101532966,2023-06-30,NEDAP,2023-06-30T15:37:00Z,2023-06-30T15:48:59Z,719,778,3044,111500,1908,,66
982091101532966,2023-06-30,NEDAP,2023-06-30T20:43:00Z,2023-06-30T21:00:42Z,1062,1459,3044,112500,1908,,66
982091101532966,2023-06-30,NEDAP,2023-06-30T23:56:00Z,2023-07-01T00:03:13Z,433,571,3044,114500,1908,,66
982091101532966,2023-07-01,NEDAP,2023-07-01T01:54:00Z,2023-07-01T01:56:01Z,121,86,1479,116000,1908,,66
982091101532966,2023-07-01,NEDAP,2023-07-01T04:32:00Z,2023-07-01T04:42:08Z,608,832,1479,115000,1908,,66
982091101532966,2023-07-01,NEDAP,2023-07-01T16:05:00Z,2023-07-01T16:12:59Z,479,491,1479,113000,1908,,66
982091101532966,2023-07-01,NEDAP,2023-07-01T16:26:00Z,2023-07-01T16:27:06Z,66,70,1479,112500,1908,,66
982091101535034,2023-04-26,NEDAP,2023-04-26T04:08:00Z,2023-04-26T04:38:09Z,1809,,1850,41000,1908,,66
982091101535034,2023-04-26,NEDAP,2023-04-26T05:25:00Z,2023-04-26T05:31:44Z,404,131,1850,42000,1908,,66
982091101535034,2023-04-26,NEDAP,2023-04-26T08:48:00Z,2023-04-26T09:05:47Z,1067,370,1850,42500,1908,,66
982091101535034,2023-04-26,NEDAP,2023-04-26T09:09:00Z,2023-04-26T09:15:32Z,392,153,1850,42500,1908,,66
982091101535034,2023-04-26,NEDAP,2023-04-26T13:00:00Z,2023-04-26T13:08:31Z,511,164,1850,43000,1908,,66
982091101535034,2023-04-26,NEDAP,2023-04-26T21:33:00Z,2023-04-26T21:54:43Z,1303,429,1850,42000,1908,,66
982091101535034,2023-04-27,NEDAP,2023-04-27T03:43:00Z,2023-04-27T04:05:16Z,1336,458,1528,42000,1908,,66
982091101535034,2023-04-27,NEDAP,2023-04-27T04:56:00Z,2023-04-27T04:58:24Z,144,9,1528,42500,1908,,66
982091101535034,2023-04-27,NEDAP,2023-04-27T05:00:00Z,2023-04-27T05:11:01Z,661,277,1528,42500,1908,,66
982091101535034,2023-04-27,NEDAP,2023-04-27T08:53:00Z,2023-04-27T08:56:07Z,187,,1528,43500,1908,,66
982091101535034,2023-04-27,NEDAP,2023-04-27T10:51:00Z,2023-04-27T11:11:13Z,1213,642,1528,43500,1908,,66
982091101535034,2023-04-27,NEDAP,2023-04-27T15:21:00Z,2023-04-27T15:30:17Z,557,139,1528,44000,1908,,66
982091101535034,2023-04-28,NEDAP,2023-04-28T01:10:00Z,2023-04-28T01:16:40Z,400,40,1968,,1908,,66
982091101535034,2023-04-28,NEDAP,2023-04-28T02:39:00Z,2023-04-28T02:49:22Z,622,155,1968,43000,1908,,66
982091101535034,2023-04-28,NEDAP,2023-04-28T04:40:00Z,2023-04-28T05:12:47Z,1967,,1968,43500,1908,,66
982091101535034,2023-04-28,NEDAP,2023-04-28T07:57:00Z,2023-04-28T08:06:49Z,589,224,1968,44500,1908,,66
982091101535034,2023-04-28,NEDAP,2023-04-28T10:07:00Z,2023-04-28T10:22:00Z,900,371,1968,45000,1908,,66
982091101535034,2023-04-28,NEDAP,2023-04-28T12:16:00Z,2023-04-28T12:18:26Z,146,56,1968,45500,1908,,66
982091101535034,2023-04-28,NEDAP,2023-04-28T14:02:00Z,2023-04-28T14:21:35Z,1175,425,1968,46000,1908,,66
982091101535034,2023-04-29,NEDAP,2023-04-29T01:59:00Z,2023-04-29T02:21:14Z,1334,540,2165,44500,1908,,66
982091101535034,2023-04-29,NEDAP,2023-04-29T03:33:00Z,2023-04-29T03:41:42Z,522,229,2165,45500,1908,,66
982091101535034,2023-04-29,NEDAP,2023-04-29T05:36:00Z,2023-04-29T05:47:01Z,661,185,2165,46000,1908,,66
982091101535034,2023-04-29,NEDAP,2023-04-29T12:38:00Z,2023-04-29T12:53:44Z,944,439,2165,45500,1908,,66
982091101535034,2023-04-29,NEDAP,2023-04-29T15:20:00Z,2023-04-29T15:43:54Z,1434,772,2165,48000,1908,,66
982091101535034,2023-04-30,NEDAP,2023-04-30T03:41:00Z,2023-04-30T04:00:45Z,1185,555,2049,46500,1908,,66
982091101535034,2023-04-30,NEDAP,2023-04-30T08:45:00Z,2023-04-30T09:10:42Z,1542,706,2049,46500,1908,,66
982091101535034,2023-04-30,NEDAP,2023-04-30T13:52:00Z,2023-04-30T14:12:44Z,1244,527,2049,47500,1908,,66
982091101535034,2023-04-30,NEDAP,2023-04-30T15:16:00Z,2023-04-30T15:25:11Z,551,244,2049,48000,1908,,66
982091101535034,2023-04-30,NEDAP,2023-04-30T15:28:00Z,2023-04-30T15:29:28Z,88,17,2049,49000,1908,,66
982091101535034,2023-05-01,NEDAP,2023-05-01T02:59:00Z,2023-05-01T03:19:24Z,1224,503,2363,47500,1908,,66
982091101535034,2023-05-01,NEDAP,2023-05-01T06:46:00Z,2023-05-01T07:10:09Z,1449,525,2363,47000,1908,,66
982091101535034,2023-05-01,NEDAP,2023-05-01T09:16:00Z,2023-05-01T09:27:05Z,665,230,2363,48000,1908,,66
982091101535034,2023-05-01,NEDAP,2023-05-01T13:35:00Z,2023-05-01T13:55:15Z,1215,594,2363,47500,1908,,66
982091101535034,2023-05-01,NEDAP,2023-05-01T15:37:00Z,2023-05-01T15:45:14Z,494,238,2363,48500,1908,,66
982091101535034,2023-05-01,NEDAP,2023-05-01T16:19:00Z,2023-05-01T16:25:12Z,372,198,2363,49500,1908,,66
982091101535034,2023-05-01,NEDAP,2023-05-01T16:32:00Z,2023-05-01T16:34:53Z,173,75,2363,49500,1908,,66
982091101535034,2023-05-02,NEDAP,2023-05-02T04:30:00Z,2023-05-02T04:43:38Z,818,284,2474,49000,1908,,66
982091101535034,2023-05-02,NEDAP,2023-05-02T06:31:00Z,2023-05-02T06:44:53Z,833,290,2474,49000,1908,,66
982091101535034,2023-05-02,NEDAP,2023-05-02T08:30:00Z,2023-05-02T08:48:08Z,1088,509,2474,48500,1908,,66
982091101535034,2023-05-02,NEDAP,2023-05-02T11:39:00Z,2023-05-02T11:47:43Z,523,142,2474,50000,1908,,66
982091101535034,2023-05-02,NEDAP,2023-05-02T12:22:00Z,2023-05-02T12:27:03Z,303,45,2474,49500,1908,,66
982091101535034,2023-05-02,NEDAP,2023-05-02T13:35:00Z,2023-05-02T13:36:21Z,81,33,2474,,1908,,66
982091101535034,2023-05-02,NEDAP,2023-05-02T14:30:00Z,2023-05-02T14:43:04Z,784,309,2474,49000,1908,,66
982091101535034,2023-05-02,NEDAP,2023-05-02T17:10:00Z,2023-05-02T17:31:39Z,1299,847,2474,49500,1908,,66
982091101535034,2023-05-02,NEDAP,2023-05-02T21:56:00Z,2023-05-02T21:57:51Z,111,15,2474,50500,1908,,66
982091101535034,2023-05-03,NEDAP,2023-05-03T04:40:00Z,2023-05-03T04:42:02Z,122,18,2057,,1908,,66
982091101535034,2023-05-03,NEDAP,2023-05-03T07:45:00Z,2023-05-03T08:00:49Z,949,287,2057,48500,1908,,66
982091101535034,2023-05-03,NEDAP,2023-05-03T10:19:00Z,2023-05-03T10:43:27Z,1467,872,2057,49000,1908,,66
982091101535034,2023-05-03,NEDAP,2023-05-03T12:38:00Z,2023-05-03T12:48:10Z,610,310,2057,51500,1908,,66
982091101535034,2023-05-03,NEDAP,2023-05-03T13:20:00Z,2023-05-03T13:22:37Z,157,67,2057,51500,1908,,66
982091101535034,2023-05-03,NEDAP,2023-05-03T16:26:00Z,2023-05-03T16:33:28Z,448,177,2057,51000,1908,,66
982091101535034,2023-05-03,NEDAP,2023-05-03T17:04:00Z,2023-05-03T17:12:42Z,522,190,2057,51500,1908,,66
982091101535034,2023-05-03,NEDAP,2023-05-03T18:11:00Z,2023-05-03T18:16:39Z,339,136,2057,51500,1908,,66
982091101535034,2023-05-04,NEDAP,2023-05-04T04:49:00Z,2023-05-04T05:06:30Z,1050,466,2241,50000,1908,,66
982091101535034,2023-05-04,NEDAP,2023-05-04T07:36:00Z,2023-05-04T07:38:19Z,139,48,2241,51000,1908,,66
982091101535034,2023-05-04,NEDAP,2023-05-04T08:26:00Z,2023-05-04T08:29:47Z,227,73,2241,51500,1908,,66
982091101535034,2023-05-04,NEDAP,2023-05-04T09:14:00Z,2023-05-04T09:19:17Z,317,188,2241,51000,1908,,66
982091101535034,2023-05-04,NEDAP,2023-05-04T12:42:00Z,2023-05-04T13:00:44Z,1124,396,2241,50500,1908,,66
982091101535034,2023-05-04,NEDAP,2023-05-04T14:23:00Z,2023-05-04T14:24:06Z,66,17,2241,51000,1908,,66
982091101535034,2023-05-04,NEDAP,2023-05-04T18:58:00Z,2023-05-04T19:14:33Z,993,471,2241,50500,1908,,66
982091101535034,2023-05-04,NEDAP,2023-05-04T21:26:00Z,2023-05-04T21:41:52Z,952,425,2241,52000,1908,,66
982091101535034,2023-05-04,NEDAP,2023-05-04T23:58:00Z,2023-05-05T00:03:39Z,339,157,2241,51500,1908,,66
982091101535034,2023-05-05,NEDAP,2023-05-05T08:42:00Z,2023-05-05T09:06:15Z,1455,555,2148,50500,1908,,66
982091101535034,2023-05-05,NEDAP,2023-05-05T11:33:00Z,2023-05-05T11:44:30Z,690,272,2148,51000,1908,,66
982091101535034,2023-05-05,NEDAP,2023-05-05T12:05:00Z,2023-05-05T12:13:09Z,489,236,2148,52000,1908,,66
982091101535034,2023-05-05,NEDAP,2023-05-05T17:02:00Z,2023-05-05T17:16:40Z,880,398,2148,51000,1908,,66
982091101535034,2023-05-05,NEDAP,2023-05-05T19:29:00Z,2023-05-05T19:38:39Z,579,196,2148,52000,1908,,66
982091101535034,2023-05-05,NEDAP,2023-05-05T19:44:00Z,2023-05-05T19:52:47Z,527,262,2148,52000,1908,,66
982091101535034,2023-05-05,NEDAP,2023-05-05T21:38:00Z,2023-05-05T21:46:54Z,534,229,2148,53000,1908,,66
982091101535034,2023-05-06,NEDAP,2023-05-06T08:02:00Z,2023-05-06T08:19:27Z,1047,438,2420,52000,1908,,66
982091101535034,2023-05-06,NEDAP,2023-05-06T10:50:00Z,2023-05-06T11:12:34Z,1354,682,2420,52500,1908,,66
982091101535034,2023-05-06,NEDAP,2023-05-06T15:32:00Z,2023-05-06T15:47:43Z,943,367,2420,53000,1908,,66
982091101535034,2023-05-06,NEDAP,2023-05-06T19:05:00Z,2023-05-06T19:09:35Z,275,114,2420,53500,1908,,66
982091101535034,2023-05-06,NEDAP,2023-05-06T20:13:00Z,2023-05-06T20:15:09Z,129,29,2420,53750,1908,,66
982091101535034,2023-05-06,NEDAP,2023-05-06T20:58:00Z,2023-05-06T21:18:34Z,1234,535,2420,54000,1908,,66
982091101535034,2023-05-06,NEDAP,2023-05-06T23:00:00Z,2023-05-06T23:09:18Z,558,255,2420,55000,1908,,66
982091101535034,2023-05-07,NEDAP,2023-05-07T11:02:00Z,2023-05-07T11:31:27Z,1767,779,2211,53000,1908,,66
982091101535034,2023-05-07,NEDAP,2023-05-07T14:45:00Z,2023-05-07T14:59:58Z,898,329,2211,54000,1908,,66
982091101535034,2023-05-07,NEDAP,2023-05-07T20:23:00Z,2023-05-07T20:34:06Z,666,256,2211,54500,1908,,66
982091101535034,2023-05-07,NEDAP,2023-05-07T20:43:00Z,2023-05-07T20:54:57Z,717,442,2211,54500,1908,,66
982091101535034,2023-05-07,NEDAP,2023-05-07T21:35:00Z,2023-05-07T21:38:10Z,190,89,2211,55000,1908,,66
982091101535034,2023-05-07,NEDAP,2023-05-07T23:01:00Z,2023-05-07T23:09:51Z,531,254,2211,55000,1908,,66
982091101535034,2023-05-07,NEDAP,2023-05-07T23:12:00Z,2023-05-07T23:14:07Z,127,18,2211,56000,1908,,66
982091101535034,2023-05-07,NEDAP,2023-05-07T23:54:00Z,2023-05-07T23:55:26Z,86,44,2211,56500,1908,,66
982091101535034,2023-05-08,NEDAP,2023-05-08T09:00:00Z,2023-05-08T09:18:39Z,1119,488,2238,54000,1908,,66
982091101535034,2023-05-08,NEDAP,2023-05-08T11:24:00Z,2023-05-08T11:32:47Z,527,262,2238,55500,1908,,66
982091101535034,2023-05-08,NEDAP,2023-05-08T14:07:00Z,2023-05-08T14:13:59Z,419,156,2238,55000,1908,,66
982091101535034,2023-05-08,NEDAP,2023-05-08T16:47:00Z,2023-05-08T17:02:39Z,939,391,2238,55000,1908,,66
982091101535034,2023-05-08,NEDAP,2023-05-08T21:37:00Z,2023-05-08T22:18:49Z,2509,,2238,55000,1908,,66
982091101535034,2023-05-09,NEDAP,2023-05-09T00:30:00Z,2023-05-09T00:31:37Z,97,34,2251,56500,1908,,66
982091101535034,2023-05-09,NEDAP,2023-05-09T00:47:00Z,2023-05-09T00:49:23Z,143,44,2251,56500,1908,,66
982091101535034,2023-05-09,NEDAP,2023-05-09T01:35:00Z,2023-05-09T01:43:32Z,512,241,2251,56500,1908,,66
982091101535034,2023-05-09,NEDAP,2023-05-09T12:50:00Z,2023-05-09T13:14:51Z,1491,606,2251,55000,1908,,66
982091101535034,2023-05-09,NEDAP,2023-05-09T14:39:00Z,2023-05-09T14:49:35Z,635,288,2251,56000,1908,,66
982091101535034,2023-05-09,NEDAP,2023-05-09T17:41:00Z,2023-05-09T17:55:05Z,845,366,2251,56000,1908,,66
982091101535034,2023-05-09,NEDAP,2023-05-09T18:54:00Z,2023-05-09T18:59:14Z,314,129,2251,56500,1908,,66
982091101535034,2023-05-09,NEDAP,2023-05-09T22:05:00Z,2023-05-09T22:15:09Z,609,286,2251,56500,1908,,66
982091101535034,2023-05-09,NEDAP,2023-05-09T23:48:00Z,2023-05-09T23:57:43Z,583,257,2251,57500,1908,,66
982091101535034,2023-05-10,NEDAP,2023-05-10T01:57:00Z,2023-05-10T02:11:27Z,867,415,2289,57500,1908,,66
982091101535034,2023-05-10,NEDAP,2023-05-10T02:37:00Z,2023-05-10T02:44:11Z,431,153,2289,58000,1908,,66
982091101535034,2023-05-10,NEDAP,2023-05-10T13:08:00Z,2023-05-10T13:26:48Z,1128,371,2289,56000,1908,,66
982091101535034,2023-05-10,NEDAP,2023-05-10T15:40:00Z,2023-05-10T15:44:07Z,247,23,2289,57500,1908,,66
982091101535034,2023-05-10,NEDAP,2023-05-10T16:19:00Z,2023-05-10T16:23:38Z,278,62,2289,56500,1908,,66
982091101535034,2023-05-10,NEDAP,2023-05-10T16:35:00Z,2023-05-10T16:35:59Z,59,24,2289,,1908,,66
982091101535034,2023-05-10,NEDAP,2023-05-10T16:40:00Z,2023-05-10T16:44:27Z,267,77,2289,56500,1908,,66
982091101535034,2023-05-10,NEDAP,2023-05-10T17:03:00Z,2023-05-10T17:15:35Z,755,421,2289,56500,1908,,66
982091101535034,2023-05-10,NEDAP,2023-05-10T20:47:00Z,2023-05-10T21:05:01Z,1081,505,2289,57500,1908,,66
982091101535034,2023-05-10,NEDAP,2023-05-10T22:12:00Z,2023-05-10T22:13:07Z,67,38,2289,58500,1908,,66
982091101535034,2023-05-10,NEDAP,2023-05-10T22:15:00Z,2023-05-10T22:20:48Z,348,200,2289,59000,1908,,66
982091101535034,2023-05-11,NEDAP,2023-05-11T01:29:00Z,2023-05-11T01:38:06Z,546,256,2393,59000,1908,,66
982091101535034,2023-05-11,NEDAP,2023-05-11T03:26:00Z,2023-05-11T03:32:11Z,371,170,2393,59000,1908,,66
982091101535034,2023-05-11,NEDAP,2023-05-11T04:28:00Z,2023-05-11T04:37:46Z,586,322,2393,58500,1908,,66
982091101535034,2023-05-11,NEDAP,2023-05-11T14:38:00Z,2023-05-11T15:02:25Z,1465,598,2393,57500,1908,,66
982091101535034,2023-05-11,NEDAP,2023-05-11T20:25:00Z,2023-05-11T20:54:51Z,1791,770,2393,58000,1908,,66
982091101535034,2023-05-11,NEDAP,2023-05-11T23:36:00Z,2023-05-11T23:47:54Z,714,277,2393,59500,1908,,66
982091101535034,2023-05-12,NEDAP,2023-05-12T00:03:00Z,2023-05-12T00:11:00Z,480,246,2157,59500,1908,,66
982091101535034,2023-05-12,NEDAP,2023-05-12T03:30:00Z,2023-05-12T03:44:35Z,875,433,2157,61000,1908,,66
982091101535034,2023-05-12,NEDAP,2023-05-12T04:28:00Z,2023-05-12T04:29:35Z,95,28,2157,61000,1908,,66
982091101535034,2023-05-12,NEDAP,2023-05-12T05:16:00Z,2023-05-12T05:18:15Z,135,59,2157,60500,1908,,66
982091101535034,2023-05-12,NEDAP,2023-05-12T05:22:00Z,2023-05-12T05:22:55Z,55,20,2157,,1908,,66
982091101535034,2023-05-12,NEDAP,2023-05-12T18:14:00Z,2023-05-12T18:27:49Z,829,102,2157,57500,1908,,66
982091101535034,2023-05-12,NEDAP,2023-05-12T18:33:00Z,2023-05-12T18:41:20Z,500,51,2157,57000,1908,,66
982091101535034,2023-05-12,NEDAP,2023-05-12T18:43:00Z,2023-05-12T19:00:22Z,1042,340,2157,57500,1908,,66
982091101535034,2023-05-12,NEDAP,2023-05-12T22:48:00Z,2023-05-12T23:13:08Z,1508,695,2157,59500,1908,,66
982091101535034,2023-05-12,NEDAP,2023-05-12T23:39:00Z,2023-05-12T23:47:53Z,533,183,2157,58500,1908,,66
982091101535034,2023-05-13,NEDAP,2023-05-13T02:38:00Z,2023-05-13T02:38:39Z,39,5,1773,,1908,,66
982091101535034,2023-05-13,NEDAP,2023-05-13T03:02:00Z,2023-05-13T03:14:12Z,732,301,1773,60000,1908,,66
982091101535034,2023-05-13,NEDAP,2023-05-13T04:04:00Z,2023-05-13T04:09:00Z,300,105,1773,60500,1908,,66
982091101535034,2023-05-13,NEDAP,2023-05-13T04:28:00Z,2023-05-13T04:31:24Z,204,60,1773,60500,1908,,66
982091101535034,2023-05-13,NEDAP,2023-05-13T04:46:00Z,2023-05-13T04:53:29Z,449,251,1773,60500,1908,,66
982091101535034,2023-05-13,NEDAP,2023-05-13T05:11:00Z,2023-05-13T05:13:05Z,125,55,1773,60500,1908,,66
982091101535034,2023-05-13,NEDAP,2023-05-13T22:20:00Z,2023-05-13T22:53:08Z,1988,,1773,58000,1908,,66
982091101535034,2023-05-14,NEDAP,2023-05-14T01:32:00Z,2023-05-14T01:37:12Z,312,89,2498,60000,1908,,66
982091101535034,2023-05-14,NEDAP,2023-05-14T02:20:00Z,2023-05-14T02:32:14Z,734,221,2498,59500,1908,,66
982091101535034,2023-05-14,NEDAP,2023-05-14T03:59:00Z,2023-05-14T04:09:37Z,637,315,2498,60000,1908,,66
982091101535034,2023-05-14,NEDAP,2023-05-14T05:18:00Z,2023-05-14T05:36:28Z,1108,337,2498,60500,1908,,66
982091101535034,2023-05-14,NEDAP,2023-05-14T08:16:00Z,2023-05-14T08:30:21Z,861,398,2498,61500,1908,,66
982091101535034,2023-05-14,NEDAP,2023-05-14T15:34:00Z,2023-05-14T15:51:45Z,1065,474,2498,60500,1908,,66
982091101535034,2023-05-14,NEDAP,2023-05-14T22:35:00Z,2023-05-14T22:45:33Z,633,128,2498,60500,1908,,66
982091101535034,2023-05-14,NEDAP,2023-05-14T22:54:00Z,2023-05-14T23:02:33Z,513,173,2498,60500,1908,,66
982091101535034,2023-05-14,NEDAP,2023-05-14T23:10:00Z,2023-05-14T23:20:45Z,645,363,2498,60500,1908,,66
982091101535034,2023-05-15,NEDAP,2023-05-15T01:15:00Z,2023-05-15T01:26:21Z,681,377,1800,61500,1908,,66
982091101535034,2023-05-15,NEDAP,2023-05-15T01:54:00Z,2023-05-15T01:59:03Z,303,149,1800,61500,1908,,66
982091101535034,2023-05-15,NEDAP,2023-05-15T02:08:00Z,2023-05-15T02:10:26Z,146,33,1800,61500,1908,,66
982091101535034,2023-05-15,NEDAP,2023-05-15T03:28:00Z,2023-05-15T03:31:44Z,224,96,1800,61000,1908,,66
982091101535034,2023-05-15,NEDAP,2023-05-15T04:58:00Z,2023-05-15T04:58:54Z,54,8,1800,,1908,,66
982091101535034,2023-05-15,NEDAP,2023-05-15T05:29:00Z,2023-05-15T05:29:21Z,21,4,1800,,1908,,66
982091101535034,2023-05-15,NEDAP,2023-05-15T06:04:00Z,2023-05-15T06:18:21Z,861,421,1800,62000,1908,,66
982091101535034,2023-05-15,NEDAP,2023-05-15T14:57:00Z,2023-05-15T15:20:04Z,1384,712,1800,62000,1908,,66
982091101535034,2023-05-16,NEDAP,2023-05-16T00:38:00Z,2023-05-16T01:00:30Z,1350,591,2227,63500,1908,,66
982091101535034,2023-05-16,NEDAP,2023-05-16T04:29:00Z,2023-05-16T04:47:20Z,1100,545,2227,62000,1908,,66
982091101535034,2023-05-16,NEDAP,2023-05-16T05:24:00Z,2023-05-16T05:34:43Z,643,308,2227,63000,1908,,66
982091101535034,2023-05-16,NEDAP,2023-05-16T08:02:00Z,2023-05-16T08:09:56Z,476,261,2227,63500,1908,,66
982091101535034,2023-05-16,NEDAP,2023-05-16T08:39:00Z,2023-05-16T08:46:55Z,475,300,2227,63000,1908,,66
982091101535034,2023-05-16,NEDAP,2023-05-16T09:13:00Z,2023-05-16T09:18:18Z,318,216,2227,63500,1908,,66
982091101535034,2023-05-16,NEDAP,2023-05-16T10:23:00Z,2023-05-16T10:23:53Z,53,4,2227,,1908,,66
982091101535034,2023-05-16,NEDAP,2023-05-16T10:34:00Z,2023-05-16T10:34:44Z,44,2,2227,,1908,,66
982091101535034,2023-05-17,NEDAP,2023-05-17T00:59:00Z,2023-05-17T01:29:17Z,1817,,2653,61500,1908,,66
982091101535034,2023-05-17,NEDAP,2023-05-17T02:50:00Z,2023-05-17T02:54:05Z,245,122,2653,63500,1908,,66
982091101535034,2023-05-17,NEDAP,2023-05-17T03:45:00Z,2023-05-17T03:47:18Z,138,50,2653,63000,1908,,66
982091101535034,2023-05-17,NEDAP,2023-05-17T04:02:00Z,2023-05-17T04:09:20Z,440,180,2653,63000,1908,,66
982091101535034,2023-05-17,NEDAP,2023-05-17T06:56:00Z,2023-05-17T07:11:04Z,904,323,2653,65000,1908,,66
982091101535034,2023-05-17,NEDAP,2023-05-17T08:35:00Z,2023-05-17T08:46:08Z,668,318,2653,64500,1908,,66
982091101535034,2023-05-17,NEDAP,2023-05-17T09:02:00Z,2023-05-17T09:06:00Z,240,124,2653,64500,1908,,66
982091101535034,2023-05-17,NEDAP,2023-05-17T11:47:00Z,2023-05-17T11:55:59Z,539,309,2653,66000,1908,,66
982091101535034,2023-05-17,NEDAP,2023-05-17T12:35:00Z,2023-05-17T12:43:44Z,524,342,2653,66000,1908,,66
982091101535034,2023-05-18,NEDAP,2023-05-18T02:32:00Z,2023-05-18T02:59:13Z,1633,911,2945,63000,1908,,66
982091101535034,2023-05-18,NEDAP,2023-05-18T03:48:00Z,2023-05-18T03:53:33Z,333,154,2945,65500,1908,,66
982091101535034,2023-05-18,NEDAP,2023-05-18T06:47:00Z,2023-05-18T06:59:43Z,763,284,2945,65000,1908,,66
982091101535034,2023-05-18,NEDAP,2023-05-18T08:43:00Z,2023-05-18T08:43:20Z,20,5,2945,,1908,,66
982091101535034,2023-05-18,NEDAP,2023-05-18T08:49:00Z,2023-05-18T08:58:02Z,542,299,2945,65000,1908,,66
982091101535034,2023-05-18,NEDAP,2023-05-18T09:34:00Z,2023-05-18T09:45:00Z,660,416,2945,65500,1908,,66
982091101535034,2023-05-18,NEDAP,2023-05-18T10:14:00Z,2023-05-18T10:24:38Z,638,251,2945,66000,1908,,66
982091101535034,2023-05-18,NEDAP,2023-05-18T10:56:00Z,2023-05-18T10:57:12Z,72,10,2945,67000,1908,,66
982091101535034,2023-05-18,NEDAP,2023-05-18T11:22:00Z,2023-05-18T11:22:40Z,40,2,2945,,1908,,66
982091101535034,2023-05-18,NEDAP,2023-05-18T14:06:00Z,2023-05-18T14:17:52Z,712,357,2945,68000,1908,,66
982091101535034,2023-05-18,NEDAP,2023-05-18T14:44:00Z,2023-05-18T14:51:33Z,453,256,2945,68000,1908,,66
982091101535034,2023-05-19,NEDAP,2023-05-19T00:28:00Z,2023-05-19T00:33:51Z,351,135,2458,65500,1908,,66
982091101535034,2023-05-19,NEDAP,2023-05-19T01:44:00Z,2023-05-19T01:44:42Z,42,2,2458,,1908,,66
982091101535034,2023-05-19,NEDAP,2023-05-19T04:09:00Z,2023-05-19T04:20:37Z,697,215,2458,65500,1908,,66
982091101535034,2023-05-19,NEDAP,2023-05-19T05:46:00Z,2023-05-19T05:55:22Z,562,205,2458,65500,1908,,66
982091101535034,2023-05-19,NEDAP,2023-05-19T08:10:00Z,2023-05-19T08:36:15Z,1575,898,2458,65500,1908,,66
982091101535034,2023-05-19,NEDAP,2023-05-19T10:03:00Z,2023-05-19T10:15:49Z,769,424,2458,67500,1908,,66
982091101535034,2023-05-19,NEDAP,2023-05-19T12:43:00Z,2023-05-19T12:47:08Z,248,91,2458,68500,1908,,66
982091101535034,2023-05-19,NEDAP,2023-05-19T13:11:00Z,2023-05-19T13:19:12Z,492,282,2458,69000,1908,,66
982091101535034,2023-05-19,NEDAP,2023-05-19T14:28:00Z,2023-05-19T14:32:49Z,289,206,2458,69000,1908,,66
982091101535034,2023-05-20,NEDAP,2023-05-20T04:06:00Z,2023-05-20T04:15:22Z,562,181,2982,66000,1908,,66
982091101535034,2023-05-20,NEDAP,2023-05-20T04:17:00Z,2023-05-20T04:35:01Z,1081,521,2982,65500,1908,,66
982091101535034,2023-05-20,NEDAP,2023-05-20T06:22:00Z,2023-05-20T06:27:03Z,303,152,2982,65500,1908,,66
982091101535034,2023-05-20,NEDAP,2023-05-20T08:04:00Z,2023-05-20T08:22:21Z,1101,649,2982,67000,1908,,66
982091101535034,2023-05-20,NEDAP,2023-05-20T09:48:00Z,2023-05-20T09:57:06Z,546,331,2982,68500,1908,,66
982091101535034,2023-05-20,NEDAP,2023-05-20T11:42:00Z,2023-05-20T11:45:31Z,211,107,2982,68000,1908,,66
982091101535034,2023-05-20,NEDAP,2023-05-20T13:13:00Z,2023-05-20T13:16:14Z,194,133,2982,68500,1908,,66
982091101535034,2023-05-20,NEDAP,2023-05-20T14:05:00Z,2023-05-20T14:05:44Z,44,17,2982,,1908,,66
982091101535034,2023-05-20,NEDAP,2023-05-20T14:49:00Z,2023-05-20T15:01:56Z,776,526,2982,69000,1908,,66
982091101535034,2023-05-20,NEDAP,2023-05-20T15:19:00Z,2023-05-20T15:28:01Z,541,365,2982,69000,1908,,66
982091101535034,2023-05-21,NEDAP,2023-05-21T05:14:00Z,2023-05-21T05:38:32Z,1472,805,3053,66000,1908,,66
982091101535034,2023-05-21,NEDAP,2023-05-21T07:01:00Z,2023-05-21T07:03:31Z,151,61,3053,67500,1908,,66
982091101535034,2023-05-21,NEDAP,2023-05-21T07:05:00Z,2023-05-21T07:09:14Z,254,104,3053,68500,1908,,66
982091101535034,2023-05-21,NEDAP,2023-05-21T07:44:00Z,2023-05-21T07:47:12Z,192,125,3053,68000,1908,,66
982091101535034,2023-05-21,NEDAP,2023-05-21T08:21:00Z,2023-05-21T08:30:15Z,555,321,3053,68500,1908,,66
982091101535034,2023-05-21,NEDAP,2023-05-21T10:39:00Z,2023-05-21T10:44:13Z,313,210,3053,69000,1908,,66
982091101535034,2023-05-21,NEDAP,2023-05-21T11:44:00Z,2023-05-21T11:47:37Z,217,109,3053,69000,1908,,66
982091101535034,2023-05-21,NEDAP,2023-05-21T11:54:00Z,2023-05-21T12:02:19Z,499,303,3053,69000,1908,,66
982091101535034,2023-05-21,NEDAP,2023-05-21T12:52:00Z,2023-05-21T12:59:24Z,444,249,3053,70000,1908,,66
982091101535034,2023-05-21,NEDAP,2023-05-21T13:20:00Z,2023-05-21T13:26:28Z,388,258,3053,70000,1908,,66
982091101535034,2023-05-21,NEDAP,2023-05-21T15:59:00Z,2023-05-21T16:04:01Z,301,208,3053,70500,1908,,66
982091101535034,2023-05-21,NEDAP,2023-05-21T16:37:00Z,2023-05-21T16:40:33Z,213,138,3053,71000,1908,,66
982091101535034,2023-05-21,NEDAP,2023-05-21T17:55:00Z,2023-05-21T17:58:47Z,227,162,3053,71000,1908,,66
982091101535034,2023-05-22,NEDAP,2023-05-22T00:28:00Z,2023-05-22T00:35:30Z,450,157,2182,69000,1908,,66
982091101535034,2023-05-22,NEDAP,2023-05-22T11:51:00Z,2023-05-22T12:19:20Z,1700,1246,2182,,1908,,66
982091101535034,2023-05-22,NEDAP,2023-05-22T15:28:00Z,2023-05-22T15:40:02Z,722,268,2182,70000,1908,,66
982091101535034,2023-05-22,NEDAP,2023-05-22T15:49:00Z,2023-05-22T15:49:27Z,27,10,2182,,1908,,66
982091101535034,2023-05-22,NEDAP,2023-05-22T16:22:00Z,2023-05-22T16:39:42Z,1062,501,2182,71000,1908,,66
982091101535034,2023-05-23,NEDAP,2023-05-23T06:04:00Z,2023-05-23T06:22:08Z,1088,640,3780,69000,1908,,66
982091101535034,2023-05-23,NEDAP,2023-05-23T08:33:00Z,2023-05-23T08:56:47Z,1427,781,3780,70500,1908,,66
982091101535034,2023-05-23,NEDAP,2023-05-23T11:17:00Z,2023-05-23T11:21:26Z,266,152,3780,72000,1908,,66
982091101535034,2023-05-23,NEDAP,2023-05-23T13:39:00Z,2023-05-23T13:57:07Z,1087,697,3780,72000,1908,,66
982091101535034,2023-05-23,NEDAP,2023-05-23T16:31:00Z,2023-05-23T16:38:03Z,423,336,3780,72500,1908,,66
982091101535034,2023-05-23,NEDAP,2023-05-23T18:17:00Z,2023-05-23T18:30:05Z,785,532,3780,73000,1908,,66
982091101535034,2023-05-23,NEDAP,2023-05-23T22:19:00Z,2023-05-23T22:33:56Z,896,642,3780,73000,1908,,66
982091101535034,2023-05-24,NEDAP,2023-05-24T10:16:00Z,2023-05-24T10:44:43Z,1723,952,2703,72000,1908,,66
982091101535034,2023-05-24,NEDAP,2023-05-24T12:36:00Z,2023-05-24T12:45:10Z,550,293,2703,73000,1908,,66
982091101535034,2023-05-24,NEDAP,2023-05-24T14:57:00Z,2023-05-24T15:08:15Z,675,413,2703,74000,1908,,66
982091101535034,2023-05-24,NEDAP,2023-05-24T17:42:00Z,2023-05-24T17:53:18Z,678,573,2703,73000,1908,,66
982091101535034,2023-05-24,NEDAP,2023-05-24T18:43:00Z,2023-05-24T18:53:58Z,658,472,2703,74500,1908,,66
982091101535034,2023-05-25,NEDAP,2023-05-25T08:33:00Z,2023-05-25T08:41:07Z,487,186,3137,71500,1908,,66
982091101535034,2023-05-25,NEDAP,2023-05-25T08:43:00Z,2023-05-25T08:46:31Z,211,188,3137,71500,1908,,66
982091101535034,2023-05-25,NEDAP,2023-05-25T08:50:00Z,2023-05-25T08:50:33Z,33,13,3137,,1908,,66
982091101535034,2023-05-25,NEDAP,2023-05-25T10:32:00Z,2023-05-25T10:42:27Z,627,389,3137,72500,1908,,66
982091101535034,2023-05-25,NEDAP,2023-05-25T12:08:00Z,2023-05-25T12:22:27Z,867,545,3137,74000,1908,,66
982091101535034,2023-05-25,NEDAP,2023-05-25T12:51:00Z,2023-05-25T12:57:24Z,384,297,3137,73500,1908,,66
982091101535034,2023-05-25,NEDAP,2023-05-25T15:56:00Z,2023-05-25T15:56:23Z,23,21,3137,,1908,,66
982091101535034,2023-05-25,NEDAP,2023-05-25T16:30:00Z,2023-05-25T16:40:54Z,654,412,3137,74000,1908,,66
982091101535034,2023-05-25,NEDAP,2023-05-25T17:32:00Z,2023-05-25T17:36:23Z,263,167,3137,74500,1908,,66
982091101535034,2023-05-25,NEDAP,2023-05-25T19:05:00Z,2023-05-25T19:09:52Z,292,165,3137,75500,1908,,66
982091101535034,2023-05-25,NEDAP,2023-05-25T20:06:00Z,2023-05-25T20:14:35Z,515,375,3137,76000,1908,,66
982091101535034,2023-05-25,NEDAP,2023-05-25T20:48:00Z,2023-05-25T20:51:59Z,239,142,3137,75000,1908,,66
982091101535034,2023-05-25,NEDAP,2023-05-25T21:18:00Z,2023-05-25T21:24:36Z,396,237,3137,76000,1908,,66
982091101535034,2023-05-26,NEDAP,2023-05-26T08:03:00Z,2023-05-26T08:22:03Z,1143,552,3531,72500,1908,,66
982091101535034,2023-05-26,NEDAP,2023-05-26T11:14:00Z,2023-05-26T11:24:54Z,654,205,3531,73500,1908,,66
982091101535034,2023-05-26,NEDAP,2023-05-26T12:19:00Z,2023-05-26T12:31:56Z,776,416,3531,73000,1908,,66
982091101535034,2023-05-26,NEDAP,2023-05-26T12:35:00Z,2023-05-26T12:39:34Z,274,188,3531,74500,1908,,66
982091101535034,2023-05-26,NEDAP,2023-05-26T13:14:00Z,2023-05-26T13:15:22Z,82,22,3531,74500,1908,,66
982091101535034,2023-05-26,NEDAP,2023-05-26T14:53:00Z,2023-05-26T15:01:19Z,499,297,3531,74500,1908,,66
982091101535034,2023-05-26,NEDAP,2023-05-26T15:35:00Z,2023-05-26T15:43:44Z,524,326,3531,75500,1908,,66
982091101535034,2023-05-26,NEDAP,2023-05-26T18:01:00Z,2023-05-26T18:12:08Z,668,401,3531,75000,1908,,66
982091101535034,2023-05-26,NEDAP,2023-05-26T19:22:00Z,2023-05-26T19:36:45Z,885,589,3531,77000,1908,,66
982091101535034,2023-05-26,NEDAP,2023-05-26T21:56:00Z,2023-05-26T22:01:32Z,332,238,3531,77500,1908,,66
982091101535034,2023-05-26,NEDAP,2023-05-26T22:03:00Z,2023-05-26T22:06:47Z,227,123,3531,77500,1908,,66
982091101535034,2023-05-26,NEDAP,2023-05-26T22:37:00Z,2023-05-26T22:41:25Z,265,174,3531,77500,1908,,66
982091101535034,2023-05-27,NEDAP,2023-05-27T10:23:00Z,2023-05-27T10:40:08Z,1028,800,3122,76500,1908,,66
982091101535034,2023-05-27,NEDAP,2023-05-27T12:37:00Z,2023-05-27T12:46:44Z,584,392,3122,76500,1908,,66
982091101535034,2023-05-27,NEDAP,2023-05-27T13:09:00Z,2023-05-27T13:10:46Z,106,69,3122,76000,1908,,66
982091101535034,2023-05-27,NEDAP,2023-05-27T13:37:00Z,2023-05-27T13:41:12Z,252,176,3122,76500,1908,,66
982091101535034,2023-05-27,NEDAP,2023-05-27T16:26:00Z,2023-05-27T16:31:00Z,300,171,3122,76000,1908,,66
982091101535034,2023-05-27,NEDAP,2023-05-27T16:48:00Z,2023-05-27T16:49:21Z,81,29,3122,77500,1908,,66
982091101535034,2023-05-27,NEDAP,2023-05-27T18:38:00Z,2023-05-27T18:44:30Z,390,280,3122,77000,1908,,66
982091101535034,2023-05-27,NEDAP,2023-05-27T19:14:00Z,2023-05-27T19:16:35Z,155,121,3122,77000,1908,,66
982091101535034,2023-05-27,NEDAP,2023-05-27T19:37:00Z,2023-05-27T19:44:59Z,479,360,3122,78000,1908,,66
982091101535034,2023-05-27,NEDAP,2023-05-27T21:39:00Z,2023-05-27T21:45:38Z,398,294,3122,78500,1908,,66
982091101535034,2023-05-27,NEDAP,2023-05-27T23:07:00Z,2023-05-27T23:17:49Z,649,430,3122,81000,1908,,66
982091101535034,2023-05-28,NEDAP,2023-05-28T11:01:00Z,2023-05-28T11:20:32Z,1172,861,2803,76000,1908,,66
982091101535034,2023-05-28,NEDAP,2023-05-28T13:10:00Z,2023-05-28T13:23:18Z,798,482,2803,78000,1908,,66
982091101535034,2023-05-28,NEDAP,2023-05-28T15:37:00Z,2023-05-28T15:38:42Z,102,52,2803,78000,1908,,66
982091101535034,2023-05-28,NEDAP,2023-05-28T16:17:00Z,2023-05-28T16:19:09Z,129,52,2803,77500,1908,,66
982091101535034,2023-05-28,NEDAP,2023-05-28T16:34:00Z,2023-05-28T16:37:33Z,213,155,2803,79000,1908,,66
982091101535034,2023-05-28,NEDAP,2023-05-28T17:00:00Z,2023-05-28T17:05:36Z,336,284,2803,78500,1908,,66
982091101535034,2023-05-28,NEDAP,2023-05-28T19:03:00Z,2023-05-28T19:06:17Z,197,173,2803,80000,1908,,66
982091101535034,2023-05-28,NEDAP,2023-05-28T19:35:00Z,2023-05-28T19:45:21Z,621,447,2803,79500,1908,,66
982091101535034,2023-05-28,NEDAP,2023-05-28T22:40:00Z,2023-05-28T22:49:00Z,540,297,2803,80500,1908,,66
982091101535034,2023-05-29,NEDAP,2023-05-29T00:02:00Z,2023-05-29T00:09:44Z,464,352,3490,80000,1908,,66
982091101535034,2023-05-29,NEDAP,2023-05-29T03:02:00Z,2023-05-29T03:11:18Z,558,458,3490,80000,1908,,66
982091101535034,2023-05-29,NEDAP,2023-05-29T13:02:00Z,2023-05-29T13:12:27Z,627,412,3490,77000,1908,,66
982091101535034,2023-05-29,NEDAP,2023-05-29T13:54:00Z,2023-05-29T14:06:28Z,748,609,3490,79000,1908,,66
982091101535034,2023-05-29,NEDAP,2023-05-29T15:42:00Z,2023-05-29T15:51:15Z,555,403,3490,79500,1908,,66
982091101535034,2023-05-29,NEDAP,2023-05-29T18:31:00Z,2023-05-29T18:38:57Z,477,312,3490,81000,1908,,66
982091101535034,2023-05-29,NEDAP,2023-05-29T19:15:00Z,2023-05-29T19:16:54Z,114,98,3490,80500,1908,,66
982091101535034,2023-05-29,NEDAP,2023-05-29T19:36:00Z,2023-05-29T19:40:09Z,249,193,3490,81000,1908,,66
982091101535034,2023-05-29,NEDAP,2023-05-29T19:43:00Z,2023-05-29T19:45:09Z,129,121,3490,81000,1908,,66
982091101535034,2023-05-29,NEDAP,2023-05-29T20:51:00Z,2023-05-29T20:57:19Z,379,279,3490,82000,1908,,66
982091101535034,2023-05-29,NEDAP,2023-05-29T23:35:00Z,2023-05-29T23:40:51Z,351,211,3490,81500,1908,,66
982091101535034,2023-05-29,NEDAP,2023-05-29T23:52:00Z,2023-05-29T23:52:49Z,49,42,3490,,1908,,66
982091101535034,2023-05-30,NEDAP,2023-05-30T00:56:00Z,2023-05-30T01:01:56Z,356,280,2708,82500,1908,,66
982091101535034,2023-05-30,NEDAP,2023-05-30T08:11:00Z,2023-05-30T08:23:15Z,735,608,2708,79500,1908,,66
982091101535034,2023-05-30,NEDAP,2023-05-30T14:48:00Z,2023-05-30T14:59:03Z,663,414,2708,80000,1908,,66
982091101535034,2023-05-30,NEDAP,2023-05-30T16:03:00Z,2023-05-30T16:06:25Z,205,29,2708,78500,1908,,66
982091101535034,2023-05-30,NEDAP,2023-05-30T16:45:00Z,2023-05-30T16:46:00Z,60,10,2708,,1908,,66
982091101535034,2023-05-30,NEDAP,2023-05-30T17:06:00Z,2023-05-30T17:06:09Z,9,1,2708,,1908,,66
982091101535034,2023-05-30,NEDAP,2023-05-30T17:48:00Z,2023-05-30T17:48:49Z,49,38,2708,,1908,,66
982091101535034,2023-05-30,NEDAP,2023-05-30T17:52:00Z,2023-05-30T17:53:16Z,76,38,2708,79000,1908,,66
982091101535034,2023-05-30,NEDAP,2023-05-30T19:03:00Z,2023-05-30T19:16:50Z,830,518,2708,78500,1908,,66
982091101535034,2023-05-30,NEDAP,2023-05-30T21:23:00Z,2023-05-30T21:37:37Z,877,772,2708,81000,1908,,66
982091101535034,2023-05-31,NEDAP,2023-05-31T00:22:00Z,2023-05-31T00:31:35Z,575,324,2715,81500,1908,,66
982091101535034,2023-05-31,NEDAP,2023-05-31T01:13:00Z,2023-05-31T01:16:08Z,188,65,2715,81000,1908,,66
982091101535034,2023-05-31,NEDAP,2023-05-31T02:02:00Z,2023-05-31T02:04:15Z,135,54,2715,82000,1908,,66
982091101535034,2023-05-31,NEDAP,2023-05-31T13:08:00Z,2023-05-31T13:23:57Z,957,534,2715,80000,1908,,66
982091101535034,2023-05-31,NEDAP,2023-05-31T14:57:00Z,2023-05-31T15:07:54Z,654,480,2715,79500,1908,,66
982091101535034,2023-05-31,NEDAP,2023-05-31T15:35:00Z,2023-05-31T15:38:10Z,190,160,2715,80500,1908,,66
982091101535034,2023-05-31,NEDAP,2023-05-31T16:08:00Z,2023-05-31T16:10:26Z,146,90,2715,81500,1908,,66
982091101535034,2023-05-31,NEDAP,2023-05-31T18:36:00Z,2023-05-31T18:48:16Z,736,577,2715,81000,1908,,66
982091101535034,2023-05-31,NEDAP,2023-05-31T20:50:00Z,2023-05-31T20:57:34Z,454,307,2715,82500,1908,,66
982091101535034,2023-05-31,NEDAP,2023-05-31T23:52:00Z,2023-05-31T23:55:37Z,217,124,2715,82000,1908,,66
982091101535034,2023-06-01,NEDAP,2023-06-01T00:40:00Z,2023-06-01T00:52:06Z,726,552,2462,83000,1908,,66
982091101535034,2023-06-01,NEDAP,2023-06-01T01:41:00Z,2023-06-01T01:46:46Z,346,260,2462,83500,1908,,66
982091101535034,2023-06-01,NEDAP,2023-06-01T03:59:00Z,2023-06-01T04:00:58Z,118,55,2462,84000,1908,,66
982091101535034,2023-06-01,NEDAP,2023-06-01T12:17:00Z,2023-06-01T12:20:42Z,222,79,2462,79000,1908,,66
982091101535034,2023-06-01,NEDAP,2023-06-01T16:21:00Z,2023-06-01T16:30:00Z,540,421,2462,78000,1908,,66
982091101535034,2023-06-01,NEDAP,2023-06-01T16:31:00Z,2023-06-01T16:36:24Z,324,252,2462,78500,1908,,66
982091101535034,2023-06-01,NEDAP,2023-06-01T17:53:00Z,2023-06-01T17:56:11Z,191,109,2462,79500,1908,,66
982091101535034,2023-06-01,NEDAP,2023-06-01T18:53:00Z,2023-06-01T18:58:35Z,335,139,2462,80000,1908,,66
982091101535034,2023-06-01,NEDAP,2023-06-01T19:39:00Z,2023-06-01T19:42:33Z,213,138,2462,80500,1908,,66
982091101535034,2023-06-01,NEDAP,2023-06-01T23:24:00Z,2023-06-01T23:33:43Z,583,456,2462,81000,1908,,66
982091101535034,2023-06-02,NEDAP,2023-06-02T01:50:00Z,2023-06-02T01:52:15Z,135,76,2892,81500,1908,,66
982091101535034,2023-06-02,NEDAP,2023-06-02T02:28:00Z,2023-06-02T02:36:59Z,539,296,2892,81000,1908,,66
982091101535034,2023-06-02,NEDAP,2023-06-02T04:06:00Z,2023-06-02T04:16:36Z,636,495,2892,82000,1908,,66
982091101535034,2023-06-02,NEDAP,2023-06-02T08:52:00Z,2023-06-02T08:53:20Z,80,48,2892,83500,1908,,66
982091101535034,2023-06-02,NEDAP,2023-06-02T15:55:00Z,2023-06-02T16:09:01Z,841,440,2892,80000,1908,,66
982091101535034,2023-06-02,NEDAP,2023-06-02T17:10:00Z,2023-06-02T17:13:54Z,234,127,2892,81500,1908,,66
982091101535034,2023-06-02,NEDAP,2023-06-02T18:16:00Z,2023-06-02T18:28:45Z,765,579,2892,82000,1908,,66
982091101535034,2023-06-02,NEDAP,2023-06-02T18:55:00Z,2023-06-02T18:58:14Z,194,97,2892,82000,1908,,66
982091101535034,2023-06-02,NEDAP,2023-06-02T19:05:00Z,2023-06-02T19:06:33Z,93,41,2892,82500,1908,,66
982091101535034,2023-06-02,NEDAP,2023-06-02T20:56:00Z,2023-06-02T21:03:51Z,471,343,2892,83500,1908,,66
982091101535034,2023-06-02,NEDAP,2023-06-02T23:18:00Z,2023-06-02T23:24:41Z,401,265,2892,84000,1908,,66
982091101535034,2023-06-03,NEDAP,2023-06-03T02:08:00Z,2023-06-03T02:19:50Z,710,381,2385,84000,1908,,66
982091101535034,2023-06-03,NEDAP,2023-06-03T03:36:00Z,2023-06-03T03:39:15Z,195,92,2385,84500,1908,,66
982091101535034,2023-06-03,NEDAP,2023-06-03T04:18:00Z,2023-06-03T04:23:00Z,300,125,2385,84500,1908,,66
982091101535034,2023-06-03,NEDAP,2023-06-03T04:51:00Z,2023-06-03T04:54:18Z,198,141,2385,84000,1908,,66
982091101535034,2023-06-03,NEDAP,2023-06-03T08:25:00Z,2023-06-03T08:30:08Z,308,235,2385,86000,1908,,66
982091101535034,2023-06-03,NEDAP,2023-06-03T18:46:00Z,2023-06-03T19:04:12Z,1092,584,2385,83000,1908,,66
982091101535034,2023-06-03,NEDAP,2023-06-03T19:07:00Z,2023-06-03T19:13:24Z,384,311,2385,83000,1908,,66
982091101535034,2023-06-03,NEDAP,2023-06-03T19:41:00Z,2023-06-03T19:48:22Z,442,242,2385,84000,1908,,66
982091101535034,2023-06-03,NEDAP,2023-06-03T22:26:00Z,2023-06-03T22:28:28Z,148,69,2385,85500,1908,,66
982091101535034,2023-06-03,NEDAP,2023-06-03T22:35:00Z,2023-06-03T22:35:57Z,57,38,2385,,1908,,66
982091101535034,2023-06-03,NEDAP,2023-06-03T23:10:00Z,2023-06-03T23:15:06Z,306,167,2385,85000,1908,,66
982091101535034,2023-06-04,NEDAP,2023-06-04T02:11:00Z,2023-06-04T02:21:28Z,628,407,2753,85000,1908,,66
982091101535034,2023-06-04,NEDAP,2023-06-04T03:48:00Z,2023-06-04T03:56:50Z,530,401,2753,85500,1908,,66
982091101535034,2023-06-04,NEDAP,2023-06-04T05:09:00Z,2023-06-04T05:17:36Z,516,431,2753,85000,1908,,66
982091101535034,2023-06-04,NEDAP,2023-06-04T06:37:00Z,2023-06-04T06:39:35Z,155,87,2753,84500,1908,,66
982091101535034,2023-06-04,NEDAP,2023-06-04T15:55:00Z,2023-06-04T16:03:45Z,525,361,2753,84000,1908,,66
982091101535034,2023-06-04,NEDAP,2023-06-04T20:20:00Z,2023-06-04T20:24:18Z,258,87,2753,84000,1908,,66
982091101535034,2023-06-04,NEDAP,2023-06-04T20:26:00Z,2023-06-04T20:41:00Z,900,389,2753,84000,1908,,66
982091101535034,2023-06-04,NEDAP,2023-06-04T20:54:00Z,2023-06-04T21:01:05Z,425,271,2753,84500,1908,,66
982091101535034,2023-06-04,NEDAP,2023-06-04T21:33:00Z,2023-06-04T21:39:56Z,416,319,2753,84000,1908,,66
982091101535034,2023-06-05,NEDAP,2023-06-05T01:13:00Z,2023-06-05T01:13:56Z,56,7,2560,,1908,,66
982091101535034,2023-06-05,NEDAP,2023-06-05T01:24:00Z,2023-06-05T01:24:53Z,53,5,2560,,1908,,66
982091101535034,2023-06-05,NEDAP,2023-06-05T01:35:00Z,2023-06-05T01:41:43Z,403,166,2560,86000,1908,,66
982091101535034,2023-06-05,NEDAP,2023-06-05T02:01:00Z,2023-06-05T02:05:17Z,257,197,2560,85500,1908,,66
982091101535034,2023-06-05,NEDAP,2023-06-05T04:12:00Z,2023-06-05T04:13:13Z,73,7,2560,86000,1908,,66
982091101535034,2023-06-05,NEDAP,2023-06-05T04:56:00Z,2023-06-05T04:58:45Z,165,64,2560,84500,1908,,66
982091101535034,2023-06-05,NEDAP,2023-06-05T05:43:00Z,2023-06-05T05:44:11Z,71,20,2560,86500,1908,,66
982091101535034,2023-06-05,NEDAP,2023-06-05T05:54:00Z,2023-06-05T06:03:00Z,540,435,2560,87000,1908,,66
982091101535034,2023-06-05,NEDAP,2023-06-05T07:31:00Z,2023-06-05T07:32:05Z,65,36,2560,,1908,,66
982091101535034,2023-06-05,NEDAP,2023-06-05T08:37:00Z,2023-06-05T08:50:22Z,802,452,2560,88000,1908,,66
982091101535034,2023-06-05,NEDAP,2023-06-05T15:02:00Z,2023-06-05T15:02:29Z,29,15,2560,,1908,,66
982091101535034,2023-06-05,NEDAP,2023-06-05T22:04:00Z,2023-06-05T22:35:15Z,1875,,2560,84000,1908,,66
982091101535034,2023-06-06,NEDAP,2023-06-06T00:10:00Z,2023-06-06T00:18:45Z,525,322,2894,88000,1908,,66
982091101535034,2023-06-06,NEDAP,2023-06-06T02:03:00Z,2023-06-06T02:04:27Z,87,22,2894,86500,1908,,66
982091101535034,2023-06-06,NEDAP,2023-06-06T05:29:00Z,2023-06-06T05:32:07Z,187,85,2894,87500,1908,,66
982091101535034,2023-06-06,NEDAP,2023-06-06T06:04:00Z,2023-06-06T06:17:59Z,839,522,2894,87000,1908,,66
982091101535034,2023-06-06,NEDAP,2023-06-06T06:55:00Z,2023-06-06T07:07:02Z,722,540,2894,87500,1908,,66
982091101535034,2023-06-06,NEDAP,2023-06-06T11:29:00Z,2023-06-06T11:43:05Z,845,606,2894,88500,1908,,66
982091101535034,2023-06-06,NEDAP,2023-06-06T22:58:00Z,2023-06-06T23:17:16Z,1156,797,2894,86000,1908,,66
982091101535034,2023-06-07,NEDAP,2023-06-07T01:48:00Z,2023-06-07T01:55:05Z,425,291,2463,87500,1908,,66
982091101535034,2023-06-07,NEDAP,2023-06-07T01:57:00Z,2023-06-07T02:00:06Z,186,,2463,88000,1908,,66
982091101535034,2023-06-07,NEDAP,2023-06-07T03:29:00Z,2023-06-07T03:38:03Z,543,423,2463,88000,1908,,66
982091101535034,2023-06-07,NEDAP,2023-06-07T06:48:00Z,2023-06-07T06:53:58Z,358,242,2463,89500,1908,,66
982091101535034,2023-06-07,NEDAP,2023-06-07T07:13:00Z,2023-06-07T07:22:41Z,581,424,2463,88500,1908,,66
982091101535034,2023-06-07,NEDAP,2023-06-07T07:55:00Z,2023-06-07T08:06:29Z,689,566,2463,89500,1908,,66
982091101535034,2023-06-07,NEDAP,2023-06-07T08:40:00Z,2023-06-07T08:44:16Z,256,149,2463,90000,1908,,66
982091101535034,2023-06-07,NEDAP,2023-06-07T08:58:00Z,2023-06-07T09:04:44Z,404,331,2463,90000,1908,,66
982091101535034,2023-06-07,NEDAP,2023-06-07T10:16:00Z,2023-06-07T10:16:23Z,23,5,2463,,1908,,66
982091101535034,2023-06-07,NEDAP,2023-06-07T11:30:00Z,2023-06-07T11:31:04Z,64,28,2463,90500,1908,,66
982091101535034,2023-06-08,NEDAP,2023-06-08T00:05:00Z,2023-06-08T00:27:46Z,1366,972,3527,87500,1908,,66
982091101535034,2023-06-08,NEDAP,2023-06-08T02:45:00Z,2023-06-08T02:51:36Z,396,281,3527,89500,1908,,66
982091101535034,2023-06-08,NEDAP,2023-06-08T03:33:00Z,2023-06-08T03:38:01Z,301,172,3527,90000,1908,,66
982091101535034,2023-06-08,NEDAP,2023-06-08T08:32:00Z,2023-06-08T08:43:20Z,680,590,3527,90500,1908,,66
982091101535034,2023-06-08,NEDAP,2023-06-08T08:59:00Z,2023-06-08T09:09:49Z,649,682,3527,91000,1908,,66
982091101535034,2023-06-08,NEDAP,2023-06-08T09:48:00Z,2023-06-08T09:55:01Z,421,372,3527,92000,1908,,66
982091101535034,2023-06-08,NEDAP,2023-06-08T11:21:00Z,2023-06-08T11:23:56Z,176,68,3527,93500,1908,,66
982091101535034,2023-06-08,NEDAP,2023-06-08T16:45:00Z,2023-06-08T16:45:41Z,41,43,3527,,1908,,66
982091101535034,2023-06-08,NEDAP,2023-06-08T17:34:00Z,2023-06-08T17:40:04Z,364,347,3527,91000,1908,,66
982091101535034,2023-06-09,NEDAP,2023-06-09T02:53:00Z,2023-06-09T02:56:11Z,191,30,3775,89500,1908,,66
982091101535034,2023-06-09,NEDAP,2023-06-09T03:00:00Z,2023-06-09T03:01:21Z,81,17,3775,89250,1908,,66
982091101535034,2023-06-09,NEDAP,2023-06-09T03:06:00Z,2023-06-09T03:19:38Z,818,430,3775,89500,1908,,66
982091101535034,2023-06-09,NEDAP,2023-06-09T03:56:00Z,2023-06-09T04:09:25Z,805,451,3775,89500,1908,,66
982091101535034,2023-06-09,NEDAP,2023-06-09T05:39:00Z,2023-06-09T05:40:28Z,88,20,3775,91500,1908,,66
982091101535034,2023-06-09,NEDAP,2023-06-09T07:34:00Z,2023-06-09T07:40:50Z,410,129,3775,90000,1908,,66
982091101535034,2023-06-09,NEDAP,2023-06-09T07:44:00Z,2023-06-09T07:55:20Z,680,468,3775,90000,1908,,66
982091101535034,2023-06-09,NEDAP,2023-06-09T10:19:00Z,2023-06-09T10:27:27Z,507,318,3775,92500,1908,,66
982091101535034,2023-06-09,NEDAP,2023-06-09T11:41:00Z,2023-06-09T11:43:38Z,158,91,3775,91000,1908,,66
982091101535034,2023-06-09,NEDAP,2023-06-09T11:53:00Z,2023-06-09T12:06:44Z,824,794,3775,92500,1908,,66
982091101535034,2023-06-09,NEDAP,2023-06-09T14:13:00Z,2023-06-09T14:20:05Z,425,313,3775,92000,1908,,66
982091101535034,2023-06-09,NEDAP,2023-06-09T21:16:00Z,2023-06-09T21:27:36Z,696,714,3775,91500,1908,,66
982091101535034,2023-06-10,NEDAP,2023-06-10T04:03:00Z,2023-06-10T04:20:01Z,1021,882,3424,92000,1908,,66
982091101535034,2023-06-10,NEDAP,2023-06-10T09:03:00Z,2023-06-10T09:04:47Z,107,56,3424,92500,1908,,66
982091101535034,2023-06-10,NEDAP,2023-06-10T11:03:00Z,2023-06-10T11:06:30Z,210,152,3424,91000,1908,,66
982091101535034,2023-06-10,NEDAP,2023-06-10T11:32:00Z,2023-06-10T11:56:21Z,1461,1695,3424,93000,1908,,66
982091101535034,2023-06-10,NEDAP,2023-06-10T13:40:00Z,2023-06-10T13:50:19Z,619,639,3424,95000,1908,,66
982091101535034,2023-06-11,NEDAP,2023-06-11T05:27:00Z,2023-06-11T05:38:39Z,699,448,3474,94000,1908,,66
982091101535034,2023-06-11,NEDAP,2023-06-11T07:13:00Z,2023-06-11T07:31:46Z,1126,863,3474,93500,1908,,66
982091101535034,2023-06-11,NEDAP,2023-06-11T12:31:00Z,2023-06-11T12:51:09Z,1209,1141,3474,94000,1908,,66
982091101535034,2023-06-11,NEDAP,2023-06-11T16:11:00Z,2023-06-11T16:20:18Z,558,564,3474,95500,1908,,66
982091101535034,2023-06-11,NEDAP,2023-06-11T17:51:00Z,2023-06-11T17:57:02Z,362,329,3474,96000,1908,,66
982091101535034,2023-06-11,NEDAP,2023-06-11T19:42:00Z,2023-06-11T19:43:57Z,117,129,3474,95500,1908,,66
982091101535034,2023-06-12,NEDAP,2023-06-12T04:59:00Z,2023-06-12T05:00:46Z,106,50,3608,93000,1908,,66
982091101535034,2023-06-12,NEDAP,2023-06-12T05:03:00Z,2023-06-12T05:04:45Z,105,83,3608,92500,1908,,66
982091101535034,2023-06-12,NEDAP,2023-06-12T05:56:00Z,2023-06-12T05:58:14Z,134,68,3608,93000,1908,,66
982091101535034,2023-06-12,NEDAP,2023-06-12T07:27:00Z,2023-06-12T07:36:50Z,590,512,3608,92000,1908,,66
982091101535034,2023-06-12,NEDAP,2023-06-12T08:44:00Z,2023-06-12T08:51:30Z,450,427,3608,93500,1908,,66
982091101535034,2023-06-12,NEDAP,2023-06-12T11:36:00Z,2023-06-12T11:38:13Z,133,103,3608,94000,1908,,66
982091101535034,2023-06-12,NEDAP,2023-06-12T11:41:00Z,2023-06-12T11:44:03Z,183,110,3608,94000,1908,,66
982091101535034,2023-06-12,NEDAP,2023-06-12T13:35:00Z,2023-06-12T13:38:38Z,218,255,3608,95000,1908,,66
982091101535034,2023-06-12,NEDAP,2023-06-12T13:40:00Z,2023-06-12T13:48:36Z,516,527,3608,95500,1908,,66
982091101535034,2023-06-12,NEDAP,2023-06-12T15:30:00Z,2023-06-12T15:35:57Z,357,314,3608,95500,1908,,66
982091101535034,2023-06-12,NEDAP,2023-06-12T17:12:00Z,2023-06-12T17:17:49Z,349,320,3608,96500,1908,,66
982091101535034,2023-06-12,NEDAP,2023-06-12T18:55:00Z,2023-06-12T19:08:33Z,813,797,3608,95500,1908,,66
982091101535034,2023-06-12,NEDAP,2023-06-12T20:13:00Z,2023-06-12T20:13:47Z,47,42,3608,,1908,,66
982091101535034,2023-06-13,NEDAP,2023-06-13T08:37:00Z,2023-06-13T08:55:54Z,1134,1025,2803,93500,1908,,66
982091101535034,2023-06-13,NEDAP,2023-06-13T12:34:00Z,2023-06-13T12:38:28Z,268,59,2803,95500,1908,,66
982091101535034,2023-06-13,NEDAP,2023-06-13T13:02:00Z,2023-06-13T13:06:03Z,243,42,2803,94500,1908,,66
982091101535034,2023-06-13,NEDAP,2023-06-13T16:25:00Z,2023-06-13T16:43:04Z,1084,1042,2803,94500,1908,,66
982091101535034,2023-06-13,NEDAP,2023-06-13T18:02:00Z,2023-06-13T18:12:52Z,652,635,2803,96500,1908,,66
982091101535034,2023-06-14,NEDAP,2023-06-14T06:50:00Z,2023-06-14T06:55:00Z,300,101,3280,94500,1908,,66
982091101535034,2023-06-14,NEDAP,2023-06-14T10:55:00Z,2023-06-14T11:14:48Z,1188,741,3280,93500,1908,,66
982091101535034,2023-06-14,NEDAP,2023-06-14T14:38:00Z,2023-06-14T14:52:23Z,863,714,3280,95500,1908,,66
982091101535034,2023-06-14,NEDAP,2023-06-14T15:09:00Z,2023-06-14T15:14:07Z,307,258,3280,95500,1908,,66
982091101535034,2023-06-14,NEDAP,2023-06-14T15:16:00Z,2023-06-14T15:17:39Z,99,83,3280,95000,1908,,66
982091101535034,2023-06-14,NEDAP,2023-06-14T17:21:00Z,2023-06-14T17:22:30Z,90,41,3280,95000,1908,,66
982091101535034,2023-06-14,NEDAP,2023-06-14T18:18:00Z,2023-06-14T18:31:17Z,797,679,3280,96000,1908,,66
982091101535034,2023-06-14,NEDAP,2023-06-14T20:22:00Z,2023-06-14T20:33:40Z,700,663,3280,96500,1908,,66
982091101535034,2023-06-15,NEDAP,2023-06-15T16:59:00Z,2023-06-15T17:12:13Z,793,785,1628,96500,1908,,66
982091101535034,2023-06-15,NEDAP,2023-06-15T20:24:00Z,2023-06-15T20:35:10Z,670,843,1628,98500,1908,,66
982091101535034,2023-06-16,NEDAP,2023-06-16T12:16:00Z,2023-06-16T12:40:39Z,1479,1374,3594,96000,1908,,66
982091101535034,2023-06-16,NEDAP,2023-06-16T14:28:00Z,2023-06-16T14:37:57Z,597,481,3594,97500,1908,,66
982091101535034,2023-06-16,NEDAP,2023-06-16T17:43:00Z,2023-06-16T17:45:35Z,155,68,3594,98500,1908,,66
982091101535034,2023-06-16,NEDAP,2023-06-16T19:21:00Z,2023-06-16T19:25:56Z,296,308,3594,98500,1908,,66
982091101535034,2023-06-16,NEDAP,2023-06-16T21:51:00Z,2023-06-16T22:10:54Z,1194,1363,3594,1e+05,1908,,66
982091101535034,2023-06-17,NEDAP,2023-06-17T18:26:00Z,2023-06-17T18:56:42Z,1842,,3075,100500,1908,,66
982091101535034,2023-06-17,NEDAP,2023-06-17T21:08:00Z,2023-06-17T21:25:08Z,1028,963,3075,102500,1908,,66
982091101535034,2023-06-18,NEDAP,2023-06-18T13:17:00Z,2023-06-18T13:34:23Z,1043,945,2865,1e+05,1908,,66
982091101535034,2023-06-18,NEDAP,2023-06-18T18:45:00Z,2023-06-18T18:59:58Z,898,926,2865,1e+05,1908,,66
982091101535034,2023-06-18,NEDAP,2023-06-18T20:27:00Z,2023-06-18T20:37:39Z,639,593,2865,101500,1908,,66
982091101535034,2023-06-18,NEDAP,2023-06-18T21:55:00Z,2023-06-18T21:56:56Z,116,31,2865,,1908,,66
982091101535034,2023-06-18,NEDAP,2023-06-18T23:01:00Z,2023-06-18T23:06:40Z,340,282,2865,102000,1908,,66
982091101535034,2023-06-18,NEDAP,2023-06-18T23:19:00Z,2023-06-18T23:22:18Z,198,88,2865,103000,1908,,66
982091101535034,2023-06-19,NEDAP,2023-06-19T00:15:00Z,2023-06-19T00:19:23Z,263,228,3155,102500,1908,,66
982091101535034,2023-06-19,NEDAP,2023-06-19T04:28:00Z,2023-06-19T04:45:38Z,1058,1126,3155,101000,1908,,66
982091101535034,2023-06-19,NEDAP,2023-06-19T14:25:00Z,2023-06-19T14:36:48Z,708,618,3155,100500,1908,,66
982091101535034,2023-06-19,NEDAP,2023-06-19T18:24:00Z,2023-06-19T18:38:25Z,865,647,3155,101000,1908,,66
982091101535034,2023-06-19,NEDAP,2023-06-19T20:56:00Z,2023-06-19T21:07:18Z,678,536,3155,103000,1908,,66
982091101535034,2023-06-20,NEDAP,2023-06-20T00:50:00Z,2023-06-20T00:50:42Z,42,3,3544,,1908,,66
982091101535034,2023-06-20,NEDAP,2023-06-20T01:12:00Z,2023-06-20T01:22:56Z,656,823,3544,102000,1908,,66
982091101535034,2023-06-20,NEDAP,2023-06-20T02:59:00Z,2023-06-20T03:10:38Z,698,841,3544,102500,1908,,66
982091101535034,2023-06-20,NEDAP,2023-06-20T12:04:00Z,2023-06-20T12:11:19Z,439,458,3544,101000,1908,,66
982091101535034,2023-06-20,NEDAP,2023-06-20T17:55:00Z,2023-06-20T18:14:51Z,1191,1419,3544,101500,1908,,66
982091101535034,2023-06-21,NEDAP,2023-06-21T00:05:00Z,2023-06-21T00:06:16Z,76,6,4150,104500,1908,,66
982091101535034,2023-06-21,NEDAP,2023-06-21T01:22:00Z,2023-06-21T01:35:53Z,833,962,4150,101500,1908,,66
982091101535034,2023-06-21,NEDAP,2023-06-21T06:45:00Z,2023-06-21T06:58:38Z,818,1084,4150,102000,1908,,66
982091101535034,2023-06-21,NEDAP,2023-06-21T14:27:00Z,2023-06-21T14:36:57Z,597,576,4150,102500,1908,,66
982091101535034,2023-06-21,NEDAP,2023-06-21T17:58:00Z,2023-06-21T18:07:36Z,576,362,4150,101500,1908,,66
982091101535034,2023-06-21,NEDAP,2023-06-21T22:54:00Z,2023-06-21T23:15:10Z,1270,1160,4150,102500,1908,,66
982091101535034,2023-06-22,NEDAP,2023-06-22T03:53:00Z,2023-06-22T04:03:25Z,625,456,2243,105500,1908,,66
982091101535034,2023-06-22,NEDAP,2023-06-22T04:06:00Z,2023-06-22T04:06:48Z,48,18,2243,,1908,,66
982091101535034,2023-06-22,NEDAP,2023-06-22T04:09:00Z,2023-06-22T04:09:53Z,53,7,2243,,1908,,66
982091101535034,2023-06-22,NEDAP,2023-06-22T14:31:00Z,2023-06-22T14:34:07Z,187,52,2243,102000,1908,,66
982091101535034,2023-06-22,NEDAP,2023-06-22T14:37:00Z,2023-06-22T14:38:01Z,61,6,2243,99000,1908,,66
982091101535034,2023-06-22,NEDAP,2023-06-22T14:44:00Z,2023-06-22T14:45:40Z,100,112,2243,97500,1908,,66
982091101535034,2023-06-22,NEDAP,2023-06-22T17:02:00Z,2023-06-22T17:22:33Z,1233,1217,2243,102500,1908,,66
982091101535034,2023-06-22,NEDAP,2023-06-22T23:14:00Z,2023-06-22T23:22:45Z,525,375,2243,103500,1908,,66
982091101535034,2023-06-23,NEDAP,2023-06-23T01:01:00Z,2023-06-23T01:04:19Z,199,143,4369,102500,1908,,66
982091101535034,2023-06-23,NEDAP,2023-06-23T01:06:00Z,2023-06-23T01:13:19Z,439,545,4369,104000,1908,,66
982091101535034,2023-06-23,NEDAP,2023-06-23T01:27:00Z,2023-06-23T01:37:53Z,653,561,4369,104000,1908,,66
982091101535034,2023-06-23,NEDAP,2023-06-23T03:46:00Z,2023-06-23T03:49:42Z,222,135,4369,104000,1908,,66
982091101535034,2023-06-23,NEDAP,2023-06-23T04:21:00Z,2023-06-23T04:27:31Z,391,175,4369,103500,1908,,66
982091101535034,2023-06-23,NEDAP,2023-06-23T05:20:00Z,2023-06-23T05:25:54Z,354,330,4369,105500,1908,,66
982091101535034,2023-06-23,NEDAP,2023-06-23T15:26:00Z,2023-06-23T15:45:15Z,1155,1196,4369,104000,1908,,66
982091101535034,2023-06-23,NEDAP,2023-06-23T23:46:00Z,2023-06-24T00:07:09Z,1269,1284,4369,104500,1908,,66
982091101535034,2023-06-24,NEDAP,2023-06-24T02:39:00Z,2023-06-24T02:42:52Z,232,108,2939,104500,1908,,66
982091101535034,2023-06-24,NEDAP,2023-06-24T02:49:00Z,2023-06-24T02:49:20Z,20,4,2939,,1908,,66
982091101535034,2023-06-24,NEDAP,2023-06-24T04:25:00Z,2023-06-24T04:26:46Z,106,112,2939,103500,1908,,66
982091101535034,2023-06-24,NEDAP,2023-06-24T04:39:00Z,2023-06-24T04:43:58Z,298,71,2939,104500,1908,,66
982091101535034,2023-06-24,NEDAP,2023-06-24T04:48:00Z,2023-06-24T04:56:29Z,509,498,2939,107500,1908,,66
982091101535034,2023-06-24,NEDAP,2023-06-24T05:00:00Z,2023-06-24T05:00:58Z,58,29,2939,,1908,,66
982091101535034,2023-06-24,NEDAP,2023-06-24T07:22:00Z,2023-06-24T07:34:14Z,734,890,2939,105500,1908,,66
982091101535034,2023-06-24,NEDAP,2023-06-24T16:23:00Z,2023-06-24T16:39:37Z,997,1226,2939,105000,1908,,66
982091101535034,2023-06-25,NEDAP,2023-06-25T03:25:00Z,2023-06-25T03:25:27Z,27,1,3523,,1908,,66
982091101535034,2023-06-25,NEDAP,2023-06-25T06:35:00Z,2023-06-25T06:35:08Z,8,1,3523,,1908,,66
982091101535034,2023-06-25,NEDAP,2023-06-25T12:03:00Z,2023-06-25T12:24:37Z,1297,1734,3523,104500,1908,,66
982091101535034,2023-06-25,NEDAP,2023-06-25T20:05:00Z,2023-06-25T20:19:41Z,881,1084,3523,106000,1908,,66
982091101535034,2023-06-25,NEDAP,2023-06-25T22:40:00Z,2023-06-25T22:51:17Z,677,703,3523,107000,1908,,66
982091101535034,2023-06-26,NEDAP,2023-06-26T04:17:00Z,2023-06-26T04:28:49Z,709,711,3536,108000,1908,,66
982091101535034,2023-06-26,NEDAP,2023-06-26T05:40:00Z,2023-06-26T05:42:02Z,122,102,3536,105000,1908,,66
982091101535034,2023-06-26,NEDAP,2023-06-26T07:54:00Z,2023-06-26T08:10:24Z,984,1217,3536,107000,1908,,66
982091101535034,2023-06-26,NEDAP,2023-06-26T19:30:00Z,2023-06-26T19:50:02Z,1202,1506,3536,106000,1908,,66
982091101535034,2023-06-27,NEDAP,2023-06-27T00:39:00Z,2023-06-27T00:46:59Z,479,577,4452,108500,1908,,66
982091101535034,2023-06-27,NEDAP,2023-06-27T01:47:00Z,2023-06-27T01:57:20Z,620,677,4452,110000,1908,,66
982091101535034,2023-06-27,NEDAP,2023-06-27T05:27:00Z,2023-06-27T05:40:18Z,798,853,4452,109500,1908,,66
982091101535034,2023-06-27,NEDAP,2023-06-27T06:28:00Z,2023-06-27T06:35:31Z,451,511,4452,109000,1908,,66
982091101535034,2023-06-27,NEDAP,2023-06-27T10:40:00Z,2023-06-27T10:46:39Z,399,484,4452,109750,1908,,66
982091101535034,2023-06-27,NEDAP,2023-06-27T19:49:00Z,2023-06-27T20:06:12Z,1032,1350,4452,107000,1908,,66
982091101535034,2023-06-28,NEDAP,2023-06-28T01:18:00Z,2023-06-28T01:33:52Z,952,1031,3443,109000,1908,,66
982091101535034,2023-06-28,NEDAP,2023-06-28T06:49:00Z,2023-06-28T06:58:40Z,580,650,3443,109000,1908,,66
982091101535034,2023-06-28,NEDAP,2023-06-28T07:52:00Z,2023-06-28T08:01:00Z,540,669,3443,109500,1908,,66
982091101535034,2023-06-28,NEDAP,2023-06-28T08:48:00Z,2023-06-28T08:54:27Z,387,450,3443,110000,1908,,66
982091101535034,2023-06-28,NEDAP,2023-06-28T22:46:00Z,2023-06-28T22:51:48Z,348,108,3443,106000,1908,,66
982091101535034,2023-06-28,NEDAP,2023-06-28T23:00:00Z,2023-06-28T23:11:01Z,661,534,3443,108000,1908,,66
982091101535034,2023-06-29,NEDAP,2023-06-29T00:10:00Z,2023-06-29T00:18:23Z,503,580,3243,107000,1908,,66
982091101535034,2023-06-29,NEDAP,2023-06-29T04:22:00Z,2023-06-29T04:26:39Z,279,337,3243,108000,1908,,66
982091101535034,2023-06-29,NEDAP,2023-06-29T05:01:00Z,2023-06-29T05:04:52Z,232,277,3243,108000,1908,,66
982091101535034,2023-06-29,NEDAP,2023-06-29T06:10:00Z,2023-06-29T06:28:15Z,1095,1065,3243,110000,1908,,66
982091101535034,2023-06-29,NEDAP,2023-06-29T10:03:00Z,2023-06-29T10:05:54Z,174,202,3243,110000,1908,,66
982091101535034,2023-06-29,NEDAP,2023-06-29T10:42:00Z,2023-06-29T10:49:47Z,467,336,3243,110750,1908,,66
982091101535034,2023-06-29,NEDAP,2023-06-29T11:15:00Z,2023-06-29T11:17:13Z,133,94,3243,108500,1908,,66
982091101535034,2023-06-29,NEDAP,2023-06-29T11:26:00Z,2023-06-29T11:30:32Z,272,295,3243,112500,1908,,66
982091101535034,2023-06-29,NEDAP,2023-06-29T13:02:00Z,2023-06-29T13:03:24Z,84,57,3243,108250,1908,,66
982091101535034,2023-06-30,NEDAP,2023-06-30T01:05:00Z,2023-06-30T01:26:46Z,1306,1325,4061,110000,1908,,66
982091101535034,2023-06-30,NEDAP,2023-06-30T01:29:00Z,2023-06-30T01:35:48Z,408,457,4061,112000,1908,,66
982091101535034,2023-06-30,NEDAP,2023-06-30T02:57:00Z,2023-06-30T03:04:33Z,453,442,4061,115000,1908,,66
982091101535034,2023-06-30,NEDAP,2023-06-30T09:32:00Z,2023-06-30T09:50:12Z,1092,1424,4061,114500,1908,,66
982091101535034,2023-06-30,NEDAP,2023-06-30T11:11:00Z,2023-06-30T11:16:44Z,344,369,4061,115000,1908,,66
982091101535034,2023-06-30,NEDAP,2023-06-30T11:43:00Z,2023-06-30T11:44:41Z,101,44,4061,116000,1908,,66
982091101535034,2023-07-01,NEDAP,2023-07-01T01:15:00Z,2023-07-01T01:33:27Z,1107,1535,4389,117500,1908,,66
982091101535034,2023-07-01,NEDAP,2023-07-01T05:33:00Z,2023-07-01T05:36:26Z,206,61,4389,117000,1908,,66
982091101535034,2023-07-01,NEDAP,2023-07-01T07:10:00Z,2023-07-01T07:22:45Z,765,762,4389,118000,1908,,66
982091101535034,2023-07-01,NEDAP,2023-07-01T13:03:00Z,2023-07-01T13:24:10Z,1270,2031,4389,116500,1908,,66
